  shard 2/3 (round-robin): 1275 of 3826 cubes, per-cube cap 2400.0s, re-split depth 9
    cube 2 (depth 0, 23 lits): UNSAT in 0.02s
    cube 5 (depth 0, 22 lits): UNSAT in 0.01s
    cube 8 (depth 0, 24 lits): UNSAT in 0.01s
    cube 11 (depth 0, 22 lits): UNSAT in 0.01s
    cube 14 (depth 0, 24 lits): UNSAT in 0.01s
    cube 17 (depth 0, 24 lits): UNSAT in 0.02s
    cube 20 (depth 0, 24 lits): UNSAT in 0.02s
    cube 23 (depth 0, 24 lits): UNSAT in 0.02s
    cube 26 (depth 0, 24 lits): UNSAT in 0.02s
    cube 29 (depth 0, 23 lits): UNSAT in 0.01s
    cube 32 (depth 0, 24 lits): UNSAT in 0.01s
    cube 35 (depth 0, 24 lits): UNSAT in 0.01s
    cube 38 (depth 0, 23 lits): UNSAT in 0.01s
    cube 41 (depth 0, 24 lits): UNSAT in 0.02s
    cube 44 (depth 0, 24 lits): UNSAT in 0.02s
    cube 47 (depth 0, 24 lits): UNSAT in 0.01s
    cube 50 (depth 0, 22 lits): UNSAT in 0.02s
    cube 53 (depth 0, 24 lits): UNSAT in 0.02s
    cube 56 (depth 0, 24 lits): UNSAT in 0.02s
    cube 59 (depth 0, 24 lits): UNSAT in 0.02s
    cube 62 (depth 0, 24 lits): UNSAT in 0.02s
    cube 65 (depth 0, 24 lits): UNSAT in 0.01s
    cube 68 (depth 0, 24 lits): UNSAT in 0.02s
    cube 71 (depth 0, 24 lits): UNSAT in 0.06s
    cube 74 (depth 0, 23 lits): UNSAT in 0.01s
    cube 77 (depth 0, 24 lits): UNSAT in 0.02s
    cube 80 (depth 0, 24 lits): UNSAT in 0.03s
    cube 83 (depth 0, 22 lits): UNSAT in 0.02s
    cube 86 (depth 0, 24 lits): UNSAT in 0.02s
    cube 89 (depth 0, 24 lits): UNSAT in 0.02s
    cube 92 (depth 0, 24 lits): UNSAT in 0.01s
    cube 95 (depth 0, 24 lits): UNSAT in 0.02s
    cube 98 (depth 0, 22 lits): UNSAT in 0.01s
    cube 101 (depth 0, 24 lits): UNSAT in 0.02s
    cube 104 (depth 0, 24 lits): UNSAT in 0.01s
    cube 107 (depth 0, 24 lits): UNSAT in 0.02s
    cube 110 (depth 0, 24 lits): UNSAT in 0.02s
    cube 113 (depth 0, 24 lits): UNSAT in 0.02s
    cube 116 (depth 0, 23 lits): UNSAT in 0.02s
    cube 119 (depth 0, 24 lits): UNSAT in 0.02s
    cube 122 (depth 0, 24 lits): UNSAT in 0.02s
    cube 125 (depth 0, 23 lits): UNSAT in 0.01s
    cube 128 (depth 0, 24 lits): UNSAT in 0.02s
    cube 131 (depth 0, 24 lits): UNSAT in 0.02s
    cube 134 (depth 0, 24 lits): UNSAT in 0.01s
    cube 137 (depth 0, 24 lits): UNSAT in 0.02s
    cube 140 (depth 0, 24 lits): UNSAT in 0.02s
    cube 143 (depth 0, 24 lits): UNSAT in 0.01s
    cube 146 (depth 0, 24 lits): UNSAT in 0.02s
    cube 149 (depth 0, 24 lits): UNSAT in 0.01s
    cube 152 (depth 0, 24 lits): UNSAT in 0.02s
    cube 155 (depth 0, 24 lits): UNSAT in 0.03s
    cube 158 (depth 0, 24 lits): UNSAT in 0.02s
    cube 161 (depth 0, 24 lits): UNSAT in 0.03s
    cube 164 (depth 0, 24 lits): UNSAT in 0.27s
    cube 167 (depth 0, 24 lits): UNSAT in 0.02s
    cube 170 (depth 0, 24 lits): UNSAT in 0.02s
    cube 173 (depth 0, 22 lits): UNSAT in 0.01s
    cube 176 (depth 0, 23 lits): UNSAT in 0.02s
    cube 179 (depth 0, 22 lits): UNSAT in 0.02s
    cube 182 (depth 0, 24 lits): UNSAT in 0.02s
    cube 185 (depth 0, 24 lits): UNSAT in 0.02s
    cube 188 (depth 0, 24 lits): UNSAT in 0.02s
    cube 191 (depth 0, 23 lits): UNSAT in 0.01s
    cube 194 (depth 0, 24 lits): UNSAT in 0.02s
    cube 197 (depth 0, 24 lits): UNSAT in 0.02s
    cube 200 (depth 0, 24 lits): UNSAT in 0.03s
    cube 203 (depth 0, 24 lits): UNSAT in 0.01s
    cube 206 (depth 0, 24 lits): UNSAT in 0.03s
    cube 209 (depth 0, 24 lits): UNSAT in 0.01s
    cube 212 (depth 0, 24 lits): UNSAT in 0.04s
    cube 215 (depth 0, 24 lits): UNSAT in 0.09s
    cube 218 (depth 0, 24 lits): UNSAT in 0.07s
    cube 221 (depth 0, 24 lits): UNSAT in 0.03s
    cube 224 (depth 0, 24 lits): UNSAT in 0.02s
    cube 227 (depth 0, 24 lits): UNSAT in 0.03s
    cube 230 (depth 0, 24 lits): UNSAT in 0.02s
    cube 233 (depth 0, 24 lits): UNSAT in 0.04s
    cube 236 (depth 0, 23 lits): UNSAT in 0.02s
    cube 239 (depth 0, 24 lits): UNSAT in 0.01s
    cube 242 (depth 0, 24 lits): UNSAT in 0.02s
    cube 245 (depth 0, 24 lits): UNSAT in 0.04s
    cube 248 (depth 0, 24 lits): UNSAT in 0.07s
    cube 251 (depth 0, 24 lits): UNSAT in 0.03s
    cube 254 (depth 0, 24 lits): UNSAT in 0.02s
    cube 257 (depth 0, 24 lits): UNSAT in 0.02s
    cube 260 (depth 0, 24 lits): UNSAT in 0.06s
    cube 263 (depth 0, 24 lits): UNSAT in 0.08s
    cube 266 (depth 0, 24 lits): UNSAT in 0.05s
    cube 269 (depth 0, 23 lits): UNSAT in 0.01s
    cube 272 (depth 0, 24 lits): UNSAT in 0.04s
    cube 275 (depth 0, 24 lits): UNSAT in 0.16s
    cube 278 (depth 0, 24 lits): UNSAT in 0.14s
    cube 281 (depth 0, 24 lits): UNSAT in 0.01s
    cube 284 (depth 0, 24 lits): UNSAT in 0.01s
    cube 287 (depth 0, 24 lits): UNSAT in 0.02s
    cube 290 (depth 0, 24 lits): UNSAT in 0.01s
    cube 293 (depth 0, 24 lits): UNSAT in 0.03s
    cube 296 (depth 0, 24 lits): UNSAT in 0.01s
    cube 299 (depth 0, 24 lits): UNSAT in 0.02s
    cube 302 (depth 0, 24 lits): UNSAT in 0.02s
    cube 305 (depth 0, 24 lits): UNSAT in 0.03s
    cube 308 (depth 0, 24 lits): UNSAT in 0.02s
    cube 311 (depth 0, 24 lits): UNSAT in 0.02s
    cube 314 (depth 0, 24 lits): UNSAT in 0.02s
    cube 317 (depth 0, 24 lits): UNSAT in 0.01s
    cube 320 (depth 0, 24 lits): UNSAT in 0.02s
    cube 323 (depth 0, 24 lits): UNSAT in 0.02s
    cube 326 (depth 0, 24 lits): UNSAT in 0.04s
    cube 329 (depth 0, 24 lits): UNSAT in 0.11s
    cube 332 (depth 0, 24 lits): UNSAT in 0.02s
    cube 335 (depth 0, 24 lits): UNSAT in 0.06s
    cube 338 (depth 0, 24 lits): UNSAT in 0.01s
    cube 341 (depth 0, 24 lits): UNSAT in 0.08s
    cube 344 (depth 0, 24 lits): UNSAT in 0.06s
    cube 347 (depth 0, 24 lits): UNSAT in 0.06s
    cube 350 (depth 0, 24 lits): UNSAT in 0.05s
    cube 353 (depth 0, 24 lits): UNSAT in 0.28s
    cube 356 (depth 0, 24 lits): UNSAT in 0.02s
    cube 359 (depth 0, 24 lits): UNSAT in 0.08s
    cube 362 (depth 0, 24 lits): UNSAT in 0.03s
    cube 365 (depth 0, 24 lits): UNSAT in 0.15s
    cube 368 (depth 0, 24 lits): UNSAT in 0.15s
    cube 371 (depth 0, 24 lits): UNSAT in 0.03s
    cube 374 (depth 0, 24 lits): UNSAT in 0.04s
    cube 377 (depth 0, 24 lits): UNSAT in 0.54s
    cube 380 (depth 0, 24 lits): UNSAT in 0.06s
    cube 383 (depth 0, 24 lits): UNSAT in 0.10s
    cube 386 (depth 0, 24 lits): UNSAT in 0.05s
    cube 389 (depth 0, 24 lits): UNSAT in 0.21s
    cube 392 (depth 0, 24 lits): UNSAT in 0.18s
    cube 395 (depth 0, 24 lits): UNSAT in 0.03s
    cube 398 (depth 0, 24 lits): UNSAT in 0.37s
    cube 401 (depth 0, 24 lits): UNSAT in 0.75s
    cube 404 (depth 0, 24 lits): UNSAT in 0.02s
    cube 407 (depth 0, 24 lits): UNSAT in 0.02s
    cube 410 (depth 0, 24 lits): UNSAT in 0.02s
    cube 413 (depth 0, 24 lits): UNSAT in 0.01s
    cube 416 (depth 0, 24 lits): UNSAT in 0.03s
    cube 419 (depth 0, 24 lits): UNSAT in 0.03s
    cube 422 (depth 0, 24 lits): UNSAT in 0.02s
    cube 425 (depth 0, 24 lits): UNSAT in 0.04s
    cube 428 (depth 0, 24 lits): UNSAT in 0.01s
    cube 431 (depth 0, 24 lits): UNSAT in 0.04s
    cube 434 (depth 0, 24 lits): UNSAT in 0.05s
    cube 437 (depth 0, 24 lits): UNSAT in 0.02s
    cube 440 (depth 0, 24 lits): UNSAT in 0.01s
    cube 443 (depth 0, 24 lits): UNSAT in 0.09s
    cube 446 (depth 0, 24 lits): UNSAT in 0.02s
    cube 449 (depth 0, 24 lits): UNSAT in 0.11s
    cube 452 (depth 0, 22 lits): UNSAT in 0.01s
    cube 455 (depth 0, 24 lits): UNSAT in 0.01s
    cube 458 (depth 0, 24 lits): UNSAT in 0.02s
    cube 461 (depth 0, 24 lits): UNSAT in 0.02s
    cube 464 (depth 0, 24 lits): UNSAT in 0.02s
    cube 467 (depth 0, 24 lits): UNSAT in 0.03s
    cube 470 (depth 0, 24 lits): UNSAT in 0.01s
    cube 473 (depth 0, 24 lits): UNSAT in 0.04s
    cube 476 (depth 0, 24 lits): UNSAT in 0.01s
    cube 479 (depth 0, 24 lits): UNSAT in 0.01s
    cube 482 (depth 0, 24 lits): UNSAT in 0.02s
    cube 485 (depth 0, 24 lits): UNSAT in 0.01s
    cube 488 (depth 0, 24 lits): UNSAT in 0.05s
    cube 491 (depth 0, 24 lits): UNSAT in 0.02s
    cube 494 (depth 0, 24 lits): UNSAT in 0.05s
    cube 497 (depth 0, 24 lits): UNSAT in 0.01s
    cube 500 (depth 0, 24 lits): UNSAT in 0.12s
    cube 503 (depth 0, 24 lits): UNSAT in 0.02s
    cube 506 (depth 0, 24 lits): UNSAT in 0.07s
    cube 509 (depth 0, 23 lits): UNSAT in 0.02s
    cube 512 (depth 0, 24 lits): UNSAT in 0.02s
    cube 515 (depth 0, 24 lits): UNSAT in 0.01s
    cube 518 (depth 0, 24 lits): UNSAT in 0.02s
    cube 521 (depth 0, 24 lits): UNSAT in 0.02s
    cube 524 (depth 0, 24 lits): UNSAT in 0.01s
    cube 527 (depth 0, 24 lits): UNSAT in 0.02s
    cube 530 (depth 0, 24 lits): UNSAT in 0.04s
    cube 533 (depth 0, 24 lits): UNSAT in 0.07s
    cube 536 (depth 0, 24 lits): UNSAT in 0.02s
    cube 539 (depth 0, 24 lits): UNSAT in 0.01s
    cube 542 (depth 0, 24 lits): UNSAT in 0.02s
    cube 545 (depth 0, 24 lits): UNSAT in 0.04s
    cube 548 (depth 0, 24 lits): UNSAT in 0.02s
    cube 551 (depth 0, 24 lits): UNSAT in 0.33s
    cube 554 (depth 0, 24 lits): UNSAT in 0.01s
    cube 557 (depth 0, 24 lits): UNSAT in 0.02s
    cube 560 (depth 0, 24 lits): UNSAT in 0.02s
    cube 563 (depth 0, 24 lits): UNSAT in 0.02s
    cube 566 (depth 0, 24 lits): UNSAT in 0.18s
    cube 569 (depth 0, 24 lits): UNSAT in 0.02s
    cube 572 (depth 0, 24 lits): UNSAT in 0.06s
    cube 575 (depth 0, 24 lits): UNSAT in 0.02s
    cube 578 (depth 0, 24 lits): UNSAT in 0.03s
    cube 581 (depth 0, 24 lits): UNSAT in 0.16s
    cube 584 (depth 0, 24 lits): UNSAT in 0.09s
    cube 587 (depth 0, 24 lits): UNSAT in 0.02s
    cube 590 (depth 0, 24 lits): UNSAT in 0.38s
    cube 593 (depth 0, 24 lits): UNSAT in 0.06s
    cube 596 (depth 0, 24 lits): UNSAT in 0.34s
    cube 599 (depth 0, 24 lits): UNSAT in 0.03s
    cube 602 (depth 0, 24 lits): UNSAT in 0.35s
    cube 605 (depth 0, 24 lits): UNSAT in 0.14s
    cube 608 (depth 0, 24 lits): UNSAT in 0.05s
    cube 611 (depth 0, 24 lits): UNSAT in 0.03s
    cube 614 (depth 0, 24 lits): UNSAT in 0.21s
    cube 617 (depth 0, 24 lits): UNSAT in 0.14s
    cube 620 (depth 0, 24 lits): UNSAT in 0.21s
    cube 623 (depth 0, 24 lits): UNSAT in 0.04s
    cube 626 (depth 0, 24 lits): UNSAT in 0.18s
    cube 629 (depth 0, 24 lits): UNSAT in 0.62s
    cube 632 (depth 0, 24 lits): UNSAT in 0.01s
    cube 635 (depth 0, 24 lits): UNSAT in 0.01s
    cube 638 (depth 0, 24 lits): UNSAT in 0.02s
    cube 641 (depth 0, 24 lits): UNSAT in 0.04s
    cube 644 (depth 0, 24 lits): UNSAT in 0.03s
    cube 647 (depth 0, 24 lits): UNSAT in 0.03s
    cube 650 (depth 0, 24 lits): UNSAT in 0.05s
    cube 653 (depth 0, 24 lits): UNSAT in 0.10s
    cube 656 (depth 0, 24 lits): UNSAT in 0.11s
    cube 659 (depth 0, 24 lits): UNSAT in 0.23s
    cube 662 (depth 0, 23 lits): UNSAT in 0.01s
    cube 665 (depth 0, 24 lits): UNSAT in 0.03s
    cube 668 (depth 0, 24 lits): UNSAT in 0.04s
    cube 671 (depth 0, 24 lits): UNSAT in 0.02s
    cube 674 (depth 0, 24 lits): UNSAT in 0.22s
    cube 677 (depth 0, 24 lits): UNSAT in 0.02s
    cube 680 (depth 0, 24 lits): UNSAT in 0.06s
    cube 683 (depth 0, 24 lits): UNSAT in 0.05s
    cube 686 (depth 0, 24 lits): UNSAT in 0.11s
    cube 689 (depth 0, 24 lits): UNSAT in 0.09s
    cube 692 (depth 0, 24 lits): UNSAT in 2.20s
    cube 695 (depth 0, 24 lits): UNSAT in 0.02s
    cube 698 (depth 0, 24 lits): UNSAT in 0.02s
    cube 701 (depth 0, 24 lits): UNSAT in 0.02s
    cube 704 (depth 0, 24 lits): UNSAT in 0.03s
    cube 707 (depth 0, 24 lits): UNSAT in 0.19s
    cube 710 (depth 0, 24 lits): UNSAT in 0.03s
    cube 713 (depth 0, 24 lits): UNSAT in 0.02s
    cube 716 (depth 0, 24 lits): UNSAT in 0.21s
    cube 719 (depth 0, 24 lits): UNSAT in 0.04s
    cube 722 (depth 0, 24 lits): UNSAT in 0.75s
    cube 725 (depth 0, 24 lits): UNSAT in 0.02s
    cube 728 (depth 0, 24 lits): UNSAT in 0.24s
    cube 731 (depth 0, 24 lits): UNSAT in 0.13s
    cube 734 (depth 0, 24 lits): UNSAT in 0.13s
    cube 737 (depth 0, 24 lits): UNSAT in 0.06s
    cube 740 (depth 0, 24 lits): UNSAT in 1.49s
    cube 743 (depth 0, 24 lits): UNSAT in 0.16s
    cube 746 (depth 0, 24 lits): UNSAT in 1.28s
    cube 749 (depth 0, 24 lits): UNSAT in 1.24s
    cube 752 (depth 0, 24 lits): UNSAT in 2.28s
    cube 755 (depth 0, 24 lits): UNSAT in 7.80s
    cube 758 (depth 0, 24 lits): UNSAT in 0.03s
    cube 761 (depth 0, 24 lits): UNSAT in 0.02s
    cube 764 (depth 0, 24 lits): UNSAT in 0.20s
    cube 767 (depth 0, 24 lits): UNSAT in 0.04s
    cube 770 (depth 0, 24 lits): UNSAT in 0.17s
    cube 773 (depth 0, 24 lits): UNSAT in 0.03s
    cube 776 (depth 0, 24 lits): UNSAT in 0.31s
    cube 779 (depth 0, 24 lits): UNSAT in 0.03s
    cube 782 (depth 0, 24 lits): UNSAT in 0.09s
    cube 785 (depth 0, 24 lits): UNSAT in 0.10s
    cube 788 (depth 0, 24 lits): UNSAT in 2.37s
    cube 791 (depth 0, 24 lits): UNSAT in 0.06s
    cube 794 (depth 0, 24 lits): UNSAT in 1.45s
    cube 797 (depth 0, 24 lits): UNSAT in 0.03s
    cube 800 (depth 0, 24 lits): UNSAT in 1.27s
    cube 803 (depth 0, 24 lits): UNSAT in 0.93s
    cube 806 (depth 0, 24 lits): UNSAT in 0.11s
    cube 809 (depth 0, 24 lits): UNSAT in 0.32s
    cube 812 (depth 0, 24 lits): UNSAT in 3.46s
    cube 815 (depth 0, 24 lits): UNSAT in 0.77s
    cube 818 (depth 0, 24 lits): UNSAT in 8.11s
    cube 821 (depth 0, 24 lits): UNSAT in 0.02s
    cube 824 (depth 0, 24 lits): UNSAT in 0.02s
    cube 827 (depth 0, 24 lits): UNSAT in 0.02s
    cube 830 (depth 0, 24 lits): UNSAT in 0.02s
    cube 833 (depth 0, 24 lits): UNSAT in 0.04s
    cube 836 (depth 0, 24 lits): UNSAT in 0.16s
    cube 839 (depth 0, 24 lits): UNSAT in 0.07s
    cube 842 (depth 0, 24 lits): UNSAT in 0.10s
    cube 845 (depth 0, 24 lits): UNSAT in 0.04s
    cube 848 (depth 0, 24 lits): UNSAT in 0.46s
    cube 851 (depth 0, 24 lits): UNSAT in 2.00s
    cube 854 (depth 0, 24 lits): UNSAT in 0.28s
    cube 857 (depth 0, 24 lits): UNSAT in 0.13s
    cube 860 (depth 0, 24 lits): UNSAT in 2.14s
    cube 863 (depth 0, 24 lits): UNSAT in 0.11s
    cube 866 (depth 0, 24 lits): UNSAT in 0.28s
    cube 869 (depth 0, 24 lits): UNSAT in 0.28s
    cube 872 (depth 0, 24 lits): UNSAT in 1.34s
    cube 875 (depth 0, 24 lits): UNSAT in 1.48s
    cube 878 (depth 0, 24 lits): UNSAT in 1.63s
    cube 881 (depth 0, 24 lits): UNSAT in 3.88s
    cube 884 (depth 0, 24 lits): UNSAT in 36.93s
    cube 887 (depth 0, 22 lits): UNSAT in 0.01s
    cube 890 (depth 0, 24 lits): UNSAT in 0.02s
    cube 893 (depth 0, 24 lits): UNSAT in 0.02s
    cube 896 (depth 0, 23 lits): UNSAT in 0.02s
    cube 899 (depth 0, 24 lits): UNSAT in 0.01s
    cube 902 (depth 0, 24 lits): UNSAT in 0.02s
    cube 905 (depth 0, 23 lits): UNSAT in 0.02s
    cube 908 (depth 0, 24 lits): UNSAT in 0.02s
    cube 911 (depth 0, 24 lits): UNSAT in 0.01s
    cube 914 (depth 0, 24 lits): UNSAT in 0.01s
    cube 917 (depth 0, 24 lits): UNSAT in 0.01s
    cube 920 (depth 0, 24 lits): UNSAT in 0.03s
    cube 923 (depth 0, 24 lits): UNSAT in 0.06s
    cube 926 (depth 0, 23 lits): UNSAT in 0.02s
    cube 929 (depth 0, 24 lits): UNSAT in 0.02s
    cube 932 (depth 0, 24 lits): UNSAT in 0.09s
    cube 935 (depth 0, 24 lits): UNSAT in 0.02s
    cube 938 (depth 0, 24 lits): UNSAT in 0.06s
    cube 941 (depth 0, 24 lits): UNSAT in 0.02s
    cube 944 (depth 0, 24 lits): UNSAT in 0.02s
    cube 947 (depth 0, 24 lits): UNSAT in 0.05s
    cube 950 (depth 0, 24 lits): UNSAT in 0.03s
    cube 953 (depth 0, 24 lits): UNSAT in 0.07s
    cube 956 (depth 0, 24 lits): UNSAT in 0.01s
    cube 959 (depth 0, 24 lits): UNSAT in 0.01s
    cube 962 (depth 0, 24 lits): UNSAT in 0.03s
    cube 965 (depth 0, 24 lits): UNSAT in 0.02s
    cube 968 (depth 0, 24 lits): UNSAT in 0.06s
    cube 971 (depth 0, 24 lits): UNSAT in 0.01s
    cube 974 (depth 0, 24 lits): UNSAT in 0.07s
    cube 977 (depth 0, 24 lits): UNSAT in 0.12s
    cube 980 (depth 0, 24 lits): UNSAT in 0.06s
    cube 983 (depth 0, 24 lits): UNSAT in 0.09s
    cube 986 (depth 0, 24 lits): UNSAT in 0.13s
    cube 989 (depth 0, 24 lits): UNSAT in 0.01s
    cube 992 (depth 0, 23 lits): UNSAT in 0.02s
    cube 995 (depth 0, 24 lits): UNSAT in 0.05s
    cube 998 (depth 0, 24 lits): UNSAT in 0.02s
    cube 1001 (depth 0, 24 lits): UNSAT in 0.02s
    cube 1004 (depth 0, 24 lits): UNSAT in 0.01s
    cube 1007 (depth 0, 24 lits): UNSAT in 0.04s
    cube 1010 (depth 0, 24 lits): UNSAT in 0.13s
    cube 1013 (depth 0, 24 lits): UNSAT in 0.01s
    cube 1016 (depth 0, 24 lits): UNSAT in 0.01s
    cube 1019 (depth 0, 24 lits): UNSAT in 0.07s
    cube 1022 (depth 0, 24 lits): UNSAT in 0.05s
    cube 1025 (depth 0, 24 lits): UNSAT in 0.05s
    cube 1028 (depth 0, 24 lits): UNSAT in 0.03s
    cube 1031 (depth 0, 24 lits): UNSAT in 0.16s
    cube 1034 (depth 0, 24 lits): UNSAT in 0.09s
    cube 1037 (depth 0, 24 lits): UNSAT in 0.04s
    cube 1040 (depth 0, 24 lits): UNSAT in 0.12s
    cube 1043 (depth 0, 24 lits): UNSAT in 1.71s
    cube 1046 (depth 0, 24 lits): UNSAT in 0.02s
    cube 1049 (depth 0, 24 lits): UNSAT in 0.02s
    cube 1052 (depth 0, 24 lits): UNSAT in 0.02s
    cube 1055 (depth 0, 24 lits): UNSAT in 0.03s
    cube 1058 (depth 0, 24 lits): UNSAT in 0.01s
    cube 1061 (depth 0, 24 lits): UNSAT in 0.05s
    cube 1064 (depth 0, 24 lits): UNSAT in 0.13s
    cube 1067 (depth 0, 24 lits): UNSAT in 0.42s
    cube 1070 (depth 0, 24 lits): UNSAT in 0.14s
    cube 1073 (depth 0, 24 lits): UNSAT in 0.87s
    cube 1076 (depth 0, 24 lits): UNSAT in 0.02s
    cube 1079 (depth 0, 24 lits): UNSAT in 0.09s
    cube 1082 (depth 0, 24 lits): UNSAT in 0.03s
    cube 1085 (depth 0, 24 lits): UNSAT in 0.17s
    cube 1088 (depth 0, 24 lits): UNSAT in 0.13s
    cube 1091 (depth 0, 24 lits): UNSAT in 0.17s
    cube 1094 (depth 0, 24 lits): UNSAT in 0.06s
    cube 1097 (depth 0, 24 lits): UNSAT in 0.54s
    cube 1100 (depth 0, 24 lits): UNSAT in 0.09s
    cube 1103 (depth 0, 24 lits): UNSAT in 0.29s
    cube 1106 (depth 0, 22 lits): UNSAT in 0.01s
    cube 1109 (depth 0, 24 lits): UNSAT in 0.03s
    cube 1112 (depth 0, 24 lits): UNSAT in 0.02s
    cube 1115 (depth 0, 24 lits): UNSAT in 0.09s
    cube 1118 (depth 0, 24 lits): UNSAT in 0.02s
    cube 1121 (depth 0, 24 lits): UNSAT in 0.02s
    cube 1124 (depth 0, 24 lits): UNSAT in 0.04s
    cube 1127 (depth 0, 24 lits): UNSAT in 0.04s
    cube 1130 (depth 0, 24 lits): UNSAT in 0.10s
    cube 1133 (depth 0, 23 lits): UNSAT in 0.02s
    cube 1136 (depth 0, 24 lits): UNSAT in 0.01s
    cube 1139 (depth 0, 24 lits): UNSAT in 0.04s
    cube 1142 (depth 0, 24 lits): UNSAT in 0.05s
    cube 1145 (depth 0, 24 lits): UNSAT in 0.05s
    cube 1148 (depth 0, 24 lits): UNSAT in 0.02s
    cube 1151 (depth 0, 24 lits): UNSAT in 0.06s
    cube 1154 (depth 0, 24 lits): UNSAT in 0.20s
    cube 1157 (depth 0, 24 lits): UNSAT in 0.08s
    cube 1160 (depth 0, 24 lits): UNSAT in 0.14s
    cube 1163 (depth 0, 24 lits): UNSAT in 0.82s
    cube 1166 (depth 0, 24 lits): UNSAT in 0.02s
    cube 1169 (depth 0, 24 lits): UNSAT in 0.02s
    cube 1172 (depth 0, 24 lits): UNSAT in 0.01s
    cube 1175 (depth 0, 24 lits): UNSAT in 0.03s
    cube 1178 (depth 0, 24 lits): UNSAT in 0.16s
    cube 1181 (depth 0, 24 lits): UNSAT in 0.05s
    cube 1184 (depth 0, 24 lits): UNSAT in 0.03s
    cube 1187 (depth 0, 24 lits): UNSAT in 0.37s
    cube 1190 (depth 0, 24 lits): UNSAT in 0.13s
    cube 1193 (depth 0, 24 lits): UNSAT in 0.07s
    cube 1196 (depth 0, 24 lits): UNSAT in 0.02s
    cube 1199 (depth 0, 24 lits): UNSAT in 0.10s
    cube 1202 (depth 0, 24 lits): UNSAT in 0.09s
    cube 1205 (depth 0, 24 lits): UNSAT in 0.10s
    cube 1208 (depth 0, 24 lits): UNSAT in 0.05s
    cube 1211 (depth 0, 24 lits): UNSAT in 0.58s
    cube 1214 (depth 0, 24 lits): UNSAT in 0.23s
    cube 1217 (depth 0, 24 lits): UNSAT in 0.10s
    cube 1220 (depth 0, 24 lits): UNSAT in 0.14s
    cube 1223 (depth 0, 24 lits): UNSAT in 2.31s
    cube 1226 (depth 0, 24 lits): UNSAT in 2.15s
    cube 1229 (depth 0, 24 lits): UNSAT in 0.02s
    cube 1232 (depth 0, 24 lits): UNSAT in 0.02s
    cube 1235 (depth 0, 24 lits): UNSAT in 0.05s
    cube 1238 (depth 0, 24 lits): UNSAT in 0.02s
    cube 1241 (depth 0, 24 lits): UNSAT in 0.05s
    cube 1244 (depth 0, 24 lits): UNSAT in 0.02s
    cube 1247 (depth 0, 24 lits): UNSAT in 0.05s
    cube 1250 (depth 0, 24 lits): UNSAT in 0.03s
    cube 1253 (depth 0, 24 lits): UNSAT in 0.07s
    cube 1256 (depth 0, 24 lits): UNSAT in 0.14s
    cube 1259 (depth 0, 24 lits): UNSAT in 0.68s
    cube 1262 (depth 0, 24 lits): UNSAT in 0.02s
    cube 1265 (depth 0, 24 lits): UNSAT in 0.07s
    cube 1268 (depth 0, 24 lits): UNSAT in 0.02s
    cube 1271 (depth 0, 24 lits): UNSAT in 0.09s
    cube 1274 (depth 0, 24 lits): UNSAT in 0.38s
    cube 1277 (depth 0, 24 lits): UNSAT in 0.05s
    cube 1280 (depth 0, 24 lits): UNSAT in 0.03s
    cube 1283 (depth 0, 24 lits): UNSAT in 0.50s
    cube 1286 (depth 0, 24 lits): UNSAT in 0.15s
    cube 1289 (depth 0, 24 lits): UNSAT in 0.65s
    cube 1292 (depth 0, 24 lits): UNSAT in 0.02s
    cube 1295 (depth 0, 24 lits): UNSAT in 0.10s
    cube 1298 (depth 0, 24 lits): UNSAT in 0.09s
    cube 1301 (depth 0, 24 lits): UNSAT in 0.14s
    cube 1304 (depth 0, 24 lits): UNSAT in 0.16s
    cube 1307 (depth 0, 24 lits): UNSAT in 4.12s
    cube 1310 (depth 0, 24 lits): UNSAT in 0.05s
    cube 1313 (depth 0, 24 lits): UNSAT in 0.29s
    cube 1316 (depth 0, 24 lits): UNSAT in 0.18s
    cube 1319 (depth 0, 24 lits): UNSAT in 1.79s
    cube 1322 (depth 0, 24 lits): UNSAT in 3.75s
    cube 1325 (depth 0, 24 lits): UNSAT in 0.08s
    cube 1328 (depth 0, 24 lits): UNSAT in 0.06s
    cube 1331 (depth 0, 24 lits): UNSAT in 1.64s
    cube 1334 (depth 0, 24 lits): UNSAT in 1.11s
    cube 1337 (depth 0, 24 lits): UNSAT in 2.38s
    cube 1340 (depth 0, 24 lits): UNSAT in 0.18s
    cube 1343 (depth 0, 24 lits): UNSAT in 6.58s
    cube 1346 (depth 0, 24 lits): UNSAT in 4.27s
    cube 1349 (depth 0, 24 lits): UNSAT in 3.03s
    cube 1352 (depth 0, 24 lits): UNSAT in 2.68s
    cube 1355 (depth 0, 24 lits): UNSAT in 29.24s
    cube 1358 (depth 0, 24 lits): UNSAT in 0.02s
    cube 1361 (depth 0, 24 lits): UNSAT in 0.01s
    cube 1364 (depth 0, 24 lits): UNSAT in 0.02s
    cube 1367 (depth 0, 24 lits): UNSAT in 0.03s
    cube 1370 (depth 0, 24 lits): UNSAT in 0.02s
    cube 1373 (depth 0, 24 lits): UNSAT in 0.06s
    cube 1376 (depth 0, 24 lits): UNSAT in 0.04s
    cube 1379 (depth 0, 24 lits): UNSAT in 0.07s
    cube 1382 (depth 0, 24 lits): UNSAT in 0.08s
    cube 1385 (depth 0, 24 lits): UNSAT in 2.26s
    cube 1388 (depth 0, 24 lits): UNSAT in 0.02s
    cube 1391 (depth 0, 24 lits): UNSAT in 0.01s
    cube 1394 (depth 0, 24 lits): UNSAT in 0.02s
    cube 1397 (depth 0, 24 lits): UNSAT in 0.05s
    cube 1400 (depth 0, 24 lits): UNSAT in 0.02s
    cube 1403 (depth 0, 24 lits): UNSAT in 0.05s
    cube 1406 (depth 0, 24 lits): UNSAT in 0.23s
    cube 1409 (depth 0, 24 lits): UNSAT in 0.17s
    cube 1412 (depth 0, 24 lits): UNSAT in 1.05s
    cube 1415 (depth 0, 24 lits): UNSAT in 0.01s
    cube 1418 (depth 0, 24 lits): UNSAT in 0.05s
    cube 1421 (depth 0, 24 lits): UNSAT in 0.03s
    cube 1424 (depth 0, 24 lits): UNSAT in 0.05s
    cube 1427 (depth 0, 24 lits): UNSAT in 0.03s
    cube 1430 (depth 0, 24 lits): UNSAT in 0.13s
    cube 1433 (depth 0, 24 lits): UNSAT in 0.02s
    cube 1436 (depth 0, 24 lits): UNSAT in 0.12s
    cube 1439 (depth 0, 24 lits): UNSAT in 0.05s
    cube 1442 (depth 0, 24 lits): UNSAT in 0.33s
    cube 1445 (depth 0, 24 lits): UNSAT in 0.19s
    cube 1448 (depth 0, 24 lits): UNSAT in 0.07s
    cube 1451 (depth 0, 24 lits): UNSAT in 0.03s
    cube 1454 (depth 0, 24 lits): UNSAT in 0.41s
    cube 1457 (depth 0, 24 lits): UNSAT in 0.08s
    cube 1460 (depth 0, 24 lits): UNSAT in 1.72s
    cube 1463 (depth 0, 24 lits): UNSAT in 0.06s
    cube 1466 (depth 0, 24 lits): UNSAT in 0.16s
    cube 1469 (depth 0, 24 lits): UNSAT in 0.24s
    cube 1472 (depth 0, 24 lits): UNSAT in 0.68s
    cube 1475 (depth 0, 24 lits): UNSAT in 0.40s
    cube 1478 (depth 0, 24 lits): UNSAT in 15.47s
    cube 1481 (depth 0, 24 lits): UNSAT in 0.02s
    cube 1484 (depth 0, 24 lits): UNSAT in 0.02s
    cube 1487 (depth 0, 24 lits): UNSAT in 0.02s
    cube 1490 (depth 0, 24 lits): UNSAT in 0.04s
    cube 1493 (depth 0, 24 lits): UNSAT in 0.10s
    cube 1496 (depth 0, 24 lits): UNSAT in 0.02s
    cube 1499 (depth 0, 24 lits): UNSAT in 0.02s
    cube 1502 (depth 0, 24 lits): UNSAT in 0.05s
    cube 1505 (depth 0, 24 lits): UNSAT in 0.13s
    cube 1508 (depth 0, 24 lits): UNSAT in 0.18s
    cube 1511 (depth 0, 24 lits): UNSAT in 0.04s
    cube 1514 (depth 0, 24 lits): UNSAT in 0.03s
    cube 1517 (depth 0, 24 lits): UNSAT in 0.01s
    cube 1520 (depth 0, 24 lits): UNSAT in 0.03s
    cube 1523 (depth 0, 24 lits): UNSAT in 0.11s
    cube 1526 (depth 0, 24 lits): UNSAT in 0.06s
    cube 1529 (depth 0, 24 lits): UNSAT in 0.92s
    cube 1532 (depth 0, 24 lits): UNSAT in 0.86s
    cube 1535 (depth 0, 24 lits): UNSAT in 0.14s
    cube 1538 (depth 0, 24 lits): UNSAT in 0.80s
    cube 1541 (depth 0, 24 lits): UNSAT in 4.61s
    cube 1544 (depth 0, 24 lits): UNSAT in 0.03s
    cube 1547 (depth 0, 24 lits): UNSAT in 0.10s
    cube 1550 (depth 0, 24 lits): UNSAT in 0.06s
    cube 1553 (depth 0, 24 lits): UNSAT in 0.40s
    cube 1556 (depth 0, 24 lits): UNSAT in 0.08s
    cube 1559 (depth 0, 24 lits): UNSAT in 0.07s
    cube 1562 (depth 0, 24 lits): UNSAT in 0.16s
    cube 1565 (depth 0, 24 lits): UNSAT in 8.01s
    cube 1568 (depth 0, 24 lits): UNSAT in 0.42s
    cube 1571 (depth 0, 24 lits): UNSAT in 4.11s
    cube 1574 (depth 0, 24 lits): UNSAT in 0.04s
    cube 1577 (depth 0, 24 lits): UNSAT in 0.26s
    cube 1580 (depth 0, 24 lits): UNSAT in 0.35s
    cube 1583 (depth 0, 24 lits): UNSAT in 0.32s
    cube 1586 (depth 0, 24 lits): UNSAT in 0.65s
    cube 1589 (depth 0, 24 lits): UNSAT in 5.70s
    cube 1592 (depth 0, 24 lits): UNSAT in 0.27s
    cube 1595 (depth 0, 24 lits): UNSAT in 14.67s
    cube 1598 (depth 0, 24 lits): UNSAT in 0.57s
    cube 1601 (depth 0, 24 lits): UNSAT in 76.72s
    cube 1604 (depth 0, 24 lits): UNSAT in 675.52s
    cube 1607 (depth 0, 24 lits): UNSAT in 0.02s
    cube 1610 (depth 0, 24 lits): UNSAT in 0.02s
    cube 1613 (depth 0, 24 lits): UNSAT in 0.02s
    cube 1616 (depth 0, 24 lits): UNSAT in 0.02s
    cube 1619 (depth 0, 24 lits): UNSAT in 0.09s
    cube 1622 (depth 0, 24 lits): UNSAT in 0.09s
    cube 1625 (depth 0, 24 lits): UNSAT in 0.04s
    cube 1628 (depth 0, 24 lits): UNSAT in 0.01s
    cube 1631 (depth 0, 24 lits): UNSAT in 0.05s
    cube 1634 (depth 0, 24 lits): UNSAT in 0.44s
    cube 1637 (depth 0, 24 lits): UNSAT in 0.02s
    cube 1640 (depth 0, 24 lits): UNSAT in 0.02s
    cube 1643 (depth 0, 24 lits): UNSAT in 0.21s
    cube 1646 (depth 0, 24 lits): UNSAT in 0.05s
    cube 1649 (depth 0, 24 lits): UNSAT in 0.15s
    cube 1652 (depth 0, 24 lits): UNSAT in 0.05s
    cube 1655 (depth 0, 24 lits): UNSAT in 0.12s
    cube 1658 (depth 0, 24 lits): UNSAT in 0.06s
    cube 1661 (depth 0, 24 lits): UNSAT in 0.31s
    cube 1664 (depth 0, 24 lits): UNSAT in 0.29s
    cube 1667 (depth 0, 24 lits): UNSAT in 5.55s
    cube 1670 (depth 0, 24 lits): UNSAT in 0.02s
    cube 1673 (depth 0, 24 lits): UNSAT in 0.06s
    cube 1676 (depth 0, 24 lits): UNSAT in 0.03s
    cube 1679 (depth 0, 24 lits): UNSAT in 0.21s
    cube 1682 (depth 0, 24 lits): UNSAT in 1.04s
    cube 1685 (depth 0, 24 lits): UNSAT in 0.15s
    cube 1688 (depth 0, 24 lits): UNSAT in 0.03s
    cube 1691 (depth 0, 24 lits): UNSAT in 0.24s
    cube 1694 (depth 0, 24 lits): UNSAT in 0.44s
    cube 1697 (depth 0, 24 lits): UNSAT in 1.24s
    cube 1700 (depth 0, 24 lits): UNSAT in 0.02s
    cube 1703 (depth 0, 24 lits): UNSAT in 0.39s
    cube 1706 (depth 0, 24 lits): UNSAT in 0.29s
    cube 1709 (depth 0, 24 lits): UNSAT in 0.74s
    cube 1712 (depth 0, 24 lits): UNSAT in 0.73s
    cube 1715 (depth 0, 24 lits): UNSAT in 25.77s
    cube 1718 (depth 0, 24 lits): UNSAT in 0.60s
    cube 1721 (depth 0, 24 lits): UNSAT in 5.08s
    cube 1724 (depth 0, 24 lits): UNSAT in 0.40s
    cube 1727 (depth 0, 24 lits): UNSAT in 12.41s
    cube 1730 (depth 0, 24 lits): UNSAT in 61.43s
    cube 1733 (depth 0, 24 lits): UNSAT in 0.02s
    cube 1736 (depth 0, 24 lits): UNSAT in 0.05s
    cube 1739 (depth 0, 24 lits): UNSAT in 0.99s
    cube 1742 (depth 0, 24 lits): UNSAT in 0.12s
    cube 1745 (depth 0, 24 lits): UNSAT in 0.81s
    cube 1748 (depth 0, 24 lits): UNSAT in 0.01s
    cube 1751 (depth 0, 24 lits): UNSAT in 0.39s
    cube 1754 (depth 0, 24 lits): UNSAT in 0.53s
    cube 1757 (depth 0, 24 lits): UNSAT in 0.14s
    cube 1760 (depth 0, 24 lits): UNSAT in 0.51s
    cube 1763 (depth 0, 24 lits): UNSAT in 11.00s
    cube 1766 (depth 0, 24 lits): UNSAT in 0.17s
    cube 1769 (depth 0, 24 lits): UNSAT in 0.49s
    cube 1772 (depth 0, 24 lits): UNSAT in 0.26s
    cube 1775 (depth 0, 24 lits): UNSAT in 7.48s
    cube 1778 (depth 0, 24 lits): UNSAT in 10.61s
    cube 1781 (depth 0, 24 lits): UNSAT in 0.81s
    cube 1784 (depth 0, 24 lits): UNSAT in 0.41s
    cube 1787 (depth 0, 24 lits): UNSAT in 19.16s
    cube 1790 (depth 0, 24 lits): UNSAT in 1.69s
    cube 1793 (depth 0, 24 lits): UNSAT in 56.69s
    cube 1796 (depth 0, 24 lits): UNSAT in 0.05s
    cube 1799 (depth 0, 24 lits): UNSAT in 1.14s
    cube 1802 (depth 0, 24 lits): UNSAT in 0.46s
    cube 1805 (depth 0, 24 lits): UNSAT in 0.26s
    cube 1808 (depth 0, 24 lits): UNSAT in 1.04s
    cube 1811 (depth 0, 24 lits): UNSAT in 52.89s
    cube 1814 (depth 0, 24 lits): UNSAT in 0.26s
    cube 1817 (depth 0, 24 lits): UNSAT in 1.63s
    cube 1820 (depth 0, 24 lits): UNSAT in 2.47s
    cube 1823 (depth 0, 24 lits): UNSAT in 471.59s
    cube 1826 (depth 0, 24 lits): UNSAT in 1671.16s
    cube 1829 (depth 0, 24 lits): UNSAT in 0.40s
    cube 1832 (depth 0, 24 lits): UNSAT in 1.25s
    cube 1835 (depth 0, 24 lits): UNSAT in 23.46s
    cube 1838 (depth 0, 24 lits): UNSAT in 2.88s
    cube 1841 (depth 0, 24 lits): UNSAT in 204.03s
    cube 1844 (depth 0, 24 lits): UNSAT in 1.98s
    cube 1847 (depth 0, 24 lits): UNSAT in 69.66s
    cube 1850 (depth 0, 24 lits): UNSAT in 126.92s
    cube 1853 (depth 0, 24 lits): UNSAT in 7.58s
    cube 1856 (depth 0, 24 lits): UNSAT in 19.17s
    cube 1859 (depth 0, 24 lits): TIMEOUT in 2400.02s
    cube 1859 TIMEOUT -> re-split into 891 sub-cubes (depth 1)
    cube 1859.0 (depth 1, 31 lits): UNSAT in 0.01s
    cube 1859.1 (depth 1, 32 lits): UNSAT in 0.02s
    cube 1859.2 (depth 1, 32 lits): UNSAT in 0.02s
    cube 1859.3 (depth 1, 31 lits): UNSAT in 0.01s
    cube 1859.4 (depth 1, 31 lits): UNSAT in 0.02s
    cube 1859.5 (depth 1, 31 lits): UNSAT in 0.01s
    cube 1859.6 (depth 1, 33 lits): UNSAT in 0.01s
    cube 1859.7 (depth 1, 33 lits): UNSAT in 0.01s
    cube 1859.8 (depth 1, 34 lits): UNSAT in 0.01s
    cube 1859.9 (depth 1, 34 lits): UNSAT in 0.02s
    cube 1859.10 (depth 1, 34 lits): UNSAT in 0.01s
    cube 1859.11 (depth 1, 34 lits): UNSAT in 0.02s
    cube 1859.12 (depth 1, 32 lits): UNSAT in 0.01s
    cube 1859.13 (depth 1, 32 lits): UNSAT in 0.02s
    cube 1859.14 (depth 1, 34 lits): UNSAT in 0.01s
    cube 1859.15 (depth 1, 34 lits): UNSAT in 0.02s
    cube 1859.16 (depth 1, 34 lits): UNSAT in 0.02s
    cube 1859.17 (depth 1, 34 lits): UNSAT in 0.02s
    cube 1859.18 (depth 1, 34 lits): UNSAT in 0.02s
    cube 1859.19 (depth 1, 34 lits): UNSAT in 0.02s
    cube 1859.20 (depth 1, 34 lits): UNSAT in 0.02s
    cube 1859.21 (depth 1, 34 lits): UNSAT in 0.03s
    cube 1859.22 (depth 1, 33 lits): UNSAT in 0.01s
    cube 1859.23 (depth 1, 33 lits): UNSAT in 0.02s
    cube 1859.24 (depth 1, 34 lits): UNSAT in 0.02s
    cube 1859.25 (depth 1, 34 lits): UNSAT in 0.02s
    cube 1859.26 (depth 1, 34 lits): UNSAT in 0.02s
    cube 1859.27 (depth 1, 34 lits): UNSAT in 0.02s
    cube 1859.28 (depth 1, 34 lits): UNSAT in 0.01s
    cube 1859.29 (depth 1, 34 lits): UNSAT in 0.02s
    cube 1859.30 (depth 1, 34 lits): UNSAT in 0.02s
    cube 1859.31 (depth 1, 34 lits): UNSAT in 0.02s
    cube 1859.32 (depth 1, 34 lits): UNSAT in 0.02s
    cube 1859.33 (depth 1, 34 lits): UNSAT in 0.04s
    cube 1859.34 (depth 1, 34 lits): UNSAT in 0.02s
    cube 1859.35 (depth 1, 34 lits): UNSAT in 0.03s
    cube 1859.36 (depth 1, 34 lits): UNSAT in 0.01s
    cube 1859.37 (depth 1, 34 lits): UNSAT in 0.01s
    cube 1859.38 (depth 1, 34 lits): UNSAT in 0.01s
    cube 1859.39 (depth 1, 34 lits): UNSAT in 0.02s
    cube 1859.40 (depth 1, 34 lits): UNSAT in 0.01s
    cube 1859.41 (depth 1, 34 lits): UNSAT in 0.02s
    cube 1859.42 (depth 1, 34 lits): UNSAT in 0.01s
    cube 1859.43 (depth 1, 34 lits): UNSAT in 0.03s
    cube 1859.44 (depth 1, 33 lits): UNSAT in 0.02s
    cube 1859.45 (depth 1, 34 lits): UNSAT in 0.02s
    cube 1859.46 (depth 1, 34 lits): UNSAT in 0.02s
    cube 1859.47 (depth 1, 34 lits): UNSAT in 0.02s
    cube 1859.48 (depth 1, 34 lits): UNSAT in 0.03s
    cube 1859.49 (depth 1, 34 lits): UNSAT in 0.04s
    cube 1859.50 (depth 1, 34 lits): UNSAT in 0.12s
    cube 1859.51 (depth 1, 33 lits): UNSAT in 0.01s
    cube 1859.52 (depth 1, 33 lits): UNSAT in 0.02s
    cube 1859.53 (depth 1, 34 lits): UNSAT in 0.02s
    cube 1859.54 (depth 1, 34 lits): UNSAT in 0.02s
    cube 1859.55 (depth 1, 34 lits): UNSAT in 0.02s
    cube 1859.56 (depth 1, 34 lits): UNSAT in 0.06s
    cube 1859.57 (depth 1, 34 lits): UNSAT in 0.02s
    cube 1859.58 (depth 1, 34 lits): UNSAT in 0.02s
    cube 1859.59 (depth 1, 34 lits): UNSAT in 0.03s
    cube 1859.60 (depth 1, 34 lits): UNSAT in 0.05s
    cube 1859.61 (depth 1, 34 lits): UNSAT in 0.03s
    cube 1859.62 (depth 1, 34 lits): UNSAT in 0.06s
    cube 1859.63 (depth 1, 34 lits): UNSAT in 0.04s
    cube 1859.64 (depth 1, 34 lits): UNSAT in 0.08s
    cube 1859.65 (depth 1, 34 lits): UNSAT in 0.01s
    cube 1859.66 (depth 1, 34 lits): UNSAT in 0.02s
    cube 1859.67 (depth 1, 34 lits): UNSAT in 0.01s
    cube 1859.68 (depth 1, 34 lits): UNSAT in 0.04s
    cube 1859.69 (depth 1, 34 lits): UNSAT in 0.01s
    cube 1859.70 (depth 1, 34 lits): UNSAT in 0.01s
    cube 1859.71 (depth 1, 33 lits): UNSAT in 0.02s
    cube 1859.72 (depth 1, 34 lits): UNSAT in 0.02s
    cube 1859.73 (depth 1, 34 lits): UNSAT in 0.02s
    cube 1859.74 (depth 1, 34 lits): UNSAT in 0.02s
    cube 1859.75 (depth 1, 34 lits): UNSAT in 0.05s
    cube 1859.76 (depth 1, 34 lits): UNSAT in 0.03s
    cube 1859.77 (depth 1, 34 lits): UNSAT in 0.03s
    cube 1859.78 (depth 1, 34 lits): UNSAT in 0.06s
    cube 1859.79 (depth 1, 34 lits): UNSAT in 0.08s
    cube 1859.80 (depth 1, 32 lits): UNSAT in 0.02s
    cube 1859.81 (depth 1, 33 lits): UNSAT in 0.01s
    cube 1859.82 (depth 1, 34 lits): UNSAT in 0.01s
    cube 1859.83 (depth 1, 34 lits): UNSAT in 0.01s
    cube 1859.84 (depth 1, 33 lits): UNSAT in 0.01s
    cube 1859.85 (depth 1, 34 lits): UNSAT in 0.02s
    cube 1859.86 (depth 1, 34 lits): UNSAT in 0.02s
    cube 1859.87 (depth 1, 34 lits): UNSAT in 0.01s
    cube 1859.88 (depth 1, 34 lits): UNSAT in 0.02s
    cube 1859.89 (depth 1, 34 lits): UNSAT in 0.03s
    cube 1859.90 (depth 1, 34 lits): UNSAT in 0.02s
    cube 1859.91 (depth 1, 34 lits): UNSAT in 0.01s
    cube 1859.92 (depth 1, 34 lits): UNSAT in 0.02s
    cube 1859.93 (depth 1, 34 lits): UNSAT in 0.01s
    cube 1859.94 (depth 1, 34 lits): UNSAT in 0.03s
    cube 1859.95 (depth 1, 34 lits): UNSAT in 0.01s
    cube 1859.96 (depth 1, 34 lits): UNSAT in 0.02s
    cube 1859.97 (depth 1, 34 lits): UNSAT in 0.02s
    cube 1859.98 (depth 1, 34 lits): UNSAT in 0.05s
    cube 1859.99 (depth 1, 34 lits): UNSAT in 0.01s
    cube 1859.100 (depth 1, 34 lits): UNSAT in 0.02s
    cube 1859.101 (depth 1, 34 lits): UNSAT in 0.02s
    cube 1859.102 (depth 1, 34 lits): UNSAT in 0.03s
    cube 1859.103 (depth 1, 34 lits): UNSAT in 0.01s
    cube 1859.104 (depth 1, 34 lits): UNSAT in 0.03s
    cube 1859.105 (depth 1, 34 lits): UNSAT in 0.04s
    cube 1859.106 (depth 1, 34 lits): UNSAT in 0.08s
    cube 1859.107 (depth 1, 33 lits): UNSAT in 0.01s
    cube 1859.108 (depth 1, 34 lits): UNSAT in 0.01s
    cube 1859.109 (depth 1, 34 lits): UNSAT in 0.02s
    cube 1859.110 (depth 1, 34 lits): UNSAT in 0.02s
    cube 1859.111 (depth 1, 34 lits): UNSAT in 0.03s
    cube 1859.112 (depth 1, 34 lits): UNSAT in 0.02s
    cube 1859.113 (depth 1, 34 lits): UNSAT in 0.03s
    cube 1859.114 (depth 1, 34 lits): UNSAT in 0.02s
    cube 1859.115 (depth 1, 34 lits): UNSAT in 0.02s
    cube 1859.116 (depth 1, 34 lits): UNSAT in 0.02s
    cube 1859.117 (depth 1, 34 lits): UNSAT in 0.03s
    cube 1859.118 (depth 1, 34 lits): UNSAT in 0.02s
    cube 1859.119 (depth 1, 34 lits): UNSAT in 0.04s
    cube 1859.120 (depth 1, 34 lits): UNSAT in 0.03s
    cube 1859.121 (depth 1, 34 lits): UNSAT in 0.08s
    cube 1859.122 (depth 1, 34 lits): UNSAT in 0.02s
    cube 1859.123 (depth 1, 34 lits): UNSAT in 0.02s
    cube 1859.124 (depth 1, 34 lits): UNSAT in 0.02s
    cube 1859.125 (depth 1, 34 lits): UNSAT in 0.04s
    cube 1859.126 (depth 1, 34 lits): UNSAT in 0.02s
    cube 1859.127 (depth 1, 34 lits): UNSAT in 0.03s
    cube 1859.128 (depth 1, 34 lits): UNSAT in 0.07s
    cube 1859.129 (depth 1, 34 lits): UNSAT in 0.12s
    cube 1859.130 (depth 1, 34 lits): UNSAT in 0.02s
    cube 1859.131 (depth 1, 34 lits): UNSAT in 0.05s
    cube 1859.132 (depth 1, 34 lits): UNSAT in 0.02s
    cube 1859.133 (depth 1, 34 lits): UNSAT in 0.07s
    cube 1859.134 (depth 1, 34 lits): UNSAT in 0.12s
    cube 1859.135 (depth 1, 34 lits): UNSAT in 0.18s
    cube 1859.136 (depth 1, 34 lits): UNSAT in 0.07s
    cube 1859.137 (depth 1, 34 lits): UNSAT in 0.21s
    cube 1859.138 (depth 1, 32 lits): UNSAT in 0.02s
    cube 1859.139 (depth 1, 33 lits): UNSAT in 0.02s
    cube 1859.140 (depth 1, 34 lits): UNSAT in 0.02s
    cube 1859.141 (depth 1, 34 lits): UNSAT in 0.02s
    cube 1859.142 (depth 1, 33 lits): UNSAT in 0.02s
    cube 1859.143 (depth 1, 34 lits): UNSAT in 0.02s
    cube 1859.144 (depth 1, 34 lits): UNSAT in 0.04s
    cube 1859.145 (depth 1, 34 lits): UNSAT in 0.02s
    cube 1859.146 (depth 1, 34 lits): UNSAT in 0.05s
    cube 1859.147 (depth 1, 34 lits): UNSAT in 0.03s
    cube 1859.148 (depth 1, 34 lits): UNSAT in 0.13s
    cube 1859.149 (depth 1, 34 lits): UNSAT in 0.01s
    cube 1859.150 (depth 1, 34 lits): UNSAT in 0.02s
    cube 1859.151 (depth 1, 34 lits): UNSAT in 0.02s
    cube 1859.152 (depth 1, 34 lits): UNSAT in 0.03s
    cube 1859.153 (depth 1, 34 lits): UNSAT in 0.02s
    cube 1859.154 (depth 1, 34 lits): UNSAT in 0.03s
    cube 1859.155 (depth 1, 34 lits): UNSAT in 0.04s
    cube 1859.156 (depth 1, 34 lits): UNSAT in 0.17s
    cube 1859.157 (depth 1, 34 lits): UNSAT in 0.02s
    cube 1859.158 (depth 1, 34 lits): UNSAT in 0.02s
    cube 1859.159 (depth 1, 34 lits): UNSAT in 0.02s
    cube 1859.160 (depth 1, 34 lits): UNSAT in 0.09s
    cube 1859.161 (depth 1, 34 lits): UNSAT in 0.04s
    cube 1859.162 (depth 1, 34 lits): UNSAT in 0.03s
    cube 1859.163 (depth 1, 34 lits): UNSAT in 0.14s
    cube 1859.164 (depth 1, 34 lits): UNSAT in 0.36s
    cube 1859.165 (depth 1, 34 lits): UNSAT in 0.01s
    cube 1859.166 (depth 1, 34 lits): UNSAT in 0.01s
    cube 1859.167 (depth 1, 34 lits): UNSAT in 0.05s
    cube 1859.168 (depth 1, 34 lits): UNSAT in 0.03s
    cube 1859.169 (depth 1, 34 lits): UNSAT in 0.06s
    cube 1859.170 (depth 1, 34 lits): UNSAT in 0.17s
    cube 1859.171 (depth 1, 34 lits): UNSAT in 0.08s
    cube 1859.172 (depth 1, 34 lits): UNSAT in 0.54s
    cube 1859.173 (depth 1, 34 lits): UNSAT in 0.02s
    cube 1859.174 (depth 1, 34 lits): UNSAT in 0.02s
    cube 1859.175 (depth 1, 34 lits): UNSAT in 0.03s
    cube 1859.176 (depth 1, 34 lits): UNSAT in 0.12s
    cube 1859.177 (depth 1, 34 lits): UNSAT in 0.08s
    cube 1859.178 (depth 1, 34 lits): UNSAT in 0.06s
    cube 1859.179 (depth 1, 34 lits): UNSAT in 0.98s
    cube 1859.180 (depth 1, 34 lits): UNSAT in 1.51s
    cube 1859.181 (depth 1, 34 lits): UNSAT in 0.02s
    cube 1859.182 (depth 1, 34 lits): UNSAT in 0.05s
    cube 1859.183 (depth 1, 34 lits): UNSAT in 0.04s
    cube 1859.184 (depth 1, 34 lits): UNSAT in 0.11s
    cube 1859.185 (depth 1, 34 lits): UNSAT in 0.09s
    cube 1859.186 (depth 1, 34 lits): UNSAT in 0.36s
    cube 1859.187 (depth 1, 34 lits): UNSAT in 0.16s
    cube 1859.188 (depth 1, 34 lits): UNSAT in 0.81s
    cube 1859.189 (depth 1, 34 lits): UNSAT in 0.08s
    cube 1859.190 (depth 1, 34 lits): UNSAT in 0.29s
    cube 1859.191 (depth 1, 34 lits): UNSAT in 0.20s
    cube 1859.192 (depth 1, 34 lits): UNSAT in 1.14s
    cube 1859.193 (depth 1, 34 lits): UNSAT in 1.67s
    cube 1859.194 (depth 1, 34 lits): UNSAT in 3.31s
    cube 1859.195 (depth 1, 34 lits): UNSAT in 5.42s
    cube 1859.196 (depth 1, 34 lits): UNSAT in 11.85s
    cube 1859.197 (depth 1, 33 lits): UNSAT in 0.01s
    cube 1859.198 (depth 1, 33 lits): UNSAT in 0.02s
    cube 1859.199 (depth 1, 33 lits): UNSAT in 0.02s
    cube 1859.200 (depth 1, 34 lits): UNSAT in 0.02s
    cube 1859.201 (depth 1, 34 lits): UNSAT in 0.02s
    cube 1859.202 (depth 1, 33 lits): UNSAT in 0.02s
    cube 1859.203 (depth 1, 34 lits): UNSAT in 0.02s
    cube 1859.204 (depth 1, 34 lits): UNSAT in 0.03s
    cube 1859.205 (depth 1, 34 lits): UNSAT in 0.01s
    cube 1859.206 (depth 1, 34 lits): UNSAT in 0.02s
    cube 1859.207 (depth 1, 34 lits): UNSAT in 0.02s
    cube 1859.208 (depth 1, 34 lits): UNSAT in 0.03s
    cube 1859.209 (depth 1, 32 lits): UNSAT in 0.01s
    cube 1859.210 (depth 1, 33 lits): UNSAT in 0.02s
    cube 1859.211 (depth 1, 34 lits): UNSAT in 0.01s
    cube 1859.212 (depth 1, 34 lits): UNSAT in 0.01s
    cube 1859.213 (depth 1, 34 lits): UNSAT in 0.01s
    cube 1859.214 (depth 1, 34 lits): UNSAT in 0.02s
    cube 1859.215 (depth 1, 34 lits): UNSAT in 0.02s
    cube 1859.216 (depth 1, 34 lits): UNSAT in 0.03s
    cube 1859.217 (depth 1, 34 lits): UNSAT in 0.02s
    cube 1859.218 (depth 1, 34 lits): UNSAT in 0.03s
    cube 1859.219 (depth 1, 34 lits): UNSAT in 0.01s
    cube 1859.220 (depth 1, 34 lits): UNSAT in 0.06s
    cube 1859.221 (depth 1, 32 lits): UNSAT in 0.01s
    cube 1859.222 (depth 1, 32 lits): UNSAT in 0.02s
    cube 1859.223 (depth 1, 34 lits): UNSAT in 0.01s
    cube 1859.224 (depth 1, 34 lits): UNSAT in 0.02s
    cube 1859.225 (depth 1, 34 lits): UNSAT in 0.02s
    cube 1859.226 (depth 1, 34 lits): UNSAT in 0.02s
    cube 1859.227 (depth 1, 34 lits): UNSAT in 0.01s
    cube 1859.228 (depth 1, 34 lits): UNSAT in 0.02s
    cube 1859.229 (depth 1, 33 lits): UNSAT in 0.01s
    cube 1859.230 (depth 1, 34 lits): UNSAT in 0.01s
    cube 1859.231 (depth 1, 34 lits): UNSAT in 0.02s
    cube 1859.232 (depth 1, 34 lits): UNSAT in 0.02s
    cube 1859.233 (depth 1, 34 lits): UNSAT in 0.02s
    cube 1859.234 (depth 1, 34 lits): UNSAT in 0.02s
    cube 1859.235 (depth 1, 34 lits): UNSAT in 0.02s
    cube 1859.236 (depth 1, 34 lits): UNSAT in 0.02s
    cube 1859.237 (depth 1, 34 lits): UNSAT in 0.03s
    cube 1859.238 (depth 1, 33 lits): UNSAT in 0.01s
    cube 1859.239 (depth 1, 34 lits): UNSAT in 0.02s
    cube 1859.240 (depth 1, 34 lits): UNSAT in 0.02s
    cube 1859.241 (depth 1, 34 lits): UNSAT in 0.02s
    cube 1859.242 (depth 1, 34 lits): UNSAT in 0.04s
    cube 1859.243 (depth 1, 34 lits): UNSAT in 0.11s
    cube 1859.244 (depth 1, 34 lits): UNSAT in 0.09s
    cube 1859.245 (depth 1, 32 lits): UNSAT in 0.01s
    cube 1859.246 (depth 1, 32 lits): UNSAT in 0.02s
    cube 1859.247 (depth 1, 31 lits): UNSAT in 0.02s
    cube 1859.248 (depth 1, 34 lits): UNSAT in 0.02s
    cube 1859.249 (depth 1, 34 lits): UNSAT in 0.02s
    cube 1859.250 (depth 1, 34 lits): UNSAT in 0.02s
    cube 1859.251 (depth 1, 34 lits): UNSAT in 0.02s
    cube 1859.252 (depth 1, 34 lits): UNSAT in 0.01s
    cube 1859.253 (depth 1, 34 lits): UNSAT in 0.02s
    cube 1859.254 (depth 1, 34 lits): UNSAT in 0.02s
    cube 1859.255 (depth 1, 34 lits): UNSAT in 0.02s
    cube 1859.256 (depth 1, 34 lits): UNSAT in 0.02s
    cube 1859.257 (depth 1, 34 lits): UNSAT in 0.02s
    cube 1859.258 (depth 1, 34 lits): UNSAT in 0.01s
    cube 1859.259 (depth 1, 34 lits): UNSAT in 0.04s
    cube 1859.260 (depth 1, 34 lits): UNSAT in 0.03s
    cube 1859.261 (depth 1, 34 lits): UNSAT in 0.03s
    cube 1859.262 (depth 1, 34 lits): UNSAT in 0.06s
    cube 1859.263 (depth 1, 34 lits): UNSAT in 0.02s
    cube 1859.264 (depth 1, 32 lits): UNSAT in 0.01s
    cube 1859.265 (depth 1, 34 lits): UNSAT in 0.01s
    cube 1859.266 (depth 1, 34 lits): UNSAT in 0.01s
    cube 1859.267 (depth 1, 34 lits): UNSAT in 0.02s
    cube 1859.268 (depth 1, 34 lits): UNSAT in 0.01s
    cube 1859.269 (depth 1, 34 lits): UNSAT in 0.02s
    cube 1859.270 (depth 1, 34 lits): UNSAT in 0.04s
    cube 1859.271 (depth 1, 34 lits): UNSAT in 0.03s
    cube 1859.272 (depth 1, 34 lits): UNSAT in 0.09s
    cube 1859.273 (depth 1, 33 lits): UNSAT in 0.02s
    cube 1859.274 (depth 1, 34 lits): UNSAT in 0.06s
    cube 1859.275 (depth 1, 34 lits): UNSAT in 0.03s
    cube 1859.276 (depth 1, 34 lits): UNSAT in 0.02s
    cube 1859.277 (depth 1, 34 lits): UNSAT in 0.02s
    cube 1859.278 (depth 1, 34 lits): UNSAT in 0.02s
    cube 1859.279 (depth 1, 34 lits): UNSAT in 0.02s
    cube 1859.280 (depth 1, 34 lits): UNSAT in 0.01s
    cube 1859.281 (depth 1, 34 lits): UNSAT in 0.02s
    cube 1859.282 (depth 1, 34 lits): UNSAT in 0.02s
    cube 1859.283 (depth 1, 34 lits): UNSAT in 0.02s
    cube 1859.284 (depth 1, 34 lits): UNSAT in 0.02s
    cube 1859.285 (depth 1, 34 lits): UNSAT in 0.12s
    cube 1859.286 (depth 1, 34 lits): UNSAT in 0.05s
    cube 1859.287 (depth 1, 34 lits): UNSAT in 0.08s
    cube 1859.288 (depth 1, 34 lits): UNSAT in 0.05s
    cube 1859.289 (depth 1, 34 lits): UNSAT in 0.06s
    cube 1859.290 (depth 1, 34 lits): UNSAT in 0.30s
    cube 1859.291 (depth 1, 34 lits): UNSAT in 0.13s
    cube 1859.292 (depth 1, 33 lits): UNSAT in 0.01s
    cube 1859.293 (depth 1, 33 lits): UNSAT in 0.01s
    cube 1859.294 (depth 1, 34 lits): UNSAT in 0.01s
    cube 1859.295 (depth 1, 34 lits): UNSAT in 0.02s
    cube 1859.296 (depth 1, 34 lits): UNSAT in 0.02s
    cube 1859.297 (depth 1, 34 lits): UNSAT in 0.04s
    cube 1859.298 (depth 1, 34 lits): UNSAT in 0.02s
    cube 1859.299 (depth 1, 34 lits): UNSAT in 0.02s
    cube 1859.300 (depth 1, 34 lits): UNSAT in 0.02s
    cube 1859.301 (depth 1, 34 lits): UNSAT in 0.04s
    cube 1859.302 (depth 1, 34 lits): UNSAT in 0.01s
    cube 1859.303 (depth 1, 34 lits): UNSAT in 0.04s
    cube 1859.304 (depth 1, 34 lits): UNSAT in 0.03s
    cube 1859.305 (depth 1, 34 lits): UNSAT in 0.08s
    cube 1859.306 (depth 1, 33 lits): UNSAT in 0.02s
    cube 1859.307 (depth 1, 34 lits): UNSAT in 0.02s
    cube 1859.308 (depth 1, 34 lits): UNSAT in 0.04s
    cube 1859.309 (depth 1, 34 lits): UNSAT in 0.01s
    cube 1859.310 (depth 1, 34 lits): UNSAT in 0.04s
    cube 1859.311 (depth 1, 34 lits): UNSAT in 0.03s
    cube 1859.312 (depth 1, 34 lits): UNSAT in 0.15s
    cube 1859.313 (depth 1, 34 lits): UNSAT in 0.02s
    cube 1859.314 (depth 1, 34 lits): UNSAT in 0.08s
    cube 1859.315 (depth 1, 34 lits): UNSAT in 0.05s
    cube 1859.316 (depth 1, 34 lits): UNSAT in 0.12s
    cube 1859.317 (depth 1, 34 lits): UNSAT in 0.04s
    cube 1859.318 (depth 1, 34 lits): UNSAT in 0.12s
    cube 1859.319 (depth 1, 34 lits): UNSAT in 0.05s
    cube 1859.320 (depth 1, 34 lits): UNSAT in 0.57s
    cube 1859.321 (depth 1, 33 lits): UNSAT in 0.01s
    cube 1859.322 (depth 1, 34 lits): UNSAT in 0.02s
    cube 1859.323 (depth 1, 34 lits): UNSAT in 0.04s
    cube 1859.324 (depth 1, 34 lits): UNSAT in 0.02s
    cube 1859.325 (depth 1, 34 lits): UNSAT in 0.03s
    cube 1859.326 (depth 1, 34 lits): UNSAT in 0.04s
    cube 1859.327 (depth 1, 34 lits): UNSAT in 0.02s
    cube 1859.328 (depth 1, 34 lits): UNSAT in 0.01s
    cube 1859.329 (depth 1, 34 lits): UNSAT in 0.02s
    cube 1859.330 (depth 1, 34 lits): UNSAT in 0.04s
    cube 1859.331 (depth 1, 34 lits): UNSAT in 0.03s
    cube 1859.332 (depth 1, 34 lits): UNSAT in 0.02s
    cube 1859.333 (depth 1, 34 lits): UNSAT in 0.04s
    cube 1859.334 (depth 1, 34 lits): UNSAT in 0.05s
    cube 1859.335 (depth 1, 34 lits): UNSAT in 0.08s
    cube 1859.336 (depth 1, 34 lits): UNSAT in 0.02s
    cube 1859.337 (depth 1, 34 lits): UNSAT in 0.02s
    cube 1859.338 (depth 1, 34 lits): UNSAT in 0.03s
    cube 1859.339 (depth 1, 34 lits): UNSAT in 0.10s
    cube 1859.340 (depth 1, 34 lits): UNSAT in 0.07s
    cube 1859.341 (depth 1, 34 lits): UNSAT in 0.04s
    cube 1859.342 (depth 1, 34 lits): UNSAT in 0.37s
    cube 1859.343 (depth 1, 34 lits): UNSAT in 0.33s
    cube 1859.344 (depth 1, 34 lits): UNSAT in 0.02s
    cube 1859.345 (depth 1, 34 lits): UNSAT in 0.07s
    cube 1859.346 (depth 1, 34 lits): UNSAT in 0.08s
    cube 1859.347 (depth 1, 34 lits): UNSAT in 0.34s
    cube 1859.348 (depth 1, 34 lits): UNSAT in 0.12s
    cube 1859.349 (depth 1, 34 lits): UNSAT in 0.58s
    cube 1859.350 (depth 1, 34 lits): UNSAT in 0.23s
    cube 1859.351 (depth 1, 34 lits): UNSAT in 0.44s
    cube 1859.352 (depth 1, 32 lits): UNSAT in 0.02s
    cube 1859.353 (depth 1, 34 lits): UNSAT in 0.01s
    cube 1859.354 (depth 1, 34 lits): UNSAT in 0.02s
    cube 1859.355 (depth 1, 34 lits): UNSAT in 0.01s
    cube 1859.356 (depth 1, 34 lits): UNSAT in 0.02s
    cube 1859.357 (depth 1, 34 lits): UNSAT in 0.01s
    cube 1859.358 (depth 1, 34 lits): UNSAT in 0.02s
    cube 1859.359 (depth 1, 34 lits): UNSAT in 0.02s
    cube 1859.360 (depth 1, 34 lits): UNSAT in 0.04s
    cube 1859.361 (depth 1, 33 lits): UNSAT in 0.01s
    cube 1859.362 (depth 1, 34 lits): UNSAT in 0.06s
    cube 1859.363 (depth 1, 34 lits): UNSAT in 0.12s
    cube 1859.364 (depth 1, 33 lits): UNSAT in 0.02s
    cube 1859.365 (depth 1, 34 lits): UNSAT in 0.03s
    cube 1859.366 (depth 1, 34 lits): UNSAT in 0.04s
    cube 1859.367 (depth 1, 34 lits): UNSAT in 0.01s
    cube 1859.368 (depth 1, 34 lits): UNSAT in 0.03s
    cube 1859.369 (depth 1, 34 lits): UNSAT in 0.04s
    cube 1859.370 (depth 1, 34 lits): UNSAT in 0.08s
    cube 1859.371 (depth 1, 34 lits): UNSAT in 0.05s
    cube 1859.372 (depth 1, 34 lits): UNSAT in 0.09s
    cube 1859.373 (depth 1, 34 lits): UNSAT in 0.07s
    cube 1859.374 (depth 1, 34 lits): UNSAT in 0.35s
    cube 1859.375 (depth 1, 34 lits): UNSAT in 0.09s
    cube 1859.376 (depth 1, 34 lits): UNSAT in 0.29s
    cube 1859.377 (depth 1, 34 lits): UNSAT in 0.06s
    cube 1859.378 (depth 1, 34 lits): UNSAT in 0.08s
    cube 1859.379 (depth 1, 34 lits): UNSAT in 0.03s
    cube 1859.380 (depth 1, 34 lits): UNSAT in 0.09s
    cube 1859.381 (depth 1, 34 lits): UNSAT in 0.02s
    cube 1859.382 (depth 1, 34 lits): UNSAT in 0.26s
    cube 1859.383 (depth 1, 34 lits): UNSAT in 0.04s
    cube 1859.384 (depth 1, 34 lits): UNSAT in 0.10s
    cube 1859.385 (depth 1, 34 lits): UNSAT in 0.10s
    cube 1859.386 (depth 1, 34 lits): UNSAT in 0.92s
    cube 1859.387 (depth 1, 34 lits): UNSAT in 0.03s
    cube 1859.388 (depth 1, 34 lits): UNSAT in 0.10s
    cube 1859.389 (depth 1, 34 lits): UNSAT in 0.11s
    cube 1859.390 (depth 1, 34 lits): UNSAT in 0.31s
    cube 1859.391 (depth 1, 34 lits): UNSAT in 0.16s
    cube 1859.392 (depth 1, 34 lits): UNSAT in 0.70s
    cube 1859.393 (depth 1, 34 lits): UNSAT in 0.24s
    cube 1859.394 (depth 1, 34 lits): UNSAT in 0.74s
    cube 1859.395 (depth 1, 34 lits): UNSAT in 0.10s
    cube 1859.396 (depth 1, 34 lits): UNSAT in 0.35s
    cube 1859.397 (depth 1, 34 lits): UNSAT in 0.15s
    cube 1859.398 (depth 1, 34 lits): UNSAT in 0.62s
    cube 1859.399 (depth 1, 34 lits): UNSAT in 0.16s
    cube 1859.400 (depth 1, 34 lits): UNSAT in 0.73s
    cube 1859.401 (depth 1, 34 lits): UNSAT in 0.34s
    cube 1859.402 (depth 1, 34 lits): UNSAT in 0.97s
    cube 1859.403 (depth 1, 34 lits): UNSAT in 0.18s
    cube 1859.404 (depth 1, 34 lits): UNSAT in 0.65s
    cube 1859.405 (depth 1, 34 lits): UNSAT in 0.20s
    cube 1859.406 (depth 1, 34 lits): UNSAT in 0.82s
    cube 1859.407 (depth 1, 34 lits): UNSAT in 0.74s
    cube 1859.408 (depth 1, 34 lits): UNSAT in 4.14s
    cube 1859.409 (depth 1, 34 lits): UNSAT in 7.99s
    cube 1859.410 (depth 1, 34 lits): UNSAT in 5.99s
    cube 1859.411 (depth 1, 32 lits): UNSAT in 0.02s
    cube 1859.412 (depth 1, 33 lits): UNSAT in 0.01s
    cube 1859.413 (depth 1, 34 lits): UNSAT in 0.02s
    cube 1859.414 (depth 1, 34 lits): UNSAT in 0.02s
    cube 1859.415 (depth 1, 34 lits): UNSAT in 0.01s
    cube 1859.416 (depth 1, 34 lits): UNSAT in 0.02s
    cube 1859.417 (depth 1, 33 lits): UNSAT in 0.02s
    cube 1859.418 (depth 1, 34 lits): UNSAT in 0.01s
    cube 1859.419 (depth 1, 34 lits): UNSAT in 0.02s
    cube 1859.420 (depth 1, 34 lits): UNSAT in 0.02s
    cube 1859.421 (depth 1, 34 lits): UNSAT in 0.02s
    cube 1859.422 (depth 1, 32 lits): UNSAT in 0.01s
    cube 1859.423 (depth 1, 34 lits): UNSAT in 0.01s
    cube 1859.424 (depth 1, 34 lits): UNSAT in 0.01s
    cube 1859.425 (depth 1, 34 lits): UNSAT in 0.02s
    cube 1859.426 (depth 1, 34 lits): UNSAT in 0.02s
    cube 1859.427 (depth 1, 34 lits): UNSAT in 0.01s
    cube 1859.428 (depth 1, 34 lits): UNSAT in 0.02s
    cube 1859.429 (depth 1, 34 lits): UNSAT in 0.02s
    cube 1859.430 (depth 1, 34 lits): UNSAT in 0.02s
    cube 1859.431 (depth 1, 34 lits): UNSAT in 0.02s
    cube 1859.432 (depth 1, 34 lits): UNSAT in 0.02s
    cube 1859.433 (depth 1, 34 lits): UNSAT in 0.03s
    cube 1859.434 (depth 1, 34 lits): UNSAT in 0.02s
    cube 1859.435 (depth 1, 32 lits): UNSAT in 0.01s
    cube 1859.436 (depth 1, 32 lits): UNSAT in 0.01s
    cube 1859.437 (depth 1, 33 lits): UNSAT in 0.02s
    cube 1859.438 (depth 1, 34 lits): UNSAT in 0.01s
    cube 1859.439 (depth 1, 34 lits): UNSAT in 0.02s
    cube 1859.440 (depth 1, 34 lits): UNSAT in 0.01s
    cube 1859.441 (depth 1, 34 lits): UNSAT in 0.02s
    cube 1859.442 (depth 1, 34 lits): UNSAT in 0.02s
    cube 1859.443 (depth 1, 34 lits): UNSAT in 0.02s
    cube 1859.444 (depth 1, 34 lits): UNSAT in 0.01s
    cube 1859.445 (depth 1, 34 lits): UNSAT in 0.01s
    cube 1859.446 (depth 1, 34 lits): UNSAT in 0.01s
    cube 1859.447 (depth 1, 34 lits): UNSAT in 0.02s
    cube 1859.448 (depth 1, 33 lits): UNSAT in 0.01s
    cube 1859.449 (depth 1, 34 lits): UNSAT in 0.04s
    cube 1859.450 (depth 1, 34 lits): UNSAT in 0.02s
    cube 1859.451 (depth 1, 34 lits): UNSAT in 0.02s
    cube 1859.452 (depth 1, 34 lits): UNSAT in 0.02s
    cube 1859.453 (depth 1, 34 lits): UNSAT in 0.02s
    cube 1859.454 (depth 1, 34 lits): UNSAT in 0.05s
    cube 1859.455 (depth 1, 34 lits): UNSAT in 0.03s
    cube 1859.456 (depth 1, 34 lits): UNSAT in 0.03s
    cube 1859.457 (depth 1, 34 lits): UNSAT in 0.01s
    cube 1859.458 (depth 1, 34 lits): UNSAT in 0.03s
    cube 1859.459 (depth 1, 33 lits): UNSAT in 0.01s
    cube 1859.460 (depth 1, 34 lits): UNSAT in 0.01s
    cube 1859.461 (depth 1, 34 lits): UNSAT in 0.01s
    cube 1859.462 (depth 1, 33 lits): UNSAT in 0.01s
    cube 1859.463 (depth 1, 33 lits): UNSAT in 0.02s
    cube 1859.464 (depth 1, 34 lits): UNSAT in 0.01s
    cube 1859.465 (depth 1, 34 lits): UNSAT in 0.02s
    cube 1859.466 (depth 1, 34 lits): UNSAT in 0.01s
    cube 1859.467 (depth 1, 34 lits): UNSAT in 0.01s
    cube 1859.468 (depth 1, 34 lits): UNSAT in 0.01s
    cube 1859.469 (depth 1, 34 lits): UNSAT in 0.02s
    cube 1859.470 (depth 1, 34 lits): UNSAT in 0.02s
    cube 1859.471 (depth 1, 34 lits): UNSAT in 0.02s
    cube 1859.472 (depth 1, 34 lits): UNSAT in 0.01s
    cube 1859.473 (depth 1, 34 lits): UNSAT in 0.02s
    cube 1859.474 (depth 1, 34 lits): UNSAT in 0.02s
    cube 1859.475 (depth 1, 34 lits): UNSAT in 0.03s
    cube 1859.476 (depth 1, 34 lits): UNSAT in 0.02s
    cube 1859.477 (depth 1, 34 lits): UNSAT in 0.03s
    cube 1859.478 (depth 1, 34 lits): UNSAT in 0.02s
    cube 1859.479 (depth 1, 34 lits): UNSAT in 0.05s
    cube 1859.480 (depth 1, 34 lits): UNSAT in 0.02s
    cube 1859.481 (depth 1, 34 lits): UNSAT in 0.03s
    cube 1859.482 (depth 1, 34 lits): UNSAT in 0.04s
    cube 1859.483 (depth 1, 34 lits): UNSAT in 0.07s
    cube 1859.484 (depth 1, 34 lits): UNSAT in 0.02s
    cube 1859.485 (depth 1, 34 lits): UNSAT in 0.08s
    cube 1859.486 (depth 1, 34 lits): UNSAT in 0.02s
    cube 1859.487 (depth 1, 34 lits): UNSAT in 0.03s
    cube 1859.488 (depth 1, 33 lits): UNSAT in 0.01s
    cube 1859.489 (depth 1, 34 lits): UNSAT in 0.01s
    cube 1859.490 (depth 1, 34 lits): UNSAT in 0.02s
    cube 1859.491 (depth 1, 34 lits): UNSAT in 0.01s
    cube 1859.492 (depth 1, 34 lits): UNSAT in 0.02s
    cube 1859.493 (depth 1, 34 lits): UNSAT in 0.01s
    cube 1859.494 (depth 1, 34 lits): UNSAT in 0.02s
    cube 1859.495 (depth 1, 34 lits): UNSAT in 0.02s
    cube 1859.496 (depth 1, 34 lits): UNSAT in 0.02s
    cube 1859.497 (depth 1, 34 lits): UNSAT in 0.01s
    cube 1859.498 (depth 1, 34 lits): UNSAT in 0.02s
    cube 1859.499 (depth 1, 34 lits): UNSAT in 0.01s
    cube 1859.500 (depth 1, 34 lits): UNSAT in 0.04s
    cube 1859.501 (depth 1, 34 lits): UNSAT in 0.05s
    cube 1859.502 (depth 1, 34 lits): UNSAT in 0.02s
    cube 1859.503 (depth 1, 34 lits): UNSAT in 0.02s
    cube 1859.504 (depth 1, 34 lits): UNSAT in 0.03s
    cube 1859.505 (depth 1, 34 lits): UNSAT in 0.03s
    cube 1859.506 (depth 1, 34 lits): UNSAT in 0.03s
    cube 1859.507 (depth 1, 34 lits): UNSAT in 0.07s
    cube 1859.508 (depth 1, 34 lits): UNSAT in 0.04s
    cube 1859.509 (depth 1, 34 lits): UNSAT in 0.06s
    cube 1859.510 (depth 1, 34 lits): UNSAT in 0.12s
    cube 1859.511 (depth 1, 34 lits): UNSAT in 0.01s
    cube 1859.512 (depth 1, 34 lits): UNSAT in 0.01s
    cube 1859.513 (depth 1, 34 lits): UNSAT in 0.02s
    cube 1859.514 (depth 1, 34 lits): UNSAT in 0.01s
    cube 1859.515 (depth 1, 34 lits): UNSAT in 0.02s
    cube 1859.516 (depth 1, 34 lits): UNSAT in 0.07s
    cube 1859.517 (depth 1, 34 lits): UNSAT in 0.05s
    cube 1859.518 (depth 1, 34 lits): UNSAT in 0.15s
    cube 1859.519 (depth 1, 33 lits): UNSAT in 0.01s
    cube 1859.520 (depth 1, 33 lits): UNSAT in 0.01s
    cube 1859.521 (depth 1, 33 lits): UNSAT in 0.01s
    cube 1859.522 (depth 1, 34 lits): UNSAT in 0.01s
    cube 1859.523 (depth 1, 34 lits): UNSAT in 0.03s
    cube 1859.524 (depth 1, 34 lits): UNSAT in 0.01s
    cube 1859.525 (depth 1, 34 lits): UNSAT in 0.02s
    cube 1859.526 (depth 1, 34 lits): UNSAT in 0.01s
    cube 1859.527 (depth 1, 34 lits): UNSAT in 0.02s
    cube 1859.528 (depth 1, 34 lits): UNSAT in 0.02s
    cube 1859.529 (depth 1, 34 lits): UNSAT in 0.03s
    cube 1859.530 (depth 1, 34 lits): UNSAT in 0.04s
    cube 1859.531 (depth 1, 34 lits): UNSAT in 0.05s
    cube 1859.532 (depth 1, 33 lits): UNSAT in 0.02s
    cube 1859.533 (depth 1, 34 lits): UNSAT in 0.02s
    cube 1859.534 (depth 1, 34 lits): UNSAT in 0.02s
    cube 1859.535 (depth 1, 34 lits): UNSAT in 0.02s
    cube 1859.536 (depth 1, 34 lits): UNSAT in 0.01s
    cube 1859.537 (depth 1, 34 lits): UNSAT in 0.02s
    cube 1859.538 (depth 1, 34 lits): UNSAT in 0.03s
    cube 1859.539 (depth 1, 34 lits): UNSAT in 0.02s
    cube 1859.540 (depth 1, 34 lits): UNSAT in 0.02s
    cube 1859.541 (depth 1, 34 lits): UNSAT in 0.03s
    cube 1859.542 (depth 1, 34 lits): UNSAT in 0.04s
    cube 1859.543 (depth 1, 34 lits): UNSAT in 0.02s
    cube 1859.544 (depth 1, 34 lits): UNSAT in 0.05s
    cube 1859.545 (depth 1, 34 lits): UNSAT in 0.14s
    cube 1859.546 (depth 1, 34 lits): UNSAT in 0.07s
    cube 1859.547 (depth 1, 34 lits): UNSAT in 0.02s
    cube 1859.548 (depth 1, 34 lits): UNSAT in 0.02s
    cube 1859.549 (depth 1, 34 lits): UNSAT in 0.03s
    cube 1859.550 (depth 1, 34 lits): UNSAT in 0.04s
    cube 1859.551 (depth 1, 34 lits): UNSAT in 0.04s
    cube 1859.552 (depth 1, 34 lits): UNSAT in 0.06s
    cube 1859.553 (depth 1, 34 lits): UNSAT in 0.02s
    cube 1859.554 (depth 1, 34 lits): UNSAT in 0.04s
    cube 1859.555 (depth 1, 34 lits): UNSAT in 0.01s
    cube 1859.556 (depth 1, 34 lits): UNSAT in 0.04s
    cube 1859.557 (depth 1, 34 lits): UNSAT in 0.07s
    cube 1859.558 (depth 1, 34 lits): UNSAT in 0.10s
    cube 1859.559 (depth 1, 34 lits): UNSAT in 0.01s
    cube 1859.560 (depth 1, 34 lits): UNSAT in 0.05s
    cube 1859.561 (depth 1, 34 lits): UNSAT in 0.11s
    cube 1859.562 (depth 1, 34 lits): UNSAT in 0.27s
    cube 1859.563 (depth 1, 34 lits): UNSAT in 0.02s
    cube 1859.564 (depth 1, 34 lits): UNSAT in 0.04s
    cube 1859.565 (depth 1, 34 lits): UNSAT in 0.19s
    cube 1859.566 (depth 1, 34 lits): UNSAT in 0.54s
    cube 1859.567 (depth 1, 34 lits): UNSAT in 0.07s
    cube 1859.568 (depth 1, 34 lits): UNSAT in 0.13s
    cube 1859.569 (depth 1, 34 lits): UNSAT in 0.06s
    cube 1859.570 (depth 1, 34 lits): UNSAT in 0.72s
    cube 1859.571 (depth 1, 34 lits): UNSAT in 0.02s
    cube 1859.572 (depth 1, 34 lits): UNSAT in 0.06s
    cube 1859.573 (depth 1, 34 lits): UNSAT in 0.19s
    cube 1859.574 (depth 1, 34 lits): UNSAT in 0.32s
    cube 1859.575 (depth 1, 34 lits): UNSAT in 0.37s
    cube 1859.576 (depth 1, 34 lits): UNSAT in 0.16s
    cube 1859.577 (depth 1, 34 lits): UNSAT in 0.15s
    cube 1859.578 (depth 1, 34 lits): UNSAT in 2.20s
    cube 1859.579 (depth 1, 33 lits): UNSAT in 0.02s
    cube 1859.580 (depth 1, 33 lits): UNSAT in 0.02s
    cube 1859.581 (depth 1, 34 lits): UNSAT in 0.01s
    cube 1859.582 (depth 1, 34 lits): UNSAT in 0.02s
    cube 1859.583 (depth 1, 34 lits): UNSAT in 0.03s
    cube 1859.584 (depth 1, 34 lits): UNSAT in 0.04s
    cube 1859.585 (depth 1, 34 lits): UNSAT in 0.02s
    cube 1859.586 (depth 1, 34 lits): UNSAT in 0.04s
    cube 1859.587 (depth 1, 34 lits): UNSAT in 0.03s
    cube 1859.588 (depth 1, 34 lits): UNSAT in 0.07s
    cube 1859.589 (depth 1, 34 lits): UNSAT in 0.03s
    cube 1859.590 (depth 1, 34 lits): UNSAT in 0.07s
    cube 1859.591 (depth 1, 34 lits): UNSAT in 0.04s
    cube 1859.592 (depth 1, 34 lits): UNSAT in 0.33s
    cube 1859.593 (depth 1, 34 lits): UNSAT in 0.01s
    cube 1859.594 (depth 1, 34 lits): UNSAT in 0.02s
    cube 1859.595 (depth 1, 34 lits): UNSAT in 0.03s
    cube 1859.596 (depth 1, 34 lits): UNSAT in 0.12s
    cube 1859.597 (depth 1, 34 lits): UNSAT in 0.04s
    cube 1859.598 (depth 1, 34 lits): UNSAT in 0.08s
    cube 1859.599 (depth 1, 34 lits): UNSAT in 0.09s
    cube 1859.600 (depth 1, 34 lits): UNSAT in 0.30s
    cube 1859.601 (depth 1, 34 lits): UNSAT in 0.02s
    cube 1859.602 (depth 1, 34 lits): UNSAT in 0.03s
    cube 1859.603 (depth 1, 34 lits): UNSAT in 0.05s
    cube 1859.604 (depth 1, 34 lits): UNSAT in 0.10s
    cube 1859.605 (depth 1, 34 lits): UNSAT in 0.06s
    cube 1859.606 (depth 1, 34 lits): UNSAT in 0.18s
    cube 1859.607 (depth 1, 34 lits): UNSAT in 0.43s
    cube 1859.608 (depth 1, 34 lits): UNSAT in 1.62s
    cube 1859.609 (depth 1, 34 lits): UNSAT in 0.02s
    cube 1859.610 (depth 1, 34 lits): UNSAT in 0.03s
    cube 1859.611 (depth 1, 34 lits): UNSAT in 0.07s
    cube 1859.612 (depth 1, 34 lits): UNSAT in 0.19s
    cube 1859.613 (depth 1, 34 lits): UNSAT in 0.03s
    cube 1859.614 (depth 1, 34 lits): UNSAT in 0.10s
    cube 1859.615 (depth 1, 34 lits): UNSAT in 0.10s
    cube 1859.616 (depth 1, 34 lits): UNSAT in 0.51s
    cube 1859.617 (depth 1, 34 lits): UNSAT in 0.02s
    cube 1859.618 (depth 1, 34 lits): UNSAT in 0.05s
    cube 1859.619 (depth 1, 34 lits): UNSAT in 0.12s
    cube 1859.620 (depth 1, 34 lits): UNSAT in 0.19s
    cube 1859.621 (depth 1, 34 lits): UNSAT in 0.20s
    cube 1859.622 (depth 1, 34 lits): UNSAT in 0.33s
    cube 1859.623 (depth 1, 34 lits): UNSAT in 0.69s
    cube 1859.624 (depth 1, 34 lits): UNSAT in 1.30s
    cube 1859.625 (depth 1, 34 lits): UNSAT in 0.04s
    cube 1859.626 (depth 1, 34 lits): UNSAT in 0.13s
    cube 1859.627 (depth 1, 34 lits): UNSAT in 0.07s
    cube 1859.628 (depth 1, 34 lits): UNSAT in 0.31s
    cube 1859.629 (depth 1, 34 lits): UNSAT in 0.15s
    cube 1859.630 (depth 1, 34 lits): UNSAT in 0.37s
    cube 1859.631 (depth 1, 34 lits): UNSAT in 0.19s
    cube 1859.632 (depth 1, 34 lits): UNSAT in 2.93s
    cube 1859.633 (depth 1, 34 lits): UNSAT in 0.26s
    cube 1859.634 (depth 1, 34 lits): UNSAT in 0.48s
    cube 1859.635 (depth 1, 34 lits): UNSAT in 0.79s
    cube 1859.636 (depth 1, 34 lits): UNSAT in 1.99s
    cube 1859.637 (depth 1, 34 lits): UNSAT in 0.33s
    cube 1859.638 (depth 1, 34 lits): UNSAT in 1.19s
    cube 1859.639 (depth 1, 34 lits): UNSAT in 1.44s
    cube 1859.640 (depth 1, 34 lits): UNSAT in 1.41s
    cube 1859.641 (depth 1, 33 lits): UNSAT in 0.01s
    cube 1859.642 (depth 1, 33 lits): UNSAT in 0.02s
    cube 1859.643 (depth 1, 34 lits): UNSAT in 0.02s
    cube 1859.644 (depth 1, 34 lits): UNSAT in 0.03s
    cube 1859.645 (depth 1, 34 lits): UNSAT in 0.01s
    cube 1859.646 (depth 1, 34 lits): UNSAT in 0.03s
    cube 1859.647 (depth 1, 34 lits): UNSAT in 0.02s
    cube 1859.648 (depth 1, 34 lits): UNSAT in 0.02s
    cube 1859.649 (depth 1, 34 lits): UNSAT in 0.02s
    cube 1859.650 (depth 1, 34 lits): UNSAT in 0.07s
    cube 1859.651 (depth 1, 34 lits): UNSAT in 0.01s
    cube 1859.652 (depth 1, 34 lits): UNSAT in 0.06s
    cube 1859.653 (depth 1, 34 lits): UNSAT in 0.04s
    cube 1859.654 (depth 1, 34 lits): UNSAT in 0.22s
    cube 1859.655 (depth 1, 34 lits): UNSAT in 0.01s
    cube 1859.656 (depth 1, 34 lits): UNSAT in 0.02s
    cube 1859.657 (depth 1, 34 lits): UNSAT in 0.03s
    cube 1859.658 (depth 1, 34 lits): UNSAT in 0.02s
    cube 1859.659 (depth 1, 34 lits): UNSAT in 0.02s
    cube 1859.660 (depth 1, 34 lits): UNSAT in 0.05s
    cube 1859.661 (depth 1, 34 lits): UNSAT in 0.06s
    cube 1859.662 (depth 1, 34 lits): UNSAT in 0.18s
    cube 1859.663 (depth 1, 34 lits): UNSAT in 0.02s
    cube 1859.664 (depth 1, 34 lits): UNSAT in 0.03s
    cube 1859.665 (depth 1, 34 lits): UNSAT in 0.05s
    cube 1859.666 (depth 1, 34 lits): UNSAT in 0.07s
    cube 1859.667 (depth 1, 34 lits): UNSAT in 0.06s
    cube 1859.668 (depth 1, 34 lits): UNSAT in 0.22s
    cube 1859.669 (depth 1, 34 lits): UNSAT in 0.27s
    cube 1859.670 (depth 1, 34 lits): UNSAT in 1.08s
    cube 1859.671 (depth 1, 34 lits): UNSAT in 0.01s
    cube 1859.672 (depth 1, 34 lits): UNSAT in 0.03s
    cube 1859.673 (depth 1, 34 lits): UNSAT in 0.02s
    cube 1859.674 (depth 1, 34 lits): UNSAT in 0.04s
    cube 1859.675 (depth 1, 34 lits): UNSAT in 0.03s
    cube 1859.676 (depth 1, 34 lits): UNSAT in 0.09s
    cube 1859.677 (depth 1, 34 lits): UNSAT in 0.14s
    cube 1859.678 (depth 1, 34 lits): UNSAT in 0.77s
    cube 1859.679 (depth 1, 34 lits): UNSAT in 0.02s
    cube 1859.680 (depth 1, 34 lits): UNSAT in 0.07s
    cube 1859.681 (depth 1, 34 lits): UNSAT in 0.09s
    cube 1859.682 (depth 1, 34 lits): UNSAT in 0.14s
    cube 1859.683 (depth 1, 34 lits): UNSAT in 0.03s
    cube 1859.684 (depth 1, 34 lits): UNSAT in 0.25s
    cube 1859.685 (depth 1, 34 lits): UNSAT in 0.16s
    cube 1859.686 (depth 1, 34 lits): UNSAT in 1.19s
    cube 1859.687 (depth 1, 34 lits): UNSAT in 0.01s
    cube 1859.688 (depth 1, 34 lits): UNSAT in 0.02s
    cube 1859.689 (depth 1, 34 lits): UNSAT in 0.04s
    cube 1859.690 (depth 1, 34 lits): UNSAT in 0.04s
    cube 1859.691 (depth 1, 34 lits): UNSAT in 0.03s
    cube 1859.692 (depth 1, 34 lits): UNSAT in 0.17s
    cube 1859.693 (depth 1, 34 lits): UNSAT in 0.14s
    cube 1859.694 (depth 1, 34 lits): UNSAT in 0.24s
    cube 1859.695 (depth 1, 34 lits): UNSAT in 0.05s
    cube 1859.696 (depth 1, 34 lits): UNSAT in 0.21s
    cube 1859.697 (depth 1, 34 lits): UNSAT in 0.18s
    cube 1859.698 (depth 1, 34 lits): UNSAT in 0.48s
    cube 1859.699 (depth 1, 34 lits): UNSAT in 0.12s
    cube 1859.700 (depth 1, 34 lits): UNSAT in 0.96s
    cube 1859.701 (depth 1, 34 lits): UNSAT in 1.14s
    cube 1859.702 (depth 1, 34 lits): UNSAT in 5.83s
    cube 1859.703 (depth 1, 33 lits): UNSAT in 0.01s
    cube 1859.704 (depth 1, 34 lits): UNSAT in 0.01s
    cube 1859.705 (depth 1, 34 lits): UNSAT in 0.02s
    cube 1859.706 (depth 1, 34 lits): UNSAT in 0.01s
    cube 1859.707 (depth 1, 34 lits): UNSAT in 0.02s
    cube 1859.708 (depth 1, 34 lits): UNSAT in 0.02s
    cube 1859.709 (depth 1, 34 lits): UNSAT in 0.04s
    cube 1859.710 (depth 1, 32 lits): UNSAT in 0.02s
    cube 1859.711 (depth 1, 34 lits): UNSAT in 0.02s
    cube 1859.712 (depth 1, 34 lits): UNSAT in 0.02s
    cube 1859.713 (depth 1, 34 lits): UNSAT in 0.02s
    cube 1859.714 (depth 1, 34 lits): UNSAT in 0.09s
    cube 1859.715 (depth 1, 34 lits): UNSAT in 0.02s
    cube 1859.716 (depth 1, 34 lits): UNSAT in 0.01s
    cube 1859.717 (depth 1, 34 lits): UNSAT in 0.01s
    cube 1859.718 (depth 1, 34 lits): UNSAT in 0.08s
    cube 1859.719 (depth 1, 34 lits): UNSAT in 0.03s
    cube 1859.720 (depth 1, 34 lits): UNSAT in 0.11s
    cube 1859.721 (depth 1, 34 lits): UNSAT in 0.07s
    cube 1859.722 (depth 1, 34 lits): UNSAT in 0.15s
    cube 1859.723 (depth 1, 34 lits): UNSAT in 0.03s
    cube 1859.724 (depth 1, 34 lits): UNSAT in 0.06s
    cube 1859.725 (depth 1, 34 lits): UNSAT in 0.11s
    cube 1859.726 (depth 1, 34 lits): UNSAT in 0.11s
    cube 1859.727 (depth 1, 34 lits): UNSAT in 0.09s
    cube 1859.728 (depth 1, 34 lits): UNSAT in 0.24s
    cube 1859.729 (depth 1, 34 lits): UNSAT in 0.06s
    cube 1859.730 (depth 1, 34 lits): UNSAT in 0.84s
    cube 1859.731 (depth 1, 34 lits): UNSAT in 0.03s
    cube 1859.732 (depth 1, 34 lits): UNSAT in 0.11s
    cube 1859.733 (depth 1, 34 lits): UNSAT in 0.03s
    cube 1859.734 (depth 1, 34 lits): UNSAT in 0.13s
    cube 1859.735 (depth 1, 34 lits): UNSAT in 0.03s
    cube 1859.736 (depth 1, 34 lits): UNSAT in 0.05s
    cube 1859.737 (depth 1, 34 lits): UNSAT in 0.05s
    cube 1859.738 (depth 1, 34 lits): UNSAT in 0.34s
    cube 1859.739 (depth 1, 34 lits): UNSAT in 0.03s
    cube 1859.740 (depth 1, 34 lits): UNSAT in 0.07s
    cube 1859.741 (depth 1, 34 lits): UNSAT in 0.06s
    cube 1859.742 (depth 1, 34 lits): UNSAT in 0.34s
    cube 1859.743 (depth 1, 34 lits): UNSAT in 0.07s
    cube 1859.744 (depth 1, 34 lits): UNSAT in 0.65s
    cube 1859.745 (depth 1, 34 lits): UNSAT in 0.27s
    cube 1859.746 (depth 1, 34 lits): UNSAT in 1.22s
    cube 1859.747 (depth 1, 34 lits): UNSAT in 0.04s
    cube 1859.748 (depth 1, 34 lits): UNSAT in 0.11s
    cube 1859.749 (depth 1, 34 lits): UNSAT in 0.24s
    cube 1859.750 (depth 1, 34 lits): UNSAT in 0.89s
    cube 1859.751 (depth 1, 34 lits): UNSAT in 0.22s
    cube 1859.752 (depth 1, 34 lits): UNSAT in 0.77s
    cube 1859.753 (depth 1, 34 lits): UNSAT in 0.85s
    cube 1859.754 (depth 1, 34 lits): UNSAT in 0.90s
    cube 1859.755 (depth 1, 34 lits): UNSAT in 0.42s
    cube 1859.756 (depth 1, 34 lits): UNSAT in 0.55s
    cube 1859.757 (depth 1, 34 lits): UNSAT in 0.81s
    cube 1859.758 (depth 1, 34 lits): UNSAT in 2.13s
    cube 1859.759 (depth 1, 34 lits): UNSAT in 1.15s
    cube 1859.760 (depth 1, 34 lits): UNSAT in 3.70s
    cube 1859.761 (depth 1, 34 lits): UNSAT in 3.54s
    cube 1859.762 (depth 1, 34 lits): UNSAT in 12.78s
    cube 1859.763 (depth 1, 34 lits): UNSAT in 0.01s
    cube 1859.764 (depth 1, 34 lits): UNSAT in 0.01s
    cube 1859.765 (depth 1, 34 lits): UNSAT in 0.02s
    cube 1859.766 (depth 1, 34 lits): UNSAT in 0.06s
    cube 1859.767 (depth 1, 34 lits): UNSAT in 0.04s
    cube 1859.768 (depth 1, 34 lits): UNSAT in 0.06s
    cube 1859.769 (depth 1, 34 lits): UNSAT in 0.06s
    cube 1859.770 (depth 1, 34 lits): UNSAT in 0.05s
    cube 1859.771 (depth 1, 34 lits): UNSAT in 0.03s
    cube 1859.772 (depth 1, 34 lits): UNSAT in 0.02s
    cube 1859.773 (depth 1, 34 lits): UNSAT in 0.01s
    cube 1859.774 (depth 1, 34 lits): UNSAT in 0.07s
    cube 1859.775 (depth 1, 34 lits): UNSAT in 0.08s
    cube 1859.776 (depth 1, 34 lits): UNSAT in 0.15s
    cube 1859.777 (depth 1, 34 lits): UNSAT in 0.34s
    cube 1859.778 (depth 1, 34 lits): UNSAT in 0.78s
    cube 1859.779 (depth 1, 34 lits): UNSAT in 0.07s
    cube 1859.780 (depth 1, 34 lits): UNSAT in 0.10s
    cube 1859.781 (depth 1, 34 lits): UNSAT in 0.09s
    cube 1859.782 (depth 1, 34 lits): UNSAT in 0.60s
    cube 1859.783 (depth 1, 34 lits): UNSAT in 0.06s
    cube 1859.784 (depth 1, 34 lits): UNSAT in 0.27s
    cube 1859.785 (depth 1, 34 lits): UNSAT in 0.23s
    cube 1859.786 (depth 1, 34 lits): UNSAT in 0.42s
    cube 1859.787 (depth 1, 34 lits): UNSAT in 0.15s
    cube 1859.788 (depth 1, 34 lits): UNSAT in 0.17s
    cube 1859.789 (depth 1, 34 lits): UNSAT in 0.06s
    cube 1859.790 (depth 1, 34 lits): UNSAT in 0.28s
    cube 1859.791 (depth 1, 34 lits): UNSAT in 0.21s
    cube 1859.792 (depth 1, 34 lits): UNSAT in 0.75s
    cube 1859.793 (depth 1, 34 lits): UNSAT in 0.39s
    cube 1859.794 (depth 1, 34 lits): UNSAT in 0.73s
    cube 1859.795 (depth 1, 34 lits): UNSAT in 0.02s
    cube 1859.796 (depth 1, 34 lits): UNSAT in 0.03s
    cube 1859.797 (depth 1, 34 lits): UNSAT in 0.03s
    cube 1859.798 (depth 1, 34 lits): UNSAT in 0.15s
    cube 1859.799 (depth 1, 34 lits): UNSAT in 0.02s
    cube 1859.800 (depth 1, 34 lits): UNSAT in 0.02s
    cube 1859.801 (depth 1, 34 lits): UNSAT in 0.05s
    cube 1859.802 (depth 1, 34 lits): UNSAT in 0.04s
    cube 1859.803 (depth 1, 34 lits): UNSAT in 0.02s
    cube 1859.804 (depth 1, 34 lits): UNSAT in 0.02s
    cube 1859.805 (depth 1, 34 lits): UNSAT in 0.09s
    cube 1859.806 (depth 1, 34 lits): UNSAT in 0.05s
    cube 1859.807 (depth 1, 34 lits): UNSAT in 0.07s
    cube 1859.808 (depth 1, 34 lits): UNSAT in 0.05s
    cube 1859.809 (depth 1, 34 lits): UNSAT in 0.05s
    cube 1859.810 (depth 1, 34 lits): UNSAT in 0.18s
    cube 1859.811 (depth 1, 34 lits): UNSAT in 0.03s
    cube 1859.812 (depth 1, 34 lits): UNSAT in 0.04s
    cube 1859.813 (depth 1, 34 lits): UNSAT in 0.07s
    cube 1859.814 (depth 1, 34 lits): UNSAT in 0.14s
    cube 1859.815 (depth 1, 34 lits): UNSAT in 0.13s
    cube 1859.816 (depth 1, 34 lits): UNSAT in 0.52s
    cube 1859.817 (depth 1, 34 lits): UNSAT in 0.25s
    cube 1859.818 (depth 1, 34 lits): UNSAT in 1.24s
    cube 1859.819 (depth 1, 34 lits): UNSAT in 0.05s
    cube 1859.820 (depth 1, 34 lits): UNSAT in 0.44s
    cube 1859.821 (depth 1, 34 lits): UNSAT in 0.28s
    cube 1859.822 (depth 1, 34 lits): UNSAT in 0.71s
    cube 1859.823 (depth 1, 34 lits): UNSAT in 0.59s
    cube 1859.824 (depth 1, 34 lits): UNSAT in 1.59s
    cube 1859.825 (depth 1, 34 lits): UNSAT in 2.72s
    cube 1859.826 (depth 1, 34 lits): UNSAT in 9.15s
    cube 1859.827 (depth 1, 34 lits): UNSAT in 0.03s
    cube 1859.828 (depth 1, 34 lits): UNSAT in 0.05s
    cube 1859.829 (depth 1, 34 lits): UNSAT in 0.08s
    cube 1859.830 (depth 1, 34 lits): UNSAT in 0.27s
    cube 1859.831 (depth 1, 34 lits): UNSAT in 0.04s
    cube 1859.832 (depth 1, 34 lits): UNSAT in 0.21s
    cube 1859.833 (depth 1, 34 lits): UNSAT in 0.07s
    cube 1859.834 (depth 1, 34 lits): UNSAT in 0.41s
    cube 1859.835 (depth 1, 34 lits): UNSAT in 0.09s
    cube 1859.836 (depth 1, 34 lits): UNSAT in 0.39s
    cube 1859.837 (depth 1, 34 lits): UNSAT in 0.17s
    cube 1859.838 (depth 1, 34 lits): UNSAT in 0.89s
    cube 1859.839 (depth 1, 34 lits): UNSAT in 0.06s
    cube 1859.840 (depth 1, 34 lits): UNSAT in 0.36s
    cube 1859.841 (depth 1, 34 lits): UNSAT in 0.72s
    cube 1859.842 (depth 1, 34 lits): UNSAT in 7.20s
    cube 1859.843 (depth 1, 34 lits): UNSAT in 0.02s
    cube 1859.844 (depth 1, 34 lits): UNSAT in 0.14s
    cube 1859.845 (depth 1, 34 lits): UNSAT in 0.10s
    cube 1859.846 (depth 1, 34 lits): UNSAT in 0.26s
    cube 1859.847 (depth 1, 34 lits): UNSAT in 0.13s
    cube 1859.848 (depth 1, 34 lits): UNSAT in 0.11s
    cube 1859.849 (depth 1, 34 lits): UNSAT in 0.07s
    cube 1859.850 (depth 1, 34 lits): UNSAT in 0.43s
    cube 1859.851 (depth 1, 34 lits): UNSAT in 0.23s
    cube 1859.852 (depth 1, 34 lits): UNSAT in 0.70s
    cube 1859.853 (depth 1, 34 lits): UNSAT in 0.25s
    cube 1859.854 (depth 1, 34 lits): UNSAT in 0.84s
    cube 1859.855 (depth 1, 34 lits): UNSAT in 0.89s
    cube 1859.856 (depth 1, 34 lits): UNSAT in 4.14s
    cube 1859.857 (depth 1, 34 lits): UNSAT in 4.36s
    cube 1859.858 (depth 1, 34 lits): UNSAT in 19.92s
    cube 1859.859 (depth 1, 34 lits): UNSAT in 0.02s
    cube 1859.860 (depth 1, 34 lits): UNSAT in 0.02s
    cube 1859.861 (depth 1, 34 lits): UNSAT in 0.03s
    cube 1859.862 (depth 1, 34 lits): UNSAT in 0.10s
    cube 1859.863 (depth 1, 34 lits): UNSAT in 0.02s
    cube 1859.864 (depth 1, 34 lits): UNSAT in 0.02s
    cube 1859.865 (depth 1, 34 lits): UNSAT in 0.03s
    cube 1859.866 (depth 1, 34 lits): UNSAT in 0.24s
    cube 1859.867 (depth 1, 34 lits): UNSAT in 0.02s
    cube 1859.868 (depth 1, 34 lits): UNSAT in 0.03s
    cube 1859.869 (depth 1, 34 lits): UNSAT in 0.06s
    cube 1859.870 (depth 1, 34 lits): UNSAT in 0.13s
    cube 1859.871 (depth 1, 34 lits): UNSAT in 0.05s
    cube 1859.872 (depth 1, 34 lits): UNSAT in 0.20s
    cube 1859.873 (depth 1, 34 lits): UNSAT in 0.42s
    cube 1859.874 (depth 1, 34 lits): UNSAT in 0.93s
    cube 1859.875 (depth 1, 34 lits): UNSAT in 0.04s
    cube 1859.876 (depth 1, 34 lits): UNSAT in 0.18s
    cube 1859.877 (depth 1, 34 lits): UNSAT in 0.09s
    cube 1859.878 (depth 1, 34 lits): UNSAT in 0.20s
    cube 1859.879 (depth 1, 34 lits): UNSAT in 0.12s
    cube 1859.880 (depth 1, 34 lits): UNSAT in 0.17s
    cube 1859.881 (depth 1, 34 lits): UNSAT in 0.79s
    cube 1859.882 (depth 1, 34 lits): UNSAT in 1.69s
    cube 1859.883 (depth 1, 34 lits): UNSAT in 0.24s
    cube 1859.884 (depth 1, 34 lits): UNSAT in 1.32s
    cube 1859.885 (depth 1, 34 lits): UNSAT in 0.73s
    cube 1859.886 (depth 1, 34 lits): UNSAT in 2.12s
    cube 1859.887 (depth 1, 34 lits): UNSAT in 0.69s
    cube 1859.888 (depth 1, 34 lits): UNSAT in 10.71s
    cube 1859.889 (depth 1, 34 lits): UNSAT in 12.94s
    cube 1859.890 (depth 1, 34 lits): UNSAT in 76.33s
    cube 1862 (depth 0, 22 lits): UNSAT in 0.01s
    cube 1865 (depth 0, 24 lits): UNSAT in 0.01s
    cube 1868 (depth 0, 24 lits): UNSAT in 0.04s
    cube 1871 (depth 0, 24 lits): UNSAT in 0.02s
    cube 1874 (depth 0, 24 lits): UNSAT in 0.02s
    cube 1877 (depth 0, 24 lits): UNSAT in 0.02s
    cube 1880 (depth 0, 24 lits): UNSAT in 0.01s
    cube 1883 (depth 0, 22 lits): UNSAT in 0.01s
    cube 1886 (depth 0, 24 lits): UNSAT in 0.01s
    cube 1889 (depth 0, 24 lits): UNSAT in 0.02s
    cube 1892 (depth 0, 24 lits): UNSAT in 0.02s
    cube 1895 (depth 0, 24 lits): UNSAT in 0.02s
    cube 1898 (depth 0, 24 lits): UNSAT in 0.01s
    cube 1901 (depth 0, 23 lits): UNSAT in 0.02s
    cube 1904 (depth 0, 24 lits): UNSAT in 0.02s
    cube 1907 (depth 0, 23 lits): UNSAT in 0.01s
    cube 1910 (depth 0, 24 lits): UNSAT in 0.02s
    cube 1913 (depth 0, 24 lits): UNSAT in 0.02s
    cube 1916 (depth 0, 23 lits): UNSAT in 0.02s
    cube 1919 (depth 0, 24 lits): UNSAT in 0.02s
    cube 1922 (depth 0, 24 lits): UNSAT in 0.04s
    cube 1925 (depth 0, 24 lits): UNSAT in 0.03s
    cube 1928 (depth 0, 24 lits): UNSAT in 0.03s
    cube 1931 (depth 0, 24 lits): UNSAT in 0.05s
    cube 1934 (depth 0, 24 lits): UNSAT in 0.30s
    cube 1937 (depth 0, 24 lits): UNSAT in 0.25s
    cube 1940 (depth 0, 24 lits): UNSAT in 0.12s
    cube 1943 (depth 0, 23 lits): UNSAT in 0.01s
    cube 1946 (depth 0, 24 lits): UNSAT in 0.01s
    cube 1949 (depth 0, 23 lits): UNSAT in 0.02s
    cube 1952 (depth 0, 22 lits): UNSAT in 0.02s
    cube 1955 (depth 0, 24 lits): UNSAT in 0.02s
    cube 1958 (depth 0, 24 lits): UNSAT in 0.02s
    cube 1961 (depth 0, 24 lits): UNSAT in 0.02s
    cube 1964 (depth 0, 24 lits): UNSAT in 0.01s
    cube 1967 (depth 0, 24 lits): UNSAT in 0.02s
    cube 1970 (depth 0, 24 lits): UNSAT in 0.02s
    cube 1973 (depth 0, 24 lits): UNSAT in 0.02s
    cube 1976 (depth 0, 24 lits): UNSAT in 0.02s
    cube 1979 (depth 0, 24 lits): UNSAT in 0.06s
    cube 1982 (depth 0, 24 lits): UNSAT in 0.05s
    cube 1985 (depth 0, 24 lits): UNSAT in 0.02s
    cube 1988 (depth 0, 24 lits): UNSAT in 0.01s
    cube 1991 (depth 0, 24 lits): UNSAT in 0.05s
    cube 1994 (depth 0, 24 lits): UNSAT in 0.04s
    cube 1997 (depth 0, 24 lits): UNSAT in 0.02s
    cube 2000 (depth 0, 24 lits): UNSAT in 0.03s
    cube 2003 (depth 0, 24 lits): UNSAT in 0.23s
    cube 2006 (depth 0, 24 lits): UNSAT in 0.02s
    cube 2009 (depth 0, 24 lits): UNSAT in 0.12s
    cube 2012 (depth 0, 24 lits): UNSAT in 0.01s
    cube 2015 (depth 0, 24 lits): UNSAT in 0.03s
    cube 2018 (depth 0, 24 lits): UNSAT in 0.08s
    cube 2021 (depth 0, 24 lits): UNSAT in 0.02s
    cube 2024 (depth 0, 24 lits): UNSAT in 0.01s
    cube 2027 (depth 0, 24 lits): UNSAT in 0.10s
    cube 2030 (depth 0, 24 lits): UNSAT in 0.06s
    cube 2033 (depth 0, 24 lits): UNSAT in 0.07s
    cube 2036 (depth 0, 24 lits): UNSAT in 0.03s
    cube 2039 (depth 0, 24 lits): UNSAT in 0.03s
    cube 2042 (depth 0, 24 lits): UNSAT in 0.08s
    cube 2045 (depth 0, 24 lits): UNSAT in 0.15s
    cube 2048 (depth 0, 24 lits): UNSAT in 0.89s
    cube 2051 (depth 0, 24 lits): UNSAT in 1.27s
    cube 2054 (depth 0, 24 lits): UNSAT in 0.01s
    cube 2057 (depth 0, 24 lits): UNSAT in 0.02s
    cube 2060 (depth 0, 24 lits): UNSAT in 0.02s
    cube 2063 (depth 0, 24 lits): UNSAT in 0.02s
    cube 2066 (depth 0, 24 lits): UNSAT in 0.01s
    cube 2069 (depth 0, 24 lits): UNSAT in 0.02s
    cube 2072 (depth 0, 24 lits): UNSAT in 0.01s
    cube 2075 (depth 0, 24 lits): UNSAT in 0.04s
    cube 2078 (depth 0, 24 lits): UNSAT in 0.03s
    cube 2081 (depth 0, 24 lits): UNSAT in 0.18s
    cube 2084 (depth 0, 24 lits): UNSAT in 0.02s
    cube 2087 (depth 0, 24 lits): UNSAT in 0.03s
    cube 2090 (depth 0, 24 lits): UNSAT in 0.02s
    cube 2093 (depth 0, 24 lits): UNSAT in 0.16s
    cube 2096 (depth 0, 24 lits): UNSAT in 0.06s
    cube 2099 (depth 0, 24 lits): UNSAT in 0.05s
    cube 2102 (depth 0, 24 lits): UNSAT in 0.04s
    cube 2105 (depth 0, 24 lits): UNSAT in 0.42s
    cube 2108 (depth 0, 24 lits): UNSAT in 0.19s
    cube 2111 (depth 0, 24 lits): UNSAT in 1.53s
    cube 2114 (depth 0, 23 lits): UNSAT in 0.01s
    cube 2117 (depth 0, 24 lits): UNSAT in 0.01s
    cube 2120 (depth 0, 24 lits): UNSAT in 0.05s
    cube 2123 (depth 0, 24 lits): UNSAT in 0.02s
    cube 2126 (depth 0, 24 lits): UNSAT in 0.05s
    cube 2129 (depth 0, 24 lits): UNSAT in 0.04s
    cube 2132 (depth 0, 24 lits): UNSAT in 0.06s
    cube 2135 (depth 0, 24 lits): UNSAT in 0.16s
    cube 2138 (depth 0, 24 lits): UNSAT in 0.11s
    cube 2141 (depth 0, 24 lits): UNSAT in 0.06s
    cube 2144 (depth 0, 24 lits): UNSAT in 3.04s
    cube 2147 (depth 0, 24 lits): UNSAT in 0.05s
    cube 2150 (depth 0, 24 lits): UNSAT in 0.07s
    cube 2153 (depth 0, 24 lits): UNSAT in 0.05s
    cube 2156 (depth 0, 24 lits): UNSAT in 0.11s
    cube 2159 (depth 0, 24 lits): UNSAT in 0.15s
    cube 2162 (depth 0, 24 lits): UNSAT in 0.12s
    cube 2165 (depth 0, 24 lits): UNSAT in 0.03s
    cube 2168 (depth 0, 24 lits): UNSAT in 0.22s
    cube 2171 (depth 0, 24 lits): UNSAT in 0.40s
    cube 2174 (depth 0, 24 lits): UNSAT in 0.84s
    cube 2177 (depth 0, 23 lits): UNSAT in 0.02s
    cube 2180 (depth 0, 24 lits): UNSAT in 0.02s
    cube 2183 (depth 0, 24 lits): UNSAT in 0.03s
    cube 2186 (depth 0, 24 lits): UNSAT in 0.04s
    cube 2189 (depth 0, 24 lits): UNSAT in 0.06s
    cube 2192 (depth 0, 24 lits): UNSAT in 0.02s
    cube 2195 (depth 0, 24 lits): UNSAT in 0.02s
    cube 2198 (depth 0, 24 lits): UNSAT in 0.03s
    cube 2201 (depth 0, 24 lits): UNSAT in 0.10s
    cube 2204 (depth 0, 24 lits): UNSAT in 0.11s
    cube 2207 (depth 0, 24 lits): UNSAT in 0.69s
    cube 2210 (depth 0, 24 lits): UNSAT in 0.05s
    cube 2213 (depth 0, 24 lits): UNSAT in 0.05s
    cube 2216 (depth 0, 24 lits): UNSAT in 0.01s
    cube 2219 (depth 0, 24 lits): UNSAT in 0.03s
    cube 2222 (depth 0, 24 lits): UNSAT in 0.07s
    cube 2225 (depth 0, 24 lits): UNSAT in 0.15s
    cube 2228 (depth 0, 24 lits): UNSAT in 0.13s
    cube 2231 (depth 0, 24 lits): UNSAT in 2.52s
    cube 2234 (depth 0, 24 lits): UNSAT in 0.27s
    cube 2237 (depth 0, 24 lits): UNSAT in 1.68s
    cube 2240 (depth 0, 24 lits): UNSAT in 0.02s
    cube 2243 (depth 0, 24 lits): UNSAT in 0.04s
    cube 2246 (depth 0, 24 lits): UNSAT in 0.09s
    cube 2249 (depth 0, 24 lits): UNSAT in 0.09s
    cube 2252 (depth 0, 24 lits): UNSAT in 0.07s
    cube 2255 (depth 0, 24 lits): UNSAT in 0.31s
    cube 2258 (depth 0, 24 lits): UNSAT in 0.12s
    cube 2261 (depth 0, 24 lits): UNSAT in 0.11s
    cube 2264 (depth 0, 24 lits): UNSAT in 0.03s
    cube 2267 (depth 0, 24 lits): UNSAT in 1.44s
    cube 2270 (depth 0, 24 lits): UNSAT in 0.89s
    cube 2273 (depth 0, 24 lits): UNSAT in 0.23s
    cube 2276 (depth 0, 24 lits): UNSAT in 0.25s
    cube 2279 (depth 0, 24 lits): UNSAT in 3.76s
    cube 2282 (depth 0, 24 lits): UNSAT in 0.17s
    cube 2285 (depth 0, 24 lits): UNSAT in 0.53s
    cube 2288 (depth 0, 24 lits): UNSAT in 0.07s
    cube 2291 (depth 0, 24 lits): UNSAT in 1.32s
    cube 2294 (depth 0, 24 lits): UNSAT in 3.63s
    cube 2297 (depth 0, 24 lits): UNSAT in 1.17s
    cube 2300 (depth 0, 24 lits): UNSAT in 4.81s
    cube 2303 (depth 0, 24 lits): UNSAT in 19.01s
    cube 2306 (depth 0, 24 lits): UNSAT in 0.02s
    cube 2309 (depth 0, 24 lits): UNSAT in 0.02s
    cube 2312 (depth 0, 24 lits): UNSAT in 0.01s
    cube 2315 (depth 0, 24 lits): UNSAT in 0.02s
    cube 2318 (depth 0, 24 lits): UNSAT in 0.02s
    cube 2321 (depth 0, 24 lits): UNSAT in 0.03s
    cube 2324 (depth 0, 24 lits): UNSAT in 0.05s
    cube 2327 (depth 0, 24 lits): UNSAT in 0.02s
    cube 2330 (depth 0, 24 lits): UNSAT in 0.07s
    cube 2333 (depth 0, 24 lits): UNSAT in 0.01s
    cube 2336 (depth 0, 24 lits): UNSAT in 0.01s
    cube 2339 (depth 0, 24 lits): UNSAT in 0.03s
    cube 2342 (depth 0, 24 lits): UNSAT in 0.02s
    cube 2345 (depth 0, 24 lits): UNSAT in 0.05s
    cube 2348 (depth 0, 24 lits): UNSAT in 0.02s
    cube 2351 (depth 0, 24 lits): UNSAT in 0.08s
    cube 2354 (depth 0, 24 lits): UNSAT in 0.04s
    cube 2357 (depth 0, 24 lits): UNSAT in 0.07s
    cube 2360 (depth 0, 24 lits): UNSAT in 0.13s
    cube 2363 (depth 0, 24 lits): UNSAT in 1.50s
    cube 2366 (depth 0, 24 lits): UNSAT in 0.02s
    cube 2369 (depth 0, 24 lits): UNSAT in 0.03s
    cube 2372 (depth 0, 24 lits): UNSAT in 0.02s
    cube 2375 (depth 0, 24 lits): UNSAT in 0.04s
    cube 2378 (depth 0, 24 lits): UNSAT in 0.02s
    cube 2381 (depth 0, 24 lits): UNSAT in 0.04s
    cube 2384 (depth 0, 24 lits): UNSAT in 0.02s
    cube 2387 (depth 0, 24 lits): UNSAT in 0.02s
    cube 2390 (depth 0, 24 lits): UNSAT in 0.04s
    cube 2393 (depth 0, 24 lits): UNSAT in 0.02s
    cube 2396 (depth 0, 24 lits): UNSAT in 0.13s
    cube 2399 (depth 0, 24 lits): UNSAT in 0.06s
    cube 2402 (depth 0, 24 lits): UNSAT in 0.07s
    cube 2405 (depth 0, 24 lits): UNSAT in 0.04s
    cube 2408 (depth 0, 24 lits): UNSAT in 0.57s
    cube 2411 (depth 0, 24 lits): UNSAT in 0.04s
    cube 2414 (depth 0, 24 lits): UNSAT in 0.16s
    cube 2417 (depth 0, 24 lits): UNSAT in 0.39s
    cube 2420 (depth 0, 24 lits): UNSAT in 3.30s
    cube 2423 (depth 0, 24 lits): UNSAT in 8.65s
    cube 2426 (depth 0, 24 lits): UNSAT in 0.03s
    cube 2429 (depth 0, 24 lits): UNSAT in 0.02s
    cube 2432 (depth 0, 24 lits): UNSAT in 0.02s
    cube 2435 (depth 0, 24 lits): UNSAT in 0.13s
    cube 2438 (depth 0, 24 lits): UNSAT in 0.03s
    cube 2441 (depth 0, 24 lits): UNSAT in 0.03s
    cube 2444 (depth 0, 24 lits): UNSAT in 0.05s
    cube 2447 (depth 0, 24 lits): UNSAT in 0.07s
    cube 2450 (depth 0, 24 lits): UNSAT in 0.05s
    cube 2453 (depth 0, 24 lits): UNSAT in 0.06s
    cube 2456 (depth 0, 24 lits): UNSAT in 0.03s
    cube 2459 (depth 0, 24 lits): UNSAT in 0.15s
    cube 2462 (depth 0, 24 lits): UNSAT in 0.10s
    cube 2465 (depth 0, 24 lits): UNSAT in 0.07s
    cube 2468 (depth 0, 24 lits): UNSAT in 0.12s
    cube 2471 (depth 0, 24 lits): UNSAT in 0.20s
    cube 2474 (depth 0, 24 lits): UNSAT in 0.07s
    cube 2477 (depth 0, 24 lits): UNSAT in 1.10s
    cube 2480 (depth 0, 24 lits): UNSAT in 0.17s
    cube 2483 (depth 0, 24 lits): UNSAT in 0.55s
    cube 2486 (depth 0, 24 lits): UNSAT in 0.25s
    cube 2489 (depth 0, 24 lits): UNSAT in 0.02s
    cube 2492 (depth 0, 24 lits): UNSAT in 0.03s
    cube 2495 (depth 0, 24 lits): UNSAT in 0.17s
    cube 2498 (depth 0, 24 lits): UNSAT in 0.01s
    cube 2501 (depth 0, 24 lits): UNSAT in 0.09s
    cube 2504 (depth 0, 24 lits): UNSAT in 0.02s
    cube 2507 (depth 0, 24 lits): UNSAT in 0.13s
    cube 2510 (depth 0, 24 lits): UNSAT in 0.16s
    cube 2513 (depth 0, 24 lits): UNSAT in 0.11s
    cube 2516 (depth 0, 24 lits): UNSAT in 0.15s
    cube 2519 (depth 0, 24 lits): UNSAT in 4.09s
    cube 2522 (depth 0, 24 lits): UNSAT in 0.12s
    cube 2525 (depth 0, 24 lits): UNSAT in 0.16s
    cube 2528 (depth 0, 24 lits): UNSAT in 0.05s
    cube 2531 (depth 0, 24 lits): UNSAT in 2.66s
    cube 2534 (depth 0, 24 lits): UNSAT in 1.34s
    cube 2537 (depth 0, 24 lits): UNSAT in 0.52s
    cube 2540 (depth 0, 24 lits): UNSAT in 0.40s
    cube 2543 (depth 0, 24 lits): UNSAT in 15.66s
    cube 2546 (depth 0, 24 lits): UNSAT in 5.61s
    cube 2549 (depth 0, 24 lits): UNSAT in 124.44s
    cube 2552 (depth 0, 23 lits): UNSAT in 0.01s
    cube 2555 (depth 0, 24 lits): UNSAT in 0.01s
    cube 2558 (depth 0, 24 lits): UNSAT in 0.02s
    cube 2561 (depth 0, 24 lits): UNSAT in 0.02s
    cube 2564 (depth 0, 24 lits): UNSAT in 0.03s
    cube 2567 (depth 0, 24 lits): UNSAT in 0.01s
    cube 2570 (depth 0, 24 lits): UNSAT in 0.04s
    cube 2573 (depth 0, 24 lits): UNSAT in 0.03s
    cube 2576 (depth 0, 24 lits): UNSAT in 0.04s
    cube 2579 (depth 0, 24 lits): UNSAT in 0.05s
    cube 2582 (depth 0, 24 lits): UNSAT in 0.38s
    cube 2585 (depth 0, 24 lits): UNSAT in 0.02s
    cube 2588 (depth 0, 24 lits): UNSAT in 0.15s
    cube 2591 (depth 0, 24 lits): UNSAT in 0.02s
    cube 2594 (depth 0, 24 lits): UNSAT in 0.53s
    cube 2597 (depth 0, 24 lits): UNSAT in 1.20s
    cube 2600 (depth 0, 24 lits): UNSAT in 0.49s
    cube 2603 (depth 0, 24 lits): UNSAT in 0.04s
    cube 2606 (depth 0, 24 lits): UNSAT in 3.34s
    cube 2609 (depth 0, 24 lits): UNSAT in 0.30s
    cube 2612 (depth 0, 24 lits): UNSAT in 1.20s
    cube 2615 (depth 0, 24 lits): UNSAT in 0.02s
    cube 2618 (depth 0, 24 lits): UNSAT in 0.06s
    cube 2621 (depth 0, 24 lits): UNSAT in 0.18s
    cube 2624 (depth 0, 24 lits): UNSAT in 0.09s
    cube 2627 (depth 0, 24 lits): UNSAT in 0.07s
    cube 2630 (depth 0, 24 lits): UNSAT in 0.72s
    cube 2633 (depth 0, 24 lits): UNSAT in 0.03s
    cube 2636 (depth 0, 24 lits): UNSAT in 0.09s
    cube 2639 (depth 0, 24 lits): UNSAT in 0.41s
    cube 2642 (depth 0, 24 lits): UNSAT in 0.36s
    cube 2645 (depth 0, 24 lits): UNSAT in 11.21s
    cube 2648 (depth 0, 24 lits): UNSAT in 0.29s
    cube 2651 (depth 0, 24 lits): UNSAT in 0.10s
    cube 2654 (depth 0, 24 lits): UNSAT in 0.09s
    cube 2657 (depth 0, 24 lits): UNSAT in 1.23s
    cube 2660 (depth 0, 24 lits): UNSAT in 12.14s
    cube 2663 (depth 0, 24 lits): UNSAT in 0.18s
    cube 2666 (depth 0, 24 lits): UNSAT in 0.05s
    cube 2669 (depth 0, 24 lits): UNSAT in 1.62s
    cube 2672 (depth 0, 24 lits): UNSAT in 0.99s
    cube 2675 (depth 0, 24 lits): UNSAT in 14.88s
    cube 2678 (depth 0, 24 lits): UNSAT in 0.04s
    cube 2681 (depth 0, 24 lits): UNSAT in 0.12s
    cube 2684 (depth 0, 24 lits): UNSAT in 0.05s
    cube 2687 (depth 0, 24 lits): UNSAT in 0.09s
    cube 2690 (depth 0, 24 lits): UNSAT in 0.05s
    cube 2693 (depth 0, 24 lits): UNSAT in 0.99s
    cube 2696 (depth 0, 24 lits): UNSAT in 0.10s
    cube 2699 (depth 0, 24 lits): UNSAT in 0.62s
    cube 2702 (depth 0, 24 lits): UNSAT in 0.36s
    cube 2705 (depth 0, 24 lits): UNSAT in 3.87s
    cube 2708 (depth 0, 24 lits): UNSAT in 2.57s
    cube 2711 (depth 0, 24 lits): UNSAT in 0.06s
    cube 2714 (depth 0, 24 lits): UNSAT in 0.08s
    cube 2717 (depth 0, 24 lits): UNSAT in 3.18s
    cube 2720 (depth 0, 24 lits): UNSAT in 0.32s
    cube 2723 (depth 0, 24 lits): UNSAT in 1.22s
    cube 2726 (depth 0, 24 lits): UNSAT in 0.06s
    cube 2729 (depth 0, 24 lits): UNSAT in 0.30s
    cube 2732 (depth 0, 24 lits): UNSAT in 1.02s
    cube 2735 (depth 0, 24 lits): UNSAT in 1.27s
    cube 2738 (depth 0, 24 lits): UNSAT in 5.98s
    cube 2741 (depth 0, 24 lits): UNSAT in 447.82s
    cube 2744 (depth 0, 24 lits): UNSAT in 0.04s
    cube 2747 (depth 0, 24 lits): UNSAT in 1.49s
    cube 2750 (depth 0, 24 lits): UNSAT in 0.06s
    cube 2753 (depth 0, 24 lits): UNSAT in 5.57s
    cube 2756 (depth 0, 24 lits): UNSAT in 24.22s
    cube 2759 (depth 0, 24 lits): UNSAT in 0.06s
    cube 2762 (depth 0, 24 lits): UNSAT in 2.24s
    cube 2765 (depth 0, 24 lits): UNSAT in 30.01s
    cube 2768 (depth 0, 24 lits): UNSAT in 12.30s
    cube 2771 (depth 0, 24 lits): UNSAT in 8.34s
    cube 2774 (depth 0, 24 lits): UNSAT in 0.25s
    cube 2777 (depth 0, 24 lits): UNSAT in 6.93s
    cube 2780 (depth 0, 24 lits): UNSAT in 4.91s
    cube 2783 (depth 0, 24 lits): UNSAT in 13.71s
    cube 2786 (depth 0, 24 lits): UNSAT in 6.70s
    cube 2789 (depth 0, 24 lits): TIMEOUT in 2400.10s
    cube 2789 TIMEOUT -> re-split into 821 sub-cubes (depth 1)
    cube 2789.0 (depth 1, 32 lits): UNSAT in 0.01s
    cube 2789.1 (depth 1, 32 lits): UNSAT in 0.01s
    cube 2789.2 (depth 1, 32 lits): UNSAT in 0.02s
    cube 2789.3 (depth 1, 32 lits): UNSAT in 0.02s
    cube 2789.4 (depth 1, 33 lits): UNSAT in 0.01s
    cube 2789.5 (depth 1, 33 lits): UNSAT in 0.01s
    cube 2789.6 (depth 1, 32 lits): UNSAT in 0.01s
    cube 2789.7 (depth 1, 33 lits): UNSAT in 0.01s
    cube 2789.8 (depth 1, 34 lits): UNSAT in 0.01s
    cube 2789.9 (depth 1, 34 lits): UNSAT in 0.01s
    cube 2789.10 (depth 1, 32 lits): UNSAT in 0.02s
    cube 2789.11 (depth 1, 32 lits): UNSAT in 0.01s
    cube 2789.12 (depth 1, 33 lits): UNSAT in 0.01s
    cube 2789.13 (depth 1, 34 lits): UNSAT in 0.02s
    cube 2789.14 (depth 1, 34 lits): UNSAT in 0.01s
    cube 2789.15 (depth 1, 33 lits): UNSAT in 0.01s
    cube 2789.16 (depth 1, 34 lits): UNSAT in 0.01s
    cube 2789.17 (depth 1, 34 lits): UNSAT in 0.01s
    cube 2789.18 (depth 1, 33 lits): UNSAT in 0.02s
    cube 2789.19 (depth 1, 34 lits): UNSAT in 0.01s
    cube 2789.20 (depth 1, 34 lits): UNSAT in 0.02s
    cube 2789.21 (depth 1, 32 lits): UNSAT in 0.01s
    cube 2789.22 (depth 1, 33 lits): UNSAT in 0.01s
    cube 2789.23 (depth 1, 34 lits): UNSAT in 0.01s
    cube 2789.24 (depth 1, 34 lits): UNSAT in 0.02s
    cube 2789.25 (depth 1, 32 lits): UNSAT in 0.01s
    cube 2789.26 (depth 1, 34 lits): UNSAT in 0.02s
    cube 2789.27 (depth 1, 34 lits): UNSAT in 0.02s
    cube 2789.28 (depth 1, 34 lits): UNSAT in 0.02s
    cube 2789.29 (depth 1, 34 lits): UNSAT in 0.02s
    cube 2789.30 (depth 1, 30 lits): UNSAT in 0.01s
    cube 2789.31 (depth 1, 32 lits): UNSAT in 0.01s
    cube 2789.32 (depth 1, 32 lits): UNSAT in 0.01s
    cube 2789.33 (depth 1, 31 lits): UNSAT in 0.02s
    cube 2789.34 (depth 1, 33 lits): UNSAT in 0.01s
    cube 2789.35 (depth 1, 34 lits): UNSAT in 0.01s
    cube 2789.36 (depth 1, 34 lits): UNSAT in 0.02s
    cube 2789.37 (depth 1, 32 lits): UNSAT in 0.02s
    cube 2789.38 (depth 1, 33 lits): UNSAT in 0.02s
    cube 2789.39 (depth 1, 34 lits): UNSAT in 0.02s
    cube 2789.40 (depth 1, 34 lits): UNSAT in 0.03s
    cube 2789.41 (depth 1, 34 lits): UNSAT in 0.01s
    cube 2789.42 (depth 1, 34 lits): UNSAT in 0.02s
    cube 2789.43 (depth 1, 34 lits): UNSAT in 0.02s
    cube 2789.44 (depth 1, 34 lits): UNSAT in 0.02s
    cube 2789.45 (depth 1, 33 lits): UNSAT in 0.01s
    cube 2789.46 (depth 1, 33 lits): UNSAT in 0.02s
    cube 2789.47 (depth 1, 34 lits): UNSAT in 0.02s
    cube 2789.48 (depth 1, 34 lits): UNSAT in 0.03s
    cube 2789.49 (depth 1, 34 lits): UNSAT in 0.03s
    cube 2789.50 (depth 1, 34 lits): UNSAT in 0.03s
    cube 2789.51 (depth 1, 34 lits): UNSAT in 0.01s
    cube 2789.52 (depth 1, 34 lits): UNSAT in 0.02s
    cube 2789.53 (depth 1, 34 lits): UNSAT in 0.03s
    cube 2789.54 (depth 1, 34 lits): UNSAT in 0.02s
    cube 2789.55 (depth 1, 34 lits): UNSAT in 0.04s
    cube 2789.56 (depth 1, 34 lits): UNSAT in 0.08s
    cube 2789.57 (depth 1, 34 lits): UNSAT in 0.11s
    cube 2789.58 (depth 1, 34 lits): UNSAT in 0.05s
    cube 2789.59 (depth 1, 31 lits): UNSAT in 0.01s
    cube 2789.60 (depth 1, 31 lits): UNSAT in 0.01s
    cube 2789.61 (depth 1, 32 lits): UNSAT in 0.01s
    cube 2789.62 (depth 1, 33 lits): UNSAT in 0.01s
    cube 2789.63 (depth 1, 33 lits): UNSAT in 0.02s
    cube 2789.64 (depth 1, 32 lits): UNSAT in 0.01s
    cube 2789.65 (depth 1, 34 lits): UNSAT in 0.04s
    cube 2789.66 (depth 1, 34 lits): UNSAT in 0.04s
    cube 2789.67 (depth 1, 34 lits): UNSAT in 0.05s
    cube 2789.68 (depth 1, 34 lits): UNSAT in 0.05s
    cube 2789.69 (depth 1, 34 lits): UNSAT in 0.01s
    cube 2789.70 (depth 1, 34 lits): UNSAT in 0.02s
    cube 2789.71 (depth 1, 34 lits): UNSAT in 0.01s
    cube 2789.72 (depth 1, 34 lits): UNSAT in 0.02s
    cube 2789.73 (depth 1, 34 lits): UNSAT in 0.01s
    cube 2789.74 (depth 1, 34 lits): UNSAT in 0.02s
    cube 2789.75 (depth 1, 34 lits): UNSAT in 0.01s
    cube 2789.76 (depth 1, 34 lits): UNSAT in 0.03s
    cube 2789.77 (depth 1, 34 lits): UNSAT in 0.01s
    cube 2789.78 (depth 1, 34 lits): UNSAT in 0.01s
    cube 2789.79 (depth 1, 33 lits): UNSAT in 0.02s
    cube 2789.80 (depth 1, 34 lits): UNSAT in 0.01s
    cube 2789.81 (depth 1, 34 lits): UNSAT in 0.02s
    cube 2789.82 (depth 1, 34 lits): UNSAT in 0.04s
    cube 2789.83 (depth 1, 34 lits): UNSAT in 0.04s
    cube 2789.84 (depth 1, 33 lits): UNSAT in 0.01s
    cube 2789.85 (depth 1, 34 lits): UNSAT in 0.02s
    cube 2789.86 (depth 1, 34 lits): UNSAT in 0.03s
    cube 2789.87 (depth 1, 34 lits): UNSAT in 0.03s
    cube 2789.88 (depth 1, 34 lits): UNSAT in 0.03s
    cube 2789.89 (depth 1, 34 lits): UNSAT in 0.18s
    cube 2789.90 (depth 1, 34 lits): UNSAT in 0.18s
    cube 2789.91 (depth 1, 34 lits): UNSAT in 0.04s
    cube 2789.92 (depth 1, 34 lits): UNSAT in 0.07s
    cube 2789.93 (depth 1, 34 lits): UNSAT in 0.03s
    cube 2789.94 (depth 1, 34 lits): UNSAT in 0.07s
    cube 2789.95 (depth 1, 34 lits): UNSAT in 0.04s
    cube 2789.96 (depth 1, 34 lits): UNSAT in 0.06s
    cube 2789.97 (depth 1, 34 lits): UNSAT in 0.19s
    cube 2789.98 (depth 1, 34 lits): UNSAT in 0.27s
    cube 2789.99 (depth 1, 32 lits): UNSAT in 0.01s
    cube 2789.100 (depth 1, 33 lits): UNSAT in 0.02s
    cube 2789.101 (depth 1, 33 lits): UNSAT in 0.01s
    cube 2789.102 (depth 1, 33 lits): UNSAT in 0.01s
    cube 2789.103 (depth 1, 34 lits): UNSAT in 0.01s
    cube 2789.104 (depth 1, 34 lits): UNSAT in 0.02s
    cube 2789.105 (depth 1, 34 lits): UNSAT in 0.02s
    cube 2789.106 (depth 1, 34 lits): UNSAT in 0.03s
    cube 2789.107 (depth 1, 34 lits): UNSAT in 0.01s
    cube 2789.108 (depth 1, 34 lits): UNSAT in 0.02s
    cube 2789.109 (depth 1, 34 lits): UNSAT in 0.02s
    cube 2789.110 (depth 1, 34 lits): UNSAT in 0.01s
    cube 2789.111 (depth 1, 34 lits): UNSAT in 0.03s
    cube 2789.112 (depth 1, 34 lits): UNSAT in 0.08s
    cube 2789.113 (depth 1, 34 lits): UNSAT in 0.03s
    cube 2789.114 (depth 1, 34 lits): UNSAT in 0.03s
    cube 2789.115 (depth 1, 34 lits): UNSAT in 0.05s
    cube 2789.116 (depth 1, 34 lits): UNSAT in 0.04s
    cube 2789.117 (depth 1, 34 lits): UNSAT in 0.01s
    cube 2789.118 (depth 1, 34 lits): UNSAT in 0.01s
    cube 2789.119 (depth 1, 34 lits): UNSAT in 0.01s
    cube 2789.120 (depth 1, 34 lits): UNSAT in 0.02s
    cube 2789.121 (depth 1, 34 lits): UNSAT in 0.03s
    cube 2789.122 (depth 1, 34 lits): UNSAT in 0.04s
    cube 2789.123 (depth 1, 34 lits): UNSAT in 0.02s
    cube 2789.124 (depth 1, 34 lits): UNSAT in 0.05s
    cube 2789.125 (depth 1, 32 lits): UNSAT in 0.01s
    cube 2789.126 (depth 1, 34 lits): UNSAT in 0.02s
    cube 2789.127 (depth 1, 34 lits): UNSAT in 0.01s
    cube 2789.128 (depth 1, 34 lits): UNSAT in 0.01s
    cube 2789.129 (depth 1, 34 lits): UNSAT in 0.02s
    cube 2789.130 (depth 1, 34 lits): UNSAT in 0.01s
    cube 2789.131 (depth 1, 34 lits): UNSAT in 0.02s
    cube 2789.132 (depth 1, 34 lits): UNSAT in 0.03s
    cube 2789.133 (depth 1, 34 lits): UNSAT in 0.03s
    cube 2789.134 (depth 1, 34 lits): UNSAT in 0.01s
    cube 2789.135 (depth 1, 34 lits): UNSAT in 0.01s
    cube 2789.136 (depth 1, 34 lits): UNSAT in 0.01s
    cube 2789.137 (depth 1, 34 lits): UNSAT in 0.04s
    cube 2789.138 (depth 1, 34 lits): UNSAT in 0.02s
    cube 2789.139 (depth 1, 34 lits): UNSAT in 0.02s
    cube 2789.140 (depth 1, 34 lits): UNSAT in 0.02s
    cube 2789.141 (depth 1, 34 lits): UNSAT in 0.02s
    cube 2789.142 (depth 1, 34 lits): UNSAT in 0.02s
    cube 2789.143 (depth 1, 34 lits): UNSAT in 0.05s
    cube 2789.144 (depth 1, 34 lits): UNSAT in 0.03s
    cube 2789.145 (depth 1, 34 lits): UNSAT in 0.03s
    cube 2789.146 (depth 1, 34 lits): UNSAT in 0.03s
    cube 2789.147 (depth 1, 34 lits): UNSAT in 0.06s
    cube 2789.148 (depth 1, 34 lits): UNSAT in 0.07s
    cube 2789.149 (depth 1, 34 lits): UNSAT in 0.09s
    cube 2789.150 (depth 1, 34 lits): UNSAT in 0.10s
    cube 2789.151 (depth 1, 34 lits): UNSAT in 0.29s
    cube 2789.152 (depth 1, 34 lits): UNSAT in 0.12s
    cube 2789.153 (depth 1, 34 lits): UNSAT in 0.46s
    cube 2789.154 (depth 1, 31 lits): UNSAT in 0.02s
    cube 2789.155 (depth 1, 31 lits): UNSAT in 0.02s
    cube 2789.156 (depth 1, 31 lits): UNSAT in 0.01s
    cube 2789.157 (depth 1, 33 lits): UNSAT in 0.01s
    cube 2789.158 (depth 1, 34 lits): UNSAT in 0.01s
    cube 2789.159 (depth 1, 34 lits): UNSAT in 0.02s
    cube 2789.160 (depth 1, 34 lits): UNSAT in 0.01s
    cube 2789.161 (depth 1, 34 lits): UNSAT in 0.02s
    cube 2789.162 (depth 1, 34 lits): UNSAT in 0.01s
    cube 2789.163 (depth 1, 34 lits): UNSAT in 0.02s
    cube 2789.164 (depth 1, 32 lits): UNSAT in 0.01s
    cube 2789.165 (depth 1, 34 lits): UNSAT in 0.02s
    cube 2789.166 (depth 1, 34 lits): UNSAT in 0.01s
    cube 2789.167 (depth 1, 33 lits): UNSAT in 0.02s
    cube 2789.168 (depth 1, 34 lits): UNSAT in 0.01s
    cube 2789.169 (depth 1, 34 lits): UNSAT in 0.01s
    cube 2789.170 (depth 1, 34 lits): UNSAT in 0.01s
    cube 2789.171 (depth 1, 34 lits): UNSAT in 0.01s
    cube 2789.172 (depth 1, 34 lits): UNSAT in 0.01s
    cube 2789.173 (depth 1, 34 lits): UNSAT in 0.01s
    cube 2789.174 (depth 1, 34 lits): UNSAT in 0.02s
    cube 2789.175 (depth 1, 34 lits): UNSAT in 0.02s
    cube 2789.176 (depth 1, 34 lits): UNSAT in 0.01s
    cube 2789.177 (depth 1, 34 lits): UNSAT in 0.03s
    cube 2789.178 (depth 1, 34 lits): UNSAT in 0.02s
    cube 2789.179 (depth 1, 34 lits): UNSAT in 0.05s
    cube 2789.180 (depth 1, 34 lits): UNSAT in 0.01s
    cube 2789.181 (depth 1, 34 lits): UNSAT in 0.03s
    cube 2789.182 (depth 1, 34 lits): UNSAT in 0.02s
    cube 2789.183 (depth 1, 34 lits): UNSAT in 0.02s
    cube 2789.184 (depth 1, 34 lits): UNSAT in 0.02s
    cube 2789.185 (depth 1, 34 lits): UNSAT in 0.03s
    cube 2789.186 (depth 1, 34 lits): UNSAT in 0.01s
    cube 2789.187 (depth 1, 34 lits): UNSAT in 0.02s
    cube 2789.188 (depth 1, 34 lits): UNSAT in 0.05s
    cube 2789.189 (depth 1, 34 lits): UNSAT in 0.04s
    cube 2789.190 (depth 1, 34 lits): UNSAT in 0.02s
    cube 2789.191 (depth 1, 34 lits): UNSAT in 0.04s
    cube 2789.192 (depth 1, 33 lits): UNSAT in 0.01s
    cube 2789.193 (depth 1, 34 lits): UNSAT in 0.01s
    cube 2789.194 (depth 1, 34 lits): UNSAT in 0.02s
    cube 2789.195 (depth 1, 34 lits): UNSAT in 0.01s
    cube 2789.196 (depth 1, 34 lits): UNSAT in 0.02s
    cube 2789.197 (depth 1, 34 lits): UNSAT in 0.02s
    cube 2789.198 (depth 1, 34 lits): UNSAT in 0.02s
    cube 2789.199 (depth 1, 33 lits): UNSAT in 0.02s
    cube 2789.200 (depth 1, 34 lits): UNSAT in 0.01s
    cube 2789.201 (depth 1, 34 lits): UNSAT in 0.02s
    cube 2789.202 (depth 1, 34 lits): UNSAT in 0.01s
    cube 2789.203 (depth 1, 34 lits): UNSAT in 0.01s
    cube 2789.204 (depth 1, 34 lits): UNSAT in 0.02s
    cube 2789.205 (depth 1, 34 lits): UNSAT in 0.03s
    cube 2789.206 (depth 1, 33 lits): UNSAT in 0.01s
    cube 2789.207 (depth 1, 34 lits): UNSAT in 0.01s
    cube 2789.208 (depth 1, 34 lits): UNSAT in 0.02s
    cube 2789.209 (depth 1, 33 lits): UNSAT in 0.02s
    cube 2789.210 (depth 1, 34 lits): UNSAT in 0.01s
    cube 2789.211 (depth 1, 34 lits): UNSAT in 0.02s
    cube 2789.212 (depth 1, 34 lits): UNSAT in 0.01s
    cube 2789.213 (depth 1, 34 lits): UNSAT in 0.02s
    cube 2789.214 (depth 1, 34 lits): UNSAT in 0.01s
    cube 2789.215 (depth 1, 34 lits): UNSAT in 0.02s
    cube 2789.216 (depth 1, 34 lits): UNSAT in 0.02s
    cube 2789.217 (depth 1, 34 lits): UNSAT in 0.03s
    cube 2789.218 (depth 1, 34 lits): UNSAT in 0.02s
    cube 2789.219 (depth 1, 34 lits): UNSAT in 0.03s
    cube 2789.220 (depth 1, 33 lits): UNSAT in 0.01s
    cube 2789.221 (depth 1, 33 lits): UNSAT in 0.02s
    cube 2789.222 (depth 1, 34 lits): UNSAT in 0.01s
    cube 2789.223 (depth 1, 34 lits): UNSAT in 0.02s
    cube 2789.224 (depth 1, 34 lits): UNSAT in 0.02s
    cube 2789.225 (depth 1, 34 lits): UNSAT in 0.01s
    cube 2789.226 (depth 1, 34 lits): UNSAT in 0.01s
    cube 2789.227 (depth 1, 34 lits): UNSAT in 0.02s
    cube 2789.228 (depth 1, 34 lits): UNSAT in 0.02s
    cube 2789.229 (depth 1, 34 lits): UNSAT in 0.05s
    cube 2789.230 (depth 1, 34 lits): UNSAT in 0.03s
    cube 2789.231 (depth 1, 34 lits): UNSAT in 0.09s
    cube 2789.232 (depth 1, 34 lits): UNSAT in 0.09s
    cube 2789.233 (depth 1, 34 lits): UNSAT in 0.10s
    cube 2789.234 (depth 1, 34 lits): UNSAT in 0.01s
    cube 2789.235 (depth 1, 34 lits): UNSAT in 0.01s
    cube 2789.236 (depth 1, 34 lits): UNSAT in 0.01s
    cube 2789.237 (depth 1, 34 lits): UNSAT in 0.02s
    cube 2789.238 (depth 1, 34 lits): UNSAT in 0.01s
    cube 2789.239 (depth 1, 34 lits): UNSAT in 0.02s
    cube 2789.240 (depth 1, 34 lits): UNSAT in 0.01s
    cube 2789.241 (depth 1, 34 lits): UNSAT in 0.04s
    cube 2789.242 (depth 1, 34 lits): UNSAT in 0.07s
    cube 2789.243 (depth 1, 34 lits): UNSAT in 0.14s
    cube 2789.244 (depth 1, 34 lits): UNSAT in 0.05s
    cube 2789.245 (depth 1, 34 lits): UNSAT in 0.10s
    cube 2789.246 (depth 1, 34 lits): UNSAT in 0.05s
    cube 2789.247 (depth 1, 34 lits): UNSAT in 0.05s
    cube 2789.248 (depth 1, 34 lits): UNSAT in 0.03s
    cube 2789.249 (depth 1, 34 lits): UNSAT in 0.24s
    cube 2789.250 (depth 1, 33 lits): UNSAT in 0.01s
    cube 2789.251 (depth 1, 34 lits): UNSAT in 0.02s
    cube 2789.252 (depth 1, 34 lits): UNSAT in 0.02s
    cube 2789.253 (depth 1, 33 lits): UNSAT in 0.01s
    cube 2789.254 (depth 1, 34 lits): UNSAT in 0.02s
    cube 2789.255 (depth 1, 34 lits): UNSAT in 0.02s
    cube 2789.256 (depth 1, 34 lits): UNSAT in 0.01s
    cube 2789.257 (depth 1, 34 lits): UNSAT in 0.02s
    cube 2789.258 (depth 1, 34 lits): UNSAT in 0.02s
    cube 2789.259 (depth 1, 34 lits): UNSAT in 0.03s
    cube 2789.260 (depth 1, 34 lits): UNSAT in 0.01s
    cube 2789.261 (depth 1, 34 lits): UNSAT in 0.03s
    cube 2789.262 (depth 1, 34 lits): UNSAT in 0.03s
    cube 2789.263 (depth 1, 34 lits): UNSAT in 0.04s
    cube 2789.264 (depth 1, 34 lits): UNSAT in 0.01s
    cube 2789.265 (depth 1, 34 lits): UNSAT in 0.01s
    cube 2789.266 (depth 1, 34 lits): UNSAT in 0.02s
    cube 2789.267 (depth 1, 34 lits): UNSAT in 0.03s
    cube 2789.268 (depth 1, 33 lits): UNSAT in 0.02s
    cube 2789.269 (depth 1, 34 lits): UNSAT in 0.01s
    cube 2789.270 (depth 1, 34 lits): UNSAT in 0.02s
    cube 2789.271 (depth 1, 34 lits): UNSAT in 0.02s
    cube 2789.272 (depth 1, 34 lits): UNSAT in 0.02s
    cube 2789.273 (depth 1, 34 lits): UNSAT in 0.02s
    cube 2789.274 (depth 1, 34 lits): UNSAT in 0.03s
    cube 2789.275 (depth 1, 34 lits): UNSAT in 0.02s
    cube 2789.276 (depth 1, 34 lits): UNSAT in 0.09s
    cube 2789.277 (depth 1, 34 lits): UNSAT in 0.10s
    cube 2789.278 (depth 1, 34 lits): UNSAT in 0.20s
    cube 2789.279 (depth 1, 33 lits): UNSAT in 0.02s
    cube 2789.280 (depth 1, 34 lits): UNSAT in 0.01s
    cube 2789.281 (depth 1, 34 lits): UNSAT in 0.02s
    cube 2789.282 (depth 1, 33 lits): UNSAT in 0.01s
    cube 2789.283 (depth 1, 34 lits): UNSAT in 0.03s
    cube 2789.284 (depth 1, 34 lits): UNSAT in 0.02s
    cube 2789.285 (depth 1, 32 lits): UNSAT in 0.01s
    cube 2789.286 (depth 1, 34 lits): UNSAT in 0.01s
    cube 2789.287 (depth 1, 34 lits): UNSAT in 0.02s
    cube 2789.288 (depth 1, 34 lits): UNSAT in 0.01s
    cube 2789.289 (depth 1, 34 lits): UNSAT in 0.02s
    cube 2789.290 (depth 1, 33 lits): UNSAT in 0.02s
    cube 2789.291 (depth 1, 34 lits): UNSAT in 0.01s
    cube 2789.292 (depth 1, 34 lits): UNSAT in 0.03s
    cube 2789.293 (depth 1, 34 lits): UNSAT in 0.02s
    cube 2789.294 (depth 1, 34 lits): UNSAT in 0.02s
    cube 2789.295 (depth 1, 34 lits): UNSAT in 0.03s
    cube 2789.296 (depth 1, 34 lits): UNSAT in 0.09s
    cube 2789.297 (depth 1, 33 lits): UNSAT in 0.02s
    cube 2789.298 (depth 1, 34 lits): UNSAT in 0.02s
    cube 2789.299 (depth 1, 34 lits): UNSAT in 0.02s
    cube 2789.300 (depth 1, 34 lits): UNSAT in 0.03s
    cube 2789.301 (depth 1, 34 lits): UNSAT in 0.02s
    cube 2789.302 (depth 1, 34 lits): UNSAT in 0.05s
    cube 2789.303 (depth 1, 34 lits): UNSAT in 0.27s
    cube 2789.304 (depth 1, 32 lits): UNSAT in 0.01s
    cube 2789.305 (depth 1, 34 lits): UNSAT in 0.02s
    cube 2789.306 (depth 1, 34 lits): UNSAT in 0.01s
    cube 2789.307 (depth 1, 34 lits): UNSAT in 0.01s
    cube 2789.308 (depth 1, 34 lits): UNSAT in 0.01s
    cube 2789.309 (depth 1, 34 lits): UNSAT in 0.01s
    cube 2789.310 (depth 1, 34 lits): UNSAT in 0.01s
    cube 2789.311 (depth 1, 34 lits): UNSAT in 0.02s
    cube 2789.312 (depth 1, 34 lits): UNSAT in 0.02s
    cube 2789.313 (depth 1, 34 lits): UNSAT in 0.03s
    cube 2789.314 (depth 1, 34 lits): UNSAT in 0.04s
    cube 2789.315 (depth 1, 34 lits): UNSAT in 0.04s
    cube 2789.316 (depth 1, 34 lits): UNSAT in 0.03s
    cube 2789.317 (depth 1, 32 lits): UNSAT in 0.01s
    cube 2789.318 (depth 1, 34 lits): UNSAT in 0.01s
    cube 2789.319 (depth 1, 34 lits): UNSAT in 0.01s
    cube 2789.320 (depth 1, 34 lits): UNSAT in 0.01s
    cube 2789.321 (depth 1, 34 lits): UNSAT in 0.02s
    cube 2789.322 (depth 1, 34 lits): UNSAT in 0.01s
    cube 2789.323 (depth 1, 34 lits): UNSAT in 0.05s
    cube 2789.324 (depth 1, 34 lits): UNSAT in 0.04s
    cube 2789.325 (depth 1, 34 lits): UNSAT in 0.05s
    cube 2789.326 (depth 1, 34 lits): UNSAT in 0.02s
    cube 2789.327 (depth 1, 34 lits): UNSAT in 0.06s
    cube 2789.328 (depth 1, 34 lits): UNSAT in 0.03s
    cube 2789.329 (depth 1, 34 lits): UNSAT in 0.22s
    cube 2789.330 (depth 1, 34 lits): UNSAT in 0.02s
    cube 2789.331 (depth 1, 34 lits): UNSAT in 0.02s
    cube 2789.332 (depth 1, 34 lits): UNSAT in 0.01s
    cube 2789.333 (depth 1, 34 lits): UNSAT in 0.02s
    cube 2789.334 (depth 1, 34 lits): UNSAT in 0.01s
    cube 2789.335 (depth 1, 34 lits): UNSAT in 0.02s
    cube 2789.336 (depth 1, 34 lits): UNSAT in 0.02s
    cube 2789.337 (depth 1, 34 lits): UNSAT in 0.07s
    cube 2789.338 (depth 1, 34 lits): UNSAT in 0.01s
    cube 2789.339 (depth 1, 34 lits): UNSAT in 0.01s
    cube 2789.340 (depth 1, 34 lits): UNSAT in 0.02s
    cube 2789.341 (depth 1, 34 lits): UNSAT in 0.05s
    cube 2789.342 (depth 1, 34 lits): UNSAT in 0.04s
    cube 2789.343 (depth 1, 34 lits): UNSAT in 0.08s
    cube 2789.344 (depth 1, 34 lits): UNSAT in 0.03s
    cube 2789.345 (depth 1, 34 lits): UNSAT in 0.21s
    cube 2789.346 (depth 1, 34 lits): UNSAT in 0.06s
    cube 2789.347 (depth 1, 34 lits): UNSAT in 0.07s
    cube 2789.348 (depth 1, 34 lits): UNSAT in 0.13s
    cube 2789.349 (depth 1, 34 lits): UNSAT in 0.15s
    cube 2789.350 (depth 1, 34 lits): UNSAT in 0.05s
    cube 2789.351 (depth 1, 34 lits): UNSAT in 0.12s
    cube 2789.352 (depth 1, 34 lits): UNSAT in 0.03s
    cube 2789.353 (depth 1, 34 lits): UNSAT in 0.45s
    cube 2789.354 (depth 1, 34 lits): UNSAT in 0.23s
    cube 2789.355 (depth 1, 34 lits): UNSAT in 0.30s
    cube 2789.356 (depth 1, 34 lits): UNSAT in 0.09s
    cube 2789.357 (depth 1, 34 lits): UNSAT in 0.13s
    cube 2789.358 (depth 1, 34 lits): UNSAT in 0.05s
    cube 2789.359 (depth 1, 34 lits): UNSAT in 0.21s
    cube 2789.360 (depth 1, 34 lits): UNSAT in 0.61s
    cube 2789.361 (depth 1, 34 lits): UNSAT in 0.09s
    cube 2789.362 (depth 1, 32 lits): UNSAT in 0.02s
    cube 2789.363 (depth 1, 33 lits): UNSAT in 0.01s
    cube 2789.364 (depth 1, 34 lits): UNSAT in 0.01s
    cube 2789.365 (depth 1, 34 lits): UNSAT in 0.02s
    cube 2789.366 (depth 1, 34 lits): UNSAT in 0.02s
    cube 2789.367 (depth 1, 34 lits): UNSAT in 0.02s
    cube 2789.368 (depth 1, 34 lits): UNSAT in 0.02s
    cube 2789.369 (depth 1, 34 lits): UNSAT in 0.03s
    cube 2789.370 (depth 1, 34 lits): UNSAT in 0.01s
    cube 2789.371 (depth 1, 34 lits): UNSAT in 0.01s
    cube 2789.372 (depth 1, 34 lits): UNSAT in 0.02s
    cube 2789.373 (depth 1, 34 lits): UNSAT in 0.02s
    cube 2789.374 (depth 1, 32 lits): UNSAT in 0.01s
    cube 2789.375 (depth 1, 34 lits): UNSAT in 0.01s
    cube 2789.376 (depth 1, 34 lits): UNSAT in 0.02s
    cube 2789.377 (depth 1, 34 lits): UNSAT in 0.02s
    cube 2789.378 (depth 1, 34 lits): UNSAT in 0.02s
    cube 2789.379 (depth 1, 32 lits): UNSAT in 0.01s
    cube 2789.380 (depth 1, 34 lits): UNSAT in 0.02s
    cube 2789.381 (depth 1, 34 lits): UNSAT in 0.03s
    cube 2789.382 (depth 1, 34 lits): UNSAT in 0.04s
    cube 2789.383 (depth 1, 34 lits): UNSAT in 0.07s
    cube 2789.384 (depth 1, 33 lits): UNSAT in 0.01s
    cube 2789.385 (depth 1, 34 lits): UNSAT in 0.02s
    cube 2789.386 (depth 1, 34 lits): UNSAT in 0.01s
    cube 2789.387 (depth 1, 34 lits): UNSAT in 0.01s
    cube 2789.388 (depth 1, 34 lits): UNSAT in 0.02s
    cube 2789.389 (depth 1, 34 lits): UNSAT in 0.02s
    cube 2789.390 (depth 1, 34 lits): UNSAT in 0.02s
    cube 2789.391 (depth 1, 34 lits): UNSAT in 0.02s
    cube 2789.392 (depth 1, 34 lits): UNSAT in 0.02s
    cube 2789.393 (depth 1, 34 lits): UNSAT in 0.03s
    cube 2789.394 (depth 1, 34 lits): UNSAT in 0.05s
    cube 2789.395 (depth 1, 34 lits): UNSAT in 0.01s
    cube 2789.396 (depth 1, 34 lits): UNSAT in 0.04s
    cube 2789.397 (depth 1, 34 lits): UNSAT in 0.05s
    cube 2789.398 (depth 1, 34 lits): UNSAT in 0.12s
    cube 2789.399 (depth 1, 32 lits): UNSAT in 0.01s
    cube 2789.400 (depth 1, 32 lits): UNSAT in 0.02s
    cube 2789.401 (depth 1, 34 lits): UNSAT in 0.03s
    cube 2789.402 (depth 1, 34 lits): UNSAT in 0.08s
    cube 2789.403 (depth 1, 34 lits): UNSAT in 0.03s
    cube 2789.404 (depth 1, 34 lits): UNSAT in 0.04s
    cube 2789.405 (depth 1, 34 lits): UNSAT in 0.04s
    cube 2789.406 (depth 1, 34 lits): UNSAT in 0.03s
    cube 2789.407 (depth 1, 34 lits): UNSAT in 0.16s
    cube 2789.408 (depth 1, 34 lits): UNSAT in 0.13s
    cube 2789.409 (depth 1, 33 lits): UNSAT in 0.01s
    cube 2789.410 (depth 1, 34 lits): UNSAT in 0.01s
    cube 2789.411 (depth 1, 34 lits): UNSAT in 0.01s
    cube 2789.412 (depth 1, 33 lits): UNSAT in 0.01s
    cube 2789.413 (depth 1, 34 lits): UNSAT in 0.02s
    cube 2789.414 (depth 1, 34 lits): UNSAT in 0.04s
    cube 2789.415 (depth 1, 33 lits): UNSAT in 0.01s
    cube 2789.416 (depth 1, 34 lits): UNSAT in 0.04s
    cube 2789.417 (depth 1, 34 lits): UNSAT in 0.04s
    cube 2789.418 (depth 1, 34 lits): UNSAT in 0.02s
    cube 2789.419 (depth 1, 34 lits): UNSAT in 0.03s
    cube 2789.420 (depth 1, 34 lits): UNSAT in 0.04s
    cube 2789.421 (depth 1, 34 lits): UNSAT in 0.08s
    cube 2789.422 (depth 1, 32 lits): UNSAT in 0.02s
    cube 2789.423 (depth 1, 33 lits): UNSAT in 0.01s
    cube 2789.424 (depth 1, 34 lits): UNSAT in 0.02s
    cube 2789.425 (depth 1, 34 lits): UNSAT in 0.03s
    cube 2789.426 (depth 1, 33 lits): UNSAT in 0.02s
    cube 2789.427 (depth 1, 34 lits): UNSAT in 0.02s
    cube 2789.428 (depth 1, 34 lits): UNSAT in 0.04s
    cube 2789.429 (depth 1, 34 lits): UNSAT in 0.01s
    cube 2789.430 (depth 1, 34 lits): UNSAT in 0.03s
    cube 2789.431 (depth 1, 34 lits): UNSAT in 0.04s
    cube 2789.432 (depth 1, 34 lits): UNSAT in 0.10s
    cube 2789.433 (depth 1, 33 lits): UNSAT in 0.02s
    cube 2789.434 (depth 1, 34 lits): UNSAT in 0.02s
    cube 2789.435 (depth 1, 34 lits): UNSAT in 0.03s
    cube 2789.436 (depth 1, 33 lits): UNSAT in 0.02s
    cube 2789.437 (depth 1, 34 lits): UNSAT in 0.02s
    cube 2789.438 (depth 1, 34 lits): UNSAT in 0.02s
    cube 2789.439 (depth 1, 34 lits): UNSAT in 0.02s
    cube 2789.440 (depth 1, 34 lits): UNSAT in 0.02s
    cube 2789.441 (depth 1, 34 lits): UNSAT in 0.03s
    cube 2789.442 (depth 1, 34 lits): UNSAT in 0.03s
    cube 2789.443 (depth 1, 34 lits): UNSAT in 0.02s
    cube 2789.444 (depth 1, 34 lits): UNSAT in 0.02s
    cube 2789.445 (depth 1, 34 lits): UNSAT in 0.04s
    cube 2789.446 (depth 1, 34 lits): UNSAT in 0.05s
    cube 2789.447 (depth 1, 34 lits): UNSAT in 0.01s
    cube 2789.448 (depth 1, 34 lits): UNSAT in 0.02s
    cube 2789.449 (depth 1, 34 lits): UNSAT in 0.02s
    cube 2789.450 (depth 1, 34 lits): UNSAT in 0.02s
    cube 2789.451 (depth 1, 34 lits): UNSAT in 0.02s
    cube 2789.452 (depth 1, 34 lits): UNSAT in 0.02s
    cube 2789.453 (depth 1, 34 lits): UNSAT in 0.04s
    cube 2789.454 (depth 1, 34 lits): UNSAT in 0.11s
    cube 2789.455 (depth 1, 34 lits): UNSAT in 0.04s
    cube 2789.456 (depth 1, 34 lits): UNSAT in 0.13s
    cube 2789.457 (depth 1, 34 lits): UNSAT in 0.05s
    cube 2789.458 (depth 1, 34 lits): UNSAT in 0.23s
    cube 2789.459 (depth 1, 34 lits): UNSAT in 0.05s
    cube 2789.460 (depth 1, 34 lits): UNSAT in 0.34s
    cube 2789.461 (depth 1, 34 lits): UNSAT in 0.32s
    cube 2789.462 (depth 1, 34 lits): UNSAT in 0.55s
    cube 2789.463 (depth 1, 33 lits): UNSAT in 0.01s
    cube 2789.464 (depth 1, 33 lits): UNSAT in 0.02s
    cube 2789.465 (depth 1, 33 lits): UNSAT in 0.01s
    cube 2789.466 (depth 1, 33 lits): UNSAT in 0.02s
    cube 2789.467 (depth 1, 33 lits): UNSAT in 0.01s
    cube 2789.468 (depth 1, 33 lits): UNSAT in 0.02s
    cube 2789.469 (depth 1, 34 lits): UNSAT in 0.02s
    cube 2789.470 (depth 1, 34 lits): UNSAT in 0.04s
    cube 2789.471 (depth 1, 34 lits): UNSAT in 0.02s
    cube 2789.472 (depth 1, 34 lits): UNSAT in 0.03s
    cube 2789.473 (depth 1, 32 lits): UNSAT in 0.02s
    cube 2789.474 (depth 1, 34 lits): UNSAT in 0.01s
    cube 2789.475 (depth 1, 34 lits): UNSAT in 0.02s
    cube 2789.476 (depth 1, 33 lits): UNSAT in 0.02s
    cube 2789.477 (depth 1, 34 lits): UNSAT in 0.02s
    cube 2789.478 (depth 1, 34 lits): UNSAT in 0.02s
    cube 2789.479 (depth 1, 34 lits): UNSAT in 0.02s
    cube 2789.480 (depth 1, 34 lits): UNSAT in 0.03s
    cube 2789.481 (depth 1, 34 lits): UNSAT in 0.03s
    cube 2789.482 (depth 1, 34 lits): UNSAT in 0.02s
    cube 2789.483 (depth 1, 34 lits): UNSAT in 0.03s
    cube 2789.484 (depth 1, 34 lits): UNSAT in 0.06s
    cube 2789.485 (depth 1, 33 lits): UNSAT in 0.01s
    cube 2789.486 (depth 1, 33 lits): UNSAT in 0.02s
    cube 2789.487 (depth 1, 34 lits): UNSAT in 0.03s
    cube 2789.488 (depth 1, 34 lits): UNSAT in 0.02s
    cube 2789.489 (depth 1, 34 lits): UNSAT in 0.03s
    cube 2789.490 (depth 1, 34 lits): UNSAT in 0.03s
    cube 2789.491 (depth 1, 33 lits): UNSAT in 0.01s
    cube 2789.492 (depth 1, 34 lits): UNSAT in 0.02s
    cube 2789.493 (depth 1, 34 lits): UNSAT in 0.03s
    cube 2789.494 (depth 1, 34 lits): UNSAT in 0.02s
    cube 2789.495 (depth 1, 34 lits): UNSAT in 0.02s
    cube 2789.496 (depth 1, 34 lits): UNSAT in 0.04s
    cube 2789.497 (depth 1, 34 lits): UNSAT in 0.05s
    cube 2789.498 (depth 1, 34 lits): UNSAT in 0.01s
    cube 2789.499 (depth 1, 34 lits): UNSAT in 0.03s
    cube 2789.500 (depth 1, 34 lits): UNSAT in 0.02s
    cube 2789.501 (depth 1, 34 lits): UNSAT in 0.05s
    cube 2789.502 (depth 1, 34 lits): UNSAT in 0.02s
    cube 2789.503 (depth 1, 34 lits): UNSAT in 0.09s
    cube 2789.504 (depth 1, 34 lits): UNSAT in 0.05s
    cube 2789.505 (depth 1, 34 lits): UNSAT in 0.17s
    cube 2789.506 (depth 1, 34 lits): UNSAT in 0.03s
    cube 2789.507 (depth 1, 34 lits): UNSAT in 0.13s
    cube 2789.508 (depth 1, 34 lits): UNSAT in 0.07s
    cube 2789.509 (depth 1, 34 lits): UNSAT in 0.16s
    cube 2789.510 (depth 1, 34 lits): UNSAT in 0.07s
    cube 2789.511 (depth 1, 34 lits): UNSAT in 0.10s
    cube 2789.512 (depth 1, 34 lits): UNSAT in 0.35s
    cube 2789.513 (depth 1, 34 lits): UNSAT in 0.47s
    cube 2789.514 (depth 1, 32 lits): UNSAT in 0.01s
    cube 2789.515 (depth 1, 33 lits): UNSAT in 0.02s
    cube 2789.516 (depth 1, 33 lits): UNSAT in 0.02s
    cube 2789.517 (depth 1, 33 lits): UNSAT in 0.01s
    cube 2789.518 (depth 1, 34 lits): UNSAT in 0.02s
    cube 2789.519 (depth 1, 34 lits): UNSAT in 0.03s
    cube 2789.520 (depth 1, 34 lits): UNSAT in 0.02s
    cube 2789.521 (depth 1, 34 lits): UNSAT in 0.02s
    cube 2789.522 (depth 1, 34 lits): UNSAT in 0.02s
    cube 2789.523 (depth 1, 34 lits): UNSAT in 0.03s
    cube 2789.524 (depth 1, 32 lits): UNSAT in 0.02s
    cube 2789.525 (depth 1, 34 lits): UNSAT in 0.01s
    cube 2789.526 (depth 1, 34 lits): UNSAT in 0.02s
    cube 2789.527 (depth 1, 34 lits): UNSAT in 0.02s
    cube 2789.528 (depth 1, 34 lits): UNSAT in 0.02s
    cube 2789.529 (depth 1, 34 lits): UNSAT in 0.01s
    cube 2789.530 (depth 1, 34 lits): UNSAT in 0.03s
    cube 2789.531 (depth 1, 34 lits): UNSAT in 0.05s
    cube 2789.532 (depth 1, 34 lits): UNSAT in 0.13s
    cube 2789.533 (depth 1, 34 lits): UNSAT in 0.08s
    cube 2789.534 (depth 1, 34 lits): UNSAT in 0.15s
    cube 2789.535 (depth 1, 34 lits): UNSAT in 0.05s
    cube 2789.536 (depth 1, 34 lits): UNSAT in 0.23s
    cube 2789.537 (depth 1, 34 lits): UNSAT in 0.02s
    cube 2789.538 (depth 1, 34 lits): UNSAT in 0.02s
    cube 2789.539 (depth 1, 34 lits): UNSAT in 0.02s
    cube 2789.540 (depth 1, 34 lits): UNSAT in 0.02s
    cube 2789.541 (depth 1, 34 lits): UNSAT in 0.01s
    cube 2789.542 (depth 1, 34 lits): UNSAT in 0.03s
    cube 2789.543 (depth 1, 34 lits): UNSAT in 0.02s
    cube 2789.544 (depth 1, 34 lits): UNSAT in 0.04s
    cube 2789.545 (depth 1, 34 lits): UNSAT in 0.03s
    cube 2789.546 (depth 1, 34 lits): UNSAT in 0.05s
    cube 2789.547 (depth 1, 34 lits): UNSAT in 0.06s
    cube 2789.548 (depth 1, 34 lits): UNSAT in 0.13s
    cube 2789.549 (depth 1, 34 lits): UNSAT in 0.25s
    cube 2789.550 (depth 1, 34 lits): UNSAT in 0.29s
    cube 2789.551 (depth 1, 34 lits): UNSAT in 0.23s
    cube 2789.552 (depth 1, 34 lits): UNSAT in 1.92s
    cube 2789.553 (depth 1, 34 lits): UNSAT in 0.08s
    cube 2789.554 (depth 1, 34 lits): UNSAT in 0.18s
    cube 2789.555 (depth 1, 34 lits): UNSAT in 0.13s
    cube 2789.556 (depth 1, 34 lits): UNSAT in 0.15s
    cube 2789.557 (depth 1, 34 lits): UNSAT in 0.17s
    cube 2789.558 (depth 1, 34 lits): UNSAT in 0.57s
    cube 2789.559 (depth 1, 34 lits): UNSAT in 0.32s
    cube 2789.560 (depth 1, 34 lits): UNSAT in 0.48s
    cube 2789.561 (depth 1, 34 lits): UNSAT in 0.09s
    cube 2789.562 (depth 1, 34 lits): UNSAT in 0.50s
    cube 2789.563 (depth 1, 34 lits): UNSAT in 0.42s
    cube 2789.564 (depth 1, 34 lits): UNSAT in 2.60s
    cube 2789.565 (depth 1, 34 lits): UNSAT in 0.25s
    cube 2789.566 (depth 1, 34 lits): UNSAT in 2.46s
    cube 2789.567 (depth 1, 34 lits): UNSAT in 8.93s
    cube 2789.568 (depth 1, 34 lits): UNSAT in 23.14s
    cube 2789.569 (depth 1, 33 lits): UNSAT in 0.01s
    cube 2789.570 (depth 1, 34 lits): UNSAT in 0.01s
    cube 2789.571 (depth 1, 34 lits): UNSAT in 0.01s
    cube 2789.572 (depth 1, 34 lits): UNSAT in 0.01s
    cube 2789.573 (depth 1, 34 lits): UNSAT in 0.03s
    cube 2789.574 (depth 1, 34 lits): UNSAT in 0.02s
    cube 2789.575 (depth 1, 34 lits): UNSAT in 0.04s
    cube 2789.576 (depth 1, 34 lits): UNSAT in 0.02s
    cube 2789.577 (depth 1, 34 lits): UNSAT in 0.02s
    cube 2789.578 (depth 1, 34 lits): UNSAT in 0.03s
    cube 2789.579 (depth 1, 34 lits): UNSAT in 0.04s
    cube 2789.580 (depth 1, 34 lits): UNSAT in 0.09s
    cube 2789.581 (depth 1, 34 lits): UNSAT in 0.20s
    cube 2789.582 (depth 1, 34 lits): UNSAT in 0.07s
    cube 2789.583 (depth 1, 34 lits): UNSAT in 0.29s
    cube 2789.584 (depth 1, 34 lits): UNSAT in 0.01s
    cube 2789.585 (depth 1, 34 lits): UNSAT in 0.02s
    cube 2789.586 (depth 1, 33 lits): UNSAT in 0.01s
    cube 2789.587 (depth 1, 34 lits): UNSAT in 0.03s
    cube 2789.588 (depth 1, 34 lits): UNSAT in 0.05s
    cube 2789.589 (depth 1, 34 lits): UNSAT in 0.10s
    cube 2789.590 (depth 1, 34 lits): UNSAT in 0.07s
    cube 2789.591 (depth 1, 34 lits): UNSAT in 0.06s
    cube 2789.592 (depth 1, 34 lits): UNSAT in 0.08s
    cube 2789.593 (depth 1, 34 lits): UNSAT in 0.07s
    cube 2789.594 (depth 1, 34 lits): UNSAT in 0.16s
    cube 2789.595 (depth 1, 34 lits): UNSAT in 0.08s
    cube 2789.596 (depth 1, 34 lits): UNSAT in 0.54s
    cube 2789.597 (depth 1, 34 lits): UNSAT in 0.67s
    cube 2789.598 (depth 1, 34 lits): UNSAT in 2.15s
    cube 2789.599 (depth 1, 33 lits): UNSAT in 0.02s
    cube 2789.600 (depth 1, 34 lits): UNSAT in 0.02s
    cube 2789.601 (depth 1, 34 lits): UNSAT in 0.02s
    cube 2789.602 (depth 1, 34 lits): UNSAT in 0.01s
    cube 2789.603 (depth 1, 34 lits): UNSAT in 0.02s
    cube 2789.604 (depth 1, 34 lits): UNSAT in 0.02s
    cube 2789.605 (depth 1, 34 lits): UNSAT in 0.03s
    cube 2789.606 (depth 1, 34 lits): UNSAT in 0.02s
    cube 2789.607 (depth 1, 34 lits): UNSAT in 0.02s
    cube 2789.608 (depth 1, 34 lits): UNSAT in 0.03s
    cube 2789.609 (depth 1, 34 lits): UNSAT in 0.07s
    cube 2789.610 (depth 1, 34 lits): UNSAT in 0.05s
    cube 2789.611 (depth 1, 34 lits): UNSAT in 0.17s
    cube 2789.612 (depth 1, 34 lits): UNSAT in 0.07s
    cube 2789.613 (depth 1, 34 lits): UNSAT in 0.17s
    cube 2789.614 (depth 1, 34 lits): UNSAT in 0.03s
    cube 2789.615 (depth 1, 34 lits): UNSAT in 0.05s
    cube 2789.616 (depth 1, 34 lits): UNSAT in 0.02s
    cube 2789.617 (depth 1, 34 lits): UNSAT in 0.04s
    cube 2789.618 (depth 1, 34 lits): UNSAT in 0.02s
    cube 2789.619 (depth 1, 34 lits): UNSAT in 0.04s
    cube 2789.620 (depth 1, 34 lits): UNSAT in 0.20s
    cube 2789.621 (depth 1, 34 lits): UNSAT in 0.26s
    cube 2789.622 (depth 1, 34 lits): UNSAT in 0.11s
    cube 2789.623 (depth 1, 34 lits): UNSAT in 0.11s
    cube 2789.624 (depth 1, 34 lits): UNSAT in 0.20s
    cube 2789.625 (depth 1, 34 lits): UNSAT in 0.21s
    cube 2789.626 (depth 1, 34 lits): UNSAT in 0.28s
    cube 2789.627 (depth 1, 34 lits): UNSAT in 0.20s
    cube 2789.628 (depth 1, 34 lits): UNSAT in 0.16s
    cube 2789.629 (depth 1, 34 lits): UNSAT in 0.75s
    cube 2789.630 (depth 1, 34 lits): UNSAT in 0.01s
    cube 2789.631 (depth 1, 34 lits): UNSAT in 0.02s
    cube 2789.632 (depth 1, 34 lits): UNSAT in 0.02s
    cube 2789.633 (depth 1, 34 lits): UNSAT in 0.01s
    cube 2789.634 (depth 1, 34 lits): UNSAT in 0.02s
    cube 2789.635 (depth 1, 34 lits): UNSAT in 0.04s
    cube 2789.636 (depth 1, 34 lits): UNSAT in 0.02s
    cube 2789.637 (depth 1, 34 lits): UNSAT in 0.11s
    cube 2789.638 (depth 1, 34 lits): UNSAT in 0.01s
    cube 2789.639 (depth 1, 34 lits): UNSAT in 0.02s
    cube 2789.640 (depth 1, 34 lits): UNSAT in 0.02s
    cube 2789.641 (depth 1, 34 lits): UNSAT in 0.03s
    cube 2789.642 (depth 1, 33 lits): UNSAT in 0.01s
    cube 2789.643 (depth 1, 34 lits): UNSAT in 0.03s
    cube 2789.644 (depth 1, 34 lits): UNSAT in 0.07s
    cube 2789.645 (depth 1, 34 lits): UNSAT in 0.04s
    cube 2789.646 (depth 1, 34 lits): UNSAT in 0.15s
    cube 2789.647 (depth 1, 34 lits): UNSAT in 0.05s
    cube 2789.648 (depth 1, 34 lits): UNSAT in 0.17s
    cube 2789.649 (depth 1, 34 lits): UNSAT in 0.05s
    cube 2789.650 (depth 1, 34 lits): UNSAT in 0.03s
    cube 2789.651 (depth 1, 34 lits): UNSAT in 0.03s
    cube 2789.652 (depth 1, 34 lits): UNSAT in 0.31s
    cube 2789.653 (depth 1, 34 lits): UNSAT in 0.02s
    cube 2789.654 (depth 1, 34 lits): UNSAT in 0.01s
    cube 2789.655 (depth 1, 34 lits): UNSAT in 0.06s
    cube 2789.656 (depth 1, 34 lits): UNSAT in 0.05s
    cube 2789.657 (depth 1, 34 lits): UNSAT in 0.14s
    cube 2789.658 (depth 1, 34 lits): UNSAT in 0.42s
    cube 2789.659 (depth 1, 34 lits): UNSAT in 0.43s
    cube 2789.660 (depth 1, 34 lits): UNSAT in 1.52s
    cube 2789.661 (depth 1, 34 lits): UNSAT in 0.02s
    cube 2789.662 (depth 1, 34 lits): UNSAT in 0.03s
    cube 2789.663 (depth 1, 34 lits): UNSAT in 0.03s
    cube 2789.664 (depth 1, 34 lits): UNSAT in 0.04s
    cube 2789.665 (depth 1, 34 lits): UNSAT in 0.03s
    cube 2789.666 (depth 1, 34 lits): UNSAT in 0.14s
    cube 2789.667 (depth 1, 34 lits): UNSAT in 0.07s
    cube 2789.668 (depth 1, 34 lits): UNSAT in 0.25s
    cube 2789.669 (depth 1, 34 lits): UNSAT in 0.04s
    cube 2789.670 (depth 1, 34 lits): UNSAT in 0.10s
    cube 2789.671 (depth 1, 34 lits): UNSAT in 0.09s
    cube 2789.672 (depth 1, 34 lits): UNSAT in 0.11s
    cube 2789.673 (depth 1, 34 lits): UNSAT in 0.11s
    cube 2789.674 (depth 1, 34 lits): UNSAT in 0.31s
    cube 2789.675 (depth 1, 34 lits): UNSAT in 0.15s
    cube 2789.676 (depth 1, 34 lits): UNSAT in 0.43s
    cube 2789.677 (depth 1, 34 lits): UNSAT in 0.10s
    cube 2789.678 (depth 1, 34 lits): UNSAT in 0.20s
    cube 2789.679 (depth 1, 34 lits): UNSAT in 0.17s
    cube 2789.680 (depth 1, 34 lits): UNSAT in 0.34s
    cube 2789.681 (depth 1, 34 lits): UNSAT in 0.21s
    cube 2789.682 (depth 1, 34 lits): UNSAT in 0.54s
    cube 2789.683 (depth 1, 34 lits): UNSAT in 1.09s
    cube 2789.684 (depth 1, 34 lits): UNSAT in 2.62s
    cube 2789.685 (depth 1, 34 lits): UNSAT in 0.06s
    cube 2789.686 (depth 1, 34 lits): UNSAT in 0.50s
    cube 2789.687 (depth 1, 34 lits): UNSAT in 0.68s
    cube 2789.688 (depth 1, 34 lits): UNSAT in 1.30s
    cube 2789.689 (depth 1, 34 lits): UNSAT in 0.99s
    cube 2789.690 (depth 1, 34 lits): UNSAT in 2.23s
    cube 2789.691 (depth 1, 34 lits): UNSAT in 14.86s
    cube 2789.692 (depth 1, 34 lits): UNSAT in 53.32s
    cube 2789.693 (depth 1, 34 lits): UNSAT in 0.01s
    cube 2789.694 (depth 1, 34 lits): UNSAT in 0.03s
    cube 2789.695 (depth 1, 34 lits): UNSAT in 0.03s
    cube 2789.696 (depth 1, 34 lits): UNSAT in 0.10s
    cube 2789.697 (depth 1, 34 lits): UNSAT in 0.03s
    cube 2789.698 (depth 1, 34 lits): UNSAT in 0.05s
    cube 2789.699 (depth 1, 34 lits): UNSAT in 0.01s
    cube 2789.700 (depth 1, 34 lits): UNSAT in 0.05s
    cube 2789.701 (depth 1, 34 lits): UNSAT in 0.02s
    cube 2789.702 (depth 1, 34 lits): UNSAT in 0.02s
    cube 2789.703 (depth 1, 34 lits): UNSAT in 0.02s
    cube 2789.704 (depth 1, 34 lits): UNSAT in 0.19s
    cube 2789.705 (depth 1, 34 lits): UNSAT in 0.04s
    cube 2789.706 (depth 1, 34 lits): UNSAT in 0.05s
    cube 2789.707 (depth 1, 34 lits): UNSAT in 0.10s
    cube 2789.708 (depth 1, 34 lits): UNSAT in 0.73s
    cube 2789.709 (depth 1, 34 lits): UNSAT in 0.02s
    cube 2789.710 (depth 1, 34 lits): UNSAT in 0.02s
    cube 2789.711 (depth 1, 34 lits): UNSAT in 0.03s
    cube 2789.712 (depth 1, 34 lits): UNSAT in 0.08s
    cube 2789.713 (depth 1, 34 lits): UNSAT in 0.06s
    cube 2789.714 (depth 1, 34 lits): UNSAT in 0.04s
    cube 2789.715 (depth 1, 34 lits): UNSAT in 0.06s
    cube 2789.716 (depth 1, 34 lits): UNSAT in 0.34s
    cube 2789.717 (depth 1, 34 lits): UNSAT in 0.04s
    cube 2789.718 (depth 1, 34 lits): UNSAT in 0.02s
    cube 2789.719 (depth 1, 34 lits): UNSAT in 0.02s
    cube 2789.720 (depth 1, 34 lits): UNSAT in 0.06s
    cube 2789.721 (depth 1, 34 lits): UNSAT in 0.03s
    cube 2789.722 (depth 1, 34 lits): UNSAT in 0.09s
    cube 2789.723 (depth 1, 34 lits): UNSAT in 0.53s
    cube 2789.724 (depth 1, 34 lits): UNSAT in 0.62s
    cube 2789.725 (depth 1, 34 lits): UNSAT in 0.02s
    cube 2789.726 (depth 1, 34 lits): UNSAT in 0.03s
    cube 2789.727 (depth 1, 34 lits): UNSAT in 0.02s
    cube 2789.728 (depth 1, 34 lits): UNSAT in 0.05s
    cube 2789.729 (depth 1, 34 lits): UNSAT in 0.02s
    cube 2789.730 (depth 1, 34 lits): UNSAT in 0.02s
    cube 2789.731 (depth 1, 34 lits): UNSAT in 0.06s
    cube 2789.732 (depth 1, 34 lits): UNSAT in 0.08s
    cube 2789.733 (depth 1, 34 lits): UNSAT in 0.02s
    cube 2789.734 (depth 1, 34 lits): UNSAT in 0.06s
    cube 2789.735 (depth 1, 34 lits): UNSAT in 0.03s
    cube 2789.736 (depth 1, 34 lits): UNSAT in 0.07s
    cube 2789.737 (depth 1, 34 lits): UNSAT in 0.06s
    cube 2789.738 (depth 1, 34 lits): UNSAT in 0.22s
    cube 2789.739 (depth 1, 34 lits): UNSAT in 0.10s
    cube 2789.740 (depth 1, 34 lits): UNSAT in 0.56s
    cube 2789.741 (depth 1, 34 lits): UNSAT in 0.03s
    cube 2789.742 (depth 1, 34 lits): UNSAT in 0.05s
    cube 2789.743 (depth 1, 34 lits): UNSAT in 0.10s
    cube 2789.744 (depth 1, 34 lits): UNSAT in 0.06s
    cube 2789.745 (depth 1, 34 lits): UNSAT in 0.11s
    cube 2789.746 (depth 1, 34 lits): UNSAT in 0.22s
    cube 2789.747 (depth 1, 34 lits): UNSAT in 0.14s
    cube 2789.748 (depth 1, 34 lits): UNSAT in 0.12s
    cube 2789.749 (depth 1, 34 lits): UNSAT in 0.08s
    cube 2789.750 (depth 1, 34 lits): UNSAT in 0.11s
    cube 2789.751 (depth 1, 34 lits): UNSAT in 0.77s
    cube 2789.752 (depth 1, 34 lits): UNSAT in 2.43s
    cube 2789.753 (depth 1, 34 lits): UNSAT in 0.44s
    cube 2789.754 (depth 1, 34 lits): UNSAT in 0.65s
    cube 2789.755 (depth 1, 34 lits): UNSAT in 2.54s
    cube 2789.756 (depth 1, 34 lits): UNSAT in 11.70s
    cube 2789.757 (depth 1, 34 lits): UNSAT in 0.02s
    cube 2789.758 (depth 1, 34 lits): UNSAT in 0.03s
    cube 2789.759 (depth 1, 34 lits): UNSAT in 0.02s
    cube 2789.760 (depth 1, 34 lits): UNSAT in 0.05s
    cube 2789.761 (depth 1, 34 lits): UNSAT in 0.04s
    cube 2789.762 (depth 1, 34 lits): UNSAT in 0.03s
    cube 2789.763 (depth 1, 34 lits): UNSAT in 0.03s
    cube 2789.764 (depth 1, 34 lits): UNSAT in 0.11s
    cube 2789.765 (depth 1, 34 lits): UNSAT in 0.04s
    cube 2789.766 (depth 1, 34 lits): UNSAT in 0.02s
    cube 2789.767 (depth 1, 34 lits): UNSAT in 0.03s
    cube 2789.768 (depth 1, 34 lits): UNSAT in 0.02s
    cube 2789.769 (depth 1, 34 lits): UNSAT in 0.04s
    cube 2789.770 (depth 1, 34 lits): UNSAT in 0.08s
    cube 2789.771 (depth 1, 34 lits): UNSAT in 0.09s
    cube 2789.772 (depth 1, 34 lits): UNSAT in 0.24s
    cube 2789.773 (depth 1, 34 lits): UNSAT in 0.02s
    cube 2789.774 (depth 1, 34 lits): UNSAT in 0.02s
    cube 2789.775 (depth 1, 34 lits): UNSAT in 0.04s
    cube 2789.776 (depth 1, 34 lits): UNSAT in 0.06s
    cube 2789.777 (depth 1, 34 lits): UNSAT in 0.01s
    cube 2789.778 (depth 1, 34 lits): UNSAT in 0.07s
    cube 2789.779 (depth 1, 34 lits): UNSAT in 0.04s
    cube 2789.780 (depth 1, 34 lits): UNSAT in 0.20s
    cube 2789.781 (depth 1, 34 lits): UNSAT in 0.08s
    cube 2789.782 (depth 1, 34 lits): UNSAT in 0.12s
    cube 2789.783 (depth 1, 34 lits): UNSAT in 0.30s
    cube 2789.784 (depth 1, 34 lits): UNSAT in 0.24s
    cube 2789.785 (depth 1, 34 lits): UNSAT in 0.37s
    cube 2789.786 (depth 1, 34 lits): UNSAT in 1.05s
    cube 2789.787 (depth 1, 34 lits): UNSAT in 2.17s
    cube 2789.788 (depth 1, 34 lits): UNSAT in 7.39s
    cube 2789.789 (depth 1, 34 lits): UNSAT in 0.06s
    cube 2789.790 (depth 1, 34 lits): UNSAT in 0.11s
    cube 2789.791 (depth 1, 34 lits): UNSAT in 0.16s
    cube 2789.792 (depth 1, 34 lits): UNSAT in 0.40s
    cube 2789.793 (depth 1, 34 lits): UNSAT in 0.08s
    cube 2789.794 (depth 1, 34 lits): UNSAT in 0.10s
    cube 2789.795 (depth 1, 34 lits): UNSAT in 0.45s
    cube 2789.796 (depth 1, 34 lits): UNSAT in 1.11s
    cube 2789.797 (depth 1, 34 lits): UNSAT in 0.04s
    cube 2789.798 (depth 1, 34 lits): UNSAT in 0.11s
    cube 2789.799 (depth 1, 34 lits): UNSAT in 0.11s
    cube 2789.800 (depth 1, 34 lits): UNSAT in 1.62s
    cube 2789.801 (depth 1, 34 lits): UNSAT in 0.73s
    cube 2789.802 (depth 1, 34 lits): UNSAT in 0.81s
    cube 2789.803 (depth 1, 34 lits): UNSAT in 2.56s
    cube 2789.804 (depth 1, 34 lits): UNSAT in 31.95s
    cube 2789.805 (depth 1, 34 lits): UNSAT in 0.26s
    cube 2789.806 (depth 1, 34 lits): UNSAT in 0.58s
    cube 2789.807 (depth 1, 34 lits): UNSAT in 0.25s
    cube 2789.808 (depth 1, 34 lits): UNSAT in 1.30s
    cube 2789.809 (depth 1, 34 lits): UNSAT in 0.24s
    cube 2789.810 (depth 1, 34 lits): UNSAT in 1.20s
    cube 2789.811 (depth 1, 34 lits): UNSAT in 3.58s
    cube 2789.812 (depth 1, 34 lits): UNSAT in 20.72s
    cube 2789.813 (depth 1, 34 lits): UNSAT in 0.23s
    cube 2789.814 (depth 1, 34 lits): UNSAT in 0.91s
    cube 2789.815 (depth 1, 34 lits): UNSAT in 0.24s
    cube 2789.816 (depth 1, 34 lits): UNSAT in 1.85s
    cube 2789.817 (depth 1, 34 lits): UNSAT in 0.15s
    cube 2789.818 (depth 1, 34 lits): UNSAT in 2.00s
    cube 2789.819 (depth 1, 34 lits): UNSAT in 2.76s
    cube 2789.820 (depth 1, 34 lits): UNSAT in 50.91s
    cube 2792 (depth 0, 24 lits): UNSAT in 13.94s
    cube 2795 (depth 0, 24 lits): UNSAT in 78.46s
    cube 2798 (depth 0, 24 lits): UNSAT in 0.43s
    cube 2801 (depth 0, 24 lits): UNSAT in 714.84s
    cube 2804 (depth 0, 24 lits): TIMEOUT in 2400.10s
    cube 2804 TIMEOUT -> re-split into 759 sub-cubes (depth 1)
    cube 2804.0 (depth 1, 29 lits): UNSAT in 0.01s
    cube 2804.1 (depth 1, 30 lits): UNSAT in 0.01s
    cube 2804.2 (depth 1, 31 lits): UNSAT in 0.02s
    cube 2804.3 (depth 1, 31 lits): UNSAT in 0.02s
    cube 2804.4 (depth 1, 32 lits): UNSAT in 0.01s
    cube 2804.5 (depth 1, 33 lits): UNSAT in 0.01s
    cube 2804.6 (depth 1, 33 lits): UNSAT in 0.02s
    cube 2804.7 (depth 1, 33 lits): UNSAT in 0.02s
    cube 2804.8 (depth 1, 33 lits): UNSAT in 0.01s
    cube 2804.9 (depth 1, 34 lits): UNSAT in 0.01s
    cube 2804.10 (depth 1, 34 lits): UNSAT in 0.02s
    cube 2804.11 (depth 1, 34 lits): UNSAT in 0.02s
    cube 2804.12 (depth 1, 34 lits): UNSAT in 0.02s
    cube 2804.13 (depth 1, 31 lits): UNSAT in 0.01s
    cube 2804.14 (depth 1, 32 lits): UNSAT in 0.02s
    cube 2804.15 (depth 1, 32 lits): UNSAT in 0.01s
    cube 2804.16 (depth 1, 32 lits): UNSAT in 0.01s
    cube 2804.17 (depth 1, 32 lits): UNSAT in 0.02s
    cube 2804.18 (depth 1, 32 lits): UNSAT in 0.01s
    cube 2804.19 (depth 1, 33 lits): UNSAT in 0.02s
    cube 2804.20 (depth 1, 33 lits): UNSAT in 0.02s
    cube 2804.21 (depth 1, 33 lits): UNSAT in 0.02s
    cube 2804.22 (depth 1, 33 lits): UNSAT in 0.01s
    cube 2804.23 (depth 1, 32 lits): UNSAT in 0.01s
    cube 2804.24 (depth 1, 34 lits): UNSAT in 0.02s
    cube 2804.25 (depth 1, 34 lits): UNSAT in 0.02s
    cube 2804.26 (depth 1, 34 lits): UNSAT in 0.02s
    cube 2804.27 (depth 1, 34 lits): UNSAT in 0.05s
    cube 2804.28 (depth 1, 34 lits): UNSAT in 0.02s
    cube 2804.29 (depth 1, 34 lits): UNSAT in 0.01s
    cube 2804.30 (depth 1, 34 lits): UNSAT in 0.02s
    cube 2804.31 (depth 1, 34 lits): UNSAT in 0.02s
    cube 2804.32 (depth 1, 32 lits): UNSAT in 0.01s
    cube 2804.33 (depth 1, 32 lits): UNSAT in 0.01s
    cube 2804.34 (depth 1, 32 lits): UNSAT in 0.02s
    cube 2804.35 (depth 1, 34 lits): UNSAT in 0.01s
    cube 2804.36 (depth 1, 34 lits): UNSAT in 0.01s
    cube 2804.37 (depth 1, 34 lits): UNSAT in 0.02s
    cube 2804.38 (depth 1, 34 lits): UNSAT in 0.03s
    cube 2804.39 (depth 1, 32 lits): UNSAT in 0.01s
    cube 2804.40 (depth 1, 34 lits): UNSAT in 0.01s
    cube 2804.41 (depth 1, 34 lits): UNSAT in 0.02s
    cube 2804.42 (depth 1, 33 lits): UNSAT in 0.02s
    cube 2804.43 (depth 1, 34 lits): UNSAT in 0.01s
    cube 2804.44 (depth 1, 34 lits): UNSAT in 0.02s
    cube 2804.45 (depth 1, 34 lits): UNSAT in 0.02s
    cube 2804.46 (depth 1, 34 lits): UNSAT in 0.02s
    cube 2804.47 (depth 1, 34 lits): UNSAT in 0.02s
    cube 2804.48 (depth 1, 34 lits): UNSAT in 0.03s
    cube 2804.49 (depth 1, 34 lits): UNSAT in 0.02s
    cube 2804.50 (depth 1, 34 lits): UNSAT in 0.10s
    cube 2804.51 (depth 1, 32 lits): UNSAT in 0.01s
    cube 2804.52 (depth 1, 33 lits): UNSAT in 0.01s
    cube 2804.53 (depth 1, 34 lits): UNSAT in 0.02s
    cube 2804.54 (depth 1, 34 lits): UNSAT in 0.02s
    cube 2804.55 (depth 1, 34 lits): UNSAT in 0.01s
    cube 2804.56 (depth 1, 34 lits): UNSAT in 0.02s
    cube 2804.57 (depth 1, 33 lits): UNSAT in 0.02s
    cube 2804.58 (depth 1, 33 lits): UNSAT in 0.02s
    cube 2804.59 (depth 1, 34 lits): UNSAT in 0.03s
    cube 2804.60 (depth 1, 34 lits): UNSAT in 0.04s
    cube 2804.61 (depth 1, 34 lits): UNSAT in 0.02s
    cube 2804.62 (depth 1, 34 lits): UNSAT in 0.01s
    cube 2804.63 (depth 1, 34 lits): UNSAT in 0.01s
    cube 2804.64 (depth 1, 34 lits): UNSAT in 0.02s
    cube 2804.65 (depth 1, 34 lits): UNSAT in 0.01s
    cube 2804.66 (depth 1, 34 lits): UNSAT in 0.02s
    cube 2804.67 (depth 1, 34 lits): UNSAT in 0.01s
    cube 2804.68 (depth 1, 34 lits): UNSAT in 0.02s
    cube 2804.69 (depth 1, 34 lits): UNSAT in 0.01s
    cube 2804.70 (depth 1, 34 lits): UNSAT in 0.02s
    cube 2804.71 (depth 1, 34 lits): UNSAT in 0.01s
    cube 2804.72 (depth 1, 34 lits): UNSAT in 0.02s
    cube 2804.73 (depth 1, 34 lits): UNSAT in 0.02s
    cube 2804.74 (depth 1, 34 lits): UNSAT in 0.02s
    cube 2804.75 (depth 1, 34 lits): UNSAT in 0.03s
    cube 2804.76 (depth 1, 34 lits): UNSAT in 0.04s
    cube 2804.77 (depth 1, 31 lits): UNSAT in 0.01s
    cube 2804.78 (depth 1, 34 lits): UNSAT in 0.01s
    cube 2804.79 (depth 1, 34 lits): UNSAT in 0.01s
    cube 2804.80 (depth 1, 34 lits): UNSAT in 0.02s
    cube 2804.81 (depth 1, 34 lits): UNSAT in 0.01s
    cube 2804.82 (depth 1, 34 lits): UNSAT in 0.02s
    cube 2804.83 (depth 1, 34 lits): UNSAT in 0.02s
    cube 2804.84 (depth 1, 34 lits): UNSAT in 0.03s
    cube 2804.85 (depth 1, 34 lits): UNSAT in 0.03s
    cube 2804.86 (depth 1, 34 lits): UNSAT in 0.01s
    cube 2804.87 (depth 1, 34 lits): UNSAT in 0.02s
    cube 2804.88 (depth 1, 34 lits): UNSAT in 0.02s
    cube 2804.89 (depth 1, 34 lits): UNSAT in 0.04s
    cube 2804.90 (depth 1, 34 lits): UNSAT in 0.02s
    cube 2804.91 (depth 1, 34 lits): UNSAT in 0.03s
    cube 2804.92 (depth 1, 34 lits): UNSAT in 0.02s
    cube 2804.93 (depth 1, 34 lits): UNSAT in 0.07s
    cube 2804.94 (depth 1, 34 lits): UNSAT in 0.02s
    cube 2804.95 (depth 1, 34 lits): UNSAT in 0.05s
    cube 2804.96 (depth 1, 34 lits): UNSAT in 0.02s
    cube 2804.97 (depth 1, 34 lits): UNSAT in 0.11s
    cube 2804.98 (depth 1, 34 lits): UNSAT in 0.02s
    cube 2804.99 (depth 1, 34 lits): UNSAT in 0.05s
    cube 2804.100 (depth 1, 34 lits): UNSAT in 0.03s
    cube 2804.101 (depth 1, 34 lits): UNSAT in 0.13s
    cube 2804.102 (depth 1, 34 lits): UNSAT in 0.01s
    cube 2804.103 (depth 1, 34 lits): UNSAT in 0.01s
    cube 2804.104 (depth 1, 33 lits): UNSAT in 0.01s
    cube 2804.105 (depth 1, 33 lits): UNSAT in 0.01s
    cube 2804.106 (depth 1, 33 lits): UNSAT in 0.02s
    cube 2804.107 (depth 1, 34 lits): UNSAT in 0.01s
    cube 2804.108 (depth 1, 34 lits): UNSAT in 0.01s
    cube 2804.109 (depth 1, 34 lits): UNSAT in 0.02s
    cube 2804.110 (depth 1, 34 lits): UNSAT in 0.02s
    cube 2804.111 (depth 1, 34 lits): UNSAT in 0.01s
    cube 2804.112 (depth 1, 34 lits): UNSAT in 0.02s
    cube 2804.113 (depth 1, 34 lits): UNSAT in 0.02s
    cube 2804.114 (depth 1, 34 lits): UNSAT in 0.32s
    cube 2804.115 (depth 1, 34 lits): UNSAT in 0.01s
    cube 2804.116 (depth 1, 34 lits): UNSAT in 0.05s
    cube 2804.117 (depth 1, 34 lits): UNSAT in 0.04s
    cube 2804.118 (depth 1, 34 lits): UNSAT in 0.08s
    cube 2804.119 (depth 1, 34 lits): UNSAT in 0.04s
    cube 2804.120 (depth 1, 34 lits): UNSAT in 0.14s
    cube 2804.121 (depth 1, 34 lits): UNSAT in 0.07s
    cube 2804.122 (depth 1, 34 lits): UNSAT in 0.29s
    cube 2804.123 (depth 1, 34 lits): UNSAT in 0.02s
    cube 2804.124 (depth 1, 34 lits): UNSAT in 0.12s
    cube 2804.125 (depth 1, 34 lits): UNSAT in 0.29s
    cube 2804.126 (depth 1, 34 lits): UNSAT in 1.06s
    cube 2804.127 (depth 1, 34 lits): UNSAT in 0.14s
    cube 2804.128 (depth 1, 34 lits): UNSAT in 1.30s
    cube 2804.129 (depth 1, 34 lits): UNSAT in 1.62s
    cube 2804.130 (depth 1, 34 lits): UNSAT in 1.50s
    cube 2804.131 (depth 1, 31 lits): UNSAT in 0.02s
    cube 2804.132 (depth 1, 33 lits): UNSAT in 0.01s
    cube 2804.133 (depth 1, 33 lits): UNSAT in 0.02s
    cube 2804.134 (depth 1, 33 lits): UNSAT in 0.02s
    cube 2804.135 (depth 1, 34 lits): UNSAT in 0.01s
    cube 2804.136 (depth 1, 34 lits): UNSAT in 0.01s
    cube 2804.137 (depth 1, 31 lits): UNSAT in 0.01s
    cube 2804.138 (depth 1, 34 lits): UNSAT in 0.01s
    cube 2804.139 (depth 1, 34 lits): UNSAT in 0.01s
    cube 2804.140 (depth 1, 33 lits): UNSAT in 0.01s
    cube 2804.141 (depth 1, 34 lits): UNSAT in 0.02s
    cube 2804.142 (depth 1, 34 lits): UNSAT in 0.01s
    cube 2804.143 (depth 1, 34 lits): UNSAT in 0.02s
    cube 2804.144 (depth 1, 34 lits): UNSAT in 0.02s
    cube 2804.145 (depth 1, 32 lits): UNSAT in 0.02s
    cube 2804.146 (depth 1, 33 lits): UNSAT in 0.01s
    cube 2804.147 (depth 1, 33 lits): UNSAT in 0.02s
    cube 2804.148 (depth 1, 33 lits): UNSAT in 0.01s
    cube 2804.149 (depth 1, 33 lits): UNSAT in 0.02s
    cube 2804.150 (depth 1, 34 lits): UNSAT in 0.03s
    cube 2804.151 (depth 1, 34 lits): UNSAT in 0.03s
    cube 2804.152 (depth 1, 34 lits): UNSAT in 0.04s
    cube 2804.153 (depth 1, 34 lits): UNSAT in 0.05s
    cube 2804.154 (depth 1, 33 lits): UNSAT in 0.01s
    cube 2804.155 (depth 1, 33 lits): UNSAT in 0.02s
    cube 2804.156 (depth 1, 33 lits): UNSAT in 0.01s
    cube 2804.157 (depth 1, 34 lits): UNSAT in 0.01s
    cube 2804.158 (depth 1, 34 lits): UNSAT in 0.02s
    cube 2804.159 (depth 1, 32 lits): UNSAT in 0.01s
    cube 2804.160 (depth 1, 34 lits): UNSAT in 0.02s
    cube 2804.161 (depth 1, 34 lits): UNSAT in 0.01s
    cube 2804.162 (depth 1, 34 lits): UNSAT in 0.01s
    cube 2804.163 (depth 1, 34 lits): UNSAT in 0.04s
    cube 2804.164 (depth 1, 32 lits): UNSAT in 0.01s
    cube 2804.165 (depth 1, 33 lits): UNSAT in 0.02s
    cube 2804.166 (depth 1, 34 lits): UNSAT in 0.02s
    cube 2804.167 (depth 1, 34 lits): UNSAT in 0.02s
    cube 2804.168 (depth 1, 34 lits): UNSAT in 0.01s
    cube 2804.169 (depth 1, 34 lits): UNSAT in 0.02s
    cube 2804.170 (depth 1, 34 lits): UNSAT in 0.02s
    cube 2804.171 (depth 1, 34 lits): UNSAT in 0.03s
    cube 2804.172 (depth 1, 34 lits): UNSAT in 0.02s
    cube 2804.173 (depth 1, 34 lits): UNSAT in 0.06s
    cube 2804.174 (depth 1, 34 lits): UNSAT in 0.03s
    cube 2804.175 (depth 1, 34 lits): UNSAT in 0.14s
    cube 2804.176 (depth 1, 33 lits): UNSAT in 0.02s
    cube 2804.177 (depth 1, 34 lits): UNSAT in 0.01s
    cube 2804.178 (depth 1, 34 lits): UNSAT in 0.02s
    cube 2804.179 (depth 1, 34 lits): UNSAT in 0.02s
    cube 2804.180 (depth 1, 34 lits): UNSAT in 0.02s
    cube 2804.181 (depth 1, 34 lits): UNSAT in 0.03s
    cube 2804.182 (depth 1, 34 lits): UNSAT in 0.03s
    cube 2804.183 (depth 1, 33 lits): UNSAT in 0.02s
    cube 2804.184 (depth 1, 34 lits): UNSAT in 0.02s
    cube 2804.185 (depth 1, 34 lits): UNSAT in 0.02s
    cube 2804.186 (depth 1, 34 lits): UNSAT in 0.01s
    cube 2804.187 (depth 1, 34 lits): UNSAT in 0.03s
    cube 2804.188 (depth 1, 34 lits): UNSAT in 0.03s
    cube 2804.189 (depth 1, 34 lits): UNSAT in 0.09s
    cube 2804.190 (depth 1, 34 lits): UNSAT in 0.02s
    cube 2804.191 (depth 1, 34 lits): UNSAT in 0.02s
    cube 2804.192 (depth 1, 34 lits): UNSAT in 0.02s
    cube 2804.193 (depth 1, 34 lits): UNSAT in 0.04s
    cube 2804.194 (depth 1, 34 lits): UNSAT in 0.02s
    cube 2804.195 (depth 1, 34 lits): UNSAT in 0.02s
    cube 2804.196 (depth 1, 34 lits): UNSAT in 0.05s
    cube 2804.197 (depth 1, 34 lits): UNSAT in 0.06s
    cube 2804.198 (depth 1, 34 lits): UNSAT in 0.02s
    cube 2804.199 (depth 1, 34 lits): UNSAT in 0.05s
    cube 2804.200 (depth 1, 34 lits): UNSAT in 0.09s
    cube 2804.201 (depth 1, 34 lits): UNSAT in 0.19s
    cube 2804.202 (depth 1, 34 lits): UNSAT in 0.06s
    cube 2804.203 (depth 1, 34 lits): UNSAT in 0.05s
    cube 2804.204 (depth 1, 34 lits): UNSAT in 0.10s
    cube 2804.205 (depth 1, 34 lits): UNSAT in 0.35s
    cube 2804.206 (depth 1, 34 lits): UNSAT in 0.02s
    cube 2804.207 (depth 1, 34 lits): UNSAT in 0.07s
    cube 2804.208 (depth 1, 34 lits): UNSAT in 0.05s
    cube 2804.209 (depth 1, 34 lits): UNSAT in 0.18s
    cube 2804.210 (depth 1, 34 lits): UNSAT in 0.08s
    cube 2804.211 (depth 1, 34 lits): UNSAT in 0.20s
    cube 2804.212 (depth 1, 34 lits): UNSAT in 0.16s
    cube 2804.213 (depth 1, 34 lits): UNSAT in 0.43s
    cube 2804.214 (depth 1, 34 lits): UNSAT in 0.03s
    cube 2804.215 (depth 1, 34 lits): UNSAT in 0.15s
    cube 2804.216 (depth 1, 34 lits): UNSAT in 0.11s
    cube 2804.217 (depth 1, 34 lits): UNSAT in 0.23s
    cube 2804.218 (depth 1, 34 lits): UNSAT in 0.72s
    cube 2804.219 (depth 1, 34 lits): UNSAT in 1.35s
    cube 2804.220 (depth 1, 34 lits): UNSAT in 3.00s
    cube 2804.221 (depth 1, 34 lits): UNSAT in 7.90s
    cube 2804.222 (depth 1, 34 lits): UNSAT in 0.01s
    cube 2804.223 (depth 1, 34 lits): UNSAT in 0.01s
    cube 2804.224 (depth 1, 34 lits): UNSAT in 0.01s
    cube 2804.225 (depth 1, 34 lits): UNSAT in 0.01s
    cube 2804.226 (depth 1, 33 lits): UNSAT in 0.02s
    cube 2804.227 (depth 1, 34 lits): UNSAT in 0.02s
    cube 2804.228 (depth 1, 34 lits): UNSAT in 0.02s
    cube 2804.229 (depth 1, 33 lits): UNSAT in 0.01s
    cube 2804.230 (depth 1, 34 lits): UNSAT in 0.01s
    cube 2804.231 (depth 1, 34 lits): UNSAT in 0.02s
    cube 2804.232 (depth 1, 34 lits): UNSAT in 0.01s
    cube 2804.233 (depth 1, 34 lits): UNSAT in 0.02s
    cube 2804.234 (depth 1, 34 lits): UNSAT in 0.03s
    cube 2804.235 (depth 1, 34 lits): UNSAT in 0.08s
    cube 2804.236 (depth 1, 33 lits): UNSAT in 0.01s
    cube 2804.237 (depth 1, 34 lits): UNSAT in 0.02s
    cube 2804.238 (depth 1, 34 lits): UNSAT in 0.02s
    cube 2804.239 (depth 1, 34 lits): UNSAT in 0.02s
    cube 2804.240 (depth 1, 34 lits): UNSAT in 0.02s
    cube 2804.241 (depth 1, 34 lits): UNSAT in 0.01s
    cube 2804.242 (depth 1, 34 lits): UNSAT in 0.02s
    cube 2804.243 (depth 1, 34 lits): UNSAT in 0.01s
    cube 2804.244 (depth 1, 34 lits): UNSAT in 0.02s
    cube 2804.245 (depth 1, 34 lits): UNSAT in 0.01s
    cube 2804.246 (depth 1, 34 lits): UNSAT in 0.02s
    cube 2804.247 (depth 1, 34 lits): UNSAT in 0.02s
    cube 2804.248 (depth 1, 34 lits): UNSAT in 0.02s
    cube 2804.249 (depth 1, 34 lits): UNSAT in 0.01s
    cube 2804.250 (depth 1, 34 lits): UNSAT in 0.04s
    cube 2804.251 (depth 1, 34 lits): UNSAT in 0.01s
    cube 2804.252 (depth 1, 34 lits): UNSAT in 0.02s
    cube 2804.253 (depth 1, 34 lits): UNSAT in 0.03s
    cube 2804.254 (depth 1, 34 lits): UNSAT in 0.05s
    cube 2804.255 (depth 1, 34 lits): UNSAT in 0.02s
    cube 2804.256 (depth 1, 34 lits): UNSAT in 0.04s
    cube 2804.257 (depth 1, 34 lits): UNSAT in 0.03s
    cube 2804.258 (depth 1, 34 lits): UNSAT in 0.38s
    cube 2804.259 (depth 1, 34 lits): UNSAT in 0.01s
    cube 2804.260 (depth 1, 34 lits): UNSAT in 0.02s
    cube 2804.261 (depth 1, 34 lits): UNSAT in 0.02s
    cube 2804.262 (depth 1, 34 lits): UNSAT in 0.05s
    cube 2804.263 (depth 1, 34 lits): UNSAT in 0.03s
    cube 2804.264 (depth 1, 34 lits): UNSAT in 0.07s
    cube 2804.265 (depth 1, 34 lits): UNSAT in 0.05s
    cube 2804.266 (depth 1, 34 lits): UNSAT in 0.26s
    cube 2804.267 (depth 1, 34 lits): UNSAT in 0.01s
    cube 2804.268 (depth 1, 34 lits): UNSAT in 0.06s
    cube 2804.269 (depth 1, 34 lits): UNSAT in 0.05s
    cube 2804.270 (depth 1, 34 lits): UNSAT in 0.21s
    cube 2804.271 (depth 1, 34 lits): UNSAT in 0.05s
    cube 2804.272 (depth 1, 34 lits): UNSAT in 0.06s
    cube 2804.273 (depth 1, 34 lits): UNSAT in 0.09s
    cube 2804.274 (depth 1, 34 lits): UNSAT in 0.23s
    cube 2804.275 (depth 1, 34 lits): UNSAT in 0.02s
    cube 2804.276 (depth 1, 34 lits): UNSAT in 0.19s
    cube 2804.277 (depth 1, 34 lits): UNSAT in 0.04s
    cube 2804.278 (depth 1, 34 lits): UNSAT in 0.39s
    cube 2804.279 (depth 1, 34 lits): UNSAT in 0.46s
    cube 2804.280 (depth 1, 34 lits): UNSAT in 0.54s
    cube 2804.281 (depth 1, 34 lits): UNSAT in 1.49s
    cube 2804.282 (depth 1, 34 lits): UNSAT in 7.57s
    cube 2804.283 (depth 1, 32 lits): UNSAT in 0.02s
    cube 2804.284 (depth 1, 34 lits): UNSAT in 0.01s
    cube 2804.285 (depth 1, 34 lits): UNSAT in 0.02s
    cube 2804.286 (depth 1, 34 lits): UNSAT in 0.02s
    cube 2804.287 (depth 1, 34 lits): UNSAT in 0.09s
    cube 2804.288 (depth 1, 33 lits): UNSAT in 0.01s
    cube 2804.289 (depth 1, 34 lits): UNSAT in 0.02s
    cube 2804.290 (depth 1, 34 lits): UNSAT in 0.02s
    cube 2804.291 (depth 1, 33 lits): UNSAT in 0.02s
    cube 2804.292 (depth 1, 34 lits): UNSAT in 0.03s
    cube 2804.293 (depth 1, 34 lits): UNSAT in 0.05s
    cube 2804.294 (depth 1, 33 lits): UNSAT in 0.02s
    cube 2804.295 (depth 1, 34 lits): UNSAT in 0.02s
    cube 2804.296 (depth 1, 34 lits): UNSAT in 0.04s
    cube 2804.297 (depth 1, 34 lits): UNSAT in 0.04s
    cube 2804.298 (depth 1, 34 lits): UNSAT in 0.06s
    cube 2804.299 (depth 1, 34 lits): UNSAT in 0.04s
    cube 2804.300 (depth 1, 34 lits): UNSAT in 0.11s
    cube 2804.301 (depth 1, 34 lits): UNSAT in 0.03s
    cube 2804.302 (depth 1, 34 lits): UNSAT in 0.10s
    cube 2804.303 (depth 1, 34 lits): UNSAT in 0.08s
    cube 2804.304 (depth 1, 34 lits): UNSAT in 0.48s
    cube 2804.305 (depth 1, 34 lits): UNSAT in 0.03s
    cube 2804.306 (depth 1, 34 lits): UNSAT in 0.43s
    cube 2804.307 (depth 1, 34 lits): UNSAT in 0.74s
    cube 2804.308 (depth 1, 34 lits): UNSAT in 5.09s
    cube 2804.309 (depth 1, 34 lits): UNSAT in 0.02s
    cube 2804.310 (depth 1, 34 lits): UNSAT in 0.04s
    cube 2804.311 (depth 1, 34 lits): UNSAT in 0.03s
    cube 2804.312 (depth 1, 34 lits): UNSAT in 0.20s
    cube 2804.313 (depth 1, 34 lits): UNSAT in 0.02s
    cube 2804.314 (depth 1, 34 lits): UNSAT in 0.08s
    cube 2804.315 (depth 1, 34 lits): UNSAT in 0.04s
    cube 2804.316 (depth 1, 34 lits): UNSAT in 0.16s
    cube 2804.317 (depth 1, 34 lits): UNSAT in 0.08s
    cube 2804.318 (depth 1, 34 lits): UNSAT in 0.33s
    cube 2804.319 (depth 1, 34 lits): UNSAT in 0.09s
    cube 2804.320 (depth 1, 34 lits): UNSAT in 0.26s
    cube 2804.321 (depth 1, 34 lits): UNSAT in 0.52s
    cube 2804.322 (depth 1, 34 lits): UNSAT in 1.05s
    cube 2804.323 (depth 1, 34 lits): UNSAT in 0.70s
    cube 2804.324 (depth 1, 34 lits): UNSAT in 10.31s
    cube 2804.325 (depth 1, 34 lits): UNSAT in 0.02s
    cube 2804.326 (depth 1, 34 lits): UNSAT in 0.09s
    cube 2804.327 (depth 1, 34 lits): UNSAT in 0.27s
    cube 2804.328 (depth 1, 34 lits): UNSAT in 0.21s
    cube 2804.329 (depth 1, 34 lits): UNSAT in 0.52s
    cube 2804.330 (depth 1, 34 lits): UNSAT in 0.44s
    cube 2804.331 (depth 1, 34 lits): UNSAT in 1.07s
    cube 2804.332 (depth 1, 34 lits): UNSAT in 10.12s
    cube 2804.333 (depth 1, 34 lits): UNSAT in 0.09s
    cube 2804.334 (depth 1, 34 lits): UNSAT in 1.02s
    cube 2804.335 (depth 1, 34 lits): UNSAT in 0.08s
    cube 2804.336 (depth 1, 34 lits): UNSAT in 0.69s
    cube 2804.337 (depth 1, 34 lits): UNSAT in 0.52s
    cube 2804.338 (depth 1, 34 lits): UNSAT in 0.25s
    cube 2804.339 (depth 1, 34 lits): UNSAT in 0.82s
    cube 2804.340 (depth 1, 34 lits): UNSAT in 18.41s
    cube 2804.341 (depth 1, 31 lits): UNSAT in 0.01s
    cube 2804.342 (depth 1, 33 lits): UNSAT in 0.01s
    cube 2804.343 (depth 1, 33 lits): UNSAT in 0.01s
    cube 2804.344 (depth 1, 33 lits): UNSAT in 0.02s
    cube 2804.345 (depth 1, 33 lits): UNSAT in 0.02s
    cube 2804.346 (depth 1, 31 lits): UNSAT in 0.02s
    cube 2804.347 (depth 1, 34 lits): UNSAT in 0.01s
    cube 2804.348 (depth 1, 34 lits): UNSAT in 0.01s
    cube 2804.349 (depth 1, 33 lits): UNSAT in 0.01s
    cube 2804.350 (depth 1, 34 lits): UNSAT in 0.02s
    cube 2804.351 (depth 1, 34 lits): UNSAT in 0.02s
    cube 2804.352 (depth 1, 34 lits): UNSAT in 0.01s
    cube 2804.353 (depth 1, 34 lits): UNSAT in 0.03s
    cube 2804.354 (depth 1, 33 lits): UNSAT in 0.01s
    cube 2804.355 (depth 1, 33 lits): UNSAT in 0.02s
    cube 2804.356 (depth 1, 34 lits): UNSAT in 0.01s
    cube 2804.357 (depth 1, 34 lits): UNSAT in 0.02s
    cube 2804.358 (depth 1, 34 lits): UNSAT in 0.01s
    cube 2804.359 (depth 1, 34 lits): UNSAT in 0.02s
    cube 2804.360 (depth 1, 33 lits): UNSAT in 0.01s
    cube 2804.361 (depth 1, 34 lits): UNSAT in 0.01s
    cube 2804.362 (depth 1, 34 lits): UNSAT in 0.02s
    cube 2804.363 (depth 1, 34 lits): UNSAT in 0.02s
    cube 2804.364 (depth 1, 34 lits): UNSAT in 0.02s
    cube 2804.365 (depth 1, 34 lits): UNSAT in 0.02s
    cube 2804.366 (depth 1, 34 lits): UNSAT in 0.05s
    cube 2804.367 (depth 1, 34 lits): UNSAT in 0.01s
    cube 2804.368 (depth 1, 34 lits): UNSAT in 0.01s
    cube 2804.369 (depth 1, 34 lits): UNSAT in 0.01s
    cube 2804.370 (depth 1, 34 lits): UNSAT in 0.02s
    cube 2804.371 (depth 1, 34 lits): UNSAT in 0.03s
    cube 2804.372 (depth 1, 34 lits): UNSAT in 0.03s
    cube 2804.373 (depth 1, 34 lits): UNSAT in 0.02s
    cube 2804.374 (depth 1, 34 lits): UNSAT in 0.02s
    cube 2804.375 (depth 1, 33 lits): UNSAT in 0.02s
    cube 2804.376 (depth 1, 34 lits): UNSAT in 0.03s
    cube 2804.377 (depth 1, 34 lits): UNSAT in 0.02s
    cube 2804.378 (depth 1, 34 lits): UNSAT in 0.01s
    cube 2804.379 (depth 1, 34 lits): UNSAT in 0.02s
    cube 2804.380 (depth 1, 34 lits): UNSAT in 0.05s
    cube 2804.381 (depth 1, 34 lits): UNSAT in 0.05s
    cube 2804.382 (depth 1, 32 lits): UNSAT in 0.02s
    cube 2804.383 (depth 1, 33 lits): UNSAT in 0.01s
    cube 2804.384 (depth 1, 33 lits): UNSAT in 0.02s
    cube 2804.385 (depth 1, 33 lits): UNSAT in 0.01s
    cube 2804.386 (depth 1, 33 lits): UNSAT in 0.01s
    cube 2804.387 (depth 1, 33 lits): UNSAT in 0.02s
    cube 2804.388 (depth 1, 34 lits): UNSAT in 0.02s
    cube 2804.389 (depth 1, 34 lits): UNSAT in 0.02s
    cube 2804.390 (depth 1, 33 lits): UNSAT in 0.01s
    cube 2804.391 (depth 1, 33 lits): UNSAT in 0.01s
    cube 2804.392 (depth 1, 33 lits): UNSAT in 0.01s
    cube 2804.393 (depth 1, 33 lits): UNSAT in 0.02s
    cube 2804.394 (depth 1, 33 lits): UNSAT in 0.01s
    cube 2804.395 (depth 1, 34 lits): UNSAT in 0.02s
    cube 2804.396 (depth 1, 34 lits): UNSAT in 0.02s
    cube 2804.397 (depth 1, 34 lits): UNSAT in 0.02s
    cube 2804.398 (depth 1, 34 lits): UNSAT in 0.04s
    cube 2804.399 (depth 1, 34 lits): UNSAT in 0.01s
    cube 2804.400 (depth 1, 34 lits): UNSAT in 0.03s
    cube 2804.401 (depth 1, 33 lits): UNSAT in 0.01s
    cube 2804.402 (depth 1, 33 lits): UNSAT in 0.01s
    cube 2804.403 (depth 1, 33 lits): UNSAT in 0.01s
    cube 2804.404 (depth 1, 33 lits): UNSAT in 0.02s
    cube 2804.405 (depth 1, 33 lits): UNSAT in 0.01s
    cube 2804.406 (depth 1, 33 lits): UNSAT in 0.02s
    cube 2804.407 (depth 1, 34 lits): UNSAT in 0.01s
    cube 2804.408 (depth 1, 34 lits): UNSAT in 0.02s
    cube 2804.409 (depth 1, 34 lits): UNSAT in 0.01s
    cube 2804.410 (depth 1, 34 lits): UNSAT in 0.02s
    cube 2804.411 (depth 1, 32 lits): UNSAT in 0.02s
    cube 2804.412 (depth 1, 32 lits): UNSAT in 0.02s
    cube 2804.413 (depth 1, 34 lits): UNSAT in 0.01s
    cube 2804.414 (depth 1, 34 lits): UNSAT in 0.02s
    cube 2804.415 (depth 1, 34 lits): UNSAT in 0.02s
    cube 2804.416 (depth 1, 34 lits): UNSAT in 0.03s
    cube 2804.417 (depth 1, 34 lits): UNSAT in 0.03s
    cube 2804.418 (depth 1, 34 lits): UNSAT in 0.05s
    cube 2804.419 (depth 1, 34 lits): UNSAT in 0.03s
    cube 2804.420 (depth 1, 34 lits): UNSAT in 0.03s
    cube 2804.421 (depth 1, 33 lits): UNSAT in 0.01s
    cube 2804.422 (depth 1, 33 lits): UNSAT in 0.02s
    cube 2804.423 (depth 1, 33 lits): UNSAT in 0.02s
    cube 2804.424 (depth 1, 34 lits): UNSAT in 0.02s
    cube 2804.425 (depth 1, 34 lits): UNSAT in 0.03s
    cube 2804.426 (depth 1, 33 lits): UNSAT in 0.02s
    cube 2804.427 (depth 1, 34 lits): UNSAT in 0.01s
    cube 2804.428 (depth 1, 34 lits): UNSAT in 0.02s
    cube 2804.429 (depth 1, 33 lits): UNSAT in 0.02s
    cube 2804.430 (depth 1, 34 lits): UNSAT in 0.03s
    cube 2804.431 (depth 1, 34 lits): UNSAT in 0.04s
    cube 2804.432 (depth 1, 32 lits): UNSAT in 0.02s
    cube 2804.433 (depth 1, 34 lits): UNSAT in 0.02s
    cube 2804.434 (depth 1, 34 lits): UNSAT in 0.02s
    cube 2804.435 (depth 1, 34 lits): UNSAT in 0.02s
    cube 2804.436 (depth 1, 34 lits): UNSAT in 0.04s
    cube 2804.437 (depth 1, 33 lits): UNSAT in 0.02s
    cube 2804.438 (depth 1, 34 lits): UNSAT in 0.03s
    cube 2804.439 (depth 1, 34 lits): UNSAT in 0.03s
    cube 2804.440 (depth 1, 34 lits): UNSAT in 0.02s
    cube 2804.441 (depth 1, 34 lits): UNSAT in 0.04s
    cube 2804.442 (depth 1, 34 lits): UNSAT in 0.04s
    cube 2804.443 (depth 1, 34 lits): UNSAT in 0.14s
    cube 2804.444 (depth 1, 33 lits): UNSAT in 0.01s
    cube 2804.445 (depth 1, 34 lits): UNSAT in 0.01s
    cube 2804.446 (depth 1, 34 lits): UNSAT in 0.01s
    cube 2804.447 (depth 1, 34 lits): UNSAT in 0.01s
    cube 2804.448 (depth 1, 34 lits): UNSAT in 0.01s
    cube 2804.449 (depth 1, 34 lits): UNSAT in 0.01s
    cube 2804.450 (depth 1, 34 lits): UNSAT in 0.02s
    cube 2804.451 (depth 1, 34 lits): UNSAT in 0.01s
    cube 2804.452 (depth 1, 34 lits): UNSAT in 0.02s
    cube 2804.453 (depth 1, 34 lits): UNSAT in 0.02s
    cube 2804.454 (depth 1, 34 lits): UNSAT in 0.02s
    cube 2804.455 (depth 1, 34 lits): UNSAT in 0.02s
    cube 2804.456 (depth 1, 34 lits): UNSAT in 0.04s
    cube 2804.457 (depth 1, 34 lits): UNSAT in 0.02s
    cube 2804.458 (depth 1, 34 lits): UNSAT in 0.02s
    cube 2804.459 (depth 1, 34 lits): UNSAT in 0.01s
    cube 2804.460 (depth 1, 34 lits): UNSAT in 0.01s
    cube 2804.461 (depth 1, 34 lits): UNSAT in 0.02s
    cube 2804.462 (depth 1, 34 lits): UNSAT in 0.04s
    cube 2804.463 (depth 1, 34 lits): UNSAT in 0.01s
    cube 2804.464 (depth 1, 34 lits): UNSAT in 0.01s
    cube 2804.465 (depth 1, 34 lits): UNSAT in 0.02s
    cube 2804.466 (depth 1, 34 lits): UNSAT in 0.07s
    cube 2804.467 (depth 1, 33 lits): UNSAT in 0.02s
    cube 2804.468 (depth 1, 34 lits): UNSAT in 0.03s
    cube 2804.469 (depth 1, 34 lits): UNSAT in 0.04s
    cube 2804.470 (depth 1, 34 lits): UNSAT in 0.02s
    cube 2804.471 (depth 1, 34 lits): UNSAT in 0.03s
    cube 2804.472 (depth 1, 34 lits): UNSAT in 0.06s
    cube 2804.473 (depth 1, 34 lits): UNSAT in 0.09s
    cube 2804.474 (depth 1, 33 lits): UNSAT in 0.02s
    cube 2804.475 (depth 1, 34 lits): UNSAT in 0.01s
    cube 2804.476 (depth 1, 34 lits): UNSAT in 0.03s
    cube 2804.477 (depth 1, 34 lits): UNSAT in 0.01s
    cube 2804.478 (depth 1, 34 lits): UNSAT in 0.02s
    cube 2804.479 (depth 1, 34 lits): UNSAT in 0.03s
    cube 2804.480 (depth 1, 34 lits): UNSAT in 0.04s
    cube 2804.481 (depth 1, 34 lits): UNSAT in 0.02s
    cube 2804.482 (depth 1, 34 lits): UNSAT in 0.02s
    cube 2804.483 (depth 1, 34 lits): UNSAT in 0.02s
    cube 2804.484 (depth 1, 34 lits): UNSAT in 0.03s
    cube 2804.485 (depth 1, 34 lits): UNSAT in 0.02s
    cube 2804.486 (depth 1, 34 lits): UNSAT in 0.02s
    cube 2804.487 (depth 1, 34 lits): UNSAT in 0.02s
    cube 2804.488 (depth 1, 34 lits): UNSAT in 0.03s
    cube 2804.489 (depth 1, 33 lits): UNSAT in 0.01s
    cube 2804.490 (depth 1, 34 lits): UNSAT in 0.01s
    cube 2804.491 (depth 1, 34 lits): UNSAT in 0.02s
    cube 2804.492 (depth 1, 33 lits): UNSAT in 0.01s
    cube 2804.493 (depth 1, 34 lits): UNSAT in 0.03s
    cube 2804.494 (depth 1, 34 lits): UNSAT in 0.01s
    cube 2804.495 (depth 1, 34 lits): UNSAT in 0.01s
    cube 2804.496 (depth 1, 34 lits): UNSAT in 0.03s
    cube 2804.497 (depth 1, 34 lits): UNSAT in 0.02s
    cube 2804.498 (depth 1, 34 lits): UNSAT in 0.01s
    cube 2804.499 (depth 1, 34 lits): UNSAT in 0.02s
    cube 2804.500 (depth 1, 34 lits): UNSAT in 0.02s
    cube 2804.501 (depth 1, 34 lits): UNSAT in 0.12s
    cube 2804.502 (depth 1, 34 lits): UNSAT in 0.08s
    cube 2804.503 (depth 1, 32 lits): UNSAT in 0.02s
    cube 2804.504 (depth 1, 34 lits): UNSAT in 0.02s
    cube 2804.505 (depth 1, 34 lits): UNSAT in 0.02s
    cube 2804.506 (depth 1, 34 lits): UNSAT in 0.02s
    cube 2804.507 (depth 1, 34 lits): UNSAT in 0.01s
    cube 2804.508 (depth 1, 34 lits): UNSAT in 0.02s
    cube 2804.509 (depth 1, 34 lits): UNSAT in 0.02s
    cube 2804.510 (depth 1, 34 lits): UNSAT in 0.02s
    cube 2804.511 (depth 1, 34 lits): UNSAT in 0.02s
    cube 2804.512 (depth 1, 34 lits): UNSAT in 0.02s
    cube 2804.513 (depth 1, 34 lits): UNSAT in 0.02s
    cube 2804.514 (depth 1, 34 lits): UNSAT in 0.02s
    cube 2804.515 (depth 1, 34 lits): UNSAT in 0.07s
    cube 2804.516 (depth 1, 34 lits): UNSAT in 0.01s
    cube 2804.517 (depth 1, 34 lits): UNSAT in 0.01s
    cube 2804.518 (depth 1, 34 lits): UNSAT in 0.02s
    cube 2804.519 (depth 1, 34 lits): UNSAT in 0.02s
    cube 2804.520 (depth 1, 34 lits): UNSAT in 0.02s
    cube 2804.521 (depth 1, 34 lits): UNSAT in 0.02s
    cube 2804.522 (depth 1, 34 lits): UNSAT in 0.03s
    cube 2804.523 (depth 1, 34 lits): UNSAT in 0.05s
    cube 2804.524 (depth 1, 34 lits): UNSAT in 0.02s
    cube 2804.525 (depth 1, 34 lits): UNSAT in 0.07s
    cube 2804.526 (depth 1, 34 lits): UNSAT in 0.04s
    cube 2804.527 (depth 1, 34 lits): UNSAT in 0.11s
    cube 2804.528 (depth 1, 34 lits): UNSAT in 0.03s
    cube 2804.529 (depth 1, 34 lits): UNSAT in 0.18s
    cube 2804.530 (depth 1, 34 lits): UNSAT in 0.26s
    cube 2804.531 (depth 1, 34 lits): UNSAT in 0.58s
    cube 2804.532 (depth 1, 32 lits): UNSAT in 0.01s
    cube 2804.533 (depth 1, 33 lits): UNSAT in 0.01s
    cube 2804.534 (depth 1, 34 lits): UNSAT in 0.01s
    cube 2804.535 (depth 1, 34 lits): UNSAT in 0.02s
    cube 2804.536 (depth 1, 34 lits): UNSAT in 0.01s
    cube 2804.537 (depth 1, 34 lits): UNSAT in 0.01s
    cube 2804.538 (depth 1, 34 lits): UNSAT in 0.01s
    cube 2804.539 (depth 1, 34 lits): UNSAT in 0.02s
    cube 2804.540 (depth 1, 34 lits): UNSAT in 0.01s
    cube 2804.541 (depth 1, 34 lits): UNSAT in 0.01s
    cube 2804.542 (depth 1, 34 lits): UNSAT in 0.02s
    cube 2804.543 (depth 1, 34 lits): UNSAT in 0.02s
    cube 2804.544 (depth 1, 32 lits): UNSAT in 0.02s
    cube 2804.545 (depth 1, 33 lits): UNSAT in 0.02s
    cube 2804.546 (depth 1, 34 lits): UNSAT in 0.02s
    cube 2804.547 (depth 1, 34 lits): UNSAT in 0.02s
    cube 2804.548 (depth 1, 34 lits): UNSAT in 0.01s
    cube 2804.549 (depth 1, 34 lits): UNSAT in 0.01s
    cube 2804.550 (depth 1, 34 lits): UNSAT in 0.02s
    cube 2804.551 (depth 1, 34 lits): UNSAT in 0.01s
    cube 2804.552 (depth 1, 34 lits): UNSAT in 0.02s
    cube 2804.553 (depth 1, 34 lits): UNSAT in 0.04s
    cube 2804.554 (depth 1, 34 lits): UNSAT in 0.06s
    cube 2804.555 (depth 1, 34 lits): UNSAT in 0.02s
    cube 2804.556 (depth 1, 32 lits): UNSAT in 0.01s
    cube 2804.557 (depth 1, 32 lits): UNSAT in 0.02s
    cube 2804.558 (depth 1, 32 lits): UNSAT in 0.02s
    cube 2804.559 (depth 1, 33 lits): UNSAT in 0.01s
    cube 2804.560 (depth 1, 34 lits): UNSAT in 0.01s
    cube 2804.561 (depth 1, 34 lits): UNSAT in 0.03s
    cube 2804.562 (depth 1, 34 lits): UNSAT in 0.01s
    cube 2804.563 (depth 1, 34 lits): UNSAT in 0.01s
    cube 2804.564 (depth 1, 34 lits): UNSAT in 0.02s
    cube 2804.565 (depth 1, 34 lits): UNSAT in 0.03s
    cube 2804.566 (depth 1, 34 lits): UNSAT in 0.02s
    cube 2804.567 (depth 1, 34 lits): UNSAT in 0.02s
    cube 2804.568 (depth 1, 34 lits): UNSAT in 0.02s
    cube 2804.569 (depth 1, 34 lits): UNSAT in 0.04s
    cube 2804.570 (depth 1, 34 lits): UNSAT in 0.02s
    cube 2804.571 (depth 1, 34 lits): UNSAT in 0.08s
    cube 2804.572 (depth 1, 34 lits): UNSAT in 0.04s
    cube 2804.573 (depth 1, 34 lits): UNSAT in 0.08s
    cube 2804.574 (depth 1, 34 lits): UNSAT in 0.02s
    cube 2804.575 (depth 1, 34 lits): UNSAT in 0.02s
    cube 2804.576 (depth 1, 34 lits): UNSAT in 0.07s
    cube 2804.577 (depth 1, 34 lits): UNSAT in 0.10s
    cube 2804.578 (depth 1, 34 lits): UNSAT in 0.01s
    cube 2804.579 (depth 1, 34 lits): UNSAT in 0.02s
    cube 2804.580 (depth 1, 34 lits): UNSAT in 0.02s
    cube 2804.581 (depth 1, 34 lits): UNSAT in 0.03s
    cube 2804.582 (depth 1, 34 lits): UNSAT in 0.02s
    cube 2804.583 (depth 1, 34 lits): UNSAT in 0.02s
    cube 2804.584 (depth 1, 34 lits): UNSAT in 0.03s
    cube 2804.585 (depth 1, 34 lits): UNSAT in 0.03s
    cube 2804.586 (depth 1, 32 lits): UNSAT in 0.02s
    cube 2804.587 (depth 1, 34 lits): UNSAT in 0.02s
    cube 2804.588 (depth 1, 34 lits): UNSAT in 0.02s
    cube 2804.589 (depth 1, 34 lits): UNSAT in 0.03s
    cube 2804.590 (depth 1, 34 lits): UNSAT in 0.04s
    cube 2804.591 (depth 1, 34 lits): UNSAT in 0.01s
    cube 2804.592 (depth 1, 34 lits): UNSAT in 0.02s
    cube 2804.593 (depth 1, 34 lits): UNSAT in 0.01s
    cube 2804.594 (depth 1, 34 lits): UNSAT in 0.02s
    cube 2804.595 (depth 1, 34 lits): UNSAT in 0.02s
    cube 2804.596 (depth 1, 34 lits): UNSAT in 0.02s
    cube 2804.597 (depth 1, 34 lits): UNSAT in 0.03s
    cube 2804.598 (depth 1, 34 lits): UNSAT in 0.04s
    cube 2804.599 (depth 1, 34 lits): UNSAT in 0.04s
    cube 2804.600 (depth 1, 34 lits): UNSAT in 0.14s
    cube 2804.601 (depth 1, 34 lits): UNSAT in 0.10s
    cube 2804.602 (depth 1, 34 lits): UNSAT in 0.22s
    cube 2804.603 (depth 1, 34 lits): UNSAT in 0.05s
    cube 2804.604 (depth 1, 34 lits): UNSAT in 0.08s
    cube 2804.605 (depth 1, 34 lits): UNSAT in 0.11s
    cube 2804.606 (depth 1, 34 lits): UNSAT in 0.25s
    cube 2804.607 (depth 1, 34 lits): UNSAT in 0.01s
    cube 2804.608 (depth 1, 34 lits): UNSAT in 0.02s
    cube 2804.609 (depth 1, 33 lits): UNSAT in 0.01s
    cube 2804.610 (depth 1, 34 lits): UNSAT in 0.01s
    cube 2804.611 (depth 1, 34 lits): UNSAT in 0.02s
    cube 2804.612 (depth 1, 33 lits): UNSAT in 0.02s
    cube 2804.613 (depth 1, 34 lits): UNSAT in 0.02s
    cube 2804.614 (depth 1, 34 lits): UNSAT in 0.03s
    cube 2804.615 (depth 1, 34 lits): UNSAT in 0.03s
    cube 2804.616 (depth 1, 34 lits): UNSAT in 0.14s
    cube 2804.617 (depth 1, 34 lits): UNSAT in 0.04s
    cube 2804.618 (depth 1, 34 lits): UNSAT in 0.06s
    cube 2804.619 (depth 1, 34 lits): UNSAT in 0.03s
    cube 2804.620 (depth 1, 34 lits): UNSAT in 0.11s
    cube 2804.621 (depth 1, 34 lits): UNSAT in 0.02s
    cube 2804.622 (depth 1, 34 lits): UNSAT in 0.04s
    cube 2804.623 (depth 1, 34 lits): UNSAT in 0.03s
    cube 2804.624 (depth 1, 34 lits): UNSAT in 0.04s
    cube 2804.625 (depth 1, 34 lits): UNSAT in 0.02s
    cube 2804.626 (depth 1, 34 lits): UNSAT in 0.04s
    cube 2804.627 (depth 1, 34 lits): UNSAT in 0.03s
    cube 2804.628 (depth 1, 34 lits): UNSAT in 0.16s
    cube 2804.629 (depth 1, 34 lits): UNSAT in 0.08s
    cube 2804.630 (depth 1, 34 lits): UNSAT in 0.10s
    cube 2804.631 (depth 1, 34 lits): UNSAT in 0.17s
    cube 2804.632 (depth 1, 34 lits): UNSAT in 0.42s
    cube 2804.633 (depth 1, 34 lits): UNSAT in 0.18s
    cube 2804.634 (depth 1, 34 lits): UNSAT in 0.44s
    cube 2804.635 (depth 1, 34 lits): UNSAT in 0.19s
    cube 2804.636 (depth 1, 34 lits): UNSAT in 1.25s
    cube 2804.637 (depth 1, 33 lits): UNSAT in 0.01s
    cube 2804.638 (depth 1, 33 lits): UNSAT in 0.02s
    cube 2804.639 (depth 1, 33 lits): UNSAT in 0.01s
    cube 2804.640 (depth 1, 34 lits): UNSAT in 0.01s
    cube 2804.641 (depth 1, 34 lits): UNSAT in 0.02s
    cube 2804.642 (depth 1, 33 lits): UNSAT in 0.01s
    cube 2804.643 (depth 1, 34 lits): UNSAT in 0.02s
    cube 2804.644 (depth 1, 34 lits): UNSAT in 0.02s
    cube 2804.645 (depth 1, 34 lits): UNSAT in 0.01s
    cube 2804.646 (depth 1, 34 lits): UNSAT in 0.02s
    cube 2804.647 (depth 1, 34 lits): UNSAT in 0.03s
    cube 2804.648 (depth 1, 34 lits): UNSAT in 0.07s
    cube 2804.649 (depth 1, 34 lits): UNSAT in 0.01s
    cube 2804.650 (depth 1, 34 lits): UNSAT in 0.02s
    cube 2804.651 (depth 1, 34 lits): UNSAT in 0.03s
    cube 2804.652 (depth 1, 34 lits): UNSAT in 0.05s
    cube 2804.653 (depth 1, 34 lits): UNSAT in 0.02s
    cube 2804.654 (depth 1, 34 lits): UNSAT in 0.04s
    cube 2804.655 (depth 1, 34 lits): UNSAT in 0.03s
    cube 2804.656 (depth 1, 34 lits): UNSAT in 0.08s
    cube 2804.657 (depth 1, 34 lits): UNSAT in 0.01s
    cube 2804.658 (depth 1, 34 lits): UNSAT in 0.04s
    cube 2804.659 (depth 1, 34 lits): UNSAT in 0.03s
    cube 2804.660 (depth 1, 34 lits): UNSAT in 0.05s
    cube 2804.661 (depth 1, 34 lits): UNSAT in 0.03s
    cube 2804.662 (depth 1, 34 lits): UNSAT in 0.07s
    cube 2804.663 (depth 1, 34 lits): UNSAT in 0.06s
    cube 2804.664 (depth 1, 34 lits): UNSAT in 0.51s
    cube 2804.665 (depth 1, 34 lits): UNSAT in 0.01s
    cube 2804.666 (depth 1, 34 lits): UNSAT in 0.01s
    cube 2804.667 (depth 1, 33 lits): UNSAT in 0.02s
    cube 2804.668 (depth 1, 34 lits): UNSAT in 0.01s
    cube 2804.669 (depth 1, 34 lits): UNSAT in 0.02s
    cube 2804.670 (depth 1, 34 lits): UNSAT in 0.02s
    cube 2804.671 (depth 1, 34 lits): UNSAT in 0.03s
    cube 2804.672 (depth 1, 33 lits): UNSAT in 0.01s
    cube 2804.673 (depth 1, 34 lits): UNSAT in 0.02s
    cube 2804.674 (depth 1, 34 lits): UNSAT in 0.03s
    cube 2804.675 (depth 1, 34 lits): UNSAT in 0.01s
    cube 2804.676 (depth 1, 34 lits): UNSAT in 0.03s
    cube 2804.677 (depth 1, 34 lits): UNSAT in 0.02s
    cube 2804.678 (depth 1, 34 lits): UNSAT in 0.04s
    cube 2804.679 (depth 1, 34 lits): UNSAT in 0.02s
    cube 2804.680 (depth 1, 34 lits): UNSAT in 0.04s
    cube 2804.681 (depth 1, 34 lits): UNSAT in 0.02s
    cube 2804.682 (depth 1, 34 lits): UNSAT in 0.03s
    cube 2804.683 (depth 1, 34 lits): UNSAT in 0.03s
    cube 2804.684 (depth 1, 34 lits): UNSAT in 0.04s
    cube 2804.685 (depth 1, 34 lits): UNSAT in 0.06s
    cube 2804.686 (depth 1, 34 lits): UNSAT in 0.13s
    cube 2804.687 (depth 1, 34 lits): UNSAT in 0.06s
    cube 2804.688 (depth 1, 34 lits): UNSAT in 0.05s
    cube 2804.689 (depth 1, 34 lits): UNSAT in 0.40s
    cube 2804.690 (depth 1, 34 lits): UNSAT in 0.27s
    cube 2804.691 (depth 1, 34 lits): UNSAT in 0.13s
    cube 2804.692 (depth 1, 34 lits): UNSAT in 0.22s
    cube 2804.693 (depth 1, 34 lits): UNSAT in 0.46s
    cube 2804.694 (depth 1, 34 lits): UNSAT in 1.07s
    cube 2804.695 (depth 1, 34 lits): UNSAT in 0.02s
    cube 2804.696 (depth 1, 34 lits): UNSAT in 0.06s
    cube 2804.697 (depth 1, 34 lits): UNSAT in 0.03s
    cube 2804.698 (depth 1, 34 lits): UNSAT in 0.07s
    cube 2804.699 (depth 1, 34 lits): UNSAT in 0.08s
    cube 2804.700 (depth 1, 34 lits): UNSAT in 0.09s
    cube 2804.701 (depth 1, 34 lits): UNSAT in 0.06s
    cube 2804.702 (depth 1, 34 lits): UNSAT in 0.40s
    cube 2804.703 (depth 1, 34 lits): UNSAT in 0.04s
    cube 2804.704 (depth 1, 34 lits): UNSAT in 0.07s
    cube 2804.705 (depth 1, 34 lits): UNSAT in 0.06s
    cube 2804.706 (depth 1, 34 lits): UNSAT in 0.23s
    cube 2804.707 (depth 1, 34 lits): UNSAT in 0.07s
    cube 2804.708 (depth 1, 34 lits): UNSAT in 0.14s
    cube 2804.709 (depth 1, 34 lits): UNSAT in 0.79s
    cube 2804.710 (depth 1, 34 lits): UNSAT in 1.87s
    cube 2804.711 (depth 1, 34 lits): UNSAT in 0.02s
    cube 2804.712 (depth 1, 34 lits): UNSAT in 0.02s
    cube 2804.713 (depth 1, 34 lits): UNSAT in 0.02s
    cube 2804.714 (depth 1, 34 lits): UNSAT in 0.02s
    cube 2804.715 (depth 1, 34 lits): UNSAT in 0.07s
    cube 2804.716 (depth 1, 34 lits): UNSAT in 0.11s
    cube 2804.717 (depth 1, 34 lits): UNSAT in 0.20s
    cube 2804.718 (depth 1, 34 lits): UNSAT in 0.08s
    cube 2804.719 (depth 1, 34 lits): UNSAT in 0.04s
    cube 2804.720 (depth 1, 34 lits): UNSAT in 0.14s
    cube 2804.721 (depth 1, 34 lits): UNSAT in 0.09s
    cube 2804.722 (depth 1, 34 lits): UNSAT in 1.01s
    cube 2804.723 (depth 1, 34 lits): UNSAT in 0.08s
    cube 2804.724 (depth 1, 34 lits): UNSAT in 0.10s
    cube 2804.725 (depth 1, 34 lits): UNSAT in 0.23s
    cube 2804.726 (depth 1, 34 lits): UNSAT in 2.83s
    cube 2804.727 (depth 1, 34 lits): UNSAT in 0.02s
    cube 2804.728 (depth 1, 34 lits): UNSAT in 0.02s
    cube 2804.729 (depth 1, 34 lits): UNSAT in 0.04s
    cube 2804.730 (depth 1, 34 lits): UNSAT in 0.05s
    cube 2804.731 (depth 1, 34 lits): UNSAT in 0.03s
    cube 2804.732 (depth 1, 34 lits): UNSAT in 0.16s
    cube 2804.733 (depth 1, 34 lits): UNSAT in 0.08s
    cube 2804.734 (depth 1, 34 lits): UNSAT in 0.16s
    cube 2804.735 (depth 1, 34 lits): UNSAT in 0.15s
    cube 2804.736 (depth 1, 34 lits): UNSAT in 0.37s
    cube 2804.737 (depth 1, 34 lits): UNSAT in 0.16s
    cube 2804.738 (depth 1, 34 lits): UNSAT in 1.34s
    cube 2804.739 (depth 1, 34 lits): UNSAT in 0.19s
    cube 2804.740 (depth 1, 34 lits): UNSAT in 3.39s
    cube 2804.741 (depth 1, 34 lits): UNSAT in 0.70s
    cube 2804.742 (depth 1, 34 lits): UNSAT in 4.85s
    cube 2804.743 (depth 1, 34 lits): UNSAT in 0.07s
    cube 2804.744 (depth 1, 34 lits): UNSAT in 0.13s
    cube 2804.745 (depth 1, 34 lits): UNSAT in 0.19s
    cube 2804.746 (depth 1, 34 lits): UNSAT in 0.63s
    cube 2804.747 (depth 1, 34 lits): UNSAT in 0.23s
    cube 2804.748 (depth 1, 34 lits): UNSAT in 0.25s
    cube 2804.749 (depth 1, 34 lits): UNSAT in 2.51s
    cube 2804.750 (depth 1, 34 lits): UNSAT in 9.50s
    cube 2804.751 (depth 1, 34 lits): UNSAT in 0.10s
    cube 2804.752 (depth 1, 34 lits): UNSAT in 0.51s
    cube 2804.753 (depth 1, 34 lits): UNSAT in 5.74s
    cube 2804.754 (depth 1, 34 lits): UNSAT in 21.20s
    cube 2804.755 (depth 1, 34 lits): UNSAT in 11.44s
    cube 2804.756 (depth 1, 34 lits): UNSAT in 33.52s
    cube 2804.757 (depth 1, 34 lits): UNSAT in 0.86s
    cube 2804.758 (depth 1, 34 lits): UNSAT in 35.33s
    cube 2807 (depth 0, 24 lits): UNSAT in 0.02s
    cube 2810 (depth 0, 24 lits): UNSAT in 0.02s
    cube 2813 (depth 0, 24 lits): UNSAT in 0.03s
    cube 2816 (depth 0, 24 lits): UNSAT in 0.01s
    cube 2819 (depth 0, 24 lits): UNSAT in 0.11s
    cube 2822 (depth 0, 24 lits): UNSAT in 0.03s
    cube 2825 (depth 0, 24 lits): UNSAT in 0.03s
    cube 2828 (depth 0, 24 lits): UNSAT in 0.03s
    cube 2831 (depth 0, 24 lits): UNSAT in 0.61s
    cube 2834 (depth 0, 24 lits): UNSAT in 0.29s
    cube 2837 (depth 0, 24 lits): UNSAT in 0.02s
    cube 2840 (depth 0, 24 lits): UNSAT in 0.02s
    cube 2843 (depth 0, 24 lits): UNSAT in 0.09s
    cube 2846 (depth 0, 24 lits): UNSAT in 0.03s
    cube 2849 (depth 0, 24 lits): UNSAT in 0.06s
    cube 2852 (depth 0, 24 lits): UNSAT in 0.03s
    cube 2855 (depth 0, 24 lits): UNSAT in 0.30s
    cube 2858 (depth 0, 24 lits): UNSAT in 0.13s
    cube 2861 (depth 0, 24 lits): UNSAT in 0.18s
    cube 2864 (depth 0, 24 lits): UNSAT in 0.18s
    cube 2867 (depth 0, 24 lits): UNSAT in 1.09s
    cube 2870 (depth 0, 24 lits): UNSAT in 0.03s
    cube 2873 (depth 0, 24 lits): UNSAT in 0.04s
    cube 2876 (depth 0, 24 lits): UNSAT in 0.01s
    cube 2879 (depth 0, 24 lits): UNSAT in 0.08s
    cube 2882 (depth 0, 24 lits): UNSAT in 0.11s
    cube 2885 (depth 0, 24 lits): UNSAT in 0.08s
    cube 2888 (depth 0, 24 lits): UNSAT in 0.05s
    cube 2891 (depth 0, 24 lits): UNSAT in 1.18s
    cube 2894 (depth 0, 24 lits): UNSAT in 0.28s
    cube 2897 (depth 0, 24 lits): UNSAT in 4.38s
    cube 2900 (depth 0, 24 lits): UNSAT in 0.02s
    cube 2903 (depth 0, 24 lits): UNSAT in 0.04s
    cube 2906 (depth 0, 24 lits): UNSAT in 0.08s
    cube 2909 (depth 0, 24 lits): UNSAT in 0.08s
    cube 2912 (depth 0, 24 lits): UNSAT in 0.24s
    cube 2915 (depth 0, 24 lits): UNSAT in 21.04s
    cube 2918 (depth 0, 24 lits): UNSAT in 0.13s
    cube 2921 (depth 0, 24 lits): UNSAT in 3.14s
    cube 2924 (depth 0, 24 lits): UNSAT in 2.33s
    cube 2927 (depth 0, 24 lits): UNSAT in 34.07s
    cube 2930 (depth 0, 24 lits): UNSAT in 105.06s
    cube 2933 (depth 0, 24 lits): UNSAT in 0.02s
    cube 2936 (depth 0, 24 lits): UNSAT in 0.03s
    cube 2939 (depth 0, 24 lits): UNSAT in 0.02s
    cube 2942 (depth 0, 24 lits): UNSAT in 0.21s
    cube 2945 (depth 0, 24 lits): UNSAT in 0.06s
    cube 2948 (depth 0, 24 lits): UNSAT in 0.02s
    cube 2951 (depth 0, 24 lits): UNSAT in 0.02s
    cube 2954 (depth 0, 24 lits): UNSAT in 0.24s
    cube 2957 (depth 0, 24 lits): UNSAT in 0.04s
    cube 2960 (depth 0, 24 lits): UNSAT in 0.26s
    cube 2963 (depth 0, 24 lits): UNSAT in 0.02s
    cube 2966 (depth 0, 24 lits): UNSAT in 0.09s
    cube 2969 (depth 0, 24 lits): UNSAT in 0.07s
    cube 2972 (depth 0, 24 lits): UNSAT in 0.06s
    cube 2975 (depth 0, 24 lits): UNSAT in 0.12s
    cube 2978 (depth 0, 24 lits): UNSAT in 4.30s
    cube 2981 (depth 0, 24 lits): UNSAT in 0.21s
    cube 2984 (depth 0, 24 lits): UNSAT in 0.09s
    cube 2987 (depth 0, 24 lits): UNSAT in 0.04s
    cube 2990 (depth 0, 24 lits): UNSAT in 1.65s
    cube 2993 (depth 0, 24 lits): UNSAT in 1.96s
    cube 2996 (depth 0, 24 lits): UNSAT in 0.04s
    cube 2999 (depth 0, 24 lits): UNSAT in 0.05s
    cube 3002 (depth 0, 24 lits): UNSAT in 0.20s
    cube 3005 (depth 0, 24 lits): UNSAT in 0.19s
    cube 3008 (depth 0, 24 lits): UNSAT in 0.19s
    cube 3011 (depth 0, 24 lits): UNSAT in 0.02s
    cube 3014 (depth 0, 24 lits): UNSAT in 0.37s
    cube 3017 (depth 0, 24 lits): UNSAT in 0.90s
    cube 3020 (depth 0, 24 lits): UNSAT in 0.44s
    cube 3023 (depth 0, 24 lits): UNSAT in 0.56s
    cube 3026 (depth 0, 24 lits): UNSAT in 63.67s
    cube 3029 (depth 0, 24 lits): UNSAT in 1.07s
    cube 3032 (depth 0, 24 lits): UNSAT in 0.54s
    cube 3035 (depth 0, 24 lits): UNSAT in 0.14s
    cube 3038 (depth 0, 24 lits): UNSAT in 0.96s
    cube 3041 (depth 0, 24 lits): UNSAT in 25.57s
    cube 3044 (depth 0, 24 lits): UNSAT in 1.92s
    cube 3047 (depth 0, 24 lits): UNSAT in 2.79s
    cube 3050 (depth 0, 24 lits): UNSAT in 419.54s
    cube 3053 (depth 0, 24 lits): UNSAT in 9.94s
    cube 3056 (depth 0, 24 lits): UNSAT in 1013.35s
    cube 3059 (depth 0, 23 lits): UNSAT in 0.02s
    cube 3062 (depth 0, 24 lits): UNSAT in 0.03s
    cube 3065 (depth 0, 24 lits): UNSAT in 0.10s
    cube 3068 (depth 0, 24 lits): UNSAT in 0.04s
    cube 3071 (depth 0, 24 lits): UNSAT in 0.54s
    cube 3074 (depth 0, 24 lits): UNSAT in 0.03s
    cube 3077 (depth 0, 24 lits): UNSAT in 0.04s
    cube 3080 (depth 0, 24 lits): UNSAT in 0.10s
    cube 3083 (depth 0, 24 lits): UNSAT in 0.06s
    cube 3086 (depth 0, 24 lits): UNSAT in 0.26s
    cube 3089 (depth 0, 24 lits): UNSAT in 2.28s
    cube 3092 (depth 0, 24 lits): UNSAT in 0.14s
    cube 3095 (depth 0, 24 lits): UNSAT in 0.20s
    cube 3098 (depth 0, 24 lits): UNSAT in 0.03s
    cube 3101 (depth 0, 24 lits): UNSAT in 0.22s
    cube 3104 (depth 0, 24 lits): UNSAT in 0.21s
    cube 3107 (depth 0, 24 lits): UNSAT in 0.56s
    cube 3110 (depth 0, 24 lits): UNSAT in 0.12s
    cube 3113 (depth 0, 24 lits): UNSAT in 5.72s
    cube 3116 (depth 0, 24 lits): UNSAT in 0.32s
    cube 3119 (depth 0, 24 lits): UNSAT in 4.58s
    cube 3122 (depth 0, 24 lits): UNSAT in 0.02s
    cube 3125 (depth 0, 24 lits): UNSAT in 0.06s
    cube 3128 (depth 0, 24 lits): UNSAT in 0.07s
    cube 3131 (depth 0, 24 lits): UNSAT in 0.07s
    cube 3134 (depth 0, 24 lits): UNSAT in 0.18s
    cube 3137 (depth 0, 24 lits): UNSAT in 4.18s
    cube 3140 (depth 0, 24 lits): UNSAT in 0.13s
    cube 3143 (depth 0, 24 lits): UNSAT in 0.18s
    cube 3146 (depth 0, 24 lits): UNSAT in 0.28s
    cube 3149 (depth 0, 24 lits): UNSAT in 12.04s
    cube 3152 (depth 0, 24 lits): UNSAT in 2.26s
    cube 3155 (depth 0, 24 lits): UNSAT in 0.08s
    cube 3158 (depth 0, 24 lits): UNSAT in 0.09s
    cube 3161 (depth 0, 24 lits): UNSAT in 6.56s
    cube 3164 (depth 0, 24 lits): UNSAT in 0.71s
    cube 3167 (depth 0, 24 lits): UNSAT in 6.05s
    cube 3170 (depth 0, 24 lits): UNSAT in 1.53s
    cube 3173 (depth 0, 24 lits): UNSAT in 188.73s
    cube 3176 (depth 0, 24 lits): UNSAT in 8.61s
    cube 3179 (depth 0, 24 lits): UNSAT in 2.80s
    cube 3182 (depth 0, 24 lits): UNSAT in 2.91s
    cube 3185 (depth 0, 24 lits): TIMEOUT in 2400.10s
    cube 3185 TIMEOUT -> re-split into 856 sub-cubes (depth 1)
    cube 3185.0 (depth 1, 32 lits): UNSAT in 0.01s
    cube 3185.1 (depth 1, 33 lits): UNSAT in 0.01s
    cube 3185.2 (depth 1, 33 lits): UNSAT in 0.01s
    cube 3185.3 (depth 1, 33 lits): UNSAT in 0.01s
    cube 3185.4 (depth 1, 33 lits): UNSAT in 0.01s
    cube 3185.5 (depth 1, 32 lits): UNSAT in 0.02s
    cube 3185.6 (depth 1, 31 lits): UNSAT in 0.02s
    cube 3185.7 (depth 1, 32 lits): UNSAT in 0.01s
    cube 3185.8 (depth 1, 33 lits): UNSAT in 0.02s
    cube 3185.9 (depth 1, 34 lits): UNSAT in 0.01s
    cube 3185.10 (depth 1, 34 lits): UNSAT in 0.02s
    cube 3185.11 (depth 1, 31 lits): UNSAT in 0.01s
    cube 3185.12 (depth 1, 31 lits): UNSAT in 0.02s
    cube 3185.13 (depth 1, 32 lits): UNSAT in 0.01s
    cube 3185.14 (depth 1, 33 lits): UNSAT in 0.01s
    cube 3185.15 (depth 1, 33 lits): UNSAT in 0.02s
    cube 3185.16 (depth 1, 34 lits): UNSAT in 0.01s
    cube 3185.17 (depth 1, 34 lits): UNSAT in 0.02s
    cube 3185.18 (depth 1, 34 lits): UNSAT in 0.02s
    cube 3185.19 (depth 1, 34 lits): UNSAT in 0.03s
    cube 3185.20 (depth 1, 34 lits): UNSAT in 0.03s
    cube 3185.21 (depth 1, 34 lits): UNSAT in 0.03s
    cube 3185.22 (depth 1, 34 lits): UNSAT in 0.04s
    cube 3185.23 (depth 1, 34 lits): UNSAT in 0.02s
    cube 3185.24 (depth 1, 33 lits): UNSAT in 0.01s
    cube 3185.25 (depth 1, 33 lits): UNSAT in 0.01s
    cube 3185.26 (depth 1, 33 lits): UNSAT in 0.01s
    cube 3185.27 (depth 1, 33 lits): UNSAT in 0.01s
    cube 3185.28 (depth 1, 33 lits): UNSAT in 0.01s
    cube 3185.29 (depth 1, 33 lits): UNSAT in 0.01s
    cube 3185.30 (depth 1, 33 lits): UNSAT in 0.01s
    cube 3185.31 (depth 1, 34 lits): UNSAT in 0.01s
    cube 3185.32 (depth 1, 34 lits): UNSAT in 0.02s
    cube 3185.33 (depth 1, 32 lits): UNSAT in 0.01s
    cube 3185.34 (depth 1, 33 lits): UNSAT in 0.01s
    cube 3185.35 (depth 1, 34 lits): UNSAT in 0.02s
    cube 3185.36 (depth 1, 34 lits): UNSAT in 0.02s
    cube 3185.37 (depth 1, 34 lits): UNSAT in 0.01s
    cube 3185.38 (depth 1, 34 lits): UNSAT in 0.01s
    cube 3185.39 (depth 1, 34 lits): UNSAT in 0.01s
    cube 3185.40 (depth 1, 34 lits): UNSAT in 0.02s
    cube 3185.41 (depth 1, 34 lits): UNSAT in 0.02s
    cube 3185.42 (depth 1, 34 lits): UNSAT in 0.01s
    cube 3185.43 (depth 1, 34 lits): UNSAT in 0.01s
    cube 3185.44 (depth 1, 34 lits): UNSAT in 0.03s
    cube 3185.45 (depth 1, 32 lits): UNSAT in 0.01s
    cube 3185.46 (depth 1, 32 lits): UNSAT in 0.01s
    cube 3185.47 (depth 1, 34 lits): UNSAT in 0.01s
    cube 3185.48 (depth 1, 34 lits): UNSAT in 0.02s
    cube 3185.49 (depth 1, 33 lits): UNSAT in 0.01s
    cube 3185.50 (depth 1, 34 lits): UNSAT in 0.02s
    cube 3185.51 (depth 1, 34 lits): UNSAT in 0.02s
    cube 3185.52 (depth 1, 34 lits): UNSAT in 0.03s
    cube 3185.53 (depth 1, 34 lits): UNSAT in 0.02s
    cube 3185.54 (depth 1, 34 lits): UNSAT in 0.01s
    cube 3185.55 (depth 1, 34 lits): UNSAT in 0.02s
    cube 3185.56 (depth 1, 34 lits): UNSAT in 0.01s
    cube 3185.57 (depth 1, 34 lits): UNSAT in 0.01s
    cube 3185.58 (depth 1, 34 lits): UNSAT in 0.01s
    cube 3185.59 (depth 1, 34 lits): UNSAT in 0.02s
    cube 3185.60 (depth 1, 34 lits): UNSAT in 0.02s
    cube 3185.61 (depth 1, 34 lits): UNSAT in 0.02s
    cube 3185.62 (depth 1, 34 lits): UNSAT in 0.03s
    cube 3185.63 (depth 1, 34 lits): UNSAT in 0.03s
    cube 3185.64 (depth 1, 34 lits): UNSAT in 0.04s
    cube 3185.65 (depth 1, 34 lits): UNSAT in 0.11s
    cube 3185.66 (depth 1, 34 lits): UNSAT in 0.08s
    cube 3185.67 (depth 1, 34 lits): UNSAT in 0.21s
    cube 3185.68 (depth 1, 34 lits): UNSAT in 0.17s
    cube 3185.69 (depth 1, 34 lits): UNSAT in 0.21s
    cube 3185.70 (depth 1, 32 lits): UNSAT in 0.01s
    cube 3185.71 (depth 1, 33 lits): UNSAT in 0.02s
    cube 3185.72 (depth 1, 33 lits): UNSAT in 0.01s
    cube 3185.73 (depth 1, 33 lits): UNSAT in 0.01s
    cube 3185.74 (depth 1, 34 lits): UNSAT in 0.01s
    cube 3185.75 (depth 1, 34 lits): UNSAT in 0.02s
    cube 3185.76 (depth 1, 34 lits): UNSAT in 0.02s
    cube 3185.77 (depth 1, 34 lits): UNSAT in 0.06s
    cube 3185.78 (depth 1, 34 lits): UNSAT in 0.03s
    cube 3185.79 (depth 1, 34 lits): UNSAT in 0.06s
    cube 3185.80 (depth 1, 34 lits): UNSAT in 0.01s
    cube 3185.81 (depth 1, 34 lits): UNSAT in 0.01s
    cube 3185.82 (depth 1, 34 lits): UNSAT in 0.02s
    cube 3185.83 (depth 1, 34 lits): UNSAT in 0.03s
    cube 3185.84 (depth 1, 34 lits): UNSAT in 0.02s
    cube 3185.85 (depth 1, 34 lits): UNSAT in 0.02s
    cube 3185.86 (depth 1, 34 lits): UNSAT in 0.02s
    cube 3185.87 (depth 1, 34 lits): UNSAT in 0.03s
    cube 3185.88 (depth 1, 34 lits): UNSAT in 0.02s
    cube 3185.89 (depth 1, 34 lits): UNSAT in 0.03s
    cube 3185.90 (depth 1, 34 lits): UNSAT in 0.02s
    cube 3185.91 (depth 1, 34 lits): UNSAT in 0.02s
    cube 3185.92 (depth 1, 34 lits): UNSAT in 0.02s
    cube 3185.93 (depth 1, 34 lits): UNSAT in 0.02s
    cube 3185.94 (depth 1, 34 lits): UNSAT in 0.02s
    cube 3185.95 (depth 1, 34 lits): UNSAT in 0.19s
    cube 3185.96 (depth 1, 34 lits): UNSAT in 0.01s
    cube 3185.97 (depth 1, 34 lits): UNSAT in 0.02s
    cube 3185.98 (depth 1, 33 lits): UNSAT in 0.02s
    cube 3185.99 (depth 1, 34 lits): UNSAT in 0.02s
    cube 3185.100 (depth 1, 34 lits): UNSAT in 0.02s
    cube 3185.101 (depth 1, 34 lits): UNSAT in 0.02s
    cube 3185.102 (depth 1, 34 lits): UNSAT in 0.04s
    cube 3185.103 (depth 1, 34 lits): UNSAT in 0.02s
    cube 3185.104 (depth 1, 34 lits): UNSAT in 0.01s
    cube 3185.105 (depth 1, 34 lits): UNSAT in 0.02s
    cube 3185.106 (depth 1, 34 lits): UNSAT in 0.04s
    cube 3185.107 (depth 1, 34 lits): UNSAT in 0.03s
    cube 3185.108 (depth 1, 34 lits): UNSAT in 0.02s
    cube 3185.109 (depth 1, 34 lits): UNSAT in 0.02s
    cube 3185.110 (depth 1, 34 lits): UNSAT in 0.06s
    cube 3185.111 (depth 1, 33 lits): UNSAT in 0.02s
    cube 3185.112 (depth 1, 34 lits): UNSAT in 0.02s
    cube 3185.113 (depth 1, 34 lits): UNSAT in 0.03s
    cube 3185.114 (depth 1, 34 lits): UNSAT in 0.03s
    cube 3185.115 (depth 1, 34 lits): UNSAT in 0.05s
    cube 3185.116 (depth 1, 34 lits): UNSAT in 0.03s
    cube 3185.117 (depth 1, 34 lits): UNSAT in 0.03s
    cube 3185.118 (depth 1, 34 lits): UNSAT in 0.02s
    cube 3185.119 (depth 1, 34 lits): UNSAT in 0.02s
    cube 3185.120 (depth 1, 34 lits): UNSAT in 0.03s
    cube 3185.121 (depth 1, 34 lits): UNSAT in 0.06s
    cube 3185.122 (depth 1, 34 lits): UNSAT in 0.01s
    cube 3185.123 (depth 1, 34 lits): UNSAT in 0.03s
    cube 3185.124 (depth 1, 34 lits): UNSAT in 0.03s
    cube 3185.125 (depth 1, 34 lits): UNSAT in 0.10s
    cube 3185.126 (depth 1, 33 lits): UNSAT in 0.01s
    cube 3185.127 (depth 1, 34 lits): UNSAT in 0.01s
    cube 3185.128 (depth 1, 34 lits): UNSAT in 0.01s
    cube 3185.129 (depth 1, 32 lits): UNSAT in 0.01s
    cube 3185.130 (depth 1, 34 lits): UNSAT in 0.02s
    cube 3185.131 (depth 1, 34 lits): UNSAT in 0.03s
    cube 3185.132 (depth 1, 34 lits): UNSAT in 0.02s
    cube 3185.133 (depth 1, 34 lits): UNSAT in 0.02s
    cube 3185.134 (depth 1, 34 lits): UNSAT in 0.01s
    cube 3185.135 (depth 1, 34 lits): UNSAT in 0.01s
    cube 3185.136 (depth 1, 34 lits): UNSAT in 0.03s
    cube 3185.137 (depth 1, 34 lits): UNSAT in 0.02s
    cube 3185.138 (depth 1, 34 lits): UNSAT in 0.02s
    cube 3185.139 (depth 1, 34 lits): UNSAT in 0.02s
    cube 3185.140 (depth 1, 34 lits): UNSAT in 0.01s
    cube 3185.141 (depth 1, 34 lits): UNSAT in 0.02s
    cube 3185.142 (depth 1, 34 lits): UNSAT in 0.02s
    cube 3185.143 (depth 1, 34 lits): UNSAT in 0.02s
    cube 3185.144 (depth 1, 34 lits): UNSAT in 0.03s
    cube 3185.145 (depth 1, 34 lits): UNSAT in 0.03s
    cube 3185.146 (depth 1, 34 lits): UNSAT in 0.03s
    cube 3185.147 (depth 1, 34 lits): UNSAT in 0.03s
    cube 3185.148 (depth 1, 34 lits): UNSAT in 0.04s
    cube 3185.149 (depth 1, 34 lits): UNSAT in 0.06s
    cube 3185.150 (depth 1, 34 lits): UNSAT in 0.04s
    cube 3185.151 (depth 1, 34 lits): UNSAT in 0.02s
    cube 3185.152 (depth 1, 34 lits): UNSAT in 0.10s
    cube 3185.153 (depth 1, 34 lits): UNSAT in 0.29s
    cube 3185.154 (depth 1, 34 lits): UNSAT in 0.01s
    cube 3185.155 (depth 1, 34 lits): UNSAT in 0.01s
    cube 3185.156 (depth 1, 34 lits): UNSAT in 0.01s
    cube 3185.157 (depth 1, 34 lits): UNSAT in 0.02s
    cube 3185.158 (depth 1, 34 lits): UNSAT in 0.01s
    cube 3185.159 (depth 1, 34 lits): UNSAT in 0.02s
    cube 3185.160 (depth 1, 34 lits): UNSAT in 0.01s
    cube 3185.161 (depth 1, 34 lits): UNSAT in 0.02s
    cube 3185.162 (depth 1, 33 lits): UNSAT in 0.02s
    cube 3185.163 (depth 1, 33 lits): UNSAT in 0.02s
    cube 3185.164 (depth 1, 34 lits): UNSAT in 0.02s
    cube 3185.165 (depth 1, 34 lits): UNSAT in 0.04s
    cube 3185.166 (depth 1, 34 lits): UNSAT in 0.01s
    cube 3185.167 (depth 1, 34 lits): UNSAT in 0.02s
    cube 3185.168 (depth 1, 33 lits): UNSAT in 0.01s
    cube 3185.169 (depth 1, 34 lits): UNSAT in 0.03s
    cube 3185.170 (depth 1, 34 lits): UNSAT in 0.05s
    cube 3185.171 (depth 1, 34 lits): UNSAT in 0.03s
    cube 3185.172 (depth 1, 34 lits): UNSAT in 0.05s
    cube 3185.173 (depth 1, 34 lits): UNSAT in 0.02s
    cube 3185.174 (depth 1, 34 lits): UNSAT in 0.07s
    cube 3185.175 (depth 1, 34 lits): UNSAT in 0.04s
    cube 3185.176 (depth 1, 34 lits): UNSAT in 0.04s
    cube 3185.177 (depth 1, 34 lits): UNSAT in 0.13s
    cube 3185.178 (depth 1, 34 lits): UNSAT in 0.14s
    cube 3185.179 (depth 1, 34 lits): UNSAT in 0.27s
    cube 3185.180 (depth 1, 34 lits): UNSAT in 0.97s
    cube 3185.181 (depth 1, 34 lits): UNSAT in 0.62s
    cube 3185.182 (depth 1, 34 lits): UNSAT in 0.90s
    cube 3185.183 (depth 1, 32 lits): UNSAT in 0.01s
    cube 3185.184 (depth 1, 34 lits): UNSAT in 0.01s
    cube 3185.185 (depth 1, 34 lits): UNSAT in 0.01s
    cube 3185.186 (depth 1, 33 lits): UNSAT in 0.01s
    cube 3185.187 (depth 1, 31 lits): UNSAT in 0.01s
    cube 3185.188 (depth 1, 32 lits): UNSAT in 0.01s
    cube 3185.189 (depth 1, 33 lits): UNSAT in 0.01s
    cube 3185.190 (depth 1, 34 lits): UNSAT in 0.01s
    cube 3185.191 (depth 1, 34 lits): UNSAT in 0.02s
    cube 3185.192 (depth 1, 33 lits): UNSAT in 0.01s
    cube 3185.193 (depth 1, 34 lits): UNSAT in 0.01s
    cube 3185.194 (depth 1, 34 lits): UNSAT in 0.02s
    cube 3185.195 (depth 1, 34 lits): UNSAT in 0.01s
    cube 3185.196 (depth 1, 34 lits): UNSAT in 0.02s
    cube 3185.197 (depth 1, 34 lits): UNSAT in 0.02s
    cube 3185.198 (depth 1, 34 lits): UNSAT in 0.05s
    cube 3185.199 (depth 1, 33 lits): UNSAT in 0.01s
    cube 3185.200 (depth 1, 33 lits): UNSAT in 0.01s
    cube 3185.201 (depth 1, 32 lits): UNSAT in 0.01s
    cube 3185.202 (depth 1, 33 lits): UNSAT in 0.01s
    cube 3185.203 (depth 1, 34 lits): UNSAT in 0.01s
    cube 3185.204 (depth 1, 34 lits): UNSAT in 0.02s
    cube 3185.205 (depth 1, 34 lits): UNSAT in 0.01s
    cube 3185.206 (depth 1, 34 lits): UNSAT in 0.03s
    cube 3185.207 (depth 1, 34 lits): UNSAT in 0.02s
    cube 3185.208 (depth 1, 34 lits): UNSAT in 0.06s
    cube 3185.209 (depth 1, 33 lits): UNSAT in 0.01s
    cube 3185.210 (depth 1, 34 lits): UNSAT in 0.01s
    cube 3185.211 (depth 1, 34 lits): UNSAT in 0.02s
    cube 3185.212 (depth 1, 34 lits): UNSAT in 0.01s
    cube 3185.213 (depth 1, 34 lits): UNSAT in 0.02s
    cube 3185.214 (depth 1, 34 lits): UNSAT in 0.02s
    cube 3185.215 (depth 1, 34 lits): UNSAT in 0.02s
    cube 3185.216 (depth 1, 34 lits): UNSAT in 0.02s
    cube 3185.217 (depth 1, 34 lits): UNSAT in 0.04s
    cube 3185.218 (depth 1, 34 lits): UNSAT in 0.04s
    cube 3185.219 (depth 1, 34 lits): UNSAT in 0.05s
    cube 3185.220 (depth 1, 34 lits): UNSAT in 0.03s
    cube 3185.221 (depth 1, 34 lits): UNSAT in 0.05s
    cube 3185.222 (depth 1, 34 lits): UNSAT in 0.08s
    cube 3185.223 (depth 1, 34 lits): UNSAT in 0.13s
    cube 3185.224 (depth 1, 33 lits): UNSAT in 0.01s
    cube 3185.225 (depth 1, 34 lits): UNSAT in 0.02s
    cube 3185.226 (depth 1, 34 lits): UNSAT in 0.02s
    cube 3185.227 (depth 1, 34 lits): UNSAT in 0.01s
    cube 3185.228 (depth 1, 34 lits): UNSAT in 0.02s
    cube 3185.229 (depth 1, 34 lits): UNSAT in 0.02s
    cube 3185.230 (depth 1, 34 lits): UNSAT in 0.02s
    cube 3185.231 (depth 1, 34 lits): UNSAT in 0.01s
    cube 3185.232 (depth 1, 34 lits): UNSAT in 0.01s
    cube 3185.233 (depth 1, 34 lits): UNSAT in 0.01s
    cube 3185.234 (depth 1, 34 lits): UNSAT in 0.03s
    cube 3185.235 (depth 1, 34 lits): UNSAT in 0.02s
    cube 3185.236 (depth 1, 34 lits): UNSAT in 0.02s
    cube 3185.237 (depth 1, 34 lits): UNSAT in 0.02s
    cube 3185.238 (depth 1, 34 lits): UNSAT in 0.01s
    cube 3185.239 (depth 1, 33 lits): UNSAT in 0.01s
    cube 3185.240 (depth 1, 34 lits): UNSAT in 0.02s
    cube 3185.241 (depth 1, 34 lits): UNSAT in 0.01s
    cube 3185.242 (depth 1, 34 lits): UNSAT in 0.01s
    cube 3185.243 (depth 1, 34 lits): UNSAT in 0.02s
    cube 3185.244 (depth 1, 34 lits): UNSAT in 0.01s
    cube 3185.245 (depth 1, 34 lits): UNSAT in 0.02s
    cube 3185.246 (depth 1, 34 lits): UNSAT in 0.02s
    cube 3185.247 (depth 1, 34 lits): UNSAT in 0.02s
    cube 3185.248 (depth 1, 34 lits): UNSAT in 0.02s
    cube 3185.249 (depth 1, 34 lits): UNSAT in 0.04s
    cube 3185.250 (depth 1, 34 lits): UNSAT in 0.02s
    cube 3185.251 (depth 1, 34 lits): UNSAT in 0.07s
    cube 3185.252 (depth 1, 34 lits): UNSAT in 0.05s
    cube 3185.253 (depth 1, 34 lits): UNSAT in 0.03s
    cube 3185.254 (depth 1, 34 lits): UNSAT in 0.02s
    cube 3185.255 (depth 1, 34 lits): UNSAT in 0.02s
    cube 3185.256 (depth 1, 34 lits): UNSAT in 0.02s
    cube 3185.257 (depth 1, 34 lits): UNSAT in 0.02s
    cube 3185.258 (depth 1, 34 lits): UNSAT in 0.01s
    cube 3185.259 (depth 1, 34 lits): UNSAT in 0.03s
    cube 3185.260 (depth 1, 34 lits): UNSAT in 0.02s
    cube 3185.261 (depth 1, 34 lits): UNSAT in 0.04s
    cube 3185.262 (depth 1, 34 lits): UNSAT in 0.02s
    cube 3185.263 (depth 1, 34 lits): UNSAT in 0.03s
    cube 3185.264 (depth 1, 34 lits): UNSAT in 0.07s
    cube 3185.265 (depth 1, 34 lits): UNSAT in 0.06s
    cube 3185.266 (depth 1, 34 lits): UNSAT in 0.02s
    cube 3185.267 (depth 1, 34 lits): UNSAT in 0.17s
    cube 3185.268 (depth 1, 34 lits): UNSAT in 0.06s
    cube 3185.269 (depth 1, 34 lits): UNSAT in 0.09s
    cube 3185.270 (depth 1, 34 lits): UNSAT in 0.02s
    cube 3185.271 (depth 1, 34 lits): UNSAT in 0.01s
    cube 3185.272 (depth 1, 34 lits): UNSAT in 0.02s
    cube 3185.273 (depth 1, 34 lits): UNSAT in 0.02s
    cube 3185.274 (depth 1, 34 lits): UNSAT in 0.02s
    cube 3185.275 (depth 1, 34 lits): UNSAT in 0.03s
    cube 3185.276 (depth 1, 34 lits): UNSAT in 0.05s
    cube 3185.277 (depth 1, 34 lits): UNSAT in 0.04s
    cube 3185.278 (depth 1, 34 lits): UNSAT in 0.01s
    cube 3185.279 (depth 1, 34 lits): UNSAT in 0.03s
    cube 3185.280 (depth 1, 34 lits): UNSAT in 0.02s
    cube 3185.281 (depth 1, 34 lits): UNSAT in 0.11s
    cube 3185.282 (depth 1, 34 lits): UNSAT in 0.03s
    cube 3185.283 (depth 1, 34 lits): UNSAT in 0.11s
    cube 3185.284 (depth 1, 34 lits): UNSAT in 0.37s
    cube 3185.285 (depth 1, 34 lits): UNSAT in 0.29s
    cube 3185.286 (depth 1, 31 lits): UNSAT in 0.01s
    cube 3185.287 (depth 1, 33 lits): UNSAT in 0.01s
    cube 3185.288 (depth 1, 33 lits): UNSAT in 0.02s
    cube 3185.289 (depth 1, 34 lits): UNSAT in 0.01s
    cube 3185.290 (depth 1, 34 lits): UNSAT in 0.02s
    cube 3185.291 (depth 1, 33 lits): UNSAT in 0.02s
    cube 3185.292 (depth 1, 34 lits): UNSAT in 0.02s
    cube 3185.293 (depth 1, 34 lits): UNSAT in 0.02s
    cube 3185.294 (depth 1, 34 lits): UNSAT in 0.02s
    cube 3185.295 (depth 1, 34 lits): UNSAT in 0.03s
    cube 3185.296 (depth 1, 34 lits): UNSAT in 0.04s
    cube 3185.297 (depth 1, 34 lits): UNSAT in 0.05s
    cube 3185.298 (depth 1, 34 lits): UNSAT in 0.13s
    cube 3185.299 (depth 1, 34 lits): UNSAT in 0.11s
    cube 3185.300 (depth 1, 34 lits): UNSAT in 0.03s
    cube 3185.301 (depth 1, 34 lits): UNSAT in 0.05s
    cube 3185.302 (depth 1, 34 lits): UNSAT in 0.03s
    cube 3185.303 (depth 1, 34 lits): UNSAT in 0.11s
    cube 3185.304 (depth 1, 34 lits): UNSAT in 0.03s
    cube 3185.305 (depth 1, 34 lits): UNSAT in 0.04s
    cube 3185.306 (depth 1, 34 lits): UNSAT in 0.02s
    cube 3185.307 (depth 1, 34 lits): UNSAT in 0.10s
    cube 3185.308 (depth 1, 34 lits): UNSAT in 0.01s
    cube 3185.309 (depth 1, 34 lits): UNSAT in 0.02s
    cube 3185.310 (depth 1, 34 lits): UNSAT in 0.02s
    cube 3185.311 (depth 1, 34 lits): UNSAT in 0.02s
    cube 3185.312 (depth 1, 34 lits): UNSAT in 0.01s
    cube 3185.313 (depth 1, 34 lits): UNSAT in 0.02s
    cube 3185.314 (depth 1, 34 lits): UNSAT in 0.01s
    cube 3185.315 (depth 1, 34 lits): UNSAT in 0.02s
    cube 3185.316 (depth 1, 34 lits): UNSAT in 0.02s
    cube 3185.317 (depth 1, 34 lits): UNSAT in 0.01s
    cube 3185.318 (depth 1, 34 lits): UNSAT in 0.02s
    cube 3185.319 (depth 1, 34 lits): UNSAT in 0.03s
    cube 3185.320 (depth 1, 34 lits): UNSAT in 0.04s
    cube 3185.321 (depth 1, 34 lits): UNSAT in 0.08s
    cube 3185.322 (depth 1, 34 lits): UNSAT in 0.09s
    cube 3185.323 (depth 1, 34 lits): UNSAT in 0.11s
    cube 3185.324 (depth 1, 34 lits): UNSAT in 0.02s
    cube 3185.325 (depth 1, 34 lits): UNSAT in 0.02s
    cube 3185.326 (depth 1, 34 lits): UNSAT in 0.03s
    cube 3185.327 (depth 1, 34 lits): UNSAT in 0.12s
    cube 3185.328 (depth 1, 34 lits): UNSAT in 0.04s
    cube 3185.329 (depth 1, 34 lits): UNSAT in 0.03s
    cube 3185.330 (depth 1, 34 lits): UNSAT in 0.03s
    cube 3185.331 (depth 1, 34 lits): UNSAT in 0.07s
    cube 3185.332 (depth 1, 34 lits): UNSAT in 0.03s
    cube 3185.333 (depth 1, 34 lits): UNSAT in 0.08s
    cube 3185.334 (depth 1, 34 lits): UNSAT in 0.07s
    cube 3185.335 (depth 1, 34 lits): UNSAT in 0.28s
    cube 3185.336 (depth 1, 34 lits): UNSAT in 0.29s
    cube 3185.337 (depth 1, 34 lits): UNSAT in 0.47s
    cube 3185.338 (depth 1, 34 lits): UNSAT in 0.38s
    cube 3185.339 (depth 1, 34 lits): UNSAT in 0.35s
    cube 3185.340 (depth 1, 34 lits): UNSAT in 0.02s
    cube 3185.341 (depth 1, 34 lits): UNSAT in 0.02s
    cube 3185.342 (depth 1, 34 lits): UNSAT in 0.02s
    cube 3185.343 (depth 1, 34 lits): UNSAT in 0.04s
    cube 3185.344 (depth 1, 34 lits): UNSAT in 0.02s
    cube 3185.345 (depth 1, 34 lits): UNSAT in 0.05s
    cube 3185.346 (depth 1, 34 lits): UNSAT in 0.02s
    cube 3185.347 (depth 1, 34 lits): UNSAT in 0.05s
    cube 3185.348 (depth 1, 34 lits): UNSAT in 0.01s
    cube 3185.349 (depth 1, 34 lits): UNSAT in 0.06s
    cube 3185.350 (depth 1, 34 lits): UNSAT in 0.05s
    cube 3185.351 (depth 1, 34 lits): UNSAT in 0.06s
    cube 3185.352 (depth 1, 34 lits): UNSAT in 0.02s
    cube 3185.353 (depth 1, 34 lits): UNSAT in 0.04s
    cube 3185.354 (depth 1, 34 lits): UNSAT in 0.12s
    cube 3185.355 (depth 1, 34 lits): UNSAT in 0.27s
    cube 3185.356 (depth 1, 34 lits): UNSAT in 0.02s
    cube 3185.357 (depth 1, 34 lits): UNSAT in 0.03s
    cube 3185.358 (depth 1, 34 lits): UNSAT in 0.09s
    cube 3185.359 (depth 1, 34 lits): UNSAT in 0.07s
    cube 3185.360 (depth 1, 34 lits): UNSAT in 0.05s
    cube 3185.361 (depth 1, 34 lits): UNSAT in 0.25s
    cube 3185.362 (depth 1, 34 lits): UNSAT in 0.21s
    cube 3185.363 (depth 1, 34 lits): UNSAT in 1.25s
    cube 3185.364 (depth 1, 34 lits): UNSAT in 0.08s
    cube 3185.365 (depth 1, 34 lits): UNSAT in 0.17s
    cube 3185.366 (depth 1, 34 lits): UNSAT in 0.11s
    cube 3185.367 (depth 1, 34 lits): UNSAT in 0.39s
    cube 3185.368 (depth 1, 34 lits): UNSAT in 0.17s
    cube 3185.369 (depth 1, 34 lits): UNSAT in 0.31s
    cube 3185.370 (depth 1, 34 lits): UNSAT in 0.65s
    cube 3185.371 (depth 1, 34 lits): UNSAT in 4.34s
    cube 3185.372 (depth 1, 34 lits): UNSAT in 0.02s
    cube 3185.373 (depth 1, 34 lits): UNSAT in 0.04s
    cube 3185.374 (depth 1, 34 lits): UNSAT in 0.09s
    cube 3185.375 (depth 1, 34 lits): UNSAT in 0.12s
    cube 3185.376 (depth 1, 34 lits): UNSAT in 0.08s
    cube 3185.377 (depth 1, 34 lits): UNSAT in 0.43s
    cube 3185.378 (depth 1, 34 lits): UNSAT in 0.08s
    cube 3185.379 (depth 1, 34 lits): UNSAT in 0.81s
    cube 3185.380 (depth 1, 34 lits): UNSAT in 0.04s
    cube 3185.381 (depth 1, 34 lits): UNSAT in 0.18s
    cube 3185.382 (depth 1, 34 lits): UNSAT in 0.04s
    cube 3185.383 (depth 1, 34 lits): UNSAT in 0.35s
    cube 3185.384 (depth 1, 34 lits): UNSAT in 0.12s
    cube 3185.385 (depth 1, 34 lits): UNSAT in 0.26s
    cube 3185.386 (depth 1, 34 lits): UNSAT in 0.25s
    cube 3185.387 (depth 1, 34 lits): UNSAT in 2.25s
    cube 3185.388 (depth 1, 34 lits): UNSAT in 0.19s
    cube 3185.389 (depth 1, 34 lits): UNSAT in 0.34s
    cube 3185.390 (depth 1, 34 lits): UNSAT in 0.25s
    cube 3185.391 (depth 1, 34 lits): UNSAT in 0.95s
    cube 3185.392 (depth 1, 34 lits): UNSAT in 0.15s
    cube 3185.393 (depth 1, 34 lits): UNSAT in 0.33s
    cube 3185.394 (depth 1, 34 lits): UNSAT in 0.60s
    cube 3185.395 (depth 1, 34 lits): UNSAT in 1.89s
    cube 3185.396 (depth 1, 34 lits): UNSAT in 0.15s
    cube 3185.397 (depth 1, 34 lits): UNSAT in 0.30s
    cube 3185.398 (depth 1, 34 lits): UNSAT in 0.88s
    cube 3185.399 (depth 1, 34 lits): UNSAT in 1.20s
    cube 3185.400 (depth 1, 34 lits): UNSAT in 1.85s
    cube 3185.401 (depth 1, 34 lits): UNSAT in 6.65s
    cube 3185.402 (depth 1, 34 lits): UNSAT in 4.24s
    cube 3185.403 (depth 1, 34 lits): UNSAT in 66.35s
    cube 3185.404 (depth 1, 32 lits): UNSAT in 0.02s
    cube 3185.405 (depth 1, 34 lits): UNSAT in 0.01s
    cube 3185.406 (depth 1, 34 lits): UNSAT in 0.02s
    cube 3185.407 (depth 1, 34 lits): UNSAT in 0.02s
    cube 3185.408 (depth 1, 34 lits): UNSAT in 0.02s
    cube 3185.409 (depth 1, 34 lits): UNSAT in 0.01s
    cube 3185.410 (depth 1, 34 lits): UNSAT in 0.02s
    cube 3185.411 (depth 1, 34 lits): UNSAT in 0.02s
    cube 3185.412 (depth 1, 34 lits): UNSAT in 0.02s
    cube 3185.413 (depth 1, 33 lits): UNSAT in 0.01s
    cube 3185.414 (depth 1, 34 lits): UNSAT in 0.02s
    cube 3185.415 (depth 1, 34 lits): UNSAT in 0.03s
    cube 3185.416 (depth 1, 33 lits): UNSAT in 0.02s
    cube 3185.417 (depth 1, 34 lits): UNSAT in 0.01s
    cube 3185.418 (depth 1, 34 lits): UNSAT in 0.01s
    cube 3185.419 (depth 1, 34 lits): UNSAT in 0.01s
    cube 3185.420 (depth 1, 34 lits): UNSAT in 0.01s
    cube 3185.421 (depth 1, 34 lits): UNSAT in 0.02s
    cube 3185.422 (depth 1, 34 lits): UNSAT in 0.02s
    cube 3185.423 (depth 1, 33 lits): UNSAT in 0.02s
    cube 3185.424 (depth 1, 34 lits): UNSAT in 0.02s
    cube 3185.425 (depth 1, 34 lits): UNSAT in 0.02s
    cube 3185.426 (depth 1, 34 lits): UNSAT in 0.01s
    cube 3185.427 (depth 1, 34 lits): UNSAT in 0.04s
    cube 3185.428 (depth 1, 34 lits): UNSAT in 0.04s
    cube 3185.429 (depth 1, 34 lits): UNSAT in 0.03s
    cube 3185.430 (depth 1, 33 lits): UNSAT in 0.01s
    cube 3185.431 (depth 1, 34 lits): UNSAT in 0.01s
    cube 3185.432 (depth 1, 34 lits): UNSAT in 0.02s
    cube 3185.433 (depth 1, 34 lits): UNSAT in 0.01s
    cube 3185.434 (depth 1, 34 lits): UNSAT in 0.03s
    cube 3185.435 (depth 1, 34 lits): UNSAT in 0.01s
    cube 3185.436 (depth 1, 34 lits): UNSAT in 0.03s
    cube 3185.437 (depth 1, 33 lits): UNSAT in 0.01s
    cube 3185.438 (depth 1, 34 lits): UNSAT in 0.02s
    cube 3185.439 (depth 1, 34 lits): UNSAT in 0.02s
    cube 3185.440 (depth 1, 34 lits): UNSAT in 0.01s
    cube 3185.441 (depth 1, 34 lits): UNSAT in 0.02s
    cube 3185.442 (depth 1, 34 lits): UNSAT in 0.05s
    cube 3185.443 (depth 1, 34 lits): UNSAT in 0.11s
    cube 3185.444 (depth 1, 34 lits): UNSAT in 0.02s
    cube 3185.445 (depth 1, 34 lits): UNSAT in 0.02s
    cube 3185.446 (depth 1, 34 lits): UNSAT in 0.02s
    cube 3185.447 (depth 1, 34 lits): UNSAT in 0.02s
    cube 3185.448 (depth 1, 34 lits): UNSAT in 0.01s
    cube 3185.449 (depth 1, 34 lits): UNSAT in 0.01s
    cube 3185.450 (depth 1, 34 lits): UNSAT in 0.02s
    cube 3185.451 (depth 1, 34 lits): UNSAT in 0.04s
    cube 3185.452 (depth 1, 34 lits): UNSAT in 0.01s
    cube 3185.453 (depth 1, 34 lits): UNSAT in 0.02s
    cube 3185.454 (depth 1, 34 lits): UNSAT in 0.01s
    cube 3185.455 (depth 1, 34 lits): UNSAT in 0.06s
    cube 3185.456 (depth 1, 34 lits): UNSAT in 0.05s
    cube 3185.457 (depth 1, 34 lits): UNSAT in 0.08s
    cube 3185.458 (depth 1, 34 lits): UNSAT in 0.07s
    cube 3185.459 (depth 1, 34 lits): UNSAT in 0.16s
    cube 3185.460 (depth 1, 32 lits): UNSAT in 0.02s
    cube 3185.461 (depth 1, 34 lits): UNSAT in 0.01s
    cube 3185.462 (depth 1, 34 lits): UNSAT in 0.02s
    cube 3185.463 (depth 1, 34 lits): UNSAT in 0.03s
    cube 3185.464 (depth 1, 34 lits): UNSAT in 0.05s
    cube 3185.465 (depth 1, 34 lits): UNSAT in 0.02s
    cube 3185.466 (depth 1, 34 lits): UNSAT in 0.02s
    cube 3185.467 (depth 1, 34 lits): UNSAT in 0.03s
    cube 3185.468 (depth 1, 34 lits): UNSAT in 0.05s
    cube 3185.469 (depth 1, 34 lits): UNSAT in 0.18s
    cube 3185.470 (depth 1, 34 lits): UNSAT in 0.11s
    cube 3185.471 (depth 1, 34 lits): UNSAT in 0.13s
    cube 3185.472 (depth 1, 34 lits): UNSAT in 0.05s
    cube 3185.473 (depth 1, 34 lits): UNSAT in 0.02s
    cube 3185.474 (depth 1, 34 lits): UNSAT in 0.02s
    cube 3185.475 (depth 1, 34 lits): UNSAT in 0.02s
    cube 3185.476 (depth 1, 34 lits): UNSAT in 0.03s
    cube 3185.477 (depth 1, 34 lits): UNSAT in 0.01s
    cube 3185.478 (depth 1, 34 lits): UNSAT in 0.02s
    cube 3185.479 (depth 1, 34 lits): UNSAT in 0.01s
    cube 3185.480 (depth 1, 34 lits): UNSAT in 0.02s
    cube 3185.481 (depth 1, 34 lits): UNSAT in 0.02s
    cube 3185.482 (depth 1, 34 lits): UNSAT in 0.05s
    cube 3185.483 (depth 1, 34 lits): UNSAT in 0.02s
    cube 3185.484 (depth 1, 34 lits): UNSAT in 0.09s
    cube 3185.485 (depth 1, 34 lits): UNSAT in 0.02s
    cube 3185.486 (depth 1, 34 lits): UNSAT in 0.07s
    cube 3185.487 (depth 1, 34 lits): UNSAT in 0.07s
    cube 3185.488 (depth 1, 34 lits): UNSAT in 0.07s
    cube 3185.489 (depth 1, 34 lits): UNSAT in 0.02s
    cube 3185.490 (depth 1, 34 lits): UNSAT in 0.02s
    cube 3185.491 (depth 1, 34 lits): UNSAT in 0.01s
    cube 3185.492 (depth 1, 34 lits): UNSAT in 0.03s
    cube 3185.493 (depth 1, 34 lits): UNSAT in 0.02s
    cube 3185.494 (depth 1, 34 lits): UNSAT in 0.03s
    cube 3185.495 (depth 1, 34 lits): UNSAT in 0.14s
    cube 3185.496 (depth 1, 34 lits): UNSAT in 0.27s
    cube 3185.497 (depth 1, 34 lits): UNSAT in 0.03s
    cube 3185.498 (depth 1, 34 lits): UNSAT in 0.07s
    cube 3185.499 (depth 1, 34 lits): UNSAT in 0.20s
    cube 3185.500 (depth 1, 34 lits): UNSAT in 0.43s
    cube 3185.501 (depth 1, 34 lits): UNSAT in 0.03s
    cube 3185.502 (depth 1, 34 lits): UNSAT in 0.09s
    cube 3185.503 (depth 1, 34 lits): UNSAT in 0.21s
    cube 3185.504 (depth 1, 34 lits): UNSAT in 0.63s
    cube 3185.505 (depth 1, 34 lits): UNSAT in 0.01s
    cube 3185.506 (depth 1, 34 lits): UNSAT in 0.02s
    cube 3185.507 (depth 1, 34 lits): UNSAT in 0.02s
    cube 3185.508 (depth 1, 34 lits): UNSAT in 0.04s
    cube 3185.509 (depth 1, 34 lits): UNSAT in 0.06s
    cube 3185.510 (depth 1, 34 lits): UNSAT in 0.14s
    cube 3185.511 (depth 1, 34 lits): UNSAT in 0.05s
    cube 3185.512 (depth 1, 34 lits): UNSAT in 0.27s
    cube 3185.513 (depth 1, 34 lits): UNSAT in 0.04s
    cube 3185.514 (depth 1, 34 lits): UNSAT in 0.36s
    cube 3185.515 (depth 1, 34 lits): UNSAT in 0.73s
    cube 3185.516 (depth 1, 34 lits): UNSAT in 1.67s
    cube 3185.517 (depth 1, 34 lits): UNSAT in 0.47s
    cube 3185.518 (depth 1, 34 lits): UNSAT in 4.56s
    cube 3185.519 (depth 1, 34 lits): UNSAT in 11.75s
    cube 3185.520 (depth 1, 34 lits): UNSAT in 35.50s
    cube 3185.521 (depth 1, 33 lits): UNSAT in 0.01s
    cube 3185.522 (depth 1, 33 lits): UNSAT in 0.01s
    cube 3185.523 (depth 1, 33 lits): UNSAT in 0.01s
    cube 3185.524 (depth 1, 34 lits): UNSAT in 0.02s
    cube 3185.525 (depth 1, 34 lits): UNSAT in 0.02s
    cube 3185.526 (depth 1, 34 lits): UNSAT in 0.02s
    cube 3185.527 (depth 1, 34 lits): UNSAT in 0.01s
    cube 3185.528 (depth 1, 33 lits): UNSAT in 0.01s
    cube 3185.529 (depth 1, 34 lits): UNSAT in 0.02s
    cube 3185.530 (depth 1, 34 lits): UNSAT in 0.03s
    cube 3185.531 (depth 1, 34 lits): UNSAT in 0.02s
    cube 3185.532 (depth 1, 34 lits): UNSAT in 0.03s
    cube 3185.533 (depth 1, 34 lits): UNSAT in 0.01s
    cube 3185.534 (depth 1, 34 lits): UNSAT in 0.01s
    cube 3185.535 (depth 1, 34 lits): UNSAT in 0.01s
    cube 3185.536 (depth 1, 34 lits): UNSAT in 0.02s
    cube 3185.537 (depth 1, 34 lits): UNSAT in 0.01s
    cube 3185.538 (depth 1, 34 lits): UNSAT in 0.01s
    cube 3185.539 (depth 1, 34 lits): UNSAT in 0.02s
    cube 3185.540 (depth 1, 34 lits): UNSAT in 0.02s
    cube 3185.541 (depth 1, 34 lits): UNSAT in 0.01s
    cube 3185.542 (depth 1, 34 lits): UNSAT in 0.02s
    cube 3185.543 (depth 1, 34 lits): UNSAT in 0.05s
    cube 3185.544 (depth 1, 34 lits): UNSAT in 0.03s
    cube 3185.545 (depth 1, 34 lits): UNSAT in 0.02s
    cube 3185.546 (depth 1, 34 lits): UNSAT in 0.04s
    cube 3185.547 (depth 1, 34 lits): UNSAT in 0.03s
    cube 3185.548 (depth 1, 34 lits): UNSAT in 0.04s
    cube 3185.549 (depth 1, 34 lits): UNSAT in 0.01s
    cube 3185.550 (depth 1, 34 lits): UNSAT in 0.02s
    cube 3185.551 (depth 1, 34 lits): UNSAT in 0.01s
    cube 3185.552 (depth 1, 34 lits): UNSAT in 0.02s
    cube 3185.553 (depth 1, 34 lits): UNSAT in 0.01s
    cube 3185.554 (depth 1, 34 lits): UNSAT in 0.02s
    cube 3185.555 (depth 1, 34 lits): UNSAT in 0.02s
    cube 3185.556 (depth 1, 34 lits): UNSAT in 0.02s
    cube 3185.557 (depth 1, 34 lits): UNSAT in 0.02s
    cube 3185.558 (depth 1, 34 lits): UNSAT in 0.04s
    cube 3185.559 (depth 1, 34 lits): UNSAT in 0.03s
    cube 3185.560 (depth 1, 34 lits): UNSAT in 0.03s
    cube 3185.561 (depth 1, 34 lits): UNSAT in 0.03s
    cube 3185.562 (depth 1, 34 lits): UNSAT in 0.03s
    cube 3185.563 (depth 1, 34 lits): UNSAT in 0.05s
    cube 3185.564 (depth 1, 34 lits): UNSAT in 0.02s
    cube 3185.565 (depth 1, 34 lits): UNSAT in 0.05s
    cube 3185.566 (depth 1, 34 lits): UNSAT in 0.05s
    cube 3185.567 (depth 1, 34 lits): UNSAT in 0.04s
    cube 3185.568 (depth 1, 34 lits): UNSAT in 0.06s
    cube 3185.569 (depth 1, 34 lits): UNSAT in 0.02s
    cube 3185.570 (depth 1, 34 lits): UNSAT in 0.03s
    cube 3185.571 (depth 1, 34 lits): UNSAT in 0.06s
    cube 3185.572 (depth 1, 34 lits): UNSAT in 0.14s
    cube 3185.573 (depth 1, 34 lits): UNSAT in 0.04s
    cube 3185.574 (depth 1, 34 lits): UNSAT in 0.09s
    cube 3185.575 (depth 1, 34 lits): UNSAT in 0.16s
    cube 3185.576 (depth 1, 34 lits): UNSAT in 0.35s
    cube 3185.577 (depth 1, 34 lits): UNSAT in 0.25s
    cube 3185.578 (depth 1, 34 lits): UNSAT in 0.37s
    cube 3185.579 (depth 1, 34 lits): UNSAT in 0.30s
    cube 3185.580 (depth 1, 34 lits): UNSAT in 1.38s
    cube 3185.581 (depth 1, 34 lits): UNSAT in 0.02s
    cube 3185.582 (depth 1, 34 lits): UNSAT in 0.02s
    cube 3185.583 (depth 1, 34 lits): UNSAT in 0.02s
    cube 3185.584 (depth 1, 34 lits): UNSAT in 0.03s
    cube 3185.585 (depth 1, 34 lits): UNSAT in 0.04s
    cube 3185.586 (depth 1, 34 lits): UNSAT in 0.08s
    cube 3185.587 (depth 1, 34 lits): UNSAT in 0.05s
    cube 3185.588 (depth 1, 34 lits): UNSAT in 0.10s
    cube 3185.589 (depth 1, 34 lits): UNSAT in 0.03s
    cube 3185.590 (depth 1, 34 lits): UNSAT in 0.07s
    cube 3185.591 (depth 1, 34 lits): UNSAT in 0.05s
    cube 3185.592 (depth 1, 34 lits): UNSAT in 0.07s
    cube 3185.593 (depth 1, 34 lits): UNSAT in 0.05s
    cube 3185.594 (depth 1, 34 lits): UNSAT in 0.11s
    cube 3185.595 (depth 1, 34 lits): UNSAT in 0.05s
    cube 3185.596 (depth 1, 34 lits): UNSAT in 0.39s
    cube 3185.597 (depth 1, 34 lits): UNSAT in 0.01s
    cube 3185.598 (depth 1, 34 lits): UNSAT in 0.02s
    cube 3185.599 (depth 1, 34 lits): UNSAT in 0.03s
    cube 3185.600 (depth 1, 34 lits): UNSAT in 0.03s
    cube 3185.601 (depth 1, 34 lits): UNSAT in 0.01s
    cube 3185.602 (depth 1, 34 lits): UNSAT in 0.03s
    cube 3185.603 (depth 1, 34 lits): UNSAT in 0.02s
    cube 3185.604 (depth 1, 34 lits): UNSAT in 0.04s
    cube 3185.605 (depth 1, 34 lits): UNSAT in 0.02s
    cube 3185.606 (depth 1, 34 lits): UNSAT in 0.07s
    cube 3185.607 (depth 1, 34 lits): UNSAT in 0.04s
    cube 3185.608 (depth 1, 34 lits): UNSAT in 0.31s
    cube 3185.609 (depth 1, 34 lits): UNSAT in 0.13s
    cube 3185.610 (depth 1, 34 lits): UNSAT in 0.08s
    cube 3185.611 (depth 1, 34 lits): UNSAT in 0.71s
    cube 3185.612 (depth 1, 34 lits): UNSAT in 1.27s
    cube 3185.613 (depth 1, 34 lits): UNSAT in 0.03s
    cube 3185.614 (depth 1, 34 lits): UNSAT in 0.02s
    cube 3185.615 (depth 1, 34 lits): UNSAT in 0.02s
    cube 3185.616 (depth 1, 34 lits): UNSAT in 0.12s
    cube 3185.617 (depth 1, 34 lits): UNSAT in 0.05s
    cube 3185.618 (depth 1, 34 lits): UNSAT in 0.22s
    cube 3185.619 (depth 1, 34 lits): UNSAT in 0.40s
    cube 3185.620 (depth 1, 34 lits): UNSAT in 1.40s
    cube 3185.621 (depth 1, 34 lits): UNSAT in 0.05s
    cube 3185.622 (depth 1, 34 lits): UNSAT in 0.07s
    cube 3185.623 (depth 1, 34 lits): UNSAT in 0.37s
    cube 3185.624 (depth 1, 34 lits): UNSAT in 0.55s
    cube 3185.625 (depth 1, 34 lits): UNSAT in 0.10s
    cube 3185.626 (depth 1, 34 lits): UNSAT in 0.45s
    cube 3185.627 (depth 1, 34 lits): UNSAT in 2.55s
    cube 3185.628 (depth 1, 34 lits): UNSAT in 2.90s
    cube 3185.629 (depth 1, 34 lits): UNSAT in 0.03s
    cube 3185.630 (depth 1, 34 lits): UNSAT in 0.06s
    cube 3185.631 (depth 1, 34 lits): UNSAT in 0.02s
    cube 3185.632 (depth 1, 34 lits): UNSAT in 0.06s
    cube 3185.633 (depth 1, 34 lits): UNSAT in 0.13s
    cube 3185.634 (depth 1, 34 lits): UNSAT in 0.18s
    cube 3185.635 (depth 1, 34 lits): UNSAT in 0.25s
    cube 3185.636 (depth 1, 34 lits): UNSAT in 0.31s
    cube 3185.637 (depth 1, 34 lits): UNSAT in 0.12s
    cube 3185.638 (depth 1, 34 lits): UNSAT in 0.39s
    cube 3185.639 (depth 1, 34 lits): UNSAT in 0.06s
    cube 3185.640 (depth 1, 34 lits): UNSAT in 2.48s
    cube 3185.641 (depth 1, 34 lits): UNSAT in 0.13s
    cube 3185.642 (depth 1, 34 lits): UNSAT in 0.62s
    cube 3185.643 (depth 1, 34 lits): UNSAT in 4.51s
    cube 3185.644 (depth 1, 34 lits): UNSAT in 8.83s
    cube 3185.645 (depth 1, 32 lits): UNSAT in 0.01s
    cube 3185.646 (depth 1, 33 lits): UNSAT in 0.01s
    cube 3185.647 (depth 1, 33 lits): UNSAT in 0.01s
    cube 3185.648 (depth 1, 33 lits): UNSAT in 0.01s
    cube 3185.649 (depth 1, 34 lits): UNSAT in 0.01s
    cube 3185.650 (depth 1, 34 lits): UNSAT in 0.01s
    cube 3185.651 (depth 1, 32 lits): UNSAT in 0.01s
    cube 3185.652 (depth 1, 32 lits): UNSAT in 0.02s
    cube 3185.653 (depth 1, 34 lits): UNSAT in 0.01s
    cube 3185.654 (depth 1, 34 lits): UNSAT in 0.01s
    cube 3185.655 (depth 1, 34 lits): UNSAT in 0.02s
    cube 3185.656 (depth 1, 34 lits): UNSAT in 0.02s
    cube 3185.657 (depth 1, 33 lits): UNSAT in 0.01s
    cube 3185.658 (depth 1, 33 lits): UNSAT in 0.01s
    cube 3185.659 (depth 1, 34 lits): UNSAT in 0.01s
    cube 3185.660 (depth 1, 34 lits): UNSAT in 0.02s
    cube 3185.661 (depth 1, 34 lits): UNSAT in 0.01s
    cube 3185.662 (depth 1, 34 lits): UNSAT in 0.02s
    cube 3185.663 (depth 1, 31 lits): UNSAT in 0.01s
    cube 3185.664 (depth 1, 32 lits): UNSAT in 0.01s
    cube 3185.665 (depth 1, 33 lits): UNSAT in 0.01s
    cube 3185.666 (depth 1, 33 lits): UNSAT in 0.01s
    cube 3185.667 (depth 1, 33 lits): UNSAT in 0.02s
    cube 3185.668 (depth 1, 34 lits): UNSAT in 0.01s
    cube 3185.669 (depth 1, 34 lits): UNSAT in 0.01s
    cube 3185.670 (depth 1, 32 lits): UNSAT in 0.02s
    cube 3185.671 (depth 1, 34 lits): UNSAT in 0.03s
    cube 3185.672 (depth 1, 34 lits): UNSAT in 0.02s
    cube 3185.673 (depth 1, 34 lits): UNSAT in 0.03s
    cube 3185.674 (depth 1, 34 lits): UNSAT in 0.03s
    cube 3185.675 (depth 1, 34 lits): UNSAT in 0.02s
    cube 3185.676 (depth 1, 34 lits): UNSAT in 0.02s
    cube 3185.677 (depth 1, 34 lits): UNSAT in 0.02s
    cube 3185.678 (depth 1, 34 lits): UNSAT in 0.03s
    cube 3185.679 (depth 1, 32 lits): UNSAT in 0.01s
    cube 3185.680 (depth 1, 33 lits): UNSAT in 0.01s
    cube 3185.681 (depth 1, 34 lits): UNSAT in 0.01s
    cube 3185.682 (depth 1, 34 lits): UNSAT in 0.01s
    cube 3185.683 (depth 1, 33 lits): UNSAT in 0.01s
    cube 3185.684 (depth 1, 34 lits): UNSAT in 0.01s
    cube 3185.685 (depth 1, 34 lits): UNSAT in 0.02s
    cube 3185.686 (depth 1, 34 lits): UNSAT in 0.01s
    cube 3185.687 (depth 1, 34 lits): UNSAT in 0.02s
    cube 3185.688 (depth 1, 34 lits): UNSAT in 0.01s
    cube 3185.689 (depth 1, 34 lits): UNSAT in 0.01s
    cube 3185.690 (depth 1, 33 lits): UNSAT in 0.01s
    cube 3185.691 (depth 1, 33 lits): UNSAT in 0.01s
    cube 3185.692 (depth 1, 34 lits): UNSAT in 0.01s
    cube 3185.693 (depth 1, 34 lits): UNSAT in 0.02s
    cube 3185.694 (depth 1, 34 lits): UNSAT in 0.01s
    cube 3185.695 (depth 1, 34 lits): UNSAT in 0.01s
    cube 3185.696 (depth 1, 33 lits): UNSAT in 0.01s
    cube 3185.697 (depth 1, 33 lits): UNSAT in 0.01s
    cube 3185.698 (depth 1, 34 lits): UNSAT in 0.01s
    cube 3185.699 (depth 1, 34 lits): UNSAT in 0.02s
    cube 3185.700 (depth 1, 34 lits): UNSAT in 0.02s
    cube 3185.701 (depth 1, 34 lits): UNSAT in 0.07s
    cube 3185.702 (depth 1, 34 lits): UNSAT in 0.01s
    cube 3185.703 (depth 1, 34 lits): UNSAT in 0.01s
    cube 3185.704 (depth 1, 33 lits): UNSAT in 0.02s
    cube 3185.705 (depth 1, 34 lits): UNSAT in 0.01s
    cube 3185.706 (depth 1, 34 lits): UNSAT in 0.03s
    cube 3185.707 (depth 1, 34 lits): UNSAT in 0.03s
    cube 3185.708 (depth 1, 34 lits): UNSAT in 0.06s
    cube 3185.709 (depth 1, 34 lits): UNSAT in 0.01s
    cube 3185.710 (depth 1, 34 lits): UNSAT in 0.02s
    cube 3185.711 (depth 1, 34 lits): UNSAT in 0.01s
    cube 3185.712 (depth 1, 34 lits): UNSAT in 0.02s
    cube 3185.713 (depth 1, 34 lits): UNSAT in 0.02s
    cube 3185.714 (depth 1, 34 lits): UNSAT in 0.02s
    cube 3185.715 (depth 1, 34 lits): UNSAT in 0.02s
    cube 3185.716 (depth 1, 34 lits): UNSAT in 0.10s
    cube 3185.717 (depth 1, 34 lits): UNSAT in 0.02s
    cube 3185.718 (depth 1, 34 lits): UNSAT in 0.02s
    cube 3185.719 (depth 1, 34 lits): UNSAT in 0.02s
    cube 3185.720 (depth 1, 34 lits): UNSAT in 0.03s
    cube 3185.721 (depth 1, 34 lits): UNSAT in 0.02s
    cube 3185.722 (depth 1, 34 lits): UNSAT in 0.05s
    cube 3185.723 (depth 1, 34 lits): UNSAT in 0.03s
    cube 3185.724 (depth 1, 34 lits): UNSAT in 0.04s
    cube 3185.725 (depth 1, 34 lits): UNSAT in 0.01s
    cube 3185.726 (depth 1, 34 lits): UNSAT in 0.05s
    cube 3185.727 (depth 1, 34 lits): UNSAT in 0.03s
    cube 3185.728 (depth 1, 34 lits): UNSAT in 0.07s
    cube 3185.729 (depth 1, 34 lits): UNSAT in 0.04s
    cube 3185.730 (depth 1, 34 lits): UNSAT in 0.18s
    cube 3185.731 (depth 1, 34 lits): UNSAT in 1.29s
    cube 3185.732 (depth 1, 34 lits): UNSAT in 1.48s
    cube 3185.733 (depth 1, 33 lits): UNSAT in 0.02s
    cube 3185.734 (depth 1, 34 lits): UNSAT in 0.02s
    cube 3185.735 (depth 1, 34 lits): UNSAT in 0.05s
    cube 3185.736 (depth 1, 34 lits): UNSAT in 0.01s
    cube 3185.737 (depth 1, 34 lits): UNSAT in 0.02s
    cube 3185.738 (depth 1, 34 lits): UNSAT in 0.03s
    cube 3185.739 (depth 1, 34 lits): UNSAT in 0.04s
    cube 3185.740 (depth 1, 34 lits): UNSAT in 0.01s
    cube 3185.741 (depth 1, 34 lits): UNSAT in 0.02s
    cube 3185.742 (depth 1, 34 lits): UNSAT in 0.02s
    cube 3185.743 (depth 1, 34 lits): UNSAT in 0.03s
    cube 3185.744 (depth 1, 34 lits): UNSAT in 0.02s
    cube 3185.745 (depth 1, 34 lits): UNSAT in 0.03s
    cube 3185.746 (depth 1, 34 lits): UNSAT in 0.04s
    cube 3185.747 (depth 1, 34 lits): UNSAT in 0.07s
    cube 3185.748 (depth 1, 34 lits): UNSAT in 0.01s
    cube 3185.749 (depth 1, 34 lits): UNSAT in 0.01s
    cube 3185.750 (depth 1, 34 lits): UNSAT in 0.03s
    cube 3185.751 (depth 1, 34 lits): UNSAT in 0.02s
    cube 3185.752 (depth 1, 34 lits): UNSAT in 0.02s
    cube 3185.753 (depth 1, 34 lits): UNSAT in 0.01s
    cube 3185.754 (depth 1, 34 lits): UNSAT in 0.04s
    cube 3185.755 (depth 1, 34 lits): UNSAT in 0.03s
    cube 3185.756 (depth 1, 34 lits): UNSAT in 0.02s
    cube 3185.757 (depth 1, 34 lits): UNSAT in 0.02s
    cube 3185.758 (depth 1, 34 lits): UNSAT in 0.02s
    cube 3185.759 (depth 1, 34 lits): UNSAT in 0.04s
    cube 3185.760 (depth 1, 34 lits): UNSAT in 0.06s
    cube 3185.761 (depth 1, 34 lits): UNSAT in 0.04s
    cube 3185.762 (depth 1, 34 lits): UNSAT in 0.07s
    cube 3185.763 (depth 1, 34 lits): UNSAT in 0.39s
    cube 3185.764 (depth 1, 34 lits): UNSAT in 0.01s
    cube 3185.765 (depth 1, 34 lits): UNSAT in 0.02s
    cube 3185.766 (depth 1, 34 lits): UNSAT in 0.01s
    cube 3185.767 (depth 1, 34 lits): UNSAT in 0.02s
    cube 3185.768 (depth 1, 34 lits): UNSAT in 0.02s
    cube 3185.769 (depth 1, 34 lits): UNSAT in 0.01s
    cube 3185.770 (depth 1, 34 lits): UNSAT in 0.02s
    cube 3185.771 (depth 1, 34 lits): UNSAT in 0.02s
    cube 3185.772 (depth 1, 32 lits): UNSAT in 0.01s
    cube 3185.773 (depth 1, 34 lits): UNSAT in 0.01s
    cube 3185.774 (depth 1, 34 lits): UNSAT in 0.02s
    cube 3185.775 (depth 1, 34 lits): UNSAT in 0.01s
    cube 3185.776 (depth 1, 34 lits): UNSAT in 0.05s
    cube 3185.777 (depth 1, 34 lits): UNSAT in 0.01s
    cube 3185.778 (depth 1, 34 lits): UNSAT in 0.01s
    cube 3185.779 (depth 1, 34 lits): UNSAT in 0.01s
    cube 3185.780 (depth 1, 34 lits): UNSAT in 0.02s
    cube 3185.781 (depth 1, 34 lits): UNSAT in 0.03s
    cube 3185.782 (depth 1, 34 lits): UNSAT in 0.09s
    cube 3185.783 (depth 1, 34 lits): UNSAT in 0.04s
    cube 3185.784 (depth 1, 34 lits): UNSAT in 0.15s
    cube 3185.785 (depth 1, 34 lits): UNSAT in 0.02s
    cube 3185.786 (depth 1, 34 lits): UNSAT in 0.05s
    cube 3185.787 (depth 1, 34 lits): UNSAT in 0.06s
    cube 3185.788 (depth 1, 34 lits): UNSAT in 0.14s
    cube 3185.789 (depth 1, 34 lits): UNSAT in 0.21s
    cube 3185.790 (depth 1, 34 lits): UNSAT in 0.39s
    cube 3185.791 (depth 1, 34 lits): UNSAT in 0.27s
    cube 3185.792 (depth 1, 34 lits): UNSAT in 1.05s
    cube 3185.793 (depth 1, 33 lits): UNSAT in 0.01s
    cube 3185.794 (depth 1, 34 lits): UNSAT in 0.02s
    cube 3185.795 (depth 1, 34 lits): UNSAT in 0.02s
    cube 3185.796 (depth 1, 34 lits): UNSAT in 0.02s
    cube 3185.797 (depth 1, 34 lits): UNSAT in 0.04s
    cube 3185.798 (depth 1, 34 lits): UNSAT in 0.03s
    cube 3185.799 (depth 1, 34 lits): UNSAT in 0.06s
    cube 3185.800 (depth 1, 34 lits): UNSAT in 0.01s
    cube 3185.801 (depth 1, 34 lits): UNSAT in 0.04s
    cube 3185.802 (depth 1, 34 lits): UNSAT in 0.03s
    cube 3185.803 (depth 1, 34 lits): UNSAT in 0.08s
    cube 3185.804 (depth 1, 34 lits): UNSAT in 0.07s
    cube 3185.805 (depth 1, 34 lits): UNSAT in 0.07s
    cube 3185.806 (depth 1, 34 lits): UNSAT in 0.03s
    cube 3185.807 (depth 1, 34 lits): UNSAT in 0.25s
    cube 3185.808 (depth 1, 34 lits): UNSAT in 0.02s
    cube 3185.809 (depth 1, 34 lits): UNSAT in 0.03s
    cube 3185.810 (depth 1, 34 lits): UNSAT in 0.04s
    cube 3185.811 (depth 1, 34 lits): UNSAT in 0.05s
    cube 3185.812 (depth 1, 34 lits): UNSAT in 0.02s
    cube 3185.813 (depth 1, 34 lits): UNSAT in 0.04s
    cube 3185.814 (depth 1, 34 lits): UNSAT in 0.06s
    cube 3185.815 (depth 1, 34 lits): UNSAT in 0.06s
    cube 3185.816 (depth 1, 34 lits): UNSAT in 0.04s
    cube 3185.817 (depth 1, 34 lits): UNSAT in 0.43s
    cube 3185.818 (depth 1, 34 lits): UNSAT in 0.40s
    cube 3185.819 (depth 1, 34 lits): UNSAT in 0.83s
    cube 3185.820 (depth 1, 34 lits): UNSAT in 0.13s
    cube 3185.821 (depth 1, 34 lits): UNSAT in 0.60s
    cube 3185.822 (depth 1, 34 lits): UNSAT in 0.92s
    cube 3185.823 (depth 1, 34 lits): UNSAT in 5.47s
    cube 3185.824 (depth 1, 34 lits): UNSAT in 0.02s
    cube 3185.825 (depth 1, 34 lits): UNSAT in 0.06s
    cube 3185.826 (depth 1, 34 lits): UNSAT in 0.06s
    cube 3185.827 (depth 1, 34 lits): UNSAT in 0.41s
    cube 3185.828 (depth 1, 34 lits): UNSAT in 0.06s
    cube 3185.829 (depth 1, 34 lits): UNSAT in 0.24s
    cube 3185.830 (depth 1, 34 lits): UNSAT in 1.21s
    cube 3185.831 (depth 1, 34 lits): UNSAT in 1.95s
    cube 3185.832 (depth 1, 34 lits): UNSAT in 0.08s
    cube 3185.833 (depth 1, 34 lits): UNSAT in 0.40s
    cube 3185.834 (depth 1, 34 lits): UNSAT in 0.39s
    cube 3185.835 (depth 1, 34 lits): UNSAT in 0.80s
    cube 3185.836 (depth 1, 34 lits): UNSAT in 0.03s
    cube 3185.837 (depth 1, 34 lits): UNSAT in 0.30s
    cube 3185.838 (depth 1, 34 lits): UNSAT in 0.51s
    cube 3185.839 (depth 1, 34 lits): UNSAT in 3.57s
    cube 3185.840 (depth 1, 34 lits): UNSAT in 0.20s
    cube 3185.841 (depth 1, 34 lits): UNSAT in 0.48s
    cube 3185.842 (depth 1, 34 lits): UNSAT in 0.36s
    cube 3185.843 (depth 1, 34 lits): UNSAT in 0.42s
    cube 3185.844 (depth 1, 34 lits): UNSAT in 0.25s
    cube 3185.845 (depth 1, 34 lits): UNSAT in 0.44s
    cube 3185.846 (depth 1, 34 lits): UNSAT in 0.44s
    cube 3185.847 (depth 1, 34 lits): UNSAT in 5.03s
    cube 3185.848 (depth 1, 34 lits): UNSAT in 0.19s
    cube 3185.849 (depth 1, 34 lits): UNSAT in 0.72s
    cube 3185.850 (depth 1, 34 lits): UNSAT in 0.17s
    cube 3185.851 (depth 1, 34 lits): UNSAT in 10.62s
    cube 3185.852 (depth 1, 34 lits): UNSAT in 3.49s
    cube 3185.853 (depth 1, 34 lits): UNSAT in 7.15s
    cube 3185.854 (depth 1, 34 lits): UNSAT in 10.97s
    cube 3185.855 (depth 1, 34 lits): UNSAT in 64.07s
    cube 3188 (depth 0, 24 lits): UNSAT in 0.05s
    cube 3191 (depth 0, 24 lits): UNSAT in 0.04s
    cube 3194 (depth 0, 24 lits): UNSAT in 0.05s
    cube 3197 (depth 0, 24 lits): UNSAT in 0.23s
    cube 3200 (depth 0, 24 lits): UNSAT in 0.44s
    cube 3203 (depth 0, 24 lits): UNSAT in 0.11s
    cube 3206 (depth 0, 24 lits): UNSAT in 0.11s
    cube 3209 (depth 0, 24 lits): UNSAT in 6.33s
    cube 3212 (depth 0, 24 lits): UNSAT in 0.58s
    cube 3215 (depth 0, 24 lits): UNSAT in 19.83s
    cube 3218 (depth 0, 24 lits): UNSAT in 0.03s
    cube 3221 (depth 0, 24 lits): UNSAT in 1.37s
    cube 3224 (depth 0, 24 lits): UNSAT in 0.35s
    cube 3227 (depth 0, 24 lits): UNSAT in 0.24s
    cube 3230 (depth 0, 24 lits): UNSAT in 0.44s
    cube 3233 (depth 0, 24 lits): UNSAT in 93.56s
    cube 3236 (depth 0, 24 lits): UNSAT in 1.27s
    cube 3239 (depth 0, 24 lits): UNSAT in 3.44s
    cube 3242 (depth 0, 24 lits): UNSAT in 0.14s
    cube 3245 (depth 0, 24 lits): UNSAT in 163.06s
    cube 3248 (depth 0, 24 lits): UNSAT in 183.70s
    cube 3251 (depth 0, 24 lits): UNSAT in 0.54s
    cube 3254 (depth 0, 24 lits): UNSAT in 0.56s
    cube 3257 (depth 0, 24 lits): UNSAT in 19.66s
    cube 3260 (depth 0, 24 lits): UNSAT in 0.25s
    cube 3263 (depth 0, 24 lits): UNSAT in 7.12s
    cube 3266 (depth 0, 24 lits): UNSAT in 0.29s
    cube 3269 (depth 0, 24 lits): UNSAT in 2.24s
    cube 3272 (depth 0, 24 lits): UNSAT in 10.34s
    cube 3275 (depth 0, 24 lits): UNSAT in 1.41s
    cube 3278 (depth 0, 24 lits): UNSAT in 6.32s
