  shard 3/20 (explicit): 35 of 4095 cubes, per-cube cap 60.0s, re-split depth 3
    batch [1979..2042] TIMEOUT in 900.1s -> per-cube fallback
    cube 1979 (depth 0, 12 lits): TIMEOUT in 60.00s
    cube 1979 TIMEOUT -> re-split into 64 sub-cubes (depth 1)
    cube 1979.0 (depth 1, 18 lits): UNSAT in 0.02s
    cube 1979.1 (depth 1, 18 lits): UNSAT in 0.04s
    cube 1979.2 (depth 1, 18 lits): UNSAT in 0.12s
    cube 1979.3 (depth 1, 18 lits): UNSAT in 0.23s
    cube 1979.4 (depth 1, 18 lits): UNSAT in 0.14s
    cube 1979.5 (depth 1, 18 lits): UNSAT in 0.33s
    cube 1979.6 (depth 1, 18 lits): UNSAT in 0.22s
    cube 1979.7 (depth 1, 18 lits): UNSAT in 1.62s
    cube 1979.8 (depth 1, 18 lits): UNSAT in 0.03s
    cube 1979.9 (depth 1, 18 lits): UNSAT in 0.15s
    cube 1979.10 (depth 1, 18 lits): UNSAT in 0.30s
    cube 1979.11 (depth 1, 18 lits): UNSAT in 1.97s
    cube 1979.12 (depth 1, 18 lits): UNSAT in 0.15s
    cube 1979.13 (depth 1, 18 lits): UNSAT in 0.58s
    cube 1979.14 (depth 1, 18 lits): UNSAT in 5.84s
    cube 1979.15 (depth 1, 18 lits): UNSAT in 3.31s
    cube 1979.16 (depth 1, 18 lits): UNSAT in 0.08s
    cube 1979.17 (depth 1, 18 lits): UNSAT in 0.26s
    cube 1979.18 (depth 1, 18 lits): UNSAT in 0.28s
    cube 1979.19 (depth 1, 18 lits): UNSAT in 1.15s
    cube 1979.20 (depth 1, 18 lits): UNSAT in 0.16s
    cube 1979.21 (depth 1, 18 lits): UNSAT in 0.31s
    cube 1979.22 (depth 1, 18 lits): UNSAT in 0.50s
    cube 1979.23 (depth 1, 18 lits): UNSAT in 2.62s
    cube 1979.24 (depth 1, 18 lits): UNSAT in 0.09s
    cube 1979.25 (depth 1, 18 lits): UNSAT in 0.10s
    cube 1979.26 (depth 1, 18 lits): UNSAT in 0.91s
    cube 1979.27 (depth 1, 18 lits): UNSAT in 2.31s
    cube 1979.28 (depth 1, 18 lits): UNSAT in 0.35s
    cube 1979.29 (depth 1, 18 lits): UNSAT in 3.10s
    cube 1979.30 (depth 1, 18 lits): UNSAT in 2.79s
    cube 1979.31 (depth 1, 18 lits): UNSAT in 54.02s
    cube 1979.32 (depth 1, 18 lits): UNSAT in 0.01s
    cube 1979.33 (depth 1, 18 lits): UNSAT in 0.04s
    cube 1979.34 (depth 1, 18 lits): UNSAT in 0.03s
    cube 1979.35 (depth 1, 18 lits): UNSAT in 0.10s
    cube 1979.36 (depth 1, 18 lits): UNSAT in 0.10s
    cube 1979.37 (depth 1, 18 lits): UNSAT in 0.14s
    cube 1979.38 (depth 1, 18 lits): UNSAT in 0.16s
    cube 1979.39 (depth 1, 18 lits): UNSAT in 0.58s
    cube 1979.40 (depth 1, 18 lits): UNSAT in 0.03s
    cube 1979.41 (depth 1, 18 lits): UNSAT in 0.26s
    cube 1979.42 (depth 1, 18 lits): UNSAT in 0.42s
    cube 1979.43 (depth 1, 18 lits): UNSAT in 1.26s
    cube 1979.44 (depth 1, 18 lits): UNSAT in 0.33s
    cube 1979.45 (depth 1, 18 lits): UNSAT in 2.36s
    cube 1979.46 (depth 1, 18 lits): UNSAT in 4.45s
    cube 1979.47 (depth 1, 18 lits): UNSAT in 52.49s
    cube 1979.48 (depth 1, 18 lits): UNSAT in 0.50s
    cube 1979.49 (depth 1, 18 lits): UNSAT in 0.49s
    cube 1979.50 (depth 1, 18 lits): UNSAT in 0.52s
    cube 1979.51 (depth 1, 18 lits): UNSAT in 3.77s
    cube 1979.52 (depth 1, 18 lits): UNSAT in 0.31s
    cube 1979.53 (depth 1, 18 lits): UNSAT in 4.04s
    cube 1979.54 (depth 1, 18 lits): UNSAT in 1.88s
    cube 1979.55 (depth 1, 18 lits): UNSAT in 34.73s
    cube 1979.56 (depth 1, 18 lits): UNSAT in 0.32s
    cube 1979.57 (depth 1, 18 lits): UNSAT in 2.06s
    cube 1979.58 (depth 1, 18 lits): UNSAT in 1.26s
    cube 1979.59 (depth 1, 18 lits): UNSAT in 55.23s
    cube 1979.60 (depth 1, 18 lits): UNSAT in 5.11s
    cube 1979.61 (depth 1, 18 lits): UNSAT in 58.28s
    cube 1979.62 (depth 1, 18 lits): UNSAT in 10.43s
    cube 1979.63 (depth 1, 18 lits): TIMEOUT in 60.03s
    cube 1979.63 TIMEOUT -> re-split into 64 sub-cubes (depth 2)
    cube 1979.63.0 (depth 2, 24 lits): UNSAT in 0.02s
    cube 1979.63.1 (depth 2, 24 lits): UNSAT in 0.03s
    cube 1979.63.2 (depth 2, 24 lits): UNSAT in 0.03s
    cube 1979.63.3 (depth 2, 24 lits): UNSAT in 0.06s
    cube 1979.63.4 (depth 2, 24 lits): UNSAT in 0.02s
    cube 1979.63.5 (depth 2, 24 lits): UNSAT in 0.03s
    cube 1979.63.6 (depth 2, 24 lits): UNSAT in 0.04s
    cube 1979.63.7 (depth 2, 24 lits): UNSAT in 0.40s
    cube 1979.63.8 (depth 2, 24 lits): UNSAT in 0.06s
    cube 1979.63.9 (depth 2, 24 lits): UNSAT in 0.23s
    cube 1979.63.10 (depth 2, 24 lits): UNSAT in 0.25s
    cube 1979.63.11 (depth 2, 24 lits): UNSAT in 0.53s
    cube 1979.63.12 (depth 2, 24 lits): UNSAT in 0.07s
    cube 1979.63.13 (depth 2, 24 lits): UNSAT in 0.25s
    cube 1979.63.14 (depth 2, 24 lits): UNSAT in 0.16s
    cube 1979.63.15 (depth 2, 24 lits): UNSAT in 0.45s
    cube 1979.63.16 (depth 2, 24 lits): UNSAT in 0.02s
    cube 1979.63.17 (depth 2, 24 lits): UNSAT in 0.06s
    cube 1979.63.18 (depth 2, 24 lits): UNSAT in 0.03s
    cube 1979.63.19 (depth 2, 24 lits): UNSAT in 0.39s
    cube 1979.63.20 (depth 2, 24 lits): UNSAT in 0.06s
    cube 1979.63.21 (depth 2, 24 lits): UNSAT in 0.29s
    cube 1979.63.22 (depth 2, 24 lits): UNSAT in 0.14s
    cube 1979.63.23 (depth 2, 24 lits): UNSAT in 3.35s
    cube 1979.63.24 (depth 2, 24 lits): UNSAT in 0.22s
    cube 1979.63.25 (depth 2, 24 lits): UNSAT in 0.33s
    cube 1979.63.26 (depth 2, 24 lits): UNSAT in 0.71s
    cube 1979.63.27 (depth 2, 24 lits): UNSAT in 1.57s
    cube 1979.63.28 (depth 2, 24 lits): UNSAT in 0.90s
    cube 1979.63.29 (depth 2, 24 lits): UNSAT in 5.73s
    cube 1979.63.30 (depth 2, 24 lits): UNSAT in 5.53s
    cube 1979.63.31 (depth 2, 24 lits): UNSAT in 23.31s
    cube 1979.63.32 (depth 2, 24 lits): UNSAT in 0.01s
    cube 1979.63.33 (depth 2, 24 lits): UNSAT in 0.08s
    cube 1979.63.34 (depth 2, 24 lits): UNSAT in 0.09s
    cube 1979.63.35 (depth 2, 24 lits): UNSAT in 0.10s
    cube 1979.63.36 (depth 2, 24 lits): UNSAT in 0.02s
    cube 1979.63.37 (depth 2, 24 lits): UNSAT in 0.02s
    cube 1979.63.38 (depth 2, 24 lits): UNSAT in 0.05s
    cube 1979.63.39 (depth 2, 24 lits): UNSAT in 0.20s
    cube 1979.63.40 (depth 2, 24 lits): UNSAT in 0.14s
    cube 1979.63.41 (depth 2, 24 lits): UNSAT in 0.39s
    cube 1979.63.42 (depth 2, 24 lits): UNSAT in 0.11s
    cube 1979.63.43 (depth 2, 24 lits): UNSAT in 3.58s
    cube 1979.63.44 (depth 2, 24 lits): UNSAT in 0.17s
    cube 1979.63.45 (depth 2, 24 lits): UNSAT in 0.52s
    cube 1979.63.46 (depth 2, 24 lits): UNSAT in 0.34s
    cube 1979.63.47 (depth 2, 24 lits): UNSAT in 9.89s
    cube 1979.63.48 (depth 2, 24 lits): UNSAT in 0.16s
    cube 1979.63.49 (depth 2, 24 lits): UNSAT in 0.12s
    cube 1979.63.50 (depth 2, 24 lits): UNSAT in 0.12s
    cube 1979.63.51 (depth 2, 24 lits): UNSAT in 0.91s
    cube 1979.63.52 (depth 2, 24 lits): UNSAT in 0.96s
    cube 1979.63.53 (depth 2, 24 lits): UNSAT in 7.83s
    cube 1979.63.54 (depth 2, 24 lits): UNSAT in 1.95s
    cube 1979.63.55 (depth 2, 24 lits): UNSAT in 25.62s
    cube 1979.63.56 (depth 2, 24 lits): UNSAT in 0.47s
    cube 1979.63.57 (depth 2, 24 lits): UNSAT in 3.30s
    cube 1979.63.58 (depth 2, 24 lits): UNSAT in 4.67s
    cube 1979.63.59 (depth 2, 24 lits): UNSAT in 37.45s
    cube 1979.63.60 (depth 2, 24 lits): UNSAT in 4.46s
    cube 1979.63.61 (depth 2, 24 lits): TIMEOUT in 60.06s
    cube 1979.63.61 TIMEOUT -> re-split into 62 sub-cubes (depth 3)
    cube 1979.63.61.0 (depth 3, 29 lits): UNSAT in 0.01s
    cube 1979.63.61.1 (depth 3, 30 lits): UNSAT in 0.01s
    cube 1979.63.61.2 (depth 3, 30 lits): UNSAT in 0.01s
    cube 1979.63.61.3 (depth 3, 30 lits): UNSAT in 0.01s
    cube 1979.63.61.4 (depth 3, 30 lits): UNSAT in 0.02s
    cube 1979.63.61.5 (depth 3, 30 lits): UNSAT in 0.02s
    cube 1979.63.61.6 (depth 3, 30 lits): UNSAT in 0.02s
    cube 1979.63.61.7 (depth 3, 29 lits): UNSAT in 0.01s
    cube 1979.63.61.8 (depth 3, 30 lits): UNSAT in 0.02s
    cube 1979.63.61.9 (depth 3, 30 lits): UNSAT in 0.02s
    cube 1979.63.61.10 (depth 3, 30 lits): UNSAT in 0.01s
    cube 1979.63.61.11 (depth 3, 30 lits): UNSAT in 0.01s
    cube 1979.63.61.12 (depth 3, 30 lits): UNSAT in 0.05s
    cube 1979.63.61.13 (depth 3, 30 lits): UNSAT in 0.03s
    cube 1979.63.61.14 (depth 3, 30 lits): UNSAT in 0.02s
    cube 1979.63.61.15 (depth 3, 30 lits): UNSAT in 0.03s
    cube 1979.63.61.16 (depth 3, 30 lits): UNSAT in 0.03s
    cube 1979.63.61.17 (depth 3, 30 lits): UNSAT in 0.06s
    cube 1979.63.61.18 (depth 3, 30 lits): UNSAT in 0.02s
    cube 1979.63.61.19 (depth 3, 30 lits): UNSAT in 0.10s
    cube 1979.63.61.20 (depth 3, 30 lits): UNSAT in 0.03s
    cube 1979.63.61.21 (depth 3, 30 lits): UNSAT in 0.11s
    cube 1979.63.61.22 (depth 3, 30 lits): UNSAT in 0.01s
    cube 1979.63.61.23 (depth 3, 30 lits): UNSAT in 0.02s
    cube 1979.63.61.24 (depth 3, 30 lits): UNSAT in 0.04s
    cube 1979.63.61.25 (depth 3, 30 lits): UNSAT in 0.06s
    cube 1979.63.61.26 (depth 3, 30 lits): UNSAT in 0.02s
    cube 1979.63.61.27 (depth 3, 30 lits): UNSAT in 0.05s
    cube 1979.63.61.28 (depth 3, 30 lits): UNSAT in 0.09s
    cube 1979.63.61.29 (depth 3, 30 lits): UNSAT in 0.47s
    cube 1979.63.61.30 (depth 3, 30 lits): UNSAT in 0.02s
    cube 1979.63.61.31 (depth 3, 30 lits): UNSAT in 0.04s
    cube 1979.63.61.32 (depth 3, 30 lits): UNSAT in 0.02s
    cube 1979.63.61.33 (depth 3, 30 lits): UNSAT in 0.07s
    cube 1979.63.61.34 (depth 3, 30 lits): UNSAT in 0.07s
    cube 1979.63.61.35 (depth 3, 30 lits): UNSAT in 0.07s
    cube 1979.63.61.36 (depth 3, 30 lits): UNSAT in 0.02s
    cube 1979.63.61.37 (depth 3, 30 lits): UNSAT in 0.23s
    cube 1979.63.61.38 (depth 3, 30 lits): UNSAT in 0.04s
    cube 1979.63.61.39 (depth 3, 30 lits): UNSAT in 0.10s
    cube 1979.63.61.40 (depth 3, 30 lits): UNSAT in 0.10s
    cube 1979.63.61.41 (depth 3, 30 lits): UNSAT in 0.08s
    cube 1979.63.61.42 (depth 3, 30 lits): UNSAT in 0.05s
    cube 1979.63.61.43 (depth 3, 30 lits): UNSAT in 0.10s
    cube 1979.63.61.44 (depth 3, 30 lits): UNSAT in 0.03s
    cube 1979.63.61.45 (depth 3, 30 lits): UNSAT in 0.40s
    cube 1979.63.61.46 (depth 3, 30 lits): UNSAT in 0.02s
    cube 1979.63.61.47 (depth 3, 30 lits): UNSAT in 0.04s
    cube 1979.63.61.48 (depth 3, 30 lits): UNSAT in 0.05s
    cube 1979.63.61.49 (depth 3, 30 lits): UNSAT in 0.98s
    cube 1979.63.61.50 (depth 3, 30 lits): UNSAT in 0.06s
    cube 1979.63.61.51 (depth 3, 30 lits): UNSAT in 0.55s
    cube 1979.63.61.52 (depth 3, 30 lits): UNSAT in 0.38s
    cube 1979.63.61.53 (depth 3, 30 lits): UNSAT in 2.09s
    cube 1979.63.61.54 (depth 3, 30 lits): UNSAT in 0.02s
    cube 1979.63.61.55 (depth 3, 30 lits): UNSAT in 0.05s
    cube 1979.63.61.56 (depth 3, 30 lits): UNSAT in 0.13s
    cube 1979.63.61.57 (depth 3, 30 lits): UNSAT in 0.52s
    cube 1979.63.61.58 (depth 3, 30 lits): UNSAT in 0.44s
    cube 1979.63.61.59 (depth 3, 30 lits): UNSAT in 4.10s
    cube 1979.63.61.60 (depth 3, 30 lits): UNSAT in 6.40s
    cube 1979.63.61.61 (depth 3, 30 lits): UNSAT in 18.87s
    cube 1979.63.62 (depth 2, 24 lits): UNSAT in 3.84s
    cube 1979.63.63 (depth 2, 24 lits): UNSAT in 40.43s
    cube 1980 (depth 0, 12 lits): TIMEOUT in 60.01s
    cube 1980 TIMEOUT -> re-split into 64 sub-cubes (depth 1)
    cube 1980.0 (depth 1, 18 lits): UNSAT in 0.10s
    cube 1980.1 (depth 1, 18 lits): UNSAT in 0.13s
    cube 1980.2 (depth 1, 18 lits): UNSAT in 0.14s
    cube 1980.3 (depth 1, 18 lits): UNSAT in 0.34s
    cube 1980.4 (depth 1, 18 lits): UNSAT in 0.07s
    cube 1980.5 (depth 1, 18 lits): UNSAT in 0.32s
    cube 1980.6 (depth 1, 18 lits): UNSAT in 0.17s
    cube 1980.7 (depth 1, 18 lits): UNSAT in 3.93s
    cube 1980.8 (depth 1, 18 lits): UNSAT in 0.18s
    cube 1980.9 (depth 1, 18 lits): UNSAT in 1.03s
    cube 1980.10 (depth 1, 18 lits): UNSAT in 0.12s
    cube 1980.11 (depth 1, 18 lits): UNSAT in 2.22s
    cube 1980.12 (depth 1, 18 lits): UNSAT in 0.88s
    cube 1980.13 (depth 1, 18 lits): UNSAT in 2.81s
    cube 1980.14 (depth 1, 18 lits): UNSAT in 6.20s
    cube 1980.15 (depth 1, 18 lits): TIMEOUT in 60.06s
    cube 1980.15 TIMEOUT -> re-split into 64 sub-cubes (depth 2)
    cube 1980.15.0 (depth 2, 24 lits): UNSAT in 0.01s
    cube 1980.15.1 (depth 2, 24 lits): UNSAT in 0.02s
    cube 1980.15.2 (depth 2, 24 lits): UNSAT in 0.02s
    cube 1980.15.3 (depth 2, 24 lits): UNSAT in 0.02s
    cube 1980.15.4 (depth 2, 24 lits): UNSAT in 0.01s
    cube 1980.15.5 (depth 2, 24 lits): UNSAT in 0.03s
    cube 1980.15.6 (depth 2, 24 lits): UNSAT in 0.02s
    cube 1980.15.7 (depth 2, 24 lits): UNSAT in 0.02s
    cube 1980.15.8 (depth 2, 24 lits): UNSAT in 0.02s
    cube 1980.15.9 (depth 2, 24 lits): UNSAT in 0.03s
    cube 1980.15.10 (depth 2, 24 lits): UNSAT in 0.03s
    cube 1980.15.11 (depth 2, 24 lits): UNSAT in 0.06s
    cube 1980.15.12 (depth 2, 24 lits): UNSAT in 0.02s
    cube 1980.15.13 (depth 2, 24 lits): UNSAT in 0.05s
    cube 1980.15.14 (depth 2, 24 lits): UNSAT in 0.21s
    cube 1980.15.15 (depth 2, 24 lits): UNSAT in 0.48s
    cube 1980.15.16 (depth 2, 24 lits): UNSAT in 0.02s
    cube 1980.15.17 (depth 2, 24 lits): UNSAT in 0.04s
    cube 1980.15.18 (depth 2, 24 lits): UNSAT in 0.11s
    cube 1980.15.19 (depth 2, 24 lits): UNSAT in 0.21s
    cube 1980.15.20 (depth 2, 24 lits): UNSAT in 0.04s
    cube 1980.15.21 (depth 2, 24 lits): UNSAT in 0.07s
    cube 1980.15.22 (depth 2, 24 lits): UNSAT in 0.15s
    cube 1980.15.23 (depth 2, 24 lits): UNSAT in 0.28s
    cube 1980.15.24 (depth 2, 24 lits): UNSAT in 0.02s
    cube 1980.15.25 (depth 2, 24 lits): UNSAT in 0.07s
    cube 1980.15.26 (depth 2, 24 lits): UNSAT in 0.24s
    cube 1980.15.27 (depth 2, 24 lits): UNSAT in 0.09s
    cube 1980.15.28 (depth 2, 24 lits): UNSAT in 0.07s
    cube 1980.15.29 (depth 2, 24 lits): UNSAT in 0.22s
    cube 1980.15.30 (depth 2, 24 lits): UNSAT in 0.41s
    cube 1980.15.31 (depth 2, 24 lits): UNSAT in 0.81s
    cube 1980.15.32 (depth 2, 24 lits): UNSAT in 0.02s
    cube 1980.15.33 (depth 2, 24 lits): UNSAT in 0.14s
    cube 1980.15.34 (depth 2, 24 lits): UNSAT in 0.06s
    cube 1980.15.35 (depth 2, 24 lits): UNSAT in 0.34s
    cube 1980.15.36 (depth 2, 24 lits): UNSAT in 0.09s
    cube 1980.15.37 (depth 2, 24 lits): UNSAT in 0.11s
    cube 1980.15.38 (depth 2, 24 lits): UNSAT in 0.17s
    cube 1980.15.39 (depth 2, 24 lits): UNSAT in 0.17s
    cube 1980.15.40 (depth 2, 24 lits): UNSAT in 0.04s
    cube 1980.15.41 (depth 2, 24 lits): UNSAT in 0.15s
    cube 1980.15.42 (depth 2, 24 lits): UNSAT in 0.05s
    cube 1980.15.43 (depth 2, 24 lits): UNSAT in 0.71s
    cube 1980.15.44 (depth 2, 24 lits): UNSAT in 0.03s
    cube 1980.15.45 (depth 2, 24 lits): UNSAT in 0.60s
    cube 1980.15.46 (depth 2, 24 lits): UNSAT in 0.29s
    cube 1980.15.47 (depth 2, 24 lits): UNSAT in 1.32s
    cube 1980.15.48 (depth 2, 24 lits): UNSAT in 0.03s
    cube 1980.15.49 (depth 2, 24 lits): UNSAT in 0.03s
    cube 1980.15.50 (depth 2, 24 lits): UNSAT in 0.07s
    cube 1980.15.51 (depth 2, 24 lits): UNSAT in 0.09s
    cube 1980.15.52 (depth 2, 24 lits): UNSAT in 0.20s
    cube 1980.15.53 (depth 2, 24 lits): UNSAT in 0.19s
    cube 1980.15.54 (depth 2, 24 lits): UNSAT in 0.45s
    cube 1980.15.55 (depth 2, 24 lits): UNSAT in 2.48s
    cube 1980.15.56 (depth 2, 24 lits): UNSAT in 0.07s
    cube 1980.15.57 (depth 2, 24 lits): UNSAT in 0.24s
    cube 1980.15.58 (depth 2, 24 lits): UNSAT in 0.65s
    cube 1980.15.59 (depth 2, 24 lits): UNSAT in 4.18s
    cube 1980.15.60 (depth 2, 24 lits): UNSAT in 0.35s
    cube 1980.15.61 (depth 2, 24 lits): UNSAT in 2.15s
    cube 1980.15.62 (depth 2, 24 lits): UNSAT in 1.36s
    cube 1980.15.63 (depth 2, 24 lits): UNSAT in 17.56s
    cube 1980.16 (depth 1, 18 lits): UNSAT in 0.16s
    cube 1980.17 (depth 1, 18 lits): UNSAT in 0.48s
    cube 1980.18 (depth 1, 18 lits): UNSAT in 0.96s
    cube 1980.19 (depth 1, 18 lits): UNSAT in 1.80s
    cube 1980.20 (depth 1, 18 lits): UNSAT in 0.94s
    cube 1980.21 (depth 1, 18 lits): UNSAT in 6.14s
    cube 1980.22 (depth 1, 18 lits): UNSAT in 3.80s
    cube 1980.23 (depth 1, 18 lits): UNSAT in 14.64s
    cube 1980.24 (depth 1, 18 lits): UNSAT in 0.56s
    cube 1980.25 (depth 1, 18 lits): UNSAT in 1.38s
    cube 1980.26 (depth 1, 18 lits): UNSAT in 2.58s
    cube 1980.27 (depth 1, 18 lits): UNSAT in 14.42s
    cube 1980.28 (depth 1, 18 lits): UNSAT in 0.80s
    cube 1980.29 (depth 1, 18 lits): UNSAT in 28.38s
    cube 1980.30 (depth 1, 18 lits): UNSAT in 10.39s
    cube 1980.31 (depth 1, 18 lits): TIMEOUT in 60.06s
    cube 1980.31 TIMEOUT -> re-split into 63 sub-cubes (depth 2)
    cube 1980.31.0 (depth 2, 23 lits): UNSAT in 0.01s
    cube 1980.31.1 (depth 2, 24 lits): UNSAT in 0.02s
    cube 1980.31.2 (depth 2, 24 lits): UNSAT in 0.03s
    cube 1980.31.3 (depth 2, 24 lits): UNSAT in 0.02s
    cube 1980.31.4 (depth 2, 24 lits): UNSAT in 0.03s
    cube 1980.31.5 (depth 2, 24 lits): UNSAT in 0.03s
    cube 1980.31.6 (depth 2, 24 lits): UNSAT in 0.07s
    cube 1980.31.7 (depth 2, 24 lits): UNSAT in 0.01s
    cube 1980.31.8 (depth 2, 24 lits): UNSAT in 0.04s
    cube 1980.31.9 (depth 2, 24 lits): UNSAT in 0.01s
    cube 1980.31.10 (depth 2, 24 lits): UNSAT in 0.02s
    cube 1980.31.11 (depth 2, 24 lits): UNSAT in 0.03s
    cube 1980.31.12 (depth 2, 24 lits): UNSAT in 0.04s
    cube 1980.31.13 (depth 2, 24 lits): UNSAT in 0.02s
    cube 1980.31.14 (depth 2, 24 lits): UNSAT in 0.03s
    cube 1980.31.15 (depth 2, 24 lits): UNSAT in 0.02s
    cube 1980.31.16 (depth 2, 24 lits): UNSAT in 0.06s
    cube 1980.31.17 (depth 2, 24 lits): UNSAT in 0.06s
    cube 1980.31.18 (depth 2, 24 lits): UNSAT in 0.24s
    cube 1980.31.19 (depth 2, 24 lits): UNSAT in 0.08s
    cube 1980.31.20 (depth 2, 24 lits): UNSAT in 0.12s
    cube 1980.31.21 (depth 2, 24 lits): UNSAT in 0.03s
    cube 1980.31.22 (depth 2, 24 lits): UNSAT in 0.09s
    cube 1980.31.23 (depth 2, 24 lits): UNSAT in 0.04s
    cube 1980.31.24 (depth 2, 24 lits): UNSAT in 0.09s
    cube 1980.31.25 (depth 2, 24 lits): UNSAT in 0.17s
    cube 1980.31.26 (depth 2, 24 lits): UNSAT in 0.49s
    cube 1980.31.27 (depth 2, 24 lits): UNSAT in 0.20s
    cube 1980.31.28 (depth 2, 24 lits): UNSAT in 0.45s
    cube 1980.31.29 (depth 2, 24 lits): UNSAT in 1.27s
    cube 1980.31.30 (depth 2, 24 lits): UNSAT in 7.04s
    cube 1980.31.31 (depth 2, 24 lits): UNSAT in 0.02s
    cube 1980.31.32 (depth 2, 24 lits): UNSAT in 0.06s
    cube 1980.31.33 (depth 2, 24 lits): UNSAT in 0.04s
    cube 1980.31.34 (depth 2, 24 lits): UNSAT in 0.10s
    cube 1980.31.35 (depth 2, 24 lits): UNSAT in 0.06s
    cube 1980.31.36 (depth 2, 24 lits): UNSAT in 0.14s
    cube 1980.31.37 (depth 2, 24 lits): UNSAT in 0.12s
    cube 1980.31.38 (depth 2, 24 lits): UNSAT in 0.52s
    cube 1980.31.39 (depth 2, 24 lits): UNSAT in 0.04s
    cube 1980.31.40 (depth 2, 24 lits): UNSAT in 0.20s
    cube 1980.31.41 (depth 2, 24 lits): UNSAT in 0.72s
    cube 1980.31.42 (depth 2, 24 lits): UNSAT in 0.37s
    cube 1980.31.43 (depth 2, 24 lits): UNSAT in 0.11s
    cube 1980.31.44 (depth 2, 24 lits): UNSAT in 0.44s
    cube 1980.31.45 (depth 2, 24 lits): UNSAT in 1.20s
    cube 1980.31.46 (depth 2, 24 lits): UNSAT in 14.87s
    cube 1980.31.47 (depth 2, 24 lits): UNSAT in 0.02s
    cube 1980.31.48 (depth 2, 24 lits): UNSAT in 0.18s
    cube 1980.31.49 (depth 2, 24 lits): UNSAT in 0.18s
    cube 1980.31.50 (depth 2, 24 lits): UNSAT in 0.22s
    cube 1980.31.51 (depth 2, 24 lits): UNSAT in 0.22s
    cube 1980.31.52 (depth 2, 24 lits): UNSAT in 0.66s
    cube 1980.31.53 (depth 2, 24 lits): UNSAT in 1.78s
    cube 1980.31.54 (depth 2, 24 lits): UNSAT in 17.23s
    cube 1980.31.55 (depth 2, 24 lits): UNSAT in 0.77s
    cube 1980.31.56 (depth 2, 24 lits): UNSAT in 1.73s
    cube 1980.31.57 (depth 2, 24 lits): UNSAT in 2.61s
    cube 1980.31.58 (depth 2, 24 lits): UNSAT in 38.94s
    cube 1980.31.59 (depth 2, 24 lits): UNSAT in 0.51s
    cube 1980.31.60 (depth 2, 24 lits): UNSAT in 1.78s
    cube 1980.31.61 (depth 2, 24 lits): UNSAT in 2.42s
    cube 1980.31.62 (depth 2, 24 lits): UNSAT in 48.81s
    cube 1980.32 (depth 1, 18 lits): UNSAT in 0.71s
    cube 1980.33 (depth 1, 18 lits): UNSAT in 5.24s
    cube 1980.34 (depth 1, 18 lits): UNSAT in 4.67s
    cube 1980.35 (depth 1, 18 lits): TIMEOUT in 60.06s
    cube 1980.35 TIMEOUT -> re-split into 57 sub-cubes (depth 2)
    cube 1980.35.0 (depth 2, 22 lits): UNSAT in 0.02s
    cube 1980.35.1 (depth 2, 23 lits): UNSAT in 0.01s
    cube 1980.35.2 (depth 2, 23 lits): UNSAT in 0.01s
    cube 1980.35.3 (depth 2, 24 lits): UNSAT in 0.01s
    cube 1980.35.4 (depth 2, 24 lits): UNSAT in 0.02s
    cube 1980.35.5 (depth 2, 24 lits): UNSAT in 0.02s
    cube 1980.35.6 (depth 2, 24 lits): UNSAT in 0.04s
    cube 1980.35.7 (depth 2, 24 lits): UNSAT in 0.01s
    cube 1980.35.8 (depth 2, 24 lits): UNSAT in 0.04s
    cube 1980.35.9 (depth 2, 24 lits): UNSAT in 0.02s
    cube 1980.35.10 (depth 2, 24 lits): UNSAT in 0.21s
    cube 1980.35.11 (depth 2, 24 lits): UNSAT in 0.02s
    cube 1980.35.12 (depth 2, 24 lits): UNSAT in 0.03s
    cube 1980.35.13 (depth 2, 24 lits): UNSAT in 0.02s
    cube 1980.35.14 (depth 2, 24 lits): UNSAT in 0.03s
    cube 1980.35.15 (depth 2, 24 lits): UNSAT in 0.02s
    cube 1980.35.16 (depth 2, 24 lits): UNSAT in 0.02s
    cube 1980.35.17 (depth 2, 24 lits): UNSAT in 0.02s
    cube 1980.35.18 (depth 2, 24 lits): UNSAT in 0.04s
    cube 1980.35.19 (depth 2, 24 lits): UNSAT in 0.03s
    cube 1980.35.20 (depth 2, 24 lits): UNSAT in 0.02s
    cube 1980.35.21 (depth 2, 24 lits): UNSAT in 0.02s
    cube 1980.35.22 (depth 2, 24 lits): UNSAT in 0.12s
    cube 1980.35.23 (depth 2, 24 lits): UNSAT in 0.02s
    cube 1980.35.24 (depth 2, 24 lits): UNSAT in 0.09s
    cube 1980.35.25 (depth 2, 24 lits): UNSAT in 0.16s
    cube 1980.35.26 (depth 2, 24 lits): UNSAT in 1.12s
    cube 1980.35.27 (depth 2, 23 lits): UNSAT in 0.02s
    cube 1980.35.28 (depth 2, 23 lits): UNSAT in 0.02s
    cube 1980.35.29 (depth 2, 24 lits): UNSAT in 0.01s
    cube 1980.35.30 (depth 2, 24 lits): UNSAT in 0.02s
    cube 1980.35.31 (depth 2, 24 lits): UNSAT in 0.03s
    cube 1980.35.32 (depth 2, 24 lits): UNSAT in 0.04s
    cube 1980.35.33 (depth 2, 24 lits): UNSAT in 0.02s
    cube 1980.35.34 (depth 2, 24 lits): UNSAT in 0.03s
    cube 1980.35.35 (depth 2, 24 lits): UNSAT in 0.04s
    cube 1980.35.36 (depth 2, 24 lits): UNSAT in 0.13s
    cube 1980.35.37 (depth 2, 24 lits): UNSAT in 0.05s
    cube 1980.35.38 (depth 2, 24 lits): UNSAT in 0.06s
    cube 1980.35.39 (depth 2, 24 lits): UNSAT in 0.16s
    cube 1980.35.40 (depth 2, 24 lits): UNSAT in 0.40s
    cube 1980.35.41 (depth 2, 24 lits): UNSAT in 0.02s
    cube 1980.35.42 (depth 2, 24 lits): UNSAT in 0.02s
    cube 1980.35.43 (depth 2, 24 lits): UNSAT in 0.05s
    cube 1980.35.44 (depth 2, 24 lits): UNSAT in 0.40s
    cube 1980.35.45 (depth 2, 24 lits): UNSAT in 0.06s
    cube 1980.35.46 (depth 2, 24 lits): UNSAT in 0.17s
    cube 1980.35.47 (depth 2, 24 lits): UNSAT in 0.30s
    cube 1980.35.48 (depth 2, 24 lits): UNSAT in 3.13s
    cube 1980.35.49 (depth 2, 24 lits): UNSAT in 0.05s
    cube 1980.35.50 (depth 2, 24 lits): UNSAT in 0.38s
    cube 1980.35.51 (depth 2, 24 lits): UNSAT in 0.44s
    cube 1980.35.52 (depth 2, 24 lits): UNSAT in 1.55s
    cube 1980.35.53 (depth 2, 24 lits): UNSAT in 0.13s
    cube 1980.35.54 (depth 2, 24 lits): UNSAT in 1.89s
    cube 1980.35.55 (depth 2, 24 lits): UNSAT in 0.78s
    cube 1980.35.56 (depth 2, 24 lits): UNSAT in 23.10s
    cube 1980.36 (depth 1, 18 lits): UNSAT in 6.08s
    cube 1980.37 (depth 1, 18 lits): UNSAT in 38.22s
    cube 1980.38 (depth 1, 18 lits): UNSAT in 45.90s
    cube 1980.39 (depth 1, 18 lits): TIMEOUT in 60.03s
    cube 1980.39 TIMEOUT -> re-split into 64 sub-cubes (depth 2)
    cube 1980.39.0 (depth 2, 24 lits): UNSAT in 0.02s
    cube 1980.39.1 (depth 2, 24 lits): UNSAT in 0.04s
    cube 1980.39.2 (depth 2, 24 lits): UNSAT in 0.06s
    cube 1980.39.3 (depth 2, 24 lits): UNSAT in 0.63s
    cube 1980.39.4 (depth 2, 24 lits): UNSAT in 0.06s
    cube 1980.39.5 (depth 2, 24 lits): UNSAT in 0.10s
    cube 1980.39.6 (depth 2, 24 lits): UNSAT in 0.06s
    cube 1980.39.7 (depth 2, 24 lits): UNSAT in 2.01s
    cube 1980.39.8 (depth 2, 24 lits): UNSAT in 0.04s
    cube 1980.39.9 (depth 2, 24 lits): UNSAT in 0.19s
    cube 1980.39.10 (depth 2, 24 lits): UNSAT in 0.13s
    cube 1980.39.11 (depth 2, 24 lits): UNSAT in 3.25s
    cube 1980.39.12 (depth 2, 24 lits): UNSAT in 0.19s
    cube 1980.39.13 (depth 2, 24 lits): UNSAT in 0.77s
    cube 1980.39.14 (depth 2, 24 lits): UNSAT in 0.86s
    cube 1980.39.15 (depth 2, 24 lits): UNSAT in 26.76s
    cube 1980.39.16 (depth 2, 24 lits): UNSAT in 0.03s
    cube 1980.39.17 (depth 2, 24 lits): UNSAT in 0.43s
    cube 1980.39.18 (depth 2, 24 lits): UNSAT in 0.15s
    cube 1980.39.19 (depth 2, 24 lits): UNSAT in 1.80s
    cube 1980.39.20 (depth 2, 24 lits): UNSAT in 0.36s
    cube 1980.39.21 (depth 2, 24 lits): UNSAT in 2.15s
    cube 1980.39.22 (depth 2, 24 lits): UNSAT in 2.98s
    cube 1980.39.23 (depth 2, 24 lits): UNSAT in 5.07s
    cube 1980.39.24 (depth 2, 24 lits): UNSAT in 1.03s
    cube 1980.39.25 (depth 2, 24 lits): UNSAT in 4.38s
    cube 1980.39.26 (depth 2, 24 lits): UNSAT in 4.08s
    cube 1980.39.27 (depth 2, 24 lits): UNSAT in 14.73s
    cube 1980.39.28 (depth 2, 24 lits): UNSAT in 1.93s
    cube 1980.39.29 (depth 2, 24 lits): UNSAT in 9.81s
    cube 1980.39.30 (depth 2, 24 lits): UNSAT in 24.19s
    cube 1980.39.31 (depth 2, 24 lits): TIMEOUT in 60.06s
    cube 1980.39.31 TIMEOUT -> re-split into 64 sub-cubes (depth 3)
    cube 1980.39.31.0 (depth 3, 30 lits): UNSAT in 0.01s
    cube 1980.39.31.1 (depth 3, 30 lits): UNSAT in 0.02s
    cube 1980.39.31.2 (depth 3, 30 lits): UNSAT in 0.02s
    cube 1980.39.31.3 (depth 3, 30 lits): UNSAT in 0.04s
    cube 1980.39.31.4 (depth 3, 30 lits): UNSAT in 0.06s
    cube 1980.39.31.5 (depth 3, 30 lits): UNSAT in 0.06s
    cube 1980.39.31.6 (depth 3, 30 lits): UNSAT in 0.13s
    cube 1980.39.31.7 (depth 3, 30 lits): UNSAT in 0.25s
    cube 1980.39.31.8 (depth 3, 30 lits): UNSAT in 0.01s
    cube 1980.39.31.9 (depth 3, 30 lits): UNSAT in 0.02s
    cube 1980.39.31.10 (depth 3, 30 lits): UNSAT in 0.02s
    cube 1980.39.31.11 (depth 3, 30 lits): UNSAT in 0.10s
    cube 1980.39.31.12 (depth 3, 30 lits): UNSAT in 0.03s
    cube 1980.39.31.13 (depth 3, 30 lits): UNSAT in 0.09s
    cube 1980.39.31.14 (depth 3, 30 lits): UNSAT in 0.12s
    cube 1980.39.31.15 (depth 3, 30 lits): UNSAT in 1.20s
    cube 1980.39.31.16 (depth 3, 30 lits): UNSAT in 0.01s
    cube 1980.39.31.17 (depth 3, 30 lits): UNSAT in 0.02s
    cube 1980.39.31.18 (depth 3, 30 lits): UNSAT in 0.02s
    cube 1980.39.31.19 (depth 3, 30 lits): UNSAT in 0.02s
    cube 1980.39.31.20 (depth 3, 30 lits): UNSAT in 0.02s
    cube 1980.39.31.21 (depth 3, 30 lits): UNSAT in 0.07s
    cube 1980.39.31.22 (depth 3, 30 lits): UNSAT in 0.05s
    cube 1980.39.31.23 (depth 3, 30 lits): UNSAT in 0.55s
    cube 1980.39.31.24 (depth 3, 30 lits): UNSAT in 0.02s
    cube 1980.39.31.25 (depth 3, 30 lits): UNSAT in 0.04s
    cube 1980.39.31.26 (depth 3, 30 lits): UNSAT in 0.06s
    cube 1980.39.31.27 (depth 3, 30 lits): UNSAT in 0.40s
    cube 1980.39.31.28 (depth 3, 30 lits): UNSAT in 0.07s
    cube 1980.39.31.29 (depth 3, 30 lits): UNSAT in 0.70s
    cube 1980.39.31.30 (depth 3, 30 lits): UNSAT in 1.46s
    cube 1980.39.31.31 (depth 3, 30 lits): UNSAT in 5.92s
    cube 1980.39.31.32 (depth 3, 30 lits): UNSAT in 0.02s
    cube 1980.39.31.33 (depth 3, 30 lits): UNSAT in 0.07s
    cube 1980.39.31.34 (depth 3, 30 lits): UNSAT in 0.11s
    cube 1980.39.31.35 (depth 3, 30 lits): UNSAT in 0.72s
    cube 1980.39.31.36 (depth 3, 30 lits): UNSAT in 0.03s
    cube 1980.39.31.37 (depth 3, 30 lits): UNSAT in 0.04s
    cube 1980.39.31.38 (depth 3, 30 lits): UNSAT in 0.21s
    cube 1980.39.31.39 (depth 3, 30 lits): UNSAT in 1.77s
    cube 1980.39.31.40 (depth 3, 30 lits): UNSAT in 0.07s
    cube 1980.39.31.41 (depth 3, 30 lits): UNSAT in 0.75s
    cube 1980.39.31.42 (depth 3, 30 lits): UNSAT in 0.12s
    cube 1980.39.31.43 (depth 3, 30 lits): UNSAT in 1.99s
    cube 1980.39.31.44 (depth 3, 30 lits): UNSAT in 0.12s
    cube 1980.39.31.45 (depth 3, 30 lits): UNSAT in 0.78s
    cube 1980.39.31.46 (depth 3, 30 lits): UNSAT in 0.47s
    cube 1980.39.31.47 (depth 3, 30 lits): UNSAT in 18.13s
    cube 1980.39.31.48 (depth 3, 30 lits): UNSAT in 0.03s
    cube 1980.39.31.49 (depth 3, 30 lits): UNSAT in 0.07s
    cube 1980.39.31.50 (depth 3, 30 lits): UNSAT in 0.11s
    cube 1980.39.31.51 (depth 3, 30 lits): UNSAT in 0.56s
    cube 1980.39.31.52 (depth 3, 30 lits): UNSAT in 0.04s
    cube 1980.39.31.53 (depth 3, 30 lits): UNSAT in 0.16s
    cube 1980.39.31.54 (depth 3, 30 lits): UNSAT in 0.05s
    cube 1980.39.31.55 (depth 3, 30 lits): UNSAT in 1.54s
    cube 1980.39.31.56 (depth 3, 30 lits): UNSAT in 0.02s
    cube 1980.39.31.57 (depth 3, 30 lits): UNSAT in 0.10s
    cube 1980.39.31.58 (depth 3, 30 lits): UNSAT in 0.06s
    cube 1980.39.31.59 (depth 3, 30 lits): UNSAT in 0.91s
    cube 1980.39.31.60 (depth 3, 30 lits): UNSAT in 0.07s
    cube 1980.39.31.61 (depth 3, 30 lits): UNSAT in 0.46s
    cube 1980.39.31.62 (depth 3, 30 lits): UNSAT in 1.56s
    cube 1980.39.31.63 (depth 3, 30 lits): UNSAT in 13.85s
    cube 1980.39.32 (depth 2, 24 lits): UNSAT in 0.05s
    cube 1980.39.33 (depth 2, 24 lits): UNSAT in 0.21s
    cube 1980.39.34 (depth 2, 24 lits): UNSAT in 0.17s
    cube 1980.39.35 (depth 2, 24 lits): UNSAT in 1.62s
    cube 1980.39.36 (depth 2, 24 lits): UNSAT in 1.66s
    cube 1980.39.37 (depth 2, 24 lits): UNSAT in 2.28s
    cube 1980.39.38 (depth 2, 24 lits): UNSAT in 2.37s
    cube 1980.39.39 (depth 2, 24 lits): UNSAT in 4.13s
    cube 1980.39.40 (depth 2, 24 lits): UNSAT in 0.39s
    cube 1980.39.41 (depth 2, 24 lits): UNSAT in 2.79s
    cube 1980.39.42 (depth 2, 24 lits): UNSAT in 3.11s
    cube 1980.39.43 (depth 2, 24 lits): UNSAT in 5.72s
    cube 1980.39.44 (depth 2, 24 lits): UNSAT in 0.81s
    cube 1980.39.45 (depth 2, 24 lits): UNSAT in 6.81s
    cube 1980.39.46 (depth 2, 24 lits): UNSAT in 0.57s
    cube 1980.39.47 (depth 2, 24 lits): UNSAT in 3.57s
    cube 1980.39.48 (depth 2, 24 lits): UNSAT in 0.03s
    cube 1980.39.49 (depth 2, 24 lits): UNSAT in 0.67s
    cube 1980.39.50 (depth 2, 24 lits): UNSAT in 0.18s
    cube 1980.39.51 (depth 2, 24 lits): UNSAT in 5.12s
    cube 1980.39.52 (depth 2, 24 lits): UNSAT in 2.53s
    cube 1980.39.53 (depth 2, 24 lits): UNSAT in 3.31s
    cube 1980.39.54 (depth 2, 24 lits): UNSAT in 2.05s
    cube 1980.39.55 (depth 2, 24 lits): UNSAT in 4.67s
    cube 1980.39.56 (depth 2, 24 lits): UNSAT in 1.73s
    cube 1980.39.57 (depth 2, 24 lits): UNSAT in 7.68s
    cube 1980.39.58 (depth 2, 24 lits): UNSAT in 1.43s
    cube 1980.39.59 (depth 2, 24 lits): UNSAT in 8.59s
    cube 1980.39.60 (depth 2, 24 lits): UNSAT in 5.58s
    cube 1980.39.61 (depth 2, 24 lits): UNSAT in 51.87s
    cube 1980.39.62 (depth 2, 24 lits): TIMEOUT in 60.06s
    cube 1980.39.62 TIMEOUT -> re-split into 63 sub-cubes (depth 3)
    cube 1980.39.62.0 (depth 3, 30 lits): UNSAT in 0.01s
    cube 1980.39.62.1 (depth 3, 30 lits): UNSAT in 0.02s
    cube 1980.39.62.2 (depth 3, 30 lits): UNSAT in 0.02s
    cube 1980.39.62.3 (depth 3, 30 lits): UNSAT in 0.03s
    cube 1980.39.62.4 (depth 3, 30 lits): UNSAT in 0.02s
    cube 1980.39.62.5 (depth 3, 30 lits): UNSAT in 0.02s
    cube 1980.39.62.6 (depth 3, 30 lits): UNSAT in 0.02s
    cube 1980.39.62.7 (depth 3, 30 lits): UNSAT in 0.04s
    cube 1980.39.62.8 (depth 3, 29 lits): UNSAT in 0.02s
    cube 1980.39.62.9 (depth 3, 30 lits): UNSAT in 0.02s
    cube 1980.39.62.10 (depth 3, 30 lits): UNSAT in 0.04s
    cube 1980.39.62.11 (depth 3, 30 lits): UNSAT in 0.04s
    cube 1980.39.62.12 (depth 3, 30 lits): UNSAT in 0.14s
    cube 1980.39.62.13 (depth 3, 30 lits): UNSAT in 0.10s
    cube 1980.39.62.14 (depth 3, 30 lits): UNSAT in 0.44s
    cube 1980.39.62.15 (depth 3, 30 lits): UNSAT in 0.02s
    cube 1980.39.62.16 (depth 3, 30 lits): UNSAT in 0.04s
    cube 1980.39.62.17 (depth 3, 30 lits): UNSAT in 0.04s
    cube 1980.39.62.18 (depth 3, 30 lits): UNSAT in 0.22s
    cube 1980.39.62.19 (depth 3, 30 lits): UNSAT in 0.02s
    cube 1980.39.62.20 (depth 3, 30 lits): UNSAT in 0.05s
    cube 1980.39.62.21 (depth 3, 30 lits): UNSAT in 0.07s
    cube 1980.39.62.22 (depth 3, 30 lits): UNSAT in 0.82s
    cube 1980.39.62.23 (depth 3, 30 lits): UNSAT in 0.03s
    cube 1980.39.62.24 (depth 3, 30 lits): UNSAT in 0.13s
    cube 1980.39.62.25 (depth 3, 30 lits): UNSAT in 0.05s
    cube 1980.39.62.26 (depth 3, 30 lits): UNSAT in 0.38s
    cube 1980.39.62.27 (depth 3, 30 lits): UNSAT in 0.04s
    cube 1980.39.62.28 (depth 3, 30 lits): UNSAT in 0.17s
    cube 1980.39.62.29 (depth 3, 30 lits): UNSAT in 0.90s
    cube 1980.39.62.30 (depth 3, 30 lits): UNSAT in 5.61s
    cube 1980.39.62.31 (depth 3, 30 lits): UNSAT in 0.03s
    cube 1980.39.62.32 (depth 3, 30 lits): UNSAT in 0.03s
    cube 1980.39.62.33 (depth 3, 30 lits): UNSAT in 0.01s
    cube 1980.39.62.34 (depth 3, 30 lits): UNSAT in 0.08s
    cube 1980.39.62.35 (depth 3, 30 lits): UNSAT in 0.02s
    cube 1980.39.62.36 (depth 3, 30 lits): UNSAT in 0.04s
    cube 1980.39.62.37 (depth 3, 30 lits): UNSAT in 0.15s
    cube 1980.39.62.38 (depth 3, 30 lits): UNSAT in 1.50s
    cube 1980.39.62.39 (depth 3, 30 lits): UNSAT in 0.03s
    cube 1980.39.62.40 (depth 3, 30 lits): UNSAT in 0.17s
    cube 1980.39.62.41 (depth 3, 30 lits): UNSAT in 0.09s
    cube 1980.39.62.42 (depth 3, 30 lits): UNSAT in 3.33s
    cube 1980.39.62.43 (depth 3, 30 lits): UNSAT in 0.12s
    cube 1980.39.62.44 (depth 3, 30 lits): UNSAT in 0.56s
    cube 1980.39.62.45 (depth 3, 30 lits): UNSAT in 0.66s
    cube 1980.39.62.46 (depth 3, 30 lits): UNSAT in 13.33s
    cube 1980.39.62.47 (depth 3, 30 lits): UNSAT in 0.02s
    cube 1980.39.62.48 (depth 3, 30 lits): UNSAT in 0.14s
    cube 1980.39.62.49 (depth 3, 30 lits): UNSAT in 0.06s
    cube 1980.39.62.50 (depth 3, 30 lits): UNSAT in 1.69s
    cube 1980.39.62.51 (depth 3, 30 lits): UNSAT in 0.05s
    cube 1980.39.62.52 (depth 3, 30 lits): UNSAT in 0.41s
    cube 1980.39.62.53 (depth 3, 30 lits): UNSAT in 0.27s
    cube 1980.39.62.54 (depth 3, 30 lits): UNSAT in 10.58s
    cube 1980.39.62.55 (depth 3, 30 lits): UNSAT in 0.39s
    cube 1980.39.62.56 (depth 3, 30 lits): UNSAT in 1.10s
    cube 1980.39.62.57 (depth 3, 30 lits): UNSAT in 0.87s
    cube 1980.39.62.58 (depth 3, 30 lits): UNSAT in 18.89s
    cube 1980.39.62.59 (depth 3, 30 lits): UNSAT in 0.70s
    cube 1980.39.62.60 (depth 3, 30 lits): UNSAT in 1.38s
    cube 1980.39.62.61 (depth 3, 30 lits): UNSAT in 0.98s
    cube 1980.39.62.62 (depth 3, 30 lits): UNSAT in 11.69s
    cube 1980.39.63 (depth 2, 24 lits): TIMEOUT in 60.06s
    cube 1980.39.63 TIMEOUT -> re-split into 64 sub-cubes (depth 3)
    cube 1980.39.63.0 (depth 3, 30 lits): UNSAT in 0.01s
    cube 1980.39.63.1 (depth 3, 30 lits): UNSAT in 0.02s
    cube 1980.39.63.2 (depth 3, 30 lits): UNSAT in 0.03s
    cube 1980.39.63.3 (depth 3, 30 lits): UNSAT in 0.10s
    cube 1980.39.63.4 (depth 3, 30 lits): UNSAT in 0.03s
    cube 1980.39.63.5 (depth 3, 30 lits): UNSAT in 0.07s
    cube 1980.39.63.6 (depth 3, 30 lits): UNSAT in 0.12s
    cube 1980.39.63.7 (depth 3, 30 lits): UNSAT in 1.35s
    cube 1980.39.63.8 (depth 3, 30 lits): UNSAT in 0.03s
    cube 1980.39.63.9 (depth 3, 30 lits): UNSAT in 0.07s
    cube 1980.39.63.10 (depth 3, 30 lits): UNSAT in 0.11s
    cube 1980.39.63.11 (depth 3, 30 lits): UNSAT in 1.11s
    cube 1980.39.63.12 (depth 3, 30 lits): UNSAT in 0.06s
    cube 1980.39.63.13 (depth 3, 30 lits): UNSAT in 0.51s
    cube 1980.39.63.14 (depth 3, 30 lits): UNSAT in 0.57s
    cube 1980.39.63.15 (depth 3, 30 lits): UNSAT in 13.70s
    cube 1980.39.63.16 (depth 3, 30 lits): UNSAT in 0.09s
    cube 1980.39.63.17 (depth 3, 30 lits): UNSAT in 0.52s
    cube 1980.39.63.18 (depth 3, 30 lits): UNSAT in 0.14s
    cube 1980.39.63.19 (depth 3, 30 lits): UNSAT in 1.00s
    cube 1980.39.63.20 (depth 3, 30 lits): UNSAT in 0.13s
    cube 1980.39.63.21 (depth 3, 30 lits): UNSAT in 1.63s
    cube 1980.39.63.22 (depth 3, 30 lits): UNSAT in 0.81s
    cube 1980.39.63.23 (depth 3, 30 lits): UNSAT in 8.85s
    cube 1980.39.63.24 (depth 3, 30 lits): UNSAT in 0.65s
    cube 1980.39.63.25 (depth 3, 30 lits): UNSAT in 4.60s
    cube 1980.39.63.26 (depth 3, 30 lits): UNSAT in 0.60s
    cube 1980.39.63.27 (depth 3, 30 lits): UNSAT in 4.85s
    cube 1980.39.63.28 (depth 3, 30 lits): UNSAT in 1.75s
    cube 1980.39.63.29 (depth 3, 30 lits): UNSAT in 7.16s
    cube 1980.39.63.30 (depth 3, 30 lits): UNSAT in 0.80s
    cube 1980.39.63.31 (depth 3, 30 lits): UNSAT in 7.55s
    cube 1980.39.63.32 (depth 3, 30 lits): UNSAT in 0.02s
    cube 1980.39.63.33 (depth 3, 30 lits): UNSAT in 0.04s
    cube 1980.39.63.34 (depth 3, 30 lits): UNSAT in 0.04s
    cube 1980.39.63.35 (depth 3, 30 lits): UNSAT in 0.10s
    cube 1980.39.63.36 (depth 3, 30 lits): UNSAT in 0.16s
    cube 1980.39.63.37 (depth 3, 30 lits): UNSAT in 0.20s
    cube 1980.39.63.38 (depth 3, 30 lits): UNSAT in 0.19s
    cube 1980.39.63.39 (depth 3, 30 lits): UNSAT in 1.66s
    cube 1980.39.63.40 (depth 3, 30 lits): UNSAT in 0.06s
    cube 1980.39.63.41 (depth 3, 30 lits): UNSAT in 0.19s
    cube 1980.39.63.42 (depth 3, 30 lits): UNSAT in 0.22s
    cube 1980.39.63.43 (depth 3, 30 lits): UNSAT in 1.37s
    cube 1980.39.63.44 (depth 3, 30 lits): UNSAT in 0.31s
    cube 1980.39.63.45 (depth 3, 30 lits): UNSAT in 0.91s
    cube 1980.39.63.46 (depth 3, 30 lits): UNSAT in 0.23s
    cube 1980.39.63.47 (depth 3, 30 lits): UNSAT in 13.58s
    cube 1980.39.63.48 (depth 3, 30 lits): UNSAT in 0.04s
    cube 1980.39.63.49 (depth 3, 30 lits): UNSAT in 0.53s
    cube 1980.39.63.50 (depth 3, 30 lits): UNSAT in 0.63s
    cube 1980.39.63.51 (depth 3, 30 lits): UNSAT in 3.37s
    cube 1980.39.63.52 (depth 3, 30 lits): UNSAT in 1.02s
    cube 1980.39.63.53 (depth 3, 30 lits): UNSAT in 9.62s
    cube 1980.39.63.54 (depth 3, 30 lits): UNSAT in 7.77s
    cube 1980.39.63.55 (depth 3, 30 lits): UNSAT in 13.26s
    cube 1980.39.63.56 (depth 3, 30 lits): UNSAT in 1.35s
    cube 1980.39.63.57 (depth 3, 30 lits): UNSAT in 8.72s
    cube 1980.39.63.58 (depth 3, 30 lits): UNSAT in 13.85s
    cube 1980.39.63.59 (depth 3, 30 lits): UNSAT in 26.05s
    cube 1980.39.63.60 (depth 3, 30 lits): UNSAT in 5.23s
    cube 1980.39.63.61 (depth 3, 30 lits): UNSAT in 7.38s
    cube 1980.39.63.62 (depth 3, 30 lits): UNSAT in 3.35s
    cube 1980.39.63.63 (depth 3, 30 lits): UNSAT in 47.94s
    cube 1980.40 (depth 1, 18 lits): UNSAT in 0.56s
    cube 1980.41 (depth 1, 18 lits): UNSAT in 2.37s
    cube 1980.42 (depth 1, 18 lits): UNSAT in 17.05s
    cube 1980.43 (depth 1, 18 lits): TIMEOUT in 60.06s
    cube 1980.43 TIMEOUT -> re-split into 64 sub-cubes (depth 2)
    cube 1980.43.0 (depth 2, 24 lits): UNSAT in 0.01s
    cube 1980.43.1 (depth 2, 24 lits): UNSAT in 0.01s
    cube 1980.43.2 (depth 2, 24 lits): UNSAT in 0.01s
    cube 1980.43.3 (depth 2, 24 lits): UNSAT in 0.01s
    cube 1980.43.4 (depth 2, 24 lits): UNSAT in 0.02s
    cube 1980.43.5 (depth 2, 24 lits): UNSAT in 0.03s
    cube 1980.43.6 (depth 2, 24 lits): UNSAT in 0.03s
    cube 1980.43.7 (depth 2, 24 lits): UNSAT in 0.05s
    cube 1980.43.8 (depth 2, 24 lits): UNSAT in 0.02s
    cube 1980.43.9 (depth 2, 24 lits): UNSAT in 0.03s
    cube 1980.43.10 (depth 2, 24 lits): UNSAT in 0.02s
    cube 1980.43.11 (depth 2, 24 lits): UNSAT in 0.02s
    cube 1980.43.12 (depth 2, 24 lits): UNSAT in 0.02s
    cube 1980.43.13 (depth 2, 24 lits): UNSAT in 0.11s
    cube 1980.43.14 (depth 2, 24 lits): UNSAT in 0.07s
    cube 1980.43.15 (depth 2, 24 lits): UNSAT in 0.84s
    cube 1980.43.16 (depth 2, 24 lits): UNSAT in 0.04s
    cube 1980.43.17 (depth 2, 24 lits): UNSAT in 0.06s
    cube 1980.43.18 (depth 2, 24 lits): UNSAT in 0.04s
    cube 1980.43.19 (depth 2, 24 lits): UNSAT in 0.22s
    cube 1980.43.20 (depth 2, 24 lits): UNSAT in 0.05s
    cube 1980.43.21 (depth 2, 24 lits): UNSAT in 0.15s
    cube 1980.43.22 (depth 2, 24 lits): UNSAT in 0.10s
    cube 1980.43.23 (depth 2, 24 lits): UNSAT in 1.41s
    cube 1980.43.24 (depth 2, 24 lits): UNSAT in 0.07s
    cube 1980.43.25 (depth 2, 24 lits): UNSAT in 0.21s
    cube 1980.43.26 (depth 2, 24 lits): UNSAT in 0.08s
    cube 1980.43.27 (depth 2, 24 lits): UNSAT in 1.50s
    cube 1980.43.28 (depth 2, 24 lits): UNSAT in 0.45s
    cube 1980.43.29 (depth 2, 24 lits): UNSAT in 1.78s
    cube 1980.43.30 (depth 2, 24 lits): UNSAT in 3.31s
    cube 1980.43.31 (depth 2, 24 lits): UNSAT in 14.65s
    cube 1980.43.32 (depth 2, 24 lits): UNSAT in 0.03s
    cube 1980.43.33 (depth 2, 24 lits): UNSAT in 0.04s
    cube 1980.43.34 (depth 2, 24 lits): UNSAT in 0.04s
    cube 1980.43.35 (depth 2, 24 lits): UNSAT in 0.16s
    cube 1980.43.36 (depth 2, 24 lits): UNSAT in 0.01s
    cube 1980.43.37 (depth 2, 24 lits): UNSAT in 0.04s
    cube 1980.43.38 (depth 2, 24 lits): UNSAT in 0.13s
    cube 1980.43.39 (depth 2, 24 lits): UNSAT in 0.80s
    cube 1980.43.40 (depth 2, 24 lits): UNSAT in 0.11s
    cube 1980.43.41 (depth 2, 24 lits): UNSAT in 0.13s
    cube 1980.43.42 (depth 2, 24 lits): UNSAT in 0.07s
    cube 1980.43.43 (depth 2, 24 lits): UNSAT in 0.14s
    cube 1980.43.44 (depth 2, 24 lits): UNSAT in 0.24s
    cube 1980.43.45 (depth 2, 24 lits): UNSAT in 0.45s
    cube 1980.43.46 (depth 2, 24 lits): UNSAT in 0.51s
    cube 1980.43.47 (depth 2, 24 lits): UNSAT in 7.80s
    cube 1980.43.48 (depth 2, 24 lits): UNSAT in 0.21s
    cube 1980.43.49 (depth 2, 24 lits): UNSAT in 0.20s
    cube 1980.43.50 (depth 2, 24 lits): UNSAT in 0.32s
    cube 1980.43.51 (depth 2, 24 lits): UNSAT in 0.92s
    cube 1980.43.52 (depth 2, 24 lits): UNSAT in 0.25s
    cube 1980.43.53 (depth 2, 24 lits): UNSAT in 0.90s
    cube 1980.43.54 (depth 2, 24 lits): UNSAT in 0.50s
    cube 1980.43.55 (depth 2, 24 lits): UNSAT in 12.26s
    cube 1980.43.56 (depth 2, 24 lits): UNSAT in 0.43s
    cube 1980.43.57 (depth 2, 24 lits): UNSAT in 1.06s
    cube 1980.43.58 (depth 2, 24 lits): UNSAT in 4.90s
    cube 1980.43.59 (depth 2, 24 lits): UNSAT in 9.80s
    cube 1980.43.60 (depth 2, 24 lits): UNSAT in 2.03s
    cube 1980.43.61 (depth 2, 24 lits): UNSAT in 20.98s
    cube 1980.43.62 (depth 2, 24 lits): UNSAT in 35.91s
    cube 1980.43.63 (depth 2, 24 lits): UNSAT in 32.02s
    cube 1980.44 (depth 1, 18 lits): UNSAT in 20.03s
    cube 1980.45 (depth 1, 18 lits): TIMEOUT in 60.06s
    cube 1980.45 TIMEOUT -> re-split into 58 sub-cubes (depth 2)
    cube 1980.45.0 (depth 2, 24 lits): UNSAT in 0.01s
    cube 1980.45.1 (depth 2, 24 lits): UNSAT in 0.01s
    cube 1980.45.2 (depth 2, 23 lits): UNSAT in 0.01s
    cube 1980.45.3 (depth 2, 22 lits): UNSAT in 0.02s
    cube 1980.45.4 (depth 2, 24 lits): UNSAT in 0.01s
    cube 1980.45.5 (depth 2, 24 lits): UNSAT in 0.02s
    cube 1980.45.6 (depth 2, 23 lits): UNSAT in 0.02s
    cube 1980.45.7 (depth 2, 24 lits): UNSAT in 0.03s
    cube 1980.45.8 (depth 2, 24 lits): UNSAT in 0.06s
    cube 1980.45.9 (depth 2, 24 lits): UNSAT in 0.08s
    cube 1980.45.10 (depth 2, 24 lits): UNSAT in 0.22s
    cube 1980.45.11 (depth 2, 23 lits): UNSAT in 0.01s
    cube 1980.45.12 (depth 2, 24 lits): UNSAT in 0.01s
    cube 1980.45.13 (depth 2, 24 lits): UNSAT in 0.02s
    cube 1980.45.14 (depth 2, 24 lits): UNSAT in 0.01s
    cube 1980.45.15 (depth 2, 24 lits): UNSAT in 0.02s
    cube 1980.45.16 (depth 2, 24 lits): UNSAT in 0.01s
    cube 1980.45.17 (depth 2, 24 lits): UNSAT in 0.03s
    cube 1980.45.18 (depth 2, 24 lits): UNSAT in 0.03s
    cube 1980.45.19 (depth 2, 24 lits): UNSAT in 0.11s
    cube 1980.45.20 (depth 2, 24 lits): UNSAT in 0.02s
    cube 1980.45.21 (depth 2, 24 lits): UNSAT in 0.15s
    cube 1980.45.22 (depth 2, 24 lits): UNSAT in 0.16s
    cube 1980.45.23 (depth 2, 24 lits): UNSAT in 0.44s
    cube 1980.45.24 (depth 2, 24 lits): UNSAT in 0.25s
    cube 1980.45.25 (depth 2, 24 lits): UNSAT in 1.46s
    cube 1980.45.26 (depth 2, 24 lits): UNSAT in 0.02s
    cube 1980.45.27 (depth 2, 24 lits): UNSAT in 0.03s
    cube 1980.45.28 (depth 2, 24 lits): UNSAT in 0.03s
    cube 1980.45.29 (depth 2, 24 lits): UNSAT in 0.04s
    cube 1980.45.30 (depth 2, 24 lits): UNSAT in 0.02s
    cube 1980.45.31 (depth 2, 24 lits): UNSAT in 0.08s
    cube 1980.45.32 (depth 2, 24 lits): UNSAT in 0.06s
    cube 1980.45.33 (depth 2, 24 lits): UNSAT in 0.46s
    cube 1980.45.34 (depth 2, 24 lits): UNSAT in 0.09s
    cube 1980.45.35 (depth 2, 24 lits): UNSAT in 0.40s
    cube 1980.45.36 (depth 2, 24 lits): UNSAT in 0.15s
    cube 1980.45.37 (depth 2, 24 lits): UNSAT in 1.10s
    cube 1980.45.38 (depth 2, 24 lits): UNSAT in 0.44s
    cube 1980.45.39 (depth 2, 24 lits): UNSAT in 1.28s
    cube 1980.45.40 (depth 2, 24 lits): UNSAT in 1.68s
    cube 1980.45.41 (depth 2, 24 lits): UNSAT in 4.47s
    cube 1980.45.42 (depth 2, 24 lits): UNSAT in 0.12s
    cube 1980.45.43 (depth 2, 24 lits): UNSAT in 0.18s
    cube 1980.45.44 (depth 2, 24 lits): UNSAT in 0.23s
    cube 1980.45.45 (depth 2, 24 lits): UNSAT in 0.81s
    cube 1980.45.46 (depth 2, 24 lits): UNSAT in 0.12s
    cube 1980.45.47 (depth 2, 24 lits): UNSAT in 0.53s
    cube 1980.45.48 (depth 2, 24 lits): UNSAT in 0.60s
    cube 1980.45.49 (depth 2, 24 lits): UNSAT in 3.59s
    cube 1980.45.50 (depth 2, 24 lits): UNSAT in 0.27s
    cube 1980.45.51 (depth 2, 24 lits): UNSAT in 3.22s
    cube 1980.45.52 (depth 2, 24 lits): UNSAT in 3.61s
    cube 1980.45.53 (depth 2, 24 lits): UNSAT in 7.98s
    cube 1980.45.54 (depth 2, 24 lits): UNSAT in 1.12s
    cube 1980.45.55 (depth 2, 24 lits): UNSAT in 5.84s
    cube 1980.45.56 (depth 2, 24 lits): UNSAT in 19.12s
    cube 1980.45.57 (depth 2, 24 lits): UNSAT in 53.83s
    cube 1980.46 (depth 1, 18 lits): UNSAT in 52.65s
    cube 1980.47 (depth 1, 18 lits): TIMEOUT in 60.04s
    cube 1980.47 TIMEOUT -> re-split into 64 sub-cubes (depth 2)
    cube 1980.47.0 (depth 2, 24 lits): UNSAT in 0.02s
    cube 1980.47.1 (depth 2, 24 lits): UNSAT in 0.06s
    cube 1980.47.2 (depth 2, 24 lits): UNSAT in 0.03s
    cube 1980.47.3 (depth 2, 24 lits): UNSAT in 0.08s
    cube 1980.47.4 (depth 2, 24 lits): UNSAT in 0.02s
    cube 1980.47.5 (depth 2, 24 lits): UNSAT in 0.01s
    cube 1980.47.6 (depth 2, 24 lits): UNSAT in 0.11s
    cube 1980.47.7 (depth 2, 24 lits): UNSAT in 0.72s
    cube 1980.47.8 (depth 2, 24 lits): UNSAT in 0.08s
    cube 1980.47.9 (depth 2, 24 lits): UNSAT in 0.20s
    cube 1980.47.10 (depth 2, 24 lits): UNSAT in 0.24s
    cube 1980.47.11 (depth 2, 24 lits): UNSAT in 1.24s
    cube 1980.47.12 (depth 2, 24 lits): UNSAT in 0.45s
    cube 1980.47.13 (depth 2, 24 lits): UNSAT in 2.61s
    cube 1980.47.14 (depth 2, 24 lits): UNSAT in 3.02s
    cube 1980.47.15 (depth 2, 24 lits): UNSAT in 14.43s
    cube 1980.47.16 (depth 2, 24 lits): UNSAT in 0.03s
    cube 1980.47.17 (depth 2, 24 lits): UNSAT in 0.14s
    cube 1980.47.18 (depth 2, 24 lits): UNSAT in 0.14s
    cube 1980.47.19 (depth 2, 24 lits): UNSAT in 0.45s
    cube 1980.47.20 (depth 2, 24 lits): UNSAT in 0.15s
    cube 1980.47.21 (depth 2, 24 lits): UNSAT in 0.15s
    cube 1980.47.22 (depth 2, 24 lits): UNSAT in 0.64s
    cube 1980.47.23 (depth 2, 24 lits): UNSAT in 3.30s
    cube 1980.47.24 (depth 2, 24 lits): UNSAT in 0.08s
    cube 1980.47.25 (depth 2, 24 lits): UNSAT in 0.16s
    cube 1980.47.26 (depth 2, 24 lits): UNSAT in 0.08s
    cube 1980.47.27 (depth 2, 24 lits): UNSAT in 1.29s
    cube 1980.47.28 (depth 2, 24 lits): UNSAT in 2.26s
    cube 1980.47.29 (depth 2, 24 lits): UNSAT in 9.43s
    cube 1980.47.30 (depth 2, 24 lits): UNSAT in 6.75s
    cube 1980.47.31 (depth 2, 24 lits): UNSAT in 54.65s
    cube 1980.47.32 (depth 2, 24 lits): UNSAT in 0.03s
    cube 1980.47.33 (depth 2, 24 lits): UNSAT in 0.07s
    cube 1980.47.34 (depth 2, 24 lits): UNSAT in 0.04s
    cube 1980.47.35 (depth 2, 24 lits): UNSAT in 0.47s
    cube 1980.47.36 (depth 2, 24 lits): UNSAT in 0.37s
    cube 1980.47.37 (depth 2, 24 lits): UNSAT in 0.42s
    cube 1980.47.38 (depth 2, 24 lits): UNSAT in 0.39s
    cube 1980.47.39 (depth 2, 24 lits): UNSAT in 1.70s
    cube 1980.47.40 (depth 2, 24 lits): UNSAT in 0.14s
    cube 1980.47.41 (depth 2, 24 lits): UNSAT in 0.99s
    cube 1980.47.42 (depth 2, 24 lits): UNSAT in 1.70s
    cube 1980.47.43 (depth 2, 24 lits): UNSAT in 5.57s
    cube 1980.47.44 (depth 2, 24 lits): UNSAT in 0.36s
    cube 1980.47.45 (depth 2, 24 lits): UNSAT in 3.00s
    cube 1980.47.46 (depth 2, 24 lits): UNSAT in 7.92s
    cube 1980.47.47 (depth 2, 24 lits): UNSAT in 34.21s
    cube 1980.47.48 (depth 2, 24 lits): UNSAT in 0.31s
    cube 1980.47.49 (depth 2, 24 lits): UNSAT in 0.73s
    cube 1980.47.50 (depth 2, 24 lits): UNSAT in 2.55s
    cube 1980.47.51 (depth 2, 24 lits): UNSAT in 14.60s
    cube 1980.47.52 (depth 2, 24 lits): UNSAT in 0.44s
    cube 1980.47.53 (depth 2, 24 lits): UNSAT in 3.97s
    cube 1980.47.54 (depth 2, 24 lits): UNSAT in 18.18s
    cube 1980.47.55 (depth 2, 24 lits): TIMEOUT in 60.03s
    cube 1980.47.55 TIMEOUT -> re-split into 64 sub-cubes (depth 3)
    cube 1980.47.55.0 (depth 3, 30 lits): UNSAT in 0.02s
    cube 1980.47.55.1 (depth 3, 30 lits): UNSAT in 0.02s
    cube 1980.47.55.2 (depth 3, 30 lits): UNSAT in 0.02s
    cube 1980.47.55.3 (depth 3, 30 lits): UNSAT in 0.05s
    cube 1980.47.55.4 (depth 3, 30 lits): UNSAT in 0.05s
    cube 1980.47.55.5 (depth 3, 30 lits): UNSAT in 0.14s
    cube 1980.47.55.6 (depth 3, 30 lits): UNSAT in 0.07s
    cube 1980.47.55.7 (depth 3, 30 lits): UNSAT in 0.22s
    cube 1980.47.55.8 (depth 3, 30 lits): UNSAT in 0.02s
    cube 1980.47.55.9 (depth 3, 30 lits): UNSAT in 0.10s
    cube 1980.47.55.10 (depth 3, 30 lits): UNSAT in 0.08s
    cube 1980.47.55.11 (depth 3, 30 lits): UNSAT in 0.27s
    cube 1980.47.55.12 (depth 3, 30 lits): UNSAT in 0.04s
    cube 1980.47.55.13 (depth 3, 30 lits): UNSAT in 0.12s
    cube 1980.47.55.14 (depth 3, 30 lits): UNSAT in 0.05s
    cube 1980.47.55.15 (depth 3, 30 lits): UNSAT in 0.73s
    cube 1980.47.55.16 (depth 3, 30 lits): UNSAT in 0.05s
    cube 1980.47.55.17 (depth 3, 30 lits): UNSAT in 0.06s
    cube 1980.47.55.18 (depth 3, 30 lits): UNSAT in 0.04s
    cube 1980.47.55.19 (depth 3, 30 lits): UNSAT in 0.11s
    cube 1980.47.55.20 (depth 3, 30 lits): UNSAT in 0.01s
    cube 1980.47.55.21 (depth 3, 30 lits): UNSAT in 0.15s
    cube 1980.47.55.22 (depth 3, 30 lits): UNSAT in 0.05s
    cube 1980.47.55.23 (depth 3, 30 lits): UNSAT in 0.46s
    cube 1980.47.55.24 (depth 3, 30 lits): UNSAT in 0.12s
    cube 1980.47.55.25 (depth 3, 30 lits): UNSAT in 0.39s
    cube 1980.47.55.26 (depth 3, 30 lits): UNSAT in 0.33s
    cube 1980.47.55.27 (depth 3, 30 lits): UNSAT in 2.87s
    cube 1980.47.55.28 (depth 3, 30 lits): UNSAT in 0.60s
    cube 1980.47.55.29 (depth 3, 30 lits): UNSAT in 3.38s
    cube 1980.47.55.30 (depth 3, 30 lits): UNSAT in 1.10s
    cube 1980.47.55.31 (depth 3, 30 lits): UNSAT in 3.71s
    cube 1980.47.55.32 (depth 3, 30 lits): UNSAT in 0.02s
    cube 1980.47.55.33 (depth 3, 30 lits): UNSAT in 0.04s
    cube 1980.47.55.34 (depth 3, 30 lits): UNSAT in 0.11s
    cube 1980.47.55.35 (depth 3, 30 lits): UNSAT in 0.21s
    cube 1980.47.55.36 (depth 3, 30 lits): UNSAT in 0.03s
    cube 1980.47.55.37 (depth 3, 30 lits): UNSAT in 0.14s
    cube 1980.47.55.38 (depth 3, 30 lits): UNSAT in 0.31s
    cube 1980.47.55.39 (depth 3, 30 lits): UNSAT in 0.96s
    cube 1980.47.55.40 (depth 3, 30 lits): UNSAT in 0.02s
    cube 1980.47.55.41 (depth 3, 30 lits): UNSAT in 0.05s
    cube 1980.47.55.42 (depth 3, 30 lits): UNSAT in 0.35s
    cube 1980.47.55.43 (depth 3, 30 lits): UNSAT in 0.30s
    cube 1980.47.55.44 (depth 3, 30 lits): UNSAT in 0.46s
    cube 1980.47.55.45 (depth 3, 30 lits): UNSAT in 1.13s
    cube 1980.47.55.46 (depth 3, 30 lits): UNSAT in 1.38s
    cube 1980.47.55.47 (depth 3, 30 lits): UNSAT in 8.85s
    cube 1980.47.55.48 (depth 3, 30 lits): UNSAT in 0.09s
    cube 1980.47.55.49 (depth 3, 30 lits): UNSAT in 0.54s
    cube 1980.47.55.50 (depth 3, 30 lits): UNSAT in 0.37s
    cube 1980.47.55.51 (depth 3, 30 lits): UNSAT in 2.42s
    cube 1980.47.55.52 (depth 3, 30 lits): UNSAT in 1.03s
    cube 1980.47.55.53 (depth 3, 30 lits): UNSAT in 7.19s
    cube 1980.47.55.54 (depth 3, 30 lits): UNSAT in 2.21s
    cube 1980.47.55.55 (depth 3, 30 lits): UNSAT in 9.17s
    cube 1980.47.55.56 (depth 3, 30 lits): UNSAT in 1.08s
    cube 1980.47.55.57 (depth 3, 30 lits): UNSAT in 2.23s
    cube 1980.47.55.58 (depth 3, 30 lits): UNSAT in 5.20s
    cube 1980.47.55.59 (depth 3, 30 lits): UNSAT in 10.83s
    cube 1980.47.55.60 (depth 3, 30 lits): UNSAT in 3.07s
    cube 1980.47.55.61 (depth 3, 30 lits): UNSAT in 59.16s
    cube 1980.47.55.62 (depth 3, 30 lits): UNSAT in 9.98s
    cube 1980.47.55.63 (depth 3, 30 lits): UNSAT in 34.11s
    cube 1980.47.56 (depth 2, 24 lits): UNSAT in 0.78s
    cube 1980.47.57 (depth 2, 24 lits): UNSAT in 9.64s
    cube 1980.47.58 (depth 2, 24 lits): UNSAT in 2.17s
    cube 1980.47.59 (depth 2, 24 lits): TIMEOUT in 60.06s
    cube 1980.47.59 TIMEOUT -> re-split into 64 sub-cubes (depth 3)
    cube 1980.47.59.0 (depth 3, 30 lits): UNSAT in 0.02s
    cube 1980.47.59.1 (depth 3, 30 lits): UNSAT in 0.03s
    cube 1980.47.59.2 (depth 3, 30 lits): UNSAT in 0.02s
    cube 1980.47.59.3 (depth 3, 30 lits): UNSAT in 0.03s
    cube 1980.47.59.4 (depth 3, 30 lits): UNSAT in 0.02s
    cube 1980.47.59.5 (depth 3, 30 lits): UNSAT in 0.05s
    cube 1980.47.59.6 (depth 3, 30 lits): UNSAT in 0.03s
    cube 1980.47.59.7 (depth 3, 30 lits): UNSAT in 0.07s
    cube 1980.47.59.8 (depth 3, 30 lits): UNSAT in 0.03s
    cube 1980.47.59.9 (depth 3, 30 lits): UNSAT in 0.05s
    cube 1980.47.59.10 (depth 3, 30 lits): UNSAT in 0.02s
    cube 1980.47.59.11 (depth 3, 30 lits): UNSAT in 0.17s
    cube 1980.47.59.12 (depth 3, 30 lits): UNSAT in 0.02s
    cube 1980.47.59.13 (depth 3, 30 lits): UNSAT in 0.12s
    cube 1980.47.59.14 (depth 3, 30 lits): UNSAT in 0.04s
    cube 1980.47.59.15 (depth 3, 30 lits): UNSAT in 0.92s
    cube 1980.47.59.16 (depth 3, 30 lits): UNSAT in 0.03s
    cube 1980.47.59.17 (depth 3, 30 lits): UNSAT in 0.06s
    cube 1980.47.59.18 (depth 3, 30 lits): UNSAT in 0.07s
    cube 1980.47.59.19 (depth 3, 30 lits): UNSAT in 0.30s
    cube 1980.47.59.20 (depth 3, 30 lits): UNSAT in 0.06s
    cube 1980.47.59.21 (depth 3, 30 lits): UNSAT in 0.17s
    cube 1980.47.59.22 (depth 3, 30 lits): UNSAT in 0.12s
    cube 1980.47.59.23 (depth 3, 30 lits): UNSAT in 0.71s
    cube 1980.47.59.24 (depth 3, 30 lits): UNSAT in 0.07s
    cube 1980.47.59.25 (depth 3, 30 lits): UNSAT in 0.65s
    cube 1980.47.59.26 (depth 3, 30 lits): UNSAT in 0.23s
    cube 1980.47.59.27 (depth 3, 30 lits): UNSAT in 1.90s
    cube 1980.47.59.28 (depth 3, 30 lits): UNSAT in 1.12s
    cube 1980.47.59.29 (depth 3, 30 lits): UNSAT in 2.48s
    cube 1980.47.59.30 (depth 3, 30 lits): UNSAT in 3.62s
    cube 1980.47.59.31 (depth 3, 30 lits): UNSAT in 10.32s
    cube 1980.47.59.32 (depth 3, 30 lits): UNSAT in 0.04s
    cube 1980.47.59.33 (depth 3, 30 lits): UNSAT in 0.08s
    cube 1980.47.59.34 (depth 3, 30 lits): UNSAT in 0.03s
    cube 1980.47.59.35 (depth 3, 30 lits): UNSAT in 0.05s
    cube 1980.47.59.36 (depth 3, 30 lits): UNSAT in 0.04s
    cube 1980.47.59.37 (depth 3, 30 lits): UNSAT in 0.08s
    cube 1980.47.59.38 (depth 3, 30 lits): UNSAT in 0.08s
    cube 1980.47.59.39 (depth 3, 30 lits): UNSAT in 1.29s
    cube 1980.47.59.40 (depth 3, 30 lits): UNSAT in 0.07s
    cube 1980.47.59.41 (depth 3, 30 lits): UNSAT in 0.15s
    cube 1980.47.59.42 (depth 3, 30 lits): UNSAT in 0.08s
    cube 1980.47.59.43 (depth 3, 30 lits): UNSAT in 1.98s
    cube 1980.47.59.44 (depth 3, 30 lits): UNSAT in 0.33s
    cube 1980.47.59.45 (depth 3, 30 lits): UNSAT in 2.64s
    cube 1980.47.59.46 (depth 3, 30 lits): UNSAT in 0.17s
    cube 1980.47.59.47 (depth 3, 30 lits): UNSAT in 4.63s
    cube 1980.47.59.48 (depth 3, 30 lits): UNSAT in 0.09s
    cube 1980.47.59.49 (depth 3, 30 lits): UNSAT in 0.39s
    cube 1980.47.59.50 (depth 3, 30 lits): UNSAT in 0.13s
    cube 1980.47.59.51 (depth 3, 30 lits): UNSAT in 0.49s
    cube 1980.47.59.52 (depth 3, 30 lits): UNSAT in 0.40s
    cube 1980.47.59.53 (depth 3, 30 lits): UNSAT in 1.38s
    cube 1980.47.59.54 (depth 3, 30 lits): UNSAT in 0.97s
    cube 1980.47.59.55 (depth 3, 30 lits): UNSAT in 8.04s
    cube 1980.47.59.56 (depth 3, 30 lits): UNSAT in 0.28s
    cube 1980.47.59.57 (depth 3, 30 lits): UNSAT in 0.95s
    cube 1980.47.59.58 (depth 3, 30 lits): UNSAT in 2.54s
    cube 1980.47.59.59 (depth 3, 30 lits): UNSAT in 16.44s
    cube 1980.47.59.60 (depth 3, 30 lits): UNSAT in 1.49s
    cube 1980.47.59.61 (depth 3, 30 lits): UNSAT in 9.98s
    cube 1980.47.59.62 (depth 3, 30 lits): UNSAT in 29.71s
    cube 1980.47.59.63 (depth 3, 30 lits): UNSAT in 44.30s
    cube 1980.47.60 (depth 2, 24 lits): UNSAT in 18.70s
    cube 1980.47.61 (depth 2, 24 lits): TIMEOUT in 60.04s
    cube 1980.47.61 TIMEOUT -> re-split into 63 sub-cubes (depth 3)
    cube 1980.47.61.0 (depth 3, 30 lits): UNSAT in 0.01s
    cube 1980.47.61.1 (depth 3, 30 lits): UNSAT in 0.02s
    cube 1980.47.61.2 (depth 3, 30 lits): UNSAT in 0.01s
    cube 1980.47.61.3 (depth 3, 30 lits): UNSAT in 0.02s
    cube 1980.47.61.4 (depth 3, 30 lits): UNSAT in 0.02s
    cube 1980.47.61.5 (depth 3, 30 lits): UNSAT in 0.02s
    cube 1980.47.61.6 (depth 3, 30 lits): UNSAT in 0.01s
    cube 1980.47.61.7 (depth 3, 30 lits): UNSAT in 0.02s
    cube 1980.47.61.8 (depth 3, 29 lits): UNSAT in 0.01s
    cube 1980.47.61.9 (depth 3, 30 lits): UNSAT in 0.02s
    cube 1980.47.61.10 (depth 3, 30 lits): UNSAT in 0.04s
    cube 1980.47.61.11 (depth 3, 30 lits): UNSAT in 0.02s
    cube 1980.47.61.12 (depth 3, 30 lits): UNSAT in 0.01s
    cube 1980.47.61.13 (depth 3, 30 lits): UNSAT in 0.03s
    cube 1980.47.61.14 (depth 3, 30 lits): UNSAT in 0.08s
    cube 1980.47.61.15 (depth 3, 30 lits): UNSAT in 0.04s
    cube 1980.47.61.16 (depth 3, 30 lits): UNSAT in 0.05s
    cube 1980.47.61.17 (depth 3, 30 lits): UNSAT in 0.03s
    cube 1980.47.61.18 (depth 3, 30 lits): UNSAT in 0.07s
    cube 1980.47.61.19 (depth 3, 30 lits): UNSAT in 0.04s
    cube 1980.47.61.20 (depth 3, 30 lits): UNSAT in 0.11s
    cube 1980.47.61.21 (depth 3, 30 lits): UNSAT in 0.04s
    cube 1980.47.61.22 (depth 3, 30 lits): UNSAT in 0.20s
    cube 1980.47.61.23 (depth 3, 30 lits): UNSAT in 0.03s
    cube 1980.47.61.24 (depth 3, 30 lits): UNSAT in 0.07s
    cube 1980.47.61.25 (depth 3, 30 lits): UNSAT in 0.07s
    cube 1980.47.61.26 (depth 3, 30 lits): UNSAT in 0.53s
    cube 1980.47.61.27 (depth 3, 30 lits): UNSAT in 0.08s
    cube 1980.47.61.28 (depth 3, 30 lits): UNSAT in 0.30s
    cube 1980.47.61.29 (depth 3, 30 lits): UNSAT in 0.74s
    cube 1980.47.61.30 (depth 3, 30 lits): UNSAT in 2.01s
    cube 1980.47.61.31 (depth 3, 30 lits): UNSAT in 0.02s
    cube 1980.47.61.32 (depth 3, 30 lits): UNSAT in 0.02s
    cube 1980.47.61.33 (depth 3, 30 lits): UNSAT in 0.06s
    cube 1980.47.61.34 (depth 3, 30 lits): UNSAT in 0.06s
    cube 1980.47.61.35 (depth 3, 30 lits): UNSAT in 0.01s
    cube 1980.47.61.36 (depth 3, 30 lits): UNSAT in 0.08s
    cube 1980.47.61.37 (depth 3, 30 lits): UNSAT in 0.11s
    cube 1980.47.61.38 (depth 3, 30 lits): UNSAT in 0.65s
    cube 1980.47.61.39 (depth 3, 30 lits): UNSAT in 0.02s
    cube 1980.47.61.40 (depth 3, 30 lits): UNSAT in 0.06s
    cube 1980.47.61.41 (depth 3, 30 lits): UNSAT in 0.02s
    cube 1980.47.61.42 (depth 3, 30 lits): UNSAT in 0.09s
    cube 1980.47.61.43 (depth 3, 30 lits): UNSAT in 0.28s
    cube 1980.47.61.44 (depth 3, 30 lits): UNSAT in 0.55s
    cube 1980.47.61.45 (depth 3, 30 lits): UNSAT in 0.60s
    cube 1980.47.61.46 (depth 3, 30 lits): UNSAT in 2.89s
    cube 1980.47.61.47 (depth 3, 30 lits): UNSAT in 0.03s
    cube 1980.47.61.48 (depth 3, 30 lits): UNSAT in 0.06s
    cube 1980.47.61.49 (depth 3, 30 lits): UNSAT in 0.07s
    cube 1980.47.61.50 (depth 3, 30 lits): UNSAT in 0.20s
    cube 1980.47.61.51 (depth 3, 30 lits): UNSAT in 0.15s
    cube 1980.47.61.52 (depth 3, 30 lits): UNSAT in 0.51s
    cube 1980.47.61.53 (depth 3, 30 lits): UNSAT in 2.69s
    cube 1980.47.61.54 (depth 3, 30 lits): UNSAT in 6.91s
    cube 1980.47.61.55 (depth 3, 30 lits): UNSAT in 0.10s
    cube 1980.47.61.56 (depth 3, 30 lits): UNSAT in 0.30s
    cube 1980.47.61.57 (depth 3, 30 lits): UNSAT in 1.53s
    cube 1980.47.61.58 (depth 3, 30 lits): UNSAT in 4.11s
    cube 1980.47.61.59 (depth 3, 30 lits): UNSAT in 1.13s
    cube 1980.47.61.60 (depth 3, 30 lits): UNSAT in 7.23s
    cube 1980.47.61.61 (depth 3, 30 lits): UNSAT in 4.98s
    cube 1980.47.61.62 (depth 3, 30 lits): UNSAT in 6.65s
    cube 1980.47.62 (depth 2, 24 lits): UNSAT in 25.94s
    cube 1980.47.63 (depth 2, 24 lits): TIMEOUT in 60.05s
    cube 1980.47.63 TIMEOUT -> re-split into 62 sub-cubes (depth 3)
    cube 1980.47.63.0 (depth 3, 29 lits): UNSAT in 0.01s
    cube 1980.47.63.1 (depth 3, 30 lits): UNSAT in 0.02s
    cube 1980.47.63.2 (depth 3, 30 lits): UNSAT in 0.03s
    cube 1980.47.63.3 (depth 3, 30 lits): UNSAT in 0.01s
    cube 1980.47.63.4 (depth 3, 30 lits): UNSAT in 0.02s
    cube 1980.47.63.5 (depth 3, 30 lits): UNSAT in 0.02s
    cube 1980.47.63.6 (depth 3, 30 lits): UNSAT in 0.05s
    cube 1980.47.63.7 (depth 3, 30 lits): UNSAT in 0.02s
    cube 1980.47.63.8 (depth 3, 30 lits): UNSAT in 0.03s
    cube 1980.47.63.9 (depth 3, 30 lits): UNSAT in 0.02s
    cube 1980.47.63.10 (depth 3, 30 lits): UNSAT in 0.04s
    cube 1980.47.63.11 (depth 3, 30 lits): UNSAT in 0.04s
    cube 1980.47.63.12 (depth 3, 30 lits): UNSAT in 0.05s
    cube 1980.47.63.13 (depth 3, 30 lits): UNSAT in 0.04s
    cube 1980.47.63.14 (depth 3, 30 lits): UNSAT in 0.14s
    cube 1980.47.63.15 (depth 3, 29 lits): UNSAT in 0.01s
    cube 1980.47.63.16 (depth 3, 30 lits): UNSAT in 0.01s
    cube 1980.47.63.17 (depth 3, 30 lits): UNSAT in 0.02s
    cube 1980.47.63.18 (depth 3, 30 lits): UNSAT in 0.01s
    cube 1980.47.63.19 (depth 3, 30 lits): UNSAT in 0.02s
    cube 1980.47.63.20 (depth 3, 30 lits): UNSAT in 0.05s
    cube 1980.47.63.21 (depth 3, 30 lits): UNSAT in 0.11s
    cube 1980.47.63.22 (depth 3, 30 lits): UNSAT in 0.02s
    cube 1980.47.63.23 (depth 3, 30 lits): UNSAT in 0.04s
    cube 1980.47.63.24 (depth 3, 30 lits): UNSAT in 0.05s
    cube 1980.47.63.25 (depth 3, 30 lits): UNSAT in 0.17s
    cube 1980.47.63.26 (depth 3, 30 lits): UNSAT in 0.06s
    cube 1980.47.63.27 (depth 3, 30 lits): UNSAT in 0.16s
    cube 1980.47.63.28 (depth 3, 30 lits): UNSAT in 0.33s
    cube 1980.47.63.29 (depth 3, 30 lits): UNSAT in 1.94s
    cube 1980.47.63.30 (depth 3, 30 lits): UNSAT in 0.02s
    cube 1980.47.63.31 (depth 3, 30 lits): UNSAT in 0.07s
    cube 1980.47.63.32 (depth 3, 30 lits): UNSAT in 0.03s
    cube 1980.47.63.33 (depth 3, 30 lits): UNSAT in 0.14s
    cube 1980.47.63.34 (depth 3, 30 lits): UNSAT in 0.06s
    cube 1980.47.63.35 (depth 3, 30 lits): UNSAT in 0.20s
    cube 1980.47.63.36 (depth 3, 30 lits): UNSAT in 0.39s
    cube 1980.47.63.37 (depth 3, 30 lits): UNSAT in 0.67s
    cube 1980.47.63.38 (depth 3, 30 lits): UNSAT in 0.06s
    cube 1980.47.63.39 (depth 3, 30 lits): UNSAT in 0.11s
    cube 1980.47.63.40 (depth 3, 30 lits): UNSAT in 0.08s
    cube 1980.47.63.41 (depth 3, 30 lits): UNSAT in 0.23s
    cube 1980.47.63.42 (depth 3, 30 lits): UNSAT in 0.11s
    cube 1980.47.63.43 (depth 3, 30 lits): UNSAT in 0.79s
    cube 1980.47.63.44 (depth 3, 30 lits): UNSAT in 1.64s
    cube 1980.47.63.45 (depth 3, 30 lits): UNSAT in 9.04s
    cube 1980.47.63.46 (depth 3, 30 lits): UNSAT in 0.07s
    cube 1980.47.63.47 (depth 3, 30 lits): UNSAT in 0.21s
    cube 1980.47.63.48 (depth 3, 30 lits): UNSAT in 0.34s
    cube 1980.47.63.49 (depth 3, 30 lits): UNSAT in 2.08s
    cube 1980.47.63.50 (depth 3, 30 lits): UNSAT in 0.12s
    cube 1980.47.63.51 (depth 3, 30 lits): UNSAT in 0.53s
    cube 1980.47.63.52 (depth 3, 30 lits): UNSAT in 1.82s
    cube 1980.47.63.53 (depth 3, 30 lits): UNSAT in 9.76s
    cube 1980.47.63.54 (depth 3, 30 lits): UNSAT in 0.49s
    cube 1980.47.63.55 (depth 3, 30 lits): UNSAT in 2.31s
    cube 1980.47.63.56 (depth 3, 30 lits): UNSAT in 1.73s
    cube 1980.47.63.57 (depth 3, 30 lits): UNSAT in 20.08s
    cube 1980.47.63.58 (depth 3, 30 lits): UNSAT in 1.69s
    cube 1980.47.63.59 (depth 3, 30 lits): UNSAT in 14.68s
    cube 1980.47.63.60 (depth 3, 30 lits): UNSAT in 20.95s
    cube 1980.47.63.61 (depth 3, 30 lits): TIMEOUT in 60.06s
    cube 1980.48 (depth 1, 18 lits): UNSAT in 0.96s
    cube 1980.49 (depth 1, 18 lits): UNSAT in 3.11s
    cube 1980.50 (depth 1, 18 lits): UNSAT in 8.35s
    cube 1980.51 (depth 1, 18 lits): UNSAT in 43.85s
    cube 1980.52 (depth 1, 18 lits): UNSAT in 14.29s
    cube 1980.53 (depth 1, 18 lits): TIMEOUT in 60.06s
    cube 1980.53 TIMEOUT -> re-split into 64 sub-cubes (depth 2)
    cube 1980.53.0 (depth 2, 24 lits): UNSAT in 0.02s
    cube 1980.53.1 (depth 2, 24 lits): UNSAT in 0.02s
    cube 1980.53.2 (depth 2, 24 lits): UNSAT in 0.02s
    cube 1980.53.3 (depth 2, 24 lits): UNSAT in 0.02s
    cube 1980.53.4 (depth 2, 24 lits): UNSAT in 0.02s
    cube 1980.53.5 (depth 2, 24 lits): UNSAT in 0.02s
    cube 1980.53.6 (depth 2, 24 lits): UNSAT in 0.02s
    cube 1980.53.7 (depth 2, 24 lits): UNSAT in 0.07s
    cube 1980.53.8 (depth 2, 24 lits): UNSAT in 0.02s
    cube 1980.53.9 (depth 2, 24 lits): UNSAT in 0.02s
    cube 1980.53.10 (depth 2, 24 lits): UNSAT in 0.03s
    cube 1980.53.11 (depth 2, 24 lits): UNSAT in 0.07s
    cube 1980.53.12 (depth 2, 24 lits): UNSAT in 0.03s
    cube 1980.53.13 (depth 2, 24 lits): UNSAT in 0.03s
    cube 1980.53.14 (depth 2, 24 lits): UNSAT in 0.04s
    cube 1980.53.15 (depth 2, 24 lits): UNSAT in 0.12s
    cube 1980.53.16 (depth 2, 24 lits): UNSAT in 0.02s
    cube 1980.53.17 (depth 2, 24 lits): UNSAT in 0.03s
    cube 1980.53.18 (depth 2, 24 lits): UNSAT in 0.04s
    cube 1980.53.19 (depth 2, 24 lits): UNSAT in 0.02s
    cube 1980.53.20 (depth 2, 24 lits): UNSAT in 0.04s
    cube 1980.53.21 (depth 2, 24 lits): UNSAT in 0.08s
    cube 1980.53.22 (depth 2, 24 lits): UNSAT in 0.07s
    cube 1980.53.23 (depth 2, 24 lits): UNSAT in 0.15s
    cube 1980.53.24 (depth 2, 24 lits): UNSAT in 0.05s
    cube 1980.53.25 (depth 2, 24 lits): UNSAT in 0.05s
    cube 1980.53.26 (depth 2, 24 lits): UNSAT in 0.08s
    cube 1980.53.27 (depth 2, 24 lits): UNSAT in 0.25s
    cube 1980.53.28 (depth 2, 24 lits): UNSAT in 0.04s
    cube 1980.53.29 (depth 2, 24 lits): UNSAT in 0.16s
    cube 1980.53.30 (depth 2, 24 lits): UNSAT in 0.18s
    cube 1980.53.31 (depth 2, 24 lits): UNSAT in 0.93s
    cube 1980.53.32 (depth 2, 24 lits): UNSAT in 0.03s
    cube 1980.53.33 (depth 2, 24 lits): UNSAT in 0.04s
    cube 1980.53.34 (depth 2, 24 lits): UNSAT in 0.05s
    cube 1980.53.35 (depth 2, 24 lits): UNSAT in 0.36s
    cube 1980.53.36 (depth 2, 24 lits): UNSAT in 0.04s
    cube 1980.53.37 (depth 2, 24 lits): UNSAT in 0.10s
    cube 1980.53.38 (depth 2, 24 lits): UNSAT in 0.09s
    cube 1980.53.39 (depth 2, 24 lits): UNSAT in 0.24s
    cube 1980.53.40 (depth 2, 24 lits): UNSAT in 0.02s
    cube 1980.53.41 (depth 2, 24 lits): UNSAT in 0.07s
    cube 1980.53.42 (depth 2, 24 lits): UNSAT in 0.05s
    cube 1980.53.43 (depth 2, 24 lits): UNSAT in 0.10s
    cube 1980.53.44 (depth 2, 24 lits): UNSAT in 0.03s
    cube 1980.53.45 (depth 2, 24 lits): UNSAT in 0.03s
    cube 1980.53.46 (depth 2, 24 lits): UNSAT in 0.33s
    cube 1980.53.47 (depth 2, 24 lits): UNSAT in 0.46s
    cube 1980.53.48 (depth 2, 24 lits): UNSAT in 0.04s
    cube 1980.53.49 (depth 2, 24 lits): UNSAT in 0.17s
    cube 1980.53.50 (depth 2, 24 lits): UNSAT in 0.28s
    cube 1980.53.51 (depth 2, 24 lits): UNSAT in 0.67s
    cube 1980.53.52 (depth 2, 24 lits): UNSAT in 0.20s
    cube 1980.53.53 (depth 2, 24 lits): UNSAT in 0.08s
    cube 1980.53.54 (depth 2, 24 lits): UNSAT in 0.38s
    cube 1980.53.55 (depth 2, 24 lits): UNSAT in 0.58s
    cube 1980.53.56 (depth 2, 24 lits): UNSAT in 0.38s
    cube 1980.53.57 (depth 2, 24 lits): UNSAT in 0.83s
    cube 1980.53.58 (depth 2, 24 lits): UNSAT in 0.14s
    cube 1980.53.59 (depth 2, 24 lits): UNSAT in 4.07s
    cube 1980.53.60 (depth 2, 24 lits): UNSAT in 1.04s
    cube 1980.53.61 (depth 2, 24 lits): UNSAT in 2.18s
    cube 1980.53.62 (depth 2, 24 lits): UNSAT in 3.11s
    cube 1980.53.63 (depth 2, 24 lits): UNSAT in 26.68s
    cube 1980.54 (depth 1, 18 lits): TIMEOUT in 60.06s
    cube 1980.54 TIMEOUT -> re-split into 62 sub-cubes (depth 2)
    cube 1980.54.0 (depth 2, 24 lits): UNSAT in 0.02s
    cube 1980.54.1 (depth 2, 24 lits): UNSAT in 0.08s
    cube 1980.54.2 (depth 2, 24 lits): UNSAT in 0.10s
    cube 1980.54.3 (depth 2, 24 lits): UNSAT in 0.15s
    cube 1980.54.4 (depth 2, 24 lits): UNSAT in 0.05s
    cube 1980.54.5 (depth 2, 24 lits): UNSAT in 0.17s
    cube 1980.54.6 (depth 2, 24 lits): UNSAT in 0.13s
    cube 1980.54.7 (depth 2, 24 lits): UNSAT in 0.23s
    cube 1980.54.8 (depth 2, 24 lits): UNSAT in 0.03s
    cube 1980.54.9 (depth 2, 24 lits): UNSAT in 0.10s
    cube 1980.54.10 (depth 2, 24 lits): UNSAT in 0.16s
    cube 1980.54.11 (depth 2, 24 lits): UNSAT in 0.31s
    cube 1980.54.12 (depth 2, 24 lits): UNSAT in 0.07s
    cube 1980.54.13 (depth 2, 24 lits): UNSAT in 0.14s
    cube 1980.54.14 (depth 2, 24 lits): UNSAT in 0.42s
    cube 1980.54.15 (depth 2, 24 lits): UNSAT in 0.99s
    cube 1980.54.16 (depth 2, 24 lits): UNSAT in 0.06s
    cube 1980.54.17 (depth 2, 24 lits): UNSAT in 0.09s
    cube 1980.54.18 (depth 2, 24 lits): UNSAT in 0.09s
    cube 1980.54.19 (depth 2, 24 lits): UNSAT in 0.17s
    cube 1980.54.20 (depth 2, 24 lits): UNSAT in 0.14s
    cube 1980.54.21 (depth 2, 24 lits): UNSAT in 0.17s
    cube 1980.54.22 (depth 2, 24 lits): UNSAT in 0.19s
    cube 1980.54.23 (depth 2, 24 lits): UNSAT in 0.68s
    cube 1980.54.24 (depth 2, 24 lits): UNSAT in 0.08s
    cube 1980.54.25 (depth 2, 24 lits): UNSAT in 0.16s
    cube 1980.54.26 (depth 2, 24 lits): UNSAT in 0.08s
    cube 1980.54.27 (depth 2, 24 lits): UNSAT in 0.47s
    cube 1980.54.28 (depth 2, 24 lits): UNSAT in 0.11s
    cube 1980.54.29 (depth 2, 24 lits): UNSAT in 0.32s
    cube 1980.54.30 (depth 2, 24 lits): UNSAT in 0.50s
    cube 1980.54.31 (depth 2, 24 lits): UNSAT in 2.82s
    cube 1980.54.32 (depth 2, 24 lits): UNSAT in 0.02s
    cube 1980.54.33 (depth 2, 24 lits): UNSAT in 0.06s
    cube 1980.54.34 (depth 2, 24 lits): UNSAT in 0.04s
    cube 1980.54.35 (depth 2, 24 lits): UNSAT in 0.11s
    cube 1980.54.36 (depth 2, 24 lits): UNSAT in 0.03s
    cube 1980.54.37 (depth 2, 24 lits): UNSAT in 0.06s
    cube 1980.54.38 (depth 2, 24 lits): UNSAT in 0.07s
    cube 1980.54.39 (depth 2, 24 lits): UNSAT in 0.21s
    cube 1980.54.40 (depth 2, 23 lits): UNSAT in 0.01s
    cube 1980.54.41 (depth 2, 23 lits): UNSAT in 0.02s
    cube 1980.54.42 (depth 2, 24 lits): UNSAT in 0.18s
    cube 1980.54.43 (depth 2, 24 lits): UNSAT in 0.40s
    cube 1980.54.44 (depth 2, 24 lits): UNSAT in 0.32s
    cube 1980.54.45 (depth 2, 24 lits): UNSAT in 0.72s
    cube 1980.54.46 (depth 2, 24 lits): UNSAT in 0.03s
    cube 1980.54.47 (depth 2, 24 lits): UNSAT in 0.07s
    cube 1980.54.48 (depth 2, 24 lits): UNSAT in 0.17s
    cube 1980.54.49 (depth 2, 24 lits): UNSAT in 1.07s
    cube 1980.54.50 (depth 2, 24 lits): UNSAT in 0.07s
    cube 1980.54.51 (depth 2, 24 lits): UNSAT in 0.21s
    cube 1980.54.52 (depth 2, 24 lits): UNSAT in 0.10s
    cube 1980.54.53 (depth 2, 24 lits): UNSAT in 2.01s
    cube 1980.54.54 (depth 2, 24 lits): UNSAT in 0.03s
    cube 1980.54.55 (depth 2, 24 lits): UNSAT in 0.29s
    cube 1980.54.56 (depth 2, 24 lits): UNSAT in 0.24s
    cube 1980.54.57 (depth 2, 24 lits): UNSAT in 1.42s
    cube 1980.54.58 (depth 2, 24 lits): UNSAT in 0.76s
    cube 1980.54.59 (depth 2, 24 lits): UNSAT in 3.54s
    cube 1980.54.60 (depth 2, 24 lits): UNSAT in 1.53s
    cube 1980.54.61 (depth 2, 24 lits): UNSAT in 7.62s
    cube 1980.55 (depth 1, 18 lits): TIMEOUT in 60.06s
    cube 1980.55 TIMEOUT -> re-split into 64 sub-cubes (depth 2)
    cube 1980.55.0 (depth 2, 24 lits): UNSAT in 0.02s
    cube 1980.55.1 (depth 2, 24 lits): UNSAT in 0.02s
    cube 1980.55.2 (depth 2, 24 lits): UNSAT in 0.02s
    cube 1980.55.3 (depth 2, 24 lits): UNSAT in 0.07s
    cube 1980.55.4 (depth 2, 24 lits): UNSAT in 0.04s
    cube 1980.55.5 (depth 2, 24 lits): UNSAT in 0.15s
    cube 1980.55.6 (depth 2, 24 lits): UNSAT in 0.06s
    cube 1980.55.7 (depth 2, 24 lits): UNSAT in 0.33s
    cube 1980.55.8 (depth 2, 24 lits): UNSAT in 0.04s
    cube 1980.55.9 (depth 2, 24 lits): UNSAT in 0.13s
    cube 1980.55.10 (depth 2, 24 lits): UNSAT in 0.12s
    cube 1980.55.11 (depth 2, 24 lits): UNSAT in 0.33s
    cube 1980.55.12 (depth 2, 24 lits): UNSAT in 0.05s
    cube 1980.55.13 (depth 2, 24 lits): UNSAT in 0.23s
    cube 1980.55.14 (depth 2, 24 lits): UNSAT in 0.09s
    cube 1980.55.15 (depth 2, 24 lits): UNSAT in 0.86s
    cube 1980.55.16 (depth 2, 24 lits): UNSAT in 0.09s
    cube 1980.55.17 (depth 2, 24 lits): UNSAT in 0.21s
    cube 1980.55.18 (depth 2, 24 lits): UNSAT in 0.11s
    cube 1980.55.19 (depth 2, 24 lits): UNSAT in 0.19s
    cube 1980.55.20 (depth 2, 24 lits): UNSAT in 0.04s
    cube 1980.55.21 (depth 2, 24 lits): UNSAT in 0.09s
    cube 1980.55.22 (depth 2, 24 lits): UNSAT in 0.21s
    cube 1980.55.23 (depth 2, 24 lits): UNSAT in 1.07s
    cube 1980.55.24 (depth 2, 24 lits): UNSAT in 0.32s
    cube 1980.55.25 (depth 2, 24 lits): UNSAT in 0.42s
    cube 1980.55.26 (depth 2, 24 lits): UNSAT in 1.78s
    cube 1980.55.27 (depth 2, 24 lits): UNSAT in 1.22s
    cube 1980.55.28 (depth 2, 24 lits): UNSAT in 0.26s
    cube 1980.55.29 (depth 2, 24 lits): UNSAT in 3.44s
    cube 1980.55.30 (depth 2, 24 lits): UNSAT in 3.27s
    cube 1980.55.31 (depth 2, 24 lits): UNSAT in 20.54s
    cube 1980.55.32 (depth 2, 24 lits): UNSAT in 0.03s
    cube 1980.55.33 (depth 2, 24 lits): UNSAT in 0.18s
    cube 1980.55.34 (depth 2, 24 lits): UNSAT in 0.17s
    cube 1980.55.35 (depth 2, 24 lits): UNSAT in 0.45s
    cube 1980.55.36 (depth 2, 24 lits): UNSAT in 0.03s
    cube 1980.55.37 (depth 2, 24 lits): UNSAT in 0.85s
    cube 1980.55.38 (depth 2, 24 lits): UNSAT in 0.24s
    cube 1980.55.39 (depth 2, 24 lits): UNSAT in 2.20s
    cube 1980.55.40 (depth 2, 24 lits): UNSAT in 0.10s
    cube 1980.55.41 (depth 2, 24 lits): UNSAT in 0.18s
    cube 1980.55.42 (depth 2, 24 lits): UNSAT in 0.18s
    cube 1980.55.43 (depth 2, 24 lits): UNSAT in 2.00s
    cube 1980.55.44 (depth 2, 24 lits): UNSAT in 0.52s
    cube 1980.55.45 (depth 2, 24 lits): UNSAT in 2.98s
    cube 1980.55.46 (depth 2, 24 lits): UNSAT in 1.03s
    cube 1980.55.47 (depth 2, 24 lits): UNSAT in 29.11s
    cube 1980.55.48 (depth 2, 24 lits): UNSAT in 0.29s
    cube 1980.55.49 (depth 2, 24 lits): UNSAT in 1.40s
    cube 1980.55.50 (depth 2, 24 lits): UNSAT in 0.85s
    cube 1980.55.51 (depth 2, 24 lits): UNSAT in 7.27s
    cube 1980.55.52 (depth 2, 24 lits): UNSAT in 0.50s
    cube 1980.55.53 (depth 2, 24 lits): UNSAT in 5.75s
    cube 1980.55.54 (depth 2, 24 lits): UNSAT in 3.92s
    cube 1980.55.55 (depth 2, 24 lits): TIMEOUT in 60.05s
    cube 1980.55.55 TIMEOUT -> re-split into 63 sub-cubes (depth 3)
    cube 1980.55.55.0 (depth 3, 30 lits): UNSAT in 0.01s
    cube 1980.55.55.1 (depth 3, 30 lits): UNSAT in 0.01s
    cube 1980.55.55.2 (depth 3, 30 lits): UNSAT in 0.02s
    cube 1980.55.55.3 (depth 3, 30 lits): UNSAT in 0.01s
    cube 1980.55.55.4 (depth 3, 29 lits): UNSAT in 0.02s
    cube 1980.55.55.5 (depth 3, 30 lits): UNSAT in 0.01s
    cube 1980.55.55.6 (depth 3, 30 lits): UNSAT in 0.07s
    cube 1980.55.55.7 (depth 3, 30 lits): UNSAT in 0.03s
    cube 1980.55.55.8 (depth 3, 30 lits): UNSAT in 0.06s
    cube 1980.55.55.9 (depth 3, 30 lits): UNSAT in 0.06s
    cube 1980.55.55.10 (depth 3, 30 lits): UNSAT in 0.14s
    cube 1980.55.55.11 (depth 3, 30 lits): UNSAT in 0.02s
    cube 1980.55.55.12 (depth 3, 30 lits): UNSAT in 0.06s
    cube 1980.55.55.13 (depth 3, 30 lits): UNSAT in 0.08s
    cube 1980.55.55.14 (depth 3, 30 lits): UNSAT in 0.09s
    cube 1980.55.55.15 (depth 3, 30 lits): UNSAT in 0.05s
    cube 1980.55.55.16 (depth 3, 30 lits): UNSAT in 0.04s
    cube 1980.55.55.17 (depth 3, 30 lits): UNSAT in 0.03s
    cube 1980.55.55.18 (depth 3, 30 lits): UNSAT in 0.23s
    cube 1980.55.55.19 (depth 3, 30 lits): UNSAT in 0.03s
    cube 1980.55.55.20 (depth 3, 30 lits): UNSAT in 0.06s
    cube 1980.55.55.21 (depth 3, 30 lits): UNSAT in 0.17s
    cube 1980.55.55.22 (depth 3, 30 lits): UNSAT in 0.42s
    cube 1980.55.55.23 (depth 3, 30 lits): UNSAT in 0.11s
    cube 1980.55.55.24 (depth 3, 30 lits): UNSAT in 0.28s
    cube 1980.55.55.25 (depth 3, 30 lits): UNSAT in 0.25s
    cube 1980.55.55.26 (depth 3, 30 lits): UNSAT in 0.98s
    cube 1980.55.55.27 (depth 3, 30 lits): UNSAT in 0.64s
    cube 1980.55.55.28 (depth 3, 30 lits): UNSAT in 1.22s
    cube 1980.55.55.29 (depth 3, 30 lits): UNSAT in 0.80s
    cube 1980.55.55.30 (depth 3, 30 lits): UNSAT in 6.41s
    cube 1980.55.55.31 (depth 3, 30 lits): UNSAT in 0.01s
    cube 1980.55.55.32 (depth 3, 30 lits): UNSAT in 0.03s
    cube 1980.55.55.33 (depth 3, 30 lits): UNSAT in 0.06s
    cube 1980.55.55.34 (depth 3, 30 lits): UNSAT in 0.39s
    cube 1980.55.55.35 (depth 3, 30 lits): UNSAT in 0.09s
    cube 1980.55.55.36 (depth 3, 30 lits): UNSAT in 0.30s
    cube 1980.55.55.37 (depth 3, 30 lits): UNSAT in 0.13s
    cube 1980.55.55.38 (depth 3, 30 lits): UNSAT in 0.81s
    cube 1980.55.55.39 (depth 3, 30 lits): UNSAT in 0.03s
    cube 1980.55.55.40 (depth 3, 30 lits): UNSAT in 0.08s
    cube 1980.55.55.41 (depth 3, 30 lits): UNSAT in 0.17s
    cube 1980.55.55.42 (depth 3, 30 lits): UNSAT in 0.28s
    cube 1980.55.55.43 (depth 3, 30 lits): UNSAT in 0.17s
    cube 1980.55.55.44 (depth 3, 30 lits): UNSAT in 0.22s
    cube 1980.55.55.45 (depth 3, 30 lits): UNSAT in 0.40s
    cube 1980.55.55.46 (depth 3, 30 lits): UNSAT in 6.40s
    cube 1980.55.55.47 (depth 3, 30 lits): UNSAT in 0.13s
    cube 1980.55.55.48 (depth 3, 30 lits): UNSAT in 0.26s
    cube 1980.55.55.49 (depth 3, 30 lits): UNSAT in 0.20s
    cube 1980.55.55.50 (depth 3, 30 lits): UNSAT in 0.97s
    cube 1980.55.55.51 (depth 3, 30 lits): UNSAT in 0.73s
    cube 1980.55.55.52 (depth 3, 30 lits): UNSAT in 2.07s
    cube 1980.55.55.53 (depth 3, 30 lits): UNSAT in 0.80s
    cube 1980.55.55.54 (depth 3, 30 lits): UNSAT in 2.74s
    cube 1980.55.55.55 (depth 3, 30 lits): UNSAT in 0.07s
    cube 1980.55.55.56 (depth 3, 30 lits): UNSAT in 0.18s
    cube 1980.55.55.57 (depth 3, 30 lits): UNSAT in 0.55s
    cube 1980.55.55.58 (depth 3, 30 lits): UNSAT in 5.39s
    cube 1980.55.55.59 (depth 3, 30 lits): UNSAT in 0.68s
    cube 1980.55.55.60 (depth 3, 30 lits): UNSAT in 7.25s
    cube 1980.55.55.61 (depth 3, 30 lits): UNSAT in 13.71s
    cube 1980.55.55.62 (depth 3, 30 lits): UNSAT in 9.95s
    cube 1980.55.56 (depth 2, 24 lits): UNSAT in 3.58s
    cube 1980.55.57 (depth 2, 24 lits): UNSAT in 15.55s
    cube 1980.55.58 (depth 2, 24 lits): UNSAT in 6.66s
    cube 1980.55.59 (depth 2, 24 lits): TIMEOUT in 60.05s
    cube 1980.55.59 TIMEOUT -> re-split into 64 sub-cubes (depth 3)
    cube 1980.55.59.0 (depth 3, 30 lits): UNSAT in 0.01s
    cube 1980.55.59.1 (depth 3, 30 lits): UNSAT in 0.02s
    cube 1980.55.59.2 (depth 3, 30 lits): UNSAT in 0.02s
    cube 1980.55.59.3 (depth 3, 30 lits): UNSAT in 0.02s
    cube 1980.55.59.4 (depth 3, 30 lits): UNSAT in 0.02s
    cube 1980.55.59.5 (depth 3, 30 lits): UNSAT in 0.02s
    cube 1980.55.59.6 (depth 3, 30 lits): UNSAT in 0.02s
    cube 1980.55.59.7 (depth 3, 30 lits): UNSAT in 0.04s
    cube 1980.55.59.8 (depth 3, 30 lits): UNSAT in 0.01s
    cube 1980.55.59.9 (depth 3, 30 lits): UNSAT in 0.02s
    cube 1980.55.59.10 (depth 3, 30 lits): UNSAT in 0.03s
    cube 1980.55.59.11 (depth 3, 30 lits): UNSAT in 0.05s
    cube 1980.55.59.12 (depth 3, 30 lits): UNSAT in 0.04s
    cube 1980.55.59.13 (depth 3, 30 lits): UNSAT in 0.05s
    cube 1980.55.59.14 (depth 3, 30 lits): UNSAT in 0.16s
    cube 1980.55.59.15 (depth 3, 30 lits): UNSAT in 0.26s
    cube 1980.55.59.16 (depth 3, 30 lits): UNSAT in 0.02s
    cube 1980.55.59.17 (depth 3, 30 lits): UNSAT in 0.06s
    cube 1980.55.59.18 (depth 3, 30 lits): UNSAT in 0.05s
    cube 1980.55.59.19 (depth 3, 30 lits): UNSAT in 0.26s
    cube 1980.55.59.20 (depth 3, 30 lits): UNSAT in 0.04s
    cube 1980.55.59.21 (depth 3, 30 lits): UNSAT in 0.16s
    cube 1980.55.59.22 (depth 3, 30 lits): UNSAT in 0.10s
    cube 1980.55.59.23 (depth 3, 30 lits): UNSAT in 0.42s
    cube 1980.55.59.24 (depth 3, 30 lits): UNSAT in 0.05s
    cube 1980.55.59.25 (depth 3, 30 lits): UNSAT in 0.17s
    cube 1980.55.59.26 (depth 3, 30 lits): UNSAT in 0.08s
    cube 1980.55.59.27 (depth 3, 30 lits): UNSAT in 0.40s
    cube 1980.55.59.28 (depth 3, 30 lits): UNSAT in 0.25s
    cube 1980.55.59.29 (depth 3, 30 lits): UNSAT in 0.24s
    cube 1980.55.59.30 (depth 3, 30 lits): UNSAT in 0.25s
    cube 1980.55.59.31 (depth 3, 30 lits): UNSAT in 1.76s
    cube 1980.55.59.32 (depth 3, 30 lits): UNSAT in 0.01s
    cube 1980.55.59.33 (depth 3, 30 lits): UNSAT in 0.02s
    cube 1980.55.59.34 (depth 3, 30 lits): UNSAT in 0.01s
    cube 1980.55.59.35 (depth 3, 30 lits): UNSAT in 0.07s
    cube 1980.55.59.36 (depth 3, 30 lits): UNSAT in 0.03s
    cube 1980.55.59.37 (depth 3, 30 lits): UNSAT in 0.08s
    cube 1980.55.59.38 (depth 3, 30 lits): UNSAT in 0.09s
    cube 1980.55.59.39 (depth 3, 30 lits): UNSAT in 0.25s
    cube 1980.55.59.40 (depth 3, 30 lits): UNSAT in 0.02s
    cube 1980.55.59.41 (depth 3, 30 lits): UNSAT in 0.10s
    cube 1980.55.59.42 (depth 3, 30 lits): UNSAT in 0.07s
    cube 1980.55.59.43 (depth 3, 30 lits): UNSAT in 0.15s
    cube 1980.55.59.44 (depth 3, 30 lits): UNSAT in 0.14s
    cube 1980.55.59.45 (depth 3, 30 lits): UNSAT in 0.21s
    cube 1980.55.59.46 (depth 3, 30 lits): UNSAT in 0.07s
    cube 1980.55.59.47 (depth 3, 30 lits): UNSAT in 0.22s
    cube 1980.55.59.48 (depth 3, 30 lits): UNSAT in 0.05s
    cube 1980.55.59.49 (depth 3, 30 lits): UNSAT in 0.06s
    cube 1980.55.59.50 (depth 3, 30 lits): UNSAT in 0.06s
    cube 1980.55.59.51 (depth 3, 30 lits): UNSAT in 0.10s
    cube 1980.55.59.52 (depth 3, 30 lits): UNSAT in 0.11s
    cube 1980.55.59.53 (depth 3, 30 lits): UNSAT in 0.20s
    cube 1980.55.59.54 (depth 3, 30 lits): UNSAT in 0.42s
    cube 1980.55.59.55 (depth 3, 30 lits): UNSAT in 3.60s
    cube 1980.55.59.56 (depth 3, 30 lits): UNSAT in 0.12s
    cube 1980.55.59.57 (depth 3, 30 lits): UNSAT in 0.42s
    cube 1980.55.59.58 (depth 3, 30 lits): UNSAT in 0.27s
    cube 1980.55.59.59 (depth 3, 30 lits): UNSAT in 1.69s
    cube 1980.55.59.60 (depth 3, 30 lits): UNSAT in 0.40s
    cube 1980.55.59.61 (depth 3, 30 lits): UNSAT in 2.75s
    cube 1980.55.59.62 (depth 3, 30 lits): UNSAT in 3.71s
    cube 1980.55.59.63 (depth 3, 30 lits): UNSAT in 21.29s
    cube 1980.55.60 (depth 2, 24 lits): UNSAT in 15.70s
    cube 1980.55.61 (depth 2, 24 lits): TIMEOUT in 60.06s
    cube 1980.55.61 TIMEOUT -> re-split into 64 sub-cubes (depth 3)
    cube 1980.55.61.0 (depth 3, 30 lits): UNSAT in 0.01s
    cube 1980.55.61.1 (depth 3, 30 lits): UNSAT in 0.02s
    cube 1980.55.61.2 (depth 3, 30 lits): UNSAT in 0.02s
    cube 1980.55.61.3 (depth 3, 30 lits): UNSAT in 0.02s
    cube 1980.55.61.4 (depth 3, 30 lits): UNSAT in 0.01s
    cube 1980.55.61.5 (depth 3, 30 lits): UNSAT in 0.03s
    cube 1980.55.61.6 (depth 3, 30 lits): UNSAT in 0.03s
    cube 1980.55.61.7 (depth 3, 30 lits): UNSAT in 0.03s
    cube 1980.55.61.8 (depth 3, 30 lits): UNSAT in 0.01s
    cube 1980.55.61.9 (depth 3, 30 lits): UNSAT in 0.01s
    cube 1980.55.61.10 (depth 3, 30 lits): UNSAT in 0.02s
    cube 1980.55.61.11 (depth 3, 30 lits): UNSAT in 0.02s
    cube 1980.55.61.12 (depth 3, 30 lits): UNSAT in 0.03s
    cube 1980.55.61.13 (depth 3, 30 lits): UNSAT in 0.03s
    cube 1980.55.61.14 (depth 3, 30 lits): UNSAT in 0.02s
    cube 1980.55.61.15 (depth 3, 30 lits): UNSAT in 0.11s
    cube 1980.55.61.16 (depth 3, 30 lits): UNSAT in 0.02s
    cube 1980.55.61.17 (depth 3, 30 lits): UNSAT in 0.02s
    cube 1980.55.61.18 (depth 3, 30 lits): UNSAT in 0.02s
    cube 1980.55.61.19 (depth 3, 30 lits): UNSAT in 0.05s
    cube 1980.55.61.20 (depth 3, 30 lits): UNSAT in 0.03s
    cube 1980.55.61.21 (depth 3, 30 lits): UNSAT in 0.02s
    cube 1980.55.61.22 (depth 3, 30 lits): UNSAT in 0.04s
    cube 1980.55.61.23 (depth 3, 30 lits): UNSAT in 0.17s
    cube 1980.55.61.24 (depth 3, 30 lits): UNSAT in 0.03s
    cube 1980.55.61.25 (depth 3, 30 lits): UNSAT in 0.06s
    cube 1980.55.61.26 (depth 3, 30 lits): UNSAT in 0.03s
    cube 1980.55.61.27 (depth 3, 30 lits): UNSAT in 0.07s
    cube 1980.55.61.28 (depth 3, 30 lits): UNSAT in 0.19s
    cube 1980.55.61.29 (depth 3, 30 lits): UNSAT in 0.44s
    cube 1980.55.61.30 (depth 3, 30 lits): UNSAT in 0.93s
    cube 1980.55.61.31 (depth 3, 30 lits): UNSAT in 2.29s
    cube 1980.55.61.32 (depth 3, 30 lits): UNSAT in 0.02s
    cube 1980.55.61.33 (depth 3, 30 lits): UNSAT in 0.04s
    cube 1980.55.61.34 (depth 3, 30 lits): UNSAT in 0.02s
    cube 1980.55.61.35 (depth 3, 30 lits): UNSAT in 0.09s
    cube 1980.55.61.36 (depth 3, 30 lits): UNSAT in 0.02s
    cube 1980.55.61.37 (depth 3, 30 lits): UNSAT in 0.04s
    cube 1980.55.61.38 (depth 3, 30 lits): UNSAT in 0.13s
    cube 1980.55.61.39 (depth 3, 30 lits): UNSAT in 0.33s
    cube 1980.55.61.40 (depth 3, 30 lits): UNSAT in 0.01s
    cube 1980.55.61.41 (depth 3, 30 lits): UNSAT in 0.03s
    cube 1980.55.61.42 (depth 3, 30 lits): UNSAT in 0.08s
    cube 1980.55.61.43 (depth 3, 30 lits): UNSAT in 0.19s
    cube 1980.55.61.44 (depth 3, 30 lits): UNSAT in 0.09s
    cube 1980.55.61.45 (depth 3, 30 lits): UNSAT in 0.55s
    cube 1980.55.61.46 (depth 3, 30 lits): UNSAT in 0.31s
    cube 1980.55.61.47 (depth 3, 30 lits): UNSAT in 2.41s
    cube 1980.55.61.48 (depth 3, 30 lits): UNSAT in 0.06s
    cube 1980.55.61.49 (depth 3, 30 lits): UNSAT in 0.06s
    cube 1980.55.61.50 (depth 3, 30 lits): UNSAT in 0.07s
    cube 1980.55.61.51 (depth 3, 30 lits): UNSAT in 0.17s
    cube 1980.55.61.52 (depth 3, 30 lits): UNSAT in 0.13s
    cube 1980.55.61.53 (depth 3, 30 lits): UNSAT in 0.16s
    cube 1980.55.61.54 (depth 3, 30 lits): UNSAT in 0.18s
    cube 1980.55.61.55 (depth 3, 30 lits): UNSAT in 1.65s
    cube 1980.55.61.56 (depth 3, 30 lits): UNSAT in 0.04s
    cube 1980.55.61.57 (depth 3, 30 lits): UNSAT in 0.31s
    cube 1980.55.61.58 (depth 3, 30 lits): UNSAT in 0.83s
    cube 1980.55.61.59 (depth 3, 30 lits): UNSAT in 4.35s
    cube 1980.55.61.60 (depth 3, 30 lits): UNSAT in 1.06s
    cube 1980.55.61.61 (depth 3, 30 lits): UNSAT in 4.24s
    cube 1980.55.61.62 (depth 3, 30 lits): UNSAT in 2.51s
    cube 1980.55.61.63 (depth 3, 30 lits): UNSAT in 37.02s
    cube 1980.55.62 (depth 2, 24 lits): TIMEOUT in 60.03s
    cube 1980.55.62 TIMEOUT -> re-split into 63 sub-cubes (depth 3)
    cube 1980.55.62.0 (depth 3, 29 lits): UNSAT in 0.01s
    cube 1980.55.62.1 (depth 3, 30 lits): UNSAT in 0.01s
    cube 1980.55.62.2 (depth 3, 30 lits): UNSAT in 0.02s
    cube 1980.55.62.3 (depth 3, 30 lits): UNSAT in 0.01s
    cube 1980.55.62.4 (depth 3, 30 lits): UNSAT in 0.03s
    cube 1980.55.62.5 (depth 3, 30 lits): UNSAT in 0.03s
    cube 1980.55.62.6 (depth 3, 30 lits): UNSAT in 0.05s
    cube 1980.55.62.7 (depth 3, 30 lits): UNSAT in 0.01s
    cube 1980.55.62.8 (depth 3, 30 lits): UNSAT in 0.01s
    cube 1980.55.62.9 (depth 3, 30 lits): UNSAT in 0.02s
    cube 1980.55.62.10 (depth 3, 30 lits): UNSAT in 0.03s
    cube 1980.55.62.11 (depth 3, 30 lits): UNSAT in 0.02s
    cube 1980.55.62.12 (depth 3, 30 lits): UNSAT in 0.06s
    cube 1980.55.62.13 (depth 3, 30 lits): UNSAT in 0.07s
    cube 1980.55.62.14 (depth 3, 30 lits): UNSAT in 0.10s
    cube 1980.55.62.15 (depth 3, 30 lits): UNSAT in 0.03s
    cube 1980.55.62.16 (depth 3, 30 lits): UNSAT in 0.03s
    cube 1980.55.62.17 (depth 3, 30 lits): UNSAT in 0.03s
    cube 1980.55.62.18 (depth 3, 30 lits): UNSAT in 0.18s
    cube 1980.55.62.19 (depth 3, 30 lits): UNSAT in 0.13s
    cube 1980.55.62.20 (depth 3, 30 lits): UNSAT in 0.42s
    cube 1980.55.62.21 (depth 3, 30 lits): UNSAT in 0.26s
    cube 1980.55.62.22 (depth 3, 30 lits): UNSAT in 0.52s
    cube 1980.55.62.23 (depth 3, 30 lits): UNSAT in 0.05s
    cube 1980.55.62.24 (depth 3, 30 lits): UNSAT in 0.13s
    cube 1980.55.62.25 (depth 3, 30 lits): UNSAT in 0.11s
    cube 1980.55.62.26 (depth 3, 30 lits): UNSAT in 0.76s
    cube 1980.55.62.27 (depth 3, 30 lits): UNSAT in 0.30s
    cube 1980.55.62.28 (depth 3, 30 lits): UNSAT in 0.81s
    cube 1980.55.62.29 (depth 3, 30 lits): UNSAT in 1.15s
    cube 1980.55.62.30 (depth 3, 30 lits): UNSAT in 6.42s
    cube 1980.55.62.31 (depth 3, 30 lits): UNSAT in 0.02s
    cube 1980.55.62.32 (depth 3, 30 lits): UNSAT in 0.02s
    cube 1980.55.62.33 (depth 3, 30 lits): UNSAT in 0.02s
    cube 1980.55.62.34 (depth 3, 30 lits): UNSAT in 0.07s
    cube 1980.55.62.35 (depth 3, 30 lits): UNSAT in 0.02s
    cube 1980.55.62.36 (depth 3, 30 lits): UNSAT in 0.10s
    cube 1980.55.62.37 (depth 3, 30 lits): UNSAT in 0.10s
    cube 1980.55.62.38 (depth 3, 30 lits): UNSAT in 0.28s
    cube 1980.55.62.39 (depth 3, 30 lits): UNSAT in 0.03s
    cube 1980.55.62.40 (depth 3, 30 lits): UNSAT in 0.04s
    cube 1980.55.62.41 (depth 3, 30 lits): UNSAT in 0.04s
    cube 1980.55.62.42 (depth 3, 30 lits): UNSAT in 0.11s
    cube 1980.55.62.43 (depth 3, 30 lits): UNSAT in 0.13s
    cube 1980.55.62.44 (depth 3, 30 lits): UNSAT in 0.69s
    cube 1980.55.62.45 (depth 3, 30 lits): UNSAT in 1.00s
    cube 1980.55.62.46 (depth 3, 30 lits): UNSAT in 6.28s
    cube 1980.55.62.47 (depth 3, 30 lits): UNSAT in 0.03s
    cube 1980.55.62.48 (depth 3, 30 lits): UNSAT in 0.03s
    cube 1980.55.62.49 (depth 3, 30 lits): UNSAT in 0.03s
    cube 1980.55.62.50 (depth 3, 30 lits): UNSAT in 0.09s
    cube 1980.55.62.51 (depth 3, 30 lits): UNSAT in 0.10s
    cube 1980.55.62.52 (depth 3, 30 lits): UNSAT in 0.26s
    cube 1980.55.62.53 (depth 3, 30 lits): UNSAT in 0.20s
    cube 1980.55.62.54 (depth 3, 30 lits): UNSAT in 2.62s
    cube 1980.55.62.55 (depth 3, 30 lits): UNSAT in 0.11s
    cube 1980.55.62.56 (depth 3, 30 lits): UNSAT in 0.14s
    cube 1980.55.62.57 (depth 3, 30 lits): UNSAT in 0.27s
    cube 1980.55.62.58 (depth 3, 30 lits): UNSAT in 0.58s
    cube 1980.55.62.59 (depth 3, 30 lits): UNSAT in 0.41s
    cube 1980.55.62.60 (depth 3, 30 lits): UNSAT in 4.23s
    cube 1980.55.62.61 (depth 3, 30 lits): UNSAT in 4.00s
    cube 1980.55.62.62 (depth 3, 30 lits): UNSAT in 37.23s
    cube 1980.55.63 (depth 2, 24 lits): TIMEOUT in 60.04s
    cube 1980.55.63 TIMEOUT -> re-split into 64 sub-cubes (depth 3)
    cube 1980.55.63.0 (depth 3, 30 lits): UNSAT in 0.02s
    cube 1980.55.63.1 (depth 3, 30 lits): UNSAT in 0.02s
    cube 1980.55.63.2 (depth 3, 30 lits): UNSAT in 0.01s
    cube 1980.55.63.3 (depth 3, 30 lits): UNSAT in 0.02s
    cube 1980.55.63.4 (depth 3, 30 lits): UNSAT in 0.01s
    cube 1980.55.63.5 (depth 3, 30 lits): UNSAT in 0.06s
    cube 1980.55.63.6 (depth 3, 30 lits): UNSAT in 0.04s
    cube 1980.55.63.7 (depth 3, 30 lits): UNSAT in 0.06s
    cube 1980.55.63.8 (depth 3, 30 lits): UNSAT in 0.02s
    cube 1980.55.63.9 (depth 3, 30 lits): UNSAT in 0.06s
    cube 1980.55.63.10 (depth 3, 30 lits): UNSAT in 0.02s
    cube 1980.55.63.11 (depth 3, 30 lits): UNSAT in 0.06s
    cube 1980.55.63.12 (depth 3, 30 lits): UNSAT in 0.03s
    cube 1980.55.63.13 (depth 3, 30 lits): UNSAT in 0.03s
    cube 1980.55.63.14 (depth 3, 30 lits): UNSAT in 0.05s
    cube 1980.55.63.15 (depth 3, 30 lits): UNSAT in 0.26s
    cube 1980.55.63.16 (depth 3, 30 lits): UNSAT in 0.02s
    cube 1980.55.63.17 (depth 3, 30 lits): UNSAT in 0.01s
    cube 1980.55.63.18 (depth 3, 30 lits): UNSAT in 0.02s
    cube 1980.55.63.19 (depth 3, 30 lits): UNSAT in 0.02s
    cube 1980.55.63.20 (depth 3, 30 lits): UNSAT in 0.02s
    cube 1980.55.63.21 (depth 3, 30 lits): UNSAT in 0.03s
    cube 1980.55.63.22 (depth 3, 30 lits): UNSAT in 0.02s
    cube 1980.55.63.23 (depth 3, 30 lits): UNSAT in 0.04s
    cube 1980.55.63.24 (depth 3, 30 lits): UNSAT in 0.02s
    cube 1980.55.63.25 (depth 3, 30 lits): UNSAT in 0.11s
    cube 1980.55.63.26 (depth 3, 30 lits): UNSAT in 0.05s
    cube 1980.55.63.27 (depth 3, 30 lits): UNSAT in 0.17s
    cube 1980.55.63.28 (depth 3, 30 lits): UNSAT in 0.13s
    cube 1980.55.63.29 (depth 3, 30 lits): UNSAT in 0.13s
    cube 1980.55.63.30 (depth 3, 30 lits): UNSAT in 0.25s
    cube 1980.55.63.31 (depth 3, 30 lits): UNSAT in 2.91s
    cube 1980.55.63.32 (depth 3, 30 lits): UNSAT in 0.02s
    cube 1980.55.63.33 (depth 3, 30 lits): UNSAT in 0.02s
    cube 1980.55.63.34 (depth 3, 30 lits): UNSAT in 0.02s
    cube 1980.55.63.35 (depth 3, 30 lits): UNSAT in 0.03s
    cube 1980.55.63.36 (depth 3, 30 lits): UNSAT in 0.01s
    cube 1980.55.63.37 (depth 3, 30 lits): UNSAT in 0.03s
    cube 1980.55.63.38 (depth 3, 30 lits): UNSAT in 0.03s
    cube 1980.55.63.39 (depth 3, 30 lits): UNSAT in 0.06s
    cube 1980.55.63.40 (depth 3, 30 lits): UNSAT in 0.04s
    cube 1980.55.63.41 (depth 3, 30 lits): UNSAT in 0.04s
    cube 1980.55.63.42 (depth 3, 30 lits): UNSAT in 0.02s
    cube 1980.55.63.43 (depth 3, 30 lits): UNSAT in 0.08s
    cube 1980.55.63.44 (depth 3, 30 lits): UNSAT in 0.01s
    cube 1980.55.63.45 (depth 3, 30 lits): UNSAT in 0.07s
    cube 1980.55.63.46 (depth 3, 30 lits): UNSAT in 0.05s
    cube 1980.55.63.47 (depth 3, 30 lits): UNSAT in 0.33s
    cube 1980.55.63.48 (depth 3, 30 lits): UNSAT in 0.02s
    cube 1980.55.63.49 (depth 3, 30 lits): UNSAT in 0.11s
    cube 1980.55.63.50 (depth 3, 30 lits): UNSAT in 0.10s
    cube 1980.55.63.51 (depth 3, 30 lits): UNSAT in 0.66s
    cube 1980.55.63.52 (depth 3, 30 lits): UNSAT in 0.04s
    cube 1980.55.63.53 (depth 3, 30 lits): UNSAT in 0.14s
    cube 1980.55.63.54 (depth 3, 30 lits): UNSAT in 0.17s
    cube 1980.55.63.55 (depth 3, 30 lits): UNSAT in 1.38s
    cube 1980.55.63.56 (depth 3, 30 lits): UNSAT in 0.19s
    cube 1980.55.63.57 (depth 3, 30 lits): UNSAT in 0.29s
    cube 1980.55.63.58 (depth 3, 30 lits): UNSAT in 0.15s
    cube 1980.55.63.59 (depth 3, 30 lits): UNSAT in 2.48s
    cube 1980.55.63.60 (depth 3, 30 lits): UNSAT in 0.15s
    cube 1980.55.63.61 (depth 3, 30 lits): UNSAT in 2.08s
    cube 1980.55.63.62 (depth 3, 30 lits): UNSAT in 2.90s
    cube 1980.55.63.63 (depth 3, 30 lits): UNSAT in 42.07s
    cube 1980.56 (depth 1, 18 lits): UNSAT in 35.53s
    cube 1980.57 (depth 1, 18 lits): TIMEOUT in 60.06s
    cube 1980.57 TIMEOUT -> re-split into 63 sub-cubes (depth 2)
    cube 1980.57.0 (depth 2, 24 lits): UNSAT in 0.02s
    cube 1980.57.1 (depth 2, 24 lits): UNSAT in 0.02s
    cube 1980.57.2 (depth 2, 23 lits): UNSAT in 0.02s
    cube 1980.57.3 (depth 2, 24 lits): UNSAT in 0.02s
    cube 1980.57.4 (depth 2, 24 lits): UNSAT in 0.02s
    cube 1980.57.5 (depth 2, 24 lits): UNSAT in 0.02s
    cube 1980.57.6 (depth 2, 24 lits): UNSAT in 0.04s
    cube 1980.57.7 (depth 2, 24 lits): UNSAT in 0.02s
    cube 1980.57.8 (depth 2, 24 lits): UNSAT in 0.08s
    cube 1980.57.9 (depth 2, 24 lits): UNSAT in 0.03s
    cube 1980.57.10 (depth 2, 24 lits): UNSAT in 0.31s
    cube 1980.57.11 (depth 2, 24 lits): UNSAT in 0.02s
    cube 1980.57.12 (depth 2, 24 lits): UNSAT in 0.09s
    cube 1980.57.13 (depth 2, 24 lits): UNSAT in 0.18s
    cube 1980.57.14 (depth 2, 24 lits): UNSAT in 1.19s
    cube 1980.57.15 (depth 2, 24 lits): UNSAT in 0.03s
    cube 1980.57.16 (depth 2, 24 lits): UNSAT in 0.04s
    cube 1980.57.17 (depth 2, 24 lits): UNSAT in 0.02s
    cube 1980.57.18 (depth 2, 24 lits): UNSAT in 0.04s
    cube 1980.57.19 (depth 2, 24 lits): UNSAT in 0.07s
    cube 1980.57.20 (depth 2, 24 lits): UNSAT in 0.14s
    cube 1980.57.21 (depth 2, 24 lits): UNSAT in 0.08s
    cube 1980.57.22 (depth 2, 24 lits): UNSAT in 0.12s
    cube 1980.57.23 (depth 2, 24 lits): UNSAT in 0.08s
    cube 1980.57.24 (depth 2, 24 lits): UNSAT in 0.20s
    cube 1980.57.25 (depth 2, 24 lits): UNSAT in 0.11s
    cube 1980.57.26 (depth 2, 24 lits): UNSAT in 0.19s
    cube 1980.57.27 (depth 2, 24 lits): UNSAT in 0.16s
    cube 1980.57.28 (depth 2, 24 lits): UNSAT in 0.50s
    cube 1980.57.29 (depth 2, 24 lits): UNSAT in 1.33s
    cube 1980.57.30 (depth 2, 24 lits): UNSAT in 2.35s
    cube 1980.57.31 (depth 2, 24 lits): UNSAT in 0.02s
    cube 1980.57.32 (depth 2, 24 lits): UNSAT in 0.03s
    cube 1980.57.33 (depth 2, 24 lits): UNSAT in 0.03s
    cube 1980.57.34 (depth 2, 24 lits): UNSAT in 0.07s
    cube 1980.57.35 (depth 2, 24 lits): UNSAT in 0.02s
    cube 1980.57.36 (depth 2, 24 lits): UNSAT in 0.10s
    cube 1980.57.37 (depth 2, 24 lits): UNSAT in 0.08s
    cube 1980.57.38 (depth 2, 24 lits): UNSAT in 0.25s
    cube 1980.57.39 (depth 2, 24 lits): UNSAT in 0.09s
    cube 1980.57.40 (depth 2, 24 lits): UNSAT in 0.06s
    cube 1980.57.41 (depth 2, 24 lits): UNSAT in 0.19s
    cube 1980.57.42 (depth 2, 24 lits): UNSAT in 0.35s
    cube 1980.57.43 (depth 2, 24 lits): UNSAT in 0.08s
    cube 1980.57.44 (depth 2, 24 lits): UNSAT in 0.96s
    cube 1980.57.45 (depth 2, 24 lits): UNSAT in 0.35s
    cube 1980.57.46 (depth 2, 24 lits): UNSAT in 1.95s
    cube 1980.57.47 (depth 2, 24 lits): UNSAT in 0.04s
    cube 1980.57.48 (depth 2, 24 lits): UNSAT in 0.05s
    cube 1980.57.49 (depth 2, 24 lits): UNSAT in 0.12s
    cube 1980.57.50 (depth 2, 24 lits): UNSAT in 0.97s
    cube 1980.57.51 (depth 2, 24 lits): UNSAT in 0.24s
    cube 1980.57.52 (depth 2, 24 lits): UNSAT in 0.98s
    cube 1980.57.53 (depth 2, 24 lits): UNSAT in 1.85s
    cube 1980.57.54 (depth 2, 24 lits): UNSAT in 7.35s
    cube 1980.57.55 (depth 2, 24 lits): UNSAT in 0.27s
    cube 1980.57.56 (depth 2, 24 lits): UNSAT in 1.41s
    cube 1980.57.57 (depth 2, 24 lits): UNSAT in 0.52s
    cube 1980.57.58 (depth 2, 24 lits): UNSAT in 3.17s
    cube 1980.57.59 (depth 2, 24 lits): UNSAT in 0.39s
    cube 1980.57.60 (depth 2, 24 lits): UNSAT in 7.91s
    cube 1980.57.61 (depth 2, 24 lits): UNSAT in 7.24s
    cube 1980.57.62 (depth 2, 24 lits): TIMEOUT in 60.00s
    cube 1980.57.62 TIMEOUT -> re-split into 61 sub-cubes (depth 3)
    cube 1980.57.62.0 (depth 3, 28 lits): UNSAT in 0.02s
    cube 1980.57.62.1 (depth 3, 30 lits): UNSAT in 0.02s
    cube 1980.57.62.2 (depth 3, 30 lits): UNSAT in 0.04s
    cube 1980.57.62.3 (depth 3, 30 lits): UNSAT in 0.04s
    cube 1980.57.62.4 (depth 3, 30 lits): UNSAT in 0.09s
    cube 1980.57.62.5 (depth 3, 30 lits): UNSAT in 0.03s
    cube 1980.57.62.6 (depth 3, 30 lits): UNSAT in 0.03s
    cube 1980.57.62.7 (depth 3, 30 lits): UNSAT in 0.12s
    cube 1980.57.62.8 (depth 3, 30 lits): UNSAT in 0.16s
    cube 1980.57.62.9 (depth 3, 30 lits): UNSAT in 0.03s
    cube 1980.57.62.10 (depth 3, 30 lits): UNSAT in 0.10s
    cube 1980.57.62.11 (depth 3, 30 lits): UNSAT in 0.15s
    cube 1980.57.62.12 (depth 3, 30 lits): UNSAT in 0.12s
    cube 1980.57.62.13 (depth 3, 30 lits): UNSAT in 0.02s
    cube 1980.57.62.14 (depth 3, 30 lits): UNSAT in 0.04s
    cube 1980.57.62.15 (depth 3, 30 lits): UNSAT in 0.03s
    cube 1980.57.62.16 (depth 3, 30 lits): UNSAT in 0.08s
    cube 1980.57.62.17 (depth 3, 30 lits): UNSAT in 0.04s
    cube 1980.57.62.18 (depth 3, 30 lits): UNSAT in 0.07s
    cube 1980.57.62.19 (depth 3, 30 lits): UNSAT in 0.05s
    cube 1980.57.62.20 (depth 3, 30 lits): UNSAT in 0.20s
    cube 1980.57.62.21 (depth 3, 30 lits): UNSAT in 0.02s
    cube 1980.57.62.22 (depth 3, 30 lits): UNSAT in 0.03s
    cube 1980.57.62.23 (depth 3, 30 lits): UNSAT in 0.10s
    cube 1980.57.62.24 (depth 3, 30 lits): UNSAT in 0.16s
    cube 1980.57.62.25 (depth 3, 30 lits): UNSAT in 0.20s
    cube 1980.57.62.26 (depth 3, 30 lits): UNSAT in 1.02s
    cube 1980.57.62.27 (depth 3, 30 lits): UNSAT in 1.13s
    cube 1980.57.62.28 (depth 3, 30 lits): UNSAT in 4.00s
    cube 1980.57.62.29 (depth 3, 30 lits): UNSAT in 0.03s
    cube 1980.57.62.30 (depth 3, 30 lits): UNSAT in 0.08s
    cube 1980.57.62.31 (depth 3, 30 lits): UNSAT in 0.05s
    cube 1980.57.62.32 (depth 3, 30 lits): UNSAT in 0.20s
    cube 1980.57.62.33 (depth 3, 30 lits): UNSAT in 0.35s
    cube 1980.57.62.34 (depth 3, 30 lits): UNSAT in 0.76s
    cube 1980.57.62.35 (depth 3, 30 lits): UNSAT in 0.17s
    cube 1980.57.62.36 (depth 3, 30 lits): UNSAT in 0.63s
    cube 1980.57.62.37 (depth 3, 30 lits): UNSAT in 0.06s
    cube 1980.57.62.38 (depth 3, 30 lits): UNSAT in 0.19s
    cube 1980.57.62.39 (depth 3, 30 lits): UNSAT in 0.22s
    cube 1980.57.62.40 (depth 3, 30 lits): UNSAT in 1.24s
    cube 1980.57.62.41 (depth 3, 30 lits): UNSAT in 0.42s
    cube 1980.57.62.42 (depth 3, 30 lits): UNSAT in 0.70s
    cube 1980.57.62.43 (depth 3, 30 lits): UNSAT in 0.61s
    cube 1980.57.62.44 (depth 3, 30 lits): UNSAT in 1.42s
    cube 1980.57.62.45 (depth 3, 30 lits): UNSAT in 0.06s
    cube 1980.57.62.46 (depth 3, 30 lits): UNSAT in 0.17s
    cube 1980.57.62.47 (depth 3, 30 lits): UNSAT in 0.12s
    cube 1980.57.62.48 (depth 3, 30 lits): UNSAT in 0.57s
    cube 1980.57.62.49 (depth 3, 30 lits): UNSAT in 0.10s
    cube 1980.57.62.50 (depth 3, 30 lits): UNSAT in 0.53s
    cube 1980.57.62.51 (depth 3, 30 lits): UNSAT in 3.17s
    cube 1980.57.62.52 (depth 3, 30 lits): UNSAT in 10.75s
    cube 1980.57.62.53 (depth 3, 30 lits): UNSAT in 0.03s
    cube 1980.57.62.54 (depth 3, 30 lits): UNSAT in 0.11s
    cube 1980.57.62.55 (depth 3, 30 lits): UNSAT in 0.09s
    cube 1980.57.62.56 (depth 3, 30 lits): UNSAT in 0.85s
    cube 1980.57.62.57 (depth 3, 30 lits): UNSAT in 0.26s
    cube 1980.57.62.58 (depth 3, 30 lits): UNSAT in 2.63s
    cube 1980.57.62.59 (depth 3, 30 lits): UNSAT in 2.17s
    cube 1980.57.62.60 (depth 3, 30 lits): UNSAT in 4.61s
    cube 1980.58 (depth 1, 18 lits): TIMEOUT in 60.06s
    cube 1980.58 TIMEOUT -> re-split into 64 sub-cubes (depth 2)
    cube 1980.58.0 (depth 2, 24 lits): UNSAT in 0.02s
    cube 1980.58.1 (depth 2, 24 lits): UNSAT in 0.02s
    cube 1980.58.2 (depth 2, 24 lits): UNSAT in 0.01s
    cube 1980.58.3 (depth 2, 24 lits): UNSAT in 0.03s
    cube 1980.58.4 (depth 2, 24 lits): UNSAT in 0.02s
    cube 1980.58.5 (depth 2, 24 lits): UNSAT in 0.02s
    cube 1980.58.6 (depth 2, 24 lits): UNSAT in 0.05s
    cube 1980.58.7 (depth 2, 24 lits): UNSAT in 0.08s
    cube 1980.58.8 (depth 2, 24 lits): UNSAT in 0.02s
    cube 1980.58.9 (depth 2, 24 lits): UNSAT in 0.02s
    cube 1980.58.10 (depth 2, 24 lits): UNSAT in 0.03s
    cube 1980.58.11 (depth 2, 24 lits): UNSAT in 0.05s
    cube 1980.58.12 (depth 2, 24 lits): UNSAT in 0.03s
    cube 1980.58.13 (depth 2, 24 lits): UNSAT in 0.04s
    cube 1980.58.14 (depth 2, 24 lits): UNSAT in 0.07s
    cube 1980.58.15 (depth 2, 24 lits): UNSAT in 0.80s
    cube 1980.58.16 (depth 2, 24 lits): UNSAT in 0.02s
    cube 1980.58.17 (depth 2, 24 lits): UNSAT in 0.01s
    cube 1980.58.18 (depth 2, 24 lits): UNSAT in 0.02s
    cube 1980.58.19 (depth 2, 24 lits): UNSAT in 0.06s
    cube 1980.58.20 (depth 2, 24 lits): UNSAT in 0.05s
    cube 1980.58.21 (depth 2, 24 lits): UNSAT in 0.08s
    cube 1980.58.22 (depth 2, 24 lits): UNSAT in 0.04s
    cube 1980.58.23 (depth 2, 24 lits): UNSAT in 0.50s
    cube 1980.58.24 (depth 2, 24 lits): UNSAT in 0.09s
    cube 1980.58.25 (depth 2, 24 lits): UNSAT in 0.07s
    cube 1980.58.26 (depth 2, 24 lits): UNSAT in 0.14s
    cube 1980.58.27 (depth 2, 24 lits): UNSAT in 0.29s
    cube 1980.58.28 (depth 2, 24 lits): UNSAT in 0.10s
    cube 1980.58.29 (depth 2, 24 lits): UNSAT in 0.27s
    cube 1980.58.30 (depth 2, 24 lits): UNSAT in 0.38s
    cube 1980.58.31 (depth 2, 24 lits): UNSAT in 0.96s
    cube 1980.58.32 (depth 2, 24 lits): UNSAT in 0.04s
    cube 1980.58.33 (depth 2, 24 lits): UNSAT in 0.05s
    cube 1980.58.34 (depth 2, 24 lits): UNSAT in 0.05s
    cube 1980.58.35 (depth 2, 24 lits): UNSAT in 0.25s
    cube 1980.58.36 (depth 2, 24 lits): UNSAT in 0.02s
    cube 1980.58.37 (depth 2, 24 lits): UNSAT in 0.10s
    cube 1980.58.38 (depth 2, 24 lits): UNSAT in 0.13s
    cube 1980.58.39 (depth 2, 24 lits): UNSAT in 0.21s
    cube 1980.58.40 (depth 2, 24 lits): UNSAT in 0.07s
    cube 1980.58.41 (depth 2, 24 lits): UNSAT in 0.06s
    cube 1980.58.42 (depth 2, 24 lits): UNSAT in 0.04s
    cube 1980.58.43 (depth 2, 24 lits): UNSAT in 0.24s
    cube 1980.58.44 (depth 2, 24 lits): UNSAT in 0.07s
    cube 1980.58.45 (depth 2, 24 lits): UNSAT in 0.12s
    cube 1980.58.46 (depth 2, 24 lits): UNSAT in 0.07s
    cube 1980.58.47 (depth 2, 24 lits): UNSAT in 0.10s
    cube 1980.58.48 (depth 2, 24 lits): UNSAT in 0.05s
    cube 1980.58.49 (depth 2, 24 lits): UNSAT in 0.37s
    cube 1980.58.50 (depth 2, 24 lits): UNSAT in 0.05s
    cube 1980.58.51 (depth 2, 24 lits): UNSAT in 0.25s
    cube 1980.58.52 (depth 2, 24 lits): UNSAT in 0.18s
    cube 1980.58.53 (depth 2, 24 lits): UNSAT in 0.35s
    cube 1980.58.54 (depth 2, 24 lits): UNSAT in 0.20s
    cube 1980.58.55 (depth 2, 24 lits): UNSAT in 0.54s
    cube 1980.58.56 (depth 2, 24 lits): UNSAT in 0.06s
    cube 1980.58.57 (depth 2, 24 lits): UNSAT in 0.14s
    cube 1980.58.58 (depth 2, 24 lits): UNSAT in 0.26s
    cube 1980.58.59 (depth 2, 24 lits): UNSAT in 0.27s
    cube 1980.58.60 (depth 2, 24 lits): UNSAT in 1.02s
    cube 1980.58.61 (depth 2, 24 lits): UNSAT in 4.82s
    cube 1980.58.62 (depth 2, 24 lits): UNSAT in 6.14s
    cube 1980.58.63 (depth 2, 24 lits): UNSAT in 35.93s
    cube 1980.59 (depth 1, 18 lits): TIMEOUT in 60.05s
    cube 1980.59 TIMEOUT -> re-split into 64 sub-cubes (depth 2)
    cube 1980.59.0 (depth 2, 24 lits): UNSAT in 0.02s
    cube 1980.59.1 (depth 2, 24 lits): UNSAT in 0.04s
    cube 1980.59.2 (depth 2, 24 lits): UNSAT in 0.02s
    cube 1980.59.3 (depth 2, 24 lits): UNSAT in 0.16s
    cube 1980.59.4 (depth 2, 24 lits): UNSAT in 0.05s
    cube 1980.59.5 (depth 2, 24 lits): UNSAT in 0.10s
    cube 1980.59.6 (depth 2, 24 lits): UNSAT in 0.19s
    cube 1980.59.7 (depth 2, 24 lits): UNSAT in 0.22s
    cube 1980.59.8 (depth 2, 24 lits): UNSAT in 0.02s
    cube 1980.59.9 (depth 2, 24 lits): UNSAT in 0.05s
    cube 1980.59.10 (depth 2, 24 lits): UNSAT in 0.19s
    cube 1980.59.11 (depth 2, 24 lits): UNSAT in 0.05s
    cube 1980.59.12 (depth 2, 24 lits): UNSAT in 0.23s
    cube 1980.59.13 (depth 2, 24 lits): UNSAT in 0.88s
    cube 1980.59.14 (depth 2, 24 lits): UNSAT in 1.06s
    cube 1980.59.15 (depth 2, 24 lits): UNSAT in 3.62s
    cube 1980.59.16 (depth 2, 24 lits): UNSAT in 0.04s
    cube 1980.59.17 (depth 2, 24 lits): UNSAT in 0.18s
    cube 1980.59.18 (depth 2, 24 lits): UNSAT in 0.12s
    cube 1980.59.19 (depth 2, 24 lits): UNSAT in 0.27s
    cube 1980.59.20 (depth 2, 24 lits): UNSAT in 0.16s
    cube 1980.59.21 (depth 2, 24 lits): UNSAT in 0.22s
    cube 1980.59.22 (depth 2, 24 lits): UNSAT in 0.20s
    cube 1980.59.23 (depth 2, 24 lits): UNSAT in 1.16s
    cube 1980.59.24 (depth 2, 24 lits): UNSAT in 0.11s
    cube 1980.59.25 (depth 2, 24 lits): UNSAT in 1.39s
    cube 1980.59.26 (depth 2, 24 lits): UNSAT in 0.24s
    cube 1980.59.27 (depth 2, 24 lits): UNSAT in 1.01s
    cube 1980.59.28 (depth 2, 24 lits): UNSAT in 0.26s
    cube 1980.59.29 (depth 2, 24 lits): UNSAT in 1.51s
    cube 1980.59.30 (depth 2, 24 lits): UNSAT in 2.52s
    cube 1980.59.31 (depth 2, 24 lits): UNSAT in 7.81s
    cube 1980.59.32 (depth 2, 24 lits): UNSAT in 0.06s
    cube 1980.59.33 (depth 2, 24 lits): UNSAT in 0.09s
    cube 1980.59.34 (depth 2, 24 lits): UNSAT in 0.09s
    cube 1980.59.35 (depth 2, 24 lits): UNSAT in 0.18s
    cube 1980.59.36 (depth 2, 24 lits): UNSAT in 0.20s
    cube 1980.59.37 (depth 2, 24 lits): UNSAT in 1.30s
    cube 1980.59.38 (depth 2, 24 lits): UNSAT in 0.16s
    cube 1980.59.39 (depth 2, 24 lits): UNSAT in 1.58s
    cube 1980.59.40 (depth 2, 24 lits): UNSAT in 0.39s
    cube 1980.59.41 (depth 2, 24 lits): UNSAT in 0.30s
    cube 1980.59.42 (depth 2, 24 lits): UNSAT in 0.14s
    cube 1980.59.43 (depth 2, 24 lits): UNSAT in 3.07s
    cube 1980.59.44 (depth 2, 24 lits): UNSAT in 0.19s
    cube 1980.59.45 (depth 2, 24 lits): UNSAT in 1.24s
    cube 1980.59.46 (depth 2, 24 lits): UNSAT in 1.02s
    cube 1980.59.47 (depth 2, 24 lits): UNSAT in 6.42s
    cube 1980.59.48 (depth 2, 24 lits): UNSAT in 0.10s
    cube 1980.59.49 (depth 2, 24 lits): UNSAT in 0.05s
    cube 1980.59.50 (depth 2, 24 lits): UNSAT in 0.04s
    cube 1980.59.51 (depth 2, 24 lits): UNSAT in 0.50s
    cube 1980.59.52 (depth 2, 24 lits): UNSAT in 0.12s
    cube 1980.59.53 (depth 2, 24 lits): UNSAT in 0.53s
    cube 1980.59.54 (depth 2, 24 lits): UNSAT in 1.71s
    cube 1980.59.55 (depth 2, 24 lits): UNSAT in 32.64s
    cube 1980.59.56 (depth 2, 24 lits): UNSAT in 1.29s
    cube 1980.59.57 (depth 2, 24 lits): UNSAT in 1.79s
    cube 1980.59.58 (depth 2, 24 lits): UNSAT in 1.22s
    cube 1980.59.59 (depth 2, 24 lits): UNSAT in 17.76s
    cube 1980.59.60 (depth 2, 24 lits): UNSAT in 4.62s
    cube 1980.59.61 (depth 2, 24 lits): TIMEOUT in 60.03s
    cube 1980.59.61 TIMEOUT -> re-split into 64 sub-cubes (depth 3)
    cube 1980.59.61.0 (depth 3, 30 lits): UNSAT in 0.01s
    cube 1980.59.61.1 (depth 3, 30 lits): UNSAT in 0.02s
    cube 1980.59.61.2 (depth 3, 30 lits): UNSAT in 0.02s
    cube 1980.59.61.3 (depth 3, 30 lits): UNSAT in 0.05s
    cube 1980.59.61.4 (depth 3, 30 lits): UNSAT in 0.02s
    cube 1980.59.61.5 (depth 3, 30 lits): UNSAT in 0.05s
    cube 1980.59.61.6 (depth 3, 30 lits): UNSAT in 0.03s
    cube 1980.59.61.7 (depth 3, 30 lits): UNSAT in 0.13s
    cube 1980.59.61.8 (depth 3, 30 lits): UNSAT in 0.02s
    cube 1980.59.61.9 (depth 3, 30 lits): UNSAT in 0.02s
    cube 1980.59.61.10 (depth 3, 30 lits): UNSAT in 0.07s
    cube 1980.59.61.11 (depth 3, 30 lits): UNSAT in 0.12s
    cube 1980.59.61.12 (depth 3, 30 lits): UNSAT in 0.03s
    cube 1980.59.61.13 (depth 3, 30 lits): UNSAT in 0.16s
    cube 1980.59.61.14 (depth 3, 30 lits): UNSAT in 0.05s
    cube 1980.59.61.15 (depth 3, 30 lits): UNSAT in 0.10s
    cube 1980.59.61.16 (depth 3, 30 lits): UNSAT in 0.02s
    cube 1980.59.61.17 (depth 3, 30 lits): UNSAT in 0.02s
    cube 1980.59.61.18 (depth 3, 30 lits): UNSAT in 0.02s
    cube 1980.59.61.19 (depth 3, 30 lits): UNSAT in 0.02s
    cube 1980.59.61.20 (depth 3, 30 lits): UNSAT in 0.02s
    cube 1980.59.61.21 (depth 3, 30 lits): UNSAT in 0.02s
    cube 1980.59.61.22 (depth 3, 30 lits): UNSAT in 0.04s
    cube 1980.59.61.23 (depth 3, 30 lits): UNSAT in 0.02s
    cube 1980.59.61.24 (depth 3, 30 lits): UNSAT in 0.02s
    cube 1980.59.61.25 (depth 3, 30 lits): UNSAT in 0.02s
    cube 1980.59.61.26 (depth 3, 30 lits): UNSAT in 0.03s
    cube 1980.59.61.27 (depth 3, 30 lits): UNSAT in 0.04s
    cube 1980.59.61.28 (depth 3, 30 lits): UNSAT in 0.04s
    cube 1980.59.61.29 (depth 3, 30 lits): UNSAT in 0.08s
    cube 1980.59.61.30 (depth 3, 30 lits): UNSAT in 0.16s
    cube 1980.59.61.31 (depth 3, 30 lits): UNSAT in 0.12s
    cube 1980.59.61.32 (depth 3, 30 lits): UNSAT in 0.02s
    cube 1980.59.61.33 (depth 3, 30 lits): UNSAT in 0.03s
    cube 1980.59.61.34 (depth 3, 30 lits): UNSAT in 0.03s
    cube 1980.59.61.35 (depth 3, 30 lits): UNSAT in 0.04s
    cube 1980.59.61.36 (depth 3, 30 lits): UNSAT in 0.02s
    cube 1980.59.61.37 (depth 3, 30 lits): UNSAT in 0.04s
    cube 1980.59.61.38 (depth 3, 30 lits): UNSAT in 0.04s
    cube 1980.59.61.39 (depth 3, 30 lits): UNSAT in 0.11s
    cube 1980.59.61.40 (depth 3, 30 lits): UNSAT in 0.07s
    cube 1980.59.61.41 (depth 3, 30 lits): UNSAT in 0.08s
    cube 1980.59.61.42 (depth 3, 30 lits): UNSAT in 0.05s
    cube 1980.59.61.43 (depth 3, 30 lits): UNSAT in 0.07s
    cube 1980.59.61.44 (depth 3, 30 lits): UNSAT in 0.11s
    cube 1980.59.61.45 (depth 3, 30 lits): UNSAT in 0.07s
    cube 1980.59.61.46 (depth 3, 30 lits): UNSAT in 0.06s
    cube 1980.59.61.47 (depth 3, 30 lits): UNSAT in 0.85s
    cube 1980.59.61.48 (depth 3, 30 lits): UNSAT in 0.04s
    cube 1980.59.61.49 (depth 3, 30 lits): UNSAT in 0.16s
    cube 1980.59.61.50 (depth 3, 30 lits): UNSAT in 0.19s
    cube 1980.59.61.51 (depth 3, 30 lits): UNSAT in 0.67s
    cube 1980.59.61.52 (depth 3, 30 lits): UNSAT in 0.02s
    cube 1980.59.61.53 (depth 3, 30 lits): UNSAT in 0.10s
    cube 1980.59.61.54 (depth 3, 30 lits): UNSAT in 0.17s
    cube 1980.59.61.55 (depth 3, 30 lits): UNSAT in 0.65s
    cube 1980.59.61.56 (depth 3, 30 lits): UNSAT in 0.07s
    cube 1980.59.61.57 (depth 3, 30 lits): UNSAT in 0.13s
    cube 1980.59.61.58 (depth 3, 30 lits): UNSAT in 0.23s
    cube 1980.59.61.59 (depth 3, 30 lits): UNSAT in 1.06s
    cube 1980.59.61.60 (depth 3, 30 lits): UNSAT in 0.93s
    cube 1980.59.61.61 (depth 3, 30 lits): UNSAT in 7.25s
    cube 1980.59.61.62 (depth 3, 30 lits): UNSAT in 6.49s
    cube 1980.59.61.63 (depth 3, 30 lits): UNSAT in 40.63s
    cube 1980.59.62 (depth 2, 24 lits): TIMEOUT in 60.04s
    cube 1980.59.62 TIMEOUT -> re-split into 63 sub-cubes (depth 3)
    cube 1980.59.62.0 (depth 3, 29 lits): UNSAT in 0.02s
    cube 1980.59.62.1 (depth 3, 30 lits): UNSAT in 0.02s
    cube 1980.59.62.2 (depth 3, 30 lits): UNSAT in 0.02s
    cube 1980.59.62.3 (depth 3, 30 lits): UNSAT in 0.03s
    cube 1980.59.62.4 (depth 3, 30 lits): UNSAT in 0.04s
    cube 1980.59.62.5 (depth 3, 30 lits): UNSAT in 0.02s
    cube 1980.59.62.6 (depth 3, 30 lits): UNSAT in 0.16s
    cube 1980.59.62.7 (depth 3, 30 lits): UNSAT in 0.05s
    cube 1980.59.62.8 (depth 3, 30 lits): UNSAT in 0.16s
    cube 1980.59.62.9 (depth 3, 30 lits): UNSAT in 0.09s
    cube 1980.59.62.10 (depth 3, 30 lits): UNSAT in 0.20s
    cube 1980.59.62.11 (depth 3, 30 lits): UNSAT in 0.13s
    cube 1980.59.62.12 (depth 3, 30 lits): UNSAT in 0.04s
    cube 1980.59.62.13 (depth 3, 30 lits): UNSAT in 0.08s
    cube 1980.59.62.14 (depth 3, 30 lits): UNSAT in 0.38s
    cube 1980.59.62.15 (depth 3, 30 lits): UNSAT in 0.02s
    cube 1980.59.62.16 (depth 3, 30 lits): UNSAT in 0.08s
    cube 1980.59.62.17 (depth 3, 30 lits): UNSAT in 0.08s
    cube 1980.59.62.18 (depth 3, 30 lits): UNSAT in 0.25s
    cube 1980.59.62.19 (depth 3, 30 lits): UNSAT in 0.02s
    cube 1980.59.62.20 (depth 3, 30 lits): UNSAT in 0.08s
    cube 1980.59.62.21 (depth 3, 30 lits): UNSAT in 0.15s
    cube 1980.59.62.22 (depth 3, 30 lits): UNSAT in 0.12s
    cube 1980.59.62.23 (depth 3, 30 lits): UNSAT in 0.17s
    cube 1980.59.62.24 (depth 3, 30 lits): UNSAT in 0.11s
    cube 1980.59.62.25 (depth 3, 30 lits): UNSAT in 0.07s
    cube 1980.59.62.26 (depth 3, 30 lits): UNSAT in 0.32s
    cube 1980.59.62.27 (depth 3, 30 lits): UNSAT in 0.11s
    cube 1980.59.62.28 (depth 3, 30 lits): UNSAT in 0.80s
    cube 1980.59.62.29 (depth 3, 30 lits): UNSAT in 0.79s
    cube 1980.59.62.30 (depth 3, 30 lits): UNSAT in 3.15s
    cube 1980.59.62.31 (depth 3, 30 lits): UNSAT in 0.03s
    cube 1980.59.62.32 (depth 3, 30 lits): UNSAT in 0.02s
    cube 1980.59.62.33 (depth 3, 30 lits): UNSAT in 0.03s
    cube 1980.59.62.34 (depth 3, 30 lits): UNSAT in 0.05s
    cube 1980.59.62.35 (depth 3, 30 lits): UNSAT in 0.03s
    cube 1980.59.62.36 (depth 3, 30 lits): UNSAT in 0.03s
    cube 1980.59.62.37 (depth 3, 30 lits): UNSAT in 0.09s
    cube 1980.59.62.38 (depth 3, 30 lits): UNSAT in 0.43s
    cube 1980.59.62.39 (depth 3, 30 lits): UNSAT in 0.02s
    cube 1980.59.62.40 (depth 3, 30 lits): UNSAT in 0.03s
    cube 1980.59.62.41 (depth 3, 30 lits): UNSAT in 0.05s
    cube 1980.59.62.42 (depth 3, 30 lits): UNSAT in 0.22s
    cube 1980.59.62.43 (depth 3, 30 lits): UNSAT in 0.04s
    cube 1980.59.62.44 (depth 3, 30 lits): UNSAT in 0.11s
    cube 1980.59.62.45 (depth 3, 30 lits): UNSAT in 0.21s
    cube 1980.59.62.46 (depth 3, 30 lits): UNSAT in 0.60s
    cube 1980.59.62.47 (depth 3, 30 lits): UNSAT in 0.07s
    cube 1980.59.62.48 (depth 3, 30 lits): UNSAT in 0.10s
    cube 1980.59.62.49 (depth 3, 30 lits): UNSAT in 0.11s
    cube 1980.59.62.50 (depth 3, 30 lits): UNSAT in 0.19s
    cube 1980.59.62.51 (depth 3, 30 lits): UNSAT in 0.12s
    cube 1980.59.62.52 (depth 3, 30 lits): UNSAT in 0.11s
    cube 1980.59.62.53 (depth 3, 30 lits): UNSAT in 0.02s
    cube 1980.59.62.54 (depth 3, 30 lits): UNSAT in 0.78s
    cube 1980.59.62.55 (depth 3, 30 lits): UNSAT in 0.02s
    cube 1980.59.62.56 (depth 3, 30 lits): UNSAT in 0.24s
    cube 1980.59.62.57 (depth 3, 30 lits): UNSAT in 0.14s
    cube 1980.59.62.58 (depth 3, 30 lits): UNSAT in 1.19s
    cube 1980.59.62.59 (depth 3, 30 lits): UNSAT in 0.23s
    cube 1980.59.62.60 (depth 3, 30 lits): UNSAT in 2.11s
    cube 1980.59.62.61 (depth 3, 30 lits): UNSAT in 5.16s
    cube 1980.59.62.62 (depth 3, 30 lits): UNSAT in 39.77s
    cube 1980.59.63 (depth 2, 24 lits): TIMEOUT in 60.04s
    cube 1980.59.63 TIMEOUT -> re-split into 64 sub-cubes (depth 3)
    cube 1980.59.63.0 (depth 3, 30 lits): UNSAT in 0.05s
    cube 1980.59.63.1 (depth 3, 30 lits): UNSAT in 0.05s
    cube 1980.59.63.2 (depth 3, 30 lits): UNSAT in 0.06s
    cube 1980.59.63.3 (depth 3, 30 lits): UNSAT in 0.10s
    cube 1980.59.63.4 (depth 3, 30 lits): UNSAT in 0.06s
    cube 1980.59.63.5 (depth 3, 30 lits): UNSAT in 0.07s
    cube 1980.59.63.6 (depth 3, 30 lits): UNSAT in 0.08s
    cube 1980.59.63.7 (depth 3, 30 lits): UNSAT in 0.07s
    cube 1980.59.63.8 (depth 3, 30 lits): UNSAT in 0.03s
    cube 1980.59.63.9 (depth 3, 30 lits): UNSAT in 0.04s
    cube 1980.59.63.10 (depth 3, 30 lits): UNSAT in 0.02s
    cube 1980.59.63.11 (depth 3, 30 lits): UNSAT in 0.09s
    cube 1980.59.63.12 (depth 3, 30 lits): UNSAT in 0.06s
    cube 1980.59.63.13 (depth 3, 30 lits): UNSAT in 0.18s
    cube 1980.59.63.14 (depth 3, 30 lits): UNSAT in 0.06s
    cube 1980.59.63.15 (depth 3, 30 lits): UNSAT in 0.26s
    cube 1980.59.63.16 (depth 3, 30 lits): UNSAT in 0.05s
    cube 1980.59.63.17 (depth 3, 30 lits): UNSAT in 0.10s
    cube 1980.59.63.18 (depth 3, 30 lits): UNSAT in 0.03s
    cube 1980.59.63.19 (depth 3, 30 lits): UNSAT in 0.04s
    cube 1980.59.63.20 (depth 3, 30 lits): UNSAT in 0.09s
    cube 1980.59.63.21 (depth 3, 30 lits): UNSAT in 0.26s
    cube 1980.59.63.22 (depth 3, 30 lits): UNSAT in 0.35s
    cube 1980.59.63.23 (depth 3, 30 lits): UNSAT in 0.59s
    cube 1980.59.63.24 (depth 3, 30 lits): UNSAT in 0.13s
    cube 1980.59.63.25 (depth 3, 30 lits): UNSAT in 0.68s
    cube 1980.59.63.26 (depth 3, 30 lits): UNSAT in 0.34s
    cube 1980.59.63.27 (depth 3, 30 lits): UNSAT in 2.76s
    cube 1980.59.63.28 (depth 3, 30 lits): UNSAT in 0.17s
    cube 1980.59.63.29 (depth 3, 30 lits): UNSAT in 2.85s
    cube 1980.59.63.30 (depth 3, 30 lits): UNSAT in 8.26s
    cube 1980.59.63.31 (depth 3, 30 lits): UNSAT in 19.68s
    cube 1980.59.63.32 (depth 3, 30 lits): UNSAT in 0.04s
    cube 1980.59.63.33 (depth 3, 30 lits): UNSAT in 0.06s
    cube 1980.59.63.34 (depth 3, 30 lits): UNSAT in 0.07s
    cube 1980.59.63.35 (depth 3, 30 lits): UNSAT in 0.07s
    cube 1980.59.63.36 (depth 3, 30 lits): UNSAT in 0.05s
    cube 1980.59.63.37 (depth 3, 30 lits): UNSAT in 0.12s
    cube 1980.59.63.38 (depth 3, 30 lits): UNSAT in 0.20s
    cube 1980.59.63.39 (depth 3, 30 lits): UNSAT in 1.22s
    cube 1980.59.63.40 (depth 3, 30 lits): UNSAT in 0.05s
    cube 1980.59.63.41 (depth 3, 30 lits): UNSAT in 0.11s
    cube 1980.59.63.42 (depth 3, 30 lits): UNSAT in 0.11s
    cube 1980.59.63.43 (depth 3, 30 lits): UNSAT in 0.12s
    cube 1980.59.63.44 (depth 3, 30 lits): UNSAT in 0.10s
    cube 1980.59.63.45 (depth 3, 30 lits): UNSAT in 0.96s
    cube 1980.59.63.46 (depth 3, 30 lits): UNSAT in 0.47s
    cube 1980.59.63.47 (depth 3, 30 lits): UNSAT in 3.59s
    cube 1980.59.63.48 (depth 3, 30 lits): UNSAT in 0.02s
    cube 1980.59.63.49 (depth 3, 30 lits): UNSAT in 0.04s
    cube 1980.59.63.50 (depth 3, 30 lits): UNSAT in 0.09s
    cube 1980.59.63.51 (depth 3, 30 lits): UNSAT in 0.32s
    cube 1980.59.63.52 (depth 3, 30 lits): UNSAT in 0.11s
    cube 1980.59.63.53 (depth 3, 30 lits): UNSAT in 0.21s
    cube 1980.59.63.54 (depth 3, 30 lits): UNSAT in 0.03s
    cube 1980.59.63.55 (depth 3, 30 lits): UNSAT in 1.04s
    cube 1980.59.63.56 (depth 3, 30 lits): UNSAT in 0.17s
    cube 1980.59.63.57 (depth 3, 30 lits): UNSAT in 0.50s
    cube 1980.59.63.58 (depth 3, 30 lits): UNSAT in 0.13s
    cube 1980.59.63.59 (depth 3, 30 lits): UNSAT in 1.00s
    cube 1980.59.63.60 (depth 3, 30 lits): UNSAT in 1.06s
    cube 1980.59.63.61 (depth 3, 30 lits): UNSAT in 3.03s
    cube 1980.59.63.62 (depth 3, 30 lits): UNSAT in 7.36s
    cube 1980.59.63.63 (depth 3, 30 lits): UNSAT in 33.27s
    cube 1980.60 (depth 1, 18 lits): TIMEOUT in 60.03s
    cube 1980.60 TIMEOUT -> re-split into 64 sub-cubes (depth 2)
    cube 1980.60.0 (depth 2, 24 lits): UNSAT in 0.01s
    cube 1980.60.1 (depth 2, 24 lits): UNSAT in 0.02s
    cube 1980.60.2 (depth 2, 24 lits): UNSAT in 0.03s
    cube 1980.60.3 (depth 2, 24 lits): UNSAT in 0.09s
    cube 1980.60.4 (depth 2, 24 lits): UNSAT in 0.03s
    cube 1980.60.5 (depth 2, 24 lits): UNSAT in 0.18s
    cube 1980.60.6 (depth 2, 24 lits): UNSAT in 0.06s
    cube 1980.60.7 (depth 2, 24 lits): UNSAT in 0.39s
    cube 1980.60.8 (depth 2, 24 lits): UNSAT in 0.02s
    cube 1980.60.9 (depth 2, 24 lits): UNSAT in 0.02s
    cube 1980.60.10 (depth 2, 24 lits): UNSAT in 0.03s
    cube 1980.60.11 (depth 2, 24 lits): UNSAT in 0.04s
    cube 1980.60.12 (depth 2, 24 lits): UNSAT in 0.04s
    cube 1980.60.13 (depth 2, 24 lits): UNSAT in 0.09s
    cube 1980.60.14 (depth 2, 24 lits): UNSAT in 0.08s
    cube 1980.60.15 (depth 2, 24 lits): UNSAT in 0.34s
    cube 1980.60.16 (depth 2, 24 lits): UNSAT in 0.02s
    cube 1980.60.17 (depth 2, 24 lits): UNSAT in 0.03s
    cube 1980.60.18 (depth 2, 24 lits): UNSAT in 0.03s
    cube 1980.60.19 (depth 2, 24 lits): UNSAT in 0.09s
    cube 1980.60.20 (depth 2, 24 lits): UNSAT in 0.14s
    cube 1980.60.21 (depth 2, 24 lits): UNSAT in 0.29s
    cube 1980.60.22 (depth 2, 24 lits): UNSAT in 0.29s
    cube 1980.60.23 (depth 2, 24 lits): UNSAT in 1.11s
    cube 1980.60.24 (depth 2, 24 lits): UNSAT in 0.07s
    cube 1980.60.25 (depth 2, 24 lits): UNSAT in 0.11s
    cube 1980.60.26 (depth 2, 24 lits): UNSAT in 0.31s
    cube 1980.60.27 (depth 2, 24 lits): UNSAT in 0.64s
    cube 1980.60.28 (depth 2, 24 lits): UNSAT in 0.07s
    cube 1980.60.29 (depth 2, 24 lits): UNSAT in 0.14s
    cube 1980.60.30 (depth 2, 24 lits): UNSAT in 0.24s
    cube 1980.60.31 (depth 2, 24 lits): UNSAT in 4.30s
    cube 1980.60.32 (depth 2, 24 lits): UNSAT in 0.02s
    cube 1980.60.33 (depth 2, 24 lits): UNSAT in 0.02s
    cube 1980.60.34 (depth 2, 24 lits): UNSAT in 0.04s
    cube 1980.60.35 (depth 2, 24 lits): UNSAT in 0.03s
    cube 1980.60.36 (depth 2, 24 lits): UNSAT in 0.02s
    cube 1980.60.37 (depth 2, 24 lits): UNSAT in 0.06s
    cube 1980.60.38 (depth 2, 24 lits): UNSAT in 0.04s
    cube 1980.60.39 (depth 2, 24 lits): UNSAT in 0.35s
    cube 1980.60.40 (depth 2, 24 lits): UNSAT in 0.11s
    cube 1980.60.41 (depth 2, 24 lits): UNSAT in 0.17s
    cube 1980.60.42 (depth 2, 24 lits): UNSAT in 0.10s
    cube 1980.60.43 (depth 2, 24 lits): UNSAT in 0.14s
    cube 1980.60.44 (depth 2, 24 lits): UNSAT in 0.10s
    cube 1980.60.45 (depth 2, 24 lits): UNSAT in 0.23s
    cube 1980.60.46 (depth 2, 24 lits): UNSAT in 1.26s
    cube 1980.60.47 (depth 2, 24 lits): UNSAT in 6.13s
    cube 1980.60.48 (depth 2, 24 lits): UNSAT in 0.06s
    cube 1980.60.49 (depth 2, 24 lits): UNSAT in 0.13s
    cube 1980.60.50 (depth 2, 24 lits): UNSAT in 0.07s
    cube 1980.60.51 (depth 2, 24 lits): UNSAT in 0.34s
    cube 1980.60.52 (depth 2, 24 lits): UNSAT in 0.21s
    cube 1980.60.53 (depth 2, 24 lits): UNSAT in 0.33s
    cube 1980.60.54 (depth 2, 24 lits): UNSAT in 0.40s
    cube 1980.60.55 (depth 2, 24 lits): UNSAT in 1.22s
    cube 1980.60.56 (depth 2, 24 lits): UNSAT in 0.28s
    cube 1980.60.57 (depth 2, 24 lits): UNSAT in 1.25s
    cube 1980.60.58 (depth 2, 24 lits): UNSAT in 1.43s
    cube 1980.60.59 (depth 2, 24 lits): UNSAT in 6.48s
    cube 1980.60.60 (depth 2, 24 lits): UNSAT in 0.23s
    cube 1980.60.61 (depth 2, 24 lits): UNSAT in 7.18s
    cube 1980.60.62 (depth 2, 24 lits): UNSAT in 4.91s
    cube 1980.60.63 (depth 2, 24 lits): TIMEOUT in 60.06s
    cube 1980.60.63 TIMEOUT -> re-split into 62 sub-cubes (depth 3)
    cube 1980.60.63.0 (depth 3, 29 lits): UNSAT in 0.01s
    cube 1980.60.63.1 (depth 3, 30 lits): UNSAT in 0.01s
    cube 1980.60.63.2 (depth 3, 30 lits): UNSAT in 0.02s
    cube 1980.60.63.3 (depth 3, 29 lits): UNSAT in 0.02s
    cube 1980.60.63.4 (depth 3, 30 lits): UNSAT in 0.01s
    cube 1980.60.63.5 (depth 3, 30 lits): UNSAT in 0.07s
    cube 1980.60.63.6 (depth 3, 30 lits): UNSAT in 0.03s
    cube 1980.60.63.7 (depth 3, 30 lits): UNSAT in 0.04s
    cube 1980.60.63.8 (depth 3, 30 lits): UNSAT in 0.02s
    cube 1980.60.63.9 (depth 3, 30 lits): UNSAT in 0.11s
    cube 1980.60.63.10 (depth 3, 30 lits): UNSAT in 0.04s
    cube 1980.60.63.11 (depth 3, 30 lits): UNSAT in 0.02s
    cube 1980.60.63.12 (depth 3, 30 lits): UNSAT in 0.05s
    cube 1980.60.63.13 (depth 3, 30 lits): UNSAT in 0.36s
    cube 1980.60.63.14 (depth 3, 30 lits): UNSAT in 0.02s
    cube 1980.60.63.15 (depth 3, 30 lits): UNSAT in 0.02s
    cube 1980.60.63.16 (depth 3, 30 lits): UNSAT in 0.02s
    cube 1980.60.63.17 (depth 3, 30 lits): UNSAT in 0.07s
    cube 1980.60.63.18 (depth 3, 30 lits): UNSAT in 0.02s
    cube 1980.60.63.19 (depth 3, 30 lits): UNSAT in 0.07s
    cube 1980.60.63.20 (depth 3, 30 lits): UNSAT in 0.04s
    cube 1980.60.63.21 (depth 3, 30 lits): UNSAT in 0.33s
    cube 1980.60.63.22 (depth 3, 30 lits): UNSAT in 0.13s
    cube 1980.60.63.23 (depth 3, 30 lits): UNSAT in 0.15s
    cube 1980.60.63.24 (depth 3, 30 lits): UNSAT in 0.08s
    cube 1980.60.63.25 (depth 3, 30 lits): UNSAT in 0.09s
    cube 1980.60.63.26 (depth 3, 30 lits): UNSAT in 0.17s
    cube 1980.60.63.27 (depth 3, 30 lits): UNSAT in 0.25s
    cube 1980.60.63.28 (depth 3, 30 lits): UNSAT in 0.35s
    cube 1980.60.63.29 (depth 3, 30 lits): UNSAT in 3.03s
    cube 1980.60.63.30 (depth 3, 30 lits): UNSAT in 0.02s
    cube 1980.60.63.31 (depth 3, 30 lits): UNSAT in 0.03s
    cube 1980.60.63.32 (depth 3, 30 lits): UNSAT in 0.04s
    cube 1980.60.63.33 (depth 3, 30 lits): UNSAT in 0.14s
    cube 1980.60.63.34 (depth 3, 30 lits): UNSAT in 0.03s
    cube 1980.60.63.35 (depth 3, 30 lits): UNSAT in 0.11s
    cube 1980.60.63.36 (depth 3, 30 lits): UNSAT in 0.14s
    cube 1980.60.63.37 (depth 3, 30 lits): UNSAT in 0.55s
    cube 1980.60.63.38 (depth 3, 30 lits): UNSAT in 0.19s
    cube 1980.60.63.39 (depth 3, 30 lits): UNSAT in 0.07s
    cube 1980.60.63.40 (depth 3, 30 lits): UNSAT in 0.41s
    cube 1980.60.63.41 (depth 3, 30 lits): UNSAT in 0.10s
    cube 1980.60.63.42 (depth 3, 30 lits): UNSAT in 0.07s
    cube 1980.60.63.43 (depth 3, 30 lits): UNSAT in 0.42s
    cube 1980.60.63.44 (depth 3, 30 lits): UNSAT in 0.19s
    cube 1980.60.63.45 (depth 3, 30 lits): UNSAT in 2.33s
    cube 1980.60.63.46 (depth 3, 30 lits): UNSAT in 0.04s
    cube 1980.60.63.47 (depth 3, 30 lits): UNSAT in 0.09s
    cube 1980.60.63.48 (depth 3, 30 lits): UNSAT in 0.12s
    cube 1980.60.63.49 (depth 3, 30 lits): UNSAT in 0.42s
    cube 1980.60.63.50 (depth 3, 30 lits): UNSAT in 0.13s
    cube 1980.60.63.51 (depth 3, 30 lits): UNSAT in 0.09s
    cube 1980.60.63.52 (depth 3, 30 lits): UNSAT in 0.39s
    cube 1980.60.63.53 (depth 3, 30 lits): UNSAT in 5.88s
    cube 1980.60.63.54 (depth 3, 30 lits): UNSAT in 0.13s
    cube 1980.60.63.55 (depth 3, 30 lits): UNSAT in 0.30s
    cube 1980.60.63.56 (depth 3, 30 lits): UNSAT in 1.39s
    cube 1980.60.63.57 (depth 3, 30 lits): UNSAT in 3.23s
    cube 1980.60.63.58 (depth 3, 30 lits): UNSAT in 0.34s
    cube 1980.60.63.59 (depth 3, 30 lits): UNSAT in 0.53s
    cube 1980.60.63.60 (depth 3, 30 lits): UNSAT in 0.16s
    cube 1980.60.63.61 (depth 3, 30 lits): UNSAT in 5.25s
    cube 1980.61 (depth 1, 18 lits): TIMEOUT in 60.05s
    cube 1980.61 TIMEOUT -> re-split into 64 sub-cubes (depth 2)
    cube 1980.61.0 (depth 2, 24 lits): UNSAT in 0.03s
    cube 1980.61.1 (depth 2, 24 lits): UNSAT in 0.04s
    cube 1980.61.2 (depth 2, 24 lits): UNSAT in 0.02s
    cube 1980.61.3 (depth 2, 24 lits): UNSAT in 0.09s
    cube 1980.61.4 (depth 2, 24 lits): UNSAT in 0.04s
    cube 1980.61.5 (depth 2, 24 lits): UNSAT in 0.11s
    cube 1980.61.6 (depth 2, 24 lits): UNSAT in 0.18s
    cube 1980.61.7 (depth 2, 24 lits): UNSAT in 0.56s
    cube 1980.61.8 (depth 2, 24 lits): UNSAT in 0.05s
    cube 1980.61.9 (depth 2, 24 lits): UNSAT in 0.15s
    cube 1980.61.10 (depth 2, 24 lits): UNSAT in 0.04s
    cube 1980.61.11 (depth 2, 24 lits): UNSAT in 0.42s
    cube 1980.61.12 (depth 2, 24 lits): UNSAT in 0.37s
    cube 1980.61.13 (depth 2, 24 lits): UNSAT in 1.16s
    cube 1980.61.14 (depth 2, 24 lits): UNSAT in 0.48s
    cube 1980.61.15 (depth 2, 24 lits): UNSAT in 1.66s
    cube 1980.61.16 (depth 2, 24 lits): UNSAT in 0.07s
    cube 1980.61.17 (depth 2, 24 lits): UNSAT in 0.29s
    cube 1980.61.18 (depth 2, 24 lits): UNSAT in 0.36s
    cube 1980.61.19 (depth 2, 24 lits): UNSAT in 0.75s
    cube 1980.61.20 (depth 2, 24 lits): UNSAT in 0.08s
    cube 1980.61.21 (depth 2, 24 lits): UNSAT in 0.12s
    cube 1980.61.22 (depth 2, 24 lits): UNSAT in 0.07s
    cube 1980.61.23 (depth 2, 24 lits): UNSAT in 0.97s
    cube 1980.61.24 (depth 2, 24 lits): UNSAT in 0.38s
    cube 1980.61.25 (depth 2, 24 lits): UNSAT in 0.22s
    cube 1980.61.26 (depth 2, 24 lits): UNSAT in 0.37s
    cube 1980.61.27 (depth 2, 24 lits): UNSAT in 1.64s
    cube 1980.61.28 (depth 2, 24 lits): UNSAT in 1.14s
    cube 1980.61.29 (depth 2, 24 lits): UNSAT in 1.46s
    cube 1980.61.30 (depth 2, 24 lits): UNSAT in 6.58s
    cube 1980.61.31 (depth 2, 24 lits): TIMEOUT in 60.03s
    cube 1980.61.31 TIMEOUT -> re-split into 64 sub-cubes (depth 3)
    cube 1980.61.31.0 (depth 3, 30 lits): UNSAT in 0.02s
    cube 1980.61.31.1 (depth 3, 30 lits): UNSAT in 0.02s
    cube 1980.61.31.2 (depth 3, 30 lits): UNSAT in 0.02s
    cube 1980.61.31.3 (depth 3, 30 lits): UNSAT in 0.04s
    cube 1980.61.31.4 (depth 3, 30 lits): UNSAT in 0.03s
    cube 1980.61.31.5 (depth 3, 30 lits): UNSAT in 0.03s
    cube 1980.61.31.6 (depth 3, 30 lits): UNSAT in 0.03s
    cube 1980.61.31.7 (depth 3, 30 lits): UNSAT in 0.08s
    cube 1980.61.31.8 (depth 3, 30 lits): UNSAT in 0.01s
    cube 1980.61.31.9 (depth 3, 30 lits): UNSAT in 0.02s
    cube 1980.61.31.10 (depth 3, 30 lits): UNSAT in 0.02s
    cube 1980.61.31.11 (depth 3, 30 lits): UNSAT in 0.04s
    cube 1980.61.31.12 (depth 3, 30 lits): UNSAT in 0.09s
    cube 1980.61.31.13 (depth 3, 30 lits): UNSAT in 0.39s
    cube 1980.61.31.14 (depth 3, 30 lits): UNSAT in 0.22s
    cube 1980.61.31.15 (depth 3, 30 lits): UNSAT in 1.09s
    cube 1980.61.31.16 (depth 3, 30 lits): UNSAT in 0.02s
    cube 1980.61.31.17 (depth 3, 30 lits): UNSAT in 0.02s
    cube 1980.61.31.18 (depth 3, 30 lits): UNSAT in 0.12s
    cube 1980.61.31.19 (depth 3, 30 lits): UNSAT in 0.10s
    cube 1980.61.31.20 (depth 3, 30 lits): UNSAT in 0.04s
    cube 1980.61.31.21 (depth 3, 30 lits): UNSAT in 0.08s
    cube 1980.61.31.22 (depth 3, 30 lits): UNSAT in 0.25s
    cube 1980.61.31.23 (depth 3, 30 lits): UNSAT in 0.23s
    cube 1980.61.31.24 (depth 3, 30 lits): UNSAT in 0.07s
    cube 1980.61.31.25 (depth 3, 30 lits): UNSAT in 0.09s
    cube 1980.61.31.26 (depth 3, 30 lits): UNSAT in 0.15s
    cube 1980.61.31.27 (depth 3, 30 lits): UNSAT in 0.09s
    cube 1980.61.31.28 (depth 3, 30 lits): UNSAT in 0.07s
    cube 1980.61.31.29 (depth 3, 30 lits): UNSAT in 0.11s
    cube 1980.61.31.30 (depth 3, 30 lits): UNSAT in 0.23s
    cube 1980.61.31.31 (depth 3, 30 lits): UNSAT in 1.71s
    cube 1980.61.31.32 (depth 3, 30 lits): UNSAT in 0.04s
    cube 1980.61.31.33 (depth 3, 30 lits): UNSAT in 0.08s
    cube 1980.61.31.34 (depth 3, 30 lits): UNSAT in 0.06s
    cube 1980.61.31.35 (depth 3, 30 lits): UNSAT in 0.21s
    cube 1980.61.31.36 (depth 3, 30 lits): UNSAT in 0.07s
    cube 1980.61.31.37 (depth 3, 30 lits): UNSAT in 0.20s
    cube 1980.61.31.38 (depth 3, 30 lits): UNSAT in 0.10s
    cube 1980.61.31.39 (depth 3, 30 lits): UNSAT in 0.82s
    cube 1980.61.31.40 (depth 3, 30 lits): UNSAT in 0.04s
    cube 1980.61.31.41 (depth 3, 30 lits): UNSAT in 0.12s
    cube 1980.61.31.42 (depth 3, 30 lits): UNSAT in 0.15s
    cube 1980.61.31.43 (depth 3, 30 lits): UNSAT in 0.66s
    cube 1980.61.31.44 (depth 3, 30 lits): UNSAT in 0.07s
    cube 1980.61.31.45 (depth 3, 30 lits): UNSAT in 0.15s
    cube 1980.61.31.46 (depth 3, 30 lits): UNSAT in 0.54s
    cube 1980.61.31.47 (depth 3, 30 lits): UNSAT in 5.22s
    cube 1980.61.31.48 (depth 3, 30 lits): UNSAT in 0.19s
    cube 1980.61.31.49 (depth 3, 30 lits): UNSAT in 0.37s
    cube 1980.61.31.50 (depth 3, 30 lits): UNSAT in 0.24s
    cube 1980.61.31.51 (depth 3, 30 lits): UNSAT in 1.94s
    cube 1980.61.31.52 (depth 3, 30 lits): UNSAT in 0.18s
    cube 1980.61.31.53 (depth 3, 30 lits): UNSAT in 0.72s
    cube 1980.61.31.54 (depth 3, 30 lits): UNSAT in 0.33s
    cube 1980.61.31.55 (depth 3, 30 lits): UNSAT in 7.82s
    cube 1980.61.31.56 (depth 3, 30 lits): UNSAT in 0.05s
    cube 1980.61.31.57 (depth 3, 30 lits): UNSAT in 0.17s
    cube 1980.61.31.58 (depth 3, 30 lits): UNSAT in 0.39s
    cube 1980.61.31.59 (depth 3, 30 lits): UNSAT in 5.96s
    cube 1980.61.31.60 (depth 3, 30 lits): UNSAT in 0.13s
    cube 1980.61.31.61 (depth 3, 30 lits): UNSAT in 1.13s
    cube 1980.61.31.62 (depth 3, 30 lits): UNSAT in 0.35s
    cube 1980.61.31.63 (depth 3, 30 lits): UNSAT in 11.77s
    cube 1980.61.32 (depth 2, 24 lits): UNSAT in 0.03s
    cube 1980.61.33 (depth 2, 24 lits): UNSAT in 0.07s
    cube 1980.61.34 (depth 2, 24 lits): UNSAT in 0.06s
    cube 1980.61.35 (depth 2, 24 lits): UNSAT in 0.51s
    cube 1980.61.36 (depth 2, 24 lits): UNSAT in 0.08s
    cube 1980.61.37 (depth 2, 24 lits): UNSAT in 0.12s
    cube 1980.61.38 (depth 2, 24 lits): UNSAT in 0.47s
    cube 1980.61.39 (depth 2, 24 lits): UNSAT in 3.59s
    cube 1980.61.40 (depth 2, 24 lits): UNSAT in 0.10s
    cube 1980.61.41 (depth 2, 24 lits): UNSAT in 0.25s
    cube 1980.61.42 (depth 2, 24 lits): UNSAT in 0.48s
    cube 1980.61.43 (depth 2, 24 lits): UNSAT in 0.87s
    cube 1980.61.44 (depth 2, 24 lits): UNSAT in 0.76s
    cube 1980.61.45 (depth 2, 24 lits): UNSAT in 4.19s
    cube 1980.61.46 (depth 2, 24 lits): UNSAT in 3.58s
    cube 1980.61.47 (depth 2, 24 lits): UNSAT in 28.20s
    cube 1980.61.48 (depth 2, 24 lits): UNSAT in 0.06s
    cube 1980.61.49 (depth 2, 24 lits): UNSAT in 0.12s
    cube 1980.61.50 (depth 2, 24 lits): UNSAT in 0.22s
    cube 1980.61.51 (depth 2, 24 lits): UNSAT in 1.97s
    cube 1980.61.52 (depth 2, 24 lits): UNSAT in 0.58s
    cube 1980.61.53 (depth 2, 24 lits): UNSAT in 0.50s
    cube 1980.61.54 (depth 2, 24 lits): UNSAT in 3.59s
    cube 1980.61.55 (depth 2, 24 lits): UNSAT in 24.46s
    cube 1980.61.56 (depth 2, 24 lits): UNSAT in 0.27s
    cube 1980.61.57 (depth 2, 24 lits): UNSAT in 2.43s
    cube 1980.61.58 (depth 2, 24 lits): UNSAT in 0.59s
    cube 1980.61.59 (depth 2, 24 lits): UNSAT in 23.50s
    cube 1980.61.60 (depth 2, 24 lits): UNSAT in 1.50s
    cube 1980.61.61 (depth 2, 24 lits): UNSAT in 25.60s
    cube 1980.61.62 (depth 2, 24 lits): UNSAT in 28.12s
    cube 1980.61.63 (depth 2, 24 lits): TIMEOUT in 60.06s
    cube 1980.61.63 TIMEOUT -> re-split into 64 sub-cubes (depth 3)
    cube 1980.61.63.0 (depth 3, 30 lits): UNSAT in 0.01s
    cube 1980.61.63.1 (depth 3, 30 lits): UNSAT in 0.02s
    cube 1980.61.63.2 (depth 3, 30 lits): UNSAT in 0.01s
    cube 1980.61.63.3 (depth 3, 30 lits): UNSAT in 0.02s
    cube 1980.61.63.4 (depth 3, 30 lits): UNSAT in 0.02s
    cube 1980.61.63.5 (depth 3, 30 lits): UNSAT in 0.04s
    cube 1980.61.63.6 (depth 3, 30 lits): UNSAT in 0.04s
    cube 1980.61.63.7 (depth 3, 30 lits): UNSAT in 0.04s
    cube 1980.61.63.8 (depth 3, 30 lits): UNSAT in 0.01s
    cube 1980.61.63.9 (depth 3, 30 lits): UNSAT in 0.08s
    cube 1980.61.63.10 (depth 3, 30 lits): UNSAT in 0.06s
    cube 1980.61.63.11 (depth 3, 30 lits): UNSAT in 0.27s
    cube 1980.61.63.12 (depth 3, 30 lits): UNSAT in 0.02s
    cube 1980.61.63.13 (depth 3, 30 lits): UNSAT in 0.10s
    cube 1980.61.63.14 (depth 3, 30 lits): UNSAT in 0.09s
    cube 1980.61.63.15 (depth 3, 30 lits): UNSAT in 1.30s
    cube 1980.61.63.16 (depth 3, 30 lits): UNSAT in 0.04s
    cube 1980.61.63.17 (depth 3, 30 lits): UNSAT in 0.12s
    cube 1980.61.63.18 (depth 3, 30 lits): UNSAT in 0.22s
    cube 1980.61.63.19 (depth 3, 30 lits): UNSAT in 0.26s
    cube 1980.61.63.20 (depth 3, 30 lits): UNSAT in 0.11s
    cube 1980.61.63.21 (depth 3, 30 lits): UNSAT in 0.59s
    cube 1980.61.63.22 (depth 3, 30 lits): UNSAT in 0.31s
    cube 1980.61.63.23 (depth 3, 30 lits): UNSAT in 2.51s
    cube 1980.61.63.24 (depth 3, 30 lits): UNSAT in 0.10s
    cube 1980.61.63.25 (depth 3, 30 lits): UNSAT in 0.56s
    cube 1980.61.63.26 (depth 3, 30 lits): UNSAT in 0.38s
    cube 1980.61.63.27 (depth 3, 30 lits): UNSAT in 4.75s
    cube 1980.61.63.28 (depth 3, 30 lits): UNSAT in 0.26s
    cube 1980.61.63.29 (depth 3, 30 lits): UNSAT in 15.83s
    cube 1980.61.63.30 (depth 3, 30 lits): UNSAT in 16.82s
    cube 1980.61.63.31 (depth 3, 30 lits): UNSAT in 12.84s
    cube 1980.61.63.32 (depth 3, 30 lits): UNSAT in 0.02s
    cube 1980.61.63.33 (depth 3, 30 lits): UNSAT in 0.12s
    cube 1980.61.63.34 (depth 3, 30 lits): UNSAT in 0.11s
    cube 1980.61.63.35 (depth 3, 30 lits): UNSAT in 0.37s
    cube 1980.61.63.36 (depth 3, 30 lits): UNSAT in 0.05s
    cube 1980.61.63.37 (depth 3, 30 lits): UNSAT in 1.35s
    cube 1980.61.63.38 (depth 3, 30 lits): UNSAT in 0.35s
    cube 1980.61.63.39 (depth 3, 30 lits): UNSAT in 3.68s
    cube 1980.61.63.40 (depth 3, 30 lits): UNSAT in 0.05s
    cube 1980.61.63.41 (depth 3, 30 lits): UNSAT in 0.10s
    cube 1980.61.63.42 (depth 3, 30 lits): UNSAT in 0.68s
    cube 1980.61.63.43 (depth 3, 30 lits): UNSAT in 0.49s
    cube 1980.61.63.44 (depth 3, 30 lits): UNSAT in 0.34s
    cube 1980.61.63.45 (depth 3, 30 lits): UNSAT in 2.77s
    cube 1980.61.63.46 (depth 3, 30 lits): UNSAT in 1.89s
    cube 1980.61.63.47 (depth 3, 30 lits): TIMEOUT in 60.05s
    cube 1980.61.63.48 (depth 3, 30 lits): UNSAT in 0.06s
    cube 1980.61.63.49 (depth 3, 30 lits): UNSAT in 0.06s
    cube 1980.61.63.50 (depth 3, 30 lits): UNSAT in 0.12s
    cube 1980.61.63.51 (depth 3, 30 lits): UNSAT in 0.34s
    cube 1980.61.63.52 (depth 3, 30 lits): UNSAT in 0.14s
    cube 1980.61.63.53 (depth 3, 30 lits): UNSAT in 0.26s
    cube 1980.61.63.54 (depth 3, 30 lits): UNSAT in 0.77s
    cube 1980.61.63.55 (depth 3, 30 lits): UNSAT in 3.94s
    cube 1980.61.63.56 (depth 3, 30 lits): UNSAT in 0.56s
    cube 1980.61.63.57 (depth 3, 30 lits): UNSAT in 0.56s
    cube 1980.61.63.58 (depth 3, 30 lits): UNSAT in 0.26s
    cube 1980.61.63.59 (depth 3, 30 lits): UNSAT in 1.31s
    cube 1980.61.63.60 (depth 3, 30 lits): UNSAT in 0.10s
    cube 1980.61.63.61 (depth 3, 30 lits): UNSAT in 3.65s
    cube 1980.61.63.62 (depth 3, 30 lits): UNSAT in 8.32s
    cube 1980.61.63.63 (depth 3, 30 lits): UNSAT in 57.32s
    cube 1980.62 (depth 1, 18 lits): TIMEOUT in 60.06s
    cube 1980.62 TIMEOUT -> re-split into 64 sub-cubes (depth 2)
    cube 1980.62.0 (depth 2, 24 lits): UNSAT in 0.03s
    cube 1980.62.1 (depth 2, 24 lits): UNSAT in 0.08s
    cube 1980.62.2 (depth 2, 24 lits): UNSAT in 0.09s
    cube 1980.62.3 (depth 2, 24 lits): UNSAT in 0.57s
    cube 1980.62.4 (depth 2, 24 lits): UNSAT in 0.05s
    cube 1980.62.5 (depth 2, 24 lits): UNSAT in 0.14s
    cube 1980.62.6 (depth 2, 24 lits): UNSAT in 0.11s
    cube 1980.62.7 (depth 2, 24 lits): UNSAT in 0.94s
    cube 1980.62.8 (depth 2, 24 lits): UNSAT in 0.05s
    cube 1980.62.9 (depth 2, 24 lits): UNSAT in 0.13s
    cube 1980.62.10 (depth 2, 24 lits): UNSAT in 0.24s
    cube 1980.62.11 (depth 2, 24 lits): UNSAT in 0.68s
    cube 1980.62.12 (depth 2, 24 lits): UNSAT in 0.42s
    cube 1980.62.13 (depth 2, 24 lits): UNSAT in 0.87s
    cube 1980.62.14 (depth 2, 24 lits): UNSAT in 1.59s
    cube 1980.62.15 (depth 2, 24 lits): UNSAT in 5.20s
    cube 1980.62.16 (depth 2, 24 lits): UNSAT in 0.03s
    cube 1980.62.17 (depth 2, 24 lits): UNSAT in 0.23s
    cube 1980.62.18 (depth 2, 24 lits): UNSAT in 0.14s
    cube 1980.62.19 (depth 2, 24 lits): UNSAT in 0.53s
    cube 1980.62.20 (depth 2, 24 lits): UNSAT in 0.19s
    cube 1980.62.21 (depth 2, 24 lits): UNSAT in 0.82s
    cube 1980.62.22 (depth 2, 24 lits): UNSAT in 1.85s
    cube 1980.62.23 (depth 2, 24 lits): UNSAT in 7.47s
    cube 1980.62.24 (depth 2, 24 lits): UNSAT in 0.28s
    cube 1980.62.25 (depth 2, 24 lits): UNSAT in 0.82s
    cube 1980.62.26 (depth 2, 24 lits): UNSAT in 0.40s
    cube 1980.62.27 (depth 2, 24 lits): UNSAT in 2.48s
    cube 1980.62.28 (depth 2, 24 lits): UNSAT in 1.15s
    cube 1980.62.29 (depth 2, 24 lits): UNSAT in 1.36s
    cube 1980.62.30 (depth 2, 24 lits): UNSAT in 5.58s
    cube 1980.62.31 (depth 2, 24 lits): TIMEOUT in 60.06s
    cube 1980.62.31 TIMEOUT -> re-split into 64 sub-cubes (depth 3)
    cube 1980.62.31.0 (depth 3, 30 lits): UNSAT in 0.01s
    cube 1980.62.31.1 (depth 3, 30 lits): UNSAT in 0.02s
    cube 1980.62.31.2 (depth 3, 30 lits): UNSAT in 0.03s
    cube 1980.62.31.3 (depth 3, 30 lits): UNSAT in 0.03s
    cube 1980.62.31.4 (depth 3, 30 lits): UNSAT in 0.02s
    cube 1980.62.31.5 (depth 3, 30 lits): UNSAT in 0.08s
    cube 1980.62.31.6 (depth 3, 30 lits): UNSAT in 0.04s
    cube 1980.62.31.7 (depth 3, 30 lits): UNSAT in 0.25s
    cube 1980.62.31.8 (depth 3, 30 lits): UNSAT in 0.03s
    cube 1980.62.31.9 (depth 3, 30 lits): UNSAT in 0.03s
    cube 1980.62.31.10 (depth 3, 30 lits): UNSAT in 0.03s
    cube 1980.62.31.11 (depth 3, 30 lits): UNSAT in 0.12s
    cube 1980.62.31.12 (depth 3, 30 lits): UNSAT in 0.03s
    cube 1980.62.31.13 (depth 3, 30 lits): UNSAT in 0.07s
    cube 1980.62.31.14 (depth 3, 30 lits): UNSAT in 0.14s
    cube 1980.62.31.15 (depth 3, 30 lits): UNSAT in 0.70s
    cube 1980.62.31.16 (depth 3, 30 lits): UNSAT in 0.01s
    cube 1980.62.31.17 (depth 3, 30 lits): UNSAT in 0.09s
    cube 1980.62.31.18 (depth 3, 30 lits): UNSAT in 0.03s
    cube 1980.62.31.19 (depth 3, 30 lits): UNSAT in 0.09s
    cube 1980.62.31.20 (depth 3, 30 lits): UNSAT in 0.01s
    cube 1980.62.31.21 (depth 3, 30 lits): UNSAT in 0.17s
    cube 1980.62.31.22 (depth 3, 30 lits): UNSAT in 0.23s
    cube 1980.62.31.23 (depth 3, 30 lits): UNSAT in 0.18s
    cube 1980.62.31.24 (depth 3, 30 lits): UNSAT in 0.02s
    cube 1980.62.31.25 (depth 3, 30 lits): UNSAT in 0.12s
    cube 1980.62.31.26 (depth 3, 30 lits): UNSAT in 0.12s
    cube 1980.62.31.27 (depth 3, 30 lits): UNSAT in 0.48s
    cube 1980.62.31.28 (depth 3, 30 lits): UNSAT in 0.12s
    cube 1980.62.31.29 (depth 3, 30 lits): UNSAT in 0.44s
    cube 1980.62.31.30 (depth 3, 30 lits): UNSAT in 0.35s
    cube 1980.62.31.31 (depth 3, 30 lits): UNSAT in 1.89s
    cube 1980.62.31.32 (depth 3, 30 lits): UNSAT in 0.02s
    cube 1980.62.31.33 (depth 3, 30 lits): UNSAT in 0.03s
    cube 1980.62.31.34 (depth 3, 30 lits): UNSAT in 0.03s
    cube 1980.62.31.35 (depth 3, 30 lits): UNSAT in 0.07s
    cube 1980.62.31.36 (depth 3, 30 lits): UNSAT in 0.03s
    cube 1980.62.31.37 (depth 3, 30 lits): UNSAT in 0.07s
    cube 1980.62.31.38 (depth 3, 30 lits): UNSAT in 0.04s
    cube 1980.62.31.39 (depth 3, 30 lits): UNSAT in 0.24s
    cube 1980.62.31.40 (depth 3, 30 lits): UNSAT in 0.05s
    cube 1980.62.31.41 (depth 3, 30 lits): UNSAT in 0.05s
    cube 1980.62.31.42 (depth 3, 30 lits): UNSAT in 0.11s
    cube 1980.62.31.43 (depth 3, 30 lits): UNSAT in 0.26s
    cube 1980.62.31.44 (depth 3, 30 lits): UNSAT in 0.08s
    cube 1980.62.31.45 (depth 3, 30 lits): UNSAT in 0.26s
    cube 1980.62.31.46 (depth 3, 30 lits): UNSAT in 0.63s
    cube 1980.62.31.47 (depth 3, 30 lits): UNSAT in 1.16s
    cube 1980.62.31.48 (depth 3, 30 lits): UNSAT in 0.04s
    cube 1980.62.31.49 (depth 3, 30 lits): UNSAT in 0.10s
    cube 1980.62.31.50 (depth 3, 30 lits): UNSAT in 0.07s
    cube 1980.62.31.51 (depth 3, 30 lits): UNSAT in 0.29s
    cube 1980.62.31.52 (depth 3, 30 lits): UNSAT in 0.09s
    cube 1980.62.31.53 (depth 3, 30 lits): UNSAT in 0.11s
    cube 1980.62.31.54 (depth 3, 30 lits): UNSAT in 0.35s
    cube 1980.62.31.55 (depth 3, 30 lits): UNSAT in 4.33s
    cube 1980.62.31.56 (depth 3, 30 lits): UNSAT in 0.25s
    cube 1980.62.31.57 (depth 3, 30 lits): UNSAT in 0.39s
    cube 1980.62.31.58 (depth 3, 30 lits): UNSAT in 0.92s
    cube 1980.62.31.59 (depth 3, 30 lits): UNSAT in 4.46s
    cube 1980.62.31.60 (depth 3, 30 lits): UNSAT in 1.85s
    cube 1980.62.31.61 (depth 3, 30 lits): UNSAT in 13.12s
    cube 1980.62.31.62 (depth 3, 30 lits): UNSAT in 3.30s
    cube 1980.62.31.63 (depth 3, 30 lits): UNSAT in 20.35s
    cube 1980.62.32 (depth 2, 24 lits): UNSAT in 0.03s
    cube 1980.62.33 (depth 2, 24 lits): UNSAT in 0.12s
    cube 1980.62.34 (depth 2, 24 lits): UNSAT in 0.09s
    cube 1980.62.35 (depth 2, 24 lits): UNSAT in 0.11s
    cube 1980.62.36 (depth 2, 24 lits): UNSAT in 0.10s
    cube 1980.62.37 (depth 2, 24 lits): UNSAT in 0.38s
    cube 1980.62.38 (depth 2, 24 lits): UNSAT in 0.46s
    cube 1980.62.39 (depth 2, 24 lits): UNSAT in 1.67s
    cube 1980.62.40 (depth 2, 24 lits): UNSAT in 0.30s
    cube 1980.62.41 (depth 2, 24 lits): UNSAT in 1.71s
    cube 1980.62.42 (depth 2, 24 lits): UNSAT in 0.21s
    cube 1980.62.43 (depth 2, 24 lits): UNSAT in 1.02s
    cube 1980.62.44 (depth 2, 24 lits): UNSAT in 0.53s
    cube 1980.62.45 (depth 2, 24 lits): UNSAT in 2.23s
    cube 1980.62.46 (depth 2, 24 lits): UNSAT in 3.59s
    cube 1980.62.47 (depth 2, 24 lits): TIMEOUT in 60.06s
    cube 1980.62.47 TIMEOUT -> re-split into 61 sub-cubes (depth 3)
    cube 1980.62.47.0 (depth 3, 28 lits): UNSAT in 0.01s
    cube 1980.62.47.1 (depth 3, 30 lits): UNSAT in 0.02s
    cube 1980.62.47.2 (depth 3, 30 lits): UNSAT in 0.02s
    cube 1980.62.47.3 (depth 3, 30 lits): UNSAT in 0.02s
    cube 1980.62.47.4 (depth 3, 30 lits): UNSAT in 0.03s
    cube 1980.62.47.5 (depth 3, 30 lits): UNSAT in 0.02s
    cube 1980.62.47.6 (depth 3, 30 lits): UNSAT in 0.03s
    cube 1980.62.47.7 (depth 3, 30 lits): UNSAT in 0.03s
    cube 1980.62.47.8 (depth 3, 30 lits): UNSAT in 0.09s
    cube 1980.62.47.9 (depth 3, 30 lits): UNSAT in 0.03s
    cube 1980.62.47.10 (depth 3, 30 lits): UNSAT in 0.08s
    cube 1980.62.47.11 (depth 3, 30 lits): UNSAT in 0.20s
    cube 1980.62.47.12 (depth 3, 30 lits): UNSAT in 0.37s
    cube 1980.62.47.13 (depth 3, 30 lits): UNSAT in 0.01s
    cube 1980.62.47.14 (depth 3, 30 lits): UNSAT in 0.02s
    cube 1980.62.47.15 (depth 3, 30 lits): UNSAT in 0.02s
    cube 1980.62.47.16 (depth 3, 30 lits): UNSAT in 0.07s
    cube 1980.62.47.17 (depth 3, 30 lits): UNSAT in 0.03s
    cube 1980.62.47.18 (depth 3, 30 lits): UNSAT in 0.03s
    cube 1980.62.47.19 (depth 3, 30 lits): UNSAT in 0.10s
    cube 1980.62.47.20 (depth 3, 30 lits): UNSAT in 0.41s
    cube 1980.62.47.21 (depth 3, 30 lits): UNSAT in 0.15s
    cube 1980.62.47.22 (depth 3, 30 lits): UNSAT in 0.19s
    cube 1980.62.47.23 (depth 3, 30 lits): UNSAT in 0.19s
    cube 1980.62.47.24 (depth 3, 30 lits): UNSAT in 0.63s
    cube 1980.62.47.25 (depth 3, 30 lits): UNSAT in 0.15s
    cube 1980.62.47.26 (depth 3, 30 lits): UNSAT in 0.13s
    cube 1980.62.47.27 (depth 3, 30 lits): UNSAT in 0.41s
    cube 1980.62.47.28 (depth 3, 30 lits): UNSAT in 1.38s
    cube 1980.62.47.29 (depth 3, 30 lits): UNSAT in 0.04s
    cube 1980.62.47.30 (depth 3, 30 lits): UNSAT in 0.05s
    cube 1980.62.47.31 (depth 3, 30 lits): UNSAT in 0.05s
    cube 1980.62.47.32 (depth 3, 30 lits): UNSAT in 0.20s
    cube 1980.62.47.33 (depth 3, 30 lits): UNSAT in 0.05s
    cube 1980.62.47.34 (depth 3, 30 lits): UNSAT in 0.11s
    cube 1980.62.47.35 (depth 3, 30 lits): UNSAT in 0.09s
    cube 1980.62.47.36 (depth 3, 30 lits): UNSAT in 0.90s
    cube 1980.62.47.37 (depth 3, 30 lits): UNSAT in 0.02s
    cube 1980.62.47.38 (depth 3, 30 lits): UNSAT in 0.07s
    cube 1980.62.47.39 (depth 3, 30 lits): UNSAT in 0.12s
    cube 1980.62.47.40 (depth 3, 30 lits): UNSAT in 0.28s
    cube 1980.62.47.41 (depth 3, 30 lits): UNSAT in 0.07s
    cube 1980.62.47.42 (depth 3, 30 lits): UNSAT in 0.50s
    cube 1980.62.47.43 (depth 3, 30 lits): UNSAT in 1.03s
    cube 1980.62.47.44 (depth 3, 30 lits): UNSAT in 4.55s
    cube 1980.62.47.45 (depth 3, 30 lits): UNSAT in 0.05s
    cube 1980.62.47.46 (depth 3, 30 lits): UNSAT in 0.16s
    cube 1980.62.47.47 (depth 3, 30 lits): UNSAT in 0.21s
    cube 1980.62.47.48 (depth 3, 30 lits): UNSAT in 0.67s
    cube 1980.62.47.49 (depth 3, 30 lits): UNSAT in 0.13s
    cube 1980.62.47.50 (depth 3, 30 lits): UNSAT in 0.45s
    cube 1980.62.47.51 (depth 3, 30 lits): UNSAT in 1.05s
    cube 1980.62.47.52 (depth 3, 30 lits): UNSAT in 2.23s
    cube 1980.62.47.53 (depth 3, 30 lits): UNSAT in 0.39s
    cube 1980.62.47.54 (depth 3, 30 lits): UNSAT in 1.04s
    cube 1980.62.47.55 (depth 3, 30 lits): UNSAT in 0.48s
    cube 1980.62.47.56 (depth 3, 30 lits): UNSAT in 5.75s
    cube 1980.62.47.57 (depth 3, 30 lits): UNSAT in 2.70s
    cube 1980.62.47.58 (depth 3, 30 lits): UNSAT in 18.04s
    cube 1980.62.47.59 (depth 3, 30 lits): UNSAT in 2.26s
    cube 1980.62.47.60 (depth 3, 30 lits): UNSAT in 10.36s
    cube 1980.62.48 (depth 2, 24 lits): UNSAT in 0.04s
    cube 1980.62.49 (depth 2, 24 lits): UNSAT in 0.24s
    cube 1980.62.50 (depth 2, 24 lits): UNSAT in 0.09s
    cube 1980.62.51 (depth 2, 24 lits): UNSAT in 1.05s
    cube 1980.62.52 (depth 2, 24 lits): UNSAT in 0.81s
    cube 1980.62.53 (depth 2, 24 lits): UNSAT in 2.65s
    cube 1980.62.54 (depth 2, 24 lits): UNSAT in 1.29s
    cube 1980.62.55 (depth 2, 24 lits): UNSAT in 30.47s
    cube 1980.62.56 (depth 2, 24 lits): UNSAT in 0.68s
    cube 1980.62.57 (depth 2, 24 lits): UNSAT in 8.00s
    cube 1980.62.58 (depth 2, 24 lits): UNSAT in 1.44s
    cube 1980.62.59 (depth 2, 24 lits): UNSAT in 23.85s
    cube 1980.62.60 (depth 2, 24 lits): UNSAT in 0.48s
    cube 1980.62.61 (depth 2, 24 lits): UNSAT in 36.45s
    cube 1980.62.62 (depth 2, 24 lits): UNSAT in 21.81s
    cube 1980.62.63 (depth 2, 24 lits): TIMEOUT in 60.06s
    cube 1980.62.63 TIMEOUT -> re-split into 64 sub-cubes (depth 3)
    cube 1980.62.63.0 (depth 3, 30 lits): UNSAT in 0.01s
    cube 1980.62.63.1 (depth 3, 30 lits): UNSAT in 0.04s
    cube 1980.62.63.2 (depth 3, 30 lits): UNSAT in 0.01s
    cube 1980.62.63.3 (depth 3, 30 lits): UNSAT in 0.02s
    cube 1980.62.63.4 (depth 3, 30 lits): UNSAT in 0.03s
    cube 1980.62.63.5 (depth 3, 30 lits): UNSAT in 0.04s
    cube 1980.62.63.6 (depth 3, 30 lits): UNSAT in 0.04s
    cube 1980.62.63.7 (depth 3, 30 lits): UNSAT in 0.13s
    cube 1980.62.63.8 (depth 3, 30 lits): UNSAT in 0.01s
    cube 1980.62.63.9 (depth 3, 30 lits): UNSAT in 0.02s
    cube 1980.62.63.10 (depth 3, 30 lits): UNSAT in 0.02s
    cube 1980.62.63.11 (depth 3, 30 lits): UNSAT in 0.07s
    cube 1980.62.63.12 (depth 3, 30 lits): UNSAT in 0.05s
    cube 1980.62.63.13 (depth 3, 30 lits): UNSAT in 0.10s
    cube 1980.62.63.14 (depth 3, 30 lits): UNSAT in 0.28s
    cube 1980.62.63.15 (depth 3, 30 lits): UNSAT in 0.56s
    cube 1980.62.63.16 (depth 3, 30 lits): UNSAT in 0.02s
    cube 1980.62.63.17 (depth 3, 30 lits): UNSAT in 0.05s
    cube 1980.62.63.18 (depth 3, 30 lits): UNSAT in 0.05s
    cube 1980.62.63.19 (depth 3, 30 lits): UNSAT in 0.07s
    cube 1980.62.63.20 (depth 3, 30 lits): UNSAT in 0.03s
    cube 1980.62.63.21 (depth 3, 30 lits): UNSAT in 0.06s
    cube 1980.62.63.22 (depth 3, 30 lits): UNSAT in 0.20s
    cube 1980.62.63.23 (depth 3, 30 lits): UNSAT in 0.15s
    cube 1980.62.63.24 (depth 3, 30 lits): UNSAT in 0.07s
    cube 1980.62.63.25 (depth 3, 30 lits): UNSAT in 0.04s
    cube 1980.62.63.26 (depth 3, 30 lits): UNSAT in 0.08s
    cube 1980.62.63.27 (depth 3, 30 lits): UNSAT in 0.37s
    cube 1980.62.63.28 (depth 3, 30 lits): UNSAT in 0.14s
    cube 1980.62.63.29 (depth 3, 30 lits): UNSAT in 1.45s
    cube 1980.62.63.30 (depth 3, 30 lits): UNSAT in 0.95s
    cube 1980.62.63.31 (depth 3, 30 lits): UNSAT in 14.89s
    cube 1980.62.63.32 (depth 3, 30 lits): UNSAT in 0.02s
    cube 1980.62.63.33 (depth 3, 30 lits): UNSAT in 0.14s
    cube 1980.62.63.34 (depth 3, 30 lits): UNSAT in 0.05s
    cube 1980.62.63.35 (depth 3, 30 lits): UNSAT in 0.60s
    cube 1980.62.63.36 (depth 3, 30 lits): UNSAT in 0.09s
    cube 1980.62.63.37 (depth 3, 30 lits): UNSAT in 0.76s
    cube 1980.62.63.38 (depth 3, 30 lits): UNSAT in 0.28s
    cube 1980.62.63.39 (depth 3, 30 lits): UNSAT in 4.67s
    cube 1980.62.63.40 (depth 3, 30 lits): UNSAT in 0.07s
    cube 1980.62.63.41 (depth 3, 30 lits): UNSAT in 0.40s
    cube 1980.62.63.42 (depth 3, 30 lits): UNSAT in 1.31s
    cube 1980.62.63.43 (depth 3, 30 lits): UNSAT in 2.66s
    cube 1980.62.63.44 (depth 3, 30 lits): UNSAT in 0.16s
    cube 1980.62.63.45 (depth 3, 30 lits): UNSAT in 2.47s
    cube 1980.62.63.46 (depth 3, 30 lits): UNSAT in 2.87s
    cube 1980.62.63.47 (depth 3, 30 lits): TIMEOUT in 60.06s
    cube 1980.62.63.48 (depth 3, 30 lits): UNSAT in 0.03s
    cube 1980.62.63.49 (depth 3, 30 lits): UNSAT in 0.11s
    cube 1980.62.63.50 (depth 3, 30 lits): UNSAT in 0.73s
    cube 1980.62.63.51 (depth 3, 30 lits): UNSAT in 0.79s
    cube 1980.62.63.52 (depth 3, 30 lits): UNSAT in 0.28s
    cube 1980.62.63.53 (depth 3, 30 lits): UNSAT in 1.91s
    cube 1980.62.63.54 (depth 3, 30 lits): UNSAT in 5.06s
    cube 1980.62.63.55 (depth 3, 30 lits): UNSAT in 32.92s
    cube 1980.62.63.56 (depth 3, 30 lits): UNSAT in 0.11s
    cube 1980.62.63.57 (depth 3, 30 lits): UNSAT in 0.47s
    cube 1980.62.63.58 (depth 3, 30 lits): UNSAT in 1.21s
    cube 1980.62.63.59 (depth 3, 30 lits): UNSAT in 3.25s
    cube 1980.62.63.60 (depth 3, 30 lits): UNSAT in 0.61s
    cube 1980.62.63.61 (depth 3, 30 lits): UNSAT in 3.01s
    cube 1980.62.63.62 (depth 3, 30 lits): UNSAT in 3.94s
    cube 1980.62.63.63 (depth 3, 30 lits): TIMEOUT in 60.04s
    cube 1980.63 (depth 1, 18 lits): TIMEOUT in 60.06s
    cube 1980.63 TIMEOUT -> re-split into 64 sub-cubes (depth 2)
    cube 1980.63.0 (depth 2, 24 lits): UNSAT in 0.12s
    cube 1980.63.1 (depth 2, 24 lits): UNSAT in 0.23s
    cube 1980.63.2 (depth 2, 24 lits): UNSAT in 0.02s
    cube 1980.63.3 (depth 2, 24 lits): UNSAT in 0.10s
    cube 1980.63.4 (depth 2, 24 lits): UNSAT in 0.10s
    cube 1980.63.5 (depth 2, 24 lits): UNSAT in 0.36s
    cube 1980.63.6 (depth 2, 24 lits): UNSAT in 0.20s
    cube 1980.63.7 (depth 2, 24 lits): UNSAT in 3.68s
    cube 1980.63.8 (depth 2, 24 lits): UNSAT in 0.10s
    cube 1980.63.9 (depth 2, 24 lits): UNSAT in 0.22s
    cube 1980.63.10 (depth 2, 24 lits): UNSAT in 0.56s
    cube 1980.63.11 (depth 2, 24 lits): UNSAT in 0.63s
    cube 1980.63.12 (depth 2, 24 lits): UNSAT in 0.38s
    cube 1980.63.13 (depth 2, 24 lits): UNSAT in 1.51s
    cube 1980.63.14 (depth 2, 24 lits): UNSAT in 2.72s
    cube 1980.63.15 (depth 2, 24 lits): TIMEOUT in 60.04s
    cube 1980.63.15 TIMEOUT -> re-split into 64 sub-cubes (depth 3)
    cube 1980.63.15.0 (depth 3, 30 lits): UNSAT in 0.02s
    cube 1980.63.15.1 (depth 3, 30 lits): UNSAT in 0.03s
    cube 1980.63.15.2 (depth 3, 30 lits): UNSAT in 0.02s
    cube 1980.63.15.3 (depth 3, 30 lits): UNSAT in 0.03s
    cube 1980.63.15.4 (depth 3, 30 lits): UNSAT in 0.02s
    cube 1980.63.15.5 (depth 3, 30 lits): UNSAT in 0.02s
    cube 1980.63.15.6 (depth 3, 30 lits): UNSAT in 0.08s
    cube 1980.63.15.7 (depth 3, 30 lits): UNSAT in 0.02s
    cube 1980.63.15.8 (depth 3, 30 lits): UNSAT in 0.04s
    cube 1980.63.15.9 (depth 3, 30 lits): UNSAT in 0.03s
    cube 1980.63.15.10 (depth 3, 30 lits): UNSAT in 0.03s
    cube 1980.63.15.11 (depth 3, 30 lits): UNSAT in 0.03s
    cube 1980.63.15.12 (depth 3, 30 lits): UNSAT in 0.07s
    cube 1980.63.15.13 (depth 3, 30 lits): UNSAT in 0.09s
    cube 1980.63.15.14 (depth 3, 30 lits): UNSAT in 0.10s
    cube 1980.63.15.15 (depth 3, 30 lits): UNSAT in 0.16s
    cube 1980.63.15.16 (depth 3, 30 lits): UNSAT in 0.01s
    cube 1980.63.15.17 (depth 3, 30 lits): UNSAT in 0.03s
    cube 1980.63.15.18 (depth 3, 30 lits): UNSAT in 0.06s
    cube 1980.63.15.19 (depth 3, 30 lits): UNSAT in 0.12s
    cube 1980.63.15.20 (depth 3, 30 lits): UNSAT in 0.03s
    cube 1980.63.15.21 (depth 3, 30 lits): UNSAT in 0.10s
    cube 1980.63.15.22 (depth 3, 30 lits): UNSAT in 0.08s
    cube 1980.63.15.23 (depth 3, 30 lits): UNSAT in 0.21s
    cube 1980.63.15.24 (depth 3, 30 lits): UNSAT in 0.11s
    cube 1980.63.15.25 (depth 3, 30 lits): UNSAT in 0.09s
    cube 1980.63.15.26 (depth 3, 30 lits): UNSAT in 0.10s
    cube 1980.63.15.27 (depth 3, 30 lits): UNSAT in 0.42s
    cube 1980.63.15.28 (depth 3, 30 lits): UNSAT in 0.17s
    cube 1980.63.15.29 (depth 3, 30 lits): UNSAT in 0.70s
    cube 1980.63.15.30 (depth 3, 30 lits): UNSAT in 1.98s
    cube 1980.63.15.31 (depth 3, 30 lits): UNSAT in 4.74s
    cube 1980.63.15.32 (depth 3, 30 lits): UNSAT in 0.02s
    cube 1980.63.15.33 (depth 3, 30 lits): UNSAT in 0.04s
    cube 1980.63.15.34 (depth 3, 30 lits): UNSAT in 0.04s
    cube 1980.63.15.35 (depth 3, 30 lits): UNSAT in 0.13s
    cube 1980.63.15.36 (depth 3, 30 lits): UNSAT in 0.01s
    cube 1980.63.15.37 (depth 3, 30 lits): UNSAT in 0.13s
    cube 1980.63.15.38 (depth 3, 30 lits): UNSAT in 0.25s
    cube 1980.63.15.39 (depth 3, 30 lits): UNSAT in 0.81s
    cube 1980.63.15.40 (depth 3, 30 lits): UNSAT in 0.09s
    cube 1980.63.15.41 (depth 3, 30 lits): UNSAT in 0.15s
    cube 1980.63.15.42 (depth 3, 30 lits): UNSAT in 0.29s
    cube 1980.63.15.43 (depth 3, 30 lits): UNSAT in 0.13s
    cube 1980.63.15.44 (depth 3, 30 lits): UNSAT in 0.05s
    cube 1980.63.15.45 (depth 3, 30 lits): UNSAT in 0.36s
    cube 1980.63.15.46 (depth 3, 30 lits): UNSAT in 0.15s
    cube 1980.63.15.47 (depth 3, 30 lits): UNSAT in 1.63s
    cube 1980.63.15.48 (depth 3, 30 lits): UNSAT in 0.04s
    cube 1980.63.15.49 (depth 3, 30 lits): UNSAT in 0.10s
    cube 1980.63.15.50 (depth 3, 30 lits): UNSAT in 0.08s
    cube 1980.63.15.51 (depth 3, 30 lits): UNSAT in 0.39s
    cube 1980.63.15.52 (depth 3, 30 lits): UNSAT in 0.07s
    cube 1980.63.15.53 (depth 3, 30 lits): UNSAT in 0.19s
    cube 1980.63.15.54 (depth 3, 30 lits): UNSAT in 0.83s
    cube 1980.63.15.55 (depth 3, 30 lits): UNSAT in 0.98s
    cube 1980.63.15.56 (depth 3, 30 lits): UNSAT in 0.06s
    cube 1980.63.15.57 (depth 3, 30 lits): UNSAT in 0.20s
    cube 1980.63.15.58 (depth 3, 30 lits): UNSAT in 0.24s
    cube 1980.63.15.59 (depth 3, 30 lits): UNSAT in 1.58s
    cube 1980.63.15.60 (depth 3, 30 lits): UNSAT in 0.67s
    cube 1980.63.15.61 (depth 3, 30 lits): UNSAT in 6.52s
    cube 1980.63.15.62 (depth 3, 30 lits): UNSAT in 11.12s
    cube 1980.63.15.63 (depth 3, 30 lits): UNSAT in 7.73s
    cube 1980.63.16 (depth 2, 24 lits): UNSAT in 0.25s
    cube 1980.63.17 (depth 2, 24 lits): UNSAT in 0.21s
    cube 1980.63.18 (depth 2, 24 lits): UNSAT in 0.75s
    cube 1980.63.19 (depth 2, 24 lits): UNSAT in 7.56s
    cube 1980.63.20 (depth 2, 24 lits): UNSAT in 1.06s
    cube 1980.63.21 (depth 2, 24 lits): UNSAT in 3.30s
    cube 1980.63.22 (depth 2, 24 lits): UNSAT in 16.46s
    cube 1980.63.23 (depth 2, 24 lits): TIMEOUT in 60.06s
    cube 1980.63.23 TIMEOUT -> re-split into 64 sub-cubes (depth 3)
    cube 1980.63.23.0 (depth 3, 30 lits): UNSAT in 0.01s
    cube 1980.63.23.1 (depth 3, 30 lits): UNSAT in 0.02s
    cube 1980.63.23.2 (depth 3, 30 lits): UNSAT in 0.03s
    cube 1980.63.23.3 (depth 3, 30 lits): UNSAT in 0.03s
    cube 1980.63.23.4 (depth 3, 30 lits): UNSAT in 0.02s
    cube 1980.63.23.5 (depth 3, 30 lits): UNSAT in 0.02s
    cube 1980.63.23.6 (depth 3, 30 lits): UNSAT in 0.07s
    cube 1980.63.23.7 (depth 3, 30 lits): UNSAT in 0.23s
    cube 1980.63.23.8 (depth 3, 30 lits): UNSAT in 0.04s
    cube 1980.63.23.9 (depth 3, 30 lits): UNSAT in 0.09s
    cube 1980.63.23.10 (depth 3, 30 lits): UNSAT in 0.14s
    cube 1980.63.23.11 (depth 3, 30 lits): UNSAT in 0.53s
    cube 1980.63.23.12 (depth 3, 30 lits): UNSAT in 0.06s
    cube 1980.63.23.13 (depth 3, 30 lits): UNSAT in 0.17s
    cube 1980.63.23.14 (depth 3, 30 lits): UNSAT in 0.08s
    cube 1980.63.23.15 (depth 3, 30 lits): UNSAT in 0.36s
    cube 1980.63.23.16 (depth 3, 30 lits): UNSAT in 0.01s
    cube 1980.63.23.17 (depth 3, 30 lits): UNSAT in 0.07s
    cube 1980.63.23.18 (depth 3, 30 lits): UNSAT in 0.05s
    cube 1980.63.23.19 (depth 3, 30 lits): UNSAT in 0.22s
    cube 1980.63.23.20 (depth 3, 30 lits): UNSAT in 0.05s
    cube 1980.63.23.21 (depth 3, 30 lits): UNSAT in 0.10s
    cube 1980.63.23.22 (depth 3, 30 lits): UNSAT in 0.10s
    cube 1980.63.23.23 (depth 3, 30 lits): UNSAT in 0.23s
    cube 1980.63.23.24 (depth 3, 30 lits): UNSAT in 0.06s
    cube 1980.63.23.25 (depth 3, 30 lits): UNSAT in 0.20s
    cube 1980.63.23.26 (depth 3, 30 lits): UNSAT in 0.26s
    cube 1980.63.23.27 (depth 3, 30 lits): UNSAT in 0.52s
    cube 1980.63.23.28 (depth 3, 30 lits): UNSAT in 0.05s
    cube 1980.63.23.29 (depth 3, 30 lits): UNSAT in 1.08s
    cube 1980.63.23.30 (depth 3, 30 lits): UNSAT in 1.74s
    cube 1980.63.23.31 (depth 3, 30 lits): UNSAT in 9.85s
    cube 1980.63.23.32 (depth 3, 30 lits): UNSAT in 0.02s
    cube 1980.63.23.33 (depth 3, 30 lits): UNSAT in 0.04s
    cube 1980.63.23.34 (depth 3, 30 lits): UNSAT in 0.07s
    cube 1980.63.23.35 (depth 3, 30 lits): UNSAT in 0.19s
    cube 1980.63.23.36 (depth 3, 30 lits): UNSAT in 0.02s
    cube 1980.63.23.37 (depth 3, 30 lits): UNSAT in 0.04s
    cube 1980.63.23.38 (depth 3, 30 lits): UNSAT in 0.06s
    cube 1980.63.23.39 (depth 3, 30 lits): UNSAT in 0.29s
    cube 1980.63.23.40 (depth 3, 30 lits): UNSAT in 0.04s
    cube 1980.63.23.41 (depth 3, 30 lits): UNSAT in 0.19s
    cube 1980.63.23.42 (depth 3, 30 lits): UNSAT in 0.30s
    cube 1980.63.23.43 (depth 3, 30 lits): UNSAT in 0.68s
    cube 1980.63.23.44 (depth 3, 30 lits): UNSAT in 0.04s
    cube 1980.63.23.45 (depth 3, 30 lits): UNSAT in 0.47s
    cube 1980.63.23.46 (depth 3, 30 lits): UNSAT in 1.01s
    cube 1980.63.23.47 (depth 3, 30 lits): UNSAT in 7.46s
    cube 1980.63.23.48 (depth 3, 30 lits): UNSAT in 0.05s
    cube 1980.63.23.49 (depth 3, 30 lits): UNSAT in 0.07s
    cube 1980.63.23.50 (depth 3, 30 lits): UNSAT in 0.12s
    cube 1980.63.23.51 (depth 3, 30 lits): UNSAT in 0.36s
    cube 1980.63.23.52 (depth 3, 30 lits): UNSAT in 0.04s
    cube 1980.63.23.53 (depth 3, 30 lits): UNSAT in 0.31s
    cube 1980.63.23.54 (depth 3, 30 lits): UNSAT in 0.79s
    cube 1980.63.23.55 (depth 3, 30 lits): UNSAT in 8.57s
    cube 1980.63.23.56 (depth 3, 30 lits): UNSAT in 0.60s
    cube 1980.63.23.57 (depth 3, 30 lits): UNSAT in 2.08s
    cube 1980.63.23.58 (depth 3, 30 lits): UNSAT in 3.34s
    cube 1980.63.23.59 (depth 3, 30 lits): UNSAT in 12.52s
    cube 1980.63.23.60 (depth 3, 30 lits): UNSAT in 0.08s
    cube 1980.63.23.61 (depth 3, 30 lits): UNSAT in 0.71s
    cube 1980.63.23.62 (depth 3, 30 lits): UNSAT in 0.86s
    cube 1980.63.23.63 (depth 3, 30 lits): UNSAT in 10.61s
    cube 1980.63.24 (depth 2, 24 lits): UNSAT in 1.34s
    cube 1980.63.25 (depth 2, 24 lits): UNSAT in 4.50s
    cube 1980.63.26 (depth 2, 24 lits): UNSAT in 1.02s
    cube 1980.63.27 (depth 2, 24 lits): TIMEOUT in 60.06s
    cube 1980.63.27 TIMEOUT -> re-split into 64 sub-cubes (depth 3)
    cube 1980.63.27.0 (depth 3, 30 lits): UNSAT in 0.02s
    cube 1980.63.27.1 (depth 3, 30 lits): UNSAT in 0.02s
    cube 1980.63.27.2 (depth 3, 30 lits): UNSAT in 0.02s
    cube 1980.63.27.3 (depth 3, 30 lits): UNSAT in 0.02s
    cube 1980.63.27.4 (depth 3, 30 lits): UNSAT in 0.02s
    cube 1980.63.27.5 (depth 3, 30 lits): UNSAT in 0.07s
    cube 1980.63.27.6 (depth 3, 30 lits): UNSAT in 0.02s
    cube 1980.63.27.7 (depth 3, 30 lits): UNSAT in 0.09s
    cube 1980.63.27.8 (depth 3, 30 lits): UNSAT in 0.02s
    cube 1980.63.27.9 (depth 3, 30 lits): UNSAT in 0.07s
    cube 1980.63.27.10 (depth 3, 30 lits): UNSAT in 0.03s
    cube 1980.63.27.11 (depth 3, 30 lits): UNSAT in 0.06s
    cube 1980.63.27.12 (depth 3, 30 lits): UNSAT in 0.05s
    cube 1980.63.27.13 (depth 3, 30 lits): UNSAT in 0.12s
    cube 1980.63.27.14 (depth 3, 30 lits): UNSAT in 0.06s
    cube 1980.63.27.15 (depth 3, 30 lits): UNSAT in 0.17s
    cube 1980.63.27.16 (depth 3, 30 lits): UNSAT in 0.01s
    cube 1980.63.27.17 (depth 3, 30 lits): UNSAT in 0.02s
    cube 1980.63.27.18 (depth 3, 30 lits): UNSAT in 0.02s
    cube 1980.63.27.19 (depth 3, 30 lits): UNSAT in 0.06s
    cube 1980.63.27.20 (depth 3, 30 lits): UNSAT in 0.09s
    cube 1980.63.27.21 (depth 3, 30 lits): UNSAT in 0.04s
    cube 1980.63.27.22 (depth 3, 30 lits): UNSAT in 0.08s
    cube 1980.63.27.23 (depth 3, 30 lits): UNSAT in 0.08s
    cube 1980.63.27.24 (depth 3, 30 lits): UNSAT in 0.03s
    cube 1980.63.27.25 (depth 3, 30 lits): UNSAT in 0.08s
    cube 1980.63.27.26 (depth 3, 30 lits): UNSAT in 0.04s
    cube 1980.63.27.27 (depth 3, 30 lits): UNSAT in 0.26s
    cube 1980.63.27.28 (depth 3, 30 lits): UNSAT in 0.03s
    cube 1980.63.27.29 (depth 3, 30 lits): UNSAT in 0.12s
    cube 1980.63.27.30 (depth 3, 30 lits): UNSAT in 0.47s
    cube 1980.63.27.31 (depth 3, 30 lits): UNSAT in 0.64s
    cube 1980.63.27.32 (depth 3, 30 lits): UNSAT in 0.02s
    cube 1980.63.27.33 (depth 3, 30 lits): UNSAT in 0.04s
    cube 1980.63.27.34 (depth 3, 30 lits): UNSAT in 0.03s
    cube 1980.63.27.35 (depth 3, 30 lits): UNSAT in 0.07s
    cube 1980.63.27.36 (depth 3, 30 lits): UNSAT in 0.05s
    cube 1980.63.27.37 (depth 3, 30 lits): UNSAT in 0.15s
    cube 1980.63.27.38 (depth 3, 30 lits): UNSAT in 0.02s
    cube 1980.63.27.39 (depth 3, 30 lits): UNSAT in 0.18s
    cube 1980.63.27.40 (depth 3, 30 lits): UNSAT in 0.02s
    cube 1980.63.27.41 (depth 3, 30 lits): UNSAT in 0.03s
    cube 1980.63.27.42 (depth 3, 30 lits): UNSAT in 0.09s
    cube 1980.63.27.43 (depth 3, 30 lits): UNSAT in 0.03s
    cube 1980.63.27.44 (depth 3, 30 lits): UNSAT in 0.06s
    cube 1980.63.27.45 (depth 3, 30 lits): UNSAT in 0.21s
    cube 1980.63.27.46 (depth 3, 30 lits): UNSAT in 1.19s
    cube 1980.63.27.47 (depth 3, 30 lits): UNSAT in 3.42s
    cube 1980.63.27.48 (depth 3, 30 lits): UNSAT in 0.05s
    cube 1980.63.27.49 (depth 3, 30 lits): UNSAT in 0.05s
    cube 1980.63.27.50 (depth 3, 30 lits): UNSAT in 0.04s
    cube 1980.63.27.51 (depth 3, 30 lits): UNSAT in 0.05s
    cube 1980.63.27.52 (depth 3, 30 lits): UNSAT in 0.02s
    cube 1980.63.27.53 (depth 3, 30 lits): UNSAT in 0.07s
    cube 1980.63.27.54 (depth 3, 30 lits): UNSAT in 0.11s
    cube 1980.63.27.55 (depth 3, 30 lits): UNSAT in 1.65s
    cube 1980.63.27.56 (depth 3, 30 lits): UNSAT in 0.14s
    cube 1980.63.27.57 (depth 3, 30 lits): UNSAT in 0.63s
    cube 1980.63.27.58 (depth 3, 30 lits): UNSAT in 0.25s
    cube 1980.63.27.59 (depth 3, 30 lits): UNSAT in 3.42s
    cube 1980.63.27.60 (depth 3, 30 lits): UNSAT in 0.61s
    cube 1980.63.27.61 (depth 3, 30 lits): UNSAT in 5.72s
    cube 1980.63.27.62 (depth 3, 30 lits): UNSAT in 9.34s
    cube 1980.63.27.63 (depth 3, 30 lits): UNSAT in 5.15s
    cube 1980.63.28 (depth 2, 24 lits): UNSAT in 6.07s
    cube 1980.63.29 (depth 2, 24 lits): UNSAT in 54.70s
    cube 1980.63.30 (depth 2, 24 lits): UNSAT in 46.52s
    cube 1980.63.31 (depth 2, 24 lits): TIMEOUT in 60.06s
    cube 1980.63.31 TIMEOUT -> re-split into 64 sub-cubes (depth 3)
    cube 1980.63.31.0 (depth 3, 30 lits): UNSAT in 0.02s
    cube 1980.63.31.1 (depth 3, 30 lits): UNSAT in 0.05s
    cube 1980.63.31.2 (depth 3, 30 lits): UNSAT in 0.04s
    cube 1980.63.31.3 (depth 3, 30 lits): UNSAT in 0.21s
    cube 1980.63.31.4 (depth 3, 30 lits): UNSAT in 0.04s
    cube 1980.63.31.5 (depth 3, 30 lits): UNSAT in 0.22s
    cube 1980.63.31.6 (depth 3, 30 lits): UNSAT in 0.11s
    cube 1980.63.31.7 (depth 3, 30 lits): UNSAT in 0.55s
    cube 1980.63.31.8 (depth 3, 30 lits): UNSAT in 0.03s
    cube 1980.63.31.9 (depth 3, 30 lits): UNSAT in 0.09s
    cube 1980.63.31.10 (depth 3, 30 lits): UNSAT in 0.05s
    cube 1980.63.31.11 (depth 3, 30 lits): UNSAT in 0.64s
    cube 1980.63.31.12 (depth 3, 30 lits): UNSAT in 0.04s
    cube 1980.63.31.13 (depth 3, 30 lits): UNSAT in 0.33s
    cube 1980.63.31.14 (depth 3, 30 lits): UNSAT in 0.54s
    cube 1980.63.31.15 (depth 3, 30 lits): UNSAT in 0.85s
    cube 1980.63.31.16 (depth 3, 30 lits): UNSAT in 0.03s
    cube 1980.63.31.17 (depth 3, 30 lits): UNSAT in 0.09s
    cube 1980.63.31.18 (depth 3, 30 lits): UNSAT in 0.05s
    cube 1980.63.31.19 (depth 3, 30 lits): UNSAT in 0.16s
    cube 1980.63.31.20 (depth 3, 30 lits): UNSAT in 0.05s
    cube 1980.63.31.21 (depth 3, 30 lits): UNSAT in 0.17s
    cube 1980.63.31.22 (depth 3, 30 lits): UNSAT in 0.32s
    cube 1980.63.31.23 (depth 3, 30 lits): UNSAT in 1.15s
    cube 1980.63.31.24 (depth 3, 30 lits): UNSAT in 0.06s
    cube 1980.63.31.25 (depth 3, 30 lits): UNSAT in 0.11s
    cube 1980.63.31.26 (depth 3, 30 lits): UNSAT in 0.02s
    cube 1980.63.31.27 (depth 3, 30 lits): UNSAT in 0.40s
    cube 1980.63.31.28 (depth 3, 30 lits): UNSAT in 0.06s
    cube 1980.63.31.29 (depth 3, 30 lits): UNSAT in 0.36s
    cube 1980.63.31.30 (depth 3, 30 lits): UNSAT in 2.54s
    cube 1980.63.31.31 (depth 3, 30 lits): UNSAT in 8.61s
    cube 1980.63.31.32 (depth 3, 30 lits): UNSAT in 0.10s
    cube 1980.63.31.33 (depth 3, 30 lits): UNSAT in 0.18s
    cube 1980.63.31.34 (depth 3, 30 lits): UNSAT in 0.17s
    cube 1980.63.31.35 (depth 3, 30 lits): UNSAT in 0.79s
    cube 1980.63.31.36 (depth 3, 30 lits): UNSAT in 0.14s
    cube 1980.63.31.37 (depth 3, 30 lits): UNSAT in 0.66s
    cube 1980.63.31.38 (depth 3, 30 lits): UNSAT in 1.22s
    cube 1980.63.31.39 (depth 3, 30 lits): UNSAT in 2.27s
    cube 1980.63.31.40 (depth 3, 30 lits): UNSAT in 0.26s
    cube 1980.63.31.41 (depth 3, 30 lits): UNSAT in 0.18s
    cube 1980.63.31.42 (depth 3, 30 lits): UNSAT in 0.25s
    cube 1980.63.31.43 (depth 3, 30 lits): UNSAT in 4.90s
    cube 1980.63.31.44 (depth 3, 30 lits): UNSAT in 1.20s
    cube 1980.63.31.45 (depth 3, 30 lits): UNSAT in 11.34s
    cube 1980.63.31.46 (depth 3, 30 lits): UNSAT in 0.72s
    cube 1980.63.31.47 (depth 3, 30 lits): UNSAT in 31.04s
    cube 1980.63.31.48 (depth 3, 30 lits): UNSAT in 0.12s
    cube 1980.63.31.49 (depth 3, 30 lits): UNSAT in 1.06s
    cube 1980.63.31.50 (depth 3, 30 lits): UNSAT in 1.88s
    cube 1980.63.31.51 (depth 3, 30 lits): UNSAT in 27.94s
    cube 1980.63.31.52 (depth 3, 30 lits): UNSAT in 0.44s
    cube 1980.63.31.53 (depth 3, 30 lits): UNSAT in 6.79s
    cube 1980.63.31.54 (depth 3, 30 lits): UNSAT in 2.04s
    cube 1980.63.31.55 (depth 3, 30 lits): TIMEOUT in 60.06s
    cube 1980.63.31.56 (depth 3, 30 lits): UNSAT in 0.34s
    cube 1980.63.31.57 (depth 3, 30 lits): UNSAT in 3.00s
    cube 1980.63.31.58 (depth 3, 30 lits): UNSAT in 4.06s
    cube 1980.63.31.59 (depth 3, 30 lits): TIMEOUT in 60.06s
    cube 1980.63.31.60 (depth 3, 30 lits): UNSAT in 0.50s
    cube 1980.63.31.61 (depth 3, 30 lits): UNSAT in 5.58s
    cube 1980.63.31.62 (depth 3, 30 lits): UNSAT in 9.95s
    cube 1980.63.31.63 (depth 3, 30 lits): TIMEOUT in 60.06s
    cube 1980.63.32 (depth 2, 24 lits): UNSAT in 0.13s
    cube 1980.63.33 (depth 2, 24 lits): UNSAT in 0.32s
    cube 1980.63.34 (depth 2, 24 lits): UNSAT in 0.83s
    cube 1980.63.35 (depth 2, 24 lits): UNSAT in 3.08s
    cube 1980.63.36 (depth 2, 24 lits): UNSAT in 0.28s
    cube 1980.63.37 (depth 2, 24 lits): UNSAT in 1.42s
    cube 1980.63.38 (depth 2, 24 lits): UNSAT in 1.21s
    cube 1980.63.39 (depth 2, 24 lits): UNSAT in 5.86s
    cube 1980.63.40 (depth 2, 24 lits): UNSAT in 0.23s
    cube 1980.63.41 (depth 2, 24 lits): UNSAT in 0.58s
    cube 1980.63.42 (depth 2, 24 lits): UNSAT in 0.47s
    cube 1980.63.43 (depth 2, 24 lits): UNSAT in 1.13s
    cube 1980.63.44 (depth 2, 24 lits): UNSAT in 0.38s
    cube 1980.63.45 (depth 2, 24 lits): UNSAT in 1.28s
    cube 1980.63.46 (depth 2, 24 lits): UNSAT in 4.82s
    cube 1980.63.47 (depth 2, 24 lits): TIMEOUT in 60.01s
    cube 1980.63.47 TIMEOUT -> re-split into 64 sub-cubes (depth 3)
    cube 1980.63.47.0 (depth 3, 30 lits): UNSAT in 0.01s
    cube 1980.63.47.1 (depth 3, 30 lits): UNSAT in 0.01s
    cube 1980.63.47.2 (depth 3, 30 lits): UNSAT in 0.02s
    cube 1980.63.47.3 (depth 3, 30 lits): UNSAT in 0.03s
    cube 1980.63.47.4 (depth 3, 30 lits): UNSAT in 0.02s
    cube 1980.63.47.5 (depth 3, 30 lits): UNSAT in 0.03s
    cube 1980.63.47.6 (depth 3, 30 lits): UNSAT in 0.05s
    cube 1980.63.47.7 (depth 3, 30 lits): UNSAT in 0.09s
    cube 1980.63.47.8 (depth 3, 30 lits): UNSAT in 0.02s
    cube 1980.63.47.9 (depth 3, 30 lits): UNSAT in 0.04s
    cube 1980.63.47.10 (depth 3, 30 lits): UNSAT in 0.03s
    cube 1980.63.47.11 (depth 3, 30 lits): UNSAT in 0.06s
    cube 1980.63.47.12 (depth 3, 30 lits): UNSAT in 0.02s
    cube 1980.63.47.13 (depth 3, 30 lits): UNSAT in 0.08s
    cube 1980.63.47.14 (depth 3, 30 lits): UNSAT in 0.03s
    cube 1980.63.47.15 (depth 3, 30 lits): UNSAT in 0.15s
    cube 1980.63.47.16 (depth 3, 30 lits): UNSAT in 0.02s
    cube 1980.63.47.17 (depth 3, 30 lits): UNSAT in 0.02s
    cube 1980.63.47.18 (depth 3, 30 lits): UNSAT in 0.02s
    cube 1980.63.47.19 (depth 3, 30 lits): UNSAT in 0.04s
    cube 1980.63.47.20 (depth 3, 30 lits): UNSAT in 0.04s
    cube 1980.63.47.21 (depth 3, 30 lits): UNSAT in 0.05s
    cube 1980.63.47.22 (depth 3, 30 lits): UNSAT in 0.09s
    cube 1980.63.47.23 (depth 3, 30 lits): UNSAT in 0.06s
    cube 1980.63.47.24 (depth 3, 30 lits): UNSAT in 0.04s
    cube 1980.63.47.25 (depth 3, 30 lits): UNSAT in 0.13s
    cube 1980.63.47.26 (depth 3, 30 lits): UNSAT in 0.12s
    cube 1980.63.47.27 (depth 3, 30 lits): UNSAT in 0.23s
    cube 1980.63.47.28 (depth 3, 30 lits): UNSAT in 0.14s
    cube 1980.63.47.29 (depth 3, 30 lits): UNSAT in 0.23s
    cube 1980.63.47.30 (depth 3, 30 lits): UNSAT in 0.21s
    cube 1980.63.47.31 (depth 3, 30 lits): UNSAT in 0.93s
    cube 1980.63.47.32 (depth 3, 30 lits): UNSAT in 0.13s
    cube 1980.63.47.33 (depth 3, 30 lits): UNSAT in 0.36s
    cube 1980.63.47.34 (depth 3, 30 lits): UNSAT in 0.05s
    cube 1980.63.47.35 (depth 3, 30 lits): UNSAT in 0.23s
    cube 1980.63.47.36 (depth 3, 30 lits): UNSAT in 0.03s
    cube 1980.63.47.37 (depth 3, 30 lits): UNSAT in 0.09s
    cube 1980.63.47.38 (depth 3, 30 lits): UNSAT in 0.25s
    cube 1980.63.47.39 (depth 3, 30 lits): UNSAT in 1.02s
    cube 1980.63.47.40 (depth 3, 30 lits): UNSAT in 0.08s
    cube 1980.63.47.41 (depth 3, 30 lits): UNSAT in 0.16s
    cube 1980.63.47.42 (depth 3, 30 lits): UNSAT in 0.07s
    cube 1980.63.47.43 (depth 3, 30 lits): UNSAT in 0.68s
    cube 1980.63.47.44 (depth 3, 30 lits): UNSAT in 0.07s
    cube 1980.63.47.45 (depth 3, 30 lits): UNSAT in 0.63s
    cube 1980.63.47.46 (depth 3, 30 lits): UNSAT in 0.76s
    cube 1980.63.47.47 (depth 3, 30 lits): UNSAT in 1.80s
    cube 1980.63.47.48 (depth 3, 30 lits): UNSAT in 0.03s
    cube 1980.63.47.49 (depth 3, 30 lits): UNSAT in 0.07s
    cube 1980.63.47.50 (depth 3, 30 lits): UNSAT in 0.13s
    cube 1980.63.47.51 (depth 3, 30 lits): UNSAT in 0.38s
    cube 1980.63.47.52 (depth 3, 30 lits): UNSAT in 0.06s
    cube 1980.63.47.53 (depth 3, 30 lits): UNSAT in 0.54s
    cube 1980.63.47.54 (depth 3, 30 lits): UNSAT in 0.71s
    cube 1980.63.47.55 (depth 3, 30 lits): UNSAT in 9.70s
    cube 1980.63.47.56 (depth 3, 30 lits): UNSAT in 0.06s
    cube 1980.63.47.57 (depth 3, 30 lits): UNSAT in 0.26s
    cube 1980.63.47.58 (depth 3, 30 lits): UNSAT in 0.42s
    cube 1980.63.47.59 (depth 3, 30 lits): UNSAT in 3.62s
    cube 1980.63.47.60 (depth 3, 30 lits): UNSAT in 0.65s
    cube 1980.63.47.61 (depth 3, 30 lits): UNSAT in 2.90s
    cube 1980.63.47.62 (depth 3, 30 lits): UNSAT in 10.98s
    cube 1980.63.47.63 (depth 3, 30 lits): UNSAT in 11.11s
    cube 1980.63.48 (depth 2, 24 lits): UNSAT in 0.28s
    cube 1980.63.49 (depth 2, 24 lits): UNSAT in 1.58s
    cube 1980.63.50 (depth 2, 24 lits): UNSAT in 0.46s
    cube 1980.63.51 (depth 2, 24 lits): UNSAT in 8.19s
    cube 1980.63.52 (depth 2, 24 lits): UNSAT in 1.26s
    cube 1980.63.53 (depth 2, 24 lits): UNSAT in 5.72s
    cube 1980.63.54 (depth 2, 24 lits): UNSAT in 1.72s
    cube 1980.63.55 (depth 2, 24 lits): TIMEOUT in 60.04s
    cube 1980.63.55 TIMEOUT -> re-split into 64 sub-cubes (depth 3)
    cube 1980.63.55.0 (depth 3, 30 lits): UNSAT in 0.02s
    cube 1980.63.55.1 (depth 3, 30 lits): UNSAT in 0.03s
    cube 1980.63.55.2 (depth 3, 30 lits): UNSAT in 0.02s
    cube 1980.63.55.3 (depth 3, 30 lits): UNSAT in 0.03s
    cube 1980.63.55.4 (depth 3, 30 lits): UNSAT in 0.02s
    cube 1980.63.55.5 (depth 3, 30 lits): UNSAT in 0.05s
    cube 1980.63.55.6 (depth 3, 30 lits): UNSAT in 0.02s
    cube 1980.63.55.7 (depth 3, 30 lits): UNSAT in 0.13s
    cube 1980.63.55.8 (depth 3, 30 lits): UNSAT in 0.02s
    cube 1980.63.55.9 (depth 3, 30 lits): UNSAT in 0.03s
    cube 1980.63.55.10 (depth 3, 30 lits): UNSAT in 0.02s
    cube 1980.63.55.11 (depth 3, 30 lits): UNSAT in 0.13s
    cube 1980.63.55.12 (depth 3, 30 lits): UNSAT in 0.04s
    cube 1980.63.55.13 (depth 3, 30 lits): UNSAT in 0.14s
    cube 1980.63.55.14 (depth 3, 30 lits): UNSAT in 0.09s
    cube 1980.63.55.15 (depth 3, 30 lits): UNSAT in 0.29s
    cube 1980.63.55.16 (depth 3, 30 lits): UNSAT in 0.03s
    cube 1980.63.55.17 (depth 3, 30 lits): UNSAT in 0.02s
    cube 1980.63.55.18 (depth 3, 30 lits): UNSAT in 0.04s
    cube 1980.63.55.19 (depth 3, 30 lits): UNSAT in 0.07s
    cube 1980.63.55.20 (depth 3, 30 lits): UNSAT in 0.05s
    cube 1980.63.55.21 (depth 3, 30 lits): UNSAT in 0.08s
    cube 1980.63.55.22 (depth 3, 30 lits): UNSAT in 0.09s
    cube 1980.63.55.23 (depth 3, 30 lits): UNSAT in 0.26s
    cube 1980.63.55.24 (depth 3, 30 lits): UNSAT in 0.05s
    cube 1980.63.55.25 (depth 3, 30 lits): UNSAT in 0.14s
    cube 1980.63.55.26 (depth 3, 30 lits): UNSAT in 0.03s
    cube 1980.63.55.27 (depth 3, 30 lits): UNSAT in 0.19s
    cube 1980.63.55.28 (depth 3, 30 lits): UNSAT in 0.04s
    cube 1980.63.55.29 (depth 3, 30 lits): UNSAT in 0.12s
    cube 1980.63.55.30 (depth 3, 30 lits): UNSAT in 0.31s
    cube 1980.63.55.31 (depth 3, 30 lits): UNSAT in 1.15s
    cube 1980.63.55.32 (depth 3, 30 lits): UNSAT in 0.02s
    cube 1980.63.55.33 (depth 3, 30 lits): UNSAT in 0.02s
    cube 1980.63.55.34 (depth 3, 30 lits): UNSAT in 0.03s
    cube 1980.63.55.35 (depth 3, 30 lits): UNSAT in 0.08s
    cube 1980.63.55.36 (depth 3, 30 lits): UNSAT in 0.05s
    cube 1980.63.55.37 (depth 3, 30 lits): UNSAT in 0.09s
    cube 1980.63.55.38 (depth 3, 30 lits): UNSAT in 0.03s
    cube 1980.63.55.39 (depth 3, 30 lits): UNSAT in 0.17s
    cube 1980.63.55.40 (depth 3, 30 lits): UNSAT in 0.03s
    cube 1980.63.55.41 (depth 3, 30 lits): UNSAT in 0.01s
    cube 1980.63.55.42 (depth 3, 30 lits): UNSAT in 0.05s
    cube 1980.63.55.43 (depth 3, 30 lits): UNSAT in 0.06s
    cube 1980.63.55.44 (depth 3, 30 lits): UNSAT in 0.16s
    cube 1980.63.55.45 (depth 3, 30 lits): UNSAT in 0.11s
    cube 1980.63.55.46 (depth 3, 30 lits): UNSAT in 1.08s
    cube 1980.63.55.47 (depth 3, 30 lits): UNSAT in 1.39s
    cube 1980.63.55.48 (depth 3, 30 lits): UNSAT in 0.04s
    cube 1980.63.55.49 (depth 3, 30 lits): UNSAT in 0.06s
    cube 1980.63.55.50 (depth 3, 30 lits): UNSAT in 0.05s
    cube 1980.63.55.51 (depth 3, 30 lits): UNSAT in 0.08s
    cube 1980.63.55.52 (depth 3, 30 lits): UNSAT in 0.03s
    cube 1980.63.55.53 (depth 3, 30 lits): UNSAT in 0.09s
    cube 1980.63.55.54 (depth 3, 30 lits): UNSAT in 0.15s
    cube 1980.63.55.55 (depth 3, 30 lits): UNSAT in 3.45s
    cube 1980.63.55.56 (depth 3, 30 lits): UNSAT in 0.26s
    cube 1980.63.55.57 (depth 3, 30 lits): UNSAT in 0.64s
    cube 1980.63.55.58 (depth 3, 30 lits): UNSAT in 0.11s
    cube 1980.63.55.59 (depth 3, 30 lits): UNSAT in 2.49s
    cube 1980.63.55.60 (depth 3, 30 lits): UNSAT in 0.73s
    cube 1980.63.55.61 (depth 3, 30 lits): UNSAT in 7.17s
    cube 1980.63.55.62 (depth 3, 30 lits): UNSAT in 1.46s
    cube 1980.63.55.63 (depth 3, 30 lits): UNSAT in 10.31s
    cube 1980.63.56 (depth 2, 24 lits): UNSAT in 3.02s
    cube 1980.63.57 (depth 2, 24 lits): UNSAT in 11.98s
    cube 1980.63.58 (depth 2, 24 lits): UNSAT in 5.88s
    cube 1980.63.59 (depth 2, 24 lits): TIMEOUT in 60.02s
    cube 1980.63.59 TIMEOUT -> re-split into 64 sub-cubes (depth 3)
    cube 1980.63.59.0 (depth 3, 30 lits): UNSAT in 0.01s
    cube 1980.63.59.1 (depth 3, 30 lits): UNSAT in 0.04s
    cube 1980.63.59.2 (depth 3, 30 lits): UNSAT in 0.03s
    cube 1980.63.59.3 (depth 3, 30 lits): UNSAT in 0.09s
    cube 1980.63.59.4 (depth 3, 30 lits): UNSAT in 0.04s
    cube 1980.63.59.5 (depth 3, 30 lits): UNSAT in 0.05s
    cube 1980.63.59.6 (depth 3, 30 lits): UNSAT in 0.05s
    cube 1980.63.59.7 (depth 3, 30 lits): UNSAT in 0.08s
    cube 1980.63.59.8 (depth 3, 30 lits): UNSAT in 0.03s
    cube 1980.63.59.9 (depth 3, 30 lits): UNSAT in 0.06s
    cube 1980.63.59.10 (depth 3, 30 lits): UNSAT in 0.04s
    cube 1980.63.59.11 (depth 3, 30 lits): UNSAT in 0.06s
    cube 1980.63.59.12 (depth 3, 30 lits): UNSAT in 0.07s
    cube 1980.63.59.13 (depth 3, 30 lits): UNSAT in 0.19s
    cube 1980.63.59.14 (depth 3, 30 lits): UNSAT in 0.16s
    cube 1980.63.59.15 (depth 3, 30 lits): UNSAT in 0.14s
    cube 1980.63.59.16 (depth 3, 30 lits): UNSAT in 0.03s
    cube 1980.63.59.17 (depth 3, 30 lits): UNSAT in 0.05s
    cube 1980.63.59.18 (depth 3, 30 lits): UNSAT in 0.02s
    cube 1980.63.59.19 (depth 3, 30 lits): UNSAT in 0.10s
    cube 1980.63.59.20 (depth 3, 30 lits): UNSAT in 0.06s
    cube 1980.63.59.21 (depth 3, 30 lits): UNSAT in 0.13s
    cube 1980.63.59.22 (depth 3, 30 lits): UNSAT in 0.03s
    cube 1980.63.59.23 (depth 3, 30 lits): UNSAT in 0.06s
    cube 1980.63.59.24 (depth 3, 30 lits): UNSAT in 0.12s
    cube 1980.63.59.25 (depth 3, 30 lits): UNSAT in 0.25s
    cube 1980.63.59.26 (depth 3, 30 lits): UNSAT in 0.18s
    cube 1980.63.59.27 (depth 3, 30 lits): UNSAT in 0.37s
    cube 1980.63.59.28 (depth 3, 30 lits): UNSAT in 0.13s
    cube 1980.63.59.29 (depth 3, 30 lits): UNSAT in 0.27s
    cube 1980.63.59.30 (depth 3, 30 lits): UNSAT in 0.28s
    cube 1980.63.59.31 (depth 3, 30 lits): UNSAT in 0.40s
    cube 1980.63.59.32 (depth 3, 30 lits): UNSAT in 0.01s
    cube 1980.63.59.33 (depth 3, 30 lits): UNSAT in 0.02s
    cube 1980.63.59.34 (depth 3, 30 lits): UNSAT in 0.02s
    cube 1980.63.59.35 (depth 3, 30 lits): UNSAT in 0.04s
    cube 1980.63.59.36 (depth 3, 30 lits): UNSAT in 0.05s
    cube 1980.63.59.37 (depth 3, 30 lits): UNSAT in 0.12s
    cube 1980.63.59.38 (depth 3, 30 lits): UNSAT in 0.05s
    cube 1980.63.59.39 (depth 3, 30 lits): UNSAT in 0.13s
    cube 1980.63.59.40 (depth 3, 30 lits): UNSAT in 0.03s
    cube 1980.63.59.41 (depth 3, 30 lits): UNSAT in 0.02s
    cube 1980.63.59.42 (depth 3, 30 lits): UNSAT in 0.02s
    cube 1980.63.59.43 (depth 3, 30 lits): UNSAT in 0.04s
    cube 1980.63.59.44 (depth 3, 30 lits): UNSAT in 0.09s
    cube 1980.63.59.45 (depth 3, 30 lits): UNSAT in 0.16s
    cube 1980.63.59.46 (depth 3, 30 lits): UNSAT in 0.08s
    cube 1980.63.59.47 (depth 3, 30 lits): UNSAT in 0.17s
    cube 1980.63.59.48 (depth 3, 30 lits): UNSAT in 0.07s
    cube 1980.63.59.49 (depth 3, 30 lits): UNSAT in 0.18s
    cube 1980.63.59.50 (depth 3, 30 lits): UNSAT in 0.08s
    cube 1980.63.59.51 (depth 3, 30 lits): UNSAT in 0.32s
    cube 1980.63.59.52 (depth 3, 30 lits): UNSAT in 0.09s
    cube 1980.63.59.53 (depth 3, 30 lits): UNSAT in 0.93s
    cube 1980.63.59.54 (depth 3, 30 lits): UNSAT in 0.82s
    cube 1980.63.59.55 (depth 3, 30 lits): UNSAT in 3.37s
    cube 1980.63.59.56 (depth 3, 30 lits): UNSAT in 0.10s
    cube 1980.63.59.57 (depth 3, 30 lits): UNSAT in 0.71s
    cube 1980.63.59.58 (depth 3, 30 lits): UNSAT in 0.27s
    cube 1980.63.59.59 (depth 3, 30 lits): UNSAT in 2.60s
    cube 1980.63.59.60 (depth 3, 30 lits): UNSAT in 0.23s
    cube 1980.63.59.61 (depth 3, 30 lits): UNSAT in 4.32s
    cube 1980.63.59.62 (depth 3, 30 lits): UNSAT in 2.30s
    cube 1980.63.59.63 (depth 3, 30 lits): UNSAT in 7.40s
    cube 1980.63.60 (depth 2, 24 lits): UNSAT in 2.63s
    cube 1980.63.61 (depth 2, 24 lits): TIMEOUT in 60.06s
    cube 1980.63.61 TIMEOUT -> re-split into 64 sub-cubes (depth 3)
    cube 1980.63.61.0 (depth 3, 30 lits): UNSAT in 0.01s
    cube 1980.63.61.1 (depth 3, 30 lits): UNSAT in 0.03s
    cube 1980.63.61.2 (depth 3, 30 lits): UNSAT in 0.02s
    cube 1980.63.61.3 (depth 3, 30 lits): UNSAT in 0.04s
    cube 1980.63.61.4 (depth 3, 30 lits): UNSAT in 0.01s
    cube 1980.63.61.5 (depth 3, 30 lits): UNSAT in 0.03s
    cube 1980.63.61.6 (depth 3, 30 lits): UNSAT in 0.03s
    cube 1980.63.61.7 (depth 3, 30 lits): UNSAT in 0.05s
    cube 1980.63.61.8 (depth 3, 30 lits): UNSAT in 0.02s
    cube 1980.63.61.9 (depth 3, 30 lits): UNSAT in 0.03s
    cube 1980.63.61.10 (depth 3, 30 lits): UNSAT in 0.03s
    cube 1980.63.61.11 (depth 3, 30 lits): UNSAT in 0.09s
    cube 1980.63.61.12 (depth 3, 30 lits): UNSAT in 0.05s
    cube 1980.63.61.13 (depth 3, 30 lits): UNSAT in 0.13s
    cube 1980.63.61.14 (depth 3, 30 lits): UNSAT in 0.04s
    cube 1980.63.61.15 (depth 3, 30 lits): UNSAT in 0.23s
    cube 1980.63.61.16 (depth 3, 30 lits): UNSAT in 0.02s
    cube 1980.63.61.17 (depth 3, 30 lits): UNSAT in 0.05s
    cube 1980.63.61.18 (depth 3, 30 lits): UNSAT in 0.02s
    cube 1980.63.61.19 (depth 3, 30 lits): UNSAT in 0.06s
    cube 1980.63.61.20 (depth 3, 30 lits): UNSAT in 0.05s
    cube 1980.63.61.21 (depth 3, 30 lits): UNSAT in 0.19s
    cube 1980.63.61.22 (depth 3, 30 lits): UNSAT in 0.21s
    cube 1980.63.61.23 (depth 3, 30 lits): UNSAT in 0.25s
    cube 1980.63.61.24 (depth 3, 30 lits): UNSAT in 0.02s
    cube 1980.63.61.25 (depth 3, 30 lits): UNSAT in 0.07s
    cube 1980.63.61.26 (depth 3, 30 lits): UNSAT in 0.17s
    cube 1980.63.61.27 (depth 3, 30 lits): UNSAT in 0.08s
    cube 1980.63.61.28 (depth 3, 30 lits): UNSAT in 0.03s
    cube 1980.63.61.29 (depth 3, 30 lits): UNSAT in 0.11s
    cube 1980.63.61.30 (depth 3, 30 lits): UNSAT in 0.21s
    cube 1980.63.61.31 (depth 3, 30 lits): UNSAT in 1.52s
    cube 1980.63.61.32 (depth 3, 30 lits): UNSAT in 0.02s
    cube 1980.63.61.33 (depth 3, 30 lits): UNSAT in 0.08s
    cube 1980.63.61.34 (depth 3, 30 lits): UNSAT in 0.03s
    cube 1980.63.61.35 (depth 3, 30 lits): UNSAT in 0.12s
    cube 1980.63.61.36 (depth 3, 30 lits): UNSAT in 0.18s
    cube 1980.63.61.37 (depth 3, 30 lits): UNSAT in 0.09s
    cube 1980.63.61.38 (depth 3, 30 lits): UNSAT in 0.33s
    cube 1980.63.61.39 (depth 3, 30 lits): UNSAT in 0.25s
    cube 1980.63.61.40 (depth 3, 30 lits): UNSAT in 0.03s
    cube 1980.63.61.41 (depth 3, 30 lits): UNSAT in 0.04s
    cube 1980.63.61.42 (depth 3, 30 lits): UNSAT in 0.05s
    cube 1980.63.61.43 (depth 3, 30 lits): UNSAT in 0.02s
    cube 1980.63.61.44 (depth 3, 30 lits): UNSAT in 0.23s
    cube 1980.63.61.45 (depth 3, 30 lits): UNSAT in 0.54s
    cube 1980.63.61.46 (depth 3, 30 lits): UNSAT in 0.49s
    cube 1980.63.61.47 (depth 3, 30 lits): UNSAT in 6.69s
    cube 1980.63.61.48 (depth 3, 30 lits): UNSAT in 0.09s
    cube 1980.63.61.49 (depth 3, 30 lits): UNSAT in 0.14s
    cube 1980.63.61.50 (depth 3, 30 lits): UNSAT in 0.11s
    cube 1980.63.61.51 (depth 3, 30 lits): UNSAT in 0.57s
    cube 1980.63.61.52 (depth 3, 30 lits): UNSAT in 0.17s
    cube 1980.63.61.53 (depth 3, 30 lits): UNSAT in 0.32s
    cube 1980.63.61.54 (depth 3, 30 lits): UNSAT in 0.31s
    cube 1980.63.61.55 (depth 3, 30 lits): UNSAT in 2.02s
    cube 1980.63.61.56 (depth 3, 30 lits): UNSAT in 0.19s
    cube 1980.63.61.57 (depth 3, 30 lits): UNSAT in 0.75s
    cube 1980.63.61.58 (depth 3, 30 lits): UNSAT in 0.44s
    cube 1980.63.61.59 (depth 3, 30 lits): UNSAT in 1.27s
    cube 1980.63.61.60 (depth 3, 30 lits): UNSAT in 1.00s
    cube 1980.63.61.61 (depth 3, 30 lits): UNSAT in 2.85s
    cube 1980.63.61.62 (depth 3, 30 lits): UNSAT in 5.02s
    cube 1980.63.61.63 (depth 3, 30 lits): UNSAT in 6.74s
    cube 1980.63.62 (depth 2, 24 lits): TIMEOUT in 60.03s
    cube 1980.63.62 TIMEOUT -> re-split into 63 sub-cubes (depth 3)
    cube 1980.63.62.0 (depth 3, 29 lits): UNSAT in 0.02s
    cube 1980.63.62.1 (depth 3, 30 lits): UNSAT in 0.01s
    cube 1980.63.62.2 (depth 3, 30 lits): UNSAT in 0.02s
    cube 1980.63.62.3 (depth 3, 30 lits): UNSAT in 0.03s
    cube 1980.63.62.4 (depth 3, 30 lits): UNSAT in 0.08s
    cube 1980.63.62.5 (depth 3, 30 lits): UNSAT in 0.03s
    cube 1980.63.62.6 (depth 3, 30 lits): UNSAT in 0.21s
    cube 1980.63.62.7 (depth 3, 30 lits): UNSAT in 0.02s
    cube 1980.63.62.8 (depth 3, 30 lits): UNSAT in 0.04s
    cube 1980.63.62.9 (depth 3, 30 lits): UNSAT in 0.04s
    cube 1980.63.62.10 (depth 3, 30 lits): UNSAT in 0.07s
    cube 1980.63.62.11 (depth 3, 30 lits): UNSAT in 0.09s
    cube 1980.63.62.12 (depth 3, 30 lits): UNSAT in 0.36s
    cube 1980.63.62.13 (depth 3, 30 lits): UNSAT in 0.31s
    cube 1980.63.62.14 (depth 3, 30 lits): UNSAT in 1.21s
    cube 1980.63.62.15 (depth 3, 30 lits): UNSAT in 0.03s
    cube 1980.63.62.16 (depth 3, 30 lits): UNSAT in 0.04s
    cube 1980.63.62.17 (depth 3, 30 lits): UNSAT in 0.02s
    cube 1980.63.62.18 (depth 3, 30 lits): UNSAT in 0.11s
    cube 1980.63.62.19 (depth 3, 30 lits): UNSAT in 0.04s
    cube 1980.63.62.20 (depth 3, 30 lits): UNSAT in 0.08s
    cube 1980.63.62.21 (depth 3, 30 lits): UNSAT in 0.05s
    cube 1980.63.62.22 (depth 3, 30 lits): UNSAT in 0.36s
    cube 1980.63.62.23 (depth 3, 30 lits): UNSAT in 0.05s
    cube 1980.63.62.24 (depth 3, 30 lits): UNSAT in 0.12s
    cube 1980.63.62.25 (depth 3, 30 lits): UNSAT in 0.07s
    cube 1980.63.62.26 (depth 3, 30 lits): UNSAT in 0.67s
    cube 1980.63.62.27 (depth 3, 30 lits): UNSAT in 0.10s
    cube 1980.63.62.28 (depth 3, 30 lits): UNSAT in 0.34s
    cube 1980.63.62.29 (depth 3, 30 lits): UNSAT in 0.22s
    cube 1980.63.62.30 (depth 3, 30 lits): UNSAT in 2.50s
    cube 1980.63.62.31 (depth 3, 30 lits): UNSAT in 0.02s
    cube 1980.63.62.32 (depth 3, 30 lits): UNSAT in 0.04s
    cube 1980.63.62.33 (depth 3, 30 lits): UNSAT in 0.06s
    cube 1980.63.62.34 (depth 3, 30 lits): UNSAT in 0.05s
    cube 1980.63.62.35 (depth 3, 30 lits): UNSAT in 0.02s
    cube 1980.63.62.36 (depth 3, 30 lits): UNSAT in 0.04s
    cube 1980.63.62.37 (depth 3, 30 lits): UNSAT in 0.06s
    cube 1980.63.62.38 (depth 3, 30 lits): UNSAT in 0.11s
    cube 1980.63.62.39 (depth 3, 30 lits): UNSAT in 0.02s
    cube 1980.63.62.40 (depth 3, 30 lits): UNSAT in 0.04s
    cube 1980.63.62.41 (depth 3, 30 lits): UNSAT in 0.04s
    cube 1980.63.62.42 (depth 3, 30 lits): UNSAT in 0.08s
    cube 1980.63.62.43 (depth 3, 30 lits): UNSAT in 0.10s
    cube 1980.63.62.44 (depth 3, 30 lits): UNSAT in 0.68s
    cube 1980.63.62.45 (depth 3, 30 lits): UNSAT in 0.86s
    cube 1980.63.62.46 (depth 3, 30 lits): UNSAT in 1.97s
    cube 1980.63.62.47 (depth 3, 30 lits): UNSAT in 0.06s
    cube 1980.63.62.48 (depth 3, 30 lits): UNSAT in 0.07s
    cube 1980.63.62.49 (depth 3, 30 lits): UNSAT in 0.05s
    cube 1980.63.62.50 (depth 3, 30 lits): UNSAT in 0.25s
    cube 1980.63.62.51 (depth 3, 30 lits): UNSAT in 0.04s
    cube 1980.63.62.52 (depth 3, 30 lits): UNSAT in 0.09s
    cube 1980.63.62.53 (depth 3, 30 lits): UNSAT in 0.15s
    cube 1980.63.62.54 (depth 3, 30 lits): UNSAT in 0.60s
    cube 1980.63.62.55 (depth 3, 30 lits): UNSAT in 0.16s
    cube 1980.63.62.56 (depth 3, 30 lits): UNSAT in 0.29s
    cube 1980.63.62.57 (depth 3, 30 lits): UNSAT in 1.02s
    cube 1980.63.62.58 (depth 3, 30 lits): UNSAT in 1.41s
    cube 1980.63.62.59 (depth 3, 30 lits): UNSAT in 0.14s
    cube 1980.63.62.60 (depth 3, 30 lits): UNSAT in 3.84s
    cube 1980.63.62.61 (depth 3, 30 lits): UNSAT in 1.12s
    cube 1980.63.62.62 (depth 3, 30 lits): UNSAT in 11.50s
    cube 1980.63.63 (depth 2, 24 lits): TIMEOUT in 60.06s
    cube 1980.63.63 TIMEOUT -> re-split into 64 sub-cubes (depth 3)
    cube 1980.63.63.0 (depth 3, 30 lits): UNSAT in 0.02s
    cube 1980.63.63.1 (depth 3, 30 lits): UNSAT in 0.06s
    cube 1980.63.63.2 (depth 3, 30 lits): UNSAT in 0.04s
    cube 1980.63.63.3 (depth 3, 30 lits): UNSAT in 0.59s
    cube 1980.63.63.4 (depth 3, 30 lits): UNSAT in 0.03s
    cube 1980.63.63.5 (depth 3, 30 lits): UNSAT in 0.15s
    cube 1980.63.63.6 (depth 3, 30 lits): UNSAT in 0.23s
    cube 1980.63.63.7 (depth 3, 30 lits): UNSAT in 0.56s
    cube 1980.63.63.8 (depth 3, 30 lits): UNSAT in 0.07s
    cube 1980.63.63.9 (depth 3, 30 lits): UNSAT in 0.03s
    cube 1980.63.63.10 (depth 3, 30 lits): UNSAT in 0.07s
    cube 1980.63.63.11 (depth 3, 30 lits): UNSAT in 0.12s
    cube 1980.63.63.12 (depth 3, 30 lits): UNSAT in 0.15s
    cube 1980.63.63.13 (depth 3, 30 lits): UNSAT in 0.34s
    cube 1980.63.63.14 (depth 3, 30 lits): UNSAT in 2.42s
    cube 1980.63.63.15 (depth 3, 30 lits): UNSAT in 2.48s
    cube 1980.63.63.16 (depth 3, 30 lits): UNSAT in 0.07s
    cube 1980.63.63.17 (depth 3, 30 lits): UNSAT in 0.22s
    cube 1980.63.63.18 (depth 3, 30 lits): UNSAT in 0.20s
    cube 1980.63.63.19 (depth 3, 30 lits): UNSAT in 0.54s
    cube 1980.63.63.20 (depth 3, 30 lits): UNSAT in 0.26s
    cube 1980.63.63.21 (depth 3, 30 lits): UNSAT in 0.31s
    cube 1980.63.63.22 (depth 3, 30 lits): UNSAT in 0.14s
    cube 1980.63.63.23 (depth 3, 30 lits): UNSAT in 3.06s
    cube 1980.63.63.24 (depth 3, 30 lits): UNSAT in 0.08s
    cube 1980.63.63.25 (depth 3, 30 lits): UNSAT in 0.50s
    cube 1980.63.63.26 (depth 3, 30 lits): UNSAT in 0.66s
    cube 1980.63.63.27 (depth 3, 30 lits): UNSAT in 8.82s
    cube 1980.63.63.28 (depth 3, 30 lits): UNSAT in 0.24s
    cube 1980.63.63.29 (depth 3, 30 lits): UNSAT in 5.85s
    cube 1980.63.63.30 (depth 3, 30 lits): UNSAT in 13.99s
    cube 1980.63.63.31 (depth 3, 30 lits): TIMEOUT in 60.06s
    cube 1980.63.63.32 (depth 3, 30 lits): UNSAT in 0.07s
    cube 1980.63.63.33 (depth 3, 30 lits): UNSAT in 0.27s
    cube 1980.63.63.34 (depth 3, 30 lits): UNSAT in 0.19s
    cube 1980.63.63.35 (depth 3, 30 lits): UNSAT in 0.52s
    cube 1980.63.63.36 (depth 3, 30 lits): UNSAT in 0.20s
    cube 1980.63.63.37 (depth 3, 30 lits): UNSAT in 0.67s
    cube 1980.63.63.38 (depth 3, 30 lits): UNSAT in 1.11s
    cube 1980.63.63.39 (depth 3, 30 lits): UNSAT in 4.25s
    cube 1980.63.63.40 (depth 3, 30 lits): UNSAT in 0.23s
    cube 1980.63.63.41 (depth 3, 30 lits): UNSAT in 0.13s
    cube 1980.63.63.42 (depth 3, 30 lits): UNSAT in 0.23s
    cube 1980.63.63.43 (depth 3, 30 lits): UNSAT in 4.10s
    cube 1980.63.63.44 (depth 3, 30 lits): UNSAT in 0.49s
    cube 1980.63.63.45 (depth 3, 30 lits): UNSAT in 1.65s
    cube 1980.63.63.46 (depth 3, 30 lits): UNSAT in 9.56s
    cube 1980.63.63.47 (depth 3, 30 lits): UNSAT in 48.01s
    cube 1980.63.63.48 (depth 3, 30 lits): UNSAT in 0.04s
    cube 1980.63.63.49 (depth 3, 30 lits): UNSAT in 0.10s
    cube 1980.63.63.50 (depth 3, 30 lits): UNSAT in 0.26s
    cube 1980.63.63.51 (depth 3, 30 lits): UNSAT in 1.34s
    cube 1980.63.63.52 (depth 3, 30 lits): UNSAT in 1.21s
    cube 1980.63.63.53 (depth 3, 30 lits): UNSAT in 1.15s
    cube 1980.63.63.54 (depth 3, 30 lits): UNSAT in 6.51s
    cube 1980.63.63.55 (depth 3, 30 lits): UNSAT in 36.78s
    cube 1980.63.63.56 (depth 3, 30 lits): UNSAT in 0.26s
    cube 1980.63.63.57 (depth 3, 30 lits): UNSAT in 2.21s
    cube 1980.63.63.58 (depth 3, 30 lits): UNSAT in 1.81s
    cube 1980.63.63.59 (depth 3, 30 lits): UNSAT in 21.16s
    cube 1980.63.63.60 (depth 3, 30 lits): UNSAT in 0.28s
    cube 1980.63.63.61 (depth 3, 30 lits): UNSAT in 3.97s
    cube 1980.63.63.62 (depth 3, 30 lits): UNSAT in 3.71s
    cube 1980.63.63.63 (depth 3, 30 lits): TIMEOUT in 60.06s
    cube 1981 (depth 0, 12 lits): TIMEOUT in 60.05s
    cube 1981 TIMEOUT -> re-split into 64 sub-cubes (depth 1)
    cube 1981.0 (depth 1, 18 lits): UNSAT in 0.19s
    cube 1981.1 (depth 1, 18 lits): UNSAT in 1.10s
    cube 1981.2 (depth 1, 18 lits): UNSAT in 1.07s
    cube 1981.3 (depth 1, 18 lits): UNSAT in 1.85s
    cube 1981.4 (depth 1, 18 lits): UNSAT in 0.11s
    cube 1981.5 (depth 1, 18 lits): UNSAT in 0.71s
    cube 1981.6 (depth 1, 18 lits): UNSAT in 1.08s
    cube 1981.7 (depth 1, 18 lits): UNSAT in 8.36s
    cube 1981.8 (depth 1, 18 lits): UNSAT in 0.22s
    cube 1981.9 (depth 1, 18 lits): UNSAT in 2.97s
    cube 1981.10 (depth 1, 18 lits): UNSAT in 2.04s
    cube 1981.11 (depth 1, 18 lits): UNSAT in 8.93s
    cube 1981.12 (depth 1, 18 lits): UNSAT in 4.39s
    cube 1981.13 (depth 1, 18 lits): UNSAT in 4.49s
    cube 1981.14 (depth 1, 18 lits): UNSAT in 3.30s
    cube 1981.15 (depth 1, 18 lits): TIMEOUT in 60.01s
    cube 1981.15 TIMEOUT -> re-split into 63 sub-cubes (depth 2)
    cube 1981.15.0 (depth 2, 23 lits): UNSAT in 0.02s
    cube 1981.15.1 (depth 2, 24 lits): UNSAT in 0.04s
    cube 1981.15.2 (depth 2, 24 lits): UNSAT in 0.06s
    cube 1981.15.3 (depth 2, 24 lits): UNSAT in 0.01s
    cube 1981.15.4 (depth 2, 24 lits): UNSAT in 0.02s
    cube 1981.15.5 (depth 2, 24 lits): UNSAT in 0.09s
    cube 1981.15.6 (depth 2, 24 lits): UNSAT in 0.19s
    cube 1981.15.7 (depth 2, 24 lits): UNSAT in 0.02s
    cube 1981.15.8 (depth 2, 24 lits): UNSAT in 0.03s
    cube 1981.15.9 (depth 2, 24 lits): UNSAT in 0.04s
    cube 1981.15.10 (depth 2, 24 lits): UNSAT in 0.10s
    cube 1981.15.11 (depth 2, 24 lits): UNSAT in 0.12s
    cube 1981.15.12 (depth 2, 24 lits): UNSAT in 0.08s
    cube 1981.15.13 (depth 2, 24 lits): UNSAT in 0.09s
    cube 1981.15.14 (depth 2, 24 lits): UNSAT in 0.26s
    cube 1981.15.15 (depth 2, 24 lits): UNSAT in 0.02s
    cube 1981.15.16 (depth 2, 24 lits): UNSAT in 0.05s
    cube 1981.15.17 (depth 2, 24 lits): UNSAT in 0.03s
    cube 1981.15.18 (depth 2, 24 lits): UNSAT in 0.10s
    cube 1981.15.19 (depth 2, 24 lits): UNSAT in 0.02s
    cube 1981.15.20 (depth 2, 24 lits): UNSAT in 0.04s
    cube 1981.15.21 (depth 2, 24 lits): UNSAT in 0.14s
    cube 1981.15.22 (depth 2, 24 lits): UNSAT in 0.23s
    cube 1981.15.23 (depth 2, 24 lits): UNSAT in 0.06s
    cube 1981.15.24 (depth 2, 24 lits): UNSAT in 0.09s
    cube 1981.15.25 (depth 2, 24 lits): UNSAT in 0.02s
    cube 1981.15.26 (depth 2, 24 lits): UNSAT in 0.18s
    cube 1981.15.27 (depth 2, 24 lits): UNSAT in 0.47s
    cube 1981.15.28 (depth 2, 24 lits): UNSAT in 0.33s
    cube 1981.15.29 (depth 2, 24 lits): UNSAT in 0.06s
    cube 1981.15.30 (depth 2, 24 lits): UNSAT in 1.21s
    cube 1981.15.31 (depth 2, 24 lits): UNSAT in 0.05s
    cube 1981.15.32 (depth 2, 24 lits): UNSAT in 0.17s
    cube 1981.15.33 (depth 2, 24 lits): UNSAT in 0.05s
    cube 1981.15.34 (depth 2, 24 lits): UNSAT in 0.10s
    cube 1981.15.35 (depth 2, 24 lits): UNSAT in 0.09s
    cube 1981.15.36 (depth 2, 24 lits): UNSAT in 0.21s
    cube 1981.15.37 (depth 2, 24 lits): UNSAT in 0.17s
    cube 1981.15.38 (depth 2, 24 lits): UNSAT in 0.66s
    cube 1981.15.39 (depth 2, 24 lits): UNSAT in 0.03s
    cube 1981.15.40 (depth 2, 24 lits): UNSAT in 0.03s
    cube 1981.15.41 (depth 2, 24 lits): UNSAT in 0.04s
    cube 1981.15.42 (depth 2, 24 lits): UNSAT in 0.05s
    cube 1981.15.43 (depth 2, 24 lits): UNSAT in 0.36s
    cube 1981.15.44 (depth 2, 24 lits): UNSAT in 0.37s
    cube 1981.15.45 (depth 2, 24 lits): UNSAT in 0.25s
    cube 1981.15.46 (depth 2, 24 lits): UNSAT in 1.09s
    cube 1981.15.47 (depth 2, 24 lits): UNSAT in 0.03s
    cube 1981.15.48 (depth 2, 24 lits): UNSAT in 0.12s
    cube 1981.15.49 (depth 2, 24 lits): UNSAT in 0.21s
    cube 1981.15.50 (depth 2, 24 lits): UNSAT in 0.65s
    cube 1981.15.51 (depth 2, 24 lits): UNSAT in 0.10s
    cube 1981.15.52 (depth 2, 24 lits): UNSAT in 0.13s
    cube 1981.15.53 (depth 2, 24 lits): UNSAT in 0.87s
    cube 1981.15.54 (depth 2, 24 lits): UNSAT in 0.58s
    cube 1981.15.55 (depth 2, 24 lits): UNSAT in 0.61s
    cube 1981.15.56 (depth 2, 24 lits): UNSAT in 1.71s
    cube 1981.15.57 (depth 2, 24 lits): UNSAT in 0.49s
    cube 1981.15.58 (depth 2, 24 lits): UNSAT in 4.56s
    cube 1981.15.59 (depth 2, 24 lits): UNSAT in 0.86s
    cube 1981.15.60 (depth 2, 24 lits): UNSAT in 6.60s
    cube 1981.15.61 (depth 2, 24 lits): UNSAT in 5.94s
    cube 1981.15.62 (depth 2, 24 lits): UNSAT in 23.02s
    cube 1981.16 (depth 1, 18 lits): UNSAT in 0.20s
    cube 1981.17 (depth 1, 18 lits): UNSAT in 0.48s
    cube 1981.18 (depth 1, 18 lits): UNSAT in 0.20s
    cube 1981.19 (depth 1, 18 lits): UNSAT in 2.12s
    cube 1981.20 (depth 1, 18 lits): UNSAT in 0.16s
    cube 1981.21 (depth 1, 18 lits): UNSAT in 1.08s
    cube 1981.22 (depth 1, 18 lits): UNSAT in 0.59s
    cube 1981.23 (depth 1, 18 lits): UNSAT in 15.06s
    cube 1981.24 (depth 1, 18 lits): UNSAT in 0.53s
    cube 1981.25 (depth 1, 18 lits): UNSAT in 3.67s
    cube 1981.26 (depth 1, 18 lits): UNSAT in 3.25s
    cube 1981.27 (depth 1, 18 lits): UNSAT in 10.67s
    cube 1981.28 (depth 1, 18 lits): UNSAT in 4.07s
    cube 1981.29 (depth 1, 18 lits): UNSAT in 44.58s
    cube 1981.30 (depth 1, 18 lits): UNSAT in 41.45s
    cube 1981.31 (depth 1, 18 lits): TIMEOUT in 60.06s
    cube 1981.31 TIMEOUT -> re-split into 64 sub-cubes (depth 2)
    cube 1981.31.0 (depth 2, 24 lits): UNSAT in 0.03s
    cube 1981.31.1 (depth 2, 24 lits): UNSAT in 0.08s
    cube 1981.31.2 (depth 2, 24 lits): UNSAT in 0.04s
    cube 1981.31.3 (depth 2, 24 lits): UNSAT in 0.78s
    cube 1981.31.4 (depth 2, 24 lits): UNSAT in 0.02s
    cube 1981.31.5 (depth 2, 24 lits): UNSAT in 0.02s
    cube 1981.31.6 (depth 2, 24 lits): UNSAT in 0.02s
    cube 1981.31.7 (depth 2, 24 lits): UNSAT in 0.16s
    cube 1981.31.8 (depth 2, 24 lits): UNSAT in 0.02s
    cube 1981.31.9 (depth 2, 24 lits): UNSAT in 0.10s
    cube 1981.31.10 (depth 2, 24 lits): UNSAT in 0.09s
    cube 1981.31.11 (depth 2, 24 lits): UNSAT in 0.16s
    cube 1981.31.12 (depth 2, 24 lits): UNSAT in 0.10s
    cube 1981.31.13 (depth 2, 24 lits): UNSAT in 0.27s
    cube 1981.31.14 (depth 2, 24 lits): UNSAT in 0.63s
    cube 1981.31.15 (depth 2, 24 lits): UNSAT in 0.92s
    cube 1981.31.16 (depth 2, 24 lits): UNSAT in 0.03s
    cube 1981.31.17 (depth 2, 24 lits): UNSAT in 0.23s
    cube 1981.31.18 (depth 2, 24 lits): UNSAT in 0.04s
    cube 1981.31.19 (depth 2, 24 lits): UNSAT in 0.56s
    cube 1981.31.20 (depth 2, 24 lits): UNSAT in 0.03s
    cube 1981.31.21 (depth 2, 24 lits): UNSAT in 0.16s
    cube 1981.31.22 (depth 2, 24 lits): UNSAT in 0.35s
    cube 1981.31.23 (depth 2, 24 lits): UNSAT in 0.95s
    cube 1981.31.24 (depth 2, 24 lits): UNSAT in 0.07s
    cube 1981.31.25 (depth 2, 24 lits): UNSAT in 0.14s
    cube 1981.31.26 (depth 2, 24 lits): UNSAT in 0.21s
    cube 1981.31.27 (depth 2, 24 lits): UNSAT in 1.82s
    cube 1981.31.28 (depth 2, 24 lits): UNSAT in 0.15s
    cube 1981.31.29 (depth 2, 24 lits): UNSAT in 2.90s
    cube 1981.31.30 (depth 2, 24 lits): UNSAT in 1.70s
    cube 1981.31.31 (depth 2, 24 lits): UNSAT in 13.68s
    cube 1981.31.32 (depth 2, 24 lits): UNSAT in 0.07s
    cube 1981.31.33 (depth 2, 24 lits): UNSAT in 0.26s
    cube 1981.31.34 (depth 2, 24 lits): UNSAT in 0.50s
    cube 1981.31.35 (depth 2, 24 lits): UNSAT in 1.10s
    cube 1981.31.36 (depth 2, 24 lits): UNSAT in 0.20s
    cube 1981.31.37 (depth 2, 24 lits): UNSAT in 0.63s
    cube 1981.31.38 (depth 2, 24 lits): UNSAT in 2.37s
    cube 1981.31.39 (depth 2, 24 lits): UNSAT in 3.49s
    cube 1981.31.40 (depth 2, 24 lits): UNSAT in 0.11s
    cube 1981.31.41 (depth 2, 24 lits): UNSAT in 1.43s
    cube 1981.31.42 (depth 2, 24 lits): UNSAT in 2.82s
    cube 1981.31.43 (depth 2, 24 lits): UNSAT in 5.10s
    cube 1981.31.44 (depth 2, 24 lits): UNSAT in 0.54s
    cube 1981.31.45 (depth 2, 24 lits): UNSAT in 2.14s
    cube 1981.31.46 (depth 2, 24 lits): UNSAT in 4.43s
    cube 1981.31.47 (depth 2, 24 lits): TIMEOUT in 60.06s
    cube 1981.31.47 TIMEOUT -> re-split into 64 sub-cubes (depth 3)
    cube 1981.31.47.0 (depth 3, 30 lits): UNSAT in 0.03s
    cube 1981.31.47.1 (depth 3, 30 lits): UNSAT in 0.04s
    cube 1981.31.47.2 (depth 3, 30 lits): UNSAT in 0.04s
    cube 1981.31.47.3 (depth 3, 30 lits): UNSAT in 0.14s
    cube 1981.31.47.4 (depth 3, 30 lits): UNSAT in 0.02s
    cube 1981.31.47.5 (depth 3, 30 lits): UNSAT in 0.06s
    cube 1981.31.47.6 (depth 3, 30 lits): UNSAT in 0.06s
    cube 1981.31.47.7 (depth 3, 30 lits): UNSAT in 0.66s
    cube 1981.31.47.8 (depth 3, 30 lits): UNSAT in 0.04s
    cube 1981.31.47.9 (depth 3, 30 lits): UNSAT in 0.15s
    cube 1981.31.47.10 (depth 3, 30 lits): UNSAT in 0.09s
    cube 1981.31.47.11 (depth 3, 30 lits): UNSAT in 0.26s
    cube 1981.31.47.12 (depth 3, 30 lits): UNSAT in 0.11s
    cube 1981.31.47.13 (depth 3, 30 lits): UNSAT in 0.11s
    cube 1981.31.47.14 (depth 3, 30 lits): UNSAT in 0.18s
    cube 1981.31.47.15 (depth 3, 30 lits): UNSAT in 3.73s
    cube 1981.31.47.16 (depth 3, 30 lits): UNSAT in 0.01s
    cube 1981.31.47.17 (depth 3, 30 lits): UNSAT in 0.02s
    cube 1981.31.47.18 (depth 3, 30 lits): UNSAT in 0.02s
    cube 1981.31.47.19 (depth 3, 30 lits): UNSAT in 0.05s
    cube 1981.31.47.20 (depth 3, 30 lits): UNSAT in 0.07s
    cube 1981.31.47.21 (depth 3, 30 lits): UNSAT in 0.29s
    cube 1981.31.47.22 (depth 3, 30 lits): UNSAT in 0.11s
    cube 1981.31.47.23 (depth 3, 30 lits): UNSAT in 0.13s
    cube 1981.31.47.24 (depth 3, 30 lits): UNSAT in 0.03s
    cube 1981.31.47.25 (depth 3, 30 lits): UNSAT in 0.10s
    cube 1981.31.47.26 (depth 3, 30 lits): UNSAT in 0.06s
    cube 1981.31.47.27 (depth 3, 30 lits): UNSAT in 0.36s
    cube 1981.31.47.28 (depth 3, 30 lits): UNSAT in 0.07s
    cube 1981.31.47.29 (depth 3, 30 lits): UNSAT in 0.17s
    cube 1981.31.47.30 (depth 3, 30 lits): UNSAT in 0.98s
    cube 1981.31.47.31 (depth 3, 30 lits): UNSAT in 1.92s
    cube 1981.31.47.32 (depth 3, 30 lits): UNSAT in 0.01s
    cube 1981.31.47.33 (depth 3, 30 lits): UNSAT in 0.01s
    cube 1981.31.47.34 (depth 3, 30 lits): UNSAT in 0.07s
    cube 1981.31.47.35 (depth 3, 30 lits): UNSAT in 0.09s
    cube 1981.31.47.36 (depth 3, 30 lits): UNSAT in 0.05s
    cube 1981.31.47.37 (depth 3, 30 lits): UNSAT in 0.03s
    cube 1981.31.47.38 (depth 3, 30 lits): UNSAT in 0.03s
    cube 1981.31.47.39 (depth 3, 30 lits): UNSAT in 0.08s
    cube 1981.31.47.40 (depth 3, 30 lits): UNSAT in 0.03s
    cube 1981.31.47.41 (depth 3, 30 lits): UNSAT in 0.08s
    cube 1981.31.47.42 (depth 3, 30 lits): UNSAT in 0.05s
    cube 1981.31.47.43 (depth 3, 30 lits): UNSAT in 0.20s
    cube 1981.31.47.44 (depth 3, 30 lits): UNSAT in 0.02s
    cube 1981.31.47.45 (depth 3, 30 lits): UNSAT in 0.19s
    cube 1981.31.47.46 (depth 3, 30 lits): UNSAT in 0.14s
    cube 1981.31.47.47 (depth 3, 30 lits): UNSAT in 0.18s
    cube 1981.31.47.48 (depth 3, 30 lits): UNSAT in 0.02s
    cube 1981.31.47.49 (depth 3, 30 lits): UNSAT in 0.11s
    cube 1981.31.47.50 (depth 3, 30 lits): UNSAT in 0.10s
    cube 1981.31.47.51 (depth 3, 30 lits): UNSAT in 0.56s
    cube 1981.31.47.52 (depth 3, 30 lits): UNSAT in 0.26s
    cube 1981.31.47.53 (depth 3, 30 lits): UNSAT in 0.35s
    cube 1981.31.47.54 (depth 3, 30 lits): UNSAT in 0.45s
    cube 1981.31.47.55 (depth 3, 30 lits): UNSAT in 3.58s
    cube 1981.31.47.56 (depth 3, 30 lits): UNSAT in 0.16s
    cube 1981.31.47.57 (depth 3, 30 lits): UNSAT in 1.21s
    cube 1981.31.47.58 (depth 3, 30 lits): UNSAT in 0.50s
    cube 1981.31.47.59 (depth 3, 30 lits): UNSAT in 3.64s
    cube 1981.31.47.60 (depth 3, 30 lits): UNSAT in 1.94s
    cube 1981.31.47.61 (depth 3, 30 lits): UNSAT in 2.38s
    cube 1981.31.47.62 (depth 3, 30 lits): UNSAT in 4.16s
    cube 1981.31.47.63 (depth 3, 30 lits): UNSAT in 7.31s
    cube 1981.31.48 (depth 2, 24 lits): UNSAT in 0.57s
    cube 1981.31.49 (depth 2, 24 lits): UNSAT in 1.52s
    cube 1981.31.50 (depth 2, 24 lits): UNSAT in 0.95s
    cube 1981.31.51 (depth 2, 24 lits): UNSAT in 4.19s
    cube 1981.31.52 (depth 2, 24 lits): UNSAT in 0.74s
    cube 1981.31.53 (depth 2, 24 lits): UNSAT in 3.59s
    cube 1981.31.54 (depth 2, 24 lits): UNSAT in 4.66s
    cube 1981.31.55 (depth 2, 24 lits): TIMEOUT in 60.04s
    cube 1981.31.55 TIMEOUT -> re-split into 64 sub-cubes (depth 3)
    cube 1981.31.55.0 (depth 3, 30 lits): UNSAT in 0.01s
    cube 1981.31.55.1 (depth 3, 30 lits): UNSAT in 0.03s
    cube 1981.31.55.2 (depth 3, 30 lits): UNSAT in 0.03s
    cube 1981.31.55.3 (depth 3, 30 lits): UNSAT in 0.08s
    cube 1981.31.55.4 (depth 3, 30 lits): UNSAT in 0.05s
    cube 1981.31.55.5 (depth 3, 30 lits): UNSAT in 0.30s
    cube 1981.31.55.6 (depth 3, 30 lits): UNSAT in 0.05s
    cube 1981.31.55.7 (depth 3, 30 lits): UNSAT in 0.30s
    cube 1981.31.55.8 (depth 3, 30 lits): UNSAT in 0.02s
    cube 1981.31.55.9 (depth 3, 30 lits): UNSAT in 0.05s
    cube 1981.31.55.10 (depth 3, 30 lits): UNSAT in 0.03s
    cube 1981.31.55.11 (depth 3, 30 lits): UNSAT in 0.06s
    cube 1981.31.55.12 (depth 3, 30 lits): UNSAT in 0.07s
    cube 1981.31.55.13 (depth 3, 30 lits): UNSAT in 0.05s
    cube 1981.31.55.14 (depth 3, 30 lits): UNSAT in 0.05s
    cube 1981.31.55.15 (depth 3, 30 lits): UNSAT in 0.37s
    cube 1981.31.55.16 (depth 3, 30 lits): UNSAT in 0.02s
    cube 1981.31.55.17 (depth 3, 30 lits): UNSAT in 0.04s
    cube 1981.31.55.18 (depth 3, 30 lits): UNSAT in 0.03s
    cube 1981.31.55.19 (depth 3, 30 lits): UNSAT in 0.08s
    cube 1981.31.55.20 (depth 3, 30 lits): UNSAT in 0.03s
    cube 1981.31.55.21 (depth 3, 30 lits): UNSAT in 0.08s
    cube 1981.31.55.22 (depth 3, 30 lits): UNSAT in 0.04s
    cube 1981.31.55.23 (depth 3, 30 lits): UNSAT in 0.13s
    cube 1981.31.55.24 (depth 3, 30 lits): UNSAT in 0.03s
    cube 1981.31.55.25 (depth 3, 30 lits): UNSAT in 0.05s
    cube 1981.31.55.26 (depth 3, 30 lits): UNSAT in 0.03s
    cube 1981.31.55.27 (depth 3, 30 lits): UNSAT in 0.28s
    cube 1981.31.55.28 (depth 3, 30 lits): UNSAT in 0.05s
    cube 1981.31.55.29 (depth 3, 30 lits): UNSAT in 0.14s
    cube 1981.31.55.30 (depth 3, 30 lits): UNSAT in 0.10s
    cube 1981.31.55.31 (depth 3, 30 lits): UNSAT in 0.77s
    cube 1981.31.55.32 (depth 3, 30 lits): UNSAT in 0.02s
    cube 1981.31.55.33 (depth 3, 30 lits): UNSAT in 0.02s
    cube 1981.31.55.34 (depth 3, 30 lits): UNSAT in 0.04s
    cube 1981.31.55.35 (depth 3, 30 lits): UNSAT in 0.09s
    cube 1981.31.55.36 (depth 3, 30 lits): UNSAT in 0.05s
    cube 1981.31.55.37 (depth 3, 30 lits): UNSAT in 0.18s
    cube 1981.31.55.38 (depth 3, 30 lits): UNSAT in 0.19s
    cube 1981.31.55.39 (depth 3, 30 lits): UNSAT in 0.26s
    cube 1981.31.55.40 (depth 3, 30 lits): UNSAT in 0.01s
    cube 1981.31.55.41 (depth 3, 30 lits): UNSAT in 0.04s
    cube 1981.31.55.42 (depth 3, 30 lits): UNSAT in 0.04s
    cube 1981.31.55.43 (depth 3, 30 lits): UNSAT in 0.06s
    cube 1981.31.55.44 (depth 3, 30 lits): UNSAT in 0.03s
    cube 1981.31.55.45 (depth 3, 30 lits): UNSAT in 0.04s
    cube 1981.31.55.46 (depth 3, 30 lits): UNSAT in 0.09s
    cube 1981.31.55.47 (depth 3, 30 lits): UNSAT in 0.21s
    cube 1981.31.55.48 (depth 3, 30 lits): UNSAT in 0.08s
    cube 1981.31.55.49 (depth 3, 30 lits): UNSAT in 1.00s
    cube 1981.31.55.50 (depth 3, 30 lits): UNSAT in 0.36s
    cube 1981.31.55.51 (depth 3, 30 lits): UNSAT in 0.72s
    cube 1981.31.55.52 (depth 3, 30 lits): UNSAT in 0.18s
    cube 1981.31.55.53 (depth 3, 30 lits): UNSAT in 0.41s
    cube 1981.31.55.54 (depth 3, 30 lits): UNSAT in 0.21s
    cube 1981.31.55.55 (depth 3, 30 lits): UNSAT in 0.45s
    cube 1981.31.55.56 (depth 3, 30 lits): UNSAT in 0.64s
    cube 1981.31.55.57 (depth 3, 30 lits): UNSAT in 1.49s
    cube 1981.31.55.58 (depth 3, 30 lits): UNSAT in 0.44s
    cube 1981.31.55.59 (depth 3, 30 lits): UNSAT in 1.33s
    cube 1981.31.55.60 (depth 3, 30 lits): UNSAT in 0.36s
    cube 1981.31.55.61 (depth 3, 30 lits): UNSAT in 4.13s
    cube 1981.31.55.62 (depth 3, 30 lits): UNSAT in 5.10s
    cube 1981.31.55.63 (depth 3, 30 lits): UNSAT in 12.51s
    cube 1981.31.56 (depth 2, 24 lits): UNSAT in 1.77s
    cube 1981.31.57 (depth 2, 24 lits): UNSAT in 5.17s
    cube 1981.31.58 (depth 2, 24 lits): UNSAT in 4.99s
    cube 1981.31.59 (depth 2, 24 lits): TIMEOUT in 60.02s
    cube 1981.31.59 TIMEOUT -> re-split into 63 sub-cubes (depth 3)
    cube 1981.31.59.0 (depth 3, 29 lits): UNSAT in 0.01s
    cube 1981.31.59.1 (depth 3, 30 lits): UNSAT in 0.02s
    cube 1981.31.59.2 (depth 3, 30 lits): UNSAT in 0.01s
    cube 1981.31.59.3 (depth 3, 30 lits): UNSAT in 0.01s
    cube 1981.31.59.4 (depth 3, 30 lits): UNSAT in 0.03s
    cube 1981.31.59.5 (depth 3, 30 lits): UNSAT in 0.02s
    cube 1981.31.59.6 (depth 3, 30 lits): UNSAT in 0.04s
    cube 1981.31.59.7 (depth 3, 30 lits): UNSAT in 0.01s
    cube 1981.31.59.8 (depth 3, 30 lits): UNSAT in 0.02s
    cube 1981.31.59.9 (depth 3, 30 lits): UNSAT in 0.02s
    cube 1981.31.59.10 (depth 3, 30 lits): UNSAT in 0.02s
    cube 1981.31.59.11 (depth 3, 30 lits): UNSAT in 0.03s
    cube 1981.31.59.12 (depth 3, 30 lits): UNSAT in 0.07s
    cube 1981.31.59.13 (depth 3, 30 lits): UNSAT in 0.02s
    cube 1981.31.59.14 (depth 3, 30 lits): UNSAT in 0.07s
    cube 1981.31.59.15 (depth 3, 30 lits): UNSAT in 0.02s
    cube 1981.31.59.16 (depth 3, 30 lits): UNSAT in 0.03s
    cube 1981.31.59.17 (depth 3, 30 lits): UNSAT in 0.02s
    cube 1981.31.59.18 (depth 3, 30 lits): UNSAT in 0.05s
    cube 1981.31.59.19 (depth 3, 30 lits): UNSAT in 0.06s
    cube 1981.31.59.20 (depth 3, 30 lits): UNSAT in 0.09s
    cube 1981.31.59.21 (depth 3, 30 lits): UNSAT in 0.03s
    cube 1981.31.59.22 (depth 3, 30 lits): UNSAT in 0.21s
    cube 1981.31.59.23 (depth 3, 30 lits): UNSAT in 0.02s
    cube 1981.31.59.24 (depth 3, 30 lits): UNSAT in 0.03s
    cube 1981.31.59.25 (depth 3, 30 lits): UNSAT in 0.03s
    cube 1981.31.59.26 (depth 3, 30 lits): UNSAT in 0.03s
    cube 1981.31.59.27 (depth 3, 30 lits): UNSAT in 0.04s
    cube 1981.31.59.28 (depth 3, 30 lits): UNSAT in 0.04s
    cube 1981.31.59.29 (depth 3, 30 lits): UNSAT in 0.15s
    cube 1981.31.59.30 (depth 3, 30 lits): UNSAT in 0.50s
    cube 1981.31.59.31 (depth 3, 30 lits): UNSAT in 0.02s
    cube 1981.31.59.32 (depth 3, 30 lits): UNSAT in 0.04s
    cube 1981.31.59.33 (depth 3, 30 lits): UNSAT in 0.05s
    cube 1981.31.59.34 (depth 3, 30 lits): UNSAT in 0.22s
    cube 1981.31.59.35 (depth 3, 30 lits): UNSAT in 0.10s
    cube 1981.31.59.36 (depth 3, 30 lits): UNSAT in 0.20s
    cube 1981.31.59.37 (depth 3, 30 lits): UNSAT in 0.05s
    cube 1981.31.59.38 (depth 3, 30 lits): UNSAT in 0.18s
    cube 1981.31.59.39 (depth 3, 30 lits): UNSAT in 0.06s
    cube 1981.31.59.40 (depth 3, 30 lits): UNSAT in 0.36s
    cube 1981.31.59.41 (depth 3, 30 lits): UNSAT in 0.21s
    cube 1981.31.59.42 (depth 3, 30 lits): UNSAT in 0.43s
    cube 1981.31.59.43 (depth 3, 30 lits): UNSAT in 0.08s
    cube 1981.31.59.44 (depth 3, 30 lits): UNSAT in 0.14s
    cube 1981.31.59.45 (depth 3, 30 lits): UNSAT in 0.22s
    cube 1981.31.59.46 (depth 3, 30 lits): UNSAT in 0.73s
    cube 1981.31.59.47 (depth 3, 30 lits): UNSAT in 0.03s
    cube 1981.31.59.48 (depth 3, 30 lits): UNSAT in 0.04s
    cube 1981.31.59.49 (depth 3, 30 lits): UNSAT in 0.39s
    cube 1981.31.59.50 (depth 3, 30 lits): UNSAT in 0.46s
    cube 1981.31.59.51 (depth 3, 30 lits): UNSAT in 0.05s
    cube 1981.31.59.52 (depth 3, 30 lits): UNSAT in 0.19s
    cube 1981.31.59.53 (depth 3, 30 lits): UNSAT in 1.31s
    cube 1981.31.59.54 (depth 3, 30 lits): UNSAT in 4.89s
    cube 1981.31.59.55 (depth 3, 30 lits): UNSAT in 0.08s
    cube 1981.31.59.56 (depth 3, 30 lits): UNSAT in 0.24s
    cube 1981.31.59.57 (depth 3, 30 lits): UNSAT in 0.44s
    cube 1981.31.59.58 (depth 3, 30 lits): UNSAT in 0.38s
    cube 1981.31.59.59 (depth 3, 30 lits): UNSAT in 0.29s
    cube 1981.31.59.60 (depth 3, 30 lits): UNSAT in 2.93s
    cube 1981.31.59.61 (depth 3, 30 lits): UNSAT in 2.46s
    cube 1981.31.59.62 (depth 3, 30 lits): UNSAT in 18.16s
    cube 1981.31.60 (depth 2, 24 lits): UNSAT in 10.23s
    cube 1981.31.61 (depth 2, 24 lits): TIMEOUT in 60.06s
    cube 1981.31.61 TIMEOUT -> re-split into 64 sub-cubes (depth 3)
    cube 1981.31.61.0 (depth 3, 30 lits): UNSAT in 0.02s
    cube 1981.31.61.1 (depth 3, 30 lits): UNSAT in 0.02s
    cube 1981.31.61.2 (depth 3, 30 lits): UNSAT in 0.01s
    cube 1981.31.61.3 (depth 3, 30 lits): UNSAT in 0.03s
    cube 1981.31.61.4 (depth 3, 30 lits): UNSAT in 0.03s
    cube 1981.31.61.5 (depth 3, 30 lits): UNSAT in 0.03s
    cube 1981.31.61.6 (depth 3, 30 lits): UNSAT in 0.02s
    cube 1981.31.61.7 (depth 3, 30 lits): UNSAT in 0.07s
    cube 1981.31.61.8 (depth 3, 30 lits): UNSAT in 0.04s
    cube 1981.31.61.9 (depth 3, 30 lits): UNSAT in 0.11s
    cube 1981.31.61.10 (depth 3, 30 lits): UNSAT in 0.02s
    cube 1981.31.61.11 (depth 3, 30 lits): UNSAT in 0.07s
    cube 1981.31.61.12 (depth 3, 30 lits): UNSAT in 0.09s
    cube 1981.31.61.13 (depth 3, 30 lits): UNSAT in 0.14s
    cube 1981.31.61.14 (depth 3, 30 lits): UNSAT in 0.28s
    cube 1981.31.61.15 (depth 3, 30 lits): UNSAT in 1.04s
    cube 1981.31.61.16 (depth 3, 30 lits): UNSAT in 0.02s
    cube 1981.31.61.17 (depth 3, 30 lits): UNSAT in 0.03s
    cube 1981.31.61.18 (depth 3, 30 lits): UNSAT in 0.04s
    cube 1981.31.61.19 (depth 3, 30 lits): UNSAT in 0.10s
    cube 1981.31.61.20 (depth 3, 30 lits): UNSAT in 0.03s
    cube 1981.31.61.21 (depth 3, 30 lits): UNSAT in 0.06s
    cube 1981.31.61.22 (depth 3, 30 lits): UNSAT in 0.23s
    cube 1981.31.61.23 (depth 3, 30 lits): UNSAT in 0.96s
    cube 1981.31.61.24 (depth 3, 30 lits): UNSAT in 0.05s
    cube 1981.31.61.25 (depth 3, 30 lits): UNSAT in 0.09s
    cube 1981.31.61.26 (depth 3, 30 lits): UNSAT in 0.13s
    cube 1981.31.61.27 (depth 3, 30 lits): UNSAT in 0.38s
    cube 1981.31.61.28 (depth 3, 30 lits): UNSAT in 0.12s
    cube 1981.31.61.29 (depth 3, 30 lits): UNSAT in 0.36s
    cube 1981.31.61.30 (depth 3, 30 lits): UNSAT in 0.99s
    cube 1981.31.61.31 (depth 3, 30 lits): UNSAT in 1.08s
    cube 1981.31.61.32 (depth 3, 30 lits): UNSAT in 0.02s
    cube 1981.31.61.33 (depth 3, 30 lits): UNSAT in 0.03s
    cube 1981.31.61.34 (depth 3, 30 lits): UNSAT in 0.04s
    cube 1981.31.61.35 (depth 3, 30 lits): UNSAT in 0.07s
    cube 1981.31.61.36 (depth 3, 30 lits): UNSAT in 0.03s
    cube 1981.31.61.37 (depth 3, 30 lits): UNSAT in 0.09s
    cube 1981.31.61.38 (depth 3, 30 lits): UNSAT in 0.04s
    cube 1981.31.61.39 (depth 3, 30 lits): UNSAT in 0.10s
    cube 1981.31.61.40 (depth 3, 30 lits): UNSAT in 0.03s
    cube 1981.31.61.41 (depth 3, 30 lits): UNSAT in 0.08s
    cube 1981.31.61.42 (depth 3, 30 lits): UNSAT in 0.11s
    cube 1981.31.61.43 (depth 3, 30 lits): UNSAT in 0.12s
    cube 1981.31.61.44 (depth 3, 30 lits): UNSAT in 0.14s
    cube 1981.31.61.45 (depth 3, 30 lits): UNSAT in 0.31s
    cube 1981.31.61.46 (depth 3, 30 lits): UNSAT in 0.08s
    cube 1981.31.61.47 (depth 3, 30 lits): UNSAT in 0.37s
    cube 1981.31.61.48 (depth 3, 30 lits): UNSAT in 0.10s
    cube 1981.31.61.49 (depth 3, 30 lits): UNSAT in 0.49s
    cube 1981.31.61.50 (depth 3, 30 lits): UNSAT in 0.14s
    cube 1981.31.61.51 (depth 3, 30 lits): UNSAT in 0.27s
    cube 1981.31.61.52 (depth 3, 30 lits): UNSAT in 0.43s
    cube 1981.31.61.53 (depth 3, 30 lits): UNSAT in 1.60s
    cube 1981.31.61.54 (depth 3, 30 lits): UNSAT in 0.46s
    cube 1981.31.61.55 (depth 3, 30 lits): UNSAT in 1.75s
    cube 1981.31.61.56 (depth 3, 30 lits): UNSAT in 1.17s
    cube 1981.31.61.57 (depth 3, 30 lits): UNSAT in 7.03s
    cube 1981.31.61.58 (depth 3, 30 lits): UNSAT in 0.68s
    cube 1981.31.61.59 (depth 3, 30 lits): UNSAT in 2.67s
    cube 1981.31.61.60 (depth 3, 30 lits): UNSAT in 0.25s
    cube 1981.31.61.61 (depth 3, 30 lits): UNSAT in 0.96s
    cube 1981.31.61.62 (depth 3, 30 lits): UNSAT in 4.19s
    cube 1981.31.61.63 (depth 3, 30 lits): TIMEOUT in 60.01s
    cube 1981.31.62 (depth 2, 24 lits): UNSAT in 8.59s
    cube 1981.31.63 (depth 2, 24 lits): TIMEOUT in 60.06s
    cube 1981.31.63 TIMEOUT -> re-split into 64 sub-cubes (depth 3)
    cube 1981.31.63.0 (depth 3, 30 lits): UNSAT in 0.01s
    cube 1981.31.63.1 (depth 3, 30 lits): UNSAT in 0.02s
    cube 1981.31.63.2 (depth 3, 30 lits): UNSAT in 0.01s
    cube 1981.31.63.3 (depth 3, 30 lits): UNSAT in 0.02s
    cube 1981.31.63.4 (depth 3, 30 lits): UNSAT in 0.02s
    cube 1981.31.63.5 (depth 3, 30 lits): UNSAT in 0.03s
    cube 1981.31.63.6 (depth 3, 30 lits): UNSAT in 0.03s
    cube 1981.31.63.7 (depth 3, 30 lits): UNSAT in 0.09s
    cube 1981.31.63.8 (depth 3, 30 lits): UNSAT in 0.02s
    cube 1981.31.63.9 (depth 3, 30 lits): UNSAT in 0.04s
    cube 1981.31.63.10 (depth 3, 30 lits): UNSAT in 0.04s
    cube 1981.31.63.11 (depth 3, 30 lits): UNSAT in 0.04s
    cube 1981.31.63.12 (depth 3, 30 lits): UNSAT in 0.08s
    cube 1981.31.63.13 (depth 3, 30 lits): UNSAT in 0.18s
    cube 1981.31.63.14 (depth 3, 30 lits): UNSAT in 0.10s
    cube 1981.31.63.15 (depth 3, 30 lits): UNSAT in 0.58s
    cube 1981.31.63.16 (depth 3, 30 lits): UNSAT in 0.04s
    cube 1981.31.63.17 (depth 3, 30 lits): UNSAT in 0.04s
    cube 1981.31.63.18 (depth 3, 30 lits): UNSAT in 0.03s
    cube 1981.31.63.19 (depth 3, 30 lits): UNSAT in 0.14s
    cube 1981.31.63.20 (depth 3, 30 lits): UNSAT in 0.03s
    cube 1981.31.63.21 (depth 3, 30 lits): UNSAT in 0.18s
    cube 1981.31.63.22 (depth 3, 30 lits): UNSAT in 0.10s
    cube 1981.31.63.23 (depth 3, 30 lits): UNSAT in 0.76s
    cube 1981.31.63.24 (depth 3, 30 lits): UNSAT in 0.05s
    cube 1981.31.63.25 (depth 3, 30 lits): UNSAT in 0.08s
    cube 1981.31.63.26 (depth 3, 30 lits): UNSAT in 0.18s
    cube 1981.31.63.27 (depth 3, 30 lits): UNSAT in 1.55s
    cube 1981.31.63.28 (depth 3, 30 lits): UNSAT in 0.13s
    cube 1981.31.63.29 (depth 3, 30 lits): UNSAT in 0.89s
    cube 1981.31.63.30 (depth 3, 30 lits): UNSAT in 2.11s
    cube 1981.31.63.31 (depth 3, 30 lits): UNSAT in 1.81s
    cube 1981.31.63.32 (depth 3, 30 lits): UNSAT in 0.01s
    cube 1981.31.63.33 (depth 3, 30 lits): UNSAT in 0.03s
    cube 1981.31.63.34 (depth 3, 30 lits): UNSAT in 0.02s
    cube 1981.31.63.35 (depth 3, 30 lits): UNSAT in 0.05s
    cube 1981.31.63.36 (depth 3, 30 lits): UNSAT in 0.04s
    cube 1981.31.63.37 (depth 3, 30 lits): UNSAT in 0.12s
    cube 1981.31.63.38 (depth 3, 30 lits): UNSAT in 0.12s
    cube 1981.31.63.39 (depth 3, 30 lits): UNSAT in 0.16s
    cube 1981.31.63.40 (depth 3, 30 lits): UNSAT in 0.02s
    cube 1981.31.63.41 (depth 3, 30 lits): UNSAT in 0.05s
    cube 1981.31.63.42 (depth 3, 30 lits): UNSAT in 0.13s
    cube 1981.31.63.43 (depth 3, 30 lits): UNSAT in 0.30s
    cube 1981.31.63.44 (depth 3, 30 lits): UNSAT in 0.28s
    cube 1981.31.63.45 (depth 3, 30 lits): UNSAT in 0.15s
    cube 1981.31.63.46 (depth 3, 30 lits): UNSAT in 0.12s
    cube 1981.31.63.47 (depth 3, 30 lits): UNSAT in 1.16s
    cube 1981.31.63.48 (depth 3, 30 lits): UNSAT in 0.03s
    cube 1981.31.63.49 (depth 3, 30 lits): UNSAT in 0.16s
    cube 1981.31.63.50 (depth 3, 30 lits): UNSAT in 0.18s
    cube 1981.31.63.51 (depth 3, 30 lits): UNSAT in 0.44s
    cube 1981.31.63.52 (depth 3, 30 lits): UNSAT in 0.38s
    cube 1981.31.63.53 (depth 3, 30 lits): UNSAT in 0.92s
    cube 1981.31.63.54 (depth 3, 30 lits): UNSAT in 0.29s
    cube 1981.31.63.55 (depth 3, 30 lits): UNSAT in 1.56s
    cube 1981.31.63.56 (depth 3, 30 lits): UNSAT in 0.31s
    cube 1981.31.63.57 (depth 3, 30 lits): UNSAT in 0.89s
    cube 1981.31.63.58 (depth 3, 30 lits): UNSAT in 5.26s
    cube 1981.31.63.59 (depth 3, 30 lits): UNSAT in 3.93s
    cube 1981.31.63.60 (depth 3, 30 lits): UNSAT in 0.31s
    cube 1981.31.63.61 (depth 3, 30 lits): UNSAT in 0.99s
    cube 1981.31.63.62 (depth 3, 30 lits): UNSAT in 5.46s
    cube 1981.31.63.63 (depth 3, 30 lits): UNSAT in 48.77s
    cube 1981.32 (depth 1, 18 lits): UNSAT in 0.08s
    cube 1981.33 (depth 1, 18 lits): UNSAT in 0.20s
    cube 1981.34 (depth 1, 18 lits): UNSAT in 0.21s
    cube 1981.35 (depth 1, 18 lits): UNSAT in 1.13s
    cube 1981.36 (depth 1, 18 lits): UNSAT in 0.54s
    cube 1981.37 (depth 1, 18 lits): UNSAT in 1.02s
    cube 1981.38 (depth 1, 18 lits): UNSAT in 1.09s
    cube 1981.39 (depth 1, 18 lits): UNSAT in 5.96s
    cube 1981.40 (depth 1, 18 lits): UNSAT in 0.61s
    cube 1981.41 (depth 1, 18 lits): UNSAT in 2.04s
    cube 1981.42 (depth 1, 18 lits): UNSAT in 2.65s
    cube 1981.43 (depth 1, 18 lits): UNSAT in 9.46s
    cube 1981.44 (depth 1, 18 lits): UNSAT in 5.97s
    cube 1981.45 (depth 1, 18 lits): UNSAT in 6.49s
    cube 1981.46 (depth 1, 18 lits): UNSAT in 27.53s
    cube 1981.47 (depth 1, 18 lits): TIMEOUT in 60.02s
    cube 1981.47 TIMEOUT -> re-split into 64 sub-cubes (depth 2)
    cube 1981.47.0 (depth 2, 24 lits): UNSAT in 0.02s
    cube 1981.47.1 (depth 2, 24 lits): UNSAT in 0.14s
    cube 1981.47.2 (depth 2, 24 lits): UNSAT in 0.02s
    cube 1981.47.3 (depth 2, 24 lits): UNSAT in 0.12s
    cube 1981.47.4 (depth 2, 24 lits): UNSAT in 0.06s
    cube 1981.47.5 (depth 2, 24 lits): UNSAT in 0.11s
    cube 1981.47.6 (depth 2, 24 lits): UNSAT in 0.04s
    cube 1981.47.7 (depth 2, 24 lits): UNSAT in 0.11s
    cube 1981.47.8 (depth 2, 24 lits): UNSAT in 0.02s
    cube 1981.47.9 (depth 2, 24 lits): UNSAT in 0.02s
    cube 1981.47.10 (depth 2, 24 lits): UNSAT in 0.04s
    cube 1981.47.11 (depth 2, 24 lits): UNSAT in 0.06s
    cube 1981.47.12 (depth 2, 24 lits): UNSAT in 0.02s
    cube 1981.47.13 (depth 2, 24 lits): UNSAT in 0.09s
    cube 1981.47.14 (depth 2, 24 lits): UNSAT in 0.15s
    cube 1981.47.15 (depth 2, 24 lits): UNSAT in 1.40s
    cube 1981.47.16 (depth 2, 24 lits): UNSAT in 0.04s
    cube 1981.47.17 (depth 2, 24 lits): UNSAT in 0.15s
    cube 1981.47.18 (depth 2, 24 lits): UNSAT in 0.07s
    cube 1981.47.19 (depth 2, 24 lits): UNSAT in 0.22s
    cube 1981.47.20 (depth 2, 24 lits): UNSAT in 0.09s
    cube 1981.47.21 (depth 2, 24 lits): UNSAT in 0.36s
    cube 1981.47.22 (depth 2, 24 lits): UNSAT in 0.21s
    cube 1981.47.23 (depth 2, 24 lits): UNSAT in 0.42s
    cube 1981.47.24 (depth 2, 24 lits): UNSAT in 0.05s
    cube 1981.47.25 (depth 2, 24 lits): UNSAT in 0.14s
    cube 1981.47.26 (depth 2, 24 lits): UNSAT in 0.45s
    cube 1981.47.27 (depth 2, 24 lits): UNSAT in 0.68s
    cube 1981.47.28 (depth 2, 24 lits): UNSAT in 0.42s
    cube 1981.47.29 (depth 2, 24 lits): UNSAT in 0.24s
    cube 1981.47.30 (depth 2, 24 lits): UNSAT in 1.11s
    cube 1981.47.31 (depth 2, 24 lits): UNSAT in 6.28s
    cube 1981.47.32 (depth 2, 24 lits): UNSAT in 0.02s
    cube 1981.47.33 (depth 2, 24 lits): UNSAT in 0.03s
    cube 1981.47.34 (depth 2, 24 lits): UNSAT in 0.15s
    cube 1981.47.35 (depth 2, 24 lits): UNSAT in 0.65s
    cube 1981.47.36 (depth 2, 24 lits): UNSAT in 0.03s
    cube 1981.47.37 (depth 2, 24 lits): UNSAT in 0.27s
    cube 1981.47.38 (depth 2, 24 lits): UNSAT in 0.18s
    cube 1981.47.39 (depth 2, 24 lits): UNSAT in 1.16s
    cube 1981.47.40 (depth 2, 24 lits): UNSAT in 0.05s
    cube 1981.47.41 (depth 2, 24 lits): UNSAT in 0.22s
    cube 1981.47.42 (depth 2, 24 lits): UNSAT in 0.19s
    cube 1981.47.43 (depth 2, 24 lits): UNSAT in 0.99s
    cube 1981.47.44 (depth 2, 24 lits): UNSAT in 0.46s
    cube 1981.47.45 (depth 2, 24 lits): UNSAT in 4.53s
    cube 1981.47.46 (depth 2, 24 lits): UNSAT in 1.52s
    cube 1981.47.47 (depth 2, 24 lits): UNSAT in 6.53s
    cube 1981.47.48 (depth 2, 24 lits): UNSAT in 0.12s
    cube 1981.47.49 (depth 2, 24 lits): UNSAT in 0.69s
    cube 1981.47.50 (depth 2, 24 lits): UNSAT in 0.29s
    cube 1981.47.51 (depth 2, 24 lits): UNSAT in 1.18s
    cube 1981.47.52 (depth 2, 24 lits): UNSAT in 0.19s
    cube 1981.47.53 (depth 2, 24 lits): UNSAT in 0.44s
    cube 1981.47.54 (depth 2, 24 lits): UNSAT in 1.43s
    cube 1981.47.55 (depth 2, 24 lits): UNSAT in 8.92s
    cube 1981.47.56 (depth 2, 24 lits): UNSAT in 0.30s
    cube 1981.47.57 (depth 2, 24 lits): UNSAT in 1.13s
    cube 1981.47.58 (depth 2, 24 lits): UNSAT in 1.78s
    cube 1981.47.59 (depth 2, 24 lits): UNSAT in 42.10s
    cube 1981.47.60 (depth 2, 24 lits): UNSAT in 2.71s
    cube 1981.47.61 (depth 2, 24 lits): TIMEOUT in 60.06s
    cube 1981.47.61 TIMEOUT -> re-split into 63 sub-cubes (depth 3)
    cube 1981.47.61.0 (depth 3, 30 lits): UNSAT in 0.02s
    cube 1981.47.61.1 (depth 3, 30 lits): UNSAT in 0.01s
    cube 1981.47.61.2 (depth 3, 30 lits): UNSAT in 0.01s
    cube 1981.47.61.3 (depth 3, 30 lits): UNSAT in 0.02s
    cube 1981.47.61.4 (depth 3, 30 lits): UNSAT in 0.02s
    cube 1981.47.61.5 (depth 3, 30 lits): UNSAT in 0.02s
    cube 1981.47.61.6 (depth 3, 30 lits): UNSAT in 0.02s
    cube 1981.47.61.7 (depth 3, 30 lits): UNSAT in 0.04s
    cube 1981.47.61.8 (depth 3, 30 lits): UNSAT in 0.03s
    cube 1981.47.61.9 (depth 3, 30 lits): UNSAT in 0.04s
    cube 1981.47.61.10 (depth 3, 30 lits): UNSAT in 0.06s
    cube 1981.47.61.11 (depth 3, 30 lits): UNSAT in 0.06s
    cube 1981.47.61.12 (depth 3, 30 lits): UNSAT in 0.03s
    cube 1981.47.61.13 (depth 3, 30 lits): UNSAT in 0.09s
    cube 1981.47.61.14 (depth 3, 30 lits): UNSAT in 0.07s
    cube 1981.47.61.15 (depth 3, 30 lits): UNSAT in 0.27s
    cube 1981.47.61.16 (depth 3, 30 lits): UNSAT in 0.02s
    cube 1981.47.61.17 (depth 3, 30 lits): UNSAT in 0.02s
    cube 1981.47.61.18 (depth 3, 29 lits): UNSAT in 0.02s
    cube 1981.47.61.19 (depth 3, 30 lits): UNSAT in 0.02s
    cube 1981.47.61.20 (depth 3, 30 lits): UNSAT in 0.02s
    cube 1981.47.61.21 (depth 3, 30 lits): UNSAT in 0.02s
    cube 1981.47.61.22 (depth 3, 30 lits): UNSAT in 0.07s
    cube 1981.47.61.23 (depth 3, 30 lits): UNSAT in 0.03s
    cube 1981.47.61.24 (depth 3, 30 lits): UNSAT in 0.06s
    cube 1981.47.61.25 (depth 3, 30 lits): UNSAT in 0.05s
    cube 1981.47.61.26 (depth 3, 30 lits): UNSAT in 0.15s
    cube 1981.47.61.27 (depth 3, 30 lits): UNSAT in 0.24s
    cube 1981.47.61.28 (depth 3, 30 lits): UNSAT in 0.60s
    cube 1981.47.61.29 (depth 3, 30 lits): UNSAT in 0.28s
    cube 1981.47.61.30 (depth 3, 30 lits): UNSAT in 2.19s
    cube 1981.47.61.31 (depth 3, 30 lits): UNSAT in 0.02s
    cube 1981.47.61.32 (depth 3, 30 lits): UNSAT in 0.05s
    cube 1981.47.61.33 (depth 3, 30 lits): UNSAT in 0.02s
    cube 1981.47.61.34 (depth 3, 30 lits): UNSAT in 0.03s
    cube 1981.47.61.35 (depth 3, 30 lits): UNSAT in 0.01s
    cube 1981.47.61.36 (depth 3, 30 lits): UNSAT in 0.03s
    cube 1981.47.61.37 (depth 3, 30 lits): UNSAT in 0.07s
    cube 1981.47.61.38 (depth 3, 30 lits): UNSAT in 0.42s
    cube 1981.47.61.39 (depth 3, 30 lits): UNSAT in 0.04s
    cube 1981.47.61.40 (depth 3, 30 lits): UNSAT in 0.06s
    cube 1981.47.61.41 (depth 3, 30 lits): UNSAT in 0.34s
    cube 1981.47.61.42 (depth 3, 30 lits): UNSAT in 0.10s
    cube 1981.47.61.43 (depth 3, 30 lits): UNSAT in 0.39s
    cube 1981.47.61.44 (depth 3, 30 lits): UNSAT in 0.14s
    cube 1981.47.61.45 (depth 3, 30 lits): UNSAT in 0.78s
    cube 1981.47.61.46 (depth 3, 30 lits): UNSAT in 1.01s
    cube 1981.47.61.47 (depth 3, 30 lits): UNSAT in 0.06s
    cube 1981.47.61.48 (depth 3, 30 lits): UNSAT in 0.18s
    cube 1981.47.61.49 (depth 3, 30 lits): UNSAT in 0.14s
    cube 1981.47.61.50 (depth 3, 30 lits): UNSAT in 1.17s
    cube 1981.47.61.51 (depth 3, 30 lits): UNSAT in 0.10s
    cube 1981.47.61.52 (depth 3, 30 lits): UNSAT in 0.19s
    cube 1981.47.61.53 (depth 3, 30 lits): UNSAT in 1.36s
    cube 1981.47.61.54 (depth 3, 30 lits): UNSAT in 3.32s
    cube 1981.47.61.55 (depth 3, 30 lits): UNSAT in 0.06s
    cube 1981.47.61.56 (depth 3, 30 lits): UNSAT in 0.52s
    cube 1981.47.61.57 (depth 3, 30 lits): UNSAT in 0.38s
    cube 1981.47.61.58 (depth 3, 30 lits): UNSAT in 0.47s
    cube 1981.47.61.59 (depth 3, 30 lits): UNSAT in 1.12s
    cube 1981.47.61.60 (depth 3, 30 lits): UNSAT in 2.15s
    cube 1981.47.61.61 (depth 3, 30 lits): UNSAT in 0.52s
    cube 1981.47.61.62 (depth 3, 30 lits): UNSAT in 11.47s
    cube 1981.47.62 (depth 2, 24 lits): UNSAT in 10.52s
    cube 1981.47.63 (depth 2, 24 lits): UNSAT in 42.76s
    cube 1981.48 (depth 1, 18 lits): UNSAT in 0.38s
    cube 1981.49 (depth 1, 18 lits): UNSAT in 1.73s
    cube 1981.50 (depth 1, 18 lits): UNSAT in 2.05s
    cube 1981.51 (depth 1, 18 lits): UNSAT in 13.32s
    cube 1981.52 (depth 1, 18 lits): UNSAT in 3.67s
    cube 1981.53 (depth 1, 18 lits): UNSAT in 18.86s
    cube 1981.54 (depth 1, 18 lits): UNSAT in 17.24s
    cube 1981.55 (depth 1, 18 lits): TIMEOUT in 60.06s
    cube 1981.55 TIMEOUT -> re-split into 64 sub-cubes (depth 2)
    cube 1981.55.0 (depth 2, 24 lits): UNSAT in 0.03s
    cube 1981.55.1 (depth 2, 24 lits): UNSAT in 0.11s
    cube 1981.55.2 (depth 2, 24 lits): UNSAT in 0.03s
    cube 1981.55.3 (depth 2, 24 lits): UNSAT in 0.11s
    cube 1981.55.4 (depth 2, 24 lits): UNSAT in 0.26s
    cube 1981.55.5 (depth 2, 24 lits): UNSAT in 1.44s
    cube 1981.55.6 (depth 2, 24 lits): UNSAT in 0.79s
    cube 1981.55.7 (depth 2, 24 lits): UNSAT in 2.08s
    cube 1981.55.8 (depth 2, 24 lits): UNSAT in 0.06s
    cube 1981.55.9 (depth 2, 24 lits): UNSAT in 0.40s
    cube 1981.55.10 (depth 2, 24 lits): UNSAT in 0.72s
    cube 1981.55.11 (depth 2, 24 lits): UNSAT in 1.14s
    cube 1981.55.12 (depth 2, 24 lits): UNSAT in 0.12s
    cube 1981.55.13 (depth 2, 24 lits): UNSAT in 0.35s
    cube 1981.55.14 (depth 2, 24 lits): UNSAT in 2.44s
    cube 1981.55.15 (depth 2, 24 lits): UNSAT in 7.10s
    cube 1981.55.16 (depth 2, 24 lits): UNSAT in 0.05s
    cube 1981.55.17 (depth 2, 24 lits): UNSAT in 0.07s
    cube 1981.55.18 (depth 2, 24 lits): UNSAT in 0.10s
    cube 1981.55.19 (depth 2, 24 lits): UNSAT in 0.16s
    cube 1981.55.20 (depth 2, 24 lits): UNSAT in 0.04s
    cube 1981.55.21 (depth 2, 24 lits): UNSAT in 0.38s
    cube 1981.55.22 (depth 2, 24 lits): UNSAT in 0.35s
    cube 1981.55.23 (depth 2, 24 lits): UNSAT in 4.46s
    cube 1981.55.24 (depth 2, 24 lits): UNSAT in 0.16s
    cube 1981.55.25 (depth 2, 24 lits): UNSAT in 0.37s
    cube 1981.55.26 (depth 2, 24 lits): UNSAT in 0.22s
    cube 1981.55.27 (depth 2, 24 lits): UNSAT in 1.39s
    cube 1981.55.28 (depth 2, 24 lits): UNSAT in 0.41s
    cube 1981.55.29 (depth 2, 24 lits): UNSAT in 2.27s
    cube 1981.55.30 (depth 2, 24 lits): UNSAT in 1.33s
    cube 1981.55.31 (depth 2, 24 lits): UNSAT in 14.15s
    cube 1981.55.32 (depth 2, 24 lits): UNSAT in 0.06s
    cube 1981.55.33 (depth 2, 24 lits): UNSAT in 0.19s
    cube 1981.55.34 (depth 2, 24 lits): UNSAT in 0.18s
    cube 1981.55.35 (depth 2, 24 lits): UNSAT in 0.78s
    cube 1981.55.36 (depth 2, 24 lits): UNSAT in 0.15s
    cube 1981.55.37 (depth 2, 24 lits): UNSAT in 0.38s
    cube 1981.55.38 (depth 2, 24 lits): UNSAT in 0.08s
    cube 1981.55.39 (depth 2, 24 lits): UNSAT in 0.37s
    cube 1981.55.40 (depth 2, 24 lits): UNSAT in 0.03s
    cube 1981.55.41 (depth 2, 24 lits): UNSAT in 0.22s
    cube 1981.55.42 (depth 2, 24 lits): UNSAT in 0.36s
    cube 1981.55.43 (depth 2, 24 lits): UNSAT in 0.59s
    cube 1981.55.44 (depth 2, 24 lits): UNSAT in 0.03s
    cube 1981.55.45 (depth 2, 24 lits): UNSAT in 0.38s
    cube 1981.55.46 (depth 2, 24 lits): UNSAT in 0.30s
    cube 1981.55.47 (depth 2, 24 lits): UNSAT in 1.40s
    cube 1981.55.48 (depth 2, 24 lits): UNSAT in 0.04s
    cube 1981.55.49 (depth 2, 24 lits): UNSAT in 0.26s
    cube 1981.55.50 (depth 2, 24 lits): UNSAT in 0.16s
    cube 1981.55.51 (depth 2, 24 lits): UNSAT in 1.89s
    cube 1981.55.52 (depth 2, 24 lits): UNSAT in 0.44s
    cube 1981.55.53 (depth 2, 24 lits): UNSAT in 1.95s
    cube 1981.55.54 (depth 2, 24 lits): UNSAT in 2.50s
    cube 1981.55.55 (depth 2, 24 lits): UNSAT in 16.25s
    cube 1981.55.56 (depth 2, 24 lits): UNSAT in 0.25s
    cube 1981.55.57 (depth 2, 24 lits): UNSAT in 1.99s
    cube 1981.55.58 (depth 2, 24 lits): UNSAT in 1.54s
    cube 1981.55.59 (depth 2, 24 lits): UNSAT in 22.81s
    cube 1981.55.60 (depth 2, 24 lits): UNSAT in 4.56s
    cube 1981.55.61 (depth 2, 24 lits): UNSAT in 38.25s
    cube 1981.55.62 (depth 2, 24 lits): TIMEOUT in 60.06s
    cube 1981.55.62 TIMEOUT -> re-split into 63 sub-cubes (depth 3)
    cube 1981.55.62.0 (depth 3, 29 lits): UNSAT in 0.01s
    cube 1981.55.62.1 (depth 3, 30 lits): UNSAT in 0.02s
    cube 1981.55.62.2 (depth 3, 30 lits): UNSAT in 0.01s
    cube 1981.55.62.3 (depth 3, 30 lits): UNSAT in 0.01s
    cube 1981.55.62.4 (depth 3, 30 lits): UNSAT in 0.02s
    cube 1981.55.62.5 (depth 3, 30 lits): UNSAT in 0.01s
    cube 1981.55.62.6 (depth 3, 30 lits): UNSAT in 0.03s
    cube 1981.55.62.7 (depth 3, 30 lits): UNSAT in 0.02s
    cube 1981.55.62.8 (depth 3, 30 lits): UNSAT in 0.03s
    cube 1981.55.62.9 (depth 3, 30 lits): UNSAT in 0.02s
    cube 1981.55.62.10 (depth 3, 30 lits): UNSAT in 0.05s
    cube 1981.55.62.11 (depth 3, 30 lits): UNSAT in 0.02s
    cube 1981.55.62.12 (depth 3, 30 lits): UNSAT in 0.05s
    cube 1981.55.62.13 (depth 3, 30 lits): UNSAT in 0.03s
    cube 1981.55.62.14 (depth 3, 30 lits): UNSAT in 0.36s
    cube 1981.55.62.15 (depth 3, 30 lits): UNSAT in 0.02s
    cube 1981.55.62.16 (depth 3, 30 lits): UNSAT in 0.03s
    cube 1981.55.62.17 (depth 3, 30 lits): UNSAT in 0.03s
    cube 1981.55.62.18 (depth 3, 30 lits): UNSAT in 0.05s
    cube 1981.55.62.19 (depth 3, 30 lits): UNSAT in 0.04s
    cube 1981.55.62.20 (depth 3, 30 lits): UNSAT in 0.03s
    cube 1981.55.62.21 (depth 3, 30 lits): UNSAT in 0.08s
    cube 1981.55.62.22 (depth 3, 30 lits): UNSAT in 0.08s
    cube 1981.55.62.23 (depth 3, 30 lits): UNSAT in 0.12s
    cube 1981.55.62.24 (depth 3, 30 lits): UNSAT in 0.18s
    cube 1981.55.62.25 (depth 3, 30 lits): UNSAT in 0.06s
    cube 1981.55.62.26 (depth 3, 30 lits): UNSAT in 0.20s
    cube 1981.55.62.27 (depth 3, 30 lits): UNSAT in 0.13s
    cube 1981.55.62.28 (depth 3, 30 lits): UNSAT in 0.28s
    cube 1981.55.62.29 (depth 3, 30 lits): UNSAT in 0.27s
    cube 1981.55.62.30 (depth 3, 30 lits): UNSAT in 1.74s
    cube 1981.55.62.31 (depth 3, 30 lits): UNSAT in 0.02s
    cube 1981.55.62.32 (depth 3, 30 lits): UNSAT in 0.04s
    cube 1981.55.62.33 (depth 3, 30 lits): UNSAT in 0.02s
    cube 1981.55.62.34 (depth 3, 30 lits): UNSAT in 0.02s
    cube 1981.55.62.35 (depth 3, 30 lits): UNSAT in 0.03s
    cube 1981.55.62.36 (depth 3, 30 lits): UNSAT in 0.02s
    cube 1981.55.62.37 (depth 3, 30 lits): UNSAT in 0.11s
    cube 1981.55.62.38 (depth 3, 30 lits): UNSAT in 0.54s
    cube 1981.55.62.39 (depth 3, 30 lits): UNSAT in 0.05s
    cube 1981.55.62.40 (depth 3, 30 lits): UNSAT in 0.06s
    cube 1981.55.62.41 (depth 3, 30 lits): UNSAT in 0.29s
    cube 1981.55.62.42 (depth 3, 30 lits): UNSAT in 3.32s
    cube 1981.55.62.43 (depth 3, 30 lits): UNSAT in 0.12s
    cube 1981.55.62.44 (depth 3, 30 lits): UNSAT in 0.28s
    cube 1981.55.62.45 (depth 3, 30 lits): UNSAT in 0.07s
    cube 1981.55.62.46 (depth 3, 30 lits): UNSAT in 0.52s
    cube 1981.55.62.47 (depth 3, 30 lits): UNSAT in 0.04s
    cube 1981.55.62.48 (depth 3, 30 lits): UNSAT in 0.12s
    cube 1981.55.62.49 (depth 3, 30 lits): UNSAT in 0.10s
    cube 1981.55.62.50 (depth 3, 30 lits): UNSAT in 0.17s
    cube 1981.55.62.51 (depth 3, 30 lits): UNSAT in 0.12s
    cube 1981.55.62.52 (depth 3, 30 lits): UNSAT in 0.24s
    cube 1981.55.62.53 (depth 3, 30 lits): UNSAT in 0.12s
    cube 1981.55.62.54 (depth 3, 30 lits): UNSAT in 1.29s
    cube 1981.55.62.55 (depth 3, 30 lits): UNSAT in 0.12s
    cube 1981.55.62.56 (depth 3, 30 lits): UNSAT in 0.38s
    cube 1981.55.62.57 (depth 3, 30 lits): UNSAT in 0.13s
    cube 1981.55.62.58 (depth 3, 30 lits): UNSAT in 1.70s
    cube 1981.55.62.59 (depth 3, 30 lits): UNSAT in 0.24s
    cube 1981.55.62.60 (depth 3, 30 lits): UNSAT in 1.59s
    cube 1981.55.62.61 (depth 3, 30 lits): UNSAT in 3.33s
    cube 1981.55.62.62 (depth 3, 30 lits): UNSAT in 26.10s
    cube 1981.55.63 (depth 2, 24 lits): UNSAT in 59.34s
    cube 1981.56 (depth 1, 18 lits): UNSAT in 6.72s
    cube 1981.57 (depth 1, 18 lits): TIMEOUT in 60.02s
    cube 1981.57 TIMEOUT -> re-split into 61 sub-cubes (depth 2)
    cube 1981.57.0 (depth 2, 23 lits): UNSAT in 0.02s
    cube 1981.57.1 (depth 2, 23 lits): UNSAT in 0.01s
    cube 1981.57.2 (depth 2, 24 lits): UNSAT in 0.02s
    cube 1981.57.3 (depth 2, 24 lits): UNSAT in 0.02s
    cube 1981.57.4 (depth 2, 24 lits): UNSAT in 0.01s
    cube 1981.57.5 (depth 2, 24 lits): UNSAT in 0.07s
    cube 1981.57.6 (depth 2, 23 lits): UNSAT in 0.01s
    cube 1981.57.7 (depth 2, 24 lits): UNSAT in 0.02s
    cube 1981.57.8 (depth 2, 24 lits): UNSAT in 0.02s
    cube 1981.57.9 (depth 2, 24 lits): UNSAT in 0.06s
    cube 1981.57.10 (depth 2, 24 lits): UNSAT in 0.09s
    cube 1981.57.11 (depth 2, 24 lits): UNSAT in 0.06s
    cube 1981.57.12 (depth 2, 24 lits): UNSAT in 0.29s
    cube 1981.57.13 (depth 2, 24 lits): UNSAT in 0.01s
    cube 1981.57.14 (depth 2, 24 lits): UNSAT in 0.02s
    cube 1981.57.15 (depth 2, 24 lits): UNSAT in 0.02s
    cube 1981.57.16 (depth 2, 24 lits): UNSAT in 0.05s
    cube 1981.57.17 (depth 2, 24 lits): UNSAT in 0.03s
    cube 1981.57.18 (depth 2, 24 lits): UNSAT in 0.08s
    cube 1981.57.19 (depth 2, 24 lits): UNSAT in 0.07s
    cube 1981.57.20 (depth 2, 24 lits): UNSAT in 0.40s
    cube 1981.57.21 (depth 2, 24 lits): UNSAT in 0.04s
    cube 1981.57.22 (depth 2, 24 lits): UNSAT in 0.04s
    cube 1981.57.23 (depth 2, 24 lits): UNSAT in 0.09s
    cube 1981.57.24 (depth 2, 24 lits): UNSAT in 0.22s
    cube 1981.57.25 (depth 2, 24 lits): UNSAT in 0.07s
    cube 1981.57.26 (depth 2, 24 lits): UNSAT in 0.31s
    cube 1981.57.27 (depth 2, 24 lits): UNSAT in 0.50s
    cube 1981.57.28 (depth 2, 24 lits): UNSAT in 1.67s
    cube 1981.57.29 (depth 2, 24 lits): UNSAT in 0.01s
    cube 1981.57.30 (depth 2, 24 lits): UNSAT in 0.03s
    cube 1981.57.31 (depth 2, 24 lits): UNSAT in 0.03s
    cube 1981.57.32 (depth 2, 24 lits): UNSAT in 0.04s
    cube 1981.57.33 (depth 2, 24 lits): UNSAT in 0.07s
    cube 1981.57.34 (depth 2, 24 lits): UNSAT in 0.10s
    cube 1981.57.35 (depth 2, 24 lits): UNSAT in 0.12s
    cube 1981.57.36 (depth 2, 24 lits): UNSAT in 0.58s
    cube 1981.57.37 (depth 2, 24 lits): UNSAT in 0.03s
    cube 1981.57.38 (depth 2, 24 lits): UNSAT in 0.05s
    cube 1981.57.39 (depth 2, 24 lits): UNSAT in 0.13s
    cube 1981.57.40 (depth 2, 24 lits): UNSAT in 0.31s
    cube 1981.57.41 (depth 2, 24 lits): UNSAT in 0.08s
    cube 1981.57.42 (depth 2, 24 lits): UNSAT in 0.89s
    cube 1981.57.43 (depth 2, 24 lits): UNSAT in 0.67s
    cube 1981.57.44 (depth 2, 24 lits): UNSAT in 3.23s
    cube 1981.57.45 (depth 2, 24 lits): UNSAT in 0.10s
    cube 1981.57.46 (depth 2, 24 lits): UNSAT in 0.16s
    cube 1981.57.47 (depth 2, 24 lits): UNSAT in 0.25s
    cube 1981.57.48 (depth 2, 24 lits): UNSAT in 0.23s
    cube 1981.57.49 (depth 2, 24 lits): UNSAT in 0.03s
    cube 1981.57.50 (depth 2, 24 lits): UNSAT in 0.09s
    cube 1981.57.51 (depth 2, 24 lits): UNSAT in 0.93s
    cube 1981.57.52 (depth 2, 24 lits): UNSAT in 0.74s
    cube 1981.57.53 (depth 2, 24 lits): UNSAT in 0.13s
    cube 1981.57.54 (depth 2, 24 lits): UNSAT in 0.76s
    cube 1981.57.55 (depth 2, 24 lits): UNSAT in 0.16s
    cube 1981.57.56 (depth 2, 24 lits): UNSAT in 0.22s
    cube 1981.57.57 (depth 2, 24 lits): UNSAT in 1.17s
    cube 1981.57.58 (depth 2, 24 lits): UNSAT in 1.11s
    cube 1981.57.59 (depth 2, 24 lits): UNSAT in 3.38s
    cube 1981.57.60 (depth 2, 24 lits): UNSAT in 11.27s
    cube 1981.58 (depth 1, 18 lits): UNSAT in 18.85s
    cube 1981.59 (depth 1, 18 lits): TIMEOUT in 60.06s
    cube 1981.59 TIMEOUT -> re-split into 64 sub-cubes (depth 2)
    cube 1981.59.0 (depth 2, 24 lits): UNSAT in 0.02s
    cube 1981.59.1 (depth 2, 24 lits): UNSAT in 0.07s
    cube 1981.59.2 (depth 2, 24 lits): UNSAT in 0.04s
    cube 1981.59.3 (depth 2, 24 lits): UNSAT in 0.13s
    cube 1981.59.4 (depth 2, 24 lits): UNSAT in 0.02s
    cube 1981.59.5 (depth 2, 24 lits): UNSAT in 0.06s
    cube 1981.59.6 (depth 2, 24 lits): UNSAT in 0.25s
    cube 1981.59.7 (depth 2, 24 lits): UNSAT in 0.87s
    cube 1981.59.8 (depth 2, 24 lits): UNSAT in 0.03s
    cube 1981.59.9 (depth 2, 24 lits): UNSAT in 0.05s
    cube 1981.59.10 (depth 2, 24 lits): UNSAT in 0.15s
    cube 1981.59.11 (depth 2, 24 lits): UNSAT in 0.22s
    cube 1981.59.12 (depth 2, 24 lits): UNSAT in 0.08s
    cube 1981.59.13 (depth 2, 24 lits): UNSAT in 0.31s
    cube 1981.59.14 (depth 2, 24 lits): UNSAT in 0.56s
    cube 1981.59.15 (depth 2, 24 lits): UNSAT in 1.31s
    cube 1981.59.16 (depth 2, 24 lits): UNSAT in 0.02s
    cube 1981.59.17 (depth 2, 24 lits): UNSAT in 0.03s
    cube 1981.59.18 (depth 2, 24 lits): UNSAT in 0.02s
    cube 1981.59.19 (depth 2, 24 lits): UNSAT in 0.18s
    cube 1981.59.20 (depth 2, 24 lits): UNSAT in 0.05s
    cube 1981.59.21 (depth 2, 24 lits): UNSAT in 0.81s
    cube 1981.59.22 (depth 2, 24 lits): UNSAT in 0.85s
    cube 1981.59.23 (depth 2, 24 lits): UNSAT in 2.89s
    cube 1981.59.24 (depth 2, 24 lits): UNSAT in 0.10s
    cube 1981.59.25 (depth 2, 24 lits): UNSAT in 0.23s
    cube 1981.59.26 (depth 2, 24 lits): UNSAT in 0.26s
    cube 1981.59.27 (depth 2, 24 lits): UNSAT in 0.39s
    cube 1981.59.28 (depth 2, 24 lits): UNSAT in 0.36s
    cube 1981.59.29 (depth 2, 24 lits): UNSAT in 1.57s
    cube 1981.59.30 (depth 2, 24 lits): UNSAT in 2.25s
    cube 1981.59.31 (depth 2, 24 lits): UNSAT in 8.45s
    cube 1981.59.32 (depth 2, 24 lits): UNSAT in 0.01s
    cube 1981.59.33 (depth 2, 24 lits): UNSAT in 0.02s
    cube 1981.59.34 (depth 2, 24 lits): UNSAT in 0.06s
    cube 1981.59.35 (depth 2, 24 lits): UNSAT in 0.12s
    cube 1981.59.36 (depth 2, 24 lits): UNSAT in 0.01s
    cube 1981.59.37 (depth 2, 24 lits): UNSAT in 0.06s
    cube 1981.59.38 (depth 2, 24 lits): UNSAT in 0.06s
    cube 1981.59.39 (depth 2, 24 lits): UNSAT in 0.36s
    cube 1981.59.40 (depth 2, 24 lits): UNSAT in 0.07s
    cube 1981.59.41 (depth 2, 24 lits): UNSAT in 0.28s
    cube 1981.59.42 (depth 2, 24 lits): UNSAT in 0.35s
    cube 1981.59.43 (depth 2, 24 lits): UNSAT in 0.45s
    cube 1981.59.44 (depth 2, 24 lits): UNSAT in 0.07s
    cube 1981.59.45 (depth 2, 24 lits): UNSAT in 0.78s
    cube 1981.59.46 (depth 2, 24 lits): UNSAT in 2.46s
    cube 1981.59.47 (depth 2, 24 lits): UNSAT in 19.43s
    cube 1981.59.48 (depth 2, 24 lits): UNSAT in 0.16s
    cube 1981.59.49 (depth 2, 24 lits): UNSAT in 0.34s
    cube 1981.59.50 (depth 2, 24 lits): UNSAT in 0.55s
    cube 1981.59.51 (depth 2, 24 lits): UNSAT in 2.55s
    cube 1981.59.52 (depth 2, 24 lits): UNSAT in 1.02s
    cube 1981.59.53 (depth 2, 24 lits): UNSAT in 0.59s
    cube 1981.59.54 (depth 2, 24 lits): UNSAT in 0.30s
    cube 1981.59.55 (depth 2, 24 lits): UNSAT in 10.83s
    cube 1981.59.56 (depth 2, 24 lits): UNSAT in 0.48s
    cube 1981.59.57 (depth 2, 24 lits): UNSAT in 1.86s
    cube 1981.59.58 (depth 2, 24 lits): UNSAT in 5.35s
    cube 1981.59.59 (depth 2, 24 lits): UNSAT in 42.27s
    cube 1981.59.60 (depth 2, 24 lits): UNSAT in 4.89s
    cube 1981.59.61 (depth 2, 24 lits): UNSAT in 44.44s
    cube 1981.59.62 (depth 2, 24 lits): TIMEOUT in 60.05s
    cube 1981.59.62 TIMEOUT -> re-split into 64 sub-cubes (depth 3)
    cube 1981.59.62.0 (depth 3, 30 lits): UNSAT in 0.01s
    cube 1981.59.62.1 (depth 3, 30 lits): UNSAT in 0.01s
    cube 1981.59.62.2 (depth 3, 30 lits): UNSAT in 0.01s
    cube 1981.59.62.3 (depth 3, 30 lits): UNSAT in 0.02s
    cube 1981.59.62.4 (depth 3, 30 lits): UNSAT in 0.03s
    cube 1981.59.62.5 (depth 3, 30 lits): UNSAT in 0.05s
    cube 1981.59.62.6 (depth 3, 30 lits): UNSAT in 0.04s
    cube 1981.59.62.7 (depth 3, 30 lits): UNSAT in 0.02s
    cube 1981.59.62.8 (depth 3, 30 lits): UNSAT in 0.02s
    cube 1981.59.62.9 (depth 3, 30 lits): UNSAT in 0.05s
    cube 1981.59.62.10 (depth 3, 30 lits): UNSAT in 0.03s
    cube 1981.59.62.11 (depth 3, 30 lits): UNSAT in 0.06s
    cube 1981.59.62.12 (depth 3, 30 lits): UNSAT in 0.02s
    cube 1981.59.62.13 (depth 3, 30 lits): UNSAT in 0.07s
    cube 1981.59.62.14 (depth 3, 30 lits): UNSAT in 0.08s
    cube 1981.59.62.15 (depth 3, 30 lits): UNSAT in 0.24s
    cube 1981.59.62.16 (depth 3, 30 lits): UNSAT in 0.02s
    cube 1981.59.62.17 (depth 3, 30 lits): UNSAT in 0.05s
    cube 1981.59.62.18 (depth 3, 30 lits): UNSAT in 0.20s
    cube 1981.59.62.19 (depth 3, 30 lits): UNSAT in 0.18s
    cube 1981.59.62.20 (depth 3, 30 lits): UNSAT in 0.01s
    cube 1981.59.62.21 (depth 3, 30 lits): UNSAT in 0.06s
    cube 1981.59.62.22 (depth 3, 30 lits): UNSAT in 0.03s
    cube 1981.59.62.23 (depth 3, 30 lits): UNSAT in 0.15s
    cube 1981.59.62.24 (depth 3, 30 lits): UNSAT in 0.02s
    cube 1981.59.62.25 (depth 3, 30 lits): UNSAT in 0.09s
    cube 1981.59.62.26 (depth 3, 30 lits): UNSAT in 0.14s
    cube 1981.59.62.27 (depth 3, 30 lits): UNSAT in 0.14s
    cube 1981.59.62.28 (depth 3, 30 lits): UNSAT in 0.08s
    cube 1981.59.62.29 (depth 3, 30 lits): UNSAT in 0.22s
    cube 1981.59.62.30 (depth 3, 30 lits): UNSAT in 0.50s
    cube 1981.59.62.31 (depth 3, 30 lits): UNSAT in 2.34s
    cube 1981.59.62.32 (depth 3, 30 lits): UNSAT in 0.03s
    cube 1981.59.62.33 (depth 3, 30 lits): UNSAT in 0.17s
    cube 1981.59.62.34 (depth 3, 30 lits): UNSAT in 0.03s
    cube 1981.59.62.35 (depth 3, 30 lits): UNSAT in 0.10s
    cube 1981.59.62.36 (depth 3, 30 lits): UNSAT in 0.02s
    cube 1981.59.62.37 (depth 3, 30 lits): UNSAT in 0.05s
    cube 1981.59.62.38 (depth 3, 30 lits): UNSAT in 0.08s
    cube 1981.59.62.39 (depth 3, 30 lits): UNSAT in 0.21s
    cube 1981.59.62.40 (depth 3, 30 lits): UNSAT in 0.02s
    cube 1981.59.62.41 (depth 3, 30 lits): UNSAT in 0.02s
    cube 1981.59.62.42 (depth 3, 30 lits): UNSAT in 0.04s
    cube 1981.59.62.43 (depth 3, 30 lits): UNSAT in 0.06s
    cube 1981.59.62.44 (depth 3, 30 lits): UNSAT in 0.02s
    cube 1981.59.62.45 (depth 3, 30 lits): UNSAT in 0.08s
    cube 1981.59.62.46 (depth 3, 30 lits): UNSAT in 0.26s
    cube 1981.59.62.47 (depth 3, 30 lits): UNSAT in 0.57s
    cube 1981.59.62.48 (depth 3, 30 lits): UNSAT in 0.02s
    cube 1981.59.62.49 (depth 3, 30 lits): UNSAT in 0.03s
    cube 1981.59.62.50 (depth 3, 30 lits): UNSAT in 0.05s
    cube 1981.59.62.51 (depth 3, 30 lits): UNSAT in 0.07s
    cube 1981.59.62.52 (depth 3, 30 lits): UNSAT in 0.07s
    cube 1981.59.62.53 (depth 3, 30 lits): UNSAT in 0.14s
    cube 1981.59.62.54 (depth 3, 30 lits): UNSAT in 0.26s
    cube 1981.59.62.55 (depth 3, 30 lits): UNSAT in 0.84s
    cube 1981.59.62.56 (depth 3, 30 lits): UNSAT in 0.11s
    cube 1981.59.62.57 (depth 3, 30 lits): UNSAT in 0.29s
    cube 1981.59.62.58 (depth 3, 30 lits): UNSAT in 0.35s
    cube 1981.59.62.59 (depth 3, 30 lits): UNSAT in 3.48s
    cube 1981.59.62.60 (depth 3, 30 lits): UNSAT in 1.48s
    cube 1981.59.62.61 (depth 3, 30 lits): UNSAT in 9.85s
    cube 1981.59.62.62 (depth 3, 30 lits): UNSAT in 6.76s
    cube 1981.59.62.63 (depth 3, 30 lits): UNSAT in 30.90s
    cube 1981.59.63 (depth 2, 24 lits): TIMEOUT in 60.06s
    cube 1981.59.63 TIMEOUT -> re-split into 64 sub-cubes (depth 3)
    cube 1981.59.63.0 (depth 3, 30 lits): UNSAT in 0.05s
    cube 1981.59.63.1 (depth 3, 30 lits): UNSAT in 0.13s
    cube 1981.59.63.2 (depth 3, 30 lits): UNSAT in 0.08s
    cube 1981.59.63.3 (depth 3, 30 lits): UNSAT in 0.18s
    cube 1981.59.63.4 (depth 3, 30 lits): UNSAT in 0.18s
    cube 1981.59.63.5 (depth 3, 30 lits): UNSAT in 0.15s
    cube 1981.59.63.6 (depth 3, 30 lits): UNSAT in 0.13s
    cube 1981.59.63.7 (depth 3, 30 lits): UNSAT in 0.46s
    cube 1981.59.63.8 (depth 3, 30 lits): UNSAT in 0.03s
    cube 1981.59.63.9 (depth 3, 30 lits): UNSAT in 0.20s
    cube 1981.59.63.10 (depth 3, 30 lits): UNSAT in 0.10s
    cube 1981.59.63.11 (depth 3, 30 lits): UNSAT in 1.20s
    cube 1981.59.63.12 (depth 3, 30 lits): UNSAT in 0.30s
    cube 1981.59.63.13 (depth 3, 30 lits): UNSAT in 1.05s
    cube 1981.59.63.14 (depth 3, 30 lits): UNSAT in 0.22s
    cube 1981.59.63.15 (depth 3, 30 lits): UNSAT in 3.94s
    cube 1981.59.63.16 (depth 3, 30 lits): UNSAT in 0.02s
    cube 1981.59.63.17 (depth 3, 30 lits): UNSAT in 0.08s
    cube 1981.59.63.18 (depth 3, 30 lits): UNSAT in 0.16s
    cube 1981.59.63.19 (depth 3, 30 lits): UNSAT in 0.27s
    cube 1981.59.63.20 (depth 3, 30 lits): UNSAT in 0.03s
    cube 1981.59.63.21 (depth 3, 30 lits): UNSAT in 0.10s
    cube 1981.59.63.22 (depth 3, 30 lits): UNSAT in 0.49s
    cube 1981.59.63.23 (depth 3, 30 lits): UNSAT in 5.76s
    cube 1981.59.63.24 (depth 3, 30 lits): UNSAT in 0.25s
    cube 1981.59.63.25 (depth 3, 30 lits): UNSAT in 0.16s
    cube 1981.59.63.26 (depth 3, 30 lits): UNSAT in 0.25s
    cube 1981.59.63.27 (depth 3, 30 lits): UNSAT in 1.73s
    cube 1981.59.63.28 (depth 3, 30 lits): UNSAT in 0.10s
    cube 1981.59.63.29 (depth 3, 30 lits): UNSAT in 6.97s
    cube 1981.59.63.30 (depth 3, 30 lits): UNSAT in 3.05s
    cube 1981.59.63.31 (depth 3, 30 lits): UNSAT in 44.96s
    cube 1981.59.63.32 (depth 3, 30 lits): UNSAT in 0.02s
    cube 1981.59.63.33 (depth 3, 30 lits): UNSAT in 0.14s
    cube 1981.59.63.34 (depth 3, 30 lits): UNSAT in 0.16s
    cube 1981.59.63.35 (depth 3, 30 lits): UNSAT in 0.71s
    cube 1981.59.63.36 (depth 3, 30 lits): UNSAT in 0.18s
    cube 1981.59.63.37 (depth 3, 30 lits): UNSAT in 0.17s
    cube 1981.59.63.38 (depth 3, 30 lits): UNSAT in 0.08s
    cube 1981.59.63.39 (depth 3, 30 lits): UNSAT in 0.32s
    cube 1981.59.63.40 (depth 3, 30 lits): UNSAT in 0.06s
    cube 1981.59.63.41 (depth 3, 30 lits): UNSAT in 0.14s
    cube 1981.59.63.42 (depth 3, 30 lits): UNSAT in 0.11s
    cube 1981.59.63.43 (depth 3, 30 lits): UNSAT in 0.75s
    cube 1981.59.63.44 (depth 3, 30 lits): UNSAT in 0.18s
    cube 1981.59.63.45 (depth 3, 30 lits): UNSAT in 0.91s
    cube 1981.59.63.46 (depth 3, 30 lits): UNSAT in 0.37s
    cube 1981.59.63.47 (depth 3, 30 lits): UNSAT in 4.78s
    cube 1981.59.63.48 (depth 3, 30 lits): UNSAT in 0.03s
    cube 1981.59.63.49 (depth 3, 30 lits): UNSAT in 0.14s
    cube 1981.59.63.50 (depth 3, 30 lits): UNSAT in 0.22s
    cube 1981.59.63.51 (depth 3, 30 lits): UNSAT in 0.42s
    cube 1981.59.63.52 (depth 3, 30 lits): UNSAT in 0.08s
    cube 1981.59.63.53 (depth 3, 30 lits): UNSAT in 0.13s
    cube 1981.59.63.54 (depth 3, 30 lits): UNSAT in 0.26s
    cube 1981.59.63.55 (depth 3, 30 lits): UNSAT in 1.11s
    cube 1981.59.63.56 (depth 3, 30 lits): UNSAT in 0.04s
    cube 1981.59.63.57 (depth 3, 30 lits): UNSAT in 0.10s
    cube 1981.59.63.58 (depth 3, 30 lits): UNSAT in 0.26s
    cube 1981.59.63.59 (depth 3, 30 lits): UNSAT in 1.54s
    cube 1981.59.63.60 (depth 3, 30 lits): UNSAT in 0.84s
    cube 1981.59.63.61 (depth 3, 30 lits): UNSAT in 8.57s
    cube 1981.59.63.62 (depth 3, 30 lits): UNSAT in 10.86s
    cube 1981.59.63.63 (depth 3, 30 lits): UNSAT in 59.36s
    cube 1981.60 (depth 1, 18 lits): TIMEOUT in 60.06s
    cube 1981.60 TIMEOUT -> re-split into 64 sub-cubes (depth 2)
    cube 1981.60.0 (depth 2, 24 lits): UNSAT in 0.01s
    cube 1981.60.1 (depth 2, 24 lits): UNSAT in 0.02s
    cube 1981.60.2 (depth 2, 24 lits): UNSAT in 0.02s
    cube 1981.60.3 (depth 2, 24 lits): UNSAT in 0.04s
    cube 1981.60.4 (depth 2, 24 lits): UNSAT in 0.02s
    cube 1981.60.5 (depth 2, 24 lits): UNSAT in 0.04s
    cube 1981.60.6 (depth 2, 24 lits): UNSAT in 0.04s
    cube 1981.60.7 (depth 2, 24 lits): UNSAT in 0.22s
    cube 1981.60.8 (depth 2, 24 lits): UNSAT in 0.01s
    cube 1981.60.9 (depth 2, 24 lits): UNSAT in 0.02s
    cube 1981.60.10 (depth 2, 24 lits): UNSAT in 0.03s
    cube 1981.60.11 (depth 2, 24 lits): UNSAT in 0.03s
    cube 1981.60.12 (depth 2, 24 lits): UNSAT in 0.04s
    cube 1981.60.13 (depth 2, 24 lits): UNSAT in 0.06s
    cube 1981.60.14 (depth 2, 24 lits): UNSAT in 0.05s
    cube 1981.60.15 (depth 2, 24 lits): UNSAT in 0.09s
    cube 1981.60.16 (depth 2, 24 lits): UNSAT in 0.04s
    cube 1981.60.17 (depth 2, 24 lits): UNSAT in 0.06s
    cube 1981.60.18 (depth 2, 24 lits): UNSAT in 0.03s
    cube 1981.60.19 (depth 2, 24 lits): UNSAT in 0.15s
    cube 1981.60.20 (depth 2, 24 lits): UNSAT in 0.06s
    cube 1981.60.21 (depth 2, 24 lits): UNSAT in 0.28s
    cube 1981.60.22 (depth 2, 24 lits): UNSAT in 0.18s
    cube 1981.60.23 (depth 2, 24 lits): UNSAT in 0.96s
    cube 1981.60.24 (depth 2, 24 lits): UNSAT in 0.05s
    cube 1981.60.25 (depth 2, 24 lits): UNSAT in 0.13s
    cube 1981.60.26 (depth 2, 24 lits): UNSAT in 0.12s
    cube 1981.60.27 (depth 2, 24 lits): UNSAT in 0.12s
    cube 1981.60.28 (depth 2, 24 lits): UNSAT in 0.46s
    cube 1981.60.29 (depth 2, 24 lits): UNSAT in 1.02s
    cube 1981.60.30 (depth 2, 24 lits): UNSAT in 2.20s
    cube 1981.60.31 (depth 2, 24 lits): UNSAT in 4.53s
    cube 1981.60.32 (depth 2, 24 lits): UNSAT in 0.02s
    cube 1981.60.33 (depth 2, 24 lits): UNSAT in 0.02s
    cube 1981.60.34 (depth 2, 24 lits): UNSAT in 0.05s
    cube 1981.60.35 (depth 2, 24 lits): UNSAT in 0.18s
    cube 1981.60.36 (depth 2, 24 lits): UNSAT in 0.06s
    cube 1981.60.37 (depth 2, 24 lits): UNSAT in 0.34s
    cube 1981.60.38 (depth 2, 24 lits): UNSAT in 0.06s
    cube 1981.60.39 (depth 2, 24 lits): UNSAT in 0.59s
    cube 1981.60.40 (depth 2, 24 lits): UNSAT in 0.03s
    cube 1981.60.41 (depth 2, 24 lits): UNSAT in 0.13s
    cube 1981.60.42 (depth 2, 24 lits): UNSAT in 0.08s
    cube 1981.60.43 (depth 2, 24 lits): UNSAT in 0.23s
    cube 1981.60.44 (depth 2, 24 lits): UNSAT in 0.22s
    cube 1981.60.45 (depth 2, 24 lits): UNSAT in 2.02s
    cube 1981.60.46 (depth 2, 24 lits): UNSAT in 0.60s
    cube 1981.60.47 (depth 2, 24 lits): UNSAT in 1.96s
    cube 1981.60.48 (depth 2, 24 lits): UNSAT in 0.05s
    cube 1981.60.49 (depth 2, 24 lits): UNSAT in 0.17s
    cube 1981.60.50 (depth 2, 24 lits): UNSAT in 0.22s
    cube 1981.60.51 (depth 2, 24 lits): UNSAT in 0.44s
    cube 1981.60.52 (depth 2, 24 lits): UNSAT in 0.77s
    cube 1981.60.53 (depth 2, 24 lits): UNSAT in 0.63s
    cube 1981.60.54 (depth 2, 24 lits): UNSAT in 0.60s
    cube 1981.60.55 (depth 2, 24 lits): UNSAT in 4.22s
    cube 1981.60.56 (depth 2, 24 lits): UNSAT in 0.24s
    cube 1981.60.57 (depth 2, 24 lits): UNSAT in 1.21s
    cube 1981.60.58 (depth 2, 24 lits): UNSAT in 1.59s
    cube 1981.60.59 (depth 2, 24 lits): UNSAT in 7.60s
    cube 1981.60.60 (depth 2, 24 lits): UNSAT in 1.62s
    cube 1981.60.61 (depth 2, 24 lits): UNSAT in 9.51s
    cube 1981.60.62 (depth 2, 24 lits): UNSAT in 32.61s
    cube 1981.60.63 (depth 2, 24 lits): TIMEOUT in 60.06s
    cube 1981.60.63 TIMEOUT -> re-split into 63 sub-cubes (depth 3)
    cube 1981.60.63.0 (depth 3, 29 lits): UNSAT in 0.02s
    cube 1981.60.63.1 (depth 3, 30 lits): UNSAT in 0.01s
    cube 1981.60.63.2 (depth 3, 30 lits): UNSAT in 0.02s
    cube 1981.60.63.3 (depth 3, 30 lits): UNSAT in 0.02s
    cube 1981.60.63.4 (depth 3, 30 lits): UNSAT in 0.03s
    cube 1981.60.63.5 (depth 3, 30 lits): UNSAT in 0.03s
    cube 1981.60.63.6 (depth 3, 30 lits): UNSAT in 0.13s
    cube 1981.60.63.7 (depth 3, 30 lits): UNSAT in 0.02s
    cube 1981.60.63.8 (depth 3, 30 lits): UNSAT in 0.02s
    cube 1981.60.63.9 (depth 3, 30 lits): UNSAT in 0.01s
    cube 1981.60.63.10 (depth 3, 30 lits): UNSAT in 0.06s
    cube 1981.60.63.11 (depth 3, 30 lits): UNSAT in 0.07s
    cube 1981.60.63.12 (depth 3, 30 lits): UNSAT in 0.15s
    cube 1981.60.63.13 (depth 3, 30 lits): UNSAT in 0.44s
    cube 1981.60.63.14 (depth 3, 30 lits): UNSAT in 1.36s
    cube 1981.60.63.15 (depth 3, 30 lits): UNSAT in 0.02s
    cube 1981.60.63.16 (depth 3, 30 lits): UNSAT in 0.13s
    cube 1981.60.63.17 (depth 3, 30 lits): UNSAT in 0.07s
    cube 1981.60.63.18 (depth 3, 30 lits): UNSAT in 0.30s
    cube 1981.60.63.19 (depth 3, 30 lits): UNSAT in 0.02s
    cube 1981.60.63.20 (depth 3, 30 lits): UNSAT in 0.19s
    cube 1981.60.63.21 (depth 3, 30 lits): UNSAT in 0.11s
    cube 1981.60.63.22 (depth 3, 30 lits): UNSAT in 1.14s
    cube 1981.60.63.23 (depth 3, 30 lits): UNSAT in 0.04s
    cube 1981.60.63.24 (depth 3, 30 lits): UNSAT in 0.17s
    cube 1981.60.63.25 (depth 3, 30 lits): UNSAT in 0.20s
    cube 1981.60.63.26 (depth 3, 30 lits): UNSAT in 2.35s
    cube 1981.60.63.27 (depth 3, 30 lits): UNSAT in 0.40s
    cube 1981.60.63.28 (depth 3, 30 lits): UNSAT in 1.31s
    cube 1981.60.63.29 (depth 3, 30 lits): UNSAT in 1.25s
    cube 1981.60.63.30 (depth 3, 30 lits): UNSAT in 5.43s
    cube 1981.60.63.31 (depth 3, 30 lits): UNSAT in 0.03s
    cube 1981.60.63.32 (depth 3, 30 lits): UNSAT in 0.09s
    cube 1981.60.63.33 (depth 3, 30 lits): UNSAT in 0.04s
    cube 1981.60.63.34 (depth 3, 30 lits): UNSAT in 0.23s
    cube 1981.60.63.35 (depth 3, 30 lits): UNSAT in 0.08s
    cube 1981.60.63.36 (depth 3, 30 lits): UNSAT in 0.38s
    cube 1981.60.63.37 (depth 3, 30 lits): UNSAT in 0.35s
    cube 1981.60.63.38 (depth 3, 30 lits): UNSAT in 1.02s
    cube 1981.60.63.39 (depth 3, 30 lits): UNSAT in 0.07s
    cube 1981.60.63.40 (depth 3, 30 lits): UNSAT in 0.05s
    cube 1981.60.63.41 (depth 3, 30 lits): UNSAT in 0.19s
    cube 1981.60.63.42 (depth 3, 30 lits): UNSAT in 1.52s
    cube 1981.60.63.43 (depth 3, 30 lits): UNSAT in 0.20s
    cube 1981.60.63.44 (depth 3, 30 lits): UNSAT in 1.81s
    cube 1981.60.63.45 (depth 3, 30 lits): UNSAT in 2.67s
    cube 1981.60.63.46 (depth 3, 30 lits): UNSAT in 10.72s
    cube 1981.60.63.47 (depth 3, 30 lits): UNSAT in 0.11s
    cube 1981.60.63.48 (depth 3, 30 lits): UNSAT in 0.49s
    cube 1981.60.63.49 (depth 3, 30 lits): UNSAT in 0.69s
    cube 1981.60.63.50 (depth 3, 30 lits): UNSAT in 4.76s
    cube 1981.60.63.51 (depth 3, 30 lits): UNSAT in 0.14s
    cube 1981.60.63.52 (depth 3, 30 lits): UNSAT in 1.47s
    cube 1981.60.63.53 (depth 3, 30 lits): UNSAT in 2.22s
    cube 1981.60.63.54 (depth 3, 30 lits): UNSAT in 9.33s
    cube 1981.60.63.55 (depth 3, 30 lits): UNSAT in 0.11s
    cube 1981.60.63.56 (depth 3, 30 lits): UNSAT in 0.43s
    cube 1981.60.63.57 (depth 3, 30 lits): UNSAT in 0.39s
    cube 1981.60.63.58 (depth 3, 30 lits): UNSAT in 2.03s
    cube 1981.60.63.59 (depth 3, 30 lits): UNSAT in 0.16s
    cube 1981.60.63.60 (depth 3, 30 lits): UNSAT in 1.16s
    cube 1981.60.63.61 (depth 3, 30 lits): UNSAT in 3.48s
    cube 1981.60.63.62 (depth 3, 30 lits): UNSAT in 21.86s
    cube 1981.61 (depth 1, 18 lits): TIMEOUT in 60.06s
    cube 1981.61 TIMEOUT -> re-split into 64 sub-cubes (depth 2)
    cube 1981.61.0 (depth 2, 24 lits): UNSAT in 0.03s
    cube 1981.61.1 (depth 2, 24 lits): UNSAT in 0.05s
    cube 1981.61.2 (depth 2, 24 lits): UNSAT in 0.05s
    cube 1981.61.3 (depth 2, 24 lits): UNSAT in 0.03s
    cube 1981.61.4 (depth 2, 24 lits): UNSAT in 0.02s
    cube 1981.61.5 (depth 2, 24 lits): UNSAT in 0.11s
    cube 1981.61.6 (depth 2, 24 lits): UNSAT in 0.05s
    cube 1981.61.7 (depth 2, 24 lits): UNSAT in 0.57s
    cube 1981.61.8 (depth 2, 24 lits): UNSAT in 0.09s
    cube 1981.61.9 (depth 2, 24 lits): UNSAT in 0.11s
    cube 1981.61.10 (depth 2, 24 lits): UNSAT in 0.10s
    cube 1981.61.11 (depth 2, 24 lits): UNSAT in 0.20s
    cube 1981.61.12 (depth 2, 24 lits): UNSAT in 0.30s
    cube 1981.61.13 (depth 2, 24 lits): UNSAT in 0.42s
    cube 1981.61.14 (depth 2, 24 lits): UNSAT in 0.38s
    cube 1981.61.15 (depth 2, 24 lits): UNSAT in 1.99s
    cube 1981.61.16 (depth 2, 24 lits): UNSAT in 0.02s
    cube 1981.61.17 (depth 2, 24 lits): UNSAT in 0.04s
    cube 1981.61.18 (depth 2, 24 lits): UNSAT in 0.11s
    cube 1981.61.19 (depth 2, 24 lits): UNSAT in 0.44s
    cube 1981.61.20 (depth 2, 24 lits): UNSAT in 0.29s
    cube 1981.61.21 (depth 2, 24 lits): UNSAT in 0.18s
    cube 1981.61.22 (depth 2, 24 lits): UNSAT in 0.32s
    cube 1981.61.23 (depth 2, 24 lits): UNSAT in 1.46s
    cube 1981.61.24 (depth 2, 24 lits): UNSAT in 0.13s
    cube 1981.61.25 (depth 2, 24 lits): UNSAT in 0.10s
    cube 1981.61.26 (depth 2, 24 lits): UNSAT in 0.34s
    cube 1981.61.27 (depth 2, 24 lits): UNSAT in 0.30s
    cube 1981.61.28 (depth 2, 24 lits): UNSAT in 0.67s
    cube 1981.61.29 (depth 2, 24 lits): UNSAT in 0.65s
    cube 1981.61.30 (depth 2, 24 lits): UNSAT in 0.60s
    cube 1981.61.31 (depth 2, 24 lits): UNSAT in 6.70s
    cube 1981.61.32 (depth 2, 24 lits): UNSAT in 0.10s
    cube 1981.61.33 (depth 2, 24 lits): UNSAT in 0.22s
    cube 1981.61.34 (depth 2, 24 lits): UNSAT in 0.23s
    cube 1981.61.35 (depth 2, 24 lits): UNSAT in 0.63s
    cube 1981.61.36 (depth 2, 24 lits): UNSAT in 0.22s
    cube 1981.61.37 (depth 2, 24 lits): UNSAT in 0.45s
    cube 1981.61.38 (depth 2, 24 lits): UNSAT in 0.53s
    cube 1981.61.39 (depth 2, 24 lits): UNSAT in 1.83s
    cube 1981.61.40 (depth 2, 24 lits): UNSAT in 0.15s
    cube 1981.61.41 (depth 2, 24 lits): UNSAT in 1.37s
    cube 1981.61.42 (depth 2, 24 lits): UNSAT in 0.45s
    cube 1981.61.43 (depth 2, 24 lits): UNSAT in 1.21s
    cube 1981.61.44 (depth 2, 24 lits): UNSAT in 0.52s
    cube 1981.61.45 (depth 2, 24 lits): UNSAT in 1.04s
    cube 1981.61.46 (depth 2, 24 lits): UNSAT in 1.33s
    cube 1981.61.47 (depth 2, 24 lits): UNSAT in 13.88s
    cube 1981.61.48 (depth 2, 24 lits): UNSAT in 0.09s
    cube 1981.61.49 (depth 2, 24 lits): UNSAT in 0.06s
    cube 1981.61.50 (depth 2, 24 lits): UNSAT in 0.37s
    cube 1981.61.51 (depth 2, 24 lits): UNSAT in 0.66s
    cube 1981.61.52 (depth 2, 24 lits): UNSAT in 0.20s
    cube 1981.61.53 (depth 2, 24 lits): UNSAT in 0.46s
    cube 1981.61.54 (depth 2, 24 lits): UNSAT in 1.12s
    cube 1981.61.55 (depth 2, 24 lits): UNSAT in 23.57s
    cube 1981.61.56 (depth 2, 24 lits): UNSAT in 1.39s
    cube 1981.61.57 (depth 2, 24 lits): UNSAT in 4.20s
    cube 1981.61.58 (depth 2, 24 lits): UNSAT in 3.58s
    cube 1981.61.59 (depth 2, 24 lits): UNSAT in 9.81s
    cube 1981.61.60 (depth 2, 24 lits): UNSAT in 7.66s
    cube 1981.61.61 (depth 2, 24 lits): TIMEOUT in 60.02s
    cube 1981.61.61 TIMEOUT -> re-split into 64 sub-cubes (depth 3)
    cube 1981.61.61.0 (depth 3, 30 lits): UNSAT in 0.01s
    cube 1981.61.61.1 (depth 3, 30 lits): UNSAT in 0.02s
    cube 1981.61.61.2 (depth 3, 30 lits): UNSAT in 0.02s
    cube 1981.61.61.3 (depth 3, 30 lits): UNSAT in 0.05s
    cube 1981.61.61.4 (depth 3, 30 lits): UNSAT in 0.01s
    cube 1981.61.61.5 (depth 3, 30 lits): UNSAT in 0.01s
    cube 1981.61.61.6 (depth 3, 30 lits): UNSAT in 0.03s
    cube 1981.61.61.7 (depth 3, 30 lits): UNSAT in 0.05s
    cube 1981.61.61.8 (depth 3, 30 lits): UNSAT in 0.02s
    cube 1981.61.61.9 (depth 3, 30 lits): UNSAT in 0.01s
    cube 1981.61.61.10 (depth 3, 30 lits): UNSAT in 0.03s
    cube 1981.61.61.11 (depth 3, 30 lits): UNSAT in 0.14s
    cube 1981.61.61.12 (depth 3, 30 lits): UNSAT in 0.02s
    cube 1981.61.61.13 (depth 3, 30 lits): UNSAT in 0.05s
    cube 1981.61.61.14 (depth 3, 30 lits): UNSAT in 0.03s
    cube 1981.61.61.15 (depth 3, 30 lits): UNSAT in 0.11s
    cube 1981.61.61.16 (depth 3, 30 lits): UNSAT in 0.02s
    cube 1981.61.61.17 (depth 3, 30 lits): UNSAT in 0.03s
    cube 1981.61.61.18 (depth 3, 30 lits): UNSAT in 0.02s
    cube 1981.61.61.19 (depth 3, 30 lits): UNSAT in 0.04s
    cube 1981.61.61.20 (depth 3, 30 lits): UNSAT in 0.03s
    cube 1981.61.61.21 (depth 3, 30 lits): UNSAT in 0.04s
    cube 1981.61.61.22 (depth 3, 30 lits): UNSAT in 0.04s
    cube 1981.61.61.23 (depth 3, 30 lits): UNSAT in 0.05s
    cube 1981.61.61.24 (depth 3, 30 lits): UNSAT in 0.04s
    cube 1981.61.61.25 (depth 3, 30 lits): UNSAT in 0.04s
    cube 1981.61.61.26 (depth 3, 30 lits): UNSAT in 0.11s
    cube 1981.61.61.27 (depth 3, 30 lits): UNSAT in 0.31s
    cube 1981.61.61.28 (depth 3, 30 lits): UNSAT in 0.03s
    cube 1981.61.61.29 (depth 3, 30 lits): UNSAT in 0.10s
    cube 1981.61.61.30 (depth 3, 30 lits): UNSAT in 0.32s
    cube 1981.61.61.31 (depth 3, 30 lits): UNSAT in 0.50s
    cube 1981.61.61.32 (depth 3, 30 lits): UNSAT in 0.02s
    cube 1981.61.61.33 (depth 3, 30 lits): UNSAT in 0.03s
    cube 1981.61.61.34 (depth 3, 30 lits): UNSAT in 0.03s
    cube 1981.61.61.35 (depth 3, 30 lits): UNSAT in 0.05s
    cube 1981.61.61.36 (depth 3, 30 lits): UNSAT in 0.02s
    cube 1981.61.61.37 (depth 3, 30 lits): UNSAT in 0.02s
    cube 1981.61.61.38 (depth 3, 30 lits): UNSAT in 0.06s
    cube 1981.61.61.39 (depth 3, 30 lits): UNSAT in 0.05s
    cube 1981.61.61.40 (depth 3, 30 lits): UNSAT in 0.04s
    cube 1981.61.61.41 (depth 3, 30 lits): UNSAT in 0.18s
    cube 1981.61.61.42 (depth 3, 30 lits): UNSAT in 0.06s
    cube 1981.61.61.43 (depth 3, 30 lits): UNSAT in 0.25s
    cube 1981.61.61.44 (depth 3, 30 lits): UNSAT in 0.04s
    cube 1981.61.61.45 (depth 3, 30 lits): UNSAT in 0.44s
    cube 1981.61.61.46 (depth 3, 30 lits): UNSAT in 0.21s
    cube 1981.61.61.47 (depth 3, 30 lits): UNSAT in 0.59s
    cube 1981.61.61.48 (depth 3, 30 lits): UNSAT in 0.03s
    cube 1981.61.61.49 (depth 3, 30 lits): UNSAT in 0.14s
    cube 1981.61.61.50 (depth 3, 30 lits): UNSAT in 0.15s
    cube 1981.61.61.51 (depth 3, 30 lits): UNSAT in 0.51s
    cube 1981.61.61.52 (depth 3, 30 lits): UNSAT in 0.15s
    cube 1981.61.61.53 (depth 3, 30 lits): UNSAT in 0.26s
    cube 1981.61.61.54 (depth 3, 30 lits): UNSAT in 0.59s
    cube 1981.61.61.55 (depth 3, 30 lits): UNSAT in 1.46s
    cube 1981.61.61.56 (depth 3, 30 lits): UNSAT in 0.06s
    cube 1981.61.61.57 (depth 3, 30 lits): UNSAT in 0.29s
    cube 1981.61.61.58 (depth 3, 30 lits): UNSAT in 0.20s
    cube 1981.61.61.59 (depth 3, 30 lits): UNSAT in 0.74s
    cube 1981.61.61.60 (depth 3, 30 lits): UNSAT in 0.96s
    cube 1981.61.61.61 (depth 3, 30 lits): UNSAT in 5.64s
    cube 1981.61.61.62 (depth 3, 30 lits): UNSAT in 4.62s
    cube 1981.61.61.63 (depth 3, 30 lits): UNSAT in 11.19s
    cube 1981.61.62 (depth 2, 24 lits): UNSAT in 56.01s
    cube 1981.61.63 (depth 2, 24 lits): TIMEOUT in 60.06s
    cube 1981.61.63 TIMEOUT -> re-split into 64 sub-cubes (depth 3)
    cube 1981.61.63.0 (depth 3, 30 lits): UNSAT in 0.01s
    cube 1981.61.63.1 (depth 3, 30 lits): UNSAT in 0.04s
    cube 1981.61.63.2 (depth 3, 30 lits): UNSAT in 0.04s
    cube 1981.61.63.3 (depth 3, 30 lits): UNSAT in 0.04s
    cube 1981.61.63.4 (depth 3, 30 lits): UNSAT in 0.05s
    cube 1981.61.63.5 (depth 3, 30 lits): UNSAT in 0.12s
    cube 1981.61.63.6 (depth 3, 30 lits): UNSAT in 0.14s
    cube 1981.61.63.7 (depth 3, 30 lits): UNSAT in 1.31s
    cube 1981.61.63.8 (depth 3, 30 lits): UNSAT in 0.05s
    cube 1981.61.63.9 (depth 3, 30 lits): UNSAT in 0.12s
    cube 1981.61.63.10 (depth 3, 30 lits): UNSAT in 0.05s
    cube 1981.61.63.11 (depth 3, 30 lits): UNSAT in 0.81s
    cube 1981.61.63.12 (depth 3, 30 lits): UNSAT in 0.19s
    cube 1981.61.63.13 (depth 3, 30 lits): UNSAT in 0.97s
    cube 1981.61.63.14 (depth 3, 30 lits): UNSAT in 0.47s
    cube 1981.61.63.15 (depth 3, 30 lits): UNSAT in 3.37s
    cube 1981.61.63.16 (depth 3, 30 lits): UNSAT in 0.06s
    cube 1981.61.63.17 (depth 3, 30 lits): UNSAT in 0.17s
    cube 1981.61.63.18 (depth 3, 30 lits): UNSAT in 0.24s
    cube 1981.61.63.19 (depth 3, 30 lits): UNSAT in 0.92s
    cube 1981.61.63.20 (depth 3, 30 lits): UNSAT in 0.06s
    cube 1981.61.63.21 (depth 3, 30 lits): UNSAT in 0.47s
    cube 1981.61.63.22 (depth 3, 30 lits): UNSAT in 0.33s
    cube 1981.61.63.23 (depth 3, 30 lits): UNSAT in 1.23s
    cube 1981.61.63.24 (depth 3, 30 lits): UNSAT in 0.17s
    cube 1981.61.63.25 (depth 3, 30 lits): UNSAT in 0.22s
    cube 1981.61.63.26 (depth 3, 30 lits): UNSAT in 0.68s
    cube 1981.61.63.27 (depth 3, 30 lits): UNSAT in 1.27s
    cube 1981.61.63.28 (depth 3, 30 lits): UNSAT in 1.63s
    cube 1981.61.63.29 (depth 3, 30 lits): UNSAT in 2.00s
    cube 1981.61.63.30 (depth 3, 30 lits): UNSAT in 7.98s
    cube 1981.61.63.31 (depth 3, 30 lits): UNSAT in 34.56s
    cube 1981.61.63.32 (depth 3, 30 lits): UNSAT in 0.04s
    cube 1981.61.63.33 (depth 3, 30 lits): UNSAT in 0.32s
    cube 1981.61.63.34 (depth 3, 30 lits): UNSAT in 0.40s
    cube 1981.61.63.35 (depth 3, 30 lits): UNSAT in 2.23s
    cube 1981.61.63.36 (depth 3, 30 lits): UNSAT in 0.19s
    cube 1981.61.63.37 (depth 3, 30 lits): UNSAT in 1.56s
    cube 1981.61.63.38 (depth 3, 30 lits): UNSAT in 2.31s
    cube 1981.61.63.39 (depth 3, 30 lits): UNSAT in 5.66s
    cube 1981.61.63.40 (depth 3, 30 lits): UNSAT in 0.15s
    cube 1981.61.63.41 (depth 3, 30 lits): UNSAT in 0.45s
    cube 1981.61.63.42 (depth 3, 30 lits): UNSAT in 0.55s
    cube 1981.61.63.43 (depth 3, 30 lits): UNSAT in 3.37s
    cube 1981.61.63.44 (depth 3, 30 lits): UNSAT in 1.45s
    cube 1981.61.63.45 (depth 3, 30 lits): UNSAT in 3.49s
    cube 1981.61.63.46 (depth 3, 30 lits): UNSAT in 6.71s
    cube 1981.61.63.47 (depth 3, 30 lits): TIMEOUT in 60.06s
    cube 1981.61.63.48 (depth 3, 30 lits): UNSAT in 0.06s
    cube 1981.61.63.49 (depth 3, 30 lits): UNSAT in 0.34s
    cube 1981.61.63.50 (depth 3, 30 lits): UNSAT in 0.14s
    cube 1981.61.63.51 (depth 3, 30 lits): UNSAT in 0.63s
    cube 1981.61.63.52 (depth 3, 30 lits): UNSAT in 0.33s
    cube 1981.61.63.53 (depth 3, 30 lits): UNSAT in 2.04s
    cube 1981.61.63.54 (depth 3, 30 lits): UNSAT in 1.34s
    cube 1981.61.63.55 (depth 3, 30 lits): UNSAT in 4.52s
    cube 1981.61.63.56 (depth 3, 30 lits): UNSAT in 0.07s
    cube 1981.61.63.57 (depth 3, 30 lits): UNSAT in 0.16s
    cube 1981.61.63.58 (depth 3, 30 lits): UNSAT in 0.62s
    cube 1981.61.63.59 (depth 3, 30 lits): UNSAT in 3.50s
    cube 1981.61.63.60 (depth 3, 30 lits): UNSAT in 0.25s
    cube 1981.61.63.61 (depth 3, 30 lits): UNSAT in 4.20s
    cube 1981.61.63.62 (depth 3, 30 lits): UNSAT in 3.94s
    cube 1981.61.63.63 (depth 3, 30 lits): TIMEOUT in 60.06s
    cube 1981.62 (depth 1, 18 lits): TIMEOUT in 60.06s
    cube 1981.62 TIMEOUT -> re-split into 64 sub-cubes (depth 2)
    cube 1981.62.0 (depth 2, 24 lits): UNSAT in 0.02s
    cube 1981.62.1 (depth 2, 24 lits): UNSAT in 0.05s
    cube 1981.62.2 (depth 2, 24 lits): UNSAT in 0.02s
    cube 1981.62.3 (depth 2, 24 lits): UNSAT in 0.16s
    cube 1981.62.4 (depth 2, 24 lits): UNSAT in 0.02s
    cube 1981.62.5 (depth 2, 24 lits): UNSAT in 0.07s
    cube 1981.62.6 (depth 2, 24 lits): UNSAT in 0.06s
    cube 1981.62.7 (depth 2, 24 lits): UNSAT in 0.26s
    cube 1981.62.8 (depth 2, 24 lits): UNSAT in 0.03s
    cube 1981.62.9 (depth 2, 24 lits): UNSAT in 0.07s
    cube 1981.62.10 (depth 2, 24 lits): UNSAT in 0.28s
    cube 1981.62.11 (depth 2, 24 lits): UNSAT in 0.63s
    cube 1981.62.12 (depth 2, 24 lits): UNSAT in 0.35s
    cube 1981.62.13 (depth 2, 24 lits): UNSAT in 1.68s
    cube 1981.62.14 (depth 2, 24 lits): UNSAT in 0.75s
    cube 1981.62.15 (depth 2, 24 lits): UNSAT in 2.64s
    cube 1981.62.16 (depth 2, 24 lits): UNSAT in 0.11s
    cube 1981.62.17 (depth 2, 24 lits): UNSAT in 0.27s
    cube 1981.62.18 (depth 2, 24 lits): UNSAT in 0.58s
    cube 1981.62.19 (depth 2, 24 lits): UNSAT in 0.71s
    cube 1981.62.20 (depth 2, 24 lits): UNSAT in 0.07s
    cube 1981.62.21 (depth 2, 24 lits): UNSAT in 0.12s
    cube 1981.62.22 (depth 2, 24 lits): UNSAT in 0.32s
    cube 1981.62.23 (depth 2, 24 lits): UNSAT in 1.70s
    cube 1981.62.24 (depth 2, 24 lits): UNSAT in 0.18s
    cube 1981.62.25 (depth 2, 24 lits): UNSAT in 1.25s
    cube 1981.62.26 (depth 2, 24 lits): UNSAT in 0.21s
    cube 1981.62.27 (depth 2, 24 lits): UNSAT in 0.82s
    cube 1981.62.28 (depth 2, 24 lits): UNSAT in 0.68s
    cube 1981.62.29 (depth 2, 24 lits): UNSAT in 2.26s
    cube 1981.62.30 (depth 2, 24 lits): UNSAT in 3.96s
    cube 1981.62.31 (depth 2, 24 lits): UNSAT in 33.21s
    cube 1981.62.32 (depth 2, 24 lits): UNSAT in 0.08s
    cube 1981.62.33 (depth 2, 24 lits): UNSAT in 0.34s
    cube 1981.62.34 (depth 2, 24 lits): UNSAT in 0.05s
    cube 1981.62.35 (depth 2, 24 lits): UNSAT in 0.34s
    cube 1981.62.36 (depth 2, 24 lits): UNSAT in 0.02s
    cube 1981.62.37 (depth 2, 24 lits): UNSAT in 0.16s
    cube 1981.62.38 (depth 2, 24 lits): UNSAT in 0.31s
    cube 1981.62.39 (depth 2, 24 lits): UNSAT in 1.53s
    cube 1981.62.40 (depth 2, 24 lits): UNSAT in 0.09s
    cube 1981.62.41 (depth 2, 24 lits): UNSAT in 0.04s
    cube 1981.62.42 (depth 2, 24 lits): UNSAT in 0.32s
    cube 1981.62.43 (depth 2, 24 lits): UNSAT in 1.87s
    cube 1981.62.44 (depth 2, 24 lits): UNSAT in 0.17s
    cube 1981.62.45 (depth 2, 24 lits): UNSAT in 0.35s
    cube 1981.62.46 (depth 2, 24 lits): UNSAT in 4.26s
    cube 1981.62.47 (depth 2, 24 lits): UNSAT in 16.96s
    cube 1981.62.48 (depth 2, 24 lits): UNSAT in 0.09s
    cube 1981.62.49 (depth 2, 24 lits): UNSAT in 0.75s
    cube 1981.62.50 (depth 2, 24 lits): UNSAT in 0.72s
    cube 1981.62.51 (depth 2, 24 lits): UNSAT in 3.81s
    cube 1981.62.52 (depth 2, 24 lits): UNSAT in 0.32s
    cube 1981.62.53 (depth 2, 24 lits): UNSAT in 4.47s
    cube 1981.62.54 (depth 2, 24 lits): UNSAT in 3.96s
    cube 1981.62.55 (depth 2, 24 lits): UNSAT in 15.44s
    cube 1981.62.56 (depth 2, 24 lits): UNSAT in 0.85s
    cube 1981.62.57 (depth 2, 24 lits): UNSAT in 4.69s
    cube 1981.62.58 (depth 2, 24 lits): UNSAT in 1.42s
    cube 1981.62.59 (depth 2, 24 lits): UNSAT in 18.68s
    cube 1981.62.60 (depth 2, 24 lits): UNSAT in 2.37s
    cube 1981.62.61 (depth 2, 24 lits): TIMEOUT in 60.06s
    cube 1981.62.61 TIMEOUT -> re-split into 63 sub-cubes (depth 3)
    cube 1981.62.61.0 (depth 3, 30 lits): UNSAT in 0.02s
    cube 1981.62.61.1 (depth 3, 30 lits): UNSAT in 0.02s
    cube 1981.62.61.2 (depth 3, 30 lits): UNSAT in 0.03s
    cube 1981.62.61.3 (depth 3, 30 lits): UNSAT in 0.03s
    cube 1981.62.61.4 (depth 3, 30 lits): UNSAT in 0.02s
    cube 1981.62.61.5 (depth 3, 30 lits): UNSAT in 0.01s
    cube 1981.62.61.6 (depth 3, 30 lits): UNSAT in 0.04s
    cube 1981.62.61.7 (depth 3, 30 lits): UNSAT in 0.09s
    cube 1981.62.61.8 (depth 3, 29 lits): UNSAT in 0.02s
    cube 1981.62.61.9 (depth 3, 30 lits): UNSAT in 0.02s
    cube 1981.62.61.10 (depth 3, 30 lits): UNSAT in 0.11s
    cube 1981.62.61.11 (depth 3, 30 lits): UNSAT in 0.03s
    cube 1981.62.61.12 (depth 3, 30 lits): UNSAT in 0.02s
    cube 1981.62.61.13 (depth 3, 30 lits): UNSAT in 0.02s
    cube 1981.62.61.14 (depth 3, 30 lits): UNSAT in 0.15s
    cube 1981.62.61.15 (depth 3, 30 lits): UNSAT in 0.02s
    cube 1981.62.61.16 (depth 3, 30 lits): UNSAT in 0.03s
    cube 1981.62.61.17 (depth 3, 30 lits): UNSAT in 0.03s
    cube 1981.62.61.18 (depth 3, 30 lits): UNSAT in 0.02s
    cube 1981.62.61.19 (depth 3, 30 lits): UNSAT in 0.06s
    cube 1981.62.61.20 (depth 3, 30 lits): UNSAT in 0.11s
    cube 1981.62.61.21 (depth 3, 30 lits): UNSAT in 0.22s
    cube 1981.62.61.22 (depth 3, 30 lits): UNSAT in 0.10s
    cube 1981.62.61.23 (depth 3, 30 lits): UNSAT in 0.06s
    cube 1981.62.61.24 (depth 3, 30 lits): UNSAT in 0.04s
    cube 1981.62.61.25 (depth 3, 30 lits): UNSAT in 0.04s
    cube 1981.62.61.26 (depth 3, 30 lits): UNSAT in 0.06s
    cube 1981.62.61.27 (depth 3, 30 lits): UNSAT in 0.14s
    cube 1981.62.61.28 (depth 3, 30 lits): UNSAT in 0.31s
    cube 1981.62.61.29 (depth 3, 30 lits): UNSAT in 0.43s
    cube 1981.62.61.30 (depth 3, 30 lits): UNSAT in 0.65s
    cube 1981.62.61.31 (depth 3, 30 lits): UNSAT in 0.02s
    cube 1981.62.61.32 (depth 3, 30 lits): UNSAT in 0.02s
    cube 1981.62.61.33 (depth 3, 30 lits): UNSAT in 0.03s
    cube 1981.62.61.34 (depth 3, 30 lits): UNSAT in 0.04s
    cube 1981.62.61.35 (depth 3, 30 lits): UNSAT in 0.06s
    cube 1981.62.61.36 (depth 3, 30 lits): UNSAT in 0.05s
    cube 1981.62.61.37 (depth 3, 30 lits): UNSAT in 0.02s
    cube 1981.62.61.38 (depth 3, 30 lits): UNSAT in 0.24s
    cube 1981.62.61.39 (depth 3, 30 lits): UNSAT in 0.03s
    cube 1981.62.61.40 (depth 3, 30 lits): UNSAT in 0.08s
    cube 1981.62.61.41 (depth 3, 30 lits): UNSAT in 0.05s
    cube 1981.62.61.42 (depth 3, 30 lits): UNSAT in 0.32s
    cube 1981.62.61.43 (depth 3, 30 lits): UNSAT in 0.22s
    cube 1981.62.61.44 (depth 3, 30 lits): UNSAT in 0.34s
    cube 1981.62.61.45 (depth 3, 30 lits): UNSAT in 0.04s
    cube 1981.62.61.46 (depth 3, 30 lits): UNSAT in 0.25s
    cube 1981.62.61.47 (depth 3, 30 lits): UNSAT in 0.02s
    cube 1981.62.61.48 (depth 3, 30 lits): UNSAT in 0.09s
    cube 1981.62.61.49 (depth 3, 30 lits): UNSAT in 0.10s
    cube 1981.62.61.50 (depth 3, 30 lits): UNSAT in 0.07s
    cube 1981.62.61.51 (depth 3, 30 lits): UNSAT in 0.07s
    cube 1981.62.61.52 (depth 3, 30 lits): UNSAT in 0.55s
    cube 1981.62.61.53 (depth 3, 30 lits): UNSAT in 0.20s
    cube 1981.62.61.54 (depth 3, 30 lits): UNSAT in 0.70s
    cube 1981.62.61.55 (depth 3, 30 lits): UNSAT in 0.37s
    cube 1981.62.61.56 (depth 3, 30 lits): UNSAT in 0.44s
    cube 1981.62.61.57 (depth 3, 30 lits): UNSAT in 1.57s
    cube 1981.62.61.58 (depth 3, 30 lits): UNSAT in 1.71s
    cube 1981.62.61.59 (depth 3, 30 lits): UNSAT in 0.93s
    cube 1981.62.61.60 (depth 3, 30 lits): UNSAT in 12.37s
    cube 1981.62.61.61 (depth 3, 30 lits): UNSAT in 3.71s
    cube 1981.62.61.62 (depth 3, 30 lits): UNSAT in 32.17s
    cube 1981.62.62 (depth 2, 24 lits): TIMEOUT in 60.06s
    cube 1981.62.62 TIMEOUT -> re-split into 64 sub-cubes (depth 3)
    cube 1981.62.62.0 (depth 3, 30 lits): UNSAT in 0.02s
    cube 1981.62.62.1 (depth 3, 30 lits): UNSAT in 0.06s
    cube 1981.62.62.2 (depth 3, 30 lits): UNSAT in 0.06s
    cube 1981.62.62.3 (depth 3, 30 lits): UNSAT in 0.15s
    cube 1981.62.62.4 (depth 3, 30 lits): UNSAT in 0.03s
    cube 1981.62.62.5 (depth 3, 30 lits): UNSAT in 0.10s
    cube 1981.62.62.6 (depth 3, 30 lits): UNSAT in 0.11s
    cube 1981.62.62.7 (depth 3, 30 lits): UNSAT in 0.19s
    cube 1981.62.62.8 (depth 3, 30 lits): UNSAT in 0.02s
    cube 1981.62.62.9 (depth 3, 30 lits): UNSAT in 0.02s
    cube 1981.62.62.10 (depth 3, 30 lits): UNSAT in 0.03s
    cube 1981.62.62.11 (depth 3, 30 lits): UNSAT in 0.04s
    cube 1981.62.62.12 (depth 3, 30 lits): UNSAT in 0.06s
    cube 1981.62.62.13 (depth 3, 30 lits): UNSAT in 0.15s
    cube 1981.62.62.14 (depth 3, 30 lits): UNSAT in 0.17s
    cube 1981.62.62.15 (depth 3, 30 lits): UNSAT in 0.59s
    cube 1981.62.62.16 (depth 3, 30 lits): UNSAT in 0.02s
    cube 1981.62.62.17 (depth 3, 30 lits): UNSAT in 0.04s
    cube 1981.62.62.18 (depth 3, 30 lits): UNSAT in 0.01s
    cube 1981.62.62.19 (depth 3, 30 lits): UNSAT in 0.06s
    cube 1981.62.62.20 (depth 3, 30 lits): UNSAT in 0.05s
    cube 1981.62.62.21 (depth 3, 30 lits): UNSAT in 0.13s
    cube 1981.62.62.22 (depth 3, 30 lits): UNSAT in 0.10s
    cube 1981.62.62.23 (depth 3, 30 lits): UNSAT in 0.77s
    cube 1981.62.62.24 (depth 3, 30 lits): UNSAT in 0.02s
    cube 1981.62.62.25 (depth 3, 30 lits): UNSAT in 0.21s
    cube 1981.62.62.26 (depth 3, 30 lits): UNSAT in 0.16s
    cube 1981.62.62.27 (depth 3, 30 lits): UNSAT in 0.70s
    cube 1981.62.62.28 (depth 3, 30 lits): UNSAT in 0.08s
    cube 1981.62.62.29 (depth 3, 30 lits): UNSAT in 0.24s
    cube 1981.62.62.30 (depth 3, 30 lits): UNSAT in 0.78s
    cube 1981.62.62.31 (depth 3, 30 lits): UNSAT in 5.40s
    cube 1981.62.62.32 (depth 3, 30 lits): UNSAT in 0.07s
    cube 1981.62.62.33 (depth 3, 30 lits): UNSAT in 0.08s
    cube 1981.62.62.34 (depth 3, 30 lits): UNSAT in 0.02s
    cube 1981.62.62.35 (depth 3, 30 lits): UNSAT in 0.09s
    cube 1981.62.62.36 (depth 3, 30 lits): UNSAT in 0.03s
    cube 1981.62.62.37 (depth 3, 30 lits): UNSAT in 0.05s
    cube 1981.62.62.38 (depth 3, 30 lits): UNSAT in 0.03s
    cube 1981.62.62.39 (depth 3, 30 lits): UNSAT in 0.12s
    cube 1981.62.62.40 (depth 3, 30 lits): UNSAT in 0.09s
    cube 1981.62.62.41 (depth 3, 30 lits): UNSAT in 0.07s
    cube 1981.62.62.42 (depth 3, 30 lits): UNSAT in 0.07s
    cube 1981.62.62.43 (depth 3, 30 lits): UNSAT in 0.34s
    cube 1981.62.62.44 (depth 3, 30 lits): UNSAT in 0.02s
    cube 1981.62.62.45 (depth 3, 30 lits): UNSAT in 0.16s
    cube 1981.62.62.46 (depth 3, 30 lits): UNSAT in 0.12s
    cube 1981.62.62.47 (depth 3, 30 lits): UNSAT in 0.86s
    cube 1981.62.62.48 (depth 3, 30 lits): UNSAT in 0.02s
    cube 1981.62.62.49 (depth 3, 30 lits): UNSAT in 0.11s
    cube 1981.62.62.50 (depth 3, 30 lits): UNSAT in 0.04s
    cube 1981.62.62.51 (depth 3, 30 lits): UNSAT in 0.32s
    cube 1981.62.62.52 (depth 3, 30 lits): UNSAT in 0.06s
    cube 1981.62.62.53 (depth 3, 30 lits): UNSAT in 0.53s
    cube 1981.62.62.54 (depth 3, 30 lits): UNSAT in 0.30s
    cube 1981.62.62.55 (depth 3, 30 lits): UNSAT in 2.16s
    cube 1981.62.62.56 (depth 3, 30 lits): UNSAT in 0.05s
    cube 1981.62.62.57 (depth 3, 30 lits): UNSAT in 0.06s
    cube 1981.62.62.58 (depth 3, 30 lits): UNSAT in 0.09s
    cube 1981.62.62.59 (depth 3, 30 lits): UNSAT in 0.64s
    cube 1981.62.62.60 (depth 3, 30 lits): UNSAT in 0.61s
    cube 1981.62.62.61 (depth 3, 30 lits): UNSAT in 3.25s
    cube 1981.62.62.62 (depth 3, 30 lits): UNSAT in 8.02s
    cube 1981.62.62.63 (depth 3, 30 lits): UNSAT in 31.96s
    cube 1981.62.63 (depth 2, 24 lits): TIMEOUT in 60.06s
    cube 1981.62.63 TIMEOUT -> re-split into 64 sub-cubes (depth 3)
    cube 1981.62.63.0 (depth 3, 30 lits): UNSAT in 0.05s
    cube 1981.62.63.1 (depth 3, 30 lits): UNSAT in 0.13s
    cube 1981.62.63.2 (depth 3, 30 lits): UNSAT in 0.05s
    cube 1981.62.63.3 (depth 3, 30 lits): UNSAT in 0.26s
    cube 1981.62.63.4 (depth 3, 30 lits): UNSAT in 0.03s
    cube 1981.62.63.5 (depth 3, 30 lits): UNSAT in 0.11s
    cube 1981.62.63.6 (depth 3, 30 lits): UNSAT in 0.25s
    cube 1981.62.63.7 (depth 3, 30 lits): UNSAT in 0.51s
    cube 1981.62.63.8 (depth 3, 30 lits): UNSAT in 0.06s
    cube 1981.62.63.9 (depth 3, 30 lits): UNSAT in 0.21s
    cube 1981.62.63.10 (depth 3, 30 lits): UNSAT in 0.09s
    cube 1981.62.63.11 (depth 3, 30 lits): UNSAT in 0.70s
    cube 1981.62.63.12 (depth 3, 30 lits): UNSAT in 0.07s
    cube 1981.62.63.13 (depth 3, 30 lits): UNSAT in 0.25s
    cube 1981.62.63.14 (depth 3, 30 lits): UNSAT in 0.81s
    cube 1981.62.63.15 (depth 3, 30 lits): UNSAT in 6.25s
    cube 1981.62.63.16 (depth 3, 30 lits): UNSAT in 0.03s
    cube 1981.62.63.17 (depth 3, 30 lits): UNSAT in 0.13s
    cube 1981.62.63.18 (depth 3, 30 lits): UNSAT in 0.41s
    cube 1981.62.63.19 (depth 3, 30 lits): UNSAT in 0.35s
    cube 1981.62.63.20 (depth 3, 30 lits): UNSAT in 0.03s
    cube 1981.62.63.21 (depth 3, 30 lits): UNSAT in 0.15s
    cube 1981.62.63.22 (depth 3, 30 lits): UNSAT in 0.31s
    cube 1981.62.63.23 (depth 3, 30 lits): UNSAT in 1.89s
    cube 1981.62.63.24 (depth 3, 30 lits): UNSAT in 0.05s
    cube 1981.62.63.25 (depth 3, 30 lits): UNSAT in 0.60s
    cube 1981.62.63.26 (depth 3, 30 lits): UNSAT in 1.04s
    cube 1981.62.63.27 (depth 3, 30 lits): UNSAT in 3.05s
    cube 1981.62.63.28 (depth 3, 30 lits): UNSAT in 0.09s
    cube 1981.62.63.29 (depth 3, 30 lits): UNSAT in 0.71s
    cube 1981.62.63.30 (depth 3, 30 lits): UNSAT in 5.95s
    cube 1981.62.63.31 (depth 3, 30 lits): TIMEOUT in 60.06s
    cube 1981.62.63.32 (depth 3, 30 lits): UNSAT in 0.04s
    cube 1981.62.63.33 (depth 3, 30 lits): UNSAT in 0.10s
    cube 1981.62.63.34 (depth 3, 30 lits): UNSAT in 0.66s
    cube 1981.62.63.35 (depth 3, 30 lits): UNSAT in 1.69s
    cube 1981.62.63.36 (depth 3, 30 lits): UNSAT in 0.33s
    cube 1981.62.63.37 (depth 3, 30 lits): UNSAT in 1.29s
    cube 1981.62.63.38 (depth 3, 30 lits): UNSAT in 2.05s
    cube 1981.62.63.39 (depth 3, 30 lits): UNSAT in 8.98s
    cube 1981.62.63.40 (depth 3, 30 lits): UNSAT in 0.17s
    cube 1981.62.63.41 (depth 3, 30 lits): UNSAT in 0.71s
    cube 1981.62.63.42 (depth 3, 30 lits): UNSAT in 0.20s
    cube 1981.62.63.43 (depth 3, 30 lits): UNSAT in 3.98s
    cube 1981.62.63.44 (depth 3, 30 lits): UNSAT in 0.47s
    cube 1981.62.63.45 (depth 3, 30 lits): UNSAT in 1.08s
    cube 1981.62.63.46 (depth 3, 30 lits): UNSAT in 7.77s
    cube 1981.62.63.47 (depth 3, 30 lits): TIMEOUT in 60.06s
    cube 1981.62.63.48 (depth 3, 30 lits): UNSAT in 0.05s
    cube 1981.62.63.49 (depth 3, 30 lits): UNSAT in 0.18s
    cube 1981.62.63.50 (depth 3, 30 lits): UNSAT in 0.40s
    cube 1981.62.63.51 (depth 3, 30 lits): UNSAT in 2.71s
    cube 1981.62.63.52 (depth 3, 30 lits): UNSAT in 0.18s
    cube 1981.62.63.53 (depth 3, 30 lits): UNSAT in 2.89s
    cube 1981.62.63.54 (depth 3, 30 lits): UNSAT in 1.47s
    cube 1981.62.63.55 (depth 3, 30 lits): UNSAT in 10.34s
    cube 1981.62.63.56 (depth 3, 30 lits): UNSAT in 0.20s
    cube 1981.62.63.57 (depth 3, 30 lits): UNSAT in 0.83s
    cube 1981.62.63.58 (depth 3, 30 lits): UNSAT in 0.21s
    cube 1981.62.63.59 (depth 3, 30 lits): UNSAT in 3.27s
    cube 1981.62.63.60 (depth 3, 30 lits): UNSAT in 0.29s
    cube 1981.62.63.61 (depth 3, 30 lits): UNSAT in 1.36s
    cube 1981.62.63.62 (depth 3, 30 lits): UNSAT in 5.84s
    cube 1981.62.63.63 (depth 3, 30 lits): TIMEOUT in 60.06s
    cube 1981.63 (depth 1, 18 lits): TIMEOUT in 60.04s
    cube 1981.63 TIMEOUT -> re-split into 64 sub-cubes (depth 2)
    cube 1981.63.0 (depth 2, 24 lits): UNSAT in 0.06s
    cube 1981.63.1 (depth 2, 24 lits): UNSAT in 0.27s
    cube 1981.63.2 (depth 2, 24 lits): UNSAT in 0.06s
    cube 1981.63.3 (depth 2, 24 lits): UNSAT in 0.51s
    cube 1981.63.4 (depth 2, 24 lits): UNSAT in 0.07s
    cube 1981.63.5 (depth 2, 24 lits): UNSAT in 0.50s
    cube 1981.63.6 (depth 2, 24 lits): UNSAT in 0.73s
    cube 1981.63.7 (depth 2, 24 lits): UNSAT in 1.92s
    cube 1981.63.8 (depth 2, 24 lits): UNSAT in 1.06s
    cube 1981.63.9 (depth 2, 24 lits): UNSAT in 0.41s
    cube 1981.63.10 (depth 2, 24 lits): UNSAT in 0.49s
    cube 1981.63.11 (depth 2, 24 lits): UNSAT in 5.27s
    cube 1981.63.12 (depth 2, 24 lits): UNSAT in 0.54s
    cube 1981.63.13 (depth 2, 24 lits): UNSAT in 4.53s
    cube 1981.63.14 (depth 2, 24 lits): UNSAT in 3.59s
    cube 1981.63.15 (depth 2, 24 lits): UNSAT in 33.27s
    cube 1981.63.16 (depth 2, 24 lits): UNSAT in 0.12s
    cube 1981.63.17 (depth 2, 24 lits): UNSAT in 0.19s
    cube 1981.63.18 (depth 2, 24 lits): UNSAT in 0.65s
    cube 1981.63.19 (depth 2, 24 lits): UNSAT in 5.93s
    cube 1981.63.20 (depth 2, 24 lits): UNSAT in 0.77s
    cube 1981.63.21 (depth 2, 24 lits): UNSAT in 4.26s
    cube 1981.63.22 (depth 2, 24 lits): UNSAT in 4.95s
    cube 1981.63.23 (depth 2, 24 lits): TIMEOUT in 60.04s
    cube 1981.63.23 TIMEOUT -> re-split into 63 sub-cubes (depth 3)
    cube 1981.63.23.0 (depth 3, 30 lits): UNSAT in 0.02s
    cube 1981.63.23.1 (depth 3, 30 lits): UNSAT in 0.02s
    cube 1981.63.23.2 (depth 3, 30 lits): UNSAT in 0.02s
    cube 1981.63.23.3 (depth 3, 30 lits): UNSAT in 0.03s
    cube 1981.63.23.4 (depth 3, 30 lits): UNSAT in 0.02s
    cube 1981.63.23.5 (depth 3, 30 lits): UNSAT in 0.02s
    cube 1981.63.23.6 (depth 3, 30 lits): UNSAT in 0.02s
    cube 1981.63.23.7 (depth 3, 30 lits): UNSAT in 0.07s
    cube 1981.63.23.8 (depth 3, 29 lits): UNSAT in 0.02s
    cube 1981.63.23.9 (depth 3, 30 lits): UNSAT in 0.02s
    cube 1981.63.23.10 (depth 3, 30 lits): UNSAT in 0.06s
    cube 1981.63.23.11 (depth 3, 30 lits): UNSAT in 0.04s
    cube 1981.63.23.12 (depth 3, 30 lits): UNSAT in 0.04s
    cube 1981.63.23.13 (depth 3, 30 lits): UNSAT in 0.09s
    cube 1981.63.23.14 (depth 3, 30 lits): UNSAT in 0.12s
    cube 1981.63.23.15 (depth 3, 30 lits): UNSAT in 0.02s
    cube 1981.63.23.16 (depth 3, 30 lits): UNSAT in 0.02s
    cube 1981.63.23.17 (depth 3, 30 lits): UNSAT in 0.03s
    cube 1981.63.23.18 (depth 3, 30 lits): UNSAT in 0.05s
    cube 1981.63.23.19 (depth 3, 30 lits): UNSAT in 0.02s
    cube 1981.63.23.20 (depth 3, 30 lits): UNSAT in 0.01s
    cube 1981.63.23.21 (depth 3, 30 lits): UNSAT in 0.08s
    cube 1981.63.23.22 (depth 3, 30 lits): UNSAT in 0.24s
    cube 1981.63.23.23 (depth 3, 30 lits): UNSAT in 0.03s
    cube 1981.63.23.24 (depth 3, 30 lits): UNSAT in 0.10s
    cube 1981.63.23.25 (depth 3, 30 lits): UNSAT in 0.12s
    cube 1981.63.23.26 (depth 3, 30 lits): UNSAT in 0.43s
    cube 1981.63.23.27 (depth 3, 30 lits): UNSAT in 0.13s
    cube 1981.63.23.28 (depth 3, 30 lits): UNSAT in 0.13s
    cube 1981.63.23.29 (depth 3, 30 lits): UNSAT in 0.17s
    cube 1981.63.23.30 (depth 3, 30 lits): UNSAT in 0.24s
    cube 1981.63.23.31 (depth 3, 30 lits): UNSAT in 0.02s
    cube 1981.63.23.32 (depth 3, 30 lits): UNSAT in 0.05s
    cube 1981.63.23.33 (depth 3, 30 lits): UNSAT in 0.06s
    cube 1981.63.23.34 (depth 3, 30 lits): UNSAT in 0.12s
    cube 1981.63.23.35 (depth 3, 30 lits): UNSAT in 0.03s
    cube 1981.63.23.36 (depth 3, 30 lits): UNSAT in 0.07s
    cube 1981.63.23.37 (depth 3, 30 lits): UNSAT in 0.06s
    cube 1981.63.23.38 (depth 3, 30 lits): UNSAT in 0.69s
    cube 1981.63.23.39 (depth 3, 30 lits): UNSAT in 0.03s
    cube 1981.63.23.40 (depth 3, 30 lits): UNSAT in 0.06s
    cube 1981.63.23.41 (depth 3, 30 lits): UNSAT in 0.12s
    cube 1981.63.23.42 (depth 3, 30 lits): UNSAT in 0.26s
    cube 1981.63.23.43 (depth 3, 30 lits): UNSAT in 0.05s
    cube 1981.63.23.44 (depth 3, 30 lits): UNSAT in 0.26s
    cube 1981.63.23.45 (depth 3, 30 lits): UNSAT in 0.66s
    cube 1981.63.23.46 (depth 3, 30 lits): UNSAT in 1.94s
    cube 1981.63.23.47 (depth 3, 30 lits): UNSAT in 0.07s
    cube 1981.63.23.48 (depth 3, 30 lits): UNSAT in 0.13s
    cube 1981.63.23.49 (depth 3, 30 lits): UNSAT in 0.16s
    cube 1981.63.23.50 (depth 3, 30 lits): UNSAT in 0.64s
    cube 1981.63.23.51 (depth 3, 30 lits): UNSAT in 0.12s
    cube 1981.63.23.52 (depth 3, 30 lits): UNSAT in 0.65s
    cube 1981.63.23.53 (depth 3, 30 lits): UNSAT in 0.46s
    cube 1981.63.23.54 (depth 3, 30 lits): UNSAT in 2.58s
    cube 1981.63.23.55 (depth 3, 30 lits): UNSAT in 0.19s
    cube 1981.63.23.56 (depth 3, 30 lits): UNSAT in 0.90s
    cube 1981.63.23.57 (depth 3, 30 lits): UNSAT in 0.85s
    cube 1981.63.23.58 (depth 3, 30 lits): UNSAT in 6.22s
    cube 1981.63.23.59 (depth 3, 30 lits): UNSAT in 1.32s
    cube 1981.63.23.60 (depth 3, 30 lits): UNSAT in 23.60s
    cube 1981.63.23.61 (depth 3, 30 lits): UNSAT in 0.82s
    cube 1981.63.23.62 (depth 3, 30 lits): UNSAT in 10.76s
    cube 1981.63.24 (depth 2, 24 lits): UNSAT in 0.32s
    cube 1981.63.25 (depth 2, 24 lits): UNSAT in 2.10s
    cube 1981.63.26 (depth 2, 24 lits): UNSAT in 1.48s
    cube 1981.63.27 (depth 2, 24 lits): UNSAT in 8.64s
    cube 1981.63.28 (depth 2, 24 lits): UNSAT in 5.78s
    cube 1981.63.29 (depth 2, 24 lits): UNSAT in 19.84s
    cube 1981.63.30 (depth 2, 24 lits): UNSAT in 24.42s
    cube 1981.63.31 (depth 2, 24 lits): TIMEOUT in 60.02s
    cube 1981.63.31 TIMEOUT -> re-split into 63 sub-cubes (depth 3)
    cube 1981.63.31.0 (depth 3, 30 lits): UNSAT in 0.02s
    cube 1981.63.31.1 (depth 3, 30 lits): UNSAT in 0.02s
    cube 1981.63.31.2 (depth 3, 29 lits): UNSAT in 0.02s
    cube 1981.63.31.3 (depth 3, 30 lits): UNSAT in 0.02s
    cube 1981.63.31.4 (depth 3, 30 lits): UNSAT in 0.03s
    cube 1981.63.31.5 (depth 3, 30 lits): UNSAT in 0.05s
    cube 1981.63.31.6 (depth 3, 30 lits): UNSAT in 0.21s
    cube 1981.63.31.7 (depth 3, 30 lits): UNSAT in 0.04s
    cube 1981.63.31.8 (depth 3, 30 lits): UNSAT in 0.03s
    cube 1981.63.31.9 (depth 3, 30 lits): UNSAT in 0.03s
    cube 1981.63.31.10 (depth 3, 30 lits): UNSAT in 0.04s
    cube 1981.63.31.11 (depth 3, 30 lits): UNSAT in 0.12s
    cube 1981.63.31.12 (depth 3, 30 lits): UNSAT in 0.12s
    cube 1981.63.31.13 (depth 3, 30 lits): UNSAT in 0.89s
    cube 1981.63.31.14 (depth 3, 30 lits): UNSAT in 1.55s
    cube 1981.63.31.15 (depth 3, 30 lits): UNSAT in 0.04s
    cube 1981.63.31.16 (depth 3, 30 lits): UNSAT in 0.04s
    cube 1981.63.31.17 (depth 3, 30 lits): UNSAT in 0.11s
    cube 1981.63.31.18 (depth 3, 30 lits): UNSAT in 0.24s
    cube 1981.63.31.19 (depth 3, 30 lits): UNSAT in 0.09s
    cube 1981.63.31.20 (depth 3, 30 lits): UNSAT in 0.21s
    cube 1981.63.31.21 (depth 3, 30 lits): UNSAT in 0.05s
    cube 1981.63.31.22 (depth 3, 30 lits): UNSAT in 1.36s
    cube 1981.63.31.23 (depth 3, 30 lits): UNSAT in 0.05s
    cube 1981.63.31.24 (depth 3, 30 lits): UNSAT in 0.18s
    cube 1981.63.31.25 (depth 3, 30 lits): UNSAT in 0.04s
    cube 1981.63.31.26 (depth 3, 30 lits): UNSAT in 0.60s
    cube 1981.63.31.27 (depth 3, 30 lits): UNSAT in 0.32s
    cube 1981.63.31.28 (depth 3, 30 lits): UNSAT in 1.22s
    cube 1981.63.31.29 (depth 3, 30 lits): UNSAT in 1.22s
    cube 1981.63.31.30 (depth 3, 30 lits): UNSAT in 5.05s
    cube 1981.63.31.31 (depth 3, 30 lits): UNSAT in 0.09s
    cube 1981.63.31.32 (depth 3, 30 lits): UNSAT in 0.20s
    cube 1981.63.31.33 (depth 3, 30 lits): UNSAT in 0.24s
    cube 1981.63.31.34 (depth 3, 30 lits): UNSAT in 0.84s
    cube 1981.63.31.35 (depth 3, 30 lits): UNSAT in 0.76s
    cube 1981.63.31.36 (depth 3, 30 lits): UNSAT in 1.03s
    cube 1981.63.31.37 (depth 3, 30 lits): UNSAT in 0.72s
    cube 1981.63.31.38 (depth 3, 30 lits): UNSAT in 4.25s
    cube 1981.63.31.39 (depth 3, 30 lits): UNSAT in 0.09s
    cube 1981.63.31.40 (depth 3, 30 lits): UNSAT in 0.10s
    cube 1981.63.31.41 (depth 3, 30 lits): UNSAT in 0.26s
    cube 1981.63.31.42 (depth 3, 30 lits): UNSAT in 0.76s
    cube 1981.63.31.43 (depth 3, 30 lits): UNSAT in 0.25s
    cube 1981.63.31.44 (depth 3, 30 lits): UNSAT in 2.18s
    cube 1981.63.31.45 (depth 3, 30 lits): UNSAT in 1.52s
    cube 1981.63.31.46 (depth 3, 30 lits): UNSAT in 36.03s
    cube 1981.63.31.47 (depth 3, 30 lits): UNSAT in 0.09s
    cube 1981.63.31.48 (depth 3, 30 lits): UNSAT in 0.80s
    cube 1981.63.31.49 (depth 3, 30 lits): UNSAT in 0.28s
    cube 1981.63.31.50 (depth 3, 30 lits): UNSAT in 2.67s
    cube 1981.63.31.51 (depth 3, 30 lits): UNSAT in 0.42s
    cube 1981.63.31.52 (depth 3, 30 lits): UNSAT in 4.72s
    cube 1981.63.31.53 (depth 3, 30 lits): UNSAT in 1.74s
    cube 1981.63.31.54 (depth 3, 30 lits): UNSAT in 27.04s
    cube 1981.63.31.55 (depth 3, 30 lits): UNSAT in 2.25s
    cube 1981.63.31.56 (depth 3, 30 lits): UNSAT in 15.43s
    cube 1981.63.31.57 (depth 3, 30 lits): UNSAT in 4.09s
    cube 1981.63.31.58 (depth 3, 30 lits): UNSAT in 43.43s
    cube 1981.63.31.59 (depth 3, 30 lits): UNSAT in 2.68s
    cube 1981.63.31.60 (depth 3, 30 lits): UNSAT in 12.06s
    cube 1981.63.31.61 (depth 3, 30 lits): UNSAT in 3.93s
    cube 1981.63.31.62 (depth 3, 30 lits): TIMEOUT in 60.06s
    cube 1981.63.32 (depth 2, 24 lits): UNSAT in 0.16s
    cube 1981.63.33 (depth 2, 24 lits): UNSAT in 1.36s
    cube 1981.63.34 (depth 2, 24 lits): UNSAT in 0.50s
    cube 1981.63.35 (depth 2, 24 lits): UNSAT in 18.18s
    cube 1981.63.36 (depth 2, 24 lits): UNSAT in 1.01s
    cube 1981.63.37 (depth 2, 24 lits): UNSAT in 4.40s
    cube 1981.63.38 (depth 2, 24 lits): UNSAT in 10.33s
    cube 1981.63.39 (depth 2, 24 lits): TIMEOUT in 60.06s
    cube 1981.63.39 TIMEOUT -> re-split into 64 sub-cubes (depth 3)
    cube 1981.63.39.0 (depth 3, 30 lits): UNSAT in 0.02s
    cube 1981.63.39.1 (depth 3, 30 lits): UNSAT in 0.03s
    cube 1981.63.39.2 (depth 3, 30 lits): UNSAT in 0.04s
    cube 1981.63.39.3 (depth 3, 30 lits): UNSAT in 0.10s
    cube 1981.63.39.4 (depth 3, 30 lits): UNSAT in 0.04s
    cube 1981.63.39.5 (depth 3, 30 lits): UNSAT in 0.07s
    cube 1981.63.39.6 (depth 3, 30 lits): UNSAT in 0.03s
    cube 1981.63.39.7 (depth 3, 30 lits): UNSAT in 0.09s
    cube 1981.63.39.8 (depth 3, 30 lits): UNSAT in 0.03s
    cube 1981.63.39.9 (depth 3, 30 lits): UNSAT in 0.04s
    cube 1981.63.39.10 (depth 3, 30 lits): UNSAT in 0.03s
    cube 1981.63.39.11 (depth 3, 30 lits): UNSAT in 0.02s
    cube 1981.63.39.12 (depth 3, 30 lits): UNSAT in 0.03s
    cube 1981.63.39.13 (depth 3, 30 lits): UNSAT in 0.06s
    cube 1981.63.39.14 (depth 3, 30 lits): UNSAT in 0.28s
    cube 1981.63.39.15 (depth 3, 30 lits): UNSAT in 0.40s
    cube 1981.63.39.16 (depth 3, 30 lits): UNSAT in 0.02s
    cube 1981.63.39.17 (depth 3, 30 lits): UNSAT in 0.02s
    cube 1981.63.39.18 (depth 3, 30 lits): UNSAT in 0.03s
    cube 1981.63.39.19 (depth 3, 30 lits): UNSAT in 0.02s
    cube 1981.63.39.20 (depth 3, 30 lits): UNSAT in 0.02s
    cube 1981.63.39.21 (depth 3, 30 lits): UNSAT in 0.04s
    cube 1981.63.39.22 (depth 3, 30 lits): UNSAT in 0.02s
    cube 1981.63.39.23 (depth 3, 30 lits): UNSAT in 0.11s
    cube 1981.63.39.24 (depth 3, 30 lits): UNSAT in 0.03s
    cube 1981.63.39.25 (depth 3, 30 lits): UNSAT in 0.03s
    cube 1981.63.39.26 (depth 3, 30 lits): UNSAT in 0.05s
    cube 1981.63.39.27 (depth 3, 30 lits): UNSAT in 0.02s
    cube 1981.63.39.28 (depth 3, 30 lits): UNSAT in 0.02s
    cube 1981.63.39.29 (depth 3, 30 lits): UNSAT in 0.03s
    cube 1981.63.39.30 (depth 3, 30 lits): UNSAT in 0.09s
    cube 1981.63.39.31 (depth 3, 30 lits): UNSAT in 0.13s
    cube 1981.63.39.32 (depth 3, 30 lits): UNSAT in 0.02s
    cube 1981.63.39.33 (depth 3, 30 lits): UNSAT in 0.03s
    cube 1981.63.39.34 (depth 3, 30 lits): UNSAT in 0.02s
    cube 1981.63.39.35 (depth 3, 30 lits): UNSAT in 0.08s
    cube 1981.63.39.36 (depth 3, 30 lits): UNSAT in 0.02s
    cube 1981.63.39.37 (depth 3, 30 lits): UNSAT in 0.05s
    cube 1981.63.39.38 (depth 3, 30 lits): UNSAT in 0.11s
    cube 1981.63.39.39 (depth 3, 30 lits): UNSAT in 0.30s
    cube 1981.63.39.40 (depth 3, 30 lits): UNSAT in 0.05s
    cube 1981.63.39.41 (depth 3, 30 lits): UNSAT in 0.20s
    cube 1981.63.39.42 (depth 3, 30 lits): UNSAT in 0.12s
    cube 1981.63.39.43 (depth 3, 30 lits): UNSAT in 0.37s
    cube 1981.63.39.44 (depth 3, 30 lits): UNSAT in 0.12s
    cube 1981.63.39.45 (depth 3, 30 lits): UNSAT in 1.43s
    cube 1981.63.39.46 (depth 3, 30 lits): UNSAT in 0.21s
    cube 1981.63.39.47 (depth 3, 30 lits): UNSAT in 1.11s
    cube 1981.63.39.48 (depth 3, 30 lits): UNSAT in 0.04s
    cube 1981.63.39.49 (depth 3, 30 lits): UNSAT in 0.22s
    cube 1981.63.39.50 (depth 3, 30 lits): UNSAT in 0.30s
    cube 1981.63.39.51 (depth 3, 30 lits): UNSAT in 0.44s
    cube 1981.63.39.52 (depth 3, 30 lits): UNSAT in 0.15s
    cube 1981.63.39.53 (depth 3, 30 lits): UNSAT in 1.62s
    cube 1981.63.39.54 (depth 3, 30 lits): UNSAT in 0.63s
    cube 1981.63.39.55 (depth 3, 30 lits): UNSAT in 1.81s
    cube 1981.63.39.56 (depth 3, 30 lits): UNSAT in 0.20s
    cube 1981.63.39.57 (depth 3, 30 lits): UNSAT in 0.27s
    cube 1981.63.39.58 (depth 3, 30 lits): UNSAT in 1.11s
    cube 1981.63.39.59 (depth 3, 30 lits): UNSAT in 1.48s
    cube 1981.63.39.60 (depth 3, 30 lits): UNSAT in 4.54s
    cube 1981.63.39.61 (depth 3, 30 lits): UNSAT in 3.90s
    cube 1981.63.39.62 (depth 3, 30 lits): UNSAT in 0.56s
    cube 1981.63.39.63 (depth 3, 30 lits): UNSAT in 9.74s
    cube 1981.63.40 (depth 2, 24 lits): UNSAT in 0.52s
    cube 1981.63.41 (depth 2, 24 lits): UNSAT in 4.80s
    cube 1981.63.42 (depth 2, 24 lits): UNSAT in 2.95s
    cube 1981.63.43 (depth 2, 24 lits): UNSAT in 27.77s
    cube 1981.63.44 (depth 2, 24 lits): UNSAT in 1.49s
    cube 1981.63.45 (depth 2, 24 lits): UNSAT in 31.89s
    cube 1981.63.46 (depth 2, 24 lits): UNSAT in 31.96s
    cube 1981.63.47 (depth 2, 24 lits): TIMEOUT in 60.05s
    cube 1981.63.47 TIMEOUT -> re-split into 63 sub-cubes (depth 3)
    cube 1981.63.47.0 (depth 3, 30 lits): UNSAT in 0.02s
    cube 1981.63.47.1 (depth 3, 30 lits): UNSAT in 0.02s
    cube 1981.63.47.2 (depth 3, 29 lits): UNSAT in 0.02s
    cube 1981.63.47.3 (depth 3, 30 lits): UNSAT in 0.02s
    cube 1981.63.47.4 (depth 3, 30 lits): UNSAT in 0.03s
    cube 1981.63.47.5 (depth 3, 30 lits): UNSAT in 0.05s
    cube 1981.63.47.6 (depth 3, 30 lits): UNSAT in 0.18s
    cube 1981.63.47.7 (depth 3, 30 lits): UNSAT in 0.10s
    cube 1981.63.47.8 (depth 3, 30 lits): UNSAT in 0.08s
    cube 1981.63.47.9 (depth 3, 30 lits): UNSAT in 0.07s
    cube 1981.63.47.10 (depth 3, 30 lits): UNSAT in 0.15s
    cube 1981.63.47.11 (depth 3, 30 lits): UNSAT in 0.06s
    cube 1981.63.47.12 (depth 3, 30 lits): UNSAT in 1.64s
    cube 1981.63.47.13 (depth 3, 30 lits): UNSAT in 0.31s
    cube 1981.63.47.14 (depth 3, 30 lits): UNSAT in 0.53s
    cube 1981.63.47.15 (depth 3, 30 lits): UNSAT in 0.02s
    cube 1981.63.47.16 (depth 3, 30 lits): UNSAT in 0.07s
    cube 1981.63.47.17 (depth 3, 30 lits): UNSAT in 0.10s
    cube 1981.63.47.18 (depth 3, 30 lits): UNSAT in 0.11s
    cube 1981.63.47.19 (depth 3, 30 lits): UNSAT in 0.18s
    cube 1981.63.47.20 (depth 3, 30 lits): UNSAT in 0.19s
    cube 1981.63.47.21 (depth 3, 30 lits): UNSAT in 0.28s
    cube 1981.63.47.22 (depth 3, 30 lits): UNSAT in 2.34s
    cube 1981.63.47.23 (depth 3, 30 lits): UNSAT in 0.03s
    cube 1981.63.47.24 (depth 3, 30 lits): UNSAT in 0.34s
    cube 1981.63.47.25 (depth 3, 30 lits): UNSAT in 0.28s
    cube 1981.63.47.26 (depth 3, 30 lits): UNSAT in 1.01s
    cube 1981.63.47.27 (depth 3, 30 lits): UNSAT in 0.46s
    cube 1981.63.47.28 (depth 3, 30 lits): UNSAT in 0.95s
    cube 1981.63.47.29 (depth 3, 30 lits): UNSAT in 1.02s
    cube 1981.63.47.30 (depth 3, 30 lits): UNSAT in 3.13s
    cube 1981.63.47.31 (depth 3, 30 lits): UNSAT in 0.03s
    cube 1981.63.47.32 (depth 3, 30 lits): UNSAT in 0.10s
    cube 1981.63.47.33 (depth 3, 30 lits): UNSAT in 0.07s
    cube 1981.63.47.34 (depth 3, 30 lits): UNSAT in 0.13s
    cube 1981.63.47.35 (depth 3, 30 lits): UNSAT in 0.16s
    cube 1981.63.47.36 (depth 3, 30 lits): UNSAT in 0.27s
    cube 1981.63.47.37 (depth 3, 30 lits): UNSAT in 0.47s
    cube 1981.63.47.38 (depth 3, 30 lits): UNSAT in 2.23s
    cube 1981.63.47.39 (depth 3, 30 lits): UNSAT in 0.05s
    cube 1981.63.47.40 (depth 3, 30 lits): UNSAT in 0.81s
    cube 1981.63.47.41 (depth 3, 30 lits): UNSAT in 0.48s
    cube 1981.63.47.42 (depth 3, 30 lits): UNSAT in 3.14s
    cube 1981.63.47.43 (depth 3, 30 lits): UNSAT in 0.25s
    cube 1981.63.47.44 (depth 3, 30 lits): UNSAT in 1.41s
    cube 1981.63.47.45 (depth 3, 30 lits): UNSAT in 3.16s
    cube 1981.63.47.46 (depth 3, 30 lits): UNSAT in 43.79s
    cube 1981.63.47.47 (depth 3, 30 lits): UNSAT in 0.07s
    cube 1981.63.47.48 (depth 3, 30 lits): UNSAT in 0.60s
    cube 1981.63.47.49 (depth 3, 30 lits): UNSAT in 0.57s
    cube 1981.63.47.50 (depth 3, 30 lits): UNSAT in 2.30s
    cube 1981.63.47.51 (depth 3, 30 lits): UNSAT in 0.44s
    cube 1981.63.47.52 (depth 3, 30 lits): UNSAT in 2.27s
    cube 1981.63.47.53 (depth 3, 30 lits): UNSAT in 1.02s
    cube 1981.63.47.54 (depth 3, 30 lits): UNSAT in 19.86s
    cube 1981.63.47.55 (depth 3, 30 lits): UNSAT in 1.23s
    cube 1981.63.47.56 (depth 3, 30 lits): UNSAT in 3.96s
    cube 1981.63.47.57 (depth 3, 30 lits): UNSAT in 2.07s
    cube 1981.63.47.58 (depth 3, 30 lits): TIMEOUT in 60.06s
    cube 1981.63.47.59 (depth 3, 30 lits): UNSAT in 14.33s
    cube 1981.63.47.60 (depth 3, 30 lits): TIMEOUT in 60.06s
    cube 1981.63.47.61 (depth 3, 30 lits): UNSAT in 14.62s
    cube 1981.63.47.62 (depth 3, 30 lits): TIMEOUT in 60.06s
    cube 1981.63.48 (depth 2, 24 lits): UNSAT in 0.31s
    cube 1981.63.49 (depth 2, 24 lits): UNSAT in 0.45s
    cube 1981.63.50 (depth 2, 24 lits): UNSAT in 0.72s
    cube 1981.63.51 (depth 2, 24 lits): UNSAT in 5.53s
    cube 1981.63.52 (depth 2, 24 lits): UNSAT in 1.24s
    cube 1981.63.53 (depth 2, 24 lits): UNSAT in 11.74s
    cube 1981.63.54 (depth 2, 24 lits): UNSAT in 5.77s
    cube 1981.63.55 (depth 2, 24 lits): TIMEOUT in 60.04s
    cube 1981.63.55 TIMEOUT -> re-split into 64 sub-cubes (depth 3)
    cube 1981.63.55.0 (depth 3, 30 lits): UNSAT in 0.02s
    cube 1981.63.55.1 (depth 3, 30 lits): UNSAT in 0.02s
    cube 1981.63.55.2 (depth 3, 30 lits): UNSAT in 0.02s
    cube 1981.63.55.3 (depth 3, 30 lits): UNSAT in 0.10s
    cube 1981.63.55.4 (depth 3, 30 lits): UNSAT in 0.03s
    cube 1981.63.55.5 (depth 3, 30 lits): UNSAT in 0.21s
    cube 1981.63.55.6 (depth 3, 30 lits): UNSAT in 0.06s
    cube 1981.63.55.7 (depth 3, 30 lits): UNSAT in 0.29s
    cube 1981.63.55.8 (depth 3, 30 lits): UNSAT in 0.02s
    cube 1981.63.55.9 (depth 3, 30 lits): UNSAT in 0.04s
    cube 1981.63.55.10 (depth 3, 30 lits): UNSAT in 0.06s
    cube 1981.63.55.11 (depth 3, 30 lits): UNSAT in 0.06s
    cube 1981.63.55.12 (depth 3, 30 lits): UNSAT in 0.02s
    cube 1981.63.55.13 (depth 3, 30 lits): UNSAT in 0.05s
    cube 1981.63.55.14 (depth 3, 30 lits): UNSAT in 0.08s
    cube 1981.63.55.15 (depth 3, 30 lits): UNSAT in 0.15s
    cube 1981.63.55.16 (depth 3, 30 lits): UNSAT in 0.02s
    cube 1981.63.55.17 (depth 3, 30 lits): UNSAT in 0.11s
    cube 1981.63.55.18 (depth 3, 30 lits): UNSAT in 0.07s
    cube 1981.63.55.19 (depth 3, 30 lits): UNSAT in 0.12s
    cube 1981.63.55.20 (depth 3, 30 lits): UNSAT in 0.04s
    cube 1981.63.55.21 (depth 3, 30 lits): UNSAT in 0.19s
    cube 1981.63.55.22 (depth 3, 30 lits): UNSAT in 0.09s
    cube 1981.63.55.23 (depth 3, 30 lits): UNSAT in 0.43s
    cube 1981.63.55.24 (depth 3, 30 lits): UNSAT in 0.05s
    cube 1981.63.55.25 (depth 3, 30 lits): UNSAT in 0.05s
    cube 1981.63.55.26 (depth 3, 30 lits): UNSAT in 0.04s
    cube 1981.63.55.27 (depth 3, 30 lits): UNSAT in 0.05s
    cube 1981.63.55.28 (depth 3, 30 lits): UNSAT in 0.03s
    cube 1981.63.55.29 (depth 3, 30 lits): UNSAT in 0.03s
    cube 1981.63.55.30 (depth 3, 30 lits): UNSAT in 0.12s
    cube 1981.63.55.31 (depth 3, 30 lits): UNSAT in 0.28s
    cube 1981.63.55.32 (depth 3, 30 lits): UNSAT in 0.02s
    cube 1981.63.55.33 (depth 3, 30 lits): UNSAT in 0.02s
    cube 1981.63.55.34 (depth 3, 30 lits): UNSAT in 0.03s
    cube 1981.63.55.35 (depth 3, 30 lits): UNSAT in 0.05s
    cube 1981.63.55.36 (depth 3, 30 lits): UNSAT in 0.02s
    cube 1981.63.55.37 (depth 3, 30 lits): UNSAT in 0.03s
    cube 1981.63.55.38 (depth 3, 30 lits): UNSAT in 0.17s
    cube 1981.63.55.39 (depth 3, 30 lits): UNSAT in 0.19s
    cube 1981.63.55.40 (depth 3, 30 lits): UNSAT in 0.04s
    cube 1981.63.55.41 (depth 3, 30 lits): UNSAT in 0.06s
    cube 1981.63.55.42 (depth 3, 30 lits): UNSAT in 0.03s
    cube 1981.63.55.43 (depth 3, 30 lits): UNSAT in 0.10s
    cube 1981.63.55.44 (depth 3, 30 lits): UNSAT in 0.20s
    cube 1981.63.55.45 (depth 3, 30 lits): UNSAT in 1.38s
    cube 1981.63.55.46 (depth 3, 30 lits): UNSAT in 0.53s
    cube 1981.63.55.47 (depth 3, 30 lits): UNSAT in 4.56s
    cube 1981.63.55.48 (depth 3, 30 lits): UNSAT in 0.08s
    cube 1981.63.55.49 (depth 3, 30 lits): UNSAT in 0.27s
    cube 1981.63.55.50 (depth 3, 30 lits): UNSAT in 0.24s
    cube 1981.63.55.51 (depth 3, 30 lits): UNSAT in 0.31s
    cube 1981.63.55.52 (depth 3, 30 lits): UNSAT in 0.36s
    cube 1981.63.55.53 (depth 3, 30 lits): UNSAT in 0.46s
    cube 1981.63.55.54 (depth 3, 30 lits): UNSAT in 0.45s
    cube 1981.63.55.55 (depth 3, 30 lits): UNSAT in 1.45s
    cube 1981.63.55.56 (depth 3, 30 lits): UNSAT in 0.67s
    cube 1981.63.55.57 (depth 3, 30 lits): UNSAT in 1.17s
    cube 1981.63.55.58 (depth 3, 30 lits): UNSAT in 0.16s
    cube 1981.63.55.59 (depth 3, 30 lits): UNSAT in 1.23s
    cube 1981.63.55.60 (depth 3, 30 lits): UNSAT in 0.65s
    cube 1981.63.55.61 (depth 3, 30 lits): UNSAT in 3.42s
    cube 1981.63.55.62 (depth 3, 30 lits): UNSAT in 4.00s
    cube 1981.63.55.63 (depth 3, 30 lits): UNSAT in 5.68s
    cube 1981.63.56 (depth 2, 24 lits): UNSAT in 0.48s
    cube 1981.63.57 (depth 2, 24 lits): UNSAT in 4.64s
    cube 1981.63.58 (depth 2, 24 lits): UNSAT in 4.25s
    cube 1981.63.59 (depth 2, 24 lits): TIMEOUT in 60.05s
    cube 1981.63.59 TIMEOUT -> re-split into 60 sub-cubes (depth 3)
    cube 1981.63.59.0 (depth 3, 28 lits): UNSAT in 0.02s
    cube 1981.63.59.1 (depth 3, 30 lits): UNSAT in 0.02s
    cube 1981.63.59.2 (depth 3, 30 lits): UNSAT in 0.02s
    cube 1981.63.59.3 (depth 3, 29 lits): UNSAT in 0.02s
    cube 1981.63.59.4 (depth 3, 30 lits): UNSAT in 0.02s
    cube 1981.63.59.5 (depth 3, 30 lits): UNSAT in 0.02s
    cube 1981.63.59.6 (depth 3, 30 lits): UNSAT in 0.02s
    cube 1981.63.59.7 (depth 3, 30 lits): UNSAT in 0.05s
    cube 1981.63.59.8 (depth 3, 30 lits): UNSAT in 0.04s
    cube 1981.63.59.9 (depth 3, 30 lits): UNSAT in 0.13s
    cube 1981.63.59.10 (depth 3, 30 lits): UNSAT in 0.04s
    cube 1981.63.59.11 (depth 3, 30 lits): UNSAT in 0.11s
    cube 1981.63.59.12 (depth 3, 30 lits): UNSAT in 0.02s
    cube 1981.63.59.13 (depth 3, 30 lits): UNSAT in 0.03s
    cube 1981.63.59.14 (depth 3, 30 lits): UNSAT in 0.03s
    cube 1981.63.59.15 (depth 3, 30 lits): UNSAT in 0.08s
    cube 1981.63.59.16 (depth 3, 30 lits): UNSAT in 0.08s
    cube 1981.63.59.17 (depth 3, 30 lits): UNSAT in 0.10s
    cube 1981.63.59.18 (depth 3, 30 lits): UNSAT in 0.08s
    cube 1981.63.59.19 (depth 3, 30 lits): UNSAT in 0.14s
    cube 1981.63.59.20 (depth 3, 30 lits): UNSAT in 0.05s
    cube 1981.63.59.21 (depth 3, 30 lits): UNSAT in 0.08s
    cube 1981.63.59.22 (depth 3, 30 lits): UNSAT in 0.08s
    cube 1981.63.59.23 (depth 3, 30 lits): UNSAT in 0.22s
    cube 1981.63.59.24 (depth 3, 30 lits): UNSAT in 0.18s
    cube 1981.63.59.25 (depth 3, 30 lits): UNSAT in 0.30s
    cube 1981.63.59.26 (depth 3, 30 lits): UNSAT in 0.09s
    cube 1981.63.59.27 (depth 3, 30 lits): UNSAT in 0.68s
    cube 1981.63.59.28 (depth 3, 30 lits): UNSAT in 0.02s
    cube 1981.63.59.29 (depth 3, 30 lits): UNSAT in 0.02s
    cube 1981.63.59.30 (depth 3, 30 lits): UNSAT in 0.02s
    cube 1981.63.59.31 (depth 3, 30 lits): UNSAT in 0.05s
    cube 1981.63.59.32 (depth 3, 30 lits): UNSAT in 0.02s
    cube 1981.63.59.33 (depth 3, 30 lits): UNSAT in 0.02s
    cube 1981.63.59.34 (depth 3, 30 lits): UNSAT in 0.05s
    cube 1981.63.59.35 (depth 3, 30 lits): UNSAT in 0.36s
    cube 1981.63.59.36 (depth 3, 30 lits): UNSAT in 0.03s
    cube 1981.63.59.37 (depth 3, 30 lits): UNSAT in 0.04s
    cube 1981.63.59.38 (depth 3, 30 lits): UNSAT in 0.07s
    cube 1981.63.59.39 (depth 3, 30 lits): UNSAT in 0.21s
    cube 1981.63.59.40 (depth 3, 30 lits): UNSAT in 0.15s
    cube 1981.63.59.41 (depth 3, 30 lits): UNSAT in 0.54s
    cube 1981.63.59.42 (depth 3, 30 lits): UNSAT in 0.43s
    cube 1981.63.59.43 (depth 3, 30 lits): UNSAT in 0.35s
    cube 1981.63.59.44 (depth 3, 30 lits): UNSAT in 0.02s
    cube 1981.63.59.45 (depth 3, 30 lits): UNSAT in 0.23s
    cube 1981.63.59.46 (depth 3, 30 lits): UNSAT in 0.19s
    cube 1981.63.59.47 (depth 3, 30 lits): UNSAT in 0.70s
    cube 1981.63.59.48 (depth 3, 30 lits): UNSAT in 0.06s
    cube 1981.63.59.49 (depth 3, 30 lits): UNSAT in 0.35s
    cube 1981.63.59.50 (depth 3, 30 lits): UNSAT in 0.43s
    cube 1981.63.59.51 (depth 3, 30 lits): UNSAT in 4.63s
    cube 1981.63.59.52 (depth 3, 30 lits): UNSAT in 0.31s
    cube 1981.63.59.53 (depth 3, 30 lits): UNSAT in 0.40s
    cube 1981.63.59.54 (depth 3, 30 lits): UNSAT in 0.39s
    cube 1981.63.59.55 (depth 3, 30 lits): UNSAT in 5.37s
    cube 1981.63.59.56 (depth 3, 30 lits): UNSAT in 0.98s
    cube 1981.63.59.57 (depth 3, 30 lits): UNSAT in 10.44s
    cube 1981.63.59.58 (depth 3, 30 lits): UNSAT in 22.91s
    cube 1981.63.59.59 (depth 3, 30 lits): UNSAT in 10.15s
    cube 1981.63.60 (depth 2, 24 lits): UNSAT in 2.35s
    cube 1981.63.61 (depth 2, 24 lits): TIMEOUT in 60.06s
    cube 1981.63.61 TIMEOUT -> re-split into 63 sub-cubes (depth 3)
    cube 1981.63.61.0 (depth 3, 30 lits): UNSAT in 0.01s
    cube 1981.63.61.1 (depth 3, 30 lits): UNSAT in 0.01s
    cube 1981.63.61.2 (depth 3, 30 lits): UNSAT in 0.02s
    cube 1981.63.61.3 (depth 3, 30 lits): UNSAT in 0.01s
    cube 1981.63.61.4 (depth 3, 30 lits): UNSAT in 0.03s
    cube 1981.63.61.5 (depth 3, 30 lits): UNSAT in 0.02s
    cube 1981.63.61.6 (depth 3, 30 lits): UNSAT in 0.04s
    cube 1981.63.61.7 (depth 3, 30 lits): UNSAT in 0.10s
    cube 1981.63.61.8 (depth 3, 29 lits): UNSAT in 0.01s
    cube 1981.63.61.9 (depth 3, 30 lits): UNSAT in 0.02s
    cube 1981.63.61.10 (depth 3, 30 lits): UNSAT in 0.05s
    cube 1981.63.61.11 (depth 3, 30 lits): UNSAT in 0.02s
    cube 1981.63.61.12 (depth 3, 30 lits): UNSAT in 0.06s
    cube 1981.63.61.13 (depth 3, 30 lits): UNSAT in 0.05s
    cube 1981.63.61.14 (depth 3, 30 lits): UNSAT in 0.20s
    cube 1981.63.61.15 (depth 3, 30 lits): UNSAT in 0.04s
    cube 1981.63.61.16 (depth 3, 30 lits): UNSAT in 0.07s
    cube 1981.63.61.17 (depth 3, 30 lits): UNSAT in 0.03s
    cube 1981.63.61.18 (depth 3, 30 lits): UNSAT in 0.10s
    cube 1981.63.61.19 (depth 3, 30 lits): UNSAT in 0.05s
    cube 1981.63.61.20 (depth 3, 30 lits): UNSAT in 0.07s
    cube 1981.63.61.21 (depth 3, 30 lits): UNSAT in 0.10s
    cube 1981.63.61.22 (depth 3, 30 lits): UNSAT in 0.75s
    cube 1981.63.61.23 (depth 3, 30 lits): UNSAT in 0.04s
    cube 1981.63.61.24 (depth 3, 30 lits): UNSAT in 0.05s
    cube 1981.63.61.25 (depth 3, 30 lits): UNSAT in 0.20s
    cube 1981.63.61.26 (depth 3, 30 lits): UNSAT in 0.45s
    cube 1981.63.61.27 (depth 3, 30 lits): UNSAT in 0.10s
    cube 1981.63.61.28 (depth 3, 30 lits): UNSAT in 0.17s
    cube 1981.63.61.29 (depth 3, 30 lits): UNSAT in 0.38s
    cube 1981.63.61.30 (depth 3, 30 lits): UNSAT in 2.55s
    cube 1981.63.61.31 (depth 3, 30 lits): UNSAT in 0.02s
    cube 1981.63.61.32 (depth 3, 30 lits): UNSAT in 0.02s
    cube 1981.63.61.33 (depth 3, 30 lits): UNSAT in 0.06s
    cube 1981.63.61.34 (depth 3, 30 lits): UNSAT in 0.03s
    cube 1981.63.61.35 (depth 3, 30 lits): UNSAT in 0.02s
    cube 1981.63.61.36 (depth 3, 30 lits): UNSAT in 0.02s
    cube 1981.63.61.37 (depth 3, 30 lits): UNSAT in 0.04s
    cube 1981.63.61.38 (depth 3, 30 lits): UNSAT in 0.04s
    cube 1981.63.61.39 (depth 3, 30 lits): UNSAT in 0.02s
    cube 1981.63.61.40 (depth 3, 30 lits): UNSAT in 0.11s
    cube 1981.63.61.41 (depth 3, 30 lits): UNSAT in 0.04s
    cube 1981.63.61.42 (depth 3, 30 lits): UNSAT in 0.05s
    cube 1981.63.61.43 (depth 3, 30 lits): UNSAT in 0.08s
    cube 1981.63.61.44 (depth 3, 30 lits): UNSAT in 0.13s
    cube 1981.63.61.45 (depth 3, 30 lits): UNSAT in 0.12s
    cube 1981.63.61.46 (depth 3, 30 lits): UNSAT in 0.45s
    cube 1981.63.61.47 (depth 3, 30 lits): UNSAT in 0.03s
    cube 1981.63.61.48 (depth 3, 30 lits): UNSAT in 0.22s
    cube 1981.63.61.49 (depth 3, 30 lits): UNSAT in 0.06s
    cube 1981.63.61.50 (depth 3, 30 lits): UNSAT in 0.56s
    cube 1981.63.61.51 (depth 3, 30 lits): UNSAT in 0.09s
    cube 1981.63.61.52 (depth 3, 30 lits): UNSAT in 0.36s
    cube 1981.63.61.53 (depth 3, 30 lits): UNSAT in 0.18s
    cube 1981.63.61.54 (depth 3, 30 lits): UNSAT in 1.90s
    cube 1981.63.61.55 (depth 3, 30 lits): UNSAT in 0.12s
    cube 1981.63.61.56 (depth 3, 30 lits): UNSAT in 1.16s
    cube 1981.63.61.57 (depth 3, 30 lits): UNSAT in 0.82s
    cube 1981.63.61.58 (depth 3, 30 lits): UNSAT in 6.53s
    cube 1981.63.61.59 (depth 3, 30 lits): UNSAT in 1.08s
    cube 1981.63.61.60 (depth 3, 30 lits): UNSAT in 12.79s
    cube 1981.63.61.61 (depth 3, 30 lits): UNSAT in 17.36s
    cube 1981.63.61.62 (depth 3, 30 lits): UNSAT in 10.07s
    cube 1981.63.62 (depth 2, 24 lits): UNSAT in 42.77s
    cube 1981.63.63 (depth 2, 24 lits): TIMEOUT in 60.02s
    cube 1981.63.63 TIMEOUT -> re-split into 64 sub-cubes (depth 3)
    cube 1981.63.63.0 (depth 3, 30 lits): UNSAT in 0.03s
    cube 1981.63.63.1 (depth 3, 30 lits): UNSAT in 0.03s
    cube 1981.63.63.2 (depth 3, 30 lits): UNSAT in 0.13s
    cube 1981.63.63.3 (depth 3, 30 lits): UNSAT in 0.14s
    cube 1981.63.63.4 (depth 3, 30 lits): UNSAT in 0.03s
    cube 1981.63.63.5 (depth 3, 30 lits): UNSAT in 0.05s
    cube 1981.63.63.6 (depth 3, 30 lits): UNSAT in 0.03s
    cube 1981.63.63.7 (depth 3, 30 lits): UNSAT in 0.03s
    cube 1981.63.63.8 (depth 3, 30 lits): UNSAT in 0.02s
    cube 1981.63.63.9 (depth 3, 30 lits): UNSAT in 0.06s
    cube 1981.63.63.10 (depth 3, 30 lits): UNSAT in 0.08s
    cube 1981.63.63.11 (depth 3, 30 lits): UNSAT in 0.08s
    cube 1981.63.63.12 (depth 3, 30 lits): UNSAT in 0.31s
    cube 1981.63.63.13 (depth 3, 30 lits): UNSAT in 0.47s
    cube 1981.63.63.14 (depth 3, 30 lits): UNSAT in 0.04s
    cube 1981.63.63.15 (depth 3, 30 lits): UNSAT in 0.42s
    cube 1981.63.63.16 (depth 3, 30 lits): UNSAT in 0.02s
    cube 1981.63.63.17 (depth 3, 30 lits): UNSAT in 0.06s
    cube 1981.63.63.18 (depth 3, 30 lits): UNSAT in 0.11s
    cube 1981.63.63.19 (depth 3, 30 lits): UNSAT in 0.12s
    cube 1981.63.63.20 (depth 3, 30 lits): UNSAT in 0.15s
    cube 1981.63.63.21 (depth 3, 30 lits): UNSAT in 0.31s
    cube 1981.63.63.22 (depth 3, 30 lits): UNSAT in 0.16s
    cube 1981.63.63.23 (depth 3, 30 lits): UNSAT in 0.56s
    cube 1981.63.63.24 (depth 3, 30 lits): UNSAT in 0.97s
    cube 1981.63.63.25 (depth 3, 30 lits): UNSAT in 0.71s
    cube 1981.63.63.26 (depth 3, 30 lits): UNSAT in 0.48s
    cube 1981.63.63.27 (depth 3, 30 lits): UNSAT in 3.87s
    cube 1981.63.63.28 (depth 3, 30 lits): UNSAT in 0.72s
    cube 1981.63.63.29 (depth 3, 30 lits): UNSAT in 3.32s
    cube 1981.63.63.30 (depth 3, 30 lits): UNSAT in 4.82s
    cube 1981.63.63.31 (depth 3, 30 lits): UNSAT in 19.84s
    cube 1981.63.63.32 (depth 3, 30 lits): UNSAT in 0.03s
    cube 1981.63.63.33 (depth 3, 30 lits): UNSAT in 0.20s
    cube 1981.63.63.34 (depth 3, 30 lits): UNSAT in 0.34s
    cube 1981.63.63.35 (depth 3, 30 lits): UNSAT in 0.82s
    cube 1981.63.63.36 (depth 3, 30 lits): UNSAT in 0.17s
    cube 1981.63.63.37 (depth 3, 30 lits): UNSAT in 0.44s
    cube 1981.63.63.38 (depth 3, 30 lits): UNSAT in 0.07s
    cube 1981.63.63.39 (depth 3, 30 lits): UNSAT in 2.66s
    cube 1981.63.63.40 (depth 3, 30 lits): UNSAT in 0.17s
    cube 1981.63.63.41 (depth 3, 30 lits): UNSAT in 0.34s
    cube 1981.63.63.42 (depth 3, 30 lits): UNSAT in 0.20s
    cube 1981.63.63.43 (depth 3, 30 lits): UNSAT in 1.21s
    cube 1981.63.63.44 (depth 3, 30 lits): UNSAT in 0.67s
    cube 1981.63.63.45 (depth 3, 30 lits): UNSAT in 3.88s
    cube 1981.63.63.46 (depth 3, 30 lits): UNSAT in 7.12s
    cube 1981.63.63.47 (depth 3, 30 lits): UNSAT in 44.27s
    cube 1981.63.63.48 (depth 3, 30 lits): UNSAT in 0.19s
    cube 1981.63.63.49 (depth 3, 30 lits): UNSAT in 0.12s
    cube 1981.63.63.50 (depth 3, 30 lits): UNSAT in 0.15s
    cube 1981.63.63.51 (depth 3, 30 lits): UNSAT in 0.60s
    cube 1981.63.63.52 (depth 3, 30 lits): UNSAT in 0.20s
    cube 1981.63.63.53 (depth 3, 30 lits): UNSAT in 0.20s
    cube 1981.63.63.54 (depth 3, 30 lits): UNSAT in 0.26s
    cube 1981.63.63.55 (depth 3, 30 lits): UNSAT in 6.84s
    cube 1981.63.63.56 (depth 3, 30 lits): UNSAT in 0.43s
    cube 1981.63.63.57 (depth 3, 30 lits): UNSAT in 3.24s
    cube 1981.63.63.58 (depth 3, 30 lits): UNSAT in 4.33s
    cube 1981.63.63.59 (depth 3, 30 lits): TIMEOUT in 60.06s
    cube 1981.63.63.60 (depth 3, 30 lits): UNSAT in 1.94s
    cube 1981.63.63.61 (depth 3, 30 lits): TIMEOUT in 60.03s
    cube 1981.63.63.62 (depth 3, 30 lits): UNSAT in 9.33s
    cube 1981.63.63.63 (depth 3, 30 lits): TIMEOUT in 60.06s
    cube 1982 (depth 0, 12 lits): TIMEOUT in 60.06s
    cube 1982 TIMEOUT -> re-split into 64 sub-cubes (depth 1)
    cube 1982.0 (depth 1, 18 lits): UNSAT in 0.25s
    cube 1982.1 (depth 1, 18 lits): UNSAT in 0.81s
    cube 1982.2 (depth 1, 18 lits): UNSAT in 1.13s
    cube 1982.3 (depth 1, 18 lits): UNSAT in 4.07s
    cube 1982.4 (depth 1, 18 lits): UNSAT in 1.06s
    cube 1982.5 (depth 1, 18 lits): UNSAT in 4.16s
    cube 1982.6 (depth 1, 18 lits): UNSAT in 6.36s
    cube 1982.7 (depth 1, 18 lits): UNSAT in 46.28s
    cube 1982.8 (depth 1, 18 lits): UNSAT in 1.22s
    cube 1982.9 (depth 1, 18 lits): UNSAT in 1.92s
    cube 1982.10 (depth 1, 18 lits): UNSAT in 3.11s
    cube 1982.11 (depth 1, 18 lits): UNSAT in 37.59s
    cube 1982.12 (depth 1, 18 lits): UNSAT in 4.32s
    cube 1982.13 (depth 1, 18 lits): UNSAT in 29.82s
    cube 1982.14 (depth 1, 18 lits): UNSAT in 12.75s
    cube 1982.15 (depth 1, 18 lits): TIMEOUT in 60.03s
    cube 1982.15 TIMEOUT -> re-split into 64 sub-cubes (depth 2)
    cube 1982.15.0 (depth 2, 24 lits): UNSAT in 0.02s
    cube 1982.15.1 (depth 2, 24 lits): UNSAT in 0.02s
    cube 1982.15.2 (depth 2, 24 lits): UNSAT in 0.03s
    cube 1982.15.3 (depth 2, 24 lits): UNSAT in 0.05s
    cube 1982.15.4 (depth 2, 24 lits): UNSAT in 0.04s
    cube 1982.15.5 (depth 2, 24 lits): UNSAT in 0.05s
    cube 1982.15.6 (depth 2, 24 lits): UNSAT in 0.06s
    cube 1982.15.7 (depth 2, 24 lits): UNSAT in 0.08s
    cube 1982.15.8 (depth 2, 24 lits): UNSAT in 0.03s
    cube 1982.15.9 (depth 2, 24 lits): UNSAT in 0.06s
    cube 1982.15.10 (depth 2, 24 lits): UNSAT in 0.02s
    cube 1982.15.11 (depth 2, 24 lits): UNSAT in 0.10s
    cube 1982.15.12 (depth 2, 24 lits): UNSAT in 0.07s
    cube 1982.15.13 (depth 2, 24 lits): UNSAT in 0.18s
    cube 1982.15.14 (depth 2, 24 lits): UNSAT in 0.27s
    cube 1982.15.15 (depth 2, 24 lits): UNSAT in 0.45s
    cube 1982.15.16 (depth 2, 24 lits): UNSAT in 0.05s
    cube 1982.15.17 (depth 2, 24 lits): UNSAT in 0.07s
    cube 1982.15.18 (depth 2, 24 lits): UNSAT in 0.18s
    cube 1982.15.19 (depth 2, 24 lits): UNSAT in 0.24s
    cube 1982.15.20 (depth 2, 24 lits): UNSAT in 0.05s
    cube 1982.15.21 (depth 2, 24 lits): UNSAT in 0.32s
    cube 1982.15.22 (depth 2, 24 lits): UNSAT in 0.93s
    cube 1982.15.23 (depth 2, 24 lits): UNSAT in 2.44s
    cube 1982.15.24 (depth 2, 24 lits): UNSAT in 0.29s
    cube 1982.15.25 (depth 2, 24 lits): UNSAT in 0.47s
    cube 1982.15.26 (depth 2, 24 lits): UNSAT in 0.17s
    cube 1982.15.27 (depth 2, 24 lits): UNSAT in 0.74s
    cube 1982.15.28 (depth 2, 24 lits): UNSAT in 0.47s
    cube 1982.15.29 (depth 2, 24 lits): UNSAT in 1.76s
    cube 1982.15.30 (depth 2, 24 lits): UNSAT in 0.47s
    cube 1982.15.31 (depth 2, 24 lits): UNSAT in 8.05s
    cube 1982.15.32 (depth 2, 24 lits): UNSAT in 0.09s
    cube 1982.15.33 (depth 2, 24 lits): UNSAT in 0.36s
    cube 1982.15.34 (depth 2, 24 lits): UNSAT in 0.45s
    cube 1982.15.35 (depth 2, 24 lits): UNSAT in 0.74s
    cube 1982.15.36 (depth 2, 24 lits): UNSAT in 0.04s
    cube 1982.15.37 (depth 2, 24 lits): UNSAT in 0.42s
    cube 1982.15.38 (depth 2, 24 lits): UNSAT in 0.17s
    cube 1982.15.39 (depth 2, 24 lits): UNSAT in 0.78s
    cube 1982.15.40 (depth 2, 24 lits): UNSAT in 0.07s
    cube 1982.15.41 (depth 2, 24 lits): UNSAT in 0.54s
    cube 1982.15.42 (depth 2, 24 lits): UNSAT in 1.01s
    cube 1982.15.43 (depth 2, 24 lits): UNSAT in 1.87s
    cube 1982.15.44 (depth 2, 24 lits): UNSAT in 0.47s
    cube 1982.15.45 (depth 2, 24 lits): UNSAT in 0.75s
    cube 1982.15.46 (depth 2, 24 lits): UNSAT in 2.13s
    cube 1982.15.47 (depth 2, 24 lits): UNSAT in 13.14s
    cube 1982.15.48 (depth 2, 24 lits): UNSAT in 0.09s
    cube 1982.15.49 (depth 2, 24 lits): UNSAT in 0.19s
    cube 1982.15.50 (depth 2, 24 lits): UNSAT in 1.40s
    cube 1982.15.51 (depth 2, 24 lits): UNSAT in 1.04s
    cube 1982.15.52 (depth 2, 24 lits): UNSAT in 1.04s
    cube 1982.15.53 (depth 2, 24 lits): UNSAT in 3.28s
    cube 1982.15.54 (depth 2, 24 lits): UNSAT in 1.74s
    cube 1982.15.55 (depth 2, 24 lits): UNSAT in 11.60s
    cube 1982.15.56 (depth 2, 24 lits): UNSAT in 1.98s
    cube 1982.15.57 (depth 2, 24 lits): UNSAT in 1.60s
    cube 1982.15.58 (depth 2, 24 lits): UNSAT in 2.32s
    cube 1982.15.59 (depth 2, 24 lits): UNSAT in 26.12s
    cube 1982.15.60 (depth 2, 24 lits): UNSAT in 15.39s
    cube 1982.15.61 (depth 2, 24 lits): TIMEOUT in 60.06s
    cube 1982.15.61 TIMEOUT -> re-split into 64 sub-cubes (depth 3)
    cube 1982.15.61.0 (depth 3, 30 lits): UNSAT in 0.03s
    cube 1982.15.61.1 (depth 3, 30 lits): UNSAT in 0.04s
    cube 1982.15.61.2 (depth 3, 30 lits): UNSAT in 0.04s
    cube 1982.15.61.3 (depth 3, 30 lits): UNSAT in 0.10s
    cube 1982.15.61.4 (depth 3, 30 lits): UNSAT in 0.03s
    cube 1982.15.61.5 (depth 3, 30 lits): UNSAT in 0.05s
    cube 1982.15.61.6 (depth 3, 30 lits): UNSAT in 0.05s
    cube 1982.15.61.7 (depth 3, 30 lits): UNSAT in 0.10s
    cube 1982.15.61.8 (depth 3, 30 lits): UNSAT in 0.03s
    cube 1982.15.61.9 (depth 3, 30 lits): UNSAT in 0.06s
    cube 1982.15.61.10 (depth 3, 30 lits): UNSAT in 0.03s
    cube 1982.15.61.11 (depth 3, 30 lits): UNSAT in 0.03s
    cube 1982.15.61.12 (depth 3, 30 lits): UNSAT in 0.09s
    cube 1982.15.61.13 (depth 3, 30 lits): UNSAT in 0.14s
    cube 1982.15.61.14 (depth 3, 30 lits): UNSAT in 0.11s
    cube 1982.15.61.15 (depth 3, 30 lits): UNSAT in 0.35s
    cube 1982.15.61.16 (depth 3, 30 lits): UNSAT in 0.02s
    cube 1982.15.61.17 (depth 3, 30 lits): UNSAT in 0.03s
    cube 1982.15.61.18 (depth 3, 30 lits): UNSAT in 0.02s
    cube 1982.15.61.19 (depth 3, 30 lits): UNSAT in 0.07s
    cube 1982.15.61.20 (depth 3, 30 lits): UNSAT in 0.05s
    cube 1982.15.61.21 (depth 3, 30 lits): UNSAT in 0.08s
    cube 1982.15.61.22 (depth 3, 30 lits): UNSAT in 0.14s
    cube 1982.15.61.23 (depth 3, 30 lits): UNSAT in 0.28s
    cube 1982.15.61.24 (depth 3, 30 lits): UNSAT in 0.03s
    cube 1982.15.61.25 (depth 3, 30 lits): UNSAT in 0.05s
    cube 1982.15.61.26 (depth 3, 30 lits): UNSAT in 0.04s
    cube 1982.15.61.27 (depth 3, 30 lits): UNSAT in 0.07s
    cube 1982.15.61.28 (depth 3, 30 lits): UNSAT in 0.08s
    cube 1982.15.61.29 (depth 3, 30 lits): UNSAT in 0.23s
    cube 1982.15.61.30 (depth 3, 30 lits): UNSAT in 0.02s
    cube 1982.15.61.31 (depth 3, 30 lits): UNSAT in 0.23s
    cube 1982.15.61.32 (depth 3, 30 lits): UNSAT in 0.01s
    cube 1982.15.61.33 (depth 3, 30 lits): UNSAT in 0.03s
    cube 1982.15.61.34 (depth 3, 30 lits): UNSAT in 0.02s
    cube 1982.15.61.35 (depth 3, 30 lits): UNSAT in 0.09s
    cube 1982.15.61.36 (depth 3, 30 lits): UNSAT in 0.06s
    cube 1982.15.61.37 (depth 3, 30 lits): UNSAT in 0.04s
    cube 1982.15.61.38 (depth 3, 30 lits): UNSAT in 0.06s
    cube 1982.15.61.39 (depth 3, 30 lits): UNSAT in 0.22s
    cube 1982.15.61.40 (depth 3, 30 lits): UNSAT in 0.05s
    cube 1982.15.61.41 (depth 3, 30 lits): UNSAT in 0.36s
    cube 1982.15.61.42 (depth 3, 30 lits): UNSAT in 0.38s
    cube 1982.15.61.43 (depth 3, 30 lits): UNSAT in 0.51s
    cube 1982.15.61.44 (depth 3, 30 lits): UNSAT in 0.05s
    cube 1982.15.61.45 (depth 3, 30 lits): UNSAT in 0.39s
    cube 1982.15.61.46 (depth 3, 30 lits): UNSAT in 0.39s
    cube 1982.15.61.47 (depth 3, 30 lits): UNSAT in 0.77s
    cube 1982.15.61.48 (depth 3, 30 lits): UNSAT in 0.07s
    cube 1982.15.61.49 (depth 3, 30 lits): UNSAT in 0.04s
    cube 1982.15.61.50 (depth 3, 30 lits): UNSAT in 0.05s
    cube 1982.15.61.51 (depth 3, 30 lits): UNSAT in 1.12s
    cube 1982.15.61.52 (depth 3, 30 lits): UNSAT in 0.10s
    cube 1982.15.61.53 (depth 3, 30 lits): UNSAT in 0.39s
    cube 1982.15.61.54 (depth 3, 30 lits): UNSAT in 0.18s
    cube 1982.15.61.55 (depth 3, 30 lits): UNSAT in 0.95s
    cube 1982.15.61.56 (depth 3, 30 lits): UNSAT in 0.12s
    cube 1982.15.61.57 (depth 3, 30 lits): UNSAT in 0.16s
    cube 1982.15.61.58 (depth 3, 30 lits): UNSAT in 0.66s
    cube 1982.15.61.59 (depth 3, 30 lits): UNSAT in 2.25s
    cube 1982.15.61.60 (depth 3, 30 lits): UNSAT in 1.45s
    cube 1982.15.61.61 (depth 3, 30 lits): UNSAT in 2.10s
    cube 1982.15.61.62 (depth 3, 30 lits): UNSAT in 2.78s
    cube 1982.15.61.63 (depth 3, 30 lits): UNSAT in 20.00s
    cube 1982.15.62 (depth 2, 24 lits): TIMEOUT in 60.01s
    cube 1982.15.62 TIMEOUT -> re-split into 64 sub-cubes (depth 3)
    cube 1982.15.62.0 (depth 3, 30 lits): UNSAT in 0.02s
    cube 1982.15.62.1 (depth 3, 30 lits): UNSAT in 0.02s
    cube 1982.15.62.2 (depth 3, 30 lits): UNSAT in 0.04s
    cube 1982.15.62.3 (depth 3, 30 lits): UNSAT in 0.04s
    cube 1982.15.62.4 (depth 3, 30 lits): UNSAT in 0.02s
    cube 1982.15.62.5 (depth 3, 30 lits): UNSAT in 0.02s
    cube 1982.15.62.6 (depth 3, 30 lits): UNSAT in 0.04s
    cube 1982.15.62.7 (depth 3, 30 lits): UNSAT in 0.22s
    cube 1982.15.62.8 (depth 3, 30 lits): UNSAT in 0.03s
    cube 1982.15.62.9 (depth 3, 30 lits): UNSAT in 0.07s
    cube 1982.15.62.10 (depth 3, 30 lits): UNSAT in 0.02s
    cube 1982.15.62.11 (depth 3, 30 lits): UNSAT in 0.04s
    cube 1982.15.62.12 (depth 3, 30 lits): UNSAT in 0.08s
    cube 1982.15.62.13 (depth 3, 30 lits): UNSAT in 0.12s
    cube 1982.15.62.14 (depth 3, 30 lits): UNSAT in 0.11s
    cube 1982.15.62.15 (depth 3, 30 lits): UNSAT in 0.26s
    cube 1982.15.62.16 (depth 3, 30 lits): UNSAT in 0.02s
    cube 1982.15.62.17 (depth 3, 30 lits): UNSAT in 0.02s
    cube 1982.15.62.18 (depth 3, 30 lits): UNSAT in 0.04s
    cube 1982.15.62.19 (depth 3, 30 lits): UNSAT in 0.03s
    cube 1982.15.62.20 (depth 3, 30 lits): UNSAT in 0.04s
    cube 1982.15.62.21 (depth 3, 30 lits): UNSAT in 0.09s
    cube 1982.15.62.22 (depth 3, 30 lits): UNSAT in 0.05s
    cube 1982.15.62.23 (depth 3, 30 lits): UNSAT in 0.45s
    cube 1982.15.62.24 (depth 3, 30 lits): UNSAT in 0.03s
    cube 1982.15.62.25 (depth 3, 30 lits): UNSAT in 0.04s
    cube 1982.15.62.26 (depth 3, 30 lits): UNSAT in 0.02s
    cube 1982.15.62.27 (depth 3, 30 lits): UNSAT in 0.11s
    cube 1982.15.62.28 (depth 3, 30 lits): UNSAT in 0.07s
    cube 1982.15.62.29 (depth 3, 30 lits): UNSAT in 0.05s
    cube 1982.15.62.30 (depth 3, 30 lits): UNSAT in 0.34s
    cube 1982.15.62.31 (depth 3, 30 lits): UNSAT in 0.41s
    cube 1982.15.62.32 (depth 3, 30 lits): UNSAT in 0.02s
    cube 1982.15.62.33 (depth 3, 30 lits): UNSAT in 0.03s
    cube 1982.15.62.34 (depth 3, 30 lits): UNSAT in 0.02s
    cube 1982.15.62.35 (depth 3, 30 lits): UNSAT in 0.06s
    cube 1982.15.62.36 (depth 3, 30 lits): UNSAT in 0.04s
    cube 1982.15.62.37 (depth 3, 30 lits): UNSAT in 0.10s
    cube 1982.15.62.38 (depth 3, 30 lits): UNSAT in 0.05s
    cube 1982.15.62.39 (depth 3, 30 lits): UNSAT in 0.23s
    cube 1982.15.62.40 (depth 3, 30 lits): UNSAT in 0.04s
    cube 1982.15.62.41 (depth 3, 30 lits): UNSAT in 0.10s
    cube 1982.15.62.42 (depth 3, 30 lits): UNSAT in 0.16s
    cube 1982.15.62.43 (depth 3, 30 lits): UNSAT in 0.08s
    cube 1982.15.62.44 (depth 3, 30 lits): UNSAT in 0.07s
    cube 1982.15.62.45 (depth 3, 30 lits): UNSAT in 0.11s
    cube 1982.15.62.46 (depth 3, 30 lits): UNSAT in 0.10s
    cube 1982.15.62.47 (depth 3, 30 lits): UNSAT in 0.57s
    cube 1982.15.62.48 (depth 3, 30 lits): UNSAT in 0.03s
    cube 1982.15.62.49 (depth 3, 30 lits): UNSAT in 0.10s
    cube 1982.15.62.50 (depth 3, 30 lits): UNSAT in 0.15s
    cube 1982.15.62.51 (depth 3, 30 lits): UNSAT in 0.28s
    cube 1982.15.62.52 (depth 3, 30 lits): UNSAT in 0.12s
    cube 1982.15.62.53 (depth 3, 30 lits): UNSAT in 0.30s
    cube 1982.15.62.54 (depth 3, 30 lits): UNSAT in 0.49s
    cube 1982.15.62.55 (depth 3, 30 lits): UNSAT in 2.88s
    cube 1982.15.62.56 (depth 3, 30 lits): UNSAT in 0.08s
    cube 1982.15.62.57 (depth 3, 30 lits): UNSAT in 0.78s
    cube 1982.15.62.58 (depth 3, 30 lits): UNSAT in 0.82s
    cube 1982.15.62.59 (depth 3, 30 lits): UNSAT in 1.74s
    cube 1982.15.62.60 (depth 3, 30 lits): UNSAT in 0.54s
    cube 1982.15.62.61 (depth 3, 30 lits): UNSAT in 3.65s
    cube 1982.15.62.62 (depth 3, 30 lits): UNSAT in 3.59s
    cube 1982.15.62.63 (depth 3, 30 lits): UNSAT in 37.38s
    cube 1982.15.63 (depth 2, 24 lits): TIMEOUT in 60.06s
    cube 1982.15.63 TIMEOUT -> re-split into 64 sub-cubes (depth 3)
    cube 1982.15.63.0 (depth 3, 30 lits): UNSAT in 0.02s
    cube 1982.15.63.1 (depth 3, 30 lits): UNSAT in 0.03s
    cube 1982.15.63.2 (depth 3, 30 lits): UNSAT in 0.05s
    cube 1982.15.63.3 (depth 3, 30 lits): UNSAT in 0.08s
    cube 1982.15.63.4 (depth 3, 30 lits): UNSAT in 0.04s
    cube 1982.15.63.5 (depth 3, 30 lits): UNSAT in 0.05s
    cube 1982.15.63.6 (depth 3, 30 lits): UNSAT in 0.08s
    cube 1982.15.63.7 (depth 3, 30 lits): UNSAT in 0.25s
    cube 1982.15.63.8 (depth 3, 30 lits): UNSAT in 0.03s
    cube 1982.15.63.9 (depth 3, 30 lits): UNSAT in 0.07s
    cube 1982.15.63.10 (depth 3, 30 lits): UNSAT in 0.08s
    cube 1982.15.63.11 (depth 3, 30 lits): UNSAT in 0.15s
    cube 1982.15.63.12 (depth 3, 30 lits): UNSAT in 0.09s
    cube 1982.15.63.13 (depth 3, 30 lits): UNSAT in 0.24s
    cube 1982.15.63.14 (depth 3, 30 lits): UNSAT in 0.47s
    cube 1982.15.63.15 (depth 3, 30 lits): UNSAT in 1.04s
    cube 1982.15.63.16 (depth 3, 30 lits): UNSAT in 0.05s
    cube 1982.15.63.17 (depth 3, 30 lits): UNSAT in 0.05s
    cube 1982.15.63.18 (depth 3, 30 lits): UNSAT in 0.08s
    cube 1982.15.63.19 (depth 3, 30 lits): UNSAT in 0.73s
    cube 1982.15.63.20 (depth 3, 30 lits): UNSAT in 0.33s
    cube 1982.15.63.21 (depth 3, 30 lits): UNSAT in 0.54s
    cube 1982.15.63.22 (depth 3, 30 lits): UNSAT in 1.79s
    cube 1982.15.63.23 (depth 3, 30 lits): UNSAT in 8.46s
    cube 1982.15.63.24 (depth 3, 30 lits): UNSAT in 0.09s
    cube 1982.15.63.25 (depth 3, 30 lits): UNSAT in 0.62s
    cube 1982.15.63.26 (depth 3, 30 lits): UNSAT in 0.63s
    cube 1982.15.63.27 (depth 3, 30 lits): UNSAT in 1.23s
    cube 1982.15.63.28 (depth 3, 30 lits): UNSAT in 0.81s
    cube 1982.15.63.29 (depth 3, 30 lits): UNSAT in 3.31s
    cube 1982.15.63.30 (depth 3, 30 lits): UNSAT in 3.90s
    cube 1982.15.63.31 (depth 3, 30 lits): UNSAT in 22.13s
    cube 1982.15.63.32 (depth 3, 30 lits): UNSAT in 0.03s
    cube 1982.15.63.33 (depth 3, 30 lits): UNSAT in 0.09s
    cube 1982.15.63.34 (depth 3, 30 lits): UNSAT in 0.14s
    cube 1982.15.63.35 (depth 3, 30 lits): UNSAT in 0.63s
    cube 1982.15.63.36 (depth 3, 30 lits): UNSAT in 0.04s
    cube 1982.15.63.37 (depth 3, 30 lits): UNSAT in 0.15s
    cube 1982.15.63.38 (depth 3, 30 lits): UNSAT in 0.20s
    cube 1982.15.63.39 (depth 3, 30 lits): UNSAT in 0.41s
    cube 1982.15.63.40 (depth 3, 30 lits): UNSAT in 0.02s
    cube 1982.15.63.41 (depth 3, 30 lits): UNSAT in 0.03s
    cube 1982.15.63.42 (depth 3, 30 lits): UNSAT in 0.04s
    cube 1982.15.63.43 (depth 3, 30 lits): UNSAT in 0.18s
    cube 1982.15.63.44 (depth 3, 30 lits): UNSAT in 0.11s
    cube 1982.15.63.45 (depth 3, 30 lits): UNSAT in 0.30s
    cube 1982.15.63.46 (depth 3, 30 lits): UNSAT in 0.46s
    cube 1982.15.63.47 (depth 3, 30 lits): UNSAT in 1.01s
    cube 1982.15.63.48 (depth 3, 30 lits): UNSAT in 0.06s
    cube 1982.15.63.49 (depth 3, 30 lits): UNSAT in 0.19s
    cube 1982.15.63.50 (depth 3, 30 lits): UNSAT in 0.09s
    cube 1982.15.63.51 (depth 3, 30 lits): UNSAT in 0.73s
    cube 1982.15.63.52 (depth 3, 30 lits): UNSAT in 0.08s
    cube 1982.15.63.53 (depth 3, 30 lits): UNSAT in 0.51s
    cube 1982.15.63.54 (depth 3, 30 lits): UNSAT in 0.51s
    cube 1982.15.63.55 (depth 3, 30 lits): UNSAT in 2.15s
    cube 1982.15.63.56 (depth 3, 30 lits): UNSAT in 0.24s
    cube 1982.15.63.57 (depth 3, 30 lits): UNSAT in 0.96s
    cube 1982.15.63.58 (depth 3, 30 lits): UNSAT in 0.31s
    cube 1982.15.63.59 (depth 3, 30 lits): UNSAT in 19.70s
    cube 1982.15.63.60 (depth 3, 30 lits): UNSAT in 0.30s
    cube 1982.15.63.61 (depth 3, 30 lits): UNSAT in 2.12s
    cube 1982.15.63.62 (depth 3, 30 lits): UNSAT in 3.52s
    cube 1982.15.63.63 (depth 3, 30 lits): UNSAT in 21.05s
    cube 1982.16 (depth 1, 18 lits): UNSAT in 1.18s
    cube 1982.17 (depth 1, 18 lits): UNSAT in 16.73s
    cube 1982.18 (depth 1, 18 lits): UNSAT in 5.66s
    cube 1982.19 (depth 1, 18 lits): TIMEOUT in 60.06s
    cube 1982.19 TIMEOUT -> re-split into 64 sub-cubes (depth 2)
    cube 1982.19.0 (depth 2, 24 lits): UNSAT in 0.02s
    cube 1982.19.1 (depth 2, 24 lits): UNSAT in 0.02s
    cube 1982.19.2 (depth 2, 24 lits): UNSAT in 0.03s
    cube 1982.19.3 (depth 2, 24 lits): UNSAT in 0.06s
    cube 1982.19.4 (depth 2, 24 lits): UNSAT in 0.05s
    cube 1982.19.5 (depth 2, 24 lits): UNSAT in 0.16s
    cube 1982.19.6 (depth 2, 24 lits): UNSAT in 0.17s
    cube 1982.19.7 (depth 2, 24 lits): UNSAT in 0.27s
    cube 1982.19.8 (depth 2, 24 lits): UNSAT in 0.04s
    cube 1982.19.9 (depth 2, 24 lits): UNSAT in 0.05s
    cube 1982.19.10 (depth 2, 24 lits): UNSAT in 0.09s
    cube 1982.19.11 (depth 2, 24 lits): UNSAT in 0.29s
    cube 1982.19.12 (depth 2, 24 lits): UNSAT in 0.05s
    cube 1982.19.13 (depth 2, 24 lits): UNSAT in 0.05s
    cube 1982.19.14 (depth 2, 24 lits): UNSAT in 0.14s
    cube 1982.19.15 (depth 2, 24 lits): UNSAT in 0.17s
    cube 1982.19.16 (depth 2, 24 lits): UNSAT in 0.06s
    cube 1982.19.17 (depth 2, 24 lits): UNSAT in 0.12s
    cube 1982.19.18 (depth 2, 24 lits): UNSAT in 0.04s
    cube 1982.19.19 (depth 2, 24 lits): UNSAT in 0.09s
    cube 1982.19.20 (depth 2, 24 lits): UNSAT in 0.01s
    cube 1982.19.21 (depth 2, 24 lits): UNSAT in 0.03s
    cube 1982.19.22 (depth 2, 24 lits): UNSAT in 0.13s
    cube 1982.19.23 (depth 2, 24 lits): UNSAT in 0.33s
    cube 1982.19.24 (depth 2, 24 lits): UNSAT in 0.01s
    cube 1982.19.25 (depth 2, 24 lits): UNSAT in 0.04s
    cube 1982.19.26 (depth 2, 24 lits): UNSAT in 0.07s
    cube 1982.19.27 (depth 2, 24 lits): UNSAT in 0.08s
    cube 1982.19.28 (depth 2, 24 lits): UNSAT in 0.13s
    cube 1982.19.29 (depth 2, 24 lits): UNSAT in 0.29s
    cube 1982.19.30 (depth 2, 24 lits): UNSAT in 0.14s
    cube 1982.19.31 (depth 2, 24 lits): UNSAT in 0.23s
    cube 1982.19.32 (depth 2, 24 lits): UNSAT in 0.02s
    cube 1982.19.33 (depth 2, 24 lits): UNSAT in 0.10s
    cube 1982.19.34 (depth 2, 24 lits): UNSAT in 0.09s
    cube 1982.19.35 (depth 2, 24 lits): UNSAT in 0.14s
    cube 1982.19.36 (depth 2, 24 lits): UNSAT in 0.05s
    cube 1982.19.37 (depth 2, 24 lits): UNSAT in 0.05s
    cube 1982.19.38 (depth 2, 24 lits): UNSAT in 0.05s
    cube 1982.19.39 (depth 2, 24 lits): UNSAT in 0.16s
    cube 1982.19.40 (depth 2, 24 lits): UNSAT in 0.08s
    cube 1982.19.41 (depth 2, 24 lits): UNSAT in 0.17s
    cube 1982.19.42 (depth 2, 24 lits): UNSAT in 0.15s
    cube 1982.19.43 (depth 2, 24 lits): UNSAT in 0.15s
    cube 1982.19.44 (depth 2, 24 lits): UNSAT in 0.25s
    cube 1982.19.45 (depth 2, 24 lits): UNSAT in 0.64s
    cube 1982.19.46 (depth 2, 24 lits): UNSAT in 0.31s
    cube 1982.19.47 (depth 2, 24 lits): UNSAT in 1.48s
    cube 1982.19.48 (depth 2, 24 lits): UNSAT in 0.03s
    cube 1982.19.49 (depth 2, 24 lits): UNSAT in 0.04s
    cube 1982.19.50 (depth 2, 24 lits): UNSAT in 0.10s
    cube 1982.19.51 (depth 2, 24 lits): UNSAT in 0.52s
    cube 1982.19.52 (depth 2, 24 lits): UNSAT in 0.12s
    cube 1982.19.53 (depth 2, 24 lits): UNSAT in 0.41s
    cube 1982.19.54 (depth 2, 24 lits): UNSAT in 0.46s
    cube 1982.19.55 (depth 2, 24 lits): UNSAT in 1.81s
    cube 1982.19.56 (depth 2, 24 lits): UNSAT in 0.68s
    cube 1982.19.57 (depth 2, 24 lits): UNSAT in 0.94s
    cube 1982.19.58 (depth 2, 24 lits): UNSAT in 1.26s
    cube 1982.19.59 (depth 2, 24 lits): UNSAT in 1.60s
    cube 1982.19.60 (depth 2, 24 lits): UNSAT in 1.41s
    cube 1982.19.61 (depth 2, 24 lits): UNSAT in 4.85s
    cube 1982.19.62 (depth 2, 24 lits): UNSAT in 10.49s
    cube 1982.19.63 (depth 2, 24 lits): UNSAT in 39.69s
    cube 1982.20 (depth 1, 18 lits): UNSAT in 10.50s
    cube 1982.21 (depth 1, 18 lits): UNSAT in 18.01s
    cube 1982.22 (depth 1, 18 lits): UNSAT in 32.90s
    cube 1982.23 (depth 1, 18 lits): TIMEOUT in 60.05s
    cube 1982.23 TIMEOUT -> re-split into 64 sub-cubes (depth 2)
    cube 1982.23.0 (depth 2, 24 lits): UNSAT in 0.03s
    cube 1982.23.1 (depth 2, 24 lits): UNSAT in 0.03s
    cube 1982.23.2 (depth 2, 24 lits): UNSAT in 0.06s
    cube 1982.23.3 (depth 2, 24 lits): UNSAT in 0.19s
    cube 1982.23.4 (depth 2, 24 lits): UNSAT in 0.04s
    cube 1982.23.5 (depth 2, 24 lits): UNSAT in 0.28s
    cube 1982.23.6 (depth 2, 24 lits): UNSAT in 0.27s
    cube 1982.23.7 (depth 2, 24 lits): UNSAT in 0.43s
    cube 1982.23.8 (depth 2, 24 lits): UNSAT in 0.07s
    cube 1982.23.9 (depth 2, 24 lits): UNSAT in 0.27s
    cube 1982.23.10 (depth 2, 24 lits): UNSAT in 0.19s
    cube 1982.23.11 (depth 2, 24 lits): UNSAT in 0.75s
    cube 1982.23.12 (depth 2, 24 lits): UNSAT in 0.09s
    cube 1982.23.13 (depth 2, 24 lits): UNSAT in 1.63s
    cube 1982.23.14 (depth 2, 24 lits): UNSAT in 1.96s
    cube 1982.23.15 (depth 2, 24 lits): UNSAT in 3.41s
    cube 1982.23.16 (depth 2, 24 lits): UNSAT in 0.03s
    cube 1982.23.17 (depth 2, 24 lits): UNSAT in 0.07s
    cube 1982.23.18 (depth 2, 24 lits): UNSAT in 0.06s
    cube 1982.23.19 (depth 2, 24 lits): UNSAT in 0.45s
    cube 1982.23.20 (depth 2, 24 lits): UNSAT in 0.23s
    cube 1982.23.21 (depth 2, 24 lits): UNSAT in 0.42s
    cube 1982.23.22 (depth 2, 24 lits): UNSAT in 0.32s
    cube 1982.23.23 (depth 2, 24 lits): UNSAT in 1.05s
    cube 1982.23.24 (depth 2, 24 lits): UNSAT in 0.09s
    cube 1982.23.25 (depth 2, 24 lits): UNSAT in 0.32s
    cube 1982.23.26 (depth 2, 24 lits): UNSAT in 0.41s
    cube 1982.23.27 (depth 2, 24 lits): UNSAT in 1.51s
    cube 1982.23.28 (depth 2, 24 lits): UNSAT in 0.33s
    cube 1982.23.29 (depth 2, 24 lits): UNSAT in 1.56s
    cube 1982.23.30 (depth 2, 24 lits): UNSAT in 4.49s
    cube 1982.23.31 (depth 2, 24 lits): UNSAT in 12.70s
    cube 1982.23.32 (depth 2, 24 lits): UNSAT in 0.03s
    cube 1982.23.33 (depth 2, 24 lits): UNSAT in 0.05s
    cube 1982.23.34 (depth 2, 24 lits): UNSAT in 0.10s
    cube 1982.23.35 (depth 2, 24 lits): UNSAT in 0.17s
    cube 1982.23.36 (depth 2, 24 lits): UNSAT in 0.04s
    cube 1982.23.37 (depth 2, 24 lits): UNSAT in 0.05s
    cube 1982.23.38 (depth 2, 24 lits): UNSAT in 0.04s
    cube 1982.23.39 (depth 2, 24 lits): UNSAT in 0.55s
    cube 1982.23.40 (depth 2, 24 lits): UNSAT in 0.24s
    cube 1982.23.41 (depth 2, 24 lits): UNSAT in 0.59s
    cube 1982.23.42 (depth 2, 24 lits): UNSAT in 0.19s
    cube 1982.23.43 (depth 2, 24 lits): UNSAT in 0.77s
    cube 1982.23.44 (depth 2, 24 lits): UNSAT in 0.62s
    cube 1982.23.45 (depth 2, 24 lits): UNSAT in 3.70s
    cube 1982.23.46 (depth 2, 24 lits): UNSAT in 1.92s
    cube 1982.23.47 (depth 2, 24 lits): UNSAT in 6.78s
    cube 1982.23.48 (depth 2, 24 lits): UNSAT in 0.13s
    cube 1982.23.49 (depth 2, 24 lits): UNSAT in 1.16s
    cube 1982.23.50 (depth 2, 24 lits): UNSAT in 0.29s
    cube 1982.23.51 (depth 2, 24 lits): UNSAT in 3.22s
    cube 1982.23.52 (depth 2, 24 lits): UNSAT in 1.50s
    cube 1982.23.53 (depth 2, 24 lits): UNSAT in 6.80s
    cube 1982.23.54 (depth 2, 24 lits): UNSAT in 1.11s
    cube 1982.23.55 (depth 2, 24 lits): UNSAT in 47.61s
    cube 1982.23.56 (depth 2, 24 lits): UNSAT in 0.83s
    cube 1982.23.57 (depth 2, 24 lits): UNSAT in 2.02s
    cube 1982.23.58 (depth 2, 24 lits): UNSAT in 2.57s
    cube 1982.23.59 (depth 2, 24 lits): UNSAT in 32.11s
    cube 1982.23.60 (depth 2, 24 lits): UNSAT in 5.97s
    cube 1982.23.61 (depth 2, 24 lits): TIMEOUT in 60.04s
    cube 1982.23.61 TIMEOUT -> re-split into 64 sub-cubes (depth 3)
    cube 1982.23.61.0 (depth 3, 30 lits): UNSAT in 0.02s
    cube 1982.23.61.1 (depth 3, 30 lits): UNSAT in 0.03s
    cube 1982.23.61.2 (depth 3, 30 lits): UNSAT in 0.03s
    cube 1982.23.61.3 (depth 3, 30 lits): UNSAT in 0.07s
    cube 1982.23.61.4 (depth 3, 30 lits): UNSAT in 0.02s
    cube 1982.23.61.5 (depth 3, 30 lits): UNSAT in 0.05s
    cube 1982.23.61.6 (depth 3, 30 lits): UNSAT in 0.03s
    cube 1982.23.61.7 (depth 3, 30 lits): UNSAT in 0.10s
    cube 1982.23.61.8 (depth 3, 30 lits): UNSAT in 0.02s
    cube 1982.23.61.9 (depth 3, 30 lits): UNSAT in 0.11s
    cube 1982.23.61.10 (depth 3, 30 lits): UNSAT in 0.02s
    cube 1982.23.61.11 (depth 3, 30 lits): UNSAT in 0.17s
    cube 1982.23.61.12 (depth 3, 30 lits): UNSAT in 0.11s
    cube 1982.23.61.13 (depth 3, 30 lits): UNSAT in 0.03s
    cube 1982.23.61.14 (depth 3, 30 lits): UNSAT in 0.18s
    cube 1982.23.61.15 (depth 3, 30 lits): UNSAT in 0.55s
    cube 1982.23.61.16 (depth 3, 30 lits): UNSAT in 0.06s
    cube 1982.23.61.17 (depth 3, 30 lits): UNSAT in 0.18s
    cube 1982.23.61.18 (depth 3, 30 lits): UNSAT in 0.20s
    cube 1982.23.61.19 (depth 3, 30 lits): UNSAT in 0.39s
    cube 1982.23.61.20 (depth 3, 30 lits): UNSAT in 0.04s
    cube 1982.23.61.21 (depth 3, 30 lits): UNSAT in 0.09s
    cube 1982.23.61.22 (depth 3, 30 lits): UNSAT in 0.03s
    cube 1982.23.61.23 (depth 3, 30 lits): UNSAT in 0.27s
    cube 1982.23.61.24 (depth 3, 30 lits): UNSAT in 0.07s
    cube 1982.23.61.25 (depth 3, 30 lits): UNSAT in 0.02s
    cube 1982.23.61.26 (depth 3, 30 lits): UNSAT in 0.02s
    cube 1982.23.61.27 (depth 3, 30 lits): UNSAT in 0.06s
    cube 1982.23.61.28 (depth 3, 30 lits): UNSAT in 0.03s
    cube 1982.23.61.29 (depth 3, 30 lits): UNSAT in 0.16s
    cube 1982.23.61.30 (depth 3, 30 lits): UNSAT in 0.07s
    cube 1982.23.61.31 (depth 3, 30 lits): UNSAT in 0.29s
    cube 1982.23.61.32 (depth 3, 30 lits): UNSAT in 0.02s
    cube 1982.23.61.33 (depth 3, 30 lits): UNSAT in 0.06s
    cube 1982.23.61.34 (depth 3, 30 lits): UNSAT in 0.03s
    cube 1982.23.61.35 (depth 3, 30 lits): UNSAT in 0.06s
    cube 1982.23.61.36 (depth 3, 30 lits): UNSAT in 0.06s
    cube 1982.23.61.37 (depth 3, 30 lits): UNSAT in 0.31s
    cube 1982.23.61.38 (depth 3, 30 lits): UNSAT in 0.37s
    cube 1982.23.61.39 (depth 3, 30 lits): UNSAT in 0.40s
    cube 1982.23.61.40 (depth 3, 30 lits): UNSAT in 0.02s
    cube 1982.23.61.41 (depth 3, 30 lits): UNSAT in 0.08s
    cube 1982.23.61.42 (depth 3, 30 lits): UNSAT in 0.04s
    cube 1982.23.61.43 (depth 3, 30 lits): UNSAT in 0.17s
    cube 1982.23.61.44 (depth 3, 30 lits): UNSAT in 0.03s
    cube 1982.23.61.45 (depth 3, 30 lits): UNSAT in 0.16s
    cube 1982.23.61.46 (depth 3, 30 lits): UNSAT in 0.42s
    cube 1982.23.61.47 (depth 3, 30 lits): UNSAT in 0.39s
    cube 1982.23.61.48 (depth 3, 30 lits): UNSAT in 0.03s
    cube 1982.23.61.49 (depth 3, 30 lits): UNSAT in 0.04s
    cube 1982.23.61.50 (depth 3, 30 lits): UNSAT in 0.05s
    cube 1982.23.61.51 (depth 3, 30 lits): UNSAT in 0.10s
    cube 1982.23.61.52 (depth 3, 30 lits): UNSAT in 0.03s
    cube 1982.23.61.53 (depth 3, 30 lits): UNSAT in 0.10s
    cube 1982.23.61.54 (depth 3, 30 lits): UNSAT in 0.27s
    cube 1982.23.61.55 (depth 3, 30 lits): UNSAT in 0.78s
    cube 1982.23.61.56 (depth 3, 30 lits): UNSAT in 0.41s
    cube 1982.23.61.57 (depth 3, 30 lits): UNSAT in 1.17s
    cube 1982.23.61.58 (depth 3, 30 lits): UNSAT in 0.40s
    cube 1982.23.61.59 (depth 3, 30 lits): UNSAT in 1.56s
    cube 1982.23.61.60 (depth 3, 30 lits): UNSAT in 0.23s
    cube 1982.23.61.61 (depth 3, 30 lits): UNSAT in 1.93s
    cube 1982.23.61.62 (depth 3, 30 lits): UNSAT in 4.29s
    cube 1982.23.61.63 (depth 3, 30 lits): UNSAT in 23.78s
    cube 1982.23.62 (depth 2, 24 lits): TIMEOUT in 60.01s
    cube 1982.23.62 TIMEOUT -> re-split into 64 sub-cubes (depth 3)
    cube 1982.23.62.0 (depth 3, 30 lits): UNSAT in 0.01s
    cube 1982.23.62.1 (depth 3, 30 lits): UNSAT in 0.02s
    cube 1982.23.62.2 (depth 3, 30 lits): UNSAT in 0.02s
    cube 1982.23.62.3 (depth 3, 30 lits): UNSAT in 0.04s
    cube 1982.23.62.4 (depth 3, 30 lits): UNSAT in 0.02s
    cube 1982.23.62.5 (depth 3, 30 lits): UNSAT in 0.04s
    cube 1982.23.62.6 (depth 3, 30 lits): UNSAT in 0.04s
    cube 1982.23.62.7 (depth 3, 30 lits): UNSAT in 0.05s
    cube 1982.23.62.8 (depth 3, 30 lits): UNSAT in 0.02s
    cube 1982.23.62.9 (depth 3, 30 lits): UNSAT in 0.01s
    cube 1982.23.62.10 (depth 3, 30 lits): UNSAT in 0.03s
    cube 1982.23.62.11 (depth 3, 30 lits): UNSAT in 0.14s
    cube 1982.23.62.12 (depth 3, 30 lits): UNSAT in 0.04s
    cube 1982.23.62.13 (depth 3, 30 lits): UNSAT in 0.03s
    cube 1982.23.62.14 (depth 3, 30 lits): UNSAT in 0.03s
    cube 1982.23.62.15 (depth 3, 30 lits): UNSAT in 0.21s
    cube 1982.23.62.16 (depth 3, 30 lits): UNSAT in 0.03s
    cube 1982.23.62.17 (depth 3, 30 lits): UNSAT in 0.06s
    cube 1982.23.62.18 (depth 3, 30 lits): UNSAT in 0.09s
    cube 1982.23.62.19 (depth 3, 30 lits): UNSAT in 0.20s
    cube 1982.23.62.20 (depth 3, 30 lits): UNSAT in 0.08s
    cube 1982.23.62.21 (depth 3, 30 lits): UNSAT in 0.18s
    cube 1982.23.62.22 (depth 3, 30 lits): UNSAT in 0.14s
    cube 1982.23.62.23 (depth 3, 30 lits): UNSAT in 0.40s
    cube 1982.23.62.24 (depth 3, 30 lits): UNSAT in 0.02s
    cube 1982.23.62.25 (depth 3, 30 lits): UNSAT in 0.03s
    cube 1982.23.62.26 (depth 3, 30 lits): UNSAT in 0.05s
    cube 1982.23.62.27 (depth 3, 30 lits): UNSAT in 0.12s
    cube 1982.23.62.28 (depth 3, 30 lits): UNSAT in 0.20s
    cube 1982.23.62.29 (depth 3, 30 lits): UNSAT in 0.52s
    cube 1982.23.62.30 (depth 3, 30 lits): UNSAT in 0.63s
    cube 1982.23.62.31 (depth 3, 30 lits): UNSAT in 3.17s
    cube 1982.23.62.32 (depth 3, 30 lits): UNSAT in 0.02s
    cube 1982.23.62.33 (depth 3, 30 lits): UNSAT in 0.03s
    cube 1982.23.62.34 (depth 3, 30 lits): UNSAT in 0.03s
    cube 1982.23.62.35 (depth 3, 30 lits): UNSAT in 0.08s
    cube 1982.23.62.36 (depth 3, 30 lits): UNSAT in 0.06s
    cube 1982.23.62.37 (depth 3, 30 lits): UNSAT in 0.08s
    cube 1982.23.62.38 (depth 3, 30 lits): UNSAT in 0.04s
    cube 1982.23.62.39 (depth 3, 30 lits): UNSAT in 0.12s
    cube 1982.23.62.40 (depth 3, 30 lits): UNSAT in 0.09s
    cube 1982.23.62.41 (depth 3, 30 lits): UNSAT in 0.07s
    cube 1982.23.62.42 (depth 3, 30 lits): UNSAT in 0.13s
    cube 1982.23.62.43 (depth 3, 30 lits): UNSAT in 0.13s
    cube 1982.23.62.44 (depth 3, 30 lits): UNSAT in 0.04s
    cube 1982.23.62.45 (depth 3, 30 lits): UNSAT in 0.03s
    cube 1982.23.62.46 (depth 3, 30 lits): UNSAT in 0.29s
    cube 1982.23.62.47 (depth 3, 30 lits): UNSAT in 1.91s
    cube 1982.23.62.48 (depth 3, 30 lits): UNSAT in 0.03s
    cube 1982.23.62.49 (depth 3, 30 lits): UNSAT in 0.05s
    cube 1982.23.62.50 (depth 3, 30 lits): UNSAT in 0.02s
    cube 1982.23.62.51 (depth 3, 30 lits): UNSAT in 0.10s
    cube 1982.23.62.52 (depth 3, 30 lits): UNSAT in 0.10s
    cube 1982.23.62.53 (depth 3, 30 lits): UNSAT in 0.44s
    cube 1982.23.62.54 (depth 3, 30 lits): UNSAT in 0.28s
    cube 1982.23.62.55 (depth 3, 30 lits): UNSAT in 1.83s
    cube 1982.23.62.56 (depth 3, 30 lits): UNSAT in 0.06s
    cube 1982.23.62.57 (depth 3, 30 lits): UNSAT in 0.19s
    cube 1982.23.62.58 (depth 3, 30 lits): UNSAT in 0.23s
    cube 1982.23.62.59 (depth 3, 30 lits): UNSAT in 2.53s
    cube 1982.23.62.60 (depth 3, 30 lits): UNSAT in 0.40s
    cube 1982.23.62.61 (depth 3, 30 lits): UNSAT in 4.27s
    cube 1982.23.62.62 (depth 3, 30 lits): UNSAT in 3.73s
    cube 1982.23.62.63 (depth 3, 30 lits): UNSAT in 49.98s
    cube 1982.23.63 (depth 2, 24 lits): TIMEOUT in 60.06s
    cube 1982.23.63 TIMEOUT -> re-split into 62 sub-cubes (depth 3)
    cube 1982.23.63.0 (depth 3, 29 lits): UNSAT in 0.01s
    cube 1982.23.63.1 (depth 3, 29 lits): UNSAT in 0.01s
    cube 1982.23.63.2 (depth 3, 30 lits): UNSAT in 0.01s
    cube 1982.23.63.3 (depth 3, 30 lits): UNSAT in 0.02s
    cube 1982.23.63.4 (depth 3, 30 lits): UNSAT in 0.02s
    cube 1982.23.63.5 (depth 3, 30 lits): UNSAT in 0.03s
    cube 1982.23.63.6 (depth 3, 30 lits): UNSAT in 0.01s
    cube 1982.23.63.7 (depth 3, 30 lits): UNSAT in 0.03s
    cube 1982.23.63.8 (depth 3, 30 lits): UNSAT in 0.03s
    cube 1982.23.63.9 (depth 3, 30 lits): UNSAT in 0.18s
    cube 1982.23.63.10 (depth 3, 30 lits): UNSAT in 0.01s
    cube 1982.23.63.11 (depth 3, 30 lits): UNSAT in 0.05s
    cube 1982.23.63.12 (depth 3, 30 lits): UNSAT in 0.05s
    cube 1982.23.63.13 (depth 3, 30 lits): UNSAT in 0.28s
    cube 1982.23.63.14 (depth 3, 30 lits): UNSAT in 0.01s
    cube 1982.23.63.15 (depth 3, 30 lits): UNSAT in 0.02s
    cube 1982.23.63.16 (depth 3, 30 lits): UNSAT in 0.02s
    cube 1982.23.63.17 (depth 3, 30 lits): UNSAT in 0.05s
    cube 1982.23.63.18 (depth 3, 30 lits): UNSAT in 0.03s
    cube 1982.23.63.19 (depth 3, 30 lits): UNSAT in 0.10s
    cube 1982.23.63.20 (depth 3, 30 lits): UNSAT in 0.06s
    cube 1982.23.63.21 (depth 3, 30 lits): UNSAT in 0.71s
    cube 1982.23.63.22 (depth 3, 30 lits): UNSAT in 0.02s
    cube 1982.23.63.23 (depth 3, 30 lits): UNSAT in 0.06s
    cube 1982.23.63.24 (depth 3, 30 lits): UNSAT in 0.20s
    cube 1982.23.63.25 (depth 3, 30 lits): UNSAT in 0.54s
    cube 1982.23.63.26 (depth 3, 30 lits): UNSAT in 0.04s
    cube 1982.23.63.27 (depth 3, 30 lits): UNSAT in 0.91s
    cube 1982.23.63.28 (depth 3, 30 lits): UNSAT in 1.36s
    cube 1982.23.63.29 (depth 3, 30 lits): UNSAT in 0.63s
    cube 1982.23.63.30 (depth 3, 30 lits): UNSAT in 0.03s
    cube 1982.23.63.31 (depth 3, 30 lits): UNSAT in 0.02s
    cube 1982.23.63.32 (depth 3, 30 lits): UNSAT in 0.03s
    cube 1982.23.63.33 (depth 3, 30 lits): UNSAT in 0.05s
    cube 1982.23.63.34 (depth 3, 30 lits): UNSAT in 0.02s
    cube 1982.23.63.35 (depth 3, 30 lits): UNSAT in 0.03s
    cube 1982.23.63.36 (depth 3, 30 lits): UNSAT in 0.04s
    cube 1982.23.63.37 (depth 3, 30 lits): UNSAT in 0.26s
    cube 1982.23.63.38 (depth 3, 30 lits): UNSAT in 0.04s
    cube 1982.23.63.39 (depth 3, 30 lits): UNSAT in 0.03s
    cube 1982.23.63.40 (depth 3, 30 lits): UNSAT in 0.03s
    cube 1982.23.63.41 (depth 3, 30 lits): UNSAT in 0.07s
    cube 1982.23.63.42 (depth 3, 30 lits): UNSAT in 0.15s
    cube 1982.23.63.43 (depth 3, 30 lits): UNSAT in 0.43s
    cube 1982.23.63.44 (depth 3, 30 lits): UNSAT in 0.31s
    cube 1982.23.63.45 (depth 3, 30 lits): UNSAT in 2.73s
    cube 1982.23.63.46 (depth 3, 30 lits): UNSAT in 0.04s
    cube 1982.23.63.47 (depth 3, 30 lits): UNSAT in 0.10s
    cube 1982.23.63.48 (depth 3, 30 lits): UNSAT in 0.13s
    cube 1982.23.63.49 (depth 3, 30 lits): UNSAT in 0.07s
    cube 1982.23.63.50 (depth 3, 30 lits): UNSAT in 0.12s
    cube 1982.23.63.51 (depth 3, 30 lits): UNSAT in 0.68s
    cube 1982.23.63.52 (depth 3, 30 lits): UNSAT in 0.15s
    cube 1982.23.63.53 (depth 3, 30 lits): UNSAT in 0.98s
    cube 1982.23.63.54 (depth 3, 30 lits): UNSAT in 0.06s
    cube 1982.23.63.55 (depth 3, 30 lits): UNSAT in 0.17s
    cube 1982.23.63.56 (depth 3, 30 lits): UNSAT in 0.17s
    cube 1982.23.63.57 (depth 3, 30 lits): UNSAT in 0.80s
    cube 1982.23.63.58 (depth 3, 30 lits): UNSAT in 0.71s
    cube 1982.23.63.59 (depth 3, 30 lits): UNSAT in 1.89s
    cube 1982.23.63.60 (depth 3, 30 lits): UNSAT in 2.81s
    cube 1982.23.63.61 (depth 3, 30 lits): UNSAT in 34.89s
    cube 1982.24 (depth 1, 18 lits): UNSAT in 5.51s
    cube 1982.25 (depth 1, 18 lits): TIMEOUT in 60.04s
    cube 1982.25 TIMEOUT -> re-split into 64 sub-cubes (depth 2)
    cube 1982.25.0 (depth 2, 24 lits): UNSAT in 0.01s
    cube 1982.25.1 (depth 2, 24 lits): UNSAT in 0.02s
    cube 1982.25.2 (depth 2, 24 lits): UNSAT in 0.02s
    cube 1982.25.3 (depth 2, 24 lits): UNSAT in 0.04s
    cube 1982.25.4 (depth 2, 24 lits): UNSAT in 0.03s
    cube 1982.25.5 (depth 2, 24 lits): UNSAT in 0.13s
    cube 1982.25.6 (depth 2, 24 lits): UNSAT in 0.09s
    cube 1982.25.7 (depth 2, 24 lits): UNSAT in 0.08s
    cube 1982.25.8 (depth 2, 24 lits): UNSAT in 0.02s
    cube 1982.25.9 (depth 2, 24 lits): UNSAT in 0.08s
    cube 1982.25.10 (depth 2, 24 lits): UNSAT in 0.03s
    cube 1982.25.11 (depth 2, 24 lits): UNSAT in 0.18s
    cube 1982.25.12 (depth 2, 24 lits): UNSAT in 0.06s
    cube 1982.25.13 (depth 2, 24 lits): UNSAT in 0.04s
    cube 1982.25.14 (depth 2, 24 lits): UNSAT in 0.08s
    cube 1982.25.15 (depth 2, 24 lits): UNSAT in 0.08s
    cube 1982.25.16 (depth 2, 24 lits): UNSAT in 0.02s
    cube 1982.25.17 (depth 2, 24 lits): UNSAT in 0.04s
    cube 1982.25.18 (depth 2, 24 lits): UNSAT in 0.03s
    cube 1982.25.19 (depth 2, 24 lits): UNSAT in 0.07s
    cube 1982.25.20 (depth 2, 24 lits): UNSAT in 0.03s
    cube 1982.25.21 (depth 2, 24 lits): UNSAT in 0.06s
    cube 1982.25.22 (depth 2, 24 lits): UNSAT in 0.10s
    cube 1982.25.23 (depth 2, 24 lits): UNSAT in 0.12s
    cube 1982.25.24 (depth 2, 24 lits): UNSAT in 0.03s
    cube 1982.25.25 (depth 2, 24 lits): UNSAT in 0.06s
    cube 1982.25.26 (depth 2, 24 lits): UNSAT in 0.08s
    cube 1982.25.27 (depth 2, 24 lits): UNSAT in 0.43s
    cube 1982.25.28 (depth 2, 24 lits): UNSAT in 0.07s
    cube 1982.25.29 (depth 2, 24 lits): UNSAT in 0.04s
    cube 1982.25.30 (depth 2, 24 lits): UNSAT in 0.13s
    cube 1982.25.31 (depth 2, 24 lits): UNSAT in 0.67s
    cube 1982.25.32 (depth 2, 24 lits): UNSAT in 0.02s
    cube 1982.25.33 (depth 2, 24 lits): UNSAT in 0.03s
    cube 1982.25.34 (depth 2, 24 lits): UNSAT in 0.04s
    cube 1982.25.35 (depth 2, 24 lits): UNSAT in 0.13s
    cube 1982.25.36 (depth 2, 24 lits): UNSAT in 0.07s
    cube 1982.25.37 (depth 2, 24 lits): UNSAT in 0.13s
    cube 1982.25.38 (depth 2, 24 lits): UNSAT in 0.08s
    cube 1982.25.39 (depth 2, 24 lits): UNSAT in 0.37s
    cube 1982.25.40 (depth 2, 24 lits): UNSAT in 0.05s
    cube 1982.25.41 (depth 2, 24 lits): UNSAT in 0.14s
    cube 1982.25.42 (depth 2, 24 lits): UNSAT in 0.14s
    cube 1982.25.43 (depth 2, 24 lits): UNSAT in 0.41s
    cube 1982.25.44 (depth 2, 24 lits): UNSAT in 0.14s
    cube 1982.25.45 (depth 2, 24 lits): UNSAT in 0.11s
    cube 1982.25.46 (depth 2, 24 lits): UNSAT in 0.31s
    cube 1982.25.47 (depth 2, 24 lits): UNSAT in 2.64s
    cube 1982.25.48 (depth 2, 24 lits): UNSAT in 0.02s
    cube 1982.25.49 (depth 2, 24 lits): UNSAT in 0.15s
    cube 1982.25.50 (depth 2, 24 lits): UNSAT in 0.08s
    cube 1982.25.51 (depth 2, 24 lits): UNSAT in 0.30s
    cube 1982.25.52 (depth 2, 24 lits): UNSAT in 0.17s
    cube 1982.25.53 (depth 2, 24 lits): UNSAT in 0.47s
    cube 1982.25.54 (depth 2, 24 lits): UNSAT in 0.36s
    cube 1982.25.55 (depth 2, 24 lits): UNSAT in 2.05s
    cube 1982.25.56 (depth 2, 24 lits): UNSAT in 0.20s
    cube 1982.25.57 (depth 2, 24 lits): UNSAT in 1.06s
    cube 1982.25.58 (depth 2, 24 lits): UNSAT in 0.91s
    cube 1982.25.59 (depth 2, 24 lits): UNSAT in 3.71s
    cube 1982.25.60 (depth 2, 24 lits): UNSAT in 1.90s
    cube 1982.25.61 (depth 2, 24 lits): UNSAT in 8.99s
    cube 1982.25.62 (depth 2, 24 lits): UNSAT in 15.78s
    cube 1982.25.63 (depth 2, 24 lits): TIMEOUT in 60.06s
    cube 1982.25.63 TIMEOUT -> re-split into 64 sub-cubes (depth 3)
    cube 1982.25.63.0 (depth 3, 30 lits): UNSAT in 0.02s
    cube 1982.25.63.1 (depth 3, 30 lits): UNSAT in 0.04s
    cube 1982.25.63.2 (depth 3, 30 lits): UNSAT in 0.03s
    cube 1982.25.63.3 (depth 3, 30 lits): UNSAT in 0.08s
    cube 1982.25.63.4 (depth 3, 30 lits): UNSAT in 0.02s
    cube 1982.25.63.5 (depth 3, 30 lits): UNSAT in 0.04s
    cube 1982.25.63.6 (depth 3, 30 lits): UNSAT in 0.04s
    cube 1982.25.63.7 (depth 3, 30 lits): UNSAT in 0.13s
    cube 1982.25.63.8 (depth 3, 30 lits): UNSAT in 0.04s
    cube 1982.25.63.9 (depth 3, 30 lits): UNSAT in 0.06s
    cube 1982.25.63.10 (depth 3, 30 lits): UNSAT in 0.08s
    cube 1982.25.63.11 (depth 3, 30 lits): UNSAT in 0.38s
    cube 1982.25.63.12 (depth 3, 30 lits): UNSAT in 0.04s
    cube 1982.25.63.13 (depth 3, 30 lits): UNSAT in 0.23s
    cube 1982.25.63.14 (depth 3, 30 lits): UNSAT in 0.15s
    cube 1982.25.63.15 (depth 3, 30 lits): UNSAT in 0.99s
    cube 1982.25.63.16 (depth 3, 30 lits): UNSAT in 0.05s
    cube 1982.25.63.17 (depth 3, 30 lits): UNSAT in 0.13s
    cube 1982.25.63.18 (depth 3, 30 lits): UNSAT in 0.07s
    cube 1982.25.63.19 (depth 3, 30 lits): UNSAT in 0.09s
    cube 1982.25.63.20 (depth 3, 30 lits): UNSAT in 0.08s
    cube 1982.25.63.21 (depth 3, 30 lits): UNSAT in 0.17s
    cube 1982.25.63.22 (depth 3, 30 lits): UNSAT in 0.27s
    cube 1982.25.63.23 (depth 3, 30 lits): UNSAT in 0.37s
    cube 1982.25.63.24 (depth 3, 30 lits): UNSAT in 0.12s
    cube 1982.25.63.25 (depth 3, 30 lits): UNSAT in 0.58s
    cube 1982.25.63.26 (depth 3, 30 lits): UNSAT in 0.18s
    cube 1982.25.63.27 (depth 3, 30 lits): UNSAT in 0.45s
    cube 1982.25.63.28 (depth 3, 30 lits): UNSAT in 0.43s
    cube 1982.25.63.29 (depth 3, 30 lits): UNSAT in 1.53s
    cube 1982.25.63.30 (depth 3, 30 lits): UNSAT in 1.64s
    cube 1982.25.63.31 (depth 3, 30 lits): UNSAT in 6.00s
    cube 1982.25.63.32 (depth 3, 30 lits): UNSAT in 0.03s
    cube 1982.25.63.33 (depth 3, 30 lits): UNSAT in 0.06s
    cube 1982.25.63.34 (depth 3, 30 lits): UNSAT in 0.08s
    cube 1982.25.63.35 (depth 3, 30 lits): UNSAT in 0.49s
    cube 1982.25.63.36 (depth 3, 30 lits): UNSAT in 0.10s
    cube 1982.25.63.37 (depth 3, 30 lits): UNSAT in 0.24s
    cube 1982.25.63.38 (depth 3, 30 lits): UNSAT in 0.68s
    cube 1982.25.63.39 (depth 3, 30 lits): UNSAT in 1.41s
    cube 1982.25.63.40 (depth 3, 30 lits): UNSAT in 0.16s
    cube 1982.25.63.41 (depth 3, 30 lits): UNSAT in 0.25s
    cube 1982.25.63.42 (depth 3, 30 lits): UNSAT in 0.32s
    cube 1982.25.63.43 (depth 3, 30 lits): UNSAT in 1.41s
    cube 1982.25.63.44 (depth 3, 30 lits): UNSAT in 0.25s
    cube 1982.25.63.45 (depth 3, 30 lits): UNSAT in 0.96s
    cube 1982.25.63.46 (depth 3, 30 lits): UNSAT in 1.56s
    cube 1982.25.63.47 (depth 3, 30 lits): UNSAT in 8.26s
    cube 1982.25.63.48 (depth 3, 30 lits): UNSAT in 0.13s
    cube 1982.25.63.49 (depth 3, 30 lits): UNSAT in 0.29s
    cube 1982.25.63.50 (depth 3, 30 lits): UNSAT in 0.37s
    cube 1982.25.63.51 (depth 3, 30 lits): UNSAT in 1.35s
    cube 1982.25.63.52 (depth 3, 30 lits): UNSAT in 0.64s
    cube 1982.25.63.53 (depth 3, 30 lits): UNSAT in 1.44s
    cube 1982.25.63.54 (depth 3, 30 lits): UNSAT in 1.43s
    cube 1982.25.63.55 (depth 3, 30 lits): UNSAT in 4.39s
    cube 1982.25.63.56 (depth 3, 30 lits): UNSAT in 0.37s
    cube 1982.25.63.57 (depth 3, 30 lits): UNSAT in 2.32s
    cube 1982.25.63.58 (depth 3, 30 lits): UNSAT in 1.95s
    cube 1982.25.63.59 (depth 3, 30 lits): UNSAT in 24.31s
    cube 1982.25.63.60 (depth 3, 30 lits): UNSAT in 0.96s
    cube 1982.25.63.61 (depth 3, 30 lits): UNSAT in 1.44s
    cube 1982.25.63.62 (depth 3, 30 lits): UNSAT in 2.62s
    cube 1982.25.63.63 (depth 3, 30 lits): UNSAT in 16.94s
    cube 1982.26 (depth 1, 18 lits): UNSAT in 55.80s
    cube 1982.27 (depth 1, 18 lits): TIMEOUT in 60.05s
    cube 1982.27 TIMEOUT -> re-split into 64 sub-cubes (depth 2)
    cube 1982.27.0 (depth 2, 24 lits): UNSAT in 0.03s
    cube 1982.27.1 (depth 2, 24 lits): UNSAT in 0.03s
    cube 1982.27.2 (depth 2, 24 lits): UNSAT in 0.03s
    cube 1982.27.3 (depth 2, 24 lits): UNSAT in 0.10s
    cube 1982.27.4 (depth 2, 24 lits): UNSAT in 0.12s
    cube 1982.27.5 (depth 2, 24 lits): UNSAT in 0.11s
    cube 1982.27.6 (depth 2, 24 lits): UNSAT in 0.26s
    cube 1982.27.7 (depth 2, 24 lits): UNSAT in 0.44s
    cube 1982.27.8 (depth 2, 24 lits): UNSAT in 0.01s
    cube 1982.27.9 (depth 2, 24 lits): UNSAT in 0.02s
    cube 1982.27.10 (depth 2, 24 lits): UNSAT in 0.08s
    cube 1982.27.11 (depth 2, 24 lits): UNSAT in 0.05s
    cube 1982.27.12 (depth 2, 24 lits): UNSAT in 0.13s
    cube 1982.27.13 (depth 2, 24 lits): UNSAT in 0.32s
    cube 1982.27.14 (depth 2, 24 lits): UNSAT in 0.85s
    cube 1982.27.15 (depth 2, 24 lits): UNSAT in 1.50s
    cube 1982.27.16 (depth 2, 24 lits): UNSAT in 0.04s
    cube 1982.27.17 (depth 2, 24 lits): UNSAT in 0.08s
    cube 1982.27.18 (depth 2, 24 lits): UNSAT in 0.09s
    cube 1982.27.19 (depth 2, 24 lits): UNSAT in 0.19s
    cube 1982.27.20 (depth 2, 24 lits): UNSAT in 0.03s
    cube 1982.27.21 (depth 2, 24 lits): UNSAT in 0.03s
    cube 1982.27.22 (depth 2, 24 lits): UNSAT in 0.06s
    cube 1982.27.23 (depth 2, 24 lits): UNSAT in 0.40s
    cube 1982.27.24 (depth 2, 24 lits): UNSAT in 0.02s
    cube 1982.27.25 (depth 2, 24 lits): UNSAT in 0.47s
    cube 1982.27.26 (depth 2, 24 lits): UNSAT in 1.89s
    cube 1982.27.27 (depth 2, 24 lits): UNSAT in 3.33s
    cube 1982.27.28 (depth 2, 24 lits): UNSAT in 1.51s
    cube 1982.27.29 (depth 2, 24 lits): UNSAT in 1.09s
    cube 1982.27.30 (depth 2, 24 lits): UNSAT in 3.21s
    cube 1982.27.31 (depth 2, 24 lits): UNSAT in 7.64s
    cube 1982.27.32 (depth 2, 24 lits): UNSAT in 0.05s
    cube 1982.27.33 (depth 2, 24 lits): UNSAT in 0.06s
    cube 1982.27.34 (depth 2, 24 lits): UNSAT in 0.04s
    cube 1982.27.35 (depth 2, 24 lits): UNSAT in 0.10s
    cube 1982.27.36 (depth 2, 24 lits): UNSAT in 0.04s
    cube 1982.27.37 (depth 2, 24 lits): UNSAT in 0.40s
    cube 1982.27.38 (depth 2, 24 lits): UNSAT in 0.68s
    cube 1982.27.39 (depth 2, 24 lits): UNSAT in 0.57s
    cube 1982.27.40 (depth 2, 24 lits): UNSAT in 0.04s
    cube 1982.27.41 (depth 2, 24 lits): UNSAT in 0.06s
    cube 1982.27.42 (depth 2, 24 lits): UNSAT in 0.10s
    cube 1982.27.43 (depth 2, 24 lits): UNSAT in 0.11s
    cube 1982.27.44 (depth 2, 24 lits): UNSAT in 0.21s
    cube 1982.27.45 (depth 2, 24 lits): UNSAT in 1.33s
    cube 1982.27.46 (depth 2, 24 lits): UNSAT in 1.50s
    cube 1982.27.47 (depth 2, 24 lits): UNSAT in 8.43s
    cube 1982.27.48 (depth 2, 24 lits): UNSAT in 0.09s
    cube 1982.27.49 (depth 2, 24 lits): UNSAT in 0.06s
    cube 1982.27.50 (depth 2, 24 lits): UNSAT in 0.29s
    cube 1982.27.51 (depth 2, 24 lits): UNSAT in 0.35s
    cube 1982.27.52 (depth 2, 24 lits): UNSAT in 0.38s
    cube 1982.27.53 (depth 2, 24 lits): UNSAT in 2.27s
    cube 1982.27.54 (depth 2, 24 lits): UNSAT in 1.51s
    cube 1982.27.55 (depth 2, 24 lits): UNSAT in 18.92s
    cube 1982.27.56 (depth 2, 24 lits): UNSAT in 0.38s
    cube 1982.27.57 (depth 2, 24 lits): UNSAT in 4.50s
    cube 1982.27.58 (depth 2, 24 lits): UNSAT in 3.37s
    cube 1982.27.59 (depth 2, 24 lits): TIMEOUT in 60.06s
    cube 1982.27.59 TIMEOUT -> re-split into 64 sub-cubes (depth 3)
    cube 1982.27.59.0 (depth 3, 30 lits): UNSAT in 0.01s
    cube 1982.27.59.1 (depth 3, 30 lits): UNSAT in 0.02s
    cube 1982.27.59.2 (depth 3, 30 lits): UNSAT in 0.03s
    cube 1982.27.59.3 (depth 3, 30 lits): UNSAT in 0.03s
    cube 1982.27.59.4 (depth 3, 30 lits): UNSAT in 0.02s
    cube 1982.27.59.5 (depth 3, 30 lits): UNSAT in 0.02s
    cube 1982.27.59.6 (depth 3, 30 lits): UNSAT in 0.04s
    cube 1982.27.59.7 (depth 3, 30 lits): UNSAT in 0.04s
    cube 1982.27.59.8 (depth 3, 30 lits): UNSAT in 0.04s
    cube 1982.27.59.9 (depth 3, 30 lits): UNSAT in 0.08s
    cube 1982.27.59.10 (depth 3, 30 lits): UNSAT in 0.04s
    cube 1982.27.59.11 (depth 3, 30 lits): UNSAT in 0.02s
    cube 1982.27.59.12 (depth 3, 30 lits): UNSAT in 0.03s
    cube 1982.27.59.13 (depth 3, 30 lits): UNSAT in 0.02s
    cube 1982.27.59.14 (depth 3, 30 lits): UNSAT in 0.08s
    cube 1982.27.59.15 (depth 3, 30 lits): UNSAT in 0.12s
    cube 1982.27.59.16 (depth 3, 30 lits): UNSAT in 0.03s
    cube 1982.27.59.17 (depth 3, 30 lits): UNSAT in 0.03s
    cube 1982.27.59.18 (depth 3, 30 lits): UNSAT in 0.03s
    cube 1982.27.59.19 (depth 3, 30 lits): UNSAT in 0.06s
    cube 1982.27.59.20 (depth 3, 30 lits): UNSAT in 0.05s
    cube 1982.27.59.21 (depth 3, 30 lits): UNSAT in 0.06s
    cube 1982.27.59.22 (depth 3, 30 lits): UNSAT in 0.04s
    cube 1982.27.59.23 (depth 3, 30 lits): UNSAT in 0.09s
    cube 1982.27.59.24 (depth 3, 30 lits): UNSAT in 0.02s
    cube 1982.27.59.25 (depth 3, 30 lits): UNSAT in 0.08s
    cube 1982.27.59.26 (depth 3, 30 lits): UNSAT in 0.03s
    cube 1982.27.59.27 (depth 3, 30 lits): UNSAT in 0.17s
    cube 1982.27.59.28 (depth 3, 30 lits): UNSAT in 0.13s
    cube 1982.27.59.29 (depth 3, 30 lits): UNSAT in 0.22s
    cube 1982.27.59.30 (depth 3, 30 lits): UNSAT in 0.29s
    cube 1982.27.59.31 (depth 3, 30 lits): UNSAT in 1.08s
    cube 1982.27.59.32 (depth 3, 30 lits): UNSAT in 0.07s
    cube 1982.27.59.33 (depth 3, 30 lits): UNSAT in 0.10s
    cube 1982.27.59.34 (depth 3, 30 lits): UNSAT in 0.02s
    cube 1982.27.59.35 (depth 3, 30 lits): UNSAT in 0.06s
    cube 1982.27.59.36 (depth 3, 30 lits): UNSAT in 0.05s
    cube 1982.27.59.37 (depth 3, 30 lits): UNSAT in 0.11s
    cube 1982.27.59.38 (depth 3, 30 lits): UNSAT in 0.09s
    cube 1982.27.59.39 (depth 3, 30 lits): UNSAT in 0.48s
    cube 1982.27.59.40 (depth 3, 30 lits): UNSAT in 0.14s
    cube 1982.27.59.41 (depth 3, 30 lits): UNSAT in 0.21s
    cube 1982.27.59.42 (depth 3, 30 lits): UNSAT in 0.04s
    cube 1982.27.59.43 (depth 3, 30 lits): UNSAT in 0.28s
    cube 1982.27.59.44 (depth 3, 30 lits): UNSAT in 0.14s
    cube 1982.27.59.45 (depth 3, 30 lits): UNSAT in 0.64s
    cube 1982.27.59.46 (depth 3, 30 lits): UNSAT in 0.41s
    cube 1982.27.59.47 (depth 3, 30 lits): UNSAT in 1.15s
    cube 1982.27.59.48 (depth 3, 30 lits): UNSAT in 0.05s
    cube 1982.27.59.49 (depth 3, 30 lits): UNSAT in 0.08s
    cube 1982.27.59.50 (depth 3, 30 lits): UNSAT in 0.34s
    cube 1982.27.59.51 (depth 3, 30 lits): UNSAT in 0.35s
    cube 1982.27.59.52 (depth 3, 30 lits): UNSAT in 0.11s
    cube 1982.27.59.53 (depth 3, 30 lits): UNSAT in 0.35s
    cube 1982.27.59.54 (depth 3, 30 lits): UNSAT in 0.83s
    cube 1982.27.59.55 (depth 3, 30 lits): UNSAT in 2.89s
    cube 1982.27.59.56 (depth 3, 30 lits): UNSAT in 0.29s
    cube 1982.27.59.57 (depth 3, 30 lits): UNSAT in 1.08s
    cube 1982.27.59.58 (depth 3, 30 lits): UNSAT in 0.96s
    cube 1982.27.59.59 (depth 3, 30 lits): UNSAT in 2.87s
    cube 1982.27.59.60 (depth 3, 30 lits): UNSAT in 1.23s
    cube 1982.27.59.61 (depth 3, 30 lits): UNSAT in 10.28s
    cube 1982.27.59.62 (depth 3, 30 lits): UNSAT in 3.98s
    cube 1982.27.59.63 (depth 3, 30 lits): UNSAT in 4.60s
    cube 1982.27.60 (depth 2, 24 lits): UNSAT in 2.83s
    cube 1982.27.61 (depth 2, 24 lits): UNSAT in 34.83s
    cube 1982.27.62 (depth 2, 24 lits): TIMEOUT in 60.00s
    cube 1982.27.62 TIMEOUT -> re-split into 64 sub-cubes (depth 3)
    cube 1982.27.62.0 (depth 3, 30 lits): UNSAT in 0.01s
    cube 1982.27.62.1 (depth 3, 30 lits): UNSAT in 0.02s
    cube 1982.27.62.2 (depth 3, 30 lits): UNSAT in 0.01s
    cube 1982.27.62.3 (depth 3, 30 lits): UNSAT in 0.06s
    cube 1982.27.62.4 (depth 3, 30 lits): UNSAT in 0.01s
    cube 1982.27.62.5 (depth 3, 30 lits): UNSAT in 0.04s
    cube 1982.27.62.6 (depth 3, 30 lits): UNSAT in 0.05s
    cube 1982.27.62.7 (depth 3, 30 lits): UNSAT in 0.11s
    cube 1982.27.62.8 (depth 3, 30 lits): UNSAT in 0.03s
    cube 1982.27.62.9 (depth 3, 30 lits): UNSAT in 0.03s
    cube 1982.27.62.10 (depth 3, 30 lits): UNSAT in 0.06s
    cube 1982.27.62.11 (depth 3, 30 lits): UNSAT in 0.31s
    cube 1982.27.62.12 (depth 3, 30 lits): UNSAT in 0.04s
    cube 1982.27.62.13 (depth 3, 30 lits): UNSAT in 0.03s
    cube 1982.27.62.14 (depth 3, 30 lits): UNSAT in 0.04s
    cube 1982.27.62.15 (depth 3, 30 lits): UNSAT in 0.10s
    cube 1982.27.62.16 (depth 3, 30 lits): UNSAT in 0.02s
    cube 1982.27.62.17 (depth 3, 30 lits): UNSAT in 0.04s
    cube 1982.27.62.18 (depth 3, 30 lits): UNSAT in 0.09s
    cube 1982.27.62.19 (depth 3, 30 lits): UNSAT in 0.25s
    cube 1982.27.62.20 (depth 3, 30 lits): UNSAT in 0.06s
    cube 1982.27.62.21 (depth 3, 30 lits): UNSAT in 0.07s
    cube 1982.27.62.22 (depth 3, 30 lits): UNSAT in 0.08s
    cube 1982.27.62.23 (depth 3, 30 lits): UNSAT in 0.56s
    cube 1982.27.62.24 (depth 3, 30 lits): UNSAT in 0.03s
    cube 1982.27.62.25 (depth 3, 30 lits): UNSAT in 0.04s
    cube 1982.27.62.26 (depth 3, 30 lits): UNSAT in 0.05s
    cube 1982.27.62.27 (depth 3, 30 lits): UNSAT in 0.16s
    cube 1982.27.62.28 (depth 3, 30 lits): UNSAT in 0.05s
    cube 1982.27.62.29 (depth 3, 30 lits): UNSAT in 0.71s
    cube 1982.27.62.30 (depth 3, 30 lits): UNSAT in 0.19s
    cube 1982.27.62.31 (depth 3, 30 lits): UNSAT in 1.11s
    cube 1982.27.62.32 (depth 3, 30 lits): UNSAT in 0.02s
    cube 1982.27.62.33 (depth 3, 30 lits): UNSAT in 0.09s
    cube 1982.27.62.34 (depth 3, 30 lits): UNSAT in 0.05s
    cube 1982.27.62.35 (depth 3, 30 lits): UNSAT in 0.05s
    cube 1982.27.62.36 (depth 3, 30 lits): UNSAT in 0.06s
    cube 1982.27.62.37 (depth 3, 30 lits): UNSAT in 0.23s
    cube 1982.27.62.38 (depth 3, 30 lits): UNSAT in 0.06s
    cube 1982.27.62.39 (depth 3, 30 lits): UNSAT in 0.10s
    cube 1982.27.62.40 (depth 3, 30 lits): UNSAT in 0.17s
    cube 1982.27.62.41 (depth 3, 30 lits): UNSAT in 0.22s
    cube 1982.27.62.42 (depth 3, 30 lits): UNSAT in 0.29s
    cube 1982.27.62.43 (depth 3, 30 lits): UNSAT in 0.51s
    cube 1982.27.62.44 (depth 3, 30 lits): UNSAT in 0.02s
    cube 1982.27.62.45 (depth 3, 30 lits): UNSAT in 0.08s
    cube 1982.27.62.46 (depth 3, 30 lits): UNSAT in 0.07s
    cube 1982.27.62.47 (depth 3, 30 lits): UNSAT in 0.59s
    cube 1982.27.62.48 (depth 3, 30 lits): UNSAT in 0.10s
    cube 1982.27.62.49 (depth 3, 30 lits): UNSAT in 0.14s
    cube 1982.27.62.50 (depth 3, 30 lits): UNSAT in 0.21s
    cube 1982.27.62.51 (depth 3, 30 lits): UNSAT in 0.44s
    cube 1982.27.62.52 (depth 3, 30 lits): UNSAT in 0.17s
    cube 1982.27.62.53 (depth 3, 30 lits): UNSAT in 0.94s
    cube 1982.27.62.54 (depth 3, 30 lits): UNSAT in 1.06s
    cube 1982.27.62.55 (depth 3, 30 lits): UNSAT in 1.66s
    cube 1982.27.62.56 (depth 3, 30 lits): UNSAT in 0.16s
    cube 1982.27.62.57 (depth 3, 30 lits): UNSAT in 0.96s
    cube 1982.27.62.58 (depth 3, 30 lits): UNSAT in 0.41s
    cube 1982.27.62.59 (depth 3, 30 lits): UNSAT in 2.03s
    cube 1982.27.62.60 (depth 3, 30 lits): UNSAT in 1.60s
    cube 1982.27.62.61 (depth 3, 30 lits): UNSAT in 6.22s
    cube 1982.27.62.62 (depth 3, 30 lits): UNSAT in 5.04s
    cube 1982.27.62.63 (depth 3, 30 lits): UNSAT in 23.18s
    cube 1982.27.63 (depth 2, 24 lits): TIMEOUT in 60.06s
    cube 1982.27.63 TIMEOUT -> re-split into 64 sub-cubes (depth 3)
    cube 1982.27.63.0 (depth 3, 30 lits): UNSAT in 0.02s
    cube 1982.27.63.1 (depth 3, 30 lits): UNSAT in 0.08s
    cube 1982.27.63.2 (depth 3, 30 lits): UNSAT in 0.03s
    cube 1982.27.63.3 (depth 3, 30 lits): UNSAT in 0.10s
    cube 1982.27.63.4 (depth 3, 30 lits): UNSAT in 0.07s
    cube 1982.27.63.5 (depth 3, 30 lits): UNSAT in 0.17s
    cube 1982.27.63.6 (depth 3, 30 lits): UNSAT in 0.05s
    cube 1982.27.63.7 (depth 3, 30 lits): UNSAT in 0.17s
    cube 1982.27.63.8 (depth 3, 30 lits): UNSAT in 0.05s
    cube 1982.27.63.9 (depth 3, 30 lits): UNSAT in 0.19s
    cube 1982.27.63.10 (depth 3, 30 lits): UNSAT in 0.04s
    cube 1982.27.63.11 (depth 3, 30 lits): UNSAT in 0.07s
    cube 1982.27.63.12 (depth 3, 30 lits): UNSAT in 0.15s
    cube 1982.27.63.13 (depth 3, 30 lits): UNSAT in 0.34s
    cube 1982.27.63.14 (depth 3, 30 lits): UNSAT in 0.49s
    cube 1982.27.63.15 (depth 3, 30 lits): UNSAT in 0.30s
    cube 1982.27.63.16 (depth 3, 30 lits): UNSAT in 0.02s
    cube 1982.27.63.17 (depth 3, 30 lits): UNSAT in 0.06s
    cube 1982.27.63.18 (depth 3, 30 lits): UNSAT in 0.04s
    cube 1982.27.63.19 (depth 3, 30 lits): UNSAT in 0.08s
    cube 1982.27.63.20 (depth 3, 30 lits): UNSAT in 0.16s
    cube 1982.27.63.21 (depth 3, 30 lits): UNSAT in 0.39s
    cube 1982.27.63.22 (depth 3, 30 lits): UNSAT in 0.42s
    cube 1982.27.63.23 (depth 3, 30 lits): UNSAT in 1.72s
    cube 1982.27.63.24 (depth 3, 30 lits): UNSAT in 0.34s
    cube 1982.27.63.25 (depth 3, 30 lits): UNSAT in 0.55s
    cube 1982.27.63.26 (depth 3, 30 lits): UNSAT in 1.49s
    cube 1982.27.63.27 (depth 3, 30 lits): UNSAT in 2.85s
    cube 1982.27.63.28 (depth 3, 30 lits): UNSAT in 1.96s
    cube 1982.27.63.29 (depth 3, 30 lits): UNSAT in 2.46s
    cube 1982.27.63.30 (depth 3, 30 lits): UNSAT in 5.10s
    cube 1982.27.63.31 (depth 3, 30 lits): TIMEOUT in 60.02s
    cube 1982.27.63.32 (depth 3, 30 lits): UNSAT in 0.04s
    cube 1982.27.63.33 (depth 3, 30 lits): UNSAT in 0.14s
    cube 1982.27.63.34 (depth 3, 30 lits): UNSAT in 0.06s
    cube 1982.27.63.35 (depth 3, 30 lits): UNSAT in 0.15s
    cube 1982.27.63.36 (depth 3, 30 lits): UNSAT in 0.19s
    cube 1982.27.63.37 (depth 3, 30 lits): UNSAT in 0.25s
    cube 1982.27.63.38 (depth 3, 30 lits): UNSAT in 0.10s
    cube 1982.27.63.39 (depth 3, 30 lits): UNSAT in 0.30s
    cube 1982.27.63.40 (depth 3, 30 lits): UNSAT in 0.12s
    cube 1982.27.63.41 (depth 3, 30 lits): UNSAT in 0.14s
    cube 1982.27.63.42 (depth 3, 30 lits): UNSAT in 0.41s
    cube 1982.27.63.43 (depth 3, 30 lits): UNSAT in 1.44s
    cube 1982.27.63.44 (depth 3, 30 lits): UNSAT in 0.32s
    cube 1982.27.63.45 (depth 3, 30 lits): UNSAT in 0.77s
    cube 1982.27.63.46 (depth 3, 30 lits): UNSAT in 0.40s
    cube 1982.27.63.47 (depth 3, 30 lits): UNSAT in 1.89s
    cube 1982.27.63.48 (depth 3, 30 lits): UNSAT in 0.09s
    cube 1982.27.63.49 (depth 3, 30 lits): UNSAT in 0.35s
    cube 1982.27.63.50 (depth 3, 30 lits): UNSAT in 0.12s
    cube 1982.27.63.51 (depth 3, 30 lits): UNSAT in 0.28s
    cube 1982.27.63.52 (depth 3, 30 lits): UNSAT in 0.38s
    cube 1982.27.63.53 (depth 3, 30 lits): UNSAT in 0.13s
    cube 1982.27.63.54 (depth 3, 30 lits): UNSAT in 0.70s
    cube 1982.27.63.55 (depth 3, 30 lits): UNSAT in 1.44s
    cube 1982.27.63.56 (depth 3, 30 lits): UNSAT in 0.16s
    cube 1982.27.63.57 (depth 3, 30 lits): UNSAT in 0.79s
    cube 1982.27.63.58 (depth 3, 30 lits): UNSAT in 0.54s
    cube 1982.27.63.59 (depth 3, 30 lits): UNSAT in 11.42s
    cube 1982.27.63.60 (depth 3, 30 lits): UNSAT in 0.68s
    cube 1982.27.63.61 (depth 3, 30 lits): UNSAT in 2.33s
    cube 1982.27.63.62 (depth 3, 30 lits): UNSAT in 4.95s
    cube 1982.27.63.63 (depth 3, 30 lits): UNSAT in 48.33s
    cube 1982.28 (depth 1, 18 lits): TIMEOUT in 60.06s
    cube 1982.28 TIMEOUT -> re-split into 64 sub-cubes (depth 2)
    cube 1982.28.0 (depth 2, 24 lits): UNSAT in 0.01s
    cube 1982.28.1 (depth 2, 24 lits): UNSAT in 0.04s
    cube 1982.28.2 (depth 2, 24 lits): UNSAT in 0.04s
    cube 1982.28.3 (depth 2, 24 lits): UNSAT in 0.09s
    cube 1982.28.4 (depth 2, 24 lits): UNSAT in 0.03s
    cube 1982.28.5 (depth 2, 24 lits): UNSAT in 0.13s
    cube 1982.28.6 (depth 2, 24 lits): UNSAT in 0.09s
    cube 1982.28.7 (depth 2, 24 lits): UNSAT in 0.78s
    cube 1982.28.8 (depth 2, 24 lits): UNSAT in 0.02s
    cube 1982.28.9 (depth 2, 24 lits): UNSAT in 0.03s
    cube 1982.28.10 (depth 2, 24 lits): UNSAT in 0.04s
    cube 1982.28.11 (depth 2, 24 lits): UNSAT in 0.18s
    cube 1982.28.12 (depth 2, 24 lits): UNSAT in 0.02s
    cube 1982.28.13 (depth 2, 24 lits): UNSAT in 0.07s
    cube 1982.28.14 (depth 2, 24 lits): UNSAT in 0.26s
    cube 1982.28.15 (depth 2, 24 lits): UNSAT in 0.40s
    cube 1982.28.16 (depth 2, 24 lits): UNSAT in 0.02s
    cube 1982.28.17 (depth 2, 24 lits): UNSAT in 0.05s
    cube 1982.28.18 (depth 2, 24 lits): UNSAT in 0.03s
    cube 1982.28.19 (depth 2, 24 lits): UNSAT in 0.08s
    cube 1982.28.20 (depth 2, 24 lits): UNSAT in 0.03s
    cube 1982.28.21 (depth 2, 24 lits): UNSAT in 0.06s
    cube 1982.28.22 (depth 2, 24 lits): UNSAT in 0.04s
    cube 1982.28.23 (depth 2, 24 lits): UNSAT in 0.07s
    cube 1982.28.24 (depth 2, 24 lits): UNSAT in 0.04s
    cube 1982.28.25 (depth 2, 24 lits): UNSAT in 0.07s
    cube 1982.28.26 (depth 2, 24 lits): UNSAT in 0.04s
    cube 1982.28.27 (depth 2, 24 lits): UNSAT in 0.44s
    cube 1982.28.28 (depth 2, 24 lits): UNSAT in 0.07s
    cube 1982.28.29 (depth 2, 24 lits): UNSAT in 0.11s
    cube 1982.28.30 (depth 2, 24 lits): UNSAT in 0.50s
    cube 1982.28.31 (depth 2, 24 lits): UNSAT in 1.91s
    cube 1982.28.32 (depth 2, 24 lits): UNSAT in 0.02s
    cube 1982.28.33 (depth 2, 24 lits): UNSAT in 0.04s
    cube 1982.28.34 (depth 2, 24 lits): UNSAT in 0.04s
    cube 1982.28.35 (depth 2, 24 lits): UNSAT in 0.09s
    cube 1982.28.36 (depth 2, 24 lits): UNSAT in 0.06s
    cube 1982.28.37 (depth 2, 24 lits): UNSAT in 0.08s
    cube 1982.28.38 (depth 2, 24 lits): UNSAT in 0.04s
    cube 1982.28.39 (depth 2, 24 lits): UNSAT in 0.45s
    cube 1982.28.40 (depth 2, 24 lits): UNSAT in 0.03s
    cube 1982.28.41 (depth 2, 24 lits): UNSAT in 0.16s
    cube 1982.28.42 (depth 2, 24 lits): UNSAT in 0.05s
    cube 1982.28.43 (depth 2, 24 lits): UNSAT in 0.09s
    cube 1982.28.44 (depth 2, 24 lits): UNSAT in 0.39s
    cube 1982.28.45 (depth 2, 24 lits): UNSAT in 0.51s
    cube 1982.28.46 (depth 2, 24 lits): UNSAT in 1.58s
    cube 1982.28.47 (depth 2, 24 lits): UNSAT in 3.83s
    cube 1982.28.48 (depth 2, 24 lits): UNSAT in 0.03s
    cube 1982.28.49 (depth 2, 24 lits): UNSAT in 0.08s
    cube 1982.28.50 (depth 2, 24 lits): UNSAT in 0.06s
    cube 1982.28.51 (depth 2, 24 lits): UNSAT in 0.21s
    cube 1982.28.52 (depth 2, 24 lits): UNSAT in 0.04s
    cube 1982.28.53 (depth 2, 24 lits): UNSAT in 0.21s
    cube 1982.28.54 (depth 2, 24 lits): UNSAT in 0.31s
    cube 1982.28.55 (depth 2, 24 lits): UNSAT in 3.13s
    cube 1982.28.56 (depth 2, 24 lits): UNSAT in 0.21s
    cube 1982.28.57 (depth 2, 24 lits): UNSAT in 1.48s
    cube 1982.28.58 (depth 2, 24 lits): UNSAT in 0.77s
    cube 1982.28.59 (depth 2, 24 lits): UNSAT in 5.34s
    cube 1982.28.60 (depth 2, 24 lits): UNSAT in 0.21s
    cube 1982.28.61 (depth 2, 24 lits): UNSAT in 10.30s
    cube 1982.28.62 (depth 2, 24 lits): UNSAT in 8.58s
    cube 1982.28.63 (depth 2, 24 lits): UNSAT in 32.19s
    cube 1982.29 (depth 1, 18 lits): TIMEOUT in 60.06s
    cube 1982.29 TIMEOUT -> re-split into 64 sub-cubes (depth 2)
    cube 1982.29.0 (depth 2, 24 lits): UNSAT in 0.02s
    cube 1982.29.1 (depth 2, 24 lits): UNSAT in 0.02s
    cube 1982.29.2 (depth 2, 24 lits): UNSAT in 0.05s
    cube 1982.29.3 (depth 2, 24 lits): UNSAT in 0.06s
    cube 1982.29.4 (depth 2, 24 lits): UNSAT in 0.04s
    cube 1982.29.5 (depth 2, 24 lits): UNSAT in 0.04s
    cube 1982.29.6 (depth 2, 24 lits): UNSAT in 0.03s
    cube 1982.29.7 (depth 2, 24 lits): UNSAT in 0.14s
    cube 1982.29.8 (depth 2, 24 lits): UNSAT in 0.04s
    cube 1982.29.9 (depth 2, 24 lits): UNSAT in 0.10s
    cube 1982.29.10 (depth 2, 24 lits): UNSAT in 0.11s
    cube 1982.29.11 (depth 2, 24 lits): UNSAT in 0.35s
    cube 1982.29.12 (depth 2, 24 lits): UNSAT in 0.10s
    cube 1982.29.13 (depth 2, 24 lits): UNSAT in 0.19s
    cube 1982.29.14 (depth 2, 24 lits): UNSAT in 0.43s
    cube 1982.29.15 (depth 2, 24 lits): UNSAT in 0.95s
    cube 1982.29.16 (depth 2, 24 lits): UNSAT in 0.02s
    cube 1982.29.17 (depth 2, 24 lits): UNSAT in 0.03s
    cube 1982.29.18 (depth 2, 24 lits): UNSAT in 0.03s
    cube 1982.29.19 (depth 2, 24 lits): UNSAT in 0.04s
    cube 1982.29.20 (depth 2, 24 lits): UNSAT in 0.14s
    cube 1982.29.21 (depth 2, 24 lits): UNSAT in 0.28s
    cube 1982.29.22 (depth 2, 24 lits): UNSAT in 0.82s
    cube 1982.29.23 (depth 2, 24 lits): UNSAT in 6.82s
    cube 1982.29.24 (depth 2, 24 lits): UNSAT in 0.45s
    cube 1982.29.25 (depth 2, 24 lits): UNSAT in 1.30s
    cube 1982.29.26 (depth 2, 24 lits): UNSAT in 0.09s
    cube 1982.29.27 (depth 2, 24 lits): UNSAT in 2.47s
    cube 1982.29.28 (depth 2, 24 lits): UNSAT in 0.67s
    cube 1982.29.29 (depth 2, 24 lits): UNSAT in 1.66s
    cube 1982.29.30 (depth 2, 24 lits): UNSAT in 2.27s
    cube 1982.29.31 (depth 2, 24 lits): UNSAT in 14.97s
    cube 1982.29.32 (depth 2, 24 lits): UNSAT in 0.05s
    cube 1982.29.33 (depth 2, 24 lits): UNSAT in 0.15s
    cube 1982.29.34 (depth 2, 24 lits): UNSAT in 0.70s
    cube 1982.29.35 (depth 2, 24 lits): UNSAT in 1.61s
    cube 1982.29.36 (depth 2, 24 lits): UNSAT in 0.34s
    cube 1982.29.37 (depth 2, 24 lits): UNSAT in 3.69s
    cube 1982.29.38 (depth 2, 24 lits): UNSAT in 0.28s
    cube 1982.29.39 (depth 2, 24 lits): UNSAT in 4.42s
    cube 1982.29.40 (depth 2, 24 lits): UNSAT in 0.09s
    cube 1982.29.41 (depth 2, 24 lits): UNSAT in 0.21s
    cube 1982.29.42 (depth 2, 24 lits): UNSAT in 0.77s
    cube 1982.29.43 (depth 2, 24 lits): UNSAT in 2.63s
    cube 1982.29.44 (depth 2, 24 lits): UNSAT in 0.22s
    cube 1982.29.45 (depth 2, 24 lits): UNSAT in 1.04s
    cube 1982.29.46 (depth 2, 24 lits): UNSAT in 1.43s
    cube 1982.29.47 (depth 2, 24 lits): UNSAT in 8.33s
    cube 1982.29.48 (depth 2, 24 lits): UNSAT in 0.09s
    cube 1982.29.49 (depth 2, 24 lits): UNSAT in 0.29s
    cube 1982.29.50 (depth 2, 24 lits): UNSAT in 0.16s
    cube 1982.29.51 (depth 2, 24 lits): UNSAT in 0.57s
    cube 1982.29.52 (depth 2, 24 lits): UNSAT in 0.33s
    cube 1982.29.53 (depth 2, 24 lits): UNSAT in 0.19s
    cube 1982.29.54 (depth 2, 24 lits): UNSAT in 2.21s
    cube 1982.29.55 (depth 2, 24 lits): UNSAT in 16.94s
    cube 1982.29.56 (depth 2, 24 lits): UNSAT in 1.36s
    cube 1982.29.57 (depth 2, 24 lits): UNSAT in 1.45s
    cube 1982.29.58 (depth 2, 24 lits): UNSAT in 3.16s
    cube 1982.29.59 (depth 2, 24 lits): UNSAT in 19.24s
    cube 1982.29.60 (depth 2, 24 lits): UNSAT in 3.42s
    cube 1982.29.61 (depth 2, 24 lits): TIMEOUT in 60.06s
    cube 1982.29.61 TIMEOUT -> re-split into 64 sub-cubes (depth 3)
    cube 1982.29.61.0 (depth 3, 30 lits): UNSAT in 0.01s
    cube 1982.29.61.1 (depth 3, 30 lits): UNSAT in 0.02s
    cube 1982.29.61.2 (depth 3, 30 lits): UNSAT in 0.02s
    cube 1982.29.61.3 (depth 3, 30 lits): UNSAT in 0.03s
    cube 1982.29.61.4 (depth 3, 30 lits): UNSAT in 0.03s
    cube 1982.29.61.5 (depth 3, 30 lits): UNSAT in 0.04s
    cube 1982.29.61.6 (depth 3, 30 lits): UNSAT in 0.02s
    cube 1982.29.61.7 (depth 3, 30 lits): UNSAT in 0.05s
    cube 1982.29.61.8 (depth 3, 30 lits): UNSAT in 0.02s
    cube 1982.29.61.9 (depth 3, 30 lits): UNSAT in 0.02s
    cube 1982.29.61.10 (depth 3, 30 lits): UNSAT in 0.02s
    cube 1982.29.61.11 (depth 3, 30 lits): UNSAT in 0.04s
    cube 1982.29.61.12 (depth 3, 30 lits): UNSAT in 0.02s
    cube 1982.29.61.13 (depth 3, 30 lits): UNSAT in 0.11s
    cube 1982.29.61.14 (depth 3, 30 lits): UNSAT in 0.05s
    cube 1982.29.61.15 (depth 3, 30 lits): UNSAT in 0.16s
    cube 1982.29.61.16 (depth 3, 30 lits): UNSAT in 0.05s
    cube 1982.29.61.17 (depth 3, 30 lits): UNSAT in 0.16s
    cube 1982.29.61.18 (depth 3, 30 lits): UNSAT in 0.04s
    cube 1982.29.61.19 (depth 3, 30 lits): UNSAT in 0.15s
    cube 1982.29.61.20 (depth 3, 30 lits): UNSAT in 0.02s
    cube 1982.29.61.21 (depth 3, 30 lits): UNSAT in 0.03s
    cube 1982.29.61.22 (depth 3, 30 lits): UNSAT in 0.05s
    cube 1982.29.61.23 (depth 3, 30 lits): UNSAT in 0.32s
    cube 1982.29.61.24 (depth 3, 30 lits): UNSAT in 0.02s
    cube 1982.29.61.25 (depth 3, 30 lits): UNSAT in 0.07s
    cube 1982.29.61.26 (depth 3, 30 lits): UNSAT in 0.05s
    cube 1982.29.61.27 (depth 3, 30 lits): UNSAT in 0.22s
    cube 1982.29.61.28 (depth 3, 30 lits): UNSAT in 0.06s
    cube 1982.29.61.29 (depth 3, 30 lits): UNSAT in 0.41s
    cube 1982.29.61.30 (depth 3, 30 lits): UNSAT in 0.32s
    cube 1982.29.61.31 (depth 3, 30 lits): UNSAT in 2.33s
    cube 1982.29.61.32 (depth 3, 30 lits): UNSAT in 0.01s
    cube 1982.29.61.33 (depth 3, 30 lits): UNSAT in 0.03s
    cube 1982.29.61.34 (depth 3, 30 lits): UNSAT in 0.04s
    cube 1982.29.61.35 (depth 3, 30 lits): UNSAT in 0.13s
    cube 1982.29.61.36 (depth 3, 30 lits): UNSAT in 0.08s
    cube 1982.29.61.37 (depth 3, 30 lits): UNSAT in 0.21s
    cube 1982.29.61.38 (depth 3, 30 lits): UNSAT in 0.09s
    cube 1982.29.61.39 (depth 3, 30 lits): UNSAT in 0.15s
    cube 1982.29.61.40 (depth 3, 30 lits): UNSAT in 0.03s
    cube 1982.29.61.41 (depth 3, 30 lits): UNSAT in 0.03s
    cube 1982.29.61.42 (depth 3, 30 lits): UNSAT in 0.15s
    cube 1982.29.61.43 (depth 3, 30 lits): UNSAT in 0.04s
    cube 1982.29.61.44 (depth 3, 30 lits): UNSAT in 0.11s
    cube 1982.29.61.45 (depth 3, 30 lits): UNSAT in 0.54s
    cube 1982.29.61.46 (depth 3, 30 lits): UNSAT in 0.05s
    cube 1982.29.61.47 (depth 3, 30 lits): UNSAT in 0.26s
    cube 1982.29.61.48 (depth 3, 30 lits): UNSAT in 0.05s
    cube 1982.29.61.49 (depth 3, 30 lits): UNSAT in 0.14s
    cube 1982.29.61.50 (depth 3, 30 lits): UNSAT in 0.04s
    cube 1982.29.61.51 (depth 3, 30 lits): UNSAT in 0.17s
    cube 1982.29.61.52 (depth 3, 30 lits): UNSAT in 0.78s
    cube 1982.29.61.53 (depth 3, 30 lits): UNSAT in 0.78s
    cube 1982.29.61.54 (depth 3, 30 lits): UNSAT in 0.39s
    cube 1982.29.61.55 (depth 3, 30 lits): UNSAT in 1.31s
    cube 1982.29.61.56 (depth 3, 30 lits): UNSAT in 0.11s
    cube 1982.29.61.57 (depth 3, 30 lits): UNSAT in 0.48s
    cube 1982.29.61.58 (depth 3, 30 lits): UNSAT in 0.69s
    cube 1982.29.61.59 (depth 3, 30 lits): UNSAT in 3.74s
    cube 1982.29.61.60 (depth 3, 30 lits): UNSAT in 2.00s
    cube 1982.29.61.61 (depth 3, 30 lits): UNSAT in 4.40s
    cube 1982.29.61.62 (depth 3, 30 lits): UNSAT in 11.72s
    cube 1982.29.61.63 (depth 3, 30 lits): UNSAT in 27.73s
    cube 1982.29.62 (depth 2, 24 lits): UNSAT in 55.02s
    cube 1982.29.63 (depth 2, 24 lits): TIMEOUT in 60.06s
    cube 1982.29.63 TIMEOUT -> re-split into 64 sub-cubes (depth 3)
    cube 1982.29.63.0 (depth 3, 30 lits): UNSAT in 0.03s
    cube 1982.29.63.1 (depth 3, 30 lits): UNSAT in 0.05s
    cube 1982.29.63.2 (depth 3, 30 lits): UNSAT in 0.07s
    cube 1982.29.63.3 (depth 3, 30 lits): UNSAT in 0.17s
    cube 1982.29.63.4 (depth 3, 30 lits): UNSAT in 0.03s
    cube 1982.29.63.5 (depth 3, 30 lits): UNSAT in 0.04s
    cube 1982.29.63.6 (depth 3, 30 lits): UNSAT in 0.02s
    cube 1982.29.63.7 (depth 3, 30 lits): UNSAT in 0.05s
    cube 1982.29.63.8 (depth 3, 30 lits): UNSAT in 0.02s
    cube 1982.29.63.9 (depth 3, 30 lits): UNSAT in 0.02s
    cube 1982.29.63.10 (depth 3, 30 lits): UNSAT in 0.05s
    cube 1982.29.63.11 (depth 3, 30 lits): UNSAT in 0.08s
    cube 1982.29.63.12 (depth 3, 30 lits): UNSAT in 0.06s
    cube 1982.29.63.13 (depth 3, 30 lits): UNSAT in 0.06s
    cube 1982.29.63.14 (depth 3, 30 lits): UNSAT in 0.27s
    cube 1982.29.63.15 (depth 3, 30 lits): UNSAT in 0.68s
    cube 1982.29.63.16 (depth 3, 30 lits): UNSAT in 0.02s
    cube 1982.29.63.17 (depth 3, 30 lits): UNSAT in 0.02s
    cube 1982.29.63.18 (depth 3, 30 lits): UNSAT in 0.03s
    cube 1982.29.63.19 (depth 3, 30 lits): UNSAT in 0.08s
    cube 1982.29.63.20 (depth 3, 30 lits): UNSAT in 0.06s
    cube 1982.29.63.21 (depth 3, 30 lits): UNSAT in 0.17s
    cube 1982.29.63.22 (depth 3, 30 lits): UNSAT in 0.17s
    cube 1982.29.63.23 (depth 3, 30 lits): UNSAT in 1.14s
    cube 1982.29.63.24 (depth 3, 30 lits): UNSAT in 0.11s
    cube 1982.29.63.25 (depth 3, 30 lits): UNSAT in 0.78s
    cube 1982.29.63.26 (depth 3, 30 lits): UNSAT in 0.27s
    cube 1982.29.63.27 (depth 3, 30 lits): UNSAT in 0.81s
    cube 1982.29.63.28 (depth 3, 30 lits): UNSAT in 3.33s
    cube 1982.29.63.29 (depth 3, 30 lits): UNSAT in 1.53s
    cube 1982.29.63.30 (depth 3, 30 lits): UNSAT in 5.39s
    cube 1982.29.63.31 (depth 3, 30 lits): UNSAT in 24.13s
    cube 1982.29.63.32 (depth 3, 30 lits): UNSAT in 0.08s
    cube 1982.29.63.33 (depth 3, 30 lits): UNSAT in 0.11s
    cube 1982.29.63.34 (depth 3, 30 lits): UNSAT in 0.11s
    cube 1982.29.63.35 (depth 3, 30 lits): UNSAT in 0.51s
    cube 1982.29.63.36 (depth 3, 30 lits): UNSAT in 0.48s
    cube 1982.29.63.37 (depth 3, 30 lits): UNSAT in 0.65s
    cube 1982.29.63.38 (depth 3, 30 lits): UNSAT in 0.46s
    cube 1982.29.63.39 (depth 3, 30 lits): UNSAT in 1.75s
    cube 1982.29.63.40 (depth 3, 30 lits): UNSAT in 0.31s
    cube 1982.29.63.41 (depth 3, 30 lits): UNSAT in 0.46s
    cube 1982.29.63.42 (depth 3, 30 lits): UNSAT in 0.33s
    cube 1982.29.63.43 (depth 3, 30 lits): UNSAT in 1.04s
    cube 1982.29.63.44 (depth 3, 30 lits): UNSAT in 0.61s
    cube 1982.29.63.45 (depth 3, 30 lits): UNSAT in 1.76s
    cube 1982.29.63.46 (depth 3, 30 lits): UNSAT in 4.36s
    cube 1982.29.63.47 (depth 3, 30 lits): UNSAT in 35.29s
    cube 1982.29.63.48 (depth 3, 30 lits): UNSAT in 0.07s
    cube 1982.29.63.49 (depth 3, 30 lits): UNSAT in 0.04s
    cube 1982.29.63.50 (depth 3, 30 lits): UNSAT in 0.06s
    cube 1982.29.63.51 (depth 3, 30 lits): UNSAT in 0.55s
    cube 1982.29.63.52 (depth 3, 30 lits): UNSAT in 0.17s
    cube 1982.29.63.53 (depth 3, 30 lits): UNSAT in 0.23s
    cube 1982.29.63.54 (depth 3, 30 lits): UNSAT in 0.36s
    cube 1982.29.63.55 (depth 3, 30 lits): UNSAT in 4.47s
    cube 1982.29.63.56 (depth 3, 30 lits): UNSAT in 0.05s
    cube 1982.29.63.57 (depth 3, 30 lits): UNSAT in 0.34s
    cube 1982.29.63.58 (depth 3, 30 lits): UNSAT in 0.82s
    cube 1982.29.63.59 (depth 3, 30 lits): UNSAT in 0.98s
    cube 1982.29.63.60 (depth 3, 30 lits): UNSAT in 1.45s
    cube 1982.29.63.61 (depth 3, 30 lits): UNSAT in 2.57s
    cube 1982.29.63.62 (depth 3, 30 lits): UNSAT in 5.41s
    cube 1982.29.63.63 (depth 3, 30 lits): TIMEOUT in 60.06s
    cube 1982.30 (depth 1, 18 lits): TIMEOUT in 60.06s
    cube 1982.30 TIMEOUT -> re-split into 64 sub-cubes (depth 2)
    cube 1982.30.0 (depth 2, 24 lits): UNSAT in 0.02s
    cube 1982.30.1 (depth 2, 24 lits): UNSAT in 0.01s
    cube 1982.30.2 (depth 2, 24 lits): UNSAT in 0.02s
    cube 1982.30.3 (depth 2, 24 lits): UNSAT in 0.03s
    cube 1982.30.4 (depth 2, 24 lits): UNSAT in 0.02s
    cube 1982.30.5 (depth 2, 24 lits): UNSAT in 0.02s
    cube 1982.30.6 (depth 2, 24 lits): UNSAT in 0.07s
    cube 1982.30.7 (depth 2, 24 lits): UNSAT in 0.08s
    cube 1982.30.8 (depth 2, 24 lits): UNSAT in 0.04s
    cube 1982.30.9 (depth 2, 24 lits): UNSAT in 0.06s
    cube 1982.30.10 (depth 2, 24 lits): UNSAT in 0.21s
    cube 1982.30.11 (depth 2, 24 lits): UNSAT in 0.45s
    cube 1982.30.12 (depth 2, 24 lits): UNSAT in 0.16s
    cube 1982.30.13 (depth 2, 24 lits): UNSAT in 0.29s
    cube 1982.30.14 (depth 2, 24 lits): UNSAT in 2.22s
    cube 1982.30.15 (depth 2, 24 lits): UNSAT in 9.58s
    cube 1982.30.16 (depth 2, 24 lits): UNSAT in 0.17s
    cube 1982.30.17 (depth 2, 24 lits): UNSAT in 0.61s
    cube 1982.30.18 (depth 2, 24 lits): UNSAT in 0.19s
    cube 1982.30.19 (depth 2, 24 lits): UNSAT in 0.94s
    cube 1982.30.20 (depth 2, 24 lits): UNSAT in 0.26s
    cube 1982.30.21 (depth 2, 24 lits): UNSAT in 0.54s
    cube 1982.30.22 (depth 2, 24 lits): UNSAT in 0.24s
    cube 1982.30.23 (depth 2, 24 lits): UNSAT in 0.90s
    cube 1982.30.24 (depth 2, 24 lits): UNSAT in 0.15s
    cube 1982.30.25 (depth 2, 24 lits): UNSAT in 0.55s
    cube 1982.30.26 (depth 2, 24 lits): UNSAT in 2.58s
    cube 1982.30.27 (depth 2, 24 lits): UNSAT in 6.94s
    cube 1982.30.28 (depth 2, 24 lits): UNSAT in 0.83s
    cube 1982.30.29 (depth 2, 24 lits): UNSAT in 5.02s
    cube 1982.30.30 (depth 2, 24 lits): UNSAT in 6.36s
    cube 1982.30.31 (depth 2, 24 lits): TIMEOUT in 60.02s
    cube 1982.30.31 TIMEOUT -> re-split into 64 sub-cubes (depth 3)
    cube 1982.30.31.0 (depth 3, 30 lits): UNSAT in 0.02s
    cube 1982.30.31.1 (depth 3, 30 lits): UNSAT in 0.03s
    cube 1982.30.31.2 (depth 3, 30 lits): UNSAT in 0.02s
    cube 1982.30.31.3 (depth 3, 30 lits): UNSAT in 0.05s
    cube 1982.30.31.4 (depth 3, 30 lits): UNSAT in 0.02s
    cube 1982.30.31.5 (depth 3, 30 lits): UNSAT in 0.04s
    cube 1982.30.31.6 (depth 3, 30 lits): UNSAT in 0.04s
    cube 1982.30.31.7 (depth 3, 30 lits): UNSAT in 0.10s
    cube 1982.30.31.8 (depth 3, 30 lits): UNSAT in 0.02s
    cube 1982.30.31.9 (depth 3, 30 lits): UNSAT in 0.03s
    cube 1982.30.31.10 (depth 3, 30 lits): UNSAT in 0.04s
    cube 1982.30.31.11 (depth 3, 30 lits): UNSAT in 0.07s
    cube 1982.30.31.12 (depth 3, 30 lits): UNSAT in 0.05s
    cube 1982.30.31.13 (depth 3, 30 lits): UNSAT in 0.06s
    cube 1982.30.31.14 (depth 3, 30 lits): UNSAT in 0.05s
    cube 1982.30.31.15 (depth 3, 30 lits): UNSAT in 0.25s
    cube 1982.30.31.16 (depth 3, 30 lits): UNSAT in 0.03s
    cube 1982.30.31.17 (depth 3, 30 lits): UNSAT in 0.04s
    cube 1982.30.31.18 (depth 3, 30 lits): UNSAT in 0.03s
    cube 1982.30.31.19 (depth 3, 30 lits): UNSAT in 0.07s
    cube 1982.30.31.20 (depth 3, 30 lits): UNSAT in 0.04s
    cube 1982.30.31.21 (depth 3, 30 lits): UNSAT in 0.07s
    cube 1982.30.31.22 (depth 3, 30 lits): UNSAT in 0.16s
    cube 1982.30.31.23 (depth 3, 30 lits): UNSAT in 0.26s
    cube 1982.30.31.24 (depth 3, 30 lits): UNSAT in 0.05s
    cube 1982.30.31.25 (depth 3, 30 lits): UNSAT in 0.11s
    cube 1982.30.31.26 (depth 3, 30 lits): UNSAT in 0.10s
    cube 1982.30.31.27 (depth 3, 30 lits): UNSAT in 0.10s
    cube 1982.30.31.28 (depth 3, 30 lits): UNSAT in 0.78s
    cube 1982.30.31.29 (depth 3, 30 lits): UNSAT in 0.72s
    cube 1982.30.31.30 (depth 3, 30 lits): UNSAT in 0.42s
    cube 1982.30.31.31 (depth 3, 30 lits): UNSAT in 1.95s
    cube 1982.30.31.32 (depth 3, 30 lits): UNSAT in 0.03s
    cube 1982.30.31.33 (depth 3, 30 lits): UNSAT in 0.04s
    cube 1982.30.31.34 (depth 3, 30 lits): UNSAT in 0.06s
    cube 1982.30.31.35 (depth 3, 30 lits): UNSAT in 0.18s
    cube 1982.30.31.36 (depth 3, 30 lits): UNSAT in 0.06s
    cube 1982.30.31.37 (depth 3, 30 lits): UNSAT in 0.06s
    cube 1982.30.31.38 (depth 3, 30 lits): UNSAT in 0.05s
    cube 1982.30.31.39 (depth 3, 30 lits): UNSAT in 0.34s
    cube 1982.30.31.40 (depth 3, 30 lits): UNSAT in 0.12s
    cube 1982.30.31.41 (depth 3, 30 lits): UNSAT in 0.08s
    cube 1982.30.31.42 (depth 3, 30 lits): UNSAT in 0.65s
    cube 1982.30.31.43 (depth 3, 30 lits): UNSAT in 0.33s
    cube 1982.30.31.44 (depth 3, 30 lits): UNSAT in 0.15s
    cube 1982.30.31.45 (depth 3, 30 lits): UNSAT in 0.71s
    cube 1982.30.31.46 (depth 3, 30 lits): UNSAT in 0.19s
    cube 1982.30.31.47 (depth 3, 30 lits): UNSAT in 1.74s
    cube 1982.30.31.48 (depth 3, 30 lits): UNSAT in 0.19s
    cube 1982.30.31.49 (depth 3, 30 lits): UNSAT in 0.20s
    cube 1982.30.31.50 (depth 3, 30 lits): UNSAT in 0.05s
    cube 1982.30.31.51 (depth 3, 30 lits): UNSAT in 0.30s
    cube 1982.30.31.52 (depth 3, 30 lits): UNSAT in 0.07s
    cube 1982.30.31.53 (depth 3, 30 lits): UNSAT in 0.31s
    cube 1982.30.31.54 (depth 3, 30 lits): UNSAT in 0.32s
    cube 1982.30.31.55 (depth 3, 30 lits): UNSAT in 1.78s
    cube 1982.30.31.56 (depth 3, 30 lits): UNSAT in 0.28s
    cube 1982.30.31.57 (depth 3, 30 lits): UNSAT in 0.84s
    cube 1982.30.31.58 (depth 3, 30 lits): UNSAT in 0.50s
    cube 1982.30.31.59 (depth 3, 30 lits): UNSAT in 5.19s
    cube 1982.30.31.60 (depth 3, 30 lits): UNSAT in 0.17s
    cube 1982.30.31.61 (depth 3, 30 lits): UNSAT in 0.30s
    cube 1982.30.31.62 (depth 3, 30 lits): UNSAT in 0.54s
    cube 1982.30.31.63 (depth 3, 30 lits): UNSAT in 6.85s
    cube 1982.30.32 (depth 2, 24 lits): UNSAT in 0.03s
    cube 1982.30.33 (depth 2, 24 lits): UNSAT in 0.22s
    cube 1982.30.34 (depth 2, 24 lits): UNSAT in 0.13s
    cube 1982.30.35 (depth 2, 24 lits): UNSAT in 0.47s
    cube 1982.30.36 (depth 2, 24 lits): UNSAT in 0.19s
    cube 1982.30.37 (depth 2, 24 lits): UNSAT in 1.74s
    cube 1982.30.38 (depth 2, 24 lits): UNSAT in 0.86s
    cube 1982.30.39 (depth 2, 24 lits): UNSAT in 5.56s
    cube 1982.30.40 (depth 2, 24 lits): UNSAT in 0.29s
    cube 1982.30.41 (depth 2, 24 lits): UNSAT in 0.28s
    cube 1982.30.42 (depth 2, 24 lits): UNSAT in 0.11s
    cube 1982.30.43 (depth 2, 24 lits): UNSAT in 3.57s
    cube 1982.30.44 (depth 2, 24 lits): UNSAT in 0.67s
    cube 1982.30.45 (depth 2, 24 lits): UNSAT in 2.81s
    cube 1982.30.46 (depth 2, 24 lits): UNSAT in 1.30s
    cube 1982.30.47 (depth 2, 24 lits): TIMEOUT in 60.04s
    cube 1982.30.47 TIMEOUT -> re-split into 63 sub-cubes (depth 3)
    cube 1982.30.47.0 (depth 3, 29 lits): UNSAT in 0.02s
    cube 1982.30.47.1 (depth 3, 30 lits): UNSAT in 0.02s
    cube 1982.30.47.2 (depth 3, 30 lits): UNSAT in 0.06s
    cube 1982.30.47.3 (depth 3, 30 lits): UNSAT in 0.02s
    cube 1982.30.47.4 (depth 3, 30 lits): UNSAT in 0.02s
    cube 1982.30.47.5 (depth 3, 30 lits): UNSAT in 0.04s
    cube 1982.30.47.6 (depth 3, 30 lits): UNSAT in 0.24s
    cube 1982.30.47.7 (depth 3, 30 lits): UNSAT in 0.03s
    cube 1982.30.47.8 (depth 3, 30 lits): UNSAT in 0.05s
    cube 1982.30.47.9 (depth 3, 30 lits): UNSAT in 0.07s
    cube 1982.30.47.10 (depth 3, 30 lits): UNSAT in 0.15s
    cube 1982.30.47.11 (depth 3, 30 lits): UNSAT in 0.05s
    cube 1982.30.47.12 (depth 3, 30 lits): UNSAT in 0.06s
    cube 1982.30.47.13 (depth 3, 30 lits): UNSAT in 0.05s
    cube 1982.30.47.14 (depth 3, 30 lits): UNSAT in 0.24s
    cube 1982.30.47.15 (depth 3, 30 lits): UNSAT in 0.02s
    cube 1982.30.47.16 (depth 3, 30 lits): UNSAT in 0.11s
    cube 1982.30.47.17 (depth 3, 30 lits): UNSAT in 0.04s
    cube 1982.30.47.18 (depth 3, 30 lits): UNSAT in 0.10s
    cube 1982.30.47.19 (depth 3, 30 lits): UNSAT in 0.06s
    cube 1982.30.47.20 (depth 3, 30 lits): UNSAT in 0.07s
    cube 1982.30.47.21 (depth 3, 30 lits): UNSAT in 0.06s
    cube 1982.30.47.22 (depth 3, 30 lits): UNSAT in 0.15s
    cube 1982.30.47.23 (depth 3, 30 lits): UNSAT in 0.06s
    cube 1982.30.47.24 (depth 3, 30 lits): UNSAT in 0.26s
    cube 1982.30.47.25 (depth 3, 30 lits): UNSAT in 0.05s
    cube 1982.30.47.26 (depth 3, 30 lits): UNSAT in 0.12s
    cube 1982.30.47.27 (depth 3, 30 lits): UNSAT in 0.56s
    cube 1982.30.47.28 (depth 3, 30 lits): UNSAT in 0.44s
    cube 1982.30.47.29 (depth 3, 30 lits): UNSAT in 0.20s
    cube 1982.30.47.30 (depth 3, 30 lits): UNSAT in 1.04s
    cube 1982.30.47.31 (depth 3, 30 lits): UNSAT in 0.03s
    cube 1982.30.47.32 (depth 3, 30 lits): UNSAT in 0.07s
    cube 1982.30.47.33 (depth 3, 30 lits): UNSAT in 0.04s
    cube 1982.30.47.34 (depth 3, 30 lits): UNSAT in 0.20s
    cube 1982.30.47.35 (depth 3, 30 lits): UNSAT in 0.04s
    cube 1982.30.47.36 (depth 3, 30 lits): UNSAT in 0.12s
    cube 1982.30.47.37 (depth 3, 30 lits): UNSAT in 0.02s
    cube 1982.30.47.38 (depth 3, 30 lits): UNSAT in 0.29s
    cube 1982.30.47.39 (depth 3, 30 lits): UNSAT in 0.05s
    cube 1982.30.47.40 (depth 3, 30 lits): UNSAT in 0.07s
    cube 1982.30.47.41 (depth 3, 30 lits): UNSAT in 0.04s
    cube 1982.30.47.42 (depth 3, 30 lits): UNSAT in 0.20s
    cube 1982.30.47.43 (depth 3, 30 lits): UNSAT in 0.18s
    cube 1982.30.47.44 (depth 3, 30 lits): UNSAT in 0.82s
    cube 1982.30.47.45 (depth 3, 30 lits): UNSAT in 0.18s
    cube 1982.30.47.46 (depth 3, 30 lits): UNSAT in 1.40s
    cube 1982.30.47.47 (depth 3, 30 lits): UNSAT in 0.02s
    cube 1982.30.47.48 (depth 3, 30 lits): UNSAT in 0.09s
    cube 1982.30.47.49 (depth 3, 30 lits): UNSAT in 0.19s
    cube 1982.30.47.50 (depth 3, 30 lits): UNSAT in 0.49s
    cube 1982.30.47.51 (depth 3, 30 lits): UNSAT in 0.15s
    cube 1982.30.47.52 (depth 3, 30 lits): UNSAT in 1.46s
    cube 1982.30.47.53 (depth 3, 30 lits): UNSAT in 2.47s
    cube 1982.30.47.54 (depth 3, 30 lits): UNSAT in 9.17s
    cube 1982.30.47.55 (depth 3, 30 lits): UNSAT in 0.09s
    cube 1982.30.47.56 (depth 3, 30 lits): UNSAT in 0.49s
    cube 1982.30.47.57 (depth 3, 30 lits): UNSAT in 1.88s
    cube 1982.30.47.58 (depth 3, 30 lits): UNSAT in 7.82s
    cube 1982.30.47.59 (depth 3, 30 lits): UNSAT in 0.37s
    cube 1982.30.47.60 (depth 3, 30 lits): UNSAT in 0.86s
    cube 1982.30.47.61 (depth 3, 30 lits): UNSAT in 1.84s
    cube 1982.30.47.62 (depth 3, 30 lits): UNSAT in 7.09s
    cube 1982.30.48 (depth 2, 24 lits): UNSAT in 0.05s
    cube 1982.30.49 (depth 2, 24 lits): UNSAT in 0.22s
    cube 1982.30.50 (depth 2, 24 lits): UNSAT in 0.28s
    cube 1982.30.51 (depth 2, 24 lits): UNSAT in 4.16s
    cube 1982.30.52 (depth 2, 24 lits): UNSAT in 0.34s
    cube 1982.30.53 (depth 2, 24 lits): UNSAT in 4.05s
    cube 1982.30.54 (depth 2, 24 lits): UNSAT in 8.04s
    cube 1982.30.55 (depth 2, 24 lits): UNSAT in 14.92s
    cube 1982.30.56 (depth 2, 24 lits): UNSAT in 0.54s
    cube 1982.30.57 (depth 2, 24 lits): UNSAT in 13.18s
    cube 1982.30.58 (depth 2, 24 lits): UNSAT in 1.93s
    cube 1982.30.59 (depth 2, 24 lits): UNSAT in 18.49s
    cube 1982.30.60 (depth 2, 24 lits): UNSAT in 2.16s
    cube 1982.30.61 (depth 2, 24 lits): UNSAT in 17.94s
    cube 1982.30.62 (depth 2, 24 lits): UNSAT in 20.85s
    cube 1982.30.63 (depth 2, 24 lits): TIMEOUT in 60.06s
    cube 1982.30.63 TIMEOUT -> re-split into 63 sub-cubes (depth 3)
    cube 1982.30.63.0 (depth 3, 29 lits): UNSAT in 0.01s
    cube 1982.30.63.1 (depth 3, 30 lits): UNSAT in 0.02s
    cube 1982.30.63.2 (depth 3, 30 lits): UNSAT in 0.05s
    cube 1982.30.63.3 (depth 3, 30 lits): UNSAT in 0.02s
    cube 1982.30.63.4 (depth 3, 30 lits): UNSAT in 0.10s
    cube 1982.30.63.5 (depth 3, 30 lits): UNSAT in 0.12s
    cube 1982.30.63.6 (depth 3, 30 lits): UNSAT in 0.18s
    cube 1982.30.63.7 (depth 3, 30 lits): UNSAT in 0.03s
    cube 1982.30.63.8 (depth 3, 30 lits): UNSAT in 0.03s
    cube 1982.30.63.9 (depth 3, 30 lits): UNSAT in 0.02s
    cube 1982.30.63.10 (depth 3, 30 lits): UNSAT in 0.18s
    cube 1982.30.63.11 (depth 3, 30 lits): UNSAT in 0.12s
    cube 1982.30.63.12 (depth 3, 30 lits): UNSAT in 0.36s
    cube 1982.30.63.13 (depth 3, 30 lits): UNSAT in 0.65s
    cube 1982.30.63.14 (depth 3, 30 lits): UNSAT in 2.10s
    cube 1982.30.63.15 (depth 3, 30 lits): UNSAT in 0.05s
    cube 1982.30.63.16 (depth 3, 30 lits): UNSAT in 0.07s
    cube 1982.30.63.17 (depth 3, 30 lits): UNSAT in 0.03s
    cube 1982.30.63.18 (depth 3, 30 lits): UNSAT in 0.21s
    cube 1982.30.63.19 (depth 3, 30 lits): UNSAT in 0.14s
    cube 1982.30.63.20 (depth 3, 30 lits): UNSAT in 0.89s
    cube 1982.30.63.21 (depth 3, 30 lits): UNSAT in 0.26s
    cube 1982.30.63.22 (depth 3, 30 lits): UNSAT in 2.88s
    cube 1982.30.63.23 (depth 3, 30 lits): UNSAT in 0.05s
    cube 1982.30.63.24 (depth 3, 30 lits): UNSAT in 0.18s
    cube 1982.30.63.25 (depth 3, 30 lits): UNSAT in 0.48s
    cube 1982.30.63.26 (depth 3, 30 lits): UNSAT in 3.05s
    cube 1982.30.63.27 (depth 3, 30 lits): UNSAT in 0.24s
    cube 1982.30.63.28 (depth 3, 30 lits): UNSAT in 0.49s
    cube 1982.30.63.29 (depth 3, 30 lits): UNSAT in 3.40s
    cube 1982.30.63.30 (depth 3, 30 lits): UNSAT in 16.17s
    cube 1982.30.63.31 (depth 3, 30 lits): UNSAT in 0.02s
    cube 1982.30.63.32 (depth 3, 30 lits): UNSAT in 0.05s
    cube 1982.30.63.33 (depth 3, 30 lits): UNSAT in 0.06s
    cube 1982.30.63.34 (depth 3, 30 lits): UNSAT in 0.24s
    cube 1982.30.63.35 (depth 3, 30 lits): UNSAT in 0.09s
    cube 1982.30.63.36 (depth 3, 30 lits): UNSAT in 0.37s
    cube 1982.30.63.37 (depth 3, 30 lits): UNSAT in 0.20s
    cube 1982.30.63.38 (depth 3, 30 lits): UNSAT in 1.47s
    cube 1982.30.63.39 (depth 3, 30 lits): UNSAT in 0.07s
    cube 1982.30.63.40 (depth 3, 30 lits): UNSAT in 0.18s
    cube 1982.30.63.41 (depth 3, 30 lits): UNSAT in 0.28s
    cube 1982.30.63.42 (depth 3, 30 lits): UNSAT in 1.18s
    cube 1982.30.63.43 (depth 3, 30 lits): UNSAT in 0.85s
    cube 1982.30.63.44 (depth 3, 30 lits): UNSAT in 7.54s
    cube 1982.30.63.45 (depth 3, 30 lits): UNSAT in 7.36s
    cube 1982.30.63.46 (depth 3, 30 lits): UNSAT in 38.01s
    cube 1982.30.63.47 (depth 3, 30 lits): UNSAT in 0.12s
    cube 1982.30.63.48 (depth 3, 30 lits): UNSAT in 0.82s
    cube 1982.30.63.49 (depth 3, 30 lits): UNSAT in 0.37s
    cube 1982.30.63.50 (depth 3, 30 lits): UNSAT in 6.74s
    cube 1982.30.63.51 (depth 3, 30 lits): UNSAT in 0.54s
    cube 1982.30.63.52 (depth 3, 30 lits): UNSAT in 3.89s
    cube 1982.30.63.53 (depth 3, 30 lits): UNSAT in 4.73s
    cube 1982.30.63.54 (depth 3, 30 lits): TIMEOUT in 60.06s
    cube 1982.30.63.55 (depth 3, 30 lits): UNSAT in 0.16s
    cube 1982.30.63.56 (depth 3, 30 lits): UNSAT in 0.69s
    cube 1982.30.63.57 (depth 3, 30 lits): UNSAT in 0.67s
    cube 1982.30.63.58 (depth 3, 30 lits): UNSAT in 1.59s
    cube 1982.30.63.59 (depth 3, 30 lits): UNSAT in 0.27s
    cube 1982.30.63.60 (depth 3, 30 lits): UNSAT in 1.20s
    cube 1982.30.63.61 (depth 3, 30 lits): UNSAT in 1.45s
    cube 1982.30.63.62 (depth 3, 30 lits): UNSAT in 29.93s
    cube 1982.31 (depth 1, 18 lits): TIMEOUT in 60.04s
    cube 1982.31 TIMEOUT -> re-split into 64 sub-cubes (depth 2)
    cube 1982.31.0 (depth 2, 24 lits): UNSAT in 0.02s
    cube 1982.31.1 (depth 2, 24 lits): UNSAT in 0.07s
    cube 1982.31.2 (depth 2, 24 lits): UNSAT in 0.19s
    cube 1982.31.3 (depth 2, 24 lits): UNSAT in 0.41s
    cube 1982.31.4 (depth 2, 24 lits): UNSAT in 0.09s
    cube 1982.31.5 (depth 2, 24 lits): UNSAT in 0.25s
    cube 1982.31.6 (depth 2, 24 lits): UNSAT in 1.90s
    cube 1982.31.7 (depth 2, 24 lits): UNSAT in 4.70s
    cube 1982.31.8 (depth 2, 24 lits): UNSAT in 0.31s
    cube 1982.31.9 (depth 2, 24 lits): UNSAT in 0.60s
    cube 1982.31.10 (depth 2, 24 lits): UNSAT in 0.96s
    cube 1982.31.11 (depth 2, 24 lits): UNSAT in 4.41s
    cube 1982.31.12 (depth 2, 24 lits): UNSAT in 0.91s
    cube 1982.31.13 (depth 2, 24 lits): UNSAT in 1.53s
    cube 1982.31.14 (depth 2, 24 lits): UNSAT in 4.28s
    cube 1982.31.15 (depth 2, 24 lits): UNSAT in 53.39s
    cube 1982.31.16 (depth 2, 24 lits): UNSAT in 0.49s
    cube 1982.31.17 (depth 2, 24 lits): UNSAT in 1.75s
    cube 1982.31.18 (depth 2, 24 lits): UNSAT in 2.42s
    cube 1982.31.19 (depth 2, 24 lits): UNSAT in 7.15s
    cube 1982.31.20 (depth 2, 24 lits): UNSAT in 1.28s
    cube 1982.31.21 (depth 2, 24 lits): UNSAT in 1.19s
    cube 1982.31.22 (depth 2, 24 lits): UNSAT in 2.65s
    cube 1982.31.23 (depth 2, 24 lits): TIMEOUT in 60.03s
    cube 1982.31.23 TIMEOUT -> re-split into 63 sub-cubes (depth 3)
    cube 1982.31.23.0 (depth 3, 29 lits): UNSAT in 0.01s
    cube 1982.31.23.1 (depth 3, 30 lits): UNSAT in 0.01s
    cube 1982.31.23.2 (depth 3, 30 lits): UNSAT in 0.02s
    cube 1982.31.23.3 (depth 3, 30 lits): UNSAT in 0.01s
    cube 1982.31.23.4 (depth 3, 30 lits): UNSAT in 0.02s
    cube 1982.31.23.5 (depth 3, 30 lits): UNSAT in 0.01s
    cube 1982.31.23.6 (depth 3, 30 lits): UNSAT in 0.04s
    cube 1982.31.23.7 (depth 3, 30 lits): UNSAT in 0.03s
    cube 1982.31.23.8 (depth 3, 30 lits): UNSAT in 0.04s
    cube 1982.31.23.9 (depth 3, 30 lits): UNSAT in 0.06s
    cube 1982.31.23.10 (depth 3, 30 lits): UNSAT in 0.14s
    cube 1982.31.23.11 (depth 3, 30 lits): UNSAT in 0.03s
    cube 1982.31.23.12 (depth 3, 30 lits): UNSAT in 0.10s
    cube 1982.31.23.13 (depth 3, 30 lits): UNSAT in 0.06s
    cube 1982.31.23.14 (depth 3, 30 lits): UNSAT in 0.47s
    cube 1982.31.23.15 (depth 3, 30 lits): UNSAT in 0.02s
    cube 1982.31.23.16 (depth 3, 30 lits): UNSAT in 0.05s
    cube 1982.31.23.17 (depth 3, 30 lits): UNSAT in 0.01s
    cube 1982.31.23.18 (depth 3, 30 lits): UNSAT in 0.05s
    cube 1982.31.23.19 (depth 3, 30 lits): UNSAT in 0.03s
    cube 1982.31.23.20 (depth 3, 30 lits): UNSAT in 0.03s
    cube 1982.31.23.21 (depth 3, 30 lits): UNSAT in 0.03s
    cube 1982.31.23.22 (depth 3, 30 lits): UNSAT in 0.28s
    cube 1982.31.23.23 (depth 3, 30 lits): UNSAT in 0.04s
    cube 1982.31.23.24 (depth 3, 30 lits): UNSAT in 0.10s
    cube 1982.31.23.25 (depth 3, 30 lits): UNSAT in 0.06s
    cube 1982.31.23.26 (depth 3, 30 lits): UNSAT in 0.15s
    cube 1982.31.23.27 (depth 3, 30 lits): UNSAT in 0.04s
    cube 1982.31.23.28 (depth 3, 30 lits): UNSAT in 0.22s
    cube 1982.31.23.29 (depth 3, 30 lits): UNSAT in 0.76s
    cube 1982.31.23.30 (depth 3, 30 lits): UNSAT in 2.07s
    cube 1982.31.23.31 (depth 3, 30 lits): UNSAT in 0.02s
    cube 1982.31.23.32 (depth 3, 30 lits): UNSAT in 0.04s
    cube 1982.31.23.33 (depth 3, 30 lits): UNSAT in 0.06s
    cube 1982.31.23.34 (depth 3, 30 lits): UNSAT in 0.18s
    cube 1982.31.23.35 (depth 3, 30 lits): UNSAT in 0.07s
    cube 1982.31.23.36 (depth 3, 30 lits): UNSAT in 0.17s
    cube 1982.31.23.37 (depth 3, 30 lits): UNSAT in 0.06s
    cube 1982.31.23.38 (depth 3, 30 lits): UNSAT in 0.48s
    cube 1982.31.23.39 (depth 3, 30 lits): UNSAT in 0.05s
    cube 1982.31.23.40 (depth 3, 30 lits): UNSAT in 0.07s
    cube 1982.31.23.41 (depth 3, 30 lits): UNSAT in 0.26s
    cube 1982.31.23.42 (depth 3, 30 lits): UNSAT in 0.13s
    cube 1982.31.23.43 (depth 3, 30 lits): UNSAT in 0.08s
    cube 1982.31.23.44 (depth 3, 30 lits): UNSAT in 0.19s
    cube 1982.31.23.45 (depth 3, 30 lits): UNSAT in 0.63s
    cube 1982.31.23.46 (depth 3, 30 lits): UNSAT in 1.57s
    cube 1982.31.23.47 (depth 3, 30 lits): UNSAT in 0.02s
    cube 1982.31.23.48 (depth 3, 30 lits): UNSAT in 0.08s
    cube 1982.31.23.49 (depth 3, 30 lits): UNSAT in 0.08s
    cube 1982.31.23.50 (depth 3, 30 lits): UNSAT in 0.17s
    cube 1982.31.23.51 (depth 3, 30 lits): UNSAT in 0.10s
    cube 1982.31.23.52 (depth 3, 30 lits): UNSAT in 0.19s
    cube 1982.31.23.53 (depth 3, 30 lits): UNSAT in 0.36s
    cube 1982.31.23.54 (depth 3, 30 lits): UNSAT in 4.54s
    cube 1982.31.23.55 (depth 3, 30 lits): UNSAT in 0.10s
    cube 1982.31.23.56 (depth 3, 30 lits): UNSAT in 0.25s
    cube 1982.31.23.57 (depth 3, 30 lits): UNSAT in 1.59s
    cube 1982.31.23.58 (depth 3, 30 lits): UNSAT in 4.42s
    cube 1982.31.23.59 (depth 3, 30 lits): UNSAT in 0.08s
    cube 1982.31.23.60 (depth 3, 30 lits): UNSAT in 0.63s
    cube 1982.31.23.61 (depth 3, 30 lits): UNSAT in 1.40s
    cube 1982.31.23.62 (depth 3, 30 lits): UNSAT in 3.98s
    cube 1982.31.24 (depth 2, 24 lits): UNSAT in 1.35s
    cube 1982.31.25 (depth 2, 24 lits): UNSAT in 3.94s
    cube 1982.31.26 (depth 2, 24 lits): UNSAT in 1.51s
    cube 1982.31.27 (depth 2, 24 lits): UNSAT in 41.99s
    cube 1982.31.28 (depth 2, 24 lits): UNSAT in 2.21s
    cube 1982.31.29 (depth 2, 24 lits): TIMEOUT in 60.06s
    cube 1982.31.29 TIMEOUT -> re-split into 63 sub-cubes (depth 3)
    cube 1982.31.29.0 (depth 3, 29 lits): UNSAT in 0.02s
    cube 1982.31.29.1 (depth 3, 30 lits): UNSAT in 0.01s
    cube 1982.31.29.2 (depth 3, 30 lits): UNSAT in 0.03s
    cube 1982.31.29.3 (depth 3, 30 lits): UNSAT in 0.02s
    cube 1982.31.29.4 (depth 3, 30 lits): UNSAT in 0.02s
    cube 1982.31.29.5 (depth 3, 30 lits): UNSAT in 0.02s
    cube 1982.31.29.6 (depth 3, 30 lits): UNSAT in 0.04s
    cube 1982.31.29.7 (depth 3, 30 lits): UNSAT in 0.01s
    cube 1982.31.29.8 (depth 3, 30 lits): UNSAT in 0.01s
    cube 1982.31.29.9 (depth 3, 30 lits): UNSAT in 0.02s
    cube 1982.31.29.10 (depth 3, 30 lits): UNSAT in 0.02s
    cube 1982.31.29.11 (depth 3, 30 lits): UNSAT in 0.01s
    cube 1982.31.29.12 (depth 3, 30 lits): UNSAT in 0.02s
    cube 1982.31.29.13 (depth 3, 30 lits): UNSAT in 0.04s
    cube 1982.31.29.14 (depth 3, 30 lits): UNSAT in 0.07s
    cube 1982.31.29.15 (depth 3, 30 lits): UNSAT in 0.02s
    cube 1982.31.29.16 (depth 3, 30 lits): UNSAT in 0.01s
    cube 1982.31.29.17 (depth 3, 30 lits): UNSAT in 0.01s
    cube 1982.31.29.18 (depth 3, 30 lits): UNSAT in 0.02s
    cube 1982.31.29.19 (depth 3, 30 lits): UNSAT in 0.02s
    cube 1982.31.29.20 (depth 3, 30 lits): UNSAT in 0.02s
    cube 1982.31.29.21 (depth 3, 30 lits): UNSAT in 0.04s
    cube 1982.31.29.22 (depth 3, 30 lits): UNSAT in 0.04s
    cube 1982.31.29.23 (depth 3, 30 lits): UNSAT in 0.03s
    cube 1982.31.29.24 (depth 3, 30 lits): UNSAT in 0.05s
    cube 1982.31.29.25 (depth 3, 30 lits): UNSAT in 0.07s
    cube 1982.31.29.26 (depth 3, 30 lits): UNSAT in 0.12s
    cube 1982.31.29.27 (depth 3, 30 lits): UNSAT in 0.08s
    cube 1982.31.29.28 (depth 3, 30 lits): UNSAT in 0.07s
    cube 1982.31.29.29 (depth 3, 30 lits): UNSAT in 0.20s
    cube 1982.31.29.30 (depth 3, 30 lits): UNSAT in 0.43s
    cube 1982.31.29.31 (depth 3, 30 lits): UNSAT in 0.01s
    cube 1982.31.29.32 (depth 3, 30 lits): UNSAT in 0.04s
    cube 1982.31.29.33 (depth 3, 30 lits): UNSAT in 0.06s
    cube 1982.31.29.34 (depth 3, 30 lits): UNSAT in 0.10s
    cube 1982.31.29.35 (depth 3, 30 lits): UNSAT in 0.03s
    cube 1982.31.29.36 (depth 3, 30 lits): UNSAT in 0.02s
    cube 1982.31.29.37 (depth 3, 30 lits): UNSAT in 0.03s
    cube 1982.31.29.38 (depth 3, 30 lits): UNSAT in 0.10s
    cube 1982.31.29.39 (depth 3, 30 lits): UNSAT in 0.08s
    cube 1982.31.29.40 (depth 3, 30 lits): UNSAT in 0.11s
    cube 1982.31.29.41 (depth 3, 30 lits): UNSAT in 0.15s
    cube 1982.31.29.42 (depth 3, 30 lits): UNSAT in 0.42s
    cube 1982.31.29.43 (depth 3, 30 lits): UNSAT in 0.21s
    cube 1982.31.29.44 (depth 3, 30 lits): UNSAT in 0.21s
    cube 1982.31.29.45 (depth 3, 30 lits): UNSAT in 0.25s
    cube 1982.31.29.46 (depth 3, 30 lits): UNSAT in 1.31s
    cube 1982.31.29.47 (depth 3, 30 lits): UNSAT in 0.03s
    cube 1982.31.29.48 (depth 3, 30 lits): UNSAT in 0.09s
    cube 1982.31.29.49 (depth 3, 30 lits): UNSAT in 0.07s
    cube 1982.31.29.50 (depth 3, 30 lits): UNSAT in 0.15s
    cube 1982.31.29.51 (depth 3, 30 lits): UNSAT in 0.03s
    cube 1982.31.29.52 (depth 3, 30 lits): UNSAT in 0.08s
    cube 1982.31.29.53 (depth 3, 30 lits): UNSAT in 0.48s
    cube 1982.31.29.54 (depth 3, 30 lits): UNSAT in 1.40s
    cube 1982.31.29.55 (depth 3, 30 lits): UNSAT in 0.08s
    cube 1982.31.29.56 (depth 3, 30 lits): UNSAT in 0.28s
    cube 1982.31.29.57 (depth 3, 30 lits): UNSAT in 0.96s
    cube 1982.31.29.58 (depth 3, 30 lits): UNSAT in 2.86s
    cube 1982.31.29.59 (depth 3, 30 lits): UNSAT in 0.33s
    cube 1982.31.29.60 (depth 3, 30 lits): UNSAT in 3.55s
    cube 1982.31.29.61 (depth 3, 30 lits): UNSAT in 3.74s
    cube 1982.31.29.62 (depth 3, 30 lits): UNSAT in 20.16s
    cube 1982.31.30 (depth 2, 24 lits): UNSAT in 7.45s
    cube 1982.31.31 (depth 2, 24 lits): TIMEOUT in 60.06s
    cube 1982.31.31 TIMEOUT -> re-split into 64 sub-cubes (depth 3)
    cube 1982.31.31.0 (depth 3, 30 lits): UNSAT in 0.02s
    cube 1982.31.31.1 (depth 3, 30 lits): UNSAT in 0.07s
    cube 1982.31.31.2 (depth 3, 30 lits): UNSAT in 0.09s
    cube 1982.31.31.3 (depth 3, 30 lits): UNSAT in 0.28s
    cube 1982.31.31.4 (depth 3, 30 lits): UNSAT in 0.06s
    cube 1982.31.31.5 (depth 3, 30 lits): UNSAT in 0.36s
    cube 1982.31.31.6 (depth 3, 30 lits): UNSAT in 0.22s
    cube 1982.31.31.7 (depth 3, 30 lits): UNSAT in 1.01s
    cube 1982.31.31.8 (depth 3, 30 lits): UNSAT in 0.06s
    cube 1982.31.31.9 (depth 3, 30 lits): UNSAT in 0.09s
    cube 1982.31.31.10 (depth 3, 30 lits): UNSAT in 0.13s
    cube 1982.31.31.11 (depth 3, 30 lits): UNSAT in 0.14s
    cube 1982.31.31.12 (depth 3, 30 lits): UNSAT in 0.16s
    cube 1982.31.31.13 (depth 3, 30 lits): UNSAT in 0.42s
    cube 1982.31.31.14 (depth 3, 30 lits): UNSAT in 0.78s
    cube 1982.31.31.15 (depth 3, 30 lits): UNSAT in 1.29s
    cube 1982.31.31.16 (depth 3, 30 lits): UNSAT in 0.01s
    cube 1982.31.31.17 (depth 3, 30 lits): UNSAT in 0.02s
    cube 1982.31.31.18 (depth 3, 30 lits): UNSAT in 0.04s
    cube 1982.31.31.19 (depth 3, 30 lits): UNSAT in 0.12s
    cube 1982.31.31.20 (depth 3, 30 lits): UNSAT in 0.20s
    cube 1982.31.31.21 (depth 3, 30 lits): UNSAT in 0.15s
    cube 1982.31.31.22 (depth 3, 30 lits): UNSAT in 0.44s
    cube 1982.31.31.23 (depth 3, 30 lits): UNSAT in 0.71s
    cube 1982.31.31.24 (depth 3, 30 lits): UNSAT in 0.23s
    cube 1982.31.31.25 (depth 3, 30 lits): UNSAT in 0.27s
    cube 1982.31.31.26 (depth 3, 30 lits): UNSAT in 0.09s
    cube 1982.31.31.27 (depth 3, 30 lits): UNSAT in 1.19s
    cube 1982.31.31.28 (depth 3, 30 lits): UNSAT in 0.17s
    cube 1982.31.31.29 (depth 3, 30 lits): UNSAT in 1.19s
    cube 1982.31.31.30 (depth 3, 30 lits): UNSAT in 6.17s
    cube 1982.31.31.31 (depth 3, 30 lits): UNSAT in 5.56s
    cube 1982.31.31.32 (depth 3, 30 lits): UNSAT in 0.02s
    cube 1982.31.31.33 (depth 3, 30 lits): UNSAT in 0.03s
    cube 1982.31.31.34 (depth 3, 30 lits): UNSAT in 0.17s
    cube 1982.31.31.35 (depth 3, 30 lits): UNSAT in 0.67s
    cube 1982.31.31.36 (depth 3, 30 lits): UNSAT in 0.07s
    cube 1982.31.31.37 (depth 3, 30 lits): UNSAT in 0.16s
    cube 1982.31.31.38 (depth 3, 30 lits): UNSAT in 0.26s
    cube 1982.31.31.39 (depth 3, 30 lits): UNSAT in 0.91s
    cube 1982.31.31.40 (depth 3, 30 lits): UNSAT in 0.08s
    cube 1982.31.31.41 (depth 3, 30 lits): UNSAT in 0.20s
    cube 1982.31.31.42 (depth 3, 30 lits): UNSAT in 0.24s
    cube 1982.31.31.43 (depth 3, 30 lits): UNSAT in 1.58s
    cube 1982.31.31.44 (depth 3, 30 lits): UNSAT in 0.37s
    cube 1982.31.31.45 (depth 3, 30 lits): UNSAT in 2.75s
    cube 1982.31.31.46 (depth 3, 30 lits): UNSAT in 4.28s
    cube 1982.31.31.47 (depth 3, 30 lits): UNSAT in 20.66s
    cube 1982.31.31.48 (depth 3, 30 lits): UNSAT in 0.05s
    cube 1982.31.31.49 (depth 3, 30 lits): UNSAT in 0.12s
    cube 1982.31.31.50 (depth 3, 30 lits): UNSAT in 0.55s
    cube 1982.31.31.51 (depth 3, 30 lits): UNSAT in 1.35s
    cube 1982.31.31.52 (depth 3, 30 lits): UNSAT in 0.67s
    cube 1982.31.31.53 (depth 3, 30 lits): UNSAT in 1.19s
    cube 1982.31.31.54 (depth 3, 30 lits): UNSAT in 2.70s
    cube 1982.31.31.55 (depth 3, 30 lits): UNSAT in 27.14s
    cube 1982.31.31.56 (depth 3, 30 lits): UNSAT in 0.51s
    cube 1982.31.31.57 (depth 3, 30 lits): UNSAT in 7.27s
    cube 1982.31.31.58 (depth 3, 30 lits): UNSAT in 7.15s
    cube 1982.31.31.59 (depth 3, 30 lits): TIMEOUT in 60.05s
    cube 1982.31.31.60 (depth 3, 30 lits): UNSAT in 1.76s
    cube 1982.31.31.61 (depth 3, 30 lits): UNSAT in 3.50s
    cube 1982.31.31.62 (depth 3, 30 lits): UNSAT in 8.78s
    cube 1982.31.31.63 (depth 3, 30 lits): TIMEOUT in 60.00s
    cube 1982.31.32 (depth 2, 24 lits): UNSAT in 0.18s
    cube 1982.31.33 (depth 2, 24 lits): UNSAT in 0.98s
    cube 1982.31.34 (depth 2, 24 lits): UNSAT in 0.80s
    cube 1982.31.35 (depth 2, 24 lits): UNSAT in 6.26s
    cube 1982.31.36 (depth 2, 24 lits): UNSAT in 0.66s
    cube 1982.31.37 (depth 2, 24 lits): UNSAT in 12.19s
