  shard 0/4 (round-robin): 960 of 3839 cubes, per-cube cap 600.0s, re-split depth 7
    cube 0 (depth 0, 21 lits): UNSAT in 0.01s
    cube 4 (depth 0, 24 lits): UNSAT in 0.02s
    cube 8 (depth 0, 24 lits): UNSAT in 0.02s
    cube 12 (depth 0, 24 lits): UNSAT in 0.05s
    cube 16 (depth 0, 24 lits): UNSAT in 0.02s
    cube 20 (depth 0, 24 lits): UNSAT in 0.01s
    cube 24 (depth 0, 24 lits): UNSAT in 0.02s
    cube 28 (depth 0, 24 lits): UNSAT in 0.04s
    cube 32 (depth 0, 24 lits): UNSAT in 0.03s
    cube 36 (depth 0, 24 lits): UNSAT in 0.03s
    cube 40 (depth 0, 24 lits): UNSAT in 0.03s
    cube 44 (depth 0, 24 lits): UNSAT in 0.10s
    cube 48 (depth 0, 24 lits): UNSAT in 0.02s
    cube 52 (depth 0, 24 lits): UNSAT in 0.01s
    cube 56 (depth 0, 24 lits): UNSAT in 0.01s
    cube 60 (depth 0, 24 lits): UNSAT in 0.02s
    cube 64 (depth 0, 24 lits): UNSAT in 0.02s
    cube 68 (depth 0, 24 lits): UNSAT in 0.06s
    cube 72 (depth 0, 24 lits): UNSAT in 0.03s
    cube 76 (depth 0, 24 lits): UNSAT in 0.05s
    cube 80 (depth 0, 24 lits): UNSAT in 0.03s
    cube 84 (depth 0, 24 lits): UNSAT in 0.07s
    cube 88 (depth 0, 24 lits): UNSAT in 0.02s
    cube 92 (depth 0, 24 lits): UNSAT in 0.02s
    cube 96 (depth 0, 24 lits): UNSAT in 0.03s
    cube 100 (depth 0, 22 lits): UNSAT in 0.01s
    cube 104 (depth 0, 23 lits): UNSAT in 0.01s
    cube 108 (depth 0, 24 lits): UNSAT in 0.01s
    cube 112 (depth 0, 24 lits): UNSAT in 0.02s
    cube 116 (depth 0, 24 lits): UNSAT in 0.03s
    cube 120 (depth 0, 24 lits): UNSAT in 0.03s
    cube 124 (depth 0, 24 lits): UNSAT in 0.07s
    cube 128 (depth 0, 23 lits): UNSAT in 0.01s
    cube 132 (depth 0, 23 lits): UNSAT in 0.01s
    cube 136 (depth 0, 24 lits): UNSAT in 0.04s
    cube 140 (depth 0, 24 lits): UNSAT in 0.06s
    cube 144 (depth 0, 24 lits): UNSAT in 0.02s
    cube 148 (depth 0, 24 lits): UNSAT in 0.13s
    cube 152 (depth 0, 23 lits): UNSAT in 0.01s
    cube 156 (depth 0, 24 lits): UNSAT in 0.03s
    cube 160 (depth 0, 24 lits): UNSAT in 0.02s
    cube 164 (depth 0, 24 lits): UNSAT in 0.07s
    cube 168 (depth 0, 24 lits): UNSAT in 0.04s
    cube 172 (depth 0, 24 lits): UNSAT in 0.04s
    cube 176 (depth 0, 24 lits): UNSAT in 0.02s
    cube 180 (depth 0, 24 lits): UNSAT in 0.08s
    cube 184 (depth 0, 24 lits): UNSAT in 0.03s
    cube 188 (depth 0, 24 lits): UNSAT in 0.07s
    cube 192 (depth 0, 24 lits): UNSAT in 0.02s
    cube 196 (depth 0, 24 lits): UNSAT in 0.02s
    cube 200 (depth 0, 24 lits): UNSAT in 0.03s
    cube 204 (depth 0, 24 lits): UNSAT in 0.12s
    cube 208 (depth 0, 24 lits): UNSAT in 0.02s
    cube 212 (depth 0, 22 lits): UNSAT in 0.02s
    cube 216 (depth 0, 23 lits): UNSAT in 0.02s
    cube 220 (depth 0, 24 lits): UNSAT in 0.02s
    cube 224 (depth 0, 24 lits): UNSAT in 0.03s
    cube 228 (depth 0, 23 lits): UNSAT in 0.02s
    cube 232 (depth 0, 24 lits): UNSAT in 0.01s
    cube 236 (depth 0, 24 lits): UNSAT in 0.02s
    cube 240 (depth 0, 24 lits): UNSAT in 0.01s
    cube 244 (depth 0, 24 lits): UNSAT in 0.01s
    cube 248 (depth 0, 24 lits): UNSAT in 0.02s
    cube 252 (depth 0, 24 lits): UNSAT in 0.05s
    cube 256 (depth 0, 22 lits): UNSAT in 0.01s
    cube 260 (depth 0, 22 lits): UNSAT in 0.01s
    cube 264 (depth 0, 24 lits): UNSAT in 0.07s
    cube 268 (depth 0, 24 lits): UNSAT in 0.04s
    cube 272 (depth 0, 24 lits): UNSAT in 0.05s
    cube 276 (depth 0, 24 lits): UNSAT in 0.05s
    cube 280 (depth 0, 23 lits): UNSAT in 0.02s
    cube 284 (depth 0, 24 lits): UNSAT in 0.02s
    cube 288 (depth 0, 24 lits): UNSAT in 0.02s
    cube 292 (depth 0, 24 lits): UNSAT in 0.13s
    cube 296 (depth 0, 24 lits): UNSAT in 0.02s
    cube 300 (depth 0, 24 lits): UNSAT in 0.03s
    cube 304 (depth 0, 24 lits): UNSAT in 0.05s
    cube 308 (depth 0, 24 lits): UNSAT in 0.18s
    cube 312 (depth 0, 24 lits): UNSAT in 0.01s
    cube 316 (depth 0, 22 lits): UNSAT in 0.02s
    cube 320 (depth 0, 24 lits): UNSAT in 0.09s
    cube 324 (depth 0, 24 lits): UNSAT in 0.06s
    cube 328 (depth 0, 24 lits): UNSAT in 0.09s
    cube 332 (depth 0, 24 lits): UNSAT in 0.10s
    cube 336 (depth 0, 24 lits): UNSAT in 0.38s
    cube 340 (depth 0, 24 lits): UNSAT in 0.05s
    cube 344 (depth 0, 24 lits): UNSAT in 0.14s
    cube 348 (depth 0, 24 lits): UNSAT in 0.14s
    cube 352 (depth 0, 24 lits): UNSAT in 0.22s
    cube 356 (depth 0, 24 lits): UNSAT in 0.37s
    cube 360 (depth 0, 24 lits): UNSAT in 0.45s
    cube 364 (depth 0, 24 lits): UNSAT in 0.68s
    cube 368 (depth 0, 24 lits): UNSAT in 5.20s
    cube 372 (depth 0, 24 lits): UNSAT in 0.02s
    cube 376 (depth 0, 24 lits): UNSAT in 0.41s
    cube 380 (depth 0, 24 lits): UNSAT in 0.15s
    cube 384 (depth 0, 24 lits): UNSAT in 0.89s
    cube 388 (depth 0, 24 lits): UNSAT in 0.16s
    cube 392 (depth 0, 24 lits): UNSAT in 1.69s
    cube 396 (depth 0, 24 lits): UNSAT in 0.71s
    cube 400 (depth 0, 24 lits): UNSAT in 5.20s
    cube 404 (depth 0, 24 lits): UNSAT in 0.32s
    cube 408 (depth 0, 24 lits): UNSAT in 3.02s
    cube 412 (depth 0, 24 lits): UNSAT in 0.81s
    cube 416 (depth 0, 24 lits): UNSAT in 7.96s
    cube 420 (depth 0, 24 lits): UNSAT in 2.91s
    cube 424 (depth 0, 24 lits): UNSAT in 6.80s
    cube 428 (depth 0, 24 lits): UNSAT in 46.23s
    cube 432 (depth 0, 24 lits): UNSAT in 68.84s
    cube 436 (depth 0, 24 lits): UNSAT in 0.02s
    cube 440 (depth 0, 24 lits): UNSAT in 0.02s
    cube 444 (depth 0, 24 lits): UNSAT in 0.02s
    cube 448 (depth 0, 24 lits): UNSAT in 0.02s
    cube 452 (depth 0, 24 lits): UNSAT in 0.02s
    cube 456 (depth 0, 24 lits): UNSAT in 0.02s
    cube 460 (depth 0, 24 lits): UNSAT in 0.02s
    cube 464 (depth 0, 24 lits): UNSAT in 0.02s
    cube 468 (depth 0, 24 lits): UNSAT in 0.02s
    cube 472 (depth 0, 24 lits): UNSAT in 0.02s
    cube 476 (depth 0, 24 lits): UNSAT in 0.08s
    cube 480 (depth 0, 24 lits): UNSAT in 0.12s
    cube 484 (depth 0, 24 lits): UNSAT in 0.26s
    cube 488 (depth 0, 24 lits): UNSAT in 0.02s
    cube 492 (depth 0, 23 lits): UNSAT in 0.02s
    cube 496 (depth 0, 24 lits): UNSAT in 0.02s
    cube 500 (depth 0, 24 lits): UNSAT in 0.02s
    cube 504 (depth 0, 24 lits): UNSAT in 0.02s
    cube 508 (depth 0, 24 lits): UNSAT in 0.04s
    cube 512 (depth 0, 24 lits): UNSAT in 0.12s
    cube 516 (depth 0, 24 lits): UNSAT in 0.01s
    cube 520 (depth 0, 24 lits): UNSAT in 0.03s
    cube 524 (depth 0, 24 lits): UNSAT in 0.02s
    cube 528 (depth 0, 24 lits): UNSAT in 0.05s
    cube 532 (depth 0, 24 lits): UNSAT in 0.04s
    cube 536 (depth 0, 24 lits): UNSAT in 0.12s
    cube 540 (depth 0, 24 lits): UNSAT in 0.13s
    cube 544 (depth 0, 24 lits): UNSAT in 1.84s
    cube 548 (depth 0, 24 lits): UNSAT in 0.01s
    cube 552 (depth 0, 24 lits): UNSAT in 0.02s
    cube 556 (depth 0, 24 lits): UNSAT in 0.06s
    cube 560 (depth 0, 24 lits): UNSAT in 0.01s
    cube 564 (depth 0, 24 lits): UNSAT in 0.02s
    cube 568 (depth 0, 24 lits): UNSAT in 0.02s
    cube 572 (depth 0, 24 lits): UNSAT in 0.01s
    cube 576 (depth 0, 24 lits): UNSAT in 0.03s
    cube 580 (depth 0, 24 lits): UNSAT in 0.02s
    cube 584 (depth 0, 24 lits): UNSAT in 0.02s
    cube 588 (depth 0, 24 lits): UNSAT in 0.02s
    cube 592 (depth 0, 24 lits): UNSAT in 0.02s
    cube 596 (depth 0, 24 lits): UNSAT in 0.02s
    cube 600 (depth 0, 24 lits): UNSAT in 0.04s
    cube 604 (depth 0, 23 lits): UNSAT in 0.01s
    cube 608 (depth 0, 24 lits): UNSAT in 0.04s
    cube 612 (depth 0, 24 lits): UNSAT in 0.02s
    cube 616 (depth 0, 24 lits): UNSAT in 0.06s
    cube 620 (depth 0, 24 lits): UNSAT in 0.02s
    cube 624 (depth 0, 24 lits): UNSAT in 0.19s
    cube 628 (depth 0, 24 lits): UNSAT in 0.14s
    cube 632 (depth 0, 24 lits): UNSAT in 0.16s
    cube 636 (depth 0, 24 lits): UNSAT in 0.05s
    cube 640 (depth 0, 24 lits): UNSAT in 0.10s
    cube 644 (depth 0, 24 lits): UNSAT in 0.05s
    cube 648 (depth 0, 24 lits): UNSAT in 0.66s
    cube 652 (depth 0, 24 lits): UNSAT in 0.05s
    cube 656 (depth 0, 24 lits): UNSAT in 0.07s
    cube 660 (depth 0, 24 lits): UNSAT in 0.21s
    cube 664 (depth 0, 24 lits): UNSAT in 3.94s
    cube 668 (depth 0, 23 lits): UNSAT in 0.02s
    cube 672 (depth 0, 24 lits): UNSAT in 0.03s
    cube 676 (depth 0, 24 lits): UNSAT in 0.05s
    cube 680 (depth 0, 24 lits): UNSAT in 0.14s
    cube 684 (depth 0, 24 lits): UNSAT in 0.02s
    cube 688 (depth 0, 24 lits): UNSAT in 0.01s
    cube 692 (depth 0, 24 lits): UNSAT in 0.03s
    cube 696 (depth 0, 24 lits): UNSAT in 0.01s
    cube 700 (depth 0, 24 lits): UNSAT in 0.04s
    cube 704 (depth 0, 24 lits): UNSAT in 0.03s
    cube 708 (depth 0, 24 lits): UNSAT in 0.02s
    cube 712 (depth 0, 24 lits): UNSAT in 0.03s
    cube 716 (depth 0, 24 lits): UNSAT in 0.05s
    cube 720 (depth 0, 24 lits): UNSAT in 0.07s
    cube 724 (depth 0, 23 lits): UNSAT in 0.02s
    cube 728 (depth 0, 24 lits): UNSAT in 0.08s
    cube 732 (depth 0, 24 lits): UNSAT in 0.03s
    cube 736 (depth 0, 24 lits): UNSAT in 0.19s
    cube 740 (depth 0, 24 lits): UNSAT in 0.05s
    cube 744 (depth 0, 24 lits): UNSAT in 0.13s
    cube 748 (depth 0, 24 lits): UNSAT in 0.18s
    cube 752 (depth 0, 24 lits): UNSAT in 0.22s
    cube 756 (depth 0, 24 lits): UNSAT in 0.15s
    cube 760 (depth 0, 24 lits): UNSAT in 0.35s
    cube 764 (depth 0, 24 lits): UNSAT in 0.27s
    cube 768 (depth 0, 24 lits): UNSAT in 1.79s
    cube 772 (depth 0, 24 lits): UNSAT in 0.43s
    cube 776 (depth 0, 24 lits): UNSAT in 0.76s
    cube 780 (depth 0, 24 lits): UNSAT in 2.44s
    cube 784 (depth 0, 24 lits): UNSAT in 16.14s
    cube 788 (depth 0, 24 lits): UNSAT in 0.02s
    cube 792 (depth 0, 24 lits): UNSAT in 0.04s
    cube 796 (depth 0, 24 lits): UNSAT in 0.05s
    cube 800 (depth 0, 24 lits): UNSAT in 0.21s
    cube 804 (depth 0, 24 lits): UNSAT in 0.04s
    cube 808 (depth 0, 24 lits): UNSAT in 0.10s
    cube 812 (depth 0, 24 lits): UNSAT in 0.03s
    cube 816 (depth 0, 24 lits): UNSAT in 0.43s
    cube 820 (depth 0, 24 lits): UNSAT in 0.13s
    cube 824 (depth 0, 24 lits): UNSAT in 0.55s
    cube 828 (depth 0, 24 lits): UNSAT in 0.12s
    cube 832 (depth 0, 24 lits): UNSAT in 0.74s
    cube 836 (depth 0, 24 lits): UNSAT in 0.28s
    cube 840 (depth 0, 24 lits): UNSAT in 1.78s
    cube 844 (depth 0, 24 lits): UNSAT in 0.32s
    cube 848 (depth 0, 24 lits): UNSAT in 10.12s
    cube 852 (depth 0, 24 lits): UNSAT in 0.07s
    cube 856 (depth 0, 24 lits): UNSAT in 1.87s
    cube 860 (depth 0, 24 lits): UNSAT in 0.36s
    cube 864 (depth 0, 24 lits): UNSAT in 5.22s
    cube 868 (depth 0, 24 lits): UNSAT in 0.05s
    cube 872 (depth 0, 24 lits): UNSAT in 1.13s
    cube 876 (depth 0, 24 lits): UNSAT in 6.06s
    cube 880 (depth 0, 24 lits): UNSAT in 67.06s
    cube 884 (depth 0, 24 lits): UNSAT in 1.69s
    cube 888 (depth 0, 24 lits): UNSAT in 6.22s
    cube 892 (depth 0, 24 lits): UNSAT in 18.47s
    cube 896 (depth 0, 24 lits): UNSAT in 176.38s
    cube 900 (depth 0, 24 lits): UNSAT in 2.88s
    cube 904 (depth 0, 24 lits): UNSAT in 89.97s
    cube 908 (depth 0, 24 lits): UNSAT in 86.32s
    cube 912 (depth 0, 24 lits): UNSAT in 116.09s
    cube 916 (depth 0, 24 lits): UNSAT in 0.02s
    cube 920 (depth 0, 24 lits): UNSAT in 0.02s
    cube 924 (depth 0, 24 lits): UNSAT in 0.04s
    cube 928 (depth 0, 24 lits): UNSAT in 0.02s
    cube 932 (depth 0, 24 lits): UNSAT in 0.02s
    cube 936 (depth 0, 24 lits): UNSAT in 0.03s
    cube 940 (depth 0, 23 lits): UNSAT in 0.01s
    cube 944 (depth 0, 24 lits): UNSAT in 0.03s
    cube 948 (depth 0, 24 lits): UNSAT in 0.10s
    cube 952 (depth 0, 24 lits): UNSAT in 0.48s
    cube 956 (depth 0, 24 lits): UNSAT in 0.32s
    cube 960 (depth 0, 24 lits): UNSAT in 1.11s
    cube 964 (depth 0, 24 lits): UNSAT in 0.01s
    cube 968 (depth 0, 24 lits): UNSAT in 0.01s
    cube 972 (depth 0, 24 lits): UNSAT in 0.01s
    cube 976 (depth 0, 24 lits): UNSAT in 0.01s
    cube 980 (depth 0, 24 lits): UNSAT in 0.02s
    cube 984 (depth 0, 24 lits): UNSAT in 0.02s
    cube 988 (depth 0, 24 lits): UNSAT in 0.16s
    cube 992 (depth 0, 24 lits): UNSAT in 0.03s
    cube 996 (depth 0, 24 lits): UNSAT in 0.04s
    cube 1000 (depth 0, 24 lits): UNSAT in 0.09s
    cube 1004 (depth 0, 24 lits): UNSAT in 0.10s
    cube 1008 (depth 0, 24 lits): UNSAT in 0.09s
    cube 1012 (depth 0, 24 lits): UNSAT in 0.14s
    cube 1016 (depth 0, 24 lits): UNSAT in 0.14s
    cube 1020 (depth 0, 24 lits): UNSAT in 0.39s
    cube 1024 (depth 0, 24 lits): UNSAT in 0.02s
    cube 1028 (depth 0, 24 lits): UNSAT in 0.04s
    cube 1032 (depth 0, 24 lits): UNSAT in 0.04s
    cube 1036 (depth 0, 24 lits): UNSAT in 0.17s
    cube 1040 (depth 0, 24 lits): UNSAT in 0.01s
    cube 1044 (depth 0, 24 lits): UNSAT in 0.02s
    cube 1048 (depth 0, 24 lits): UNSAT in 0.03s
    cube 1052 (depth 0, 24 lits): UNSAT in 0.01s
    cube 1056 (depth 0, 24 lits): UNSAT in 0.03s
    cube 1060 (depth 0, 24 lits): UNSAT in 0.02s
    cube 1064 (depth 0, 24 lits): UNSAT in 0.01s
    cube 1068 (depth 0, 24 lits): UNSAT in 0.02s
    cube 1072 (depth 0, 24 lits): UNSAT in 0.05s
    cube 1076 (depth 0, 24 lits): UNSAT in 0.05s
    cube 1080 (depth 0, 24 lits): UNSAT in 0.36s
    cube 1084 (depth 0, 24 lits): UNSAT in 0.02s
    cube 1088 (depth 0, 24 lits): UNSAT in 0.01s
    cube 1092 (depth 0, 24 lits): UNSAT in 0.01s
    cube 1096 (depth 0, 24 lits): UNSAT in 0.04s
    cube 1100 (depth 0, 24 lits): UNSAT in 0.02s
    cube 1104 (depth 0, 24 lits): UNSAT in 0.02s
    cube 1108 (depth 0, 24 lits): UNSAT in 0.02s
    cube 1112 (depth 0, 24 lits): UNSAT in 0.08s
    cube 1116 (depth 0, 24 lits): UNSAT in 0.02s
    cube 1120 (depth 0, 24 lits): UNSAT in 0.04s
    cube 1124 (depth 0, 24 lits): UNSAT in 0.03s
    cube 1128 (depth 0, 24 lits): UNSAT in 0.21s
    cube 1132 (depth 0, 24 lits): UNSAT in 0.06s
    cube 1136 (depth 0, 24 lits): UNSAT in 0.16s
    cube 1140 (depth 0, 24 lits): UNSAT in 0.74s
    cube 1144 (depth 0, 24 lits): UNSAT in 1.33s
    cube 1148 (depth 0, 23 lits): UNSAT in 0.02s
    cube 1152 (depth 0, 24 lits): UNSAT in 0.01s
    cube 1156 (depth 0, 24 lits): UNSAT in 0.02s
    cube 1160 (depth 0, 23 lits): UNSAT in 0.01s
    cube 1164 (depth 0, 24 lits): UNSAT in 0.02s
    cube 1168 (depth 0, 24 lits): UNSAT in 0.01s
    cube 1172 (depth 0, 24 lits): UNSAT in 0.04s
    cube 1176 (depth 0, 24 lits): UNSAT in 0.02s
    cube 1180 (depth 0, 24 lits): UNSAT in 0.03s
    cube 1184 (depth 0, 24 lits): UNSAT in 0.01s
    cube 1188 (depth 0, 24 lits): UNSAT in 0.05s
    cube 1192 (depth 0, 24 lits): UNSAT in 0.02s
    cube 1196 (depth 0, 24 lits): UNSAT in 0.03s
    cube 1200 (depth 0, 24 lits): UNSAT in 0.03s
    cube 1204 (depth 0, 24 lits): UNSAT in 0.18s
    cube 1208 (depth 0, 24 lits): UNSAT in 0.02s
    cube 1212 (depth 0, 24 lits): UNSAT in 0.05s
    cube 1216 (depth 0, 24 lits): UNSAT in 0.05s
    cube 1220 (depth 0, 24 lits): UNSAT in 0.19s
    cube 1224 (depth 0, 24 lits): UNSAT in 0.07s
    cube 1228 (depth 0, 24 lits): UNSAT in 0.25s
    cube 1232 (depth 0, 24 lits): UNSAT in 0.23s
    cube 1236 (depth 0, 24 lits): UNSAT in 2.68s
    cube 1240 (depth 0, 24 lits): UNSAT in 0.02s
    cube 1244 (depth 0, 24 lits): UNSAT in 0.06s
    cube 1248 (depth 0, 24 lits): UNSAT in 0.12s
    cube 1252 (depth 0, 24 lits): UNSAT in 0.04s
    cube 1256 (depth 0, 24 lits): UNSAT in 0.16s
    cube 1260 (depth 0, 24 lits): UNSAT in 0.07s
    cube 1264 (depth 0, 24 lits): UNSAT in 0.23s
    cube 1268 (depth 0, 24 lits): UNSAT in 0.02s
    cube 1272 (depth 0, 24 lits): UNSAT in 0.03s
    cube 1276 (depth 0, 24 lits): UNSAT in 0.04s
    cube 1280 (depth 0, 24 lits): UNSAT in 0.02s
    cube 1284 (depth 0, 24 lits): UNSAT in 0.02s
    cube 1288 (depth 0, 24 lits): UNSAT in 0.03s
    cube 1292 (depth 0, 24 lits): UNSAT in 0.03s
    cube 1296 (depth 0, 24 lits): UNSAT in 0.12s
    cube 1300 (depth 0, 24 lits): UNSAT in 0.01s
    cube 1304 (depth 0, 24 lits): UNSAT in 0.01s
    cube 1308 (depth 0, 24 lits): UNSAT in 0.02s
    cube 1312 (depth 0, 24 lits): UNSAT in 0.06s
    cube 1316 (depth 0, 24 lits): UNSAT in 0.02s
    cube 1320 (depth 0, 24 lits): UNSAT in 0.08s
    cube 1324 (depth 0, 24 lits): UNSAT in 0.09s
    cube 1328 (depth 0, 24 lits): UNSAT in 0.35s
    cube 1332 (depth 0, 24 lits): UNSAT in 0.01s
    cube 1336 (depth 0, 24 lits): UNSAT in 0.08s
    cube 1340 (depth 0, 24 lits): UNSAT in 0.04s
    cube 1344 (depth 0, 24 lits): UNSAT in 0.17s
    cube 1348 (depth 0, 24 lits): UNSAT in 0.05s
    cube 1352 (depth 0, 24 lits): UNSAT in 0.33s
    cube 1356 (depth 0, 24 lits): UNSAT in 0.10s
    cube 1360 (depth 0, 24 lits): UNSAT in 0.35s
    cube 1364 (depth 0, 24 lits): UNSAT in 0.08s
    cube 1368 (depth 0, 24 lits): UNSAT in 0.13s
    cube 1372 (depth 0, 24 lits): UNSAT in 0.13s
    cube 1376 (depth 0, 24 lits): UNSAT in 0.38s
    cube 1380 (depth 0, 24 lits): UNSAT in 0.49s
    cube 1384 (depth 0, 24 lits): UNSAT in 0.61s
    cube 1388 (depth 0, 24 lits): UNSAT in 2.02s
    cube 1392 (depth 0, 24 lits): UNSAT in 11.46s
    cube 1396 (depth 0, 23 lits): UNSAT in 0.01s
    cube 1400 (depth 0, 24 lits): UNSAT in 0.02s
    cube 1404 (depth 0, 24 lits): UNSAT in 0.02s
    cube 1408 (depth 0, 24 lits): UNSAT in 0.06s
    cube 1412 (depth 0, 24 lits): UNSAT in 0.02s
    cube 1416 (depth 0, 24 lits): UNSAT in 0.03s
    cube 1420 (depth 0, 24 lits): UNSAT in 0.06s
    cube 1424 (depth 0, 24 lits): UNSAT in 0.28s
    cube 1428 (depth 0, 24 lits): UNSAT in 0.02s
    cube 1432 (depth 0, 24 lits): UNSAT in 0.02s
    cube 1436 (depth 0, 24 lits): UNSAT in 0.02s
    cube 1440 (depth 0, 24 lits): UNSAT in 0.05s
    cube 1444 (depth 0, 24 lits): UNSAT in 0.05s
    cube 1448 (depth 0, 24 lits): UNSAT in 0.12s
    cube 1452 (depth 0, 24 lits): UNSAT in 0.42s
    cube 1456 (depth 0, 24 lits): UNSAT in 1.39s
    cube 1460 (depth 0, 24 lits): UNSAT in 0.02s
    cube 1464 (depth 0, 24 lits): UNSAT in 0.02s
    cube 1468 (depth 0, 24 lits): UNSAT in 0.03s
    cube 1472 (depth 0, 24 lits): UNSAT in 0.08s
    cube 1476 (depth 0, 24 lits): UNSAT in 0.08s
    cube 1480 (depth 0, 24 lits): UNSAT in 0.06s
    cube 1484 (depth 0, 24 lits): UNSAT in 0.11s
    cube 1488 (depth 0, 24 lits): UNSAT in 0.74s
    cube 1492 (depth 0, 24 lits): UNSAT in 0.02s
    cube 1496 (depth 0, 24 lits): UNSAT in 0.23s
    cube 1500 (depth 0, 24 lits): UNSAT in 0.06s
    cube 1504 (depth 0, 24 lits): UNSAT in 0.53s
    cube 1508 (depth 0, 24 lits): UNSAT in 0.16s
    cube 1512 (depth 0, 24 lits): UNSAT in 0.44s
    cube 1516 (depth 0, 24 lits): UNSAT in 0.93s
    cube 1520 (depth 0, 24 lits): UNSAT in 10.67s
    cube 1524 (depth 0, 24 lits): UNSAT in 0.03s
    cube 1528 (depth 0, 24 lits): UNSAT in 0.03s
    cube 1532 (depth 0, 24 lits): UNSAT in 0.02s
    cube 1536 (depth 0, 24 lits): UNSAT in 0.05s
    cube 1540 (depth 0, 24 lits): UNSAT in 0.26s
    cube 1544 (depth 0, 24 lits): UNSAT in 0.34s
    cube 1548 (depth 0, 24 lits): UNSAT in 0.05s
    cube 1552 (depth 0, 24 lits): UNSAT in 0.58s
    cube 1556 (depth 0, 24 lits): UNSAT in 0.02s
    cube 1560 (depth 0, 24 lits): UNSAT in 0.05s
    cube 1564 (depth 0, 24 lits): UNSAT in 0.05s
    cube 1568 (depth 0, 24 lits): UNSAT in 0.10s
    cube 1572 (depth 0, 24 lits): UNSAT in 0.13s
    cube 1576 (depth 0, 24 lits): UNSAT in 0.13s
    cube 1580 (depth 0, 24 lits): UNSAT in 0.37s
    cube 1584 (depth 0, 24 lits): UNSAT in 7.06s
    cube 1588 (depth 0, 24 lits): UNSAT in 0.04s
    cube 1592 (depth 0, 24 lits): UNSAT in 0.11s
    cube 1596 (depth 0, 24 lits): UNSAT in 0.02s
    cube 1600 (depth 0, 24 lits): UNSAT in 2.19s
    cube 1604 (depth 0, 24 lits): UNSAT in 0.15s
    cube 1608 (depth 0, 24 lits): UNSAT in 3.30s
    cube 1612 (depth 0, 24 lits): UNSAT in 1.21s
    cube 1616 (depth 0, 24 lits): UNSAT in 21.30s
    cube 1620 (depth 0, 24 lits): UNSAT in 0.57s
    cube 1624 (depth 0, 24 lits): UNSAT in 2.04s
    cube 1628 (depth 0, 24 lits): UNSAT in 2.00s
    cube 1632 (depth 0, 24 lits): UNSAT in 48.58s
    cube 1636 (depth 0, 24 lits): UNSAT in 1.52s
    cube 1640 (depth 0, 24 lits): UNSAT in 101.15s
    cube 1644 (depth 0, 24 lits): UNSAT in 518.81s
    cube 1648 (depth 0, 24 lits): TIMEOUT in 600.10s
    cube 1648 TIMEOUT -> re-split into 249 sub-cubes (depth 1)
    cube 1648.0 (depth 1, 32 lits): UNSAT in 0.01s
    cube 1648.1 (depth 1, 32 lits): UNSAT in 0.02s
    cube 1648.2 (depth 1, 32 lits): UNSAT in 0.01s
    cube 1648.3 (depth 1, 32 lits): UNSAT in 0.02s
    cube 1648.4 (depth 1, 31 lits): UNSAT in 0.02s
    cube 1648.5 (depth 1, 32 lits): UNSAT in 0.01s
    cube 1648.6 (depth 1, 32 lits): UNSAT in 0.04s
    cube 1648.7 (depth 1, 31 lits): UNSAT in 0.01s
    cube 1648.8 (depth 1, 31 lits): UNSAT in 0.02s
    cube 1648.9 (depth 1, 32 lits): UNSAT in 0.03s
    cube 1648.10 (depth 1, 32 lits): UNSAT in 0.04s
    cube 1648.11 (depth 1, 32 lits): UNSAT in 0.04s
    cube 1648.12 (depth 1, 32 lits): UNSAT in 0.05s
    cube 1648.13 (depth 1, 32 lits): UNSAT in 0.02s
    cube 1648.14 (depth 1, 32 lits): UNSAT in 0.05s
    cube 1648.15 (depth 1, 32 lits): UNSAT in 0.02s
    cube 1648.16 (depth 1, 32 lits): UNSAT in 0.09s
    cube 1648.17 (depth 1, 32 lits): UNSAT in 0.02s
    cube 1648.18 (depth 1, 32 lits): UNSAT in 0.10s
    cube 1648.19 (depth 1, 32 lits): UNSAT in 0.10s
    cube 1648.20 (depth 1, 32 lits): UNSAT in 0.24s
    cube 1648.21 (depth 1, 32 lits): UNSAT in 0.04s
    cube 1648.22 (depth 1, 32 lits): UNSAT in 0.04s
    cube 1648.23 (depth 1, 32 lits): UNSAT in 0.03s
    cube 1648.24 (depth 1, 32 lits): UNSAT in 0.11s
    cube 1648.25 (depth 1, 32 lits): UNSAT in 0.03s
    cube 1648.26 (depth 1, 32 lits): UNSAT in 0.19s
    cube 1648.27 (depth 1, 32 lits): UNSAT in 0.32s
    cube 1648.28 (depth 1, 32 lits): UNSAT in 1.84s
    cube 1648.29 (depth 1, 32 lits): UNSAT in 0.02s
    cube 1648.30 (depth 1, 32 lits): UNSAT in 0.04s
    cube 1648.31 (depth 1, 32 lits): UNSAT in 0.04s
    cube 1648.32 (depth 1, 32 lits): UNSAT in 0.15s
    cube 1648.33 (depth 1, 32 lits): UNSAT in 0.03s
    cube 1648.34 (depth 1, 32 lits): UNSAT in 0.08s
    cube 1648.35 (depth 1, 32 lits): UNSAT in 0.07s
    cube 1648.36 (depth 1, 32 lits): UNSAT in 0.75s
    cube 1648.37 (depth 1, 32 lits): UNSAT in 0.04s
    cube 1648.38 (depth 1, 32 lits): UNSAT in 0.03s
    cube 1648.39 (depth 1, 32 lits): UNSAT in 0.07s
    cube 1648.40 (depth 1, 32 lits): UNSAT in 0.13s
    cube 1648.41 (depth 1, 32 lits): UNSAT in 0.05s
    cube 1648.42 (depth 1, 32 lits): UNSAT in 0.21s
    cube 1648.43 (depth 1, 32 lits): UNSAT in 0.56s
    cube 1648.44 (depth 1, 32 lits): UNSAT in 1.23s
    cube 1648.45 (depth 1, 32 lits): UNSAT in 0.03s
    cube 1648.46 (depth 1, 32 lits): UNSAT in 0.22s
    cube 1648.47 (depth 1, 32 lits): UNSAT in 0.13s
    cube 1648.48 (depth 1, 32 lits): UNSAT in 0.34s
    cube 1648.49 (depth 1, 32 lits): UNSAT in 0.08s
    cube 1648.50 (depth 1, 32 lits): UNSAT in 0.26s
    cube 1648.51 (depth 1, 32 lits): UNSAT in 0.57s
    cube 1648.52 (depth 1, 32 lits): UNSAT in 2.86s
    cube 1648.53 (depth 1, 32 lits): UNSAT in 0.18s
    cube 1648.54 (depth 1, 32 lits): UNSAT in 0.79s
    cube 1648.55 (depth 1, 32 lits): UNSAT in 1.54s
    cube 1648.56 (depth 1, 32 lits): UNSAT in 1.91s
    cube 1648.57 (depth 1, 32 lits): UNSAT in 0.35s
    cube 1648.58 (depth 1, 32 lits): UNSAT in 2.07s
    cube 1648.59 (depth 1, 32 lits): UNSAT in 1.01s
    cube 1648.60 (depth 1, 32 lits): UNSAT in 17.27s
    cube 1648.61 (depth 1, 32 lits): UNSAT in 0.02s
    cube 1648.62 (depth 1, 32 lits): UNSAT in 0.02s
    cube 1648.63 (depth 1, 32 lits): UNSAT in 0.03s
    cube 1648.64 (depth 1, 32 lits): UNSAT in 0.03s
    cube 1648.65 (depth 1, 32 lits): UNSAT in 0.04s
    cube 1648.66 (depth 1, 32 lits): UNSAT in 0.06s
    cube 1648.67 (depth 1, 32 lits): UNSAT in 0.02s
    cube 1648.68 (depth 1, 32 lits): UNSAT in 0.11s
    cube 1648.69 (depth 1, 32 lits): UNSAT in 0.01s
    cube 1648.70 (depth 1, 32 lits): UNSAT in 0.06s
    cube 1648.71 (depth 1, 32 lits): UNSAT in 0.05s
    cube 1648.72 (depth 1, 32 lits): UNSAT in 0.10s
    cube 1648.73 (depth 1, 32 lits): UNSAT in 0.09s
    cube 1648.74 (depth 1, 32 lits): UNSAT in 0.07s
    cube 1648.75 (depth 1, 32 lits): UNSAT in 0.10s
    cube 1648.76 (depth 1, 32 lits): UNSAT in 0.42s
    cube 1648.77 (depth 1, 32 lits): UNSAT in 0.02s
    cube 1648.78 (depth 1, 32 lits): UNSAT in 0.01s
    cube 1648.79 (depth 1, 32 lits): UNSAT in 0.03s
    cube 1648.80 (depth 1, 32 lits): UNSAT in 0.10s
    cube 1648.81 (depth 1, 32 lits): UNSAT in 0.03s
    cube 1648.82 (depth 1, 32 lits): UNSAT in 0.05s
    cube 1648.83 (depth 1, 32 lits): UNSAT in 0.09s
    cube 1648.84 (depth 1, 32 lits): UNSAT in 0.37s
    cube 1648.85 (depth 1, 32 lits): UNSAT in 0.04s
    cube 1648.86 (depth 1, 32 lits): UNSAT in 0.26s
    cube 1648.87 (depth 1, 32 lits): UNSAT in 0.13s
    cube 1648.88 (depth 1, 32 lits): UNSAT in 0.56s
    cube 1648.89 (depth 1, 32 lits): UNSAT in 0.03s
    cube 1648.90 (depth 1, 32 lits): UNSAT in 0.20s
    cube 1648.91 (depth 1, 32 lits): UNSAT in 0.52s
    cube 1648.92 (depth 1, 32 lits): UNSAT in 4.09s
    cube 1648.93 (depth 1, 32 lits): UNSAT in 0.02s
    cube 1648.94 (depth 1, 32 lits): UNSAT in 0.03s
    cube 1648.95 (depth 1, 32 lits): UNSAT in 0.14s
    cube 1648.96 (depth 1, 32 lits): UNSAT in 0.18s
    cube 1648.97 (depth 1, 32 lits): UNSAT in 0.06s
    cube 1648.98 (depth 1, 32 lits): UNSAT in 0.23s
    cube 1648.99 (depth 1, 32 lits): UNSAT in 0.24s
    cube 1648.100 (depth 1, 32 lits): UNSAT in 0.62s
    cube 1648.101 (depth 1, 32 lits): UNSAT in 0.04s
    cube 1648.102 (depth 1, 32 lits): UNSAT in 0.11s
    cube 1648.103 (depth 1, 32 lits): UNSAT in 0.10s
    cube 1648.104 (depth 1, 32 lits): UNSAT in 0.53s
    cube 1648.105 (depth 1, 32 lits): UNSAT in 0.23s
    cube 1648.106 (depth 1, 32 lits): UNSAT in 0.33s
    cube 1648.107 (depth 1, 32 lits): UNSAT in 0.58s
    cube 1648.108 (depth 1, 32 lits): UNSAT in 8.40s
    cube 1648.109 (depth 1, 32 lits): UNSAT in 0.12s
    cube 1648.110 (depth 1, 32 lits): UNSAT in 0.25s
    cube 1648.111 (depth 1, 32 lits): UNSAT in 0.17s
    cube 1648.112 (depth 1, 32 lits): UNSAT in 1.71s
    cube 1648.113 (depth 1, 32 lits): UNSAT in 0.14s
    cube 1648.114 (depth 1, 32 lits): UNSAT in 0.51s
    cube 1648.115 (depth 1, 32 lits): UNSAT in 0.27s
    cube 1648.116 (depth 1, 32 lits): UNSAT in 11.37s
    cube 1648.117 (depth 1, 32 lits): UNSAT in 0.51s
    cube 1648.118 (depth 1, 32 lits): UNSAT in 3.64s
    cube 1648.119 (depth 1, 32 lits): UNSAT in 0.58s
    cube 1648.120 (depth 1, 32 lits): UNSAT in 18.07s
    cube 1648.121 (depth 1, 32 lits): UNSAT in 2.69s
    cube 1648.122 (depth 1, 32 lits): UNSAT in 18.36s
    cube 1648.123 (depth 1, 32 lits): UNSAT in 128.10s
    cube 1648.124 (depth 1, 32 lits): TIMEOUT in 600.10s
    cube 1648.124 TIMEOUT -> re-split into 242 sub-cubes (depth 2)
    cube 1648.124.0 (depth 2, 38 lits): UNSAT in 0.01s
    cube 1648.124.1 (depth 2, 39 lits): UNSAT in 0.02s
    cube 1648.124.2 (depth 2, 40 lits): UNSAT in 0.02s
    cube 1648.124.3 (depth 2, 40 lits): UNSAT in 0.05s
    cube 1648.124.4 (depth 2, 38 lits): UNSAT in 0.02s
    cube 1648.124.5 (depth 2, 40 lits): UNSAT in 0.03s
    cube 1648.124.6 (depth 2, 40 lits): UNSAT in 0.03s
    cube 1648.124.7 (depth 2, 40 lits): UNSAT in 0.02s
    cube 1648.124.8 (depth 2, 40 lits): UNSAT in 0.10s
    cube 1648.124.9 (depth 2, 40 lits): UNSAT in 0.01s
    cube 1648.124.10 (depth 2, 40 lits): UNSAT in 0.02s
    cube 1648.124.11 (depth 2, 40 lits): UNSAT in 0.01s
    cube 1648.124.12 (depth 2, 40 lits): UNSAT in 0.02s
    cube 1648.124.13 (depth 2, 40 lits): UNSAT in 0.02s
    cube 1648.124.14 (depth 2, 40 lits): UNSAT in 0.02s
    cube 1648.124.15 (depth 2, 40 lits): UNSAT in 0.04s
    cube 1648.124.16 (depth 2, 40 lits): UNSAT in 0.09s
    cube 1648.124.17 (depth 2, 40 lits): UNSAT in 0.01s
    cube 1648.124.18 (depth 2, 40 lits): UNSAT in 0.03s
    cube 1648.124.19 (depth 2, 40 lits): UNSAT in 0.03s
    cube 1648.124.20 (depth 2, 40 lits): UNSAT in 0.05s
    cube 1648.124.21 (depth 2, 40 lits): UNSAT in 0.02s
    cube 1648.124.22 (depth 2, 40 lits): UNSAT in 0.05s
    cube 1648.124.23 (depth 2, 40 lits): UNSAT in 0.04s
    cube 1648.124.24 (depth 2, 40 lits): UNSAT in 0.18s
    cube 1648.124.25 (depth 2, 40 lits): UNSAT in 0.01s
    cube 1648.124.26 (depth 2, 40 lits): UNSAT in 0.02s
    cube 1648.124.27 (depth 2, 39 lits): UNSAT in 0.02s
    cube 1648.124.28 (depth 2, 40 lits): UNSAT in 0.02s
    cube 1648.124.29 (depth 2, 40 lits): UNSAT in 0.03s
    cube 1648.124.30 (depth 2, 40 lits): UNSAT in 0.08s
    cube 1648.124.31 (depth 2, 40 lits): UNSAT in 0.12s
    cube 1648.124.32 (depth 2, 39 lits): UNSAT in 0.02s
    cube 1648.124.33 (depth 2, 40 lits): UNSAT in 0.01s
    cube 1648.124.34 (depth 2, 40 lits): UNSAT in 0.05s
    cube 1648.124.35 (depth 2, 40 lits): UNSAT in 0.04s
    cube 1648.124.36 (depth 2, 40 lits): UNSAT in 0.08s
    cube 1648.124.37 (depth 2, 40 lits): UNSAT in 0.03s
    cube 1648.124.38 (depth 2, 40 lits): UNSAT in 0.17s
    cube 1648.124.39 (depth 2, 40 lits): UNSAT in 0.02s
    cube 1648.124.40 (depth 2, 40 lits): UNSAT in 0.02s
    cube 1648.124.41 (depth 2, 40 lits): UNSAT in 0.03s
    cube 1648.124.42 (depth 2, 40 lits): UNSAT in 0.07s
    cube 1648.124.43 (depth 2, 40 lits): UNSAT in 0.03s
    cube 1648.124.44 (depth 2, 40 lits): UNSAT in 0.09s
    cube 1648.124.45 (depth 2, 40 lits): UNSAT in 0.06s
    cube 1648.124.46 (depth 2, 40 lits): UNSAT in 0.39s
    cube 1648.124.47 (depth 2, 40 lits): UNSAT in 0.05s
    cube 1648.124.48 (depth 2, 40 lits): UNSAT in 0.05s
    cube 1648.124.49 (depth 2, 40 lits): UNSAT in 0.08s
    cube 1648.124.50 (depth 2, 40 lits): UNSAT in 0.10s
    cube 1648.124.51 (depth 2, 40 lits): UNSAT in 0.07s
    cube 1648.124.52 (depth 2, 40 lits): UNSAT in 0.20s
    cube 1648.124.53 (depth 2, 40 lits): UNSAT in 0.15s
    cube 1648.124.54 (depth 2, 40 lits): UNSAT in 0.57s
    cube 1648.124.55 (depth 2, 39 lits): UNSAT in 0.01s
    cube 1648.124.56 (depth 2, 39 lits): UNSAT in 0.02s
    cube 1648.124.57 (depth 2, 39 lits): UNSAT in 0.02s
    cube 1648.124.58 (depth 2, 40 lits): UNSAT in 0.02s
    cube 1648.124.59 (depth 2, 40 lits): UNSAT in 0.02s
    cube 1648.124.60 (depth 2, 39 lits): UNSAT in 0.02s
    cube 1648.124.61 (depth 2, 40 lits): UNSAT in 0.02s
    cube 1648.124.62 (depth 2, 40 lits): UNSAT in 0.03s
    cube 1648.124.63 (depth 2, 40 lits): UNSAT in 0.02s
    cube 1648.124.64 (depth 2, 40 lits): UNSAT in 0.06s
    cube 1648.124.65 (depth 2, 40 lits): UNSAT in 0.05s
    cube 1648.124.66 (depth 2, 40 lits): UNSAT in 0.15s
    cube 1648.124.67 (depth 2, 39 lits): UNSAT in 0.02s
    cube 1648.124.68 (depth 2, 40 lits): UNSAT in 0.02s
    cube 1648.124.69 (depth 2, 40 lits): UNSAT in 0.03s
    cube 1648.124.70 (depth 2, 40 lits): UNSAT in 0.01s
    cube 1648.124.71 (depth 2, 40 lits): UNSAT in 0.05s
    cube 1648.124.72 (depth 2, 40 lits): UNSAT in 0.03s
    cube 1648.124.73 (depth 2, 40 lits): UNSAT in 0.20s
    cube 1648.124.74 (depth 2, 40 lits): UNSAT in 0.02s
    cube 1648.124.75 (depth 2, 40 lits): UNSAT in 0.10s
    cube 1648.124.76 (depth 2, 40 lits): UNSAT in 0.08s
    cube 1648.124.77 (depth 2, 40 lits): UNSAT in 0.23s
    cube 1648.124.78 (depth 2, 40 lits): UNSAT in 0.08s
    cube 1648.124.79 (depth 2, 40 lits): UNSAT in 0.25s
    cube 1648.124.80 (depth 2, 40 lits): UNSAT in 0.31s
    cube 1648.124.81 (depth 2, 40 lits): UNSAT in 1.27s
    cube 1648.124.82 (depth 2, 40 lits): UNSAT in 0.02s
    cube 1648.124.83 (depth 2, 40 lits): UNSAT in 0.02s
    cube 1648.124.84 (depth 2, 40 lits): UNSAT in 0.02s
    cube 1648.124.85 (depth 2, 40 lits): UNSAT in 0.05s
    cube 1648.124.86 (depth 2, 40 lits): UNSAT in 0.01s
    cube 1648.124.87 (depth 2, 40 lits): UNSAT in 0.11s
    cube 1648.124.88 (depth 2, 40 lits): UNSAT in 0.08s
    cube 1648.124.89 (depth 2, 40 lits): UNSAT in 0.23s
    cube 1648.124.90 (depth 2, 40 lits): UNSAT in 0.02s
    cube 1648.124.91 (depth 2, 40 lits): UNSAT in 0.03s
    cube 1648.124.92 (depth 2, 40 lits): UNSAT in 0.02s
    cube 1648.124.93 (depth 2, 40 lits): UNSAT in 0.08s
    cube 1648.124.94 (depth 2, 40 lits): UNSAT in 0.06s
    cube 1648.124.95 (depth 2, 40 lits): UNSAT in 0.13s
    cube 1648.124.96 (depth 2, 40 lits): UNSAT in 0.11s
    cube 1648.124.97 (depth 2, 40 lits): UNSAT in 0.52s
    cube 1648.124.98 (depth 2, 40 lits): UNSAT in 0.01s
    cube 1648.124.99 (depth 2, 40 lits): UNSAT in 0.03s
    cube 1648.124.100 (depth 2, 40 lits): UNSAT in 0.03s
    cube 1648.124.101 (depth 2, 40 lits): UNSAT in 0.13s
    cube 1648.124.102 (depth 2, 40 lits): UNSAT in 0.02s
    cube 1648.124.103 (depth 2, 40 lits): UNSAT in 0.06s
    cube 1648.124.104 (depth 2, 40 lits): UNSAT in 0.03s
    cube 1648.124.105 (depth 2, 40 lits): UNSAT in 0.31s
    cube 1648.124.106 (depth 2, 40 lits): UNSAT in 0.04s
    cube 1648.124.107 (depth 2, 40 lits): UNSAT in 0.25s
    cube 1648.124.108 (depth 2, 40 lits): UNSAT in 0.36s
    cube 1648.124.109 (depth 2, 40 lits): UNSAT in 0.92s
    cube 1648.124.110 (depth 2, 40 lits): UNSAT in 0.18s
    cube 1648.124.111 (depth 2, 40 lits): UNSAT in 1.37s
    cube 1648.124.112 (depth 2, 40 lits): UNSAT in 4.10s
    cube 1648.124.113 (depth 2, 40 lits): UNSAT in 7.96s
    cube 1648.124.114 (depth 2, 40 lits): UNSAT in 0.02s
    cube 1648.124.115 (depth 2, 40 lits): UNSAT in 0.02s
    cube 1648.124.116 (depth 2, 40 lits): UNSAT in 0.03s
    cube 1648.124.117 (depth 2, 40 lits): UNSAT in 0.03s
    cube 1648.124.118 (depth 2, 40 lits): UNSAT in 0.02s
    cube 1648.124.119 (depth 2, 40 lits): UNSAT in 0.03s
    cube 1648.124.120 (depth 2, 40 lits): UNSAT in 0.02s
    cube 1648.124.121 (depth 2, 40 lits): UNSAT in 0.08s
    cube 1648.124.122 (depth 2, 40 lits): UNSAT in 0.02s
    cube 1648.124.123 (depth 2, 40 lits): UNSAT in 0.03s
    cube 1648.124.124 (depth 2, 40 lits): UNSAT in 0.02s
    cube 1648.124.125 (depth 2, 40 lits): UNSAT in 0.08s
    cube 1648.124.126 (depth 2, 40 lits): UNSAT in 0.06s
    cube 1648.124.127 (depth 2, 40 lits): UNSAT in 0.12s
    cube 1648.124.128 (depth 2, 40 lits): UNSAT in 0.06s
    cube 1648.124.129 (depth 2, 40 lits): UNSAT in 0.34s
    cube 1648.124.130 (depth 2, 40 lits): UNSAT in 0.01s
    cube 1648.124.131 (depth 2, 40 lits): UNSAT in 0.02s
    cube 1648.124.132 (depth 2, 40 lits): UNSAT in 0.03s
    cube 1648.124.133 (depth 2, 40 lits): UNSAT in 0.07s
    cube 1648.124.134 (depth 2, 40 lits): UNSAT in 0.03s
    cube 1648.124.135 (depth 2, 40 lits): UNSAT in 0.04s
    cube 1648.124.136 (depth 2, 40 lits): UNSAT in 0.03s
    cube 1648.124.137 (depth 2, 40 lits): UNSAT in 0.28s
    cube 1648.124.138 (depth 2, 40 lits): UNSAT in 0.05s
    cube 1648.124.139 (depth 2, 40 lits): UNSAT in 0.11s
    cube 1648.124.140 (depth 2, 40 lits): UNSAT in 0.08s
    cube 1648.124.141 (depth 2, 40 lits): UNSAT in 0.28s
    cube 1648.124.142 (depth 2, 40 lits): UNSAT in 0.05s
    cube 1648.124.143 (depth 2, 40 lits): UNSAT in 0.30s
    cube 1648.124.144 (depth 2, 40 lits): UNSAT in 0.44s
    cube 1648.124.145 (depth 2, 40 lits): UNSAT in 1.28s
    cube 1648.124.146 (depth 2, 40 lits): UNSAT in 0.02s
    cube 1648.124.147 (depth 2, 40 lits): UNSAT in 0.01s
    cube 1648.124.148 (depth 2, 40 lits): UNSAT in 0.02s
    cube 1648.124.149 (depth 2, 40 lits): UNSAT in 0.03s
    cube 1648.124.150 (depth 2, 40 lits): UNSAT in 0.02s
    cube 1648.124.151 (depth 2, 40 lits): UNSAT in 0.02s
    cube 1648.124.152 (depth 2, 40 lits): UNSAT in 0.06s
    cube 1648.124.153 (depth 2, 40 lits): UNSAT in 0.11s
    cube 1648.124.154 (depth 2, 40 lits): UNSAT in 0.01s
    cube 1648.124.155 (depth 2, 40 lits): UNSAT in 0.01s
    cube 1648.124.156 (depth 2, 40 lits): UNSAT in 0.02s
    cube 1648.124.157 (depth 2, 40 lits): UNSAT in 0.03s
    cube 1648.124.158 (depth 2, 40 lits): UNSAT in 0.16s
    cube 1648.124.159 (depth 2, 40 lits): UNSAT in 0.43s
    cube 1648.124.160 (depth 2, 40 lits): UNSAT in 0.19s
    cube 1648.124.161 (depth 2, 40 lits): UNSAT in 0.76s
    cube 1648.124.162 (depth 2, 40 lits): UNSAT in 0.02s
    cube 1648.124.163 (depth 2, 40 lits): UNSAT in 0.03s
    cube 1648.124.164 (depth 2, 40 lits): UNSAT in 0.10s
    cube 1648.124.165 (depth 2, 40 lits): UNSAT in 0.23s
    cube 1648.124.166 (depth 2, 40 lits): UNSAT in 0.04s
    cube 1648.124.167 (depth 2, 40 lits): UNSAT in 0.26s
    cube 1648.124.168 (depth 2, 40 lits): UNSAT in 0.07s
    cube 1648.124.169 (depth 2, 40 lits): UNSAT in 0.74s
    cube 1648.124.170 (depth 2, 40 lits): UNSAT in 0.07s
    cube 1648.124.171 (depth 2, 40 lits): UNSAT in 0.12s
    cube 1648.124.172 (depth 2, 40 lits): UNSAT in 0.47s
    cube 1648.124.173 (depth 2, 40 lits): UNSAT in 0.72s
    cube 1648.124.174 (depth 2, 40 lits): UNSAT in 0.35s
    cube 1648.124.175 (depth 2, 40 lits): UNSAT in 2.80s
    cube 1648.124.176 (depth 2, 40 lits): UNSAT in 3.01s
    cube 1648.124.177 (depth 2, 40 lits): UNSAT in 9.75s
    cube 1648.124.178 (depth 2, 40 lits): UNSAT in 0.01s
    cube 1648.124.179 (depth 2, 40 lits): UNSAT in 0.01s
    cube 1648.124.180 (depth 2, 40 lits): UNSAT in 0.01s
    cube 1648.124.181 (depth 2, 40 lits): UNSAT in 0.02s
    cube 1648.124.182 (depth 2, 40 lits): UNSAT in 0.02s
    cube 1648.124.183 (depth 2, 40 lits): UNSAT in 0.02s
    cube 1648.124.184 (depth 2, 40 lits): UNSAT in 0.03s
    cube 1648.124.185 (depth 2, 40 lits): UNSAT in 0.06s
    cube 1648.124.186 (depth 2, 40 lits): UNSAT in 0.01s
    cube 1648.124.187 (depth 2, 40 lits): UNSAT in 0.04s
    cube 1648.124.188 (depth 2, 40 lits): UNSAT in 0.03s
    cube 1648.124.189 (depth 2, 40 lits): UNSAT in 0.08s
    cube 1648.124.190 (depth 2, 40 lits): UNSAT in 0.06s
    cube 1648.124.191 (depth 2, 40 lits): UNSAT in 0.11s
    cube 1648.124.192 (depth 2, 40 lits): UNSAT in 0.13s
    cube 1648.124.193 (depth 2, 40 lits): UNSAT in 0.32s
    cube 1648.124.194 (depth 2, 40 lits): UNSAT in 0.02s
    cube 1648.124.195 (depth 2, 40 lits): UNSAT in 0.03s
    cube 1648.124.196 (depth 2, 40 lits): UNSAT in 0.03s
    cube 1648.124.197 (depth 2, 40 lits): UNSAT in 0.17s
    cube 1648.124.198 (depth 2, 40 lits): UNSAT in 0.04s
    cube 1648.124.199 (depth 2, 40 lits): UNSAT in 0.14s
    cube 1648.124.200 (depth 2, 40 lits): UNSAT in 0.06s
    cube 1648.124.201 (depth 2, 40 lits): UNSAT in 0.47s
    cube 1648.124.202 (depth 2, 40 lits): UNSAT in 0.05s
    cube 1648.124.203 (depth 2, 40 lits): UNSAT in 0.17s
    cube 1648.124.204 (depth 2, 40 lits): UNSAT in 0.09s
    cube 1648.124.205 (depth 2, 40 lits): UNSAT in 0.34s
    cube 1648.124.206 (depth 2, 40 lits): UNSAT in 0.11s
    cube 1648.124.207 (depth 2, 40 lits): UNSAT in 0.33s
    cube 1648.124.208 (depth 2, 40 lits): UNSAT in 0.22s
    cube 1648.124.209 (depth 2, 40 lits): UNSAT in 1.52s
    cube 1648.124.210 (depth 2, 40 lits): UNSAT in 0.02s
    cube 1648.124.211 (depth 2, 40 lits): UNSAT in 0.02s
    cube 1648.124.212 (depth 2, 40 lits): UNSAT in 0.02s
    cube 1648.124.213 (depth 2, 40 lits): UNSAT in 0.08s
    cube 1648.124.214 (depth 2, 40 lits): UNSAT in 0.02s
    cube 1648.124.215 (depth 2, 40 lits): UNSAT in 0.05s
    cube 1648.124.216 (depth 2, 40 lits): UNSAT in 0.08s
    cube 1648.124.217 (depth 2, 40 lits): UNSAT in 0.86s
    cube 1648.124.218 (depth 2, 40 lits): UNSAT in 0.03s
    cube 1648.124.219 (depth 2, 40 lits): UNSAT in 0.06s
    cube 1648.124.220 (depth 2, 40 lits): UNSAT in 0.07s
    cube 1648.124.221 (depth 2, 40 lits): UNSAT in 0.67s
    cube 1648.124.222 (depth 2, 40 lits): UNSAT in 0.09s
    cube 1648.124.223 (depth 2, 40 lits): UNSAT in 0.90s
    cube 1648.124.224 (depth 2, 40 lits): UNSAT in 1.62s
    cube 1648.124.225 (depth 2, 40 lits): UNSAT in 4.26s
    cube 1648.124.226 (depth 2, 40 lits): UNSAT in 0.02s
    cube 1648.124.227 (depth 2, 40 lits): UNSAT in 0.05s
    cube 1648.124.228 (depth 2, 40 lits): UNSAT in 0.24s
    cube 1648.124.229 (depth 2, 40 lits): UNSAT in 0.51s
    cube 1648.124.230 (depth 2, 40 lits): UNSAT in 0.11s
    cube 1648.124.231 (depth 2, 40 lits): UNSAT in 0.38s
    cube 1648.124.232 (depth 2, 40 lits): UNSAT in 0.35s
    cube 1648.124.233 (depth 2, 40 lits): UNSAT in 0.99s
    cube 1648.124.234 (depth 2, 40 lits): UNSAT in 0.05s
    cube 1648.124.235 (depth 2, 40 lits): UNSAT in 0.24s
    cube 1648.124.236 (depth 2, 40 lits): UNSAT in 0.25s
    cube 1648.124.237 (depth 2, 40 lits): UNSAT in 0.55s
    cube 1648.124.238 (depth 2, 40 lits): UNSAT in 0.51s
    cube 1648.124.239 (depth 2, 40 lits): UNSAT in 2.15s
    cube 1648.124.240 (depth 2, 40 lits): UNSAT in 2.90s
    cube 1648.124.241 (depth 2, 40 lits): UNSAT in 15.43s
    cube 1648.125 (depth 1, 31 lits): UNSAT in 0.01s
    cube 1648.126 (depth 1, 31 lits): UNSAT in 0.02s
    cube 1648.127 (depth 1, 32 lits): UNSAT in 0.02s
    cube 1648.128 (depth 1, 32 lits): UNSAT in 0.04s
    cube 1648.129 (depth 1, 32 lits): UNSAT in 0.02s
    cube 1648.130 (depth 1, 32 lits): UNSAT in 0.03s
    cube 1648.131 (depth 1, 32 lits): UNSAT in 0.02s
    cube 1648.132 (depth 1, 32 lits): UNSAT in 0.02s
    cube 1648.133 (depth 1, 32 lits): UNSAT in 0.02s
    cube 1648.134 (depth 1, 32 lits): UNSAT in 0.05s
    cube 1648.135 (depth 1, 32 lits): UNSAT in 0.01s
    cube 1648.136 (depth 1, 32 lits): UNSAT in 0.04s
    cube 1648.137 (depth 1, 32 lits): UNSAT in 0.04s
    cube 1648.138 (depth 1, 32 lits): UNSAT in 0.08s
    cube 1648.139 (depth 1, 32 lits): UNSAT in 0.01s
    cube 1648.140 (depth 1, 32 lits): UNSAT in 0.03s
    cube 1648.141 (depth 1, 32 lits): UNSAT in 0.01s
    cube 1648.142 (depth 1, 32 lits): UNSAT in 0.03s
    cube 1648.143 (depth 1, 32 lits): UNSAT in 0.03s
    cube 1648.144 (depth 1, 32 lits): UNSAT in 0.06s
    cube 1648.145 (depth 1, 32 lits): UNSAT in 0.05s
    cube 1648.146 (depth 1, 32 lits): UNSAT in 0.19s
    cube 1648.147 (depth 1, 32 lits): UNSAT in 0.01s
    cube 1648.148 (depth 1, 32 lits): UNSAT in 0.02s
    cube 1648.149 (depth 1, 32 lits): UNSAT in 0.03s
    cube 1648.150 (depth 1, 32 lits): UNSAT in 0.05s
    cube 1648.151 (depth 1, 32 lits): UNSAT in 0.05s
    cube 1648.152 (depth 1, 32 lits): UNSAT in 0.14s
    cube 1648.153 (depth 1, 32 lits): UNSAT in 0.42s
    cube 1648.154 (depth 1, 32 lits): UNSAT in 2.57s
    cube 1648.155 (depth 1, 31 lits): UNSAT in 0.01s
    cube 1648.156 (depth 1, 32 lits): UNSAT in 0.02s
    cube 1648.157 (depth 1, 32 lits): UNSAT in 0.06s
    cube 1648.158 (depth 1, 32 lits): UNSAT in 0.03s
    cube 1648.159 (depth 1, 32 lits): UNSAT in 0.03s
    cube 1648.160 (depth 1, 32 lits): UNSAT in 0.06s
    cube 1648.161 (depth 1, 32 lits): UNSAT in 0.14s
    cube 1648.162 (depth 1, 32 lits): UNSAT in 0.01s
    cube 1648.163 (depth 1, 32 lits): UNSAT in 0.06s
    cube 1648.164 (depth 1, 32 lits): UNSAT in 0.02s
    cube 1648.165 (depth 1, 32 lits): UNSAT in 0.13s
    cube 1648.166 (depth 1, 32 lits): UNSAT in 0.09s
    cube 1648.167 (depth 1, 32 lits): UNSAT in 0.37s
    cube 1648.168 (depth 1, 32 lits): UNSAT in 0.31s
    cube 1648.169 (depth 1, 32 lits): UNSAT in 1.17s
    cube 1648.170 (depth 1, 32 lits): UNSAT in 0.05s
    cube 1648.171 (depth 1, 32 lits): UNSAT in 0.11s
    cube 1648.172 (depth 1, 32 lits): UNSAT in 0.11s
    cube 1648.173 (depth 1, 32 lits): UNSAT in 0.43s
    cube 1648.174 (depth 1, 32 lits): UNSAT in 0.10s
    cube 1648.175 (depth 1, 32 lits): UNSAT in 0.29s
    cube 1648.176 (depth 1, 32 lits): UNSAT in 0.26s
    cube 1648.177 (depth 1, 32 lits): UNSAT in 1.32s
    cube 1648.178 (depth 1, 32 lits): UNSAT in 0.10s
    cube 1648.179 (depth 1, 32 lits): UNSAT in 0.88s
    cube 1648.180 (depth 1, 32 lits): UNSAT in 0.74s
    cube 1648.181 (depth 1, 32 lits): UNSAT in 1.79s
    cube 1648.182 (depth 1, 32 lits): UNSAT in 0.28s
    cube 1648.183 (depth 1, 32 lits): UNSAT in 1.18s
    cube 1648.184 (depth 1, 32 lits): UNSAT in 0.58s
    cube 1648.185 (depth 1, 32 lits): UNSAT in 7.16s
    cube 1648.186 (depth 1, 31 lits): UNSAT in 0.02s
    cube 1648.187 (depth 1, 32 lits): UNSAT in 0.02s
    cube 1648.188 (depth 1, 32 lits): UNSAT in 0.02s
    cube 1648.189 (depth 1, 32 lits): UNSAT in 0.01s
    cube 1648.190 (depth 1, 32 lits): UNSAT in 0.04s
    cube 1648.191 (depth 1, 32 lits): UNSAT in 0.07s
    cube 1648.192 (depth 1, 32 lits): UNSAT in 0.12s
    cube 1648.193 (depth 1, 32 lits): UNSAT in 0.03s
    cube 1648.194 (depth 1, 32 lits): UNSAT in 0.10s
    cube 1648.195 (depth 1, 32 lits): UNSAT in 0.03s
    cube 1648.196 (depth 1, 32 lits): UNSAT in 0.11s
    cube 1648.197 (depth 1, 32 lits): UNSAT in 0.03s
    cube 1648.198 (depth 1, 32 lits): UNSAT in 0.15s
    cube 1648.199 (depth 1, 32 lits): UNSAT in 0.16s
    cube 1648.200 (depth 1, 32 lits): UNSAT in 0.50s
    cube 1648.201 (depth 1, 32 lits): UNSAT in 0.03s
    cube 1648.202 (depth 1, 32 lits): UNSAT in 0.04s
    cube 1648.203 (depth 1, 32 lits): UNSAT in 0.05s
    cube 1648.204 (depth 1, 32 lits): UNSAT in 0.07s
    cube 1648.205 (depth 1, 32 lits): UNSAT in 0.02s
    cube 1648.206 (depth 1, 32 lits): UNSAT in 0.11s
    cube 1648.207 (depth 1, 32 lits): UNSAT in 0.06s
    cube 1648.208 (depth 1, 32 lits): UNSAT in 0.37s
    cube 1648.209 (depth 1, 32 lits): UNSAT in 0.04s
    cube 1648.210 (depth 1, 32 lits): UNSAT in 0.09s
    cube 1648.211 (depth 1, 32 lits): UNSAT in 0.07s
    cube 1648.212 (depth 1, 32 lits): UNSAT in 0.46s
    cube 1648.213 (depth 1, 32 lits): UNSAT in 0.13s
    cube 1648.214 (depth 1, 32 lits): UNSAT in 0.57s
    cube 1648.215 (depth 1, 32 lits): UNSAT in 0.20s
    cube 1648.216 (depth 1, 32 lits): UNSAT in 1.86s
    cube 1648.217 (depth 1, 32 lits): UNSAT in 0.02s
    cube 1648.218 (depth 1, 32 lits): UNSAT in 0.06s
    cube 1648.219 (depth 1, 32 lits): UNSAT in 0.02s
    cube 1648.220 (depth 1, 32 lits): UNSAT in 0.11s
    cube 1648.221 (depth 1, 32 lits): UNSAT in 0.06s
    cube 1648.222 (depth 1, 32 lits): UNSAT in 0.11s
    cube 1648.223 (depth 1, 32 lits): UNSAT in 0.12s
    cube 1648.224 (depth 1, 32 lits): UNSAT in 0.38s
    cube 1648.225 (depth 1, 32 lits): UNSAT in 0.05s
    cube 1648.226 (depth 1, 32 lits): UNSAT in 0.27s
    cube 1648.227 (depth 1, 32 lits): UNSAT in 0.10s
    cube 1648.228 (depth 1, 32 lits): UNSAT in 1.41s
    cube 1648.229 (depth 1, 32 lits): UNSAT in 0.32s
    cube 1648.230 (depth 1, 32 lits): UNSAT in 1.63s
    cube 1648.231 (depth 1, 32 lits): UNSAT in 0.43s
    cube 1648.232 (depth 1, 32 lits): UNSAT in 7.21s
    cube 1648.233 (depth 1, 32 lits): UNSAT in 0.13s
    cube 1648.234 (depth 1, 32 lits): UNSAT in 0.18s
    cube 1648.235 (depth 1, 32 lits): UNSAT in 0.18s
    cube 1648.236 (depth 1, 32 lits): UNSAT in 0.34s
    cube 1648.237 (depth 1, 32 lits): UNSAT in 0.09s
    cube 1648.238 (depth 1, 32 lits): UNSAT in 0.35s
    cube 1648.239 (depth 1, 32 lits): UNSAT in 0.27s
    cube 1648.240 (depth 1, 32 lits): UNSAT in 5.42s
    cube 1648.241 (depth 1, 32 lits): UNSAT in 0.25s
    cube 1648.242 (depth 1, 32 lits): UNSAT in 0.96s
    cube 1648.243 (depth 1, 32 lits): UNSAT in 0.50s
    cube 1648.244 (depth 1, 32 lits): UNSAT in 5.39s
    cube 1648.245 (depth 1, 32 lits): UNSAT in 1.78s
    cube 1648.246 (depth 1, 32 lits): UNSAT in 20.69s
    cube 1648.247 (depth 1, 32 lits): UNSAT in 53.58s
    cube 1648.248 (depth 1, 32 lits): UNSAT in 430.71s
    cube 1652 (depth 0, 24 lits): UNSAT in 0.02s
    cube 1656 (depth 0, 24 lits): UNSAT in 0.02s
    cube 1660 (depth 0, 24 lits): UNSAT in 0.03s
    cube 1664 (depth 0, 24 lits): UNSAT in 0.02s
    cube 1668 (depth 0, 24 lits): UNSAT in 0.03s
    cube 1672 (depth 0, 24 lits): UNSAT in 0.05s
    cube 1676 (depth 0, 24 lits): UNSAT in 0.08s
    cube 1680 (depth 0, 24 lits): UNSAT in 0.02s
    cube 1684 (depth 0, 24 lits): UNSAT in 0.01s
    cube 1688 (depth 0, 24 lits): UNSAT in 0.02s
    cube 1692 (depth 0, 24 lits): UNSAT in 0.03s
    cube 1696 (depth 0, 23 lits): UNSAT in 0.02s
    cube 1700 (depth 0, 24 lits): UNSAT in 0.08s
    cube 1704 (depth 0, 24 lits): UNSAT in 0.18s
    cube 1708 (depth 0, 24 lits): UNSAT in 2.50s
    cube 1712 (depth 0, 24 lits): UNSAT in 0.03s
    cube 1716 (depth 0, 24 lits): UNSAT in 0.10s
    cube 1720 (depth 0, 24 lits): UNSAT in 0.07s
    cube 1724 (depth 0, 24 lits): UNSAT in 0.14s
    cube 1728 (depth 0, 24 lits): UNSAT in 0.12s
    cube 1732 (depth 0, 24 lits): UNSAT in 0.08s
    cube 1736 (depth 0, 24 lits): UNSAT in 0.12s
    cube 1740 (depth 0, 24 lits): UNSAT in 2.74s
    cube 1744 (depth 0, 24 lits): UNSAT in 0.04s
    cube 1748 (depth 0, 24 lits): UNSAT in 0.07s
    cube 1752 (depth 0, 24 lits): UNSAT in 0.13s
    cube 1756 (depth 0, 24 lits): UNSAT in 0.98s
    cube 1760 (depth 0, 24 lits): UNSAT in 0.10s
    cube 1764 (depth 0, 24 lits): UNSAT in 0.38s
    cube 1768 (depth 0, 24 lits): UNSAT in 2.37s
    cube 1772 (depth 0, 24 lits): UNSAT in 32.52s
    cube 1776 (depth 0, 24 lits): UNSAT in 0.06s
    cube 1780 (depth 0, 24 lits): UNSAT in 0.28s
    cube 1784 (depth 0, 24 lits): UNSAT in 0.05s
    cube 1788 (depth 0, 24 lits): UNSAT in 0.19s
    cube 1792 (depth 0, 24 lits): UNSAT in 0.03s
    cube 1796 (depth 0, 24 lits): UNSAT in 0.34s
    cube 1800 (depth 0, 24 lits): UNSAT in 0.26s
    cube 1804 (depth 0, 24 lits): UNSAT in 1.77s
    cube 1808 (depth 0, 24 lits): UNSAT in 0.17s
    cube 1812 (depth 0, 24 lits): UNSAT in 2.75s
    cube 1816 (depth 0, 24 lits): UNSAT in 0.37s
    cube 1820 (depth 0, 24 lits): UNSAT in 1.95s
    cube 1824 (depth 0, 24 lits): UNSAT in 0.27s
    cube 1828 (depth 0, 24 lits): UNSAT in 0.96s
    cube 1832 (depth 0, 24 lits): UNSAT in 1.78s
    cube 1836 (depth 0, 24 lits): UNSAT in 26.75s
    cube 1840 (depth 0, 24 lits): UNSAT in 0.02s
    cube 1844 (depth 0, 24 lits): UNSAT in 0.15s
    cube 1848 (depth 0, 24 lits): UNSAT in 1.50s
    cube 1852 (depth 0, 24 lits): UNSAT in 1.74s
    cube 1856 (depth 0, 24 lits): UNSAT in 0.42s
    cube 1860 (depth 0, 24 lits): UNSAT in 0.22s
    cube 1864 (depth 0, 24 lits): UNSAT in 0.89s
    cube 1868 (depth 0, 24 lits): UNSAT in 53.25s
    cube 1872 (depth 0, 24 lits): UNSAT in 0.49s
    cube 1876 (depth 0, 24 lits): UNSAT in 3.20s
    cube 1880 (depth 0, 24 lits): UNSAT in 3.43s
    cube 1884 (depth 0, 24 lits): UNSAT in 405.27s
    cube 1888 (depth 0, 24 lits): UNSAT in 2.95s
    cube 1892 (depth 0, 24 lits): UNSAT in 112.10s
    cube 1896 (depth 0, 24 lits): UNSAT in 14.07s
    cube 1900 (depth 0, 24 lits): TIMEOUT in 600.10s
    cube 1900 TIMEOUT -> re-split into 245 sub-cubes (depth 1)
    cube 1900.0 (depth 1, 31 lits): UNSAT in 0.01s
    cube 1900.1 (depth 1, 32 lits): UNSAT in 0.01s
    cube 1900.2 (depth 1, 32 lits): UNSAT in 0.02s
    cube 1900.3 (depth 1, 31 lits): UNSAT in 0.01s
    cube 1900.4 (depth 1, 32 lits): UNSAT in 0.01s
    cube 1900.5 (depth 1, 32 lits): UNSAT in 0.02s
    cube 1900.6 (depth 1, 31 lits): UNSAT in 0.01s
    cube 1900.7 (depth 1, 32 lits): UNSAT in 0.01s
    cube 1900.8 (depth 1, 32 lits): UNSAT in 0.02s
    cube 1900.9 (depth 1, 32 lits): UNSAT in 0.01s
    cube 1900.10 (depth 1, 32 lits): UNSAT in 0.02s
    cube 1900.11 (depth 1, 32 lits): UNSAT in 0.02s
    cube 1900.12 (depth 1, 32 lits): UNSAT in 0.02s
    cube 1900.13 (depth 1, 32 lits): UNSAT in 0.02s
    cube 1900.14 (depth 1, 32 lits): UNSAT in 0.02s
    cube 1900.15 (depth 1, 32 lits): UNSAT in 0.02s
    cube 1900.16 (depth 1, 32 lits): UNSAT in 0.02s
    cube 1900.17 (depth 1, 32 lits): UNSAT in 0.04s
    cube 1900.18 (depth 1, 32 lits): UNSAT in 0.04s
    cube 1900.19 (depth 1, 32 lits): UNSAT in 0.04s
    cube 1900.20 (depth 1, 32 lits): UNSAT in 0.07s
    cube 1900.21 (depth 1, 32 lits): UNSAT in 0.03s
    cube 1900.22 (depth 1, 32 lits): UNSAT in 0.03s
    cube 1900.23 (depth 1, 32 lits): UNSAT in 0.02s
    cube 1900.24 (depth 1, 32 lits): UNSAT in 0.03s
    cube 1900.25 (depth 1, 32 lits): UNSAT in 0.06s
    cube 1900.26 (depth 1, 32 lits): UNSAT in 0.06s
    cube 1900.27 (depth 1, 32 lits): UNSAT in 0.06s
    cube 1900.28 (depth 1, 32 lits): UNSAT in 0.08s
    cube 1900.29 (depth 1, 32 lits): UNSAT in 0.03s
    cube 1900.30 (depth 1, 32 lits): UNSAT in 0.04s
    cube 1900.31 (depth 1, 32 lits): UNSAT in 0.02s
    cube 1900.32 (depth 1, 32 lits): UNSAT in 0.05s
    cube 1900.33 (depth 1, 32 lits): UNSAT in 0.03s
    cube 1900.34 (depth 1, 32 lits): UNSAT in 0.03s
    cube 1900.35 (depth 1, 32 lits): UNSAT in 0.03s
    cube 1900.36 (depth 1, 32 lits): UNSAT in 0.07s
    cube 1900.37 (depth 1, 32 lits): UNSAT in 0.02s
    cube 1900.38 (depth 1, 32 lits): UNSAT in 0.04s
    cube 1900.39 (depth 1, 32 lits): UNSAT in 0.04s
    cube 1900.40 (depth 1, 32 lits): UNSAT in 0.06s
    cube 1900.41 (depth 1, 32 lits): UNSAT in 0.05s
    cube 1900.42 (depth 1, 32 lits): UNSAT in 0.08s
    cube 1900.43 (depth 1, 32 lits): UNSAT in 0.05s
    cube 1900.44 (depth 1, 32 lits): UNSAT in 0.09s
    cube 1900.45 (depth 1, 32 lits): UNSAT in 0.02s
    cube 1900.46 (depth 1, 32 lits): UNSAT in 0.02s
    cube 1900.47 (depth 1, 32 lits): UNSAT in 0.03s
    cube 1900.48 (depth 1, 32 lits): UNSAT in 0.02s
    cube 1900.49 (depth 1, 32 lits): UNSAT in 0.03s
    cube 1900.50 (depth 1, 32 lits): UNSAT in 0.05s
    cube 1900.51 (depth 1, 32 lits): UNSAT in 0.09s
    cube 1900.52 (depth 1, 32 lits): UNSAT in 0.10s
    cube 1900.53 (depth 1, 32 lits): UNSAT in 0.04s
    cube 1900.54 (depth 1, 32 lits): UNSAT in 0.07s
    cube 1900.55 (depth 1, 32 lits): UNSAT in 0.03s
    cube 1900.56 (depth 1, 32 lits): UNSAT in 0.05s
    cube 1900.57 (depth 1, 32 lits): UNSAT in 0.04s
    cube 1900.58 (depth 1, 32 lits): UNSAT in 0.06s
    cube 1900.59 (depth 1, 32 lits): UNSAT in 0.07s
    cube 1900.60 (depth 1, 32 lits): UNSAT in 0.15s
    cube 1900.61 (depth 1, 31 lits): UNSAT in 0.01s
    cube 1900.62 (depth 1, 32 lits): UNSAT in 0.01s
    cube 1900.63 (depth 1, 32 lits): UNSAT in 0.01s
    cube 1900.64 (depth 1, 31 lits): UNSAT in 0.01s
    cube 1900.65 (depth 1, 32 lits): UNSAT in 0.02s
    cube 1900.66 (depth 1, 32 lits): UNSAT in 0.02s
    cube 1900.67 (depth 1, 32 lits): UNSAT in 0.01s
    cube 1900.68 (depth 1, 32 lits): UNSAT in 0.01s
    cube 1900.69 (depth 1, 32 lits): UNSAT in 0.01s
    cube 1900.70 (depth 1, 32 lits): UNSAT in 0.03s
    cube 1900.71 (depth 1, 32 lits): UNSAT in 0.02s
    cube 1900.72 (depth 1, 32 lits): UNSAT in 0.01s
    cube 1900.73 (depth 1, 32 lits): UNSAT in 0.02s
    cube 1900.74 (depth 1, 32 lits): UNSAT in 0.07s
    cube 1900.75 (depth 1, 32 lits): UNSAT in 0.01s
    cube 1900.76 (depth 1, 32 lits): UNSAT in 0.01s
    cube 1900.77 (depth 1, 31 lits): UNSAT in 0.01s
    cube 1900.78 (depth 1, 32 lits): UNSAT in 0.02s
    cube 1900.79 (depth 1, 32 lits): UNSAT in 0.02s
    cube 1900.80 (depth 1, 32 lits): UNSAT in 0.03s
    cube 1900.81 (depth 1, 32 lits): UNSAT in 0.05s
    cube 1900.82 (depth 1, 32 lits): UNSAT in 0.02s
    cube 1900.83 (depth 1, 32 lits): UNSAT in 0.03s
    cube 1900.84 (depth 1, 32 lits): UNSAT in 0.08s
    cube 1900.85 (depth 1, 32 lits): UNSAT in 0.13s
    cube 1900.86 (depth 1, 32 lits): UNSAT in 0.03s
    cube 1900.87 (depth 1, 32 lits): UNSAT in 0.06s
    cube 1900.88 (depth 1, 32 lits): UNSAT in 0.18s
    cube 1900.89 (depth 1, 32 lits): UNSAT in 0.24s
    cube 1900.90 (depth 1, 32 lits): UNSAT in 0.02s
    cube 1900.91 (depth 1, 32 lits): UNSAT in 0.01s
    cube 1900.92 (depth 1, 32 lits): UNSAT in 0.01s
    cube 1900.93 (depth 1, 32 lits): UNSAT in 0.02s
    cube 1900.94 (depth 1, 30 lits): UNSAT in 0.02s
    cube 1900.95 (depth 1, 31 lits): UNSAT in 0.01s
    cube 1900.96 (depth 1, 32 lits): UNSAT in 0.03s
    cube 1900.97 (depth 1, 32 lits): UNSAT in 0.07s
    cube 1900.98 (depth 1, 32 lits): UNSAT in 0.01s
    cube 1900.99 (depth 1, 32 lits): UNSAT in 0.03s
    cube 1900.100 (depth 1, 32 lits): UNSAT in 0.02s
    cube 1900.101 (depth 1, 32 lits): UNSAT in 0.12s
    cube 1900.102 (depth 1, 32 lits): UNSAT in 0.02s
    cube 1900.103 (depth 1, 32 lits): UNSAT in 0.05s
    cube 1900.104 (depth 1, 32 lits): UNSAT in 0.08s
    cube 1900.105 (depth 1, 32 lits): UNSAT in 0.15s
    cube 1900.106 (depth 1, 32 lits): UNSAT in 0.03s
    cube 1900.107 (depth 1, 32 lits): UNSAT in 0.03s
    cube 1900.108 (depth 1, 32 lits): UNSAT in 0.03s
    cube 1900.109 (depth 1, 32 lits): UNSAT in 0.20s
    cube 1900.110 (depth 1, 32 lits): UNSAT in 0.02s
    cube 1900.111 (depth 1, 32 lits): UNSAT in 0.05s
    cube 1900.112 (depth 1, 32 lits): UNSAT in 0.11s
    cube 1900.113 (depth 1, 32 lits): UNSAT in 0.34s
    cube 1900.114 (depth 1, 32 lits): UNSAT in 0.65s
    cube 1900.115 (depth 1, 32 lits): UNSAT in 0.69s
    cube 1900.116 (depth 1, 32 lits): UNSAT in 0.96s
    cube 1900.117 (depth 1, 32 lits): UNSAT in 1.61s
    cube 1900.118 (depth 1, 32 lits): UNSAT in 0.02s
    cube 1900.119 (depth 1, 32 lits): UNSAT in 0.05s
    cube 1900.120 (depth 1, 32 lits): UNSAT in 0.01s
    cube 1900.121 (depth 1, 32 lits): UNSAT in 0.03s
    cube 1900.122 (depth 1, 32 lits): UNSAT in 0.04s
    cube 1900.123 (depth 1, 32 lits): UNSAT in 0.04s
    cube 1900.124 (depth 1, 32 lits): UNSAT in 0.05s
    cube 1900.125 (depth 1, 32 lits): UNSAT in 0.11s
    cube 1900.126 (depth 1, 32 lits): UNSAT in 0.02s
    cube 1900.127 (depth 1, 32 lits): UNSAT in 0.03s
    cube 1900.128 (depth 1, 32 lits): UNSAT in 0.04s
    cube 1900.129 (depth 1, 32 lits): UNSAT in 0.04s
    cube 1900.130 (depth 1, 32 lits): UNSAT in 0.03s
    cube 1900.131 (depth 1, 32 lits): UNSAT in 0.11s
    cube 1900.132 (depth 1, 32 lits): UNSAT in 0.06s
    cube 1900.133 (depth 1, 32 lits): UNSAT in 0.14s
    cube 1900.134 (depth 1, 32 lits): UNSAT in 0.02s
    cube 1900.135 (depth 1, 32 lits): UNSAT in 0.02s
    cube 1900.136 (depth 1, 32 lits): UNSAT in 0.02s
    cube 1900.137 (depth 1, 32 lits): UNSAT in 0.05s
    cube 1900.138 (depth 1, 32 lits): UNSAT in 0.02s
    cube 1900.139 (depth 1, 32 lits): UNSAT in 0.07s
    cube 1900.140 (depth 1, 32 lits): UNSAT in 0.06s
    cube 1900.141 (depth 1, 32 lits): UNSAT in 0.18s
    cube 1900.142 (depth 1, 32 lits): UNSAT in 0.02s
    cube 1900.143 (depth 1, 32 lits): UNSAT in 0.03s
    cube 1900.144 (depth 1, 32 lits): UNSAT in 0.20s
    cube 1900.145 (depth 1, 32 lits): UNSAT in 0.32s
    cube 1900.146 (depth 1, 32 lits): UNSAT in 0.09s
    cube 1900.147 (depth 1, 32 lits): UNSAT in 0.35s
    cube 1900.148 (depth 1, 32 lits): UNSAT in 0.30s
    cube 1900.149 (depth 1, 32 lits): UNSAT in 0.67s
    cube 1900.150 (depth 1, 32 lits): UNSAT in 0.02s
    cube 1900.151 (depth 1, 32 lits): UNSAT in 0.01s
    cube 1900.152 (depth 1, 32 lits): UNSAT in 0.02s
    cube 1900.153 (depth 1, 32 lits): UNSAT in 0.02s
    cube 1900.154 (depth 1, 31 lits): UNSAT in 0.01s
    cube 1900.155 (depth 1, 32 lits): UNSAT in 0.03s
    cube 1900.156 (depth 1, 32 lits): UNSAT in 0.03s
    cube 1900.157 (depth 1, 32 lits): UNSAT in 0.02s
    cube 1900.158 (depth 1, 32 lits): UNSAT in 0.02s
    cube 1900.159 (depth 1, 32 lits): UNSAT in 0.03s
    cube 1900.160 (depth 1, 32 lits): UNSAT in 0.09s
    cube 1900.161 (depth 1, 32 lits): UNSAT in 0.03s
    cube 1900.162 (depth 1, 32 lits): UNSAT in 0.06s
    cube 1900.163 (depth 1, 32 lits): UNSAT in 0.05s
    cube 1900.164 (depth 1, 32 lits): UNSAT in 0.80s
    cube 1900.165 (depth 1, 32 lits): UNSAT in 0.02s
    cube 1900.166 (depth 1, 32 lits): UNSAT in 0.04s
    cube 1900.167 (depth 1, 32 lits): UNSAT in 0.07s
    cube 1900.168 (depth 1, 32 lits): UNSAT in 0.05s
    cube 1900.169 (depth 1, 32 lits): UNSAT in 0.03s
    cube 1900.170 (depth 1, 32 lits): UNSAT in 0.08s
    cube 1900.171 (depth 1, 32 lits): UNSAT in 0.13s
    cube 1900.172 (depth 1, 32 lits): UNSAT in 1.34s
    cube 1900.173 (depth 1, 32 lits): UNSAT in 0.02s
    cube 1900.174 (depth 1, 32 lits): UNSAT in 0.02s
    cube 1900.175 (depth 1, 32 lits): UNSAT in 0.07s
    cube 1900.176 (depth 1, 32 lits): UNSAT in 0.50s
    cube 1900.177 (depth 1, 32 lits): UNSAT in 0.13s
    cube 1900.178 (depth 1, 32 lits): UNSAT in 2.24s
    cube 1900.179 (depth 1, 32 lits): UNSAT in 3.73s
    cube 1900.180 (depth 1, 32 lits): UNSAT in 9.99s
    cube 1900.181 (depth 1, 32 lits): UNSAT in 0.03s
    cube 1900.182 (depth 1, 32 lits): UNSAT in 0.04s
    cube 1900.183 (depth 1, 32 lits): UNSAT in 0.03s
    cube 1900.184 (depth 1, 32 lits): UNSAT in 0.08s
    cube 1900.185 (depth 1, 32 lits): UNSAT in 0.02s
    cube 1900.186 (depth 1, 32 lits): UNSAT in 0.06s
    cube 1900.187 (depth 1, 32 lits): UNSAT in 0.04s
    cube 1900.188 (depth 1, 32 lits): UNSAT in 0.42s
    cube 1900.189 (depth 1, 32 lits): UNSAT in 0.05s
    cube 1900.190 (depth 1, 32 lits): UNSAT in 0.13s
    cube 1900.191 (depth 1, 32 lits): UNSAT in 0.14s
    cube 1900.192 (depth 1, 32 lits): UNSAT in 0.88s
    cube 1900.193 (depth 1, 32 lits): UNSAT in 0.10s
    cube 1900.194 (depth 1, 32 lits): UNSAT in 0.39s
    cube 1900.195 (depth 1, 32 lits): UNSAT in 1.06s
    cube 1900.196 (depth 1, 32 lits): UNSAT in 10.70s
    cube 1900.197 (depth 1, 32 lits): UNSAT in 0.02s
    cube 1900.198 (depth 1, 32 lits): UNSAT in 0.05s
    cube 1900.199 (depth 1, 32 lits): UNSAT in 0.04s
    cube 1900.200 (depth 1, 32 lits): UNSAT in 0.20s
    cube 1900.201 (depth 1, 32 lits): UNSAT in 0.17s
    cube 1900.202 (depth 1, 32 lits): UNSAT in 1.18s
    cube 1900.203 (depth 1, 32 lits): UNSAT in 0.15s
    cube 1900.204 (depth 1, 32 lits): UNSAT in 3.29s
    cube 1900.205 (depth 1, 32 lits): UNSAT in 0.03s
    cube 1900.206 (depth 1, 32 lits): UNSAT in 0.06s
    cube 1900.207 (depth 1, 32 lits): UNSAT in 0.15s
    cube 1900.208 (depth 1, 32 lits): UNSAT in 0.84s
    cube 1900.209 (depth 1, 32 lits): UNSAT in 0.14s
    cube 1900.210 (depth 1, 32 lits): UNSAT in 6.88s
    cube 1900.211 (depth 1, 32 lits): UNSAT in 2.13s
    cube 1900.212 (depth 1, 32 lits): UNSAT in 57.49s
    cube 1900.213 (depth 1, 32 lits): UNSAT in 0.03s
    cube 1900.214 (depth 1, 32 lits): UNSAT in 0.05s
    cube 1900.215 (depth 1, 32 lits): UNSAT in 0.03s
    cube 1900.216 (depth 1, 32 lits): UNSAT in 0.09s
    cube 1900.217 (depth 1, 32 lits): UNSAT in 0.02s
    cube 1900.218 (depth 1, 32 lits): UNSAT in 0.09s
    cube 1900.219 (depth 1, 32 lits): UNSAT in 0.06s
    cube 1900.220 (depth 1, 32 lits): UNSAT in 0.91s
    cube 1900.221 (depth 1, 32 lits): UNSAT in 0.35s
    cube 1900.222 (depth 1, 32 lits): UNSAT in 3.30s
    cube 1900.223 (depth 1, 32 lits): UNSAT in 0.40s
    cube 1900.224 (depth 1, 32 lits): UNSAT in 11.36s
    cube 1900.225 (depth 1, 32 lits): UNSAT in 3.34s
    cube 1900.226 (depth 1, 32 lits): UNSAT in 12.29s
    cube 1900.227 (depth 1, 32 lits): UNSAT in 2.92s
    cube 1900.228 (depth 1, 32 lits): UNSAT in 13.20s
    cube 1900.229 (depth 1, 32 lits): UNSAT in 0.46s
    cube 1900.230 (depth 1, 32 lits): UNSAT in 0.37s
    cube 1900.231 (depth 1, 32 lits): UNSAT in 0.85s
    cube 1900.232 (depth 1, 32 lits): UNSAT in 7.47s
    cube 1900.233 (depth 1, 32 lits): UNSAT in 0.31s
    cube 1900.234 (depth 1, 32 lits): UNSAT in 2.88s
    cube 1900.235 (depth 1, 32 lits): UNSAT in 2.20s
    cube 1900.236 (depth 1, 32 lits): UNSAT in 52.16s
    cube 1900.237 (depth 1, 32 lits): UNSAT in 0.54s
    cube 1900.238 (depth 1, 32 lits): UNSAT in 4.01s
    cube 1900.239 (depth 1, 32 lits): UNSAT in 12.32s
    cube 1900.240 (depth 1, 32 lits): UNSAT in 65.41s
    cube 1900.241 (depth 1, 32 lits): UNSAT in 15.39s
    cube 1900.242 (depth 1, 32 lits): UNSAT in 109.65s
    cube 1900.243 (depth 1, 32 lits): UNSAT in 14.74s
    cube 1900.244 (depth 1, 32 lits): UNSAT in 161.58s
    cube 1904 (depth 0, 23 lits): UNSAT in 0.01s
    cube 1908 (depth 0, 24 lits): UNSAT in 0.02s
    cube 1912 (depth 0, 24 lits): UNSAT in 0.02s
    cube 1916 (depth 0, 24 lits): UNSAT in 0.01s
    cube 1920 (depth 0, 24 lits): UNSAT in 0.02s
    cube 1924 (depth 0, 23 lits): UNSAT in 0.01s
    cube 1928 (depth 0, 24 lits): UNSAT in 0.01s
    cube 1932 (depth 0, 24 lits): UNSAT in 0.03s
    cube 1936 (depth 0, 24 lits): UNSAT in 0.13s
    cube 1940 (depth 0, 24 lits): UNSAT in 0.02s
    cube 1944 (depth 0, 24 lits): UNSAT in 0.04s
    cube 1948 (depth 0, 24 lits): UNSAT in 0.07s
    cube 1952 (depth 0, 24 lits): UNSAT in 0.24s
    cube 1956 (depth 0, 24 lits): UNSAT in 0.02s
    cube 1960 (depth 0, 24 lits): UNSAT in 0.02s
    cube 1964 (depth 0, 24 lits): UNSAT in 0.02s
    cube 1968 (depth 0, 24 lits): UNSAT in 0.02s
    cube 1972 (depth 0, 24 lits): UNSAT in 0.04s
    cube 1976 (depth 0, 24 lits): UNSAT in 0.02s
    cube 1980 (depth 0, 24 lits): UNSAT in 0.02s
    cube 1984 (depth 0, 24 lits): UNSAT in 0.05s
    cube 1988 (depth 0, 24 lits): UNSAT in 0.08s
    cube 1992 (depth 0, 24 lits): UNSAT in 0.02s
    cube 1996 (depth 0, 24 lits): UNSAT in 0.13s
    cube 2000 (depth 0, 24 lits): UNSAT in 0.11s
    cube 2004 (depth 0, 24 lits): UNSAT in 0.72s
    cube 2008 (depth 0, 23 lits): UNSAT in 0.01s
    cube 2012 (depth 0, 24 lits): UNSAT in 0.01s
    cube 2016 (depth 0, 24 lits): UNSAT in 0.02s
    cube 2020 (depth 0, 24 lits): UNSAT in 0.02s
    cube 2024 (depth 0, 24 lits): UNSAT in 0.02s
    cube 2028 (depth 0, 22 lits): UNSAT in 0.01s
    cube 2032 (depth 0, 24 lits): UNSAT in 0.01s
    cube 2036 (depth 0, 24 lits): UNSAT in 0.03s
    cube 2040 (depth 0, 24 lits): UNSAT in 0.02s
    cube 2044 (depth 0, 24 lits): UNSAT in 0.03s
    cube 2048 (depth 0, 24 lits): UNSAT in 0.05s
    cube 2052 (depth 0, 24 lits): UNSAT in 0.01s
    cube 2056 (depth 0, 24 lits): UNSAT in 0.01s
    cube 2060 (depth 0, 24 lits): UNSAT in 0.01s
    cube 2064 (depth 0, 24 lits): UNSAT in 0.02s
    cube 2068 (depth 0, 24 lits): UNSAT in 0.01s
    cube 2072 (depth 0, 24 lits): UNSAT in 0.04s
    cube 2076 (depth 0, 24 lits): UNSAT in 0.02s
    cube 2080 (depth 0, 24 lits): UNSAT in 0.04s
    cube 2084 (depth 0, 24 lits): UNSAT in 0.05s
    cube 2088 (depth 0, 24 lits): UNSAT in 0.06s
    cube 2092 (depth 0, 24 lits): UNSAT in 0.02s
    cube 2096 (depth 0, 24 lits): UNSAT in 0.09s
    cube 2100 (depth 0, 24 lits): UNSAT in 0.08s
    cube 2104 (depth 0, 24 lits): UNSAT in 0.06s
    cube 2108 (depth 0, 24 lits): UNSAT in 0.09s
    cube 2112 (depth 0, 24 lits): UNSAT in 0.52s
    cube 2116 (depth 0, 22 lits): UNSAT in 0.01s
    cube 2120 (depth 0, 24 lits): UNSAT in 0.02s
    cube 2124 (depth 0, 24 lits): UNSAT in 0.02s
    cube 2128 (depth 0, 24 lits): UNSAT in 0.02s
    cube 2132 (depth 0, 24 lits): UNSAT in 0.03s
    cube 2136 (depth 0, 24 lits): UNSAT in 0.02s
    cube 2140 (depth 0, 24 lits): UNSAT in 0.04s
    cube 2144 (depth 0, 24 lits): UNSAT in 0.02s
    cube 2148 (depth 0, 24 lits): UNSAT in 0.01s
    cube 2152 (depth 0, 24 lits): UNSAT in 0.04s
    cube 2156 (depth 0, 24 lits): UNSAT in 0.04s
    cube 2160 (depth 0, 24 lits): UNSAT in 0.03s
    cube 2164 (depth 0, 24 lits): UNSAT in 0.03s
    cube 2168 (depth 0, 24 lits): UNSAT in 0.24s
    cube 2172 (depth 0, 24 lits): UNSAT in 0.02s
    cube 2176 (depth 0, 24 lits): UNSAT in 0.02s
    cube 2180 (depth 0, 24 lits): UNSAT in 0.02s
    cube 2184 (depth 0, 24 lits): UNSAT in 0.02s
    cube 2188 (depth 0, 24 lits): UNSAT in 0.03s
    cube 2192 (depth 0, 24 lits): UNSAT in 0.04s
    cube 2196 (depth 0, 24 lits): UNSAT in 0.20s
    cube 2200 (depth 0, 24 lits): UNSAT in 0.07s
    cube 2204 (depth 0, 24 lits): UNSAT in 0.03s
    cube 2208 (depth 0, 24 lits): UNSAT in 0.09s
    cube 2212 (depth 0, 24 lits): UNSAT in 0.12s
    cube 2216 (depth 0, 24 lits): UNSAT in 0.10s
    cube 2220 (depth 0, 24 lits): UNSAT in 0.18s
    cube 2224 (depth 0, 24 lits): UNSAT in 0.26s
    cube 2228 (depth 0, 24 lits): UNSAT in 2.82s
    cube 2232 (depth 0, 24 lits): UNSAT in 3.96s
    cube 2236 (depth 0, 22 lits): UNSAT in 0.02s
    cube 2240 (depth 0, 24 lits): UNSAT in 0.02s
    cube 2244 (depth 0, 24 lits): UNSAT in 0.02s
    cube 2248 (depth 0, 24 lits): UNSAT in 0.05s
    cube 2252 (depth 0, 24 lits): UNSAT in 0.03s
    cube 2256 (depth 0, 24 lits): UNSAT in 0.12s
    cube 2260 (depth 0, 24 lits): UNSAT in 0.01s
    cube 2264 (depth 0, 24 lits): UNSAT in 0.02s
    cube 2268 (depth 0, 24 lits): UNSAT in 0.05s
    cube 2272 (depth 0, 24 lits): UNSAT in 0.02s
    cube 2276 (depth 0, 24 lits): UNSAT in 0.03s
    cube 2280 (depth 0, 24 lits): UNSAT in 0.10s
    cube 2284 (depth 0, 24 lits): UNSAT in 0.97s
    cube 2288 (depth 0, 24 lits): UNSAT in 0.03s
    cube 2292 (depth 0, 24 lits): UNSAT in 0.19s
    cube 2296 (depth 0, 24 lits): UNSAT in 0.06s
    cube 2300 (depth 0, 24 lits): UNSAT in 0.13s
    cube 2304 (depth 0, 24 lits): UNSAT in 0.02s
    cube 2308 (depth 0, 24 lits): UNSAT in 0.03s
    cube 2312 (depth 0, 24 lits): UNSAT in 0.40s
    cube 2316 (depth 0, 24 lits): UNSAT in 2.73s
    cube 2320 (depth 0, 24 lits): UNSAT in 0.06s
    cube 2324 (depth 0, 24 lits): UNSAT in 0.26s
    cube 2328 (depth 0, 24 lits): UNSAT in 0.35s
    cube 2332 (depth 0, 24 lits): UNSAT in 0.75s
    cube 2336 (depth 0, 24 lits): UNSAT in 0.76s
    cube 2340 (depth 0, 24 lits): UNSAT in 0.40s
    cube 2344 (depth 0, 24 lits): UNSAT in 1.40s
    cube 2348 (depth 0, 24 lits): UNSAT in 16.17s
    cube 2352 (depth 0, 23 lits): UNSAT in 0.02s
    cube 2356 (depth 0, 24 lits): UNSAT in 0.03s
    cube 2360 (depth 0, 24 lits): UNSAT in 0.01s
    cube 2364 (depth 0, 24 lits): UNSAT in 0.02s
    cube 2368 (depth 0, 24 lits): UNSAT in 0.04s
    cube 2372 (depth 0, 24 lits): UNSAT in 0.05s
    cube 2376 (depth 0, 24 lits): UNSAT in 0.02s
    cube 2380 (depth 0, 24 lits): UNSAT in 0.04s
    cube 2384 (depth 0, 24 lits): UNSAT in 0.12s
    cube 2388 (depth 0, 24 lits): UNSAT in 0.16s
    cube 2392 (depth 0, 24 lits): UNSAT in 0.05s
    cube 2396 (depth 0, 24 lits): UNSAT in 0.15s
    cube 2400 (depth 0, 24 lits): UNSAT in 0.03s
    cube 2404 (depth 0, 24 lits): UNSAT in 0.44s
    cube 2408 (depth 0, 24 lits): UNSAT in 0.03s
    cube 2412 (depth 0, 24 lits): UNSAT in 0.09s
    cube 2416 (depth 0, 24 lits): UNSAT in 0.11s
    cube 2420 (depth 0, 24 lits): UNSAT in 0.17s
    cube 2424 (depth 0, 24 lits): UNSAT in 0.02s
    cube 2428 (depth 0, 24 lits): UNSAT in 0.01s
    cube 2432 (depth 0, 24 lits): UNSAT in 0.06s
    cube 2436 (depth 0, 23 lits): UNSAT in 0.02s
    cube 2440 (depth 0, 24 lits): UNSAT in 0.19s
    cube 2444 (depth 0, 24 lits): UNSAT in 0.14s
    cube 2448 (depth 0, 24 lits): UNSAT in 0.15s
    cube 2452 (depth 0, 24 lits): UNSAT in 0.61s
    cube 2456 (depth 0, 24 lits): UNSAT in 0.76s
    cube 2460 (depth 0, 24 lits): UNSAT in 0.86s
    cube 2464 (depth 0, 24 lits): UNSAT in 2.08s
    cube 2468 (depth 0, 22 lits): UNSAT in 0.01s
    cube 2472 (depth 0, 24 lits): UNSAT in 0.03s
    cube 2476 (depth 0, 24 lits): UNSAT in 0.02s
    cube 2480 (depth 0, 24 lits): UNSAT in 0.02s
    cube 2484 (depth 0, 24 lits): UNSAT in 0.03s
    cube 2488 (depth 0, 24 lits): UNSAT in 0.04s
    cube 2492 (depth 0, 23 lits): UNSAT in 0.02s
    cube 2496 (depth 0, 24 lits): UNSAT in 0.03s
    cube 2500 (depth 0, 24 lits): UNSAT in 0.22s
    cube 2504 (depth 0, 24 lits): UNSAT in 0.14s
    cube 2508 (depth 0, 24 lits): UNSAT in 0.12s
    cube 2512 (depth 0, 24 lits): UNSAT in 0.74s
    cube 2516 (depth 0, 24 lits): UNSAT in 0.77s
    cube 2520 (depth 0, 24 lits): UNSAT in 2.57s
    cube 2524 (depth 0, 24 lits): UNSAT in 0.09s
    cube 2528 (depth 0, 24 lits): UNSAT in 0.27s
    cube 2532 (depth 0, 24 lits): UNSAT in 0.74s
    cube 2536 (depth 0, 24 lits): UNSAT in 1.71s
    cube 2540 (depth 0, 24 lits): UNSAT in 0.02s
    cube 2544 (depth 0, 24 lits): UNSAT in 0.08s
    cube 2548 (depth 0, 24 lits): UNSAT in 0.91s
    cube 2552 (depth 0, 24 lits): UNSAT in 13.03s
    cube 2556 (depth 0, 24 lits): UNSAT in 0.01s
    cube 2560 (depth 0, 24 lits): UNSAT in 0.82s
    cube 2564 (depth 0, 24 lits): UNSAT in 1.19s
    cube 2568 (depth 0, 24 lits): UNSAT in 26.59s
    cube 2572 (depth 0, 24 lits): UNSAT in 4.79s
    cube 2576 (depth 0, 24 lits): UNSAT in 188.09s
    cube 2580 (depth 0, 24 lits): UNSAT in 139.87s
    cube 2584 (depth 0, 24 lits): TIMEOUT in 600.10s
    cube 2584 TIMEOUT -> re-split into 238 sub-cubes (depth 1)
    cube 2584.0 (depth 1, 31 lits): UNSAT in 0.01s
    cube 2584.1 (depth 1, 32 lits): UNSAT in 0.01s
    cube 2584.2 (depth 1, 32 lits): UNSAT in 0.01s
    cube 2584.3 (depth 1, 31 lits): UNSAT in 0.01s
    cube 2584.4 (depth 1, 32 lits): UNSAT in 0.01s
    cube 2584.5 (depth 1, 32 lits): UNSAT in 0.02s
    cube 2584.6 (depth 1, 31 lits): UNSAT in 0.01s
    cube 2584.7 (depth 1, 31 lits): UNSAT in 0.01s
    cube 2584.8 (depth 1, 32 lits): UNSAT in 0.01s
    cube 2584.9 (depth 1, 32 lits): UNSAT in 0.02s
    cube 2584.10 (depth 1, 32 lits): UNSAT in 0.02s
    cube 2584.11 (depth 1, 32 lits): UNSAT in 0.03s
    cube 2584.12 (depth 1, 31 lits): UNSAT in 0.01s
    cube 2584.13 (depth 1, 31 lits): UNSAT in 0.01s
    cube 2584.14 (depth 1, 31 lits): UNSAT in 0.02s
    cube 2584.15 (depth 1, 32 lits): UNSAT in 0.02s
    cube 2584.16 (depth 1, 32 lits): UNSAT in 0.06s
    cube 2584.17 (depth 1, 31 lits): UNSAT in 0.02s
    cube 2584.18 (depth 1, 32 lits): UNSAT in 0.01s
    cube 2584.19 (depth 1, 32 lits): UNSAT in 0.08s
    cube 2584.20 (depth 1, 32 lits): UNSAT in 0.02s
    cube 2584.21 (depth 1, 32 lits): UNSAT in 0.11s
    cube 2584.22 (depth 1, 32 lits): UNSAT in 0.11s
    cube 2584.23 (depth 1, 32 lits): UNSAT in 0.46s
    cube 2584.24 (depth 1, 31 lits): UNSAT in 0.02s
    cube 2584.25 (depth 1, 32 lits): UNSAT in 0.01s
    cube 2584.26 (depth 1, 32 lits): UNSAT in 0.02s
    cube 2584.27 (depth 1, 32 lits): UNSAT in 0.01s
    cube 2584.28 (depth 1, 32 lits): UNSAT in 0.02s
    cube 2584.29 (depth 1, 32 lits): UNSAT in 0.02s
    cube 2584.30 (depth 1, 32 lits): UNSAT in 0.09s
    cube 2584.31 (depth 1, 32 lits): UNSAT in 0.02s
    cube 2584.32 (depth 1, 32 lits): UNSAT in 0.02s
    cube 2584.33 (depth 1, 32 lits): UNSAT in 0.04s
    cube 2584.34 (depth 1, 32 lits): UNSAT in 0.02s
    cube 2584.35 (depth 1, 32 lits): UNSAT in 0.03s
    cube 2584.36 (depth 1, 32 lits): UNSAT in 0.15s
    cube 2584.37 (depth 1, 32 lits): UNSAT in 0.09s
    cube 2584.38 (depth 1, 32 lits): UNSAT in 0.27s
    cube 2584.39 (depth 1, 32 lits): UNSAT in 0.02s
    cube 2584.40 (depth 1, 32 lits): UNSAT in 0.04s
    cube 2584.41 (depth 1, 32 lits): UNSAT in 0.05s
    cube 2584.42 (depth 1, 32 lits): UNSAT in 0.13s
    cube 2584.43 (depth 1, 32 lits): UNSAT in 0.04s
    cube 2584.44 (depth 1, 32 lits): UNSAT in 0.17s
    cube 2584.45 (depth 1, 32 lits): UNSAT in 0.19s
    cube 2584.46 (depth 1, 32 lits): UNSAT in 0.70s
    cube 2584.47 (depth 1, 32 lits): UNSAT in 0.02s
    cube 2584.48 (depth 1, 32 lits): UNSAT in 0.12s
    cube 2584.49 (depth 1, 32 lits): UNSAT in 0.48s
    cube 2584.50 (depth 1, 32 lits): UNSAT in 0.75s
    cube 2584.51 (depth 1, 32 lits): UNSAT in 0.19s
    cube 2584.52 (depth 1, 32 lits): UNSAT in 0.50s
    cube 2584.53 (depth 1, 32 lits): UNSAT in 0.57s
    cube 2584.54 (depth 1, 32 lits): UNSAT in 3.60s
    cube 2584.55 (depth 1, 31 lits): UNSAT in 0.02s
    cube 2584.56 (depth 1, 32 lits): UNSAT in 0.02s
    cube 2584.57 (depth 1, 32 lits): UNSAT in 0.03s
    cube 2584.58 (depth 1, 32 lits): UNSAT in 0.02s
    cube 2584.59 (depth 1, 32 lits): UNSAT in 0.02s
    cube 2584.60 (depth 1, 32 lits): UNSAT in 0.01s
    cube 2584.61 (depth 1, 32 lits): UNSAT in 0.05s
    cube 2584.62 (depth 1, 32 lits): UNSAT in 0.04s
    cube 2584.63 (depth 1, 32 lits): UNSAT in 0.06s
    cube 2584.64 (depth 1, 32 lits): UNSAT in 0.03s
    cube 2584.65 (depth 1, 32 lits): UNSAT in 0.18s
    cube 2584.66 (depth 1, 32 lits): UNSAT in 0.05s
    cube 2584.67 (depth 1, 32 lits): UNSAT in 0.16s
    cube 2584.68 (depth 1, 32 lits): UNSAT in 0.16s
    cube 2584.69 (depth 1, 32 lits): UNSAT in 0.25s
    cube 2584.70 (depth 1, 32 lits): UNSAT in 0.01s
    cube 2584.71 (depth 1, 32 lits): UNSAT in 0.02s
    cube 2584.72 (depth 1, 32 lits): UNSAT in 0.05s
    cube 2584.73 (depth 1, 32 lits): UNSAT in 0.13s
    cube 2584.74 (depth 1, 32 lits): UNSAT in 0.02s
    cube 2584.75 (depth 1, 32 lits): UNSAT in 0.14s
    cube 2584.76 (depth 1, 32 lits): UNSAT in 0.19s
    cube 2584.77 (depth 1, 32 lits): UNSAT in 0.39s
    cube 2584.78 (depth 1, 32 lits): UNSAT in 0.02s
    cube 2584.79 (depth 1, 32 lits): UNSAT in 0.06s
    cube 2584.80 (depth 1, 32 lits): UNSAT in 0.09s
    cube 2584.81 (depth 1, 32 lits): UNSAT in 0.20s
    cube 2584.82 (depth 1, 32 lits): UNSAT in 0.34s
    cube 2584.83 (depth 1, 32 lits): UNSAT in 1.19s
    cube 2584.84 (depth 1, 32 lits): UNSAT in 1.45s
    cube 2584.85 (depth 1, 32 lits): UNSAT in 7.96s
    cube 2584.86 (depth 1, 32 lits): UNSAT in 0.02s
    cube 2584.87 (depth 1, 32 lits): UNSAT in 0.02s
    cube 2584.88 (depth 1, 32 lits): UNSAT in 0.02s
    cube 2584.89 (depth 1, 32 lits): UNSAT in 0.02s
    cube 2584.90 (depth 1, 32 lits): UNSAT in 0.02s
    cube 2584.91 (depth 1, 32 lits): UNSAT in 0.02s
    cube 2584.92 (depth 1, 32 lits): UNSAT in 0.02s
    cube 2584.93 (depth 1, 32 lits): UNSAT in 0.02s
    cube 2584.94 (depth 1, 32 lits): UNSAT in 0.02s
    cube 2584.95 (depth 1, 32 lits): UNSAT in 0.02s
    cube 2584.96 (depth 1, 32 lits): UNSAT in 0.04s
    cube 2584.97 (depth 1, 32 lits): UNSAT in 0.15s
    cube 2584.98 (depth 1, 32 lits): UNSAT in 0.07s
    cube 2584.99 (depth 1, 32 lits): UNSAT in 0.32s
    cube 2584.100 (depth 1, 32 lits): UNSAT in 0.20s
    cube 2584.101 (depth 1, 32 lits): UNSAT in 0.49s
    cube 2584.102 (depth 1, 32 lits): UNSAT in 0.04s
    cube 2584.103 (depth 1, 32 lits): UNSAT in 0.32s
    cube 2584.104 (depth 1, 32 lits): UNSAT in 0.27s
    cube 2584.105 (depth 1, 32 lits): UNSAT in 0.54s
    cube 2584.106 (depth 1, 32 lits): UNSAT in 0.09s
    cube 2584.107 (depth 1, 32 lits): UNSAT in 0.31s
    cube 2584.108 (depth 1, 32 lits): UNSAT in 0.29s
    cube 2584.109 (depth 1, 32 lits): UNSAT in 3.11s
    cube 2584.110 (depth 1, 32 lits): UNSAT in 0.10s
    cube 2584.111 (depth 1, 32 lits): UNSAT in 0.50s
    cube 2584.112 (depth 1, 32 lits): UNSAT in 0.33s
    cube 2584.113 (depth 1, 32 lits): UNSAT in 5.39s
    cube 2584.114 (depth 1, 32 lits): UNSAT in 1.24s
    cube 2584.115 (depth 1, 32 lits): UNSAT in 5.56s
    cube 2584.116 (depth 1, 32 lits): UNSAT in 8.79s
    cube 2584.117 (depth 1, 32 lits): UNSAT in 43.95s
    cube 2584.118 (depth 1, 30 lits): UNSAT in 0.01s
    cube 2584.119 (depth 1, 31 lits): UNSAT in 0.01s
    cube 2584.120 (depth 1, 32 lits): UNSAT in 0.02s
    cube 2584.121 (depth 1, 32 lits): UNSAT in 0.02s
    cube 2584.122 (depth 1, 31 lits): UNSAT in 0.01s
    cube 2584.123 (depth 1, 32 lits): UNSAT in 0.02s
    cube 2584.124 (depth 1, 32 lits): UNSAT in 0.03s
    cube 2584.125 (depth 1, 32 lits): UNSAT in 0.01s
    cube 2584.126 (depth 1, 32 lits): UNSAT in 0.02s
    cube 2584.127 (depth 1, 32 lits): UNSAT in 0.01s
    cube 2584.128 (depth 1, 32 lits): UNSAT in 0.09s
    cube 2584.129 (depth 1, 31 lits): UNSAT in 0.01s
    cube 2584.130 (depth 1, 32 lits): UNSAT in 0.01s
    cube 2584.131 (depth 1, 32 lits): UNSAT in 0.02s
    cube 2584.132 (depth 1, 31 lits): UNSAT in 0.01s
    cube 2584.133 (depth 1, 32 lits): UNSAT in 0.01s
    cube 2584.134 (depth 1, 32 lits): UNSAT in 0.04s
    cube 2584.135 (depth 1, 32 lits): UNSAT in 0.03s
    cube 2584.136 (depth 1, 32 lits): UNSAT in 0.03s
    cube 2584.137 (depth 1, 32 lits): UNSAT in 0.03s
    cube 2584.138 (depth 1, 32 lits): UNSAT in 0.29s
    cube 2584.139 (depth 1, 32 lits): UNSAT in 0.03s
    cube 2584.140 (depth 1, 32 lits): UNSAT in 0.09s
    cube 2584.141 (depth 1, 32 lits): UNSAT in 0.36s
    cube 2584.142 (depth 1, 32 lits): UNSAT in 0.95s
    cube 2584.143 (depth 1, 32 lits): UNSAT in 0.01s
    cube 2584.144 (depth 1, 32 lits): UNSAT in 0.02s
    cube 2584.145 (depth 1, 32 lits): UNSAT in 0.02s
    cube 2584.146 (depth 1, 32 lits): UNSAT in 0.03s
    cube 2584.147 (depth 1, 32 lits): UNSAT in 0.06s
    cube 2584.148 (depth 1, 32 lits): UNSAT in 0.08s
    cube 2584.149 (depth 1, 32 lits): UNSAT in 0.05s
    cube 2584.150 (depth 1, 32 lits): UNSAT in 0.21s
    cube 2584.151 (depth 1, 32 lits): UNSAT in 0.02s
    cube 2584.152 (depth 1, 32 lits): UNSAT in 0.02s
    cube 2584.153 (depth 1, 32 lits): UNSAT in 0.02s
    cube 2584.154 (depth 1, 32 lits): UNSAT in 0.13s
    cube 2584.155 (depth 1, 32 lits): UNSAT in 0.03s
    cube 2584.156 (depth 1, 32 lits): UNSAT in 0.08s
    cube 2584.157 (depth 1, 32 lits): UNSAT in 0.27s
    cube 2584.158 (depth 1, 32 lits): UNSAT in 0.65s
    cube 2584.159 (depth 1, 32 lits): UNSAT in 0.01s
    cube 2584.160 (depth 1, 32 lits): UNSAT in 0.02s
    cube 2584.161 (depth 1, 32 lits): UNSAT in 0.02s
    cube 2584.162 (depth 1, 32 lits): UNSAT in 0.13s
    cube 2584.163 (depth 1, 32 lits): UNSAT in 0.12s
    cube 2584.164 (depth 1, 32 lits): UNSAT in 0.29s
    cube 2584.165 (depth 1, 32 lits): UNSAT in 0.09s
    cube 2584.166 (depth 1, 32 lits): UNSAT in 0.44s
    cube 2584.167 (depth 1, 32 lits): UNSAT in 0.10s
    cube 2584.168 (depth 1, 32 lits): UNSAT in 0.20s
    cube 2584.169 (depth 1, 32 lits): UNSAT in 0.11s
    cube 2584.170 (depth 1, 32 lits): UNSAT in 0.71s
    cube 2584.171 (depth 1, 32 lits): UNSAT in 0.15s
    cube 2584.172 (depth 1, 32 lits): UNSAT in 1.28s
    cube 2584.173 (depth 1, 32 lits): UNSAT in 0.27s
    cube 2584.174 (depth 1, 32 lits): UNSAT in 1.55s
    cube 2584.175 (depth 1, 32 lits): UNSAT in 0.01s
    cube 2584.176 (depth 1, 32 lits): UNSAT in 0.02s
    cube 2584.177 (depth 1, 31 lits): UNSAT in 0.02s
    cube 2584.178 (depth 1, 32 lits): UNSAT in 0.01s
    cube 2584.179 (depth 1, 32 lits): UNSAT in 0.02s
    cube 2584.180 (depth 1, 32 lits): UNSAT in 0.01s
    cube 2584.181 (depth 1, 32 lits): UNSAT in 0.03s
    cube 2584.182 (depth 1, 32 lits): UNSAT in 0.02s
    cube 2584.183 (depth 1, 32 lits): UNSAT in 0.02s
    cube 2584.184 (depth 1, 32 lits): UNSAT in 0.01s
    cube 2584.185 (depth 1, 32 lits): UNSAT in 0.05s
    cube 2584.186 (depth 1, 32 lits): UNSAT in 0.02s
    cube 2584.187 (depth 1, 32 lits): UNSAT in 0.06s
    cube 2584.188 (depth 1, 32 lits): UNSAT in 0.02s
    cube 2584.189 (depth 1, 32 lits): UNSAT in 0.07s
    cube 2584.190 (depth 1, 32 lits): UNSAT in 0.01s
    cube 2584.191 (depth 1, 32 lits): UNSAT in 0.01s
    cube 2584.192 (depth 1, 32 lits): UNSAT in 0.02s
    cube 2584.193 (depth 1, 32 lits): UNSAT in 0.03s
    cube 2584.194 (depth 1, 32 lits): UNSAT in 0.01s
    cube 2584.195 (depth 1, 32 lits): UNSAT in 0.02s
    cube 2584.196 (depth 1, 32 lits): UNSAT in 0.03s
    cube 2584.197 (depth 1, 32 lits): UNSAT in 0.06s
    cube 2584.198 (depth 1, 32 lits): UNSAT in 0.01s
    cube 2584.199 (depth 1, 32 lits): UNSAT in 0.02s
    cube 2584.200 (depth 1, 32 lits): UNSAT in 0.03s
    cube 2584.201 (depth 1, 32 lits): UNSAT in 0.10s
    cube 2584.202 (depth 1, 32 lits): UNSAT in 0.03s
    cube 2584.203 (depth 1, 32 lits): UNSAT in 0.11s
    cube 2584.204 (depth 1, 32 lits): UNSAT in 0.11s
    cube 2584.205 (depth 1, 32 lits): UNSAT in 0.16s
    cube 2584.206 (depth 1, 32 lits): UNSAT in 0.01s
    cube 2584.207 (depth 1, 32 lits): UNSAT in 0.03s
    cube 2584.208 (depth 1, 32 lits): UNSAT in 0.02s
    cube 2584.209 (depth 1, 32 lits): UNSAT in 0.04s
    cube 2584.210 (depth 1, 32 lits): UNSAT in 0.03s
    cube 2584.211 (depth 1, 32 lits): UNSAT in 0.04s
    cube 2584.212 (depth 1, 32 lits): UNSAT in 0.04s
    cube 2584.213 (depth 1, 32 lits): UNSAT in 0.05s
    cube 2584.214 (depth 1, 32 lits): UNSAT in 0.03s
    cube 2584.215 (depth 1, 32 lits): UNSAT in 0.12s
    cube 2584.216 (depth 1, 32 lits): UNSAT in 0.06s
    cube 2584.217 (depth 1, 32 lits): UNSAT in 0.15s
    cube 2584.218 (depth 1, 32 lits): UNSAT in 0.08s
    cube 2584.219 (depth 1, 32 lits): UNSAT in 0.54s
    cube 2584.220 (depth 1, 32 lits): UNSAT in 0.24s
    cube 2584.221 (depth 1, 32 lits): UNSAT in 2.82s
    cube 2584.222 (depth 1, 32 lits): UNSAT in 0.03s
    cube 2584.223 (depth 1, 32 lits): UNSAT in 0.09s
    cube 2584.224 (depth 1, 32 lits): UNSAT in 0.18s
    cube 2584.225 (depth 1, 32 lits): UNSAT in 0.30s
    cube 2584.226 (depth 1, 32 lits): UNSAT in 0.09s
    cube 2584.227 (depth 1, 32 lits): UNSAT in 1.25s
    cube 2584.228 (depth 1, 32 lits): UNSAT in 0.56s
    cube 2584.229 (depth 1, 32 lits): UNSAT in 2.14s
    cube 2584.230 (depth 1, 32 lits): UNSAT in 0.14s
    cube 2584.231 (depth 1, 32 lits): UNSAT in 0.63s
    cube 2584.232 (depth 1, 32 lits): UNSAT in 3.08s
    cube 2584.233 (depth 1, 32 lits): UNSAT in 7.44s
    cube 2584.234 (depth 1, 32 lits): UNSAT in 1.27s
    cube 2584.235 (depth 1, 32 lits): UNSAT in 3.29s
    cube 2584.236 (depth 1, 32 lits): UNSAT in 5.28s
    cube 2584.237 (depth 1, 32 lits): UNSAT in 18.32s
    cube 2588 (depth 0, 24 lits): UNSAT in 0.02s
    cube 2592 (depth 0, 24 lits): UNSAT in 0.02s
    cube 2596 (depth 0, 24 lits): UNSAT in 0.02s
    cube 2600 (depth 0, 24 lits): UNSAT in 0.07s
    cube 2604 (depth 0, 24 lits): UNSAT in 0.06s
    cube 2608 (depth 0, 24 lits): UNSAT in 0.06s
    cube 2612 (depth 0, 24 lits): UNSAT in 0.04s
    cube 2616 (depth 0, 24 lits): UNSAT in 0.29s
    cube 2620 (depth 0, 24 lits): UNSAT in 0.07s
    cube 2624 (depth 0, 24 lits): UNSAT in 0.33s
    cube 2628 (depth 0, 24 lits): UNSAT in 0.43s
    cube 2632 (depth 0, 24 lits): UNSAT in 1.39s
    cube 2636 (depth 0, 24 lits): UNSAT in 0.22s
    cube 2640 (depth 0, 24 lits): UNSAT in 0.61s
    cube 2644 (depth 0, 24 lits): UNSAT in 1.18s
    cube 2648 (depth 0, 24 lits): UNSAT in 5.00s
    cube 2652 (depth 0, 24 lits): UNSAT in 0.02s
    cube 2656 (depth 0, 24 lits): UNSAT in 0.09s
    cube 2660 (depth 0, 24 lits): UNSAT in 0.06s
    cube 2664 (depth 0, 24 lits): UNSAT in 0.29s
    cube 2668 (depth 0, 24 lits): UNSAT in 0.09s
    cube 2672 (depth 0, 24 lits): UNSAT in 0.40s
    cube 2676 (depth 0, 24 lits): UNSAT in 0.61s
    cube 2680 (depth 0, 24 lits): UNSAT in 9.00s
    cube 2684 (depth 0, 24 lits): UNSAT in 0.11s
    cube 2688 (depth 0, 24 lits): UNSAT in 2.35s
    cube 2692 (depth 0, 24 lits): UNSAT in 1.59s
    cube 2696 (depth 0, 24 lits): UNSAT in 16.23s
    cube 2700 (depth 0, 24 lits): UNSAT in 0.33s
    cube 2704 (depth 0, 24 lits): UNSAT in 6.20s
    cube 2708 (depth 0, 24 lits): UNSAT in 6.16s
    cube 2712 (depth 0, 24 lits): UNSAT in 95.42s
    cube 2716 (depth 0, 24 lits): UNSAT in 0.06s
    cube 2720 (depth 0, 24 lits): UNSAT in 0.08s
    cube 2724 (depth 0, 24 lits): UNSAT in 0.30s
    cube 2728 (depth 0, 24 lits): UNSAT in 3.43s
    cube 2732 (depth 0, 24 lits): UNSAT in 0.17s
    cube 2736 (depth 0, 24 lits): UNSAT in 1.28s
    cube 2740 (depth 0, 24 lits): UNSAT in 1.36s
    cube 2744 (depth 0, 24 lits): UNSAT in 10.57s
    cube 2748 (depth 0, 24 lits): UNSAT in 0.14s
    cube 2752 (depth 0, 24 lits): UNSAT in 0.57s
    cube 2756 (depth 0, 24 lits): UNSAT in 0.45s
    cube 2760 (depth 0, 24 lits): UNSAT in 9.74s
    cube 2764 (depth 0, 24 lits): UNSAT in 1.96s
    cube 2768 (depth 0, 24 lits): UNSAT in 30.31s
    cube 2772 (depth 0, 24 lits): UNSAT in 3.06s
    cube 2776 (depth 0, 24 lits): UNSAT in 353.29s
    cube 2780 (depth 0, 24 lits): UNSAT in 0.11s
    cube 2784 (depth 0, 24 lits): UNSAT in 0.59s
    cube 2788 (depth 0, 24 lits): UNSAT in 1.34s
    cube 2792 (depth 0, 24 lits): UNSAT in 1.53s
    cube 2796 (depth 0, 24 lits): UNSAT in 3.09s
    cube 2800 (depth 0, 24 lits): UNSAT in 3.85s
    cube 2804 (depth 0, 24 lits): UNSAT in 10.62s
    cube 2808 (depth 0, 24 lits): UNSAT in 374.27s
    cube 2812 (depth 0, 24 lits): UNSAT in 1.06s
    cube 2816 (depth 0, 24 lits): UNSAT in 13.33s
    cube 2820 (depth 0, 24 lits): UNSAT in 6.20s
    cube 2824 (depth 0, 24 lits): TIMEOUT in 600.09s
    cube 2824 TIMEOUT -> re-split into 250 sub-cubes (depth 1)
    cube 2824.0 (depth 1, 31 lits): UNSAT in 0.02s
    cube 2824.1 (depth 1, 31 lits): UNSAT in 0.01s
    cube 2824.2 (depth 1, 32 lits): UNSAT in 0.01s
    cube 2824.3 (depth 1, 32 lits): UNSAT in 0.02s
    cube 2824.4 (depth 1, 32 lits): UNSAT in 0.02s
    cube 2824.5 (depth 1, 32 lits): UNSAT in 0.02s
    cube 2824.6 (depth 1, 32 lits): UNSAT in 0.01s
    cube 2824.7 (depth 1, 32 lits): UNSAT in 0.03s
    cube 2824.8 (depth 1, 32 lits): UNSAT in 0.02s
    cube 2824.9 (depth 1, 32 lits): UNSAT in 0.01s
    cube 2824.10 (depth 1, 32 lits): UNSAT in 0.02s
    cube 2824.11 (depth 1, 32 lits): UNSAT in 0.02s
    cube 2824.12 (depth 1, 32 lits): UNSAT in 0.04s
    cube 2824.13 (depth 1, 32 lits): UNSAT in 0.02s
    cube 2824.14 (depth 1, 32 lits): UNSAT in 0.01s
    cube 2824.15 (depth 1, 32 lits): UNSAT in 0.01s
    cube 2824.16 (depth 1, 32 lits): UNSAT in 0.02s
    cube 2824.17 (depth 1, 32 lits): UNSAT in 0.02s
    cube 2824.18 (depth 1, 32 lits): UNSAT in 0.02s
    cube 2824.19 (depth 1, 32 lits): UNSAT in 0.04s
    cube 2824.20 (depth 1, 32 lits): UNSAT in 0.02s
    cube 2824.21 (depth 1, 32 lits): UNSAT in 0.03s
    cube 2824.22 (depth 1, 32 lits): UNSAT in 0.02s
    cube 2824.23 (depth 1, 32 lits): UNSAT in 0.06s
    cube 2824.24 (depth 1, 32 lits): UNSAT in 0.04s
    cube 2824.25 (depth 1, 32 lits): UNSAT in 0.04s
    cube 2824.26 (depth 1, 32 lits): UNSAT in 0.06s
    cube 2824.27 (depth 1, 32 lits): UNSAT in 0.11s
    cube 2824.28 (depth 1, 32 lits): UNSAT in 0.06s
    cube 2824.29 (depth 1, 32 lits): UNSAT in 0.14s
    cube 2824.30 (depth 1, 32 lits): UNSAT in 0.01s
    cube 2824.31 (depth 1, 32 lits): UNSAT in 0.01s
    cube 2824.32 (depth 1, 32 lits): UNSAT in 0.02s
    cube 2824.33 (depth 1, 32 lits): UNSAT in 0.02s
    cube 2824.34 (depth 1, 32 lits): UNSAT in 0.02s
    cube 2824.35 (depth 1, 32 lits): UNSAT in 0.03s
    cube 2824.36 (depth 1, 32 lits): UNSAT in 0.03s
    cube 2824.37 (depth 1, 32 lits): UNSAT in 0.02s
    cube 2824.38 (depth 1, 31 lits): UNSAT in 0.01s
    cube 2824.39 (depth 1, 32 lits): UNSAT in 0.02s
    cube 2824.40 (depth 1, 32 lits): UNSAT in 0.03s
    cube 2824.41 (depth 1, 32 lits): UNSAT in 0.05s
    cube 2824.42 (depth 1, 32 lits): UNSAT in 0.09s
    cube 2824.43 (depth 1, 32 lits): UNSAT in 0.06s
    cube 2824.44 (depth 1, 32 lits): UNSAT in 0.10s
    cube 2824.45 (depth 1, 32 lits): UNSAT in 0.02s
    cube 2824.46 (depth 1, 32 lits): UNSAT in 0.04s
    cube 2824.47 (depth 1, 32 lits): UNSAT in 0.03s
    cube 2824.48 (depth 1, 32 lits): UNSAT in 0.05s
    cube 2824.49 (depth 1, 32 lits): UNSAT in 0.04s
    cube 2824.50 (depth 1, 32 lits): UNSAT in 0.07s
    cube 2824.51 (depth 1, 32 lits): UNSAT in 0.11s
    cube 2824.52 (depth 1, 32 lits): UNSAT in 0.05s
    cube 2824.53 (depth 1, 32 lits): UNSAT in 0.01s
    cube 2824.54 (depth 1, 32 lits): UNSAT in 0.02s
    cube 2824.55 (depth 1, 32 lits): UNSAT in 0.05s
    cube 2824.56 (depth 1, 32 lits): UNSAT in 0.07s
    cube 2824.57 (depth 1, 32 lits): UNSAT in 0.08s
    cube 2824.58 (depth 1, 32 lits): UNSAT in 0.25s
    cube 2824.59 (depth 1, 32 lits): UNSAT in 0.19s
    cube 2824.60 (depth 1, 32 lits): UNSAT in 0.17s
    cube 2824.61 (depth 1, 32 lits): UNSAT in 0.01s
    cube 2824.62 (depth 1, 32 lits): UNSAT in 0.01s
    cube 2824.63 (depth 1, 32 lits): UNSAT in 0.01s
    cube 2824.64 (depth 1, 32 lits): UNSAT in 0.02s
    cube 2824.65 (depth 1, 32 lits): UNSAT in 0.01s
    cube 2824.66 (depth 1, 32 lits): UNSAT in 0.01s
    cube 2824.67 (depth 1, 32 lits): UNSAT in 0.01s
    cube 2824.68 (depth 1, 32 lits): UNSAT in 0.03s
    cube 2824.69 (depth 1, 32 lits): UNSAT in 0.01s
    cube 2824.70 (depth 1, 32 lits): UNSAT in 0.03s
    cube 2824.71 (depth 1, 32 lits): UNSAT in 0.02s
    cube 2824.72 (depth 1, 32 lits): UNSAT in 0.04s
    cube 2824.73 (depth 1, 32 lits): UNSAT in 0.02s
    cube 2824.74 (depth 1, 32 lits): UNSAT in 0.02s
    cube 2824.75 (depth 1, 32 lits): UNSAT in 0.03s
    cube 2824.76 (depth 1, 32 lits): UNSAT in 0.05s
    cube 2824.77 (depth 1, 32 lits): UNSAT in 0.02s
    cube 2824.78 (depth 1, 32 lits): UNSAT in 0.02s
    cube 2824.79 (depth 1, 32 lits): UNSAT in 0.02s
    cube 2824.80 (depth 1, 32 lits): UNSAT in 0.04s
    cube 2824.81 (depth 1, 32 lits): UNSAT in 0.02s
    cube 2824.82 (depth 1, 32 lits): UNSAT in 0.03s
    cube 2824.83 (depth 1, 32 lits): UNSAT in 0.02s
    cube 2824.84 (depth 1, 32 lits): UNSAT in 0.02s
    cube 2824.85 (depth 1, 32 lits): UNSAT in 0.01s
    cube 2824.86 (depth 1, 32 lits): UNSAT in 0.02s
    cube 2824.87 (depth 1, 32 lits): UNSAT in 0.02s
    cube 2824.88 (depth 1, 32 lits): UNSAT in 0.01s
    cube 2824.89 (depth 1, 32 lits): UNSAT in 0.04s
    cube 2824.90 (depth 1, 32 lits): UNSAT in 0.04s
    cube 2824.91 (depth 1, 32 lits): UNSAT in 0.05s
    cube 2824.92 (depth 1, 32 lits): UNSAT in 0.09s
    cube 2824.93 (depth 1, 32 lits): UNSAT in 0.01s
    cube 2824.94 (depth 1, 32 lits): UNSAT in 0.04s
    cube 2824.95 (depth 1, 32 lits): UNSAT in 0.03s
    cube 2824.96 (depth 1, 32 lits): UNSAT in 0.04s
    cube 2824.97 (depth 1, 32 lits): UNSAT in 0.04s
    cube 2824.98 (depth 1, 32 lits): UNSAT in 0.09s
    cube 2824.99 (depth 1, 32 lits): UNSAT in 0.05s
    cube 2824.100 (depth 1, 32 lits): UNSAT in 0.17s
    cube 2824.101 (depth 1, 32 lits): UNSAT in 0.04s
    cube 2824.102 (depth 1, 32 lits): UNSAT in 0.07s
    cube 2824.103 (depth 1, 32 lits): UNSAT in 0.05s
    cube 2824.104 (depth 1, 32 lits): UNSAT in 0.10s
    cube 2824.105 (depth 1, 32 lits): UNSAT in 0.13s
    cube 2824.106 (depth 1, 32 lits): UNSAT in 0.34s
    cube 2824.107 (depth 1, 32 lits): UNSAT in 0.16s
    cube 2824.108 (depth 1, 32 lits): UNSAT in 0.16s
    cube 2824.109 (depth 1, 32 lits): UNSAT in 0.05s
    cube 2824.110 (depth 1, 32 lits): UNSAT in 0.26s
    cube 2824.111 (depth 1, 32 lits): UNSAT in 0.14s
    cube 2824.112 (depth 1, 32 lits): UNSAT in 0.38s
    cube 2824.113 (depth 1, 32 lits): UNSAT in 0.24s
    cube 2824.114 (depth 1, 32 lits): UNSAT in 0.23s
    cube 2824.115 (depth 1, 32 lits): UNSAT in 0.72s
    cube 2824.116 (depth 1, 32 lits): UNSAT in 0.76s
    cube 2824.117 (depth 1, 32 lits): UNSAT in 0.09s
    cube 2824.118 (depth 1, 32 lits): UNSAT in 0.22s
    cube 2824.119 (depth 1, 32 lits): UNSAT in 0.42s
    cube 2824.120 (depth 1, 32 lits): UNSAT in 2.60s
    cube 2824.121 (depth 1, 32 lits): UNSAT in 0.51s
    cube 2824.122 (depth 1, 32 lits): UNSAT in 1.99s
    cube 2824.123 (depth 1, 32 lits): UNSAT in 3.23s
    cube 2824.124 (depth 1, 32 lits): UNSAT in 12.93s
    cube 2824.125 (depth 1, 32 lits): UNSAT in 0.01s
    cube 2824.126 (depth 1, 32 lits): UNSAT in 0.01s
    cube 2824.127 (depth 1, 32 lits): UNSAT in 0.02s
    cube 2824.128 (depth 1, 32 lits): UNSAT in 0.02s
    cube 2824.129 (depth 1, 32 lits): UNSAT in 0.02s
    cube 2824.130 (depth 1, 32 lits): UNSAT in 0.05s
    cube 2824.131 (depth 1, 32 lits): UNSAT in 0.09s
    cube 2824.132 (depth 1, 32 lits): UNSAT in 0.09s
    cube 2824.133 (depth 1, 32 lits): UNSAT in 0.02s
    cube 2824.134 (depth 1, 32 lits): UNSAT in 0.03s
    cube 2824.135 (depth 1, 32 lits): UNSAT in 0.02s
    cube 2824.136 (depth 1, 32 lits): UNSAT in 0.05s
    cube 2824.137 (depth 1, 32 lits): UNSAT in 0.05s
    cube 2824.138 (depth 1, 32 lits): UNSAT in 0.09s
    cube 2824.139 (depth 1, 32 lits): UNSAT in 0.05s
    cube 2824.140 (depth 1, 32 lits): UNSAT in 0.24s
    cube 2824.141 (depth 1, 32 lits): UNSAT in 0.02s
    cube 2824.142 (depth 1, 32 lits): UNSAT in 0.04s
    cube 2824.143 (depth 1, 32 lits): UNSAT in 0.02s
    cube 2824.144 (depth 1, 32 lits): UNSAT in 0.07s
    cube 2824.145 (depth 1, 32 lits): UNSAT in 0.03s
    cube 2824.146 (depth 1, 32 lits): UNSAT in 0.02s
    cube 2824.147 (depth 1, 32 lits): UNSAT in 0.06s
    cube 2824.148 (depth 1, 32 lits): UNSAT in 0.14s
    cube 2824.149 (depth 1, 32 lits): UNSAT in 0.04s
    cube 2824.150 (depth 1, 32 lits): UNSAT in 0.08s
    cube 2824.151 (depth 1, 32 lits): UNSAT in 0.07s
    cube 2824.152 (depth 1, 32 lits): UNSAT in 0.49s
    cube 2824.153 (depth 1, 32 lits): UNSAT in 0.12s
    cube 2824.154 (depth 1, 32 lits): UNSAT in 0.82s
    cube 2824.155 (depth 1, 32 lits): UNSAT in 0.06s
    cube 2824.156 (depth 1, 32 lits): UNSAT in 0.92s
    cube 2824.157 (depth 1, 31 lits): UNSAT in 0.02s
    cube 2824.158 (depth 1, 32 lits): UNSAT in 0.01s
    cube 2824.159 (depth 1, 32 lits): UNSAT in 0.03s
    cube 2824.160 (depth 1, 31 lits): UNSAT in 0.02s
    cube 2824.161 (depth 1, 32 lits): UNSAT in 0.03s
    cube 2824.162 (depth 1, 32 lits): UNSAT in 0.06s
    cube 2824.163 (depth 1, 31 lits): UNSAT in 0.01s
    cube 2824.164 (depth 1, 32 lits): UNSAT in 0.01s
    cube 2824.165 (depth 1, 32 lits): UNSAT in 0.02s
    cube 2824.166 (depth 1, 32 lits): UNSAT in 0.03s
    cube 2824.167 (depth 1, 32 lits): UNSAT in 0.09s
    cube 2824.168 (depth 1, 32 lits): UNSAT in 0.04s
    cube 2824.169 (depth 1, 32 lits): UNSAT in 0.03s
    cube 2824.170 (depth 1, 32 lits): UNSAT in 0.02s
    cube 2824.171 (depth 1, 32 lits): UNSAT in 0.05s
    cube 2824.172 (depth 1, 32 lits): UNSAT in 0.10s
    cube 2824.173 (depth 1, 32 lits): UNSAT in 0.17s
    cube 2824.174 (depth 1, 32 lits): UNSAT in 0.07s
    cube 2824.175 (depth 1, 32 lits): UNSAT in 0.10s
    cube 2824.176 (depth 1, 32 lits): UNSAT in 0.13s
    cube 2824.177 (depth 1, 32 lits): UNSAT in 0.54s
    cube 2824.178 (depth 1, 32 lits): UNSAT in 0.06s
    cube 2824.179 (depth 1, 32 lits): UNSAT in 0.17s
    cube 2824.180 (depth 1, 32 lits): UNSAT in 0.20s
    cube 2824.181 (depth 1, 32 lits): UNSAT in 1.04s
    cube 2824.182 (depth 1, 32 lits): UNSAT in 0.44s
    cube 2824.183 (depth 1, 32 lits): UNSAT in 1.18s
    cube 2824.184 (depth 1, 32 lits): UNSAT in 2.03s
    cube 2824.185 (depth 1, 32 lits): UNSAT in 8.56s
    cube 2824.186 (depth 1, 32 lits): UNSAT in 0.01s
    cube 2824.187 (depth 1, 32 lits): UNSAT in 0.02s
    cube 2824.188 (depth 1, 32 lits): UNSAT in 0.02s
    cube 2824.189 (depth 1, 32 lits): UNSAT in 0.05s
    cube 2824.190 (depth 1, 32 lits): UNSAT in 0.01s
    cube 2824.191 (depth 1, 32 lits): UNSAT in 0.04s
    cube 2824.192 (depth 1, 32 lits): UNSAT in 0.03s
    cube 2824.193 (depth 1, 32 lits): UNSAT in 0.10s
    cube 2824.194 (depth 1, 32 lits): UNSAT in 0.02s
    cube 2824.195 (depth 1, 32 lits): UNSAT in 0.02s
    cube 2824.196 (depth 1, 32 lits): UNSAT in 0.02s
    cube 2824.197 (depth 1, 32 lits): UNSAT in 0.03s
    cube 2824.198 (depth 1, 32 lits): UNSAT in 0.01s
    cube 2824.199 (depth 1, 32 lits): UNSAT in 0.02s
    cube 2824.200 (depth 1, 32 lits): UNSAT in 0.04s
    cube 2824.201 (depth 1, 32 lits): UNSAT in 0.10s
    cube 2824.202 (depth 1, 32 lits): UNSAT in 0.02s
    cube 2824.203 (depth 1, 32 lits): UNSAT in 0.02s
    cube 2824.204 (depth 1, 32 lits): UNSAT in 0.03s
    cube 2824.205 (depth 1, 32 lits): UNSAT in 0.06s
    cube 2824.206 (depth 1, 32 lits): UNSAT in 0.06s
    cube 2824.207 (depth 1, 32 lits): UNSAT in 0.12s
    cube 2824.208 (depth 1, 32 lits): UNSAT in 0.15s
    cube 2824.209 (depth 1, 32 lits): UNSAT in 0.96s
    cube 2824.210 (depth 1, 32 lits): UNSAT in 0.15s
    cube 2824.211 (depth 1, 32 lits): UNSAT in 0.36s
    cube 2824.212 (depth 1, 32 lits): UNSAT in 0.16s
    cube 2824.213 (depth 1, 32 lits): UNSAT in 1.69s
    cube 2824.214 (depth 1, 32 lits): UNSAT in 0.23s
    cube 2824.215 (depth 1, 32 lits): UNSAT in 2.84s
    cube 2824.216 (depth 1, 32 lits): UNSAT in 1.95s
    cube 2824.217 (depth 1, 32 lits): UNSAT in 10.19s
    cube 2824.218 (depth 1, 32 lits): UNSAT in 0.03s
    cube 2824.219 (depth 1, 32 lits): UNSAT in 0.05s
    cube 2824.220 (depth 1, 32 lits): UNSAT in 0.02s
    cube 2824.221 (depth 1, 32 lits): UNSAT in 0.15s
    cube 2824.222 (depth 1, 32 lits): UNSAT in 0.06s
    cube 2824.223 (depth 1, 32 lits): UNSAT in 0.28s
    cube 2824.224 (depth 1, 32 lits): UNSAT in 0.35s
    cube 2824.225 (depth 1, 32 lits): UNSAT in 0.98s
    cube 2824.226 (depth 1, 32 lits): UNSAT in 0.02s
    cube 2824.227 (depth 1, 32 lits): UNSAT in 0.05s
    cube 2824.228 (depth 1, 32 lits): UNSAT in 0.06s
    cube 2824.229 (depth 1, 32 lits): UNSAT in 0.28s
    cube 2824.230 (depth 1, 32 lits): UNSAT in 0.14s
    cube 2824.231 (depth 1, 32 lits): UNSAT in 0.61s
    cube 2824.232 (depth 1, 32 lits): UNSAT in 1.73s
    cube 2824.233 (depth 1, 32 lits): UNSAT in 8.30s
    cube 2824.234 (depth 1, 32 lits): UNSAT in 0.05s
    cube 2824.235 (depth 1, 32 lits): UNSAT in 0.10s
    cube 2824.236 (depth 1, 32 lits): UNSAT in 0.41s
    cube 2824.237 (depth 1, 32 lits): UNSAT in 1.10s
    cube 2824.238 (depth 1, 32 lits): UNSAT in 0.31s
    cube 2824.239 (depth 1, 32 lits): UNSAT in 0.96s
    cube 2824.240 (depth 1, 32 lits): UNSAT in 0.70s
    cube 2824.241 (depth 1, 32 lits): UNSAT in 13.73s
    cube 2824.242 (depth 1, 32 lits): UNSAT in 0.02s
    cube 2824.243 (depth 1, 32 lits): UNSAT in 0.08s
    cube 2824.244 (depth 1, 32 lits): UNSAT in 0.13s
    cube 2824.245 (depth 1, 32 lits): UNSAT in 1.05s
    cube 2824.246 (depth 1, 32 lits): UNSAT in 0.07s
    cube 2824.247 (depth 1, 32 lits): UNSAT in 0.12s
    cube 2824.248 (depth 1, 32 lits): UNSAT in 0.85s
    cube 2824.249 (depth 1, 32 lits): UNSAT in 14.12s
    cube 2828 (depth 0, 24 lits): UNSAT in 52.14s
    cube 2832 (depth 0, 24 lits): TIMEOUT in 600.09s
    cube 2832 TIMEOUT -> re-split into 232 sub-cubes (depth 1)
    cube 2832.0 (depth 1, 29 lits): UNSAT in 0.01s
    cube 2832.1 (depth 1, 29 lits): UNSAT in 0.02s
    cube 2832.2 (depth 1, 31 lits): UNSAT in 0.01s
    cube 2832.3 (depth 1, 31 lits): UNSAT in 0.02s
    cube 2832.4 (depth 1, 31 lits): UNSAT in 0.01s
    cube 2832.5 (depth 1, 32 lits): UNSAT in 0.02s
    cube 2832.6 (depth 1, 32 lits): UNSAT in 0.02s
    cube 2832.7 (depth 1, 32 lits): UNSAT in 0.01s
    cube 2832.8 (depth 1, 32 lits): UNSAT in 0.01s
    cube 2832.9 (depth 1, 31 lits): UNSAT in 0.02s
    cube 2832.10 (depth 1, 32 lits): UNSAT in 0.01s
    cube 2832.11 (depth 1, 32 lits): UNSAT in 0.01s
    cube 2832.12 (depth 1, 32 lits): UNSAT in 0.01s
    cube 2832.13 (depth 1, 32 lits): UNSAT in 0.02s
    cube 2832.14 (depth 1, 31 lits): UNSAT in 0.01s
    cube 2832.15 (depth 1, 32 lits): UNSAT in 0.01s
    cube 2832.16 (depth 1, 32 lits): UNSAT in 0.01s
    cube 2832.17 (depth 1, 32 lits): UNSAT in 0.01s
    cube 2832.18 (depth 1, 32 lits): UNSAT in 0.02s
    cube 2832.19 (depth 1, 32 lits): UNSAT in 0.02s
    cube 2832.20 (depth 1, 32 lits): UNSAT in 0.01s
    cube 2832.21 (depth 1, 31 lits): UNSAT in 0.01s
    cube 2832.22 (depth 1, 32 lits): UNSAT in 0.02s
    cube 2832.23 (depth 1, 32 lits): UNSAT in 0.02s
    cube 2832.24 (depth 1, 32 lits): UNSAT in 0.02s
    cube 2832.25 (depth 1, 32 lits): UNSAT in 0.02s
    cube 2832.26 (depth 1, 32 lits): UNSAT in 0.02s
    cube 2832.27 (depth 1, 32 lits): UNSAT in 0.03s
    cube 2832.28 (depth 1, 32 lits): UNSAT in 0.01s
    cube 2832.29 (depth 1, 32 lits): UNSAT in 0.02s
    cube 2832.30 (depth 1, 32 lits): UNSAT in 0.02s
    cube 2832.31 (depth 1, 32 lits): UNSAT in 0.02s
    cube 2832.32 (depth 1, 32 lits): UNSAT in 0.02s
    cube 2832.33 (depth 1, 32 lits): UNSAT in 0.05s
    cube 2832.34 (depth 1, 32 lits): UNSAT in 0.04s
    cube 2832.35 (depth 1, 32 lits): UNSAT in 0.06s
    cube 2832.36 (depth 1, 32 lits): UNSAT in 0.02s
    cube 2832.37 (depth 1, 32 lits): UNSAT in 0.04s
    cube 2832.38 (depth 1, 32 lits): UNSAT in 0.02s
    cube 2832.39 (depth 1, 32 lits): UNSAT in 0.06s
    cube 2832.40 (depth 1, 32 lits): UNSAT in 0.02s
    cube 2832.41 (depth 1, 32 lits): UNSAT in 0.12s
    cube 2832.42 (depth 1, 32 lits): UNSAT in 0.17s
    cube 2832.43 (depth 1, 32 lits): UNSAT in 0.06s
    cube 2832.44 (depth 1, 31 lits): UNSAT in 0.01s
    cube 2832.45 (depth 1, 32 lits): UNSAT in 0.02s
    cube 2832.46 (depth 1, 32 lits): UNSAT in 0.03s
    cube 2832.47 (depth 1, 31 lits): UNSAT in 0.02s
    cube 2832.48 (depth 1, 32 lits): UNSAT in 0.02s
    cube 2832.49 (depth 1, 32 lits): UNSAT in 0.03s
    cube 2832.50 (depth 1, 32 lits): UNSAT in 0.02s
    cube 2832.51 (depth 1, 32 lits): UNSAT in 0.03s
    cube 2832.52 (depth 1, 32 lits): UNSAT in 0.03s
    cube 2832.53 (depth 1, 32 lits): UNSAT in 0.08s
    cube 2832.54 (depth 1, 32 lits): UNSAT in 0.03s
    cube 2832.55 (depth 1, 32 lits): UNSAT in 0.03s
    cube 2832.56 (depth 1, 32 lits): UNSAT in 0.04s
    cube 2832.57 (depth 1, 32 lits): UNSAT in 0.15s
    cube 2832.58 (depth 1, 32 lits): UNSAT in 0.02s
    cube 2832.59 (depth 1, 32 lits): UNSAT in 0.02s
    cube 2832.60 (depth 1, 32 lits): UNSAT in 0.03s
    cube 2832.61 (depth 1, 32 lits): UNSAT in 0.03s
    cube 2832.62 (depth 1, 32 lits): UNSAT in 0.02s
    cube 2832.63 (depth 1, 32 lits): UNSAT in 0.05s
    cube 2832.64 (depth 1, 32 lits): UNSAT in 0.03s
    cube 2832.65 (depth 1, 32 lits): UNSAT in 0.02s
    cube 2832.66 (depth 1, 32 lits): UNSAT in 0.02s
    cube 2832.67 (depth 1, 32 lits): UNSAT in 0.05s
    cube 2832.68 (depth 1, 32 lits): UNSAT in 0.03s
    cube 2832.69 (depth 1, 32 lits): UNSAT in 0.11s
    cube 2832.70 (depth 1, 32 lits): UNSAT in 0.06s
    cube 2832.71 (depth 1, 32 lits): UNSAT in 0.34s
    cube 2832.72 (depth 1, 32 lits): UNSAT in 0.18s
    cube 2832.73 (depth 1, 32 lits): UNSAT in 0.71s
    cube 2832.74 (depth 1, 32 lits): UNSAT in 0.01s
    cube 2832.75 (depth 1, 32 lits): UNSAT in 0.02s
    cube 2832.76 (depth 1, 32 lits): UNSAT in 0.02s
    cube 2832.77 (depth 1, 32 lits): UNSAT in 0.04s
    cube 2832.78 (depth 1, 32 lits): UNSAT in 0.05s
    cube 2832.79 (depth 1, 32 lits): UNSAT in 0.15s
    cube 2832.80 (depth 1, 32 lits): UNSAT in 0.05s
    cube 2832.81 (depth 1, 32 lits): UNSAT in 0.14s
    cube 2832.82 (depth 1, 32 lits): UNSAT in 0.01s
    cube 2832.83 (depth 1, 32 lits): UNSAT in 0.02s
    cube 2832.84 (depth 1, 32 lits): UNSAT in 0.02s
    cube 2832.85 (depth 1, 32 lits): UNSAT in 0.03s
    cube 2832.86 (depth 1, 32 lits): UNSAT in 0.04s
    cube 2832.87 (depth 1, 32 lits): UNSAT in 0.14s
    cube 2832.88 (depth 1, 32 lits): UNSAT in 0.14s
    cube 2832.89 (depth 1, 32 lits): UNSAT in 0.46s
    cube 2832.90 (depth 1, 32 lits): UNSAT in 0.03s
    cube 2832.91 (depth 1, 32 lits): UNSAT in 0.06s
    cube 2832.92 (depth 1, 32 lits): UNSAT in 0.05s
    cube 2832.93 (depth 1, 32 lits): UNSAT in 0.20s
    cube 2832.94 (depth 1, 32 lits): UNSAT in 0.02s
    cube 2832.95 (depth 1, 32 lits): UNSAT in 0.14s
    cube 2832.96 (depth 1, 32 lits): UNSAT in 0.08s
    cube 2832.97 (depth 1, 32 lits): UNSAT in 1.13s
    cube 2832.98 (depth 1, 32 lits): UNSAT in 0.08s
    cube 2832.99 (depth 1, 32 lits): UNSAT in 0.32s
    cube 2832.100 (depth 1, 32 lits): UNSAT in 0.28s
    cube 2832.101 (depth 1, 32 lits): UNSAT in 2.15s
    cube 2832.102 (depth 1, 32 lits): UNSAT in 0.44s
    cube 2832.103 (depth 1, 32 lits): UNSAT in 2.54s
    cube 2832.104 (depth 1, 32 lits): UNSAT in 1.90s
    cube 2832.105 (depth 1, 32 lits): UNSAT in 3.81s
    cube 2832.106 (depth 1, 31 lits): UNSAT in 0.01s
    cube 2832.107 (depth 1, 32 lits): UNSAT in 0.02s
    cube 2832.108 (depth 1, 32 lits): UNSAT in 0.02s
    cube 2832.109 (depth 1, 32 lits): UNSAT in 0.01s
    cube 2832.110 (depth 1, 32 lits): UNSAT in 0.01s
    cube 2832.111 (depth 1, 32 lits): UNSAT in 0.02s
    cube 2832.112 (depth 1, 32 lits): UNSAT in 0.04s
    cube 2832.113 (depth 1, 32 lits): UNSAT in 0.02s
    cube 2832.114 (depth 1, 32 lits): UNSAT in 0.01s
    cube 2832.115 (depth 1, 32 lits): UNSAT in 0.01s
    cube 2832.116 (depth 1, 32 lits): UNSAT in 0.03s
    cube 2832.117 (depth 1, 32 lits): UNSAT in 0.04s
    cube 2832.118 (depth 1, 32 lits): UNSAT in 0.04s
    cube 2832.119 (depth 1, 32 lits): UNSAT in 0.03s
    cube 2832.120 (depth 1, 32 lits): UNSAT in 0.06s
    cube 2832.121 (depth 1, 31 lits): UNSAT in 0.01s
    cube 2832.122 (depth 1, 32 lits): UNSAT in 0.02s
    cube 2832.123 (depth 1, 32 lits): UNSAT in 0.02s
    cube 2832.124 (depth 1, 32 lits): UNSAT in 0.02s
    cube 2832.125 (depth 1, 32 lits): UNSAT in 0.02s
    cube 2832.126 (depth 1, 32 lits): UNSAT in 0.04s
    cube 2832.127 (depth 1, 32 lits): UNSAT in 0.08s
    cube 2832.128 (depth 1, 32 lits): UNSAT in 0.04s
    cube 2832.129 (depth 1, 32 lits): UNSAT in 0.02s
    cube 2832.130 (depth 1, 32 lits): UNSAT in 0.04s
    cube 2832.131 (depth 1, 32 lits): UNSAT in 0.19s
    cube 2832.132 (depth 1, 32 lits): UNSAT in 0.05s
    cube 2832.133 (depth 1, 32 lits): UNSAT in 0.05s
    cube 2832.134 (depth 1, 32 lits): UNSAT in 0.13s
    cube 2832.135 (depth 1, 32 lits): UNSAT in 0.27s
    cube 2832.136 (depth 1, 32 lits): UNSAT in 0.02s
    cube 2832.137 (depth 1, 32 lits): UNSAT in 0.05s
    cube 2832.138 (depth 1, 32 lits): UNSAT in 0.02s
    cube 2832.139 (depth 1, 32 lits): UNSAT in 0.05s
    cube 2832.140 (depth 1, 32 lits): UNSAT in 0.01s
    cube 2832.141 (depth 1, 32 lits): UNSAT in 0.02s
    cube 2832.142 (depth 1, 32 lits): UNSAT in 0.04s
    cube 2832.143 (depth 1, 32 lits): UNSAT in 0.04s
    cube 2832.144 (depth 1, 32 lits): UNSAT in 0.03s
    cube 2832.145 (depth 1, 32 lits): UNSAT in 0.03s
    cube 2832.146 (depth 1, 32 lits): UNSAT in 0.05s
    cube 2832.147 (depth 1, 32 lits): UNSAT in 0.14s
    cube 2832.148 (depth 1, 32 lits): UNSAT in 0.13s
    cube 2832.149 (depth 1, 32 lits): UNSAT in 0.32s
    cube 2832.150 (depth 1, 32 lits): UNSAT in 0.03s
    cube 2832.151 (depth 1, 32 lits): UNSAT in 0.45s
    cube 2832.152 (depth 1, 32 lits): UNSAT in 0.05s
    cube 2832.153 (depth 1, 32 lits): UNSAT in 0.06s
    cube 2832.154 (depth 1, 32 lits): UNSAT in 0.11s
    cube 2832.155 (depth 1, 32 lits): UNSAT in 0.15s
    cube 2832.156 (depth 1, 32 lits): UNSAT in 0.03s
    cube 2832.157 (depth 1, 32 lits): UNSAT in 0.19s
    cube 2832.158 (depth 1, 32 lits): UNSAT in 0.18s
    cube 2832.159 (depth 1, 32 lits): UNSAT in 0.43s
    cube 2832.160 (depth 1, 32 lits): UNSAT in 0.14s
    cube 2832.161 (depth 1, 32 lits): UNSAT in 0.17s
    cube 2832.162 (depth 1, 32 lits): UNSAT in 0.19s
    cube 2832.163 (depth 1, 32 lits): UNSAT in 0.74s
    cube 2832.164 (depth 1, 32 lits): UNSAT in 0.54s
    cube 2832.165 (depth 1, 32 lits): UNSAT in 1.15s
    cube 2832.166 (depth 1, 32 lits): UNSAT in 0.71s
    cube 2832.167 (depth 1, 32 lits): UNSAT in 6.89s
    cube 2832.168 (depth 1, 32 lits): UNSAT in 0.02s
    cube 2832.169 (depth 1, 32 lits): UNSAT in 0.02s
    cube 2832.170 (depth 1, 32 lits): UNSAT in 0.03s
    cube 2832.171 (depth 1, 32 lits): UNSAT in 0.08s
    cube 2832.172 (depth 1, 32 lits): UNSAT in 0.04s
    cube 2832.173 (depth 1, 32 lits): UNSAT in 0.05s
    cube 2832.174 (depth 1, 32 lits): UNSAT in 0.18s
    cube 2832.175 (depth 1, 32 lits): UNSAT in 0.39s
    cube 2832.176 (depth 1, 32 lits): UNSAT in 0.02s
    cube 2832.177 (depth 1, 32 lits): UNSAT in 0.03s
    cube 2832.178 (depth 1, 32 lits): UNSAT in 0.09s
    cube 2832.179 (depth 1, 32 lits): UNSAT in 0.23s
    cube 2832.180 (depth 1, 32 lits): UNSAT in 0.05s
    cube 2832.181 (depth 1, 32 lits): UNSAT in 0.21s
    cube 2832.182 (depth 1, 32 lits): UNSAT in 0.60s
    cube 2832.183 (depth 1, 32 lits): UNSAT in 1.63s
    cube 2832.184 (depth 1, 32 lits): UNSAT in 0.02s
    cube 2832.185 (depth 1, 32 lits): UNSAT in 0.08s
    cube 2832.186 (depth 1, 32 lits): UNSAT in 0.05s
    cube 2832.187 (depth 1, 32 lits): UNSAT in 0.17s
    cube 2832.188 (depth 1, 32 lits): UNSAT in 0.07s
    cube 2832.189 (depth 1, 32 lits): UNSAT in 0.27s
    cube 2832.190 (depth 1, 32 lits): UNSAT in 0.22s
    cube 2832.191 (depth 1, 32 lits): UNSAT in 0.52s
    cube 2832.192 (depth 1, 32 lits): UNSAT in 0.03s
    cube 2832.193 (depth 1, 32 lits): UNSAT in 0.10s
    cube 2832.194 (depth 1, 32 lits): UNSAT in 0.07s
    cube 2832.195 (depth 1, 32 lits): UNSAT in 1.32s
    cube 2832.196 (depth 1, 32 lits): UNSAT in 0.10s
    cube 2832.197 (depth 1, 32 lits): UNSAT in 0.76s
    cube 2832.198 (depth 1, 32 lits): UNSAT in 2.30s
    cube 2832.199 (depth 1, 32 lits): UNSAT in 12.55s
    cube 2832.200 (depth 1, 32 lits): UNSAT in 0.04s
    cube 2832.201 (depth 1, 32 lits): UNSAT in 0.07s
    cube 2832.202 (depth 1, 32 lits): UNSAT in 0.06s
    cube 2832.203 (depth 1, 32 lits): UNSAT in 0.24s
    cube 2832.204 (depth 1, 32 lits): UNSAT in 0.11s
    cube 2832.205 (depth 1, 32 lits): UNSAT in 0.23s
    cube 2832.206 (depth 1, 32 lits): UNSAT in 0.60s
    cube 2832.207 (depth 1, 32 lits): UNSAT in 6.25s
    cube 2832.208 (depth 1, 32 lits): UNSAT in 0.02s
    cube 2832.209 (depth 1, 32 lits): UNSAT in 0.11s
    cube 2832.210 (depth 1, 32 lits): UNSAT in 0.13s
    cube 2832.211 (depth 1, 32 lits): UNSAT in 3.26s
    cube 2832.212 (depth 1, 32 lits): UNSAT in 0.46s
    cube 2832.213 (depth 1, 32 lits): UNSAT in 0.90s
    cube 2832.214 (depth 1, 32 lits): UNSAT in 0.73s
    cube 2832.215 (depth 1, 32 lits): UNSAT in 30.34s
    cube 2832.216 (depth 1, 32 lits): UNSAT in 0.04s
    cube 2832.217 (depth 1, 32 lits): UNSAT in 0.05s
    cube 2832.218 (depth 1, 32 lits): UNSAT in 0.10s
    cube 2832.219 (depth 1, 32 lits): UNSAT in 0.51s
    cube 2832.220 (depth 1, 32 lits): UNSAT in 0.14s
    cube 2832.221 (depth 1, 32 lits): UNSAT in 1.92s
    cube 2832.222 (depth 1, 32 lits): UNSAT in 0.90s
    cube 2832.223 (depth 1, 32 lits): UNSAT in 12.51s
    cube 2832.224 (depth 1, 32 lits): UNSAT in 0.31s
    cube 2832.225 (depth 1, 32 lits): UNSAT in 2.63s
    cube 2832.226 (depth 1, 32 lits): UNSAT in 1.94s
    cube 2832.227 (depth 1, 32 lits): UNSAT in 14.37s
    cube 2832.228 (depth 1, 32 lits): UNSAT in 0.26s
    cube 2832.229 (depth 1, 32 lits): UNSAT in 0.92s
    cube 2832.230 (depth 1, 32 lits): UNSAT in 3.32s
    cube 2832.231 (depth 1, 32 lits): UNSAT in 32.11s
    cube 2836 (depth 0, 24 lits): TIMEOUT in 600.03s
    cube 2836 TIMEOUT -> re-split into 246 sub-cubes (depth 1)
    cube 2836.0 (depth 1, 32 lits): UNSAT in 0.01s
    cube 2836.1 (depth 1, 32 lits): UNSAT in 0.01s
    cube 2836.2 (depth 1, 32 lits): UNSAT in 0.02s
    cube 2836.3 (depth 1, 32 lits): UNSAT in 0.02s
    cube 2836.4 (depth 1, 32 lits): UNSAT in 0.01s
    cube 2836.5 (depth 1, 32 lits): UNSAT in 0.02s
    cube 2836.6 (depth 1, 31 lits): UNSAT in 0.02s
    cube 2836.7 (depth 1, 31 lits): UNSAT in 0.01s
    cube 2836.8 (depth 1, 32 lits): UNSAT in 0.02s
    cube 2836.9 (depth 1, 32 lits): UNSAT in 0.02s
    cube 2836.10 (depth 1, 32 lits): UNSAT in 0.01s
    cube 2836.11 (depth 1, 32 lits): UNSAT in 0.02s
    cube 2836.12 (depth 1, 32 lits): UNSAT in 0.02s
    cube 2836.13 (depth 1, 32 lits): UNSAT in 0.04s
    cube 2836.14 (depth 1, 32 lits): UNSAT in 0.02s
    cube 2836.15 (depth 1, 32 lits): UNSAT in 0.01s
    cube 2836.16 (depth 1, 32 lits): UNSAT in 0.01s
    cube 2836.17 (depth 1, 32 lits): UNSAT in 0.02s
    cube 2836.18 (depth 1, 31 lits): UNSAT in 0.01s
    cube 2836.19 (depth 1, 32 lits): UNSAT in 0.01s
    cube 2836.20 (depth 1, 32 lits): UNSAT in 0.02s
    cube 2836.21 (depth 1, 32 lits): UNSAT in 0.03s
    cube 2836.22 (depth 1, 32 lits): UNSAT in 0.03s
    cube 2836.23 (depth 1, 32 lits): UNSAT in 0.01s
    cube 2836.24 (depth 1, 32 lits): UNSAT in 0.03s
    cube 2836.25 (depth 1, 31 lits): UNSAT in 0.01s
    cube 2836.26 (depth 1, 32 lits): UNSAT in 0.06s
    cube 2836.27 (depth 1, 32 lits): UNSAT in 0.01s
    cube 2836.28 (depth 1, 32 lits): UNSAT in 0.01s
    cube 2836.29 (depth 1, 32 lits): UNSAT in 0.02s
    cube 2836.30 (depth 1, 32 lits): UNSAT in 0.01s
    cube 2836.31 (depth 1, 32 lits): UNSAT in 0.02s
    cube 2836.32 (depth 1, 32 lits): UNSAT in 0.02s
    cube 2836.33 (depth 1, 32 lits): UNSAT in 0.02s
    cube 2836.34 (depth 1, 32 lits): UNSAT in 0.03s
    cube 2836.35 (depth 1, 32 lits): UNSAT in 0.03s
    cube 2836.36 (depth 1, 32 lits): UNSAT in 0.01s
    cube 2836.37 (depth 1, 32 lits): UNSAT in 0.02s
    cube 2836.38 (depth 1, 32 lits): UNSAT in 0.01s
    cube 2836.39 (depth 1, 32 lits): UNSAT in 0.02s
    cube 2836.40 (depth 1, 32 lits): UNSAT in 0.02s
    cube 2836.41 (depth 1, 32 lits): UNSAT in 0.02s
    cube 2836.42 (depth 1, 32 lits): UNSAT in 0.05s
    cube 2836.43 (depth 1, 32 lits): UNSAT in 0.13s
    cube 2836.44 (depth 1, 32 lits): UNSAT in 0.01s
    cube 2836.45 (depth 1, 32 lits): UNSAT in 0.02s
    cube 2836.46 (depth 1, 32 lits): UNSAT in 0.01s
    cube 2836.47 (depth 1, 32 lits): UNSAT in 0.03s
    cube 2836.48 (depth 1, 32 lits): UNSAT in 0.02s
    cube 2836.49 (depth 1, 32 lits): UNSAT in 0.02s
    cube 2836.50 (depth 1, 32 lits): UNSAT in 0.05s
    cube 2836.51 (depth 1, 32 lits): UNSAT in 0.03s
    cube 2836.52 (depth 1, 32 lits): UNSAT in 0.01s
    cube 2836.53 (depth 1, 32 lits): UNSAT in 0.01s
    cube 2836.54 (depth 1, 32 lits): UNSAT in 0.01s
    cube 2836.55 (depth 1, 32 lits): UNSAT in 0.03s
    cube 2836.56 (depth 1, 32 lits): UNSAT in 0.03s
    cube 2836.57 (depth 1, 32 lits): UNSAT in 0.13s
    cube 2836.58 (depth 1, 32 lits): UNSAT in 0.19s
    cube 2836.59 (depth 1, 32 lits): UNSAT in 0.41s
    cube 2836.60 (depth 1, 32 lits): UNSAT in 0.01s
    cube 2836.61 (depth 1, 32 lits): UNSAT in 0.01s
    cube 2836.62 (depth 1, 32 lits): UNSAT in 0.01s
    cube 2836.63 (depth 1, 32 lits): UNSAT in 0.02s
    cube 2836.64 (depth 1, 31 lits): UNSAT in 0.02s
    cube 2836.65 (depth 1, 32 lits): UNSAT in 0.01s
    cube 2836.66 (depth 1, 32 lits): UNSAT in 0.01s
    cube 2836.67 (depth 1, 31 lits): UNSAT in 0.02s
    cube 2836.68 (depth 1, 32 lits): UNSAT in 0.01s
    cube 2836.69 (depth 1, 32 lits): UNSAT in 0.02s
    cube 2836.70 (depth 1, 32 lits): UNSAT in 0.03s
    cube 2836.71 (depth 1, 32 lits): UNSAT in 0.03s
    cube 2836.72 (depth 1, 32 lits): UNSAT in 0.03s
    cube 2836.73 (depth 1, 32 lits): UNSAT in 0.05s
    cube 2836.74 (depth 1, 30 lits): UNSAT in 0.01s
    cube 2836.75 (depth 1, 32 lits): UNSAT in 0.01s
    cube 2836.76 (depth 1, 32 lits): UNSAT in 0.01s
    cube 2836.77 (depth 1, 32 lits): UNSAT in 0.02s
    cube 2836.78 (depth 1, 32 lits): UNSAT in 0.02s
    cube 2836.79 (depth 1, 32 lits): UNSAT in 0.02s
    cube 2836.80 (depth 1, 32 lits): UNSAT in 0.02s
    cube 2836.81 (depth 1, 32 lits): UNSAT in 0.03s
    cube 2836.82 (depth 1, 32 lits): UNSAT in 0.05s
    cube 2836.83 (depth 1, 32 lits): UNSAT in 0.03s
    cube 2836.84 (depth 1, 32 lits): UNSAT in 0.06s
    cube 2836.85 (depth 1, 32 lits): UNSAT in 0.10s
    cube 2836.86 (depth 1, 32 lits): UNSAT in 0.13s
    cube 2836.87 (depth 1, 32 lits): UNSAT in 0.01s
    cube 2836.88 (depth 1, 32 lits): UNSAT in 0.02s
    cube 2836.89 (depth 1, 32 lits): UNSAT in 0.02s
    cube 2836.90 (depth 1, 32 lits): UNSAT in 0.03s
    cube 2836.91 (depth 1, 32 lits): UNSAT in 0.01s
    cube 2836.92 (depth 1, 32 lits): UNSAT in 0.01s
    cube 2836.93 (depth 1, 32 lits): UNSAT in 0.02s
    cube 2836.94 (depth 1, 32 lits): UNSAT in 0.04s
    cube 2836.95 (depth 1, 32 lits): UNSAT in 0.02s
    cube 2836.96 (depth 1, 32 lits): UNSAT in 0.02s
    cube 2836.97 (depth 1, 32 lits): UNSAT in 0.04s
    cube 2836.98 (depth 1, 32 lits): UNSAT in 0.03s
    cube 2836.99 (depth 1, 32 lits): UNSAT in 0.02s
    cube 2836.100 (depth 1, 32 lits): UNSAT in 0.11s
    cube 2836.101 (depth 1, 32 lits): UNSAT in 0.04s
    cube 2836.102 (depth 1, 32 lits): UNSAT in 0.21s
    cube 2836.103 (depth 1, 32 lits): UNSAT in 0.01s
    cube 2836.104 (depth 1, 32 lits): UNSAT in 0.04s
    cube 2836.105 (depth 1, 32 lits): UNSAT in 0.05s
    cube 2836.106 (depth 1, 32 lits): UNSAT in 0.17s
    cube 2836.107 (depth 1, 32 lits): UNSAT in 0.07s
    cube 2836.108 (depth 1, 32 lits): UNSAT in 0.09s
    cube 2836.109 (depth 1, 32 lits): UNSAT in 0.33s
    cube 2836.110 (depth 1, 32 lits): UNSAT in 0.63s
    cube 2836.111 (depth 1, 32 lits): UNSAT in 0.09s
    cube 2836.112 (depth 1, 32 lits): UNSAT in 0.14s
    cube 2836.113 (depth 1, 32 lits): UNSAT in 0.08s
    cube 2836.114 (depth 1, 32 lits): UNSAT in 0.49s
    cube 2836.115 (depth 1, 32 lits): UNSAT in 0.09s
    cube 2836.116 (depth 1, 32 lits): UNSAT in 0.74s
    cube 2836.117 (depth 1, 32 lits): UNSAT in 1.22s
    cube 2836.118 (depth 1, 32 lits): UNSAT in 3.99s
    cube 2836.119 (depth 1, 31 lits): UNSAT in 0.02s
    cube 2836.120 (depth 1, 32 lits): UNSAT in 0.02s
    cube 2836.121 (depth 1, 32 lits): UNSAT in 0.02s
    cube 2836.122 (depth 1, 32 lits): UNSAT in 0.02s
    cube 2836.123 (depth 1, 32 lits): UNSAT in 0.05s
    cube 2836.124 (depth 1, 32 lits): UNSAT in 0.03s
    cube 2836.125 (depth 1, 32 lits): UNSAT in 0.09s
    cube 2836.126 (depth 1, 32 lits): UNSAT in 0.01s
    cube 2836.127 (depth 1, 32 lits): UNSAT in 0.02s
    cube 2836.128 (depth 1, 32 lits): UNSAT in 0.03s
    cube 2836.129 (depth 1, 32 lits): UNSAT in 0.04s
    cube 2836.130 (depth 1, 32 lits): UNSAT in 0.01s
    cube 2836.131 (depth 1, 32 lits): UNSAT in 0.10s
    cube 2836.132 (depth 1, 32 lits): UNSAT in 0.04s
    cube 2836.133 (depth 1, 32 lits): UNSAT in 0.14s
    cube 2836.134 (depth 1, 32 lits): UNSAT in 0.02s
    cube 2836.135 (depth 1, 32 lits): UNSAT in 0.02s
    cube 2836.136 (depth 1, 32 lits): UNSAT in 0.04s
    cube 2836.137 (depth 1, 32 lits): UNSAT in 0.08s
    cube 2836.138 (depth 1, 32 lits): UNSAT in 0.06s
    cube 2836.139 (depth 1, 32 lits): UNSAT in 0.05s
    cube 2836.140 (depth 1, 32 lits): UNSAT in 0.07s
    cube 2836.141 (depth 1, 32 lits): UNSAT in 0.10s
    cube 2836.142 (depth 1, 32 lits): UNSAT in 0.02s
    cube 2836.143 (depth 1, 32 lits): UNSAT in 0.02s
    cube 2836.144 (depth 1, 32 lits): UNSAT in 0.07s
    cube 2836.145 (depth 1, 32 lits): UNSAT in 0.05s
    cube 2836.146 (depth 1, 32 lits): UNSAT in 0.05s
    cube 2836.147 (depth 1, 32 lits): UNSAT in 0.04s
    cube 2836.148 (depth 1, 32 lits): UNSAT in 0.27s
    cube 2836.149 (depth 1, 32 lits): UNSAT in 0.54s
    cube 2836.150 (depth 1, 32 lits): UNSAT in 0.01s
    cube 2836.151 (depth 1, 32 lits): UNSAT in 0.03s
    cube 2836.152 (depth 1, 32 lits): UNSAT in 0.03s
    cube 2836.153 (depth 1, 32 lits): UNSAT in 0.03s
    cube 2836.154 (depth 1, 32 lits): UNSAT in 0.02s
    cube 2836.155 (depth 1, 32 lits): UNSAT in 0.03s
    cube 2836.156 (depth 1, 32 lits): UNSAT in 0.05s
    cube 2836.157 (depth 1, 32 lits): UNSAT in 0.04s
    cube 2836.158 (depth 1, 32 lits): UNSAT in 0.06s
    cube 2836.159 (depth 1, 32 lits): UNSAT in 0.14s
    cube 2836.160 (depth 1, 32 lits): UNSAT in 0.10s
    cube 2836.161 (depth 1, 32 lits): UNSAT in 0.92s
    cube 2836.162 (depth 1, 32 lits): UNSAT in 0.11s
    cube 2836.163 (depth 1, 32 lits): UNSAT in 0.31s
    cube 2836.164 (depth 1, 32 lits): UNSAT in 0.63s
    cube 2836.165 (depth 1, 32 lits): UNSAT in 2.50s
    cube 2836.166 (depth 1, 32 lits): UNSAT in 0.02s
    cube 2836.167 (depth 1, 32 lits): UNSAT in 0.08s
    cube 2836.168 (depth 1, 32 lits): UNSAT in 0.06s
    cube 2836.169 (depth 1, 32 lits): UNSAT in 0.13s
    cube 2836.170 (depth 1, 32 lits): UNSAT in 0.11s
    cube 2836.171 (depth 1, 32 lits): UNSAT in 0.16s
    cube 2836.172 (depth 1, 32 lits): UNSAT in 0.18s
    cube 2836.173 (depth 1, 32 lits): UNSAT in 0.39s
    cube 2836.174 (depth 1, 32 lits): UNSAT in 0.08s
    cube 2836.175 (depth 1, 32 lits): UNSAT in 0.38s
    cube 2836.176 (depth 1, 32 lits): UNSAT in 0.10s
    cube 2836.177 (depth 1, 32 lits): UNSAT in 1.18s
    cube 2836.178 (depth 1, 32 lits): UNSAT in 0.07s
    cube 2836.179 (depth 1, 32 lits): UNSAT in 0.29s
    cube 2836.180 (depth 1, 32 lits): UNSAT in 2.06s
    cube 2836.181 (depth 1, 32 lits): UNSAT in 1.49s
    cube 2836.182 (depth 1, 32 lits): UNSAT in 0.01s
    cube 2836.183 (depth 1, 32 lits): UNSAT in 0.03s
    cube 2836.184 (depth 1, 32 lits): UNSAT in 0.02s
    cube 2836.185 (depth 1, 32 lits): UNSAT in 0.03s
    cube 2836.186 (depth 1, 32 lits): UNSAT in 0.02s
    cube 2836.187 (depth 1, 32 lits): UNSAT in 0.04s
    cube 2836.188 (depth 1, 32 lits): UNSAT in 0.05s
    cube 2836.189 (depth 1, 32 lits): UNSAT in 0.25s
    cube 2836.190 (depth 1, 32 lits): UNSAT in 0.07s
    cube 2836.191 (depth 1, 32 lits): UNSAT in 0.17s
    cube 2836.192 (depth 1, 32 lits): UNSAT in 0.28s
    cube 2836.193 (depth 1, 32 lits): UNSAT in 0.23s
    cube 2836.194 (depth 1, 32 lits): UNSAT in 0.09s
    cube 2836.195 (depth 1, 32 lits): UNSAT in 0.29s
    cube 2836.196 (depth 1, 32 lits): UNSAT in 0.26s
    cube 2836.197 (depth 1, 32 lits): UNSAT in 1.06s
    cube 2836.198 (depth 1, 32 lits): UNSAT in 0.02s
    cube 2836.199 (depth 1, 32 lits): UNSAT in 0.07s
    cube 2836.200 (depth 1, 32 lits): UNSAT in 0.05s
    cube 2836.201 (depth 1, 32 lits): UNSAT in 0.17s
    cube 2836.202 (depth 1, 32 lits): UNSAT in 0.06s
    cube 2836.203 (depth 1, 32 lits): UNSAT in 0.11s
    cube 2836.204 (depth 1, 32 lits): UNSAT in 0.21s
    cube 2836.205 (depth 1, 32 lits): UNSAT in 0.65s
    cube 2836.206 (depth 1, 32 lits): UNSAT in 0.14s
    cube 2836.207 (depth 1, 32 lits): UNSAT in 0.11s
    cube 2836.208 (depth 1, 32 lits): UNSAT in 0.52s
    cube 2836.209 (depth 1, 32 lits): UNSAT in 2.47s
    cube 2836.210 (depth 1, 32 lits): UNSAT in 0.19s
    cube 2836.211 (depth 1, 32 lits): UNSAT in 5.79s
    cube 2836.212 (depth 1, 32 lits): UNSAT in 2.10s
    cube 2836.213 (depth 1, 32 lits): UNSAT in 12.23s
    cube 2836.214 (depth 1, 32 lits): UNSAT in 0.04s
    cube 2836.215 (depth 1, 32 lits): UNSAT in 0.05s
    cube 2836.216 (depth 1, 32 lits): UNSAT in 0.05s
    cube 2836.217 (depth 1, 32 lits): UNSAT in 0.41s
    cube 2836.218 (depth 1, 32 lits): UNSAT in 0.04s
    cube 2836.219 (depth 1, 32 lits): UNSAT in 0.17s
    cube 2836.220 (depth 1, 32 lits): UNSAT in 0.40s
    cube 2836.221 (depth 1, 32 lits): UNSAT in 0.49s
    cube 2836.222 (depth 1, 32 lits): UNSAT in 0.32s
    cube 2836.223 (depth 1, 32 lits): UNSAT in 1.74s
    cube 2836.224 (depth 1, 32 lits): UNSAT in 0.82s
    cube 2836.225 (depth 1, 32 lits): UNSAT in 4.91s
    cube 2836.226 (depth 1, 32 lits): UNSAT in 0.32s
    cube 2836.227 (depth 1, 32 lits): UNSAT in 2.13s
    cube 2836.228 (depth 1, 32 lits): UNSAT in 0.84s
    cube 2836.229 (depth 1, 32 lits): UNSAT in 4.32s
    cube 2836.230 (depth 1, 32 lits): UNSAT in 0.13s
    cube 2836.231 (depth 1, 32 lits): UNSAT in 0.33s
    cube 2836.232 (depth 1, 32 lits): UNSAT in 0.11s
    cube 2836.233 (depth 1, 32 lits): UNSAT in 0.20s
    cube 2836.234 (depth 1, 32 lits): UNSAT in 0.11s
    cube 2836.235 (depth 1, 32 lits): UNSAT in 0.78s
    cube 2836.236 (depth 1, 32 lits): UNSAT in 0.96s
    cube 2836.237 (depth 1, 32 lits): UNSAT in 10.83s
    cube 2836.238 (depth 1, 32 lits): UNSAT in 0.07s
    cube 2836.239 (depth 1, 32 lits): UNSAT in 0.33s
    cube 2836.240 (depth 1, 32 lits): UNSAT in 0.96s
    cube 2836.241 (depth 1, 32 lits): UNSAT in 14.99s
    cube 2836.242 (depth 1, 32 lits): UNSAT in 0.85s
    cube 2836.243 (depth 1, 32 lits): UNSAT in 11.88s
    cube 2836.244 (depth 1, 32 lits): UNSAT in 18.01s
    cube 2836.245 (depth 1, 32 lits): UNSAT in 31.29s
    cube 2840 (depth 0, 24 lits): TIMEOUT in 600.09s
    cube 2840 TIMEOUT -> re-split into 248 sub-cubes (depth 1)
    cube 2840.0 (depth 1, 31 lits): UNSAT in 0.01s
    cube 2840.1 (depth 1, 32 lits): UNSAT in 0.01s
    cube 2840.2 (depth 1, 32 lits): UNSAT in 0.01s
    cube 2840.3 (depth 1, 32 lits): UNSAT in 0.02s
    cube 2840.4 (depth 1, 32 lits): UNSAT in 0.02s
    cube 2840.5 (depth 1, 32 lits): UNSAT in 0.02s
    cube 2840.6 (depth 1, 32 lits): UNSAT in 0.02s
    cube 2840.7 (depth 1, 31 lits): UNSAT in 0.02s
    cube 2840.8 (depth 1, 31 lits): UNSAT in 0.01s
    cube 2840.9 (depth 1, 31 lits): UNSAT in 0.01s
    cube 2840.10 (depth 1, 32 lits): UNSAT in 0.02s
    cube 2840.11 (depth 1, 32 lits): UNSAT in 0.05s
    cube 2840.12 (depth 1, 31 lits): UNSAT in 0.01s
    cube 2840.13 (depth 1, 32 lits): UNSAT in 0.02s
    cube 2840.14 (depth 1, 32 lits): UNSAT in 0.05s
    cube 2840.15 (depth 1, 31 lits): UNSAT in 0.02s
    cube 2840.16 (depth 1, 32 lits): UNSAT in 0.02s
    cube 2840.17 (depth 1, 32 lits): UNSAT in 0.05s
    cube 2840.18 (depth 1, 32 lits): UNSAT in 0.02s
    cube 2840.19 (depth 1, 32 lits): UNSAT in 0.02s
    cube 2840.20 (depth 1, 32 lits): UNSAT in 0.02s
    cube 2840.21 (depth 1, 32 lits): UNSAT in 0.02s
    cube 2840.22 (depth 1, 32 lits): UNSAT in 0.02s
    cube 2840.23 (depth 1, 32 lits): UNSAT in 0.10s
    cube 2840.24 (depth 1, 32 lits): UNSAT in 0.02s
    cube 2840.25 (depth 1, 32 lits): UNSAT in 0.07s
    cube 2840.26 (depth 1, 31 lits): UNSAT in 0.01s
    cube 2840.27 (depth 1, 32 lits): UNSAT in 0.01s
    cube 2840.28 (depth 1, 32 lits): UNSAT in 0.03s
    cube 2840.29 (depth 1, 32 lits): UNSAT in 0.01s
    cube 2840.30 (depth 1, 32 lits): UNSAT in 0.01s
    cube 2840.31 (depth 1, 32 lits): UNSAT in 0.02s
    cube 2840.32 (depth 1, 32 lits): UNSAT in 0.02s
    cube 2840.33 (depth 1, 32 lits): UNSAT in 0.01s
    cube 2840.34 (depth 1, 32 lits): UNSAT in 0.01s
    cube 2840.35 (depth 1, 32 lits): UNSAT in 0.02s
    cube 2840.36 (depth 1, 32 lits): UNSAT in 0.05s
    cube 2840.37 (depth 1, 32 lits): UNSAT in 0.03s
    cube 2840.38 (depth 1, 32 lits): UNSAT in 0.03s
    cube 2840.39 (depth 1, 32 lits): UNSAT in 0.05s
    cube 2840.40 (depth 1, 32 lits): UNSAT in 0.04s
    cube 2840.41 (depth 1, 32 lits): UNSAT in 0.01s
    cube 2840.42 (depth 1, 32 lits): UNSAT in 0.03s
    cube 2840.43 (depth 1, 32 lits): UNSAT in 0.01s
    cube 2840.44 (depth 1, 32 lits): UNSAT in 0.04s
    cube 2840.45 (depth 1, 32 lits): UNSAT in 0.02s
    cube 2840.46 (depth 1, 32 lits): UNSAT in 0.02s
    cube 2840.47 (depth 1, 32 lits): UNSAT in 0.02s
    cube 2840.48 (depth 1, 32 lits): UNSAT in 0.06s
    cube 2840.49 (depth 1, 32 lits): UNSAT in 0.03s
    cube 2840.50 (depth 1, 32 lits): UNSAT in 0.09s
    cube 2840.51 (depth 1, 32 lits): UNSAT in 0.13s
    cube 2840.52 (depth 1, 32 lits): UNSAT in 0.14s
    cube 2840.53 (depth 1, 32 lits): UNSAT in 0.03s
    cube 2840.54 (depth 1, 32 lits): UNSAT in 0.35s
    cube 2840.55 (depth 1, 32 lits): UNSAT in 0.25s
    cube 2840.56 (depth 1, 32 lits): UNSAT in 1.03s
    cube 2840.57 (depth 1, 32 lits): UNSAT in 0.01s
    cube 2840.58 (depth 1, 32 lits): UNSAT in 0.01s
    cube 2840.59 (depth 1, 32 lits): UNSAT in 0.01s
    cube 2840.60 (depth 1, 32 lits): UNSAT in 0.01s
    cube 2840.61 (depth 1, 32 lits): UNSAT in 0.03s
    cube 2840.62 (depth 1, 32 lits): UNSAT in 0.02s
    cube 2840.63 (depth 1, 32 lits): UNSAT in 0.01s
    cube 2840.64 (depth 1, 32 lits): UNSAT in 0.01s
    cube 2840.65 (depth 1, 32 lits): UNSAT in 0.01s
    cube 2840.66 (depth 1, 32 lits): UNSAT in 0.02s
    cube 2840.67 (depth 1, 32 lits): UNSAT in 0.02s
    cube 2840.68 (depth 1, 32 lits): UNSAT in 0.02s
    cube 2840.69 (depth 1, 32 lits): UNSAT in 0.01s
    cube 2840.70 (depth 1, 32 lits): UNSAT in 0.02s
    cube 2840.71 (depth 1, 32 lits): UNSAT in 0.05s
    cube 2840.72 (depth 1, 32 lits): UNSAT in 0.09s
    cube 2840.73 (depth 1, 32 lits): UNSAT in 0.02s
    cube 2840.74 (depth 1, 32 lits): UNSAT in 0.03s
    cube 2840.75 (depth 1, 32 lits): UNSAT in 0.02s
    cube 2840.76 (depth 1, 32 lits): UNSAT in 0.05s
    cube 2840.77 (depth 1, 32 lits): UNSAT in 0.07s
    cube 2840.78 (depth 1, 32 lits): UNSAT in 0.19s
    cube 2840.79 (depth 1, 32 lits): UNSAT in 0.22s
    cube 2840.80 (depth 1, 32 lits): UNSAT in 0.25s
    cube 2840.81 (depth 1, 32 lits): UNSAT in 0.04s
    cube 2840.82 (depth 1, 32 lits): UNSAT in 0.09s
    cube 2840.83 (depth 1, 32 lits): UNSAT in 0.05s
    cube 2840.84 (depth 1, 32 lits): UNSAT in 0.26s
    cube 2840.85 (depth 1, 32 lits): UNSAT in 0.07s
    cube 2840.86 (depth 1, 32 lits): UNSAT in 0.25s
    cube 2840.87 (depth 1, 32 lits): UNSAT in 2.48s
    cube 2840.88 (depth 1, 32 lits): UNSAT in 3.30s
    cube 2840.89 (depth 1, 32 lits): UNSAT in 0.01s
    cube 2840.90 (depth 1, 32 lits): UNSAT in 0.02s
    cube 2840.91 (depth 1, 32 lits): UNSAT in 0.02s
    cube 2840.92 (depth 1, 32 lits): UNSAT in 0.03s
    cube 2840.93 (depth 1, 32 lits): UNSAT in 0.02s
    cube 2840.94 (depth 1, 32 lits): UNSAT in 0.01s
    cube 2840.95 (depth 1, 32 lits): UNSAT in 0.06s
    cube 2840.96 (depth 1, 32 lits): UNSAT in 0.05s
    cube 2840.97 (depth 1, 32 lits): UNSAT in 0.02s
    cube 2840.98 (depth 1, 32 lits): UNSAT in 0.02s
    cube 2840.99 (depth 1, 32 lits): UNSAT in 0.02s
    cube 2840.100 (depth 1, 32 lits): UNSAT in 0.04s
    cube 2840.101 (depth 1, 32 lits): UNSAT in 0.02s
    cube 2840.102 (depth 1, 32 lits): UNSAT in 0.07s
    cube 2840.103 (depth 1, 32 lits): UNSAT in 0.03s
    cube 2840.104 (depth 1, 32 lits): UNSAT in 0.14s
    cube 2840.105 (depth 1, 32 lits): UNSAT in 0.05s
    cube 2840.106 (depth 1, 32 lits): UNSAT in 0.07s
    cube 2840.107 (depth 1, 32 lits): UNSAT in 0.06s
    cube 2840.108 (depth 1, 32 lits): UNSAT in 0.11s
    cube 2840.109 (depth 1, 32 lits): UNSAT in 0.13s
    cube 2840.110 (depth 1, 32 lits): UNSAT in 0.16s
    cube 2840.111 (depth 1, 32 lits): UNSAT in 0.14s
    cube 2840.112 (depth 1, 32 lits): UNSAT in 1.04s
    cube 2840.113 (depth 1, 32 lits): UNSAT in 0.11s
    cube 2840.114 (depth 1, 32 lits): UNSAT in 0.26s
    cube 2840.115 (depth 1, 32 lits): UNSAT in 0.06s
    cube 2840.116 (depth 1, 32 lits): UNSAT in 2.79s
    cube 2840.117 (depth 1, 32 lits): UNSAT in 0.25s
    cube 2840.118 (depth 1, 32 lits): UNSAT in 2.00s
    cube 2840.119 (depth 1, 32 lits): UNSAT in 3.36s
    cube 2840.120 (depth 1, 32 lits): UNSAT in 7.11s
    cube 2840.121 (depth 1, 31 lits): UNSAT in 0.01s
    cube 2840.122 (depth 1, 32 lits): UNSAT in 0.01s
    cube 2840.123 (depth 1, 32 lits): UNSAT in 0.02s
    cube 2840.124 (depth 1, 32 lits): UNSAT in 0.02s
    cube 2840.125 (depth 1, 32 lits): UNSAT in 0.02s
    cube 2840.126 (depth 1, 32 lits): UNSAT in 0.03s
    cube 2840.127 (depth 1, 32 lits): UNSAT in 0.09s
    cube 2840.128 (depth 1, 32 lits): UNSAT in 0.02s
    cube 2840.129 (depth 1, 32 lits): UNSAT in 0.03s
    cube 2840.130 (depth 1, 32 lits): UNSAT in 0.04s
    cube 2840.131 (depth 1, 32 lits): UNSAT in 0.11s
    cube 2840.132 (depth 1, 32 lits): UNSAT in 0.05s
    cube 2840.133 (depth 1, 32 lits): UNSAT in 0.06s
    cube 2840.134 (depth 1, 32 lits): UNSAT in 0.06s
    cube 2840.135 (depth 1, 32 lits): UNSAT in 0.07s
    cube 2840.136 (depth 1, 32 lits): UNSAT in 0.03s
    cube 2840.137 (depth 1, 32 lits): UNSAT in 0.04s
    cube 2840.138 (depth 1, 32 lits): UNSAT in 0.07s
    cube 2840.139 (depth 1, 32 lits): UNSAT in 0.27s
    cube 2840.140 (depth 1, 32 lits): UNSAT in 0.02s
    cube 2840.141 (depth 1, 32 lits): UNSAT in 0.13s
    cube 2840.142 (depth 1, 32 lits): UNSAT in 0.14s
    cube 2840.143 (depth 1, 32 lits): UNSAT in 0.34s
    cube 2840.144 (depth 1, 32 lits): UNSAT in 0.05s
    cube 2840.145 (depth 1, 32 lits): UNSAT in 0.09s
    cube 2840.146 (depth 1, 32 lits): UNSAT in 0.16s
    cube 2840.147 (depth 1, 32 lits): UNSAT in 0.35s
    cube 2840.148 (depth 1, 32 lits): UNSAT in 0.10s
    cube 2840.149 (depth 1, 32 lits): UNSAT in 0.14s
    cube 2840.150 (depth 1, 32 lits): UNSAT in 0.30s
    cube 2840.151 (depth 1, 32 lits): UNSAT in 1.26s
    cube 2840.152 (depth 1, 32 lits): UNSAT in 0.01s
    cube 2840.153 (depth 1, 32 lits): UNSAT in 0.04s
    cube 2840.154 (depth 1, 32 lits): UNSAT in 0.05s
    cube 2840.155 (depth 1, 32 lits): UNSAT in 0.12s
    cube 2840.156 (depth 1, 32 lits): UNSAT in 0.06s
    cube 2840.157 (depth 1, 32 lits): UNSAT in 0.12s
    cube 2840.158 (depth 1, 32 lits): UNSAT in 0.04s
    cube 2840.159 (depth 1, 32 lits): UNSAT in 0.65s
    cube 2840.160 (depth 1, 32 lits): UNSAT in 0.02s
    cube 2840.161 (depth 1, 32 lits): UNSAT in 0.15s
    cube 2840.162 (depth 1, 32 lits): UNSAT in 0.18s
    cube 2840.163 (depth 1, 32 lits): UNSAT in 0.30s
    cube 2840.164 (depth 1, 32 lits): UNSAT in 0.05s
    cube 2840.165 (depth 1, 32 lits): UNSAT in 0.09s
    cube 2840.166 (depth 1, 32 lits): UNSAT in 0.59s
    cube 2840.167 (depth 1, 32 lits): UNSAT in 1.77s
    cube 2840.168 (depth 1, 32 lits): UNSAT in 0.06s
    cube 2840.169 (depth 1, 32 lits): UNSAT in 0.18s
    cube 2840.170 (depth 1, 32 lits): UNSAT in 0.10s
    cube 2840.171 (depth 1, 32 lits): UNSAT in 0.58s
    cube 2840.172 (depth 1, 32 lits): UNSAT in 0.11s
    cube 2840.173 (depth 1, 32 lits): UNSAT in 0.27s
    cube 2840.174 (depth 1, 32 lits): UNSAT in 1.34s
    cube 2840.175 (depth 1, 32 lits): UNSAT in 0.66s
    cube 2840.176 (depth 1, 32 lits): UNSAT in 0.13s
    cube 2840.177 (depth 1, 32 lits): UNSAT in 0.40s
    cube 2840.178 (depth 1, 32 lits): UNSAT in 0.47s
    cube 2840.179 (depth 1, 32 lits): UNSAT in 3.00s
    cube 2840.180 (depth 1, 32 lits): UNSAT in 2.28s
    cube 2840.181 (depth 1, 32 lits): UNSAT in 2.58s
    cube 2840.182 (depth 1, 32 lits): UNSAT in 10.12s
    cube 2840.183 (depth 1, 32 lits): UNSAT in 23.08s
    cube 2840.184 (depth 1, 32 lits): UNSAT in 0.02s
    cube 2840.185 (depth 1, 32 lits): UNSAT in 0.03s
    cube 2840.186 (depth 1, 32 lits): UNSAT in 0.04s
    cube 2840.187 (depth 1, 32 lits): UNSAT in 0.10s
    cube 2840.188 (depth 1, 32 lits): UNSAT in 0.04s
    cube 2840.189 (depth 1, 32 lits): UNSAT in 0.05s
    cube 2840.190 (depth 1, 32 lits): UNSAT in 0.01s
    cube 2840.191 (depth 1, 32 lits): UNSAT in 0.26s
    cube 2840.192 (depth 1, 32 lits): UNSAT in 0.02s
    cube 2840.193 (depth 1, 32 lits): UNSAT in 0.02s
    cube 2840.194 (depth 1, 32 lits): UNSAT in 0.02s
    cube 2840.195 (depth 1, 32 lits): UNSAT in 0.02s
    cube 2840.196 (depth 1, 32 lits): UNSAT in 0.08s
    cube 2840.197 (depth 1, 32 lits): UNSAT in 0.12s
    cube 2840.198 (depth 1, 32 lits): UNSAT in 0.09s
    cube 2840.199 (depth 1, 32 lits): UNSAT in 0.25s
    cube 2840.200 (depth 1, 32 lits): UNSAT in 0.03s
    cube 2840.201 (depth 1, 32 lits): UNSAT in 0.08s
    cube 2840.202 (depth 1, 32 lits): UNSAT in 0.05s
    cube 2840.203 (depth 1, 32 lits): UNSAT in 0.13s
    cube 2840.204 (depth 1, 32 lits): UNSAT in 0.07s
    cube 2840.205 (depth 1, 32 lits): UNSAT in 0.34s
    cube 2840.206 (depth 1, 32 lits): UNSAT in 0.09s
    cube 2840.207 (depth 1, 32 lits): UNSAT in 0.34s
    cube 2840.208 (depth 1, 32 lits): UNSAT in 0.04s
    cube 2840.209 (depth 1, 32 lits): UNSAT in 0.12s
    cube 2840.210 (depth 1, 32 lits): UNSAT in 0.24s
    cube 2840.211 (depth 1, 32 lits): UNSAT in 0.24s
    cube 2840.212 (depth 1, 32 lits): UNSAT in 0.26s
    cube 2840.213 (depth 1, 32 lits): UNSAT in 0.84s
    cube 2840.214 (depth 1, 32 lits): UNSAT in 0.77s
    cube 2840.215 (depth 1, 32 lits): UNSAT in 4.76s
    cube 2840.216 (depth 1, 32 lits): UNSAT in 0.02s
    cube 2840.217 (depth 1, 32 lits): UNSAT in 0.01s
    cube 2840.218 (depth 1, 32 lits): UNSAT in 0.02s
    cube 2840.219 (depth 1, 32 lits): UNSAT in 0.06s
    cube 2840.220 (depth 1, 32 lits): UNSAT in 0.05s
    cube 2840.221 (depth 1, 32 lits): UNSAT in 0.25s
    cube 2840.222 (depth 1, 32 lits): UNSAT in 0.16s
    cube 2840.223 (depth 1, 32 lits): UNSAT in 0.59s
    cube 2840.224 (depth 1, 32 lits): UNSAT in 0.02s
    cube 2840.225 (depth 1, 32 lits): UNSAT in 0.02s
    cube 2840.226 (depth 1, 32 lits): UNSAT in 0.10s
    cube 2840.227 (depth 1, 32 lits): UNSAT in 0.43s
    cube 2840.228 (depth 1, 32 lits): UNSAT in 0.11s
    cube 2840.229 (depth 1, 32 lits): UNSAT in 0.28s
    cube 2840.230 (depth 1, 32 lits): UNSAT in 1.51s
    cube 2840.231 (depth 1, 32 lits): UNSAT in 4.55s
    cube 2840.232 (depth 1, 32 lits): UNSAT in 0.13s
    cube 2840.233 (depth 1, 32 lits): UNSAT in 1.64s
    cube 2840.234 (depth 1, 32 lits): UNSAT in 0.48s
    cube 2840.235 (depth 1, 32 lits): UNSAT in 3.13s
    cube 2840.236 (depth 1, 32 lits): UNSAT in 1.56s
    cube 2840.237 (depth 1, 32 lits): UNSAT in 4.85s
    cube 2840.238 (depth 1, 32 lits): UNSAT in 0.89s
    cube 2840.239 (depth 1, 32 lits): UNSAT in 79.55s
    cube 2840.240 (depth 1, 32 lits): UNSAT in 1.15s
    cube 2840.241 (depth 1, 32 lits): UNSAT in 2.24s
    cube 2840.242 (depth 1, 32 lits): UNSAT in 1.07s
    cube 2840.243 (depth 1, 32 lits): UNSAT in 17.90s
    cube 2840.244 (depth 1, 32 lits): UNSAT in 2.48s
    cube 2840.245 (depth 1, 32 lits): UNSAT in 14.78s
    cube 2840.246 (depth 1, 32 lits): UNSAT in 16.21s
    cube 2840.247 (depth 1, 32 lits): UNSAT in 282.78s
    cube 2844 (depth 0, 24 lits): UNSAT in 0.01s
    cube 2848 (depth 0, 24 lits): UNSAT in 0.01s
    cube 2852 (depth 0, 24 lits): UNSAT in 0.02s
    cube 2856 (depth 0, 24 lits): UNSAT in 0.02s
    cube 2860 (depth 0, 24 lits): UNSAT in 0.05s
    cube 2864 (depth 0, 24 lits): UNSAT in 0.02s
    cube 2868 (depth 0, 24 lits): UNSAT in 0.09s
    cube 2872 (depth 0, 24 lits): UNSAT in 0.01s
    cube 2876 (depth 0, 24 lits): UNSAT in 0.04s
    cube 2880 (depth 0, 23 lits): UNSAT in 0.01s
    cube 2884 (depth 0, 24 lits): UNSAT in 0.03s
    cube 2888 (depth 0, 24 lits): UNSAT in 0.22s
    cube 2892 (depth 0, 23 lits): UNSAT in 0.02s
    cube 2896 (depth 0, 24 lits): UNSAT in 0.02s
    cube 2900 (depth 0, 24 lits): UNSAT in 0.03s
    cube 2904 (depth 0, 24 lits): UNSAT in 0.08s
    cube 2908 (depth 0, 24 lits): UNSAT in 0.03s
    cube 2912 (depth 0, 24 lits): UNSAT in 0.01s
    cube 2916 (depth 0, 24 lits): UNSAT in 0.03s
    cube 2920 (depth 0, 23 lits): UNSAT in 0.02s
    cube 2924 (depth 0, 24 lits): UNSAT in 0.02s
    cube 2928 (depth 0, 24 lits): UNSAT in 0.04s
    cube 2932 (depth 0, 24 lits): UNSAT in 0.07s
    cube 2936 (depth 0, 24 lits): UNSAT in 0.03s
    cube 2940 (depth 0, 24 lits): UNSAT in 0.19s
    cube 2944 (depth 0, 24 lits): UNSAT in 0.28s
    cube 2948 (depth 0, 24 lits): UNSAT in 1.29s
    cube 2952 (depth 0, 24 lits): UNSAT in 0.01s
    cube 2956 (depth 0, 24 lits): UNSAT in 0.02s
    cube 2960 (depth 0, 24 lits): UNSAT in 0.01s
    cube 2964 (depth 0, 24 lits): UNSAT in 0.02s
    cube 2968 (depth 0, 24 lits): UNSAT in 0.04s
    cube 2972 (depth 0, 24 lits): UNSAT in 0.03s
    cube 2976 (depth 0, 24 lits): UNSAT in 0.02s
    cube 2980 (depth 0, 24 lits): UNSAT in 0.01s
    cube 2984 (depth 0, 24 lits): UNSAT in 0.03s
    cube 2988 (depth 0, 24 lits): UNSAT in 0.05s
    cube 2992 (depth 0, 24 lits): UNSAT in 0.09s
    cube 2996 (depth 0, 24 lits): UNSAT in 0.05s
    cube 3000 (depth 0, 24 lits): UNSAT in 0.06s
    cube 3004 (depth 0, 24 lits): UNSAT in 0.17s
    cube 3008 (depth 0, 24 lits): UNSAT in 1.11s
    cube 3012 (depth 0, 24 lits): UNSAT in 0.03s
    cube 3016 (depth 0, 24 lits): UNSAT in 0.06s
    cube 3020 (depth 0, 24 lits): UNSAT in 0.11s
    cube 3024 (depth 0, 24 lits): UNSAT in 0.13s
    cube 3028 (depth 0, 24 lits): UNSAT in 0.01s
    cube 3032 (depth 0, 24 lits): UNSAT in 0.03s
    cube 3036 (depth 0, 24 lits): UNSAT in 0.10s
    cube 3040 (depth 0, 24 lits): UNSAT in 0.39s
    cube 3044 (depth 0, 24 lits): UNSAT in 0.09s
    cube 3048 (depth 0, 24 lits): UNSAT in 0.15s
    cube 3052 (depth 0, 24 lits): UNSAT in 0.08s
    cube 3056 (depth 0, 24 lits): UNSAT in 6.28s
    cube 3060 (depth 0, 24 lits): UNSAT in 0.13s
    cube 3064 (depth 0, 24 lits): UNSAT in 0.22s
    cube 3068 (depth 0, 24 lits): UNSAT in 2.38s
    cube 3072 (depth 0, 24 lits): UNSAT in 12.65s
    cube 3076 (depth 0, 24 lits): UNSAT in 0.01s
    cube 3080 (depth 0, 24 lits): UNSAT in 0.03s
    cube 3084 (depth 0, 24 lits): UNSAT in 0.02s
    cube 3088 (depth 0, 24 lits): UNSAT in 0.07s
    cube 3092 (depth 0, 24 lits): UNSAT in 0.03s
    cube 3096 (depth 0, 24 lits): UNSAT in 0.02s
    cube 3100 (depth 0, 24 lits): UNSAT in 0.09s
    cube 3104 (depth 0, 24 lits): UNSAT in 0.25s
    cube 3108 (depth 0, 24 lits): UNSAT in 0.02s
    cube 3112 (depth 0, 24 lits): UNSAT in 0.13s
    cube 3116 (depth 0, 24 lits): UNSAT in 0.22s
    cube 3120 (depth 0, 24 lits): UNSAT in 0.71s
    cube 3124 (depth 0, 24 lits): UNSAT in 0.04s
    cube 3128 (depth 0, 24 lits): UNSAT in 0.28s
    cube 3132 (depth 0, 24 lits): UNSAT in 0.76s
    cube 3136 (depth 0, 24 lits): UNSAT in 0.64s
    cube 3140 (depth 0, 24 lits): UNSAT in 0.04s
    cube 3144 (depth 0, 24 lits): UNSAT in 0.06s
    cube 3148 (depth 0, 24 lits): UNSAT in 0.07s
    cube 3152 (depth 0, 24 lits): UNSAT in 0.34s
    cube 3156 (depth 0, 24 lits): UNSAT in 0.03s
    cube 3160 (depth 0, 24 lits): UNSAT in 0.05s
    cube 3164 (depth 0, 24 lits): UNSAT in 0.78s
    cube 3168 (depth 0, 24 lits): UNSAT in 0.35s
    cube 3172 (depth 0, 24 lits): UNSAT in 0.04s
    cube 3176 (depth 0, 24 lits): UNSAT in 0.14s
    cube 3180 (depth 0, 24 lits): UNSAT in 1.13s
    cube 3184 (depth 0, 24 lits): UNSAT in 1.04s
    cube 3188 (depth 0, 24 lits): UNSAT in 0.16s
    cube 3192 (depth 0, 24 lits): UNSAT in 1.73s
    cube 3196 (depth 0, 24 lits): UNSAT in 6.70s
    cube 3200 (depth 0, 24 lits): UNSAT in 43.44s
    cube 3204 (depth 0, 24 lits): UNSAT in 0.29s
    cube 3208 (depth 0, 24 lits): UNSAT in 0.29s
    cube 3212 (depth 0, 24 lits): UNSAT in 0.08s
    cube 3216 (depth 0, 24 lits): UNSAT in 2.00s
    cube 3220 (depth 0, 24 lits): UNSAT in 0.19s
    cube 3224 (depth 0, 24 lits): UNSAT in 0.41s
    cube 3228 (depth 0, 24 lits): UNSAT in 2.31s
    cube 3232 (depth 0, 24 lits): UNSAT in 12.49s
    cube 3236 (depth 0, 24 lits): UNSAT in 0.83s
    cube 3240 (depth 0, 24 lits): UNSAT in 0.69s
    cube 3244 (depth 0, 24 lits): UNSAT in 0.30s
    cube 3248 (depth 0, 24 lits): UNSAT in 14.25s
    cube 3252 (depth 0, 24 lits): UNSAT in 1.22s
    cube 3256 (depth 0, 24 lits): UNSAT in 20.17s
    cube 3260 (depth 0, 24 lits): UNSAT in 4.60s
    cube 3264 (depth 0, 24 lits): UNSAT in 556.81s
    cube 3268 (depth 0, 24 lits): UNSAT in 0.08s
    cube 3272 (depth 0, 24 lits): UNSAT in 0.65s
    cube 3276 (depth 0, 24 lits): UNSAT in 0.18s
    cube 3280 (depth 0, 24 lits): UNSAT in 3.15s
    cube 3284 (depth 0, 24 lits): UNSAT in 0.04s
    cube 3288 (depth 0, 24 lits): UNSAT in 0.11s
    cube 3292 (depth 0, 24 lits): UNSAT in 1.26s
    cube 3296 (depth 0, 24 lits): UNSAT in 11.77s
    cube 3300 (depth 0, 24 lits): UNSAT in 0.32s
    cube 3304 (depth 0, 24 lits): UNSAT in 1.13s
    cube 3308 (depth 0, 24 lits): UNSAT in 0.72s
    cube 3312 (depth 0, 24 lits): UNSAT in 24.27s
    cube 3316 (depth 0, 24 lits): UNSAT in 0.11s
    cube 3320 (depth 0, 24 lits): UNSAT in 9.47s
    cube 3324 (depth 0, 24 lits): UNSAT in 24.66s
    cube 3328 (depth 0, 24 lits): TIMEOUT in 600.08s
    cube 3328 TIMEOUT -> re-split into 248 sub-cubes (depth 1)
    cube 3328.0 (depth 1, 30 lits): UNSAT in 0.01s
    cube 3328.1 (depth 1, 32 lits): UNSAT in 0.02s
    cube 3328.2 (depth 1, 32 lits): UNSAT in 0.01s
    cube 3328.3 (depth 1, 31 lits): UNSAT in 0.01s
    cube 3328.4 (depth 1, 31 lits): UNSAT in 0.01s
    cube 3328.5 (depth 1, 32 lits): UNSAT in 0.01s
    cube 3328.6 (depth 1, 32 lits): UNSAT in 0.02s
    cube 3328.7 (depth 1, 31 lits): UNSAT in 0.01s
    cube 3328.8 (depth 1, 32 lits): UNSAT in 0.02s
    cube 3328.9 (depth 1, 32 lits): UNSAT in 0.03s
    cube 3328.10 (depth 1, 31 lits): UNSAT in 0.02s
    cube 3328.11 (depth 1, 32 lits): UNSAT in 0.01s
    cube 3328.12 (depth 1, 32 lits): UNSAT in 0.02s
    cube 3328.13 (depth 1, 32 lits): UNSAT in 0.01s
    cube 3328.14 (depth 1, 32 lits): UNSAT in 0.01s
    cube 3328.15 (depth 1, 32 lits): UNSAT in 0.02s
    cube 3328.16 (depth 1, 32 lits): UNSAT in 0.04s
    cube 3328.17 (depth 1, 32 lits): UNSAT in 0.01s
    cube 3328.18 (depth 1, 32 lits): UNSAT in 0.03s
    cube 3328.19 (depth 1, 32 lits): UNSAT in 0.03s
    cube 3328.20 (depth 1, 32 lits): UNSAT in 0.10s
    cube 3328.21 (depth 1, 32 lits): UNSAT in 0.03s
    cube 3328.22 (depth 1, 32 lits): UNSAT in 0.06s
    cube 3328.23 (depth 1, 32 lits): UNSAT in 0.10s
    cube 3328.24 (depth 1, 32 lits): UNSAT in 0.10s
    cube 3328.25 (depth 1, 32 lits): UNSAT in 0.01s
    cube 3328.26 (depth 1, 32 lits): UNSAT in 0.02s
    cube 3328.27 (depth 1, 32 lits): UNSAT in 0.02s
    cube 3328.28 (depth 1, 32 lits): UNSAT in 0.02s
    cube 3328.29 (depth 1, 32 lits): UNSAT in 0.01s
    cube 3328.30 (depth 1, 32 lits): UNSAT in 0.02s
    cube 3328.31 (depth 1, 32 lits): UNSAT in 0.03s
    cube 3328.32 (depth 1, 32 lits): UNSAT in 0.03s
    cube 3328.33 (depth 1, 32 lits): UNSAT in 0.03s
    cube 3328.34 (depth 1, 32 lits): UNSAT in 0.02s
    cube 3328.35 (depth 1, 32 lits): UNSAT in 0.02s
    cube 3328.36 (depth 1, 32 lits): UNSAT in 0.05s
    cube 3328.37 (depth 1, 32 lits): UNSAT in 0.03s
    cube 3328.38 (depth 1, 32 lits): UNSAT in 0.06s
    cube 3328.39 (depth 1, 32 lits): UNSAT in 0.05s
    cube 3328.40 (depth 1, 32 lits): UNSAT in 0.04s
    cube 3328.41 (depth 1, 32 lits): UNSAT in 0.01s
    cube 3328.42 (depth 1, 32 lits): UNSAT in 0.02s
    cube 3328.43 (depth 1, 32 lits): UNSAT in 0.06s
    cube 3328.44 (depth 1, 32 lits): UNSAT in 0.04s
    cube 3328.45 (depth 1, 32 lits): UNSAT in 0.04s
    cube 3328.46 (depth 1, 32 lits): UNSAT in 0.10s
    cube 3328.47 (depth 1, 32 lits): UNSAT in 0.04s
    cube 3328.48 (depth 1, 32 lits): UNSAT in 0.15s
    cube 3328.49 (depth 1, 32 lits): UNSAT in 0.02s
    cube 3328.50 (depth 1, 32 lits): UNSAT in 0.08s
    cube 3328.51 (depth 1, 32 lits): UNSAT in 0.12s
    cube 3328.52 (depth 1, 32 lits): UNSAT in 0.17s
    cube 3328.53 (depth 1, 32 lits): UNSAT in 0.07s
    cube 3328.54 (depth 1, 32 lits): UNSAT in 0.20s
    cube 3328.55 (depth 1, 32 lits): UNSAT in 0.63s
    cube 3328.56 (depth 1, 32 lits): UNSAT in 1.30s
    cube 3328.57 (depth 1, 32 lits): UNSAT in 0.02s
    cube 3328.58 (depth 1, 32 lits): UNSAT in 0.03s
    cube 3328.59 (depth 1, 32 lits): UNSAT in 0.03s
    cube 3328.60 (depth 1, 32 lits): UNSAT in 0.02s
    cube 3328.61 (depth 1, 32 lits): UNSAT in 0.01s
    cube 3328.62 (depth 1, 32 lits): UNSAT in 0.01s
    cube 3328.63 (depth 1, 32 lits): UNSAT in 0.02s
    cube 3328.64 (depth 1, 32 lits): UNSAT in 0.08s
    cube 3328.65 (depth 1, 32 lits): UNSAT in 0.02s
    cube 3328.66 (depth 1, 32 lits): UNSAT in 0.01s
    cube 3328.67 (depth 1, 32 lits): UNSAT in 0.03s
    cube 3328.68 (depth 1, 32 lits): UNSAT in 0.03s
    cube 3328.69 (depth 1, 32 lits): UNSAT in 0.05s
    cube 3328.70 (depth 1, 32 lits): UNSAT in 0.12s
    cube 3328.71 (depth 1, 32 lits): UNSAT in 0.13s
    cube 3328.72 (depth 1, 32 lits): UNSAT in 0.25s
    cube 3328.73 (depth 1, 32 lits): UNSAT in 0.01s
    cube 3328.74 (depth 1, 32 lits): UNSAT in 0.02s
    cube 3328.75 (depth 1, 32 lits): UNSAT in 0.04s
    cube 3328.76 (depth 1, 32 lits): UNSAT in 0.06s
    cube 3328.77 (depth 1, 32 lits): UNSAT in 0.02s
    cube 3328.78 (depth 1, 32 lits): UNSAT in 0.05s
    cube 3328.79 (depth 1, 32 lits): UNSAT in 0.05s
    cube 3328.80 (depth 1, 32 lits): UNSAT in 0.20s
    cube 3328.81 (depth 1, 32 lits): UNSAT in 0.02s
    cube 3328.82 (depth 1, 32 lits): UNSAT in 0.13s
    cube 3328.83 (depth 1, 32 lits): UNSAT in 0.10s
    cube 3328.84 (depth 1, 32 lits): UNSAT in 0.25s
    cube 3328.85 (depth 1, 32 lits): UNSAT in 0.16s
    cube 3328.86 (depth 1, 32 lits): UNSAT in 0.42s
    cube 3328.87 (depth 1, 32 lits): UNSAT in 0.83s
    cube 3328.88 (depth 1, 32 lits): UNSAT in 0.95s
    cube 3328.89 (depth 1, 32 lits): UNSAT in 0.01s
    cube 3328.90 (depth 1, 32 lits): UNSAT in 0.02s
    cube 3328.91 (depth 1, 32 lits): UNSAT in 0.02s
    cube 3328.92 (depth 1, 32 lits): UNSAT in 0.04s
    cube 3328.93 (depth 1, 32 lits): UNSAT in 0.05s
    cube 3328.94 (depth 1, 32 lits): UNSAT in 0.03s
    cube 3328.95 (depth 1, 32 lits): UNSAT in 0.05s
    cube 3328.96 (depth 1, 32 lits): UNSAT in 0.17s
    cube 3328.97 (depth 1, 32 lits): UNSAT in 0.07s
    cube 3328.98 (depth 1, 32 lits): UNSAT in 0.11s
    cube 3328.99 (depth 1, 32 lits): UNSAT in 0.02s
    cube 3328.100 (depth 1, 32 lits): UNSAT in 0.13s
    cube 3328.101 (depth 1, 32 lits): UNSAT in 0.03s
    cube 3328.102 (depth 1, 32 lits): UNSAT in 0.07s
    cube 3328.103 (depth 1, 32 lits): UNSAT in 0.04s
    cube 3328.104 (depth 1, 32 lits): UNSAT in 0.26s
    cube 3328.105 (depth 1, 32 lits): UNSAT in 0.02s
    cube 3328.106 (depth 1, 32 lits): UNSAT in 0.03s
    cube 3328.107 (depth 1, 32 lits): UNSAT in 0.03s
    cube 3328.108 (depth 1, 32 lits): UNSAT in 0.05s
    cube 3328.109 (depth 1, 32 lits): UNSAT in 0.02s
    cube 3328.110 (depth 1, 32 lits): UNSAT in 0.04s
    cube 3328.111 (depth 1, 32 lits): UNSAT in 0.06s
    cube 3328.112 (depth 1, 32 lits): UNSAT in 0.48s
    cube 3328.113 (depth 1, 32 lits): UNSAT in 0.12s
    cube 3328.114 (depth 1, 32 lits): UNSAT in 0.37s
    cube 3328.115 (depth 1, 32 lits): UNSAT in 1.01s
    cube 3328.116 (depth 1, 32 lits): UNSAT in 0.94s
    cube 3328.117 (depth 1, 32 lits): UNSAT in 0.23s
    cube 3328.118 (depth 1, 32 lits): UNSAT in 0.83s
    cube 3328.119 (depth 1, 32 lits): UNSAT in 1.05s
    cube 3328.120 (depth 1, 32 lits): UNSAT in 2.01s
    cube 3328.121 (depth 1, 32 lits): UNSAT in 0.01s
    cube 3328.122 (depth 1, 32 lits): UNSAT in 0.01s
    cube 3328.123 (depth 1, 32 lits): UNSAT in 0.01s
    cube 3328.124 (depth 1, 32 lits): UNSAT in 0.02s
    cube 3328.125 (depth 1, 32 lits): UNSAT in 0.02s
    cube 3328.126 (depth 1, 32 lits): UNSAT in 0.03s
    cube 3328.127 (depth 1, 32 lits): UNSAT in 0.04s
    cube 3328.128 (depth 1, 32 lits): UNSAT in 0.02s
    cube 3328.129 (depth 1, 32 lits): UNSAT in 0.01s
    cube 3328.130 (depth 1, 32 lits): UNSAT in 0.02s
    cube 3328.131 (depth 1, 32 lits): UNSAT in 0.02s
    cube 3328.132 (depth 1, 32 lits): UNSAT in 0.06s
    cube 3328.133 (depth 1, 32 lits): UNSAT in 0.02s
    cube 3328.134 (depth 1, 32 lits): UNSAT in 0.03s
    cube 3328.135 (depth 1, 32 lits): UNSAT in 0.06s
    cube 3328.136 (depth 1, 32 lits): UNSAT in 0.10s
    cube 3328.137 (depth 1, 32 lits): UNSAT in 0.03s
    cube 3328.138 (depth 1, 32 lits): UNSAT in 0.03s
    cube 3328.139 (depth 1, 32 lits): UNSAT in 0.05s
    cube 3328.140 (depth 1, 32 lits): UNSAT in 0.11s
    cube 3328.141 (depth 1, 32 lits): UNSAT in 0.05s
    cube 3328.142 (depth 1, 32 lits): UNSAT in 0.10s
    cube 3328.143 (depth 1, 32 lits): UNSAT in 0.12s
    cube 3328.144 (depth 1, 32 lits): UNSAT in 0.16s
    cube 3328.145 (depth 1, 32 lits): UNSAT in 0.04s
    cube 3328.146 (depth 1, 32 lits): UNSAT in 0.10s
    cube 3328.147 (depth 1, 32 lits): UNSAT in 0.08s
    cube 3328.148 (depth 1, 32 lits): UNSAT in 0.23s
    cube 3328.149 (depth 1, 32 lits): UNSAT in 0.21s
    cube 3328.150 (depth 1, 32 lits): UNSAT in 0.61s
    cube 3328.151 (depth 1, 32 lits): UNSAT in 0.13s
    cube 3328.152 (depth 1, 32 lits): UNSAT in 0.83s
    cube 3328.153 (depth 1, 31 lits): UNSAT in 0.02s
    cube 3328.154 (depth 1, 32 lits): UNSAT in 0.02s
    cube 3328.155 (depth 1, 32 lits): UNSAT in 0.02s
    cube 3328.156 (depth 1, 32 lits): UNSAT in 0.01s
    cube 3328.157 (depth 1, 32 lits): UNSAT in 0.02s
    cube 3328.158 (depth 1, 32 lits): UNSAT in 0.02s
    cube 3328.159 (depth 1, 32 lits): UNSAT in 0.02s
    cube 3328.160 (depth 1, 32 lits): UNSAT in 0.03s
    cube 3328.161 (depth 1, 32 lits): UNSAT in 0.03s
    cube 3328.162 (depth 1, 32 lits): UNSAT in 0.01s
    cube 3328.163 (depth 1, 32 lits): UNSAT in 0.02s
    cube 3328.164 (depth 1, 32 lits): UNSAT in 0.06s
    cube 3328.165 (depth 1, 32 lits): UNSAT in 0.02s
    cube 3328.166 (depth 1, 32 lits): UNSAT in 0.02s
    cube 3328.167 (depth 1, 32 lits): UNSAT in 0.04s
    cube 3328.168 (depth 1, 32 lits): UNSAT in 0.02s
    cube 3328.169 (depth 1, 32 lits): UNSAT in 0.03s
    cube 3328.170 (depth 1, 32 lits): UNSAT in 0.02s
    cube 3328.171 (depth 1, 32 lits): UNSAT in 0.05s
    cube 3328.172 (depth 1, 32 lits): UNSAT in 0.02s
    cube 3328.173 (depth 1, 32 lits): UNSAT in 0.09s
    cube 3328.174 (depth 1, 32 lits): UNSAT in 0.05s
    cube 3328.175 (depth 1, 32 lits): UNSAT in 0.25s
    cube 3328.176 (depth 1, 32 lits): UNSAT in 0.04s
    cube 3328.177 (depth 1, 32 lits): UNSAT in 0.23s
    cube 3328.178 (depth 1, 32 lits): UNSAT in 0.15s
    cube 3328.179 (depth 1, 32 lits): UNSAT in 0.43s
    cube 3328.180 (depth 1, 32 lits): UNSAT in 0.06s
    cube 3328.181 (depth 1, 32 lits): UNSAT in 0.15s
    cube 3328.182 (depth 1, 32 lits): UNSAT in 0.37s
    cube 3328.183 (depth 1, 32 lits): UNSAT in 0.61s
    cube 3328.184 (depth 1, 32 lits): UNSAT in 0.03s
    cube 3328.185 (depth 1, 32 lits): UNSAT in 0.02s
    cube 3328.186 (depth 1, 32 lits): UNSAT in 0.03s
    cube 3328.187 (depth 1, 32 lits): UNSAT in 0.08s
    cube 3328.188 (depth 1, 32 lits): UNSAT in 0.03s
    cube 3328.189 (depth 1, 32 lits): UNSAT in 0.03s
    cube 3328.190 (depth 1, 32 lits): UNSAT in 0.14s
    cube 3328.191 (depth 1, 32 lits): UNSAT in 0.41s
    cube 3328.192 (depth 1, 32 lits): UNSAT in 0.02s
    cube 3328.193 (depth 1, 32 lits): UNSAT in 0.09s
    cube 3328.194 (depth 1, 32 lits): UNSAT in 0.19s
    cube 3328.195 (depth 1, 32 lits): UNSAT in 0.13s
    cube 3328.196 (depth 1, 32 lits): UNSAT in 0.08s
    cube 3328.197 (depth 1, 32 lits): UNSAT in 0.26s
    cube 3328.198 (depth 1, 32 lits): UNSAT in 0.12s
    cube 3328.199 (depth 1, 32 lits): UNSAT in 0.50s
    cube 3328.200 (depth 1, 32 lits): UNSAT in 0.03s
    cube 3328.201 (depth 1, 32 lits): UNSAT in 0.05s
    cube 3328.202 (depth 1, 32 lits): UNSAT in 0.05s
    cube 3328.203 (depth 1, 32 lits): UNSAT in 0.28s
    cube 3328.204 (depth 1, 32 lits): UNSAT in 0.05s
    cube 3328.205 (depth 1, 32 lits): UNSAT in 0.15s
    cube 3328.206 (depth 1, 32 lits): UNSAT in 0.24s
    cube 3328.207 (depth 1, 32 lits): UNSAT in 1.62s
    cube 3328.208 (depth 1, 32 lits): UNSAT in 0.04s
    cube 3328.209 (depth 1, 32 lits): UNSAT in 0.11s
    cube 3328.210 (depth 1, 32 lits): UNSAT in 0.04s
    cube 3328.211 (depth 1, 32 lits): UNSAT in 0.10s
    cube 3328.212 (depth 1, 32 lits): UNSAT in 0.11s
    cube 3328.213 (depth 1, 32 lits): UNSAT in 0.31s
    cube 3328.214 (depth 1, 32 lits): UNSAT in 0.33s
    cube 3328.215 (depth 1, 32 lits): UNSAT in 1.42s
    cube 3328.216 (depth 1, 32 lits): UNSAT in 0.02s
    cube 3328.217 (depth 1, 32 lits): UNSAT in 0.04s
    cube 3328.218 (depth 1, 32 lits): UNSAT in 0.04s
    cube 3328.219 (depth 1, 32 lits): UNSAT in 0.07s
    cube 3328.220 (depth 1, 32 lits): UNSAT in 0.24s
    cube 3328.221 (depth 1, 32 lits): UNSAT in 0.75s
    cube 3328.222 (depth 1, 32 lits): UNSAT in 0.33s
    cube 3328.223 (depth 1, 32 lits): UNSAT in 5.46s
    cube 3328.224 (depth 1, 32 lits): UNSAT in 0.11s
    cube 3328.225 (depth 1, 32 lits): UNSAT in 0.43s
    cube 3328.226 (depth 1, 32 lits): UNSAT in 0.43s
    cube 3328.227 (depth 1, 32 lits): UNSAT in 0.24s
    cube 3328.228 (depth 1, 32 lits): UNSAT in 0.66s
    cube 3328.229 (depth 1, 32 lits): UNSAT in 3.76s
    cube 3328.230 (depth 1, 32 lits): UNSAT in 0.84s
    cube 3328.231 (depth 1, 32 lits): UNSAT in 5.50s
    cube 3328.232 (depth 1, 32 lits): UNSAT in 0.11s
    cube 3328.233 (depth 1, 32 lits): UNSAT in 0.53s
    cube 3328.234 (depth 1, 32 lits): UNSAT in 0.87s
    cube 3328.235 (depth 1, 32 lits): UNSAT in 2.97s
    cube 3328.236 (depth 1, 32 lits): UNSAT in 0.45s
    cube 3328.237 (depth 1, 32 lits): UNSAT in 0.22s
    cube 3328.238 (depth 1, 32 lits): UNSAT in 1.64s
    cube 3328.239 (depth 1, 32 lits): UNSAT in 4.44s
    cube 3328.240 (depth 1, 32 lits): UNSAT in 0.13s
    cube 3328.241 (depth 1, 32 lits): UNSAT in 1.50s
    cube 3328.242 (depth 1, 32 lits): UNSAT in 9.56s
    cube 3328.243 (depth 1, 32 lits): UNSAT in 27.71s
    cube 3328.244 (depth 1, 32 lits): UNSAT in 3.55s
    cube 3328.245 (depth 1, 32 lits): UNSAT in 8.75s
    cube 3328.246 (depth 1, 32 lits): UNSAT in 31.20s
    cube 3328.247 (depth 1, 32 lits): UNSAT in 26.98s
    cube 3332 (depth 0, 23 lits): UNSAT in 0.02s
    cube 3336 (depth 0, 24 lits): UNSAT in 0.02s
    cube 3340 (depth 0, 24 lits): UNSAT in 0.07s
    cube 3344 (depth 0, 24 lits): UNSAT in 0.01s
    cube 3348 (depth 0, 24 lits): UNSAT in 0.09s
    cube 3352 (depth 0, 24 lits): UNSAT in 0.08s
    cube 3356 (depth 0, 24 lits): UNSAT in 0.15s
    cube 3360 (depth 0, 24 lits): UNSAT in 0.03s
    cube 3364 (depth 0, 24 lits): UNSAT in 0.03s
    cube 3368 (depth 0, 24 lits): UNSAT in 0.22s
    cube 3372 (depth 0, 24 lits): UNSAT in 0.42s
    cube 3376 (depth 0, 24 lits): UNSAT in 0.19s
    cube 3380 (depth 0, 24 lits): UNSAT in 0.31s
    cube 3384 (depth 0, 24 lits): UNSAT in 0.29s
    cube 3388 (depth 0, 24 lits): UNSAT in 1.25s
    cube 3392 (depth 0, 24 lits): UNSAT in 0.03s
    cube 3396 (depth 0, 24 lits): UNSAT in 0.04s
    cube 3400 (depth 0, 24 lits): UNSAT in 0.10s
    cube 3404 (depth 0, 24 lits): UNSAT in 0.09s
    cube 3408 (depth 0, 24 lits): UNSAT in 0.03s
    cube 3412 (depth 0, 24 lits): UNSAT in 0.07s
    cube 3416 (depth 0, 24 lits): UNSAT in 0.13s
    cube 3420 (depth 0, 24 lits): UNSAT in 0.50s
    cube 3424 (depth 0, 24 lits): UNSAT in 0.03s
    cube 3428 (depth 0, 24 lits): UNSAT in 0.30s
    cube 3432 (depth 0, 24 lits): UNSAT in 0.11s
    cube 3436 (depth 0, 24 lits): UNSAT in 0.57s
    cube 3440 (depth 0, 24 lits): UNSAT in 0.48s
    cube 3444 (depth 0, 24 lits): UNSAT in 0.07s
    cube 3448 (depth 0, 24 lits): UNSAT in 4.48s
    cube 3452 (depth 0, 24 lits): UNSAT in 13.78s
    cube 3456 (depth 0, 24 lits): UNSAT in 0.07s
    cube 3460 (depth 0, 24 lits): UNSAT in 0.06s
    cube 3464 (depth 0, 24 lits): UNSAT in 0.04s
    cube 3468 (depth 0, 24 lits): UNSAT in 0.23s
    cube 3472 (depth 0, 24 lits): UNSAT in 0.04s
    cube 3476 (depth 0, 24 lits): UNSAT in 0.36s
    cube 3480 (depth 0, 24 lits): UNSAT in 0.22s
    cube 3484 (depth 0, 24 lits): UNSAT in 1.61s
    cube 3488 (depth 0, 24 lits): UNSAT in 0.04s
    cube 3492 (depth 0, 24 lits): UNSAT in 0.30s
    cube 3496 (depth 0, 24 lits): UNSAT in 0.96s
    cube 3500 (depth 0, 24 lits): UNSAT in 2.00s
    cube 3504 (depth 0, 24 lits): UNSAT in 0.77s
    cube 3508 (depth 0, 24 lits): UNSAT in 0.55s
    cube 3512 (depth 0, 24 lits): UNSAT in 0.19s
    cube 3516 (depth 0, 24 lits): UNSAT in 24.13s
    cube 3520 (depth 0, 24 lits): UNSAT in 0.05s
    cube 3524 (depth 0, 24 lits): UNSAT in 0.03s
    cube 3528 (depth 0, 24 lits): UNSAT in 0.26s
    cube 3532 (depth 0, 24 lits): UNSAT in 1.43s
    cube 3536 (depth 0, 24 lits): UNSAT in 0.10s
    cube 3540 (depth 0, 24 lits): UNSAT in 3.32s
    cube 3544 (depth 0, 24 lits): UNSAT in 0.76s
    cube 3548 (depth 0, 24 lits): UNSAT in 1.93s
    cube 3552 (depth 0, 24 lits): UNSAT in 1.37s
    cube 3556 (depth 0, 24 lits): UNSAT in 0.72s
    cube 3560 (depth 0, 24 lits): UNSAT in 2.05s
    cube 3564 (depth 0, 24 lits): UNSAT in 6.27s
    cube 3568 (depth 0, 24 lits): UNSAT in 0.39s
    cube 3572 (depth 0, 24 lits): UNSAT in 2.80s
    cube 3576 (depth 0, 24 lits): UNSAT in 38.81s
    cube 3580 (depth 0, 24 lits): TIMEOUT in 600.06s
    cube 3580 TIMEOUT -> re-split into 237 sub-cubes (depth 1)
    cube 3580.0 (depth 1, 30 lits): UNSAT in 0.02s
    cube 3580.1 (depth 1, 31 lits): UNSAT in 0.02s
    cube 3580.2 (depth 1, 31 lits): UNSAT in 0.02s
    cube 3580.3 (depth 1, 31 lits): UNSAT in 0.01s
    cube 3580.4 (depth 1, 32 lits): UNSAT in 0.02s
    cube 3580.5 (depth 1, 32 lits): UNSAT in 0.02s
    cube 3580.6 (depth 1, 31 lits): UNSAT in 0.01s
    cube 3580.7 (depth 1, 32 lits): UNSAT in 0.02s
    cube 3580.8 (depth 1, 32 lits): UNSAT in 0.02s
    cube 3580.9 (depth 1, 30 lits): UNSAT in 0.01s
    cube 3580.10 (depth 1, 32 lits): UNSAT in 0.01s
    cube 3580.11 (depth 1, 32 lits): UNSAT in 0.02s
    cube 3580.12 (depth 1, 31 lits): UNSAT in 0.02s
    cube 3580.13 (depth 1, 32 lits): UNSAT in 0.01s
    cube 3580.14 (depth 1, 32 lits): UNSAT in 0.02s
    cube 3580.15 (depth 1, 32 lits): UNSAT in 0.03s
    cube 3580.16 (depth 1, 32 lits): UNSAT in 0.02s
    cube 3580.17 (depth 1, 32 lits): UNSAT in 0.01s
    cube 3580.18 (depth 1, 32 lits): UNSAT in 0.04s
    cube 3580.19 (depth 1, 32 lits): UNSAT in 0.03s
    cube 3580.20 (depth 1, 32 lits): UNSAT in 0.07s
    cube 3580.21 (depth 1, 30 lits): UNSAT in 0.01s
    cube 3580.22 (depth 1, 32 lits): UNSAT in 0.02s
    cube 3580.23 (depth 1, 32 lits): UNSAT in 0.04s
    cube 3580.24 (depth 1, 32 lits): UNSAT in 0.02s
    cube 3580.25 (depth 1, 32 lits): UNSAT in 0.04s
    cube 3580.26 (depth 1, 32 lits): UNSAT in 0.01s
    cube 3580.27 (depth 1, 32 lits): UNSAT in 0.02s
    cube 3580.28 (depth 1, 32 lits): UNSAT in 0.02s
    cube 3580.29 (depth 1, 32 lits): UNSAT in 0.04s
    cube 3580.30 (depth 1, 32 lits): UNSAT in 0.01s
    cube 3580.31 (depth 1, 32 lits): UNSAT in 0.02s
    cube 3580.32 (depth 1, 32 lits): UNSAT in 0.03s
    cube 3580.33 (depth 1, 32 lits): UNSAT in 0.05s
    cube 3580.34 (depth 1, 32 lits): UNSAT in 0.01s
    cube 3580.35 (depth 1, 32 lits): UNSAT in 0.02s
    cube 3580.36 (depth 1, 32 lits): UNSAT in 0.04s
    cube 3580.37 (depth 1, 32 lits): UNSAT in 0.04s
    cube 3580.38 (depth 1, 32 lits): UNSAT in 0.04s
    cube 3580.39 (depth 1, 32 lits): UNSAT in 0.05s
    cube 3580.40 (depth 1, 32 lits): UNSAT in 0.04s
    cube 3580.41 (depth 1, 32 lits): UNSAT in 0.06s
    cube 3580.42 (depth 1, 32 lits): UNSAT in 0.02s
    cube 3580.43 (depth 1, 32 lits): UNSAT in 0.05s
    cube 3580.44 (depth 1, 32 lits): UNSAT in 0.02s
    cube 3580.45 (depth 1, 32 lits): UNSAT in 0.05s
    cube 3580.46 (depth 1, 32 lits): UNSAT in 0.09s
    cube 3580.47 (depth 1, 32 lits): UNSAT in 0.12s
    cube 3580.48 (depth 1, 32 lits): UNSAT in 0.04s
    cube 3580.49 (depth 1, 32 lits): UNSAT in 0.24s
    cube 3580.50 (depth 1, 30 lits): UNSAT in 0.01s
    cube 3580.51 (depth 1, 32 lits): UNSAT in 0.02s
    cube 3580.52 (depth 1, 32 lits): UNSAT in 0.02s
    cube 3580.53 (depth 1, 32 lits): UNSAT in 0.02s
    cube 3580.54 (depth 1, 32 lits): UNSAT in 0.07s
    cube 3580.55 (depth 1, 32 lits): UNSAT in 0.02s
    cube 3580.56 (depth 1, 32 lits): UNSAT in 0.01s
    cube 3580.57 (depth 1, 32 lits): UNSAT in 0.01s
    cube 3580.58 (depth 1, 32 lits): UNSAT in 0.05s
    cube 3580.59 (depth 1, 32 lits): UNSAT in 0.02s
    cube 3580.60 (depth 1, 32 lits): UNSAT in 0.03s
    cube 3580.61 (depth 1, 32 lits): UNSAT in 0.04s
    cube 3580.62 (depth 1, 32 lits): UNSAT in 0.08s
    cube 3580.63 (depth 1, 32 lits): UNSAT in 0.01s
    cube 3580.64 (depth 1, 32 lits): UNSAT in 0.04s
    cube 3580.65 (depth 1, 32 lits): UNSAT in 0.04s
    cube 3580.66 (depth 1, 32 lits): UNSAT in 0.10s
    cube 3580.67 (depth 1, 32 lits): UNSAT in 0.03s
    cube 3580.68 (depth 1, 32 lits): UNSAT in 0.14s
    cube 3580.69 (depth 1, 32 lits): UNSAT in 0.06s
    cube 3580.70 (depth 1, 32 lits): UNSAT in 0.21s
    cube 3580.71 (depth 1, 32 lits): UNSAT in 0.02s
    cube 3580.72 (depth 1, 32 lits): UNSAT in 0.07s
    cube 3580.73 (depth 1, 32 lits): UNSAT in 0.07s
    cube 3580.74 (depth 1, 32 lits): UNSAT in 0.19s
    cube 3580.75 (depth 1, 32 lits): UNSAT in 0.05s
    cube 3580.76 (depth 1, 32 lits): UNSAT in 0.09s
    cube 3580.77 (depth 1, 32 lits): UNSAT in 0.14s
    cube 3580.78 (depth 1, 32 lits): UNSAT in 0.77s
    cube 3580.79 (depth 1, 32 lits): UNSAT in 0.01s
    cube 3580.80 (depth 1, 32 lits): UNSAT in 0.03s
    cube 3580.81 (depth 1, 32 lits): UNSAT in 0.02s
    cube 3580.82 (depth 1, 32 lits): UNSAT in 0.05s
    cube 3580.83 (depth 1, 32 lits): UNSAT in 0.03s
    cube 3580.84 (depth 1, 32 lits): UNSAT in 0.04s
    cube 3580.85 (depth 1, 32 lits): UNSAT in 0.05s
    cube 3580.86 (depth 1, 32 lits): UNSAT in 0.07s
    cube 3580.87 (depth 1, 32 lits): UNSAT in 0.04s
    cube 3580.88 (depth 1, 32 lits): UNSAT in 0.06s
    cube 3580.89 (depth 1, 32 lits): UNSAT in 0.02s
    cube 3580.90 (depth 1, 32 lits): UNSAT in 0.09s
    cube 3580.91 (depth 1, 32 lits): UNSAT in 0.13s
    cube 3580.92 (depth 1, 32 lits): UNSAT in 0.36s
    cube 3580.93 (depth 1, 32 lits): UNSAT in 0.30s
    cube 3580.94 (depth 1, 32 lits): UNSAT in 0.67s
    cube 3580.95 (depth 1, 32 lits): UNSAT in 0.05s
    cube 3580.96 (depth 1, 32 lits): UNSAT in 0.04s
    cube 3580.97 (depth 1, 32 lits): UNSAT in 0.13s
    cube 3580.98 (depth 1, 32 lits): UNSAT in 0.52s
    cube 3580.99 (depth 1, 32 lits): UNSAT in 0.07s
    cube 3580.100 (depth 1, 32 lits): UNSAT in 0.14s
    cube 3580.101 (depth 1, 32 lits): UNSAT in 0.31s
    cube 3580.102 (depth 1, 32 lits): UNSAT in 1.10s
    cube 3580.103 (depth 1, 32 lits): UNSAT in 0.08s
    cube 3580.104 (depth 1, 32 lits): UNSAT in 1.11s
    cube 3580.105 (depth 1, 32 lits): UNSAT in 0.88s
    cube 3580.106 (depth 1, 32 lits): UNSAT in 2.17s
    cube 3580.107 (depth 1, 32 lits): UNSAT in 1.89s
    cube 3580.108 (depth 1, 32 lits): UNSAT in 9.06s
    cube 3580.109 (depth 1, 32 lits): UNSAT in 3.39s
    cube 3580.110 (depth 1, 32 lits): UNSAT in 10.94s
    cube 3580.111 (depth 1, 31 lits): UNSAT in 0.01s
    cube 3580.112 (depth 1, 32 lits): UNSAT in 0.02s
    cube 3580.113 (depth 1, 32 lits): UNSAT in 0.02s
    cube 3580.114 (depth 1, 32 lits): UNSAT in 0.02s
    cube 3580.115 (depth 1, 32 lits): UNSAT in 0.02s
    cube 3580.116 (depth 1, 32 lits): UNSAT in 0.03s
    cube 3580.117 (depth 1, 32 lits): UNSAT in 0.03s
    cube 3580.118 (depth 1, 32 lits): UNSAT in 0.02s
    cube 3580.119 (depth 1, 32 lits): UNSAT in 0.02s
    cube 3580.120 (depth 1, 32 lits): UNSAT in 0.02s
    cube 3580.121 (depth 1, 32 lits): UNSAT in 0.04s
    cube 3580.122 (depth 1, 32 lits): UNSAT in 0.04s
    cube 3580.123 (depth 1, 32 lits): UNSAT in 0.04s
    cube 3580.124 (depth 1, 32 lits): UNSAT in 0.07s
    cube 3580.125 (depth 1, 32 lits): UNSAT in 0.10s
    cube 3580.126 (depth 1, 32 lits): UNSAT in 0.01s
    cube 3580.127 (depth 1, 32 lits): UNSAT in 0.03s
    cube 3580.128 (depth 1, 32 lits): UNSAT in 0.02s
    cube 3580.129 (depth 1, 32 lits): UNSAT in 0.05s
    cube 3580.130 (depth 1, 32 lits): UNSAT in 0.02s
    cube 3580.131 (depth 1, 32 lits): UNSAT in 0.03s
    cube 3580.132 (depth 1, 32 lits): UNSAT in 0.05s
    cube 3580.133 (depth 1, 32 lits): UNSAT in 0.10s
    cube 3580.134 (depth 1, 32 lits): UNSAT in 0.05s
    cube 3580.135 (depth 1, 32 lits): UNSAT in 0.10s
    cube 3580.136 (depth 1, 32 lits): UNSAT in 0.10s
    cube 3580.137 (depth 1, 32 lits): UNSAT in 0.14s
    cube 3580.138 (depth 1, 32 lits): UNSAT in 0.06s
    cube 3580.139 (depth 1, 32 lits): UNSAT in 0.33s
    cube 3580.140 (depth 1, 32 lits): UNSAT in 0.19s
    cube 3580.141 (depth 1, 32 lits): UNSAT in 0.97s
    cube 3580.142 (depth 1, 31 lits): UNSAT in 0.02s
    cube 3580.143 (depth 1, 32 lits): UNSAT in 0.03s
    cube 3580.144 (depth 1, 32 lits): UNSAT in 0.02s
    cube 3580.145 (depth 1, 32 lits): UNSAT in 0.02s
    cube 3580.146 (depth 1, 32 lits): UNSAT in 0.02s
    cube 3580.147 (depth 1, 32 lits): UNSAT in 0.02s
    cube 3580.148 (depth 1, 32 lits): UNSAT in 0.04s
    cube 3580.149 (depth 1, 32 lits): UNSAT in 0.03s
    cube 3580.150 (depth 1, 32 lits): UNSAT in 0.08s
    cube 3580.151 (depth 1, 32 lits): UNSAT in 0.06s
    cube 3580.152 (depth 1, 32 lits): UNSAT in 0.10s
    cube 3580.153 (depth 1, 32 lits): UNSAT in 0.06s
    cube 3580.154 (depth 1, 32 lits): UNSAT in 0.12s
    cube 3580.155 (depth 1, 32 lits): UNSAT in 0.09s
    cube 3580.156 (depth 1, 32 lits): UNSAT in 0.33s
    cube 3580.157 (depth 1, 32 lits): UNSAT in 0.02s
    cube 3580.158 (depth 1, 32 lits): UNSAT in 0.06s
    cube 3580.159 (depth 1, 32 lits): UNSAT in 0.04s
    cube 3580.160 (depth 1, 32 lits): UNSAT in 0.07s
    cube 3580.161 (depth 1, 32 lits): UNSAT in 0.05s
    cube 3580.162 (depth 1, 32 lits): UNSAT in 0.19s
    cube 3580.163 (depth 1, 32 lits): UNSAT in 0.11s
    cube 3580.164 (depth 1, 32 lits): UNSAT in 0.29s
    cube 3580.165 (depth 1, 32 lits): UNSAT in 0.09s
    cube 3580.166 (depth 1, 32 lits): UNSAT in 0.36s
    cube 3580.167 (depth 1, 32 lits): UNSAT in 0.25s
    cube 3580.168 (depth 1, 32 lits): UNSAT in 0.91s
    cube 3580.169 (depth 1, 32 lits): UNSAT in 0.14s
    cube 3580.170 (depth 1, 32 lits): UNSAT in 0.85s
    cube 3580.171 (depth 1, 32 lits): UNSAT in 1.99s
    cube 3580.172 (depth 1, 32 lits): UNSAT in 2.98s
    cube 3580.173 (depth 1, 32 lits): UNSAT in 0.01s
    cube 3580.174 (depth 1, 32 lits): UNSAT in 0.02s
    cube 3580.175 (depth 1, 32 lits): UNSAT in 0.02s
    cube 3580.176 (depth 1, 32 lits): UNSAT in 0.02s
    cube 3580.177 (depth 1, 32 lits): UNSAT in 0.02s
    cube 3580.178 (depth 1, 32 lits): UNSAT in 0.01s
    cube 3580.179 (depth 1, 32 lits): UNSAT in 0.02s
    cube 3580.180 (depth 1, 32 lits): UNSAT in 0.05s
    cube 3580.181 (depth 1, 32 lits): UNSAT in 0.01s
    cube 3580.182 (depth 1, 32 lits): UNSAT in 0.06s
    cube 3580.183 (depth 1, 32 lits): UNSAT in 0.08s
    cube 3580.184 (depth 1, 32 lits): UNSAT in 0.14s
    cube 3580.185 (depth 1, 32 lits): UNSAT in 0.07s
    cube 3580.186 (depth 1, 32 lits): UNSAT in 0.27s
    cube 3580.187 (depth 1, 32 lits): UNSAT in 0.28s
    cube 3580.188 (depth 1, 32 lits): UNSAT in 0.70s
    cube 3580.189 (depth 1, 32 lits): UNSAT in 0.02s
    cube 3580.190 (depth 1, 32 lits): UNSAT in 0.20s
    cube 3580.191 (depth 1, 32 lits): UNSAT in 0.19s
    cube 3580.192 (depth 1, 32 lits): UNSAT in 0.40s
    cube 3580.193 (depth 1, 32 lits): UNSAT in 0.07s
    cube 3580.194 (depth 1, 32 lits): UNSAT in 0.28s
    cube 3580.195 (depth 1, 32 lits): UNSAT in 0.18s
    cube 3580.196 (depth 1, 32 lits): UNSAT in 0.65s
    cube 3580.197 (depth 1, 32 lits): UNSAT in 0.07s
    cube 3580.198 (depth 1, 32 lits): UNSAT in 0.17s
    cube 3580.199 (depth 1, 32 lits): UNSAT in 0.03s
    cube 3580.200 (depth 1, 32 lits): UNSAT in 1.42s
    cube 3580.201 (depth 1, 32 lits): UNSAT in 0.19s
    cube 3580.202 (depth 1, 32 lits): UNSAT in 0.59s
    cube 3580.203 (depth 1, 32 lits): UNSAT in 0.95s
    cube 3580.204 (depth 1, 32 lits): UNSAT in 5.26s
    cube 3580.205 (depth 1, 32 lits): UNSAT in 0.03s
    cube 3580.206 (depth 1, 32 lits): UNSAT in 0.04s
    cube 3580.207 (depth 1, 32 lits): UNSAT in 0.17s
    cube 3580.208 (depth 1, 32 lits): UNSAT in 0.35s
    cube 3580.209 (depth 1, 32 lits): UNSAT in 0.03s
    cube 3580.210 (depth 1, 32 lits): UNSAT in 0.11s
    cube 3580.211 (depth 1, 32 lits): UNSAT in 0.19s
    cube 3580.212 (depth 1, 32 lits): UNSAT in 0.58s
    cube 3580.213 (depth 1, 32 lits): UNSAT in 0.11s
    cube 3580.214 (depth 1, 32 lits): UNSAT in 0.32s
    cube 3580.215 (depth 1, 32 lits): UNSAT in 0.12s
    cube 3580.216 (depth 1, 32 lits): UNSAT in 0.63s
    cube 3580.217 (depth 1, 32 lits): UNSAT in 0.39s
    cube 3580.218 (depth 1, 32 lits): UNSAT in 0.48s
    cube 3580.219 (depth 1, 32 lits): UNSAT in 0.95s
    cube 3580.220 (depth 1, 32 lits): UNSAT in 4.76s
    cube 3580.221 (depth 1, 32 lits): UNSAT in 0.14s
    cube 3580.222 (depth 1, 32 lits): UNSAT in 0.27s
    cube 3580.223 (depth 1, 32 lits): UNSAT in 0.07s
    cube 3580.224 (depth 1, 32 lits): UNSAT in 0.62s
    cube 3580.225 (depth 1, 32 lits): UNSAT in 0.05s
    cube 3580.226 (depth 1, 32 lits): UNSAT in 0.30s
    cube 3580.227 (depth 1, 32 lits): UNSAT in 0.24s
    cube 3580.228 (depth 1, 32 lits): UNSAT in 3.93s
    cube 3580.229 (depth 1, 32 lits): UNSAT in 0.20s
    cube 3580.230 (depth 1, 32 lits): UNSAT in 0.78s
    cube 3580.231 (depth 1, 32 lits): UNSAT in 1.23s
    cube 3580.232 (depth 1, 32 lits): UNSAT in 18.59s
    cube 3580.233 (depth 1, 32 lits): UNSAT in 2.45s
    cube 3580.234 (depth 1, 32 lits): UNSAT in 22.15s
    cube 3580.235 (depth 1, 32 lits): UNSAT in 21.00s
    cube 3580.236 (depth 1, 32 lits): UNSAT in 18.96s
    cube 3584 (depth 0, 24 lits): UNSAT in 0.03s
    cube 3588 (depth 0, 24 lits): UNSAT in 0.13s
    cube 3592 (depth 0, 24 lits): UNSAT in 0.50s
    cube 3596 (depth 0, 24 lits): UNSAT in 1.34s
    cube 3600 (depth 0, 24 lits): UNSAT in 0.23s
    cube 3604 (depth 0, 24 lits): UNSAT in 1.03s
    cube 3608 (depth 0, 24 lits): UNSAT in 0.21s
    cube 3612 (depth 0, 24 lits): UNSAT in 11.08s
    cube 3616 (depth 0, 24 lits): UNSAT in 0.04s
    cube 3620 (depth 0, 24 lits): UNSAT in 0.58s
    cube 3624 (depth 0, 24 lits): UNSAT in 0.80s
    cube 3628 (depth 0, 24 lits): UNSAT in 3.54s
    cube 3632 (depth 0, 24 lits): UNSAT in 0.39s
    cube 3636 (depth 0, 24 lits): UNSAT in 2.28s
    cube 3640 (depth 0, 24 lits): UNSAT in 1.40s
    cube 3644 (depth 0, 24 lits): UNSAT in 253.41s
    cube 3648 (depth 0, 24 lits): UNSAT in 0.14s
    cube 3652 (depth 0, 24 lits): UNSAT in 0.47s
    cube 3656 (depth 0, 24 lits): UNSAT in 0.79s
    cube 3660 (depth 0, 24 lits): UNSAT in 7.10s
    cube 3664 (depth 0, 24 lits): UNSAT in 1.06s
    cube 3668 (depth 0, 24 lits): UNSAT in 4.91s
    cube 3672 (depth 0, 24 lits): UNSAT in 4.20s
    cube 3676 (depth 0, 24 lits): UNSAT in 56.66s
    cube 3680 (depth 0, 24 lits): UNSAT in 5.18s
    cube 3684 (depth 0, 24 lits): UNSAT in 24.49s
    cube 3688 (depth 0, 24 lits): UNSAT in 7.78s
    cube 3692 (depth 0, 24 lits): UNSAT in 89.10s
    cube 3696 (depth 0, 24 lits): UNSAT in 1.59s
    cube 3700 (depth 0, 24 lits): UNSAT in 19.34s
    cube 3704 (depth 0, 24 lits): UNSAT in 66.03s
    cube 3708 (depth 0, 24 lits): TIMEOUT in 600.06s
    cube 3708 TIMEOUT -> re-split into 249 sub-cubes (depth 1)
    cube 3708.0 (depth 1, 31 lits): UNSAT in 0.02s
    cube 3708.1 (depth 1, 31 lits): UNSAT in 0.02s
    cube 3708.2 (depth 1, 31 lits): UNSAT in 0.01s
    cube 3708.3 (depth 1, 31 lits): UNSAT in 0.02s
    cube 3708.4 (depth 1, 31 lits): UNSAT in 0.02s
    cube 3708.5 (depth 1, 32 lits): UNSAT in 0.02s
    cube 3708.6 (depth 1, 32 lits): UNSAT in 0.02s
    cube 3708.7 (depth 1, 32 lits): UNSAT in 0.02s
    cube 3708.8 (depth 1, 32 lits): UNSAT in 0.01s
    cube 3708.9 (depth 1, 32 lits): UNSAT in 0.02s
    cube 3708.10 (depth 1, 32 lits): UNSAT in 0.04s
    cube 3708.11 (depth 1, 32 lits): UNSAT in 0.01s
    cube 3708.12 (depth 1, 32 lits): UNSAT in 0.02s
    cube 3708.13 (depth 1, 31 lits): UNSAT in 0.01s
    cube 3708.14 (depth 1, 32 lits): UNSAT in 0.01s
    cube 3708.15 (depth 1, 32 lits): UNSAT in 0.02s
    cube 3708.16 (depth 1, 32 lits): UNSAT in 0.01s
    cube 3708.17 (depth 1, 32 lits): UNSAT in 0.02s
    cube 3708.18 (depth 1, 32 lits): UNSAT in 0.02s
    cube 3708.19 (depth 1, 32 lits): UNSAT in 0.02s
    cube 3708.20 (depth 1, 32 lits): UNSAT in 0.02s
    cube 3708.21 (depth 1, 32 lits): UNSAT in 0.03s
    cube 3708.22 (depth 1, 32 lits): UNSAT in 0.02s
    cube 3708.23 (depth 1, 32 lits): UNSAT in 0.05s
    cube 3708.24 (depth 1, 32 lits): UNSAT in 0.07s
    cube 3708.25 (depth 1, 32 lits): UNSAT in 0.08s
    cube 3708.26 (depth 1, 32 lits): UNSAT in 0.01s
    cube 3708.27 (depth 1, 32 lits): UNSAT in 0.02s
    cube 3708.28 (depth 1, 32 lits): UNSAT in 0.02s
    cube 3708.29 (depth 1, 32 lits): UNSAT in 0.01s
    cube 3708.30 (depth 1, 32 lits): UNSAT in 0.01s
    cube 3708.31 (depth 1, 32 lits): UNSAT in 0.03s
    cube 3708.32 (depth 1, 32 lits): UNSAT in 0.03s
    cube 3708.33 (depth 1, 32 lits): UNSAT in 0.03s
    cube 3708.34 (depth 1, 32 lits): UNSAT in 0.01s
    cube 3708.35 (depth 1, 32 lits): UNSAT in 0.02s
    cube 3708.36 (depth 1, 32 lits): UNSAT in 0.02s
    cube 3708.37 (depth 1, 32 lits): UNSAT in 0.03s
    cube 3708.38 (depth 1, 32 lits): UNSAT in 0.02s
    cube 3708.39 (depth 1, 32 lits): UNSAT in 0.06s
    cube 3708.40 (depth 1, 32 lits): UNSAT in 0.03s
    cube 3708.41 (depth 1, 32 lits): UNSAT in 0.10s
    cube 3708.42 (depth 1, 32 lits): UNSAT in 0.03s
    cube 3708.43 (depth 1, 32 lits): UNSAT in 0.06s
    cube 3708.44 (depth 1, 32 lits): UNSAT in 0.05s
    cube 3708.45 (depth 1, 32 lits): UNSAT in 0.09s
    cube 3708.46 (depth 1, 32 lits): UNSAT in 0.06s
    cube 3708.47 (depth 1, 32 lits): UNSAT in 0.08s
    cube 3708.48 (depth 1, 32 lits): UNSAT in 0.13s
    cube 3708.49 (depth 1, 32 lits): UNSAT in 0.16s
    cube 3708.50 (depth 1, 32 lits): UNSAT in 0.09s
    cube 3708.51 (depth 1, 32 lits): UNSAT in 0.23s
    cube 3708.52 (depth 1, 32 lits): UNSAT in 0.35s
    cube 3708.53 (depth 1, 32 lits): UNSAT in 0.86s
    cube 3708.54 (depth 1, 32 lits): UNSAT in 0.10s
    cube 3708.55 (depth 1, 32 lits): UNSAT in 0.34s
    cube 3708.56 (depth 1, 32 lits): UNSAT in 0.50s
    cube 3708.57 (depth 1, 32 lits): UNSAT in 0.57s
    cube 3708.58 (depth 1, 31 lits): UNSAT in 0.01s
    cube 3708.59 (depth 1, 32 lits): UNSAT in 0.02s
    cube 3708.60 (depth 1, 32 lits): UNSAT in 0.03s
    cube 3708.61 (depth 1, 32 lits): UNSAT in 0.02s
    cube 3708.62 (depth 1, 32 lits): UNSAT in 0.02s
    cube 3708.63 (depth 1, 32 lits): UNSAT in 0.02s
    cube 3708.64 (depth 1, 32 lits): UNSAT in 0.10s
    cube 3708.65 (depth 1, 32 lits): UNSAT in 0.02s
    cube 3708.66 (depth 1, 32 lits): UNSAT in 0.02s
    cube 3708.67 (depth 1, 32 lits): UNSAT in 0.02s
    cube 3708.68 (depth 1, 32 lits): UNSAT in 0.03s
    cube 3708.69 (depth 1, 32 lits): UNSAT in 0.02s
    cube 3708.70 (depth 1, 32 lits): UNSAT in 0.05s
    cube 3708.71 (depth 1, 32 lits): UNSAT in 0.07s
    cube 3708.72 (depth 1, 32 lits): UNSAT in 0.16s
    cube 3708.73 (depth 1, 32 lits): UNSAT in 0.01s
    cube 3708.74 (depth 1, 32 lits): UNSAT in 0.02s
    cube 3708.75 (depth 1, 32 lits): UNSAT in 0.03s
    cube 3708.76 (depth 1, 32 lits): UNSAT in 0.06s
    cube 3708.77 (depth 1, 32 lits): UNSAT in 0.02s
    cube 3708.78 (depth 1, 32 lits): UNSAT in 0.02s
    cube 3708.79 (depth 1, 32 lits): UNSAT in 0.04s
    cube 3708.80 (depth 1, 32 lits): UNSAT in 0.07s
    cube 3708.81 (depth 1, 32 lits): UNSAT in 0.06s
    cube 3708.82 (depth 1, 32 lits): UNSAT in 0.09s
    cube 3708.83 (depth 1, 32 lits): UNSAT in 0.27s
    cube 3708.84 (depth 1, 32 lits): UNSAT in 0.25s
    cube 3708.85 (depth 1, 32 lits): UNSAT in 0.05s
    cube 3708.86 (depth 1, 32 lits): UNSAT in 0.20s
    cube 3708.87 (depth 1, 32 lits): UNSAT in 0.36s
    cube 3708.88 (depth 1, 32 lits): UNSAT in 1.07s
    cube 3708.89 (depth 1, 32 lits): UNSAT in 0.06s
    cube 3708.90 (depth 1, 32 lits): UNSAT in 0.14s
    cube 3708.91 (depth 1, 32 lits): UNSAT in 0.05s
    cube 3708.92 (depth 1, 32 lits): UNSAT in 0.07s
    cube 3708.93 (depth 1, 32 lits): UNSAT in 0.06s
    cube 3708.94 (depth 1, 32 lits): UNSAT in 0.09s
    cube 3708.95 (depth 1, 32 lits): UNSAT in 0.06s
    cube 3708.96 (depth 1, 32 lits): UNSAT in 0.27s
    cube 3708.97 (depth 1, 32 lits): UNSAT in 0.04s
    cube 3708.98 (depth 1, 32 lits): UNSAT in 0.07s
    cube 3708.99 (depth 1, 32 lits): UNSAT in 0.04s
    cube 3708.100 (depth 1, 32 lits): UNSAT in 0.37s
    cube 3708.101 (depth 1, 32 lits): UNSAT in 0.22s
    cube 3708.102 (depth 1, 32 lits): UNSAT in 0.71s
    cube 3708.103 (depth 1, 32 lits): UNSAT in 0.29s
    cube 3708.104 (depth 1, 32 lits): UNSAT in 1.77s
    cube 3708.105 (depth 1, 32 lits): UNSAT in 0.10s
    cube 3708.106 (depth 1, 32 lits): UNSAT in 0.13s
    cube 3708.107 (depth 1, 32 lits): UNSAT in 0.22s
    cube 3708.108 (depth 1, 32 lits): UNSAT in 0.62s
    cube 3708.109 (depth 1, 32 lits): UNSAT in 0.35s
    cube 3708.110 (depth 1, 32 lits): UNSAT in 0.46s
    cube 3708.111 (depth 1, 32 lits): UNSAT in 1.23s
    cube 3708.112 (depth 1, 32 lits): UNSAT in 2.80s
    cube 3708.113 (depth 1, 32 lits): UNSAT in 0.07s
    cube 3708.114 (depth 1, 32 lits): UNSAT in 0.33s
    cube 3708.115 (depth 1, 32 lits): UNSAT in 0.72s
    cube 3708.116 (depth 1, 32 lits): UNSAT in 4.96s
    cube 3708.117 (depth 1, 32 lits): UNSAT in 1.04s
    cube 3708.118 (depth 1, 32 lits): UNSAT in 5.36s
    cube 3708.119 (depth 1, 32 lits): UNSAT in 4.29s
    cube 3708.120 (depth 1, 32 lits): UNSAT in 20.30s
    cube 3708.121 (depth 1, 32 lits): UNSAT in 0.01s
    cube 3708.122 (depth 1, 32 lits): UNSAT in 0.03s
    cube 3708.123 (depth 1, 32 lits): UNSAT in 0.03s
    cube 3708.124 (depth 1, 32 lits): UNSAT in 0.05s
    cube 3708.125 (depth 1, 32 lits): UNSAT in 0.01s
    cube 3708.126 (depth 1, 32 lits): UNSAT in 0.02s
    cube 3708.127 (depth 1, 32 lits): UNSAT in 0.02s
    cube 3708.128 (depth 1, 32 lits): UNSAT in 0.06s
    cube 3708.129 (depth 1, 32 lits): UNSAT in 0.03s
    cube 3708.130 (depth 1, 32 lits): UNSAT in 0.06s
    cube 3708.131 (depth 1, 32 lits): UNSAT in 0.03s
    cube 3708.132 (depth 1, 32 lits): UNSAT in 0.07s
    cube 3708.133 (depth 1, 32 lits): UNSAT in 0.02s
    cube 3708.134 (depth 1, 32 lits): UNSAT in 0.05s
    cube 3708.135 (depth 1, 32 lits): UNSAT in 0.14s
    cube 3708.136 (depth 1, 32 lits): UNSAT in 0.23s
    cube 3708.137 (depth 1, 32 lits): UNSAT in 0.02s
    cube 3708.138 (depth 1, 32 lits): UNSAT in 0.04s
    cube 3708.139 (depth 1, 32 lits): UNSAT in 0.04s
    cube 3708.140 (depth 1, 32 lits): UNSAT in 0.09s
    cube 3708.141 (depth 1, 32 lits): UNSAT in 0.02s
    cube 3708.142 (depth 1, 32 lits): UNSAT in 0.05s
    cube 3708.143 (depth 1, 32 lits): UNSAT in 0.04s
    cube 3708.144 (depth 1, 32 lits): UNSAT in 0.96s
    cube 3708.145 (depth 1, 32 lits): UNSAT in 0.06s
    cube 3708.146 (depth 1, 32 lits): UNSAT in 0.14s
    cube 3708.147 (depth 1, 32 lits): UNSAT in 0.11s
    cube 3708.148 (depth 1, 32 lits): UNSAT in 0.29s
    cube 3708.149 (depth 1, 32 lits): UNSAT in 0.08s
    cube 3708.150 (depth 1, 32 lits): UNSAT in 0.23s
    cube 3708.151 (depth 1, 32 lits): UNSAT in 0.92s
    cube 3708.152 (depth 1, 32 lits): UNSAT in 2.82s
    cube 3708.153 (depth 1, 32 lits): UNSAT in 0.03s
    cube 3708.154 (depth 1, 32 lits): UNSAT in 0.03s
    cube 3708.155 (depth 1, 32 lits): UNSAT in 0.03s
    cube 3708.156 (depth 1, 32 lits): UNSAT in 0.06s
    cube 3708.157 (depth 1, 32 lits): UNSAT in 0.04s
    cube 3708.158 (depth 1, 32 lits): UNSAT in 0.07s
    cube 3708.159 (depth 1, 32 lits): UNSAT in 0.06s
    cube 3708.160 (depth 1, 32 lits): UNSAT in 0.18s
    cube 3708.161 (depth 1, 32 lits): UNSAT in 0.02s
    cube 3708.162 (depth 1, 32 lits): UNSAT in 0.02s
    cube 3708.163 (depth 1, 32 lits): UNSAT in 0.05s
    cube 3708.164 (depth 1, 32 lits): UNSAT in 0.17s
    cube 3708.165 (depth 1, 32 lits): UNSAT in 0.02s
    cube 3708.166 (depth 1, 32 lits): UNSAT in 0.14s
    cube 3708.167 (depth 1, 32 lits): UNSAT in 0.14s
    cube 3708.168 (depth 1, 32 lits): UNSAT in 0.99s
    cube 3708.169 (depth 1, 32 lits): UNSAT in 0.01s
    cube 3708.170 (depth 1, 32 lits): UNSAT in 0.02s
    cube 3708.171 (depth 1, 32 lits): UNSAT in 0.03s
    cube 3708.172 (depth 1, 32 lits): UNSAT in 0.14s
    cube 3708.173 (depth 1, 32 lits): UNSAT in 0.03s
    cube 3708.174 (depth 1, 32 lits): UNSAT in 0.13s
    cube 3708.175 (depth 1, 32 lits): UNSAT in 0.45s
    cube 3708.176 (depth 1, 32 lits): UNSAT in 1.05s
    cube 3708.177 (depth 1, 32 lits): UNSAT in 0.40s
    cube 3708.178 (depth 1, 32 lits): UNSAT in 0.74s
    cube 3708.179 (depth 1, 32 lits): UNSAT in 0.30s
    cube 3708.180 (depth 1, 32 lits): UNSAT in 1.79s
    cube 3708.181 (depth 1, 32 lits): UNSAT in 2.34s
    cube 3708.182 (depth 1, 32 lits): UNSAT in 1.11s
    cube 3708.183 (depth 1, 32 lits): UNSAT in 2.86s
    cube 3708.184 (depth 1, 32 lits): UNSAT in 9.10s
    cube 3708.185 (depth 1, 32 lits): UNSAT in 0.02s
    cube 3708.186 (depth 1, 32 lits): UNSAT in 0.04s
    cube 3708.187 (depth 1, 32 lits): UNSAT in 0.02s
    cube 3708.188 (depth 1, 32 lits): UNSAT in 0.05s
    cube 3708.189 (depth 1, 32 lits): UNSAT in 0.03s
    cube 3708.190 (depth 1, 32 lits): UNSAT in 0.08s
    cube 3708.191 (depth 1, 32 lits): UNSAT in 0.09s
    cube 3708.192 (depth 1, 32 lits): UNSAT in 0.14s
    cube 3708.193 (depth 1, 32 lits): UNSAT in 0.08s
    cube 3708.194 (depth 1, 32 lits): UNSAT in 0.13s
    cube 3708.195 (depth 1, 32 lits): UNSAT in 0.08s
    cube 3708.196 (depth 1, 32 lits): UNSAT in 0.36s
    cube 3708.197 (depth 1, 32 lits): UNSAT in 0.12s
    cube 3708.198 (depth 1, 32 lits): UNSAT in 0.20s
    cube 3708.199 (depth 1, 32 lits): UNSAT in 0.87s
    cube 3708.200 (depth 1, 32 lits): UNSAT in 1.45s
    cube 3708.201 (depth 1, 32 lits): UNSAT in 0.02s
    cube 3708.202 (depth 1, 32 lits): UNSAT in 0.04s
    cube 3708.203 (depth 1, 32 lits): UNSAT in 0.03s
    cube 3708.204 (depth 1, 32 lits): UNSAT in 0.17s
    cube 3708.205 (depth 1, 32 lits): UNSAT in 0.10s
    cube 3708.206 (depth 1, 32 lits): UNSAT in 0.18s
    cube 3708.207 (depth 1, 32 lits): UNSAT in 0.44s
    cube 3708.208 (depth 1, 32 lits): UNSAT in 0.53s
    cube 3708.209 (depth 1, 32 lits): UNSAT in 0.01s
    cube 3708.210 (depth 1, 32 lits): UNSAT in 0.14s
    cube 3708.211 (depth 1, 32 lits): UNSAT in 0.15s
    cube 3708.212 (depth 1, 32 lits): UNSAT in 0.66s
    cube 3708.213 (depth 1, 32 lits): UNSAT in 0.32s
    cube 3708.214 (depth 1, 32 lits): UNSAT in 1.17s
    cube 3708.215 (depth 1, 32 lits): UNSAT in 2.05s
    cube 3708.216 (depth 1, 32 lits): UNSAT in 11.12s
    cube 3708.217 (depth 1, 32 lits): UNSAT in 0.04s
    cube 3708.218 (depth 1, 32 lits): UNSAT in 0.15s
    cube 3708.219 (depth 1, 32 lits): UNSAT in 0.16s
    cube 3708.220 (depth 1, 32 lits): UNSAT in 0.99s
    cube 3708.221 (depth 1, 32 lits): UNSAT in 0.20s
    cube 3708.222 (depth 1, 32 lits): UNSAT in 0.55s
    cube 3708.223 (depth 1, 32 lits): UNSAT in 1.52s
    cube 3708.224 (depth 1, 32 lits): UNSAT in 3.34s
    cube 3708.225 (depth 1, 32 lits): UNSAT in 0.15s
    cube 3708.226 (depth 1, 32 lits): UNSAT in 0.51s
    cube 3708.227 (depth 1, 32 lits): UNSAT in 0.30s
    cube 3708.228 (depth 1, 32 lits): UNSAT in 1.50s
    cube 3708.229 (depth 1, 32 lits): UNSAT in 0.18s
    cube 3708.230 (depth 1, 32 lits): UNSAT in 2.28s
    cube 3708.231 (depth 1, 32 lits): UNSAT in 4.42s
    cube 3708.232 (depth 1, 32 lits): UNSAT in 80.25s
    cube 3708.233 (depth 1, 32 lits): UNSAT in 0.16s
    cube 3708.234 (depth 1, 32 lits): UNSAT in 1.16s
    cube 3708.235 (depth 1, 32 lits): UNSAT in 0.62s
    cube 3708.236 (depth 1, 32 lits): UNSAT in 8.58s
    cube 3708.237 (depth 1, 32 lits): UNSAT in 0.26s
    cube 3708.238 (depth 1, 32 lits): UNSAT in 2.35s
    cube 3708.239 (depth 1, 32 lits): UNSAT in 2.39s
    cube 3708.240 (depth 1, 32 lits): UNSAT in 125.70s
    cube 3708.241 (depth 1, 32 lits): UNSAT in 1.29s
    cube 3708.242 (depth 1, 32 lits): UNSAT in 11.40s
    cube 3708.243 (depth 1, 32 lits): UNSAT in 3.33s
    cube 3708.244 (depth 1, 32 lits): UNSAT in 172.74s
    cube 3708.245 (depth 1, 32 lits): UNSAT in 1.86s
    cube 3708.246 (depth 1, 32 lits): UNSAT in 28.82s
    cube 3708.247 (depth 1, 32 lits): UNSAT in 6.28s
    cube 3708.248 (depth 1, 32 lits): UNSAT in 111.82s
    cube 3712 (depth 0, 24 lits): UNSAT in 0.17s
    cube 3716 (depth 0, 24 lits): UNSAT in 0.50s
    cube 3720 (depth 0, 24 lits): UNSAT in 1.57s
    cube 3724 (depth 0, 24 lits): UNSAT in 1.68s
    cube 3728 (depth 0, 24 lits): UNSAT in 0.19s
    cube 3732 (depth 0, 24 lits): UNSAT in 2.21s
    cube 3736 (depth 0, 24 lits): UNSAT in 1.67s
    cube 3740 (depth 0, 24 lits): UNSAT in 59.68s
    cube 3744 (depth 0, 24 lits): UNSAT in 0.09s
    cube 3748 (depth 0, 24 lits): UNSAT in 0.37s
    cube 3752 (depth 0, 24 lits): UNSAT in 2.32s
    cube 3756 (depth 0, 24 lits): UNSAT in 35.45s
    cube 3760 (depth 0, 24 lits): UNSAT in 5.93s
    cube 3764 (depth 0, 24 lits): UNSAT in 61.20s
    cube 3768 (depth 0, 24 lits): UNSAT in 29.15s
    cube 3772 (depth 0, 24 lits): TIMEOUT in 600.05s
    cube 3772 TIMEOUT -> re-split into 242 sub-cubes (depth 1)
    cube 3772.0 (depth 1, 31 lits): UNSAT in 0.01s
    cube 3772.1 (depth 1, 31 lits): UNSAT in 0.01s
    cube 3772.2 (depth 1, 31 lits): UNSAT in 0.02s
    cube 3772.3 (depth 1, 31 lits): UNSAT in 0.02s
    cube 3772.4 (depth 1, 31 lits): UNSAT in 0.02s
    cube 3772.5 (depth 1, 32 lits): UNSAT in 0.01s
    cube 3772.6 (depth 1, 32 lits): UNSAT in 0.02s
    cube 3772.7 (depth 1, 32 lits): UNSAT in 0.02s
    cube 3772.8 (depth 1, 32 lits): UNSAT in 0.02s
    cube 3772.9 (depth 1, 32 lits): UNSAT in 0.01s
    cube 3772.10 (depth 1, 32 lits): UNSAT in 0.02s
    cube 3772.11 (depth 1, 30 lits): UNSAT in 0.02s
    cube 3772.12 (depth 1, 31 lits): UNSAT in 0.01s
    cube 3772.13 (depth 1, 31 lits): UNSAT in 0.01s
    cube 3772.14 (depth 1, 32 lits): UNSAT in 0.01s
    cube 3772.15 (depth 1, 32 lits): UNSAT in 0.01s
    cube 3772.16 (depth 1, 32 lits): UNSAT in 0.01s
    cube 3772.17 (depth 1, 32 lits): UNSAT in 0.03s
    cube 3772.18 (depth 1, 32 lits): UNSAT in 0.02s
    cube 3772.19 (depth 1, 32 lits): UNSAT in 0.03s
    cube 3772.20 (depth 1, 32 lits): UNSAT in 0.04s
    cube 3772.21 (depth 1, 32 lits): UNSAT in 0.02s
    cube 3772.22 (depth 1, 32 lits): UNSAT in 0.01s
    cube 3772.23 (depth 1, 32 lits): UNSAT in 0.02s
    cube 3772.24 (depth 1, 31 lits): UNSAT in 0.01s
    cube 3772.25 (depth 1, 32 lits): UNSAT in 0.02s
    cube 3772.26 (depth 1, 32 lits): UNSAT in 0.01s
    cube 3772.27 (depth 1, 31 lits): UNSAT in 0.02s
    cube 3772.28 (depth 1, 32 lits): UNSAT in 0.02s
    cube 3772.29 (depth 1, 32 lits): UNSAT in 0.05s
    cube 3772.30 (depth 1, 32 lits): UNSAT in 0.03s
    cube 3772.31 (depth 1, 32 lits): UNSAT in 0.03s
    cube 3772.32 (depth 1, 31 lits): UNSAT in 0.02s
    cube 3772.33 (depth 1, 32 lits): UNSAT in 0.02s
    cube 3772.34 (depth 1, 32 lits): UNSAT in 0.02s
    cube 3772.35 (depth 1, 32 lits): UNSAT in 0.03s
    cube 3772.36 (depth 1, 32 lits): UNSAT in 0.04s
    cube 3772.37 (depth 1, 32 lits): UNSAT in 0.06s
    cube 3772.38 (depth 1, 32 lits): UNSAT in 0.15s
    cube 3772.39 (depth 1, 32 lits): UNSAT in 0.03s
    cube 3772.40 (depth 1, 32 lits): UNSAT in 0.03s
    cube 3772.41 (depth 1, 32 lits): UNSAT in 0.05s
    cube 3772.42 (depth 1, 32 lits): UNSAT in 0.05s
    cube 3772.43 (depth 1, 32 lits): UNSAT in 0.02s
    cube 3772.44 (depth 1, 32 lits): UNSAT in 0.03s
    cube 3772.45 (depth 1, 32 lits): UNSAT in 0.02s
    cube 3772.46 (depth 1, 32 lits): UNSAT in 0.23s
    cube 3772.47 (depth 1, 32 lits): UNSAT in 0.06s
    cube 3772.48 (depth 1, 32 lits): UNSAT in 0.26s
    cube 3772.49 (depth 1, 32 lits): UNSAT in 0.44s
    cube 3772.50 (depth 1, 32 lits): UNSAT in 0.49s
    cube 3772.51 (depth 1, 32 lits): UNSAT in 0.02s
    cube 3772.52 (depth 1, 32 lits): UNSAT in 0.04s
    cube 3772.53 (depth 1, 32 lits): UNSAT in 0.03s
    cube 3772.54 (depth 1, 32 lits): UNSAT in 0.06s
    cube 3772.55 (depth 1, 32 lits): UNSAT in 0.02s
    cube 3772.56 (depth 1, 32 lits): UNSAT in 0.05s
    cube 3772.57 (depth 1, 32 lits): UNSAT in 0.05s
    cube 3772.58 (depth 1, 32 lits): UNSAT in 0.11s
    cube 3772.59 (depth 1, 32 lits): UNSAT in 0.02s
    cube 3772.60 (depth 1, 32 lits): UNSAT in 0.02s
    cube 3772.61 (depth 1, 32 lits): UNSAT in 0.04s
    cube 3772.62 (depth 1, 32 lits): UNSAT in 0.04s
    cube 3772.63 (depth 1, 32 lits): UNSAT in 0.06s
    cube 3772.64 (depth 1, 32 lits): UNSAT in 0.09s
    cube 3772.65 (depth 1, 32 lits): UNSAT in 0.23s
    cube 3772.66 (depth 1, 32 lits): UNSAT in 0.60s
    cube 3772.67 (depth 1, 32 lits): UNSAT in 0.02s
    cube 3772.68 (depth 1, 32 lits): UNSAT in 0.03s
    cube 3772.69 (depth 1, 32 lits): UNSAT in 0.02s
    cube 3772.70 (depth 1, 32 lits): UNSAT in 0.06s
    cube 3772.71 (depth 1, 32 lits): UNSAT in 0.14s
    cube 3772.72 (depth 1, 32 lits): UNSAT in 0.16s
    cube 3772.73 (depth 1, 32 lits): UNSAT in 0.06s
    cube 3772.74 (depth 1, 32 lits): UNSAT in 0.33s
    cube 3772.75 (depth 1, 32 lits): UNSAT in 0.03s
    cube 3772.76 (depth 1, 32 lits): UNSAT in 0.04s
    cube 3772.77 (depth 1, 32 lits): UNSAT in 0.03s
    cube 3772.78 (depth 1, 32 lits): UNSAT in 0.15s
    cube 3772.79 (depth 1, 32 lits): UNSAT in 0.25s
    cube 3772.80 (depth 1, 32 lits): UNSAT in 0.60s
    cube 3772.81 (depth 1, 32 lits): UNSAT in 0.31s
    cube 3772.82 (depth 1, 32 lits): UNSAT in 0.60s
    cube 3772.83 (depth 1, 32 lits): UNSAT in 0.01s
    cube 3772.84 (depth 1, 32 lits): UNSAT in 0.01s
    cube 3772.85 (depth 1, 32 lits): UNSAT in 0.02s
    cube 3772.86 (depth 1, 32 lits): UNSAT in 0.02s
    cube 3772.87 (depth 1, 32 lits): UNSAT in 0.01s
    cube 3772.88 (depth 1, 32 lits): UNSAT in 0.02s
    cube 3772.89 (depth 1, 32 lits): UNSAT in 0.02s
    cube 3772.90 (depth 1, 32 lits): UNSAT in 0.03s
    cube 3772.91 (depth 1, 32 lits): UNSAT in 0.03s
    cube 3772.92 (depth 1, 32 lits): UNSAT in 0.03s
    cube 3772.93 (depth 1, 32 lits): UNSAT in 0.02s
    cube 3772.94 (depth 1, 32 lits): UNSAT in 0.09s
    cube 3772.95 (depth 1, 32 lits): UNSAT in 0.07s
    cube 3772.96 (depth 1, 32 lits): UNSAT in 0.12s
    cube 3772.97 (depth 1, 32 lits): UNSAT in 0.26s
    cube 3772.98 (depth 1, 32 lits): UNSAT in 0.30s
    cube 3772.99 (depth 1, 32 lits): UNSAT in 0.03s
    cube 3772.100 (depth 1, 32 lits): UNSAT in 0.05s
    cube 3772.101 (depth 1, 32 lits): UNSAT in 0.02s
    cube 3772.102 (depth 1, 32 lits): UNSAT in 0.03s
    cube 3772.103 (depth 1, 32 lits): UNSAT in 0.09s
    cube 3772.104 (depth 1, 32 lits): UNSAT in 0.09s
    cube 3772.105 (depth 1, 32 lits): UNSAT in 0.07s
    cube 3772.106 (depth 1, 32 lits): UNSAT in 0.06s
    cube 3772.107 (depth 1, 32 lits): UNSAT in 0.03s
    cube 3772.108 (depth 1, 32 lits): UNSAT in 0.05s
    cube 3772.109 (depth 1, 32 lits): UNSAT in 0.14s
    cube 3772.110 (depth 1, 32 lits): UNSAT in 0.05s
    cube 3772.111 (depth 1, 32 lits): UNSAT in 0.12s
    cube 3772.112 (depth 1, 32 lits): UNSAT in 0.35s
    cube 3772.113 (depth 1, 32 lits): UNSAT in 0.69s
    cube 3772.114 (depth 1, 32 lits): UNSAT in 2.44s
    cube 3772.115 (depth 1, 32 lits): UNSAT in 0.01s
    cube 3772.116 (depth 1, 32 lits): UNSAT in 0.01s
    cube 3772.117 (depth 1, 32 lits): UNSAT in 0.02s
    cube 3772.118 (depth 1, 32 lits): UNSAT in 0.01s
    cube 3772.119 (depth 1, 32 lits): UNSAT in 0.01s
    cube 3772.120 (depth 1, 32 lits): UNSAT in 0.02s
    cube 3772.121 (depth 1, 32 lits): UNSAT in 0.02s
    cube 3772.122 (depth 1, 32 lits): UNSAT in 0.03s
    cube 3772.123 (depth 1, 32 lits): UNSAT in 0.02s
    cube 3772.124 (depth 1, 32 lits): UNSAT in 0.01s
    cube 3772.125 (depth 1, 32 lits): UNSAT in 0.01s
    cube 3772.126 (depth 1, 32 lits): UNSAT in 0.03s
    cube 3772.127 (depth 1, 32 lits): UNSAT in 0.04s
    cube 3772.128 (depth 1, 32 lits): UNSAT in 0.05s
    cube 3772.129 (depth 1, 32 lits): UNSAT in 0.04s
    cube 3772.130 (depth 1, 32 lits): UNSAT in 0.07s
    cube 3772.131 (depth 1, 31 lits): UNSAT in 0.02s
    cube 3772.132 (depth 1, 32 lits): UNSAT in 0.02s
    cube 3772.133 (depth 1, 32 lits): UNSAT in 0.02s
    cube 3772.134 (depth 1, 32 lits): UNSAT in 0.02s
    cube 3772.135 (depth 1, 32 lits): UNSAT in 0.04s
    cube 3772.136 (depth 1, 32 lits): UNSAT in 0.04s
    cube 3772.137 (depth 1, 32 lits): UNSAT in 0.19s
    cube 3772.138 (depth 1, 32 lits): UNSAT in 0.05s
    cube 3772.139 (depth 1, 32 lits): UNSAT in 0.07s
    cube 3772.140 (depth 1, 32 lits): UNSAT in 0.12s
    cube 3772.141 (depth 1, 32 lits): UNSAT in 0.40s
    cube 3772.142 (depth 1, 32 lits): UNSAT in 0.08s
    cube 3772.143 (depth 1, 32 lits): UNSAT in 0.10s
    cube 3772.144 (depth 1, 32 lits): UNSAT in 0.27s
    cube 3772.145 (depth 1, 32 lits): UNSAT in 0.73s
    cube 3772.146 (depth 1, 32 lits): UNSAT in 0.02s
    cube 3772.147 (depth 1, 32 lits): UNSAT in 0.02s
    cube 3772.148 (depth 1, 32 lits): UNSAT in 0.02s
    cube 3772.149 (depth 1, 32 lits): UNSAT in 0.02s
    cube 3772.150 (depth 1, 32 lits): UNSAT in 0.01s
    cube 3772.151 (depth 1, 32 lits): UNSAT in 0.02s
    cube 3772.152 (depth 1, 32 lits): UNSAT in 0.01s
    cube 3772.153 (depth 1, 32 lits): UNSAT in 0.03s
    cube 3772.154 (depth 1, 32 lits): UNSAT in 0.02s
    cube 3772.155 (depth 1, 32 lits): UNSAT in 0.06s
    cube 3772.156 (depth 1, 32 lits): UNSAT in 0.09s
    cube 3772.157 (depth 1, 32 lits): UNSAT in 0.29s
    cube 3772.158 (depth 1, 32 lits): UNSAT in 0.07s
    cube 3772.159 (depth 1, 32 lits): UNSAT in 0.15s
    cube 3772.160 (depth 1, 32 lits): UNSAT in 0.11s
    cube 3772.161 (depth 1, 32 lits): UNSAT in 0.28s
    cube 3772.162 (depth 1, 32 lits): UNSAT in 0.03s
    cube 3772.163 (depth 1, 32 lits): UNSAT in 0.05s
    cube 3772.164 (depth 1, 32 lits): UNSAT in 0.06s
    cube 3772.165 (depth 1, 32 lits): UNSAT in 0.09s
    cube 3772.166 (depth 1, 32 lits): UNSAT in 0.10s
    cube 3772.167 (depth 1, 32 lits): UNSAT in 0.47s
    cube 3772.168 (depth 1, 32 lits): UNSAT in 0.12s
    cube 3772.169 (depth 1, 32 lits): UNSAT in 0.78s
    cube 3772.170 (depth 1, 32 lits): UNSAT in 0.06s
    cube 3772.171 (depth 1, 32 lits): UNSAT in 0.08s
    cube 3772.172 (depth 1, 32 lits): UNSAT in 0.35s
    cube 3772.173 (depth 1, 32 lits): UNSAT in 0.40s
    cube 3772.174 (depth 1, 32 lits): UNSAT in 0.18s
    cube 3772.175 (depth 1, 32 lits): UNSAT in 1.16s
    cube 3772.176 (depth 1, 32 lits): UNSAT in 1.24s
    cube 3772.177 (depth 1, 32 lits): UNSAT in 4.77s
    cube 3772.178 (depth 1, 32 lits): UNSAT in 0.02s
    cube 3772.179 (depth 1, 32 lits): UNSAT in 0.02s
    cube 3772.180 (depth 1, 32 lits): UNSAT in 0.02s
    cube 3772.181 (depth 1, 32 lits): UNSAT in 0.03s
    cube 3772.182 (depth 1, 32 lits): UNSAT in 0.03s
    cube 3772.183 (depth 1, 32 lits): UNSAT in 0.05s
    cube 3772.184 (depth 1, 32 lits): UNSAT in 0.09s
    cube 3772.185 (depth 1, 32 lits): UNSAT in 0.14s
    cube 3772.186 (depth 1, 32 lits): UNSAT in 0.11s
    cube 3772.187 (depth 1, 32 lits): UNSAT in 0.09s
    cube 3772.188 (depth 1, 32 lits): UNSAT in 0.05s
    cube 3772.189 (depth 1, 32 lits): UNSAT in 0.12s
    cube 3772.190 (depth 1, 32 lits): UNSAT in 0.19s
    cube 3772.191 (depth 1, 32 lits): UNSAT in 0.36s
    cube 3772.192 (depth 1, 32 lits): UNSAT in 0.20s
    cube 3772.193 (depth 1, 32 lits): UNSAT in 0.72s
    cube 3772.194 (depth 1, 32 lits): UNSAT in 0.01s
    cube 3772.195 (depth 1, 32 lits): UNSAT in 0.04s
    cube 3772.196 (depth 1, 32 lits): UNSAT in 0.03s
    cube 3772.197 (depth 1, 32 lits): UNSAT in 0.13s
    cube 3772.198 (depth 1, 32 lits): UNSAT in 0.02s
    cube 3772.199 (depth 1, 32 lits): UNSAT in 0.09s
    cube 3772.200 (depth 1, 32 lits): UNSAT in 0.36s
    cube 3772.201 (depth 1, 32 lits): UNSAT in 1.51s
    cube 3772.202 (depth 1, 32 lits): UNSAT in 0.19s
    cube 3772.203 (depth 1, 32 lits): UNSAT in 0.27s
    cube 3772.204 (depth 1, 32 lits): UNSAT in 0.69s
    cube 3772.205 (depth 1, 32 lits): UNSAT in 0.87s
    cube 3772.206 (depth 1, 32 lits): UNSAT in 0.08s
    cube 3772.207 (depth 1, 32 lits): UNSAT in 0.20s
    cube 3772.208 (depth 1, 32 lits): UNSAT in 0.38s
    cube 3772.209 (depth 1, 32 lits): UNSAT in 4.44s
    cube 3772.210 (depth 1, 32 lits): UNSAT in 0.03s
    cube 3772.211 (depth 1, 32 lits): UNSAT in 0.13s
    cube 3772.212 (depth 1, 32 lits): UNSAT in 0.07s
    cube 3772.213 (depth 1, 32 lits): UNSAT in 0.36s
    cube 3772.214 (depth 1, 32 lits): UNSAT in 0.07s
    cube 3772.215 (depth 1, 32 lits): UNSAT in 0.37s
    cube 3772.216 (depth 1, 32 lits): UNSAT in 0.22s
    cube 3772.217 (depth 1, 32 lits): UNSAT in 4.08s
    cube 3772.218 (depth 1, 32 lits): UNSAT in 0.05s
    cube 3772.219 (depth 1, 32 lits): UNSAT in 0.24s
    cube 3772.220 (depth 1, 32 lits): UNSAT in 0.47s
    cube 3772.221 (depth 1, 32 lits): UNSAT in 1.20s
    cube 3772.222 (depth 1, 32 lits): UNSAT in 0.28s
    cube 3772.223 (depth 1, 32 lits): UNSAT in 0.86s
    cube 3772.224 (depth 1, 32 lits): UNSAT in 4.75s
    cube 3772.225 (depth 1, 32 lits): UNSAT in 62.40s
    cube 3772.226 (depth 1, 32 lits): UNSAT in 0.10s
    cube 3772.227 (depth 1, 32 lits): UNSAT in 0.83s
    cube 3772.228 (depth 1, 32 lits): UNSAT in 0.23s
    cube 3772.229 (depth 1, 32 lits): UNSAT in 1.78s
    cube 3772.230 (depth 1, 32 lits): UNSAT in 0.58s
    cube 3772.231 (depth 1, 32 lits): UNSAT in 1.69s
    cube 3772.232 (depth 1, 32 lits): UNSAT in 0.92s
    cube 3772.233 (depth 1, 32 lits): UNSAT in 8.84s
    cube 3772.234 (depth 1, 32 lits): UNSAT in 0.31s
    cube 3772.235 (depth 1, 32 lits): UNSAT in 3.01s
    cube 3772.236 (depth 1, 32 lits): UNSAT in 1.01s
    cube 3772.237 (depth 1, 32 lits): UNSAT in 15.65s
    cube 3772.238 (depth 1, 32 lits): UNSAT in 1.96s
    cube 3772.239 (depth 1, 32 lits): UNSAT in 15.20s
    cube 3772.240 (depth 1, 32 lits): UNSAT in 5.20s
    cube 3772.241 (depth 1, 32 lits): UNSAT in 23.89s
    cube 3776 (depth 0, 24 lits): UNSAT in 1.25s
    cube 3780 (depth 0, 24 lits): UNSAT in 2.47s
    cube 3784 (depth 0, 24 lits): UNSAT in 1.45s
    cube 3788 (depth 0, 24 lits): UNSAT in 26.85s
    cube 3792 (depth 0, 24 lits): UNSAT in 2.46s
    cube 3796 (depth 0, 24 lits): UNSAT in 20.59s
    cube 3800 (depth 0, 24 lits): UNSAT in 94.46s
    cube 3804 (depth 0, 24 lits): TIMEOUT in 600.08s
    cube 3804 TIMEOUT -> re-split into 248 sub-cubes (depth 1)
    cube 3804.0 (depth 1, 31 lits): UNSAT in 0.02s
    cube 3804.1 (depth 1, 32 lits): UNSAT in 0.02s
    cube 3804.2 (depth 1, 32 lits): UNSAT in 0.04s
    cube 3804.3 (depth 1, 32 lits): UNSAT in 0.01s
    cube 3804.4 (depth 1, 32 lits): UNSAT in 0.02s
    cube 3804.5 (depth 1, 32 lits): UNSAT in 0.02s
    cube 3804.6 (depth 1, 32 lits): UNSAT in 0.04s
    cube 3804.7 (depth 1, 32 lits): UNSAT in 0.01s
    cube 3804.8 (depth 1, 32 lits): UNSAT in 0.02s
    cube 3804.9 (depth 1, 32 lits): UNSAT in 0.06s
    cube 3804.10 (depth 1, 32 lits): UNSAT in 0.06s
    cube 3804.11 (depth 1, 32 lits): UNSAT in 0.02s
    cube 3804.12 (depth 1, 32 lits): UNSAT in 0.02s
    cube 3804.13 (depth 1, 32 lits): UNSAT in 0.03s
    cube 3804.14 (depth 1, 32 lits): UNSAT in 0.05s
    cube 3804.15 (depth 1, 32 lits): UNSAT in 0.02s
    cube 3804.16 (depth 1, 32 lits): UNSAT in 0.02s
    cube 3804.17 (depth 1, 31 lits): UNSAT in 0.02s
    cube 3804.18 (depth 1, 32 lits): UNSAT in 0.01s
    cube 3804.19 (depth 1, 32 lits): UNSAT in 0.02s
    cube 3804.20 (depth 1, 32 lits): UNSAT in 0.03s
    cube 3804.21 (depth 1, 32 lits): UNSAT in 0.06s
    cube 3804.22 (depth 1, 31 lits): UNSAT in 0.01s
    cube 3804.23 (depth 1, 32 lits): UNSAT in 0.02s
    cube 3804.24 (depth 1, 32 lits): UNSAT in 0.03s
    cube 3804.25 (depth 1, 32 lits): UNSAT in 0.04s
    cube 3804.26 (depth 1, 32 lits): UNSAT in 0.04s
    cube 3804.27 (depth 1, 32 lits): UNSAT in 0.02s
    cube 3804.28 (depth 1, 32 lits): UNSAT in 0.08s
    cube 3804.29 (depth 1, 31 lits): UNSAT in 0.01s
    cube 3804.30 (depth 1, 32 lits): UNSAT in 0.01s
    cube 3804.31 (depth 1, 32 lits): UNSAT in 0.01s
    cube 3804.32 (depth 1, 31 lits): UNSAT in 0.01s
    cube 3804.33 (depth 1, 32 lits): UNSAT in 0.01s
    cube 3804.34 (depth 1, 32 lits): UNSAT in 0.02s
    cube 3804.35 (depth 1, 32 lits): UNSAT in 0.02s
    cube 3804.36 (depth 1, 32 lits): UNSAT in 0.01s
    cube 3804.37 (depth 1, 32 lits): UNSAT in 0.02s
    cube 3804.38 (depth 1, 32 lits): UNSAT in 0.03s
    cube 3804.39 (depth 1, 32 lits): UNSAT in 0.02s
    cube 3804.40 (depth 1, 32 lits): UNSAT in 0.02s
    cube 3804.41 (depth 1, 32 lits): UNSAT in 0.03s
    cube 3804.42 (depth 1, 32 lits): UNSAT in 0.07s
    cube 3804.43 (depth 1, 31 lits): UNSAT in 0.01s
    cube 3804.44 (depth 1, 32 lits): UNSAT in 0.02s
    cube 3804.45 (depth 1, 32 lits): UNSAT in 0.03s
    cube 3804.46 (depth 1, 32 lits): UNSAT in 0.06s
    cube 3804.47 (depth 1, 32 lits): UNSAT in 0.08s
    cube 3804.48 (depth 1, 32 lits): UNSAT in 0.09s
    cube 3804.49 (depth 1, 32 lits): UNSAT in 0.27s
    cube 3804.50 (depth 1, 32 lits): UNSAT in 0.03s
    cube 3804.51 (depth 1, 32 lits): UNSAT in 0.07s
    cube 3804.52 (depth 1, 32 lits): UNSAT in 0.05s
    cube 3804.53 (depth 1, 32 lits): UNSAT in 0.34s
    cube 3804.54 (depth 1, 32 lits): UNSAT in 0.09s
    cube 3804.55 (depth 1, 32 lits): UNSAT in 0.92s
    cube 3804.56 (depth 1, 32 lits): UNSAT in 0.28s
    cube 3804.57 (depth 1, 32 lits): UNSAT in 0.17s
    cube 3804.58 (depth 1, 32 lits): UNSAT in 0.01s
    cube 3804.59 (depth 1, 32 lits): UNSAT in 0.01s
    cube 3804.60 (depth 1, 32 lits): UNSAT in 0.01s
    cube 3804.61 (depth 1, 32 lits): UNSAT in 0.01s
    cube 3804.62 (depth 1, 32 lits): UNSAT in 0.02s
    cube 3804.63 (depth 1, 32 lits): UNSAT in 0.03s
    cube 3804.64 (depth 1, 32 lits): UNSAT in 0.03s
    cube 3804.65 (depth 1, 32 lits): UNSAT in 0.04s
    cube 3804.66 (depth 1, 32 lits): UNSAT in 0.01s
    cube 3804.67 (depth 1, 32 lits): UNSAT in 0.03s
    cube 3804.68 (depth 1, 32 lits): UNSAT in 0.02s
    cube 3804.69 (depth 1, 32 lits): UNSAT in 0.02s
    cube 3804.70 (depth 1, 32 lits): UNSAT in 0.03s
    cube 3804.71 (depth 1, 32 lits): UNSAT in 0.02s
    cube 3804.72 (depth 1, 32 lits): UNSAT in 0.07s
    cube 3804.73 (depth 1, 32 lits): UNSAT in 0.07s
    cube 3804.74 (depth 1, 32 lits): UNSAT in 0.02s
    cube 3804.75 (depth 1, 32 lits): UNSAT in 0.02s
    cube 3804.76 (depth 1, 32 lits): UNSAT in 0.03s
    cube 3804.77 (depth 1, 32 lits): UNSAT in 0.03s
    cube 3804.78 (depth 1, 32 lits): UNSAT in 0.01s
    cube 3804.79 (depth 1, 32 lits): UNSAT in 0.05s
    cube 3804.80 (depth 1, 32 lits): UNSAT in 0.07s
    cube 3804.81 (depth 1, 32 lits): UNSAT in 0.07s
    cube 3804.82 (depth 1, 32 lits): UNSAT in 0.03s
    cube 3804.83 (depth 1, 32 lits): UNSAT in 0.05s
    cube 3804.84 (depth 1, 32 lits): UNSAT in 0.06s
    cube 3804.85 (depth 1, 32 lits): UNSAT in 0.22s
    cube 3804.86 (depth 1, 32 lits): UNSAT in 0.16s
    cube 3804.87 (depth 1, 32 lits): UNSAT in 0.11s
    cube 3804.88 (depth 1, 32 lits): UNSAT in 0.15s
    cube 3804.89 (depth 1, 32 lits): UNSAT in 0.79s
    cube 3804.90 (depth 1, 32 lits): UNSAT in 0.01s
    cube 3804.91 (depth 1, 32 lits): UNSAT in 0.02s
    cube 3804.92 (depth 1, 32 lits): UNSAT in 0.02s
    cube 3804.93 (depth 1, 32 lits): UNSAT in 0.04s
    cube 3804.94 (depth 1, 32 lits): UNSAT in 0.03s
    cube 3804.95 (depth 1, 32 lits): UNSAT in 0.03s
    cube 3804.96 (depth 1, 32 lits): UNSAT in 0.06s
    cube 3804.97 (depth 1, 32 lits): UNSAT in 0.07s
    cube 3804.98 (depth 1, 32 lits): UNSAT in 0.02s
    cube 3804.99 (depth 1, 32 lits): UNSAT in 0.02s
    cube 3804.100 (depth 1, 32 lits): UNSAT in 0.03s
    cube 3804.101 (depth 1, 32 lits): UNSAT in 0.13s
    cube 3804.102 (depth 1, 32 lits): UNSAT in 0.16s
    cube 3804.103 (depth 1, 32 lits): UNSAT in 0.47s
    cube 3804.104 (depth 1, 32 lits): UNSAT in 0.15s
    cube 3804.105 (depth 1, 32 lits): UNSAT in 1.58s
    cube 3804.106 (depth 1, 32 lits): UNSAT in 0.05s
    cube 3804.107 (depth 1, 32 lits): UNSAT in 0.14s
    cube 3804.108 (depth 1, 32 lits): UNSAT in 0.03s
    cube 3804.109 (depth 1, 32 lits): UNSAT in 0.35s
    cube 3804.110 (depth 1, 32 lits): UNSAT in 0.06s
    cube 3804.111 (depth 1, 32 lits): UNSAT in 0.03s
    cube 3804.112 (depth 1, 32 lits): UNSAT in 0.11s
    cube 3804.113 (depth 1, 32 lits): UNSAT in 0.49s
    cube 3804.114 (depth 1, 32 lits): UNSAT in 0.11s
    cube 3804.115 (depth 1, 32 lits): UNSAT in 0.64s
    cube 3804.116 (depth 1, 32 lits): UNSAT in 1.57s
    cube 3804.117 (depth 1, 32 lits): UNSAT in 4.39s
    cube 3804.118 (depth 1, 32 lits): UNSAT in 1.06s
    cube 3804.119 (depth 1, 32 lits): UNSAT in 2.30s
    cube 3804.120 (depth 1, 32 lits): UNSAT in 2.37s
    cube 3804.121 (depth 1, 32 lits): UNSAT in 16.22s
    cube 3804.122 (depth 1, 32 lits): UNSAT in 0.02s
    cube 3804.123 (depth 1, 32 lits): UNSAT in 0.02s
    cube 3804.124 (depth 1, 32 lits): UNSAT in 0.02s
    cube 3804.125 (depth 1, 32 lits): UNSAT in 0.04s
    cube 3804.126 (depth 1, 32 lits): UNSAT in 0.02s
    cube 3804.127 (depth 1, 32 lits): UNSAT in 0.02s
    cube 3804.128 (depth 1, 32 lits): UNSAT in 0.03s
    cube 3804.129 (depth 1, 32 lits): UNSAT in 0.03s
    cube 3804.130 (depth 1, 32 lits): UNSAT in 0.02s
    cube 3804.131 (depth 1, 32 lits): UNSAT in 0.01s
    cube 3804.132 (depth 1, 32 lits): UNSAT in 0.04s
    cube 3804.133 (depth 1, 32 lits): UNSAT in 0.03s
    cube 3804.134 (depth 1, 32 lits): UNSAT in 0.02s
    cube 3804.135 (depth 1, 32 lits): UNSAT in 0.03s
    cube 3804.136 (depth 1, 32 lits): UNSAT in 0.03s
    cube 3804.137 (depth 1, 32 lits): UNSAT in 0.03s
    cube 3804.138 (depth 1, 31 lits): UNSAT in 0.01s
    cube 3804.139 (depth 1, 32 lits): UNSAT in 0.02s
    cube 3804.140 (depth 1, 32 lits): UNSAT in 0.04s
    cube 3804.141 (depth 1, 31 lits): UNSAT in 0.02s
    cube 3804.142 (depth 1, 32 lits): UNSAT in 0.11s
    cube 3804.143 (depth 1, 32 lits): UNSAT in 0.10s
    cube 3804.144 (depth 1, 32 lits): UNSAT in 0.02s
    cube 3804.145 (depth 1, 32 lits): UNSAT in 0.02s
    cube 3804.146 (depth 1, 32 lits): UNSAT in 0.02s
    cube 3804.147 (depth 1, 32 lits): UNSAT in 0.05s
    cube 3804.148 (depth 1, 32 lits): UNSAT in 0.03s
    cube 3804.149 (depth 1, 32 lits): UNSAT in 0.08s
    cube 3804.150 (depth 1, 32 lits): UNSAT in 0.26s
    cube 3804.151 (depth 1, 32 lits): UNSAT in 0.50s
    cube 3804.152 (depth 1, 32 lits): UNSAT in 0.01s
    cube 3804.153 (depth 1, 32 lits): UNSAT in 0.02s
    cube 3804.154 (depth 1, 32 lits): UNSAT in 0.01s
    cube 3804.155 (depth 1, 32 lits): UNSAT in 0.02s
    cube 3804.156 (depth 1, 32 lits): UNSAT in 0.02s
    cube 3804.157 (depth 1, 32 lits): UNSAT in 0.02s
    cube 3804.158 (depth 1, 32 lits): UNSAT in 0.01s
    cube 3804.159 (depth 1, 32 lits): UNSAT in 0.03s
    cube 3804.160 (depth 1, 32 lits): UNSAT in 0.03s
    cube 3804.161 (depth 1, 32 lits): UNSAT in 0.03s
    cube 3804.162 (depth 1, 32 lits): UNSAT in 0.08s
    cube 3804.163 (depth 1, 32 lits): UNSAT in 0.07s
    cube 3804.164 (depth 1, 32 lits): UNSAT in 0.04s
    cube 3804.165 (depth 1, 32 lits): UNSAT in 0.25s
    cube 3804.166 (depth 1, 32 lits): UNSAT in 0.23s
    cube 3804.167 (depth 1, 32 lits): UNSAT in 0.76s
    cube 3804.168 (depth 1, 32 lits): UNSAT in 0.02s
    cube 3804.169 (depth 1, 32 lits): UNSAT in 0.03s
    cube 3804.170 (depth 1, 32 lits): UNSAT in 0.02s
    cube 3804.171 (depth 1, 32 lits): UNSAT in 0.14s
    cube 3804.172 (depth 1, 32 lits): UNSAT in 0.09s
    cube 3804.173 (depth 1, 32 lits): UNSAT in 0.69s
    cube 3804.174 (depth 1, 32 lits): UNSAT in 0.49s
    cube 3804.175 (depth 1, 32 lits): UNSAT in 1.75s
    cube 3804.176 (depth 1, 32 lits): UNSAT in 0.03s
    cube 3804.177 (depth 1, 32 lits): UNSAT in 0.11s
    cube 3804.178 (depth 1, 32 lits): UNSAT in 0.10s
    cube 3804.179 (depth 1, 32 lits): UNSAT in 0.82s
    cube 3804.180 (depth 1, 32 lits): UNSAT in 0.88s
    cube 3804.181 (depth 1, 32 lits): UNSAT in 4.77s
    cube 3804.182 (depth 1, 32 lits): UNSAT in 2.30s
    cube 3804.183 (depth 1, 32 lits): UNSAT in 1.96s
    cube 3804.184 (depth 1, 32 lits): UNSAT in 0.02s
    cube 3804.185 (depth 1, 32 lits): UNSAT in 0.03s
    cube 3804.186 (depth 1, 32 lits): UNSAT in 0.03s
    cube 3804.187 (depth 1, 32 lits): UNSAT in 0.06s
    cube 3804.188 (depth 1, 32 lits): UNSAT in 0.03s
    cube 3804.189 (depth 1, 32 lits): UNSAT in 0.10s
    cube 3804.190 (depth 1, 32 lits): UNSAT in 0.11s
    cube 3804.191 (depth 1, 32 lits): UNSAT in 0.25s
    cube 3804.192 (depth 1, 32 lits): UNSAT in 0.06s
    cube 3804.193 (depth 1, 32 lits): UNSAT in 0.07s
    cube 3804.194 (depth 1, 32 lits): UNSAT in 0.05s
    cube 3804.195 (depth 1, 32 lits): UNSAT in 0.46s
    cube 3804.196 (depth 1, 32 lits): UNSAT in 0.18s
    cube 3804.197 (depth 1, 32 lits): UNSAT in 0.73s
    cube 3804.198 (depth 1, 32 lits): UNSAT in 0.80s
    cube 3804.199 (depth 1, 32 lits): UNSAT in 2.93s
    cube 3804.200 (depth 1, 32 lits): UNSAT in 0.03s
    cube 3804.201 (depth 1, 32 lits): UNSAT in 0.08s
    cube 3804.202 (depth 1, 32 lits): UNSAT in 0.09s
    cube 3804.203 (depth 1, 32 lits): UNSAT in 1.11s
    cube 3804.204 (depth 1, 32 lits): UNSAT in 0.14s
    cube 3804.205 (depth 1, 32 lits): UNSAT in 0.51s
    cube 3804.206 (depth 1, 32 lits): UNSAT in 0.39s
    cube 3804.207 (depth 1, 32 lits): UNSAT in 2.81s
    cube 3804.208 (depth 1, 32 lits): UNSAT in 0.20s
    cube 3804.209 (depth 1, 32 lits): UNSAT in 2.12s
    cube 3804.210 (depth 1, 32 lits): UNSAT in 0.70s
    cube 3804.211 (depth 1, 32 lits): UNSAT in 5.62s
    cube 3804.212 (depth 1, 32 lits): UNSAT in 0.31s
    cube 3804.213 (depth 1, 32 lits): UNSAT in 4.26s
    cube 3804.214 (depth 1, 32 lits): UNSAT in 2.63s
    cube 3804.215 (depth 1, 32 lits): UNSAT in 31.32s
    cube 3804.216 (depth 1, 32 lits): UNSAT in 0.04s
    cube 3804.217 (depth 1, 32 lits): UNSAT in 0.13s
    cube 3804.218 (depth 1, 32 lits): UNSAT in 0.10s
    cube 3804.219 (depth 1, 32 lits): UNSAT in 0.69s
    cube 3804.220 (depth 1, 32 lits): UNSAT in 0.05s
    cube 3804.221 (depth 1, 32 lits): UNSAT in 0.27s
    cube 3804.222 (depth 1, 32 lits): UNSAT in 0.94s
    cube 3804.223 (depth 1, 32 lits): UNSAT in 4.00s
    cube 3804.224 (depth 1, 32 lits): UNSAT in 0.11s
    cube 3804.225 (depth 1, 32 lits): UNSAT in 0.29s
    cube 3804.226 (depth 1, 32 lits): UNSAT in 0.29s
    cube 3804.227 (depth 1, 32 lits): UNSAT in 3.63s
    cube 3804.228 (depth 1, 32 lits): UNSAT in 0.49s
    cube 3804.229 (depth 1, 32 lits): UNSAT in 4.30s
    cube 3804.230 (depth 1, 32 lits): UNSAT in 3.37s
    cube 3804.231 (depth 1, 32 lits): UNSAT in 44.52s
    cube 3804.232 (depth 1, 32 lits): UNSAT in 0.08s
    cube 3804.233 (depth 1, 32 lits): UNSAT in 1.08s
    cube 3804.234 (depth 1, 32 lits): UNSAT in 1.43s
    cube 3804.235 (depth 1, 32 lits): UNSAT in 7.94s
    cube 3804.236 (depth 1, 32 lits): UNSAT in 0.28s
    cube 3804.237 (depth 1, 32 lits): UNSAT in 3.53s
    cube 3804.238 (depth 1, 32 lits): UNSAT in 11.75s
    cube 3804.239 (depth 1, 32 lits): UNSAT in 23.00s
    cube 3804.240 (depth 1, 32 lits): UNSAT in 0.22s
    cube 3804.241 (depth 1, 32 lits): UNSAT in 0.87s
    cube 3804.242 (depth 1, 32 lits): UNSAT in 0.18s
    cube 3804.243 (depth 1, 32 lits): UNSAT in 6.59s
    cube 3804.244 (depth 1, 32 lits): UNSAT in 0.27s
    cube 3804.245 (depth 1, 32 lits): UNSAT in 4.93s
    cube 3804.246 (depth 1, 32 lits): UNSAT in 7.42s
    cube 3804.247 (depth 1, 32 lits): UNSAT in 98.27s
    cube 3808 (depth 0, 24 lits): UNSAT in 2.24s
    cube 3812 (depth 0, 24 lits): UNSAT in 6.59s
    cube 3816 (depth 0, 24 lits): UNSAT in 46.70s
    cube 3820 (depth 0, 24 lits): TIMEOUT in 600.10s
    cube 3820 TIMEOUT -> re-split into 247 sub-cubes (depth 1)
    cube 3820.0 (depth 1, 32 lits): UNSAT in 0.02s
    cube 3820.1 (depth 1, 32 lits): UNSAT in 0.04s
    cube 3820.2 (depth 1, 32 lits): UNSAT in 0.04s
    cube 3820.3 (depth 1, 32 lits): UNSAT in 0.05s
    cube 3820.4 (depth 1, 32 lits): UNSAT in 0.04s
    cube 3820.5 (depth 1, 32 lits): UNSAT in 0.06s
    cube 3820.6 (depth 1, 32 lits): UNSAT in 0.04s
    cube 3820.7 (depth 1, 32 lits): UNSAT in 0.08s
    cube 3820.8 (depth 1, 32 lits): UNSAT in 0.02s
    cube 3820.9 (depth 1, 32 lits): UNSAT in 0.03s
    cube 3820.10 (depth 1, 32 lits): UNSAT in 0.05s
    cube 3820.11 (depth 1, 32 lits): UNSAT in 0.07s
    cube 3820.12 (depth 1, 32 lits): UNSAT in 0.03s
    cube 3820.13 (depth 1, 32 lits): UNSAT in 0.05s
    cube 3820.14 (depth 1, 32 lits): UNSAT in 0.06s
    cube 3820.15 (depth 1, 32 lits): UNSAT in 0.29s
    cube 3820.16 (depth 1, 32 lits): UNSAT in 0.01s
    cube 3820.17 (depth 1, 32 lits): UNSAT in 0.02s
    cube 3820.18 (depth 1, 32 lits): UNSAT in 0.01s
    cube 3820.19 (depth 1, 32 lits): UNSAT in 0.03s
    cube 3820.20 (depth 1, 32 lits): UNSAT in 0.03s
    cube 3820.21 (depth 1, 32 lits): UNSAT in 0.04s
    cube 3820.22 (depth 1, 32 lits): UNSAT in 0.03s
    cube 3820.23 (depth 1, 32 lits): UNSAT in 0.06s
    cube 3820.24 (depth 1, 32 lits): UNSAT in 0.03s
    cube 3820.25 (depth 1, 32 lits): UNSAT in 0.05s
    cube 3820.26 (depth 1, 32 lits): UNSAT in 0.06s
    cube 3820.27 (depth 1, 32 lits): UNSAT in 0.14s
    cube 3820.28 (depth 1, 32 lits): UNSAT in 0.05s
    cube 3820.29 (depth 1, 32 lits): UNSAT in 0.08s
    cube 3820.30 (depth 1, 32 lits): UNSAT in 0.08s
    cube 3820.31 (depth 1, 32 lits): UNSAT in 0.33s
    cube 3820.32 (depth 1, 31 lits): UNSAT in 0.02s
    cube 3820.33 (depth 1, 32 lits): UNSAT in 0.02s
    cube 3820.34 (depth 1, 32 lits): UNSAT in 0.03s
    cube 3820.35 (depth 1, 32 lits): UNSAT in 0.02s
    cube 3820.36 (depth 1, 32 lits): UNSAT in 0.04s
    cube 3820.37 (depth 1, 32 lits): UNSAT in 0.03s
    cube 3820.38 (depth 1, 32 lits): UNSAT in 0.06s
    cube 3820.39 (depth 1, 32 lits): UNSAT in 0.05s
    cube 3820.40 (depth 1, 32 lits): UNSAT in 0.06s
    cube 3820.41 (depth 1, 32 lits): UNSAT in 0.07s
    cube 3820.42 (depth 1, 32 lits): UNSAT in 0.10s
    cube 3820.43 (depth 1, 32 lits): UNSAT in 0.06s
    cube 3820.44 (depth 1, 32 lits): UNSAT in 0.11s
    cube 3820.45 (depth 1, 32 lits): UNSAT in 0.13s
    cube 3820.46 (depth 1, 32 lits): UNSAT in 0.23s
    cube 3820.47 (depth 1, 32 lits): UNSAT in 0.01s
    cube 3820.48 (depth 1, 32 lits): UNSAT in 0.02s
    cube 3820.49 (depth 1, 32 lits): UNSAT in 0.02s
    cube 3820.50 (depth 1, 32 lits): UNSAT in 0.11s
    cube 3820.51 (depth 1, 32 lits): UNSAT in 0.03s
    cube 3820.52 (depth 1, 32 lits): UNSAT in 0.08s
    cube 3820.53 (depth 1, 32 lits): UNSAT in 0.11s
    cube 3820.54 (depth 1, 32 lits): UNSAT in 0.29s
    cube 3820.55 (depth 1, 32 lits): UNSAT in 0.09s
    cube 3820.56 (depth 1, 32 lits): UNSAT in 0.22s
    cube 3820.57 (depth 1, 32 lits): UNSAT in 0.15s
    cube 3820.58 (depth 1, 32 lits): UNSAT in 0.47s
    cube 3820.59 (depth 1, 32 lits): UNSAT in 0.26s
    cube 3820.60 (depth 1, 32 lits): UNSAT in 0.93s
    cube 3820.61 (depth 1, 32 lits): UNSAT in 0.41s
    cube 3820.62 (depth 1, 32 lits): UNSAT in 1.72s
    cube 3820.63 (depth 1, 31 lits): UNSAT in 0.01s
    cube 3820.64 (depth 1, 32 lits): UNSAT in 0.01s
    cube 3820.65 (depth 1, 32 lits): UNSAT in 0.02s
    cube 3820.66 (depth 1, 32 lits): UNSAT in 0.02s
    cube 3820.67 (depth 1, 32 lits): UNSAT in 0.02s
    cube 3820.68 (depth 1, 32 lits): UNSAT in 0.02s
    cube 3820.69 (depth 1, 32 lits): UNSAT in 0.02s
    cube 3820.70 (depth 1, 32 lits): UNSAT in 0.01s
    cube 3820.71 (depth 1, 32 lits): UNSAT in 0.02s
    cube 3820.72 (depth 1, 32 lits): UNSAT in 0.01s
    cube 3820.73 (depth 1, 32 lits): UNSAT in 0.02s
    cube 3820.74 (depth 1, 32 lits): UNSAT in 0.02s
    cube 3820.75 (depth 1, 32 lits): UNSAT in 0.07s
    cube 3820.76 (depth 1, 32 lits): UNSAT in 0.06s
    cube 3820.77 (depth 1, 32 lits): UNSAT in 0.28s
    cube 3820.78 (depth 1, 32 lits): UNSAT in 0.02s
    cube 3820.79 (depth 1, 32 lits): UNSAT in 0.02s
    cube 3820.80 (depth 1, 32 lits): UNSAT in 0.02s
    cube 3820.81 (depth 1, 32 lits): UNSAT in 0.05s
    cube 3820.82 (depth 1, 32 lits): UNSAT in 0.03s
    cube 3820.83 (depth 1, 32 lits): UNSAT in 0.07s
    cube 3820.84 (depth 1, 32 lits): UNSAT in 0.02s
    cube 3820.85 (depth 1, 32 lits): UNSAT in 0.06s
    cube 3820.86 (depth 1, 32 lits): UNSAT in 0.03s
    cube 3820.87 (depth 1, 32 lits): UNSAT in 0.03s
    cube 3820.88 (depth 1, 32 lits): UNSAT in 0.04s
    cube 3820.89 (depth 1, 32 lits): UNSAT in 0.06s
    cube 3820.90 (depth 1, 32 lits): UNSAT in 0.05s
    cube 3820.91 (depth 1, 32 lits): UNSAT in 0.12s
    cube 3820.92 (depth 1, 32 lits): UNSAT in 0.10s
    cube 3820.93 (depth 1, 32 lits): UNSAT in 0.84s
    cube 3820.94 (depth 1, 32 lits): UNSAT in 0.02s
    cube 3820.95 (depth 1, 32 lits): UNSAT in 0.02s
    cube 3820.96 (depth 1, 32 lits): UNSAT in 0.02s
    cube 3820.97 (depth 1, 32 lits): UNSAT in 0.04s
    cube 3820.98 (depth 1, 32 lits): UNSAT in 0.03s
    cube 3820.99 (depth 1, 32 lits): UNSAT in 0.02s
    cube 3820.100 (depth 1, 32 lits): UNSAT in 0.03s
    cube 3820.101 (depth 1, 32 lits): UNSAT in 0.06s
    cube 3820.102 (depth 1, 32 lits): UNSAT in 0.03s
    cube 3820.103 (depth 1, 32 lits): UNSAT in 0.07s
    cube 3820.104 (depth 1, 32 lits): UNSAT in 0.11s
    cube 3820.105 (depth 1, 32 lits): UNSAT in 0.11s
    cube 3820.106 (depth 1, 32 lits): UNSAT in 0.03s
    cube 3820.107 (depth 1, 32 lits): UNSAT in 0.06s
    cube 3820.108 (depth 1, 32 lits): UNSAT in 0.06s
    cube 3820.109 (depth 1, 32 lits): UNSAT in 0.35s
    cube 3820.110 (depth 1, 32 lits): UNSAT in 0.02s
    cube 3820.111 (depth 1, 32 lits): UNSAT in 0.08s
    cube 3820.112 (depth 1, 32 lits): UNSAT in 0.05s
    cube 3820.113 (depth 1, 32 lits): UNSAT in 0.20s
    cube 3820.114 (depth 1, 32 lits): UNSAT in 0.22s
    cube 3820.115 (depth 1, 32 lits): UNSAT in 1.64s
    cube 3820.116 (depth 1, 32 lits): UNSAT in 0.32s
    cube 3820.117 (depth 1, 32 lits): UNSAT in 2.39s
    cube 3820.118 (depth 1, 32 lits): UNSAT in 0.05s
    cube 3820.119 (depth 1, 32 lits): UNSAT in 0.22s
    cube 3820.120 (depth 1, 32 lits): UNSAT in 0.07s
    cube 3820.121 (depth 1, 32 lits): UNSAT in 0.51s
    cube 3820.122 (depth 1, 32 lits): UNSAT in 0.65s
    cube 3820.123 (depth 1, 32 lits): UNSAT in 0.79s
    cube 3820.124 (depth 1, 32 lits): UNSAT in 0.27s
    cube 3820.125 (depth 1, 32 lits): UNSAT in 1.25s
    cube 3820.126 (depth 1, 30 lits): UNSAT in 0.02s
    cube 3820.127 (depth 1, 31 lits): UNSAT in 0.01s
    cube 3820.128 (depth 1, 31 lits): UNSAT in 0.03s
    cube 3820.129 (depth 1, 31 lits): UNSAT in 0.02s
    cube 3820.130 (depth 1, 32 lits): UNSAT in 0.02s
    cube 3820.131 (depth 1, 32 lits): UNSAT in 0.02s
    cube 3820.132 (depth 1, 32 lits): UNSAT in 0.02s
    cube 3820.133 (depth 1, 32 lits): UNSAT in 0.02s
    cube 3820.134 (depth 1, 32 lits): UNSAT in 0.02s
    cube 3820.135 (depth 1, 32 lits): UNSAT in 0.04s
    cube 3820.136 (depth 1, 32 lits): UNSAT in 0.02s
    cube 3820.137 (depth 1, 32 lits): UNSAT in 0.03s
    cube 3820.138 (depth 1, 32 lits): UNSAT in 0.02s
    cube 3820.139 (depth 1, 32 lits): UNSAT in 0.02s
    cube 3820.140 (depth 1, 32 lits): UNSAT in 0.03s
    cube 3820.141 (depth 1, 32 lits): UNSAT in 0.06s
    cube 3820.142 (depth 1, 32 lits): UNSAT in 0.04s
    cube 3820.143 (depth 1, 32 lits): UNSAT in 0.06s
    cube 3820.144 (depth 1, 32 lits): UNSAT in 0.02s
    cube 3820.145 (depth 1, 32 lits): UNSAT in 0.02s
    cube 3820.146 (depth 1, 32 lits): UNSAT in 0.05s
    cube 3820.147 (depth 1, 32 lits): UNSAT in 0.05s
    cube 3820.148 (depth 1, 31 lits): UNSAT in 0.02s
    cube 3820.149 (depth 1, 32 lits): UNSAT in 0.02s
    cube 3820.150 (depth 1, 32 lits): UNSAT in 0.27s
    cube 3820.151 (depth 1, 32 lits): UNSAT in 0.02s
    cube 3820.152 (depth 1, 32 lits): UNSAT in 0.02s
    cube 3820.153 (depth 1, 32 lits): UNSAT in 0.03s
    cube 3820.154 (depth 1, 32 lits): UNSAT in 0.02s
    cube 3820.155 (depth 1, 32 lits): UNSAT in 0.01s
    cube 3820.156 (depth 1, 32 lits): UNSAT in 0.05s
    cube 3820.157 (depth 1, 32 lits): UNSAT in 0.03s
    cube 3820.158 (depth 1, 32 lits): UNSAT in 0.07s
    cube 3820.159 (depth 1, 32 lits): UNSAT in 0.03s
    cube 3820.160 (depth 1, 32 lits): UNSAT in 0.03s
    cube 3820.161 (depth 1, 32 lits): UNSAT in 0.04s
    cube 3820.162 (depth 1, 32 lits): UNSAT in 0.09s
    cube 3820.163 (depth 1, 32 lits): UNSAT in 0.02s
    cube 3820.164 (depth 1, 32 lits): UNSAT in 0.04s
    cube 3820.165 (depth 1, 32 lits): UNSAT in 0.20s
    cube 3820.166 (depth 1, 32 lits): UNSAT in 0.26s
    cube 3820.167 (depth 1, 32 lits): UNSAT in 0.02s
    cube 3820.168 (depth 1, 32 lits): UNSAT in 0.04s
    cube 3820.169 (depth 1, 32 lits): UNSAT in 0.03s
    cube 3820.170 (depth 1, 32 lits): UNSAT in 0.15s
    cube 3820.171 (depth 1, 32 lits): UNSAT in 0.02s
    cube 3820.172 (depth 1, 32 lits): UNSAT in 0.02s
    cube 3820.173 (depth 1, 32 lits): UNSAT in 0.03s
    cube 3820.174 (depth 1, 32 lits): UNSAT in 0.10s
    cube 3820.175 (depth 1, 32 lits): UNSAT in 0.04s
    cube 3820.176 (depth 1, 32 lits): UNSAT in 0.03s
    cube 3820.177 (depth 1, 32 lits): UNSAT in 0.06s
    cube 3820.178 (depth 1, 32 lits): UNSAT in 0.17s
    cube 3820.179 (depth 1, 32 lits): UNSAT in 0.08s
    cube 3820.180 (depth 1, 32 lits): UNSAT in 0.11s
    cube 3820.181 (depth 1, 32 lits): UNSAT in 0.26s
    cube 3820.182 (depth 1, 32 lits): UNSAT in 0.45s
    cube 3820.183 (depth 1, 32 lits): UNSAT in 0.02s
    cube 3820.184 (depth 1, 32 lits): UNSAT in 0.05s
    cube 3820.185 (depth 1, 32 lits): UNSAT in 0.02s
    cube 3820.186 (depth 1, 32 lits): UNSAT in 0.11s
    cube 3820.187 (depth 1, 32 lits): UNSAT in 0.03s
    cube 3820.188 (depth 1, 32 lits): UNSAT in 0.03s
    cube 3820.189 (depth 1, 32 lits): UNSAT in 0.02s
    cube 3820.190 (depth 1, 32 lits): UNSAT in 0.16s
    cube 3820.191 (depth 1, 32 lits): UNSAT in 0.03s
    cube 3820.192 (depth 1, 32 lits): UNSAT in 0.04s
    cube 3820.193 (depth 1, 32 lits): UNSAT in 0.05s
    cube 3820.194 (depth 1, 32 lits): UNSAT in 0.13s
    cube 3820.195 (depth 1, 32 lits): UNSAT in 0.06s
    cube 3820.196 (depth 1, 32 lits): UNSAT in 0.09s
    cube 3820.197 (depth 1, 32 lits): UNSAT in 0.13s
    cube 3820.198 (depth 1, 32 lits): UNSAT in 0.46s
    cube 3820.199 (depth 1, 32 lits): UNSAT in 0.02s
    cube 3820.200 (depth 1, 32 lits): UNSAT in 0.04s
    cube 3820.201 (depth 1, 32 lits): UNSAT in 0.06s
    cube 3820.202 (depth 1, 32 lits): UNSAT in 0.03s
    cube 3820.203 (depth 1, 32 lits): UNSAT in 0.03s
    cube 3820.204 (depth 1, 32 lits): UNSAT in 0.24s
    cube 3820.205 (depth 1, 32 lits): UNSAT in 0.09s
    cube 3820.206 (depth 1, 32 lits): UNSAT in 0.13s
    cube 3820.207 (depth 1, 32 lits): UNSAT in 0.08s
    cube 3820.208 (depth 1, 32 lits): UNSAT in 0.33s
    cube 3820.209 (depth 1, 32 lits): UNSAT in 0.32s
    cube 3820.210 (depth 1, 32 lits): UNSAT in 2.02s
    cube 3820.211 (depth 1, 32 lits): UNSAT in 0.05s
    cube 3820.212 (depth 1, 32 lits): UNSAT in 0.41s
    cube 3820.213 (depth 1, 32 lits): UNSAT in 1.89s
    cube 3820.214 (depth 1, 32 lits): UNSAT in 3.22s
    cube 3820.215 (depth 1, 32 lits): UNSAT in 0.03s
    cube 3820.216 (depth 1, 32 lits): UNSAT in 0.03s
    cube 3820.217 (depth 1, 32 lits): UNSAT in 0.04s
    cube 3820.218 (depth 1, 32 lits): UNSAT in 0.10s
    cube 3820.219 (depth 1, 32 lits): UNSAT in 0.05s
    cube 3820.220 (depth 1, 32 lits): UNSAT in 0.13s
    cube 3820.221 (depth 1, 32 lits): UNSAT in 0.06s
    cube 3820.222 (depth 1, 32 lits): UNSAT in 0.18s
    cube 3820.223 (depth 1, 32 lits): UNSAT in 0.01s
    cube 3820.224 (depth 1, 32 lits): UNSAT in 0.04s
    cube 3820.225 (depth 1, 32 lits): UNSAT in 0.11s
    cube 3820.226 (depth 1, 32 lits): UNSAT in 0.27s
    cube 3820.227 (depth 1, 32 lits): UNSAT in 0.32s
    cube 3820.228 (depth 1, 32 lits): UNSAT in 0.37s
    cube 3820.229 (depth 1, 32 lits): UNSAT in 0.12s
    cube 3820.230 (depth 1, 32 lits): UNSAT in 2.61s
    cube 3820.231 (depth 1, 32 lits): UNSAT in 0.12s
    cube 3820.232 (depth 1, 32 lits): UNSAT in 0.41s
    cube 3820.233 (depth 1, 32 lits): UNSAT in 0.11s
    cube 3820.234 (depth 1, 32 lits): UNSAT in 1.22s
    cube 3820.235 (depth 1, 32 lits): UNSAT in 0.16s
    cube 3820.236 (depth 1, 32 lits): UNSAT in 1.03s
    cube 3820.237 (depth 1, 32 lits): UNSAT in 3.36s
    cube 3820.238 (depth 1, 32 lits): UNSAT in 4.92s
    cube 3820.239 (depth 1, 32 lits): UNSAT in 0.16s
    cube 3820.240 (depth 1, 32 lits): UNSAT in 0.43s
    cube 3820.241 (depth 1, 32 lits): UNSAT in 0.57s
    cube 3820.242 (depth 1, 32 lits): UNSAT in 17.37s
    cube 3820.243 (depth 1, 32 lits): UNSAT in 0.98s
    cube 3820.244 (depth 1, 32 lits): UNSAT in 22.89s
    cube 3820.245 (depth 1, 32 lits): UNSAT in 0.62s
    cube 3820.246 (depth 1, 32 lits): UNSAT in 12.73s
    cube 3824 (depth 0, 24 lits): UNSAT in 81.39s
    cube 3828 (depth 0, 24 lits): TIMEOUT in 600.01s
    cube 3828 TIMEOUT -> re-split into 249 sub-cubes (depth 1)
    cube 3828.0 (depth 1, 30 lits): UNSAT in 0.02s
    cube 3828.1 (depth 1, 32 lits): UNSAT in 0.02s
    cube 3828.2 (depth 1, 32 lits): UNSAT in 0.02s
    cube 3828.3 (depth 1, 32 lits): UNSAT in 0.02s
    cube 3828.4 (depth 1, 32 lits): UNSAT in 0.03s
    cube 3828.5 (depth 1, 32 lits): UNSAT in 0.01s
    cube 3828.6 (depth 1, 32 lits): UNSAT in 0.01s
    cube 3828.7 (depth 1, 32 lits): UNSAT in 0.02s
    cube 3828.8 (depth 1, 32 lits): UNSAT in 0.02s
    cube 3828.9 (depth 1, 32 lits): UNSAT in 0.02s
    cube 3828.10 (depth 1, 32 lits): UNSAT in 0.02s
    cube 3828.11 (depth 1, 32 lits): UNSAT in 0.02s
    cube 3828.12 (depth 1, 32 lits): UNSAT in 0.02s
    cube 3828.13 (depth 1, 31 lits): UNSAT in 0.02s
    cube 3828.14 (depth 1, 32 lits): UNSAT in 0.02s
    cube 3828.15 (depth 1, 32 lits): UNSAT in 0.03s
    cube 3828.16 (depth 1, 32 lits): UNSAT in 0.02s
    cube 3828.17 (depth 1, 32 lits): UNSAT in 0.02s
    cube 3828.18 (depth 1, 32 lits): UNSAT in 0.02s
    cube 3828.19 (depth 1, 32 lits): UNSAT in 0.01s
    cube 3828.20 (depth 1, 32 lits): UNSAT in 0.01s
    cube 3828.21 (depth 1, 32 lits): UNSAT in 0.02s
    cube 3828.22 (depth 1, 32 lits): UNSAT in 0.03s
    cube 3828.23 (depth 1, 32 lits): UNSAT in 0.05s
    cube 3828.24 (depth 1, 32 lits): UNSAT in 0.02s
    cube 3828.25 (depth 1, 32 lits): UNSAT in 0.03s
    cube 3828.26 (depth 1, 32 lits): UNSAT in 0.03s
    cube 3828.27 (depth 1, 32 lits): UNSAT in 0.04s
    cube 3828.28 (depth 1, 31 lits): UNSAT in 0.02s
    cube 3828.29 (depth 1, 32 lits): UNSAT in 0.02s
    cube 3828.30 (depth 1, 32 lits): UNSAT in 0.02s
    cube 3828.31 (depth 1, 32 lits): UNSAT in 0.01s
    cube 3828.32 (depth 1, 32 lits): UNSAT in 0.02s
    cube 3828.33 (depth 1, 32 lits): UNSAT in 0.02s
    cube 3828.34 (depth 1, 32 lits): UNSAT in 0.03s
    cube 3828.35 (depth 1, 32 lits): UNSAT in 0.01s
    cube 3828.36 (depth 1, 32 lits): UNSAT in 0.01s
    cube 3828.37 (depth 1, 31 lits): UNSAT in 0.01s
    cube 3828.38 (depth 1, 32 lits): UNSAT in 0.02s
    cube 3828.39 (depth 1, 32 lits): UNSAT in 0.05s
    cube 3828.40 (depth 1, 32 lits): UNSAT in 0.03s
    cube 3828.41 (depth 1, 32 lits): UNSAT in 0.08s
    cube 3828.42 (depth 1, 32 lits): UNSAT in 0.01s
    cube 3828.43 (depth 1, 32 lits): UNSAT in 0.02s
    cube 3828.44 (depth 1, 32 lits): UNSAT in 0.03s
    cube 3828.45 (depth 1, 32 lits): UNSAT in 0.06s
    cube 3828.46 (depth 1, 32 lits): UNSAT in 0.02s
    cube 3828.47 (depth 1, 32 lits): UNSAT in 0.06s
    cube 3828.48 (depth 1, 32 lits): UNSAT in 0.02s
    cube 3828.49 (depth 1, 32 lits): UNSAT in 0.04s
    cube 3828.50 (depth 1, 32 lits): UNSAT in 0.03s
    cube 3828.51 (depth 1, 32 lits): UNSAT in 0.06s
    cube 3828.52 (depth 1, 32 lits): UNSAT in 0.04s
    cube 3828.53 (depth 1, 32 lits): UNSAT in 0.10s
    cube 3828.54 (depth 1, 32 lits): UNSAT in 0.05s
    cube 3828.55 (depth 1, 32 lits): UNSAT in 0.03s
    cube 3828.56 (depth 1, 32 lits): UNSAT in 0.21s
    cube 3828.57 (depth 1, 32 lits): UNSAT in 0.06s
    cube 3828.58 (depth 1, 32 lits): UNSAT in 0.01s
    cube 3828.59 (depth 1, 32 lits): UNSAT in 0.02s
    cube 3828.60 (depth 1, 32 lits): UNSAT in 0.02s
    cube 3828.61 (depth 1, 32 lits): UNSAT in 0.03s
    cube 3828.62 (depth 1, 32 lits): UNSAT in 0.02s
    cube 3828.63 (depth 1, 32 lits): UNSAT in 0.02s
    cube 3828.64 (depth 1, 32 lits): UNSAT in 0.02s
    cube 3828.65 (depth 1, 32 lits): UNSAT in 0.02s
    cube 3828.66 (depth 1, 32 lits): UNSAT in 0.03s
    cube 3828.67 (depth 1, 32 lits): UNSAT in 0.02s
    cube 3828.68 (depth 1, 32 lits): UNSAT in 0.02s
    cube 3828.69 (depth 1, 32 lits): UNSAT in 0.05s
    cube 3828.70 (depth 1, 32 lits): UNSAT in 0.02s
    cube 3828.71 (depth 1, 32 lits): UNSAT in 0.06s
    cube 3828.72 (depth 1, 32 lits): UNSAT in 0.04s
    cube 3828.73 (depth 1, 32 lits): UNSAT in 0.09s
    cube 3828.74 (depth 1, 32 lits): UNSAT in 0.02s
    cube 3828.75 (depth 1, 32 lits): UNSAT in 0.04s
    cube 3828.76 (depth 1, 32 lits): UNSAT in 0.03s
    cube 3828.77 (depth 1, 32 lits): UNSAT in 0.02s
    cube 3828.78 (depth 1, 32 lits): UNSAT in 0.01s
    cube 3828.79 (depth 1, 32 lits): UNSAT in 0.03s
    cube 3828.80 (depth 1, 32 lits): UNSAT in 0.03s
    cube 3828.81 (depth 1, 32 lits): UNSAT in 0.02s
    cube 3828.82 (depth 1, 32 lits): UNSAT in 0.03s
    cube 3828.83 (depth 1, 32 lits): UNSAT in 0.02s
    cube 3828.84 (depth 1, 32 lits): UNSAT in 0.02s
    cube 3828.85 (depth 1, 32 lits): UNSAT in 0.01s
    cube 3828.86 (depth 1, 32 lits): UNSAT in 0.12s
    cube 3828.87 (depth 1, 32 lits): UNSAT in 0.42s
    cube 3828.88 (depth 1, 32 lits): UNSAT in 0.33s
    cube 3828.89 (depth 1, 32 lits): UNSAT in 0.24s
    cube 3828.90 (depth 1, 32 lits): UNSAT in 0.01s
    cube 3828.91 (depth 1, 32 lits): UNSAT in 0.02s
    cube 3828.92 (depth 1, 32 lits): UNSAT in 0.02s
    cube 3828.93 (depth 1, 32 lits): UNSAT in 0.03s
    cube 3828.94 (depth 1, 32 lits): UNSAT in 0.03s
    cube 3828.95 (depth 1, 32 lits): UNSAT in 0.05s
    cube 3828.96 (depth 1, 32 lits): UNSAT in 0.04s
    cube 3828.97 (depth 1, 32 lits): UNSAT in 0.03s
    cube 3828.98 (depth 1, 32 lits): UNSAT in 0.03s
    cube 3828.99 (depth 1, 32 lits): UNSAT in 0.02s
    cube 3828.100 (depth 1, 32 lits): UNSAT in 0.02s
    cube 3828.101 (depth 1, 32 lits): UNSAT in 0.08s
    cube 3828.102 (depth 1, 32 lits): UNSAT in 0.02s
    cube 3828.103 (depth 1, 32 lits): UNSAT in 0.04s
    cube 3828.104 (depth 1, 32 lits): UNSAT in 0.02s
    cube 3828.105 (depth 1, 32 lits): UNSAT in 0.08s
    cube 3828.106 (depth 1, 32 lits): UNSAT in 0.02s
    cube 3828.107 (depth 1, 32 lits): UNSAT in 0.02s
    cube 3828.108 (depth 1, 32 lits): UNSAT in 0.03s
    cube 3828.109 (depth 1, 32 lits): UNSAT in 0.04s
    cube 3828.110 (depth 1, 32 lits): UNSAT in 0.03s
    cube 3828.111 (depth 1, 32 lits): UNSAT in 0.02s
    cube 3828.112 (depth 1, 32 lits): UNSAT in 0.28s
    cube 3828.113 (depth 1, 32 lits): UNSAT in 0.75s
    cube 3828.114 (depth 1, 32 lits): UNSAT in 0.03s
    cube 3828.115 (depth 1, 32 lits): UNSAT in 0.08s
    cube 3828.116 (depth 1, 32 lits): UNSAT in 0.09s
    cube 3828.117 (depth 1, 32 lits): UNSAT in 0.66s
    cube 3828.118 (depth 1, 32 lits): UNSAT in 0.28s
    cube 3828.119 (depth 1, 32 lits): UNSAT in 1.39s
    cube 3828.120 (depth 1, 32 lits): UNSAT in 2.65s
    cube 3828.121 (depth 1, 32 lits): UNSAT in 0.99s
    cube 3828.122 (depth 1, 31 lits): UNSAT in 0.01s
    cube 3828.123 (depth 1, 32 lits): UNSAT in 0.02s
    cube 3828.124 (depth 1, 32 lits): UNSAT in 0.05s
    cube 3828.125 (depth 1, 32 lits): UNSAT in 0.03s
    cube 3828.126 (depth 1, 32 lits): UNSAT in 0.03s
    cube 3828.127 (depth 1, 32 lits): UNSAT in 0.09s
    cube 3828.128 (depth 1, 32 lits): UNSAT in 0.14s
    cube 3828.129 (depth 1, 32 lits): UNSAT in 0.03s
    cube 3828.130 (depth 1, 32 lits): UNSAT in 0.02s
    cube 3828.131 (depth 1, 32 lits): UNSAT in 0.03s
    cube 3828.132 (depth 1, 32 lits): UNSAT in 0.07s
    cube 3828.133 (depth 1, 32 lits): UNSAT in 0.04s
    cube 3828.134 (depth 1, 32 lits): UNSAT in 0.15s
    cube 3828.135 (depth 1, 32 lits): UNSAT in 0.08s
    cube 3828.136 (depth 1, 32 lits): UNSAT in 0.32s
    cube 3828.137 (depth 1, 32 lits): UNSAT in 0.02s
    cube 3828.138 (depth 1, 32 lits): UNSAT in 0.02s
    cube 3828.139 (depth 1, 32 lits): UNSAT in 0.02s
    cube 3828.140 (depth 1, 32 lits): UNSAT in 0.07s
    cube 3828.141 (depth 1, 32 lits): UNSAT in 0.02s
    cube 3828.142 (depth 1, 32 lits): UNSAT in 0.07s
    cube 3828.143 (depth 1, 32 lits): UNSAT in 0.12s
    cube 3828.144 (depth 1, 32 lits): UNSAT in 0.36s
    cube 3828.145 (depth 1, 32 lits): UNSAT in 0.04s
    cube 3828.146 (depth 1, 32 lits): UNSAT in 0.14s
    cube 3828.147 (depth 1, 32 lits): UNSAT in 0.16s
    cube 3828.148 (depth 1, 32 lits): UNSAT in 0.33s
    cube 3828.149 (depth 1, 32 lits): UNSAT in 0.75s
    cube 3828.150 (depth 1, 32 lits): UNSAT in 2.12s
    cube 3828.151 (depth 1, 32 lits): UNSAT in 1.25s
    cube 3828.152 (depth 1, 32 lits): UNSAT in 5.66s
    cube 3828.153 (depth 1, 32 lits): UNSAT in 0.01s
    cube 3828.154 (depth 1, 32 lits): UNSAT in 0.02s
    cube 3828.155 (depth 1, 32 lits): UNSAT in 0.04s
    cube 3828.156 (depth 1, 32 lits): UNSAT in 0.04s
    cube 3828.157 (depth 1, 32 lits): UNSAT in 0.04s
    cube 3828.158 (depth 1, 32 lits): UNSAT in 0.09s
    cube 3828.159 (depth 1, 32 lits): UNSAT in 0.05s
    cube 3828.160 (depth 1, 32 lits): UNSAT in 0.06s
    cube 3828.161 (depth 1, 32 lits): UNSAT in 0.05s
    cube 3828.162 (depth 1, 32 lits): UNSAT in 0.06s
    cube 3828.163 (depth 1, 32 lits): UNSAT in 0.08s
    cube 3828.164 (depth 1, 32 lits): UNSAT in 0.29s
    cube 3828.165 (depth 1, 32 lits): UNSAT in 0.20s
    cube 3828.166 (depth 1, 32 lits): UNSAT in 0.27s
    cube 3828.167 (depth 1, 32 lits): UNSAT in 0.59s
    cube 3828.168 (depth 1, 32 lits): UNSAT in 4.61s
    cube 3828.169 (depth 1, 32 lits): UNSAT in 0.02s
    cube 3828.170 (depth 1, 32 lits): UNSAT in 0.05s
    cube 3828.171 (depth 1, 32 lits): UNSAT in 0.04s
    cube 3828.172 (depth 1, 32 lits): UNSAT in 0.75s
    cube 3828.173 (depth 1, 32 lits): UNSAT in 0.08s
    cube 3828.174 (depth 1, 32 lits): UNSAT in 0.06s
    cube 3828.175 (depth 1, 32 lits): UNSAT in 0.59s
    cube 3828.176 (depth 1, 32 lits): UNSAT in 2.91s
    cube 3828.177 (depth 1, 32 lits): UNSAT in 0.03s
    cube 3828.178 (depth 1, 32 lits): UNSAT in 0.22s
    cube 3828.179 (depth 1, 32 lits): UNSAT in 0.22s
    cube 3828.180 (depth 1, 32 lits): UNSAT in 0.61s
    cube 3828.181 (depth 1, 32 lits): UNSAT in 0.52s
    cube 3828.182 (depth 1, 32 lits): UNSAT in 9.97s
    cube 3828.183 (depth 1, 32 lits): UNSAT in 3.25s
    cube 3828.184 (depth 1, 32 lits): UNSAT in 6.77s
    cube 3828.185 (depth 1, 32 lits): UNSAT in 0.01s
    cube 3828.186 (depth 1, 32 lits): UNSAT in 0.03s
    cube 3828.187 (depth 1, 32 lits): UNSAT in 0.02s
    cube 3828.188 (depth 1, 32 lits): UNSAT in 0.03s
    cube 3828.189 (depth 1, 32 lits): UNSAT in 0.04s
    cube 3828.190 (depth 1, 32 lits): UNSAT in 0.06s
    cube 3828.191 (depth 1, 32 lits): UNSAT in 0.03s
    cube 3828.192 (depth 1, 32 lits): UNSAT in 0.15s
    cube 3828.193 (depth 1, 32 lits): UNSAT in 0.03s
    cube 3828.194 (depth 1, 32 lits): UNSAT in 0.10s
    cube 3828.195 (depth 1, 32 lits): UNSAT in 0.06s
    cube 3828.196 (depth 1, 32 lits): UNSAT in 0.06s
    cube 3828.197 (depth 1, 32 lits): UNSAT in 0.19s
    cube 3828.198 (depth 1, 32 lits): UNSAT in 0.23s
    cube 3828.199 (depth 1, 32 lits): UNSAT in 0.10s
    cube 3828.200 (depth 1, 32 lits): UNSAT in 1.09s
    cube 3828.201 (depth 1, 32 lits): UNSAT in 0.10s
    cube 3828.202 (depth 1, 32 lits): UNSAT in 0.11s
    cube 3828.203 (depth 1, 32 lits): UNSAT in 0.10s
    cube 3828.204 (depth 1, 32 lits): UNSAT in 0.31s
    cube 3828.205 (depth 1, 32 lits): UNSAT in 0.03s
    cube 3828.206 (depth 1, 32 lits): UNSAT in 0.43s
    cube 3828.207 (depth 1, 32 lits): UNSAT in 0.36s
    cube 3828.208 (depth 1, 32 lits): UNSAT in 1.05s
    cube 3828.209 (depth 1, 32 lits): UNSAT in 0.06s
    cube 3828.210 (depth 1, 32 lits): UNSAT in 0.19s
    cube 3828.211 (depth 1, 32 lits): UNSAT in 0.08s
    cube 3828.212 (depth 1, 32 lits): UNSAT in 0.83s
    cube 3828.213 (depth 1, 32 lits): UNSAT in 0.22s
    cube 3828.214 (depth 1, 32 lits): UNSAT in 0.77s
    cube 3828.215 (depth 1, 32 lits): UNSAT in 2.07s
    cube 3828.216 (depth 1, 32 lits): UNSAT in 15.47s
    cube 3828.217 (depth 1, 32 lits): UNSAT in 0.07s
    cube 3828.218 (depth 1, 32 lits): UNSAT in 0.32s
    cube 3828.219 (depth 1, 32 lits): UNSAT in 0.13s
    cube 3828.220 (depth 1, 32 lits): UNSAT in 1.35s
    cube 3828.221 (depth 1, 32 lits): UNSAT in 0.12s
    cube 3828.222 (depth 1, 32 lits): UNSAT in 0.43s
    cube 3828.223 (depth 1, 32 lits): UNSAT in 0.88s
    cube 3828.224 (depth 1, 32 lits): UNSAT in 4.34s
    cube 3828.225 (depth 1, 32 lits): UNSAT in 0.18s
    cube 3828.226 (depth 1, 32 lits): UNSAT in 0.32s
    cube 3828.227 (depth 1, 32 lits): UNSAT in 0.20s
    cube 3828.228 (depth 1, 32 lits): UNSAT in 2.45s
    cube 3828.229 (depth 1, 32 lits): UNSAT in 0.23s
    cube 3828.230 (depth 1, 32 lits): UNSAT in 1.71s
    cube 3828.231 (depth 1, 32 lits): UNSAT in 4.24s
    cube 3828.232 (depth 1, 32 lits): UNSAT in 23.51s
    cube 3828.233 (depth 1, 32 lits): UNSAT in 0.12s
    cube 3828.234 (depth 1, 32 lits): UNSAT in 0.48s
    cube 3828.235 (depth 1, 32 lits): UNSAT in 0.62s
    cube 3828.236 (depth 1, 32 lits): UNSAT in 1.73s
    cube 3828.237 (depth 1, 32 lits): UNSAT in 0.26s
    cube 3828.238 (depth 1, 32 lits): UNSAT in 4.59s
    cube 3828.239 (depth 1, 32 lits): UNSAT in 1.08s
    cube 3828.240 (depth 1, 32 lits): UNSAT in 16.46s
    cube 3828.241 (depth 1, 32 lits): UNSAT in 0.54s
    cube 3828.242 (depth 1, 32 lits): UNSAT in 2.18s
    cube 3828.243 (depth 1, 32 lits): UNSAT in 0.81s
    cube 3828.244 (depth 1, 32 lits): UNSAT in 18.18s
    cube 3828.245 (depth 1, 32 lits): UNSAT in 7.78s
    cube 3828.246 (depth 1, 32 lits): UNSAT in 60.98s
    cube 3828.247 (depth 1, 32 lits): UNSAT in 3.48s
    cube 3828.248 (depth 1, 32 lits): UNSAT in 35.31s
    cube 3832 (depth 0, 24 lits): TIMEOUT in 600.10s
    cube 3832 TIMEOUT -> re-split into 250 sub-cubes (depth 1)
    cube 3832.0 (depth 1, 32 lits): UNSAT in 0.01s
    cube 3832.1 (depth 1, 32 lits): UNSAT in 0.02s
    cube 3832.2 (depth 1, 31 lits): UNSAT in 0.01s
    cube 3832.3 (depth 1, 32 lits): UNSAT in 0.01s
    cube 3832.4 (depth 1, 32 lits): UNSAT in 0.03s
    cube 3832.5 (depth 1, 32 lits): UNSAT in 0.02s
    cube 3832.6 (depth 1, 32 lits): UNSAT in 0.03s
    cube 3832.7 (depth 1, 32 lits): UNSAT in 0.01s
    cube 3832.8 (depth 1, 32 lits): UNSAT in 0.02s
    cube 3832.9 (depth 1, 32 lits): UNSAT in 0.02s
    cube 3832.10 (depth 1, 32 lits): UNSAT in 0.03s
    cube 3832.11 (depth 1, 32 lits): UNSAT in 0.06s
    cube 3832.12 (depth 1, 32 lits): UNSAT in 0.05s
    cube 3832.13 (depth 1, 32 lits): UNSAT in 0.09s
    cube 3832.14 (depth 1, 32 lits): UNSAT in 0.16s
    cube 3832.15 (depth 1, 32 lits): UNSAT in 0.01s
    cube 3832.16 (depth 1, 32 lits): UNSAT in 0.02s
    cube 3832.17 (depth 1, 32 lits): UNSAT in 0.02s
    cube 3832.18 (depth 1, 32 lits): UNSAT in 0.03s
    cube 3832.19 (depth 1, 32 lits): UNSAT in 0.03s
    cube 3832.20 (depth 1, 32 lits): UNSAT in 0.04s
    cube 3832.21 (depth 1, 32 lits): UNSAT in 0.02s
    cube 3832.22 (depth 1, 32 lits): UNSAT in 0.04s
    cube 3832.23 (depth 1, 32 lits): UNSAT in 0.01s
    cube 3832.24 (depth 1, 32 lits): UNSAT in 0.02s
    cube 3832.25 (depth 1, 32 lits): UNSAT in 0.02s
    cube 3832.26 (depth 1, 32 lits): UNSAT in 0.12s
    cube 3832.27 (depth 1, 32 lits): UNSAT in 0.08s
    cube 3832.28 (depth 1, 32 lits): UNSAT in 0.40s
    cube 3832.29 (depth 1, 32 lits): UNSAT in 0.04s
    cube 3832.30 (depth 1, 32 lits): UNSAT in 0.66s
    cube 3832.31 (depth 1, 32 lits): UNSAT in 0.01s
    cube 3832.32 (depth 1, 32 lits): UNSAT in 0.02s
    cube 3832.33 (depth 1, 32 lits): UNSAT in 0.01s
    cube 3832.34 (depth 1, 32 lits): UNSAT in 0.02s
    cube 3832.35 (depth 1, 32 lits): UNSAT in 0.02s
    cube 3832.36 (depth 1, 32 lits): UNSAT in 0.04s
    cube 3832.37 (depth 1, 32 lits): UNSAT in 0.05s
    cube 3832.38 (depth 1, 32 lits): UNSAT in 0.11s
    cube 3832.39 (depth 1, 32 lits): UNSAT in 0.02s
    cube 3832.40 (depth 1, 32 lits): UNSAT in 0.01s
    cube 3832.41 (depth 1, 32 lits): UNSAT in 0.04s
    cube 3832.42 (depth 1, 32 lits): UNSAT in 0.06s
    cube 3832.43 (depth 1, 32 lits): UNSAT in 0.02s
    cube 3832.44 (depth 1, 32 lits): UNSAT in 0.05s
    cube 3832.45 (depth 1, 32 lits): UNSAT in 0.07s
    cube 3832.46 (depth 1, 32 lits): UNSAT in 0.21s
    cube 3832.47 (depth 1, 32 lits): UNSAT in 0.02s
    cube 3832.48 (depth 1, 32 lits): UNSAT in 0.02s
    cube 3832.49 (depth 1, 32 lits): UNSAT in 0.02s
    cube 3832.50 (depth 1, 32 lits): UNSAT in 0.08s
    cube 3832.51 (depth 1, 32 lits): UNSAT in 0.03s
    cube 3832.52 (depth 1, 32 lits): UNSAT in 0.13s
    cube 3832.53 (depth 1, 32 lits): UNSAT in 0.10s
    cube 3832.54 (depth 1, 32 lits): UNSAT in 0.30s
    cube 3832.55 (depth 1, 32 lits): UNSAT in 0.03s
    cube 3832.56 (depth 1, 32 lits): UNSAT in 0.13s
    cube 3832.57 (depth 1, 32 lits): UNSAT in 0.36s
    cube 3832.58 (depth 1, 32 lits): UNSAT in 0.35s
    cube 3832.59 (depth 1, 32 lits): UNSAT in 0.10s
    cube 3832.60 (depth 1, 32 lits): UNSAT in 0.37s
    cube 3832.61 (depth 1, 32 lits): UNSAT in 0.46s
    cube 3832.62 (depth 1, 32 lits): UNSAT in 1.17s
    cube 3832.63 (depth 1, 32 lits): UNSAT in 0.02s
    cube 3832.64 (depth 1, 32 lits): UNSAT in 0.01s
    cube 3832.65 (depth 1, 32 lits): UNSAT in 0.02s
    cube 3832.66 (depth 1, 32 lits): UNSAT in 0.01s
    cube 3832.67 (depth 1, 32 lits): UNSAT in 0.02s
    cube 3832.68 (depth 1, 32 lits): UNSAT in 0.02s
    cube 3832.69 (depth 1, 32 lits): UNSAT in 0.03s
    cube 3832.70 (depth 1, 32 lits): UNSAT in 0.06s
    cube 3832.71 (depth 1, 32 lits): UNSAT in 0.02s
    cube 3832.72 (depth 1, 32 lits): UNSAT in 0.02s
    cube 3832.73 (depth 1, 32 lits): UNSAT in 0.02s
    cube 3832.74 (depth 1, 32 lits): UNSAT in 0.04s
    cube 3832.75 (depth 1, 32 lits): UNSAT in 0.02s
    cube 3832.76 (depth 1, 32 lits): UNSAT in 0.07s
    cube 3832.77 (depth 1, 32 lits): UNSAT in 0.05s
    cube 3832.78 (depth 1, 32 lits): UNSAT in 0.18s
    cube 3832.79 (depth 1, 32 lits): UNSAT in 0.04s
    cube 3832.80 (depth 1, 32 lits): UNSAT in 0.04s
    cube 3832.81 (depth 1, 32 lits): UNSAT in 0.05s
    cube 3832.82 (depth 1, 32 lits): UNSAT in 0.11s
    cube 3832.83 (depth 1, 32 lits): UNSAT in 0.02s
    cube 3832.84 (depth 1, 32 lits): UNSAT in 0.12s
    cube 3832.85 (depth 1, 32 lits): UNSAT in 0.06s
    cube 3832.86 (depth 1, 32 lits): UNSAT in 0.16s
    cube 3832.87 (depth 1, 32 lits): UNSAT in 0.02s
    cube 3832.88 (depth 1, 32 lits): UNSAT in 0.02s
    cube 3832.89 (depth 1, 32 lits): UNSAT in 0.02s
    cube 3832.90 (depth 1, 32 lits): UNSAT in 0.07s
    cube 3832.91 (depth 1, 32 lits): UNSAT in 0.03s
    cube 3832.92 (depth 1, 32 lits): UNSAT in 0.05s
    cube 3832.93 (depth 1, 32 lits): UNSAT in 0.34s
    cube 3832.94 (depth 1, 32 lits): UNSAT in 0.87s
    cube 3832.95 (depth 1, 32 lits): UNSAT in 0.05s
    cube 3832.96 (depth 1, 32 lits): UNSAT in 0.06s
    cube 3832.97 (depth 1, 32 lits): UNSAT in 0.03s
    cube 3832.98 (depth 1, 32 lits): UNSAT in 0.07s
    cube 3832.99 (depth 1, 32 lits): UNSAT in 0.02s
    cube 3832.100 (depth 1, 32 lits): UNSAT in 0.12s
    cube 3832.101 (depth 1, 32 lits): UNSAT in 0.09s
    cube 3832.102 (depth 1, 32 lits): UNSAT in 0.25s
    cube 3832.103 (depth 1, 32 lits): UNSAT in 0.05s
    cube 3832.104 (depth 1, 32 lits): UNSAT in 0.07s
    cube 3832.105 (depth 1, 32 lits): UNSAT in 0.06s
    cube 3832.106 (depth 1, 32 lits): UNSAT in 0.16s
    cube 3832.107 (depth 1, 32 lits): UNSAT in 0.05s
    cube 3832.108 (depth 1, 32 lits): UNSAT in 0.16s
    cube 3832.109 (depth 1, 32 lits): UNSAT in 0.86s
    cube 3832.110 (depth 1, 32 lits): UNSAT in 3.66s
    cube 3832.111 (depth 1, 32 lits): UNSAT in 0.03s
    cube 3832.112 (depth 1, 32 lits): UNSAT in 0.10s
    cube 3832.113 (depth 1, 32 lits): UNSAT in 0.07s
    cube 3832.114 (depth 1, 32 lits): UNSAT in 0.17s
    cube 3832.115 (depth 1, 32 lits): UNSAT in 0.04s
    cube 3832.116 (depth 1, 32 lits): UNSAT in 0.12s
    cube 3832.117 (depth 1, 32 lits): UNSAT in 0.22s
    cube 3832.118 (depth 1, 32 lits): UNSAT in 3.13s
    cube 3832.119 (depth 1, 32 lits): UNSAT in 0.24s
    cube 3832.120 (depth 1, 32 lits): UNSAT in 1.57s
    cube 3832.121 (depth 1, 32 lits): UNSAT in 1.22s
    cube 3832.122 (depth 1, 32 lits): UNSAT in 7.40s
    cube 3832.123 (depth 1, 32 lits): UNSAT in 1.64s
    cube 3832.124 (depth 1, 32 lits): UNSAT in 4.34s
    cube 3832.125 (depth 1, 32 lits): UNSAT in 2.76s
    cube 3832.126 (depth 1, 32 lits): UNSAT in 10.22s
    cube 3832.127 (depth 1, 30 lits): UNSAT in 0.01s
    cube 3832.128 (depth 1, 31 lits): UNSAT in 0.02s
    cube 3832.129 (depth 1, 31 lits): UNSAT in 0.01s
    cube 3832.130 (depth 1, 32 lits): UNSAT in 0.01s
    cube 3832.131 (depth 1, 32 lits): UNSAT in 0.02s
    cube 3832.132 (depth 1, 32 lits): UNSAT in 0.03s
    cube 3832.133 (depth 1, 32 lits): UNSAT in 0.02s
    cube 3832.134 (depth 1, 32 lits): UNSAT in 0.02s
    cube 3832.135 (depth 1, 32 lits): UNSAT in 0.02s
    cube 3832.136 (depth 1, 32 lits): UNSAT in 0.02s
    cube 3832.137 (depth 1, 32 lits): UNSAT in 0.11s
    cube 3832.138 (depth 1, 32 lits): UNSAT in 0.02s
    cube 3832.139 (depth 1, 32 lits): UNSAT in 0.03s
    cube 3832.140 (depth 1, 32 lits): UNSAT in 0.03s
    cube 3832.141 (depth 1, 32 lits): UNSAT in 0.05s
    cube 3832.142 (depth 1, 32 lits): UNSAT in 0.03s
    cube 3832.143 (depth 1, 32 lits): UNSAT in 0.03s
    cube 3832.144 (depth 1, 32 lits): UNSAT in 0.02s
    cube 3832.145 (depth 1, 32 lits): UNSAT in 0.11s
    cube 3832.146 (depth 1, 32 lits): UNSAT in 0.02s
    cube 3832.147 (depth 1, 32 lits): UNSAT in 0.05s
    cube 3832.148 (depth 1, 32 lits): UNSAT in 0.03s
    cube 3832.149 (depth 1, 32 lits): UNSAT in 0.13s
    cube 3832.150 (depth 1, 32 lits): UNSAT in 0.05s
    cube 3832.151 (depth 1, 32 lits): UNSAT in 0.14s
    cube 3832.152 (depth 1, 32 lits): UNSAT in 0.10s
    cube 3832.153 (depth 1, 32 lits): UNSAT in 1.15s
    cube 3832.154 (depth 1, 32 lits): UNSAT in 0.02s
    cube 3832.155 (depth 1, 32 lits): UNSAT in 0.02s
    cube 3832.156 (depth 1, 32 lits): UNSAT in 0.03s
    cube 3832.157 (depth 1, 32 lits): UNSAT in 0.03s
    cube 3832.158 (depth 1, 32 lits): UNSAT in 0.01s
    cube 3832.159 (depth 1, 32 lits): UNSAT in 0.02s
    cube 3832.160 (depth 1, 32 lits): UNSAT in 0.02s
    cube 3832.161 (depth 1, 32 lits): UNSAT in 0.07s
    cube 3832.162 (depth 1, 32 lits): UNSAT in 0.03s
    cube 3832.163 (depth 1, 32 lits): UNSAT in 0.09s
    cube 3832.164 (depth 1, 32 lits): UNSAT in 0.02s
    cube 3832.165 (depth 1, 32 lits): UNSAT in 0.12s
    cube 3832.166 (depth 1, 32 lits): UNSAT in 0.06s
    cube 3832.167 (depth 1, 32 lits): UNSAT in 0.17s
    cube 3832.168 (depth 1, 32 lits): UNSAT in 0.19s
    cube 3832.169 (depth 1, 32 lits): UNSAT in 0.23s
    cube 3832.170 (depth 1, 32 lits): UNSAT in 0.02s
    cube 3832.171 (depth 1, 32 lits): UNSAT in 0.03s
    cube 3832.172 (depth 1, 32 lits): UNSAT in 0.08s
    cube 3832.173 (depth 1, 32 lits): UNSAT in 0.13s
    cube 3832.174 (depth 1, 32 lits): UNSAT in 0.04s
    cube 3832.175 (depth 1, 32 lits): UNSAT in 0.12s
    cube 3832.176 (depth 1, 32 lits): UNSAT in 0.11s
    cube 3832.177 (depth 1, 32 lits): UNSAT in 0.27s
    cube 3832.178 (depth 1, 32 lits): UNSAT in 0.18s
    cube 3832.179 (depth 1, 32 lits): UNSAT in 0.08s
    cube 3832.180 (depth 1, 32 lits): UNSAT in 0.16s
    cube 3832.181 (depth 1, 32 lits): UNSAT in 0.26s
    cube 3832.182 (depth 1, 32 lits): UNSAT in 0.13s
    cube 3832.183 (depth 1, 32 lits): UNSAT in 0.78s
    cube 3832.184 (depth 1, 32 lits): UNSAT in 0.90s
    cube 3832.185 (depth 1, 32 lits): UNSAT in 4.69s
    cube 3832.186 (depth 1, 32 lits): UNSAT in 0.02s
    cube 3832.187 (depth 1, 32 lits): UNSAT in 0.04s
    cube 3832.188 (depth 1, 32 lits): UNSAT in 0.03s
    cube 3832.189 (depth 1, 32 lits): UNSAT in 0.06s
    cube 3832.190 (depth 1, 32 lits): UNSAT in 0.07s
    cube 3832.191 (depth 1, 32 lits): UNSAT in 0.13s
    cube 3832.192 (depth 1, 32 lits): UNSAT in 0.12s
    cube 3832.193 (depth 1, 32 lits): UNSAT in 0.56s
    cube 3832.194 (depth 1, 32 lits): UNSAT in 0.02s
    cube 3832.195 (depth 1, 32 lits): UNSAT in 0.06s
    cube 3832.196 (depth 1, 32 lits): UNSAT in 0.09s
    cube 3832.197 (depth 1, 32 lits): UNSAT in 0.14s
    cube 3832.198 (depth 1, 32 lits): UNSAT in 0.03s
    cube 3832.199 (depth 1, 32 lits): UNSAT in 0.14s
    cube 3832.200 (depth 1, 32 lits): UNSAT in 0.11s
    cube 3832.201 (depth 1, 32 lits): UNSAT in 1.02s
    cube 3832.202 (depth 1, 32 lits): UNSAT in 0.03s
    cube 3832.203 (depth 1, 32 lits): UNSAT in 0.11s
    cube 3832.204 (depth 1, 32 lits): UNSAT in 0.05s
    cube 3832.205 (depth 1, 32 lits): UNSAT in 0.07s
    cube 3832.206 (depth 1, 32 lits): UNSAT in 0.15s
    cube 3832.207 (depth 1, 32 lits): UNSAT in 0.30s
    cube 3832.208 (depth 1, 32 lits): UNSAT in 0.19s
    cube 3832.209 (depth 1, 32 lits): UNSAT in 2.50s
    cube 3832.210 (depth 1, 32 lits): UNSAT in 0.33s
    cube 3832.211 (depth 1, 32 lits): UNSAT in 1.55s
    cube 3832.212 (depth 1, 32 lits): UNSAT in 0.60s
    cube 3832.213 (depth 1, 32 lits): UNSAT in 3.45s
    cube 3832.214 (depth 1, 32 lits): UNSAT in 0.55s
    cube 3832.215 (depth 1, 32 lits): UNSAT in 2.57s
    cube 3832.216 (depth 1, 32 lits): UNSAT in 5.07s
    cube 3832.217 (depth 1, 32 lits): UNSAT in 25.07s
    cube 3832.218 (depth 1, 32 lits): UNSAT in 0.02s
    cube 3832.219 (depth 1, 32 lits): UNSAT in 0.04s
    cube 3832.220 (depth 1, 32 lits): UNSAT in 0.04s
    cube 3832.221 (depth 1, 32 lits): UNSAT in 0.14s
    cube 3832.222 (depth 1, 32 lits): UNSAT in 0.06s
    cube 3832.223 (depth 1, 32 lits): UNSAT in 0.05s
    cube 3832.224 (depth 1, 32 lits): UNSAT in 0.15s
    cube 3832.225 (depth 1, 32 lits): UNSAT in 0.96s
    cube 3832.226 (depth 1, 32 lits): UNSAT in 0.04s
    cube 3832.227 (depth 1, 32 lits): UNSAT in 0.19s
    cube 3832.228 (depth 1, 32 lits): UNSAT in 0.25s
    cube 3832.229 (depth 1, 32 lits): UNSAT in 0.79s
    cube 3832.230 (depth 1, 32 lits): UNSAT in 0.21s
    cube 3832.231 (depth 1, 32 lits): UNSAT in 1.37s
    cube 3832.232 (depth 1, 32 lits): UNSAT in 1.59s
    cube 3832.233 (depth 1, 32 lits): UNSAT in 6.17s
    cube 3832.234 (depth 1, 32 lits): UNSAT in 0.35s
    cube 3832.235 (depth 1, 32 lits): UNSAT in 1.00s
    cube 3832.236 (depth 1, 32 lits): UNSAT in 0.41s
    cube 3832.237 (depth 1, 32 lits): UNSAT in 3.10s
    cube 3832.238 (depth 1, 32 lits): UNSAT in 0.75s
    cube 3832.239 (depth 1, 32 lits): UNSAT in 1.97s
    cube 3832.240 (depth 1, 32 lits): UNSAT in 10.97s
    cube 3832.241 (depth 1, 32 lits): UNSAT in 28.25s
    cube 3832.242 (depth 1, 32 lits): UNSAT in 0.61s
    cube 3832.243 (depth 1, 32 lits): UNSAT in 4.43s
    cube 3832.244 (depth 1, 32 lits): UNSAT in 2.98s
    cube 3832.245 (depth 1, 32 lits): UNSAT in 16.74s
    cube 3832.246 (depth 1, 32 lits): UNSAT in 5.51s
    cube 3832.247 (depth 1, 32 lits): UNSAT in 52.59s
    cube 3832.248 (depth 1, 32 lits): UNSAT in 3.55s
    cube 3832.249 (depth 1, 32 lits): UNSAT in 15.78s
    cube 3836 (depth 0, 24 lits): TIMEOUT in 600.06s
    cube 3836 TIMEOUT -> re-split into 244 sub-cubes (depth 1)
    cube 3836.0 (depth 1, 30 lits): UNSAT in 0.01s
    cube 3836.1 (depth 1, 30 lits): UNSAT in 0.01s
    cube 3836.2 (depth 1, 32 lits): UNSAT in 0.02s
    cube 3836.3 (depth 1, 32 lits): UNSAT in 0.01s
    cube 3836.4 (depth 1, 31 lits): UNSAT in 0.01s
    cube 3836.5 (depth 1, 32 lits): UNSAT in 0.03s
    cube 3836.6 (depth 1, 32 lits): UNSAT in 0.03s
    cube 3836.7 (depth 1, 32 lits): UNSAT in 0.04s
    cube 3836.8 (depth 1, 32 lits): UNSAT in 0.06s
    cube 3836.9 (depth 1, 31 lits): UNSAT in 0.01s
    cube 3836.10 (depth 1, 32 lits): UNSAT in 0.01s
    cube 3836.11 (depth 1, 32 lits): UNSAT in 0.01s
    cube 3836.12 (depth 1, 32 lits): UNSAT in 0.02s
    cube 3836.13 (depth 1, 32 lits): UNSAT in 0.02s
    cube 3836.14 (depth 1, 32 lits): UNSAT in 0.03s
    cube 3836.15 (depth 1, 32 lits): UNSAT in 0.04s
    cube 3836.16 (depth 1, 31 lits): UNSAT in 0.02s
    cube 3836.17 (depth 1, 32 lits): UNSAT in 0.02s
    cube 3836.18 (depth 1, 32 lits): UNSAT in 0.05s
    cube 3836.19 (depth 1, 32 lits): UNSAT in 0.02s
    cube 3836.20 (depth 1, 32 lits): UNSAT in 0.03s
    cube 3836.21 (depth 1, 32 lits): UNSAT in 0.08s
    cube 3836.22 (depth 1, 32 lits): UNSAT in 0.04s
    cube 3836.23 (depth 1, 32 lits): UNSAT in 0.02s
    cube 3836.24 (depth 1, 32 lits): UNSAT in 0.02s
    cube 3836.25 (depth 1, 32 lits): UNSAT in 0.02s
    cube 3836.26 (depth 1, 32 lits): UNSAT in 0.03s
    cube 3836.27 (depth 1, 32 lits): UNSAT in 0.02s
    cube 3836.28 (depth 1, 32 lits): UNSAT in 0.03s
    cube 3836.29 (depth 1, 32 lits): UNSAT in 0.03s
    cube 3836.30 (depth 1, 32 lits): UNSAT in 0.09s
    cube 3836.31 (depth 1, 32 lits): UNSAT in 0.02s
    cube 3836.32 (depth 1, 32 lits): UNSAT in 0.02s
    cube 3836.33 (depth 1, 32 lits): UNSAT in 0.03s
    cube 3836.34 (depth 1, 32 lits): UNSAT in 0.06s
    cube 3836.35 (depth 1, 32 lits): UNSAT in 0.03s
    cube 3836.36 (depth 1, 32 lits): UNSAT in 0.11s
    cube 3836.37 (depth 1, 32 lits): UNSAT in 0.09s
    cube 3836.38 (depth 1, 32 lits): UNSAT in 0.06s
    cube 3836.39 (depth 1, 32 lits): UNSAT in 0.02s
    cube 3836.40 (depth 1, 32 lits): UNSAT in 0.03s
    cube 3836.41 (depth 1, 32 lits): UNSAT in 0.02s
    cube 3836.42 (depth 1, 32 lits): UNSAT in 0.09s
    cube 3836.43 (depth 1, 32 lits): UNSAT in 0.06s
    cube 3836.44 (depth 1, 32 lits): UNSAT in 0.09s
    cube 3836.45 (depth 1, 32 lits): UNSAT in 0.18s
    cube 3836.46 (depth 1, 32 lits): UNSAT in 0.40s
    cube 3836.47 (depth 1, 32 lits): UNSAT in 0.06s
    cube 3836.48 (depth 1, 32 lits): UNSAT in 0.15s
    cube 3836.49 (depth 1, 32 lits): UNSAT in 0.04s
    cube 3836.50 (depth 1, 32 lits): UNSAT in 0.12s
    cube 3836.51 (depth 1, 32 lits): UNSAT in 0.10s
    cube 3836.52 (depth 1, 32 lits): UNSAT in 0.28s
    cube 3836.53 (depth 1, 32 lits): UNSAT in 0.47s
    cube 3836.54 (depth 1, 32 lits): UNSAT in 1.35s
    cube 3836.55 (depth 1, 32 lits): UNSAT in 0.01s
    cube 3836.56 (depth 1, 32 lits): UNSAT in 0.02s
    cube 3836.57 (depth 1, 32 lits): UNSAT in 0.01s
    cube 3836.58 (depth 1, 32 lits): UNSAT in 0.02s
    cube 3836.59 (depth 1, 32 lits): UNSAT in 0.02s
    cube 3836.60 (depth 1, 32 lits): UNSAT in 0.04s
    cube 3836.61 (depth 1, 32 lits): UNSAT in 0.03s
    cube 3836.62 (depth 1, 32 lits): UNSAT in 0.05s
    cube 3836.63 (depth 1, 32 lits): UNSAT in 0.02s
    cube 3836.64 (depth 1, 32 lits): UNSAT in 0.02s
    cube 3836.65 (depth 1, 32 lits): UNSAT in 0.01s
    cube 3836.66 (depth 1, 32 lits): UNSAT in 0.02s
    cube 3836.67 (depth 1, 32 lits): UNSAT in 0.03s
    cube 3836.68 (depth 1, 32 lits): UNSAT in 0.03s
    cube 3836.69 (depth 1, 32 lits): UNSAT in 0.03s
    cube 3836.70 (depth 1, 32 lits): UNSAT in 0.12s
    cube 3836.71 (depth 1, 32 lits): UNSAT in 0.03s
    cube 3836.72 (depth 1, 32 lits): UNSAT in 0.04s
    cube 3836.73 (depth 1, 32 lits): UNSAT in 0.04s
    cube 3836.74 (depth 1, 32 lits): UNSAT in 0.04s
    cube 3836.75 (depth 1, 32 lits): UNSAT in 0.03s
    cube 3836.76 (depth 1, 32 lits): UNSAT in 0.05s
    cube 3836.77 (depth 1, 32 lits): UNSAT in 0.03s
    cube 3836.78 (depth 1, 32 lits): UNSAT in 0.07s
    cube 3836.79 (depth 1, 32 lits): UNSAT in 0.01s
    cube 3836.80 (depth 1, 32 lits): UNSAT in 0.04s
    cube 3836.81 (depth 1, 32 lits): UNSAT in 0.02s
    cube 3836.82 (depth 1, 32 lits): UNSAT in 0.11s
    cube 3836.83 (depth 1, 32 lits): UNSAT in 0.12s
    cube 3836.84 (depth 1, 32 lits): UNSAT in 0.29s
    cube 3836.85 (depth 1, 32 lits): UNSAT in 0.10s
    cube 3836.86 (depth 1, 32 lits): UNSAT in 0.65s
    cube 3836.87 (depth 1, 31 lits): UNSAT in 0.01s
    cube 3836.88 (depth 1, 32 lits): UNSAT in 0.02s
    cube 3836.89 (depth 1, 32 lits): UNSAT in 0.07s
    cube 3836.90 (depth 1, 32 lits): UNSAT in 0.03s
    cube 3836.91 (depth 1, 32 lits): UNSAT in 0.07s
    cube 3836.92 (depth 1, 32 lits): UNSAT in 0.03s
    cube 3836.93 (depth 1, 32 lits): UNSAT in 0.26s
    cube 3836.94 (depth 1, 32 lits): UNSAT in 0.04s
    cube 3836.95 (depth 1, 32 lits): UNSAT in 0.07s
    cube 3836.96 (depth 1, 32 lits): UNSAT in 0.13s
    cube 3836.97 (depth 1, 32 lits): UNSAT in 0.33s
    cube 3836.98 (depth 1, 32 lits): UNSAT in 0.04s
    cube 3836.99 (depth 1, 32 lits): UNSAT in 0.07s
    cube 3836.100 (depth 1, 32 lits): UNSAT in 0.19s
    cube 3836.101 (depth 1, 32 lits): UNSAT in 0.91s
    cube 3836.102 (depth 1, 32 lits): UNSAT in 0.02s
    cube 3836.103 (depth 1, 32 lits): UNSAT in 0.10s
    cube 3836.104 (depth 1, 32 lits): UNSAT in 0.18s
    cube 3836.105 (depth 1, 32 lits): UNSAT in 0.47s
    cube 3836.106 (depth 1, 32 lits): UNSAT in 0.07s
    cube 3836.107 (depth 1, 32 lits): UNSAT in 1.12s
    cube 3836.108 (depth 1, 32 lits): UNSAT in 0.13s
    cube 3836.109 (depth 1, 32 lits): UNSAT in 1.94s
    cube 3836.110 (depth 1, 32 lits): UNSAT in 0.12s
    cube 3836.111 (depth 1, 32 lits): UNSAT in 0.77s
    cube 3836.112 (depth 1, 32 lits): UNSAT in 0.21s
    cube 3836.113 (depth 1, 32 lits): UNSAT in 3.35s
    cube 3836.114 (depth 1, 32 lits): UNSAT in 1.13s
    cube 3836.115 (depth 1, 32 lits): UNSAT in 3.75s
    cube 3836.116 (depth 1, 32 lits): UNSAT in 0.82s
    cube 3836.117 (depth 1, 32 lits): UNSAT in 3.45s
    cube 3836.118 (depth 1, 31 lits): UNSAT in 0.02s
    cube 3836.119 (depth 1, 32 lits): UNSAT in 0.01s
    cube 3836.120 (depth 1, 32 lits): UNSAT in 0.04s
    cube 3836.121 (depth 1, 32 lits): UNSAT in 0.02s
    cube 3836.122 (depth 1, 32 lits): UNSAT in 0.03s
    cube 3836.123 (depth 1, 32 lits): UNSAT in 0.05s
    cube 3836.124 (depth 1, 32 lits): UNSAT in 0.06s
    cube 3836.125 (depth 1, 32 lits): UNSAT in 0.02s
    cube 3836.126 (depth 1, 32 lits): UNSAT in 0.02s
    cube 3836.127 (depth 1, 32 lits): UNSAT in 0.04s
    cube 3836.128 (depth 1, 32 lits): UNSAT in 0.13s
    cube 3836.129 (depth 1, 32 lits): UNSAT in 0.02s
    cube 3836.130 (depth 1, 32 lits): UNSAT in 0.05s
    cube 3836.131 (depth 1, 32 lits): UNSAT in 0.16s
    cube 3836.132 (depth 1, 32 lits): UNSAT in 0.53s
    cube 3836.133 (depth 1, 32 lits): UNSAT in 0.03s
    cube 3836.134 (depth 1, 32 lits): UNSAT in 0.04s
    cube 3836.135 (depth 1, 32 lits): UNSAT in 0.04s
    cube 3836.136 (depth 1, 32 lits): UNSAT in 0.04s
    cube 3836.137 (depth 1, 32 lits): UNSAT in 0.02s
    cube 3836.138 (depth 1, 32 lits): UNSAT in 0.10s
    cube 3836.139 (depth 1, 32 lits): UNSAT in 0.14s
    cube 3836.140 (depth 1, 32 lits): UNSAT in 0.38s
    cube 3836.141 (depth 1, 32 lits): UNSAT in 0.04s
    cube 3836.142 (depth 1, 32 lits): UNSAT in 0.13s
    cube 3836.143 (depth 1, 32 lits): UNSAT in 0.03s
    cube 3836.144 (depth 1, 32 lits): UNSAT in 0.17s
    cube 3836.145 (depth 1, 32 lits): UNSAT in 0.09s
    cube 3836.146 (depth 1, 32 lits): UNSAT in 0.27s
    cube 3836.147 (depth 1, 32 lits): UNSAT in 0.08s
    cube 3836.148 (depth 1, 32 lits): UNSAT in 0.99s
    cube 3836.149 (depth 1, 32 lits): UNSAT in 0.02s
    cube 3836.150 (depth 1, 32 lits): UNSAT in 0.04s
    cube 3836.151 (depth 1, 32 lits): UNSAT in 0.03s
    cube 3836.152 (depth 1, 32 lits): UNSAT in 0.09s
    cube 3836.153 (depth 1, 32 lits): UNSAT in 0.04s
    cube 3836.154 (depth 1, 32 lits): UNSAT in 0.09s
    cube 3836.155 (depth 1, 32 lits): UNSAT in 0.06s
    cube 3836.156 (depth 1, 32 lits): UNSAT in 0.13s
    cube 3836.157 (depth 1, 32 lits): UNSAT in 0.01s
    cube 3836.158 (depth 1, 32 lits): UNSAT in 0.03s
    cube 3836.159 (depth 1, 32 lits): UNSAT in 0.09s
    cube 3836.160 (depth 1, 32 lits): UNSAT in 0.10s
    cube 3836.161 (depth 1, 32 lits): UNSAT in 0.08s
    cube 3836.162 (depth 1, 32 lits): UNSAT in 0.30s
    cube 3836.163 (depth 1, 32 lits): UNSAT in 0.24s
    cube 3836.164 (depth 1, 32 lits): UNSAT in 2.49s
    cube 3836.165 (depth 1, 32 lits): UNSAT in 0.10s
    cube 3836.166 (depth 1, 32 lits): UNSAT in 0.25s
    cube 3836.167 (depth 1, 32 lits): UNSAT in 0.07s
    cube 3836.168 (depth 1, 32 lits): UNSAT in 0.36s
    cube 3836.169 (depth 1, 32 lits): UNSAT in 0.09s
    cube 3836.170 (depth 1, 32 lits): UNSAT in 0.33s
    cube 3836.171 (depth 1, 32 lits): UNSAT in 0.18s
    cube 3836.172 (depth 1, 32 lits): UNSAT in 2.33s
    cube 3836.173 (depth 1, 32 lits): UNSAT in 0.07s
    cube 3836.174 (depth 1, 32 lits): UNSAT in 0.31s
    cube 3836.175 (depth 1, 32 lits): UNSAT in 0.52s
    cube 3836.176 (depth 1, 32 lits): UNSAT in 4.07s
    cube 3836.177 (depth 1, 32 lits): UNSAT in 1.09s
    cube 3836.178 (depth 1, 32 lits): UNSAT in 5.07s
    cube 3836.179 (depth 1, 32 lits): UNSAT in 5.03s
    cube 3836.180 (depth 1, 32 lits): UNSAT in 11.19s
    cube 3836.181 (depth 1, 31 lits): UNSAT in 0.02s
    cube 3836.182 (depth 1, 32 lits): UNSAT in 0.02s
    cube 3836.183 (depth 1, 32 lits): UNSAT in 0.03s
    cube 3836.184 (depth 1, 32 lits): UNSAT in 0.02s
    cube 3836.185 (depth 1, 32 lits): UNSAT in 0.02s
    cube 3836.186 (depth 1, 32 lits): UNSAT in 0.06s
    cube 3836.187 (depth 1, 32 lits): UNSAT in 0.17s
    cube 3836.188 (depth 1, 32 lits): UNSAT in 0.07s
    cube 3836.189 (depth 1, 32 lits): UNSAT in 0.09s
    cube 3836.190 (depth 1, 32 lits): UNSAT in 0.04s
    cube 3836.191 (depth 1, 32 lits): UNSAT in 0.14s
    cube 3836.192 (depth 1, 32 lits): UNSAT in 0.10s
    cube 3836.193 (depth 1, 32 lits): UNSAT in 0.18s
    cube 3836.194 (depth 1, 32 lits): UNSAT in 0.14s
    cube 3836.195 (depth 1, 32 lits): UNSAT in 1.04s
    cube 3836.196 (depth 1, 32 lits): UNSAT in 0.06s
    cube 3836.197 (depth 1, 32 lits): UNSAT in 0.11s
    cube 3836.198 (depth 1, 32 lits): UNSAT in 0.34s
    cube 3836.199 (depth 1, 32 lits): UNSAT in 0.29s
    cube 3836.200 (depth 1, 32 lits): UNSAT in 0.03s
    cube 3836.201 (depth 1, 32 lits): UNSAT in 0.09s
    cube 3836.202 (depth 1, 32 lits): UNSAT in 0.13s
    cube 3836.203 (depth 1, 32 lits): UNSAT in 0.48s
    cube 3836.204 (depth 1, 32 lits): UNSAT in 0.27s
    cube 3836.205 (depth 1, 32 lits): UNSAT in 0.19s
    cube 3836.206 (depth 1, 32 lits): UNSAT in 0.07s
    cube 3836.207 (depth 1, 32 lits): UNSAT in 0.39s
    cube 3836.208 (depth 1, 32 lits): UNSAT in 0.16s
    cube 3836.209 (depth 1, 32 lits): UNSAT in 0.80s
    cube 3836.210 (depth 1, 32 lits): UNSAT in 0.89s
    cube 3836.211 (depth 1, 32 lits): UNSAT in 4.24s
    cube 3836.212 (depth 1, 32 lits): UNSAT in 0.03s
    cube 3836.213 (depth 1, 32 lits): UNSAT in 0.05s
    cube 3836.214 (depth 1, 32 lits): UNSAT in 0.07s
    cube 3836.215 (depth 1, 32 lits): UNSAT in 0.71s
    cube 3836.216 (depth 1, 32 lits): UNSAT in 0.08s
    cube 3836.217 (depth 1, 32 lits): UNSAT in 0.40s
    cube 3836.218 (depth 1, 32 lits): UNSAT in 0.19s
    cube 3836.219 (depth 1, 32 lits): UNSAT in 1.08s
    cube 3836.220 (depth 1, 32 lits): UNSAT in 0.12s
    cube 3836.221 (depth 1, 32 lits): UNSAT in 0.67s
    cube 3836.222 (depth 1, 32 lits): UNSAT in 0.20s
    cube 3836.223 (depth 1, 32 lits): UNSAT in 0.72s
    cube 3836.224 (depth 1, 32 lits): UNSAT in 0.60s
    cube 3836.225 (depth 1, 32 lits): UNSAT in 1.44s
    cube 3836.226 (depth 1, 32 lits): UNSAT in 5.38s
    cube 3836.227 (depth 1, 32 lits): UNSAT in 17.32s
    cube 3836.228 (depth 1, 32 lits): UNSAT in 0.14s
    cube 3836.229 (depth 1, 32 lits): UNSAT in 0.40s
    cube 3836.230 (depth 1, 32 lits): UNSAT in 0.61s
    cube 3836.231 (depth 1, 32 lits): UNSAT in 2.89s
    cube 3836.232 (depth 1, 32 lits): UNSAT in 0.32s
    cube 3836.233 (depth 1, 32 lits): UNSAT in 2.36s
    cube 3836.234 (depth 1, 32 lits): UNSAT in 0.74s
    cube 3836.235 (depth 1, 32 lits): UNSAT in 4.80s
    cube 3836.236 (depth 1, 32 lits): UNSAT in 0.48s
    cube 3836.237 (depth 1, 32 lits): UNSAT in 3.37s
    cube 3836.238 (depth 1, 32 lits): UNSAT in 5.76s
    cube 3836.239 (depth 1, 32 lits): UNSAT in 22.73s
    cube 3836.240 (depth 1, 32 lits): UNSAT in 4.44s
    cube 3836.241 (depth 1, 32 lits): UNSAT in 55.38s
    cube 3836.242 (depth 1, 32 lits): UNSAT in 3.88s
    cube 3836.243 (depth 1, 32 lits): UNSAT in 19.47s

  shard 0 verdict: UNSAT [parent cube 4029's children only] (960 UNSAT, 0 unresolved) in 20990.8s
