  shard 3/4 (round-robin): 887 of 3550 cubes, per-cube cap 600.0s, re-split depth 7
    cube 3 (depth 0, 23 lits): UNSAT in 0.02s
    cube 7 (depth 0, 23 lits): UNSAT in 0.02s
    cube 11 (depth 0, 24 lits): UNSAT in 0.01s
    cube 15 (depth 0, 24 lits): UNSAT in 0.02s
    cube 19 (depth 0, 24 lits): UNSAT in 0.03s
    cube 23 (depth 0, 24 lits): UNSAT in 0.01s
    cube 27 (depth 0, 23 lits): UNSAT in 0.01s
    cube 31 (depth 0, 24 lits): UNSAT in 0.02s
    cube 35 (depth 0, 24 lits): UNSAT in 0.01s
    cube 39 (depth 0, 24 lits): UNSAT in 0.02s
    cube 43 (depth 0, 22 lits): UNSAT in 0.01s
    cube 47 (depth 0, 22 lits): UNSAT in 0.01s
    cube 51 (depth 0, 24 lits): UNSAT in 0.01s
    cube 55 (depth 0, 23 lits): UNSAT in 0.01s
    cube 59 (depth 0, 24 lits): UNSAT in 0.01s
    cube 63 (depth 0, 24 lits): UNSAT in 0.02s
    cube 67 (depth 0, 24 lits): UNSAT in 0.02s
    cube 71 (depth 0, 24 lits): UNSAT in 0.02s
    cube 75 (depth 0, 24 lits): UNSAT in 0.04s
    cube 79 (depth 0, 23 lits): UNSAT in 0.01s
    cube 83 (depth 0, 24 lits): UNSAT in 0.01s
    cube 87 (depth 0, 24 lits): UNSAT in 0.01s
    cube 91 (depth 0, 24 lits): UNSAT in 0.01s
    cube 95 (depth 0, 24 lits): UNSAT in 0.01s
    cube 99 (depth 0, 24 lits): UNSAT in 0.02s
    cube 103 (depth 0, 23 lits): UNSAT in 0.01s
    cube 107 (depth 0, 24 lits): UNSAT in 0.02s
    cube 111 (depth 0, 24 lits): UNSAT in 0.02s
    cube 115 (depth 0, 24 lits): UNSAT in 0.03s
    cube 119 (depth 0, 24 lits): UNSAT in 0.02s
    cube 123 (depth 0, 24 lits): UNSAT in 0.07s
    cube 127 (depth 0, 24 lits): UNSAT in 0.04s
    cube 131 (depth 0, 24 lits): UNSAT in 0.12s
    cube 135 (depth 0, 23 lits): UNSAT in 0.01s
    cube 139 (depth 0, 24 lits): UNSAT in 0.02s
    cube 143 (depth 0, 23 lits): UNSAT in 0.01s
    cube 147 (depth 0, 24 lits): UNSAT in 0.03s
    cube 151 (depth 0, 24 lits): UNSAT in 0.04s
    cube 155 (depth 0, 24 lits): UNSAT in 0.01s
    cube 159 (depth 0, 24 lits): UNSAT in 0.01s
    cube 163 (depth 0, 24 lits): UNSAT in 0.02s
    cube 167 (depth 0, 24 lits): UNSAT in 0.02s
    cube 171 (depth 0, 24 lits): UNSAT in 0.02s
    cube 175 (depth 0, 24 lits): UNSAT in 0.05s
    cube 179 (depth 0, 24 lits): UNSAT in 0.02s
    cube 183 (depth 0, 24 lits): UNSAT in 0.12s
    cube 187 (depth 0, 22 lits): UNSAT in 0.01s
    cube 191 (depth 0, 22 lits): UNSAT in 0.01s
    cube 195 (depth 0, 24 lits): UNSAT in 0.02s
    cube 199 (depth 0, 23 lits): UNSAT in 0.01s
    cube 203 (depth 0, 24 lits): UNSAT in 0.01s
    cube 207 (depth 0, 24 lits): UNSAT in 0.02s
    cube 211 (depth 0, 24 lits): UNSAT in 0.02s
    cube 215 (depth 0, 24 lits): UNSAT in 0.03s
    cube 219 (depth 0, 24 lits): UNSAT in 0.03s
    cube 223 (depth 0, 24 lits): UNSAT in 0.04s
    cube 227 (depth 0, 24 lits): UNSAT in 0.08s
    cube 231 (depth 0, 24 lits): UNSAT in 0.10s
    cube 235 (depth 0, 24 lits): UNSAT in 0.15s
    cube 239 (depth 0, 24 lits): UNSAT in 0.01s
    cube 243 (depth 0, 24 lits): UNSAT in 0.01s
    cube 247 (depth 0, 24 lits): UNSAT in 0.01s
    cube 251 (depth 0, 24 lits): UNSAT in 0.01s
    cube 255 (depth 0, 24 lits): UNSAT in 0.02s
    cube 259 (depth 0, 24 lits): UNSAT in 0.01s
    cube 263 (depth 0, 24 lits): UNSAT in 0.02s
    cube 267 (depth 0, 23 lits): UNSAT in 0.01s
    cube 271 (depth 0, 24 lits): UNSAT in 0.02s
    cube 275 (depth 0, 24 lits): UNSAT in 0.02s
    cube 279 (depth 0, 24 lits): UNSAT in 0.04s
    cube 283 (depth 0, 24 lits): UNSAT in 0.03s
    cube 287 (depth 0, 24 lits): UNSAT in 0.14s
    cube 291 (depth 0, 24 lits): UNSAT in 0.14s
    cube 295 (depth 0, 24 lits): UNSAT in 0.67s
    cube 299 (depth 0, 22 lits): UNSAT in 0.02s
    cube 303 (depth 0, 24 lits): UNSAT in 0.02s
    cube 307 (depth 0, 24 lits): UNSAT in 0.02s
    cube 311 (depth 0, 24 lits): UNSAT in 0.01s
    cube 315 (depth 0, 24 lits): UNSAT in 0.01s
    cube 319 (depth 0, 24 lits): UNSAT in 0.01s
    cube 323 (depth 0, 24 lits): UNSAT in 0.04s
    cube 327 (depth 0, 24 lits): UNSAT in 0.01s
    cube 331 (depth 0, 24 lits): UNSAT in 0.02s
    cube 335 (depth 0, 24 lits): UNSAT in 0.03s
    cube 339 (depth 0, 24 lits): UNSAT in 0.03s
    cube 343 (depth 0, 24 lits): UNSAT in 0.02s
    cube 347 (depth 0, 24 lits): UNSAT in 0.03s
    cube 351 (depth 0, 24 lits): UNSAT in 0.02s
    cube 355 (depth 0, 24 lits): UNSAT in 0.05s
    cube 359 (depth 0, 24 lits): UNSAT in 0.02s
    cube 363 (depth 0, 24 lits): UNSAT in 0.06s
    cube 367 (depth 0, 24 lits): UNSAT in 0.02s
    cube 371 (depth 0, 24 lits): UNSAT in 0.03s
    cube 375 (depth 0, 24 lits): UNSAT in 0.02s
    cube 379 (depth 0, 24 lits): UNSAT in 0.05s
    cube 383 (depth 0, 24 lits): UNSAT in 0.09s
    cube 387 (depth 0, 24 lits): UNSAT in 0.08s
    cube 391 (depth 0, 24 lits): UNSAT in 0.07s
    cube 395 (depth 0, 24 lits): UNSAT in 0.10s
    cube 399 (depth 0, 24 lits): UNSAT in 0.20s
    cube 403 (depth 0, 24 lits): UNSAT in 0.97s
    cube 407 (depth 0, 22 lits): UNSAT in 0.01s
    cube 411 (depth 0, 24 lits): UNSAT in 0.01s
    cube 415 (depth 0, 24 lits): UNSAT in 0.01s
    cube 419 (depth 0, 24 lits): UNSAT in 0.01s
    cube 423 (depth 0, 23 lits): UNSAT in 0.01s
    cube 427 (depth 0, 24 lits): UNSAT in 0.02s
    cube 431 (depth 0, 24 lits): UNSAT in 0.01s
    cube 435 (depth 0, 24 lits): UNSAT in 0.02s
    cube 439 (depth 0, 24 lits): UNSAT in 0.09s
    cube 443 (depth 0, 24 lits): UNSAT in 0.02s
    cube 447 (depth 0, 24 lits): UNSAT in 0.03s
    cube 451 (depth 0, 24 lits): UNSAT in 0.02s
    cube 455 (depth 0, 24 lits): UNSAT in 0.01s
    cube 459 (depth 0, 24 lits): UNSAT in 0.01s
    cube 463 (depth 0, 24 lits): UNSAT in 0.01s
    cube 467 (depth 0, 24 lits): UNSAT in 0.02s
    cube 471 (depth 0, 23 lits): UNSAT in 0.01s
    cube 475 (depth 0, 24 lits): UNSAT in 0.02s
    cube 479 (depth 0, 24 lits): UNSAT in 0.02s
    cube 483 (depth 0, 24 lits): UNSAT in 0.02s
    cube 487 (depth 0, 24 lits): UNSAT in 0.01s
    cube 491 (depth 0, 24 lits): UNSAT in 0.02s
    cube 495 (depth 0, 24 lits): UNSAT in 0.03s
    cube 499 (depth 0, 24 lits): UNSAT in 0.05s
    cube 503 (depth 0, 24 lits): UNSAT in 0.02s
    cube 507 (depth 0, 24 lits): UNSAT in 0.02s
    cube 511 (depth 0, 24 lits): UNSAT in 0.02s
    cube 515 (depth 0, 24 lits): UNSAT in 0.09s
    cube 519 (depth 0, 24 lits): UNSAT in 0.01s
    cube 523 (depth 0, 23 lits): UNSAT in 0.01s
    cube 527 (depth 0, 23 lits): UNSAT in 0.01s
    cube 531 (depth 0, 24 lits): UNSAT in 0.01s
    cube 535 (depth 0, 24 lits): UNSAT in 0.07s
    cube 539 (depth 0, 23 lits): UNSAT in 0.02s
    cube 543 (depth 0, 23 lits): UNSAT in 0.01s
    cube 547 (depth 0, 24 lits): UNSAT in 0.02s
    cube 551 (depth 0, 24 lits): UNSAT in 0.03s
    cube 555 (depth 0, 24 lits): UNSAT in 0.04s
    cube 559 (depth 0, 24 lits): UNSAT in 0.22s
    cube 563 (depth 0, 24 lits): UNSAT in 0.41s
    cube 567 (depth 0, 24 lits): UNSAT in 0.02s
    cube 571 (depth 0, 24 lits): UNSAT in 0.02s
    cube 575 (depth 0, 24 lits): UNSAT in 0.02s
    cube 579 (depth 0, 22 lits): UNSAT in 0.02s
    cube 583 (depth 0, 24 lits): UNSAT in 0.03s
    cube 587 (depth 0, 24 lits): UNSAT in 0.10s
    cube 591 (depth 0, 24 lits): UNSAT in 0.76s
    cube 595 (depth 0, 24 lits): UNSAT in 0.01s
    cube 599 (depth 0, 24 lits): UNSAT in 0.02s
    cube 603 (depth 0, 24 lits): UNSAT in 0.04s
    cube 607 (depth 0, 24 lits): UNSAT in 0.03s
    cube 611 (depth 0, 24 lits): UNSAT in 0.16s
    cube 615 (depth 0, 24 lits): UNSAT in 0.14s
    cube 619 (depth 0, 24 lits): UNSAT in 0.22s
    cube 623 (depth 0, 23 lits): UNSAT in 0.01s
    cube 627 (depth 0, 23 lits): UNSAT in 0.02s
    cube 631 (depth 0, 24 lits): UNSAT in 0.02s
    cube 635 (depth 0, 23 lits): UNSAT in 0.02s
    cube 639 (depth 0, 24 lits): UNSAT in 0.02s
    cube 643 (depth 0, 24 lits): UNSAT in 0.01s
    cube 647 (depth 0, 24 lits): UNSAT in 0.22s
    cube 651 (depth 0, 24 lits): UNSAT in 0.02s
    cube 655 (depth 0, 24 lits): UNSAT in 0.09s
    cube 659 (depth 0, 24 lits): UNSAT in 0.03s
    cube 663 (depth 0, 24 lits): UNSAT in 0.39s
    cube 667 (depth 0, 24 lits): UNSAT in 0.03s
    cube 671 (depth 0, 24 lits): UNSAT in 0.04s
    cube 675 (depth 0, 24 lits): UNSAT in 0.03s
    cube 679 (depth 0, 24 lits): UNSAT in 0.35s
    cube 683 (depth 0, 24 lits): UNSAT in 0.02s
    cube 687 (depth 0, 24 lits): UNSAT in 0.01s
    cube 691 (depth 0, 23 lits): UNSAT in 0.01s
    cube 695 (depth 0, 24 lits): UNSAT in 0.02s
    cube 699 (depth 0, 24 lits): UNSAT in 0.19s
    cube 703 (depth 0, 24 lits): UNSAT in 0.02s
    cube 707 (depth 0, 24 lits): UNSAT in 0.07s
    cube 711 (depth 0, 24 lits): UNSAT in 0.04s
    cube 715 (depth 0, 24 lits): UNSAT in 0.02s
    cube 719 (depth 0, 24 lits): UNSAT in 0.06s
    cube 723 (depth 0, 24 lits): UNSAT in 0.05s
    cube 727 (depth 0, 24 lits): UNSAT in 0.07s
    cube 731 (depth 0, 24 lits): UNSAT in 0.35s
    cube 735 (depth 0, 24 lits): UNSAT in 0.06s
    cube 739 (depth 0, 24 lits): UNSAT in 0.60s
    cube 743 (depth 0, 24 lits): UNSAT in 0.01s
    cube 747 (depth 0, 24 lits): UNSAT in 0.02s
    cube 751 (depth 0, 24 lits): UNSAT in 0.04s
    cube 755 (depth 0, 24 lits): UNSAT in 0.01s
    cube 759 (depth 0, 24 lits): UNSAT in 0.01s
    cube 763 (depth 0, 24 lits): UNSAT in 0.02s
    cube 767 (depth 0, 24 lits): UNSAT in 0.08s
    cube 771 (depth 0, 24 lits): UNSAT in 0.02s
    cube 775 (depth 0, 24 lits): UNSAT in 0.02s
    cube 779 (depth 0, 24 lits): UNSAT in 0.12s
    cube 783 (depth 0, 24 lits): UNSAT in 0.46s
    cube 787 (depth 0, 24 lits): UNSAT in 0.02s
    cube 791 (depth 0, 24 lits): UNSAT in 0.02s
    cube 795 (depth 0, 24 lits): UNSAT in 0.09s
    cube 799 (depth 0, 24 lits): UNSAT in 1.34s
    cube 803 (depth 0, 24 lits): UNSAT in 0.02s
    cube 807 (depth 0, 24 lits): UNSAT in 0.03s
    cube 811 (depth 0, 24 lits): UNSAT in 0.02s
    cube 815 (depth 0, 24 lits): UNSAT in 0.15s
    cube 819 (depth 0, 24 lits): UNSAT in 0.02s
    cube 823 (depth 0, 24 lits): UNSAT in 0.02s
    cube 827 (depth 0, 24 lits): UNSAT in 0.03s
    cube 831 (depth 0, 24 lits): UNSAT in 0.14s
    cube 835 (depth 0, 24 lits): UNSAT in 0.03s
    cube 839 (depth 0, 24 lits): UNSAT in 0.05s
    cube 843 (depth 0, 24 lits): UNSAT in 0.13s
    cube 847 (depth 0, 24 lits): UNSAT in 0.70s
    cube 851 (depth 0, 24 lits): UNSAT in 0.11s
    cube 855 (depth 0, 24 lits): UNSAT in 0.35s
    cube 859 (depth 0, 24 lits): UNSAT in 1.54s
    cube 863 (depth 0, 24 lits): UNSAT in 14.59s
    cube 867 (depth 0, 21 lits): UNSAT in 0.02s
    cube 871 (depth 0, 24 lits): UNSAT in 0.01s
    cube 875 (depth 0, 24 lits): UNSAT in 0.02s
    cube 879 (depth 0, 23 lits): UNSAT in 0.01s
    cube 883 (depth 0, 24 lits): UNSAT in 0.02s
    cube 887 (depth 0, 24 lits): UNSAT in 0.03s
    cube 891 (depth 0, 24 lits): UNSAT in 0.04s
    cube 895 (depth 0, 24 lits): UNSAT in 0.02s
    cube 899 (depth 0, 24 lits): UNSAT in 0.07s
    cube 903 (depth 0, 24 lits): UNSAT in 0.06s
    cube 907 (depth 0, 24 lits): UNSAT in 0.07s
    cube 911 (depth 0, 24 lits): UNSAT in 0.02s
    cube 915 (depth 0, 24 lits): UNSAT in 0.02s
    cube 919 (depth 0, 24 lits): UNSAT in 0.02s
    cube 923 (depth 0, 24 lits): UNSAT in 0.02s
    cube 927 (depth 0, 24 lits): UNSAT in 0.01s
    cube 931 (depth 0, 24 lits): UNSAT in 0.02s
    cube 935 (depth 0, 24 lits): UNSAT in 0.03s
    cube 939 (depth 0, 24 lits): UNSAT in 0.01s
    cube 943 (depth 0, 24 lits): UNSAT in 0.02s
    cube 947 (depth 0, 24 lits): UNSAT in 0.03s
    cube 951 (depth 0, 24 lits): UNSAT in 0.02s
    cube 955 (depth 0, 24 lits): UNSAT in 0.03s
    cube 959 (depth 0, 24 lits): UNSAT in 0.04s
    cube 963 (depth 0, 24 lits): UNSAT in 0.01s
    cube 967 (depth 0, 24 lits): UNSAT in 0.04s
    cube 971 (depth 0, 22 lits): UNSAT in 0.02s
    cube 975 (depth 0, 23 lits): UNSAT in 0.01s
    cube 979 (depth 0, 24 lits): UNSAT in 0.02s
    cube 983 (depth 0, 23 lits): UNSAT in 0.01s
    cube 987 (depth 0, 22 lits): UNSAT in 0.01s
    cube 991 (depth 0, 24 lits): UNSAT in 0.02s
    cube 995 (depth 0, 24 lits): UNSAT in 0.03s
    cube 999 (depth 0, 23 lits): UNSAT in 0.01s
    cube 1003 (depth 0, 23 lits): UNSAT in 0.01s
    cube 1007 (depth 0, 24 lits): UNSAT in 0.01s
    cube 1011 (depth 0, 24 lits): UNSAT in 0.02s
    cube 1015 (depth 0, 24 lits): UNSAT in 0.05s
    cube 1019 (depth 0, 24 lits): UNSAT in 0.14s
    cube 1023 (depth 0, 24 lits): UNSAT in 0.02s
    cube 1027 (depth 0, 24 lits): UNSAT in 0.02s
    cube 1031 (depth 0, 24 lits): UNSAT in 0.02s
    cube 1035 (depth 0, 24 lits): UNSAT in 0.07s
    cube 1039 (depth 0, 24 lits): UNSAT in 0.03s
    cube 1043 (depth 0, 24 lits): UNSAT in 0.04s
    cube 1047 (depth 0, 24 lits): UNSAT in 0.14s
    cube 1051 (depth 0, 24 lits): UNSAT in 0.42s
    cube 1055 (depth 0, 23 lits): UNSAT in 0.01s
    cube 1059 (depth 0, 24 lits): UNSAT in 0.01s
    cube 1063 (depth 0, 24 lits): UNSAT in 0.01s
    cube 1067 (depth 0, 24 lits): UNSAT in 0.02s
    cube 1071 (depth 0, 24 lits): UNSAT in 0.03s
    cube 1075 (depth 0, 23 lits): UNSAT in 0.01s
    cube 1079 (depth 0, 24 lits): UNSAT in 0.02s
    cube 1083 (depth 0, 24 lits): UNSAT in 0.01s
    cube 1087 (depth 0, 24 lits): UNSAT in 0.02s
    cube 1091 (depth 0, 24 lits): UNSAT in 0.04s
    cube 1095 (depth 0, 24 lits): UNSAT in 0.04s
    cube 1099 (depth 0, 24 lits): UNSAT in 0.10s
    cube 1103 (depth 0, 24 lits): UNSAT in 0.02s
    cube 1107 (depth 0, 24 lits): UNSAT in 0.03s
    cube 1111 (depth 0, 24 lits): UNSAT in 0.02s
    cube 1115 (depth 0, 24 lits): UNSAT in 0.01s
    cube 1119 (depth 0, 23 lits): UNSAT in 0.01s
    cube 1123 (depth 0, 24 lits): UNSAT in 0.02s
    cube 1127 (depth 0, 24 lits): UNSAT in 0.03s
    cube 1131 (depth 0, 24 lits): UNSAT in 0.02s
    cube 1135 (depth 0, 24 lits): UNSAT in 0.04s
    cube 1139 (depth 0, 24 lits): UNSAT in 0.05s
    cube 1143 (depth 0, 24 lits): UNSAT in 0.05s
    cube 1147 (depth 0, 24 lits): UNSAT in 0.15s
    cube 1151 (depth 0, 23 lits): UNSAT in 0.02s
    cube 1155 (depth 0, 24 lits): UNSAT in 0.03s
    cube 1159 (depth 0, 24 lits): UNSAT in 0.04s
    cube 1163 (depth 0, 24 lits): UNSAT in 0.09s
    cube 1167 (depth 0, 24 lits): UNSAT in 0.04s
    cube 1171 (depth 0, 24 lits): UNSAT in 0.09s
    cube 1175 (depth 0, 24 lits): UNSAT in 0.06s
    cube 1179 (depth 0, 24 lits): UNSAT in 0.07s
    cube 1183 (depth 0, 24 lits): UNSAT in 0.01s
    cube 1187 (depth 0, 24 lits): UNSAT in 0.10s
    cube 1191 (depth 0, 24 lits): UNSAT in 0.02s
    cube 1195 (depth 0, 24 lits): UNSAT in 0.11s
    cube 1199 (depth 0, 24 lits): UNSAT in 0.04s
    cube 1203 (depth 0, 24 lits): UNSAT in 0.12s
    cube 1207 (depth 0, 24 lits): UNSAT in 0.16s
    cube 1211 (depth 0, 24 lits): UNSAT in 0.43s
    cube 1215 (depth 0, 24 lits): UNSAT in 0.03s
    cube 1219 (depth 0, 24 lits): UNSAT in 0.12s
    cube 1223 (depth 0, 24 lits): UNSAT in 0.03s
    cube 1227 (depth 0, 24 lits): UNSAT in 0.24s
    cube 1231 (depth 0, 24 lits): UNSAT in 0.09s
    cube 1235 (depth 0, 24 lits): UNSAT in 0.51s
    cube 1239 (depth 0, 24 lits): UNSAT in 0.90s
    cube 1243 (depth 0, 24 lits): UNSAT in 1.16s
    cube 1247 (depth 0, 24 lits): UNSAT in 0.04s
    cube 1251 (depth 0, 24 lits): UNSAT in 0.09s
    cube 1255 (depth 0, 24 lits): UNSAT in 0.07s
    cube 1259 (depth 0, 24 lits): UNSAT in 1.48s
    cube 1263 (depth 0, 24 lits): UNSAT in 0.40s
    cube 1267 (depth 0, 24 lits): UNSAT in 2.20s
    cube 1271 (depth 0, 24 lits): UNSAT in 5.69s
    cube 1275 (depth 0, 24 lits): UNSAT in 5.93s
    cube 1279 (depth 0, 23 lits): UNSAT in 0.02s
    cube 1283 (depth 0, 24 lits): UNSAT in 0.02s
    cube 1287 (depth 0, 24 lits): UNSAT in 0.01s
    cube 1291 (depth 0, 24 lits): UNSAT in 0.04s
    cube 1295 (depth 0, 24 lits): UNSAT in 0.01s
    cube 1299 (depth 0, 24 lits): UNSAT in 0.05s
    cube 1303 (depth 0, 24 lits): UNSAT in 0.01s
    cube 1307 (depth 0, 23 lits): UNSAT in 0.02s
    cube 1311 (depth 0, 24 lits): UNSAT in 0.02s
    cube 1315 (depth 0, 24 lits): UNSAT in 0.01s
    cube 1319 (depth 0, 24 lits): UNSAT in 0.03s
    cube 1323 (depth 0, 24 lits): UNSAT in 0.04s
    cube 1327 (depth 0, 24 lits): UNSAT in 0.12s
    cube 1331 (depth 0, 23 lits): UNSAT in 0.01s
    cube 1335 (depth 0, 24 lits): UNSAT in 0.01s
    cube 1339 (depth 0, 24 lits): UNSAT in 0.01s
    cube 1343 (depth 0, 24 lits): UNSAT in 0.02s
    cube 1347 (depth 0, 24 lits): UNSAT in 0.01s
    cube 1351 (depth 0, 24 lits): UNSAT in 0.01s
    cube 1355 (depth 0, 24 lits): UNSAT in 0.01s
    cube 1359 (depth 0, 24 lits): UNSAT in 0.02s
    cube 1363 (depth 0, 24 lits): UNSAT in 0.03s
    cube 1367 (depth 0, 24 lits): UNSAT in 0.03s
    cube 1371 (depth 0, 24 lits): UNSAT in 0.05s
    cube 1375 (depth 0, 23 lits): UNSAT in 0.01s
    cube 1379 (depth 0, 24 lits): UNSAT in 0.01s
    cube 1383 (depth 0, 24 lits): UNSAT in 0.02s
    cube 1387 (depth 0, 23 lits): UNSAT in 0.02s
    cube 1391 (depth 0, 24 lits): UNSAT in 0.03s
    cube 1395 (depth 0, 24 lits): UNSAT in 0.02s
    cube 1399 (depth 0, 24 lits): UNSAT in 0.02s
    cube 1403 (depth 0, 24 lits): UNSAT in 0.03s
    cube 1407 (depth 0, 24 lits): UNSAT in 0.01s
    cube 1411 (depth 0, 24 lits): UNSAT in 0.02s
    cube 1415 (depth 0, 24 lits): UNSAT in 0.01s
    cube 1419 (depth 0, 24 lits): UNSAT in 0.02s
    cube 1423 (depth 0, 24 lits): UNSAT in 0.03s
    cube 1427 (depth 0, 24 lits): UNSAT in 0.08s
    cube 1431 (depth 0, 24 lits): UNSAT in 0.01s
    cube 1435 (depth 0, 24 lits): UNSAT in 0.03s
    cube 1439 (depth 0, 24 lits): UNSAT in 0.02s
    cube 1443 (depth 0, 24 lits): UNSAT in 0.06s
    cube 1447 (depth 0, 24 lits): UNSAT in 0.01s
    cube 1451 (depth 0, 24 lits): UNSAT in 0.04s
    cube 1455 (depth 0, 24 lits): UNSAT in 0.02s
    cube 1459 (depth 0, 24 lits): UNSAT in 0.16s
    cube 1463 (depth 0, 24 lits): UNSAT in 0.03s
    cube 1467 (depth 0, 24 lits): UNSAT in 0.06s
    cube 1471 (depth 0, 24 lits): UNSAT in 0.23s
    cube 1475 (depth 0, 24 lits): UNSAT in 0.10s
    cube 1479 (depth 0, 24 lits): UNSAT in 0.10s
    cube 1483 (depth 0, 24 lits): UNSAT in 0.16s
    cube 1487 (depth 0, 24 lits): UNSAT in 0.24s
    cube 1491 (depth 0, 24 lits): UNSAT in 4.15s
    cube 1495 (depth 0, 24 lits): UNSAT in 0.01s
    cube 1499 (depth 0, 24 lits): UNSAT in 0.03s
    cube 1503 (depth 0, 24 lits): UNSAT in 0.02s
    cube 1507 (depth 0, 24 lits): UNSAT in 0.05s
    cube 1511 (depth 0, 24 lits): UNSAT in 0.02s
    cube 1515 (depth 0, 24 lits): UNSAT in 0.02s
    cube 1519 (depth 0, 24 lits): UNSAT in 0.05s
    cube 1523 (depth 0, 24 lits): UNSAT in 0.38s
    cube 1527 (depth 0, 24 lits): UNSAT in 0.02s
    cube 1531 (depth 0, 24 lits): UNSAT in 0.03s
    cube 1535 (depth 0, 24 lits): UNSAT in 0.01s
    cube 1539 (depth 0, 24 lits): UNSAT in 0.02s
    cube 1543 (depth 0, 24 lits): UNSAT in 0.05s
    cube 1547 (depth 0, 24 lits): UNSAT in 0.03s
    cube 1551 (depth 0, 24 lits): UNSAT in 0.57s
    cube 1555 (depth 0, 24 lits): UNSAT in 0.01s
    cube 1559 (depth 0, 24 lits): UNSAT in 0.02s
    cube 1563 (depth 0, 24 lits): UNSAT in 0.01s
    cube 1567 (depth 0, 24 lits): UNSAT in 0.04s
    cube 1571 (depth 0, 24 lits): UNSAT in 0.14s
    cube 1575 (depth 0, 24 lits): UNSAT in 0.12s
    cube 1579 (depth 0, 24 lits): UNSAT in 0.03s
    cube 1583 (depth 0, 24 lits): UNSAT in 0.59s
    cube 1587 (depth 0, 24 lits): UNSAT in 0.02s
    cube 1591 (depth 0, 24 lits): UNSAT in 0.03s
    cube 1595 (depth 0, 24 lits): UNSAT in 0.06s
    cube 1599 (depth 0, 24 lits): UNSAT in 0.25s
    cube 1603 (depth 0, 24 lits): UNSAT in 0.12s
    cube 1607 (depth 0, 24 lits): UNSAT in 0.16s
    cube 1611 (depth 0, 24 lits): UNSAT in 0.19s
    cube 1615 (depth 0, 24 lits): UNSAT in 2.10s
    cube 1619 (depth 0, 24 lits): UNSAT in 0.01s
    cube 1623 (depth 0, 24 lits): UNSAT in 0.02s
    cube 1627 (depth 0, 24 lits): UNSAT in 0.02s
    cube 1631 (depth 0, 24 lits): UNSAT in 0.05s
    cube 1635 (depth 0, 24 lits): UNSAT in 0.02s
    cube 1639 (depth 0, 24 lits): UNSAT in 0.03s
    cube 1643 (depth 0, 24 lits): UNSAT in 0.04s
    cube 1647 (depth 0, 24 lits): UNSAT in 0.90s
    cube 1651 (depth 0, 24 lits): UNSAT in 0.01s
    cube 1655 (depth 0, 24 lits): UNSAT in 0.02s
    cube 1659 (depth 0, 24 lits): UNSAT in 0.02s
    cube 1663 (depth 0, 24 lits): UNSAT in 0.06s
    cube 1667 (depth 0, 24 lits): UNSAT in 0.12s
    cube 1671 (depth 0, 24 lits): UNSAT in 0.27s
    cube 1675 (depth 0, 24 lits): UNSAT in 0.12s
    cube 1679 (depth 0, 24 lits): UNSAT in 0.30s
    cube 1683 (depth 0, 24 lits): UNSAT in 0.01s
    cube 1687 (depth 0, 24 lits): UNSAT in 0.06s
    cube 1691 (depth 0, 24 lits): UNSAT in 0.03s
    cube 1695 (depth 0, 24 lits): UNSAT in 0.18s
    cube 1699 (depth 0, 24 lits): UNSAT in 0.20s
    cube 1703 (depth 0, 24 lits): UNSAT in 0.49s
    cube 1707 (depth 0, 24 lits): UNSAT in 0.12s
    cube 1711 (depth 0, 24 lits): UNSAT in 0.92s
    cube 1715 (depth 0, 24 lits): UNSAT in 0.48s
    cube 1719 (depth 0, 24 lits): UNSAT in 1.00s
    cube 1723 (depth 0, 24 lits): UNSAT in 1.13s
    cube 1727 (depth 0, 24 lits): UNSAT in 6.37s
    cube 1731 (depth 0, 24 lits): UNSAT in 0.87s
    cube 1735 (depth 0, 24 lits): UNSAT in 1.61s
    cube 1739 (depth 0, 24 lits): UNSAT in 4.98s
    cube 1743 (depth 0, 24 lits): UNSAT in 31.42s
    cube 1747 (depth 0, 21 lits): UNSAT in 0.01s
    cube 1751 (depth 0, 24 lits): UNSAT in 0.02s
    cube 1755 (depth 0, 23 lits): UNSAT in 0.01s
    cube 1759 (depth 0, 24 lits): UNSAT in 0.01s
    cube 1763 (depth 0, 22 lits): UNSAT in 0.01s
    cube 1767 (depth 0, 21 lits): UNSAT in 0.02s
    cube 1771 (depth 0, 24 lits): UNSAT in 0.02s
    cube 1775 (depth 0, 24 lits): UNSAT in 0.02s
    cube 1779 (depth 0, 24 lits): UNSAT in 0.02s
    cube 1783 (depth 0, 24 lits): UNSAT in 0.02s
    cube 1787 (depth 0, 24 lits): UNSAT in 0.06s
    cube 1791 (depth 0, 24 lits): UNSAT in 0.03s
    cube 1795 (depth 0, 24 lits): UNSAT in 0.03s
    cube 1799 (depth 0, 24 lits): UNSAT in 0.05s
    cube 1803 (depth 0, 24 lits): UNSAT in 0.17s
    cube 1807 (depth 0, 23 lits): UNSAT in 0.02s
    cube 1811 (depth 0, 24 lits): UNSAT in 0.01s
    cube 1815 (depth 0, 24 lits): UNSAT in 0.02s
    cube 1819 (depth 0, 24 lits): UNSAT in 0.02s
    cube 1823 (depth 0, 24 lits): UNSAT in 0.02s
    cube 1827 (depth 0, 24 lits): UNSAT in 0.03s
    cube 1831 (depth 0, 24 lits): UNSAT in 0.03s
    cube 1835 (depth 0, 24 lits): UNSAT in 0.01s
    cube 1839 (depth 0, 24 lits): UNSAT in 0.02s
    cube 1843 (depth 0, 24 lits): UNSAT in 0.03s
    cube 1847 (depth 0, 24 lits): UNSAT in 0.03s
    cube 1851 (depth 0, 24 lits): UNSAT in 0.01s
    cube 1855 (depth 0, 24 lits): UNSAT in 0.21s
    cube 1859 (depth 0, 24 lits): UNSAT in 0.02s
    cube 1863 (depth 0, 24 lits): UNSAT in 0.02s
    cube 1867 (depth 0, 24 lits): UNSAT in 0.01s
    cube 1871 (depth 0, 24 lits): UNSAT in 0.01s
    cube 1875 (depth 0, 24 lits): UNSAT in 0.02s
    cube 1879 (depth 0, 24 lits): UNSAT in 0.02s
    cube 1883 (depth 0, 24 lits): UNSAT in 0.02s
    cube 1887 (depth 0, 24 lits): UNSAT in 0.08s
    cube 1891 (depth 0, 24 lits): UNSAT in 0.03s
    cube 1895 (depth 0, 24 lits): UNSAT in 0.05s
    cube 1899 (depth 0, 24 lits): UNSAT in 0.07s
    cube 1903 (depth 0, 24 lits): UNSAT in 0.06s
    cube 1907 (depth 0, 24 lits): UNSAT in 0.32s
    cube 1911 (depth 0, 24 lits): UNSAT in 0.26s
    cube 1915 (depth 0, 24 lits): UNSAT in 0.23s
    cube 1919 (depth 0, 24 lits): UNSAT in 0.71s
    cube 1923 (depth 0, 22 lits): UNSAT in 0.01s
    cube 1927 (depth 0, 23 lits): UNSAT in 0.01s
    cube 1931 (depth 0, 24 lits): UNSAT in 0.02s
    cube 1935 (depth 0, 24 lits): UNSAT in 0.02s
    cube 1939 (depth 0, 24 lits): UNSAT in 0.02s
    cube 1943 (depth 0, 24 lits): UNSAT in 0.01s
    cube 1947 (depth 0, 24 lits): UNSAT in 0.01s
    cube 1951 (depth 0, 24 lits): UNSAT in 0.01s
    cube 1955 (depth 0, 23 lits): UNSAT in 0.01s
    cube 1959 (depth 0, 24 lits): UNSAT in 0.02s
    cube 1963 (depth 0, 24 lits): UNSAT in 0.01s
    cube 1967 (depth 0, 24 lits): UNSAT in 0.02s
    cube 1971 (depth 0, 24 lits): UNSAT in 0.01s
    cube 1975 (depth 0, 23 lits): UNSAT in 0.02s
    cube 1979 (depth 0, 24 lits): UNSAT in 0.02s
    cube 1983 (depth 0, 24 lits): UNSAT in 0.02s
    cube 1987 (depth 0, 24 lits): UNSAT in 0.06s
    cube 1991 (depth 0, 24 lits): UNSAT in 0.05s
    cube 1995 (depth 0, 24 lits): UNSAT in 0.05s
    cube 1999 (depth 0, 24 lits): UNSAT in 0.36s
    cube 2003 (depth 0, 24 lits): UNSAT in 0.02s
    cube 2007 (depth 0, 24 lits): UNSAT in 0.02s
    cube 2011 (depth 0, 24 lits): UNSAT in 0.01s
    cube 2015 (depth 0, 24 lits): UNSAT in 0.01s
    cube 2019 (depth 0, 24 lits): UNSAT in 0.02s
    cube 2023 (depth 0, 24 lits): UNSAT in 0.11s
    cube 2027 (depth 0, 24 lits): UNSAT in 0.02s
    cube 2031 (depth 0, 24 lits): UNSAT in 0.03s
    cube 2035 (depth 0, 24 lits): UNSAT in 0.04s
    cube 2039 (depth 0, 24 lits): UNSAT in 0.03s
    cube 2043 (depth 0, 24 lits): UNSAT in 0.03s
    cube 2047 (depth 0, 24 lits): UNSAT in 0.02s
    cube 2051 (depth 0, 24 lits): UNSAT in 0.02s
    cube 2055 (depth 0, 23 lits): UNSAT in 0.01s
    cube 2059 (depth 0, 24 lits): UNSAT in 0.02s
    cube 2063 (depth 0, 24 lits): UNSAT in 0.04s
    cube 2067 (depth 0, 24 lits): UNSAT in 0.05s
    cube 2071 (depth 0, 24 lits): UNSAT in 0.02s
    cube 2075 (depth 0, 24 lits): UNSAT in 0.03s
    cube 2079 (depth 0, 24 lits): UNSAT in 0.02s
    cube 2083 (depth 0, 24 lits): UNSAT in 0.03s
    cube 2087 (depth 0, 24 lits): UNSAT in 0.01s
    cube 2091 (depth 0, 24 lits): UNSAT in 0.05s
    cube 2095 (depth 0, 24 lits): UNSAT in 0.06s
    cube 2099 (depth 0, 24 lits): UNSAT in 0.20s
    cube 2103 (depth 0, 24 lits): UNSAT in 0.03s
    cube 2107 (depth 0, 24 lits): UNSAT in 0.04s
    cube 2111 (depth 0, 24 lits): UNSAT in 0.34s
    cube 2115 (depth 0, 24 lits): UNSAT in 0.11s
    cube 2119 (depth 0, 21 lits): UNSAT in 0.02s
    cube 2123 (depth 0, 24 lits): UNSAT in 0.02s
    cube 2127 (depth 0, 24 lits): UNSAT in 0.03s
    cube 2131 (depth 0, 24 lits): UNSAT in 0.02s
    cube 2135 (depth 0, 24 lits): UNSAT in 0.02s
    cube 2139 (depth 0, 23 lits): UNSAT in 0.01s
    cube 2143 (depth 0, 24 lits): UNSAT in 0.02s
    cube 2147 (depth 0, 24 lits): UNSAT in 0.01s
    cube 2151 (depth 0, 24 lits): UNSAT in 0.05s
    cube 2155 (depth 0, 24 lits): UNSAT in 0.09s
    cube 2159 (depth 0, 24 lits): UNSAT in 0.34s
    cube 2163 (depth 0, 24 lits): UNSAT in 0.02s
    cube 2167 (depth 0, 24 lits): UNSAT in 0.02s
    cube 2171 (depth 0, 24 lits): UNSAT in 0.02s
    cube 2175 (depth 0, 24 lits): UNSAT in 0.02s
    cube 2179 (depth 0, 23 lits): UNSAT in 0.01s
    cube 2183 (depth 0, 24 lits): UNSAT in 0.03s
    cube 2187 (depth 0, 24 lits): UNSAT in 0.05s
    cube 2191 (depth 0, 24 lits): UNSAT in 0.15s
    cube 2195 (depth 0, 24 lits): UNSAT in 0.04s
    cube 2199 (depth 0, 24 lits): UNSAT in 0.02s
    cube 2203 (depth 0, 24 lits): UNSAT in 0.02s
    cube 2207 (depth 0, 24 lits): UNSAT in 0.02s
    cube 2211 (depth 0, 24 lits): UNSAT in 0.10s
    cube 2215 (depth 0, 24 lits): UNSAT in 0.02s
    cube 2219 (depth 0, 24 lits): UNSAT in 0.16s
    cube 2223 (depth 0, 22 lits): UNSAT in 0.02s
    cube 2227 (depth 0, 24 lits): UNSAT in 0.01s
    cube 2231 (depth 0, 24 lits): UNSAT in 0.01s
    cube 2235 (depth 0, 24 lits): UNSAT in 0.02s
    cube 2239 (depth 0, 24 lits): UNSAT in 0.01s
    cube 2243 (depth 0, 24 lits): UNSAT in 0.03s
    cube 2247 (depth 0, 24 lits): UNSAT in 0.01s
    cube 2251 (depth 0, 24 lits): UNSAT in 0.02s
    cube 2255 (depth 0, 24 lits): UNSAT in 0.01s
    cube 2259 (depth 0, 24 lits): UNSAT in 0.02s
    cube 2263 (depth 0, 24 lits): UNSAT in 0.02s
    cube 2267 (depth 0, 24 lits): UNSAT in 0.03s
    cube 2271 (depth 0, 24 lits): UNSAT in 0.02s
    cube 2275 (depth 0, 24 lits): UNSAT in 0.05s
    cube 2279 (depth 0, 24 lits): UNSAT in 0.01s
    cube 2283 (depth 0, 24 lits): UNSAT in 0.02s
    cube 2287 (depth 0, 24 lits): UNSAT in 0.02s
    cube 2291 (depth 0, 24 lits): UNSAT in 0.08s
    cube 2295 (depth 0, 24 lits): UNSAT in 0.02s
    cube 2299 (depth 0, 24 lits): UNSAT in 0.04s
    cube 2303 (depth 0, 24 lits): UNSAT in 0.05s
    cube 2307 (depth 0, 24 lits): UNSAT in 0.10s
    cube 2311 (depth 0, 24 lits): UNSAT in 0.02s
    cube 2315 (depth 0, 24 lits): UNSAT in 0.17s
    cube 2319 (depth 0, 24 lits): UNSAT in 0.21s
    cube 2323 (depth 0, 24 lits): UNSAT in 1.27s
    cube 2327 (depth 0, 24 lits): UNSAT in 0.28s
    cube 2331 (depth 0, 24 lits): UNSAT in 1.20s
    cube 2335 (depth 0, 24 lits): UNSAT in 1.68s
    cube 2339 (depth 0, 24 lits): UNSAT in 8.66s
    cube 2343 (depth 0, 24 lits): UNSAT in 0.02s
    cube 2347 (depth 0, 24 lits): UNSAT in 0.02s
    cube 2351 (depth 0, 23 lits): UNSAT in 0.02s
    cube 2355 (depth 0, 24 lits): UNSAT in 0.02s
    cube 2359 (depth 0, 24 lits): UNSAT in 0.03s
    cube 2363 (depth 0, 24 lits): UNSAT in 0.02s
    cube 2367 (depth 0, 24 lits): UNSAT in 0.08s
    cube 2371 (depth 0, 24 lits): UNSAT in 0.01s
    cube 2375 (depth 0, 24 lits): UNSAT in 0.01s
    cube 2379 (depth 0, 24 lits): UNSAT in 0.02s
    cube 2383 (depth 0, 23 lits): UNSAT in 0.01s
    cube 2387 (depth 0, 24 lits): UNSAT in 0.05s
    cube 2391 (depth 0, 24 lits): UNSAT in 0.04s
    cube 2395 (depth 0, 24 lits): UNSAT in 0.09s
    cube 2399 (depth 0, 24 lits): UNSAT in 0.01s
    cube 2403 (depth 0, 24 lits): UNSAT in 0.02s
    cube 2407 (depth 0, 24 lits): UNSAT in 0.08s
    cube 2411 (depth 0, 24 lits): UNSAT in 0.10s
    cube 2415 (depth 0, 24 lits): UNSAT in 0.02s
    cube 2419 (depth 0, 24 lits): UNSAT in 0.04s
    cube 2423 (depth 0, 24 lits): UNSAT in 0.03s
    cube 2427 (depth 0, 24 lits): UNSAT in 0.03s
    cube 2431 (depth 0, 24 lits): UNSAT in 0.14s
    cube 2435 (depth 0, 24 lits): UNSAT in 0.04s
    cube 2439 (depth 0, 24 lits): UNSAT in 0.21s
    cube 2443 (depth 0, 24 lits): UNSAT in 0.04s
    cube 2447 (depth 0, 24 lits): UNSAT in 0.14s
    cube 2451 (depth 0, 24 lits): UNSAT in 0.17s
    cube 2455 (depth 0, 24 lits): UNSAT in 0.63s
    cube 2459 (depth 0, 24 lits): UNSAT in 0.02s
    cube 2463 (depth 0, 24 lits): UNSAT in 0.02s
    cube 2467 (depth 0, 24 lits): UNSAT in 0.02s
    cube 2471 (depth 0, 24 lits): UNSAT in 0.10s
    cube 2475 (depth 0, 24 lits): UNSAT in 0.03s
    cube 2479 (depth 0, 24 lits): UNSAT in 0.09s
    cube 2483 (depth 0, 24 lits): UNSAT in 0.10s
    cube 2487 (depth 0, 24 lits): UNSAT in 1.72s
    cube 2491 (depth 0, 24 lits): UNSAT in 0.04s
    cube 2495 (depth 0, 24 lits): UNSAT in 0.14s
    cube 2499 (depth 0, 24 lits): UNSAT in 0.17s
    cube 2503 (depth 0, 24 lits): UNSAT in 0.28s
    cube 2507 (depth 0, 24 lits): UNSAT in 0.13s
    cube 2511 (depth 0, 24 lits): UNSAT in 0.95s
    cube 2515 (depth 0, 24 lits): UNSAT in 1.25s
    cube 2519 (depth 0, 24 lits): UNSAT in 2.76s
    cube 2523 (depth 0, 24 lits): UNSAT in 0.14s
    cube 2527 (depth 0, 24 lits): UNSAT in 0.56s
    cube 2531 (depth 0, 24 lits): UNSAT in 1.05s
    cube 2535 (depth 0, 24 lits): UNSAT in 0.78s
    cube 2539 (depth 0, 24 lits): UNSAT in 0.29s
    cube 2543 (depth 0, 24 lits): UNSAT in 0.79s
    cube 2547 (depth 0, 24 lits): UNSAT in 0.57s
    cube 2551 (depth 0, 24 lits): UNSAT in 6.99s
    cube 2555 (depth 0, 24 lits): UNSAT in 0.58s
    cube 2559 (depth 0, 24 lits): UNSAT in 5.54s
    cube 2563 (depth 0, 24 lits): UNSAT in 6.01s
    cube 2567 (depth 0, 24 lits): UNSAT in 50.20s
    cube 2571 (depth 0, 24 lits): UNSAT in 0.88s
    cube 2575 (depth 0, 24 lits): UNSAT in 29.62s
    cube 2579 (depth 0, 24 lits): UNSAT in 45.23s
    cube 2583 (depth 0, 24 lits): UNSAT in 17.55s
    cube 2587 (depth 0, 22 lits): UNSAT in 0.01s
    cube 2591 (depth 0, 24 lits): UNSAT in 0.02s
    cube 2595 (depth 0, 23 lits): UNSAT in 0.01s
    cube 2599 (depth 0, 24 lits): UNSAT in 0.01s
    cube 2603 (depth 0, 24 lits): UNSAT in 0.01s
    cube 2607 (depth 0, 23 lits): UNSAT in 0.02s
    cube 2611 (depth 0, 24 lits): UNSAT in 0.02s
    cube 2615 (depth 0, 24 lits): UNSAT in 0.05s
    cube 2619 (depth 0, 24 lits): UNSAT in 0.02s
    cube 2623 (depth 0, 24 lits): UNSAT in 0.02s
    cube 2627 (depth 0, 24 lits): UNSAT in 0.07s
    cube 2631 (depth 0, 24 lits): UNSAT in 0.01s
    cube 2635 (depth 0, 24 lits): UNSAT in 0.02s
    cube 2639 (depth 0, 23 lits): UNSAT in 0.01s
    cube 2643 (depth 0, 24 lits): UNSAT in 0.02s
    cube 2647 (depth 0, 23 lits): UNSAT in 0.01s
    cube 2651 (depth 0, 24 lits): UNSAT in 0.01s
    cube 2655 (depth 0, 23 lits): UNSAT in 0.02s
    cube 2659 (depth 0, 24 lits): UNSAT in 0.02s
    cube 2663 (depth 0, 24 lits): UNSAT in 0.03s
    cube 2667 (depth 0, 24 lits): UNSAT in 0.04s
    cube 2671 (depth 0, 24 lits): UNSAT in 0.04s
    cube 2675 (depth 0, 24 lits): UNSAT in 0.01s
    cube 2679 (depth 0, 24 lits): UNSAT in 0.01s
    cube 2683 (depth 0, 24 lits): UNSAT in 0.02s
    cube 2687 (depth 0, 24 lits): UNSAT in 0.02s
    cube 2691 (depth 0, 24 lits): UNSAT in 0.02s
    cube 2695 (depth 0, 24 lits): UNSAT in 0.05s
    cube 2699 (depth 0, 24 lits): UNSAT in 0.08s
    cube 2703 (depth 0, 24 lits): UNSAT in 0.02s
    cube 2707 (depth 0, 24 lits): UNSAT in 0.02s
    cube 2711 (depth 0, 24 lits): UNSAT in 0.03s
    cube 2715 (depth 0, 24 lits): UNSAT in 0.37s
    cube 2719 (depth 0, 24 lits): UNSAT in 0.04s
    cube 2723 (depth 0, 24 lits): UNSAT in 0.10s
    cube 2727 (depth 0, 24 lits): UNSAT in 0.46s
    cube 2731 (depth 0, 24 lits): UNSAT in 4.49s
    cube 2735 (depth 0, 24 lits): UNSAT in 0.03s
    cube 2739 (depth 0, 24 lits): UNSAT in 0.03s
    cube 2743 (depth 0, 24 lits): UNSAT in 0.19s
    cube 2747 (depth 0, 24 lits): UNSAT in 0.09s
    cube 2751 (depth 0, 24 lits): UNSAT in 0.16s
    cube 2755 (depth 0, 24 lits): UNSAT in 0.12s
    cube 2759 (depth 0, 24 lits): UNSAT in 0.54s
    cube 2763 (depth 0, 24 lits): UNSAT in 0.02s
    cube 2767 (depth 0, 24 lits): UNSAT in 0.05s
    cube 2771 (depth 0, 24 lits): UNSAT in 0.24s
    cube 2775 (depth 0, 24 lits): UNSAT in 0.02s
    cube 2779 (depth 0, 24 lits): UNSAT in 0.11s
    cube 2783 (depth 0, 24 lits): UNSAT in 0.08s
    cube 2787 (depth 0, 24 lits): UNSAT in 0.60s
    cube 2791 (depth 0, 23 lits): UNSAT in 0.02s
    cube 2795 (depth 0, 24 lits): UNSAT in 0.02s
    cube 2799 (depth 0, 24 lits): UNSAT in 0.02s
    cube 2803 (depth 0, 24 lits): UNSAT in 0.03s
    cube 2807 (depth 0, 24 lits): UNSAT in 0.02s
    cube 2811 (depth 0, 24 lits): UNSAT in 0.01s
    cube 2815 (depth 0, 24 lits): UNSAT in 0.02s
    cube 2819 (depth 0, 24 lits): UNSAT in 0.14s
    cube 2823 (depth 0, 24 lits): UNSAT in 0.01s
    cube 2827 (depth 0, 24 lits): UNSAT in 0.03s
    cube 2831 (depth 0, 24 lits): UNSAT in 0.02s
    cube 2835 (depth 0, 24 lits): UNSAT in 0.08s
    cube 2839 (depth 0, 24 lits): UNSAT in 0.01s
    cube 2843 (depth 0, 24 lits): UNSAT in 0.06s
    cube 2847 (depth 0, 24 lits): UNSAT in 0.06s
    cube 2851 (depth 0, 24 lits): UNSAT in 0.04s
    cube 2855 (depth 0, 24 lits): UNSAT in 0.02s
    cube 2859 (depth 0, 24 lits): UNSAT in 0.02s
    cube 2863 (depth 0, 24 lits): UNSAT in 0.01s
    cube 2867 (depth 0, 24 lits): UNSAT in 0.04s
    cube 2871 (depth 0, 24 lits): UNSAT in 0.15s
    cube 2875 (depth 0, 24 lits): UNSAT in 0.09s
    cube 2879 (depth 0, 24 lits): UNSAT in 0.06s
    cube 2883 (depth 0, 24 lits): UNSAT in 0.07s
    cube 2887 (depth 0, 24 lits): UNSAT in 0.01s
    cube 2891 (depth 0, 24 lits): UNSAT in 0.07s
    cube 2895 (depth 0, 24 lits): UNSAT in 0.08s
    cube 2899 (depth 0, 24 lits): UNSAT in 0.05s
    cube 2903 (depth 0, 24 lits): UNSAT in 0.02s
    cube 2907 (depth 0, 24 lits): UNSAT in 0.12s
    cube 2911 (depth 0, 24 lits): UNSAT in 0.11s
    cube 2915 (depth 0, 24 lits): UNSAT in 0.22s
    cube 2919 (depth 0, 24 lits): UNSAT in 0.01s
    cube 2923 (depth 0, 24 lits): UNSAT in 0.03s
    cube 2927 (depth 0, 24 lits): UNSAT in 0.01s
    cube 2931 (depth 0, 24 lits): UNSAT in 0.07s
    cube 2935 (depth 0, 24 lits): UNSAT in 0.06s
    cube 2939 (depth 0, 24 lits): UNSAT in 0.10s
    cube 2943 (depth 0, 24 lits): UNSAT in 0.19s
    cube 2947 (depth 0, 24 lits): UNSAT in 0.90s
    cube 2951 (depth 0, 24 lits): UNSAT in 0.02s
    cube 2955 (depth 0, 24 lits): UNSAT in 0.03s
    cube 2959 (depth 0, 24 lits): UNSAT in 0.11s
    cube 2963 (depth 0, 24 lits): UNSAT in 3.14s
    cube 2967 (depth 0, 24 lits): UNSAT in 0.05s
    cube 2971 (depth 0, 24 lits): UNSAT in 2.88s
    cube 2975 (depth 0, 24 lits): UNSAT in 3.37s
    cube 2979 (depth 0, 24 lits): UNSAT in 3.48s
    cube 2983 (depth 0, 24 lits): UNSAT in 0.04s
    cube 2987 (depth 0, 24 lits): UNSAT in 0.03s
    cube 2991 (depth 0, 24 lits): UNSAT in 0.02s
    cube 2995 (depth 0, 24 lits): UNSAT in 0.11s
    cube 2999 (depth 0, 24 lits): UNSAT in 0.24s
    cube 3003 (depth 0, 24 lits): UNSAT in 1.77s
    cube 3007 (depth 0, 24 lits): UNSAT in 2.41s
    cube 3011 (depth 0, 24 lits): UNSAT in 6.81s
    cube 3015 (depth 0, 24 lits): UNSAT in 0.17s
    cube 3019 (depth 0, 24 lits): UNSAT in 0.92s
    cube 3023 (depth 0, 24 lits): UNSAT in 3.33s
    cube 3027 (depth 0, 24 lits): UNSAT in 13.39s
    cube 3031 (depth 0, 24 lits): UNSAT in 0.54s
    cube 3035 (depth 0, 24 lits): UNSAT in 99.95s
    cube 3039 (depth 0, 24 lits): UNSAT in 96.34s
    cube 3043 (depth 0, 24 lits): TIMEOUT in 600.10s
    cube 3043 TIMEOUT -> re-split into 206 sub-cubes (depth 1)
    cube 3043.0 (depth 1, 30 lits): UNSAT in 0.01s
    cube 3043.1 (depth 1, 31 lits): UNSAT in 0.01s
    cube 3043.2 (depth 1, 31 lits): UNSAT in 0.01s
    cube 3043.3 (depth 1, 30 lits): UNSAT in 0.01s
    cube 3043.4 (depth 1, 30 lits): UNSAT in 0.02s
    cube 3043.5 (depth 1, 29 lits): UNSAT in 0.02s
    cube 3043.6 (depth 1, 30 lits): UNSAT in 0.01s
    cube 3043.7 (depth 1, 32 lits): UNSAT in 0.01s
    cube 3043.8 (depth 1, 32 lits): UNSAT in 0.01s
    cube 3043.9 (depth 1, 32 lits): UNSAT in 0.01s
    cube 3043.10 (depth 1, 32 lits): UNSAT in 0.02s
    cube 3043.11 (depth 1, 32 lits): UNSAT in 0.01s
    cube 3043.12 (depth 1, 32 lits): UNSAT in 0.01s
    cube 3043.13 (depth 1, 31 lits): UNSAT in 0.01s
    cube 3043.14 (depth 1, 31 lits): UNSAT in 0.02s
    cube 3043.15 (depth 1, 32 lits): UNSAT in 0.02s
    cube 3043.16 (depth 1, 32 lits): UNSAT in 0.02s
    cube 3043.17 (depth 1, 31 lits): UNSAT in 0.01s
    cube 3043.18 (depth 1, 32 lits): UNSAT in 0.01s
    cube 3043.19 (depth 1, 32 lits): UNSAT in 0.03s
    cube 3043.20 (depth 1, 32 lits): UNSAT in 0.02s
    cube 3043.21 (depth 1, 32 lits): UNSAT in 0.04s
    cube 3043.22 (depth 1, 32 lits): UNSAT in 0.04s
    cube 3043.23 (depth 1, 32 lits): UNSAT in 0.05s
    cube 3043.24 (depth 1, 31 lits): UNSAT in 0.01s
    cube 3043.25 (depth 1, 32 lits): UNSAT in 0.02s
    cube 3043.26 (depth 1, 32 lits): UNSAT in 0.02s
    cube 3043.27 (depth 1, 32 lits): UNSAT in 0.02s
    cube 3043.28 (depth 1, 32 lits): UNSAT in 0.02s
    cube 3043.29 (depth 1, 32 lits): UNSAT in 0.02s
    cube 3043.30 (depth 1, 32 lits): UNSAT in 0.06s
    cube 3043.31 (depth 1, 32 lits): UNSAT in 0.01s
    cube 3043.32 (depth 1, 32 lits): UNSAT in 0.02s
    cube 3043.33 (depth 1, 32 lits): UNSAT in 0.03s
    cube 3043.34 (depth 1, 32 lits): UNSAT in 0.03s
    cube 3043.35 (depth 1, 32 lits): UNSAT in 0.03s
    cube 3043.36 (depth 1, 32 lits): UNSAT in 0.09s
    cube 3043.37 (depth 1, 32 lits): UNSAT in 0.04s
    cube 3043.38 (depth 1, 32 lits): UNSAT in 0.15s
    cube 3043.39 (depth 1, 32 lits): UNSAT in 0.01s
    cube 3043.40 (depth 1, 32 lits): UNSAT in 0.01s
    cube 3043.41 (depth 1, 31 lits): UNSAT in 0.01s
    cube 3043.42 (depth 1, 31 lits): UNSAT in 0.01s
    cube 3043.43 (depth 1, 31 lits): UNSAT in 0.01s
    cube 3043.44 (depth 1, 31 lits): UNSAT in 0.01s
    cube 3043.45 (depth 1, 31 lits): UNSAT in 0.02s
    cube 3043.46 (depth 1, 30 lits): UNSAT in 0.01s
    cube 3043.47 (depth 1, 31 lits): UNSAT in 0.01s
    cube 3043.48 (depth 1, 31 lits): UNSAT in 0.01s
    cube 3043.49 (depth 1, 32 lits): UNSAT in 0.01s
    cube 3043.50 (depth 1, 32 lits): UNSAT in 0.01s
    cube 3043.51 (depth 1, 31 lits): UNSAT in 0.01s
    cube 3043.52 (depth 1, 30 lits): UNSAT in 0.01s
    cube 3043.53 (depth 1, 32 lits): UNSAT in 0.01s
    cube 3043.54 (depth 1, 32 lits): UNSAT in 0.02s
    cube 3043.55 (depth 1, 31 lits): UNSAT in 0.02s
    cube 3043.56 (depth 1, 32 lits): UNSAT in 0.01s
    cube 3043.57 (depth 1, 32 lits): UNSAT in 0.02s
    cube 3043.58 (depth 1, 31 lits): UNSAT in 0.01s
    cube 3043.59 (depth 1, 31 lits): UNSAT in 0.02s
    cube 3043.60 (depth 1, 32 lits): UNSAT in 0.02s
    cube 3043.61 (depth 1, 32 lits): UNSAT in 0.02s
    cube 3043.62 (depth 1, 31 lits): UNSAT in 0.01s
    cube 3043.63 (depth 1, 32 lits): UNSAT in 0.01s
    cube 3043.64 (depth 1, 32 lits): UNSAT in 0.03s
    cube 3043.65 (depth 1, 32 lits): UNSAT in 0.01s
    cube 3043.66 (depth 1, 32 lits): UNSAT in 0.02s
    cube 3043.67 (depth 1, 32 lits): UNSAT in 0.03s
    cube 3043.68 (depth 1, 32 lits): UNSAT in 0.04s
    cube 3043.69 (depth 1, 32 lits): UNSAT in 0.02s
    cube 3043.70 (depth 1, 32 lits): UNSAT in 0.04s
    cube 3043.71 (depth 1, 32 lits): UNSAT in 0.02s
    cube 3043.72 (depth 1, 32 lits): UNSAT in 0.05s
    cube 3043.73 (depth 1, 32 lits): UNSAT in 0.01s
    cube 3043.74 (depth 1, 32 lits): UNSAT in 0.02s
    cube 3043.75 (depth 1, 32 lits): UNSAT in 0.04s
    cube 3043.76 (depth 1, 32 lits): UNSAT in 0.05s
    cube 3043.77 (depth 1, 32 lits): UNSAT in 0.01s
    cube 3043.78 (depth 1, 32 lits): UNSAT in 0.03s
    cube 3043.79 (depth 1, 32 lits): UNSAT in 0.03s
    cube 3043.80 (depth 1, 32 lits): UNSAT in 0.09s
    cube 3043.81 (depth 1, 32 lits): UNSAT in 0.03s
    cube 3043.82 (depth 1, 32 lits): UNSAT in 0.09s
    cube 3043.83 (depth 1, 32 lits): UNSAT in 0.13s
    cube 3043.84 (depth 1, 32 lits): UNSAT in 0.24s
    cube 3043.85 (depth 1, 32 lits): UNSAT in 0.01s
    cube 3043.86 (depth 1, 32 lits): UNSAT in 0.01s
    cube 3043.87 (depth 1, 32 lits): UNSAT in 0.01s
    cube 3043.88 (depth 1, 32 lits): UNSAT in 0.02s
    cube 3043.89 (depth 1, 32 lits): UNSAT in 0.01s
    cube 3043.90 (depth 1, 32 lits): UNSAT in 0.02s
    cube 3043.91 (depth 1, 32 lits): UNSAT in 0.02s
    cube 3043.92 (depth 1, 32 lits): UNSAT in 0.04s
    cube 3043.93 (depth 1, 32 lits): UNSAT in 0.01s
    cube 3043.94 (depth 1, 32 lits): UNSAT in 0.02s
    cube 3043.95 (depth 1, 32 lits): UNSAT in 0.01s
    cube 3043.96 (depth 1, 32 lits): UNSAT in 0.03s
    cube 3043.97 (depth 1, 32 lits): UNSAT in 0.02s
    cube 3043.98 (depth 1, 32 lits): UNSAT in 0.07s
    cube 3043.99 (depth 1, 32 lits): UNSAT in 0.04s
    cube 3043.100 (depth 1, 32 lits): UNSAT in 0.05s
    cube 3043.101 (depth 1, 32 lits): UNSAT in 0.02s
    cube 3043.102 (depth 1, 32 lits): UNSAT in 0.03s
    cube 3043.103 (depth 1, 32 lits): UNSAT in 0.02s
    cube 3043.104 (depth 1, 32 lits): UNSAT in 0.04s
    cube 3043.105 (depth 1, 32 lits): UNSAT in 0.01s
    cube 3043.106 (depth 1, 32 lits): UNSAT in 0.02s
    cube 3043.107 (depth 1, 32 lits): UNSAT in 0.01s
    cube 3043.108 (depth 1, 32 lits): UNSAT in 0.02s
    cube 3043.109 (depth 1, 32 lits): UNSAT in 0.03s
    cube 3043.110 (depth 1, 32 lits): UNSAT in 0.05s
    cube 3043.111 (depth 1, 32 lits): UNSAT in 0.03s
    cube 3043.112 (depth 1, 32 lits): UNSAT in 0.09s
    cube 3043.113 (depth 1, 32 lits): UNSAT in 0.03s
    cube 3043.114 (depth 1, 32 lits): UNSAT in 0.18s
    cube 3043.115 (depth 1, 32 lits): UNSAT in 0.11s
    cube 3043.116 (depth 1, 32 lits): UNSAT in 1.33s
    cube 3043.117 (depth 1, 31 lits): UNSAT in 0.02s
    cube 3043.118 (depth 1, 31 lits): UNSAT in 0.02s
    cube 3043.119 (depth 1, 31 lits): UNSAT in 0.02s
    cube 3043.120 (depth 1, 32 lits): UNSAT in 0.03s
    cube 3043.121 (depth 1, 32 lits): UNSAT in 0.06s
    cube 3043.122 (depth 1, 31 lits): UNSAT in 0.01s
    cube 3043.123 (depth 1, 32 lits): UNSAT in 0.02s
    cube 3043.124 (depth 1, 32 lits): UNSAT in 0.03s
    cube 3043.125 (depth 1, 32 lits): UNSAT in 0.03s
    cube 3043.126 (depth 1, 32 lits): UNSAT in 0.04s
    cube 3043.127 (depth 1, 32 lits): UNSAT in 0.04s
    cube 3043.128 (depth 1, 32 lits): UNSAT in 0.17s
    cube 3043.129 (depth 1, 32 lits): UNSAT in 0.02s
    cube 3043.130 (depth 1, 32 lits): UNSAT in 0.03s
    cube 3043.131 (depth 1, 32 lits): UNSAT in 0.08s
    cube 3043.132 (depth 1, 32 lits): UNSAT in 0.16s
    cube 3043.133 (depth 1, 32 lits): UNSAT in 0.02s
    cube 3043.134 (depth 1, 32 lits): UNSAT in 0.46s
    cube 3043.135 (depth 1, 32 lits): UNSAT in 0.30s
    cube 3043.136 (depth 1, 32 lits): UNSAT in 0.96s
    cube 3043.137 (depth 1, 32 lits): UNSAT in 0.09s
    cube 3043.138 (depth 1, 32 lits): UNSAT in 0.06s
    cube 3043.139 (depth 1, 32 lits): UNSAT in 0.08s
    cube 3043.140 (depth 1, 32 lits): UNSAT in 0.65s
    cube 3043.141 (depth 1, 32 lits): UNSAT in 0.12s
    cube 3043.142 (depth 1, 32 lits): UNSAT in 1.39s
    cube 3043.143 (depth 1, 32 lits): UNSAT in 1.29s
    cube 3043.144 (depth 1, 32 lits): UNSAT in 7.65s
    cube 3043.145 (depth 1, 30 lits): UNSAT in 0.01s
    cube 3043.146 (depth 1, 32 lits): UNSAT in 0.02s
    cube 3043.147 (depth 1, 32 lits): UNSAT in 0.02s
    cube 3043.148 (depth 1, 32 lits): UNSAT in 0.02s
    cube 3043.149 (depth 1, 32 lits): UNSAT in 0.02s
    cube 3043.150 (depth 1, 32 lits): UNSAT in 0.01s
    cube 3043.151 (depth 1, 32 lits): UNSAT in 0.02s
    cube 3043.152 (depth 1, 32 lits): UNSAT in 0.02s
    cube 3043.153 (depth 1, 32 lits): UNSAT in 0.02s
    cube 3043.154 (depth 1, 32 lits): UNSAT in 0.02s
    cube 3043.155 (depth 1, 32 lits): UNSAT in 0.02s
    cube 3043.156 (depth 1, 32 lits): UNSAT in 0.03s
    cube 3043.157 (depth 1, 32 lits): UNSAT in 0.08s
    cube 3043.158 (depth 1, 32 lits): UNSAT in 0.03s
    cube 3043.159 (depth 1, 32 lits): UNSAT in 0.06s
    cube 3043.160 (depth 1, 32 lits): UNSAT in 0.07s
    cube 3043.161 (depth 1, 32 lits): UNSAT in 0.15s
    cube 3043.162 (depth 1, 32 lits): UNSAT in 0.02s
    cube 3043.163 (depth 1, 32 lits): UNSAT in 0.05s
    cube 3043.164 (depth 1, 32 lits): UNSAT in 0.08s
    cube 3043.165 (depth 1, 32 lits): UNSAT in 0.35s
    cube 3043.166 (depth 1, 32 lits): UNSAT in 0.08s
    cube 3043.167 (depth 1, 32 lits): UNSAT in 0.12s
    cube 3043.168 (depth 1, 32 lits): UNSAT in 0.15s
    cube 3043.169 (depth 1, 32 lits): UNSAT in 0.77s
    cube 3043.170 (depth 1, 32 lits): UNSAT in 0.36s
    cube 3043.171 (depth 1, 32 lits): UNSAT in 1.27s
    cube 3043.172 (depth 1, 32 lits): UNSAT in 0.61s
    cube 3043.173 (depth 1, 32 lits): UNSAT in 4.54s
    cube 3043.174 (depth 1, 32 lits): UNSAT in 0.01s
    cube 3043.175 (depth 1, 32 lits): UNSAT in 0.02s
    cube 3043.176 (depth 1, 32 lits): UNSAT in 0.02s
    cube 3043.177 (depth 1, 32 lits): UNSAT in 0.02s
    cube 3043.178 (depth 1, 32 lits): UNSAT in 0.02s
    cube 3043.179 (depth 1, 32 lits): UNSAT in 0.05s
    cube 3043.180 (depth 1, 32 lits): UNSAT in 0.07s
    cube 3043.181 (depth 1, 32 lits): UNSAT in 0.12s
    cube 3043.182 (depth 1, 32 lits): UNSAT in 0.21s
    cube 3043.183 (depth 1, 32 lits): UNSAT in 0.33s
    cube 3043.184 (depth 1, 32 lits): UNSAT in 0.63s
    cube 3043.185 (depth 1, 32 lits): UNSAT in 1.00s
    cube 3043.186 (depth 1, 32 lits): UNSAT in 0.16s
    cube 3043.187 (depth 1, 32 lits): UNSAT in 1.15s
    cube 3043.188 (depth 1, 32 lits): UNSAT in 0.78s
    cube 3043.189 (depth 1, 32 lits): UNSAT in 11.46s
    cube 3043.190 (depth 1, 32 lits): UNSAT in 0.02s
    cube 3043.191 (depth 1, 32 lits): UNSAT in 0.06s
    cube 3043.192 (depth 1, 32 lits): UNSAT in 0.10s
    cube 3043.193 (depth 1, 32 lits): UNSAT in 0.06s
    cube 3043.194 (depth 1, 32 lits): UNSAT in 0.49s
    cube 3043.195 (depth 1, 32 lits): UNSAT in 0.80s
    cube 3043.196 (depth 1, 32 lits): UNSAT in 0.90s
    cube 3043.197 (depth 1, 32 lits): UNSAT in 4.38s
    cube 3043.198 (depth 1, 32 lits): UNSAT in 0.04s
    cube 3043.199 (depth 1, 32 lits): UNSAT in 0.07s
    cube 3043.200 (depth 1, 32 lits): UNSAT in 0.33s
    cube 3043.201 (depth 1, 32 lits): UNSAT in 4.54s
    cube 3043.202 (depth 1, 32 lits): UNSAT in 0.74s
    cube 3043.203 (depth 1, 32 lits): UNSAT in 5.09s
    cube 3043.204 (depth 1, 32 lits): UNSAT in 7.74s
    cube 3043.205 (depth 1, 32 lits): UNSAT in 43.01s
    cube 3047 (depth 0, 23 lits): UNSAT in 0.02s
    cube 3051 (depth 0, 24 lits): UNSAT in 0.02s
    cube 3055 (depth 0, 24 lits): UNSAT in 0.02s
    cube 3059 (depth 0, 24 lits): UNSAT in 0.02s
    cube 3063 (depth 0, 24 lits): UNSAT in 0.02s
    cube 3067 (depth 0, 24 lits): UNSAT in 0.03s
    cube 3071 (depth 0, 24 lits): UNSAT in 0.04s
    cube 3075 (depth 0, 24 lits): UNSAT in 0.03s
    cube 3079 (depth 0, 24 lits): UNSAT in 0.02s
    cube 3083 (depth 0, 24 lits): UNSAT in 0.14s
    cube 3087 (depth 0, 24 lits): UNSAT in 0.25s
    cube 3091 (depth 0, 24 lits): UNSAT in 0.03s
    cube 3095 (depth 0, 24 lits): UNSAT in 0.04s
    cube 3099 (depth 0, 24 lits): UNSAT in 0.05s
    cube 3103 (depth 0, 24 lits): UNSAT in 0.94s
    cube 3107 (depth 0, 24 lits): UNSAT in 0.02s
    cube 3111 (depth 0, 24 lits): UNSAT in 0.06s
    cube 3115 (depth 0, 24 lits): UNSAT in 0.11s
    cube 3119 (depth 0, 24 lits): UNSAT in 0.62s
    cube 3123 (depth 0, 24 lits): UNSAT in 0.07s
    cube 3127 (depth 0, 24 lits): UNSAT in 0.36s
    cube 3131 (depth 0, 24 lits): UNSAT in 0.13s
    cube 3135 (depth 0, 24 lits): UNSAT in 1.98s
    cube 3139 (depth 0, 24 lits): UNSAT in 0.02s
    cube 3143 (depth 0, 24 lits): UNSAT in 0.05s
    cube 3147 (depth 0, 24 lits): UNSAT in 0.19s
    cube 3151 (depth 0, 24 lits): UNSAT in 0.27s
    cube 3155 (depth 0, 24 lits): UNSAT in 0.26s
    cube 3159 (depth 0, 24 lits): UNSAT in 1.02s
    cube 3163 (depth 0, 24 lits): UNSAT in 0.22s
    cube 3167 (depth 0, 24 lits): UNSAT in 5.00s
    cube 3171 (depth 0, 24 lits): UNSAT in 0.01s
    cube 3175 (depth 0, 24 lits): UNSAT in 0.03s
    cube 3179 (depth 0, 24 lits): UNSAT in 0.02s
    cube 3183 (depth 0, 24 lits): UNSAT in 0.11s
    cube 3187 (depth 0, 24 lits): UNSAT in 0.01s
    cube 3191 (depth 0, 24 lits): UNSAT in 0.07s
    cube 3195 (depth 0, 24 lits): UNSAT in 0.04s
    cube 3199 (depth 0, 24 lits): UNSAT in 0.34s
    cube 3203 (depth 0, 24 lits): UNSAT in 0.02s
    cube 3207 (depth 0, 24 lits): UNSAT in 0.05s
    cube 3211 (depth 0, 24 lits): UNSAT in 0.08s
    cube 3215 (depth 0, 24 lits): UNSAT in 0.06s
    cube 3219 (depth 0, 24 lits): UNSAT in 0.10s
    cube 3223 (depth 0, 24 lits): UNSAT in 0.25s
    cube 3227 (depth 0, 24 lits): UNSAT in 2.95s
    cube 3231 (depth 0, 24 lits): UNSAT in 0.06s
    cube 3235 (depth 0, 24 lits): UNSAT in 0.38s
    cube 3239 (depth 0, 24 lits): UNSAT in 0.26s
    cube 3243 (depth 0, 24 lits): UNSAT in 1.99s
    cube 3247 (depth 0, 24 lits): UNSAT in 0.09s
    cube 3251 (depth 0, 24 lits): UNSAT in 0.08s
    cube 3255 (depth 0, 24 lits): UNSAT in 0.61s
    cube 3259 (depth 0, 24 lits): UNSAT in 30.01s
    cube 3263 (depth 0, 24 lits): UNSAT in 0.27s
    cube 3267 (depth 0, 24 lits): UNSAT in 0.19s
    cube 3271 (depth 0, 24 lits): UNSAT in 0.62s
    cube 3275 (depth 0, 24 lits): UNSAT in 1.97s
    cube 3279 (depth 0, 24 lits): UNSAT in 0.65s
    cube 3283 (depth 0, 24 lits): UNSAT in 2.33s
    cube 3287 (depth 0, 24 lits): UNSAT in 0.87s
    cube 3291 (depth 0, 24 lits): UNSAT in 22.20s
    cube 3295 (depth 0, 24 lits): UNSAT in 0.02s
    cube 3299 (depth 0, 24 lits): UNSAT in 0.01s
    cube 3303 (depth 0, 24 lits): UNSAT in 0.03s
    cube 3307 (depth 0, 24 lits): UNSAT in 0.03s
    cube 3311 (depth 0, 24 lits): UNSAT in 0.02s
    cube 3315 (depth 0, 24 lits): UNSAT in 0.06s
    cube 3319 (depth 0, 24 lits): UNSAT in 0.08s
    cube 3323 (depth 0, 24 lits): UNSAT in 0.28s
    cube 3327 (depth 0, 24 lits): UNSAT in 0.12s
    cube 3331 (depth 0, 24 lits): UNSAT in 0.15s
    cube 3335 (depth 0, 24 lits): UNSAT in 0.31s
    cube 3339 (depth 0, 24 lits): UNSAT in 2.06s
    cube 3343 (depth 0, 24 lits): UNSAT in 0.04s
    cube 3347 (depth 0, 24 lits): UNSAT in 0.32s
    cube 3351 (depth 0, 24 lits): UNSAT in 0.84s
    cube 3355 (depth 0, 24 lits): UNSAT in 8.50s
    cube 3359 (depth 0, 24 lits): UNSAT in 0.03s
    cube 3363 (depth 0, 24 lits): UNSAT in 0.14s
    cube 3367 (depth 0, 24 lits): UNSAT in 0.02s
    cube 3371 (depth 0, 24 lits): UNSAT in 0.35s
    cube 3375 (depth 0, 24 lits): UNSAT in 0.35s
    cube 3379 (depth 0, 24 lits): UNSAT in 4.90s
    cube 3383 (depth 0, 24 lits): UNSAT in 2.78s
    cube 3387 (depth 0, 24 lits): UNSAT in 68.89s
    cube 3391 (depth 0, 24 lits): UNSAT in 0.09s
    cube 3395 (depth 0, 24 lits): UNSAT in 0.74s
    cube 3399 (depth 0, 24 lits): UNSAT in 0.54s
    cube 3403 (depth 0, 24 lits): UNSAT in 9.59s
    cube 3407 (depth 0, 24 lits): UNSAT in 1.25s
    cube 3411 (depth 0, 24 lits): UNSAT in 29.69s
    cube 3415 (depth 0, 24 lits): UNSAT in 7.03s
    cube 3419 (depth 0, 24 lits): UNSAT in 226.60s
    cube 3423 (depth 0, 24 lits): UNSAT in 0.08s
    cube 3427 (depth 0, 24 lits): UNSAT in 0.25s
    cube 3431 (depth 0, 24 lits): UNSAT in 0.19s
    cube 3435 (depth 0, 24 lits): UNSAT in 0.38s
    cube 3439 (depth 0, 24 lits): UNSAT in 0.13s
    cube 3443 (depth 0, 24 lits): UNSAT in 0.48s
    cube 3447 (depth 0, 24 lits): UNSAT in 0.36s
    cube 3451 (depth 0, 24 lits): UNSAT in 11.38s
    cube 3455 (depth 0, 24 lits): UNSAT in 0.37s
    cube 3459 (depth 0, 24 lits): UNSAT in 1.92s
    cube 3463 (depth 0, 24 lits): UNSAT in 0.27s
    cube 3467 (depth 0, 24 lits): UNSAT in 16.53s
    cube 3471 (depth 0, 24 lits): UNSAT in 0.14s
    cube 3475 (depth 0, 24 lits): UNSAT in 2.19s
    cube 3479 (depth 0, 24 lits): UNSAT in 5.67s
    cube 3483 (depth 0, 24 lits): UNSAT in 215.03s
    cube 3487 (depth 0, 24 lits): UNSAT in 0.03s
    cube 3491 (depth 0, 24 lits): UNSAT in 0.72s
    cube 3495 (depth 0, 24 lits): UNSAT in 0.48s
    cube 3499 (depth 0, 24 lits): UNSAT in 18.07s
    cube 3503 (depth 0, 24 lits): UNSAT in 0.89s
    cube 3507 (depth 0, 24 lits): UNSAT in 2.15s
    cube 3511 (depth 0, 24 lits): UNSAT in 20.43s
    cube 3515 (depth 0, 24 lits): UNSAT in 48.53s
    cube 3519 (depth 0, 24 lits): UNSAT in 0.97s
    cube 3523 (depth 0, 24 lits): UNSAT in 27.25s
    cube 3527 (depth 0, 24 lits): UNSAT in 7.05s
    cube 3531 (depth 0, 24 lits): TIMEOUT in 600.10s
    cube 3531 TIMEOUT -> re-split into 238 sub-cubes (depth 1)
    cube 3531.0 (depth 1, 32 lits): UNSAT in 0.02s
    cube 3531.1 (depth 1, 32 lits): UNSAT in 0.01s
    cube 3531.2 (depth 1, 31 lits): UNSAT in 0.02s
    cube 3531.3 (depth 1, 32 lits): UNSAT in 0.01s
    cube 3531.4 (depth 1, 32 lits): UNSAT in 0.02s
    cube 3531.5 (depth 1, 31 lits): UNSAT in 0.02s
    cube 3531.6 (depth 1, 30 lits): UNSAT in 0.02s
    cube 3531.7 (depth 1, 31 lits): UNSAT in 0.02s
    cube 3531.8 (depth 1, 32 lits): UNSAT in 0.02s
    cube 3531.9 (depth 1, 32 lits): UNSAT in 0.01s
    cube 3531.10 (depth 1, 32 lits): UNSAT in 0.01s
    cube 3531.11 (depth 1, 32 lits): UNSAT in 0.01s
    cube 3531.12 (depth 1, 32 lits): UNSAT in 0.01s
    cube 3531.13 (depth 1, 32 lits): UNSAT in 0.02s
    cube 3531.14 (depth 1, 32 lits): UNSAT in 0.02s
    cube 3531.15 (depth 1, 32 lits): UNSAT in 0.02s
    cube 3531.16 (depth 1, 32 lits): UNSAT in 0.03s
    cube 3531.17 (depth 1, 32 lits): UNSAT in 0.02s
    cube 3531.18 (depth 1, 32 lits): UNSAT in 0.01s
    cube 3531.19 (depth 1, 32 lits): UNSAT in 0.02s
    cube 3531.20 (depth 1, 32 lits): UNSAT in 0.04s
    cube 3531.21 (depth 1, 32 lits): UNSAT in 0.14s
    cube 3531.22 (depth 1, 32 lits): UNSAT in 0.02s
    cube 3531.23 (depth 1, 32 lits): UNSAT in 0.05s
    cube 3531.24 (depth 1, 32 lits): UNSAT in 0.05s
    cube 3531.25 (depth 1, 32 lits): UNSAT in 0.14s
    cube 3531.26 (depth 1, 32 lits): UNSAT in 0.02s
    cube 3531.27 (depth 1, 32 lits): UNSAT in 0.02s
    cube 3531.28 (depth 1, 32 lits): UNSAT in 0.02s
    cube 3531.29 (depth 1, 32 lits): UNSAT in 0.02s
    cube 3531.30 (depth 1, 32 lits): UNSAT in 0.01s
    cube 3531.31 (depth 1, 32 lits): UNSAT in 0.02s
    cube 3531.32 (depth 1, 32 lits): UNSAT in 0.02s
    cube 3531.33 (depth 1, 32 lits): UNSAT in 0.09s
    cube 3531.34 (depth 1, 32 lits): UNSAT in 0.02s
    cube 3531.35 (depth 1, 32 lits): UNSAT in 0.02s
    cube 3531.36 (depth 1, 32 lits): UNSAT in 0.02s
    cube 3531.37 (depth 1, 32 lits): UNSAT in 0.02s
    cube 3531.38 (depth 1, 32 lits): UNSAT in 0.03s
    cube 3531.39 (depth 1, 32 lits): UNSAT in 0.05s
    cube 3531.40 (depth 1, 32 lits): UNSAT in 0.11s
    cube 3531.41 (depth 1, 32 lits): UNSAT in 0.11s
    cube 3531.42 (depth 1, 32 lits): UNSAT in 0.02s
    cube 3531.43 (depth 1, 32 lits): UNSAT in 0.03s
    cube 3531.44 (depth 1, 32 lits): UNSAT in 0.02s
    cube 3531.45 (depth 1, 32 lits): UNSAT in 0.03s
    cube 3531.46 (depth 1, 32 lits): UNSAT in 0.04s
    cube 3531.47 (depth 1, 32 lits): UNSAT in 0.09s
    cube 3531.48 (depth 1, 32 lits): UNSAT in 0.07s
    cube 3531.49 (depth 1, 32 lits): UNSAT in 0.37s
    cube 3531.50 (depth 1, 32 lits): UNSAT in 0.03s
    cube 3531.51 (depth 1, 32 lits): UNSAT in 0.08s
    cube 3531.52 (depth 1, 32 lits): UNSAT in 0.16s
    cube 3531.53 (depth 1, 32 lits): UNSAT in 0.46s
    cube 3531.54 (depth 1, 32 lits): UNSAT in 0.11s
    cube 3531.55 (depth 1, 32 lits): UNSAT in 0.40s
    cube 3531.56 (depth 1, 32 lits): UNSAT in 0.45s
    cube 3531.57 (depth 1, 32 lits): UNSAT in 1.91s
    cube 3531.58 (depth 1, 30 lits): UNSAT in 0.01s
    cube 3531.59 (depth 1, 30 lits): UNSAT in 0.02s
    cube 3531.60 (depth 1, 31 lits): UNSAT in 0.01s
    cube 3531.61 (depth 1, 32 lits): UNSAT in 0.01s
    cube 3531.62 (depth 1, 32 lits): UNSAT in 0.01s
    cube 3531.63 (depth 1, 31 lits): UNSAT in 0.02s
    cube 3531.64 (depth 1, 32 lits): UNSAT in 0.02s
    cube 3531.65 (depth 1, 32 lits): UNSAT in 0.02s
    cube 3531.66 (depth 1, 32 lits): UNSAT in 0.02s
    cube 3531.67 (depth 1, 32 lits): UNSAT in 0.02s
    cube 3531.68 (depth 1, 32 lits): UNSAT in 0.02s
    cube 3531.69 (depth 1, 32 lits): UNSAT in 0.02s
    cube 3531.70 (depth 1, 32 lits): UNSAT in 0.03s
    cube 3531.71 (depth 1, 32 lits): UNSAT in 0.02s
    cube 3531.72 (depth 1, 32 lits): UNSAT in 0.02s
    cube 3531.73 (depth 1, 32 lits): UNSAT in 0.12s
    cube 3531.74 (depth 1, 32 lits): UNSAT in 0.02s
    cube 3531.75 (depth 1, 32 lits): UNSAT in 0.03s
    cube 3531.76 (depth 1, 32 lits): UNSAT in 0.02s
    cube 3531.77 (depth 1, 32 lits): UNSAT in 0.03s
    cube 3531.78 (depth 1, 32 lits): UNSAT in 0.03s
    cube 3531.79 (depth 1, 32 lits): UNSAT in 0.04s
    cube 3531.80 (depth 1, 32 lits): UNSAT in 0.03s
    cube 3531.81 (depth 1, 32 lits): UNSAT in 0.03s
    cube 3531.82 (depth 1, 32 lits): UNSAT in 0.01s
    cube 3531.83 (depth 1, 32 lits): UNSAT in 0.02s
    cube 3531.84 (depth 1, 32 lits): UNSAT in 0.02s
    cube 3531.85 (depth 1, 32 lits): UNSAT in 0.02s
    cube 3531.86 (depth 1, 32 lits): UNSAT in 0.02s
    cube 3531.87 (depth 1, 32 lits): UNSAT in 0.02s
    cube 3531.88 (depth 1, 32 lits): UNSAT in 0.03s
    cube 3531.89 (depth 1, 32 lits): UNSAT in 0.04s
    cube 3531.90 (depth 1, 32 lits): UNSAT in 0.02s
    cube 3531.91 (depth 1, 32 lits): UNSAT in 0.03s
    cube 3531.92 (depth 1, 32 lits): UNSAT in 0.04s
    cube 3531.93 (depth 1, 32 lits): UNSAT in 0.05s
    cube 3531.94 (depth 1, 32 lits): UNSAT in 0.03s
    cube 3531.95 (depth 1, 32 lits): UNSAT in 0.06s
    cube 3531.96 (depth 1, 32 lits): UNSAT in 0.08s
    cube 3531.97 (depth 1, 32 lits): UNSAT in 0.17s
    cube 3531.98 (depth 1, 31 lits): UNSAT in 0.02s
    cube 3531.99 (depth 1, 32 lits): UNSAT in 0.02s
    cube 3531.100 (depth 1, 32 lits): UNSAT in 0.02s
    cube 3531.101 (depth 1, 32 lits): UNSAT in 0.05s
    cube 3531.102 (depth 1, 32 lits): UNSAT in 0.03s
    cube 3531.103 (depth 1, 32 lits): UNSAT in 0.05s
    cube 3531.104 (depth 1, 32 lits): UNSAT in 0.08s
    cube 3531.105 (depth 1, 32 lits): UNSAT in 0.02s
    cube 3531.106 (depth 1, 32 lits): UNSAT in 0.04s
    cube 3531.107 (depth 1, 32 lits): UNSAT in 0.02s
    cube 3531.108 (depth 1, 32 lits): UNSAT in 0.02s
    cube 3531.109 (depth 1, 32 lits): UNSAT in 0.04s
    cube 3531.110 (depth 1, 32 lits): UNSAT in 0.13s
    cube 3531.111 (depth 1, 32 lits): UNSAT in 0.06s
    cube 3531.112 (depth 1, 32 lits): UNSAT in 0.22s
    cube 3531.113 (depth 1, 30 lits): UNSAT in 0.02s
    cube 3531.114 (depth 1, 32 lits): UNSAT in 0.01s
    cube 3531.115 (depth 1, 32 lits): UNSAT in 0.02s
    cube 3531.116 (depth 1, 32 lits): UNSAT in 0.02s
    cube 3531.117 (depth 1, 32 lits): UNSAT in 0.07s
    cube 3531.118 (depth 1, 32 lits): UNSAT in 0.02s
    cube 3531.119 (depth 1, 32 lits): UNSAT in 0.03s
    cube 3531.120 (depth 1, 32 lits): UNSAT in 0.03s
    cube 3531.121 (depth 1, 32 lits): UNSAT in 0.09s
    cube 3531.122 (depth 1, 32 lits): UNSAT in 0.03s
    cube 3531.123 (depth 1, 32 lits): UNSAT in 0.03s
    cube 3531.124 (depth 1, 32 lits): UNSAT in 0.05s
    cube 3531.125 (depth 1, 32 lits): UNSAT in 0.22s
    cube 3531.126 (depth 1, 32 lits): UNSAT in 0.01s
    cube 3531.127 (depth 1, 32 lits): UNSAT in 0.02s
    cube 3531.128 (depth 1, 32 lits): UNSAT in 0.03s
    cube 3531.129 (depth 1, 32 lits): UNSAT in 0.03s
    cube 3531.130 (depth 1, 32 lits): UNSAT in 0.02s
    cube 3531.131 (depth 1, 32 lits): UNSAT in 0.09s
    cube 3531.132 (depth 1, 32 lits): UNSAT in 0.06s
    cube 3531.133 (depth 1, 32 lits): UNSAT in 0.26s
    cube 3531.134 (depth 1, 32 lits): UNSAT in 0.04s
    cube 3531.135 (depth 1, 32 lits): UNSAT in 0.22s
    cube 3531.136 (depth 1, 32 lits): UNSAT in 0.42s
    cube 3531.137 (depth 1, 32 lits): UNSAT in 0.64s
    cube 3531.138 (depth 1, 32 lits): UNSAT in 0.05s
    cube 3531.139 (depth 1, 32 lits): UNSAT in 0.14s
    cube 3531.140 (depth 1, 32 lits): UNSAT in 0.05s
    cube 3531.141 (depth 1, 32 lits): UNSAT in 0.45s
    cube 3531.142 (depth 1, 32 lits): UNSAT in 0.01s
    cube 3531.143 (depth 1, 32 lits): UNSAT in 0.02s
    cube 3531.144 (depth 1, 32 lits): UNSAT in 0.04s
    cube 3531.145 (depth 1, 32 lits): UNSAT in 0.08s
    cube 3531.146 (depth 1, 32 lits): UNSAT in 0.03s
    cube 3531.147 (depth 1, 32 lits): UNSAT in 0.22s
    cube 3531.148 (depth 1, 32 lits): UNSAT in 0.39s
    cube 3531.149 (depth 1, 32 lits): UNSAT in 0.88s
    cube 3531.150 (depth 1, 32 lits): UNSAT in 0.07s
    cube 3531.151 (depth 1, 32 lits): UNSAT in 0.13s
    cube 3531.152 (depth 1, 32 lits): UNSAT in 0.20s
    cube 3531.153 (depth 1, 32 lits): UNSAT in 1.44s
    cube 3531.154 (depth 1, 32 lits): UNSAT in 0.24s
    cube 3531.155 (depth 1, 32 lits): UNSAT in 0.85s
    cube 3531.156 (depth 1, 32 lits): UNSAT in 0.94s
    cube 3531.157 (depth 1, 32 lits): UNSAT in 1.57s
    cube 3531.158 (depth 1, 32 lits): UNSAT in 0.05s
    cube 3531.159 (depth 1, 32 lits): UNSAT in 0.08s
    cube 3531.160 (depth 1, 32 lits): UNSAT in 0.04s
    cube 3531.161 (depth 1, 32 lits): UNSAT in 0.47s
    cube 3531.162 (depth 1, 32 lits): UNSAT in 0.18s
    cube 3531.163 (depth 1, 32 lits): UNSAT in 0.88s
    cube 3531.164 (depth 1, 32 lits): UNSAT in 0.71s
    cube 3531.165 (depth 1, 32 lits): UNSAT in 0.63s
    cube 3531.166 (depth 1, 32 lits): UNSAT in 0.14s
    cube 3531.167 (depth 1, 32 lits): UNSAT in 0.34s
    cube 3531.168 (depth 1, 32 lits): UNSAT in 0.49s
    cube 3531.169 (depth 1, 32 lits): UNSAT in 0.76s
    cube 3531.170 (depth 1, 32 lits): UNSAT in 1.54s
    cube 3531.171 (depth 1, 32 lits): UNSAT in 2.20s
    cube 3531.172 (depth 1, 32 lits): UNSAT in 2.74s
    cube 3531.173 (depth 1, 32 lits): UNSAT in 7.51s
    cube 3531.174 (depth 1, 32 lits): UNSAT in 0.02s
    cube 3531.175 (depth 1, 32 lits): UNSAT in 0.02s
    cube 3531.176 (depth 1, 32 lits): UNSAT in 0.04s
    cube 3531.177 (depth 1, 32 lits): UNSAT in 0.12s
    cube 3531.178 (depth 1, 32 lits): UNSAT in 0.02s
    cube 3531.179 (depth 1, 32 lits): UNSAT in 0.14s
    cube 3531.180 (depth 1, 32 lits): UNSAT in 0.16s
    cube 3531.181 (depth 1, 32 lits): UNSAT in 0.54s
    cube 3531.182 (depth 1, 32 lits): UNSAT in 0.03s
    cube 3531.183 (depth 1, 32 lits): UNSAT in 0.08s
    cube 3531.184 (depth 1, 32 lits): UNSAT in 0.02s
    cube 3531.185 (depth 1, 32 lits): UNSAT in 0.18s
    cube 3531.186 (depth 1, 32 lits): UNSAT in 0.07s
    cube 3531.187 (depth 1, 32 lits): UNSAT in 2.18s
    cube 3531.188 (depth 1, 32 lits): UNSAT in 1.51s
    cube 3531.189 (depth 1, 32 lits): UNSAT in 4.51s
    cube 3531.190 (depth 1, 32 lits): UNSAT in 0.01s
    cube 3531.191 (depth 1, 32 lits): UNSAT in 0.03s
    cube 3531.192 (depth 1, 32 lits): UNSAT in 0.03s
    cube 3531.193 (depth 1, 32 lits): UNSAT in 0.07s
    cube 3531.194 (depth 1, 32 lits): UNSAT in 0.09s
    cube 3531.195 (depth 1, 32 lits): UNSAT in 0.15s
    cube 3531.196 (depth 1, 32 lits): UNSAT in 0.14s
    cube 3531.197 (depth 1, 32 lits): UNSAT in 0.41s
    cube 3531.198 (depth 1, 32 lits): UNSAT in 0.02s
    cube 3531.199 (depth 1, 32 lits): UNSAT in 0.02s
    cube 3531.200 (depth 1, 32 lits): UNSAT in 0.07s
    cube 3531.201 (depth 1, 32 lits): UNSAT in 0.08s
    cube 3531.202 (depth 1, 32 lits): UNSAT in 0.06s
    cube 3531.203 (depth 1, 32 lits): UNSAT in 0.11s
    cube 3531.204 (depth 1, 32 lits): UNSAT in 1.01s
    cube 3531.205 (depth 1, 32 lits): UNSAT in 2.00s
    cube 3531.206 (depth 1, 32 lits): UNSAT in 0.02s
    cube 3531.207 (depth 1, 32 lits): UNSAT in 0.04s
    cube 3531.208 (depth 1, 32 lits): UNSAT in 0.05s
    cube 3531.209 (depth 1, 32 lits): UNSAT in 0.14s
    cube 3531.210 (depth 1, 32 lits): UNSAT in 0.04s
    cube 3531.211 (depth 1, 32 lits): UNSAT in 0.10s
    cube 3531.212 (depth 1, 32 lits): UNSAT in 0.58s
    cube 3531.213 (depth 1, 32 lits): UNSAT in 0.73s
    cube 3531.214 (depth 1, 32 lits): UNSAT in 0.06s
    cube 3531.215 (depth 1, 32 lits): UNSAT in 0.08s
    cube 3531.216 (depth 1, 32 lits): UNSAT in 0.12s
    cube 3531.217 (depth 1, 32 lits): UNSAT in 0.37s
    cube 3531.218 (depth 1, 32 lits): UNSAT in 0.10s
    cube 3531.219 (depth 1, 32 lits): UNSAT in 0.17s
    cube 3531.220 (depth 1, 32 lits): UNSAT in 0.54s
    cube 3531.221 (depth 1, 32 lits): UNSAT in 4.12s
    cube 3531.222 (depth 1, 32 lits): UNSAT in 0.04s
    cube 3531.223 (depth 1, 32 lits): UNSAT in 0.09s
    cube 3531.224 (depth 1, 32 lits): UNSAT in 0.16s
    cube 3531.225 (depth 1, 32 lits): UNSAT in 0.70s
    cube 3531.226 (depth 1, 32 lits): UNSAT in 0.99s
    cube 3531.227 (depth 1, 32 lits): UNSAT in 0.57s
    cube 3531.228 (depth 1, 32 lits): UNSAT in 0.60s
    cube 3531.229 (depth 1, 32 lits): UNSAT in 9.65s
    cube 3531.230 (depth 1, 32 lits): UNSAT in 0.18s
    cube 3531.231 (depth 1, 32 lits): UNSAT in 0.68s
    cube 3531.232 (depth 1, 32 lits): UNSAT in 1.03s
    cube 3531.233 (depth 1, 32 lits): UNSAT in 10.30s
    cube 3531.234 (depth 1, 32 lits): UNSAT in 3.11s
    cube 3531.235 (depth 1, 32 lits): UNSAT in 29.63s
    cube 3531.236 (depth 1, 32 lits): UNSAT in 56.02s
    cube 3531.237 (depth 1, 32 lits): UNSAT in 76.05s
    cube 3535 (depth 0, 24 lits): UNSAT in 65.73s
    cube 3539 (depth 0, 24 lits): TIMEOUT in 600.10s
    cube 3539 TIMEOUT -> re-split into 231 sub-cubes (depth 1)
    cube 3539.0 (depth 1, 30 lits): UNSAT in 0.02s
    cube 3539.1 (depth 1, 31 lits): UNSAT in 0.01s
    cube 3539.2 (depth 1, 32 lits): UNSAT in 0.01s
    cube 3539.3 (depth 1, 32 lits): UNSAT in 0.02s
    cube 3539.4 (depth 1, 30 lits): UNSAT in 0.02s
    cube 3539.5 (depth 1, 32 lits): UNSAT in 0.01s
    cube 3539.6 (depth 1, 32 lits): UNSAT in 0.02s
    cube 3539.7 (depth 1, 32 lits): UNSAT in 0.02s
    cube 3539.8 (depth 1, 32 lits): UNSAT in 0.02s
    cube 3539.9 (depth 1, 31 lits): UNSAT in 0.02s
    cube 3539.10 (depth 1, 32 lits): UNSAT in 0.01s
    cube 3539.11 (depth 1, 32 lits): UNSAT in 0.02s
    cube 3539.12 (depth 1, 31 lits): UNSAT in 0.02s
    cube 3539.13 (depth 1, 32 lits): UNSAT in 0.01s
    cube 3539.14 (depth 1, 32 lits): UNSAT in 0.03s
    cube 3539.15 (depth 1, 31 lits): UNSAT in 0.02s
    cube 3539.16 (depth 1, 32 lits): UNSAT in 0.01s
    cube 3539.17 (depth 1, 32 lits): UNSAT in 0.02s
    cube 3539.18 (depth 1, 32 lits): UNSAT in 0.01s
    cube 3539.19 (depth 1, 32 lits): UNSAT in 0.02s
    cube 3539.20 (depth 1, 32 lits): UNSAT in 0.03s
    cube 3539.21 (depth 1, 32 lits): UNSAT in 0.03s
    cube 3539.22 (depth 1, 31 lits): UNSAT in 0.02s
    cube 3539.23 (depth 1, 31 lits): UNSAT in 0.02s
    cube 3539.24 (depth 1, 32 lits): UNSAT in 0.01s
    cube 3539.25 (depth 1, 32 lits): UNSAT in 0.01s
    cube 3539.26 (depth 1, 32 lits): UNSAT in 0.02s
    cube 3539.27 (depth 1, 32 lits): UNSAT in 0.02s
    cube 3539.28 (depth 1, 30 lits): UNSAT in 0.01s
    cube 3539.29 (depth 1, 31 lits): UNSAT in 0.02s
    cube 3539.30 (depth 1, 32 lits): UNSAT in 0.02s
    cube 3539.31 (depth 1, 32 lits): UNSAT in 0.01s
    cube 3539.32 (depth 1, 31 lits): UNSAT in 0.01s
    cube 3539.33 (depth 1, 32 lits): UNSAT in 0.01s
    cube 3539.34 (depth 1, 32 lits): UNSAT in 0.01s
    cube 3539.35 (depth 1, 31 lits): UNSAT in 0.01s
    cube 3539.36 (depth 1, 32 lits): UNSAT in 0.01s
    cube 3539.37 (depth 1, 32 lits): UNSAT in 0.02s
    cube 3539.38 (depth 1, 32 lits): UNSAT in 0.01s
    cube 3539.39 (depth 1, 32 lits): UNSAT in 0.01s
    cube 3539.40 (depth 1, 32 lits): UNSAT in 0.02s
    cube 3539.41 (depth 1, 32 lits): UNSAT in 0.02s
    cube 3539.42 (depth 1, 32 lits): UNSAT in 0.01s
    cube 3539.43 (depth 1, 32 lits): UNSAT in 0.02s
    cube 3539.44 (depth 1, 32 lits): UNSAT in 0.01s
    cube 3539.45 (depth 1, 32 lits): UNSAT in 0.03s
    cube 3539.46 (depth 1, 32 lits): UNSAT in 0.01s
    cube 3539.47 (depth 1, 32 lits): UNSAT in 0.01s
    cube 3539.48 (depth 1, 32 lits): UNSAT in 0.02s
    cube 3539.49 (depth 1, 32 lits): UNSAT in 0.02s
    cube 3539.50 (depth 1, 32 lits): UNSAT in 0.01s
    cube 3539.51 (depth 1, 32 lits): UNSAT in 0.02s
    cube 3539.52 (depth 1, 32 lits): UNSAT in 0.01s
    cube 3539.53 (depth 1, 32 lits): UNSAT in 0.02s
    cube 3539.54 (depth 1, 32 lits): UNSAT in 0.01s
    cube 3539.55 (depth 1, 32 lits): UNSAT in 0.02s
    cube 3539.56 (depth 1, 32 lits): UNSAT in 0.01s
    cube 3539.57 (depth 1, 32 lits): UNSAT in 0.02s
    cube 3539.58 (depth 1, 32 lits): UNSAT in 0.02s
    cube 3539.59 (depth 1, 32 lits): UNSAT in 0.01s
    cube 3539.60 (depth 1, 31 lits): UNSAT in 0.01s
    cube 3539.61 (depth 1, 32 lits): UNSAT in 0.02s
    cube 3539.62 (depth 1, 32 lits): UNSAT in 0.02s
    cube 3539.63 (depth 1, 32 lits): UNSAT in 0.03s
    cube 3539.64 (depth 1, 32 lits): UNSAT in 0.02s
    cube 3539.65 (depth 1, 32 lits): UNSAT in 0.01s
    cube 3539.66 (depth 1, 32 lits): UNSAT in 0.02s
    cube 3539.67 (depth 1, 32 lits): UNSAT in 0.03s
    cube 3539.68 (depth 1, 32 lits): UNSAT in 0.05s
    cube 3539.69 (depth 1, 32 lits): UNSAT in 0.01s
    cube 3539.70 (depth 1, 32 lits): UNSAT in 0.03s
    cube 3539.71 (depth 1, 31 lits): UNSAT in 0.02s
    cube 3539.72 (depth 1, 32 lits): UNSAT in 0.03s
    cube 3539.73 (depth 1, 32 lits): UNSAT in 0.05s
    cube 3539.74 (depth 1, 32 lits): UNSAT in 0.02s
    cube 3539.75 (depth 1, 32 lits): UNSAT in 0.09s
    cube 3539.76 (depth 1, 32 lits): UNSAT in 0.02s
    cube 3539.77 (depth 1, 32 lits): UNSAT in 0.02s
    cube 3539.78 (depth 1, 32 lits): UNSAT in 0.01s
    cube 3539.79 (depth 1, 32 lits): UNSAT in 0.02s
    cube 3539.80 (depth 1, 32 lits): UNSAT in 0.02s
    cube 3539.81 (depth 1, 32 lits): UNSAT in 0.02s
    cube 3539.82 (depth 1, 32 lits): UNSAT in 0.01s
    cube 3539.83 (depth 1, 32 lits): UNSAT in 0.03s
    cube 3539.84 (depth 1, 32 lits): UNSAT in 0.01s
    cube 3539.85 (depth 1, 32 lits): UNSAT in 0.02s
    cube 3539.86 (depth 1, 32 lits): UNSAT in 0.04s
    cube 3539.87 (depth 1, 32 lits): UNSAT in 0.08s
    cube 3539.88 (depth 1, 32 lits): UNSAT in 0.05s
    cube 3539.89 (depth 1, 32 lits): UNSAT in 0.04s
    cube 3539.90 (depth 1, 32 lits): UNSAT in 0.02s
    cube 3539.91 (depth 1, 32 lits): UNSAT in 0.05s
    cube 3539.92 (depth 1, 32 lits): UNSAT in 0.05s
    cube 3539.93 (depth 1, 32 lits): UNSAT in 0.19s
    cube 3539.94 (depth 1, 32 lits): UNSAT in 0.03s
    cube 3539.95 (depth 1, 32 lits): UNSAT in 0.12s
    cube 3539.96 (depth 1, 32 lits): UNSAT in 0.03s
    cube 3539.97 (depth 1, 32 lits): UNSAT in 0.06s
    cube 3539.98 (depth 1, 32 lits): UNSAT in 0.04s
    cube 3539.99 (depth 1, 32 lits): UNSAT in 0.26s
    cube 3539.100 (depth 1, 32 lits): UNSAT in 0.03s
    cube 3539.101 (depth 1, 32 lits): UNSAT in 0.08s
    cube 3539.102 (depth 1, 32 lits): UNSAT in 0.05s
    cube 3539.103 (depth 1, 32 lits): UNSAT in 0.51s
    cube 3539.104 (depth 1, 32 lits): UNSAT in 0.04s
    cube 3539.105 (depth 1, 32 lits): UNSAT in 0.33s
    cube 3539.106 (depth 1, 32 lits): UNSAT in 0.26s
    cube 3539.107 (depth 1, 32 lits): UNSAT in 2.05s
    cube 3539.108 (depth 1, 30 lits): UNSAT in 0.02s
    cube 3539.109 (depth 1, 32 lits): UNSAT in 0.01s
    cube 3539.110 (depth 1, 32 lits): UNSAT in 0.02s
    cube 3539.111 (depth 1, 32 lits): UNSAT in 0.02s
    cube 3539.112 (depth 1, 32 lits): UNSAT in 0.02s
    cube 3539.113 (depth 1, 32 lits): UNSAT in 0.01s
    cube 3539.114 (depth 1, 32 lits): UNSAT in 0.02s
    cube 3539.115 (depth 1, 32 lits): UNSAT in 0.02s
    cube 3539.116 (depth 1, 32 lits): UNSAT in 0.06s
    cube 3539.117 (depth 1, 32 lits): UNSAT in 0.02s
    cube 3539.118 (depth 1, 32 lits): UNSAT in 0.03s
    cube 3539.119 (depth 1, 32 lits): UNSAT in 0.02s
    cube 3539.120 (depth 1, 32 lits): UNSAT in 0.20s
    cube 3539.121 (depth 1, 32 lits): UNSAT in 0.02s
    cube 3539.122 (depth 1, 32 lits): UNSAT in 0.03s
    cube 3539.123 (depth 1, 32 lits): UNSAT in 0.01s
    cube 3539.124 (depth 1, 32 lits): UNSAT in 0.03s
    cube 3539.125 (depth 1, 32 lits): UNSAT in 0.02s
    cube 3539.126 (depth 1, 32 lits): UNSAT in 0.03s
    cube 3539.127 (depth 1, 32 lits): UNSAT in 0.03s
    cube 3539.128 (depth 1, 32 lits): UNSAT in 0.10s
    cube 3539.129 (depth 1, 32 lits): UNSAT in 0.03s
    cube 3539.130 (depth 1, 32 lits): UNSAT in 0.02s
    cube 3539.131 (depth 1, 32 lits): UNSAT in 0.05s
    cube 3539.132 (depth 1, 32 lits): UNSAT in 0.04s
    cube 3539.133 (depth 1, 32 lits): UNSAT in 0.09s
    cube 3539.134 (depth 1, 32 lits): UNSAT in 0.11s
    cube 3539.135 (depth 1, 32 lits): UNSAT in 0.05s
    cube 3539.136 (depth 1, 32 lits): UNSAT in 0.03s
    cube 3539.137 (depth 1, 31 lits): UNSAT in 0.02s
    cube 3539.138 (depth 1, 32 lits): UNSAT in 0.02s
    cube 3539.139 (depth 1, 32 lits): UNSAT in 0.02s
    cube 3539.140 (depth 1, 31 lits): UNSAT in 0.01s
    cube 3539.141 (depth 1, 32 lits): UNSAT in 0.01s
    cube 3539.142 (depth 1, 32 lits): UNSAT in 0.02s
    cube 3539.143 (depth 1, 32 lits): UNSAT in 0.02s
    cube 3539.144 (depth 1, 32 lits): UNSAT in 0.02s
    cube 3539.145 (depth 1, 32 lits): UNSAT in 0.01s
    cube 3539.146 (depth 1, 32 lits): UNSAT in 0.02s
    cube 3539.147 (depth 1, 32 lits): UNSAT in 0.02s
    cube 3539.148 (depth 1, 32 lits): UNSAT in 0.05s
    cube 3539.149 (depth 1, 32 lits): UNSAT in 0.15s
    cube 3539.150 (depth 1, 32 lits): UNSAT in 0.22s
    cube 3539.151 (depth 1, 32 lits): UNSAT in 0.02s
    cube 3539.152 (depth 1, 32 lits): UNSAT in 0.04s
    cube 3539.153 (depth 1, 32 lits): UNSAT in 0.03s
    cube 3539.154 (depth 1, 32 lits): UNSAT in 0.11s
    cube 3539.155 (depth 1, 32 lits): UNSAT in 0.11s
    cube 3539.156 (depth 1, 32 lits): UNSAT in 0.35s
    cube 3539.157 (depth 1, 32 lits): UNSAT in 0.46s
    cube 3539.158 (depth 1, 32 lits): UNSAT in 1.19s
    cube 3539.159 (depth 1, 32 lits): UNSAT in 0.56s
    cube 3539.160 (depth 1, 32 lits): UNSAT in 0.66s
    cube 3539.161 (depth 1, 32 lits): UNSAT in 0.22s
    cube 3539.162 (depth 1, 32 lits): UNSAT in 2.12s
    cube 3539.163 (depth 1, 32 lits): UNSAT in 0.61s
    cube 3539.164 (depth 1, 32 lits): UNSAT in 0.39s
    cube 3539.165 (depth 1, 32 lits): UNSAT in 1.75s
    cube 3539.166 (depth 1, 32 lits): UNSAT in 11.85s
    cube 3539.167 (depth 1, 32 lits): UNSAT in 0.02s
    cube 3539.168 (depth 1, 32 lits): UNSAT in 0.01s
    cube 3539.169 (depth 1, 32 lits): UNSAT in 0.02s
    cube 3539.170 (depth 1, 32 lits): UNSAT in 0.03s
    cube 3539.171 (depth 1, 32 lits): UNSAT in 0.02s
    cube 3539.172 (depth 1, 32 lits): UNSAT in 0.02s
    cube 3539.173 (depth 1, 32 lits): UNSAT in 0.02s
    cube 3539.174 (depth 1, 32 lits): UNSAT in 0.05s
    cube 3539.175 (depth 1, 32 lits): UNSAT in 0.02s
    cube 3539.176 (depth 1, 32 lits): UNSAT in 0.02s
    cube 3539.177 (depth 1, 32 lits): UNSAT in 0.03s
    cube 3539.178 (depth 1, 32 lits): UNSAT in 0.04s
    cube 3539.179 (depth 1, 32 lits): UNSAT in 0.04s
    cube 3539.180 (depth 1, 32 lits): UNSAT in 0.10s
    cube 3539.181 (depth 1, 32 lits): UNSAT in 0.03s
    cube 3539.182 (depth 1, 32 lits): UNSAT in 0.19s
    cube 3539.183 (depth 1, 32 lits): UNSAT in 0.04s
    cube 3539.184 (depth 1, 32 lits): UNSAT in 0.03s
    cube 3539.185 (depth 1, 32 lits): UNSAT in 0.02s
    cube 3539.186 (depth 1, 32 lits): UNSAT in 0.08s
    cube 3539.187 (depth 1, 32 lits): UNSAT in 0.04s
    cube 3539.188 (depth 1, 32 lits): UNSAT in 0.10s
    cube 3539.189 (depth 1, 32 lits): UNSAT in 0.04s
    cube 3539.190 (depth 1, 32 lits): UNSAT in 0.10s
    cube 3539.191 (depth 1, 32 lits): UNSAT in 0.20s
    cube 3539.192 (depth 1, 32 lits): UNSAT in 0.24s
    cube 3539.193 (depth 1, 32 lits): UNSAT in 0.08s
    cube 3539.194 (depth 1, 32 lits): UNSAT in 0.22s
    cube 3539.195 (depth 1, 32 lits): UNSAT in 0.53s
    cube 3539.196 (depth 1, 32 lits): UNSAT in 1.15s
    cube 3539.197 (depth 1, 32 lits): UNSAT in 0.80s
    cube 3539.198 (depth 1, 32 lits): UNSAT in 4.80s
    cube 3539.199 (depth 1, 32 lits): UNSAT in 0.02s
    cube 3539.200 (depth 1, 32 lits): UNSAT in 0.03s
    cube 3539.201 (depth 1, 32 lits): UNSAT in 0.07s
    cube 3539.202 (depth 1, 32 lits): UNSAT in 0.12s
    cube 3539.203 (depth 1, 32 lits): UNSAT in 0.02s
    cube 3539.204 (depth 1, 32 lits): UNSAT in 0.08s
    cube 3539.205 (depth 1, 32 lits): UNSAT in 0.17s
    cube 3539.206 (depth 1, 32 lits): UNSAT in 0.55s
    cube 3539.207 (depth 1, 32 lits): UNSAT in 0.14s
    cube 3539.208 (depth 1, 32 lits): UNSAT in 0.08s
    cube 3539.209 (depth 1, 32 lits): UNSAT in 0.09s
    cube 3539.210 (depth 1, 32 lits): UNSAT in 0.81s
    cube 3539.211 (depth 1, 32 lits): UNSAT in 0.18s
    cube 3539.212 (depth 1, 32 lits): UNSAT in 0.96s
    cube 3539.213 (depth 1, 32 lits): UNSAT in 0.22s
    cube 3539.214 (depth 1, 32 lits): UNSAT in 4.52s
    cube 3539.215 (depth 1, 32 lits): UNSAT in 0.15s
    cube 3539.216 (depth 1, 32 lits): UNSAT in 0.57s
    cube 3539.217 (depth 1, 32 lits): UNSAT in 0.54s
    cube 3539.218 (depth 1, 32 lits): UNSAT in 9.33s
    cube 3539.219 (depth 1, 32 lits): UNSAT in 0.19s
    cube 3539.220 (depth 1, 32 lits): UNSAT in 2.01s
    cube 3539.221 (depth 1, 32 lits): UNSAT in 2.76s
    cube 3539.222 (depth 1, 32 lits): UNSAT in 31.43s
    cube 3539.223 (depth 1, 32 lits): UNSAT in 0.47s
    cube 3539.224 (depth 1, 32 lits): UNSAT in 0.71s
    cube 3539.225 (depth 1, 32 lits): UNSAT in 2.90s
    cube 3539.226 (depth 1, 32 lits): UNSAT in 36.18s
    cube 3539.227 (depth 1, 32 lits): UNSAT in 1.29s
    cube 3539.228 (depth 1, 32 lits): UNSAT in 38.23s
    cube 3539.229 (depth 1, 32 lits): UNSAT in 105.46s
    cube 3539.230 (depth 1, 32 lits): UNSAT in 65.19s
    cube 3543 (depth 0, 24 lits): TIMEOUT in 600.10s
    cube 3543 TIMEOUT -> re-split into 241 sub-cubes (depth 1)
    cube 3543.0 (depth 1, 30 lits): UNSAT in 0.01s
    cube 3543.1 (depth 1, 30 lits): UNSAT in 0.02s
    cube 3543.2 (depth 1, 31 lits): UNSAT in 0.02s
    cube 3543.3 (depth 1, 32 lits): UNSAT in 0.02s
    cube 3543.4 (depth 1, 32 lits): UNSAT in 0.03s
    cube 3543.5 (depth 1, 31 lits): UNSAT in 0.02s
    cube 3543.6 (depth 1, 32 lits): UNSAT in 0.02s
    cube 3543.7 (depth 1, 32 lits): UNSAT in 0.06s
    cube 3543.8 (depth 1, 31 lits): UNSAT in 0.01s
    cube 3543.9 (depth 1, 32 lits): UNSAT in 0.02s
    cube 3543.10 (depth 1, 32 lits): UNSAT in 0.03s
    cube 3543.11 (depth 1, 32 lits): UNSAT in 0.02s
    cube 3543.12 (depth 1, 32 lits): UNSAT in 0.03s
    cube 3543.13 (depth 1, 32 lits): UNSAT in 0.02s
    cube 3543.14 (depth 1, 32 lits): UNSAT in 0.11s
    cube 3543.15 (depth 1, 32 lits): UNSAT in 0.02s
    cube 3543.16 (depth 1, 32 lits): UNSAT in 0.04s
    cube 3543.17 (depth 1, 32 lits): UNSAT in 0.02s
    cube 3543.18 (depth 1, 32 lits): UNSAT in 0.13s
    cube 3543.19 (depth 1, 32 lits): UNSAT in 0.03s
    cube 3543.20 (depth 1, 32 lits): UNSAT in 0.06s
    cube 3543.21 (depth 1, 32 lits): UNSAT in 0.07s
    cube 3543.22 (depth 1, 32 lits): UNSAT in 0.63s
    cube 3543.23 (depth 1, 30 lits): UNSAT in 0.02s
    cube 3543.24 (depth 1, 32 lits): UNSAT in 0.02s
    cube 3543.25 (depth 1, 32 lits): UNSAT in 0.02s
    cube 3543.26 (depth 1, 32 lits): UNSAT in 0.03s
    cube 3543.27 (depth 1, 32 lits): UNSAT in 0.05s
    cube 3543.28 (depth 1, 32 lits): UNSAT in 0.01s
    cube 3543.29 (depth 1, 32 lits): UNSAT in 0.04s
    cube 3543.30 (depth 1, 32 lits): UNSAT in 0.03s
    cube 3543.31 (depth 1, 32 lits): UNSAT in 0.15s
    cube 3543.32 (depth 1, 32 lits): UNSAT in 0.04s
    cube 3543.33 (depth 1, 32 lits): UNSAT in 0.09s
    cube 3543.34 (depth 1, 32 lits): UNSAT in 0.07s
    cube 3543.35 (depth 1, 32 lits): UNSAT in 0.63s
    cube 3543.36 (depth 1, 32 lits): UNSAT in 0.02s
    cube 3543.37 (depth 1, 32 lits): UNSAT in 0.07s
    cube 3543.38 (depth 1, 32 lits): UNSAT in 0.03s
    cube 3543.39 (depth 1, 32 lits): UNSAT in 0.28s
    cube 3543.40 (depth 1, 32 lits): UNSAT in 0.05s
    cube 3543.41 (depth 1, 32 lits): UNSAT in 0.56s
    cube 3543.42 (depth 1, 32 lits): UNSAT in 0.41s
    cube 3543.43 (depth 1, 32 lits): UNSAT in 1.29s
    cube 3543.44 (depth 1, 32 lits): UNSAT in 0.06s
    cube 3543.45 (depth 1, 32 lits): UNSAT in 0.55s
    cube 3543.46 (depth 1, 32 lits): UNSAT in 0.52s
    cube 3543.47 (depth 1, 32 lits): UNSAT in 0.74s
    cube 3543.48 (depth 1, 32 lits): UNSAT in 0.07s
    cube 3543.49 (depth 1, 32 lits): UNSAT in 0.52s
    cube 3543.50 (depth 1, 32 lits): UNSAT in 0.08s
    cube 3543.51 (depth 1, 32 lits): UNSAT in 0.62s
    cube 3543.52 (depth 1, 32 lits): UNSAT in 0.01s
    cube 3543.53 (depth 1, 32 lits): UNSAT in 0.02s
    cube 3543.54 (depth 1, 32 lits): UNSAT in 0.01s
    cube 3543.55 (depth 1, 32 lits): UNSAT in 0.03s
    cube 3543.56 (depth 1, 32 lits): UNSAT in 0.01s
    cube 3543.57 (depth 1, 32 lits): UNSAT in 0.03s
    cube 3543.58 (depth 1, 32 lits): UNSAT in 0.04s
    cube 3543.59 (depth 1, 32 lits): UNSAT in 0.05s
    cube 3543.60 (depth 1, 31 lits): UNSAT in 0.02s
    cube 3543.61 (depth 1, 32 lits): UNSAT in 0.02s
    cube 3543.62 (depth 1, 32 lits): UNSAT in 0.06s
    cube 3543.63 (depth 1, 32 lits): UNSAT in 0.03s
    cube 3543.64 (depth 1, 32 lits): UNSAT in 0.06s
    cube 3543.65 (depth 1, 32 lits): UNSAT in 0.11s
    cube 3543.66 (depth 1, 32 lits): UNSAT in 1.53s
    cube 3543.67 (depth 1, 32 lits): UNSAT in 0.02s
    cube 3543.68 (depth 1, 32 lits): UNSAT in 0.03s
    cube 3543.69 (depth 1, 32 lits): UNSAT in 0.03s
    cube 3543.70 (depth 1, 32 lits): UNSAT in 0.15s
    cube 3543.71 (depth 1, 32 lits): UNSAT in 0.10s
    cube 3543.72 (depth 1, 32 lits): UNSAT in 0.56s
    cube 3543.73 (depth 1, 32 lits): UNSAT in 0.75s
    cube 3543.74 (depth 1, 32 lits): UNSAT in 1.48s
    cube 3543.75 (depth 1, 32 lits): UNSAT in 0.09s
    cube 3543.76 (depth 1, 32 lits): UNSAT in 0.19s
    cube 3543.77 (depth 1, 32 lits): UNSAT in 0.24s
    cube 3543.78 (depth 1, 32 lits): UNSAT in 1.64s
    cube 3543.79 (depth 1, 32 lits): UNSAT in 0.25s
    cube 3543.80 (depth 1, 32 lits): UNSAT in 4.58s
    cube 3543.81 (depth 1, 32 lits): UNSAT in 4.21s
    cube 3543.82 (depth 1, 32 lits): UNSAT in 5.41s
    cube 3543.83 (depth 1, 32 lits): UNSAT in 0.02s
    cube 3543.84 (depth 1, 32 lits): UNSAT in 0.09s
    cube 3543.85 (depth 1, 32 lits): UNSAT in 0.10s
    cube 3543.86 (depth 1, 32 lits): UNSAT in 0.21s
    cube 3543.87 (depth 1, 32 lits): UNSAT in 0.03s
    cube 3543.88 (depth 1, 32 lits): UNSAT in 0.17s
    cube 3543.89 (depth 1, 32 lits): UNSAT in 0.17s
    cube 3543.90 (depth 1, 32 lits): UNSAT in 0.34s
    cube 3543.91 (depth 1, 32 lits): UNSAT in 0.04s
    cube 3543.92 (depth 1, 32 lits): UNSAT in 0.57s
    cube 3543.93 (depth 1, 32 lits): UNSAT in 0.12s
    cube 3543.94 (depth 1, 32 lits): UNSAT in 1.76s
    cube 3543.95 (depth 1, 32 lits): UNSAT in 0.16s
    cube 3543.96 (depth 1, 32 lits): UNSAT in 0.92s
    cube 3543.97 (depth 1, 32 lits): UNSAT in 1.32s
    cube 3543.98 (depth 1, 32 lits): UNSAT in 1.56s
    cube 3543.99 (depth 1, 32 lits): UNSAT in 0.06s
    cube 3543.100 (depth 1, 32 lits): UNSAT in 0.49s
    cube 3543.101 (depth 1, 32 lits): UNSAT in 0.48s
    cube 3543.102 (depth 1, 32 lits): UNSAT in 1.08s
    cube 3543.103 (depth 1, 32 lits): UNSAT in 0.04s
    cube 3543.104 (depth 1, 32 lits): UNSAT in 0.54s
    cube 3543.105 (depth 1, 32 lits): UNSAT in 0.65s
    cube 3543.106 (depth 1, 32 lits): UNSAT in 0.64s
    cube 3543.107 (depth 1, 32 lits): UNSAT in 0.33s
    cube 3543.108 (depth 1, 32 lits): UNSAT in 3.82s
    cube 3543.109 (depth 1, 32 lits): UNSAT in 3.10s
    cube 3543.110 (depth 1, 32 lits): UNSAT in 4.55s
    cube 3543.111 (depth 1, 32 lits): UNSAT in 1.75s
    cube 3543.112 (depth 1, 32 lits): UNSAT in 7.04s
    cube 3543.113 (depth 1, 32 lits): UNSAT in 11.14s
    cube 3543.114 (depth 1, 32 lits): UNSAT in 15.82s
    cube 3543.115 (depth 1, 31 lits): UNSAT in 0.02s
    cube 3543.116 (depth 1, 32 lits): UNSAT in 0.02s
    cube 3543.117 (depth 1, 32 lits): UNSAT in 0.02s
    cube 3543.118 (depth 1, 32 lits): UNSAT in 0.02s
    cube 3543.119 (depth 1, 32 lits): UNSAT in 0.03s
    cube 3543.120 (depth 1, 32 lits): UNSAT in 0.02s
    cube 3543.121 (depth 1, 32 lits): UNSAT in 0.02s
    cube 3543.122 (depth 1, 32 lits): UNSAT in 0.02s
    cube 3543.123 (depth 1, 32 lits): UNSAT in 0.02s
    cube 3543.124 (depth 1, 32 lits): UNSAT in 0.01s
    cube 3543.125 (depth 1, 32 lits): UNSAT in 0.02s
    cube 3543.126 (depth 1, 32 lits): UNSAT in 0.02s
    cube 3543.127 (depth 1, 32 lits): UNSAT in 0.03s
    cube 3543.128 (depth 1, 31 lits): UNSAT in 0.01s
    cube 3543.129 (depth 1, 32 lits): UNSAT in 0.02s
    cube 3543.130 (depth 1, 32 lits): UNSAT in 0.02s
    cube 3543.131 (depth 1, 32 lits): UNSAT in 0.05s
    cube 3543.132 (depth 1, 32 lits): UNSAT in 0.07s
    cube 3543.133 (depth 1, 32 lits): UNSAT in 0.04s
    cube 3543.134 (depth 1, 32 lits): UNSAT in 0.06s
    cube 3543.135 (depth 1, 32 lits): UNSAT in 0.06s
    cube 3543.136 (depth 1, 32 lits): UNSAT in 0.15s
    cube 3543.137 (depth 1, 32 lits): UNSAT in 0.01s
    cube 3543.138 (depth 1, 32 lits): UNSAT in 0.02s
    cube 3543.139 (depth 1, 32 lits): UNSAT in 0.02s
    cube 3543.140 (depth 1, 32 lits): UNSAT in 0.07s
    cube 3543.141 (depth 1, 32 lits): UNSAT in 0.05s
    cube 3543.142 (depth 1, 32 lits): UNSAT in 0.21s
    cube 3543.143 (depth 1, 32 lits): UNSAT in 0.11s
    cube 3543.144 (depth 1, 32 lits): UNSAT in 0.07s
    cube 3543.145 (depth 1, 32 lits): UNSAT in 0.01s
    cube 3543.146 (depth 1, 32 lits): UNSAT in 0.01s
    cube 3543.147 (depth 1, 32 lits): UNSAT in 0.02s
    cube 3543.148 (depth 1, 32 lits): UNSAT in 0.02s
    cube 3543.149 (depth 1, 32 lits): UNSAT in 0.02s
    cube 3543.150 (depth 1, 32 lits): UNSAT in 0.04s
    cube 3543.151 (depth 1, 32 lits): UNSAT in 0.02s
    cube 3543.152 (depth 1, 32 lits): UNSAT in 0.06s
    cube 3543.153 (depth 1, 32 lits): UNSAT in 0.02s
    cube 3543.154 (depth 1, 32 lits): UNSAT in 0.06s
    cube 3543.155 (depth 1, 32 lits): UNSAT in 0.05s
    cube 3543.156 (depth 1, 32 lits): UNSAT in 0.04s
    cube 3543.157 (depth 1, 32 lits): UNSAT in 0.04s
    cube 3543.158 (depth 1, 32 lits): UNSAT in 0.06s
    cube 3543.159 (depth 1, 32 lits): UNSAT in 0.21s
    cube 3543.160 (depth 1, 32 lits): UNSAT in 0.16s
    cube 3543.161 (depth 1, 32 lits): UNSAT in 0.08s
    cube 3543.162 (depth 1, 32 lits): UNSAT in 0.18s
    cube 3543.163 (depth 1, 32 lits): UNSAT in 0.13s
    cube 3543.164 (depth 1, 32 lits): UNSAT in 0.36s
    cube 3543.165 (depth 1, 32 lits): UNSAT in 0.17s
    cube 3543.166 (depth 1, 32 lits): UNSAT in 0.27s
    cube 3543.167 (depth 1, 32 lits): UNSAT in 0.12s
    cube 3543.168 (depth 1, 32 lits): UNSAT in 1.17s
    cube 3543.169 (depth 1, 32 lits): UNSAT in 0.07s
    cube 3543.170 (depth 1, 32 lits): UNSAT in 0.19s
    cube 3543.171 (depth 1, 32 lits): UNSAT in 0.13s
    cube 3543.172 (depth 1, 32 lits): UNSAT in 0.54s
    cube 3543.173 (depth 1, 32 lits): UNSAT in 0.34s
    cube 3543.174 (depth 1, 32 lits): UNSAT in 0.60s
    cube 3543.175 (depth 1, 32 lits): UNSAT in 1.19s
    cube 3543.176 (depth 1, 32 lits): UNSAT in 5.43s
    cube 3543.177 (depth 1, 32 lits): UNSAT in 0.01s
    cube 3543.178 (depth 1, 32 lits): UNSAT in 0.02s
    cube 3543.179 (depth 1, 32 lits): UNSAT in 0.03s
    cube 3543.180 (depth 1, 32 lits): UNSAT in 0.09s
    cube 3543.181 (depth 1, 32 lits): UNSAT in 0.11s
    cube 3543.182 (depth 1, 32 lits): UNSAT in 0.18s
    cube 3543.183 (depth 1, 32 lits): UNSAT in 0.16s
    cube 3543.184 (depth 1, 32 lits): UNSAT in 0.50s
    cube 3543.185 (depth 1, 32 lits): UNSAT in 0.04s
    cube 3543.186 (depth 1, 32 lits): UNSAT in 0.22s
    cube 3543.187 (depth 1, 32 lits): UNSAT in 0.09s
    cube 3543.188 (depth 1, 32 lits): UNSAT in 0.41s
    cube 3543.189 (depth 1, 32 lits): UNSAT in 0.05s
    cube 3543.190 (depth 1, 32 lits): UNSAT in 0.26s
    cube 3543.191 (depth 1, 32 lits): UNSAT in 1.06s
    cube 3543.192 (depth 1, 32 lits): UNSAT in 2.99s
    cube 3543.193 (depth 1, 32 lits): UNSAT in 0.01s
    cube 3543.194 (depth 1, 32 lits): UNSAT in 0.03s
    cube 3543.195 (depth 1, 32 lits): UNSAT in 0.03s
    cube 3543.196 (depth 1, 32 lits): UNSAT in 0.03s
    cube 3543.197 (depth 1, 32 lits): UNSAT in 0.03s
    cube 3543.198 (depth 1, 32 lits): UNSAT in 0.04s
    cube 3543.199 (depth 1, 32 lits): UNSAT in 0.09s
    cube 3543.200 (depth 1, 32 lits): UNSAT in 0.85s
    cube 3543.201 (depth 1, 32 lits): UNSAT in 0.04s
    cube 3543.202 (depth 1, 32 lits): UNSAT in 0.11s
    cube 3543.203 (depth 1, 32 lits): UNSAT in 0.14s
    cube 3543.204 (depth 1, 32 lits): UNSAT in 0.32s
    cube 3543.205 (depth 1, 32 lits): UNSAT in 0.13s
    cube 3543.206 (depth 1, 32 lits): UNSAT in 0.83s
    cube 3543.207 (depth 1, 32 lits): UNSAT in 2.37s
    cube 3543.208 (depth 1, 32 lits): UNSAT in 4.37s
    cube 3543.209 (depth 1, 32 lits): UNSAT in 0.04s
    cube 3543.210 (depth 1, 32 lits): UNSAT in 0.10s
    cube 3543.211 (depth 1, 32 lits): UNSAT in 0.04s
    cube 3543.212 (depth 1, 32 lits): UNSAT in 0.19s
    cube 3543.213 (depth 1, 32 lits): UNSAT in 0.07s
    cube 3543.214 (depth 1, 32 lits): UNSAT in 0.07s
    cube 3543.215 (depth 1, 32 lits): UNSAT in 0.14s
    cube 3543.216 (depth 1, 32 lits): UNSAT in 0.49s
    cube 3543.217 (depth 1, 32 lits): UNSAT in 0.03s
    cube 3543.218 (depth 1, 32 lits): UNSAT in 0.14s
    cube 3543.219 (depth 1, 32 lits): UNSAT in 0.76s
    cube 3543.220 (depth 1, 32 lits): UNSAT in 0.51s
    cube 3543.221 (depth 1, 32 lits): UNSAT in 0.20s
    cube 3543.222 (depth 1, 32 lits): UNSAT in 1.53s
    cube 3543.223 (depth 1, 32 lits): UNSAT in 2.63s
    cube 3543.224 (depth 1, 32 lits): UNSAT in 17.77s
    cube 3543.225 (depth 1, 32 lits): UNSAT in 0.12s
    cube 3543.226 (depth 1, 32 lits): UNSAT in 0.19s
    cube 3543.227 (depth 1, 32 lits): UNSAT in 0.25s
    cube 3543.228 (depth 1, 32 lits): UNSAT in 0.38s
    cube 3543.229 (depth 1, 32 lits): UNSAT in 0.43s
    cube 3543.230 (depth 1, 32 lits): UNSAT in 1.54s
    cube 3543.231 (depth 1, 32 lits): UNSAT in 1.16s
    cube 3543.232 (depth 1, 32 lits): UNSAT in 13.09s
    cube 3543.233 (depth 1, 32 lits): UNSAT in 0.23s
    cube 3543.234 (depth 1, 32 lits): UNSAT in 0.94s
    cube 3543.235 (depth 1, 32 lits): UNSAT in 3.33s
    cube 3543.236 (depth 1, 32 lits): UNSAT in 21.24s
    cube 3543.237 (depth 1, 32 lits): UNSAT in 4.60s
    cube 3543.238 (depth 1, 32 lits): UNSAT in 68.94s
    cube 3543.239 (depth 1, 32 lits): UNSAT in 42.14s
    cube 3543.240 (depth 1, 32 lits): UNSAT in 72.06s
    cube 3547 (depth 0, 24 lits): TIMEOUT in 600.10s
    cube 3547 TIMEOUT -> re-split into 240 sub-cubes (depth 1)
    cube 3547.0 (depth 1, 30 lits): UNSAT in 0.02s
    cube 3547.1 (depth 1, 32 lits): UNSAT in 0.02s
    cube 3547.2 (depth 1, 32 lits): UNSAT in 0.03s
    cube 3547.3 (depth 1, 32 lits): UNSAT in 0.02s
    cube 3547.4 (depth 1, 32 lits): UNSAT in 0.06s
    cube 3547.5 (depth 1, 31 lits): UNSAT in 0.01s
    cube 3547.6 (depth 1, 32 lits): UNSAT in 0.02s
    cube 3547.7 (depth 1, 32 lits): UNSAT in 0.02s
    cube 3547.8 (depth 1, 31 lits): UNSAT in 0.02s
    cube 3547.9 (depth 1, 32 lits): UNSAT in 0.02s
    cube 3547.10 (depth 1, 32 lits): UNSAT in 0.16s
    cube 3547.11 (depth 1, 32 lits): UNSAT in 0.02s
    cube 3547.12 (depth 1, 32 lits): UNSAT in 0.01s
    cube 3547.13 (depth 1, 32 lits): UNSAT in 0.02s
    cube 3547.14 (depth 1, 32 lits): UNSAT in 0.02s
    cube 3547.15 (depth 1, 32 lits): UNSAT in 0.01s
    cube 3547.16 (depth 1, 32 lits): UNSAT in 0.02s
    cube 3547.17 (depth 1, 32 lits): UNSAT in 0.04s
    cube 3547.18 (depth 1, 32 lits): UNSAT in 0.06s
    cube 3547.19 (depth 1, 32 lits): UNSAT in 0.01s
    cube 3547.20 (depth 1, 32 lits): UNSAT in 0.02s
    cube 3547.21 (depth 1, 32 lits): UNSAT in 0.02s
    cube 3547.22 (depth 1, 32 lits): UNSAT in 0.05s
    cube 3547.23 (depth 1, 32 lits): UNSAT in 0.02s
    cube 3547.24 (depth 1, 32 lits): UNSAT in 0.02s
    cube 3547.25 (depth 1, 32 lits): UNSAT in 0.04s
    cube 3547.26 (depth 1, 32 lits): UNSAT in 0.07s
    cube 3547.27 (depth 1, 32 lits): UNSAT in 0.02s
    cube 3547.28 (depth 1, 32 lits): UNSAT in 0.02s
    cube 3547.29 (depth 1, 32 lits): UNSAT in 0.03s
    cube 3547.30 (depth 1, 32 lits): UNSAT in 0.05s
    cube 3547.31 (depth 1, 32 lits): UNSAT in 0.01s
    cube 3547.32 (depth 1, 32 lits): UNSAT in 0.03s
    cube 3547.33 (depth 1, 32 lits): UNSAT in 0.03s
    cube 3547.34 (depth 1, 32 lits): UNSAT in 0.13s
    cube 3547.35 (depth 1, 32 lits): UNSAT in 0.01s
    cube 3547.36 (depth 1, 32 lits): UNSAT in 0.02s
    cube 3547.37 (depth 1, 32 lits): UNSAT in 0.04s
    cube 3547.38 (depth 1, 32 lits): UNSAT in 0.09s
    cube 3547.39 (depth 1, 32 lits): UNSAT in 0.03s
    cube 3547.40 (depth 1, 32 lits): UNSAT in 0.16s
    cube 3547.41 (depth 1, 32 lits): UNSAT in 0.12s
    cube 3547.42 (depth 1, 32 lits): UNSAT in 0.26s
    cube 3547.43 (depth 1, 32 lits): UNSAT in 0.02s
    cube 3547.44 (depth 1, 32 lits): UNSAT in 0.02s
    cube 3547.45 (depth 1, 32 lits): UNSAT in 0.03s
    cube 3547.46 (depth 1, 32 lits): UNSAT in 0.12s
    cube 3547.47 (depth 1, 32 lits): UNSAT in 0.02s
    cube 3547.48 (depth 1, 32 lits): UNSAT in 0.06s
    cube 3547.49 (depth 1, 32 lits): UNSAT in 0.07s
    cube 3547.50 (depth 1, 32 lits): UNSAT in 0.12s
    cube 3547.51 (depth 1, 32 lits): UNSAT in 0.04s
    cube 3547.52 (depth 1, 32 lits): UNSAT in 0.11s
    cube 3547.53 (depth 1, 32 lits): UNSAT in 0.09s
    cube 3547.54 (depth 1, 32 lits): UNSAT in 0.08s
    cube 3547.55 (depth 1, 32 lits): UNSAT in 0.02s
    cube 3547.56 (depth 1, 32 lits): UNSAT in 0.24s
    cube 3547.57 (depth 1, 32 lits): UNSAT in 0.53s
    cube 3547.58 (depth 1, 32 lits): UNSAT in 0.36s
    cube 3547.59 (depth 1, 31 lits): UNSAT in 0.02s
    cube 3547.60 (depth 1, 32 lits): UNSAT in 0.02s
    cube 3547.61 (depth 1, 32 lits): UNSAT in 0.02s
    cube 3547.62 (depth 1, 32 lits): UNSAT in 0.01s
    cube 3547.63 (depth 1, 32 lits): UNSAT in 0.02s
    cube 3547.64 (depth 1, 32 lits): UNSAT in 0.02s
    cube 3547.65 (depth 1, 32 lits): UNSAT in 0.06s
    cube 3547.66 (depth 1, 31 lits): UNSAT in 0.02s
    cube 3547.67 (depth 1, 32 lits): UNSAT in 0.02s
    cube 3547.68 (depth 1, 32 lits): UNSAT in 0.03s
    cube 3547.69 (depth 1, 32 lits): UNSAT in 0.02s
    cube 3547.70 (depth 1, 32 lits): UNSAT in 0.07s
    cube 3547.71 (depth 1, 32 lits): UNSAT in 0.07s
    cube 3547.72 (depth 1, 32 lits): UNSAT in 0.09s
    cube 3547.73 (depth 1, 32 lits): UNSAT in 0.02s
    cube 3547.74 (depth 1, 32 lits): UNSAT in 0.02s
    cube 3547.75 (depth 1, 32 lits): UNSAT in 0.02s
    cube 3547.76 (depth 1, 32 lits): UNSAT in 0.03s
    cube 3547.77 (depth 1, 32 lits): UNSAT in 0.02s
    cube 3547.78 (depth 1, 32 lits): UNSAT in 0.03s
    cube 3547.79 (depth 1, 32 lits): UNSAT in 0.05s
    cube 3547.80 (depth 1, 32 lits): UNSAT in 0.03s
    cube 3547.81 (depth 1, 32 lits): UNSAT in 0.01s
    cube 3547.82 (depth 1, 32 lits): UNSAT in 0.05s
    cube 3547.83 (depth 1, 32 lits): UNSAT in 0.04s
    cube 3547.84 (depth 1, 32 lits): UNSAT in 0.06s
    cube 3547.85 (depth 1, 32 lits): UNSAT in 0.03s
    cube 3547.86 (depth 1, 32 lits): UNSAT in 0.11s
    cube 3547.87 (depth 1, 32 lits): UNSAT in 0.09s
    cube 3547.88 (depth 1, 32 lits): UNSAT in 0.46s
    cube 3547.89 (depth 1, 31 lits): UNSAT in 0.02s
    cube 3547.90 (depth 1, 32 lits): UNSAT in 0.01s
    cube 3547.91 (depth 1, 32 lits): UNSAT in 0.04s
    cube 3547.92 (depth 1, 32 lits): UNSAT in 0.02s
    cube 3547.93 (depth 1, 32 lits): UNSAT in 0.01s
    cube 3547.94 (depth 1, 32 lits): UNSAT in 0.04s
    cube 3547.95 (depth 1, 32 lits): UNSAT in 0.09s
    cube 3547.96 (depth 1, 32 lits): UNSAT in 0.02s
    cube 3547.97 (depth 1, 32 lits): UNSAT in 0.05s
    cube 3547.98 (depth 1, 32 lits): UNSAT in 0.02s
    cube 3547.99 (depth 1, 32 lits): UNSAT in 0.06s
    cube 3547.100 (depth 1, 32 lits): UNSAT in 0.14s
    cube 3547.101 (depth 1, 32 lits): UNSAT in 0.39s
    cube 3547.102 (depth 1, 32 lits): UNSAT in 0.41s
    cube 3547.103 (depth 1, 32 lits): UNSAT in 2.32s
    cube 3547.104 (depth 1, 32 lits): UNSAT in 0.02s
    cube 3547.105 (depth 1, 32 lits): UNSAT in 0.03s
    cube 3547.106 (depth 1, 32 lits): UNSAT in 0.04s
    cube 3547.107 (depth 1, 32 lits): UNSAT in 0.24s
    cube 3547.108 (depth 1, 32 lits): UNSAT in 0.12s
    cube 3547.109 (depth 1, 32 lits): UNSAT in 0.38s
    cube 3547.110 (depth 1, 32 lits): UNSAT in 0.10s
    cube 3547.111 (depth 1, 32 lits): UNSAT in 0.62s
    cube 3547.112 (depth 1, 32 lits): UNSAT in 0.02s
    cube 3547.113 (depth 1, 32 lits): UNSAT in 0.06s
    cube 3547.114 (depth 1, 32 lits): UNSAT in 0.09s
    cube 3547.115 (depth 1, 32 lits): UNSAT in 2.60s
    cube 3547.116 (depth 1, 32 lits): UNSAT in 1.09s
    cube 3547.117 (depth 1, 32 lits): UNSAT in 3.46s
    cube 3547.118 (depth 1, 32 lits): UNSAT in 1.89s
    cube 3547.119 (depth 1, 32 lits): UNSAT in 18.59s
    cube 3547.120 (depth 1, 30 lits): UNSAT in 0.02s
    cube 3547.121 (depth 1, 31 lits): UNSAT in 0.01s
    cube 3547.122 (depth 1, 31 lits): UNSAT in 0.02s
    cube 3547.123 (depth 1, 31 lits): UNSAT in 0.02s
    cube 3547.124 (depth 1, 32 lits): UNSAT in 0.02s
    cube 3547.125 (depth 1, 32 lits): UNSAT in 0.02s
    cube 3547.126 (depth 1, 32 lits): UNSAT in 0.02s
    cube 3547.127 (depth 1, 32 lits): UNSAT in 0.02s
    cube 3547.128 (depth 1, 32 lits): UNSAT in 0.01s
    cube 3547.129 (depth 1, 32 lits): UNSAT in 0.06s
    cube 3547.130 (depth 1, 31 lits): UNSAT in 0.02s
    cube 3547.131 (depth 1, 31 lits): UNSAT in 0.02s
    cube 3547.132 (depth 1, 32 lits): UNSAT in 0.02s
    cube 3547.133 (depth 1, 32 lits): UNSAT in 0.03s
    cube 3547.134 (depth 1, 32 lits): UNSAT in 0.03s
    cube 3547.135 (depth 1, 32 lits): UNSAT in 0.15s
    cube 3547.136 (depth 1, 32 lits): UNSAT in 0.02s
    cube 3547.137 (depth 1, 32 lits): UNSAT in 0.04s
    cube 3547.138 (depth 1, 32 lits): UNSAT in 0.05s
    cube 3547.139 (depth 1, 32 lits): UNSAT in 0.19s
    cube 3547.140 (depth 1, 32 lits): UNSAT in 0.06s
    cube 3547.141 (depth 1, 32 lits): UNSAT in 0.29s
    cube 3547.142 (depth 1, 32 lits): UNSAT in 0.36s
    cube 3547.143 (depth 1, 32 lits): UNSAT in 1.67s
    cube 3547.144 (depth 1, 32 lits): UNSAT in 0.02s
    cube 3547.145 (depth 1, 32 lits): UNSAT in 0.04s
    cube 3547.146 (depth 1, 32 lits): UNSAT in 0.02s
    cube 3547.147 (depth 1, 32 lits): UNSAT in 0.19s
    cube 3547.148 (depth 1, 32 lits): UNSAT in 0.12s
    cube 3547.149 (depth 1, 32 lits): UNSAT in 0.18s
    cube 3547.150 (depth 1, 32 lits): UNSAT in 0.11s
    cube 3547.151 (depth 1, 32 lits): UNSAT in 0.72s
    cube 3547.152 (depth 1, 32 lits): UNSAT in 0.01s
    cube 3547.153 (depth 1, 32 lits): UNSAT in 0.03s
    cube 3547.154 (depth 1, 32 lits): UNSAT in 0.06s
    cube 3547.155 (depth 1, 32 lits): UNSAT in 0.19s
    cube 3547.156 (depth 1, 32 lits): UNSAT in 0.02s
    cube 3547.157 (depth 1, 32 lits): UNSAT in 0.22s
    cube 3547.158 (depth 1, 32 lits): UNSAT in 0.31s
    cube 3547.159 (depth 1, 32 lits): UNSAT in 2.80s
    cube 3547.160 (depth 1, 32 lits): UNSAT in 0.04s
    cube 3547.161 (depth 1, 32 lits): UNSAT in 0.13s
    cube 3547.162 (depth 1, 32 lits): UNSAT in 0.20s
    cube 3547.163 (depth 1, 32 lits): UNSAT in 0.38s
    cube 3547.164 (depth 1, 32 lits): UNSAT in 0.02s
    cube 3547.165 (depth 1, 32 lits): UNSAT in 0.11s
    cube 3547.166 (depth 1, 32 lits): UNSAT in 0.22s
    cube 3547.167 (depth 1, 32 lits): UNSAT in 2.12s
    cube 3547.168 (depth 1, 32 lits): UNSAT in 0.15s
    cube 3547.169 (depth 1, 32 lits): UNSAT in 0.27s
    cube 3547.170 (depth 1, 32 lits): UNSAT in 1.20s
    cube 3547.171 (depth 1, 32 lits): UNSAT in 1.55s
    cube 3547.172 (depth 1, 32 lits): UNSAT in 0.90s
    cube 3547.173 (depth 1, 32 lits): UNSAT in 3.20s
    cube 3547.174 (depth 1, 32 lits): UNSAT in 3.38s
    cube 3547.175 (depth 1, 32 lits): UNSAT in 7.26s
    cube 3547.176 (depth 1, 32 lits): UNSAT in 0.02s
    cube 3547.177 (depth 1, 32 lits): UNSAT in 0.03s
    cube 3547.178 (depth 1, 32 lits): UNSAT in 0.03s
    cube 3547.179 (depth 1, 32 lits): UNSAT in 0.20s
    cube 3547.180 (depth 1, 32 lits): UNSAT in 0.03s
    cube 3547.181 (depth 1, 32 lits): UNSAT in 0.14s
    cube 3547.182 (depth 1, 32 lits): UNSAT in 0.18s
    cube 3547.183 (depth 1, 32 lits): UNSAT in 1.71s
    cube 3547.184 (depth 1, 32 lits): UNSAT in 0.03s
    cube 3547.185 (depth 1, 32 lits): UNSAT in 0.13s
    cube 3547.186 (depth 1, 32 lits): UNSAT in 0.05s
    cube 3547.187 (depth 1, 32 lits): UNSAT in 0.58s
    cube 3547.188 (depth 1, 32 lits): UNSAT in 0.14s
    cube 3547.189 (depth 1, 32 lits): UNSAT in 1.23s
    cube 3547.190 (depth 1, 32 lits): UNSAT in 1.21s
    cube 3547.191 (depth 1, 32 lits): UNSAT in 3.49s
    cube 3547.192 (depth 1, 32 lits): UNSAT in 0.06s
    cube 3547.193 (depth 1, 32 lits): UNSAT in 0.08s
    cube 3547.194 (depth 1, 32 lits): UNSAT in 0.17s
    cube 3547.195 (depth 1, 32 lits): UNSAT in 0.78s
    cube 3547.196 (depth 1, 32 lits): UNSAT in 0.09s
    cube 3547.197 (depth 1, 32 lits): UNSAT in 0.93s
    cube 3547.198 (depth 1, 32 lits): UNSAT in 0.12s
    cube 3547.199 (depth 1, 32 lits): UNSAT in 6.62s
    cube 3547.200 (depth 1, 32 lits): UNSAT in 0.06s
    cube 3547.201 (depth 1, 32 lits): UNSAT in 1.22s
    cube 3547.202 (depth 1, 32 lits): UNSAT in 2.24s
    cube 3547.203 (depth 1, 32 lits): UNSAT in 6.42s
    cube 3547.204 (depth 1, 32 lits): UNSAT in 0.56s
    cube 3547.205 (depth 1, 32 lits): UNSAT in 4.30s
    cube 3547.206 (depth 1, 32 lits): UNSAT in 5.45s
    cube 3547.207 (depth 1, 32 lits): UNSAT in 18.47s
    cube 3547.208 (depth 1, 32 lits): UNSAT in 0.05s
    cube 3547.209 (depth 1, 32 lits): UNSAT in 0.23s
    cube 3547.210 (depth 1, 32 lits): UNSAT in 0.06s
    cube 3547.211 (depth 1, 32 lits): UNSAT in 0.94s
    cube 3547.212 (depth 1, 32 lits): UNSAT in 0.04s
    cube 3547.213 (depth 1, 32 lits): UNSAT in 0.18s
    cube 3547.214 (depth 1, 32 lits): UNSAT in 0.24s
    cube 3547.215 (depth 1, 32 lits): UNSAT in 3.38s
    cube 3547.216 (depth 1, 32 lits): UNSAT in 0.11s
    cube 3547.217 (depth 1, 32 lits): UNSAT in 0.17s
    cube 3547.218 (depth 1, 32 lits): UNSAT in 0.07s
    cube 3547.219 (depth 1, 32 lits): UNSAT in 5.18s
    cube 3547.220 (depth 1, 32 lits): UNSAT in 0.13s
    cube 3547.221 (depth 1, 32 lits): UNSAT in 2.34s
    cube 3547.222 (depth 1, 32 lits): UNSAT in 13.31s
    cube 3547.223 (depth 1, 32 lits): UNSAT in 33.07s
    cube 3547.224 (depth 1, 32 lits): UNSAT in 0.04s
    cube 3547.225 (depth 1, 32 lits): UNSAT in 0.52s
    cube 3547.226 (depth 1, 32 lits): UNSAT in 0.83s
    cube 3547.227 (depth 1, 32 lits): UNSAT in 1.53s
    cube 3547.228 (depth 1, 32 lits): UNSAT in 2.81s
    cube 3547.229 (depth 1, 32 lits): UNSAT in 7.13s
    cube 3547.230 (depth 1, 32 lits): UNSAT in 11.78s
    cube 3547.231 (depth 1, 32 lits): UNSAT in 27.52s
    cube 3547.232 (depth 1, 32 lits): UNSAT in 0.79s
    cube 3547.233 (depth 1, 32 lits): UNSAT in 5.99s
    cube 3547.234 (depth 1, 32 lits): UNSAT in 18.20s
    cube 3547.235 (depth 1, 32 lits): UNSAT in 52.92s
    cube 3547.236 (depth 1, 32 lits): UNSAT in 9.22s
    cube 3547.237 (depth 1, 32 lits): UNSAT in 37.98s
    cube 3547.238 (depth 1, 32 lits): UNSAT in 59.71s
    cube 3547.239 (depth 1, 32 lits): UNSAT in 202.52s

  shard 3 verdict: UNSAT [parent cube 4073's children only] (887 UNSAT, 0 unresolved) in 6184.7s
