  shard 9/16 (round-robin): 253 of 4051 cubes, per-cube cap 60.0s, re-split depth 3
    batch [9..3193] TIMEOUT in 900.0s -> per-cube fallback
    cube 9 (depth 0, 12 lits): UNSAT in 0.01s
    cube 25 (depth 0, 12 lits): UNSAT in 0.09s
    cube 41 (depth 0, 12 lits): UNSAT in 0.02s
    cube 57 (depth 0, 12 lits): UNSAT in 0.01s
    cube 73 (depth 0, 12 lits): UNSAT in 0.06s
    cube 89 (depth 0, 12 lits): UNSAT in 0.09s
    cube 105 (depth 0, 12 lits): UNSAT in 0.67s
    cube 121 (depth 0, 12 lits): UNSAT in 0.03s
    cube 137 (depth 0, 12 lits): UNSAT in 0.07s
    cube 153 (depth 0, 12 lits): UNSAT in 0.04s
    cube 169 (depth 0, 12 lits): UNSAT in 0.02s
    cube 185 (depth 0, 12 lits): UNSAT in 0.04s
    cube 201 (depth 0, 12 lits): UNSAT in 0.07s
    cube 217 (depth 0, 12 lits): UNSAT in 0.15s
    cube 233 (depth 0, 12 lits): UNSAT in 0.26s
    cube 249 (depth 0, 12 lits): UNSAT in 0.06s
    cube 265 (depth 0, 12 lits): UNSAT in 0.07s
    cube 281 (depth 0, 12 lits): UNSAT in 0.13s
    cube 297 (depth 0, 12 lits): UNSAT in 0.89s
    cube 313 (depth 0, 12 lits): UNSAT in 0.02s
    cube 329 (depth 0, 12 lits): UNSAT in 0.07s
    cube 345 (depth 0, 12 lits): UNSAT in 0.35s
    cube 361 (depth 0, 12 lits): UNSAT in 6.06s
    cube 377 (depth 0, 12 lits): UNSAT in 0.17s
    cube 393 (depth 0, 12 lits): UNSAT in 0.40s
    cube 409 (depth 0, 12 lits): UNSAT in 0.06s
    cube 425 (depth 0, 12 lits): UNSAT in 3.97s
    cube 441 (depth 0, 12 lits): UNSAT in 1.77s
    cube 457 (depth 0, 12 lits): UNSAT in 3.25s
    cube 473 (depth 0, 12 lits): UNSAT in 5.57s
    cube 489 (depth 0, 12 lits): UNSAT in 23.92s
    cube 505 (depth 0, 12 lits): UNSAT in 0.03s
    cube 521 (depth 0, 12 lits): UNSAT in 0.01s
    cube 537 (depth 0, 12 lits): UNSAT in 0.01s
    cube 553 (depth 0, 12 lits): UNSAT in 0.07s
    cube 569 (depth 0, 12 lits): UNSAT in 0.10s
    cube 585 (depth 0, 12 lits): UNSAT in 0.15s
    cube 601 (depth 0, 12 lits): UNSAT in 0.35s
    cube 617 (depth 0, 12 lits): UNSAT in 0.08s
    cube 633 (depth 0, 12 lits): UNSAT in 0.12s
    cube 649 (depth 0, 12 lits): UNSAT in 0.06s
    cube 665 (depth 0, 12 lits): UNSAT in 0.35s
    cube 681 (depth 0, 12 lits): UNSAT in 0.28s
    cube 697 (depth 0, 12 lits): UNSAT in 0.52s
    cube 713 (depth 0, 12 lits): UNSAT in 0.44s
    cube 729 (depth 0, 12 lits): UNSAT in 1.96s
    cube 745 (depth 0, 12 lits): UNSAT in 0.04s
    cube 761 (depth 0, 12 lits): UNSAT in 0.19s
    cube 777 (depth 0, 12 lits): UNSAT in 0.05s
    cube 793 (depth 0, 12 lits): UNSAT in 0.36s
    cube 809 (depth 0, 12 lits): UNSAT in 0.20s
    cube 825 (depth 0, 12 lits): UNSAT in 0.40s
    cube 841 (depth 0, 12 lits): UNSAT in 0.86s
    cube 857 (depth 0, 12 lits): UNSAT in 2.92s
    cube 873 (depth 0, 12 lits): UNSAT in 0.37s
    cube 889 (depth 0, 12 lits): UNSAT in 1.06s
    cube 905 (depth 0, 12 lits): UNSAT in 0.23s
    cube 921 (depth 0, 12 lits): UNSAT in 0.98s
    cube 937 (depth 0, 12 lits): UNSAT in 1.42s
    cube 953 (depth 0, 12 lits): UNSAT in 4.89s
    cube 969 (depth 0, 12 lits): UNSAT in 2.41s
    cube 985 (depth 0, 12 lits): UNSAT in 49.79s
    cube 1001 (depth 0, 12 lits): UNSAT in 0.02s
    cube 1017 (depth 0, 11 lits): UNSAT in 0.01s
    cube 1033 (depth 0, 12 lits): UNSAT in 0.04s
    cube 1049 (depth 0, 12 lits): UNSAT in 0.15s
    cube 1065 (depth 0, 12 lits): UNSAT in 0.01s
    cube 1081 (depth 0, 12 lits): UNSAT in 0.04s
    cube 1097 (depth 0, 12 lits): UNSAT in 0.21s
    cube 1113 (depth 0, 12 lits): UNSAT in 0.64s
    cube 1129 (depth 0, 12 lits): UNSAT in 0.03s
    cube 1145 (depth 0, 12 lits): UNSAT in 0.09s
    cube 1161 (depth 0, 12 lits): UNSAT in 0.07s
    cube 1177 (depth 0, 12 lits): UNSAT in 0.25s
    cube 1193 (depth 0, 12 lits): UNSAT in 0.03s
    cube 1209 (depth 0, 12 lits): UNSAT in 2.90s
    cube 1225 (depth 0, 12 lits): UNSAT in 0.69s
    cube 1241 (depth 0, 12 lits): UNSAT in 2.71s
    cube 1257 (depth 0, 12 lits): UNSAT in 0.12s
    cube 1273 (depth 0, 12 lits): UNSAT in 0.73s
    cube 1289 (depth 0, 12 lits): UNSAT in 0.24s
    cube 1305 (depth 0, 12 lits): UNSAT in 1.48s
    cube 1321 (depth 0, 12 lits): UNSAT in 0.17s
    cube 1337 (depth 0, 12 lits): UNSAT in 1.02s
    cube 1353 (depth 0, 12 lits): UNSAT in 0.49s
    cube 1369 (depth 0, 12 lits): UNSAT in 5.42s
    cube 1385 (depth 0, 12 lits): UNSAT in 0.17s
    cube 1401 (depth 0, 12 lits): UNSAT in 0.36s
    cube 1417 (depth 0, 12 lits): UNSAT in 0.46s
    cube 1433 (depth 0, 12 lits): UNSAT in 1.66s
    cube 1449 (depth 0, 12 lits): UNSAT in 0.67s
    cube 1465 (depth 0, 12 lits): UNSAT in 9.62s
    cube 1481 (depth 0, 12 lits): UNSAT in 6.60s
    cube 1497 (depth 0, 12 lits): UNSAT in 16.13s
    cube 1513 (depth 0, 12 lits): UNSAT in 0.02s
    cube 1529 (depth 0, 12 lits): UNSAT in 0.16s
    cube 1545 (depth 0, 12 lits): UNSAT in 0.09s
    cube 1561 (depth 0, 12 lits): UNSAT in 0.59s
    cube 1577 (depth 0, 12 lits): UNSAT in 0.12s
    cube 1593 (depth 0, 12 lits): UNSAT in 0.69s
    cube 1609 (depth 0, 12 lits): UNSAT in 0.25s
    cube 1625 (depth 0, 12 lits): UNSAT in 1.10s
    cube 1641 (depth 0, 12 lits): UNSAT in 0.05s
    cube 1657 (depth 0, 12 lits): UNSAT in 0.36s
    cube 1673 (depth 0, 12 lits): UNSAT in 0.94s
    cube 1689 (depth 0, 12 lits): UNSAT in 3.13s
    cube 1705 (depth 0, 12 lits): UNSAT in 0.65s
    cube 1721 (depth 0, 12 lits): UNSAT in 11.17s
    cube 1737 (depth 0, 12 lits): UNSAT in 1.78s
    cube 1753 (depth 0, 12 lits): UNSAT in 33.09s
    cube 1769 (depth 0, 12 lits): UNSAT in 0.14s
    cube 1785 (depth 0, 12 lits): UNSAT in 0.81s
    cube 1801 (depth 0, 12 lits): UNSAT in 3.11s
    cube 1817 (depth 0, 12 lits): UNSAT in 8.99s
    cube 1833 (depth 0, 12 lits): UNSAT in 0.53s
    cube 1849 (depth 0, 12 lits): UNSAT in 3.82s
    cube 1865 (depth 0, 12 lits): UNSAT in 3.05s
    cube 1881 (depth 0, 12 lits): UNSAT in 25.56s
    cube 1897 (depth 0, 12 lits): UNSAT in 1.87s
    cube 1913 (depth 0, 12 lits): UNSAT in 6.69s
    cube 1929 (depth 0, 12 lits): UNSAT in 3.51s
    cube 1945 (depth 0, 12 lits): UNSAT in 59.89s
    cube 1961 (depth 0, 12 lits): UNSAT in 5.14s
    cube 1977 (depth 0, 12 lits): TIMEOUT in 60.03s
    cube 1977 TIMEOUT -> re-split into 64 sub-cubes (depth 1)
    cube 1977.0 (depth 1, 18 lits): UNSAT in 0.02s
    cube 1977.1 (depth 1, 18 lits): UNSAT in 0.03s
    cube 1977.2 (depth 1, 18 lits): UNSAT in 0.03s
    cube 1977.3 (depth 1, 18 lits): UNSAT in 0.08s
    cube 1977.4 (depth 1, 18 lits): UNSAT in 0.04s
    cube 1977.5 (depth 1, 18 lits): UNSAT in 0.07s
    cube 1977.6 (depth 1, 18 lits): UNSAT in 0.12s
    cube 1977.7 (depth 1, 18 lits): UNSAT in 0.52s
    cube 1977.8 (depth 1, 18 lits): UNSAT in 0.03s
    cube 1977.9 (depth 1, 18 lits): UNSAT in 0.12s
    cube 1977.10 (depth 1, 18 lits): UNSAT in 0.07s
    cube 1977.11 (depth 1, 18 lits): UNSAT in 0.18s
    cube 1977.12 (depth 1, 18 lits): UNSAT in 0.13s
    cube 1977.13 (depth 1, 18 lits): UNSAT in 0.51s
    cube 1977.14 (depth 1, 18 lits): UNSAT in 0.38s
    cube 1977.15 (depth 1, 18 lits): UNSAT in 2.17s
    cube 1977.16 (depth 1, 18 lits): UNSAT in 0.10s
    cube 1977.17 (depth 1, 18 lits): UNSAT in 0.25s
    cube 1977.18 (depth 1, 18 lits): UNSAT in 0.11s
    cube 1977.19 (depth 1, 18 lits): UNSAT in 0.71s
    cube 1977.20 (depth 1, 18 lits): UNSAT in 0.10s
    cube 1977.21 (depth 1, 18 lits): UNSAT in 0.46s
    cube 1977.22 (depth 1, 18 lits): UNSAT in 0.26s
    cube 1977.23 (depth 1, 18 lits): UNSAT in 1.82s
    cube 1977.24 (depth 1, 18 lits): UNSAT in 0.05s
    cube 1977.25 (depth 1, 18 lits): UNSAT in 0.80s
    cube 1977.26 (depth 1, 18 lits): UNSAT in 0.72s
    cube 1977.27 (depth 1, 18 lits): UNSAT in 5.12s
    cube 1977.28 (depth 1, 18 lits): UNSAT in 1.90s
    cube 1977.29 (depth 1, 18 lits): UNSAT in 3.88s
    cube 1977.30 (depth 1, 18 lits): UNSAT in 3.13s
    cube 1977.31 (depth 1, 18 lits): UNSAT in 29.53s
    cube 1977.32 (depth 1, 18 lits): UNSAT in 0.02s
    cube 1977.33 (depth 1, 18 lits): UNSAT in 0.03s
    cube 1977.34 (depth 1, 18 lits): UNSAT in 0.03s
    cube 1977.35 (depth 1, 18 lits): UNSAT in 0.08s
    cube 1977.36 (depth 1, 18 lits): UNSAT in 0.02s
    cube 1977.37 (depth 1, 18 lits): UNSAT in 0.02s
    cube 1977.38 (depth 1, 18 lits): UNSAT in 0.09s
    cube 1977.39 (depth 1, 18 lits): UNSAT in 0.15s
    cube 1977.40 (depth 1, 18 lits): UNSAT in 0.04s
    cube 1977.41 (depth 1, 18 lits): UNSAT in 0.06s
    cube 1977.42 (depth 1, 18 lits): UNSAT in 0.08s
    cube 1977.43 (depth 1, 18 lits): UNSAT in 0.59s
    cube 1977.44 (depth 1, 18 lits): UNSAT in 0.09s
    cube 1977.45 (depth 1, 18 lits): UNSAT in 0.16s
    cube 1977.46 (depth 1, 18 lits): UNSAT in 0.09s
    cube 1977.47 (depth 1, 18 lits): UNSAT in 0.53s
    cube 1977.48 (depth 1, 18 lits): UNSAT in 0.03s
    cube 1977.49 (depth 1, 18 lits): UNSAT in 0.09s
    cube 1977.50 (depth 1, 18 lits): UNSAT in 0.11s
    cube 1977.51 (depth 1, 18 lits): UNSAT in 0.57s
    cube 1977.52 (depth 1, 18 lits): UNSAT in 0.08s
    cube 1977.53 (depth 1, 18 lits): UNSAT in 0.70s
    cube 1977.54 (depth 1, 18 lits): UNSAT in 0.58s
    cube 1977.55 (depth 1, 18 lits): UNSAT in 0.87s
    cube 1977.56 (depth 1, 18 lits): UNSAT in 0.36s
    cube 1977.57 (depth 1, 18 lits): UNSAT in 4.36s
    cube 1977.58 (depth 1, 18 lits): UNSAT in 1.74s
    cube 1977.59 (depth 1, 18 lits): UNSAT in 7.34s
    cube 1977.60 (depth 1, 18 lits): UNSAT in 0.26s
    cube 1977.61 (depth 1, 18 lits): UNSAT in 1.66s
    cube 1977.62 (depth 1, 18 lits): UNSAT in 5.29s
    cube 1977.63 (depth 1, 18 lits): UNSAT in 5.34s
    cube 1993 (depth 0, 12 lits): TIMEOUT in 60.01s
    cube 1993 TIMEOUT -> re-split into 64 sub-cubes (depth 1)
    cube 1993.0 (depth 1, 18 lits): UNSAT in 0.01s
    cube 1993.1 (depth 1, 18 lits): UNSAT in 0.02s
    cube 1993.2 (depth 1, 18 lits): UNSAT in 0.03s
    cube 1993.3 (depth 1, 18 lits): UNSAT in 0.03s
    cube 1993.4 (depth 1, 18 lits): UNSAT in 0.05s
    cube 1993.5 (depth 1, 18 lits): UNSAT in 0.07s
    cube 1993.6 (depth 1, 18 lits): UNSAT in 0.04s
    cube 1993.7 (depth 1, 18 lits): UNSAT in 0.11s
    cube 1993.8 (depth 1, 18 lits): UNSAT in 0.03s
    cube 1993.9 (depth 1, 18 lits): UNSAT in 0.08s
    cube 1993.10 (depth 1, 18 lits): UNSAT in 0.08s
    cube 1993.11 (depth 1, 18 lits): UNSAT in 0.20s
    cube 1993.12 (depth 1, 18 lits): UNSAT in 0.06s
    cube 1993.13 (depth 1, 18 lits): UNSAT in 0.23s
    cube 1993.14 (depth 1, 18 lits): UNSAT in 0.19s
    cube 1993.15 (depth 1, 18 lits): UNSAT in 0.55s
    cube 1993.16 (depth 1, 18 lits): UNSAT in 0.02s
    cube 1993.17 (depth 1, 18 lits): UNSAT in 0.03s
    cube 1993.18 (depth 1, 18 lits): UNSAT in 0.03s
    cube 1993.19 (depth 1, 18 lits): UNSAT in 0.17s
    cube 1993.20 (depth 1, 18 lits): UNSAT in 0.09s
    cube 1993.21 (depth 1, 18 lits): UNSAT in 0.16s
    cube 1993.22 (depth 1, 18 lits): UNSAT in 0.05s
    cube 1993.23 (depth 1, 18 lits): UNSAT in 0.52s
    cube 1993.24 (depth 1, 18 lits): UNSAT in 0.07s
    cube 1993.25 (depth 1, 18 lits): UNSAT in 0.11s
    cube 1993.26 (depth 1, 18 lits): UNSAT in 0.10s
    cube 1993.27 (depth 1, 18 lits): UNSAT in 0.76s
    cube 1993.28 (depth 1, 18 lits): UNSAT in 0.17s
    cube 1993.29 (depth 1, 18 lits): UNSAT in 1.01s
    cube 1993.30 (depth 1, 18 lits): UNSAT in 0.08s
    cube 1993.31 (depth 1, 18 lits): UNSAT in 0.47s
    cube 1993.32 (depth 1, 18 lits): UNSAT in 0.02s
    cube 1993.33 (depth 1, 18 lits): UNSAT in 0.02s
    cube 1993.34 (depth 1, 18 lits): UNSAT in 0.04s
    cube 1993.35 (depth 1, 18 lits): UNSAT in 0.06s
    cube 1993.36 (depth 1, 18 lits): UNSAT in 0.10s
    cube 1993.37 (depth 1, 18 lits): UNSAT in 0.27s
    cube 1993.38 (depth 1, 18 lits): UNSAT in 0.19s
    cube 1993.39 (depth 1, 18 lits): UNSAT in 0.52s
    cube 1993.40 (depth 1, 18 lits): UNSAT in 0.09s
    cube 1993.41 (depth 1, 18 lits): UNSAT in 0.43s
    cube 1993.42 (depth 1, 18 lits): UNSAT in 0.18s
    cube 1993.43 (depth 1, 18 lits): UNSAT in 0.76s
    cube 1993.44 (depth 1, 18 lits): UNSAT in 0.36s
    cube 1993.45 (depth 1, 18 lits): UNSAT in 0.49s
    cube 1993.46 (depth 1, 18 lits): UNSAT in 0.92s
    cube 1993.47 (depth 1, 18 lits): UNSAT in 3.70s
    cube 1993.48 (depth 1, 18 lits): UNSAT in 0.13s
    cube 1993.49 (depth 1, 18 lits): UNSAT in 0.64s
    cube 1993.50 (depth 1, 18 lits): UNSAT in 0.22s
    cube 1993.51 (depth 1, 18 lits): UNSAT in 0.52s
    cube 1993.52 (depth 1, 18 lits): UNSAT in 0.26s
    cube 1993.53 (depth 1, 18 lits): UNSAT in 0.29s
    cube 1993.54 (depth 1, 18 lits): UNSAT in 1.30s
    cube 1993.55 (depth 1, 18 lits): UNSAT in 0.36s
    cube 1993.56 (depth 1, 18 lits): UNSAT in 0.21s
    cube 1993.57 (depth 1, 18 lits): UNSAT in 0.15s
    cube 1993.58 (depth 1, 18 lits): UNSAT in 0.72s
    cube 1993.59 (depth 1, 18 lits): UNSAT in 1.00s
    cube 1993.60 (depth 1, 18 lits): UNSAT in 1.66s
    cube 1993.61 (depth 1, 18 lits): UNSAT in 2.35s
    cube 1993.62 (depth 1, 18 lits): UNSAT in 11.06s
    cube 1993.63 (depth 1, 18 lits): UNSAT in 9.50s
    cube 2009 (depth 0, 12 lits): TIMEOUT in 60.06s
    cube 2009 TIMEOUT -> re-split into 64 sub-cubes (depth 1)
    cube 2009.0 (depth 1, 18 lits): UNSAT in 0.02s
    cube 2009.1 (depth 1, 18 lits): UNSAT in 0.04s
    cube 2009.2 (depth 1, 18 lits): UNSAT in 0.05s
    cube 2009.3 (depth 1, 18 lits): UNSAT in 0.14s
    cube 2009.4 (depth 1, 18 lits): UNSAT in 0.04s
    cube 2009.5 (depth 1, 18 lits): UNSAT in 0.07s
    cube 2009.6 (depth 1, 18 lits): UNSAT in 0.29s
    cube 2009.7 (depth 1, 18 lits): UNSAT in 0.52s
    cube 2009.8 (depth 1, 18 lits): UNSAT in 0.05s
    cube 2009.9 (depth 1, 18 lits): UNSAT in 0.08s
    cube 2009.10 (depth 1, 18 lits): UNSAT in 0.24s
    cube 2009.11 (depth 1, 18 lits): UNSAT in 1.04s
    cube 2009.12 (depth 1, 18 lits): UNSAT in 0.34s
    cube 2009.13 (depth 1, 18 lits): UNSAT in 0.15s
    cube 2009.14 (depth 1, 18 lits): UNSAT in 0.96s
    cube 2009.15 (depth 1, 18 lits): UNSAT in 1.74s
    cube 2009.16 (depth 1, 18 lits): UNSAT in 0.17s
    cube 2009.17 (depth 1, 18 lits): UNSAT in 0.57s
    cube 2009.18 (depth 1, 18 lits): UNSAT in 0.10s
    cube 2009.19 (depth 1, 18 lits): UNSAT in 0.40s
    cube 2009.20 (depth 1, 18 lits): UNSAT in 0.06s
    cube 2009.21 (depth 1, 18 lits): UNSAT in 0.03s
    cube 2009.22 (depth 1, 18 lits): UNSAT in 1.20s
    cube 2009.23 (depth 1, 18 lits): UNSAT in 6.20s
    cube 2009.24 (depth 1, 18 lits): UNSAT in 0.15s
    cube 2009.25 (depth 1, 18 lits): UNSAT in 0.40s
    cube 2009.26 (depth 1, 18 lits): UNSAT in 0.16s
    cube 2009.27 (depth 1, 18 lits): UNSAT in 1.94s
    cube 2009.28 (depth 1, 18 lits): UNSAT in 0.44s
    cube 2009.29 (depth 1, 18 lits): UNSAT in 0.98s
    cube 2009.30 (depth 1, 18 lits): UNSAT in 0.60s
    cube 2009.31 (depth 1, 18 lits): UNSAT in 4.84s
    cube 2009.32 (depth 1, 18 lits): UNSAT in 0.03s
    cube 2009.33 (depth 1, 18 lits): UNSAT in 0.12s
    cube 2009.34 (depth 1, 18 lits): UNSAT in 0.16s
    cube 2009.35 (depth 1, 18 lits): UNSAT in 0.30s
    cube 2009.36 (depth 1, 18 lits): UNSAT in 0.12s
    cube 2009.37 (depth 1, 18 lits): UNSAT in 0.50s
    cube 2009.38 (depth 1, 18 lits): UNSAT in 0.97s
    cube 2009.39 (depth 1, 18 lits): UNSAT in 1.90s
    cube 2009.40 (depth 1, 18 lits): UNSAT in 0.27s
    cube 2009.41 (depth 1, 18 lits): UNSAT in 1.17s
    cube 2009.42 (depth 1, 18 lits): UNSAT in 3.06s
    cube 2009.43 (depth 1, 18 lits): UNSAT in 3.70s
    cube 2009.44 (depth 1, 18 lits): UNSAT in 0.23s
    cube 2009.45 (depth 1, 18 lits): UNSAT in 2.52s
    cube 2009.46 (depth 1, 18 lits): UNSAT in 1.63s
    cube 2009.47 (depth 1, 18 lits): UNSAT in 4.18s
    cube 2009.48 (depth 1, 18 lits): UNSAT in 0.06s
    cube 2009.49 (depth 1, 18 lits): UNSAT in 0.75s
    cube 2009.50 (depth 1, 18 lits): UNSAT in 0.17s
    cube 2009.51 (depth 1, 18 lits): UNSAT in 5.90s
    cube 2009.52 (depth 1, 18 lits): UNSAT in 2.70s
    cube 2009.53 (depth 1, 18 lits): UNSAT in 11.23s
    cube 2009.54 (depth 1, 18 lits): UNSAT in 3.40s
    cube 2009.55 (depth 1, 18 lits): UNSAT in 14.49s
    cube 2009.56 (depth 1, 18 lits): UNSAT in 0.11s
    cube 2009.57 (depth 1, 18 lits): UNSAT in 0.37s
    cube 2009.58 (depth 1, 18 lits): UNSAT in 0.13s
    cube 2009.59 (depth 1, 18 lits): UNSAT in 3.01s
    cube 2009.60 (depth 1, 18 lits): UNSAT in 0.26s
    cube 2009.61 (depth 1, 18 lits): UNSAT in 2.50s
    cube 2009.62 (depth 1, 18 lits): UNSAT in 2.97s
    cube 2009.63 (depth 1, 18 lits): UNSAT in 7.56s
    cube 2025 (depth 0, 12 lits): UNSAT in 0.02s
    cube 2041 (depth 0, 12 lits): UNSAT in 0.01s
    cube 2057 (depth 0, 12 lits): UNSAT in 0.02s
    cube 2073 (depth 0, 12 lits): UNSAT in 0.01s
    cube 2089 (depth 0, 12 lits): UNSAT in 0.04s
    cube 2105 (depth 0, 12 lits): UNSAT in 0.01s
    cube 2121 (depth 0, 12 lits): UNSAT in 0.12s
    cube 2137 (depth 0, 12 lits): UNSAT in 0.03s
    cube 2153 (depth 0, 12 lits): UNSAT in 0.02s
    cube 2169 (depth 0, 12 lits): UNSAT in 0.02s
    cube 2185 (depth 0, 12 lits): UNSAT in 0.11s
    cube 2201 (depth 0, 12 lits): UNSAT in 0.03s
    cube 2217 (depth 0, 12 lits): UNSAT in 0.28s
    cube 2233 (depth 0, 12 lits): UNSAT in 0.11s
    cube 2249 (depth 0, 12 lits): UNSAT in 1.17s
    cube 2265 (depth 0, 12 lits): UNSAT in 0.02s
    cube 2281 (depth 0, 12 lits): UNSAT in 0.05s
    cube 2297 (depth 0, 12 lits): UNSAT in 0.03s
    cube 2313 (depth 0, 12 lits): UNSAT in 0.10s
    cube 2329 (depth 0, 12 lits): UNSAT in 0.07s
    cube 2345 (depth 0, 12 lits): UNSAT in 0.41s
    cube 2361 (depth 0, 12 lits): UNSAT in 0.12s
    cube 2377 (depth 0, 12 lits): UNSAT in 0.57s
    cube 2393 (depth 0, 12 lits): UNSAT in 0.04s
    cube 2409 (depth 0, 12 lits): UNSAT in 0.24s
    cube 2425 (depth 0, 12 lits): UNSAT in 0.34s
    cube 2441 (depth 0, 12 lits): UNSAT in 0.57s
    cube 2457 (depth 0, 12 lits): UNSAT in 0.21s
    cube 2473 (depth 0, 12 lits): UNSAT in 1.30s
    cube 2489 (depth 0, 12 lits): UNSAT in 0.69s
    cube 2505 (depth 0, 12 lits): UNSAT in 6.90s
    cube 2521 (depth 0, 12 lits): UNSAT in 0.04s
    cube 2537 (depth 0, 12 lits): UNSAT in 0.06s
    cube 2553 (depth 0, 12 lits): UNSAT in 0.02s
    cube 2569 (depth 0, 12 lits): UNSAT in 0.67s
    cube 2585 (depth 0, 12 lits): UNSAT in 0.14s
    cube 2601 (depth 0, 12 lits): UNSAT in 0.31s
    cube 2617 (depth 0, 12 lits): UNSAT in 1.73s
    cube 2633 (depth 0, 12 lits): UNSAT in 2.23s
    cube 2649 (depth 0, 12 lits): UNSAT in 0.17s
    cube 2665 (depth 0, 12 lits): UNSAT in 1.57s
    cube 2681 (depth 0, 12 lits): UNSAT in 1.82s
    cube 2697 (depth 0, 12 lits): UNSAT in 9.29s
    cube 2713 (depth 0, 12 lits): UNSAT in 0.77s
    cube 2729 (depth 0, 12 lits): UNSAT in 4.40s
    cube 2745 (depth 0, 12 lits): UNSAT in 42.12s
    cube 2761 (depth 0, 12 lits): TIMEOUT in 60.00s
    cube 2761 TIMEOUT -> re-split into 64 sub-cubes (depth 1)
    cube 2761.0 (depth 1, 18 lits): UNSAT in 0.01s
    cube 2761.1 (depth 1, 18 lits): UNSAT in 0.03s
    cube 2761.2 (depth 1, 18 lits): UNSAT in 0.02s
    cube 2761.3 (depth 1, 18 lits): UNSAT in 0.09s
    cube 2761.4 (depth 1, 18 lits): UNSAT in 0.06s
    cube 2761.5 (depth 1, 18 lits): UNSAT in 0.19s
    cube 2761.6 (depth 1, 18 lits): UNSAT in 0.07s
    cube 2761.7 (depth 1, 18 lits): UNSAT in 0.25s
    cube 2761.8 (depth 1, 18 lits): UNSAT in 0.02s
    cube 2761.9 (depth 1, 18 lits): UNSAT in 0.02s
    cube 2761.10 (depth 1, 18 lits): UNSAT in 0.05s
    cube 2761.11 (depth 1, 18 lits): UNSAT in 0.10s
    cube 2761.12 (depth 1, 18 lits): UNSAT in 0.09s
    cube 2761.13 (depth 1, 18 lits): UNSAT in 0.22s
    cube 2761.14 (depth 1, 18 lits): UNSAT in 0.20s
    cube 2761.15 (depth 1, 18 lits): UNSAT in 0.40s
    cube 2761.16 (depth 1, 18 lits): UNSAT in 0.01s
    cube 2761.17 (depth 1, 18 lits): UNSAT in 0.03s
    cube 2761.18 (depth 1, 18 lits): UNSAT in 0.03s
    cube 2761.19 (depth 1, 18 lits): UNSAT in 0.06s
    cube 2761.20 (depth 1, 18 lits): UNSAT in 0.03s
    cube 2761.21 (depth 1, 18 lits): UNSAT in 0.05s
    cube 2761.22 (depth 1, 18 lits): UNSAT in 0.11s
    cube 2761.23 (depth 1, 18 lits): UNSAT in 0.12s
    cube 2761.24 (depth 1, 18 lits): UNSAT in 0.12s
    cube 2761.25 (depth 1, 18 lits): UNSAT in 0.15s
    cube 2761.26 (depth 1, 18 lits): UNSAT in 0.20s
    cube 2761.27 (depth 1, 18 lits): UNSAT in 0.31s
    cube 2761.28 (depth 1, 18 lits): UNSAT in 0.13s
    cube 2761.29 (depth 1, 18 lits): UNSAT in 0.76s
    cube 2761.30 (depth 1, 18 lits): UNSAT in 1.59s
    cube 2761.31 (depth 1, 18 lits): UNSAT in 1.79s
    cube 2761.32 (depth 1, 18 lits): UNSAT in 0.02s
    cube 2761.33 (depth 1, 18 lits): UNSAT in 0.08s
    cube 2761.34 (depth 1, 18 lits): UNSAT in 0.07s
    cube 2761.35 (depth 1, 18 lits): UNSAT in 0.30s
    cube 2761.36 (depth 1, 18 lits): UNSAT in 0.07s
    cube 2761.37 (depth 1, 18 lits): UNSAT in 0.41s
    cube 2761.38 (depth 1, 18 lits): UNSAT in 0.37s
    cube 2761.39 (depth 1, 18 lits): UNSAT in 1.06s
    cube 2761.40 (depth 1, 18 lits): UNSAT in 0.20s
    cube 2761.41 (depth 1, 18 lits): UNSAT in 0.73s
    cube 2761.42 (depth 1, 18 lits): UNSAT in 1.44s
    cube 2761.43 (depth 1, 18 lits): UNSAT in 3.31s
    cube 2761.44 (depth 1, 18 lits): UNSAT in 0.12s
    cube 2761.45 (depth 1, 18 lits): UNSAT in 0.61s
    cube 2761.46 (depth 1, 18 lits): UNSAT in 0.42s
    cube 2761.47 (depth 1, 18 lits): UNSAT in 3.60s
    cube 2761.48 (depth 1, 18 lits): UNSAT in 0.12s
    cube 2761.49 (depth 1, 18 lits): UNSAT in 0.21s
    cube 2761.50 (depth 1, 18 lits): UNSAT in 0.28s
    cube 2761.51 (depth 1, 18 lits): UNSAT in 0.37s
    cube 2761.52 (depth 1, 18 lits): UNSAT in 0.11s
    cube 2761.53 (depth 1, 18 lits): UNSAT in 0.42s
    cube 2761.54 (depth 1, 18 lits): UNSAT in 2.52s
    cube 2761.55 (depth 1, 18 lits): UNSAT in 9.02s
    cube 2761.56 (depth 1, 18 lits): UNSAT in 0.08s
    cube 2761.57 (depth 1, 18 lits): UNSAT in 0.43s
    cube 2761.58 (depth 1, 18 lits): UNSAT in 0.57s
    cube 2761.59 (depth 1, 18 lits): UNSAT in 3.36s
    cube 2761.60 (depth 1, 18 lits): UNSAT in 4.89s
    cube 2761.61 (depth 1, 18 lits): UNSAT in 13.88s
    cube 2761.62 (depth 1, 18 lits): UNSAT in 20.73s
    cube 2761.63 (depth 1, 18 lits): TIMEOUT in 60.06s
    cube 2761.63 TIMEOUT -> re-split into 64 sub-cubes (depth 2)
    cube 2761.63.0 (depth 2, 24 lits): UNSAT in 0.01s
    cube 2761.63.1 (depth 2, 24 lits): UNSAT in 0.02s
    cube 2761.63.2 (depth 2, 24 lits): UNSAT in 0.02s
    cube 2761.63.3 (depth 2, 24 lits): UNSAT in 0.02s
    cube 2761.63.4 (depth 2, 24 lits): UNSAT in 0.01s
    cube 2761.63.5 (depth 2, 24 lits): UNSAT in 0.07s
    cube 2761.63.6 (depth 2, 24 lits): UNSAT in 0.04s
    cube 2761.63.7 (depth 2, 24 lits): UNSAT in 0.12s
    cube 2761.63.8 (depth 2, 24 lits): UNSAT in 0.03s
    cube 2761.63.9 (depth 2, 24 lits): UNSAT in 0.09s
    cube 2761.63.10 (depth 2, 24 lits): UNSAT in 0.07s
    cube 2761.63.11 (depth 2, 24 lits): UNSAT in 0.29s
    cube 2761.63.12 (depth 2, 24 lits): UNSAT in 0.12s
    cube 2761.63.13 (depth 2, 24 lits): UNSAT in 0.33s
    cube 2761.63.14 (depth 2, 24 lits): UNSAT in 0.65s
    cube 2761.63.15 (depth 2, 24 lits): UNSAT in 0.82s
    cube 2761.63.16 (depth 2, 24 lits): UNSAT in 0.04s
    cube 2761.63.17 (depth 2, 24 lits): UNSAT in 0.06s
    cube 2761.63.18 (depth 2, 24 lits): UNSAT in 0.03s
    cube 2761.63.19 (depth 2, 24 lits): UNSAT in 0.14s
    cube 2761.63.20 (depth 2, 24 lits): UNSAT in 0.19s
    cube 2761.63.21 (depth 2, 24 lits): UNSAT in 0.16s
    cube 2761.63.22 (depth 2, 24 lits): UNSAT in 0.21s
    cube 2761.63.23 (depth 2, 24 lits): UNSAT in 0.51s
    cube 2761.63.24 (depth 2, 24 lits): UNSAT in 0.12s
    cube 2761.63.25 (depth 2, 24 lits): UNSAT in 0.33s
    cube 2761.63.26 (depth 2, 24 lits): UNSAT in 0.17s
    cube 2761.63.27 (depth 2, 24 lits): UNSAT in 1.07s
    cube 2761.63.28 (depth 2, 24 lits): UNSAT in 0.44s
    cube 2761.63.29 (depth 2, 24 lits): UNSAT in 1.61s
    cube 2761.63.30 (depth 2, 24 lits): UNSAT in 2.63s
    cube 2761.63.31 (depth 2, 24 lits): UNSAT in 14.11s
    cube 2761.63.32 (depth 2, 24 lits): UNSAT in 0.02s
    cube 2761.63.33 (depth 2, 24 lits): UNSAT in 0.11s
    cube 2761.63.34 (depth 2, 24 lits): UNSAT in 0.08s
    cube 2761.63.35 (depth 2, 24 lits): UNSAT in 0.37s
    cube 2761.63.36 (depth 2, 24 lits): UNSAT in 0.13s
    cube 2761.63.37 (depth 2, 24 lits): UNSAT in 0.74s
    cube 2761.63.38 (depth 2, 24 lits): UNSAT in 0.47s
    cube 2761.63.39 (depth 2, 24 lits): UNSAT in 1.80s
    cube 2761.63.40 (depth 2, 24 lits): UNSAT in 0.03s
    cube 2761.63.41 (depth 2, 24 lits): UNSAT in 0.16s
    cube 2761.63.42 (depth 2, 24 lits): UNSAT in 0.36s
    cube 2761.63.43 (depth 2, 24 lits): UNSAT in 0.73s
    cube 2761.63.44 (depth 2, 24 lits): UNSAT in 1.28s
    cube 2761.63.45 (depth 2, 24 lits): UNSAT in 4.36s
    cube 2761.63.46 (depth 2, 24 lits): UNSAT in 3.32s
    cube 2761.63.47 (depth 2, 24 lits): UNSAT in 12.26s
    cube 2761.63.48 (depth 2, 24 lits): UNSAT in 0.04s
    cube 2761.63.49 (depth 2, 24 lits): UNSAT in 0.23s
    cube 2761.63.50 (depth 2, 24 lits): UNSAT in 0.10s
    cube 2761.63.51 (depth 2, 24 lits): UNSAT in 0.14s
    cube 2761.63.52 (depth 2, 24 lits): UNSAT in 0.10s
    cube 2761.63.53 (depth 2, 24 lits): UNSAT in 0.29s
    cube 2761.63.54 (depth 2, 24 lits): UNSAT in 0.04s
    cube 2761.63.55 (depth 2, 24 lits): UNSAT in 0.48s
    cube 2761.63.56 (depth 2, 24 lits): UNSAT in 0.24s
    cube 2761.63.57 (depth 2, 24 lits): UNSAT in 0.61s
    cube 2761.63.58 (depth 2, 24 lits): UNSAT in 0.57s
    cube 2761.63.59 (depth 2, 24 lits): UNSAT in 1.14s
    cube 2761.63.60 (depth 2, 24 lits): UNSAT in 0.50s
    cube 2761.63.61 (depth 2, 24 lits): UNSAT in 3.67s
    cube 2761.63.62 (depth 2, 24 lits): UNSAT in 0.97s
    cube 2761.63.63 (depth 2, 24 lits): UNSAT in 12.77s
    cube 2777 (depth 0, 12 lits): UNSAT in 0.19s
    cube 2793 (depth 0, 12 lits): UNSAT in 0.49s
    cube 2809 (depth 0, 12 lits): UNSAT in 0.24s
    cube 2825 (depth 0, 12 lits): UNSAT in 3.30s
    cube 2841 (depth 0, 12 lits): UNSAT in 0.34s
    cube 2857 (depth 0, 12 lits): UNSAT in 24.69s
    cube 2873 (depth 0, 12 lits): UNSAT in 6.59s
    cube 2889 (depth 0, 12 lits): UNSAT in 8.27s
    cube 2905 (depth 0, 12 lits): UNSAT in 0.62s
    cube 2921 (depth 0, 12 lits): UNSAT in 12.11s
    cube 2937 (depth 0, 12 lits): UNSAT in 8.92s
    cube 2953 (depth 0, 12 lits): UNSAT in 19.94s
    cube 2969 (depth 0, 12 lits): UNSAT in 2.93s
    cube 2985 (depth 0, 12 lits): UNSAT in 15.64s
    cube 3001 (depth 0, 12 lits): TIMEOUT in 60.06s
    cube 3001 TIMEOUT -> re-split into 64 sub-cubes (depth 1)
    cube 3001.0 (depth 1, 18 lits): UNSAT in 0.01s
    cube 3001.1 (depth 1, 18 lits): UNSAT in 0.02s
    cube 3001.2 (depth 1, 18 lits): UNSAT in 0.01s
    cube 3001.3 (depth 1, 18 lits): UNSAT in 0.02s
    cube 3001.4 (depth 1, 18 lits): UNSAT in 0.03s
    cube 3001.5 (depth 1, 18 lits): UNSAT in 0.11s
    cube 3001.6 (depth 1, 18 lits): UNSAT in 0.04s
    cube 3001.7 (depth 1, 18 lits): UNSAT in 0.05s
    cube 3001.8 (depth 1, 18 lits): UNSAT in 0.01s
    cube 3001.9 (depth 1, 18 lits): UNSAT in 0.04s
    cube 3001.10 (depth 1, 18 lits): UNSAT in 0.02s
    cube 3001.11 (depth 1, 18 lits): UNSAT in 0.02s
    cube 3001.12 (depth 1, 18 lits): UNSAT in 0.01s
    cube 3001.13 (depth 1, 18 lits): UNSAT in 0.11s
    cube 3001.14 (depth 1, 18 lits): UNSAT in 0.12s
    cube 3001.15 (depth 1, 18 lits): UNSAT in 0.24s
    cube 3001.16 (depth 1, 18 lits): UNSAT in 0.01s
    cube 3001.17 (depth 1, 18 lits): UNSAT in 0.02s
    cube 3001.18 (depth 1, 18 lits): UNSAT in 0.06s
    cube 3001.19 (depth 1, 18 lits): UNSAT in 0.28s
    cube 3001.20 (depth 1, 18 lits): UNSAT in 0.05s
    cube 3001.21 (depth 1, 18 lits): UNSAT in 0.21s
    cube 3001.22 (depth 1, 18 lits): UNSAT in 0.27s
    cube 3001.23 (depth 1, 18 lits): UNSAT in 0.88s
    cube 3001.24 (depth 1, 18 lits): UNSAT in 0.09s
    cube 3001.25 (depth 1, 18 lits): UNSAT in 0.06s
    cube 3001.26 (depth 1, 18 lits): UNSAT in 0.19s
    cube 3001.27 (depth 1, 18 lits): UNSAT in 0.42s
    cube 3001.28 (depth 1, 18 lits): UNSAT in 0.16s
    cube 3001.29 (depth 1, 18 lits): UNSAT in 0.66s
    cube 3001.30 (depth 1, 18 lits): UNSAT in 0.51s
    cube 3001.31 (depth 1, 18 lits): UNSAT in 2.15s
    cube 3001.32 (depth 1, 18 lits): UNSAT in 0.03s
    cube 3001.33 (depth 1, 18 lits): UNSAT in 0.08s
    cube 3001.34 (depth 1, 18 lits): UNSAT in 0.24s
    cube 3001.35 (depth 1, 18 lits): UNSAT in 0.98s
    cube 3001.36 (depth 1, 18 lits): UNSAT in 0.25s
    cube 3001.37 (depth 1, 18 lits): UNSAT in 0.66s
    cube 3001.38 (depth 1, 18 lits): UNSAT in 0.54s
    cube 3001.39 (depth 1, 18 lits): UNSAT in 4.21s
    cube 3001.40 (depth 1, 18 lits): UNSAT in 0.17s
    cube 3001.41 (depth 1, 18 lits): UNSAT in 0.52s
    cube 3001.42 (depth 1, 18 lits): UNSAT in 0.17s
    cube 3001.43 (depth 1, 18 lits): UNSAT in 1.82s
    cube 3001.44 (depth 1, 18 lits): UNSAT in 1.33s
    cube 3001.45 (depth 1, 18 lits): UNSAT in 5.37s
    cube 3001.46 (depth 1, 18 lits): UNSAT in 3.11s
    cube 3001.47 (depth 1, 18 lits): UNSAT in 10.97s
    cube 3001.48 (depth 1, 18 lits): UNSAT in 0.05s
    cube 3001.49 (depth 1, 18 lits): UNSAT in 0.09s
    cube 3001.50 (depth 1, 18 lits): UNSAT in 0.32s
    cube 3001.51 (depth 1, 18 lits): UNSAT in 0.94s
    cube 3001.52 (depth 1, 18 lits): UNSAT in 0.22s
    cube 3001.53 (depth 1, 18 lits): UNSAT in 0.46s
    cube 3001.54 (depth 1, 18 lits): UNSAT in 0.71s
    cube 3001.55 (depth 1, 18 lits): UNSAT in 12.85s
    cube 3001.56 (depth 1, 18 lits): UNSAT in 0.29s
    cube 3001.57 (depth 1, 18 lits): UNSAT in 0.58s
    cube 3001.58 (depth 1, 18 lits): UNSAT in 1.84s
    cube 3001.59 (depth 1, 18 lits): UNSAT in 5.82s
    cube 3001.60 (depth 1, 18 lits): UNSAT in 1.44s
    cube 3001.61 (depth 1, 18 lits): UNSAT in 3.97s
    cube 3001.62 (depth 1, 18 lits): UNSAT in 5.51s
    cube 3001.63 (depth 1, 18 lits): TIMEOUT in 60.06s
    cube 3001.63 TIMEOUT -> re-split into 64 sub-cubes (depth 2)
    cube 3001.63.0 (depth 2, 24 lits): UNSAT in 0.01s
    cube 3001.63.1 (depth 2, 24 lits): UNSAT in 0.01s
    cube 3001.63.2 (depth 2, 24 lits): UNSAT in 0.02s
    cube 3001.63.3 (depth 2, 24 lits): UNSAT in 0.03s
    cube 3001.63.4 (depth 2, 24 lits): UNSAT in 0.03s
    cube 3001.63.5 (depth 2, 24 lits): UNSAT in 0.03s
    cube 3001.63.6 (depth 2, 24 lits): UNSAT in 0.02s
    cube 3001.63.7 (depth 2, 24 lits): UNSAT in 0.09s
    cube 3001.63.8 (depth 2, 24 lits): UNSAT in 0.02s
    cube 3001.63.9 (depth 2, 24 lits): UNSAT in 0.03s
    cube 3001.63.10 (depth 2, 24 lits): UNSAT in 0.02s
    cube 3001.63.11 (depth 2, 24 lits): UNSAT in 0.05s
    cube 3001.63.12 (depth 2, 24 lits): UNSAT in 0.03s
    cube 3001.63.13 (depth 2, 24 lits): UNSAT in 0.06s
    cube 3001.63.14 (depth 2, 24 lits): UNSAT in 0.02s
    cube 3001.63.15 (depth 2, 24 lits): UNSAT in 0.13s
    cube 3001.63.16 (depth 2, 24 lits): UNSAT in 0.02s
    cube 3001.63.17 (depth 2, 24 lits): UNSAT in 0.02s
    cube 3001.63.18 (depth 2, 24 lits): UNSAT in 0.01s
    cube 3001.63.19 (depth 2, 24 lits): UNSAT in 0.04s
    cube 3001.63.20 (depth 2, 24 lits): UNSAT in 0.02s
    cube 3001.63.21 (depth 2, 24 lits): UNSAT in 0.04s
    cube 3001.63.22 (depth 2, 24 lits): UNSAT in 0.05s
    cube 3001.63.23 (depth 2, 24 lits): UNSAT in 0.12s
    cube 3001.63.24 (depth 2, 24 lits): UNSAT in 0.04s
    cube 3001.63.25 (depth 2, 24 lits): UNSAT in 0.07s
    cube 3001.63.26 (depth 2, 24 lits): UNSAT in 0.20s
    cube 3001.63.27 (depth 2, 24 lits): UNSAT in 0.08s
    cube 3001.63.28 (depth 2, 24 lits): UNSAT in 0.07s
    cube 3001.63.29 (depth 2, 24 lits): UNSAT in 0.14s
    cube 3001.63.30 (depth 2, 24 lits): UNSAT in 0.17s
    cube 3001.63.31 (depth 2, 24 lits): UNSAT in 0.14s
    cube 3001.63.32 (depth 2, 24 lits): UNSAT in 0.02s
    cube 3001.63.33 (depth 2, 24 lits): UNSAT in 0.10s
    cube 3001.63.34 (depth 2, 24 lits): UNSAT in 0.07s
    cube 3001.63.35 (depth 2, 24 lits): UNSAT in 0.24s
    cube 3001.63.36 (depth 2, 24 lits): UNSAT in 0.03s
    cube 3001.63.37 (depth 2, 24 lits): UNSAT in 0.05s
    cube 3001.63.38 (depth 2, 24 lits): UNSAT in 0.24s
    cube 3001.63.39 (depth 2, 24 lits): UNSAT in 0.50s
    cube 3001.63.40 (depth 2, 24 lits): UNSAT in 0.04s
    cube 3001.63.41 (depth 2, 24 lits): UNSAT in 0.14s
    cube 3001.63.42 (depth 2, 24 lits): UNSAT in 0.04s
    cube 3001.63.43 (depth 2, 24 lits): UNSAT in 0.30s
    cube 3001.63.44 (depth 2, 24 lits): UNSAT in 0.20s
    cube 3001.63.45 (depth 2, 24 lits): UNSAT in 1.66s
    cube 3001.63.46 (depth 2, 24 lits): UNSAT in 0.58s
    cube 3001.63.47 (depth 2, 24 lits): UNSAT in 0.66s
    cube 3001.63.48 (depth 2, 24 lits): UNSAT in 0.11s
    cube 3001.63.49 (depth 2, 24 lits): UNSAT in 1.10s
    cube 3001.63.50 (depth 2, 24 lits): UNSAT in 0.35s
    cube 3001.63.51 (depth 2, 24 lits): UNSAT in 1.40s
    cube 3001.63.52 (depth 2, 24 lits): UNSAT in 0.25s
    cube 3001.63.53 (depth 2, 24 lits): UNSAT in 0.49s
    cube 3001.63.54 (depth 2, 24 lits): UNSAT in 4.89s
    cube 3001.63.55 (depth 2, 24 lits): UNSAT in 2.15s
    cube 3001.63.56 (depth 2, 24 lits): UNSAT in 0.08s
    cube 3001.63.57 (depth 2, 24 lits): UNSAT in 0.46s
    cube 3001.63.58 (depth 2, 24 lits): UNSAT in 0.15s
    cube 3001.63.59 (depth 2, 24 lits): UNSAT in 1.08s
    cube 3001.63.60 (depth 2, 24 lits): UNSAT in 0.52s
    cube 3001.63.61 (depth 2, 24 lits): UNSAT in 1.00s
    cube 3001.63.62 (depth 2, 24 lits): UNSAT in 2.97s
    cube 3001.63.63 (depth 2, 24 lits): UNSAT in 3.32s
    cube 3017 (depth 0, 12 lits): TIMEOUT in 60.06s
    cube 3017 TIMEOUT -> re-split into 64 sub-cubes (depth 1)
    cube 3017.0 (depth 1, 18 lits): UNSAT in 0.04s
    cube 3017.1 (depth 1, 18 lits): UNSAT in 0.13s
    cube 3017.2 (depth 1, 18 lits): UNSAT in 0.04s
    cube 3017.3 (depth 1, 18 lits): UNSAT in 0.40s
    cube 3017.4 (depth 1, 18 lits): UNSAT in 0.12s
    cube 3017.5 (depth 1, 18 lits): UNSAT in 0.43s
    cube 3017.6 (depth 1, 18 lits): UNSAT in 0.20s
    cube 3017.7 (depth 1, 18 lits): UNSAT in 1.32s
    cube 3017.8 (depth 1, 18 lits): UNSAT in 0.05s
    cube 3017.9 (depth 1, 18 lits): UNSAT in 0.21s
    cube 3017.10 (depth 1, 18 lits): UNSAT in 0.09s
    cube 3017.11 (depth 1, 18 lits): UNSAT in 0.59s
    cube 3017.12 (depth 1, 18 lits): UNSAT in 0.09s
    cube 3017.13 (depth 1, 18 lits): UNSAT in 0.20s
    cube 3017.14 (depth 1, 18 lits): UNSAT in 0.18s
    cube 3017.15 (depth 1, 18 lits): UNSAT in 2.51s
    cube 3017.16 (depth 1, 18 lits): UNSAT in 0.16s
    cube 3017.17 (depth 1, 18 lits): UNSAT in 1.60s
    cube 3017.18 (depth 1, 18 lits): UNSAT in 1.18s
    cube 3017.19 (depth 1, 18 lits): UNSAT in 3.88s
    cube 3017.20 (depth 1, 18 lits): UNSAT in 0.17s
    cube 3017.21 (depth 1, 18 lits): UNSAT in 0.83s
    cube 3017.22 (depth 1, 18 lits): UNSAT in 0.48s
    cube 3017.23 (depth 1, 18 lits): UNSAT in 4.36s
    cube 3017.24 (depth 1, 18 lits): UNSAT in 1.57s
    cube 3017.25 (depth 1, 18 lits): UNSAT in 0.91s
    cube 3017.26 (depth 1, 18 lits): UNSAT in 2.97s
    cube 3017.27 (depth 1, 18 lits): UNSAT in 8.03s
    cube 3017.28 (depth 1, 18 lits): UNSAT in 4.48s
    cube 3017.29 (depth 1, 18 lits): UNSAT in 17.36s
    cube 3017.30 (depth 1, 18 lits): UNSAT in 11.14s
    cube 3017.31 (depth 1, 18 lits): TIMEOUT in 60.00s
    cube 3017.31 TIMEOUT -> re-split into 64 sub-cubes (depth 2)
    cube 3017.31.0 (depth 2, 24 lits): UNSAT in 0.01s
    cube 3017.31.1 (depth 2, 24 lits): UNSAT in 0.03s
    cube 3017.31.2 (depth 2, 24 lits): UNSAT in 0.02s
    cube 3017.31.3 (depth 2, 24 lits): UNSAT in 0.05s
    cube 3017.31.4 (depth 2, 24 lits): UNSAT in 0.04s
    cube 3017.31.5 (depth 2, 24 lits): UNSAT in 0.08s
    cube 3017.31.6 (depth 2, 24 lits): UNSAT in 0.22s
    cube 3017.31.7 (depth 2, 24 lits): UNSAT in 0.51s
    cube 3017.31.8 (depth 2, 24 lits): UNSAT in 0.03s
    cube 3017.31.9 (depth 2, 24 lits): UNSAT in 0.03s
    cube 3017.31.10 (depth 2, 24 lits): UNSAT in 0.02s
    cube 3017.31.11 (depth 2, 24 lits): UNSAT in 0.15s
    cube 3017.31.12 (depth 2, 24 lits): UNSAT in 0.03s
    cube 3017.31.13 (depth 2, 24 lits): UNSAT in 0.02s
    cube 3017.31.14 (depth 2, 24 lits): UNSAT in 0.10s
    cube 3017.31.15 (depth 2, 24 lits): UNSAT in 0.47s
    cube 3017.31.16 (depth 2, 24 lits): UNSAT in 0.02s
    cube 3017.31.17 (depth 2, 24 lits): UNSAT in 0.02s
    cube 3017.31.18 (depth 2, 24 lits): UNSAT in 0.03s
    cube 3017.31.19 (depth 2, 24 lits): UNSAT in 0.25s
    cube 3017.31.20 (depth 2, 24 lits): UNSAT in 0.05s
    cube 3017.31.21 (depth 2, 24 lits): UNSAT in 0.13s
    cube 3017.31.22 (depth 2, 24 lits): UNSAT in 0.19s
    cube 3017.31.23 (depth 2, 24 lits): UNSAT in 0.53s
    cube 3017.31.24 (depth 2, 24 lits): UNSAT in 0.16s
    cube 3017.31.25 (depth 2, 24 lits): UNSAT in 0.31s
    cube 3017.31.26 (depth 2, 24 lits): UNSAT in 0.53s
    cube 3017.31.27 (depth 2, 24 lits): UNSAT in 1.29s
    cube 3017.31.28 (depth 2, 24 lits): UNSAT in 0.25s
    cube 3017.31.29 (depth 2, 24 lits): UNSAT in 1.04s
    cube 3017.31.30 (depth 2, 24 lits): UNSAT in 0.92s
    cube 3017.31.31 (depth 2, 24 lits): UNSAT in 6.29s
    cube 3017.31.32 (depth 2, 24 lits): UNSAT in 0.04s
    cube 3017.31.33 (depth 2, 24 lits): UNSAT in 0.16s
    cube 3017.31.34 (depth 2, 24 lits): UNSAT in 0.03s
    cube 3017.31.35 (depth 2, 24 lits): UNSAT in 0.31s
    cube 3017.31.36 (depth 2, 24 lits): UNSAT in 0.04s
    cube 3017.31.37 (depth 2, 24 lits): UNSAT in 0.22s
    cube 3017.31.38 (depth 2, 24 lits): UNSAT in 0.36s
    cube 3017.31.39 (depth 2, 24 lits): UNSAT in 2.33s
    cube 3017.31.40 (depth 2, 24 lits): UNSAT in 0.05s
    cube 3017.31.41 (depth 2, 24 lits): UNSAT in 0.45s
    cube 3017.31.42 (depth 2, 24 lits): UNSAT in 0.31s
    cube 3017.31.43 (depth 2, 24 lits): UNSAT in 2.11s
    cube 3017.31.44 (depth 2, 24 lits): UNSAT in 0.76s
    cube 3017.31.45 (depth 2, 24 lits): UNSAT in 2.52s
    cube 3017.31.46 (depth 2, 24 lits): UNSAT in 1.80s
    cube 3017.31.47 (depth 2, 24 lits): UNSAT in 6.17s
    cube 3017.31.48 (depth 2, 24 lits): UNSAT in 0.04s
    cube 3017.31.49 (depth 2, 24 lits): UNSAT in 0.12s
    cube 3017.31.50 (depth 2, 24 lits): UNSAT in 0.05s
    cube 3017.31.51 (depth 2, 24 lits): UNSAT in 0.52s
    cube 3017.31.52 (depth 2, 24 lits): UNSAT in 0.05s
    cube 3017.31.53 (depth 2, 24 lits): UNSAT in 0.12s
    cube 3017.31.54 (depth 2, 24 lits): UNSAT in 0.06s
    cube 3017.31.55 (depth 2, 24 lits): UNSAT in 0.82s
    cube 3017.31.56 (depth 2, 24 lits): UNSAT in 0.27s
    cube 3017.31.57 (depth 2, 24 lits): UNSAT in 1.01s
    cube 3017.31.58 (depth 2, 24 lits): UNSAT in 0.20s
    cube 3017.31.59 (depth 2, 24 lits): UNSAT in 1.09s
    cube 3017.31.60 (depth 2, 24 lits): UNSAT in 0.54s
    cube 3017.31.61 (depth 2, 24 lits): UNSAT in 2.17s
    cube 3017.31.62 (depth 2, 24 lits): UNSAT in 3.63s
    cube 3017.31.63 (depth 2, 24 lits): UNSAT in 7.67s
    cube 3017.32 (depth 1, 18 lits): UNSAT in 0.05s
    cube 3017.33 (depth 1, 18 lits): UNSAT in 0.09s
    cube 3017.34 (depth 1, 18 lits): UNSAT in 0.21s
    cube 3017.35 (depth 1, 18 lits): UNSAT in 1.13s
    cube 3017.36 (depth 1, 18 lits): UNSAT in 0.15s
    cube 3017.37 (depth 1, 18 lits): UNSAT in 0.37s
    cube 3017.38 (depth 1, 18 lits): UNSAT in 0.60s
    cube 3017.39 (depth 1, 18 lits): UNSAT in 2.23s
    cube 3017.40 (depth 1, 18 lits): UNSAT in 0.40s
    cube 3017.41 (depth 1, 18 lits): UNSAT in 1.07s
    cube 3017.42 (depth 1, 18 lits): UNSAT in 1.86s
    cube 3017.43 (depth 1, 18 lits): UNSAT in 3.94s
    cube 3017.44 (depth 1, 18 lits): UNSAT in 1.09s
    cube 3017.45 (depth 1, 18 lits): UNSAT in 3.44s
    cube 3017.46 (depth 1, 18 lits): UNSAT in 5.88s
    cube 3017.47 (depth 1, 18 lits): UNSAT in 8.67s
    cube 3017.48 (depth 1, 18 lits): UNSAT in 0.10s
    cube 3017.49 (depth 1, 18 lits): UNSAT in 0.24s
    cube 3017.50 (depth 1, 18 lits): UNSAT in 0.19s
    cube 3017.51 (depth 1, 18 lits): UNSAT in 0.76s
    cube 3017.52 (depth 1, 18 lits): UNSAT in 2.43s
    cube 3017.53 (depth 1, 18 lits): UNSAT in 4.02s
    cube 3017.54 (depth 1, 18 lits): UNSAT in 2.11s
    cube 3017.55 (depth 1, 18 lits): UNSAT in 10.63s
    cube 3017.56 (depth 1, 18 lits): UNSAT in 1.04s
    cube 3017.57 (depth 1, 18 lits): UNSAT in 2.12s
    cube 3017.58 (depth 1, 18 lits): UNSAT in 2.45s
    cube 3017.59 (depth 1, 18 lits): UNSAT in 14.74s
    cube 3017.60 (depth 1, 18 lits): UNSAT in 5.59s
    cube 3017.61 (depth 1, 18 lits): UNSAT in 24.28s
    cube 3017.62 (depth 1, 18 lits): UNSAT in 17.11s
    cube 3017.63 (depth 1, 18 lits): TIMEOUT in 60.06s
    cube 3017.63 TIMEOUT -> re-split into 64 sub-cubes (depth 2)
    cube 3017.63.0 (depth 2, 24 lits): UNSAT in 0.01s
    cube 3017.63.1 (depth 2, 24 lits): UNSAT in 0.01s
    cube 3017.63.2 (depth 2, 24 lits): UNSAT in 0.01s
    cube 3017.63.3 (depth 2, 24 lits): UNSAT in 0.04s
    cube 3017.63.4 (depth 2, 24 lits): UNSAT in 0.02s
    cube 3017.63.5 (depth 2, 24 lits): UNSAT in 0.02s
    cube 3017.63.6 (depth 2, 24 lits): UNSAT in 0.03s
    cube 3017.63.7 (depth 2, 24 lits): UNSAT in 0.28s
    cube 3017.63.8 (depth 2, 24 lits): UNSAT in 0.02s
    cube 3017.63.9 (depth 2, 24 lits): UNSAT in 0.02s
    cube 3017.63.10 (depth 2, 24 lits): UNSAT in 0.02s
    cube 3017.63.11 (depth 2, 24 lits): UNSAT in 0.13s
    cube 3017.63.12 (depth 2, 24 lits): UNSAT in 0.05s
    cube 3017.63.13 (depth 2, 24 lits): UNSAT in 0.18s
    cube 3017.63.14 (depth 2, 24 lits): UNSAT in 0.22s
    cube 3017.63.15 (depth 2, 24 lits): UNSAT in 0.33s
    cube 3017.63.16 (depth 2, 24 lits): UNSAT in 0.03s
    cube 3017.63.17 (depth 2, 24 lits): UNSAT in 0.06s
    cube 3017.63.18 (depth 2, 24 lits): UNSAT in 0.08s
    cube 3017.63.19 (depth 2, 24 lits): UNSAT in 0.22s
    cube 3017.63.20 (depth 2, 24 lits): UNSAT in 0.10s
    cube 3017.63.21 (depth 2, 24 lits): UNSAT in 0.40s
    cube 3017.63.22 (depth 2, 24 lits): UNSAT in 0.41s
    cube 3017.63.23 (depth 2, 24 lits): UNSAT in 0.95s
    cube 3017.63.24 (depth 2, 24 lits): UNSAT in 0.12s
    cube 3017.63.25 (depth 2, 24 lits): UNSAT in 0.25s
    cube 3017.63.26 (depth 2, 24 lits): UNSAT in 0.65s
    cube 3017.63.27 (depth 2, 24 lits): UNSAT in 1.15s
    cube 3017.63.28 (depth 2, 24 lits): UNSAT in 0.59s
    cube 3017.63.29 (depth 2, 24 lits): UNSAT in 1.06s
    cube 3017.63.30 (depth 2, 24 lits): UNSAT in 2.66s
    cube 3017.63.31 (depth 2, 24 lits): UNSAT in 5.25s
    cube 3017.63.32 (depth 2, 24 lits): UNSAT in 0.05s
    cube 3017.63.33 (depth 2, 24 lits): UNSAT in 0.10s
    cube 3017.63.34 (depth 2, 24 lits): UNSAT in 0.05s
    cube 3017.63.35 (depth 2, 24 lits): UNSAT in 0.03s
    cube 3017.63.36 (depth 2, 24 lits): UNSAT in 0.02s
    cube 3017.63.37 (depth 2, 24 lits): UNSAT in 0.03s
    cube 3017.63.38 (depth 2, 24 lits): UNSAT in 0.08s
    cube 3017.63.39 (depth 2, 24 lits): UNSAT in 0.44s
    cube 3017.63.40 (depth 2, 24 lits): UNSAT in 0.13s
    cube 3017.63.41 (depth 2, 24 lits): UNSAT in 0.24s
    cube 3017.63.42 (depth 2, 24 lits): UNSAT in 0.09s
    cube 3017.63.43 (depth 2, 24 lits): UNSAT in 0.23s
    cube 3017.63.44 (depth 2, 24 lits): UNSAT in 0.16s
    cube 3017.63.45 (depth 2, 24 lits): UNSAT in 0.40s
    cube 3017.63.46 (depth 2, 24 lits): UNSAT in 0.55s
    cube 3017.63.47 (depth 2, 24 lits): UNSAT in 0.68s
    cube 3017.63.48 (depth 2, 24 lits): UNSAT in 0.25s
    cube 3017.63.49 (depth 2, 24 lits): UNSAT in 0.23s
    cube 3017.63.50 (depth 2, 24 lits): UNSAT in 0.11s
    cube 3017.63.51 (depth 2, 24 lits): UNSAT in 0.79s
    cube 3017.63.52 (depth 2, 24 lits): UNSAT in 1.01s
    cube 3017.63.53 (depth 2, 24 lits): UNSAT in 0.33s
    cube 3017.63.54 (depth 2, 24 lits): UNSAT in 0.86s
    cube 3017.63.55 (depth 2, 24 lits): UNSAT in 1.23s
    cube 3017.63.56 (depth 2, 24 lits): UNSAT in 0.18s
    cube 3017.63.57 (depth 2, 24 lits): UNSAT in 1.02s
    cube 3017.63.58 (depth 2, 24 lits): UNSAT in 1.57s
    cube 3017.63.59 (depth 2, 24 lits): UNSAT in 4.17s
    cube 3017.63.60 (depth 2, 24 lits): UNSAT in 0.60s
    cube 3017.63.61 (depth 2, 24 lits): UNSAT in 2.51s
    cube 3017.63.62 (depth 2, 24 lits): UNSAT in 0.71s
    cube 3017.63.63 (depth 2, 24 lits): UNSAT in 3.73s
    cube 3033 (depth 0, 12 lits): UNSAT in 0.03s
    cube 3049 (depth 0, 12 lits): UNSAT in 0.05s
    cube 3065 (depth 0, 12 lits): UNSAT in 0.24s
    cube 3081 (depth 0, 12 lits): UNSAT in 0.50s
    cube 3097 (depth 0, 12 lits): UNSAT in 0.17s
    cube 3113 (depth 0, 12 lits): UNSAT in 0.88s
    cube 3129 (depth 0, 12 lits): UNSAT in 1.36s
    cube 3145 (depth 0, 12 lits): UNSAT in 24.73s
    cube 3161 (depth 0, 12 lits): UNSAT in 0.13s
    cube 3177 (depth 0, 12 lits): UNSAT in 0.27s
    cube 3193 (depth 0, 12 lits): UNSAT in 0.82s
    batch [3209..4041] TIMEOUT in 900.1s -> per-cube fallback
    cube 3209 (depth 0, 12 lits): UNSAT in 4.20s
    cube 3225 (depth 0, 12 lits): UNSAT in 2.26s
    cube 3241 (depth 0, 12 lits): UNSAT in 7.93s
    cube 3257 (depth 0, 12 lits): UNSAT in 14.24s
    cube 3273 (depth 0, 12 lits): UNSAT in 53.02s
    cube 3289 (depth 0, 12 lits): UNSAT in 0.40s
    cube 3305 (depth 0, 12 lits): UNSAT in 0.54s
    cube 3321 (depth 0, 12 lits): UNSAT in 0.46s
    cube 3337 (depth 0, 12 lits): UNSAT in 12.27s
    cube 3353 (depth 0, 12 lits): UNSAT in 1.10s
    cube 3369 (depth 0, 12 lits): TIMEOUT in 60.06s
    cube 3369 TIMEOUT -> re-split into 63 sub-cubes (depth 1)
    cube 3369.0 (depth 1, 17 lits): UNSAT in 0.01s
    cube 3369.1 (depth 1, 18 lits): UNSAT in 0.01s
    cube 3369.2 (depth 1, 18 lits): UNSAT in 0.02s
    cube 3369.3 (depth 1, 18 lits): UNSAT in 0.01s
    cube 3369.4 (depth 1, 18 lits): UNSAT in 0.02s
    cube 3369.5 (depth 1, 18 lits): UNSAT in 0.01s
    cube 3369.6 (depth 1, 18 lits): UNSAT in 0.04s
    cube 3369.7 (depth 1, 18 lits): UNSAT in 0.02s
    cube 3369.8 (depth 1, 18 lits): UNSAT in 0.02s
    cube 3369.9 (depth 1, 18 lits): UNSAT in 0.03s
    cube 3369.10 (depth 1, 18 lits): UNSAT in 0.08s
    cube 3369.11 (depth 1, 18 lits): UNSAT in 0.03s
    cube 3369.12 (depth 1, 18 lits): UNSAT in 0.08s
    cube 3369.13 (depth 1, 18 lits): UNSAT in 0.05s
    cube 3369.14 (depth 1, 18 lits): UNSAT in 0.24s
    cube 3369.15 (depth 1, 18 lits): UNSAT in 0.01s
    cube 3369.16 (depth 1, 18 lits): UNSAT in 0.02s
    cube 3369.17 (depth 1, 18 lits): UNSAT in 0.06s
    cube 3369.18 (depth 1, 18 lits): UNSAT in 0.09s
    cube 3369.19 (depth 1, 18 lits): UNSAT in 0.01s
    cube 3369.20 (depth 1, 18 lits): UNSAT in 0.04s
    cube 3369.21 (depth 1, 18 lits): UNSAT in 0.11s
    cube 3369.22 (depth 1, 18 lits): UNSAT in 0.33s
    cube 3369.23 (depth 1, 18 lits): UNSAT in 0.02s
    cube 3369.24 (depth 1, 18 lits): UNSAT in 0.05s
    cube 3369.25 (depth 1, 18 lits): UNSAT in 0.10s
    cube 3369.26 (depth 1, 18 lits): UNSAT in 0.53s
    cube 3369.27 (depth 1, 18 lits): UNSAT in 0.16s
    cube 3369.28 (depth 1, 18 lits): UNSAT in 0.20s
    cube 3369.29 (depth 1, 18 lits): UNSAT in 0.58s
    cube 3369.30 (depth 1, 18 lits): UNSAT in 3.34s
    cube 3369.31 (depth 1, 18 lits): UNSAT in 0.01s
    cube 3369.32 (depth 1, 18 lits): UNSAT in 0.02s
    cube 3369.33 (depth 1, 18 lits): UNSAT in 0.04s
    cube 3369.34 (depth 1, 18 lits): UNSAT in 0.06s
    cube 3369.35 (depth 1, 18 lits): UNSAT in 0.02s
    cube 3369.36 (depth 1, 18 lits): UNSAT in 0.07s
    cube 3369.37 (depth 1, 18 lits): UNSAT in 0.20s
    cube 3369.38 (depth 1, 18 lits): UNSAT in 0.27s
    cube 3369.39 (depth 1, 18 lits): UNSAT in 0.03s
    cube 3369.40 (depth 1, 18 lits): UNSAT in 0.16s
    cube 3369.41 (depth 1, 18 lits): UNSAT in 0.04s
    cube 3369.42 (depth 1, 18 lits): UNSAT in 0.22s
    cube 3369.43 (depth 1, 18 lits): UNSAT in 0.11s
    cube 3369.44 (depth 1, 18 lits): UNSAT in 0.37s
    cube 3369.45 (depth 1, 18 lits): UNSAT in 0.10s
    cube 3369.46 (depth 1, 18 lits): UNSAT in 0.66s
    cube 3369.47 (depth 1, 18 lits): UNSAT in 0.02s
    cube 3369.48 (depth 1, 18 lits): UNSAT in 0.04s
    cube 3369.49 (depth 1, 18 lits): UNSAT in 0.18s
    cube 3369.50 (depth 1, 18 lits): UNSAT in 0.89s
    cube 3369.51 (depth 1, 18 lits): UNSAT in 0.15s
    cube 3369.52 (depth 1, 18 lits): UNSAT in 0.64s
    cube 3369.53 (depth 1, 18 lits): UNSAT in 1.07s
    cube 3369.54 (depth 1, 18 lits): UNSAT in 3.22s
    cube 3369.55 (depth 1, 18 lits): UNSAT in 0.12s
    cube 3369.56 (depth 1, 18 lits): UNSAT in 0.23s
    cube 3369.57 (depth 1, 18 lits): UNSAT in 0.40s
    cube 3369.58 (depth 1, 18 lits): UNSAT in 0.83s
    cube 3369.59 (depth 1, 18 lits): UNSAT in 1.35s
    cube 3369.60 (depth 1, 18 lits): UNSAT in 3.98s
    cube 3369.61 (depth 1, 18 lits): UNSAT in 3.47s
    cube 3369.62 (depth 1, 18 lits): UNSAT in 7.78s
    cube 3385 (depth 0, 12 lits): UNSAT in 40.37s
    cube 3401 (depth 0, 12 lits): TIMEOUT in 60.06s
    cube 3401 TIMEOUT -> re-split into 63 sub-cubes (depth 1)
    cube 3401.0 (depth 1, 17 lits): UNSAT in 0.01s
    cube 3401.1 (depth 1, 18 lits): UNSAT in 0.02s
    cube 3401.2 (depth 1, 18 lits): UNSAT in 0.03s
    cube 3401.3 (depth 1, 18 lits): UNSAT in 0.02s
    cube 3401.4 (depth 1, 18 lits): UNSAT in 0.03s
    cube 3401.5 (depth 1, 18 lits): UNSAT in 0.04s
    cube 3401.6 (depth 1, 18 lits): UNSAT in 0.08s
    cube 3401.7 (depth 1, 18 lits): UNSAT in 0.02s
    cube 3401.8 (depth 1, 18 lits): UNSAT in 0.03s
    cube 3401.9 (depth 1, 18 lits): UNSAT in 0.02s
    cube 3401.10 (depth 1, 18 lits): UNSAT in 0.07s
    cube 3401.11 (depth 1, 18 lits): UNSAT in 0.03s
    cube 3401.12 (depth 1, 18 lits): UNSAT in 0.11s
    cube 3401.13 (depth 1, 18 lits): UNSAT in 0.18s
    cube 3401.14 (depth 1, 18 lits): UNSAT in 0.17s
    cube 3401.15 (depth 1, 18 lits): UNSAT in 0.02s
    cube 3401.16 (depth 1, 18 lits): UNSAT in 0.02s
    cube 3401.17 (depth 1, 18 lits): UNSAT in 0.03s
    cube 3401.18 (depth 1, 18 lits): UNSAT in 0.08s
    cube 3401.19 (depth 1, 18 lits): UNSAT in 0.04s
    cube 3401.20 (depth 1, 18 lits): UNSAT in 0.04s
    cube 3401.21 (depth 1, 18 lits): UNSAT in 0.06s
    cube 3401.22 (depth 1, 18 lits): UNSAT in 0.35s
    cube 3401.23 (depth 1, 18 lits): UNSAT in 0.07s
    cube 3401.24 (depth 1, 18 lits): UNSAT in 0.18s
    cube 3401.25 (depth 1, 18 lits): UNSAT in 0.45s
    cube 3401.26 (depth 1, 18 lits): UNSAT in 0.84s
    cube 3401.27 (depth 1, 18 lits): UNSAT in 0.17s
    cube 3401.28 (depth 1, 18 lits): UNSAT in 0.62s
    cube 3401.29 (depth 1, 18 lits): UNSAT in 0.17s
    cube 3401.30 (depth 1, 18 lits): UNSAT in 0.88s
    cube 3401.31 (depth 1, 18 lits): UNSAT in 0.01s
    cube 3401.32 (depth 1, 18 lits): UNSAT in 0.03s
    cube 3401.33 (depth 1, 18 lits): UNSAT in 0.04s
    cube 3401.34 (depth 1, 18 lits): UNSAT in 0.08s
    cube 3401.35 (depth 1, 18 lits): UNSAT in 0.07s
    cube 3401.36 (depth 1, 18 lits): UNSAT in 0.21s
    cube 3401.37 (depth 1, 18 lits): UNSAT in 0.33s
    cube 3401.38 (depth 1, 18 lits): UNSAT in 1.40s
    cube 3401.39 (depth 1, 18 lits): UNSAT in 0.03s
    cube 3401.40 (depth 1, 18 lits): UNSAT in 0.08s
    cube 3401.41 (depth 1, 18 lits): UNSAT in 0.57s
    cube 3401.42 (depth 1, 18 lits): UNSAT in 2.19s
    cube 3401.43 (depth 1, 18 lits): UNSAT in 0.25s
    cube 3401.44 (depth 1, 18 lits): UNSAT in 1.31s
    cube 3401.45 (depth 1, 18 lits): UNSAT in 3.19s
    cube 3401.46 (depth 1, 18 lits): UNSAT in 3.71s
    cube 3401.47 (depth 1, 18 lits): UNSAT in 0.11s
    cube 3401.48 (depth 1, 18 lits): UNSAT in 0.20s
    cube 3401.49 (depth 1, 18 lits): UNSAT in 0.24s
    cube 3401.50 (depth 1, 18 lits): UNSAT in 1.14s
    cube 3401.51 (depth 1, 18 lits): UNSAT in 0.21s
    cube 3401.52 (depth 1, 18 lits): UNSAT in 1.74s
    cube 3401.53 (depth 1, 18 lits): UNSAT in 0.50s
    cube 3401.54 (depth 1, 18 lits): UNSAT in 1.82s
    cube 3401.55 (depth 1, 18 lits): UNSAT in 0.50s
    cube 3401.56 (depth 1, 18 lits): UNSAT in 1.35s
    cube 3401.57 (depth 1, 18 lits): UNSAT in 1.20s
    cube 3401.58 (depth 1, 18 lits): UNSAT in 10.55s
    cube 3401.59 (depth 1, 18 lits): UNSAT in 0.13s
    cube 3401.60 (depth 1, 18 lits): UNSAT in 6.02s
    cube 3401.61 (depth 1, 18 lits): UNSAT in 15.00s
    cube 3401.62 (depth 1, 18 lits): UNSAT in 50.55s
    cube 3417 (depth 0, 12 lits): UNSAT in 0.60s
    cube 3433 (depth 0, 12 lits): UNSAT in 5.07s
    cube 3449 (depth 0, 12 lits): UNSAT in 10.37s
    cube 3465 (depth 0, 12 lits): UNSAT in 3.95s
    cube 3481 (depth 0, 12 lits): UNSAT in 41.41s
    cube 3497 (depth 0, 12 lits): TIMEOUT in 60.06s
    cube 3497 TIMEOUT -> re-split into 64 sub-cubes (depth 1)
    cube 3497.0 (depth 1, 18 lits): UNSAT in 0.01s
    cube 3497.1 (depth 1, 18 lits): UNSAT in 0.01s
    cube 3497.2 (depth 1, 18 lits): UNSAT in 0.01s
    cube 3497.3 (depth 1, 18 lits): UNSAT in 0.02s
    cube 3497.4 (depth 1, 18 lits): UNSAT in 0.02s
    cube 3497.5 (depth 1, 18 lits): UNSAT in 0.05s
    cube 3497.6 (depth 1, 18 lits): UNSAT in 0.04s
    cube 3497.7 (depth 1, 18 lits): UNSAT in 0.09s
    cube 3497.8 (depth 1, 18 lits): UNSAT in 0.01s
    cube 3497.9 (depth 1, 18 lits): UNSAT in 0.03s
    cube 3497.10 (depth 1, 18 lits): UNSAT in 0.03s
    cube 3497.11 (depth 1, 18 lits): UNSAT in 0.07s
    cube 3497.12 (depth 1, 18 lits): UNSAT in 0.10s
    cube 3497.13 (depth 1, 18 lits): UNSAT in 0.20s
    cube 3497.14 (depth 1, 18 lits): UNSAT in 0.22s
    cube 3497.15 (depth 1, 18 lits): UNSAT in 0.42s
    cube 3497.16 (depth 1, 18 lits): UNSAT in 0.04s
    cube 3497.17 (depth 1, 18 lits): UNSAT in 0.01s
    cube 3497.18 (depth 1, 18 lits): UNSAT in 0.05s
    cube 3497.19 (depth 1, 18 lits): UNSAT in 0.10s
    cube 3497.20 (depth 1, 18 lits): UNSAT in 0.09s
    cube 3497.21 (depth 1, 18 lits): UNSAT in 0.11s
    cube 3497.22 (depth 1, 18 lits): UNSAT in 0.14s
    cube 3497.23 (depth 1, 18 lits): UNSAT in 0.36s
    cube 3497.24 (depth 1, 18 lits): UNSAT in 0.04s
    cube 3497.25 (depth 1, 18 lits): UNSAT in 0.15s
    cube 3497.26 (depth 1, 18 lits): UNSAT in 0.14s
    cube 3497.27 (depth 1, 18 lits): UNSAT in 0.54s
    cube 3497.28 (depth 1, 18 lits): UNSAT in 0.12s
    cube 3497.29 (depth 1, 18 lits): UNSAT in 0.31s
    cube 3497.30 (depth 1, 18 lits): UNSAT in 0.69s
    cube 3497.31 (depth 1, 18 lits): UNSAT in 1.37s
    cube 3497.32 (depth 1, 18 lits): UNSAT in 0.02s
    cube 3497.33 (depth 1, 18 lits): UNSAT in 0.09s
    cube 3497.34 (depth 1, 18 lits): UNSAT in 0.03s
    cube 3497.35 (depth 1, 18 lits): UNSAT in 0.15s
    cube 3497.36 (depth 1, 18 lits): UNSAT in 0.03s
    cube 3497.37 (depth 1, 18 lits): UNSAT in 0.08s
    cube 3497.38 (depth 1, 18 lits): UNSAT in 0.26s
    cube 3497.39 (depth 1, 18 lits): UNSAT in 0.67s
    cube 3497.40 (depth 1, 18 lits): UNSAT in 0.07s
    cube 3497.41 (depth 1, 18 lits): UNSAT in 0.05s
    cube 3497.42 (depth 1, 18 lits): UNSAT in 0.07s
    cube 3497.43 (depth 1, 18 lits): UNSAT in 0.98s
    cube 3497.44 (depth 1, 18 lits): UNSAT in 0.27s
    cube 3497.45 (depth 1, 18 lits): UNSAT in 1.69s
    cube 3497.46 (depth 1, 18 lits): UNSAT in 0.54s
    cube 3497.47 (depth 1, 18 lits): UNSAT in 1.17s
    cube 3497.48 (depth 1, 18 lits): UNSAT in 0.02s
    cube 3497.49 (depth 1, 18 lits): UNSAT in 0.04s
    cube 3497.50 (depth 1, 18 lits): UNSAT in 0.08s
    cube 3497.51 (depth 1, 18 lits): UNSAT in 0.19s
    cube 3497.52 (depth 1, 18 lits): UNSAT in 0.13s
    cube 3497.53 (depth 1, 18 lits): UNSAT in 0.45s
    cube 3497.54 (depth 1, 18 lits): UNSAT in 0.27s
    cube 3497.55 (depth 1, 18 lits): UNSAT in 0.95s
    cube 3497.56 (depth 1, 18 lits): UNSAT in 0.15s
    cube 3497.57 (depth 1, 18 lits): UNSAT in 0.37s
    cube 3497.58 (depth 1, 18 lits): UNSAT in 1.20s
    cube 3497.59 (depth 1, 18 lits): UNSAT in 3.45s
    cube 3497.60 (depth 1, 18 lits): UNSAT in 0.84s
    cube 3497.61 (depth 1, 18 lits): UNSAT in 3.23s
    cube 3497.62 (depth 1, 18 lits): UNSAT in 4.29s
    cube 3497.63 (depth 1, 18 lits): UNSAT in 7.47s
    cube 3513 (depth 0, 12 lits): UNSAT in 42.25s
    cube 3529 (depth 0, 12 lits): TIMEOUT in 60.05s
    cube 3529 TIMEOUT -> re-split into 64 sub-cubes (depth 1)
    cube 3529.0 (depth 1, 18 lits): UNSAT in 0.03s
    cube 3529.1 (depth 1, 18 lits): UNSAT in 0.05s
    cube 3529.2 (depth 1, 18 lits): UNSAT in 0.05s
    cube 3529.3 (depth 1, 18 lits): UNSAT in 0.18s
    cube 3529.4 (depth 1, 18 lits): UNSAT in 0.09s
    cube 3529.5 (depth 1, 18 lits): UNSAT in 0.26s
    cube 3529.6 (depth 1, 18 lits): UNSAT in 0.19s
    cube 3529.7 (depth 1, 18 lits): UNSAT in 0.97s
    cube 3529.8 (depth 1, 18 lits): UNSAT in 0.02s
    cube 3529.9 (depth 1, 18 lits): UNSAT in 0.04s
    cube 3529.10 (depth 1, 18 lits): UNSAT in 0.10s
    cube 3529.11 (depth 1, 18 lits): UNSAT in 0.09s
    cube 3529.12 (depth 1, 18 lits): UNSAT in 0.05s
    cube 3529.13 (depth 1, 18 lits): UNSAT in 0.16s
    cube 3529.14 (depth 1, 18 lits): UNSAT in 0.22s
    cube 3529.15 (depth 1, 18 lits): UNSAT in 3.07s
    cube 3529.16 (depth 1, 18 lits): UNSAT in 0.02s
    cube 3529.17 (depth 1, 18 lits): UNSAT in 0.06s
    cube 3529.18 (depth 1, 18 lits): UNSAT in 0.14s
    cube 3529.19 (depth 1, 18 lits): UNSAT in 0.59s
    cube 3529.20 (depth 1, 18 lits): UNSAT in 0.16s
    cube 3529.21 (depth 1, 18 lits): UNSAT in 1.22s
    cube 3529.22 (depth 1, 18 lits): UNSAT in 0.38s
    cube 3529.23 (depth 1, 18 lits): UNSAT in 4.03s
    cube 3529.24 (depth 1, 18 lits): UNSAT in 0.22s
    cube 3529.25 (depth 1, 18 lits): UNSAT in 0.63s
    cube 3529.26 (depth 1, 18 lits): UNSAT in 0.43s
    cube 3529.27 (depth 1, 18 lits): UNSAT in 2.80s
    cube 3529.28 (depth 1, 18 lits): UNSAT in 1.07s
    cube 3529.29 (depth 1, 18 lits): UNSAT in 14.38s
    cube 3529.30 (depth 1, 18 lits): UNSAT in 7.96s
    cube 3529.31 (depth 1, 18 lits): TIMEOUT in 60.06s
    cube 3529.31 TIMEOUT -> re-split into 63 sub-cubes (depth 2)
    cube 3529.31.0 (depth 2, 23 lits): UNSAT in 0.02s
    cube 3529.31.1 (depth 2, 24 lits): UNSAT in 0.01s
    cube 3529.31.2 (depth 2, 24 lits): UNSAT in 0.02s
    cube 3529.31.3 (depth 2, 24 lits): UNSAT in 0.03s
    cube 3529.31.4 (depth 2, 24 lits): UNSAT in 0.08s
    cube 3529.31.5 (depth 2, 24 lits): UNSAT in 0.09s
    cube 3529.31.6 (depth 2, 24 lits): UNSAT in 0.16s
    cube 3529.31.7 (depth 2, 24 lits): UNSAT in 0.02s
    cube 3529.31.8 (depth 2, 24 lits): UNSAT in 0.07s
    cube 3529.31.9 (depth 2, 24 lits): UNSAT in 0.05s
    cube 3529.31.10 (depth 2, 24 lits): UNSAT in 0.09s
    cube 3529.31.11 (depth 2, 24 lits): UNSAT in 0.04s
    cube 3529.31.12 (depth 2, 24 lits): UNSAT in 0.10s
    cube 3529.31.13 (depth 2, 24 lits): UNSAT in 0.05s
    cube 3529.31.14 (depth 2, 24 lits): UNSAT in 0.39s
    cube 3529.31.15 (depth 2, 24 lits): UNSAT in 0.02s
    cube 3529.31.16 (depth 2, 24 lits): UNSAT in 0.03s
    cube 3529.31.17 (depth 2, 24 lits): UNSAT in 0.03s
    cube 3529.31.18 (depth 2, 24 lits): UNSAT in 0.22s
    cube 3529.31.19 (depth 2, 24 lits): UNSAT in 0.02s
    cube 3529.31.20 (depth 2, 24 lits): UNSAT in 0.07s
    cube 3529.31.21 (depth 2, 24 lits): UNSAT in 0.14s
    cube 3529.31.22 (depth 2, 24 lits): UNSAT in 0.46s
    cube 3529.31.23 (depth 2, 24 lits): UNSAT in 0.12s
    cube 3529.31.24 (depth 2, 24 lits): UNSAT in 0.47s
    cube 3529.31.25 (depth 2, 24 lits): UNSAT in 0.85s
    cube 3529.31.26 (depth 2, 24 lits): UNSAT in 0.99s
    cube 3529.31.27 (depth 2, 24 lits): UNSAT in 0.21s
    cube 3529.31.28 (depth 2, 24 lits): UNSAT in 1.84s
    cube 3529.31.29 (depth 2, 24 lits): UNSAT in 3.50s
    cube 3529.31.30 (depth 2, 24 lits): UNSAT in 2.85s
    cube 3529.31.31 (depth 2, 24 lits): UNSAT in 0.02s
    cube 3529.31.32 (depth 2, 24 lits): UNSAT in 0.03s
    cube 3529.31.33 (depth 2, 24 lits): UNSAT in 0.06s
    cube 3529.31.34 (depth 2, 24 lits): UNSAT in 0.25s
    cube 3529.31.35 (depth 2, 24 lits): UNSAT in 0.03s
    cube 3529.31.36 (depth 2, 24 lits): UNSAT in 0.13s
    cube 3529.31.37 (depth 2, 24 lits): UNSAT in 0.15s
    cube 3529.31.38 (depth 2, 24 lits): UNSAT in 1.02s
    cube 3529.31.39 (depth 2, 24 lits): UNSAT in 0.02s
    cube 3529.31.40 (depth 2, 24 lits): UNSAT in 0.15s
    cube 3529.31.41 (depth 2, 24 lits): UNSAT in 0.26s
    cube 3529.31.42 (depth 2, 24 lits): UNSAT in 0.80s
    cube 3529.31.43 (depth 2, 24 lits): UNSAT in 0.31s
    cube 3529.31.44 (depth 2, 24 lits): UNSAT in 0.82s
    cube 3529.31.45 (depth 2, 24 lits): UNSAT in 3.29s
    cube 3529.31.46 (depth 2, 24 lits): UNSAT in 7.75s
    cube 3529.31.47 (depth 2, 24 lits): UNSAT in 0.04s
    cube 3529.31.48 (depth 2, 24 lits): UNSAT in 0.07s
    cube 3529.31.49 (depth 2, 24 lits): UNSAT in 0.03s
    cube 3529.31.50 (depth 2, 24 lits): UNSAT in 0.30s
    cube 3529.31.51 (depth 2, 24 lits): UNSAT in 0.36s
    cube 3529.31.52 (depth 2, 24 lits): UNSAT in 0.72s
    cube 3529.31.53 (depth 2, 24 lits): UNSAT in 0.38s
    cube 3529.31.54 (depth 2, 24 lits): UNSAT in 4.44s
    cube 3529.31.55 (depth 2, 24 lits): UNSAT in 0.08s
    cube 3529.31.56 (depth 2, 24 lits): UNSAT in 0.40s
    cube 3529.31.57 (depth 2, 24 lits): UNSAT in 0.18s
    cube 3529.31.58 (depth 2, 24 lits): UNSAT in 0.63s
    cube 3529.31.59 (depth 2, 24 lits): UNSAT in 0.18s
    cube 3529.31.60 (depth 2, 24 lits): UNSAT in 0.68s
    cube 3529.31.61 (depth 2, 24 lits): UNSAT in 1.24s
    cube 3529.31.62 (depth 2, 24 lits): UNSAT in 7.67s
    cube 3529.32 (depth 1, 18 lits): UNSAT in 0.04s
    cube 3529.33 (depth 1, 18 lits): UNSAT in 0.13s
    cube 3529.34 (depth 1, 18 lits): UNSAT in 0.20s
    cube 3529.35 (depth 1, 18 lits): UNSAT in 0.57s
    cube 3529.36 (depth 1, 18 lits): UNSAT in 0.09s
    cube 3529.37 (depth 1, 18 lits): UNSAT in 0.41s
    cube 3529.38 (depth 1, 18 lits): UNSAT in 1.02s
    cube 3529.39 (depth 1, 18 lits): UNSAT in 2.44s
    cube 3529.40 (depth 1, 18 lits): UNSAT in 0.07s
    cube 3529.41 (depth 1, 18 lits): UNSAT in 0.24s
    cube 3529.42 (depth 1, 18 lits): UNSAT in 0.31s
    cube 3529.43 (depth 1, 18 lits): UNSAT in 1.10s
    cube 3529.44 (depth 1, 18 lits): UNSAT in 1.09s
    cube 3529.45 (depth 1, 18 lits): UNSAT in 5.77s
    cube 3529.46 (depth 1, 18 lits): UNSAT in 1.39s
    cube 3529.47 (depth 1, 18 lits): UNSAT in 13.64s
    cube 3529.48 (depth 1, 18 lits): UNSAT in 0.13s
    cube 3529.49 (depth 1, 18 lits): UNSAT in 0.25s
    cube 3529.50 (depth 1, 18 lits): UNSAT in 0.24s
    cube 3529.51 (depth 1, 18 lits): UNSAT in 2.81s
    cube 3529.52 (depth 1, 18 lits): UNSAT in 0.91s
    cube 3529.53 (depth 1, 18 lits): UNSAT in 2.60s
    cube 3529.54 (depth 1, 18 lits): UNSAT in 1.38s
    cube 3529.55 (depth 1, 18 lits): UNSAT in 11.15s
    cube 3529.56 (depth 1, 18 lits): UNSAT in 0.57s
    cube 3529.57 (depth 1, 18 lits): UNSAT in 3.18s
    cube 3529.58 (depth 1, 18 lits): UNSAT in 1.57s
    cube 3529.59 (depth 1, 18 lits): UNSAT in 5.96s
    cube 3529.60 (depth 1, 18 lits): UNSAT in 0.90s
    cube 3529.61 (depth 1, 18 lits): UNSAT in 19.87s
    cube 3529.62 (depth 1, 18 lits): UNSAT in 31.31s
    cube 3529.63 (depth 1, 18 lits): TIMEOUT in 60.06s
    cube 3529.63 TIMEOUT -> re-split into 64 sub-cubes (depth 2)
    cube 3529.63.0 (depth 2, 24 lits): UNSAT in 0.02s
    cube 3529.63.1 (depth 2, 24 lits): UNSAT in 0.03s
    cube 3529.63.2 (depth 2, 24 lits): UNSAT in 0.02s
    cube 3529.63.3 (depth 2, 24 lits): UNSAT in 0.03s
    cube 3529.63.4 (depth 2, 24 lits): UNSAT in 0.02s
    cube 3529.63.5 (depth 2, 24 lits): UNSAT in 0.07s
    cube 3529.63.6 (depth 2, 24 lits): UNSAT in 0.06s
    cube 3529.63.7 (depth 2, 24 lits): UNSAT in 0.24s
    cube 3529.63.8 (depth 2, 24 lits): UNSAT in 0.03s
    cube 3529.63.9 (depth 2, 24 lits): UNSAT in 0.02s
    cube 3529.63.10 (depth 2, 24 lits): UNSAT in 0.07s
    cube 3529.63.11 (depth 2, 24 lits): UNSAT in 0.12s
    cube 3529.63.12 (depth 2, 24 lits): UNSAT in 0.07s
    cube 3529.63.13 (depth 2, 24 lits): UNSAT in 0.09s
    cube 3529.63.14 (depth 2, 24 lits): UNSAT in 1.29s
    cube 3529.63.15 (depth 2, 24 lits): UNSAT in 1.96s
    cube 3529.63.16 (depth 2, 24 lits): UNSAT in 0.03s
    cube 3529.63.17 (depth 2, 24 lits): UNSAT in 0.08s
    cube 3529.63.18 (depth 2, 24 lits): UNSAT in 0.08s
    cube 3529.63.19 (depth 2, 24 lits): UNSAT in 0.15s
    cube 3529.63.20 (depth 2, 24 lits): UNSAT in 0.05s
    cube 3529.63.21 (depth 2, 24 lits): UNSAT in 0.52s
    cube 3529.63.22 (depth 2, 24 lits): UNSAT in 0.22s
    cube 3529.63.23 (depth 2, 24 lits): UNSAT in 0.37s
    cube 3529.63.24 (depth 2, 24 lits): UNSAT in 0.09s
    cube 3529.63.25 (depth 2, 24 lits): UNSAT in 0.19s
    cube 3529.63.26 (depth 2, 24 lits): UNSAT in 0.79s
    cube 3529.63.27 (depth 2, 24 lits): UNSAT in 2.14s
    cube 3529.63.28 (depth 2, 24 lits): UNSAT in 0.48s
    cube 3529.63.29 (depth 2, 24 lits): UNSAT in 2.00s
    cube 3529.63.30 (depth 2, 24 lits): UNSAT in 2.45s
    cube 3529.63.31 (depth 2, 24 lits): UNSAT in 4.97s
    cube 3529.63.32 (depth 2, 24 lits): UNSAT in 0.04s
    cube 3529.63.33 (depth 2, 24 lits): UNSAT in 0.28s
    cube 3529.63.34 (depth 2, 24 lits): UNSAT in 0.13s
    cube 3529.63.35 (depth 2, 24 lits): UNSAT in 0.44s
    cube 3529.63.36 (depth 2, 24 lits): UNSAT in 0.19s
    cube 3529.63.37 (depth 2, 24 lits): UNSAT in 0.20s
    cube 3529.63.38 (depth 2, 24 lits): UNSAT in 0.65s
    cube 3529.63.39 (depth 2, 24 lits): UNSAT in 0.92s
    cube 3529.63.40 (depth 2, 24 lits): UNSAT in 0.29s
    cube 3529.63.41 (depth 2, 24 lits): UNSAT in 2.32s
    cube 3529.63.42 (depth 2, 24 lits): UNSAT in 1.51s
    cube 3529.63.43 (depth 2, 24 lits): UNSAT in 7.38s
    cube 3529.63.44 (depth 2, 24 lits): UNSAT in 0.21s
    cube 3529.63.45 (depth 2, 24 lits): UNSAT in 1.02s
    cube 3529.63.46 (depth 2, 24 lits): UNSAT in 1.58s
    cube 3529.63.47 (depth 2, 24 lits): UNSAT in 10.40s
    cube 3529.63.48 (depth 2, 24 lits): UNSAT in 0.01s
    cube 3529.63.49 (depth 2, 24 lits): UNSAT in 0.08s
    cube 3529.63.50 (depth 2, 24 lits): UNSAT in 0.05s
    cube 3529.63.51 (depth 2, 24 lits): UNSAT in 0.05s
    cube 3529.63.52 (depth 2, 24 lits): UNSAT in 0.41s
    cube 3529.63.53 (depth 2, 24 lits): UNSAT in 0.31s
    cube 3529.63.54 (depth 2, 24 lits): UNSAT in 0.44s
    cube 3529.63.55 (depth 2, 24 lits): UNSAT in 0.94s
    cube 3529.63.56 (depth 2, 24 lits): UNSAT in 0.20s
    cube 3529.63.57 (depth 2, 24 lits): UNSAT in 0.22s
    cube 3529.63.58 (depth 2, 24 lits): UNSAT in 0.50s
    cube 3529.63.59 (depth 2, 24 lits): UNSAT in 0.48s
    cube 3529.63.60 (depth 2, 24 lits): UNSAT in 0.12s
    cube 3529.63.61 (depth 2, 24 lits): UNSAT in 1.52s
    cube 3529.63.62 (depth 2, 24 lits): UNSAT in 1.52s
    cube 3529.63.63 (depth 2, 24 lits): UNSAT in 4.11s
    cube 3545 (depth 0, 12 lits): UNSAT in 0.14s
    cube 3561 (depth 0, 12 lits): UNSAT in 1.22s
    cube 3577 (depth 0, 12 lits): UNSAT in 1.27s
    cube 3593 (depth 0, 12 lits): UNSAT in 9.89s
    cube 3609 (depth 0, 12 lits): UNSAT in 0.68s
    cube 3625 (depth 0, 12 lits): UNSAT in 3.98s
    cube 3641 (depth 0, 12 lits): UNSAT in 8.85s
    cube 3657 (depth 0, 12 lits): UNSAT in 51.83s
    cube 3673 (depth 0, 12 lits): UNSAT in 1.11s
    cube 3689 (depth 0, 12 lits): UNSAT in 9.12s
    cube 3705 (depth 0, 12 lits): UNSAT in 4.30s
    cube 3721 (depth 0, 12 lits): TIMEOUT in 60.06s
    cube 3721 TIMEOUT -> re-split into 63 sub-cubes (depth 1)
    cube 3721.0 (depth 1, 17 lits): UNSAT in 0.01s
    cube 3721.1 (depth 1, 18 lits): UNSAT in 0.02s
    cube 3721.2 (depth 1, 18 lits): UNSAT in 0.03s
    cube 3721.3 (depth 1, 18 lits): UNSAT in 0.02s
    cube 3721.4 (depth 1, 18 lits): UNSAT in 0.08s
    cube 3721.5 (depth 1, 18 lits): UNSAT in 0.05s
    cube 3721.6 (depth 1, 18 lits): UNSAT in 0.12s
    cube 3721.7 (depth 1, 18 lits): UNSAT in 0.03s
    cube 3721.8 (depth 1, 18 lits): UNSAT in 0.07s
    cube 3721.9 (depth 1, 18 lits): UNSAT in 0.11s
    cube 3721.10 (depth 1, 18 lits): UNSAT in 0.34s
    cube 3721.11 (depth 1, 18 lits): UNSAT in 0.06s
    cube 3721.12 (depth 1, 18 lits): UNSAT in 0.24s
    cube 3721.13 (depth 1, 18 lits): UNSAT in 0.20s
    cube 3721.14 (depth 1, 18 lits): UNSAT in 0.67s
    cube 3721.15 (depth 1, 18 lits): UNSAT in 0.03s
    cube 3721.16 (depth 1, 18 lits): UNSAT in 0.15s
    cube 3721.17 (depth 1, 18 lits): UNSAT in 0.07s
    cube 3721.18 (depth 1, 18 lits): UNSAT in 0.14s
    cube 3721.19 (depth 1, 18 lits): UNSAT in 0.06s
    cube 3721.20 (depth 1, 18 lits): UNSAT in 0.10s
    cube 3721.21 (depth 1, 18 lits): UNSAT in 0.08s
    cube 3721.22 (depth 1, 18 lits): UNSAT in 0.18s
    cube 3721.23 (depth 1, 18 lits): UNSAT in 0.04s
    cube 3721.24 (depth 1, 18 lits): UNSAT in 0.14s
    cube 3721.25 (depth 1, 18 lits): UNSAT in 0.07s
    cube 3721.26 (depth 1, 18 lits): UNSAT in 0.52s
    cube 3721.27 (depth 1, 18 lits): UNSAT in 0.41s
    cube 3721.28 (depth 1, 18 lits): UNSAT in 0.71s
    cube 3721.29 (depth 1, 18 lits): UNSAT in 0.83s
    cube 3721.30 (depth 1, 18 lits): UNSAT in 2.11s
    cube 3721.31 (depth 1, 18 lits): UNSAT in 0.03s
    cube 3721.32 (depth 1, 18 lits): UNSAT in 0.04s
    cube 3721.33 (depth 1, 18 lits): UNSAT in 0.03s
    cube 3721.34 (depth 1, 18 lits): UNSAT in 0.02s
    cube 3721.35 (depth 1, 18 lits): UNSAT in 0.04s
    cube 3721.36 (depth 1, 18 lits): UNSAT in 0.13s
    cube 3721.37 (depth 1, 18 lits): UNSAT in 0.09s
    cube 3721.38 (depth 1, 18 lits): UNSAT in 0.09s
    cube 3721.39 (depth 1, 18 lits): UNSAT in 0.03s
    cube 3721.40 (depth 1, 18 lits): UNSAT in 0.17s
    cube 3721.41 (depth 1, 18 lits): UNSAT in 0.16s
    cube 3721.42 (depth 1, 18 lits): UNSAT in 0.03s
    cube 3721.43 (depth 1, 18 lits): UNSAT in 0.14s
    cube 3721.44 (depth 1, 18 lits): UNSAT in 0.10s
    cube 3721.45 (depth 1, 18 lits): UNSAT in 0.09s
    cube 3721.46 (depth 1, 18 lits): UNSAT in 0.18s
    cube 3721.47 (depth 1, 18 lits): UNSAT in 0.06s
    cube 3721.48 (depth 1, 18 lits): UNSAT in 0.25s
    cube 3721.49 (depth 1, 18 lits): UNSAT in 0.19s
    cube 3721.50 (depth 1, 18 lits): UNSAT in 0.57s
    cube 3721.51 (depth 1, 18 lits): UNSAT in 0.10s
    cube 3721.52 (depth 1, 18 lits): UNSAT in 0.20s
    cube 3721.53 (depth 1, 18 lits): UNSAT in 0.30s
    cube 3721.54 (depth 1, 18 lits): UNSAT in 0.70s
    cube 3721.55 (depth 1, 18 lits): UNSAT in 0.43s
    cube 3721.56 (depth 1, 18 lits): UNSAT in 0.85s
    cube 3721.57 (depth 1, 18 lits): UNSAT in 0.51s
    cube 3721.58 (depth 1, 18 lits): UNSAT in 1.40s
    cube 3721.59 (depth 1, 18 lits): UNSAT in 0.49s
    cube 3721.60 (depth 1, 18 lits): UNSAT in 2.66s
    cube 3721.61 (depth 1, 18 lits): UNSAT in 5.06s
    cube 3721.62 (depth 1, 18 lits): UNSAT in 4.45s
    cube 3737 (depth 0, 12 lits): UNSAT in 6.50s
    cube 3753 (depth 0, 12 lits): UNSAT in 9.93s
    cube 3769 (depth 0, 12 lits): TIMEOUT in 60.00s
    cube 3769 TIMEOUT -> re-split into 64 sub-cubes (depth 1)
    cube 3769.0 (depth 1, 18 lits): UNSAT in 0.01s
    cube 3769.1 (depth 1, 18 lits): UNSAT in 0.02s
    cube 3769.2 (depth 1, 18 lits): UNSAT in 0.02s
    cube 3769.3 (depth 1, 18 lits): UNSAT in 0.07s
    cube 3769.4 (depth 1, 18 lits): UNSAT in 0.02s
    cube 3769.5 (depth 1, 18 lits): UNSAT in 0.03s
    cube 3769.6 (depth 1, 18 lits): UNSAT in 0.07s
    cube 3769.7 (depth 1, 18 lits): UNSAT in 0.19s
    cube 3769.8 (depth 1, 18 lits): UNSAT in 0.05s
    cube 3769.9 (depth 1, 18 lits): UNSAT in 0.08s
    cube 3769.10 (depth 1, 18 lits): UNSAT in 0.04s
    cube 3769.11 (depth 1, 18 lits): UNSAT in 0.06s
    cube 3769.12 (depth 1, 18 lits): UNSAT in 0.20s
    cube 3769.13 (depth 1, 18 lits): UNSAT in 0.34s
    cube 3769.14 (depth 1, 18 lits): UNSAT in 0.89s
    cube 3769.15 (depth 1, 18 lits): UNSAT in 0.95s
    cube 3769.16 (depth 1, 18 lits): UNSAT in 0.04s
    cube 3769.17 (depth 1, 18 lits): UNSAT in 0.04s
    cube 3769.18 (depth 1, 18 lits): UNSAT in 0.06s
    cube 3769.19 (depth 1, 18 lits): UNSAT in 0.14s
    cube 3769.20 (depth 1, 18 lits): UNSAT in 0.06s
    cube 3769.21 (depth 1, 18 lits): UNSAT in 0.47s
    cube 3769.22 (depth 1, 18 lits): UNSAT in 0.56s
    cube 3769.23 (depth 1, 18 lits): UNSAT in 1.66s
    cube 3769.24 (depth 1, 18 lits): UNSAT in 0.03s
    cube 3769.25 (depth 1, 18 lits): UNSAT in 0.13s
    cube 3769.26 (depth 1, 18 lits): UNSAT in 0.13s
    cube 3769.27 (depth 1, 18 lits): UNSAT in 0.80s
    cube 3769.28 (depth 1, 18 lits): UNSAT in 0.24s
    cube 3769.29 (depth 1, 18 lits): UNSAT in 1.25s
    cube 3769.30 (depth 1, 18 lits): UNSAT in 0.73s
    cube 3769.31 (depth 1, 18 lits): UNSAT in 13.51s
    cube 3769.32 (depth 1, 18 lits): UNSAT in 0.08s
    cube 3769.33 (depth 1, 18 lits): UNSAT in 0.19s
    cube 3769.34 (depth 1, 18 lits): UNSAT in 0.15s
    cube 3769.35 (depth 1, 18 lits): UNSAT in 0.97s
    cube 3769.36 (depth 1, 18 lits): UNSAT in 0.09s
    cube 3769.37 (depth 1, 18 lits): UNSAT in 0.87s
    cube 3769.38 (depth 1, 18 lits): UNSAT in 0.39s
    cube 3769.39 (depth 1, 18 lits): UNSAT in 3.77s
    cube 3769.40 (depth 1, 18 lits): UNSAT in 0.07s
    cube 3769.41 (depth 1, 18 lits): UNSAT in 0.34s
    cube 3769.42 (depth 1, 18 lits): UNSAT in 1.23s
    cube 3769.43 (depth 1, 18 lits): UNSAT in 3.23s
    cube 3769.44 (depth 1, 18 lits): UNSAT in 0.62s
    cube 3769.45 (depth 1, 18 lits): UNSAT in 4.29s
    cube 3769.46 (depth 1, 18 lits): UNSAT in 9.10s
    cube 3769.47 (depth 1, 18 lits): UNSAT in 43.72s
    cube 3769.48 (depth 1, 18 lits): UNSAT in 0.08s
    cube 3769.49 (depth 1, 18 lits): UNSAT in 0.25s
    cube 3769.50 (depth 1, 18 lits): UNSAT in 0.29s
    cube 3769.51 (depth 1, 18 lits): UNSAT in 3.46s
    cube 3769.52 (depth 1, 18 lits): UNSAT in 0.53s
    cube 3769.53 (depth 1, 18 lits): UNSAT in 2.27s
    cube 3769.54 (depth 1, 18 lits): UNSAT in 5.31s
    cube 3769.55 (depth 1, 18 lits): UNSAT in 12.88s
    cube 3769.56 (depth 1, 18 lits): UNSAT in 0.35s
    cube 3769.57 (depth 1, 18 lits): UNSAT in 6.30s
    cube 3769.58 (depth 1, 18 lits): UNSAT in 1.17s
    cube 3769.59 (depth 1, 18 lits): UNSAT in 9.24s
    cube 3769.60 (depth 1, 18 lits): UNSAT in 7.14s
    cube 3769.61 (depth 1, 18 lits): UNSAT in 8.33s
    cube 3769.62 (depth 1, 18 lits): UNSAT in 32.93s
    cube 3769.63 (depth 1, 18 lits): TIMEOUT in 60.03s
    cube 3769.63 TIMEOUT -> re-split into 64 sub-cubes (depth 2)
    cube 3769.63.0 (depth 2, 24 lits): UNSAT in 0.02s
    cube 3769.63.1 (depth 2, 24 lits): UNSAT in 0.03s
    cube 3769.63.2 (depth 2, 24 lits): UNSAT in 0.02s
    cube 3769.63.3 (depth 2, 24 lits): UNSAT in 0.02s
    cube 3769.63.4 (depth 2, 24 lits): UNSAT in 0.04s
    cube 3769.63.5 (depth 2, 24 lits): UNSAT in 0.04s
    cube 3769.63.6 (depth 2, 24 lits): UNSAT in 0.13s
    cube 3769.63.7 (depth 2, 24 lits): UNSAT in 0.47s
    cube 3769.63.8 (depth 2, 24 lits): UNSAT in 0.02s
    cube 3769.63.9 (depth 2, 24 lits): UNSAT in 0.05s
    cube 3769.63.10 (depth 2, 24 lits): UNSAT in 0.06s
    cube 3769.63.11 (depth 2, 24 lits): UNSAT in 0.28s
    cube 3769.63.12 (depth 2, 24 lits): UNSAT in 0.04s
    cube 3769.63.13 (depth 2, 24 lits): UNSAT in 0.09s
    cube 3769.63.14 (depth 2, 24 lits): UNSAT in 0.91s
    cube 3769.63.15 (depth 2, 24 lits): UNSAT in 1.52s
    cube 3769.63.16 (depth 2, 24 lits): UNSAT in 0.02s
    cube 3769.63.17 (depth 2, 24 lits): UNSAT in 0.05s
    cube 3769.63.18 (depth 2, 24 lits): UNSAT in 0.09s
    cube 3769.63.19 (depth 2, 24 lits): UNSAT in 0.23s
    cube 3769.63.20 (depth 2, 24 lits): UNSAT in 0.04s
    cube 3769.63.21 (depth 2, 24 lits): UNSAT in 0.47s
    cube 3769.63.22 (depth 2, 24 lits): UNSAT in 1.03s
    cube 3769.63.23 (depth 2, 24 lits): UNSAT in 0.95s
    cube 3769.63.24 (depth 2, 24 lits): UNSAT in 0.10s
    cube 3769.63.25 (depth 2, 24 lits): UNSAT in 0.11s
    cube 3769.63.26 (depth 2, 24 lits): UNSAT in 0.31s
    cube 3769.63.27 (depth 2, 24 lits): UNSAT in 1.98s
    cube 3769.63.28 (depth 2, 24 lits): UNSAT in 0.67s
    cube 3769.63.29 (depth 2, 24 lits): UNSAT in 1.14s
    cube 3769.63.30 (depth 2, 24 lits): UNSAT in 4.35s
    cube 3769.63.31 (depth 2, 24 lits): UNSAT in 3.23s
    cube 3769.63.32 (depth 2, 24 lits): UNSAT in 0.02s
    cube 3769.63.33 (depth 2, 24 lits): UNSAT in 0.05s
    cube 3769.63.34 (depth 2, 24 lits): UNSAT in 0.11s
    cube 3769.63.35 (depth 2, 24 lits): UNSAT in 0.34s
    cube 3769.63.36 (depth 2, 24 lits): UNSAT in 0.07s
    cube 3769.63.37 (depth 2, 24 lits): UNSAT in 0.30s
    cube 3769.63.38 (depth 2, 24 lits): UNSAT in 0.33s
    cube 3769.63.39 (depth 2, 24 lits): UNSAT in 2.27s
    cube 3769.63.40 (depth 2, 24 lits): UNSAT in 0.10s
    cube 3769.63.41 (depth 2, 24 lits): UNSAT in 0.80s
    cube 3769.63.42 (depth 2, 24 lits): UNSAT in 0.59s
    cube 3769.63.43 (depth 2, 24 lits): UNSAT in 2.79s
    cube 3769.63.44 (depth 2, 24 lits): UNSAT in 0.46s
    cube 3769.63.45 (depth 2, 24 lits): UNSAT in 0.95s
    cube 3769.63.46 (depth 2, 24 lits): UNSAT in 6.46s
    cube 3769.63.47 (depth 2, 24 lits): UNSAT in 10.51s
    cube 3769.63.48 (depth 2, 24 lits): UNSAT in 0.03s
    cube 3769.63.49 (depth 2, 24 lits): UNSAT in 0.12s
    cube 3769.63.50 (depth 2, 24 lits): UNSAT in 0.08s
    cube 3769.63.51 (depth 2, 24 lits): UNSAT in 0.21s
    cube 3769.63.52 (depth 2, 24 lits): UNSAT in 0.05s
    cube 3769.63.53 (depth 2, 24 lits): UNSAT in 0.06s
    cube 3769.63.54 (depth 2, 24 lits): UNSAT in 0.12s
    cube 3769.63.55 (depth 2, 24 lits): UNSAT in 0.43s
    cube 3769.63.56 (depth 2, 24 lits): UNSAT in 0.04s
    cube 3769.63.57 (depth 2, 24 lits): UNSAT in 0.21s
    cube 3769.63.58 (depth 2, 24 lits): UNSAT in 0.23s
    cube 3769.63.59 (depth 2, 24 lits): UNSAT in 1.35s
    cube 3769.63.60 (depth 2, 24 lits): UNSAT in 0.57s
    cube 3769.63.61 (depth 2, 24 lits): UNSAT in 2.90s
    cube 3769.63.62 (depth 2, 24 lits): UNSAT in 3.22s
    cube 3769.63.63 (depth 2, 24 lits): UNSAT in 9.04s
    cube 3785 (depth 0, 12 lits): TIMEOUT in 60.06s
    cube 3785 TIMEOUT -> re-split into 64 sub-cubes (depth 1)
    cube 3785.0 (depth 1, 18 lits): UNSAT in 0.05s
    cube 3785.1 (depth 1, 18 lits): UNSAT in 0.05s
    cube 3785.2 (depth 1, 18 lits): UNSAT in 0.11s
    cube 3785.3 (depth 1, 18 lits): UNSAT in 0.65s
    cube 3785.4 (depth 1, 18 lits): UNSAT in 0.12s
    cube 3785.5 (depth 1, 18 lits): UNSAT in 0.14s
    cube 3785.6 (depth 1, 18 lits): UNSAT in 0.17s
    cube 3785.7 (depth 1, 18 lits): UNSAT in 1.04s
    cube 3785.8 (depth 1, 18 lits): UNSAT in 0.09s
    cube 3785.9 (depth 1, 18 lits): UNSAT in 0.19s
    cube 3785.10 (depth 1, 18 lits): UNSAT in 0.04s
    cube 3785.11 (depth 1, 18 lits): UNSAT in 1.21s
    cube 3785.12 (depth 1, 18 lits): UNSAT in 0.13s
    cube 3785.13 (depth 1, 18 lits): UNSAT in 2.00s
    cube 3785.14 (depth 1, 18 lits): UNSAT in 0.49s
    cube 3785.15 (depth 1, 18 lits): UNSAT in 5.61s
    cube 3785.16 (depth 1, 18 lits): UNSAT in 0.09s
    cube 3785.17 (depth 1, 18 lits): UNSAT in 0.10s
    cube 3785.18 (depth 1, 18 lits): UNSAT in 0.15s
    cube 3785.19 (depth 1, 18 lits): UNSAT in 0.49s
    cube 3785.20 (depth 1, 18 lits): UNSAT in 0.04s
    cube 3785.21 (depth 1, 18 lits): UNSAT in 0.38s
    cube 3785.22 (depth 1, 18 lits): UNSAT in 0.55s
    cube 3785.23 (depth 1, 18 lits): UNSAT in 0.87s
    cube 3785.24 (depth 1, 18 lits): UNSAT in 0.03s
    cube 3785.25 (depth 1, 18 lits): UNSAT in 0.07s
    cube 3785.26 (depth 1, 18 lits): UNSAT in 0.06s
    cube 3785.27 (depth 1, 18 lits): UNSAT in 0.32s
    cube 3785.28 (depth 1, 18 lits): UNSAT in 0.61s
    cube 3785.29 (depth 1, 18 lits): UNSAT in 1.48s
    cube 3785.30 (depth 1, 18 lits): UNSAT in 2.83s
    cube 3785.31 (depth 1, 18 lits): UNSAT in 6.75s
    cube 3785.32 (depth 1, 18 lits): UNSAT in 0.05s
    cube 3785.33 (depth 1, 18 lits): UNSAT in 0.32s
    cube 3785.34 (depth 1, 18 lits): UNSAT in 0.08s
    cube 3785.35 (depth 1, 18 lits): UNSAT in 0.64s
    cube 3785.36 (depth 1, 18 lits): UNSAT in 0.10s
    cube 3785.37 (depth 1, 18 lits): UNSAT in 0.12s
    cube 3785.38 (depth 1, 18 lits): UNSAT in 0.38s
    cube 3785.39 (depth 1, 18 lits): UNSAT in 1.89s
    cube 3785.40 (depth 1, 18 lits): UNSAT in 0.27s
    cube 3785.41 (depth 1, 18 lits): UNSAT in 1.62s
    cube 3785.42 (depth 1, 18 lits): UNSAT in 0.45s
    cube 3785.43 (depth 1, 18 lits): UNSAT in 2.92s
    cube 3785.44 (depth 1, 18 lits): UNSAT in 0.62s
    cube 3785.45 (depth 1, 18 lits): UNSAT in 3.28s
    cube 3785.46 (depth 1, 18 lits): UNSAT in 3.37s
    cube 3785.47 (depth 1, 18 lits): UNSAT in 2.15s
    cube 3785.48 (depth 1, 18 lits): UNSAT in 0.22s
    cube 3785.49 (depth 1, 18 lits): UNSAT in 0.54s
    cube 3785.50 (depth 1, 18 lits): UNSAT in 0.23s
    cube 3785.51 (depth 1, 18 lits): UNSAT in 3.24s
    cube 3785.52 (depth 1, 18 lits): UNSAT in 0.44s
    cube 3785.53 (depth 1, 18 lits): UNSAT in 1.20s
    cube 3785.54 (depth 1, 18 lits): UNSAT in 3.08s
    cube 3785.55 (depth 1, 18 lits): UNSAT in 1.47s
    cube 3785.56 (depth 1, 18 lits): UNSAT in 1.04s
    cube 3785.57 (depth 1, 18 lits): UNSAT in 0.94s
    cube 3785.58 (depth 1, 18 lits): UNSAT in 3.02s
    cube 3785.59 (depth 1, 18 lits): UNSAT in 5.32s
    cube 3785.60 (depth 1, 18 lits): UNSAT in 3.01s
    cube 3785.61 (depth 1, 18 lits): UNSAT in 14.02s
    cube 3785.62 (depth 1, 18 lits): UNSAT in 20.74s
    cube 3785.63 (depth 1, 18 lits): UNSAT in 30.67s
    cube 3801 (depth 0, 12 lits): UNSAT in 2.44s
    cube 3817 (depth 0, 12 lits): UNSAT in 5.59s
    cube 3833 (depth 0, 12 lits): UNSAT in 19.88s
    cube 3849 (depth 0, 12 lits): TIMEOUT in 60.06s
    cube 3849 TIMEOUT -> re-split into 64 sub-cubes (depth 1)
    cube 3849.0 (depth 1, 18 lits): UNSAT in 0.01s
    cube 3849.1 (depth 1, 18 lits): UNSAT in 0.02s
    cube 3849.2 (depth 1, 18 lits): UNSAT in 0.02s
    cube 3849.3 (depth 1, 18 lits): UNSAT in 0.05s
    cube 3849.4 (depth 1, 18 lits): UNSAT in 0.02s
    cube 3849.5 (depth 1, 18 lits): UNSAT in 0.08s
    cube 3849.6 (depth 1, 18 lits): UNSAT in 0.05s
    cube 3849.7 (depth 1, 18 lits): UNSAT in 0.25s
    cube 3849.8 (depth 1, 18 lits): UNSAT in 0.02s
    cube 3849.9 (depth 1, 18 lits): UNSAT in 0.04s
    cube 3849.10 (depth 1, 18 lits): UNSAT in 0.03s
    cube 3849.11 (depth 1, 18 lits): UNSAT in 0.12s
    cube 3849.12 (depth 1, 18 lits): UNSAT in 0.06s
    cube 3849.13 (depth 1, 18 lits): UNSAT in 0.12s
    cube 3849.14 (depth 1, 18 lits): UNSAT in 0.17s
    cube 3849.15 (depth 1, 18 lits): UNSAT in 0.63s
    cube 3849.16 (depth 1, 18 lits): UNSAT in 0.02s
    cube 3849.17 (depth 1, 18 lits): UNSAT in 0.04s
    cube 3849.18 (depth 1, 18 lits): UNSAT in 0.06s
    cube 3849.19 (depth 1, 18 lits): UNSAT in 0.23s
    cube 3849.20 (depth 1, 18 lits): UNSAT in 0.05s
    cube 3849.21 (depth 1, 18 lits): UNSAT in 0.91s
    cube 3849.22 (depth 1, 18 lits): UNSAT in 0.69s
    cube 3849.23 (depth 1, 18 lits): UNSAT in 2.37s
    cube 3849.24 (depth 1, 18 lits): UNSAT in 0.20s
    cube 3849.25 (depth 1, 18 lits): UNSAT in 0.18s
    cube 3849.26 (depth 1, 18 lits): UNSAT in 0.11s
    cube 3849.27 (depth 1, 18 lits): UNSAT in 2.08s
    cube 3849.28 (depth 1, 18 lits): UNSAT in 0.14s
    cube 3849.29 (depth 1, 18 lits): UNSAT in 0.94s
    cube 3849.30 (depth 1, 18 lits): UNSAT in 2.50s
    cube 3849.31 (depth 1, 18 lits): UNSAT in 7.23s
    cube 3849.32 (depth 1, 18 lits): UNSAT in 0.02s
    cube 3849.33 (depth 1, 18 lits): UNSAT in 0.05s
    cube 3849.34 (depth 1, 18 lits): UNSAT in 0.04s
    cube 3849.35 (depth 1, 18 lits): UNSAT in 0.06s
    cube 3849.36 (depth 1, 18 lits): UNSAT in 0.02s
    cube 3849.37 (depth 1, 18 lits): UNSAT in 0.04s
    cube 3849.38 (depth 1, 18 lits): UNSAT in 0.02s
    cube 3849.39 (depth 1, 18 lits): UNSAT in 0.04s
    cube 3849.40 (depth 1, 18 lits): UNSAT in 0.03s
    cube 3849.41 (depth 1, 18 lits): UNSAT in 0.09s
    cube 3849.42 (depth 1, 18 lits): UNSAT in 0.10s
    cube 3849.43 (depth 1, 18 lits): UNSAT in 0.14s
    cube 3849.44 (depth 1, 18 lits): UNSAT in 0.09s
    cube 3849.45 (depth 1, 18 lits): UNSAT in 0.27s
    cube 3849.46 (depth 1, 18 lits): UNSAT in 0.74s
    cube 3849.47 (depth 1, 18 lits): UNSAT in 1.16s
    cube 3849.48 (depth 1, 18 lits): UNSAT in 0.06s
    cube 3849.49 (depth 1, 18 lits): UNSAT in 0.18s
    cube 3849.50 (depth 1, 18 lits): UNSAT in 0.38s
    cube 3849.51 (depth 1, 18 lits): UNSAT in 1.01s
    cube 3849.52 (depth 1, 18 lits): UNSAT in 0.68s
    cube 3849.53 (depth 1, 18 lits): UNSAT in 3.96s
    cube 3849.54 (depth 1, 18 lits): UNSAT in 1.70s
    cube 3849.55 (depth 1, 18 lits): UNSAT in 13.69s
    cube 3849.56 (depth 1, 18 lits): UNSAT in 0.15s
    cube 3849.57 (depth 1, 18 lits): UNSAT in 1.06s
    cube 3849.58 (depth 1, 18 lits): UNSAT in 0.46s
    cube 3849.59 (depth 1, 18 lits): UNSAT in 4.42s
    cube 3849.60 (depth 1, 18 lits): UNSAT in 1.00s
    cube 3849.61 (depth 1, 18 lits): UNSAT in 6.27s
    cube 3849.62 (depth 1, 18 lits): UNSAT in 9.68s
    cube 3849.63 (depth 1, 18 lits): UNSAT in 36.00s
    cube 3865 (depth 0, 12 lits): UNSAT in 4.09s
    cube 3881 (depth 0, 12 lits): UNSAT in 52.71s
    cube 3897 (depth 0, 12 lits): TIMEOUT in 60.06s
    cube 3897 TIMEOUT -> re-split into 64 sub-cubes (depth 1)
    cube 3897.0 (depth 1, 18 lits): UNSAT in 0.01s
    cube 3897.1 (depth 1, 18 lits): UNSAT in 0.03s
    cube 3897.2 (depth 1, 18 lits): UNSAT in 0.02s
    cube 3897.3 (depth 1, 18 lits): UNSAT in 0.04s
    cube 3897.4 (depth 1, 18 lits): UNSAT in 0.02s
    cube 3897.5 (depth 1, 18 lits): UNSAT in 0.03s
    cube 3897.6 (depth 1, 18 lits): UNSAT in 0.02s
    cube 3897.7 (depth 1, 18 lits): UNSAT in 0.19s
    cube 3897.8 (depth 1, 18 lits): UNSAT in 0.01s
    cube 3897.9 (depth 1, 18 lits): UNSAT in 0.02s
    cube 3897.10 (depth 1, 18 lits): UNSAT in 0.04s
    cube 3897.11 (depth 1, 18 lits): UNSAT in 0.10s
    cube 3897.12 (depth 1, 18 lits): UNSAT in 0.05s
    cube 3897.13 (depth 1, 18 lits): UNSAT in 0.15s
    cube 3897.14 (depth 1, 18 lits): UNSAT in 0.26s
    cube 3897.15 (depth 1, 18 lits): UNSAT in 0.18s
    cube 3897.16 (depth 1, 18 lits): UNSAT in 0.03s
    cube 3897.17 (depth 1, 18 lits): UNSAT in 0.05s
    cube 3897.18 (depth 1, 18 lits): UNSAT in 0.05s
    cube 3897.19 (depth 1, 18 lits): UNSAT in 0.36s
    cube 3897.20 (depth 1, 18 lits): UNSAT in 0.05s
    cube 3897.21 (depth 1, 18 lits): UNSAT in 0.25s
    cube 3897.22 (depth 1, 18 lits): UNSAT in 0.23s
    cube 3897.23 (depth 1, 18 lits): UNSAT in 0.20s
    cube 3897.24 (depth 1, 18 lits): UNSAT in 0.08s
    cube 3897.25 (depth 1, 18 lits): UNSAT in 0.41s
    cube 3897.26 (depth 1, 18 lits): UNSAT in 0.42s
    cube 3897.27 (depth 1, 18 lits): UNSAT in 0.62s
    cube 3897.28 (depth 1, 18 lits): UNSAT in 0.55s
    cube 3897.29 (depth 1, 18 lits): UNSAT in 1.10s
    cube 3897.30 (depth 1, 18 lits): UNSAT in 2.46s
    cube 3897.31 (depth 1, 18 lits): UNSAT in 2.09s
    cube 3897.32 (depth 1, 18 lits): UNSAT in 0.03s
    cube 3897.33 (depth 1, 18 lits): UNSAT in 0.08s
    cube 3897.34 (depth 1, 18 lits): UNSAT in 0.03s
    cube 3897.35 (depth 1, 18 lits): UNSAT in 0.28s
    cube 3897.36 (depth 1, 18 lits): UNSAT in 0.05s
    cube 3897.37 (depth 1, 18 lits): UNSAT in 0.36s
    cube 3897.38 (depth 1, 18 lits): UNSAT in 0.14s
    cube 3897.39 (depth 1, 18 lits): UNSAT in 1.13s
    cube 3897.40 (depth 1, 18 lits): UNSAT in 0.02s
    cube 3897.41 (depth 1, 18 lits): UNSAT in 0.06s
    cube 3897.42 (depth 1, 18 lits): UNSAT in 0.20s
    cube 3897.43 (depth 1, 18 lits): UNSAT in 0.60s
    cube 3897.44 (depth 1, 18 lits): UNSAT in 0.06s
    cube 3897.45 (depth 1, 18 lits): UNSAT in 0.60s
    cube 3897.46 (depth 1, 18 lits): UNSAT in 1.00s
    cube 3897.47 (depth 1, 18 lits): UNSAT in 0.72s
    cube 3897.48 (depth 1, 18 lits): UNSAT in 0.05s
    cube 3897.49 (depth 1, 18 lits): UNSAT in 0.14s
    cube 3897.50 (depth 1, 18 lits): UNSAT in 0.19s
    cube 3897.51 (depth 1, 18 lits): UNSAT in 1.37s
    cube 3897.52 (depth 1, 18 lits): UNSAT in 0.13s
    cube 3897.53 (depth 1, 18 lits): UNSAT in 0.38s
    cube 3897.54 (depth 1, 18 lits): UNSAT in 1.63s
    cube 3897.55 (depth 1, 18 lits): UNSAT in 2.56s
    cube 3897.56 (depth 1, 18 lits): UNSAT in 0.03s
    cube 3897.57 (depth 1, 18 lits): UNSAT in 0.47s
    cube 3897.58 (depth 1, 18 lits): UNSAT in 0.99s
    cube 3897.59 (depth 1, 18 lits): UNSAT in 3.77s
    cube 3897.60 (depth 1, 18 lits): UNSAT in 1.11s
    cube 3897.61 (depth 1, 18 lits): UNSAT in 1.50s
    cube 3897.62 (depth 1, 18 lits): UNSAT in 3.70s
    cube 3897.63 (depth 1, 18 lits): UNSAT in 24.70s
    cube 3913 (depth 0, 12 lits): TIMEOUT in 60.06s
    cube 3913 TIMEOUT -> re-split into 64 sub-cubes (depth 1)
    cube 3913.0 (depth 1, 18 lits): UNSAT in 0.03s
    cube 3913.1 (depth 1, 18 lits): UNSAT in 0.03s
    cube 3913.2 (depth 1, 18 lits): UNSAT in 0.05s
    cube 3913.3 (depth 1, 18 lits): UNSAT in 0.07s
    cube 3913.4 (depth 1, 18 lits): UNSAT in 0.04s
    cube 3913.5 (depth 1, 18 lits): UNSAT in 0.12s
    cube 3913.6 (depth 1, 18 lits): UNSAT in 0.05s
    cube 3913.7 (depth 1, 18 lits): UNSAT in 0.17s
    cube 3913.8 (depth 1, 18 lits): UNSAT in 0.07s
    cube 3913.9 (depth 1, 18 lits): UNSAT in 0.21s
    cube 3913.10 (depth 1, 18 lits): UNSAT in 0.09s
    cube 3913.11 (depth 1, 18 lits): UNSAT in 0.27s
    cube 3913.12 (depth 1, 18 lits): UNSAT in 0.41s
    cube 3913.13 (depth 1, 18 lits): UNSAT in 1.06s
    cube 3913.14 (depth 1, 18 lits): UNSAT in 0.31s
    cube 3913.15 (depth 1, 18 lits): UNSAT in 2.40s
    cube 3913.16 (depth 1, 18 lits): UNSAT in 0.16s
    cube 3913.17 (depth 1, 18 lits): UNSAT in 0.20s
    cube 3913.18 (depth 1, 18 lits): UNSAT in 0.16s
    cube 3913.19 (depth 1, 18 lits): UNSAT in 1.04s
    cube 3913.20 (depth 1, 18 lits): UNSAT in 0.15s
    cube 3913.21 (depth 1, 18 lits): UNSAT in 0.33s
    cube 3913.22 (depth 1, 18 lits): UNSAT in 0.16s
    cube 3913.23 (depth 1, 18 lits): UNSAT in 3.12s
    cube 3913.24 (depth 1, 18 lits): UNSAT in 0.10s
    cube 3913.25 (depth 1, 18 lits): UNSAT in 0.10s
    cube 3913.26 (depth 1, 18 lits): UNSAT in 0.36s
    cube 3913.27 (depth 1, 18 lits): UNSAT in 3.76s
    cube 3913.28 (depth 1, 18 lits): UNSAT in 1.45s
    cube 3913.29 (depth 1, 18 lits): UNSAT in 9.54s
    cube 3913.30 (depth 1, 18 lits): UNSAT in 3.81s
    cube 3913.31 (depth 1, 18 lits): UNSAT in 4.31s
    cube 3913.32 (depth 1, 18 lits): UNSAT in 0.12s
    cube 3913.33 (depth 1, 18 lits): UNSAT in 0.44s
    cube 3913.34 (depth 1, 18 lits): UNSAT in 0.23s
    cube 3913.35 (depth 1, 18 lits): UNSAT in 0.94s
    cube 3913.36 (depth 1, 18 lits): UNSAT in 0.32s
    cube 3913.37 (depth 1, 18 lits): UNSAT in 0.61s
    cube 3913.38 (depth 1, 18 lits): UNSAT in 0.95s
    cube 3913.39 (depth 1, 18 lits): UNSAT in 4.97s
    cube 3913.40 (depth 1, 18 lits): UNSAT in 0.35s
    cube 3913.41 (depth 1, 18 lits): UNSAT in 0.89s
    cube 3913.42 (depth 1, 18 lits): UNSAT in 1.07s
    cube 3913.43 (depth 1, 18 lits): UNSAT in 3.47s
    cube 3913.44 (depth 1, 18 lits): UNSAT in 1.58s
    cube 3913.45 (depth 1, 18 lits): UNSAT in 1.81s
    cube 3913.46 (depth 1, 18 lits): UNSAT in 0.64s
    cube 3913.47 (depth 1, 18 lits): UNSAT in 3.30s
    cube 3913.48 (depth 1, 18 lits): UNSAT in 0.39s
    cube 3913.49 (depth 1, 18 lits): UNSAT in 1.16s
    cube 3913.50 (depth 1, 18 lits): UNSAT in 2.00s
    cube 3913.51 (depth 1, 18 lits): UNSAT in 2.64s
    cube 3913.52 (depth 1, 18 lits): UNSAT in 2.15s
    cube 3913.53 (depth 1, 18 lits): UNSAT in 5.47s
    cube 3913.54 (depth 1, 18 lits): UNSAT in 0.79s
    cube 3913.55 (depth 1, 18 lits): UNSAT in 5.98s
    cube 3913.56 (depth 1, 18 lits): UNSAT in 1.35s
    cube 3913.57 (depth 1, 18 lits): UNSAT in 8.70s
    cube 3913.58 (depth 1, 18 lits): UNSAT in 7.04s
    cube 3913.59 (depth 1, 18 lits): UNSAT in 14.24s
    cube 3913.60 (depth 1, 18 lits): UNSAT in 1.90s
    cube 3913.61 (depth 1, 18 lits): UNSAT in 37.23s
    cube 3913.62 (depth 1, 18 lits): UNSAT in 13.23s
    cube 3913.63 (depth 1, 18 lits): TIMEOUT in 60.06s
    cube 3913.63 TIMEOUT -> re-split into 64 sub-cubes (depth 2)
    cube 3913.63.0 (depth 2, 24 lits): UNSAT in 0.02s
    cube 3913.63.1 (depth 2, 24 lits): UNSAT in 0.02s
    cube 3913.63.2 (depth 2, 24 lits): UNSAT in 0.02s
    cube 3913.63.3 (depth 2, 24 lits): UNSAT in 0.03s
    cube 3913.63.4 (depth 2, 24 lits): UNSAT in 0.02s
    cube 3913.63.5 (depth 2, 24 lits): UNSAT in 0.04s
    cube 3913.63.6 (depth 2, 24 lits): UNSAT in 0.18s
    cube 3913.63.7 (depth 2, 24 lits): UNSAT in 0.12s
    cube 3913.63.8 (depth 2, 24 lits): UNSAT in 0.03s
    cube 3913.63.9 (depth 2, 24 lits): UNSAT in 0.07s
    cube 3913.63.10 (depth 2, 24 lits): UNSAT in 0.08s
    cube 3913.63.11 (depth 2, 24 lits): UNSAT in 0.20s
    cube 3913.63.12 (depth 2, 24 lits): UNSAT in 0.05s
    cube 3913.63.13 (depth 2, 24 lits): UNSAT in 0.08s
    cube 3913.63.14 (depth 2, 24 lits): UNSAT in 0.18s
    cube 3913.63.15 (depth 2, 24 lits): UNSAT in 0.19s
    cube 3913.63.16 (depth 2, 24 lits): UNSAT in 0.05s
    cube 3913.63.17 (depth 2, 24 lits): UNSAT in 0.12s
    cube 3913.63.18 (depth 2, 24 lits): UNSAT in 0.07s
    cube 3913.63.19 (depth 2, 24 lits): UNSAT in 0.13s
    cube 3913.63.20 (depth 2, 24 lits): UNSAT in 0.05s
    cube 3913.63.21 (depth 2, 24 lits): UNSAT in 0.14s
    cube 3913.63.22 (depth 2, 24 lits): UNSAT in 0.33s
    cube 3913.63.23 (depth 2, 24 lits): UNSAT in 1.61s
    cube 3913.63.24 (depth 2, 24 lits): UNSAT in 0.07s
    cube 3913.63.25 (depth 2, 24 lits): UNSAT in 0.33s
    cube 3913.63.26 (depth 2, 24 lits): UNSAT in 0.49s
    cube 3913.63.27 (depth 2, 24 lits): UNSAT in 0.45s
    cube 3913.63.28 (depth 2, 24 lits): UNSAT in 0.66s
    cube 3913.63.29 (depth 2, 24 lits): UNSAT in 1.12s
    cube 3913.63.30 (depth 2, 24 lits): UNSAT in 0.36s
    cube 3913.63.31 (depth 2, 24 lits): UNSAT in 1.26s
    cube 3913.63.32 (depth 2, 24 lits): UNSAT in 0.03s
    cube 3913.63.33 (depth 2, 24 lits): UNSAT in 0.07s
    cube 3913.63.34 (depth 2, 24 lits): UNSAT in 0.04s
    cube 3913.63.35 (depth 2, 24 lits): UNSAT in 0.26s
    cube 3913.63.36 (depth 2, 24 lits): UNSAT in 0.06s
    cube 3913.63.37 (depth 2, 24 lits): UNSAT in 0.49s
    cube 3913.63.38 (depth 2, 24 lits): UNSAT in 0.33s
    cube 3913.63.39 (depth 2, 24 lits): UNSAT in 0.84s
    cube 3913.63.40 (depth 2, 24 lits): UNSAT in 0.05s
    cube 3913.63.41 (depth 2, 24 lits): UNSAT in 0.28s
    cube 3913.63.42 (depth 2, 24 lits): UNSAT in 0.34s
    cube 3913.63.43 (depth 2, 24 lits): UNSAT in 0.70s
    cube 3913.63.44 (depth 2, 24 lits): UNSAT in 0.18s
    cube 3913.63.45 (depth 2, 24 lits): UNSAT in 0.16s
    cube 3913.63.46 (depth 2, 24 lits): UNSAT in 0.77s
    cube 3913.63.47 (depth 2, 24 lits): UNSAT in 0.28s
    cube 3913.63.48 (depth 2, 24 lits): UNSAT in 0.10s
    cube 3913.63.49 (depth 2, 24 lits): UNSAT in 0.51s
    cube 3913.63.50 (depth 2, 24 lits): UNSAT in 0.41s
    cube 3913.63.51 (depth 2, 24 lits): UNSAT in 1.43s
    cube 3913.63.52 (depth 2, 24 lits): UNSAT in 0.22s
    cube 3913.63.53 (depth 2, 24 lits): UNSAT in 1.77s
    cube 3913.63.54 (depth 2, 24 lits): UNSAT in 0.58s
    cube 3913.63.55 (depth 2, 24 lits): UNSAT in 1.93s
    cube 3913.63.56 (depth 2, 24 lits): UNSAT in 0.28s
    cube 3913.63.57 (depth 2, 24 lits): UNSAT in 1.26s
    cube 3913.63.58 (depth 2, 24 lits): UNSAT in 1.27s
    cube 3913.63.59 (depth 2, 24 lits): UNSAT in 1.97s
    cube 3913.63.60 (depth 2, 24 lits): UNSAT in 1.20s
    cube 3913.63.61 (depth 2, 24 lits): UNSAT in 5.73s
    cube 3913.63.62 (depth 2, 24 lits): UNSAT in 1.12s
    cube 3913.63.63 (depth 2, 24 lits): UNSAT in 4.57s
    cube 3929 (depth 0, 12 lits): UNSAT in 5.59s
    cube 3945 (depth 0, 12 lits): TIMEOUT in 60.06s
    cube 3945 TIMEOUT -> re-split into 64 sub-cubes (depth 1)
    cube 3945.0 (depth 1, 18 lits): UNSAT in 0.02s
    cube 3945.1 (depth 1, 18 lits): UNSAT in 0.05s
    cube 3945.2 (depth 1, 18 lits): UNSAT in 0.03s
    cube 3945.3 (depth 1, 18 lits): UNSAT in 0.05s
    cube 3945.4 (depth 1, 18 lits): UNSAT in 0.02s
    cube 3945.5 (depth 1, 18 lits): UNSAT in 0.05s
    cube 3945.6 (depth 1, 18 lits): UNSAT in 0.09s
    cube 3945.7 (depth 1, 18 lits): UNSAT in 0.14s
    cube 3945.8 (depth 1, 18 lits): UNSAT in 0.01s
    cube 3945.9 (depth 1, 18 lits): UNSAT in 0.02s
    cube 3945.10 (depth 1, 18 lits): UNSAT in 0.06s
    cube 3945.11 (depth 1, 18 lits): UNSAT in 0.08s
    cube 3945.12 (depth 1, 18 lits): UNSAT in 0.02s
    cube 3945.13 (depth 1, 18 lits): UNSAT in 0.11s
    cube 3945.14 (depth 1, 18 lits): UNSAT in 0.17s
    cube 3945.15 (depth 1, 18 lits): UNSAT in 0.27s
    cube 3945.16 (depth 1, 18 lits): UNSAT in 0.03s
    cube 3945.17 (depth 1, 18 lits): UNSAT in 0.02s
    cube 3945.18 (depth 1, 18 lits): UNSAT in 0.03s
    cube 3945.19 (depth 1, 18 lits): UNSAT in 0.14s
    cube 3945.20 (depth 1, 18 lits): UNSAT in 0.04s
    cube 3945.21 (depth 1, 18 lits): UNSAT in 0.16s
    cube 3945.22 (depth 1, 18 lits): UNSAT in 0.14s
    cube 3945.23 (depth 1, 18 lits): UNSAT in 0.34s
    cube 3945.24 (depth 1, 18 lits): UNSAT in 0.07s
    cube 3945.25 (depth 1, 18 lits): UNSAT in 0.04s
    cube 3945.26 (depth 1, 18 lits): UNSAT in 0.20s
    cube 3945.27 (depth 1, 18 lits): UNSAT in 0.27s
    cube 3945.28 (depth 1, 18 lits): UNSAT in 0.34s
    cube 3945.29 (depth 1, 18 lits): UNSAT in 0.30s
    cube 3945.30 (depth 1, 18 lits): UNSAT in 1.23s
    cube 3945.31 (depth 1, 18 lits): UNSAT in 2.92s
    cube 3945.32 (depth 1, 18 lits): UNSAT in 0.05s
    cube 3945.33 (depth 1, 18 lits): UNSAT in 0.19s
    cube 3945.34 (depth 1, 18 lits): UNSAT in 0.24s
    cube 3945.35 (depth 1, 18 lits): UNSAT in 0.66s
    cube 3945.36 (depth 1, 18 lits): UNSAT in 0.05s
    cube 3945.37 (depth 1, 18 lits): UNSAT in 0.29s
    cube 3945.38 (depth 1, 18 lits): UNSAT in 0.16s
    cube 3945.39 (depth 1, 18 lits): UNSAT in 0.39s
    cube 3945.40 (depth 1, 18 lits): UNSAT in 0.06s
    cube 3945.41 (depth 1, 18 lits): UNSAT in 0.91s
    cube 3945.42 (depth 1, 18 lits): UNSAT in 0.19s
    cube 3945.43 (depth 1, 18 lits): UNSAT in 1.83s
    cube 3945.44 (depth 1, 18 lits): UNSAT in 0.12s
    cube 3945.45 (depth 1, 18 lits): UNSAT in 1.41s
    cube 3945.46 (depth 1, 18 lits): UNSAT in 2.02s
    cube 3945.47 (depth 1, 18 lits): UNSAT in 9.91s
    cube 3945.48 (depth 1, 18 lits): UNSAT in 0.08s
    cube 3945.49 (depth 1, 18 lits): UNSAT in 0.27s
    cube 3945.50 (depth 1, 18 lits): UNSAT in 0.11s
    cube 3945.51 (depth 1, 18 lits): UNSAT in 0.93s
    cube 3945.52 (depth 1, 18 lits): UNSAT in 0.08s
    cube 3945.53 (depth 1, 18 lits): UNSAT in 0.31s
    cube 3945.54 (depth 1, 18 lits): UNSAT in 0.88s
    cube 3945.55 (depth 1, 18 lits): UNSAT in 2.72s
    cube 3945.56 (depth 1, 18 lits): UNSAT in 0.38s
    cube 3945.57 (depth 1, 18 lits): UNSAT in 4.57s
    cube 3945.58 (depth 1, 18 lits): UNSAT in 1.16s
    cube 3945.59 (depth 1, 18 lits): UNSAT in 9.53s
    cube 3945.60 (depth 1, 18 lits): UNSAT in 5.25s
    cube 3945.61 (depth 1, 18 lits): UNSAT in 27.00s
    cube 3945.62 (depth 1, 18 lits): UNSAT in 55.42s
    cube 3945.63 (depth 1, 18 lits): UNSAT in 26.38s
    cube 3961 (depth 0, 12 lits): TIMEOUT in 60.06s
    cube 3961 TIMEOUT -> re-split into 64 sub-cubes (depth 1)
    cube 3961.0 (depth 1, 18 lits): UNSAT in 0.01s
    cube 3961.1 (depth 1, 18 lits): UNSAT in 0.03s
    cube 3961.2 (depth 1, 18 lits): UNSAT in 0.01s
    cube 3961.3 (depth 1, 18 lits): UNSAT in 0.03s
    cube 3961.4 (depth 1, 18 lits): UNSAT in 0.04s
    cube 3961.5 (depth 1, 18 lits): UNSAT in 0.04s
    cube 3961.6 (depth 1, 18 lits): UNSAT in 0.05s
    cube 3961.7 (depth 1, 18 lits): UNSAT in 0.19s
    cube 3961.8 (depth 1, 18 lits): UNSAT in 0.02s
    cube 3961.9 (depth 1, 18 lits): UNSAT in 0.06s
    cube 3961.10 (depth 1, 18 lits): UNSAT in 0.06s
    cube 3961.11 (depth 1, 18 lits): UNSAT in 0.44s
    cube 3961.12 (depth 1, 18 lits): UNSAT in 0.03s
    cube 3961.13 (depth 1, 18 lits): UNSAT in 0.19s
    cube 3961.14 (depth 1, 18 lits): UNSAT in 0.65s
    cube 3961.15 (depth 1, 18 lits): UNSAT in 1.14s
    cube 3961.16 (depth 1, 18 lits): UNSAT in 0.02s
    cube 3961.17 (depth 1, 18 lits): UNSAT in 0.07s
    cube 3961.18 (depth 1, 18 lits): UNSAT in 0.03s
    cube 3961.19 (depth 1, 18 lits): UNSAT in 0.09s
    cube 3961.20 (depth 1, 18 lits): UNSAT in 0.03s
    cube 3961.21 (depth 1, 18 lits): UNSAT in 0.18s
    cube 3961.22 (depth 1, 18 lits): UNSAT in 0.13s
    cube 3961.23 (depth 1, 18 lits): UNSAT in 0.16s
    cube 3961.24 (depth 1, 18 lits): UNSAT in 0.07s
    cube 3961.25 (depth 1, 18 lits): UNSAT in 0.19s
    cube 3961.26 (depth 1, 18 lits): UNSAT in 0.13s
    cube 3961.27 (depth 1, 18 lits): UNSAT in 0.15s
    cube 3961.28 (depth 1, 18 lits): UNSAT in 0.18s
    cube 3961.29 (depth 1, 18 lits): UNSAT in 0.32s
    cube 3961.30 (depth 1, 18 lits): UNSAT in 0.54s
    cube 3961.31 (depth 1, 18 lits): UNSAT in 1.51s
    cube 3961.32 (depth 1, 18 lits): UNSAT in 0.04s
    cube 3961.33 (depth 1, 18 lits): UNSAT in 0.05s
    cube 3961.34 (depth 1, 18 lits): UNSAT in 0.24s
    cube 3961.35 (depth 1, 18 lits): UNSAT in 0.33s
    cube 3961.36 (depth 1, 18 lits): UNSAT in 0.12s
    cube 3961.37 (depth 1, 18 lits): UNSAT in 0.14s
    cube 3961.38 (depth 1, 18 lits): UNSAT in 0.13s
    cube 3961.39 (depth 1, 18 lits): UNSAT in 1.97s
    cube 3961.40 (depth 1, 18 lits): UNSAT in 0.09s
    cube 3961.41 (depth 1, 18 lits): UNSAT in 0.37s
    cube 3961.42 (depth 1, 18 lits): UNSAT in 0.14s
    cube 3961.43 (depth 1, 18 lits): UNSAT in 0.37s
    cube 3961.44 (depth 1, 18 lits): UNSAT in 0.25s
    cube 3961.45 (depth 1, 18 lits): UNSAT in 0.55s
    cube 3961.46 (depth 1, 18 lits): UNSAT in 0.47s
    cube 3961.47 (depth 1, 18 lits): UNSAT in 0.67s
    cube 3961.48 (depth 1, 18 lits): UNSAT in 0.04s
    cube 3961.49 (depth 1, 18 lits): UNSAT in 0.11s
    cube 3961.50 (depth 1, 18 lits): UNSAT in 0.11s
    cube 3961.51 (depth 1, 18 lits): UNSAT in 0.35s
    cube 3961.52 (depth 1, 18 lits): UNSAT in 0.36s
    cube 3961.53 (depth 1, 18 lits): UNSAT in 0.85s
    cube 3961.54 (depth 1, 18 lits): UNSAT in 0.62s
    cube 3961.55 (depth 1, 18 lits): UNSAT in 0.79s
    cube 3961.56 (depth 1, 18 lits): UNSAT in 0.19s
    cube 3961.57 (depth 1, 18 lits): UNSAT in 0.51s
    cube 3961.58 (depth 1, 18 lits): UNSAT in 0.68s
    cube 3961.59 (depth 1, 18 lits): UNSAT in 1.10s
    cube 3961.60 (depth 1, 18 lits): UNSAT in 1.73s
    cube 3961.61 (depth 1, 18 lits): UNSAT in 6.03s
    cube 3961.62 (depth 1, 18 lits): UNSAT in 3.21s
    cube 3961.63 (depth 1, 18 lits): UNSAT in 10.49s
    cube 3977 (depth 0, 12 lits): TIMEOUT in 60.06s
    cube 3977 TIMEOUT -> re-split into 64 sub-cubes (depth 1)
    cube 3977.0 (depth 1, 18 lits): UNSAT in 0.04s
    cube 3977.1 (depth 1, 18 lits): UNSAT in 0.02s
    cube 3977.2 (depth 1, 18 lits): UNSAT in 0.04s
    cube 3977.3 (depth 1, 18 lits): UNSAT in 0.26s
    cube 3977.4 (depth 1, 18 lits): UNSAT in 0.04s
    cube 3977.5 (depth 1, 18 lits): UNSAT in 0.09s
    cube 3977.6 (depth 1, 18 lits): UNSAT in 0.11s
    cube 3977.7 (depth 1, 18 lits): UNSAT in 0.59s
    cube 3977.8 (depth 1, 18 lits): UNSAT in 0.06s
    cube 3977.9 (depth 1, 18 lits): UNSAT in 0.13s
    cube 3977.10 (depth 1, 18 lits): UNSAT in 0.09s
    cube 3977.11 (depth 1, 18 lits): UNSAT in 0.42s
    cube 3977.12 (depth 1, 18 lits): UNSAT in 0.21s
    cube 3977.13 (depth 1, 18 lits): UNSAT in 1.63s
    cube 3977.14 (depth 1, 18 lits): UNSAT in 0.49s
    cube 3977.15 (depth 1, 18 lits): UNSAT in 3.09s
    cube 3977.16 (depth 1, 18 lits): UNSAT in 0.04s
    cube 3977.17 (depth 1, 18 lits): UNSAT in 0.15s
    cube 3977.18 (depth 1, 18 lits): UNSAT in 0.19s
    cube 3977.19 (depth 1, 18 lits): UNSAT in 1.70s
    cube 3977.20 (depth 1, 18 lits): UNSAT in 0.34s
    cube 3977.21 (depth 1, 18 lits): UNSAT in 0.29s
    cube 3977.22 (depth 1, 18 lits): UNSAT in 0.46s
    cube 3977.23 (depth 1, 18 lits): UNSAT in 2.25s
    cube 3977.24 (depth 1, 18 lits): UNSAT in 0.16s
    cube 3977.25 (depth 1, 18 lits): UNSAT in 0.84s
    cube 3977.26 (depth 1, 18 lits): UNSAT in 0.19s
    cube 3977.27 (depth 1, 18 lits): UNSAT in 1.92s
    cube 3977.28 (depth 1, 18 lits): UNSAT in 0.26s
    cube 3977.29 (depth 1, 18 lits): UNSAT in 2.13s
    cube 3977.30 (depth 1, 18 lits): UNSAT in 3.98s
    cube 3977.31 (depth 1, 18 lits): UNSAT in 8.63s
    cube 3977.32 (depth 1, 18 lits): UNSAT in 0.06s
    cube 3977.33 (depth 1, 18 lits): UNSAT in 0.60s
    cube 3977.34 (depth 1, 18 lits): UNSAT in 0.11s
    cube 3977.35 (depth 1, 18 lits): UNSAT in 0.79s
    cube 3977.36 (depth 1, 18 lits): UNSAT in 0.05s
    cube 3977.37 (depth 1, 18 lits): UNSAT in 0.68s
    cube 3977.38 (depth 1, 18 lits): UNSAT in 1.02s
    cube 3977.39 (depth 1, 18 lits): UNSAT in 1.97s
    cube 3977.40 (depth 1, 18 lits): UNSAT in 0.09s
    cube 3977.41 (depth 1, 18 lits): UNSAT in 0.54s
    cube 3977.42 (depth 1, 18 lits): UNSAT in 0.61s
    cube 3977.43 (depth 1, 18 lits): UNSAT in 2.85s
    cube 3977.44 (depth 1, 18 lits): UNSAT in 0.91s
    cube 3977.45 (depth 1, 18 lits): UNSAT in 3.00s
    cube 3977.46 (depth 1, 18 lits): UNSAT in 1.81s
    cube 3977.47 (depth 1, 18 lits): UNSAT in 1.39s
    cube 3977.48 (depth 1, 18 lits): UNSAT in 0.51s
    cube 3977.49 (depth 1, 18 lits): UNSAT in 1.27s
    cube 3977.50 (depth 1, 18 lits): UNSAT in 0.47s
    cube 3977.51 (depth 1, 18 lits): UNSAT in 2.58s
    cube 3977.52 (depth 1, 18 lits): UNSAT in 1.29s
    cube 3977.53 (depth 1, 18 lits): UNSAT in 4.71s
    cube 3977.54 (depth 1, 18 lits): UNSAT in 1.63s
    cube 3977.55 (depth 1, 18 lits): UNSAT in 10.32s
    cube 3977.56 (depth 1, 18 lits): UNSAT in 1.18s
    cube 3977.57 (depth 1, 18 lits): UNSAT in 4.00s
    cube 3977.58 (depth 1, 18 lits): UNSAT in 2.23s
    cube 3977.59 (depth 1, 18 lits): UNSAT in 10.26s
    cube 3977.60 (depth 1, 18 lits): UNSAT in 5.30s
    cube 3977.61 (depth 1, 18 lits): UNSAT in 20.31s
    cube 3977.62 (depth 1, 18 lits): TIMEOUT in 60.03s
    cube 3977.62 TIMEOUT -> re-split into 64 sub-cubes (depth 2)
    cube 3977.62.0 (depth 2, 24 lits): UNSAT in 0.01s
    cube 3977.62.1 (depth 2, 24 lits): UNSAT in 0.02s
    cube 3977.62.2 (depth 2, 24 lits): UNSAT in 0.02s
    cube 3977.62.3 (depth 2, 24 lits): UNSAT in 0.02s
    cube 3977.62.4 (depth 2, 24 lits): UNSAT in 0.02s
    cube 3977.62.5 (depth 2, 24 lits): UNSAT in 0.04s
    cube 3977.62.6 (depth 2, 24 lits): UNSAT in 0.04s
    cube 3977.62.7 (depth 2, 24 lits): UNSAT in 0.16s
    cube 3977.62.8 (depth 2, 24 lits): UNSAT in 0.03s
    cube 3977.62.9 (depth 2, 24 lits): UNSAT in 0.05s
    cube 3977.62.10 (depth 2, 24 lits): UNSAT in 0.10s
    cube 3977.62.11 (depth 2, 24 lits): UNSAT in 0.23s
    cube 3977.62.12 (depth 2, 24 lits): UNSAT in 0.11s
    cube 3977.62.13 (depth 2, 24 lits): UNSAT in 0.25s
    cube 3977.62.14 (depth 2, 24 lits): UNSAT in 0.16s
    cube 3977.62.15 (depth 2, 24 lits): UNSAT in 0.29s
    cube 3977.62.16 (depth 2, 24 lits): UNSAT in 0.02s
    cube 3977.62.17 (depth 2, 24 lits): UNSAT in 0.01s
    cube 3977.62.18 (depth 2, 24 lits): UNSAT in 0.04s
    cube 3977.62.19 (depth 2, 24 lits): UNSAT in 0.07s
    cube 3977.62.20 (depth 2, 24 lits): UNSAT in 0.02s
    cube 3977.62.21 (depth 2, 24 lits): UNSAT in 0.03s
    cube 3977.62.22 (depth 2, 24 lits): UNSAT in 0.34s
    cube 3977.62.23 (depth 2, 24 lits): UNSAT in 0.27s
    cube 3977.62.24 (depth 2, 24 lits): UNSAT in 0.09s
    cube 3977.62.25 (depth 2, 24 lits): UNSAT in 0.22s
    cube 3977.62.26 (depth 2, 24 lits): UNSAT in 0.03s
    cube 3977.62.27 (depth 2, 24 lits): UNSAT in 0.18s
    cube 3977.62.28 (depth 2, 24 lits): UNSAT in 0.06s
    cube 3977.62.29 (depth 2, 24 lits): UNSAT in 0.25s
    cube 3977.62.30 (depth 2, 24 lits): UNSAT in 0.42s
    cube 3977.62.31 (depth 2, 24 lits): UNSAT in 1.00s
    cube 3977.62.32 (depth 2, 24 lits): UNSAT in 0.02s
    cube 3977.62.33 (depth 2, 24 lits): UNSAT in 0.06s
    cube 3977.62.34 (depth 2, 24 lits): UNSAT in 0.11s
    cube 3977.62.35 (depth 2, 24 lits): UNSAT in 0.39s
    cube 3977.62.36 (depth 2, 24 lits): UNSAT in 0.08s
    cube 3977.62.37 (depth 2, 24 lits): UNSAT in 0.46s
    cube 3977.62.38 (depth 2, 24 lits): UNSAT in 0.32s
    cube 3977.62.39 (depth 2, 24 lits): UNSAT in 2.57s
    cube 3977.62.40 (depth 2, 24 lits): UNSAT in 0.08s
    cube 3977.62.41 (depth 2, 24 lits): UNSAT in 0.98s
    cube 3977.62.42 (depth 2, 24 lits): UNSAT in 0.10s
    cube 3977.62.43 (depth 2, 24 lits): UNSAT in 0.99s
    cube 3977.62.44 (depth 2, 24 lits): UNSAT in 0.19s
    cube 3977.62.45 (depth 2, 24 lits): UNSAT in 0.70s
    cube 3977.62.46 (depth 2, 24 lits): UNSAT in 2.05s
    cube 3977.62.47 (depth 2, 24 lits): UNSAT in 2.71s
    cube 3977.62.48 (depth 2, 24 lits): UNSAT in 0.06s
    cube 3977.62.49 (depth 2, 24 lits): UNSAT in 0.33s
    cube 3977.62.50 (depth 2, 24 lits): UNSAT in 0.56s
    cube 3977.62.51 (depth 2, 24 lits): UNSAT in 1.70s
    cube 3977.62.52 (depth 2, 24 lits): UNSAT in 0.08s
    cube 3977.62.53 (depth 2, 24 lits): UNSAT in 1.31s
    cube 3977.62.54 (depth 2, 24 lits): UNSAT in 0.34s
    cube 3977.62.55 (depth 2, 24 lits): UNSAT in 2.74s
    cube 3977.62.56 (depth 2, 24 lits): UNSAT in 0.08s
    cube 3977.62.57 (depth 2, 24 lits): UNSAT in 0.12s
    cube 3977.62.58 (depth 2, 24 lits): UNSAT in 0.23s
    cube 3977.62.59 (depth 2, 24 lits): UNSAT in 0.85s
    cube 3977.62.60 (depth 2, 24 lits): UNSAT in 0.64s
    cube 3977.62.61 (depth 2, 24 lits): UNSAT in 0.26s
    cube 3977.62.62 (depth 2, 24 lits): UNSAT in 0.54s
    cube 3977.62.63 (depth 2, 24 lits): UNSAT in 1.97s
    cube 3977.63 (depth 1, 18 lits): UNSAT in 17.91s
    cube 3993 (depth 0, 12 lits): TIMEOUT in 60.05s
    cube 3993 TIMEOUT -> re-split into 64 sub-cubes (depth 1)
    cube 3993.0 (depth 1, 18 lits): UNSAT in 0.01s
    cube 3993.1 (depth 1, 18 lits): UNSAT in 0.02s
    cube 3993.2 (depth 1, 18 lits): UNSAT in 0.02s
    cube 3993.3 (depth 1, 18 lits): UNSAT in 0.02s
    cube 3993.4 (depth 1, 18 lits): UNSAT in 0.02s
    cube 3993.5 (depth 1, 18 lits): UNSAT in 0.03s
    cube 3993.6 (depth 1, 18 lits): UNSAT in 0.02s
    cube 3993.7 (depth 1, 18 lits): UNSAT in 0.03s
    cube 3993.8 (depth 1, 18 lits): UNSAT in 0.02s
    cube 3993.9 (depth 1, 18 lits): UNSAT in 0.04s
    cube 3993.10 (depth 1, 18 lits): UNSAT in 0.03s
    cube 3993.11 (depth 1, 18 lits): UNSAT in 0.14s
    cube 3993.12 (depth 1, 18 lits): UNSAT in 0.02s
    cube 3993.13 (depth 1, 18 lits): UNSAT in 0.02s
    cube 3993.14 (depth 1, 18 lits): UNSAT in 0.08s
    cube 3993.15 (depth 1, 18 lits): UNSAT in 0.15s
    cube 3993.16 (depth 1, 18 lits): UNSAT in 0.01s
    cube 3993.17 (depth 1, 18 lits): UNSAT in 0.04s
    cube 3993.18 (depth 1, 18 lits): UNSAT in 0.06s
    cube 3993.19 (depth 1, 18 lits): UNSAT in 0.15s
    cube 3993.20 (depth 1, 18 lits): UNSAT in 0.05s
    cube 3993.21 (depth 1, 18 lits): UNSAT in 0.22s
    cube 3993.22 (depth 1, 18 lits): UNSAT in 0.06s
    cube 3993.23 (depth 1, 18 lits): UNSAT in 0.41s
    cube 3993.24 (depth 1, 18 lits): UNSAT in 0.02s
    cube 3993.25 (depth 1, 18 lits): UNSAT in 0.06s
    cube 3993.26 (depth 1, 18 lits): UNSAT in 0.08s
    cube 3993.27 (depth 1, 18 lits): UNSAT in 0.15s
    cube 3993.28 (depth 1, 18 lits): UNSAT in 0.03s
    cube 3993.29 (depth 1, 18 lits): UNSAT in 0.14s
    cube 3993.30 (depth 1, 18 lits): UNSAT in 0.35s
    cube 3993.31 (depth 1, 18 lits): UNSAT in 0.85s
    cube 3993.32 (depth 1, 18 lits): UNSAT in 0.02s
    cube 3993.33 (depth 1, 18 lits): UNSAT in 0.02s
    cube 3993.34 (depth 1, 18 lits): UNSAT in 0.02s
    cube 3993.35 (depth 1, 18 lits): UNSAT in 0.07s
    cube 3993.36 (depth 1, 18 lits): UNSAT in 0.04s
    cube 3993.37 (depth 1, 18 lits): UNSAT in 0.08s
    cube 3993.38 (depth 1, 18 lits): UNSAT in 0.10s
    cube 3993.39 (depth 1, 18 lits): UNSAT in 0.34s
    cube 3993.40 (depth 1, 18 lits): UNSAT in 0.07s
    cube 3993.41 (depth 1, 18 lits): UNSAT in 0.07s
    cube 3993.42 (depth 1, 18 lits): UNSAT in 0.22s
    cube 3993.43 (depth 1, 18 lits): UNSAT in 0.47s
    cube 3993.44 (depth 1, 18 lits): UNSAT in 0.06s
    cube 3993.45 (depth 1, 18 lits): UNSAT in 1.53s
    cube 3993.46 (depth 1, 18 lits): UNSAT in 0.17s
    cube 3993.47 (depth 1, 18 lits): UNSAT in 1.70s
    cube 3993.48 (depth 1, 18 lits): UNSAT in 0.05s
    cube 3993.49 (depth 1, 18 lits): UNSAT in 0.08s
    cube 3993.50 (depth 1, 18 lits): UNSAT in 0.08s
    cube 3993.51 (depth 1, 18 lits): UNSAT in 0.40s
    cube 3993.52 (depth 1, 18 lits): UNSAT in 0.11s
    cube 3993.53 (depth 1, 18 lits): UNSAT in 0.22s
    cube 3993.54 (depth 1, 18 lits): UNSAT in 0.49s
    cube 3993.55 (depth 1, 18 lits): UNSAT in 3.40s
    cube 3993.56 (depth 1, 18 lits): UNSAT in 0.19s
    cube 3993.57 (depth 1, 18 lits): UNSAT in 2.09s
    cube 3993.58 (depth 1, 18 lits): UNSAT in 2.57s
    cube 3993.59 (depth 1, 18 lits): UNSAT in 5.69s
    cube 3993.60 (depth 1, 18 lits): UNSAT in 0.52s
    cube 3993.61 (depth 1, 18 lits): UNSAT in 13.48s
    cube 3993.62 (depth 1, 18 lits): UNSAT in 2.61s
    cube 3993.63 (depth 1, 18 lits): UNSAT in 11.68s
    cube 4009 (depth 0, 12 lits): TIMEOUT in 60.06s
    cube 4009 TIMEOUT -> re-split into 64 sub-cubes (depth 1)
    cube 4009.0 (depth 1, 18 lits): UNSAT in 0.05s
    cube 4009.1 (depth 1, 18 lits): UNSAT in 0.06s
    cube 4009.2 (depth 1, 18 lits): UNSAT in 0.18s
    cube 4009.3 (depth 1, 18 lits): UNSAT in 0.29s
    cube 4009.4 (depth 1, 18 lits): UNSAT in 0.07s
    cube 4009.5 (depth 1, 18 lits): UNSAT in 0.13s
    cube 4009.6 (depth 1, 18 lits): UNSAT in 0.32s
    cube 4009.7 (depth 1, 18 lits): UNSAT in 0.66s
    cube 4009.8 (depth 1, 18 lits): UNSAT in 0.02s
    cube 4009.9 (depth 1, 18 lits): UNSAT in 0.03s
    cube 4009.10 (depth 1, 18 lits): UNSAT in 0.08s
    cube 4009.11 (depth 1, 18 lits): UNSAT in 0.16s
    cube 4009.12 (depth 1, 18 lits): UNSAT in 0.04s
    cube 4009.13 (depth 1, 18 lits): UNSAT in 0.19s
    cube 4009.14 (depth 1, 18 lits): UNSAT in 0.17s
    cube 4009.15 (depth 1, 18 lits): UNSAT in 0.39s
    cube 4009.16 (depth 1, 18 lits): UNSAT in 0.09s
    cube 4009.17 (depth 1, 18 lits): UNSAT in 0.20s
    cube 4009.18 (depth 1, 18 lits): UNSAT in 0.22s
    cube 4009.19 (depth 1, 18 lits): UNSAT in 0.52s
    cube 4009.20 (depth 1, 18 lits): UNSAT in 0.05s
    cube 4009.21 (depth 1, 18 lits): UNSAT in 0.12s
    cube 4009.22 (depth 1, 18 lits): UNSAT in 0.19s
    cube 4009.23 (depth 1, 18 lits): UNSAT in 1.03s
    cube 4009.24 (depth 1, 18 lits): UNSAT in 0.11s
    cube 4009.25 (depth 1, 18 lits): UNSAT in 1.60s
    cube 4009.26 (depth 1, 18 lits): UNSAT in 0.78s
    cube 4009.27 (depth 1, 18 lits): UNSAT in 7.22s
    cube 4009.28 (depth 1, 18 lits): UNSAT in 0.94s
    cube 4009.29 (depth 1, 18 lits): UNSAT in 6.60s
    cube 4009.30 (depth 1, 18 lits): UNSAT in 5.69s
    cube 4009.31 (depth 1, 18 lits): UNSAT in 20.27s
    cube 4009.32 (depth 1, 18 lits): UNSAT in 0.02s
    cube 4009.33 (depth 1, 18 lits): UNSAT in 0.04s
    cube 4009.34 (depth 1, 18 lits): UNSAT in 0.08s
    cube 4009.35 (depth 1, 18 lits): UNSAT in 0.13s
    cube 4009.36 (depth 1, 18 lits): UNSAT in 0.16s
    cube 4009.37 (depth 1, 18 lits): UNSAT in 0.25s
    cube 4009.38 (depth 1, 18 lits): UNSAT in 0.33s
    cube 4009.39 (depth 1, 18 lits): UNSAT in 0.39s
    cube 4009.40 (depth 1, 18 lits): UNSAT in 0.16s
    cube 4009.41 (depth 1, 18 lits): UNSAT in 0.63s
    cube 4009.42 (depth 1, 18 lits): UNSAT in 0.23s
    cube 4009.43 (depth 1, 18 lits): UNSAT in 2.14s
    cube 4009.44 (depth 1, 18 lits): UNSAT in 0.21s
    cube 4009.45 (depth 1, 18 lits): UNSAT in 1.40s
    cube 4009.46 (depth 1, 18 lits): UNSAT in 2.62s
    cube 4009.47 (depth 1, 18 lits): UNSAT in 10.62s
    cube 4009.48 (depth 1, 18 lits): UNSAT in 0.26s
    cube 4009.49 (depth 1, 18 lits): UNSAT in 0.91s
    cube 4009.50 (depth 1, 18 lits): UNSAT in 0.52s
    cube 4009.51 (depth 1, 18 lits): UNSAT in 0.70s
    cube 4009.52 (depth 1, 18 lits): UNSAT in 0.87s
    cube 4009.53 (depth 1, 18 lits): UNSAT in 2.89s
    cube 4009.54 (depth 1, 18 lits): UNSAT in 1.99s
    cube 4009.55 (depth 1, 18 lits): UNSAT in 34.68s
    cube 4009.56 (depth 1, 18 lits): UNSAT in 1.70s
    cube 4009.57 (depth 1, 18 lits): UNSAT in 1.22s
    cube 4009.58 (depth 1, 18 lits): UNSAT in 3.39s
    cube 4009.59 (depth 1, 18 lits): UNSAT in 6.77s
    cube 4009.60 (depth 1, 18 lits): UNSAT in 2.58s
    cube 4009.61 (depth 1, 18 lits): UNSAT in 11.75s
    cube 4009.62 (depth 1, 18 lits): UNSAT in 20.81s
    cube 4009.63 (depth 1, 18 lits): UNSAT in 47.40s
    cube 4025 (depth 0, 12 lits): TIMEOUT in 60.06s
    cube 4025 TIMEOUT -> re-split into 64 sub-cubes (depth 1)
    cube 4025.0 (depth 1, 18 lits): UNSAT in 0.04s
    cube 4025.1 (depth 1, 18 lits): UNSAT in 0.07s
    cube 4025.2 (depth 1, 18 lits): UNSAT in 0.10s
    cube 4025.3 (depth 1, 18 lits): UNSAT in 0.40s
    cube 4025.4 (depth 1, 18 lits): UNSAT in 0.16s
    cube 4025.5 (depth 1, 18 lits): UNSAT in 0.65s
    cube 4025.6 (depth 1, 18 lits): UNSAT in 0.29s
    cube 4025.7 (depth 1, 18 lits): UNSAT in 2.10s
    cube 4025.8 (depth 1, 18 lits): UNSAT in 0.04s
    cube 4025.9 (depth 1, 18 lits): UNSAT in 0.20s
    cube 4025.10 (depth 1, 18 lits): UNSAT in 0.32s
    cube 4025.11 (depth 1, 18 lits): UNSAT in 0.29s
    cube 4025.12 (depth 1, 18 lits): UNSAT in 0.19s
    cube 4025.13 (depth 1, 18 lits): UNSAT in 1.45s
    cube 4025.14 (depth 1, 18 lits): UNSAT in 2.31s
    cube 4025.15 (depth 1, 18 lits): UNSAT in 2.02s
    cube 4025.16 (depth 1, 18 lits): UNSAT in 0.02s
    cube 4025.17 (depth 1, 18 lits): UNSAT in 0.13s
    cube 4025.18 (depth 1, 18 lits): UNSAT in 0.26s
    cube 4025.19 (depth 1, 18 lits): UNSAT in 0.46s
    cube 4025.20 (depth 1, 18 lits): UNSAT in 0.31s
    cube 4025.21 (depth 1, 18 lits): UNSAT in 0.62s
    cube 4025.22 (depth 1, 18 lits): UNSAT in 1.94s
    cube 4025.23 (depth 1, 18 lits): UNSAT in 4.67s
    cube 4025.24 (depth 1, 18 lits): UNSAT in 0.37s
    cube 4025.25 (depth 1, 18 lits): UNSAT in 0.34s
    cube 4025.26 (depth 1, 18 lits): UNSAT in 0.73s
    cube 4025.27 (depth 1, 18 lits): UNSAT in 2.29s
    cube 4025.28 (depth 1, 18 lits): UNSAT in 0.63s
    cube 4025.29 (depth 1, 18 lits): UNSAT in 0.43s
    cube 4025.30 (depth 1, 18 lits): UNSAT in 4.40s
    cube 4025.31 (depth 1, 18 lits): UNSAT in 13.32s
    cube 4025.32 (depth 1, 18 lits): UNSAT in 0.11s
    cube 4025.33 (depth 1, 18 lits): UNSAT in 0.46s
    cube 4025.34 (depth 1, 18 lits): UNSAT in 0.70s
    cube 4025.35 (depth 1, 18 lits): UNSAT in 1.37s
    cube 4025.36 (depth 1, 18 lits): UNSAT in 0.12s
    cube 4025.37 (depth 1, 18 lits): UNSAT in 0.89s
    cube 4025.38 (depth 1, 18 lits): UNSAT in 0.38s
    cube 4025.39 (depth 1, 18 lits): UNSAT in 6.34s
    cube 4025.40 (depth 1, 18 lits): UNSAT in 0.24s
    cube 4025.41 (depth 1, 18 lits): UNSAT in 0.98s
    cube 4025.42 (depth 1, 18 lits): UNSAT in 0.57s
    cube 4025.43 (depth 1, 18 lits): UNSAT in 3.10s
    cube 4025.44 (depth 1, 18 lits): UNSAT in 0.99s
    cube 4025.45 (depth 1, 18 lits): UNSAT in 3.09s
    cube 4025.46 (depth 1, 18 lits): UNSAT in 16.02s
    cube 4025.47 (depth 1, 18 lits): UNSAT in 8.89s
    cube 4025.48 (depth 1, 18 lits): UNSAT in 0.69s
    cube 4025.49 (depth 1, 18 lits): UNSAT in 1.78s
    cube 4025.50 (depth 1, 18 lits): UNSAT in 1.04s
    cube 4025.51 (depth 1, 18 lits): UNSAT in 7.47s
    cube 4025.52 (depth 1, 18 lits): UNSAT in 1.22s
    cube 4025.53 (depth 1, 18 lits): UNSAT in 3.14s
    cube 4025.54 (depth 1, 18 lits): UNSAT in 43.67s
    cube 4025.55 (depth 1, 18 lits): UNSAT in 45.72s
    cube 4025.56 (depth 1, 18 lits): UNSAT in 0.78s
    cube 4025.57 (depth 1, 18 lits): UNSAT in 2.44s
    cube 4025.58 (depth 1, 18 lits): UNSAT in 6.08s
    cube 4025.59 (depth 1, 18 lits): UNSAT in 19.69s
    cube 4025.60 (depth 1, 18 lits): UNSAT in 5.22s
    cube 4025.61 (depth 1, 18 lits): TIMEOUT in 60.06s
    cube 4025.61 TIMEOUT -> re-split into 64 sub-cubes (depth 2)
    cube 4025.61.0 (depth 2, 24 lits): UNSAT in 0.02s
    cube 4025.61.1 (depth 2, 24 lits): UNSAT in 0.03s
    cube 4025.61.2 (depth 2, 24 lits): UNSAT in 0.04s
    cube 4025.61.3 (depth 2, 24 lits): UNSAT in 0.17s
    cube 4025.61.4 (depth 2, 24 lits): UNSAT in 0.02s
    cube 4025.61.5 (depth 2, 24 lits): UNSAT in 0.05s
    cube 4025.61.6 (depth 2, 24 lits): UNSAT in 0.10s
    cube 4025.61.7 (depth 2, 24 lits): UNSAT in 0.09s
    cube 4025.61.8 (depth 2, 24 lits): UNSAT in 0.04s
    cube 4025.61.9 (depth 2, 24 lits): UNSAT in 0.02s
    cube 4025.61.10 (depth 2, 24 lits): UNSAT in 0.03s
    cube 4025.61.11 (depth 2, 24 lits): UNSAT in 0.19s
    cube 4025.61.12 (depth 2, 24 lits): UNSAT in 0.04s
    cube 4025.61.13 (depth 2, 24 lits): UNSAT in 0.29s
    cube 4025.61.14 (depth 2, 24 lits): UNSAT in 0.46s
    cube 4025.61.15 (depth 2, 24 lits): UNSAT in 1.58s
    cube 4025.61.16 (depth 2, 24 lits): UNSAT in 0.02s
    cube 4025.61.17 (depth 2, 24 lits): UNSAT in 0.05s
    cube 4025.61.18 (depth 2, 24 lits): UNSAT in 0.02s
    cube 4025.61.19 (depth 2, 24 lits): UNSAT in 0.05s
    cube 4025.61.20 (depth 2, 24 lits): UNSAT in 0.01s
    cube 4025.61.21 (depth 2, 24 lits): UNSAT in 0.01s
    cube 4025.61.22 (depth 2, 24 lits): UNSAT in 0.11s
    cube 4025.61.23 (depth 2, 24 lits): UNSAT in 0.13s
    cube 4025.61.24 (depth 2, 24 lits): UNSAT in 0.03s
    cube 4025.61.25 (depth 2, 24 lits): UNSAT in 0.08s
    cube 4025.61.26 (depth 2, 24 lits): UNSAT in 0.21s
    cube 4025.61.27 (depth 2, 24 lits): UNSAT in 0.13s
    cube 4025.61.28 (depth 2, 24 lits): UNSAT in 0.26s
    cube 4025.61.29 (depth 2, 24 lits): UNSAT in 0.33s
    cube 4025.61.30 (depth 2, 24 lits): UNSAT in 1.00s
    cube 4025.61.31 (depth 2, 24 lits): UNSAT in 1.73s
    cube 4025.61.32 (depth 2, 24 lits): UNSAT in 0.03s
    cube 4025.61.33 (depth 2, 24 lits): UNSAT in 0.06s
    cube 4025.61.34 (depth 2, 24 lits): UNSAT in 0.14s
    cube 4025.61.35 (depth 2, 24 lits): UNSAT in 0.34s
    cube 4025.61.36 (depth 2, 24 lits): UNSAT in 0.05s
    cube 4025.61.37 (depth 2, 24 lits): UNSAT in 0.27s
    cube 4025.61.38 (depth 2, 24 lits): UNSAT in 0.70s
    cube 4025.61.39 (depth 2, 24 lits): UNSAT in 1.61s
    cube 4025.61.40 (depth 2, 24 lits): UNSAT in 0.07s
    cube 4025.61.41 (depth 2, 24 lits): UNSAT in 0.15s
    cube 4025.61.42 (depth 2, 24 lits): UNSAT in 0.19s
    cube 4025.61.43 (depth 2, 24 lits): UNSAT in 0.48s
    cube 4025.61.44 (depth 2, 24 lits): UNSAT in 0.23s
    cube 4025.61.45 (depth 2, 24 lits): UNSAT in 0.47s
    cube 4025.61.46 (depth 2, 24 lits): UNSAT in 0.23s
    cube 4025.61.47 (depth 2, 24 lits): UNSAT in 0.72s
    cube 4025.61.48 (depth 2, 24 lits): UNSAT in 0.11s
    cube 4025.61.49 (depth 2, 24 lits): UNSAT in 0.08s
    cube 4025.61.50 (depth 2, 24 lits): UNSAT in 0.21s
    cube 4025.61.51 (depth 2, 24 lits): UNSAT in 0.34s
    cube 4025.61.52 (depth 2, 24 lits): UNSAT in 0.16s
    cube 4025.61.53 (depth 2, 24 lits): UNSAT in 0.62s
    cube 4025.61.54 (depth 2, 24 lits): UNSAT in 0.37s
    cube 4025.61.55 (depth 2, 24 lits): UNSAT in 1.32s
    cube 4025.61.56 (depth 2, 24 lits): UNSAT in 1.30s
    cube 4025.61.57 (depth 2, 24 lits): UNSAT in 4.70s
    cube 4025.61.58 (depth 2, 24 lits): UNSAT in 1.67s
    cube 4025.61.59 (depth 2, 24 lits): UNSAT in 7.66s
    cube 4025.61.60 (depth 2, 24 lits): UNSAT in 0.95s
    cube 4025.61.61 (depth 2, 24 lits): UNSAT in 1.90s
    cube 4025.61.62 (depth 2, 24 lits): UNSAT in 3.10s
    cube 4025.61.63 (depth 2, 24 lits): UNSAT in 7.72s
    cube 4025.62 (depth 1, 18 lits): UNSAT in 30.05s
    cube 4025.63 (depth 1, 18 lits): TIMEOUT in 60.06s
    cube 4025.63 TIMEOUT -> re-split into 64 sub-cubes (depth 2)
    cube 4025.63.0 (depth 2, 24 lits): UNSAT in 0.03s
    cube 4025.63.1 (depth 2, 24 lits): UNSAT in 0.06s
    cube 4025.63.2 (depth 2, 24 lits): UNSAT in 0.06s
    cube 4025.63.3 (depth 2, 24 lits): UNSAT in 0.26s
    cube 4025.63.4 (depth 2, 24 lits): UNSAT in 0.03s
    cube 4025.63.5 (depth 2, 24 lits): UNSAT in 0.08s
    cube 4025.63.6 (depth 2, 24 lits): UNSAT in 0.22s
    cube 4025.63.7 (depth 2, 24 lits): UNSAT in 0.34s
    cube 4025.63.8 (depth 2, 24 lits): UNSAT in 0.07s
    cube 4025.63.9 (depth 2, 24 lits): UNSAT in 0.12s
    cube 4025.63.10 (depth 2, 24 lits): UNSAT in 0.03s
    cube 4025.63.11 (depth 2, 24 lits): UNSAT in 0.45s
    cube 4025.63.12 (depth 2, 24 lits): UNSAT in 0.06s
    cube 4025.63.13 (depth 2, 24 lits): UNSAT in 0.18s
    cube 4025.63.14 (depth 2, 24 lits): UNSAT in 0.31s
    cube 4025.63.15 (depth 2, 24 lits): UNSAT in 0.83s
    cube 4025.63.16 (depth 2, 24 lits): UNSAT in 0.04s
    cube 4025.63.17 (depth 2, 24 lits): UNSAT in 0.11s
    cube 4025.63.18 (depth 2, 24 lits): UNSAT in 0.11s
    cube 4025.63.19 (depth 2, 24 lits): UNSAT in 0.30s
    cube 4025.63.20 (depth 2, 24 lits): UNSAT in 0.41s
    cube 4025.63.21 (depth 2, 24 lits): UNSAT in 0.77s
    cube 4025.63.22 (depth 2, 24 lits): UNSAT in 0.64s
    cube 4025.63.23 (depth 2, 24 lits): UNSAT in 1.20s
    cube 4025.63.24 (depth 2, 24 lits): UNSAT in 0.13s
    cube 4025.63.25 (depth 2, 24 lits): UNSAT in 0.36s
    cube 4025.63.26 (depth 2, 24 lits): UNSAT in 0.33s
    cube 4025.63.27 (depth 2, 24 lits): UNSAT in 0.30s
    cube 4025.63.28 (depth 2, 24 lits): UNSAT in 1.06s
    cube 4025.63.29 (depth 2, 24 lits): UNSAT in 2.36s
    cube 4025.63.30 (depth 2, 24 lits): UNSAT in 0.41s
    cube 4025.63.31 (depth 2, 24 lits): UNSAT in 3.06s
    cube 4025.63.32 (depth 2, 24 lits): UNSAT in 0.02s
    cube 4025.63.33 (depth 2, 24 lits): UNSAT in 0.02s
    cube 4025.63.34 (depth 2, 24 lits): UNSAT in 0.03s
    cube 4025.63.35 (depth 2, 24 lits): UNSAT in 0.03s
    cube 4025.63.36 (depth 2, 24 lits): UNSAT in 0.02s
    cube 4025.63.37 (depth 2, 24 lits): UNSAT in 0.13s
    cube 4025.63.38 (depth 2, 24 lits): UNSAT in 0.05s
    cube 4025.63.39 (depth 2, 24 lits): UNSAT in 0.11s
    cube 4025.63.40 (depth 2, 24 lits): UNSAT in 0.05s
    cube 4025.63.41 (depth 2, 24 lits): UNSAT in 0.09s
    cube 4025.63.42 (depth 2, 24 lits): UNSAT in 0.05s
    cube 4025.63.43 (depth 2, 24 lits): UNSAT in 0.12s
    cube 4025.63.44 (depth 2, 24 lits): UNSAT in 0.33s
    cube 4025.63.45 (depth 2, 24 lits): UNSAT in 0.23s
    cube 4025.63.46 (depth 2, 24 lits): UNSAT in 0.30s
    cube 4025.63.47 (depth 2, 24 lits): UNSAT in 0.19s
    cube 4025.63.48 (depth 2, 24 lits): UNSAT in 0.04s
    cube 4025.63.49 (depth 2, 24 lits): UNSAT in 0.12s
    cube 4025.63.50 (depth 2, 24 lits): UNSAT in 0.10s
    cube 4025.63.51 (depth 2, 24 lits): UNSAT in 0.19s
    cube 4025.63.52 (depth 2, 24 lits): UNSAT in 0.12s
    cube 4025.63.53 (depth 2, 24 lits): UNSAT in 1.21s
    cube 4025.63.54 (depth 2, 24 lits): UNSAT in 0.50s
    cube 4025.63.55 (depth 2, 24 lits): UNSAT in 1.12s
    cube 4025.63.56 (depth 2, 24 lits): UNSAT in 0.25s
    cube 4025.63.57 (depth 2, 24 lits): UNSAT in 0.69s
    cube 4025.63.58 (depth 2, 24 lits): UNSAT in 0.35s
    cube 4025.63.59 (depth 2, 24 lits): UNSAT in 0.73s
    cube 4025.63.60 (depth 2, 24 lits): UNSAT in 0.33s
    cube 4025.63.61 (depth 2, 24 lits): UNSAT in 0.66s
    cube 4025.63.62 (depth 2, 24 lits): UNSAT in 0.70s
    cube 4025.63.63 (depth 2, 24 lits): UNSAT in 2.19s
    cube 4041 (depth 0, 12 lits): TIMEOUT in 60.06s
    cube 4041 TIMEOUT -> re-split into 64 sub-cubes (depth 1)
    cube 4041.0 (depth 1, 18 lits): UNSAT in 0.25s
    cube 4041.1 (depth 1, 18 lits): UNSAT in 1.24s
    cube 4041.2 (depth 1, 18 lits): UNSAT in 0.44s
    cube 4041.3 (depth 1, 18 lits): UNSAT in 9.00s
    cube 4041.4 (depth 1, 18 lits): UNSAT in 1.64s
    cube 4041.5 (depth 1, 18 lits): UNSAT in 5.56s
    cube 4041.6 (depth 1, 18 lits): UNSAT in 5.39s
    cube 4041.7 (depth 1, 18 lits): UNSAT in 27.32s
    cube 4041.8 (depth 1, 18 lits): UNSAT in 0.41s
    cube 4041.9 (depth 1, 18 lits): UNSAT in 2.46s
    cube 4041.10 (depth 1, 18 lits): UNSAT in 2.66s
    cube 4041.11 (depth 1, 18 lits): UNSAT in 16.85s
    cube 4041.12 (depth 1, 18 lits): UNSAT in 4.32s
    cube 4041.13 (depth 1, 18 lits): TIMEOUT in 60.03s
    cube 4041.13 TIMEOUT -> re-split into 63 sub-cubes (depth 2)
    cube 4041.13.0 (depth 2, 23 lits): UNSAT in 0.01s
    cube 4041.13.1 (depth 2, 24 lits): UNSAT in 0.01s
    cube 4041.13.2 (depth 2, 24 lits): UNSAT in 0.01s
    cube 4041.13.3 (depth 2, 24 lits): UNSAT in 0.01s
    cube 4041.13.4 (depth 2, 24 lits): UNSAT in 0.02s
    cube 4041.13.5 (depth 2, 24 lits): UNSAT in 0.03s
    cube 4041.13.6 (depth 2, 24 lits): UNSAT in 0.03s
    cube 4041.13.7 (depth 2, 24 lits): UNSAT in 0.02s
    cube 4041.13.8 (depth 2, 24 lits): UNSAT in 0.04s
    cube 4041.13.9 (depth 2, 24 lits): UNSAT in 0.03s
    cube 4041.13.10 (depth 2, 24 lits): UNSAT in 0.06s
    cube 4041.13.11 (depth 2, 24 lits): UNSAT in 0.02s
    cube 4041.13.12 (depth 2, 24 lits): UNSAT in 0.33s
    cube 4041.13.13 (depth 2, 24 lits): UNSAT in 0.21s
    cube 4041.13.14 (depth 2, 24 lits): UNSAT in 0.55s
    cube 4041.13.15 (depth 2, 24 lits): UNSAT in 0.02s
    cube 4041.13.16 (depth 2, 24 lits): UNSAT in 0.04s
    cube 4041.13.17 (depth 2, 24 lits): UNSAT in 0.02s
    cube 4041.13.18 (depth 2, 24 lits): UNSAT in 0.05s
    cube 4041.13.19 (depth 2, 24 lits): UNSAT in 0.01s
    cube 4041.13.20 (depth 2, 24 lits): UNSAT in 0.03s
    cube 4041.13.21 (depth 2, 24 lits): UNSAT in 0.05s
    cube 4041.13.22 (depth 2, 24 lits): UNSAT in 0.29s
    cube 4041.13.23 (depth 2, 24 lits): UNSAT in 0.03s
    cube 4041.13.24 (depth 2, 24 lits): UNSAT in 0.08s
    cube 4041.13.25 (depth 2, 24 lits): UNSAT in 0.08s
    cube 4041.13.26 (depth 2, 24 lits): UNSAT in 0.34s
    cube 4041.13.27 (depth 2, 24 lits): UNSAT in 0.04s
    cube 4041.13.28 (depth 2, 24 lits): UNSAT in 0.44s
    cube 4041.13.29 (depth 2, 24 lits): UNSAT in 0.38s
    cube 4041.13.30 (depth 2, 24 lits): UNSAT in 0.72s
    cube 4041.13.31 (depth 2, 24 lits): UNSAT in 0.01s
    cube 4041.13.32 (depth 2, 24 lits): UNSAT in 0.02s
    cube 4041.13.33 (depth 2, 24 lits): UNSAT in 0.05s
    cube 4041.13.34 (depth 2, 24 lits): UNSAT in 0.09s
    cube 4041.13.35 (depth 2, 24 lits): UNSAT in 0.02s
    cube 4041.13.36 (depth 2, 24 lits): UNSAT in 0.04s
    cube 4041.13.37 (depth 2, 24 lits): UNSAT in 0.11s
    cube 4041.13.38 (depth 2, 24 lits): UNSAT in 0.84s
    cube 4041.13.39 (depth 2, 24 lits): UNSAT in 0.03s
    cube 4041.13.40 (depth 2, 24 lits): UNSAT in 0.06s
    cube 4041.13.41 (depth 2, 24 lits): UNSAT in 0.10s
    cube 4041.13.42 (depth 2, 24 lits): UNSAT in 0.40s
    cube 4041.13.43 (depth 2, 24 lits): UNSAT in 0.15s
    cube 4041.13.44 (depth 2, 24 lits): UNSAT in 0.35s
    cube 4041.13.45 (depth 2, 24 lits): UNSAT in 0.87s
    cube 4041.13.46 (depth 2, 24 lits): UNSAT in 3.78s
    cube 4041.13.47 (depth 2, 24 lits): UNSAT in 0.07s
    cube 4041.13.48 (depth 2, 24 lits): UNSAT in 0.15s
    cube 4041.13.49 (depth 2, 24 lits): UNSAT in 0.21s
    cube 4041.13.50 (depth 2, 24 lits): UNSAT in 1.68s
    cube 4041.13.51 (depth 2, 24 lits): UNSAT in 0.10s
    cube 4041.13.52 (depth 2, 24 lits): UNSAT in 0.81s
    cube 4041.13.53 (depth 2, 24 lits): UNSAT in 1.08s
    cube 4041.13.54 (depth 2, 24 lits): UNSAT in 11.78s
    cube 4041.13.55 (depth 2, 24 lits): UNSAT in 0.34s
    cube 4041.13.56 (depth 2, 24 lits): UNSAT in 4.67s
    cube 4041.13.57 (depth 2, 24 lits): UNSAT in 1.26s
    cube 4041.13.58 (depth 2, 24 lits): UNSAT in 33.24s
    cube 4041.13.59 (depth 2, 24 lits): UNSAT in 0.15s
    cube 4041.13.60 (depth 2, 24 lits): UNSAT in 2.07s
    cube 4041.13.61 (depth 2, 24 lits): UNSAT in 3.28s
    cube 4041.13.62 (depth 2, 24 lits): UNSAT in 25.99s
    cube 4041.14 (depth 1, 18 lits): TIMEOUT in 60.06s
    cube 4041.14 TIMEOUT -> re-split into 62 sub-cubes (depth 2)
    cube 4041.14.0 (depth 2, 23 lits): UNSAT in 0.01s
    cube 4041.14.1 (depth 2, 24 lits): UNSAT in 0.01s
    cube 4041.14.2 (depth 2, 24 lits): UNSAT in 0.02s
    cube 4041.14.3 (depth 2, 23 lits): UNSAT in 0.01s
    cube 4041.14.4 (depth 2, 24 lits): UNSAT in 0.02s
    cube 4041.14.5 (depth 2, 24 lits): UNSAT in 0.05s
    cube 4041.14.6 (depth 2, 24 lits): UNSAT in 0.01s
    cube 4041.14.7 (depth 2, 24 lits): UNSAT in 0.02s
    cube 4041.14.8 (depth 2, 24 lits): UNSAT in 0.01s
    cube 4041.14.9 (depth 2, 24 lits): UNSAT in 0.01s
    cube 4041.14.10 (depth 2, 24 lits): UNSAT in 0.02s
    cube 4041.14.11 (depth 2, 24 lits): UNSAT in 0.04s
    cube 4041.14.12 (depth 2, 24 lits): UNSAT in 0.04s
    cube 4041.14.13 (depth 2, 24 lits): UNSAT in 0.03s
    cube 4041.14.14 (depth 2, 24 lits): UNSAT in 0.01s
    cube 4041.14.15 (depth 2, 24 lits): UNSAT in 0.01s
    cube 4041.14.16 (depth 2, 24 lits): UNSAT in 0.02s
    cube 4041.14.17 (depth 2, 24 lits): UNSAT in 0.04s
    cube 4041.14.18 (depth 2, 24 lits): UNSAT in 0.02s
    cube 4041.14.19 (depth 2, 24 lits): UNSAT in 0.07s
    cube 4041.14.20 (depth 2, 24 lits): UNSAT in 0.03s
    cube 4041.14.21 (depth 2, 24 lits): UNSAT in 0.26s
    cube 4041.14.22 (depth 2, 24 lits): UNSAT in 0.02s
    cube 4041.14.23 (depth 2, 24 lits): UNSAT in 0.04s
    cube 4041.14.24 (depth 2, 24 lits): UNSAT in 0.05s
    cube 4041.14.25 (depth 2, 24 lits): UNSAT in 0.16s
    cube 4041.14.26 (depth 2, 24 lits): UNSAT in 0.10s
    cube 4041.14.27 (depth 2, 24 lits): UNSAT in 0.71s
    cube 4041.14.28 (depth 2, 24 lits): UNSAT in 0.83s
    cube 4041.14.29 (depth 2, 24 lits): UNSAT in 1.11s
    cube 4041.14.30 (depth 2, 24 lits): UNSAT in 0.01s
    cube 4041.14.31 (depth 2, 24 lits): UNSAT in 0.02s
    cube 4041.14.32 (depth 2, 24 lits): UNSAT in 0.02s
    cube 4041.14.33 (depth 2, 24 lits): UNSAT in 0.03s
    cube 4041.14.34 (depth 2, 24 lits): UNSAT in 0.03s
    cube 4041.14.35 (depth 2, 24 lits): UNSAT in 0.06s
    cube 4041.14.36 (depth 2, 24 lits): UNSAT in 0.11s
    cube 4041.14.37 (depth 2, 24 lits): UNSAT in 0.32s
    cube 4041.14.38 (depth 2, 24 lits): UNSAT in 0.02s
    cube 4041.14.39 (depth 2, 24 lits): UNSAT in 0.04s
    cube 4041.14.40 (depth 2, 24 lits): UNSAT in 0.03s
    cube 4041.14.41 (depth 2, 24 lits): UNSAT in 0.08s
    cube 4041.14.42 (depth 2, 24 lits): UNSAT in 0.03s
    cube 4041.14.43 (depth 2, 24 lits): UNSAT in 0.12s
    cube 4041.14.44 (depth 2, 24 lits): UNSAT in 0.12s
    cube 4041.14.45 (depth 2, 24 lits): UNSAT in 0.74s
    cube 4041.14.46 (depth 2, 24 lits): UNSAT in 0.03s
    cube 4041.14.47 (depth 2, 24 lits): UNSAT in 0.03s
    cube 4041.14.48 (depth 2, 24 lits): UNSAT in 0.07s
    cube 4041.14.49 (depth 2, 24 lits): UNSAT in 0.20s
    cube 4041.14.50 (depth 2, 24 lits): UNSAT in 0.07s
    cube 4041.14.51 (depth 2, 24 lits): UNSAT in 0.41s
    cube 4041.14.52 (depth 2, 24 lits): UNSAT in 0.27s
    cube 4041.14.53 (depth 2, 24 lits): UNSAT in 0.87s
    cube 4041.14.54 (depth 2, 24 lits): UNSAT in 0.21s
    cube 4041.14.55 (depth 2, 24 lits): UNSAT in 0.97s
    cube 4041.14.56 (depth 2, 24 lits): UNSAT in 0.63s
    cube 4041.14.57 (depth 2, 24 lits): UNSAT in 2.36s
    cube 4041.14.58 (depth 2, 24 lits): UNSAT in 0.96s
    cube 4041.14.59 (depth 2, 24 lits): UNSAT in 5.37s
    cube 4041.14.60 (depth 2, 24 lits): UNSAT in 4.04s
    cube 4041.14.61 (depth 2, 24 lits): UNSAT in 16.49s
    cube 4041.15 (depth 1, 18 lits): TIMEOUT in 60.06s
    cube 4041.15 TIMEOUT -> re-split into 64 sub-cubes (depth 2)
    cube 4041.15.0 (depth 2, 24 lits): UNSAT in 0.02s
    cube 4041.15.1 (depth 2, 24 lits): UNSAT in 0.02s
    cube 4041.15.2 (depth 2, 24 lits): UNSAT in 0.02s
    cube 4041.15.3 (depth 2, 24 lits): UNSAT in 0.04s
    cube 4041.15.4 (depth 2, 24 lits): UNSAT in 0.03s
    cube 4041.15.5 (depth 2, 24 lits): UNSAT in 0.09s
    cube 4041.15.6 (depth 2, 24 lits): UNSAT in 0.05s
    cube 4041.15.7 (depth 2, 24 lits): UNSAT in 0.08s
    cube 4041.15.8 (depth 2, 24 lits): UNSAT in 0.03s
    cube 4041.15.9 (depth 2, 24 lits): UNSAT in 0.17s
    cube 4041.15.10 (depth 2, 24 lits): UNSAT in 0.17s
    cube 4041.15.11 (depth 2, 24 lits): UNSAT in 0.51s
    cube 4041.15.12 (depth 2, 24 lits): UNSAT in 0.05s
    cube 4041.15.13 (depth 2, 24 lits): UNSAT in 0.10s
    cube 4041.15.14 (depth 2, 24 lits): UNSAT in 0.32s
    cube 4041.15.15 (depth 2, 24 lits): UNSAT in 0.42s
    cube 4041.15.16 (depth 2, 24 lits): UNSAT in 0.01s
    cube 4041.15.17 (depth 2, 24 lits): UNSAT in 0.01s
    cube 4041.15.18 (depth 2, 24 lits): UNSAT in 0.05s
    cube 4041.15.19 (depth 2, 24 lits): UNSAT in 0.20s
    cube 4041.15.20 (depth 2, 24 lits): UNSAT in 0.02s
    cube 4041.15.21 (depth 2, 24 lits): UNSAT in 0.29s
    cube 4041.15.22 (depth 2, 24 lits): UNSAT in 0.27s
    cube 4041.15.23 (depth 2, 24 lits): UNSAT in 0.91s
    cube 4041.15.24 (depth 2, 24 lits): UNSAT in 0.07s
    cube 4041.15.25 (depth 2, 24 lits): UNSAT in 0.15s
    cube 4041.15.26 (depth 2, 24 lits): UNSAT in 0.32s
    cube 4041.15.27 (depth 2, 24 lits): UNSAT in 0.52s
    cube 4041.15.28 (depth 2, 24 lits): UNSAT in 0.07s
    cube 4041.15.29 (depth 2, 24 lits): UNSAT in 0.15s
    cube 4041.15.30 (depth 2, 24 lits): UNSAT in 1.80s
    cube 4041.15.31 (depth 2, 24 lits): UNSAT in 1.52s
    cube 4041.15.32 (depth 2, 24 lits): UNSAT in 0.01s
    cube 4041.15.33 (depth 2, 24 lits): UNSAT in 0.02s
    cube 4041.15.34 (depth 2, 24 lits): UNSAT in 0.09s
    cube 4041.15.35 (depth 2, 24 lits): UNSAT in 0.41s
    cube 4041.15.36 (depth 2, 24 lits): UNSAT in 0.05s
    cube 4041.15.37 (depth 2, 24 lits): UNSAT in 0.35s
    cube 4041.15.38 (depth 2, 24 lits): UNSAT in 0.94s
    cube 4041.15.39 (depth 2, 24 lits): UNSAT in 0.89s
    cube 4041.15.40 (depth 2, 24 lits): UNSAT in 0.07s
    cube 4041.15.41 (depth 2, 24 lits): UNSAT in 0.18s
    cube 4041.15.42 (depth 2, 24 lits): UNSAT in 0.12s
    cube 4041.15.43 (depth 2, 24 lits): UNSAT in 2.00s
    cube 4041.15.44 (depth 2, 24 lits): UNSAT in 0.13s
    cube 4041.15.45 (depth 2, 24 lits): UNSAT in 1.74s
    cube 4041.15.46 (depth 2, 24 lits): UNSAT in 0.36s
    cube 4041.15.47 (depth 2, 24 lits): UNSAT in 5.78s
    cube 4041.15.48 (depth 2, 24 lits): UNSAT in 0.07s
    cube 4041.15.49 (depth 2, 24 lits): UNSAT in 0.46s
    cube 4041.15.50 (depth 2, 24 lits): UNSAT in 0.48s
    cube 4041.15.51 (depth 2, 24 lits): UNSAT in 1.53s
    cube 4041.15.52 (depth 2, 24 lits): UNSAT in 0.34s
    cube 4041.15.53 (depth 2, 24 lits): UNSAT in 1.22s
    cube 4041.15.54 (depth 2, 24 lits): UNSAT in 1.05s
    cube 4041.15.55 (depth 2, 24 lits): UNSAT in 6.51s
    cube 4041.15.56 (depth 2, 24 lits): UNSAT in 0.54s
    cube 4041.15.57 (depth 2, 24 lits): UNSAT in 6.21s
    cube 4041.15.58 (depth 2, 24 lits): UNSAT in 2.14s
    cube 4041.15.59 (depth 2, 24 lits): UNSAT in 17.62s
    cube 4041.15.60 (depth 2, 24 lits): UNSAT in 0.68s
    cube 4041.15.61 (depth 2, 24 lits): UNSAT in 4.66s
    cube 4041.15.62 (depth 2, 24 lits): UNSAT in 3.77s
    cube 4041.15.63 (depth 2, 24 lits): UNSAT in 26.61s
    cube 4041.16 (depth 1, 18 lits): UNSAT in 2.49s
    cube 4041.17 (depth 1, 18 lits): UNSAT in 16.90s
    cube 4041.18 (depth 1, 18 lits): UNSAT in 14.48s
    cube 4041.19 (depth 1, 18 lits): TIMEOUT in 60.03s
    cube 4041.19 TIMEOUT -> re-split into 62 sub-cubes (depth 2)
    cube 4041.19.0 (depth 2, 23 lits): UNSAT in 0.01s
    cube 4041.19.1 (depth 2, 24 lits): UNSAT in 0.01s
    cube 4041.19.2 (depth 2, 24 lits): UNSAT in 0.01s
    cube 4041.19.3 (depth 2, 24 lits): UNSAT in 0.01s
    cube 4041.19.4 (depth 2, 24 lits): UNSAT in 0.01s
    cube 4041.19.5 (depth 2, 24 lits): UNSAT in 0.02s
    cube 4041.19.6 (depth 2, 24 lits): UNSAT in 0.04s
    cube 4041.19.7 (depth 2, 24 lits): UNSAT in 0.01s
    cube 4041.19.8 (depth 2, 24 lits): UNSAT in 0.01s
    cube 4041.19.9 (depth 2, 24 lits): UNSAT in 0.02s
    cube 4041.19.10 (depth 2, 24 lits): UNSAT in 0.03s
    cube 4041.19.11 (depth 2, 23 lits): UNSAT in 0.01s
    cube 4041.19.12 (depth 2, 24 lits): UNSAT in 0.02s
    cube 4041.19.13 (depth 2, 24 lits): UNSAT in 0.02s
    cube 4041.19.14 (depth 2, 24 lits): UNSAT in 0.01s
    cube 4041.19.15 (depth 2, 24 lits): UNSAT in 0.03s
    cube 4041.19.16 (depth 2, 24 lits): UNSAT in 0.05s
    cube 4041.19.17 (depth 2, 24 lits): UNSAT in 0.05s
    cube 4041.19.18 (depth 2, 24 lits): UNSAT in 0.01s
    cube 4041.19.19 (depth 2, 24 lits): UNSAT in 0.02s
    cube 4041.19.20 (depth 2, 24 lits): UNSAT in 0.01s
    cube 4041.19.21 (depth 2, 24 lits): UNSAT in 0.06s
    cube 4041.19.22 (depth 2, 24 lits): UNSAT in 0.03s
    cube 4041.19.23 (depth 2, 24 lits): UNSAT in 0.05s
    cube 4041.19.24 (depth 2, 24 lits): UNSAT in 0.03s
    cube 4041.19.25 (depth 2, 24 lits): UNSAT in 0.11s
    cube 4041.19.26 (depth 2, 24 lits): UNSAT in 0.11s
    cube 4041.19.27 (depth 2, 24 lits): UNSAT in 0.17s
    cube 4041.19.28 (depth 2, 24 lits): UNSAT in 0.17s
    cube 4041.19.29 (depth 2, 24 lits): UNSAT in 0.57s
    cube 4041.19.30 (depth 2, 24 lits): UNSAT in 0.02s
    cube 4041.19.31 (depth 2, 24 lits): UNSAT in 0.03s
    cube 4041.19.32 (depth 2, 24 lits): UNSAT in 0.06s
    cube 4041.19.33 (depth 2, 24 lits): UNSAT in 0.12s
    cube 4041.19.34 (depth 2, 24 lits): UNSAT in 0.04s
    cube 4041.19.35 (depth 2, 24 lits): UNSAT in 0.15s
    cube 4041.19.36 (depth 2, 24 lits): UNSAT in 0.17s
    cube 4041.19.37 (depth 2, 24 lits): UNSAT in 0.91s
    cube 4041.19.38 (depth 2, 24 lits): UNSAT in 0.02s
    cube 4041.19.39 (depth 2, 24 lits): UNSAT in 0.05s
    cube 4041.19.40 (depth 2, 24 lits): UNSAT in 0.06s
    cube 4041.19.41 (depth 2, 24 lits): UNSAT in 0.14s
    cube 4041.19.42 (depth 2, 24 lits): UNSAT in 0.13s
    cube 4041.19.43 (depth 2, 24 lits): UNSAT in 0.37s
    cube 4041.19.44 (depth 2, 24 lits): UNSAT in 0.78s
    cube 4041.19.45 (depth 2, 24 lits): UNSAT in 3.09s
    cube 4041.19.46 (depth 2, 24 lits): UNSAT in 0.04s
    cube 4041.19.47 (depth 2, 24 lits): UNSAT in 0.07s
    cube 4041.19.48 (depth 2, 24 lits): UNSAT in 0.09s
    cube 4041.19.49 (depth 2, 24 lits): UNSAT in 0.32s
    cube 4041.19.50 (depth 2, 24 lits): UNSAT in 0.06s
    cube 4041.19.51 (depth 2, 24 lits): UNSAT in 0.07s
    cube 4041.19.52 (depth 2, 24 lits): UNSAT in 0.19s
    cube 4041.19.53 (depth 2, 24 lits): UNSAT in 1.25s
    cube 4041.19.54 (depth 2, 24 lits): UNSAT in 0.09s
    cube 4041.19.55 (depth 2, 24 lits): UNSAT in 0.24s
    cube 4041.19.56 (depth 2, 24 lits): UNSAT in 0.57s
    cube 4041.19.57 (depth 2, 24 lits): UNSAT in 2.26s
    cube 4041.19.58 (depth 2, 24 lits): UNSAT in 0.65s
    cube 4041.19.59 (depth 2, 24 lits): UNSAT in 3.29s
    cube 4041.19.60 (depth 2, 24 lits): UNSAT in 1.91s
    cube 4041.19.61 (depth 2, 24 lits): UNSAT in 5.86s
    cube 4041.20 (depth 1, 18 lits): UNSAT in 2.67s
    cube 4041.21 (depth 1, 18 lits): UNSAT in 27.64s
    cube 4041.22 (depth 1, 18 lits): UNSAT in 34.80s
    cube 4041.23 (depth 1, 18 lits): TIMEOUT in 60.06s
    cube 4041.23 TIMEOUT -> re-split into 64 sub-cubes (depth 2)
    cube 4041.23.0 (depth 2, 24 lits): UNSAT in 0.12s
    cube 4041.23.1 (depth 2, 24 lits): UNSAT in 0.28s
    cube 4041.23.2 (depth 2, 24 lits): UNSAT in 0.12s
    cube 4041.23.3 (depth 2, 24 lits): UNSAT in 0.37s
    cube 4041.23.4 (depth 2, 24 lits): UNSAT in 0.13s
    cube 4041.23.5 (depth 2, 24 lits): UNSAT in 0.47s
    cube 4041.23.6 (depth 2, 24 lits): UNSAT in 0.10s
    cube 4041.23.7 (depth 2, 24 lits): UNSAT in 0.82s
    cube 4041.23.8 (depth 2, 24 lits): UNSAT in 0.02s
    cube 4041.23.9 (depth 2, 24 lits): UNSAT in 0.03s
    cube 4041.23.10 (depth 2, 24 lits): UNSAT in 0.10s
    cube 4041.23.11 (depth 2, 24 lits): UNSAT in 0.15s
    cube 4041.23.12 (depth 2, 24 lits): UNSAT in 0.08s
    cube 4041.23.13 (depth 2, 24 lits): UNSAT in 0.14s
    cube 4041.23.14 (depth 2, 24 lits): UNSAT in 0.44s
    cube 4041.23.15 (depth 2, 24 lits): UNSAT in 2.34s
    cube 4041.23.16 (depth 2, 24 lits): UNSAT in 0.07s
    cube 4041.23.17 (depth 2, 24 lits): UNSAT in 0.04s
    cube 4041.23.18 (depth 2, 24 lits): UNSAT in 0.02s
    cube 4041.23.19 (depth 2, 24 lits): UNSAT in 0.10s
    cube 4041.23.20 (depth 2, 24 lits): UNSAT in 0.26s
    cube 4041.23.21 (depth 2, 24 lits): UNSAT in 0.16s
    cube 4041.23.22 (depth 2, 24 lits): UNSAT in 0.49s
    cube 4041.23.23 (depth 2, 24 lits): UNSAT in 0.74s
    cube 4041.23.24 (depth 2, 24 lits): UNSAT in 0.19s
    cube 4041.23.25 (depth 2, 24 lits): UNSAT in 0.30s
    cube 4041.23.26 (depth 2, 24 lits): UNSAT in 0.38s
    cube 4041.23.27 (depth 2, 24 lits): UNSAT in 1.60s
    cube 4041.23.28 (depth 2, 24 lits): UNSAT in 1.84s
    cube 4041.23.29 (depth 2, 24 lits): UNSAT in 2.61s
    cube 4041.23.30 (depth 2, 24 lits): UNSAT in 1.90s
    cube 4041.23.31 (depth 2, 24 lits): UNSAT in 3.11s
    cube 4041.23.32 (depth 2, 24 lits): UNSAT in 0.03s
    cube 4041.23.33 (depth 2, 24 lits): UNSAT in 0.39s
    cube 4041.23.34 (depth 2, 24 lits): UNSAT in 0.17s
    cube 4041.23.35 (depth 2, 24 lits): UNSAT in 0.44s
    cube 4041.23.36 (depth 2, 24 lits): UNSAT in 0.05s
    cube 4041.23.37 (depth 2, 24 lits): UNSAT in 0.05s
    cube 4041.23.38 (depth 2, 24 lits): UNSAT in 0.52s
    cube 4041.23.39 (depth 2, 24 lits): UNSAT in 1.24s
    cube 4041.23.40 (depth 2, 24 lits): UNSAT in 0.07s
    cube 4041.23.41 (depth 2, 24 lits): UNSAT in 0.30s
    cube 4041.23.42 (depth 2, 24 lits): UNSAT in 2.24s
    cube 4041.23.43 (depth 2, 24 lits): UNSAT in 5.81s
    cube 4041.23.44 (depth 2, 24 lits): UNSAT in 0.77s
    cube 4041.23.45 (depth 2, 24 lits): UNSAT in 4.21s
    cube 4041.23.46 (depth 2, 24 lits): UNSAT in 1.72s
    cube 4041.23.47 (depth 2, 24 lits): UNSAT in 5.87s
    cube 4041.23.48 (depth 2, 24 lits): UNSAT in 0.47s
    cube 4041.23.49 (depth 2, 24 lits): UNSAT in 1.06s
    cube 4041.23.50 (depth 2, 24 lits): UNSAT in 0.11s
    cube 4041.23.51 (depth 2, 24 lits): UNSAT in 3.14s
    cube 4041.23.52 (depth 2, 24 lits): UNSAT in 0.81s
    cube 4041.23.53 (depth 2, 24 lits): UNSAT in 7.75s
    cube 4041.23.54 (depth 2, 24 lits): UNSAT in 8.35s
    cube 4041.23.55 (depth 2, 24 lits): UNSAT in 31.51s
    cube 4041.23.56 (depth 2, 24 lits): UNSAT in 0.71s
    cube 4041.23.57 (depth 2, 24 lits): UNSAT in 3.85s
    cube 4041.23.58 (depth 2, 24 lits): UNSAT in 2.29s
    cube 4041.23.59 (depth 2, 24 lits): UNSAT in 33.65s
    cube 4041.23.60 (depth 2, 24 lits): UNSAT in 8.27s
    cube 4041.23.61 (depth 2, 24 lits): UNSAT in 57.31s
    cube 4041.23.62 (depth 2, 24 lits): UNSAT in 1.60s
    cube 4041.23.63 (depth 2, 24 lits): UNSAT in 25.44s
    cube 4041.24 (depth 1, 18 lits): UNSAT in 9.76s
    cube 4041.25 (depth 1, 18 lits): UNSAT in 23.81s
    cube 4041.26 (depth 1, 18 lits): UNSAT in 14.59s
    cube 4041.27 (depth 1, 18 lits): TIMEOUT in 60.04s
    cube 4041.27 TIMEOUT -> re-split into 64 sub-cubes (depth 2)
    cube 4041.27.0 (depth 2, 24 lits): UNSAT in 0.01s
    cube 4041.27.1 (depth 2, 24 lits): UNSAT in 0.02s
    cube 4041.27.2 (depth 2, 24 lits): UNSAT in 0.03s
    cube 4041.27.3 (depth 2, 24 lits): UNSAT in 0.03s
    cube 4041.27.4 (depth 2, 24 lits): UNSAT in 0.02s
    cube 4041.27.5 (depth 2, 24 lits): UNSAT in 0.07s
    cube 4041.27.6 (depth 2, 24 lits): UNSAT in 0.08s
    cube 4041.27.7 (depth 2, 24 lits): UNSAT in 0.13s
    cube 4041.27.8 (depth 2, 24 lits): UNSAT in 0.01s
    cube 4041.27.9 (depth 2, 24 lits): UNSAT in 0.04s
    cube 4041.27.10 (depth 2, 24 lits): UNSAT in 0.08s
    cube 4041.27.11 (depth 2, 24 lits): UNSAT in 0.27s
    cube 4041.27.12 (depth 2, 24 lits): UNSAT in 0.05s
    cube 4041.27.13 (depth 2, 24 lits): UNSAT in 0.34s
    cube 4041.27.14 (depth 2, 24 lits): UNSAT in 0.85s
    cube 4041.27.15 (depth 2, 24 lits): UNSAT in 1.37s
    cube 4041.27.16 (depth 2, 24 lits): UNSAT in 0.06s
    cube 4041.27.17 (depth 2, 24 lits): UNSAT in 0.20s
    cube 4041.27.18 (depth 2, 24 lits): UNSAT in 0.43s
    cube 4041.27.19 (depth 2, 24 lits): UNSAT in 1.04s
    cube 4041.27.20 (depth 2, 24 lits): UNSAT in 0.10s
    cube 4041.27.21 (depth 2, 24 lits): UNSAT in 0.45s
    cube 4041.27.22 (depth 2, 24 lits): UNSAT in 0.55s
    cube 4041.27.23 (depth 2, 24 lits): UNSAT in 8.39s
    cube 4041.27.24 (depth 2, 24 lits): UNSAT in 0.11s
    cube 4041.27.25 (depth 2, 24 lits): UNSAT in 0.55s
    cube 4041.27.26 (depth 2, 24 lits): UNSAT in 0.75s
    cube 4041.27.27 (depth 2, 24 lits): UNSAT in 2.27s
    cube 4041.27.28 (depth 2, 24 lits): UNSAT in 0.57s
    cube 4041.27.29 (depth 2, 24 lits): UNSAT in 1.48s
    cube 4041.27.30 (depth 2, 24 lits): UNSAT in 3.31s
    cube 4041.27.31 (depth 2, 24 lits): UNSAT in 8.21s
    cube 4041.27.32 (depth 2, 24 lits): UNSAT in 0.03s
    cube 4041.27.33 (depth 2, 24 lits): UNSAT in 0.08s
    cube 4041.27.34 (depth 2, 24 lits): UNSAT in 0.11s
    cube 4041.27.35 (depth 2, 24 lits): UNSAT in 0.29s
    cube 4041.27.36 (depth 2, 24 lits): UNSAT in 0.08s
    cube 4041.27.37 (depth 2, 24 lits): UNSAT in 0.08s
    cube 4041.27.38 (depth 2, 24 lits): UNSAT in 0.49s
    cube 4041.27.39 (depth 2, 24 lits): UNSAT in 4.18s
    cube 4041.27.40 (depth 2, 24 lits): UNSAT in 0.22s
    cube 4041.27.41 (depth 2, 24 lits): UNSAT in 0.65s
    cube 4041.27.42 (depth 2, 24 lits): UNSAT in 2.22s
    cube 4041.27.43 (depth 2, 24 lits): UNSAT in 1.69s
    cube 4041.27.44 (depth 2, 24 lits): UNSAT in 0.61s
    cube 4041.27.45 (depth 2, 24 lits): UNSAT in 0.27s
    cube 4041.27.46 (depth 2, 24 lits): UNSAT in 7.36s
    cube 4041.27.47 (depth 2, 24 lits): UNSAT in 33.33s
    cube 4041.27.48 (depth 2, 24 lits): UNSAT in 0.78s
    cube 4041.27.49 (depth 2, 24 lits): UNSAT in 1.63s
    cube 4041.27.50 (depth 2, 24 lits): UNSAT in 0.18s
    cube 4041.27.51 (depth 2, 24 lits): UNSAT in 4.58s
    cube 4041.27.52 (depth 2, 24 lits): UNSAT in 0.36s
    cube 4041.27.53 (depth 2, 24 lits): UNSAT in 1.22s
    cube 4041.27.54 (depth 2, 24 lits): UNSAT in 1.40s
    cube 4041.27.55 (depth 2, 24 lits): UNSAT in 8.40s
    cube 4041.27.56 (depth 2, 24 lits): UNSAT in 1.39s
    cube 4041.27.57 (depth 2, 24 lits): UNSAT in 3.06s
    cube 4041.27.58 (depth 2, 24 lits): UNSAT in 4.08s
    cube 4041.27.59 (depth 2, 24 lits): UNSAT in 19.99s
    cube 4041.27.60 (depth 2, 24 lits): UNSAT in 1.45s
    cube 4041.27.61 (depth 2, 24 lits): UNSAT in 31.31s
    cube 4041.27.62 (depth 2, 24 lits): UNSAT in 3.75s
    cube 4041.27.63 (depth 2, 24 lits): UNSAT in 49.31s
    cube 4041.28 (depth 1, 18 lits): UNSAT in 10.65s
    cube 4041.29 (depth 1, 18 lits): TIMEOUT in 60.02s
    cube 4041.29 TIMEOUT -> re-split into 64 sub-cubes (depth 2)
    cube 4041.29.0 (depth 2, 24 lits): UNSAT in 0.02s
    cube 4041.29.1 (depth 2, 24 lits): UNSAT in 0.02s
    cube 4041.29.2 (depth 2, 24 lits): UNSAT in 0.04s
    cube 4041.29.3 (depth 2, 24 lits): UNSAT in 0.04s
    cube 4041.29.4 (depth 2, 24 lits): UNSAT in 0.03s
    cube 4041.29.5 (depth 2, 24 lits): UNSAT in 0.09s
    cube 4041.29.6 (depth 2, 24 lits): UNSAT in 0.04s
    cube 4041.29.7 (depth 2, 24 lits): UNSAT in 0.08s
    cube 4041.29.8 (depth 2, 24 lits): UNSAT in 0.01s
    cube 4041.29.9 (depth 2, 24 lits): UNSAT in 0.04s
    cube 4041.29.10 (depth 2, 24 lits): UNSAT in 0.05s
    cube 4041.29.11 (depth 2, 24 lits): UNSAT in 0.04s
    cube 4041.29.12 (depth 2, 24 lits): UNSAT in 0.02s
    cube 4041.29.13 (depth 2, 24 lits): UNSAT in 0.03s
    cube 4041.29.14 (depth 2, 24 lits): UNSAT in 0.02s
    cube 4041.29.15 (depth 2, 24 lits): UNSAT in 0.01s
    cube 4041.29.16 (depth 2, 24 lits): UNSAT in 0.02s
    cube 4041.29.17 (depth 2, 24 lits): UNSAT in 0.05s
    cube 4041.29.18 (depth 2, 24 lits): UNSAT in 0.05s
    cube 4041.29.19 (depth 2, 24 lits): UNSAT in 0.36s
    cube 4041.29.20 (depth 2, 24 lits): UNSAT in 0.04s
    cube 4041.29.21 (depth 2, 24 lits): UNSAT in 0.14s
    cube 4041.29.22 (depth 2, 24 lits): UNSAT in 0.09s
    cube 4041.29.23 (depth 2, 24 lits): UNSAT in 0.57s
    cube 4041.29.24 (depth 2, 24 lits): UNSAT in 0.14s
    cube 4041.29.25 (depth 2, 24 lits): UNSAT in 0.08s
    cube 4041.29.26 (depth 2, 24 lits): UNSAT in 0.18s
    cube 4041.29.27 (depth 2, 24 lits): UNSAT in 0.24s
    cube 4041.29.28 (depth 2, 24 lits): UNSAT in 0.05s
    cube 4041.29.29 (depth 2, 24 lits): UNSAT in 0.21s
    cube 4041.29.30 (depth 2, 24 lits): UNSAT in 0.39s
    cube 4041.29.31 (depth 2, 24 lits): UNSAT in 0.44s
    cube 4041.29.32 (depth 2, 24 lits): UNSAT in 0.01s
    cube 4041.29.33 (depth 2, 24 lits): UNSAT in 0.05s
    cube 4041.29.34 (depth 2, 24 lits): UNSAT in 0.08s
    cube 4041.29.35 (depth 2, 24 lits): UNSAT in 0.10s
    cube 4041.29.36 (depth 2, 24 lits): UNSAT in 0.03s
    cube 4041.29.37 (depth 2, 24 lits): UNSAT in 0.13s
    cube 4041.29.38 (depth 2, 24 lits): UNSAT in 0.25s
    cube 4041.29.39 (depth 2, 24 lits): UNSAT in 0.11s
    cube 4041.29.40 (depth 2, 24 lits): UNSAT in 0.18s
    cube 4041.29.41 (depth 2, 24 lits): UNSAT in 0.18s
    cube 4041.29.42 (depth 2, 24 lits): UNSAT in 0.15s
    cube 4041.29.43 (depth 2, 24 lits): UNSAT in 0.47s
    cube 4041.29.44 (depth 2, 24 lits): UNSAT in 0.34s
    cube 4041.29.45 (depth 2, 24 lits): UNSAT in 1.85s
    cube 4041.29.46 (depth 2, 24 lits): UNSAT in 0.38s
    cube 4041.29.47 (depth 2, 24 lits): UNSAT in 4.97s
    cube 4041.29.48 (depth 2, 24 lits): UNSAT in 0.06s
    cube 4041.29.49 (depth 2, 24 lits): UNSAT in 0.16s
    cube 4041.29.50 (depth 2, 24 lits): UNSAT in 0.30s
    cube 4041.29.51 (depth 2, 24 lits): UNSAT in 0.83s
    cube 4041.29.52 (depth 2, 24 lits): UNSAT in 0.27s
    cube 4041.29.53 (depth 2, 24 lits): UNSAT in 1.28s
    cube 4041.29.54 (depth 2, 24 lits): UNSAT in 1.95s
    cube 4041.29.55 (depth 2, 24 lits): UNSAT in 6.54s
    cube 4041.29.56 (depth 2, 24 lits): UNSAT in 0.18s
    cube 4041.29.57 (depth 2, 24 lits): UNSAT in 0.55s
    cube 4041.29.58 (depth 2, 24 lits): UNSAT in 0.76s
    cube 4041.29.59 (depth 2, 24 lits): UNSAT in 5.55s
    cube 4041.29.60 (depth 2, 24 lits): UNSAT in 3.48s
    cube 4041.29.61 (depth 2, 24 lits): UNSAT in 9.68s
    cube 4041.29.62 (depth 2, 24 lits): UNSAT in 2.02s
    cube 4041.29.63 (depth 2, 24 lits): UNSAT in 13.22s
    cube 4041.30 (depth 1, 18 lits): TIMEOUT in 60.06s
    cube 4041.30 TIMEOUT -> re-split into 64 sub-cubes (depth 2)
    cube 4041.30.0 (depth 2, 24 lits): UNSAT in 0.01s
    cube 4041.30.1 (depth 2, 24 lits): UNSAT in 0.03s
    cube 4041.30.2 (depth 2, 24 lits): UNSAT in 0.02s
    cube 4041.30.3 (depth 2, 24 lits): UNSAT in 0.04s
    cube 4041.30.4 (depth 2, 24 lits): UNSAT in 0.04s
    cube 4041.30.5 (depth 2, 24 lits): UNSAT in 0.06s
    cube 4041.30.6 (depth 2, 24 lits): UNSAT in 0.04s
    cube 4041.30.7 (depth 2, 24 lits): UNSAT in 0.09s
    cube 4041.30.8 (depth 2, 24 lits): UNSAT in 0.07s
    cube 4041.30.9 (depth 2, 24 lits): UNSAT in 0.07s
    cube 4041.30.10 (depth 2, 24 lits): UNSAT in 0.12s
    cube 4041.30.11 (depth 2, 24 lits): UNSAT in 0.35s
    cube 4041.30.12 (depth 2, 24 lits): UNSAT in 0.02s
    cube 4041.30.13 (depth 2, 24 lits): UNSAT in 0.11s
    cube 4041.30.14 (depth 2, 24 lits): UNSAT in 0.19s
    cube 4041.30.15 (depth 2, 24 lits): UNSAT in 0.80s
    cube 4041.30.16 (depth 2, 24 lits): UNSAT in 0.02s
    cube 4041.30.17 (depth 2, 24 lits): UNSAT in 0.14s
    cube 4041.30.18 (depth 2, 24 lits): UNSAT in 0.15s
    cube 4041.30.19 (depth 2, 24 lits): UNSAT in 0.28s
    cube 4041.30.20 (depth 2, 24 lits): UNSAT in 0.03s
    cube 4041.30.21 (depth 2, 24 lits): UNSAT in 0.40s
    cube 4041.30.22 (depth 2, 24 lits): UNSAT in 0.24s
    cube 4041.30.23 (depth 2, 24 lits): UNSAT in 0.75s
    cube 4041.30.24 (depth 2, 24 lits): UNSAT in 0.11s
    cube 4041.30.25 (depth 2, 24 lits): UNSAT in 0.48s
    cube 4041.30.26 (depth 2, 24 lits): UNSAT in 0.12s
    cube 4041.30.27 (depth 2, 24 lits): UNSAT in 1.19s
    cube 4041.30.28 (depth 2, 24 lits): UNSAT in 0.37s
    cube 4041.30.29 (depth 2, 24 lits): UNSAT in 0.39s
    cube 4041.30.30 (depth 2, 24 lits): UNSAT in 1.61s
    cube 4041.30.31 (depth 2, 24 lits): UNSAT in 5.61s
    cube 4041.30.32 (depth 2, 24 lits): UNSAT in 0.04s
    cube 4041.30.33 (depth 2, 24 lits): UNSAT in 0.10s
    cube 4041.30.34 (depth 2, 24 lits): UNSAT in 0.24s
    cube 4041.30.35 (depth 2, 24 lits): UNSAT in 0.16s
    cube 4041.30.36 (depth 2, 24 lits): UNSAT in 0.08s
    cube 4041.30.37 (depth 2, 24 lits): UNSAT in 0.13s
    cube 4041.30.38 (depth 2, 24 lits): UNSAT in 0.06s
    cube 4041.30.39 (depth 2, 24 lits): UNSAT in 0.39s
    cube 4041.30.40 (depth 2, 24 lits): UNSAT in 0.79s
    cube 4041.30.41 (depth 2, 24 lits): UNSAT in 1.17s
    cube 4041.30.42 (depth 2, 24 lits): UNSAT in 0.42s
    cube 4041.30.43 (depth 2, 24 lits): UNSAT in 3.25s
    cube 4041.30.44 (depth 2, 24 lits): UNSAT in 0.22s
    cube 4041.30.45 (depth 2, 24 lits): UNSAT in 1.39s
    cube 4041.30.46 (depth 2, 24 lits): UNSAT in 4.53s
    cube 4041.30.47 (depth 2, 24 lits): UNSAT in 6.20s
    cube 4041.30.48 (depth 2, 24 lits): UNSAT in 0.07s
    cube 4041.30.49 (depth 2, 24 lits): UNSAT in 0.07s
    cube 4041.30.50 (depth 2, 24 lits): UNSAT in 0.11s
    cube 4041.30.51 (depth 2, 24 lits): UNSAT in 0.16s
    cube 4041.30.52 (depth 2, 24 lits): UNSAT in 0.30s
    cube 4041.30.53 (depth 2, 24 lits): UNSAT in 1.06s
    cube 4041.30.54 (depth 2, 24 lits): UNSAT in 0.65s
    cube 4041.30.55 (depth 2, 24 lits): UNSAT in 5.97s
    cube 4041.30.56 (depth 2, 24 lits): UNSAT in 0.20s
    cube 4041.30.57 (depth 2, 24 lits): UNSAT in 1.15s
    cube 4041.30.58 (depth 2, 24 lits): UNSAT in 5.33s
    cube 4041.30.59 (depth 2, 24 lits): UNSAT in 32.66s
    cube 4041.30.60 (depth 2, 24 lits): UNSAT in 3.17s
    cube 4041.30.61 (depth 2, 24 lits): UNSAT in 24.73s
    cube 4041.30.62 (depth 2, 24 lits): UNSAT in 14.67s
    cube 4041.30.63 (depth 2, 24 lits): TIMEOUT in 60.06s
    cube 4041.30.63 TIMEOUT -> re-split into 64 sub-cubes (depth 3)
    cube 4041.30.63.0 (depth 3, 30 lits): UNSAT in 0.01s
    cube 4041.30.63.1 (depth 3, 30 lits): UNSAT in 0.01s
    cube 4041.30.63.2 (depth 3, 30 lits): UNSAT in 0.01s
    cube 4041.30.63.3 (depth 3, 30 lits): UNSAT in 0.04s
    cube 4041.30.63.4 (depth 3, 30 lits): UNSAT in 0.01s
    cube 4041.30.63.5 (depth 3, 30 lits): UNSAT in 0.02s
    cube 4041.30.63.6 (depth 3, 30 lits): UNSAT in 0.03s
    cube 4041.30.63.7 (depth 3, 30 lits): UNSAT in 0.12s
    cube 4041.30.63.8 (depth 3, 30 lits): UNSAT in 0.01s
    cube 4041.30.63.9 (depth 3, 30 lits): UNSAT in 0.03s
    cube 4041.30.63.10 (depth 3, 30 lits): UNSAT in 0.03s
    cube 4041.30.63.11 (depth 3, 30 lits): UNSAT in 0.35s
    cube 4041.30.63.12 (depth 3, 30 lits): UNSAT in 0.04s
    cube 4041.30.63.13 (depth 3, 30 lits): UNSAT in 0.26s
    cube 4041.30.63.14 (depth 3, 30 lits): UNSAT in 0.47s
    cube 4041.30.63.15 (depth 3, 30 lits): UNSAT in 0.35s
    cube 4041.30.63.16 (depth 3, 30 lits): UNSAT in 0.02s
    cube 4041.30.63.17 (depth 3, 30 lits): UNSAT in 0.03s
    cube 4041.30.63.18 (depth 3, 30 lits): UNSAT in 0.03s
    cube 4041.30.63.19 (depth 3, 30 lits): UNSAT in 0.05s
    cube 4041.30.63.20 (depth 3, 30 lits): UNSAT in 0.02s
    cube 4041.30.63.21 (depth 3, 30 lits): UNSAT in 0.03s
    cube 4041.30.63.22 (depth 3, 30 lits): UNSAT in 0.07s
    cube 4041.30.63.23 (depth 3, 30 lits): UNSAT in 0.03s
    cube 4041.30.63.24 (depth 3, 30 lits): UNSAT in 0.01s
    cube 4041.30.63.25 (depth 3, 30 lits): UNSAT in 0.05s
    cube 4041.30.63.26 (depth 3, 30 lits): UNSAT in 0.03s
    cube 4041.30.63.27 (depth 3, 30 lits): UNSAT in 0.38s
    cube 4041.30.63.28 (depth 3, 30 lits): UNSAT in 0.04s
    cube 4041.30.63.29 (depth 3, 30 lits): UNSAT in 0.04s
    cube 4041.30.63.30 (depth 3, 30 lits): UNSAT in 0.24s
    cube 4041.30.63.31 (depth 3, 30 lits): UNSAT in 1.16s
    cube 4041.30.63.32 (depth 3, 30 lits): UNSAT in 0.02s
    cube 4041.30.63.33 (depth 3, 30 lits): UNSAT in 0.05s
    cube 4041.30.63.34 (depth 3, 30 lits): UNSAT in 0.05s
    cube 4041.30.63.35 (depth 3, 30 lits): UNSAT in 0.11s
    cube 4041.30.63.36 (depth 3, 30 lits): UNSAT in 0.07s
    cube 4041.30.63.37 (depth 3, 30 lits): UNSAT in 0.19s
    cube 4041.30.63.38 (depth 3, 30 lits): UNSAT in 0.25s
    cube 4041.30.63.39 (depth 3, 30 lits): UNSAT in 0.70s
    cube 4041.30.63.40 (depth 3, 30 lits): UNSAT in 0.04s
    cube 4041.30.63.41 (depth 3, 30 lits): UNSAT in 0.12s
    cube 4041.30.63.42 (depth 3, 30 lits): UNSAT in 0.07s
    cube 4041.30.63.43 (depth 3, 30 lits): UNSAT in 0.23s
    cube 4041.30.63.44 (depth 3, 30 lits): UNSAT in 0.03s
    cube 4041.30.63.45 (depth 3, 30 lits): UNSAT in 0.06s
    cube 4041.30.63.46 (depth 3, 30 lits): UNSAT in 0.21s
    cube 4041.30.63.47 (depth 3, 30 lits): UNSAT in 1.04s
    cube 4041.30.63.48 (depth 3, 30 lits): UNSAT in 0.10s
    cube 4041.30.63.49 (depth 3, 30 lits): UNSAT in 0.27s
    cube 4041.30.63.50 (depth 3, 30 lits): UNSAT in 0.37s
    cube 4041.30.63.51 (depth 3, 30 lits): UNSAT in 2.15s
    cube 4041.30.63.52 (depth 3, 30 lits): UNSAT in 0.31s
    cube 4041.30.63.53 (depth 3, 30 lits): UNSAT in 1.13s
    cube 4041.30.63.54 (depth 3, 30 lits): UNSAT in 0.71s
    cube 4041.30.63.55 (depth 3, 30 lits): UNSAT in 1.18s
    cube 4041.30.63.56 (depth 3, 30 lits): UNSAT in 0.15s
    cube 4041.30.63.57 (depth 3, 30 lits): UNSAT in 0.13s
    cube 4041.30.63.58 (depth 3, 30 lits): UNSAT in 0.34s
    cube 4041.30.63.59 (depth 3, 30 lits): UNSAT in 2.02s
    cube 4041.30.63.60 (depth 3, 30 lits): UNSAT in 0.26s
    cube 4041.30.63.61 (depth 3, 30 lits): UNSAT in 2.52s
    cube 4041.30.63.62 (depth 3, 30 lits): UNSAT in 0.14s
    cube 4041.30.63.63 (depth 3, 30 lits): UNSAT in 3.20s
    cube 4041.31 (depth 1, 18 lits): TIMEOUT in 60.03s
    cube 4041.31 TIMEOUT -> re-split into 64 sub-cubes (depth 2)
    cube 4041.31.0 (depth 2, 24 lits): UNSAT in 0.02s
    cube 4041.31.1 (depth 2, 24 lits): UNSAT in 0.08s
    cube 4041.31.2 (depth 2, 24 lits): UNSAT in 0.10s
    cube 4041.31.3 (depth 2, 24 lits): UNSAT in 0.14s
    cube 4041.31.4 (depth 2, 24 lits): UNSAT in 0.10s
    cube 4041.31.5 (depth 2, 24 lits): UNSAT in 0.21s
    cube 4041.31.6 (depth 2, 24 lits): UNSAT in 0.36s
    cube 4041.31.7 (depth 2, 24 lits): UNSAT in 0.98s
    cube 4041.31.8 (depth 2, 24 lits): UNSAT in 0.11s
    cube 4041.31.9 (depth 2, 24 lits): UNSAT in 0.49s
    cube 4041.31.10 (depth 2, 24 lits): UNSAT in 0.15s
    cube 4041.31.11 (depth 2, 24 lits): UNSAT in 1.28s
    cube 4041.31.12 (depth 2, 24 lits): UNSAT in 0.33s
    cube 4041.31.13 (depth 2, 24 lits): UNSAT in 3.34s
    cube 4041.31.14 (depth 2, 24 lits): UNSAT in 1.43s
    cube 4041.31.15 (depth 2, 24 lits): UNSAT in 25.93s
    cube 4041.31.16 (depth 2, 24 lits): UNSAT in 0.06s
    cube 4041.31.17 (depth 2, 24 lits): UNSAT in 0.10s
    cube 4041.31.18 (depth 2, 24 lits): UNSAT in 0.15s
    cube 4041.31.19 (depth 2, 24 lits): UNSAT in 0.93s
    cube 4041.31.20 (depth 2, 24 lits): UNSAT in 1.34s
    cube 4041.31.21 (depth 2, 24 lits): UNSAT in 0.50s
    cube 4041.31.22 (depth 2, 24 lits): UNSAT in 3.43s
    cube 4041.31.23 (depth 2, 24 lits): UNSAT in 17.43s
    cube 4041.31.24 (depth 2, 24 lits): UNSAT in 0.27s
    cube 4041.31.25 (depth 2, 24 lits): UNSAT in 0.26s
    cube 4041.31.26 (depth 2, 24 lits): UNSAT in 0.87s
    cube 4041.31.27 (depth 2, 24 lits): UNSAT in 5.10s
    cube 4041.31.28 (depth 2, 24 lits): UNSAT in 5.53s
    cube 4041.31.29 (depth 2, 24 lits): TIMEOUT in 60.06s
    cube 4041.31.29 TIMEOUT -> re-split into 63 sub-cubes (depth 3)
    cube 4041.31.29.0 (depth 3, 29 lits): UNSAT in 0.02s
    cube 4041.31.29.1 (depth 3, 30 lits): UNSAT in 0.01s
    cube 4041.31.29.2 (depth 3, 30 lits): UNSAT in 0.02s
    cube 4041.31.29.3 (depth 3, 30 lits): UNSAT in 0.01s
    cube 4041.31.29.4 (depth 3, 30 lits): UNSAT in 0.02s
    cube 4041.31.29.5 (depth 3, 30 lits): UNSAT in 0.02s
    cube 4041.31.29.6 (depth 3, 30 lits): UNSAT in 0.03s
    cube 4041.31.29.7 (depth 3, 30 lits): UNSAT in 0.01s
    cube 4041.31.29.8 (depth 3, 30 lits): UNSAT in 0.01s
    cube 4041.31.29.9 (depth 3, 30 lits): UNSAT in 0.01s
    cube 4041.31.29.10 (depth 3, 30 lits): UNSAT in 0.04s
    cube 4041.31.29.11 (depth 3, 30 lits): UNSAT in 0.02s
    cube 4041.31.29.12 (depth 3, 30 lits): UNSAT in 0.02s
    cube 4041.31.29.13 (depth 3, 30 lits): UNSAT in 0.03s
    cube 4041.31.29.14 (depth 3, 30 lits): UNSAT in 0.04s
    cube 4041.31.29.15 (depth 3, 30 lits): UNSAT in 0.02s
    cube 4041.31.29.16 (depth 3, 30 lits): UNSAT in 0.05s
    cube 4041.31.29.17 (depth 3, 30 lits): UNSAT in 0.02s
    cube 4041.31.29.18 (depth 3, 30 lits): UNSAT in 0.05s
    cube 4041.31.29.19 (depth 3, 30 lits): UNSAT in 0.02s
    cube 4041.31.29.20 (depth 3, 30 lits): UNSAT in 0.05s
    cube 4041.31.29.21 (depth 3, 30 lits): UNSAT in 0.08s
    cube 4041.31.29.22 (depth 3, 30 lits): UNSAT in 0.13s
    cube 4041.31.29.23 (depth 3, 30 lits): UNSAT in 0.04s
    cube 4041.31.29.24 (depth 3, 30 lits): UNSAT in 0.06s
    cube 4041.31.29.25 (depth 3, 30 lits): UNSAT in 0.12s
    cube 4041.31.29.26 (depth 3, 30 lits): UNSAT in 0.19s
    cube 4041.31.29.27 (depth 3, 30 lits): UNSAT in 0.11s
    cube 4041.31.29.28 (depth 3, 30 lits): UNSAT in 0.13s
    cube 4041.31.29.29 (depth 3, 30 lits): UNSAT in 0.07s
    cube 4041.31.29.30 (depth 3, 30 lits): UNSAT in 0.17s
    cube 4041.31.29.31 (depth 3, 30 lits): UNSAT in 0.02s
    cube 4041.31.29.32 (depth 3, 30 lits): UNSAT in 0.03s
    cube 4041.31.29.33 (depth 3, 30 lits): UNSAT in 0.03s
    cube 4041.31.29.34 (depth 3, 30 lits): UNSAT in 0.10s
    cube 4041.31.29.35 (depth 3, 30 lits): UNSAT in 0.06s
    cube 4041.31.29.36 (depth 3, 30 lits): UNSAT in 0.11s
    cube 4041.31.29.37 (depth 3, 30 lits): UNSAT in 0.47s
    cube 4041.31.29.38 (depth 3, 30 lits): UNSAT in 1.59s
    cube 4041.31.29.39 (depth 3, 30 lits): UNSAT in 0.03s
    cube 4041.31.29.40 (depth 3, 30 lits): UNSAT in 0.07s
    cube 4041.31.29.41 (depth 3, 30 lits): UNSAT in 0.09s
    cube 4041.31.29.42 (depth 3, 30 lits): UNSAT in 0.51s
    cube 4041.31.29.43 (depth 3, 30 lits): UNSAT in 0.09s
    cube 4041.31.29.44 (depth 3, 30 lits): UNSAT in 0.27s
    cube 4041.31.29.45 (depth 3, 30 lits): UNSAT in 1.04s
    cube 4041.31.29.46 (depth 3, 30 lits): UNSAT in 2.44s
    cube 4041.31.29.47 (depth 3, 30 lits): UNSAT in 0.03s
    cube 4041.31.29.48 (depth 3, 30 lits): UNSAT in 0.11s
    cube 4041.31.29.49 (depth 3, 30 lits): UNSAT in 0.10s
    cube 4041.31.29.50 (depth 3, 30 lits): UNSAT in 0.53s
    cube 4041.31.29.51 (depth 3, 30 lits): UNSAT in 0.26s
    cube 4041.31.29.52 (depth 3, 30 lits): UNSAT in 0.50s
    cube 4041.31.29.53 (depth 3, 30 lits): UNSAT in 0.49s
    cube 4041.31.29.54 (depth 3, 30 lits): UNSAT in 0.93s
    cube 4041.31.29.55 (depth 3, 30 lits): UNSAT in 0.08s
    cube 4041.31.29.56 (depth 3, 30 lits): UNSAT in 0.68s
    cube 4041.31.29.57 (depth 3, 30 lits): UNSAT in 0.83s
    cube 4041.31.29.58 (depth 3, 30 lits): UNSAT in 5.09s
    cube 4041.31.29.59 (depth 3, 30 lits): UNSAT in 3.74s
    cube 4041.31.29.60 (depth 3, 30 lits): UNSAT in 4.77s
    cube 4041.31.29.61 (depth 3, 30 lits): UNSAT in 2.15s
    cube 4041.31.29.62 (depth 3, 30 lits): UNSAT in 5.63s
    cube 4041.31.30 (depth 2, 24 lits): UNSAT in 41.45s
    cube 4041.31.31 (depth 2, 24 lits): TIMEOUT in 60.06s
    cube 4041.31.31 TIMEOUT -> re-split into 64 sub-cubes (depth 3)
    cube 4041.31.31.0 (depth 3, 30 lits): UNSAT in 0.02s
    cube 4041.31.31.1 (depth 3, 30 lits): UNSAT in 0.02s
    cube 4041.31.31.2 (depth 3, 30 lits): UNSAT in 0.02s
    cube 4041.31.31.3 (depth 3, 30 lits): UNSAT in 0.02s
    cube 4041.31.31.4 (depth 3, 30 lits): UNSAT in 0.03s
    cube 4041.31.31.5 (depth 3, 30 lits): UNSAT in 0.04s
    cube 4041.31.31.6 (depth 3, 30 lits): UNSAT in 0.08s
    cube 4041.31.31.7 (depth 3, 30 lits): UNSAT in 0.09s
    cube 4041.31.31.8 (depth 3, 30 lits): UNSAT in 0.03s
    cube 4041.31.31.9 (depth 3, 30 lits): UNSAT in 0.10s
    cube 4041.31.31.10 (depth 3, 30 lits): UNSAT in 0.05s
    cube 4041.31.31.11 (depth 3, 30 lits): UNSAT in 0.28s
    cube 4041.31.31.12 (depth 3, 30 lits): UNSAT in 0.06s
    cube 4041.31.31.13 (depth 3, 30 lits): UNSAT in 0.56s
    cube 4041.31.31.14 (depth 3, 30 lits): UNSAT in 0.11s
    cube 4041.31.31.15 (depth 3, 30 lits): UNSAT in 0.23s
    cube 4041.31.31.16 (depth 3, 30 lits): UNSAT in 0.03s
    cube 4041.31.31.17 (depth 3, 30 lits): UNSAT in 0.08s
    cube 4041.31.31.18 (depth 3, 30 lits): UNSAT in 0.06s
    cube 4041.31.31.19 (depth 3, 30 lits): UNSAT in 0.49s
    cube 4041.31.31.20 (depth 3, 30 lits): UNSAT in 0.07s
    cube 4041.31.31.21 (depth 3, 30 lits): UNSAT in 0.66s
    cube 4041.31.31.22 (depth 3, 30 lits): UNSAT in 0.34s
    cube 4041.31.31.23 (depth 3, 30 lits): UNSAT in 0.63s
    cube 4041.31.31.24 (depth 3, 30 lits): UNSAT in 0.28s
    cube 4041.31.31.25 (depth 3, 30 lits): UNSAT in 1.23s
    cube 4041.31.31.26 (depth 3, 30 lits): UNSAT in 0.70s
    cube 4041.31.31.27 (depth 3, 30 lits): UNSAT in 3.33s
    cube 4041.31.31.28 (depth 3, 30 lits): UNSAT in 0.79s
    cube 4041.31.31.29 (depth 3, 30 lits): UNSAT in 3.10s
    cube 4041.31.31.30 (depth 3, 30 lits): UNSAT in 4.62s
    cube 4041.31.31.31 (depth 3, 30 lits): UNSAT in 8.88s
    cube 4041.31.31.32 (depth 3, 30 lits): UNSAT in 0.01s
    cube 4041.31.31.33 (depth 3, 30 lits): UNSAT in 0.01s
    cube 4041.31.31.34 (depth 3, 30 lits): UNSAT in 0.02s
    cube 4041.31.31.35 (depth 3, 30 lits): UNSAT in 0.04s
    cube 4041.31.31.36 (depth 3, 30 lits): UNSAT in 0.02s
    cube 4041.31.31.37 (depth 3, 30 lits): UNSAT in 0.08s
    cube 4041.31.31.38 (depth 3, 30 lits): UNSAT in 0.14s
    cube 4041.31.31.39 (depth 3, 30 lits): UNSAT in 0.47s
    cube 4041.31.31.40 (depth 3, 30 lits): UNSAT in 0.02s
    cube 4041.31.31.41 (depth 3, 30 lits): UNSAT in 0.04s
    cube 4041.31.31.42 (depth 3, 30 lits): UNSAT in 0.02s
    cube 4041.31.31.43 (depth 3, 30 lits): UNSAT in 0.03s
    cube 4041.31.31.44 (depth 3, 30 lits): UNSAT in 0.04s
    cube 4041.31.31.45 (depth 3, 30 lits): UNSAT in 0.06s
    cube 4041.31.31.46 (depth 3, 30 lits): UNSAT in 0.29s
    cube 4041.31.31.47 (depth 3, 30 lits): UNSAT in 0.23s
    cube 4041.31.31.48 (depth 3, 30 lits): UNSAT in 0.06s
    cube 4041.31.31.49 (depth 3, 30 lits): UNSAT in 0.11s
    cube 4041.31.31.50 (depth 3, 30 lits): UNSAT in 0.42s
    cube 4041.31.31.51 (depth 3, 30 lits): UNSAT in 1.16s
    cube 4041.31.31.52 (depth 3, 30 lits): UNSAT in 0.08s
    cube 4041.31.31.53 (depth 3, 30 lits): UNSAT in 0.34s
    cube 4041.31.31.54 (depth 3, 30 lits): UNSAT in 0.10s
    cube 4041.31.31.55 (depth 3, 30 lits): UNSAT in 0.84s
    cube 4041.31.31.56 (depth 3, 30 lits): UNSAT in 0.14s
    cube 4041.31.31.57 (depth 3, 30 lits): UNSAT in 0.70s
    cube 4041.31.31.58 (depth 3, 30 lits): UNSAT in 0.34s
    cube 4041.31.31.59 (depth 3, 30 lits): UNSAT in 1.02s
    cube 4041.31.31.60 (depth 3, 30 lits): UNSAT in 6.00s
    cube 4041.31.31.61 (depth 3, 30 lits): UNSAT in 2.93s
    cube 4041.31.31.62 (depth 3, 30 lits): UNSAT in 9.47s
    cube 4041.31.31.63 (depth 3, 30 lits): UNSAT in 11.45s
    cube 4041.31.32 (depth 2, 24 lits): UNSAT in 0.22s
    cube 4041.31.33 (depth 2, 24 lits): UNSAT in 0.50s
    cube 4041.31.34 (depth 2, 24 lits): UNSAT in 0.37s
    cube 4041.31.35 (depth 2, 24 lits): UNSAT in 7.63s
    cube 4041.31.36 (depth 2, 24 lits): UNSAT in 0.71s
    cube 4041.31.37 (depth 2, 24 lits): UNSAT in 1.69s
    cube 4041.31.38 (depth 2, 24 lits): UNSAT in 3.30s
    cube 4041.31.39 (depth 2, 24 lits): UNSAT in 53.98s
    cube 4041.31.40 (depth 2, 24 lits): UNSAT in 3.10s
    cube 4041.31.41 (depth 2, 24 lits): UNSAT in 4.56s
    cube 4041.31.42 (depth 2, 24 lits): UNSAT in 7.90s
    cube 4041.31.43 (depth 2, 24 lits): TIMEOUT in 60.03s
    cube 4041.31.43 TIMEOUT -> re-split into 63 sub-cubes (depth 3)
    cube 4041.31.43.0 (depth 3, 29 lits): UNSAT in 0.01s
    cube 4041.31.43.1 (depth 3, 30 lits): UNSAT in 0.01s
    cube 4041.31.43.2 (depth 3, 30 lits): UNSAT in 0.02s
    cube 4041.31.43.3 (depth 3, 30 lits): UNSAT in 0.01s
    cube 4041.31.43.4 (depth 3, 30 lits): UNSAT in 0.01s
    cube 4041.31.43.5 (depth 3, 30 lits): UNSAT in 0.01s
    cube 4041.31.43.6 (depth 3, 30 lits): UNSAT in 0.03s
    cube 4041.31.43.7 (depth 3, 30 lits): UNSAT in 0.02s
    cube 4041.31.43.8 (depth 3, 30 lits): UNSAT in 0.02s
    cube 4041.31.43.9 (depth 3, 30 lits): UNSAT in 0.04s
    cube 4041.31.43.10 (depth 3, 30 lits): UNSAT in 0.05s
    cube 4041.31.43.11 (depth 3, 30 lits): UNSAT in 0.05s
    cube 4041.31.43.12 (depth 3, 30 lits): UNSAT in 0.10s
    cube 4041.31.43.13 (depth 3, 30 lits): UNSAT in 0.01s
    cube 4041.31.43.14 (depth 3, 30 lits): UNSAT in 0.08s
    cube 4041.31.43.15 (depth 3, 30 lits): UNSAT in 0.03s
    cube 4041.31.43.16 (depth 3, 30 lits): UNSAT in 0.04s
    cube 4041.31.43.17 (depth 3, 30 lits): UNSAT in 0.04s
    cube 4041.31.43.18 (depth 3, 30 lits): UNSAT in 0.11s
    cube 4041.31.43.19 (depth 3, 30 lits): UNSAT in 0.06s
    cube 4041.31.43.20 (depth 3, 30 lits): UNSAT in 0.22s
    cube 4041.31.43.21 (depth 3, 30 lits): UNSAT in 0.19s
    cube 4041.31.43.22 (depth 3, 30 lits): UNSAT in 0.07s
    cube 4041.31.43.23 (depth 3, 30 lits): UNSAT in 0.03s
    cube 4041.31.43.24 (depth 3, 30 lits): UNSAT in 0.08s
    cube 4041.31.43.25 (depth 3, 30 lits): UNSAT in 0.02s
    cube 4041.31.43.26 (depth 3, 30 lits): UNSAT in 0.02s
    cube 4041.31.43.27 (depth 3, 30 lits): UNSAT in 0.02s
    cube 4041.31.43.28 (depth 3, 30 lits): UNSAT in 0.03s
    cube 4041.31.43.29 (depth 3, 30 lits): UNSAT in 0.02s
    cube 4041.31.43.30 (depth 3, 30 lits): UNSAT in 0.02s
    cube 4041.31.43.31 (depth 3, 30 lits): UNSAT in 0.02s
    cube 4041.31.43.32 (depth 3, 30 lits): UNSAT in 0.02s
    cube 4041.31.43.33 (depth 3, 30 lits): UNSAT in 0.03s
    cube 4041.31.43.34 (depth 3, 30 lits): UNSAT in 0.07s
    cube 4041.31.43.35 (depth 3, 30 lits): UNSAT in 0.03s
    cube 4041.31.43.36 (depth 3, 30 lits): UNSAT in 0.10s
    cube 4041.31.43.37 (depth 3, 30 lits): UNSAT in 0.20s
    cube 4041.31.43.38 (depth 3, 30 lits): UNSAT in 0.38s
    cube 4041.31.43.39 (depth 3, 30 lits): UNSAT in 0.03s
    cube 4041.31.43.40 (depth 3, 30 lits): UNSAT in 0.20s
    cube 4041.31.43.41 (depth 3, 30 lits): UNSAT in 0.10s
    cube 4041.31.43.42 (depth 3, 30 lits): UNSAT in 0.26s
    cube 4041.31.43.43 (depth 3, 30 lits): UNSAT in 0.20s
    cube 4041.31.43.44 (depth 3, 30 lits): UNSAT in 0.40s
    cube 4041.31.43.45 (depth 3, 30 lits): UNSAT in 0.44s
    cube 4041.31.43.46 (depth 3, 30 lits): UNSAT in 0.27s
    cube 4041.31.43.47 (depth 3, 30 lits): UNSAT in 0.03s
    cube 4041.31.43.48 (depth 3, 30 lits): UNSAT in 0.05s
    cube 4041.31.43.49 (depth 3, 30 lits): UNSAT in 0.10s
    cube 4041.31.43.50 (depth 3, 30 lits): UNSAT in 0.18s
    cube 4041.31.43.51 (depth 3, 30 lits): UNSAT in 0.09s
    cube 4041.31.43.52 (depth 3, 30 lits): UNSAT in 0.33s
    cube 4041.31.43.53 (depth 3, 30 lits): UNSAT in 0.27s
    cube 4041.31.43.54 (depth 3, 30 lits): UNSAT in 2.99s
    cube 4041.31.43.55 (depth 3, 30 lits): UNSAT in 0.09s
    cube 4041.31.43.56 (depth 3, 30 lits): UNSAT in 0.18s
    cube 4041.31.43.57 (depth 3, 30 lits): UNSAT in 0.19s
    cube 4041.31.43.58 (depth 3, 30 lits): UNSAT in 1.59s
    cube 4041.31.43.59 (depth 3, 30 lits): UNSAT in 0.48s
    cube 4041.31.43.60 (depth 3, 30 lits): UNSAT in 2.94s
    cube 4041.31.43.61 (depth 3, 30 lits): UNSAT in 0.36s
    cube 4041.31.43.62 (depth 3, 30 lits): UNSAT in 5.18s
    cube 4041.31.44 (depth 2, 24 lits): UNSAT in 1.39s
    cube 4041.31.45 (depth 2, 24 lits): UNSAT in 34.08s
    cube 4041.31.46 (depth 2, 24 lits): UNSAT in 13.81s
    cube 4041.31.47 (depth 2, 24 lits): TIMEOUT in 60.06s
    cube 4041.31.47 TIMEOUT -> re-split into 63 sub-cubes (depth 3)
    cube 4041.31.47.0 (depth 3, 29 lits): UNSAT in 0.01s
    cube 4041.31.47.1 (depth 3, 30 lits): UNSAT in 0.02s
    cube 4041.31.47.2 (depth 3, 30 lits): UNSAT in 0.03s
    cube 4041.31.47.3 (depth 3, 30 lits): UNSAT in 0.01s
    cube 4041.31.47.4 (depth 3, 30 lits): UNSAT in 0.04s
    cube 4041.31.47.5 (depth 3, 30 lits): UNSAT in 0.03s
    cube 4041.31.47.6 (depth 3, 30 lits): UNSAT in 0.08s
    cube 4041.31.47.7 (depth 3, 30 lits): UNSAT in 0.02s
    cube 4041.31.47.8 (depth 3, 30 lits): UNSAT in 0.02s
    cube 4041.31.47.9 (depth 3, 30 lits): UNSAT in 0.05s
    cube 4041.31.47.10 (depth 3, 30 lits): UNSAT in 0.21s
    cube 4041.31.47.11 (depth 3, 30 lits): UNSAT in 0.12s
    cube 4041.31.47.12 (depth 3, 30 lits): UNSAT in 0.32s
    cube 4041.31.47.13 (depth 3, 30 lits): UNSAT in 0.26s
    cube 4041.31.47.14 (depth 3, 30 lits): UNSAT in 0.33s
    cube 4041.31.47.15 (depth 3, 30 lits): UNSAT in 0.03s
    cube 4041.31.47.16 (depth 3, 30 lits): UNSAT in 0.12s
    cube 4041.31.47.17 (depth 3, 30 lits): UNSAT in 0.22s
    cube 4041.31.47.18 (depth 3, 30 lits): UNSAT in 0.55s
    cube 4041.31.47.19 (depth 3, 30 lits): UNSAT in 0.09s
    cube 4041.31.47.20 (depth 3, 30 lits): UNSAT in 0.07s
    cube 4041.31.47.21 (depth 3, 30 lits): UNSAT in 0.16s
    cube 4041.31.47.22 (depth 3, 30 lits): UNSAT in 1.30s
    cube 4041.31.47.23 (depth 3, 30 lits): UNSAT in 0.13s
    cube 4041.31.47.24 (depth 3, 30 lits): UNSAT in 1.85s
    cube 4041.31.47.25 (depth 3, 30 lits): UNSAT in 0.49s
    cube 4041.31.47.26 (depth 3, 30 lits): UNSAT in 3.73s
    cube 4041.31.47.27 (depth 3, 30 lits): UNSAT in 3.37s
    cube 4041.31.47.28 (depth 3, 30 lits): UNSAT in 10.34s
    cube 4041.31.47.29 (depth 3, 30 lits): UNSAT in 9.58s
    cube 4041.31.47.30 (depth 3, 30 lits): UNSAT in 6.46s
    cube 4041.31.47.31 (depth 3, 30 lits): UNSAT in 0.03s
    cube 4041.31.47.32 (depth 3, 30 lits): UNSAT in 0.04s
    cube 4041.31.47.33 (depth 3, 30 lits): UNSAT in 0.12s
    cube 4041.31.47.34 (depth 3, 30 lits): UNSAT in 0.12s
    cube 4041.31.47.35 (depth 3, 30 lits): UNSAT in 0.08s
    cube 4041.31.47.36 (depth 3, 30 lits): UNSAT in 0.12s
    cube 4041.31.47.37 (depth 3, 30 lits): UNSAT in 0.07s
    cube 4041.31.47.38 (depth 3, 30 lits): UNSAT in 0.86s
    cube 4041.31.47.39 (depth 3, 30 lits): UNSAT in 0.11s
    cube 4041.31.47.40 (depth 3, 30 lits): UNSAT in 0.31s
    cube 4041.31.47.41 (depth 3, 30 lits): UNSAT in 0.18s
    cube 4041.31.47.42 (depth 3, 30 lits): UNSAT in 0.45s
    cube 4041.31.47.43 (depth 3, 30 lits): UNSAT in 0.66s
    cube 4041.31.47.44 (depth 3, 30 lits): UNSAT in 9.35s
    cube 4041.31.47.45 (depth 3, 30 lits): UNSAT in 6.17s
    cube 4041.31.47.46 (depth 3, 30 lits): UNSAT in 19.56s
    cube 4041.31.47.47 (depth 3, 30 lits): UNSAT in 0.12s
    cube 4041.31.47.48 (depth 3, 30 lits): UNSAT in 0.36s
    cube 4041.31.47.49 (depth 3, 30 lits): UNSAT in 0.15s
    cube 4041.31.47.50 (depth 3, 30 lits): UNSAT in 0.97s
    cube 4041.31.47.51 (depth 3, 30 lits): UNSAT in 0.37s
    cube 4041.31.47.52 (depth 3, 30 lits): UNSAT in 0.39s
    cube 4041.31.47.53 (depth 3, 30 lits): UNSAT in 3.57s
    cube 4041.31.47.54 (depth 3, 30 lits): UNSAT in 20.46s
    cube 4041.31.47.55 (depth 3, 30 lits): UNSAT in 0.07s
    cube 4041.31.47.56 (depth 3, 30 lits): UNSAT in 0.05s
    cube 4041.31.47.57 (depth 3, 30 lits): UNSAT in 0.09s
    cube 4041.31.47.58 (depth 3, 30 lits): UNSAT in 0.23s
    cube 4041.31.47.59 (depth 3, 30 lits): UNSAT in 0.84s
    cube 4041.31.47.60 (depth 3, 30 lits): UNSAT in 3.88s
    cube 4041.31.47.61 (depth 3, 30 lits): UNSAT in 13.58s
    cube 4041.31.47.62 (depth 3, 30 lits): UNSAT in 43.69s
    cube 4041.31.48 (depth 2, 24 lits): UNSAT in 0.15s
    cube 4041.31.49 (depth 2, 24 lits): UNSAT in 0.56s
    cube 4041.31.50 (depth 2, 24 lits): UNSAT in 0.43s
    cube 4041.31.51 (depth 2, 24 lits): UNSAT in 2.06s
    cube 4041.31.52 (depth 2, 24 lits): UNSAT in 0.38s
    cube 4041.31.53 (depth 2, 24 lits): UNSAT in 12.03s
    cube 4041.31.54 (depth 2, 24 lits): UNSAT in 2.60s
    cube 4041.31.55 (depth 2, 24 lits): UNSAT in 39.18s
    cube 4041.31.56 (depth 2, 24 lits): UNSAT in 0.27s
    cube 4041.31.57 (depth 2, 24 lits): UNSAT in 1.46s
    cube 4041.31.58 (depth 2, 24 lits): UNSAT in 3.89s
    cube 4041.31.59 (depth 2, 24 lits): UNSAT in 41.28s
    cube 4041.31.60 (depth 2, 24 lits): UNSAT in 1.05s
    cube 4041.31.61 (depth 2, 24 lits): UNSAT in 12.66s
    cube 4041.31.62 (depth 2, 24 lits): TIMEOUT in 60.02s
    cube 4041.31.62 TIMEOUT -> re-split into 64 sub-cubes (depth 3)
    cube 4041.31.62.0 (depth 3, 30 lits): UNSAT in 0.01s
    cube 4041.31.62.1 (depth 3, 30 lits): UNSAT in 0.02s
    cube 4041.31.62.2 (depth 3, 30 lits): UNSAT in 0.01s
    cube 4041.31.62.3 (depth 3, 30 lits): UNSAT in 0.09s
    cube 4041.31.62.4 (depth 3, 30 lits): UNSAT in 0.02s
    cube 4041.31.62.5 (depth 3, 30 lits): UNSAT in 0.06s
    cube 4041.31.62.6 (depth 3, 30 lits): UNSAT in 0.15s
    cube 4041.31.62.7 (depth 3, 30 lits): UNSAT in 0.44s
    cube 4041.31.62.8 (depth 3, 30 lits): UNSAT in 0.04s
    cube 4041.31.62.9 (depth 3, 30 lits): UNSAT in 0.30s
    cube 4041.31.62.10 (depth 3, 30 lits): UNSAT in 0.15s
    cube 4041.31.62.11 (depth 3, 30 lits): UNSAT in 0.46s
    cube 4041.31.62.12 (depth 3, 30 lits): UNSAT in 0.23s
    cube 4041.31.62.13 (depth 3, 30 lits): UNSAT in 0.40s
    cube 4041.31.62.14 (depth 3, 30 lits): UNSAT in 0.24s
    cube 4041.31.62.15 (depth 3, 30 lits): UNSAT in 0.56s
    cube 4041.31.62.16 (depth 3, 30 lits): UNSAT in 0.02s
    cube 4041.31.62.17 (depth 3, 30 lits): UNSAT in 0.03s
    cube 4041.31.62.18 (depth 3, 30 lits): UNSAT in 0.04s
    cube 4041.31.62.19 (depth 3, 30 lits): UNSAT in 0.14s
    cube 4041.31.62.20 (depth 3, 30 lits): UNSAT in 0.04s
    cube 4041.31.62.21 (depth 3, 30 lits): UNSAT in 0.17s
    cube 4041.31.62.22 (depth 3, 30 lits): UNSAT in 0.21s
    cube 4041.31.62.23 (depth 3, 30 lits): UNSAT in 1.26s
    cube 4041.31.62.24 (depth 3, 30 lits): UNSAT in 0.02s
    cube 4041.31.62.25 (depth 3, 30 lits): UNSAT in 0.36s
    cube 4041.31.62.26 (depth 3, 30 lits): UNSAT in 0.17s
    cube 4041.31.62.27 (depth 3, 30 lits): UNSAT in 1.75s
    cube 4041.31.62.28 (depth 3, 30 lits): UNSAT in 0.24s
    cube 4041.31.62.29 (depth 3, 30 lits): UNSAT in 0.64s
    cube 4041.31.62.30 (depth 3, 30 lits): UNSAT in 0.80s
    cube 4041.31.62.31 (depth 3, 30 lits): UNSAT in 9.83s
    cube 4041.31.62.32 (depth 3, 30 lits): UNSAT in 0.02s
    cube 4041.31.62.33 (depth 3, 30 lits): UNSAT in 0.02s
    cube 4041.31.62.34 (depth 3, 30 lits): UNSAT in 0.03s
    cube 4041.31.62.35 (depth 3, 30 lits): UNSAT in 0.11s
    cube 4041.31.62.36 (depth 3, 30 lits): UNSAT in 0.01s
    cube 4041.31.62.37 (depth 3, 30 lits): UNSAT in 0.10s
    cube 4041.31.62.38 (depth 3, 30 lits): UNSAT in 0.04s
    cube 4041.31.62.39 (depth 3, 30 lits): UNSAT in 0.19s
    cube 4041.31.62.40 (depth 3, 30 lits): UNSAT in 0.02s
    cube 4041.31.62.41 (depth 3, 30 lits): UNSAT in 0.14s
    cube 4041.31.62.42 (depth 3, 30 lits): UNSAT in 0.04s
    cube 4041.31.62.43 (depth 3, 30 lits): UNSAT in 0.14s
    cube 4041.31.62.44 (depth 3, 30 lits): UNSAT in 0.05s
    cube 4041.31.62.45 (depth 3, 30 lits): UNSAT in 0.34s
    cube 4041.31.62.46 (depth 3, 30 lits): UNSAT in 0.56s
    cube 4041.31.62.47 (depth 3, 30 lits): UNSAT in 0.33s
    cube 4041.31.62.48 (depth 3, 30 lits): UNSAT in 0.03s
    cube 4041.31.62.49 (depth 3, 30 lits): UNSAT in 0.17s
    cube 4041.31.62.50 (depth 3, 30 lits): UNSAT in 0.09s
    cube 4041.31.62.51 (depth 3, 30 lits): UNSAT in 0.94s
    cube 4041.31.62.52 (depth 3, 30 lits): UNSAT in 0.19s
    cube 4041.31.62.53 (depth 3, 30 lits): UNSAT in 0.41s
    cube 4041.31.62.54 (depth 3, 30 lits): UNSAT in 0.41s
    cube 4041.31.62.55 (depth 3, 30 lits): UNSAT in 1.96s
    cube 4041.31.62.56 (depth 3, 30 lits): UNSAT in 0.22s
    cube 4041.31.62.57 (depth 3, 30 lits): UNSAT in 2.57s
    cube 4041.31.62.58 (depth 3, 30 lits): UNSAT in 2.29s
    cube 4041.31.62.59 (depth 3, 30 lits): UNSAT in 5.10s
    cube 4041.31.62.60 (depth 3, 30 lits): UNSAT in 0.77s
    cube 4041.31.62.61 (depth 3, 30 lits): UNSAT in 4.08s
    cube 4041.31.62.62 (depth 3, 30 lits): UNSAT in 7.71s
    cube 4041.31.62.63 (depth 3, 30 lits): UNSAT in 13.46s
    cube 4041.31.63 (depth 2, 24 lits): TIMEOUT in 60.04s
    cube 4041.31.63 TIMEOUT -> re-split into 64 sub-cubes (depth 3)
    cube 4041.31.63.0 (depth 3, 30 lits): UNSAT in 0.02s
    cube 4041.31.63.1 (depth 3, 30 lits): UNSAT in 0.04s
    cube 4041.31.63.2 (depth 3, 30 lits): UNSAT in 0.04s
    cube 4041.31.63.3 (depth 3, 30 lits): UNSAT in 0.10s
    cube 4041.31.63.4 (depth 3, 30 lits): UNSAT in 0.02s
    cube 4041.31.63.5 (depth 3, 30 lits): UNSAT in 0.08s
    cube 4041.31.63.6 (depth 3, 30 lits): UNSAT in 0.09s
    cube 4041.31.63.7 (depth 3, 30 lits): UNSAT in 0.34s
    cube 4041.31.63.8 (depth 3, 30 lits): UNSAT in 0.05s
    cube 4041.31.63.9 (depth 3, 30 lits): UNSAT in 0.08s
    cube 4041.31.63.10 (depth 3, 30 lits): UNSAT in 0.11s
    cube 4041.31.63.11 (depth 3, 30 lits): UNSAT in 0.19s
    cube 4041.31.63.12 (depth 3, 30 lits): UNSAT in 0.05s
    cube 4041.31.63.13 (depth 3, 30 lits): UNSAT in 0.14s
    cube 4041.31.63.14 (depth 3, 30 lits): UNSAT in 0.24s
    cube 4041.31.63.15 (depth 3, 30 lits): UNSAT in 0.18s
    cube 4041.31.63.16 (depth 3, 30 lits): UNSAT in 0.02s
    cube 4041.31.63.17 (depth 3, 30 lits): UNSAT in 0.12s
    cube 4041.31.63.18 (depth 3, 30 lits): UNSAT in 0.05s
    cube 4041.31.63.19 (depth 3, 30 lits): UNSAT in 0.11s
    cube 4041.31.63.20 (depth 3, 30 lits): UNSAT in 0.10s
    cube 4041.31.63.21 (depth 3, 30 lits): UNSAT in 0.21s
    cube 4041.31.63.22 (depth 3, 30 lits): UNSAT in 0.13s
    cube 4041.31.63.23 (depth 3, 30 lits): UNSAT in 0.51s
    cube 4041.31.63.24 (depth 3, 30 lits): UNSAT in 0.17s
    cube 4041.31.63.25 (depth 3, 30 lits): UNSAT in 1.86s
    cube 4041.31.63.26 (depth 3, 30 lits): UNSAT in 0.18s
    cube 4041.31.63.27 (depth 3, 30 lits): UNSAT in 1.39s
    cube 4041.31.63.28 (depth 3, 30 lits): UNSAT in 1.03s
    cube 4041.31.63.29 (depth 3, 30 lits): UNSAT in 5.12s
    cube 4041.31.63.30 (depth 3, 30 lits): UNSAT in 7.68s
    cube 4041.31.63.31 (depth 3, 30 lits): UNSAT in 18.53s
    cube 4041.31.63.32 (depth 3, 30 lits): UNSAT in 0.04s
    cube 4041.31.63.33 (depth 3, 30 lits): UNSAT in 0.15s
    cube 4041.31.63.34 (depth 3, 30 lits): UNSAT in 0.11s
    cube 4041.31.63.35 (depth 3, 30 lits): UNSAT in 0.54s
    cube 4041.31.63.36 (depth 3, 30 lits): UNSAT in 0.03s
    cube 4041.31.63.37 (depth 3, 30 lits): UNSAT in 0.13s
    cube 4041.31.63.38 (depth 3, 30 lits): UNSAT in 0.17s
    cube 4041.31.63.39 (depth 3, 30 lits): UNSAT in 0.53s
    cube 4041.31.63.40 (depth 3, 30 lits): UNSAT in 0.07s
    cube 4041.31.63.41 (depth 3, 30 lits): UNSAT in 0.11s
    cube 4041.31.63.42 (depth 3, 30 lits): UNSAT in 0.42s
    cube 4041.31.63.43 (depth 3, 30 lits): UNSAT in 0.71s
    cube 4041.31.63.44 (depth 3, 30 lits): UNSAT in 0.22s
    cube 4041.31.63.45 (depth 3, 30 lits): UNSAT in 0.25s
    cube 4041.31.63.46 (depth 3, 30 lits): UNSAT in 2.52s
    cube 4041.31.63.47 (depth 3, 30 lits): UNSAT in 8.40s
    cube 4041.31.63.48 (depth 3, 30 lits): UNSAT in 0.03s
    cube 4041.31.63.49 (depth 3, 30 lits): UNSAT in 0.05s
    cube 4041.31.63.50 (depth 3, 30 lits): UNSAT in 0.07s
    cube 4041.31.63.51 (depth 3, 30 lits): UNSAT in 1.76s
    cube 4041.31.63.52 (depth 3, 30 lits): UNSAT in 0.07s
    cube 4041.31.63.53 (depth 3, 30 lits): UNSAT in 0.13s
    cube 4041.31.63.54 (depth 3, 30 lits): UNSAT in 0.10s
    cube 4041.31.63.55 (depth 3, 30 lits): UNSAT in 0.82s
    cube 4041.31.63.56 (depth 3, 30 lits): UNSAT in 0.21s
    cube 4041.31.63.57 (depth 3, 30 lits): UNSAT in 3.69s
    cube 4041.31.63.58 (depth 3, 30 lits): UNSAT in 0.65s
    cube 4041.31.63.59 (depth 3, 30 lits): UNSAT in 3.55s
    cube 4041.31.63.60 (depth 3, 30 lits): UNSAT in 4.28s
    cube 4041.31.63.61 (depth 3, 30 lits): UNSAT in 6.03s
    cube 4041.31.63.62 (depth 3, 30 lits): UNSAT in 14.28s
    cube 4041.31.63.63 (depth 3, 30 lits): TIMEOUT in 60.04s
    cube 4041.32 (depth 1, 18 lits): UNSAT in 0.36s
    cube 4041.33 (depth 1, 18 lits): UNSAT in 0.95s
    cube 4041.34 (depth 1, 18 lits): UNSAT in 0.63s
    cube 4041.35 (depth 1, 18 lits): UNSAT in 17.89s
    cube 4041.36 (depth 1, 18 lits): UNSAT in 3.15s
    cube 4041.37 (depth 1, 18 lits): UNSAT in 5.48s
    cube 4041.38 (depth 1, 18 lits): UNSAT in 4.16s
    cube 4041.39 (depth 1, 18 lits): TIMEOUT in 60.05s
    cube 4041.39 TIMEOUT -> re-split into 64 sub-cubes (depth 2)
    cube 4041.39.0 (depth 2, 24 lits): UNSAT in 0.02s
    cube 4041.39.1 (depth 2, 24 lits): UNSAT in 0.04s
    cube 4041.39.2 (depth 2, 24 lits): UNSAT in 0.10s
    cube 4041.39.3 (depth 2, 24 lits): UNSAT in 0.31s
    cube 4041.39.4 (depth 2, 24 lits): UNSAT in 0.02s
    cube 4041.39.5 (depth 2, 24 lits): UNSAT in 0.19s
    cube 4041.39.6 (depth 2, 24 lits): UNSAT in 0.07s
    cube 4041.39.7 (depth 2, 24 lits): UNSAT in 0.24s
    cube 4041.39.8 (depth 2, 24 lits): UNSAT in 0.02s
    cube 4041.39.9 (depth 2, 24 lits): UNSAT in 0.03s
    cube 4041.39.10 (depth 2, 24 lits): UNSAT in 0.07s
    cube 4041.39.11 (depth 2, 24 lits): UNSAT in 0.12s
    cube 4041.39.12 (depth 2, 24 lits): UNSAT in 0.08s
    cube 4041.39.13 (depth 2, 24 lits): UNSAT in 0.35s
    cube 4041.39.14 (depth 2, 24 lits): UNSAT in 0.21s
    cube 4041.39.15 (depth 2, 24 lits): UNSAT in 0.53s
    cube 4041.39.16 (depth 2, 24 lits): UNSAT in 0.02s
    cube 4041.39.17 (depth 2, 24 lits): UNSAT in 0.04s
    cube 4041.39.18 (depth 2, 24 lits): UNSAT in 0.08s
    cube 4041.39.19 (depth 2, 24 lits): UNSAT in 0.18s
    cube 4041.39.20 (depth 2, 24 lits): UNSAT in 0.13s
    cube 4041.39.21 (depth 2, 24 lits): UNSAT in 0.23s
    cube 4041.39.22 (depth 2, 24 lits): UNSAT in 0.16s
    cube 4041.39.23 (depth 2, 24 lits): UNSAT in 0.51s
    cube 4041.39.24 (depth 2, 24 lits): UNSAT in 0.36s
    cube 4041.39.25 (depth 2, 24 lits): UNSAT in 1.73s
    cube 4041.39.26 (depth 2, 24 lits): UNSAT in 0.61s
    cube 4041.39.27 (depth 2, 24 lits): UNSAT in 3.66s
    cube 4041.39.28 (depth 2, 24 lits): UNSAT in 0.68s
    cube 4041.39.29 (depth 2, 24 lits): UNSAT in 3.01s
    cube 4041.39.30 (depth 2, 24 lits): UNSAT in 6.58s
    cube 4041.39.31 (depth 2, 24 lits): UNSAT in 17.92s
    cube 4041.39.32 (depth 2, 24 lits): UNSAT in 0.02s
    cube 4041.39.33 (depth 2, 24 lits): UNSAT in 0.03s
    cube 4041.39.34 (depth 2, 24 lits): UNSAT in 0.09s
    cube 4041.39.35 (depth 2, 24 lits): UNSAT in 0.07s
    cube 4041.39.36 (depth 2, 24 lits): UNSAT in 0.02s
    cube 4041.39.37 (depth 2, 24 lits): UNSAT in 0.04s
    cube 4041.39.38 (depth 2, 24 lits): UNSAT in 0.15s
    cube 4041.39.39 (depth 2, 24 lits): UNSAT in 0.28s
    cube 4041.39.40 (depth 2, 24 lits): UNSAT in 0.18s
    cube 4041.39.41 (depth 2, 24 lits): UNSAT in 0.41s
    cube 4041.39.42 (depth 2, 24 lits): UNSAT in 0.43s
    cube 4041.39.43 (depth 2, 24 lits): UNSAT in 2.09s
    cube 4041.39.44 (depth 2, 24 lits): UNSAT in 0.23s
    cube 4041.39.45 (depth 2, 24 lits): UNSAT in 0.69s
    cube 4041.39.46 (depth 2, 24 lits): UNSAT in 0.21s
    cube 4041.39.47 (depth 2, 24 lits): UNSAT in 0.98s
    cube 4041.39.48 (depth 2, 24 lits): UNSAT in 0.07s
    cube 4041.39.49 (depth 2, 24 lits): UNSAT in 0.42s
    cube 4041.39.50 (depth 2, 24 lits): UNSAT in 0.48s
    cube 4041.39.51 (depth 2, 24 lits): UNSAT in 1.28s
    cube 4041.39.52 (depth 2, 24 lits): UNSAT in 0.43s
    cube 4041.39.53 (depth 2, 24 lits): UNSAT in 0.59s
    cube 4041.39.54 (depth 2, 24 lits): UNSAT in 2.58s
    cube 4041.39.55 (depth 2, 24 lits): UNSAT in 2.74s
    cube 4041.39.56 (depth 2, 24 lits): UNSAT in 0.44s
    cube 4041.39.57 (depth 2, 24 lits): UNSAT in 0.43s
    cube 4041.39.58 (depth 2, 24 lits): UNSAT in 0.60s
    cube 4041.39.59 (depth 2, 24 lits): UNSAT in 8.27s
    cube 4041.39.60 (depth 2, 24 lits): UNSAT in 1.27s
    cube 4041.39.61 (depth 2, 24 lits): UNSAT in 4.96s
    cube 4041.39.62 (depth 2, 24 lits): UNSAT in 2.25s
    cube 4041.39.63 (depth 2, 24 lits): UNSAT in 8.84s
    cube 4041.40 (depth 1, 18 lits): UNSAT in 4.11s
    cube 4041.41 (depth 1, 18 lits): UNSAT in 47.75s
    cube 4041.42 (depth 1, 18 lits): UNSAT in 18.52s
    cube 4041.43 (depth 1, 18 lits): TIMEOUT in 60.06s
    cube 4041.43 TIMEOUT -> re-split into 64 sub-cubes (depth 2)
    cube 4041.43.0 (depth 2, 24 lits): UNSAT in 0.03s
    cube 4041.43.1 (depth 2, 24 lits): UNSAT in 0.08s
    cube 4041.43.2 (depth 2, 24 lits): UNSAT in 0.02s
    cube 4041.43.3 (depth 2, 24 lits): UNSAT in 0.12s
    cube 4041.43.4 (depth 2, 24 lits): UNSAT in 0.03s
    cube 4041.43.5 (depth 2, 24 lits): UNSAT in 0.31s
    cube 4041.43.6 (depth 2, 24 lits): UNSAT in 0.12s
    cube 4041.43.7 (depth 2, 24 lits): UNSAT in 0.17s
    cube 4041.43.8 (depth 2, 24 lits): UNSAT in 0.01s
    cube 4041.43.9 (depth 2, 24 lits): UNSAT in 0.03s
    cube 4041.43.10 (depth 2, 24 lits): UNSAT in 0.02s
    cube 4041.43.11 (depth 2, 24 lits): UNSAT in 0.09s
    cube 4041.43.12 (depth 2, 24 lits): UNSAT in 0.06s
    cube 4041.43.13 (depth 2, 24 lits): UNSAT in 0.04s
    cube 4041.43.14 (depth 2, 24 lits): UNSAT in 0.11s
    cube 4041.43.15 (depth 2, 24 lits): UNSAT in 0.08s
    cube 4041.43.16 (depth 2, 24 lits): UNSAT in 0.02s
    cube 4041.43.17 (depth 2, 24 lits): UNSAT in 0.03s
    cube 4041.43.18 (depth 2, 24 lits): UNSAT in 0.08s
    cube 4041.43.19 (depth 2, 24 lits): UNSAT in 0.23s
    cube 4041.43.20 (depth 2, 24 lits): UNSAT in 0.02s
    cube 4041.43.21 (depth 2, 24 lits): UNSAT in 0.07s
    cube 4041.43.22 (depth 2, 24 lits): UNSAT in 0.14s
    cube 4041.43.23 (depth 2, 24 lits): UNSAT in 0.47s
    cube 4041.43.24 (depth 2, 24 lits): UNSAT in 0.05s
    cube 4041.43.25 (depth 2, 24 lits): UNSAT in 0.12s
    cube 4041.43.26 (depth 2, 24 lits): UNSAT in 0.10s
    cube 4041.43.27 (depth 2, 24 lits): UNSAT in 0.16s
    cube 4041.43.28 (depth 2, 24 lits): UNSAT in 0.09s
    cube 4041.43.29 (depth 2, 24 lits): UNSAT in 0.30s
    cube 4041.43.30 (depth 2, 24 lits): UNSAT in 0.77s
    cube 4041.43.31 (depth 2, 24 lits): UNSAT in 0.47s
    cube 4041.43.32 (depth 2, 24 lits): UNSAT in 0.08s
    cube 4041.43.33 (depth 2, 24 lits): UNSAT in 0.27s
    cube 4041.43.34 (depth 2, 24 lits): UNSAT in 0.12s
    cube 4041.43.35 (depth 2, 24 lits): UNSAT in 0.46s
    cube 4041.43.36 (depth 2, 24 lits): UNSAT in 0.09s
    cube 4041.43.37 (depth 2, 24 lits): UNSAT in 0.46s
    cube 4041.43.38 (depth 2, 24 lits): UNSAT in 1.66s
    cube 4041.43.39 (depth 2, 24 lits): UNSAT in 4.57s
    cube 4041.43.40 (depth 2, 24 lits): UNSAT in 0.04s
    cube 4041.43.41 (depth 2, 24 lits): UNSAT in 0.25s
    cube 4041.43.42 (depth 2, 24 lits): UNSAT in 0.30s
    cube 4041.43.43 (depth 2, 24 lits): UNSAT in 3.21s
    cube 4041.43.44 (depth 2, 24 lits): UNSAT in 0.77s
    cube 4041.43.45 (depth 2, 24 lits): UNSAT in 3.31s
    cube 4041.43.46 (depth 2, 24 lits): UNSAT in 2.34s
    cube 4041.43.47 (depth 2, 24 lits): UNSAT in 15.79s
    cube 4041.43.48 (depth 2, 24 lits): UNSAT in 0.06s
    cube 4041.43.49 (depth 2, 24 lits): UNSAT in 0.42s
    cube 4041.43.50 (depth 2, 24 lits): UNSAT in 0.26s
    cube 4041.43.51 (depth 2, 24 lits): UNSAT in 1.14s
    cube 4041.43.52 (depth 2, 24 lits): UNSAT in 0.35s
    cube 4041.43.53 (depth 2, 24 lits): UNSAT in 1.10s
    cube 4041.43.54 (depth 2, 24 lits): UNSAT in 1.19s
    cube 4041.43.55 (depth 2, 24 lits): UNSAT in 3.73s
    cube 4041.43.56 (depth 2, 24 lits): UNSAT in 0.63s
    cube 4041.43.57 (depth 2, 24 lits): UNSAT in 2.40s
    cube 4041.43.58 (depth 2, 24 lits): UNSAT in 1.45s
    cube 4041.43.59 (depth 2, 24 lits): UNSAT in 6.37s
    cube 4041.43.60 (depth 2, 24 lits): UNSAT in 2.66s
    cube 4041.43.61 (depth 2, 24 lits): UNSAT in 8.63s
    cube 4041.43.62 (depth 2, 24 lits): UNSAT in 14.17s
    cube 4041.43.63 (depth 2, 24 lits): UNSAT in 11.24s
    cube 4041.44 (depth 1, 18 lits): UNSAT in 22.60s
    cube 4041.45 (depth 1, 18 lits): TIMEOUT in 60.02s
    cube 4041.45 TIMEOUT -> re-split into 64 sub-cubes (depth 2)
    cube 4041.45.0 (depth 2, 24 lits): UNSAT in 0.02s
    cube 4041.45.1 (depth 2, 24 lits): UNSAT in 0.02s
    cube 4041.45.2 (depth 2, 24 lits): UNSAT in 0.03s
    cube 4041.45.3 (depth 2, 24 lits): UNSAT in 0.03s
    cube 4041.45.4 (depth 2, 24 lits): UNSAT in 0.03s
    cube 4041.45.5 (depth 2, 24 lits): UNSAT in 0.05s
    cube 4041.45.6 (depth 2, 24 lits): UNSAT in 0.07s
    cube 4041.45.7 (depth 2, 24 lits): UNSAT in 0.16s
    cube 4041.45.8 (depth 2, 24 lits): UNSAT in 0.02s
    cube 4041.45.9 (depth 2, 24 lits): UNSAT in 0.01s
    cube 4041.45.10 (depth 2, 24 lits): UNSAT in 0.02s
    cube 4041.45.11 (depth 2, 24 lits): UNSAT in 0.05s
    cube 4041.45.12 (depth 2, 24 lits): UNSAT in 0.11s
    cube 4041.45.13 (depth 2, 24 lits): UNSAT in 0.18s
    cube 4041.45.14 (depth 2, 24 lits): UNSAT in 0.11s
    cube 4041.45.15 (depth 2, 24 lits): UNSAT in 0.59s
    cube 4041.45.16 (depth 2, 24 lits): UNSAT in 0.04s
    cube 4041.45.17 (depth 2, 24 lits): UNSAT in 0.10s
    cube 4041.45.18 (depth 2, 24 lits): UNSAT in 0.06s
    cube 4041.45.19 (depth 2, 24 lits): UNSAT in 0.58s
    cube 4041.45.20 (depth 2, 24 lits): UNSAT in 0.04s
    cube 4041.45.21 (depth 2, 24 lits): UNSAT in 0.22s
    cube 4041.45.22 (depth 2, 24 lits): UNSAT in 0.54s
    cube 4041.45.23 (depth 2, 24 lits): UNSAT in 4.68s
    cube 4041.45.24 (depth 2, 24 lits): UNSAT in 0.10s
    cube 4041.45.25 (depth 2, 24 lits): UNSAT in 0.52s
    cube 4041.45.26 (depth 2, 24 lits): UNSAT in 0.37s
    cube 4041.45.27 (depth 2, 24 lits): UNSAT in 1.99s
    cube 4041.45.28 (depth 2, 24 lits): UNSAT in 0.54s
    cube 4041.45.29 (depth 2, 24 lits): UNSAT in 1.22s
    cube 4041.45.30 (depth 2, 24 lits): UNSAT in 1.70s
    cube 4041.45.31 (depth 2, 24 lits): UNSAT in 2.75s
    cube 4041.45.32 (depth 2, 24 lits): UNSAT in 0.01s
    cube 4041.45.33 (depth 2, 24 lits): UNSAT in 0.04s
    cube 4041.45.34 (depth 2, 24 lits): UNSAT in 0.04s
    cube 4041.45.35 (depth 2, 24 lits): UNSAT in 0.22s
    cube 4041.45.36 (depth 2, 24 lits): UNSAT in 0.03s
    cube 4041.45.37 (depth 2, 24 lits): UNSAT in 0.32s
    cube 4041.45.38 (depth 2, 24 lits): UNSAT in 0.70s
    cube 4041.45.39 (depth 2, 24 lits): UNSAT in 1.88s
    cube 4041.45.40 (depth 2, 24 lits): UNSAT in 0.11s
    cube 4041.45.41 (depth 2, 24 lits): UNSAT in 0.35s
    cube 4041.45.42 (depth 2, 24 lits): UNSAT in 0.19s
    cube 4041.45.43 (depth 2, 24 lits): UNSAT in 1.07s
    cube 4041.45.44 (depth 2, 24 lits): UNSAT in 0.11s
    cube 4041.45.45 (depth 2, 24 lits): UNSAT in 0.56s
    cube 4041.45.46 (depth 2, 24 lits): UNSAT in 0.36s
    cube 4041.45.47 (depth 2, 24 lits): UNSAT in 3.44s
    cube 4041.45.48 (depth 2, 24 lits): UNSAT in 0.10s
    cube 4041.45.49 (depth 2, 24 lits): UNSAT in 0.14s
    cube 4041.45.50 (depth 2, 24 lits): UNSAT in 0.07s
    cube 4041.45.51 (depth 2, 24 lits): UNSAT in 0.77s
    cube 4041.45.52 (depth 2, 24 lits): UNSAT in 0.16s
    cube 4041.45.53 (depth 2, 24 lits): UNSAT in 1.60s
    cube 4041.45.54 (depth 2, 24 lits): UNSAT in 0.76s
    cube 4041.45.55 (depth 2, 24 lits): UNSAT in 0.88s
    cube 4041.45.56 (depth 2, 24 lits): UNSAT in 0.06s
    cube 4041.45.57 (depth 2, 24 lits): UNSAT in 0.49s
    cube 4041.45.58 (depth 2, 24 lits): UNSAT in 2.18s
    cube 4041.45.59 (depth 2, 24 lits): UNSAT in 2.61s
    cube 4041.45.60 (depth 2, 24 lits): UNSAT in 1.03s
    cube 4041.45.61 (depth 2, 24 lits): UNSAT in 6.08s
    cube 4041.45.62 (depth 2, 24 lits): UNSAT in 12.17s
    cube 4041.45.63 (depth 2, 24 lits): UNSAT in 11.34s
    cube 4041.46 (depth 1, 18 lits): TIMEOUT in 60.06s
    cube 4041.46 TIMEOUT -> re-split into 64 sub-cubes (depth 2)
    cube 4041.46.0 (depth 2, 24 lits): UNSAT in 0.02s
    cube 4041.46.1 (depth 2, 24 lits): UNSAT in 0.02s
    cube 4041.46.2 (depth 2, 24 lits): UNSAT in 0.01s
    cube 4041.46.3 (depth 2, 24 lits): UNSAT in 0.04s
    cube 4041.46.4 (depth 2, 24 lits): UNSAT in 0.01s
    cube 4041.46.5 (depth 2, 24 lits): UNSAT in 0.05s
    cube 4041.46.6 (depth 2, 24 lits): UNSAT in 0.03s
    cube 4041.46.7 (depth 2, 24 lits): UNSAT in 0.11s
    cube 4041.46.8 (depth 2, 24 lits): UNSAT in 0.04s
    cube 4041.46.9 (depth 2, 24 lits): UNSAT in 0.06s
    cube 4041.46.10 (depth 2, 24 lits): UNSAT in 0.01s
    cube 4041.46.11 (depth 2, 24 lits): UNSAT in 0.11s
    cube 4041.46.12 (depth 2, 24 lits): UNSAT in 0.05s
    cube 4041.46.13 (depth 2, 24 lits): UNSAT in 0.13s
    cube 4041.46.14 (depth 2, 24 lits): UNSAT in 0.11s
    cube 4041.46.15 (depth 2, 24 lits): UNSAT in 0.20s
    cube 4041.46.16 (depth 2, 24 lits): UNSAT in 0.02s
    cube 4041.46.17 (depth 2, 24 lits): UNSAT in 0.02s
    cube 4041.46.18 (depth 2, 24 lits): UNSAT in 0.02s
    cube 4041.46.19 (depth 2, 24 lits): UNSAT in 0.03s
    cube 4041.46.20 (depth 2, 24 lits): UNSAT in 0.02s
    cube 4041.46.21 (depth 2, 24 lits): UNSAT in 0.03s
    cube 4041.46.22 (depth 2, 24 lits): UNSAT in 0.05s
    cube 4041.46.23 (depth 2, 24 lits): UNSAT in 0.08s
    cube 4041.46.24 (depth 2, 24 lits): UNSAT in 0.07s
    cube 4041.46.25 (depth 2, 24 lits): UNSAT in 0.07s
    cube 4041.46.26 (depth 2, 24 lits): UNSAT in 0.05s
    cube 4041.46.27 (depth 2, 24 lits): UNSAT in 0.43s
    cube 4041.46.28 (depth 2, 24 lits): UNSAT in 0.26s
    cube 4041.46.29 (depth 2, 24 lits): UNSAT in 1.18s
    cube 4041.46.30 (depth 2, 24 lits): UNSAT in 0.53s
    cube 4041.46.31 (depth 2, 24 lits): UNSAT in 0.39s
    cube 4041.46.32 (depth 2, 24 lits): UNSAT in 0.01s
    cube 4041.46.33 (depth 2, 24 lits): UNSAT in 0.04s
    cube 4041.46.34 (depth 2, 24 lits): UNSAT in 0.08s
    cube 4041.46.35 (depth 2, 24 lits): UNSAT in 0.10s
    cube 4041.46.36 (depth 2, 24 lits): UNSAT in 0.09s
    cube 4041.46.37 (depth 2, 24 lits): UNSAT in 0.28s
    cube 4041.46.38 (depth 2, 24 lits): UNSAT in 0.14s
    cube 4041.46.39 (depth 2, 24 lits): UNSAT in 0.32s
    cube 4041.46.40 (depth 2, 24 lits): UNSAT in 0.02s
    cube 4041.46.41 (depth 2, 24 lits): UNSAT in 0.09s
    cube 4041.46.42 (depth 2, 24 lits): UNSAT in 0.06s
    cube 4041.46.43 (depth 2, 24 lits): UNSAT in 0.15s
    cube 4041.46.44 (depth 2, 24 lits): UNSAT in 0.27s
    cube 4041.46.45 (depth 2, 24 lits): UNSAT in 2.26s
    cube 4041.46.46 (depth 2, 24 lits): UNSAT in 2.98s
    cube 4041.46.47 (depth 2, 24 lits): UNSAT in 2.26s
    cube 4041.46.48 (depth 2, 24 lits): UNSAT in 0.10s
    cube 4041.46.49 (depth 2, 24 lits): UNSAT in 0.27s
    cube 4041.46.50 (depth 2, 24 lits): UNSAT in 0.35s
    cube 4041.46.51 (depth 2, 24 lits): UNSAT in 0.79s
    cube 4041.46.52 (depth 2, 24 lits): UNSAT in 0.37s
    cube 4041.46.53 (depth 2, 24 lits): UNSAT in 2.53s
    cube 4041.46.54 (depth 2, 24 lits): UNSAT in 1.18s
    cube 4041.46.55 (depth 2, 24 lits): UNSAT in 8.13s
    cube 4041.46.56 (depth 2, 24 lits): UNSAT in 0.20s
    cube 4041.46.57 (depth 2, 24 lits): UNSAT in 0.66s
    cube 4041.46.58 (depth 2, 24 lits): UNSAT in 0.13s
    cube 4041.46.59 (depth 2, 24 lits): UNSAT in 1.92s
    cube 4041.46.60 (depth 2, 24 lits): UNSAT in 1.80s
    cube 4041.46.61 (depth 2, 24 lits): UNSAT in 3.45s
    cube 4041.46.62 (depth 2, 24 lits): UNSAT in 4.69s
    cube 4041.46.63 (depth 2, 24 lits): UNSAT in 6.35s
    cube 4041.47 (depth 1, 18 lits): TIMEOUT in 60.01s
    cube 4041.47 TIMEOUT -> re-split into 64 sub-cubes (depth 2)
    cube 4041.47.0 (depth 2, 24 lits): UNSAT in 0.01s
    cube 4041.47.1 (depth 2, 24 lits): UNSAT in 0.02s
    cube 4041.47.2 (depth 2, 24 lits): UNSAT in 0.03s
    cube 4041.47.3 (depth 2, 24 lits): UNSAT in 0.07s
    cube 4041.47.4 (depth 2, 24 lits): UNSAT in 0.02s
    cube 4041.47.5 (depth 2, 24 lits): UNSAT in 0.02s
    cube 4041.47.6 (depth 2, 24 lits): UNSAT in 0.07s
    cube 4041.47.7 (depth 2, 24 lits): UNSAT in 0.09s
    cube 4041.47.8 (depth 2, 24 lits): UNSAT in 0.07s
    cube 4041.47.9 (depth 2, 24 lits): UNSAT in 0.11s
    cube 4041.47.10 (depth 2, 24 lits): UNSAT in 0.07s
    cube 4041.47.11 (depth 2, 24 lits): UNSAT in 0.50s
    cube 4041.47.12 (depth 2, 24 lits): UNSAT in 0.04s
    cube 4041.47.13 (depth 2, 24 lits): UNSAT in 0.97s
    cube 4041.47.14 (depth 2, 24 lits): UNSAT in 0.61s
    cube 4041.47.15 (depth 2, 24 lits): UNSAT in 2.23s
    cube 4041.47.16 (depth 2, 24 lits): UNSAT in 0.05s
    cube 4041.47.17 (depth 2, 24 lits): UNSAT in 0.13s
    cube 4041.47.18 (depth 2, 24 lits): UNSAT in 0.10s
    cube 4041.47.19 (depth 2, 24 lits): UNSAT in 0.42s
    cube 4041.47.20 (depth 2, 24 lits): UNSAT in 0.39s
    cube 4041.47.21 (depth 2, 24 lits): UNSAT in 1.71s
    cube 4041.47.22 (depth 2, 24 lits): UNSAT in 0.43s
    cube 4041.47.23 (depth 2, 24 lits): UNSAT in 3.30s
    cube 4041.47.24 (depth 2, 24 lits): UNSAT in 0.04s
    cube 4041.47.25 (depth 2, 24 lits): UNSAT in 0.58s
    cube 4041.47.26 (depth 2, 24 lits): UNSAT in 0.86s
    cube 4041.47.27 (depth 2, 24 lits): UNSAT in 5.69s
    cube 4041.47.28 (depth 2, 24 lits): UNSAT in 0.59s
    cube 4041.47.29 (depth 2, 24 lits): UNSAT in 3.84s
    cube 4041.47.30 (depth 2, 24 lits): UNSAT in 3.01s
    cube 4041.47.31 (depth 2, 24 lits): UNSAT in 36.28s
    cube 4041.47.32 (depth 2, 24 lits): UNSAT in 0.09s
    cube 4041.47.33 (depth 2, 24 lits): UNSAT in 0.23s
    cube 4041.47.34 (depth 2, 24 lits): UNSAT in 0.09s
    cube 4041.47.35 (depth 2, 24 lits): UNSAT in 0.87s
    cube 4041.47.36 (depth 2, 24 lits): UNSAT in 0.34s
    cube 4041.47.37 (depth 2, 24 lits): UNSAT in 2.46s
    cube 4041.47.38 (depth 2, 24 lits): UNSAT in 1.01s
    cube 4041.47.39 (depth 2, 24 lits): UNSAT in 4.63s
    cube 4041.47.40 (depth 2, 24 lits): UNSAT in 0.24s
    cube 4041.47.41 (depth 2, 24 lits): UNSAT in 0.66s
    cube 4041.47.42 (depth 2, 24 lits): UNSAT in 2.14s
    cube 4041.47.43 (depth 2, 24 lits): UNSAT in 3.00s
    cube 4041.47.44 (depth 2, 24 lits): UNSAT in 1.39s
    cube 4041.47.45 (depth 2, 24 lits): UNSAT in 3.65s
    cube 4041.47.46 (depth 2, 24 lits): UNSAT in 10.41s
    cube 4041.47.47 (depth 2, 24 lits): UNSAT in 8.96s
    cube 4041.47.48 (depth 2, 24 lits): UNSAT in 0.05s
    cube 4041.47.49 (depth 2, 24 lits): UNSAT in 0.12s
    cube 4041.47.50 (depth 2, 24 lits): UNSAT in 0.03s
    cube 4041.47.51 (depth 2, 24 lits): UNSAT in 0.36s
    cube 4041.47.52 (depth 2, 24 lits): UNSAT in 0.12s
    cube 4041.47.53 (depth 2, 24 lits): UNSAT in 0.47s
    cube 4041.47.54 (depth 2, 24 lits): UNSAT in 0.65s
    cube 4041.47.55 (depth 2, 24 lits): UNSAT in 2.87s
    cube 4041.47.56 (depth 2, 24 lits): UNSAT in 0.26s
    cube 4041.47.57 (depth 2, 24 lits): UNSAT in 1.52s
    cube 4041.47.58 (depth 2, 24 lits): UNSAT in 0.31s
    cube 4041.47.59 (depth 2, 24 lits): UNSAT in 2.34s
    cube 4041.47.60 (depth 2, 24 lits): UNSAT in 1.19s
    cube 4041.47.61 (depth 2, 24 lits): UNSAT in 3.06s
    cube 4041.47.62 (depth 2, 24 lits): UNSAT in 0.69s
    cube 4041.47.63 (depth 2, 24 lits): UNSAT in 0.42s
    cube 4041.48 (depth 1, 18 lits): UNSAT in 2.95s
    cube 4041.49 (depth 1, 18 lits): UNSAT in 13.46s
    cube 4041.50 (depth 1, 18 lits): UNSAT in 15.70s
    cube 4041.51 (depth 1, 18 lits): TIMEOUT in 60.06s
    cube 4041.51 TIMEOUT -> re-split into 64 sub-cubes (depth 2)
    cube 4041.51.0 (depth 2, 24 lits): UNSAT in 0.03s
    cube 4041.51.1 (depth 2, 24 lits): UNSAT in 0.03s
    cube 4041.51.2 (depth 2, 24 lits): UNSAT in 0.02s
    cube 4041.51.3 (depth 2, 24 lits): UNSAT in 0.08s
    cube 4041.51.4 (depth 2, 24 lits): UNSAT in 0.02s
    cube 4041.51.5 (depth 2, 24 lits): UNSAT in 0.03s
    cube 4041.51.6 (depth 2, 24 lits): UNSAT in 0.04s
    cube 4041.51.7 (depth 2, 24 lits): UNSAT in 0.15s
    cube 4041.51.8 (depth 2, 24 lits): UNSAT in 0.03s
    cube 4041.51.9 (depth 2, 24 lits): UNSAT in 0.05s
    cube 4041.51.10 (depth 2, 24 lits): UNSAT in 0.05s
    cube 4041.51.11 (depth 2, 24 lits): UNSAT in 0.19s
    cube 4041.51.12 (depth 2, 24 lits): UNSAT in 0.04s
    cube 4041.51.13 (depth 2, 24 lits): UNSAT in 0.15s
    cube 4041.51.14 (depth 2, 24 lits): UNSAT in 0.47s
    cube 4041.51.15 (depth 2, 24 lits): UNSAT in 0.34s
    cube 4041.51.16 (depth 2, 24 lits): UNSAT in 0.02s
    cube 4041.51.17 (depth 2, 24 lits): UNSAT in 0.03s
    cube 4041.51.18 (depth 2, 24 lits): UNSAT in 0.07s
    cube 4041.51.19 (depth 2, 24 lits): UNSAT in 0.07s
    cube 4041.51.20 (depth 2, 24 lits): UNSAT in 0.06s
    cube 4041.51.21 (depth 2, 24 lits): UNSAT in 0.08s
    cube 4041.51.22 (depth 2, 24 lits): UNSAT in 0.03s
    cube 4041.51.23 (depth 2, 24 lits): UNSAT in 0.50s
    cube 4041.51.24 (depth 2, 24 lits): UNSAT in 0.17s
    cube 4041.51.25 (depth 2, 24 lits): UNSAT in 0.35s
    cube 4041.51.26 (depth 2, 24 lits): UNSAT in 0.05s
    cube 4041.51.27 (depth 2, 24 lits): UNSAT in 0.57s
    cube 4041.51.28 (depth 2, 24 lits): UNSAT in 0.13s
    cube 4041.51.29 (depth 2, 24 lits): UNSAT in 0.07s
    cube 4041.51.30 (depth 2, 24 lits): UNSAT in 0.29s
    cube 4041.51.31 (depth 2, 24 lits): UNSAT in 0.59s
    cube 4041.51.32 (depth 2, 24 lits): UNSAT in 0.09s
    cube 4041.51.33 (depth 2, 24 lits): UNSAT in 0.19s
    cube 4041.51.34 (depth 2, 24 lits): UNSAT in 0.05s
    cube 4041.51.35 (depth 2, 24 lits): UNSAT in 0.12s
    cube 4041.51.36 (depth 2, 24 lits): UNSAT in 0.07s
    cube 4041.51.37 (depth 2, 24 lits): UNSAT in 0.09s
    cube 4041.51.38 (depth 2, 24 lits): UNSAT in 0.45s
    cube 4041.51.39 (depth 2, 24 lits): UNSAT in 0.89s
    cube 4041.51.40 (depth 2, 24 lits): UNSAT in 0.06s
    cube 4041.51.41 (depth 2, 24 lits): UNSAT in 0.16s
    cube 4041.51.42 (depth 2, 24 lits): UNSAT in 0.24s
    cube 4041.51.43 (depth 2, 24 lits): UNSAT in 1.30s
    cube 4041.51.44 (depth 2, 24 lits): UNSAT in 0.26s
    cube 4041.51.45 (depth 2, 24 lits): UNSAT in 1.95s
    cube 4041.51.46 (depth 2, 24 lits): UNSAT in 0.20s
    cube 4041.51.47 (depth 2, 24 lits): UNSAT in 2.85s
    cube 4041.51.48 (depth 2, 24 lits): UNSAT in 0.18s
    cube 4041.51.49 (depth 2, 24 lits): UNSAT in 0.38s
    cube 4041.51.50 (depth 2, 24 lits): UNSAT in 0.25s
    cube 4041.51.51 (depth 2, 24 lits): UNSAT in 0.84s
    cube 4041.51.52 (depth 2, 24 lits): UNSAT in 0.89s
    cube 4041.51.53 (depth 2, 24 lits): UNSAT in 2.34s
    cube 4041.51.54 (depth 2, 24 lits): UNSAT in 4.71s
    cube 4041.51.55 (depth 2, 24 lits): UNSAT in 3.68s
    cube 4041.51.56 (depth 2, 24 lits): UNSAT in 0.51s
    cube 4041.51.57 (depth 2, 24 lits): UNSAT in 1.25s
    cube 4041.51.58 (depth 2, 24 lits): UNSAT in 1.33s
    cube 4041.51.59 (depth 2, 24 lits): UNSAT in 1.00s
    cube 4041.51.60 (depth 2, 24 lits): UNSAT in 0.87s
    cube 4041.51.61 (depth 2, 24 lits): UNSAT in 2.33s
    cube 4041.51.62 (depth 2, 24 lits): UNSAT in 2.76s
    cube 4041.51.63 (depth 2, 24 lits): UNSAT in 4.88s
    cube 4041.52 (depth 1, 18 lits): UNSAT in 10.20s
    cube 4041.53 (depth 1, 18 lits): TIMEOUT in 60.03s
    cube 4041.53 TIMEOUT -> re-split into 64 sub-cubes (depth 2)
    cube 4041.53.0 (depth 2, 24 lits): UNSAT in 0.02s
    cube 4041.53.1 (depth 2, 24 lits): UNSAT in 0.03s
    cube 4041.53.2 (depth 2, 24 lits): UNSAT in 0.03s
    cube 4041.53.3 (depth 2, 24 lits): UNSAT in 0.04s
    cube 4041.53.4 (depth 2, 24 lits): UNSAT in 0.02s
    cube 4041.53.5 (depth 2, 24 lits): UNSAT in 0.02s
    cube 4041.53.6 (depth 2, 24 lits): UNSAT in 0.05s
    cube 4041.53.7 (depth 2, 24 lits): UNSAT in 0.04s
    cube 4041.53.8 (depth 2, 24 lits): UNSAT in 0.02s
    cube 4041.53.9 (depth 2, 24 lits): UNSAT in 0.05s
    cube 4041.53.10 (depth 2, 24 lits): UNSAT in 0.03s
    cube 4041.53.11 (depth 2, 24 lits): UNSAT in 0.13s
    cube 4041.53.12 (depth 2, 24 lits): UNSAT in 0.11s
    cube 4041.53.13 (depth 2, 24 lits): UNSAT in 0.03s
    cube 4041.53.14 (depth 2, 24 lits): UNSAT in 0.13s
    cube 4041.53.15 (depth 2, 24 lits): UNSAT in 0.17s
    cube 4041.53.16 (depth 2, 24 lits): UNSAT in 0.01s
    cube 4041.53.17 (depth 2, 24 lits): UNSAT in 0.05s
    cube 4041.53.18 (depth 2, 24 lits): UNSAT in 0.10s
    cube 4041.53.19 (depth 2, 24 lits): UNSAT in 0.09s
    cube 4041.53.20 (depth 2, 24 lits): UNSAT in 0.09s
    cube 4041.53.21 (depth 2, 24 lits): UNSAT in 0.03s
    cube 4041.53.22 (depth 2, 24 lits): UNSAT in 0.47s
    cube 4041.53.23 (depth 2, 24 lits): UNSAT in 0.22s
    cube 4041.53.24 (depth 2, 24 lits): UNSAT in 0.08s
    cube 4041.53.25 (depth 2, 24 lits): UNSAT in 0.16s
    cube 4041.53.26 (depth 2, 24 lits): UNSAT in 0.49s
    cube 4041.53.27 (depth 2, 24 lits): UNSAT in 1.22s
    cube 4041.53.28 (depth 2, 24 lits): UNSAT in 0.32s
    cube 4041.53.29 (depth 2, 24 lits): UNSAT in 0.81s
    cube 4041.53.30 (depth 2, 24 lits): UNSAT in 0.13s
    cube 4041.53.31 (depth 2, 24 lits): UNSAT in 0.52s
    cube 4041.53.32 (depth 2, 24 lits): UNSAT in 0.04s
    cube 4041.53.33 (depth 2, 24 lits): UNSAT in 0.13s
    cube 4041.53.34 (depth 2, 24 lits): UNSAT in 0.12s
    cube 4041.53.35 (depth 2, 24 lits): UNSAT in 0.45s
    cube 4041.53.36 (depth 2, 24 lits): UNSAT in 0.05s
    cube 4041.53.37 (depth 2, 24 lits): UNSAT in 0.06s
    cube 4041.53.38 (depth 2, 24 lits): UNSAT in 0.11s
    cube 4041.53.39 (depth 2, 24 lits): UNSAT in 0.29s
    cube 4041.53.40 (depth 2, 24 lits): UNSAT in 0.16s
    cube 4041.53.41 (depth 2, 24 lits): UNSAT in 0.38s
    cube 4041.53.42 (depth 2, 24 lits): UNSAT in 0.56s
    cube 4041.53.43 (depth 2, 24 lits): UNSAT in 1.36s
    cube 4041.53.44 (depth 2, 24 lits): UNSAT in 0.52s
    cube 4041.53.45 (depth 2, 24 lits): UNSAT in 1.91s
    cube 4041.53.46 (depth 2, 24 lits): UNSAT in 0.41s
    cube 4041.53.47 (depth 2, 24 lits): UNSAT in 0.93s
    cube 4041.53.48 (depth 2, 24 lits): UNSAT in 0.08s
    cube 4041.53.49 (depth 2, 24 lits): UNSAT in 0.20s
    cube 4041.53.50 (depth 2, 24 lits): UNSAT in 1.12s
    cube 4041.53.51 (depth 2, 24 lits): UNSAT in 1.54s
    cube 4041.53.52 (depth 2, 24 lits): UNSAT in 0.25s
    cube 4041.53.53 (depth 2, 24 lits): UNSAT in 1.38s
    cube 4041.53.54 (depth 2, 24 lits): UNSAT in 0.71s
    cube 4041.53.55 (depth 2, 24 lits): UNSAT in 3.05s
    cube 4041.53.56 (depth 2, 24 lits): UNSAT in 0.09s
    cube 4041.53.57 (depth 2, 24 lits): UNSAT in 0.78s
    cube 4041.53.58 (depth 2, 24 lits): UNSAT in 1.24s
    cube 4041.53.59 (depth 2, 24 lits): UNSAT in 2.73s
    cube 4041.53.60 (depth 2, 24 lits): UNSAT in 2.31s
    cube 4041.53.61 (depth 2, 24 lits): UNSAT in 8.57s
    cube 4041.53.62 (depth 2, 24 lits): UNSAT in 1.53s
    cube 4041.53.63 (depth 2, 24 lits): UNSAT in 8.68s
    cube 4041.54 (depth 1, 18 lits): TIMEOUT in 60.03s
    cube 4041.54 TIMEOUT -> re-split into 64 sub-cubes (depth 2)
    cube 4041.54.0 (depth 2, 24 lits): UNSAT in 0.02s
    cube 4041.54.1 (depth 2, 24 lits): UNSAT in 0.03s
    cube 4041.54.2 (depth 2, 24 lits): UNSAT in 0.02s
    cube 4041.54.3 (depth 2, 24 lits): UNSAT in 0.04s
    cube 4041.54.4 (depth 2, 24 lits): UNSAT in 0.03s
    cube 4041.54.5 (depth 2, 24 lits): UNSAT in 0.20s
    cube 4041.54.6 (depth 2, 24 lits): UNSAT in 0.09s
    cube 4041.54.7 (depth 2, 24 lits): UNSAT in 0.29s
    cube 4041.54.8 (depth 2, 24 lits): UNSAT in 0.03s
    cube 4041.54.9 (depth 2, 24 lits): UNSAT in 0.03s
    cube 4041.54.10 (depth 2, 24 lits): UNSAT in 0.21s
    cube 4041.54.11 (depth 2, 24 lits): UNSAT in 0.26s
    cube 4041.54.12 (depth 2, 24 lits): UNSAT in 0.18s
    cube 4041.54.13 (depth 2, 24 lits): UNSAT in 0.35s
    cube 4041.54.14 (depth 2, 24 lits): UNSAT in 0.07s
    cube 4041.54.15 (depth 2, 24 lits): UNSAT in 0.32s
    cube 4041.54.16 (depth 2, 24 lits): UNSAT in 0.03s
    cube 4041.54.17 (depth 2, 24 lits): UNSAT in 0.08s
    cube 4041.54.18 (depth 2, 24 lits): UNSAT in 0.13s
    cube 4041.54.19 (depth 2, 24 lits): UNSAT in 0.27s
    cube 4041.54.20 (depth 2, 24 lits): UNSAT in 0.13s
    cube 4041.54.21 (depth 2, 24 lits): UNSAT in 0.57s
    cube 4041.54.22 (depth 2, 24 lits): UNSAT in 0.12s
    cube 4041.54.23 (depth 2, 24 lits): UNSAT in 0.53s
    cube 4041.54.24 (depth 2, 24 lits): UNSAT in 0.13s
    cube 4041.54.25 (depth 2, 24 lits): UNSAT in 0.67s
    cube 4041.54.26 (depth 2, 24 lits): UNSAT in 0.64s
    cube 4041.54.27 (depth 2, 24 lits): UNSAT in 1.50s
    cube 4041.54.28 (depth 2, 24 lits): UNSAT in 0.16s
    cube 4041.54.29 (depth 2, 24 lits): UNSAT in 0.84s
    cube 4041.54.30 (depth 2, 24 lits): UNSAT in 1.09s
    cube 4041.54.31 (depth 2, 24 lits): UNSAT in 2.49s
    cube 4041.54.32 (depth 2, 24 lits): UNSAT in 0.02s
    cube 4041.54.33 (depth 2, 24 lits): UNSAT in 0.17s
    cube 4041.54.34 (depth 2, 24 lits): UNSAT in 0.17s
    cube 4041.54.35 (depth 2, 24 lits): UNSAT in 0.25s
    cube 4041.54.36 (depth 2, 24 lits): UNSAT in 0.04s
    cube 4041.54.37 (depth 2, 24 lits): UNSAT in 0.28s
    cube 4041.54.38 (depth 2, 24 lits): UNSAT in 0.27s
    cube 4041.54.39 (depth 2, 24 lits): UNSAT in 1.66s
    cube 4041.54.40 (depth 2, 24 lits): UNSAT in 0.34s
    cube 4041.54.41 (depth 2, 24 lits): UNSAT in 0.30s
    cube 4041.54.42 (depth 2, 24 lits): UNSAT in 0.25s
    cube 4041.54.43 (depth 2, 24 lits): UNSAT in 0.81s
    cube 4041.54.44 (depth 2, 24 lits): UNSAT in 0.13s
    cube 4041.54.45 (depth 2, 24 lits): UNSAT in 0.46s
    cube 4041.54.46 (depth 2, 24 lits): UNSAT in 0.77s
    cube 4041.54.47 (depth 2, 24 lits): UNSAT in 2.42s
    cube 4041.54.48 (depth 2, 24 lits): UNSAT in 0.19s
    cube 4041.54.49 (depth 2, 24 lits): UNSAT in 1.27s
    cube 4041.54.50 (depth 2, 24 lits): UNSAT in 0.63s
    cube 4041.54.51 (depth 2, 24 lits): UNSAT in 3.19s
    cube 4041.54.52 (depth 2, 24 lits): UNSAT in 0.66s
    cube 4041.54.53 (depth 2, 24 lits): UNSAT in 1.59s
    cube 4041.54.54 (depth 2, 24 lits): UNSAT in 2.26s
    cube 4041.54.55 (depth 2, 24 lits): UNSAT in 18.68s
    cube 4041.54.56 (depth 2, 24 lits): UNSAT in 0.54s
    cube 4041.54.57 (depth 2, 24 lits): UNSAT in 2.96s
    cube 4041.54.58 (depth 2, 24 lits): UNSAT in 5.84s
    cube 4041.54.59 (depth 2, 24 lits): UNSAT in 5.56s
    cube 4041.54.60 (depth 2, 24 lits): UNSAT in 1.80s
    cube 4041.54.61 (depth 2, 24 lits): UNSAT in 10.41s
    cube 4041.54.62 (depth 2, 24 lits): UNSAT in 3.61s
    cube 4041.54.63 (depth 2, 24 lits): UNSAT in 10.42s
    cube 4041.55 (depth 1, 18 lits): TIMEOUT in 60.06s
    cube 4041.55 TIMEOUT -> re-split into 64 sub-cubes (depth 2)
    cube 4041.55.0 (depth 2, 24 lits): UNSAT in 0.03s
    cube 4041.55.1 (depth 2, 24 lits): UNSAT in 0.02s
    cube 4041.55.2 (depth 2, 24 lits): UNSAT in 0.08s
    cube 4041.55.3 (depth 2, 24 lits): UNSAT in 0.59s
    cube 4041.55.4 (depth 2, 24 lits): UNSAT in 0.11s
    cube 4041.55.5 (depth 2, 24 lits): UNSAT in 0.88s
    cube 4041.55.6 (depth 2, 24 lits): UNSAT in 0.47s
    cube 4041.55.7 (depth 2, 24 lits): UNSAT in 2.27s
    cube 4041.55.8 (depth 2, 24 lits): UNSAT in 0.33s
    cube 4041.55.9 (depth 2, 24 lits): UNSAT in 0.64s
    cube 4041.55.10 (depth 2, 24 lits): UNSAT in 0.61s
    cube 4041.55.11 (depth 2, 24 lits): UNSAT in 4.79s
    cube 4041.55.12 (depth 2, 24 lits): UNSAT in 0.22s
    cube 4041.55.13 (depth 2, 24 lits): UNSAT in 3.15s
    cube 4041.55.14 (depth 2, 24 lits): UNSAT in 0.65s
    cube 4041.55.15 (depth 2, 24 lits): UNSAT in 2.28s
    cube 4041.55.16 (depth 2, 24 lits): UNSAT in 0.05s
    cube 4041.55.17 (depth 2, 24 lits): UNSAT in 0.08s
    cube 4041.55.18 (depth 2, 24 lits): UNSAT in 0.17s
    cube 4041.55.19 (depth 2, 24 lits): UNSAT in 1.53s
    cube 4041.55.20 (depth 2, 24 lits): UNSAT in 0.11s
    cube 4041.55.21 (depth 2, 24 lits): UNSAT in 0.90s
    cube 4041.55.22 (depth 2, 24 lits): UNSAT in 1.68s
    cube 4041.55.23 (depth 2, 24 lits): UNSAT in 4.29s
    cube 4041.55.24 (depth 2, 24 lits): UNSAT in 0.62s
    cube 4041.55.25 (depth 2, 24 lits): UNSAT in 3.63s
    cube 4041.55.26 (depth 2, 24 lits): UNSAT in 1.44s
    cube 4041.55.27 (depth 2, 24 lits): UNSAT in 5.97s
    cube 4041.55.28 (depth 2, 24 lits): UNSAT in 3.96s
    cube 4041.55.29 (depth 2, 24 lits): UNSAT in 5.51s
    cube 4041.55.30 (depth 2, 24 lits): UNSAT in 15.92s
    cube 4041.55.31 (depth 2, 24 lits): UNSAT in 11.20s
    cube 4041.55.32 (depth 2, 24 lits): UNSAT in 0.09s
    cube 4041.55.33 (depth 2, 24 lits): UNSAT in 0.11s
    cube 4041.55.34 (depth 2, 24 lits): UNSAT in 0.03s
    cube 4041.55.35 (depth 2, 24 lits): UNSAT in 0.16s
    cube 4041.55.36 (depth 2, 24 lits): UNSAT in 0.09s
    cube 4041.55.37 (depth 2, 24 lits): UNSAT in 0.32s
    cube 4041.55.38 (depth 2, 24 lits): UNSAT in 0.31s
    cube 4041.55.39 (depth 2, 24 lits): UNSAT in 3.03s
    cube 4041.55.40 (depth 2, 24 lits): UNSAT in 0.35s
    cube 4041.55.41 (depth 2, 24 lits): UNSAT in 1.06s
    cube 4041.55.42 (depth 2, 24 lits): UNSAT in 0.28s
    cube 4041.55.43 (depth 2, 24 lits): UNSAT in 1.22s
    cube 4041.55.44 (depth 2, 24 lits): UNSAT in 1.61s
    cube 4041.55.45 (depth 2, 24 lits): UNSAT in 3.51s
    cube 4041.55.46 (depth 2, 24 lits): UNSAT in 1.23s
    cube 4041.55.47 (depth 2, 24 lits): UNSAT in 4.46s
    cube 4041.55.48 (depth 2, 24 lits): UNSAT in 0.11s
    cube 4041.55.49 (depth 2, 24 lits): UNSAT in 0.41s
    cube 4041.55.50 (depth 2, 24 lits): UNSAT in 0.34s
    cube 4041.55.51 (depth 2, 24 lits): UNSAT in 3.02s
    cube 4041.55.52 (depth 2, 24 lits): UNSAT in 0.14s
    cube 4041.55.53 (depth 2, 24 lits): UNSAT in 1.64s
    cube 4041.55.54 (depth 2, 24 lits): UNSAT in 2.79s
    cube 4041.55.55 (depth 2, 24 lits): UNSAT in 22.83s
    cube 4041.55.56 (depth 2, 24 lits): UNSAT in 0.91s
    cube 4041.55.57 (depth 2, 24 lits): UNSAT in 1.45s
    cube 4041.55.58 (depth 2, 24 lits): UNSAT in 2.97s
    cube 4041.55.59 (depth 2, 24 lits): UNSAT in 13.19s
    cube 4041.55.60 (depth 2, 24 lits): UNSAT in 5.86s
    cube 4041.55.61 (depth 2, 24 lits): UNSAT in 6.12s
    cube 4041.55.62 (depth 2, 24 lits): UNSAT in 41.10s
    cube 4041.55.63 (depth 2, 24 lits): UNSAT in 45.08s
    cube 4041.56 (depth 1, 18 lits): UNSAT in 14.56s
    cube 4041.57 (depth 1, 18 lits): UNSAT in 47.78s
    cube 4041.58 (depth 1, 18 lits): TIMEOUT in 60.03s
    cube 4041.58 TIMEOUT -> re-split into 64 sub-cubes (depth 2)
    cube 4041.58.0 (depth 2, 24 lits): UNSAT in 0.01s
    cube 4041.58.1 (depth 2, 24 lits): UNSAT in 0.02s
    cube 4041.58.2 (depth 2, 24 lits): UNSAT in 0.02s
    cube 4041.58.3 (depth 2, 24 lits): UNSAT in 0.03s
    cube 4041.58.4 (depth 2, 24 lits): UNSAT in 0.02s
    cube 4041.58.5 (depth 2, 24 lits): UNSAT in 0.03s
    cube 4041.58.6 (depth 2, 24 lits): UNSAT in 0.04s
    cube 4041.58.7 (depth 2, 24 lits): UNSAT in 0.24s
    cube 4041.58.8 (depth 2, 24 lits): UNSAT in 0.04s
    cube 4041.58.9 (depth 2, 24 lits): UNSAT in 0.15s
    cube 4041.58.10 (depth 2, 24 lits): UNSAT in 0.09s
    cube 4041.58.11 (depth 2, 24 lits): UNSAT in 1.26s
    cube 4041.58.12 (depth 2, 24 lits): UNSAT in 0.04s
    cube 4041.58.13 (depth 2, 24 lits): UNSAT in 0.31s
    cube 4041.58.14 (depth 2, 24 lits): UNSAT in 0.37s
    cube 4041.58.15 (depth 2, 24 lits): UNSAT in 3.57s
    cube 4041.58.16 (depth 2, 24 lits): UNSAT in 0.02s
    cube 4041.58.17 (depth 2, 24 lits): UNSAT in 0.02s
    cube 4041.58.18 (depth 2, 24 lits): UNSAT in 0.18s
    cube 4041.58.19 (depth 2, 24 lits): UNSAT in 0.43s
    cube 4041.58.20 (depth 2, 24 lits): UNSAT in 0.19s
    cube 4041.58.21 (depth 2, 24 lits): UNSAT in 0.77s
    cube 4041.58.22 (depth 2, 24 lits): UNSAT in 1.24s
    cube 4041.58.23 (depth 2, 24 lits): UNSAT in 5.17s
    cube 4041.58.24 (depth 2, 24 lits): UNSAT in 0.03s
    cube 4041.58.25 (depth 2, 24 lits): UNSAT in 0.13s
    cube 4041.58.26 (depth 2, 24 lits): UNSAT in 0.27s
    cube 4041.58.27 (depth 2, 24 lits): UNSAT in 0.91s
    cube 4041.58.28 (depth 2, 24 lits): UNSAT in 0.49s
    cube 4041.58.29 (depth 2, 24 lits): UNSAT in 1.92s
    cube 4041.58.30 (depth 2, 24 lits): UNSAT in 3.37s
    cube 4041.58.31 (depth 2, 24 lits): UNSAT in 5.19s
    cube 4041.58.32 (depth 2, 24 lits): UNSAT in 0.02s
    cube 4041.58.33 (depth 2, 24 lits): UNSAT in 0.10s
    cube 4041.58.34 (depth 2, 24 lits): UNSAT in 0.06s
    cube 4041.58.35 (depth 2, 24 lits): UNSAT in 0.20s
    cube 4041.58.36 (depth 2, 24 lits): UNSAT in 0.11s
    cube 4041.58.37 (depth 2, 24 lits): UNSAT in 0.54s
    cube 4041.58.38 (depth 2, 24 lits): UNSAT in 0.99s
    cube 4041.58.39 (depth 2, 24 lits): UNSAT in 2.42s
    cube 4041.58.40 (depth 2, 24 lits): UNSAT in 0.14s
    cube 4041.58.41 (depth 2, 24 lits): UNSAT in 0.44s
    cube 4041.58.42 (depth 2, 24 lits): UNSAT in 0.11s
    cube 4041.58.43 (depth 2, 24 lits): UNSAT in 1.00s
    cube 4041.58.44 (depth 2, 24 lits): UNSAT in 1.03s
    cube 4041.58.45 (depth 2, 24 lits): UNSAT in 1.43s
    cube 4041.58.46 (depth 2, 24 lits): UNSAT in 1.28s
    cube 4041.58.47 (depth 2, 24 lits): UNSAT in 6.34s
    cube 4041.58.48 (depth 2, 24 lits): UNSAT in 0.19s
    cube 4041.58.49 (depth 2, 24 lits): UNSAT in 0.23s
    cube 4041.58.50 (depth 2, 24 lits): UNSAT in 0.10s
    cube 4041.58.51 (depth 2, 24 lits): UNSAT in 3.10s
    cube 4041.58.52 (depth 2, 24 lits): UNSAT in 0.16s
    cube 4041.58.53 (depth 2, 24 lits): UNSAT in 3.63s
    cube 4041.58.54 (depth 2, 24 lits): UNSAT in 0.54s
    cube 4041.58.55 (depth 2, 24 lits): UNSAT in 9.83s
    cube 4041.58.56 (depth 2, 24 lits): UNSAT in 0.41s
    cube 4041.58.57 (depth 2, 24 lits): UNSAT in 1.58s
    cube 4041.58.58 (depth 2, 24 lits): UNSAT in 2.19s
    cube 4041.58.59 (depth 2, 24 lits): UNSAT in 5.98s
    cube 4041.58.60 (depth 2, 24 lits): UNSAT in 1.94s
    cube 4041.58.61 (depth 2, 24 lits): UNSAT in 9.01s
    cube 4041.58.62 (depth 2, 24 lits): UNSAT in 1.07s
    cube 4041.58.63 (depth 2, 24 lits): UNSAT in 2.13s
    cube 4041.59 (depth 1, 18 lits): TIMEOUT in 60.06s
    cube 4041.59 TIMEOUT -> re-split into 64 sub-cubes (depth 2)
    cube 4041.59.0 (depth 2, 24 lits): UNSAT in 0.01s
    cube 4041.59.1 (depth 2, 24 lits): UNSAT in 0.01s
    cube 4041.59.2 (depth 2, 24 lits): UNSAT in 0.02s
    cube 4041.59.3 (depth 2, 24 lits): UNSAT in 0.04s
    cube 4041.59.4 (depth 2, 24 lits): UNSAT in 0.03s
    cube 4041.59.5 (depth 2, 24 lits): UNSAT in 0.03s
    cube 4041.59.6 (depth 2, 24 lits): UNSAT in 0.06s
    cube 4041.59.7 (depth 2, 24 lits): UNSAT in 0.09s
    cube 4041.59.8 (depth 2, 24 lits): UNSAT in 0.10s
    cube 4041.59.9 (depth 2, 24 lits): UNSAT in 0.17s
    cube 4041.59.10 (depth 2, 24 lits): UNSAT in 0.29s
    cube 4041.59.11 (depth 2, 24 lits): UNSAT in 0.29s
    cube 4041.59.12 (depth 2, 24 lits): UNSAT in 0.09s
    cube 4041.59.13 (depth 2, 24 lits): UNSAT in 0.23s
    cube 4041.59.14 (depth 2, 24 lits): UNSAT in 0.31s
    cube 4041.59.15 (depth 2, 24 lits): UNSAT in 0.80s
    cube 4041.59.16 (depth 2, 24 lits): UNSAT in 0.04s
    cube 4041.59.17 (depth 2, 24 lits): UNSAT in 0.11s
    cube 4041.59.18 (depth 2, 24 lits): UNSAT in 0.09s
    cube 4041.59.19 (depth 2, 24 lits): UNSAT in 0.29s
    cube 4041.59.20 (depth 2, 24 lits): UNSAT in 0.76s
    cube 4041.59.21 (depth 2, 24 lits): UNSAT in 0.91s
    cube 4041.59.22 (depth 2, 24 lits): UNSAT in 0.57s
    cube 4041.59.23 (depth 2, 24 lits): UNSAT in 2.89s
    cube 4041.59.24 (depth 2, 24 lits): UNSAT in 0.08s
    cube 4041.59.25 (depth 2, 24 lits): UNSAT in 0.40s
    cube 4041.59.26 (depth 2, 24 lits): UNSAT in 0.75s
    cube 4041.59.27 (depth 2, 24 lits): UNSAT in 2.16s
    cube 4041.59.28 (depth 2, 24 lits): UNSAT in 1.09s
    cube 4041.59.29 (depth 2, 24 lits): UNSAT in 4.77s
    cube 4041.59.30 (depth 2, 24 lits): UNSAT in 5.39s
    cube 4041.59.31 (depth 2, 24 lits): UNSAT in 5.53s
    cube 4041.59.32 (depth 2, 24 lits): UNSAT in 0.02s
    cube 4041.59.33 (depth 2, 24 lits): UNSAT in 0.03s
    cube 4041.59.34 (depth 2, 24 lits): UNSAT in 0.02s
    cube 4041.59.35 (depth 2, 24 lits): UNSAT in 0.04s
    cube 4041.59.36 (depth 2, 24 lits): UNSAT in 0.04s
    cube 4041.59.37 (depth 2, 24 lits): UNSAT in 0.13s
    cube 4041.59.38 (depth 2, 24 lits): UNSAT in 0.39s
    cube 4041.59.39 (depth 2, 24 lits): UNSAT in 1.85s
    cube 4041.59.40 (depth 2, 24 lits): UNSAT in 0.09s
    cube 4041.59.41 (depth 2, 24 lits): UNSAT in 0.21s
    cube 4041.59.42 (depth 2, 24 lits): UNSAT in 0.24s
    cube 4041.59.43 (depth 2, 24 lits): UNSAT in 0.89s
    cube 4041.59.44 (depth 2, 24 lits): UNSAT in 0.16s
    cube 4041.59.45 (depth 2, 24 lits): UNSAT in 1.55s
    cube 4041.59.46 (depth 2, 24 lits): UNSAT in 0.53s
    cube 4041.59.47 (depth 2, 24 lits): UNSAT in 1.89s
    cube 4041.59.48 (depth 2, 24 lits): UNSAT in 0.01s
    cube 4041.59.49 (depth 2, 24 lits): UNSAT in 0.14s
    cube 4041.59.50 (depth 2, 24 lits): UNSAT in 0.30s
    cube 4041.59.51 (depth 2, 24 lits): UNSAT in 1.07s
    cube 4041.59.52 (depth 2, 24 lits): UNSAT in 0.11s
    cube 4041.59.53 (depth 2, 24 lits): UNSAT in 0.84s
    cube 4041.59.54 (depth 2, 24 lits): UNSAT in 0.42s
    cube 4041.59.55 (depth 2, 24 lits): UNSAT in 1.24s
    cube 4041.59.56 (depth 2, 24 lits): UNSAT in 0.24s
    cube 4041.59.57 (depth 2, 24 lits): UNSAT in 2.16s
    cube 4041.59.58 (depth 2, 24 lits): UNSAT in 1.08s
    cube 4041.59.59 (depth 2, 24 lits): UNSAT in 2.39s
    cube 4041.59.60 (depth 2, 24 lits): UNSAT in 0.22s
    cube 4041.59.61 (depth 2, 24 lits): UNSAT in 3.99s
    cube 4041.59.62 (depth 2, 24 lits): UNSAT in 1.73s
    cube 4041.59.63 (depth 2, 24 lits): UNSAT in 3.70s
    cube 4041.60 (depth 1, 18 lits): UNSAT in 50.18s
    cube 4041.61 (depth 1, 18 lits): TIMEOUT in 60.06s
    cube 4041.61 TIMEOUT -> re-split into 64 sub-cubes (depth 2)
    cube 4041.61.0 (depth 2, 24 lits): UNSAT in 0.02s
    cube 4041.61.1 (depth 2, 24 lits): UNSAT in 0.03s
    cube 4041.61.2 (depth 2, 24 lits): UNSAT in 0.03s
    cube 4041.61.3 (depth 2, 24 lits): UNSAT in 0.10s
    cube 4041.61.4 (depth 2, 24 lits): UNSAT in 0.02s
    cube 4041.61.5 (depth 2, 24 lits): UNSAT in 0.03s
    cube 4041.61.6 (depth 2, 24 lits): UNSAT in 0.09s
    cube 4041.61.7 (depth 2, 24 lits): UNSAT in 0.16s
    cube 4041.61.8 (depth 2, 24 lits): UNSAT in 0.13s
    cube 4041.61.9 (depth 2, 24 lits): UNSAT in 0.36s
    cube 4041.61.10 (depth 2, 24 lits): UNSAT in 0.22s
    cube 4041.61.11 (depth 2, 24 lits): UNSAT in 0.49s
    cube 4041.61.12 (depth 2, 24 lits): UNSAT in 0.17s
    cube 4041.61.13 (depth 2, 24 lits): UNSAT in 0.28s
    cube 4041.61.14 (depth 2, 24 lits): UNSAT in 0.32s
    cube 4041.61.15 (depth 2, 24 lits): UNSAT in 0.55s
    cube 4041.61.16 (depth 2, 24 lits): UNSAT in 0.04s
    cube 4041.61.17 (depth 2, 24 lits): UNSAT in 0.11s
    cube 4041.61.18 (depth 2, 24 lits): UNSAT in 0.36s
    cube 4041.61.19 (depth 2, 24 lits): UNSAT in 0.48s
    cube 4041.61.20 (depth 2, 24 lits): UNSAT in 0.09s
    cube 4041.61.21 (depth 2, 24 lits): UNSAT in 0.21s
    cube 4041.61.22 (depth 2, 24 lits): UNSAT in 0.64s
    cube 4041.61.23 (depth 2, 24 lits): UNSAT in 0.71s
    cube 4041.61.24 (depth 2, 24 lits): UNSAT in 0.23s
    cube 4041.61.25 (depth 2, 24 lits): UNSAT in 0.65s
    cube 4041.61.26 (depth 2, 24 lits): UNSAT in 0.10s
    cube 4041.61.27 (depth 2, 24 lits): UNSAT in 1.26s
    cube 4041.61.28 (depth 2, 24 lits): UNSAT in 1.12s
    cube 4041.61.29 (depth 2, 24 lits): UNSAT in 1.84s
    cube 4041.61.30 (depth 2, 24 lits): UNSAT in 1.41s
    cube 4041.61.31 (depth 2, 24 lits): UNSAT in 5.04s
    cube 4041.61.32 (depth 2, 24 lits): UNSAT in 0.02s
    cube 4041.61.33 (depth 2, 24 lits): UNSAT in 0.18s
    cube 4041.61.34 (depth 2, 24 lits): UNSAT in 0.14s
    cube 4041.61.35 (depth 2, 24 lits): UNSAT in 0.62s
    cube 4041.61.36 (depth 2, 24 lits): UNSAT in 0.70s
    cube 4041.61.37 (depth 2, 24 lits): UNSAT in 1.00s
    cube 4041.61.38 (depth 2, 24 lits): UNSAT in 0.69s
    cube 4041.61.39 (depth 2, 24 lits): UNSAT in 4.58s
    cube 4041.61.40 (depth 2, 24 lits): UNSAT in 0.45s
    cube 4041.61.41 (depth 2, 24 lits): UNSAT in 1.68s
    cube 4041.61.42 (depth 2, 24 lits): UNSAT in 1.10s
    cube 4041.61.43 (depth 2, 24 lits): UNSAT in 3.62s
    cube 4041.61.44 (depth 2, 24 lits): UNSAT in 0.16s
    cube 4041.61.45 (depth 2, 24 lits): UNSAT in 0.13s
    cube 4041.61.46 (depth 2, 24 lits): UNSAT in 0.76s
    cube 4041.61.47 (depth 2, 24 lits): UNSAT in 1.70s
    cube 4041.61.48 (depth 2, 24 lits): UNSAT in 0.35s
    cube 4041.61.49 (depth 2, 24 lits): UNSAT in 0.60s
    cube 4041.61.50 (depth 2, 24 lits): UNSAT in 1.25s
    cube 4041.61.51 (depth 2, 24 lits): UNSAT in 5.60s
    cube 4041.61.52 (depth 2, 24 lits): UNSAT in 0.78s
    cube 4041.61.53 (depth 2, 24 lits): UNSAT in 3.59s
    cube 4041.61.54 (depth 2, 24 lits): UNSAT in 10.57s
    cube 4041.61.55 (depth 2, 24 lits): UNSAT in 2.91s
    cube 4041.61.56 (depth 2, 24 lits): UNSAT in 0.25s
    cube 4041.61.57 (depth 2, 24 lits): UNSAT in 0.31s
    cube 4041.61.58 (depth 2, 24 lits): UNSAT in 0.23s
    cube 4041.61.59 (depth 2, 24 lits): UNSAT in 2.62s
    cube 4041.61.60 (depth 2, 24 lits): UNSAT in 0.02s
    cube 4041.61.61 (depth 2, 24 lits): UNSAT in 0.03s
    cube 4041.61.62 (depth 2, 24 lits): UNSAT in 0.16s
    cube 4041.61.63 (depth 2, 24 lits): UNSAT in 0.23s
    cube 4041.62 (depth 1, 18 lits): TIMEOUT in 60.06s
    cube 4041.62 TIMEOUT -> re-split into 64 sub-cubes (depth 2)
    cube 4041.62.0 (depth 2, 24 lits): UNSAT in 0.02s
    cube 4041.62.1 (depth 2, 24 lits): UNSAT in 0.07s
    cube 4041.62.2 (depth 2, 24 lits): UNSAT in 0.03s
    cube 4041.62.3 (depth 2, 24 lits): UNSAT in 0.10s
    cube 4041.62.4 (depth 2, 24 lits): UNSAT in 0.11s
    cube 4041.62.5 (depth 2, 24 lits): UNSAT in 0.64s
    cube 4041.62.6 (depth 2, 24 lits): UNSAT in 0.06s
    cube 4041.62.7 (depth 2, 24 lits): UNSAT in 0.80s
    cube 4041.62.8 (depth 2, 24 lits): UNSAT in 0.16s
    cube 4041.62.9 (depth 2, 24 lits): UNSAT in 0.24s
    cube 4041.62.10 (depth 2, 24 lits): UNSAT in 0.35s
    cube 4041.62.11 (depth 2, 24 lits): UNSAT in 1.63s
    cube 4041.62.12 (depth 2, 24 lits): UNSAT in 0.28s
    cube 4041.62.13 (depth 2, 24 lits): UNSAT in 1.21s
    cube 4041.62.14 (depth 2, 24 lits): UNSAT in 1.78s
    cube 4041.62.15 (depth 2, 24 lits): UNSAT in 9.41s
    cube 4041.62.16 (depth 2, 24 lits): UNSAT in 0.02s
    cube 4041.62.17 (depth 2, 24 lits): UNSAT in 0.13s
    cube 4041.62.18 (depth 2, 24 lits): UNSAT in 0.16s
    cube 4041.62.19 (depth 2, 24 lits): UNSAT in 0.98s
    cube 4041.62.20 (depth 2, 24 lits): UNSAT in 0.68s
    cube 4041.62.21 (depth 2, 24 lits): UNSAT in 1.94s
    cube 4041.62.22 (depth 2, 24 lits): UNSAT in 0.85s
    cube 4041.62.23 (depth 2, 24 lits): UNSAT in 9.11s
    cube 4041.62.24 (depth 2, 24 lits): UNSAT in 0.23s
    cube 4041.62.25 (depth 2, 24 lits): UNSAT in 0.35s
    cube 4041.62.26 (depth 2, 24 lits): UNSAT in 0.31s
    cube 4041.62.27 (depth 2, 24 lits): UNSAT in 3.10s
    cube 4041.62.28 (depth 2, 24 lits): UNSAT in 1.05s
    cube 4041.62.29 (depth 2, 24 lits): UNSAT in 2.93s
    cube 4041.62.30 (depth 2, 24 lits): UNSAT in 0.42s
    cube 4041.62.31 (depth 2, 24 lits): UNSAT in 3.11s
    cube 4041.62.32 (depth 2, 24 lits): UNSAT in 0.21s
    cube 4041.62.33 (depth 2, 24 lits): UNSAT in 0.87s
    cube 4041.62.34 (depth 2, 24 lits): UNSAT in 0.72s
    cube 4041.62.35 (depth 2, 24 lits): UNSAT in 2.51s
    cube 4041.62.36 (depth 2, 24 lits): UNSAT in 0.47s
    cube 4041.62.37 (depth 2, 24 lits): UNSAT in 2.02s
    cube 4041.62.38 (depth 2, 24 lits): UNSAT in 2.02s
    cube 4041.62.39 (depth 2, 24 lits): UNSAT in 6.79s
    cube 4041.62.40 (depth 2, 24 lits): UNSAT in 0.21s
    cube 4041.62.41 (depth 2, 24 lits): UNSAT in 1.04s
    cube 4041.62.42 (depth 2, 24 lits): UNSAT in 1.25s
    cube 4041.62.43 (depth 2, 24 lits): UNSAT in 5.61s
    cube 4041.62.44 (depth 2, 24 lits): UNSAT in 1.78s
    cube 4041.62.45 (depth 2, 24 lits): UNSAT in 4.26s
    cube 4041.62.46 (depth 2, 24 lits): UNSAT in 6.81s
    cube 4041.62.47 (depth 2, 24 lits): UNSAT in 1.96s
    cube 4041.62.48 (depth 2, 24 lits): UNSAT in 0.55s
    cube 4041.62.49 (depth 2, 24 lits): UNSAT in 1.25s
    cube 4041.62.50 (depth 2, 24 lits): UNSAT in 0.38s
    cube 4041.62.51 (depth 2, 24 lits): UNSAT in 1.53s
    cube 4041.62.52 (depth 2, 24 lits): UNSAT in 0.28s
    cube 4041.62.53 (depth 2, 24 lits): UNSAT in 0.17s
    cube 4041.62.54 (depth 2, 24 lits): UNSAT in 0.13s
    cube 4041.62.55 (depth 2, 24 lits): UNSAT in 0.55s
    cube 4041.62.56 (depth 2, 24 lits): UNSAT in 0.62s
    cube 4041.62.57 (depth 2, 24 lits): UNSAT in 0.93s
    cube 4041.62.58 (depth 2, 24 lits): UNSAT in 3.92s
    cube 4041.62.59 (depth 2, 24 lits): UNSAT in 4.74s
    cube 4041.62.60 (depth 2, 24 lits): UNSAT in 3.46s
    cube 4041.62.61 (depth 2, 24 lits): UNSAT in 22.07s
    cube 4041.62.62 (depth 2, 24 lits): UNSAT in 9.30s
    cube 4041.62.63 (depth 2, 24 lits): UNSAT in 28.41s
    cube 4041.63 (depth 1, 18 lits): TIMEOUT in 60.06s
    cube 4041.63 TIMEOUT -> re-split into 64 sub-cubes (depth 2)
    cube 4041.63.0 (depth 2, 24 lits): UNSAT in 0.03s
    cube 4041.63.1 (depth 2, 24 lits): UNSAT in 0.07s
    cube 4041.63.2 (depth 2, 24 lits): UNSAT in 0.20s
    cube 4041.63.3 (depth 2, 24 lits): UNSAT in 0.59s
    cube 4041.63.4 (depth 2, 24 lits): UNSAT in 0.02s
    cube 4041.63.5 (depth 2, 24 lits): UNSAT in 0.06s
    cube 4041.63.6 (depth 2, 24 lits): UNSAT in 0.14s
    cube 4041.63.7 (depth 2, 24 lits): UNSAT in 0.37s
    cube 4041.63.8 (depth 2, 24 lits): UNSAT in 0.52s
    cube 4041.63.9 (depth 2, 24 lits): UNSAT in 1.28s
    cube 4041.63.10 (depth 2, 24 lits): UNSAT in 0.20s
    cube 4041.63.11 (depth 2, 24 lits): UNSAT in 0.96s
    cube 4041.63.12 (depth 2, 24 lits): UNSAT in 0.61s
    cube 4041.63.13 (depth 2, 24 lits): UNSAT in 1.07s
    cube 4041.63.14 (depth 2, 24 lits): UNSAT in 2.60s
    cube 4041.63.15 (depth 2, 24 lits): UNSAT in 0.48s
    cube 4041.63.16 (depth 2, 24 lits): UNSAT in 0.06s
    cube 4041.63.17 (depth 2, 24 lits): UNSAT in 0.16s
    cube 4041.63.18 (depth 2, 24 lits): UNSAT in 0.27s
    cube 4041.63.19 (depth 2, 24 lits): UNSAT in 2.58s
    cube 4041.63.20 (depth 2, 24 lits): UNSAT in 1.78s
    cube 4041.63.21 (depth 2, 24 lits): UNSAT in 4.69s
    cube 4041.63.22 (depth 2, 24 lits): UNSAT in 7.06s
    cube 4041.63.23 (depth 2, 24 lits): UNSAT in 5.70s
    cube 4041.63.24 (depth 2, 24 lits): UNSAT in 4.65s
    cube 4041.63.25 (depth 2, 24 lits): UNSAT in 15.14s
    cube 4041.63.26 (depth 2, 24 lits): UNSAT in 0.24s
    cube 4041.63.27 (depth 2, 24 lits): UNSAT in 3.35s
    cube 4041.63.28 (depth 2, 24 lits): UNSAT in 3.19s
    cube 4041.63.29 (depth 2, 24 lits): UNSAT in 8.98s
    cube 4041.63.30 (depth 2, 24 lits): UNSAT in 7.67s
    cube 4041.63.31 (depth 2, 24 lits): UNSAT in 1.83s
    cube 4041.63.32 (depth 2, 24 lits): UNSAT in 0.07s
    cube 4041.63.33 (depth 2, 24 lits): UNSAT in 0.10s
    cube 4041.63.34 (depth 2, 24 lits): UNSAT in 0.11s
    cube 4041.63.35 (depth 2, 24 lits): UNSAT in 1.64s
    cube 4041.63.36 (depth 2, 24 lits): UNSAT in 0.28s
    cube 4041.63.37 (depth 2, 24 lits): UNSAT in 1.45s
    cube 4041.63.38 (depth 2, 24 lits): UNSAT in 1.99s
    cube 4041.63.39 (depth 2, 24 lits): UNSAT in 4.75s
    cube 4041.63.40 (depth 2, 24 lits): UNSAT in 0.10s
    cube 4041.63.41 (depth 2, 24 lits): UNSAT in 0.15s
    cube 4041.63.42 (depth 2, 24 lits): UNSAT in 1.20s
    cube 4041.63.43 (depth 2, 24 lits): UNSAT in 0.90s
    cube 4041.63.44 (depth 2, 24 lits): UNSAT in 0.48s
    cube 4041.63.45 (depth 2, 24 lits): UNSAT in 2.90s
    cube 4041.63.46 (depth 2, 24 lits): UNSAT in 1.55s
    cube 4041.63.47 (depth 2, 24 lits): UNSAT in 4.69s
    cube 4041.63.48 (depth 2, 24 lits): UNSAT in 0.19s
    cube 4041.63.49 (depth 2, 24 lits): UNSAT in 0.12s
    cube 4041.63.50 (depth 2, 24 lits): UNSAT in 0.57s
    cube 4041.63.51 (depth 2, 24 lits): UNSAT in 1.11s
    cube 4041.63.52 (depth 2, 24 lits): UNSAT in 0.32s
    cube 4041.63.53 (depth 2, 24 lits): UNSAT in 1.66s
    cube 4041.63.54 (depth 2, 24 lits): UNSAT in 2.20s
    cube 4041.63.55 (depth 2, 24 lits): UNSAT in 4.60s
    cube 4041.63.56 (depth 2, 24 lits): UNSAT in 0.20s
    cube 4041.63.57 (depth 2, 24 lits): UNSAT in 1.39s
    cube 4041.63.58 (depth 2, 24 lits): UNSAT in 0.73s
    cube 4041.63.59 (depth 2, 24 lits): UNSAT in 0.52s
    cube 4041.63.60 (depth 2, 24 lits): UNSAT in 0.47s
    cube 4041.63.61 (depth 2, 24 lits): UNSAT in 2.29s
    cube 4041.63.62 (depth 2, 24 lits): UNSAT in 0.43s
    cube 4041.63.63 (depth 2, 24 lits): UNSAT in 0.95s

  shard 9 verdict: UNRESOLVED (252 UNSAT, 1 unresolved) in 13187.7s
