  shard 13/24 (explicit): 1 of 4095 cubes, per-cube cap 1200.0s, re-split depth 9
    cube 3062 (depth 0, 12 lits): TIMEOUT in 1200.10s
    cube 3062 TIMEOUT -> re-split into 1013 sub-cubes (depth 1)
    cube 3062.0 (depth 1, 21 lits): UNSAT in 0.01s
    cube 3062.1 (depth 1, 22 lits): UNSAT in 0.01s
    cube 3062.2 (depth 1, 22 lits): UNSAT in 0.02s
    cube 3062.3 (depth 1, 22 lits): UNSAT in 0.02s
    cube 3062.4 (depth 1, 22 lits): UNSAT in 0.02s
    cube 3062.5 (depth 1, 22 lits): UNSAT in 0.03s
    cube 3062.6 (depth 1, 22 lits): UNSAT in 0.04s
    cube 3062.7 (depth 1, 22 lits): UNSAT in 0.01s
    cube 3062.8 (depth 1, 22 lits): UNSAT in 0.02s
    cube 3062.9 (depth 1, 22 lits): UNSAT in 0.02s
    cube 3062.10 (depth 1, 22 lits): UNSAT in 0.05s
    cube 3062.11 (depth 1, 22 lits): UNSAT in 0.02s
    cube 3062.12 (depth 1, 22 lits): UNSAT in 0.07s
    cube 3062.13 (depth 1, 22 lits): UNSAT in 0.12s
    cube 3062.14 (depth 1, 22 lits): UNSAT in 0.44s
    cube 3062.15 (depth 1, 21 lits): UNSAT in 0.01s
    cube 3062.16 (depth 1, 22 lits): UNSAT in 0.02s
    cube 3062.17 (depth 1, 22 lits): UNSAT in 0.09s
    cube 3062.18 (depth 1, 22 lits): UNSAT in 0.04s
    cube 3062.19 (depth 1, 22 lits): UNSAT in 0.13s
    cube 3062.20 (depth 1, 22 lits): UNSAT in 0.06s
    cube 3062.21 (depth 1, 22 lits): UNSAT in 0.24s
    cube 3062.22 (depth 1, 22 lits): UNSAT in 0.03s
    cube 3062.23 (depth 1, 22 lits): UNSAT in 0.03s
    cube 3062.24 (depth 1, 22 lits): UNSAT in 0.10s
    cube 3062.25 (depth 1, 22 lits): UNSAT in 0.62s
    cube 3062.26 (depth 1, 22 lits): UNSAT in 0.05s
    cube 3062.27 (depth 1, 22 lits): UNSAT in 1.03s
    cube 3062.28 (depth 1, 22 lits): UNSAT in 0.45s
    cube 3062.29 (depth 1, 22 lits): UNSAT in 0.58s
    cube 3062.30 (depth 1, 21 lits): UNSAT in 0.01s
    cube 3062.31 (depth 1, 22 lits): UNSAT in 0.02s
    cube 3062.32 (depth 1, 22 lits): UNSAT in 0.05s
    cube 3062.33 (depth 1, 22 lits): UNSAT in 0.02s
    cube 3062.34 (depth 1, 22 lits): UNSAT in 0.03s
    cube 3062.35 (depth 1, 22 lits): UNSAT in 0.02s
    cube 3062.36 (depth 1, 22 lits): UNSAT in 0.08s
    cube 3062.37 (depth 1, 22 lits): UNSAT in 0.03s
    cube 3062.38 (depth 1, 22 lits): UNSAT in 0.11s
    cube 3062.39 (depth 1, 22 lits): UNSAT in 0.03s
    cube 3062.40 (depth 1, 22 lits): UNSAT in 0.27s
    cube 3062.41 (depth 1, 22 lits): UNSAT in 0.06s
    cube 3062.42 (depth 1, 22 lits): UNSAT in 0.70s
    cube 3062.43 (depth 1, 22 lits): UNSAT in 0.84s
    cube 3062.44 (depth 1, 22 lits): UNSAT in 0.54s
    cube 3062.45 (depth 1, 22 lits): UNSAT in 0.02s
    cube 3062.46 (depth 1, 22 lits): UNSAT in 0.08s
    cube 3062.47 (depth 1, 22 lits): UNSAT in 0.06s
    cube 3062.48 (depth 1, 22 lits): UNSAT in 0.09s
    cube 3062.49 (depth 1, 22 lits): UNSAT in 0.04s
    cube 3062.50 (depth 1, 22 lits): UNSAT in 0.13s
    cube 3062.51 (depth 1, 22 lits): UNSAT in 0.08s
    cube 3062.52 (depth 1, 22 lits): UNSAT in 0.60s
    cube 3062.53 (depth 1, 22 lits): UNSAT in 0.03s
    cube 3062.54 (depth 1, 22 lits): UNSAT in 0.48s
    cube 3062.55 (depth 1, 22 lits): UNSAT in 0.05s
    cube 3062.56 (depth 1, 22 lits): UNSAT in 0.40s
    cube 3062.57 (depth 1, 22 lits): UNSAT in 0.94s
    cube 3062.58 (depth 1, 22 lits): UNSAT in 1.09s
    cube 3062.59 (depth 1, 22 lits): UNSAT in 1.22s
    cube 3062.60 (depth 1, 22 lits): UNSAT in 5.65s
    cube 3062.61 (depth 1, 22 lits): UNSAT in 0.01s
    cube 3062.62 (depth 1, 22 lits): UNSAT in 0.03s
    cube 3062.63 (depth 1, 22 lits): UNSAT in 0.02s
    cube 3062.64 (depth 1, 22 lits): UNSAT in 0.06s
    cube 3062.65 (depth 1, 22 lits): UNSAT in 0.03s
    cube 3062.66 (depth 1, 22 lits): UNSAT in 0.02s
    cube 3062.67 (depth 1, 22 lits): UNSAT in 0.03s
    cube 3062.68 (depth 1, 22 lits): UNSAT in 0.19s
    cube 3062.69 (depth 1, 22 lits): UNSAT in 0.03s
    cube 3062.70 (depth 1, 22 lits): UNSAT in 0.15s
    cube 3062.71 (depth 1, 22 lits): UNSAT in 0.05s
    cube 3062.72 (depth 1, 22 lits): UNSAT in 0.37s
    cube 3062.73 (depth 1, 22 lits): UNSAT in 0.10s
    cube 3062.74 (depth 1, 22 lits): UNSAT in 0.26s
    cube 3062.75 (depth 1, 22 lits): UNSAT in 0.31s
    cube 3062.76 (depth 1, 22 lits): UNSAT in 1.30s
    cube 3062.77 (depth 1, 22 lits): UNSAT in 0.04s
    cube 3062.78 (depth 1, 22 lits): UNSAT in 0.05s
    cube 3062.79 (depth 1, 22 lits): UNSAT in 0.08s
    cube 3062.80 (depth 1, 22 lits): UNSAT in 0.06s
    cube 3062.81 (depth 1, 22 lits): UNSAT in 0.02s
    cube 3062.82 (depth 1, 22 lits): UNSAT in 0.07s
    cube 3062.83 (depth 1, 22 lits): UNSAT in 0.07s
    cube 3062.84 (depth 1, 22 lits): UNSAT in 0.42s
    cube 3062.85 (depth 1, 22 lits): UNSAT in 0.03s
    cube 3062.86 (depth 1, 22 lits): UNSAT in 0.07s
    cube 3062.87 (depth 1, 22 lits): UNSAT in 0.12s
    cube 3062.88 (depth 1, 22 lits): UNSAT in 0.37s
    cube 3062.89 (depth 1, 22 lits): UNSAT in 0.07s
    cube 3062.90 (depth 1, 22 lits): UNSAT in 0.04s
    cube 3062.91 (depth 1, 22 lits): UNSAT in 0.09s
    cube 3062.92 (depth 1, 22 lits): UNSAT in 0.71s
    cube 3062.93 (depth 1, 22 lits): UNSAT in 0.01s
    cube 3062.94 (depth 1, 22 lits): UNSAT in 0.03s
    cube 3062.95 (depth 1, 22 lits): UNSAT in 0.04s
    cube 3062.96 (depth 1, 22 lits): UNSAT in 0.02s
    cube 3062.97 (depth 1, 22 lits): UNSAT in 0.03s
    cube 3062.98 (depth 1, 22 lits): UNSAT in 0.07s
    cube 3062.99 (depth 1, 22 lits): UNSAT in 0.04s
    cube 3062.100 (depth 1, 22 lits): UNSAT in 0.13s
    cube 3062.101 (depth 1, 22 lits): UNSAT in 0.03s
    cube 3062.102 (depth 1, 22 lits): UNSAT in 0.02s
    cube 3062.103 (depth 1, 22 lits): UNSAT in 0.06s
    cube 3062.104 (depth 1, 22 lits): UNSAT in 0.08s
    cube 3062.105 (depth 1, 22 lits): UNSAT in 0.06s
    cube 3062.106 (depth 1, 22 lits): UNSAT in 0.18s
    cube 3062.107 (depth 1, 22 lits): UNSAT in 0.09s
    cube 3062.108 (depth 1, 22 lits): UNSAT in 0.45s
    cube 3062.109 (depth 1, 22 lits): UNSAT in 0.02s
    cube 3062.110 (depth 1, 22 lits): UNSAT in 0.17s
    cube 3062.111 (depth 1, 22 lits): UNSAT in 0.26s
    cube 3062.112 (depth 1, 22 lits): UNSAT in 0.98s
    cube 3062.113 (depth 1, 22 lits): UNSAT in 0.13s
    cube 3062.114 (depth 1, 22 lits): UNSAT in 0.16s
    cube 3062.115 (depth 1, 22 lits): UNSAT in 0.29s
    cube 3062.116 (depth 1, 22 lits): UNSAT in 1.44s
    cube 3062.117 (depth 1, 22 lits): UNSAT in 0.10s
    cube 3062.118 (depth 1, 22 lits): UNSAT in 0.58s
    cube 3062.119 (depth 1, 22 lits): UNSAT in 0.27s
    cube 3062.120 (depth 1, 22 lits): UNSAT in 1.07s
    cube 3062.121 (depth 1, 22 lits): UNSAT in 0.82s
    cube 3062.122 (depth 1, 22 lits): UNSAT in 0.64s
    cube 3062.123 (depth 1, 22 lits): UNSAT in 0.51s
    cube 3062.124 (depth 1, 22 lits): UNSAT in 18.96s
    cube 3062.125 (depth 1, 20 lits): UNSAT in 0.03s
    cube 3062.126 (depth 1, 22 lits): UNSAT in 0.02s
    cube 3062.127 (depth 1, 22 lits): UNSAT in 0.07s
    cube 3062.128 (depth 1, 22 lits): UNSAT in 0.02s
    cube 3062.129 (depth 1, 22 lits): UNSAT in 0.11s
    cube 3062.130 (depth 1, 21 lits): UNSAT in 0.02s
    cube 3062.131 (depth 1, 22 lits): UNSAT in 0.03s
    cube 3062.132 (depth 1, 22 lits): UNSAT in 0.08s
    cube 3062.133 (depth 1, 22 lits): UNSAT in 0.06s
    cube 3062.134 (depth 1, 22 lits): UNSAT in 0.10s
    cube 3062.135 (depth 1, 22 lits): UNSAT in 0.21s
    cube 3062.136 (depth 1, 22 lits): UNSAT in 0.48s
    cube 3062.137 (depth 1, 22 lits): UNSAT in 0.02s
    cube 3062.138 (depth 1, 22 lits): UNSAT in 0.03s
    cube 3062.139 (depth 1, 22 lits): UNSAT in 0.03s
    cube 3062.140 (depth 1, 22 lits): UNSAT in 0.12s
    cube 3062.141 (depth 1, 22 lits): UNSAT in 0.06s
    cube 3062.142 (depth 1, 22 lits): UNSAT in 0.13s
    cube 3062.143 (depth 1, 22 lits): UNSAT in 0.17s
    cube 3062.144 (depth 1, 22 lits): UNSAT in 0.71s
    cube 3062.145 (depth 1, 22 lits): UNSAT in 0.02s
    cube 3062.146 (depth 1, 22 lits): UNSAT in 0.02s
    cube 3062.147 (depth 1, 22 lits): UNSAT in 0.04s
    cube 3062.148 (depth 1, 22 lits): UNSAT in 0.01s
    cube 3062.149 (depth 1, 22 lits): UNSAT in 0.12s
    cube 3062.150 (depth 1, 22 lits): UNSAT in 0.13s
    cube 3062.151 (depth 1, 22 lits): UNSAT in 0.34s
    cube 3062.152 (depth 1, 22 lits): UNSAT in 1.26s
    cube 3062.153 (depth 1, 22 lits): UNSAT in 0.02s
    cube 3062.154 (depth 1, 22 lits): UNSAT in 0.02s
    cube 3062.155 (depth 1, 22 lits): UNSAT in 0.02s
    cube 3062.156 (depth 1, 22 lits): UNSAT in 0.05s
    cube 3062.157 (depth 1, 22 lits): UNSAT in 0.02s
    cube 3062.158 (depth 1, 22 lits): UNSAT in 0.08s
    cube 3062.159 (depth 1, 22 lits): UNSAT in 0.09s
    cube 3062.160 (depth 1, 22 lits): UNSAT in 0.16s
    cube 3062.161 (depth 1, 22 lits): UNSAT in 0.06s
    cube 3062.162 (depth 1, 22 lits): UNSAT in 0.05s
    cube 3062.163 (depth 1, 22 lits): UNSAT in 0.05s
    cube 3062.164 (depth 1, 22 lits): UNSAT in 0.06s
    cube 3062.165 (depth 1, 22 lits): UNSAT in 0.06s
    cube 3062.166 (depth 1, 22 lits): UNSAT in 0.06s
    cube 3062.167 (depth 1, 22 lits): UNSAT in 0.04s
    cube 3062.168 (depth 1, 22 lits): UNSAT in 0.17s
    cube 3062.169 (depth 1, 22 lits): UNSAT in 0.03s
    cube 3062.170 (depth 1, 22 lits): UNSAT in 0.03s
    cube 3062.171 (depth 1, 22 lits): UNSAT in 0.05s
    cube 3062.172 (depth 1, 22 lits): UNSAT in 0.16s
    cube 3062.173 (depth 1, 22 lits): UNSAT in 0.16s
    cube 3062.174 (depth 1, 22 lits): UNSAT in 0.31s
    cube 3062.175 (depth 1, 22 lits): UNSAT in 0.21s
    cube 3062.176 (depth 1, 22 lits): UNSAT in 0.77s
    cube 3062.177 (depth 1, 22 lits): UNSAT in 0.58s
    cube 3062.178 (depth 1, 22 lits): UNSAT in 0.58s
    cube 3062.179 (depth 1, 22 lits): UNSAT in 0.46s
    cube 3062.180 (depth 1, 22 lits): UNSAT in 3.03s
    cube 3062.181 (depth 1, 22 lits): UNSAT in 1.04s
    cube 3062.182 (depth 1, 22 lits): UNSAT in 1.99s
    cube 3062.183 (depth 1, 22 lits): UNSAT in 3.40s
    cube 3062.184 (depth 1, 22 lits): UNSAT in 19.08s
    cube 3062.185 (depth 1, 22 lits): UNSAT in 0.02s
    cube 3062.186 (depth 1, 22 lits): UNSAT in 0.02s
    cube 3062.187 (depth 1, 22 lits): UNSAT in 0.03s
    cube 3062.188 (depth 1, 22 lits): UNSAT in 0.06s
    cube 3062.189 (depth 1, 22 lits): UNSAT in 0.03s
    cube 3062.190 (depth 1, 22 lits): UNSAT in 0.04s
    cube 3062.191 (depth 1, 22 lits): UNSAT in 0.07s
    cube 3062.192 (depth 1, 22 lits): UNSAT in 0.33s
    cube 3062.193 (depth 1, 22 lits): UNSAT in 0.02s
    cube 3062.194 (depth 1, 22 lits): UNSAT in 0.03s
    cube 3062.195 (depth 1, 22 lits): UNSAT in 0.20s
    cube 3062.196 (depth 1, 22 lits): UNSAT in 0.36s
    cube 3062.197 (depth 1, 22 lits): UNSAT in 0.06s
    cube 3062.198 (depth 1, 22 lits): UNSAT in 0.25s
    cube 3062.199 (depth 1, 22 lits): UNSAT in 0.16s
    cube 3062.200 (depth 1, 22 lits): UNSAT in 0.61s
    cube 3062.201 (depth 1, 22 lits): UNSAT in 0.10s
    cube 3062.202 (depth 1, 22 lits): UNSAT in 0.20s
    cube 3062.203 (depth 1, 22 lits): UNSAT in 0.09s
    cube 3062.204 (depth 1, 22 lits): UNSAT in 0.31s
    cube 3062.205 (depth 1, 22 lits): UNSAT in 0.10s
    cube 3062.206 (depth 1, 22 lits): UNSAT in 0.17s
    cube 3062.207 (depth 1, 22 lits): UNSAT in 0.38s
    cube 3062.208 (depth 1, 22 lits): UNSAT in 1.14s
    cube 3062.209 (depth 1, 22 lits): UNSAT in 0.08s
    cube 3062.210 (depth 1, 22 lits): UNSAT in 2.61s
    cube 3062.211 (depth 1, 22 lits): UNSAT in 0.89s
    cube 3062.212 (depth 1, 22 lits): UNSAT in 4.10s
    cube 3062.213 (depth 1, 22 lits): UNSAT in 0.22s
    cube 3062.214 (depth 1, 22 lits): UNSAT in 3.04s
    cube 3062.215 (depth 1, 22 lits): UNSAT in 2.30s
    cube 3062.216 (depth 1, 22 lits): UNSAT in 40.89s
    cube 3062.217 (depth 1, 22 lits): UNSAT in 0.10s
    cube 3062.218 (depth 1, 22 lits): UNSAT in 0.17s
    cube 3062.219 (depth 1, 22 lits): UNSAT in 0.08s
    cube 3062.220 (depth 1, 22 lits): UNSAT in 0.32s
    cube 3062.221 (depth 1, 22 lits): UNSAT in 0.43s
    cube 3062.222 (depth 1, 22 lits): UNSAT in 1.06s
    cube 3062.223 (depth 1, 22 lits): UNSAT in 1.04s
    cube 3062.224 (depth 1, 22 lits): UNSAT in 3.96s
    cube 3062.225 (depth 1, 22 lits): UNSAT in 0.16s
    cube 3062.226 (depth 1, 22 lits): UNSAT in 0.17s
    cube 3062.227 (depth 1, 22 lits): UNSAT in 1.03s
    cube 3062.228 (depth 1, 22 lits): UNSAT in 6.17s
    cube 3062.229 (depth 1, 22 lits): UNSAT in 1.01s
    cube 3062.230 (depth 1, 22 lits): UNSAT in 1.95s
    cube 3062.231 (depth 1, 22 lits): UNSAT in 7.38s
    cube 3062.232 (depth 1, 22 lits): UNSAT in 31.79s
    cube 3062.233 (depth 1, 22 lits): UNSAT in 0.11s
    cube 3062.234 (depth 1, 22 lits): UNSAT in 1.40s
    cube 3062.235 (depth 1, 22 lits): UNSAT in 0.44s
    cube 3062.236 (depth 1, 22 lits): UNSAT in 8.61s
    cube 3062.237 (depth 1, 22 lits): UNSAT in 0.43s
    cube 3062.238 (depth 1, 22 lits): UNSAT in 5.74s
    cube 3062.239 (depth 1, 22 lits): UNSAT in 4.50s
    cube 3062.240 (depth 1, 22 lits): UNSAT in 33.25s
    cube 3062.241 (depth 1, 22 lits): UNSAT in 0.72s
    cube 3062.242 (depth 1, 22 lits): UNSAT in 11.60s
    cube 3062.243 (depth 1, 22 lits): UNSAT in 19.23s
    cube 3062.244 (depth 1, 22 lits): UNSAT in 35.87s
    cube 3062.245 (depth 1, 22 lits): UNSAT in 10.74s
    cube 3062.246 (depth 1, 22 lits): UNSAT in 352.68s
    cube 3062.247 (depth 1, 22 lits): UNSAT in 105.62s
    cube 3062.248 (depth 1, 22 lits): TIMEOUT in 1200.09s
    cube 3062.248 TIMEOUT -> re-split into 802 sub-cubes (depth 2)
    cube 3062.248.0 (depth 2, 30 lits): UNSAT in 0.01s
    cube 3062.248.1 (depth 2, 30 lits): UNSAT in 0.02s
    cube 3062.248.2 (depth 2, 31 lits): UNSAT in 0.01s
    cube 3062.248.3 (depth 2, 31 lits): UNSAT in 0.01s
    cube 3062.248.4 (depth 2, 30 lits): UNSAT in 0.02s
    cube 3062.248.5 (depth 2, 30 lits): UNSAT in 0.01s
    cube 3062.248.6 (depth 2, 30 lits): UNSAT in 0.02s
    cube 3062.248.7 (depth 2, 32 lits): UNSAT in 0.01s
    cube 3062.248.8 (depth 2, 32 lits): UNSAT in 0.01s
    cube 3062.248.9 (depth 2, 31 lits): UNSAT in 0.02s
    cube 3062.248.10 (depth 2, 32 lits): UNSAT in 0.02s
    cube 3062.248.11 (depth 2, 32 lits): UNSAT in 0.03s
    cube 3062.248.12 (depth 2, 32 lits): UNSAT in 0.03s
    cube 3062.248.13 (depth 2, 32 lits): UNSAT in 0.04s
    cube 3062.248.14 (depth 2, 31 lits): UNSAT in 0.01s
    cube 3062.248.15 (depth 2, 32 lits): UNSAT in 0.01s
    cube 3062.248.16 (depth 2, 32 lits): UNSAT in 0.01s
    cube 3062.248.17 (depth 2, 32 lits): UNSAT in 0.01s
    cube 3062.248.18 (depth 2, 32 lits): UNSAT in 0.02s
    cube 3062.248.19 (depth 2, 32 lits): UNSAT in 0.01s
    cube 3062.248.20 (depth 2, 32 lits): UNSAT in 0.02s
    cube 3062.248.21 (depth 2, 31 lits): UNSAT in 0.02s
    cube 3062.248.22 (depth 2, 32 lits): UNSAT in 0.01s
    cube 3062.248.23 (depth 2, 32 lits): UNSAT in 0.02s
    cube 3062.248.24 (depth 2, 32 lits): UNSAT in 0.01s
    cube 3062.248.25 (depth 2, 32 lits): UNSAT in 0.02s
    cube 3062.248.26 (depth 2, 32 lits): UNSAT in 0.03s
    cube 3062.248.27 (depth 2, 32 lits): UNSAT in 0.02s
    cube 3062.248.28 (depth 2, 31 lits): UNSAT in 0.01s
    cube 3062.248.29 (depth 2, 32 lits): UNSAT in 0.01s
    cube 3062.248.30 (depth 2, 32 lits): UNSAT in 0.02s
    cube 3062.248.31 (depth 2, 32 lits): UNSAT in 0.01s
    cube 3062.248.32 (depth 2, 32 lits): UNSAT in 0.02s
    cube 3062.248.33 (depth 2, 32 lits): UNSAT in 0.02s
    cube 3062.248.34 (depth 2, 32 lits): UNSAT in 0.03s
    cube 3062.248.35 (depth 2, 32 lits): UNSAT in 0.02s
    cube 3062.248.36 (depth 2, 32 lits): UNSAT in 0.02s
    cube 3062.248.37 (depth 2, 32 lits): UNSAT in 0.01s
    cube 3062.248.38 (depth 2, 32 lits): UNSAT in 0.03s
    cube 3062.248.39 (depth 2, 32 lits): UNSAT in 0.02s
    cube 3062.248.40 (depth 2, 32 lits): UNSAT in 0.06s
    cube 3062.248.41 (depth 2, 32 lits): UNSAT in 0.02s
    cube 3062.248.42 (depth 2, 32 lits): UNSAT in 0.10s
    cube 3062.248.43 (depth 2, 29 lits): UNSAT in 0.02s
    cube 3062.248.44 (depth 2, 31 lits): UNSAT in 0.01s
    cube 3062.248.45 (depth 2, 31 lits): UNSAT in 0.01s
    cube 3062.248.46 (depth 2, 31 lits): UNSAT in 0.01s
    cube 3062.248.47 (depth 2, 32 lits): UNSAT in 0.02s
    cube 3062.248.48 (depth 2, 32 lits): UNSAT in 0.02s
    cube 3062.248.49 (depth 2, 30 lits): UNSAT in 0.01s
    cube 3062.248.50 (depth 2, 31 lits): UNSAT in 0.01s
    cube 3062.248.51 (depth 2, 31 lits): UNSAT in 0.02s
    cube 3062.248.52 (depth 2, 32 lits): UNSAT in 0.02s
    cube 3062.248.53 (depth 2, 32 lits): UNSAT in 0.04s
    cube 3062.248.54 (depth 2, 32 lits): UNSAT in 0.02s
    cube 3062.248.55 (depth 2, 32 lits): UNSAT in 0.02s
    cube 3062.248.56 (depth 2, 32 lits): UNSAT in 0.02s
    cube 3062.248.57 (depth 2, 32 lits): UNSAT in 0.03s
    cube 3062.248.58 (depth 2, 32 lits): UNSAT in 0.02s
    cube 3062.248.59 (depth 2, 32 lits): UNSAT in 0.04s
    cube 3062.248.60 (depth 2, 31 lits): UNSAT in 0.01s
    cube 3062.248.61 (depth 2, 31 lits): UNSAT in 0.01s
    cube 3062.248.62 (depth 2, 31 lits): UNSAT in 0.01s
    cube 3062.248.63 (depth 2, 32 lits): UNSAT in 0.02s
    cube 3062.248.64 (depth 2, 32 lits): UNSAT in 0.04s
    cube 3062.248.65 (depth 2, 32 lits): UNSAT in 0.01s
    cube 3062.248.66 (depth 2, 32 lits): UNSAT in 0.02s
    cube 3062.248.67 (depth 2, 32 lits): UNSAT in 0.02s
    cube 3062.248.68 (depth 2, 32 lits): UNSAT in 0.02s
    cube 3062.248.69 (depth 2, 32 lits): UNSAT in 0.02s
    cube 3062.248.70 (depth 2, 32 lits): UNSAT in 0.02s
    cube 3062.248.71 (depth 2, 32 lits): UNSAT in 0.03s
    cube 3062.248.72 (depth 2, 32 lits): UNSAT in 0.05s
    cube 3062.248.73 (depth 2, 31 lits): UNSAT in 0.01s
    cube 3062.248.74 (depth 2, 32 lits): UNSAT in 0.02s
    cube 3062.248.75 (depth 2, 32 lits): UNSAT in 0.02s
    cube 3062.248.76 (depth 2, 32 lits): UNSAT in 0.02s
    cube 3062.248.77 (depth 2, 32 lits): UNSAT in 0.02s
    cube 3062.248.78 (depth 2, 32 lits): UNSAT in 0.02s
    cube 3062.248.79 (depth 2, 32 lits): UNSAT in 0.07s
    cube 3062.248.80 (depth 2, 32 lits): UNSAT in 0.01s
    cube 3062.248.81 (depth 2, 32 lits): UNSAT in 0.02s
    cube 3062.248.82 (depth 2, 32 lits): UNSAT in 0.02s
    cube 3062.248.83 (depth 2, 32 lits): UNSAT in 0.09s
    cube 3062.248.84 (depth 2, 32 lits): UNSAT in 0.02s
    cube 3062.248.85 (depth 2, 32 lits): UNSAT in 0.12s
    cube 3062.248.86 (depth 2, 32 lits): UNSAT in 0.03s
    cube 3062.248.87 (depth 2, 32 lits): UNSAT in 0.15s
    cube 3062.248.88 (depth 2, 29 lits): UNSAT in 0.02s
    cube 3062.248.89 (depth 2, 30 lits): UNSAT in 0.02s
    cube 3062.248.90 (depth 2, 30 lits): UNSAT in 0.02s
    cube 3062.248.91 (depth 2, 29 lits): UNSAT in 0.01s
    cube 3062.248.92 (depth 2, 31 lits): UNSAT in 0.01s
    cube 3062.248.93 (depth 2, 32 lits): UNSAT in 0.02s
    cube 3062.248.94 (depth 2, 32 lits): UNSAT in 0.02s
    cube 3062.248.95 (depth 2, 32 lits): UNSAT in 0.02s
    cube 3062.248.96 (depth 2, 32 lits): UNSAT in 0.03s
    cube 3062.248.97 (depth 2, 32 lits): UNSAT in 0.02s
    cube 3062.248.98 (depth 2, 32 lits): UNSAT in 0.02s
    cube 3062.248.99 (depth 2, 30 lits): UNSAT in 0.02s
    cube 3062.248.100 (depth 2, 30 lits): UNSAT in 0.02s
    cube 3062.248.101 (depth 2, 32 lits): UNSAT in 0.01s
    cube 3062.248.102 (depth 2, 32 lits): UNSAT in 0.02s
    cube 3062.248.103 (depth 2, 31 lits): UNSAT in 0.02s
    cube 3062.248.104 (depth 2, 31 lits): UNSAT in 0.01s
    cube 3062.248.105 (depth 2, 32 lits): UNSAT in 0.01s
    cube 3062.248.106 (depth 2, 32 lits): UNSAT in 0.02s
    cube 3062.248.107 (depth 2, 31 lits): UNSAT in 0.01s
    cube 3062.248.108 (depth 2, 32 lits): UNSAT in 0.03s
    cube 3062.248.109 (depth 2, 32 lits): UNSAT in 0.02s
    cube 3062.248.110 (depth 2, 32 lits): UNSAT in 0.01s
    cube 3062.248.111 (depth 2, 32 lits): UNSAT in 0.02s
    cube 3062.248.112 (depth 2, 32 lits): UNSAT in 0.03s
    cube 3062.248.113 (depth 2, 32 lits): UNSAT in 0.03s
    cube 3062.248.114 (depth 2, 32 lits): UNSAT in 0.01s
    cube 3062.248.115 (depth 2, 32 lits): UNSAT in 0.02s
    cube 3062.248.116 (depth 2, 32 lits): UNSAT in 0.02s
    cube 3062.248.117 (depth 2, 32 lits): UNSAT in 0.02s
    cube 3062.248.118 (depth 2, 32 lits): UNSAT in 0.02s
    cube 3062.248.119 (depth 2, 32 lits): UNSAT in 0.03s
    cube 3062.248.120 (depth 2, 32 lits): UNSAT in 0.04s
    cube 3062.248.121 (depth 2, 32 lits): UNSAT in 0.07s
    cube 3062.248.122 (depth 2, 31 lits): UNSAT in 0.01s
    cube 3062.248.123 (depth 2, 32 lits): UNSAT in 0.01s
    cube 3062.248.124 (depth 2, 32 lits): UNSAT in 0.02s
    cube 3062.248.125 (depth 2, 32 lits): UNSAT in 0.02s
    cube 3062.248.126 (depth 2, 32 lits): UNSAT in 0.02s
    cube 3062.248.127 (depth 2, 31 lits): UNSAT in 0.02s
    cube 3062.248.128 (depth 2, 32 lits): UNSAT in 0.01s
    cube 3062.248.129 (depth 2, 32 lits): UNSAT in 0.02s
    cube 3062.248.130 (depth 2, 32 lits): UNSAT in 0.02s
    cube 3062.248.131 (depth 2, 32 lits): UNSAT in 0.02s
    cube 3062.248.132 (depth 2, 32 lits): UNSAT in 0.02s
    cube 3062.248.133 (depth 2, 32 lits): UNSAT in 0.03s
    cube 3062.248.134 (depth 2, 32 lits): UNSAT in 0.02s
    cube 3062.248.135 (depth 2, 32 lits): UNSAT in 0.04s
    cube 3062.248.136 (depth 2, 32 lits): UNSAT in 0.02s
    cube 3062.248.137 (depth 2, 32 lits): UNSAT in 0.01s
    cube 3062.248.138 (depth 2, 32 lits): UNSAT in 0.03s
    cube 3062.248.139 (depth 2, 32 lits): UNSAT in 0.03s
    cube 3062.248.140 (depth 2, 31 lits): UNSAT in 0.01s
    cube 3062.248.141 (depth 2, 32 lits): UNSAT in 0.01s
    cube 3062.248.142 (depth 2, 32 lits): UNSAT in 0.03s
    cube 3062.248.143 (depth 2, 32 lits): UNSAT in 0.01s
    cube 3062.248.144 (depth 2, 32 lits): UNSAT in 0.03s
    cube 3062.248.145 (depth 2, 32 lits): UNSAT in 0.02s
    cube 3062.248.146 (depth 2, 32 lits): UNSAT in 0.04s
    cube 3062.248.147 (depth 2, 32 lits): UNSAT in 0.02s
    cube 3062.248.148 (depth 2, 32 lits): UNSAT in 0.02s
    cube 3062.248.149 (depth 2, 32 lits): UNSAT in 0.06s
    cube 3062.248.150 (depth 2, 32 lits): UNSAT in 0.03s
    cube 3062.248.151 (depth 2, 32 lits): UNSAT in 0.01s
    cube 3062.248.152 (depth 2, 32 lits): UNSAT in 0.02s
    cube 3062.248.153 (depth 2, 32 lits): UNSAT in 0.02s
    cube 3062.248.154 (depth 2, 32 lits): UNSAT in 0.02s
    cube 3062.248.155 (depth 2, 31 lits): UNSAT in 0.02s
    cube 3062.248.156 (depth 2, 32 lits): UNSAT in 0.02s
    cube 3062.248.157 (depth 2, 32 lits): UNSAT in 0.02s
    cube 3062.248.158 (depth 2, 32 lits): UNSAT in 0.01s
    cube 3062.248.159 (depth 2, 32 lits): UNSAT in 0.02s
    cube 3062.248.160 (depth 2, 32 lits): UNSAT in 0.02s
    cube 3062.248.161 (depth 2, 32 lits): UNSAT in 0.02s
    cube 3062.248.162 (depth 2, 31 lits): UNSAT in 0.01s
    cube 3062.248.163 (depth 2, 32 lits): UNSAT in 0.02s
    cube 3062.248.164 (depth 2, 32 lits): UNSAT in 0.04s
    cube 3062.248.165 (depth 2, 32 lits): UNSAT in 0.02s
    cube 3062.248.166 (depth 2, 32 lits): UNSAT in 0.03s
    cube 3062.248.167 (depth 2, 32 lits): UNSAT in 0.03s
    cube 3062.248.168 (depth 2, 32 lits): UNSAT in 0.09s
    cube 3062.248.169 (depth 2, 32 lits): UNSAT in 0.03s
    cube 3062.248.170 (depth 2, 32 lits): UNSAT in 0.07s
    cube 3062.248.171 (depth 2, 32 lits): UNSAT in 0.07s
    cube 3062.248.172 (depth 2, 32 lits): UNSAT in 0.31s
    cube 3062.248.173 (depth 2, 32 lits): UNSAT in 0.04s
    cube 3062.248.174 (depth 2, 32 lits): UNSAT in 0.04s
    cube 3062.248.175 (depth 2, 32 lits): UNSAT in 0.07s
    cube 3062.248.176 (depth 2, 32 lits): UNSAT in 0.16s
    cube 3062.248.177 (depth 2, 32 lits): UNSAT in 0.08s
    cube 3062.248.178 (depth 2, 32 lits): UNSAT in 0.21s
    cube 3062.248.179 (depth 2, 32 lits): UNSAT in 0.41s
    cube 3062.248.180 (depth 2, 32 lits): UNSAT in 1.36s
    cube 3062.248.181 (depth 2, 30 lits): UNSAT in 0.01s
    cube 3062.248.182 (depth 2, 30 lits): UNSAT in 0.02s
    cube 3062.248.183 (depth 2, 31 lits): UNSAT in 0.01s
    cube 3062.248.184 (depth 2, 31 lits): UNSAT in 0.02s
    cube 3062.248.185 (depth 2, 30 lits): UNSAT in 0.02s
    cube 3062.248.186 (depth 2, 30 lits): UNSAT in 0.01s
    cube 3062.248.187 (depth 2, 32 lits): UNSAT in 0.01s
    cube 3062.248.188 (depth 2, 32 lits): UNSAT in 0.02s
    cube 3062.248.189 (depth 2, 32 lits): UNSAT in 0.01s
    cube 3062.248.190 (depth 2, 32 lits): UNSAT in 0.02s
    cube 3062.248.191 (depth 2, 31 lits): UNSAT in 0.01s
    cube 3062.248.192 (depth 2, 31 lits): UNSAT in 0.02s
    cube 3062.248.193 (depth 2, 32 lits): UNSAT in 0.02s
    cube 3062.248.194 (depth 2, 32 lits): UNSAT in 0.02s
    cube 3062.248.195 (depth 2, 32 lits): UNSAT in 0.02s
    cube 3062.248.196 (depth 2, 32 lits): UNSAT in 0.03s
    cube 3062.248.197 (depth 2, 31 lits): UNSAT in 0.01s
    cube 3062.248.198 (depth 2, 31 lits): UNSAT in 0.02s
    cube 3062.248.199 (depth 2, 30 lits): UNSAT in 0.02s
    cube 3062.248.200 (depth 2, 32 lits): UNSAT in 0.01s
    cube 3062.248.201 (depth 2, 32 lits): UNSAT in 0.02s
    cube 3062.248.202 (depth 2, 32 lits): UNSAT in 0.01s
    cube 3062.248.203 (depth 2, 32 lits): UNSAT in 0.02s
    cube 3062.248.204 (depth 2, 32 lits): UNSAT in 0.01s
    cube 3062.248.205 (depth 2, 32 lits): UNSAT in 0.02s
    cube 3062.248.206 (depth 2, 32 lits): UNSAT in 0.02s
    cube 3062.248.207 (depth 2, 32 lits): UNSAT in 0.07s
    cube 3062.248.208 (depth 2, 31 lits): UNSAT in 0.01s
    cube 3062.248.209 (depth 2, 32 lits): UNSAT in 0.01s
    cube 3062.248.210 (depth 2, 32 lits): UNSAT in 0.02s
    cube 3062.248.211 (depth 2, 32 lits): UNSAT in 0.01s
    cube 3062.248.212 (depth 2, 32 lits): UNSAT in 0.02s
    cube 3062.248.213 (depth 2, 32 lits): UNSAT in 0.02s
    cube 3062.248.214 (depth 2, 32 lits): UNSAT in 0.03s
    cube 3062.248.215 (depth 2, 32 lits): UNSAT in 0.02s
    cube 3062.248.216 (depth 2, 32 lits): UNSAT in 0.02s
    cube 3062.248.217 (depth 2, 32 lits): UNSAT in 0.04s
    cube 3062.248.218 (depth 2, 32 lits): UNSAT in 0.05s
    cube 3062.248.219 (depth 2, 32 lits): UNSAT in 0.05s
    cube 3062.248.220 (depth 2, 32 lits): UNSAT in 0.13s
    cube 3062.248.221 (depth 2, 32 lits): UNSAT in 0.12s
    cube 3062.248.222 (depth 2, 32 lits): UNSAT in 0.06s
    cube 3062.248.223 (depth 2, 30 lits): UNSAT in 0.01s
    cube 3062.248.224 (depth 2, 32 lits): UNSAT in 0.01s
    cube 3062.248.225 (depth 2, 32 lits): UNSAT in 0.01s
    cube 3062.248.226 (depth 2, 32 lits): UNSAT in 0.01s
    cube 3062.248.227 (depth 2, 32 lits): UNSAT in 0.02s
    cube 3062.248.228 (depth 2, 31 lits): UNSAT in 0.02s
    cube 3062.248.229 (depth 2, 32 lits): UNSAT in 0.02s
    cube 3062.248.230 (depth 2, 32 lits): UNSAT in 0.03s
    cube 3062.248.231 (depth 2, 31 lits): UNSAT in 0.02s
    cube 3062.248.232 (depth 2, 32 lits): UNSAT in 0.02s
    cube 3062.248.233 (depth 2, 32 lits): UNSAT in 0.03s
    cube 3062.248.234 (depth 2, 30 lits): UNSAT in 0.02s
    cube 3062.248.235 (depth 2, 31 lits): UNSAT in 0.02s
    cube 3062.248.236 (depth 2, 32 lits): UNSAT in 0.02s
    cube 3062.248.237 (depth 2, 32 lits): UNSAT in 0.02s
    cube 3062.248.238 (depth 2, 32 lits): UNSAT in 0.02s
    cube 3062.248.239 (depth 2, 32 lits): UNSAT in 0.02s
    cube 3062.248.240 (depth 2, 32 lits): UNSAT in 0.02s
    cube 3062.248.241 (depth 2, 32 lits): UNSAT in 0.11s
    cube 3062.248.242 (depth 2, 32 lits): UNSAT in 0.03s
    cube 3062.248.243 (depth 2, 32 lits): UNSAT in 0.11s
    cube 3062.248.244 (depth 2, 32 lits): UNSAT in 0.05s
    cube 3062.248.245 (depth 2, 32 lits): UNSAT in 0.16s
    cube 3062.248.246 (depth 2, 29 lits): UNSAT in 0.01s
    cube 3062.248.247 (depth 2, 32 lits): UNSAT in 0.02s
    cube 3062.248.248 (depth 2, 32 lits): UNSAT in 0.03s
    cube 3062.248.249 (depth 2, 32 lits): UNSAT in 0.01s
    cube 3062.248.250 (depth 2, 32 lits): UNSAT in 0.02s
    cube 3062.248.251 (depth 2, 32 lits): UNSAT in 0.02s
    cube 3062.248.252 (depth 2, 32 lits): UNSAT in 0.02s
    cube 3062.248.253 (depth 2, 32 lits): UNSAT in 0.03s
    cube 3062.248.254 (depth 2, 32 lits): UNSAT in 0.02s
    cube 3062.248.255 (depth 2, 32 lits): UNSAT in 0.02s
    cube 3062.248.256 (depth 2, 32 lits): UNSAT in 0.06s
    cube 3062.248.257 (depth 2, 32 lits): UNSAT in 0.03s
    cube 3062.248.258 (depth 2, 32 lits): UNSAT in 0.15s
    cube 3062.248.259 (depth 2, 32 lits): UNSAT in 0.06s
    cube 3062.248.260 (depth 2, 32 lits): UNSAT in 0.07s
    cube 3062.248.261 (depth 2, 32 lits): UNSAT in 0.03s
    cube 3062.248.262 (depth 2, 32 lits): UNSAT in 0.07s
    cube 3062.248.263 (depth 2, 32 lits): UNSAT in 0.01s
    cube 3062.248.264 (depth 2, 32 lits): UNSAT in 0.02s
    cube 3062.248.265 (depth 2, 32 lits): UNSAT in 0.03s
    cube 3062.248.266 (depth 2, 32 lits): UNSAT in 0.02s
    cube 3062.248.267 (depth 2, 32 lits): UNSAT in 0.13s
    cube 3062.248.268 (depth 2, 32 lits): UNSAT in 0.23s
    cube 3062.248.269 (depth 2, 32 lits): UNSAT in 0.07s
    cube 3062.248.270 (depth 2, 32 lits): UNSAT in 0.24s
    cube 3062.248.271 (depth 2, 32 lits): UNSAT in 0.01s
    cube 3062.248.272 (depth 2, 32 lits): UNSAT in 0.01s
    cube 3062.248.273 (depth 2, 32 lits): UNSAT in 0.01s
    cube 3062.248.274 (depth 2, 32 lits): UNSAT in 0.02s
    cube 3062.248.275 (depth 2, 32 lits): UNSAT in 0.01s
    cube 3062.248.276 (depth 2, 32 lits): UNSAT in 0.02s
    cube 3062.248.277 (depth 2, 32 lits): UNSAT in 0.02s
    cube 3062.248.278 (depth 2, 32 lits): UNSAT in 0.05s
    cube 3062.248.279 (depth 2, 32 lits): UNSAT in 0.01s
    cube 3062.248.280 (depth 2, 32 lits): UNSAT in 0.02s
    cube 3062.248.281 (depth 2, 32 lits): UNSAT in 0.02s
    cube 3062.248.282 (depth 2, 32 lits): UNSAT in 0.05s
    cube 3062.248.283 (depth 2, 32 lits): UNSAT in 0.02s
    cube 3062.248.284 (depth 2, 32 lits): UNSAT in 0.03s
    cube 3062.248.285 (depth 2, 32 lits): UNSAT in 0.04s
    cube 3062.248.286 (depth 2, 32 lits): UNSAT in 0.14s
    cube 3062.248.287 (depth 2, 32 lits): UNSAT in 0.02s
    cube 3062.248.288 (depth 2, 32 lits): UNSAT in 0.01s
    cube 3062.248.289 (depth 2, 32 lits): UNSAT in 0.02s
    cube 3062.248.290 (depth 2, 32 lits): UNSAT in 0.04s
    cube 3062.248.291 (depth 2, 32 lits): UNSAT in 0.02s
    cube 3062.248.292 (depth 2, 32 lits): UNSAT in 0.03s
    cube 3062.248.293 (depth 2, 32 lits): UNSAT in 0.05s
    cube 3062.248.294 (depth 2, 32 lits): UNSAT in 0.24s
    cube 3062.248.295 (depth 2, 32 lits): UNSAT in 0.03s
    cube 3062.248.296 (depth 2, 32 lits): UNSAT in 0.10s
    cube 3062.248.297 (depth 2, 32 lits): UNSAT in 0.04s
    cube 3062.248.298 (depth 2, 32 lits): UNSAT in 0.06s
    cube 3062.248.299 (depth 2, 32 lits): UNSAT in 0.03s
    cube 3062.248.300 (depth 2, 32 lits): UNSAT in 0.05s
    cube 3062.248.301 (depth 2, 32 lits): UNSAT in 0.13s
    cube 3062.248.302 (depth 2, 32 lits): UNSAT in 0.66s
    cube 3062.248.303 (depth 2, 31 lits): UNSAT in 0.02s
    cube 3062.248.304 (depth 2, 32 lits): UNSAT in 0.02s
    cube 3062.248.305 (depth 2, 32 lits): UNSAT in 0.03s
    cube 3062.248.306 (depth 2, 32 lits): UNSAT in 0.02s
    cube 3062.248.307 (depth 2, 32 lits): UNSAT in 0.04s
    cube 3062.248.308 (depth 2, 32 lits): UNSAT in 0.01s
    cube 3062.248.309 (depth 2, 32 lits): UNSAT in 0.07s
    cube 3062.248.310 (depth 2, 32 lits): UNSAT in 0.02s
    cube 3062.248.311 (depth 2, 32 lits): UNSAT in 0.02s
    cube 3062.248.312 (depth 2, 32 lits): UNSAT in 0.04s
    cube 3062.248.313 (depth 2, 32 lits): UNSAT in 0.10s
    cube 3062.248.314 (depth 2, 32 lits): UNSAT in 0.06s
    cube 3062.248.315 (depth 2, 32 lits): UNSAT in 0.16s
    cube 3062.248.316 (depth 2, 32 lits): UNSAT in 0.06s
    cube 3062.248.317 (depth 2, 32 lits): UNSAT in 0.37s
    cube 3062.248.318 (depth 2, 32 lits): UNSAT in 0.03s
    cube 3062.248.319 (depth 2, 32 lits): UNSAT in 0.02s
    cube 3062.248.320 (depth 2, 32 lits): UNSAT in 0.03s
    cube 3062.248.321 (depth 2, 32 lits): UNSAT in 0.22s
    cube 3062.248.322 (depth 2, 32 lits): UNSAT in 0.03s
    cube 3062.248.323 (depth 2, 32 lits): UNSAT in 0.11s
    cube 3062.248.324 (depth 2, 32 lits): UNSAT in 0.08s
    cube 3062.248.325 (depth 2, 32 lits): UNSAT in 0.17s
    cube 3062.248.326 (depth 2, 32 lits): UNSAT in 0.10s
    cube 3062.248.327 (depth 2, 32 lits): UNSAT in 0.26s
    cube 3062.248.328 (depth 2, 32 lits): UNSAT in 0.32s
    cube 3062.248.329 (depth 2, 32 lits): UNSAT in 0.15s
    cube 3062.248.330 (depth 2, 32 lits): UNSAT in 0.11s
    cube 3062.248.331 (depth 2, 32 lits): UNSAT in 0.12s
    cube 3062.248.332 (depth 2, 32 lits): UNSAT in 0.25s
    cube 3062.248.333 (depth 2, 32 lits): UNSAT in 0.73s
    cube 3062.248.334 (depth 2, 32 lits): UNSAT in 0.02s
    cube 3062.248.335 (depth 2, 32 lits): UNSAT in 0.02s
    cube 3062.248.336 (depth 2, 32 lits): UNSAT in 0.01s
    cube 3062.248.337 (depth 2, 32 lits): UNSAT in 0.03s
    cube 3062.248.338 (depth 2, 32 lits): UNSAT in 0.01s
    cube 3062.248.339 (depth 2, 32 lits): UNSAT in 0.02s
    cube 3062.248.340 (depth 2, 32 lits): UNSAT in 0.03s
    cube 3062.248.341 (depth 2, 32 lits): UNSAT in 0.09s
    cube 3062.248.342 (depth 2, 32 lits): UNSAT in 0.02s
    cube 3062.248.343 (depth 2, 32 lits): UNSAT in 0.02s
    cube 3062.248.344 (depth 2, 32 lits): UNSAT in 0.03s
    cube 3062.248.345 (depth 2, 32 lits): UNSAT in 0.14s
    cube 3062.248.346 (depth 2, 32 lits): UNSAT in 0.02s
    cube 3062.248.347 (depth 2, 32 lits): UNSAT in 0.07s
    cube 3062.248.348 (depth 2, 32 lits): UNSAT in 0.03s
    cube 3062.248.349 (depth 2, 32 lits): UNSAT in 0.14s
    cube 3062.248.350 (depth 2, 32 lits): UNSAT in 0.03s
    cube 3062.248.351 (depth 2, 32 lits): UNSAT in 0.04s
    cube 3062.248.352 (depth 2, 32 lits): UNSAT in 0.09s
    cube 3062.248.353 (depth 2, 32 lits): UNSAT in 0.17s
    cube 3062.248.354 (depth 2, 32 lits): UNSAT in 0.02s
    cube 3062.248.355 (depth 2, 32 lits): UNSAT in 0.06s
    cube 3062.248.356 (depth 2, 32 lits): UNSAT in 0.13s
    cube 3062.248.357 (depth 2, 32 lits): UNSAT in 0.24s
    cube 3062.248.358 (depth 2, 32 lits): UNSAT in 0.03s
    cube 3062.248.359 (depth 2, 32 lits): UNSAT in 0.07s
    cube 3062.248.360 (depth 2, 32 lits): UNSAT in 0.24s
    cube 3062.248.361 (depth 2, 32 lits): UNSAT in 0.52s
    cube 3062.248.362 (depth 2, 32 lits): UNSAT in 0.04s
    cube 3062.248.363 (depth 2, 32 lits): UNSAT in 0.17s
    cube 3062.248.364 (depth 2, 32 lits): UNSAT in 0.46s
    cube 3062.248.365 (depth 2, 32 lits): UNSAT in 0.80s
    cube 3062.248.366 (depth 2, 32 lits): UNSAT in 0.02s
    cube 3062.248.367 (depth 2, 32 lits): UNSAT in 0.06s
    cube 3062.248.368 (depth 2, 32 lits): UNSAT in 0.05s
    cube 3062.248.369 (depth 2, 32 lits): UNSAT in 0.17s
    cube 3062.248.370 (depth 2, 32 lits): UNSAT in 0.07s
    cube 3062.248.371 (depth 2, 32 lits): UNSAT in 0.17s
    cube 3062.248.372 (depth 2, 32 lits): UNSAT in 0.17s
    cube 3062.248.373 (depth 2, 32 lits): UNSAT in 0.42s
    cube 3062.248.374 (depth 2, 32 lits): UNSAT in 0.08s
    cube 3062.248.375 (depth 2, 32 lits): UNSAT in 0.06s
    cube 3062.248.376 (depth 2, 32 lits): UNSAT in 0.27s
    cube 3062.248.377 (depth 2, 32 lits): UNSAT in 0.32s
    cube 3062.248.378 (depth 2, 32 lits): UNSAT in 0.13s
    cube 3062.248.379 (depth 2, 32 lits): UNSAT in 0.57s
    cube 3062.248.380 (depth 2, 32 lits): UNSAT in 0.29s
    cube 3062.248.381 (depth 2, 32 lits): UNSAT in 1.32s
    cube 3062.248.382 (depth 2, 32 lits): UNSAT in 0.06s
    cube 3062.248.383 (depth 2, 32 lits): UNSAT in 0.35s
    cube 3062.248.384 (depth 2, 32 lits): UNSAT in 0.57s
    cube 3062.248.385 (depth 2, 32 lits): UNSAT in 1.47s
    cube 3062.248.386 (depth 2, 32 lits): UNSAT in 0.21s
    cube 3062.248.387 (depth 2, 32 lits): UNSAT in 0.82s
    cube 3062.248.388 (depth 2, 32 lits): UNSAT in 1.01s
    cube 3062.248.389 (depth 2, 32 lits): UNSAT in 3.52s
    cube 3062.248.390 (depth 2, 32 lits): UNSAT in 0.25s
    cube 3062.248.391 (depth 2, 32 lits): UNSAT in 0.81s
    cube 3062.248.392 (depth 2, 32 lits): UNSAT in 0.95s
    cube 3062.248.393 (depth 2, 32 lits): UNSAT in 2.79s
    cube 3062.248.394 (depth 2, 32 lits): UNSAT in 2.23s
    cube 3062.248.395 (depth 2, 32 lits): UNSAT in 9.19s
    cube 3062.248.396 (depth 2, 32 lits): UNSAT in 8.87s
    cube 3062.248.397 (depth 2, 32 lits): UNSAT in 37.24s
    cube 3062.248.398 (depth 2, 28 lits): UNSAT in 0.02s
    cube 3062.248.399 (depth 2, 31 lits): UNSAT in 0.02s
    cube 3062.248.400 (depth 2, 31 lits): UNSAT in 0.02s
    cube 3062.248.401 (depth 2, 30 lits): UNSAT in 0.02s
    cube 3062.248.402 (depth 2, 31 lits): UNSAT in 0.02s
    cube 3062.248.403 (depth 2, 32 lits): UNSAT in 0.02s
    cube 3062.248.404 (depth 2, 32 lits): UNSAT in 0.02s
    cube 3062.248.405 (depth 2, 32 lits): UNSAT in 0.02s
    cube 3062.248.406 (depth 2, 32 lits): UNSAT in 0.02s
    cube 3062.248.407 (depth 2, 32 lits): UNSAT in 0.03s
    cube 3062.248.408 (depth 2, 32 lits): UNSAT in 0.03s
    cube 3062.248.409 (depth 2, 31 lits): UNSAT in 0.01s
    cube 3062.248.410 (depth 2, 31 lits): UNSAT in 0.02s
    cube 3062.248.411 (depth 2, 30 lits): UNSAT in 0.02s
    cube 3062.248.412 (depth 2, 31 lits): UNSAT in 0.01s
    cube 3062.248.413 (depth 2, 32 lits): UNSAT in 0.02s
    cube 3062.248.414 (depth 2, 32 lits): UNSAT in 0.02s
    cube 3062.248.415 (depth 2, 32 lits): UNSAT in 0.02s
    cube 3062.248.416 (depth 2, 32 lits): UNSAT in 0.02s
    cube 3062.248.417 (depth 2, 32 lits): UNSAT in 0.02s
    cube 3062.248.418 (depth 2, 32 lits): UNSAT in 0.03s
    cube 3062.248.419 (depth 2, 31 lits): UNSAT in 0.01s
    cube 3062.248.420 (depth 2, 32 lits): UNSAT in 0.01s
    cube 3062.248.421 (depth 2, 32 lits): UNSAT in 0.01s
    cube 3062.248.422 (depth 2, 32 lits): UNSAT in 0.01s
    cube 3062.248.423 (depth 2, 32 lits): UNSAT in 0.02s
    cube 3062.248.424 (depth 2, 32 lits): UNSAT in 0.02s
    cube 3062.248.425 (depth 2, 32 lits): UNSAT in 0.02s
    cube 3062.248.426 (depth 2, 32 lits): UNSAT in 0.01s
    cube 3062.248.427 (depth 2, 32 lits): UNSAT in 0.02s
    cube 3062.248.428 (depth 2, 32 lits): UNSAT in 0.02s
    cube 3062.248.429 (depth 2, 32 lits): UNSAT in 0.03s
    cube 3062.248.430 (depth 2, 32 lits): UNSAT in 0.02s
    cube 3062.248.431 (depth 2, 32 lits): UNSAT in 0.05s
    cube 3062.248.432 (depth 2, 32 lits): UNSAT in 0.02s
    cube 3062.248.433 (depth 2, 32 lits): UNSAT in 0.11s
    cube 3062.248.434 (depth 2, 30 lits): UNSAT in 0.01s
    cube 3062.248.435 (depth 2, 30 lits): UNSAT in 0.02s
    cube 3062.248.436 (depth 2, 30 lits): UNSAT in 0.02s
    cube 3062.248.437 (depth 2, 31 lits): UNSAT in 0.02s
    cube 3062.248.438 (depth 2, 32 lits): UNSAT in 0.02s
    cube 3062.248.439 (depth 2, 32 lits): UNSAT in 0.02s
    cube 3062.248.440 (depth 2, 31 lits): UNSAT in 0.01s
    cube 3062.248.441 (depth 2, 31 lits): UNSAT in 0.02s
    cube 3062.248.442 (depth 2, 31 lits): UNSAT in 0.01s
    cube 3062.248.443 (depth 2, 32 lits): UNSAT in 0.02s
    cube 3062.248.444 (depth 2, 32 lits): UNSAT in 0.02s
    cube 3062.248.445 (depth 2, 31 lits): UNSAT in 0.01s
    cube 3062.248.446 (depth 2, 32 lits): UNSAT in 0.01s
    cube 3062.248.447 (depth 2, 32 lits): UNSAT in 0.02s
    cube 3062.248.448 (depth 2, 32 lits): UNSAT in 0.02s
    cube 3062.248.449 (depth 2, 32 lits): UNSAT in 0.02s
    cube 3062.248.450 (depth 2, 32 lits): UNSAT in 0.06s
    cube 3062.248.451 (depth 2, 32 lits): UNSAT in 0.08s
    cube 3062.248.452 (depth 2, 30 lits): UNSAT in 0.02s
    cube 3062.248.453 (depth 2, 32 lits): UNSAT in 0.02s
    cube 3062.248.454 (depth 2, 32 lits): UNSAT in 0.02s
    cube 3062.248.455 (depth 2, 32 lits): UNSAT in 0.01s
    cube 3062.248.456 (depth 2, 32 lits): UNSAT in 0.03s
    cube 3062.248.457 (depth 2, 32 lits): UNSAT in 0.01s
    cube 3062.248.458 (depth 2, 32 lits): UNSAT in 0.02s
    cube 3062.248.459 (depth 2, 32 lits): UNSAT in 0.02s
    cube 3062.248.460 (depth 2, 32 lits): UNSAT in 0.03s
    cube 3062.248.461 (depth 2, 32 lits): UNSAT in 0.02s
    cube 3062.248.462 (depth 2, 32 lits): UNSAT in 0.03s
    cube 3062.248.463 (depth 2, 32 lits): UNSAT in 0.03s
    cube 3062.248.464 (depth 2, 32 lits): UNSAT in 0.12s
    cube 3062.248.465 (depth 2, 32 lits): UNSAT in 0.02s
    cube 3062.248.466 (depth 2, 32 lits): UNSAT in 0.02s
    cube 3062.248.467 (depth 2, 32 lits): UNSAT in 0.01s
    cube 3062.248.468 (depth 2, 32 lits): UNSAT in 0.02s
    cube 3062.248.469 (depth 2, 32 lits): UNSAT in 0.01s
    cube 3062.248.470 (depth 2, 32 lits): UNSAT in 0.02s
    cube 3062.248.471 (depth 2, 32 lits): UNSAT in 0.02s
    cube 3062.248.472 (depth 2, 32 lits): UNSAT in 0.04s
    cube 3062.248.473 (depth 2, 32 lits): UNSAT in 0.02s
    cube 3062.248.474 (depth 2, 32 lits): UNSAT in 0.03s
    cube 3062.248.475 (depth 2, 32 lits): UNSAT in 0.03s
    cube 3062.248.476 (depth 2, 32 lits): UNSAT in 0.04s
    cube 3062.248.477 (depth 2, 32 lits): UNSAT in 0.03s
    cube 3062.248.478 (depth 2, 32 lits): UNSAT in 0.08s
    cube 3062.248.479 (depth 2, 32 lits): UNSAT in 0.12s
    cube 3062.248.480 (depth 2, 32 lits): UNSAT in 0.11s
    cube 3062.248.481 (depth 2, 29 lits): UNSAT in 0.02s
    cube 3062.248.482 (depth 2, 30 lits): UNSAT in 0.01s
    cube 3062.248.483 (depth 2, 31 lits): UNSAT in 0.02s
    cube 3062.248.484 (depth 2, 32 lits): UNSAT in 0.02s
    cube 3062.248.485 (depth 2, 32 lits): UNSAT in 0.02s
    cube 3062.248.486 (depth 2, 31 lits): UNSAT in 0.01s
    cube 3062.248.487 (depth 2, 31 lits): UNSAT in 0.01s
    cube 3062.248.488 (depth 2, 30 lits): UNSAT in 0.02s
    cube 3062.248.489 (depth 2, 31 lits): UNSAT in 0.01s
    cube 3062.248.490 (depth 2, 31 lits): UNSAT in 0.02s
    cube 3062.248.491 (depth 2, 32 lits): UNSAT in 0.02s
    cube 3062.248.492 (depth 2, 32 lits): UNSAT in 0.02s
    cube 3062.248.493 (depth 2, 32 lits): UNSAT in 0.04s
    cube 3062.248.494 (depth 2, 32 lits): UNSAT in 0.05s
    cube 3062.248.495 (depth 2, 31 lits): UNSAT in 0.01s
    cube 3062.248.496 (depth 2, 31 lits): UNSAT in 0.02s
    cube 3062.248.497 (depth 2, 31 lits): UNSAT in 0.02s
    cube 3062.248.498 (depth 2, 32 lits): UNSAT in 0.01s
    cube 3062.248.499 (depth 2, 32 lits): UNSAT in 0.02s
    cube 3062.248.500 (depth 2, 32 lits): UNSAT in 0.01s
    cube 3062.248.501 (depth 2, 32 lits): UNSAT in 0.02s
    cube 3062.248.502 (depth 2, 32 lits): UNSAT in 0.01s
    cube 3062.248.503 (depth 2, 32 lits): UNSAT in 0.02s
    cube 3062.248.504 (depth 2, 32 lits): UNSAT in 0.02s
    cube 3062.248.505 (depth 2, 32 lits): UNSAT in 0.04s
    cube 3062.248.506 (depth 2, 32 lits): UNSAT in 0.04s
    cube 3062.248.507 (depth 2, 32 lits): UNSAT in 0.09s
    cube 3062.248.508 (depth 2, 32 lits): UNSAT in 0.01s
    cube 3062.248.509 (depth 2, 32 lits): UNSAT in 0.01s
    cube 3062.248.510 (depth 2, 32 lits): UNSAT in 0.02s
    cube 3062.248.511 (depth 2, 32 lits): UNSAT in 0.03s
    cube 3062.248.512 (depth 2, 32 lits): UNSAT in 0.02s
    cube 3062.248.513 (depth 2, 32 lits): UNSAT in 0.07s
    cube 3062.248.514 (depth 2, 32 lits): UNSAT in 0.08s
    cube 3062.248.515 (depth 2, 32 lits): UNSAT in 0.14s
    cube 3062.248.516 (depth 2, 32 lits): UNSAT in 0.03s
    cube 3062.248.517 (depth 2, 32 lits): UNSAT in 0.06s
    cube 3062.248.518 (depth 2, 32 lits): UNSAT in 0.07s
    cube 3062.248.519 (depth 2, 32 lits): UNSAT in 0.30s
    cube 3062.248.520 (depth 2, 32 lits): UNSAT in 0.07s
    cube 3062.248.521 (depth 2, 32 lits): UNSAT in 0.08s
    cube 3062.248.522 (depth 2, 32 lits): UNSAT in 0.07s
    cube 3062.248.523 (depth 2, 32 lits): UNSAT in 0.31s
    cube 3062.248.524 (depth 2, 30 lits): UNSAT in 0.02s
    cube 3062.248.525 (depth 2, 31 lits): UNSAT in 0.01s
    cube 3062.248.526 (depth 2, 31 lits): UNSAT in 0.01s
    cube 3062.248.527 (depth 2, 32 lits): UNSAT in 0.01s
    cube 3062.248.528 (depth 2, 32 lits): UNSAT in 0.02s
    cube 3062.248.529 (depth 2, 32 lits): UNSAT in 0.02s
    cube 3062.248.530 (depth 2, 32 lits): UNSAT in 0.03s
    cube 3062.248.531 (depth 2, 32 lits): UNSAT in 0.01s
    cube 3062.248.532 (depth 2, 32 lits): UNSAT in 0.01s
    cube 3062.248.533 (depth 2, 32 lits): UNSAT in 0.03s
    cube 3062.248.534 (depth 2, 32 lits): UNSAT in 0.03s
    cube 3062.248.535 (depth 2, 31 lits): UNSAT in 0.01s
    cube 3062.248.536 (depth 2, 32 lits): UNSAT in 0.01s
    cube 3062.248.537 (depth 2, 32 lits): UNSAT in 0.02s
    cube 3062.248.538 (depth 2, 32 lits): UNSAT in 0.02s
    cube 3062.248.539 (depth 2, 32 lits): UNSAT in 0.02s
    cube 3062.248.540 (depth 2, 32 lits): UNSAT in 0.02s
    cube 3062.248.541 (depth 2, 32 lits): UNSAT in 0.01s
    cube 3062.248.542 (depth 2, 32 lits): UNSAT in 0.01s
    cube 3062.248.543 (depth 2, 32 lits): UNSAT in 0.02s
    cube 3062.248.544 (depth 2, 32 lits): UNSAT in 0.03s
    cube 3062.248.545 (depth 2, 32 lits): UNSAT in 0.04s
    cube 3062.248.546 (depth 2, 32 lits): UNSAT in 0.01s
    cube 3062.248.547 (depth 2, 32 lits): UNSAT in 0.02s
    cube 3062.248.548 (depth 2, 32 lits): UNSAT in 0.02s
    cube 3062.248.549 (depth 2, 32 lits): UNSAT in 0.02s
    cube 3062.248.550 (depth 2, 30 lits): UNSAT in 0.03s
    cube 3062.248.551 (depth 2, 32 lits): UNSAT in 0.02s
    cube 3062.248.552 (depth 2, 32 lits): UNSAT in 0.03s
    cube 3062.248.553 (depth 2, 32 lits): UNSAT in 0.02s
    cube 3062.248.554 (depth 2, 32 lits): UNSAT in 0.09s
    cube 3062.248.555 (depth 2, 32 lits): UNSAT in 0.02s
    cube 3062.248.556 (depth 2, 32 lits): UNSAT in 0.03s
    cube 3062.248.557 (depth 2, 32 lits): UNSAT in 0.01s
    cube 3062.248.558 (depth 2, 32 lits): UNSAT in 0.09s
    cube 3062.248.559 (depth 2, 32 lits): UNSAT in 0.03s
    cube 3062.248.560 (depth 2, 32 lits): UNSAT in 0.02s
    cube 3062.248.561 (depth 2, 32 lits): UNSAT in 0.05s
    cube 3062.248.562 (depth 2, 32 lits): UNSAT in 0.05s
    cube 3062.248.563 (depth 2, 32 lits): UNSAT in 0.02s
    cube 3062.248.564 (depth 2, 32 lits): UNSAT in 0.05s
    cube 3062.248.565 (depth 2, 32 lits): UNSAT in 0.04s
    cube 3062.248.566 (depth 2, 32 lits): UNSAT in 0.13s
    cube 3062.248.567 (depth 2, 32 lits): UNSAT in 0.05s
    cube 3062.248.568 (depth 2, 32 lits): UNSAT in 0.07s
    cube 3062.248.569 (depth 2, 32 lits): UNSAT in 0.10s
    cube 3062.248.570 (depth 2, 32 lits): UNSAT in 0.17s
    cube 3062.248.571 (depth 2, 32 lits): UNSAT in 0.05s
    cube 3062.248.572 (depth 2, 32 lits): UNSAT in 0.03s
    cube 3062.248.573 (depth 2, 32 lits): UNSAT in 0.21s
    cube 3062.248.574 (depth 2, 32 lits): UNSAT in 0.45s
    cube 3062.248.575 (depth 2, 32 lits): UNSAT in 0.10s
    cube 3062.248.576 (depth 2, 32 lits): UNSAT in 1.04s
    cube 3062.248.577 (depth 2, 32 lits): UNSAT in 0.19s
    cube 3062.248.578 (depth 2, 32 lits): UNSAT in 0.51s
    cube 3062.248.579 (depth 2, 30 lits): UNSAT in 0.01s
    cube 3062.248.580 (depth 2, 30 lits): UNSAT in 0.02s
    cube 3062.248.581 (depth 2, 30 lits): UNSAT in 0.01s
    cube 3062.248.582 (depth 2, 32 lits): UNSAT in 0.01s
    cube 3062.248.583 (depth 2, 32 lits): UNSAT in 0.02s
    cube 3062.248.584 (depth 2, 32 lits): UNSAT in 0.02s
    cube 3062.248.585 (depth 2, 32 lits): UNSAT in 0.03s
    cube 3062.248.586 (depth 2, 31 lits): UNSAT in 0.01s
    cube 3062.248.587 (depth 2, 32 lits): UNSAT in 0.01s
    cube 3062.248.588 (depth 2, 32 lits): UNSAT in 0.02s
    cube 3062.248.589 (depth 2, 32 lits): UNSAT in 0.01s
    cube 3062.248.590 (depth 2, 32 lits): UNSAT in 0.02s
    cube 3062.248.591 (depth 2, 32 lits): UNSAT in 0.01s
    cube 3062.248.592 (depth 2, 32 lits): UNSAT in 0.04s
    cube 3062.248.593 (depth 2, 32 lits): UNSAT in 0.01s
    cube 3062.248.594 (depth 2, 32 lits): UNSAT in 0.02s
    cube 3062.248.595 (depth 2, 31 lits): UNSAT in 0.02s
    cube 3062.248.596 (depth 2, 32 lits): UNSAT in 0.02s
    cube 3062.248.597 (depth 2, 32 lits): UNSAT in 0.03s
    cube 3062.248.598 (depth 2, 32 lits): UNSAT in 0.02s
    cube 3062.248.599 (depth 2, 32 lits): UNSAT in 0.02s
    cube 3062.248.600 (depth 2, 30 lits): UNSAT in 0.02s
    cube 3062.248.601 (depth 2, 30 lits): UNSAT in 0.02s
    cube 3062.248.602 (depth 2, 31 lits): UNSAT in 0.01s
    cube 3062.248.603 (depth 2, 32 lits): UNSAT in 0.01s
    cube 3062.248.604 (depth 2, 32 lits): UNSAT in 0.02s
    cube 3062.248.605 (depth 2, 32 lits): UNSAT in 0.02s
    cube 3062.248.606 (depth 2, 32 lits): UNSAT in 0.02s
    cube 3062.248.607 (depth 2, 32 lits): UNSAT in 0.02s
    cube 3062.248.608 (depth 2, 32 lits): UNSAT in 0.02s
    cube 3062.248.609 (depth 2, 32 lits): UNSAT in 0.02s
    cube 3062.248.610 (depth 2, 32 lits): UNSAT in 0.02s
    cube 3062.248.611 (depth 2, 32 lits): UNSAT in 0.02s
    cube 3062.248.612 (depth 2, 32 lits): UNSAT in 0.03s
    cube 3062.248.613 (depth 2, 32 lits): UNSAT in 0.01s
    cube 3062.248.614 (depth 2, 32 lits): UNSAT in 0.02s
    cube 3062.248.615 (depth 2, 32 lits): UNSAT in 0.02s
    cube 3062.248.616 (depth 2, 32 lits): UNSAT in 0.04s
    cube 3062.248.617 (depth 2, 31 lits): UNSAT in 0.01s
    cube 3062.248.618 (depth 2, 32 lits): UNSAT in 0.02s
    cube 3062.248.619 (depth 2, 32 lits): UNSAT in 0.03s
    cube 3062.248.620 (depth 2, 32 lits): UNSAT in 0.05s
    cube 3062.248.621 (depth 2, 32 lits): UNSAT in 0.11s
    cube 3062.248.622 (depth 2, 32 lits): UNSAT in 0.14s
    cube 3062.248.623 (depth 2, 32 lits): UNSAT in 0.20s
    cube 3062.248.624 (depth 2, 30 lits): UNSAT in 0.01s
    cube 3062.248.625 (depth 2, 30 lits): UNSAT in 0.02s
    cube 3062.248.626 (depth 2, 31 lits): UNSAT in 0.01s
    cube 3062.248.627 (depth 2, 32 lits): UNSAT in 0.01s
    cube 3062.248.628 (depth 2, 32 lits): UNSAT in 0.02s
    cube 3062.248.629 (depth 2, 31 lits): UNSAT in 0.02s
    cube 3062.248.630 (depth 2, 32 lits): UNSAT in 0.03s
    cube 3062.248.631 (depth 2, 32 lits): UNSAT in 0.03s
    cube 3062.248.632 (depth 2, 32 lits): UNSAT in 0.01s
    cube 3062.248.633 (depth 2, 32 lits): UNSAT in 0.02s
    cube 3062.248.634 (depth 2, 32 lits): UNSAT in 0.03s
    cube 3062.248.635 (depth 2, 32 lits): UNSAT in 0.02s
    cube 3062.248.636 (depth 2, 32 lits): UNSAT in 0.01s
    cube 3062.248.637 (depth 2, 32 lits): UNSAT in 0.02s
    cube 3062.248.638 (depth 2, 32 lits): UNSAT in 0.03s
    cube 3062.248.639 (depth 2, 32 lits): UNSAT in 0.06s
    cube 3062.248.640 (depth 2, 32 lits): UNSAT in 0.01s
    cube 3062.248.641 (depth 2, 32 lits): UNSAT in 0.02s
    cube 3062.248.642 (depth 2, 32 lits): UNSAT in 0.02s
    cube 3062.248.643 (depth 2, 32 lits): UNSAT in 0.04s
    cube 3062.248.644 (depth 2, 32 lits): UNSAT in 0.02s
    cube 3062.248.645 (depth 2, 32 lits): UNSAT in 0.02s
    cube 3062.248.646 (depth 2, 32 lits): UNSAT in 0.06s
    cube 3062.248.647 (depth 2, 32 lits): UNSAT in 0.08s
    cube 3062.248.648 (depth 2, 31 lits): UNSAT in 0.02s
    cube 3062.248.649 (depth 2, 32 lits): UNSAT in 0.02s
    cube 3062.248.650 (depth 2, 32 lits): UNSAT in 0.02s
    cube 3062.248.651 (depth 2, 31 lits): UNSAT in 0.02s
    cube 3062.248.652 (depth 2, 32 lits): UNSAT in 0.02s
    cube 3062.248.653 (depth 2, 32 lits): UNSAT in 0.03s
    cube 3062.248.654 (depth 2, 32 lits): UNSAT in 0.02s
    cube 3062.248.655 (depth 2, 32 lits): UNSAT in 0.02s
    cube 3062.248.656 (depth 2, 31 lits): UNSAT in 0.02s
    cube 3062.248.657 (depth 2, 32 lits): UNSAT in 0.02s
    cube 3062.248.658 (depth 2, 32 lits): UNSAT in 0.03s
    cube 3062.248.659 (depth 2, 32 lits): UNSAT in 0.02s
    cube 3062.248.660 (depth 2, 32 lits): UNSAT in 0.05s
    cube 3062.248.661 (depth 2, 32 lits): UNSAT in 0.02s
    cube 3062.248.662 (depth 2, 32 lits): UNSAT in 0.04s
    cube 3062.248.663 (depth 2, 32 lits): UNSAT in 0.02s
    cube 3062.248.664 (depth 2, 32 lits): UNSAT in 0.10s
    cube 3062.248.665 (depth 2, 32 lits): UNSAT in 0.03s
    cube 3062.248.666 (depth 2, 32 lits): UNSAT in 0.03s
    cube 3062.248.667 (depth 2, 32 lits): UNSAT in 0.02s
    cube 3062.248.668 (depth 2, 32 lits): UNSAT in 0.07s
    cube 3062.248.669 (depth 2, 32 lits): UNSAT in 0.01s
    cube 3062.248.670 (depth 2, 32 lits): UNSAT in 0.03s
    cube 3062.248.671 (depth 2, 32 lits): UNSAT in 0.02s
    cube 3062.248.672 (depth 2, 32 lits): UNSAT in 0.06s
    cube 3062.248.673 (depth 2, 32 lits): UNSAT in 0.06s
    cube 3062.248.674 (depth 2, 32 lits): UNSAT in 0.20s
    cube 3062.248.675 (depth 2, 32 lits): UNSAT in 0.07s
    cube 3062.248.676 (depth 2, 32 lits): UNSAT in 0.22s
    cube 3062.248.677 (depth 2, 31 lits): UNSAT in 0.01s
    cube 3062.248.678 (depth 2, 32 lits): UNSAT in 0.02s
    cube 3062.248.679 (depth 2, 32 lits): UNSAT in 0.01s
    cube 3062.248.680 (depth 2, 32 lits): UNSAT in 0.01s
    cube 3062.248.681 (depth 2, 32 lits): UNSAT in 0.03s
    cube 3062.248.682 (depth 2, 32 lits): UNSAT in 0.01s
    cube 3062.248.683 (depth 2, 32 lits): UNSAT in 0.03s
    cube 3062.248.684 (depth 2, 32 lits): UNSAT in 0.02s
    cube 3062.248.685 (depth 2, 32 lits): UNSAT in 0.02s
    cube 3062.248.686 (depth 2, 32 lits): UNSAT in 0.02s
    cube 3062.248.687 (depth 2, 32 lits): UNSAT in 0.07s
    cube 3062.248.688 (depth 2, 32 lits): UNSAT in 0.02s
    cube 3062.248.689 (depth 2, 32 lits): UNSAT in 0.09s
    cube 3062.248.690 (depth 2, 32 lits): UNSAT in 0.03s
    cube 3062.248.691 (depth 2, 32 lits): UNSAT in 0.35s
    cube 3062.248.692 (depth 2, 32 lits): UNSAT in 0.01s
    cube 3062.248.693 (depth 2, 32 lits): UNSAT in 0.02s
    cube 3062.248.694 (depth 2, 32 lits): UNSAT in 0.02s
    cube 3062.248.695 (depth 2, 32 lits): UNSAT in 0.02s
    cube 3062.248.696 (depth 2, 32 lits): UNSAT in 0.03s
    cube 3062.248.697 (depth 2, 32 lits): UNSAT in 0.05s
    cube 3062.248.698 (depth 2, 32 lits): UNSAT in 0.06s
    cube 3062.248.699 (depth 2, 32 lits): UNSAT in 0.31s
    cube 3062.248.700 (depth 2, 32 lits): UNSAT in 0.03s
    cube 3062.248.701 (depth 2, 32 lits): UNSAT in 0.06s
    cube 3062.248.702 (depth 2, 32 lits): UNSAT in 0.04s
    cube 3062.248.703 (depth 2, 32 lits): UNSAT in 0.14s
    cube 3062.248.704 (depth 2, 32 lits): UNSAT in 0.03s
    cube 3062.248.705 (depth 2, 32 lits): UNSAT in 0.08s
    cube 3062.248.706 (depth 2, 32 lits): UNSAT in 0.16s
    cube 3062.248.707 (depth 2, 32 lits): UNSAT in 0.29s
    cube 3062.248.708 (depth 2, 31 lits): UNSAT in 0.02s
    cube 3062.248.709 (depth 2, 32 lits): UNSAT in 0.02s
    cube 3062.248.710 (depth 2, 32 lits): UNSAT in 0.03s
    cube 3062.248.711 (depth 2, 32 lits): UNSAT in 0.01s
    cube 3062.248.712 (depth 2, 32 lits): UNSAT in 0.02s
    cube 3062.248.713 (depth 2, 32 lits): UNSAT in 0.04s
    cube 3062.248.714 (depth 2, 32 lits): UNSAT in 0.15s
    cube 3062.248.715 (depth 2, 32 lits): UNSAT in 0.02s
    cube 3062.248.716 (depth 2, 32 lits): UNSAT in 0.03s
    cube 3062.248.717 (depth 2, 32 lits): UNSAT in 0.02s
    cube 3062.248.718 (depth 2, 32 lits): UNSAT in 0.03s
    cube 3062.248.719 (depth 2, 32 lits): UNSAT in 0.04s
    cube 3062.248.720 (depth 2, 32 lits): UNSAT in 0.05s
    cube 3062.248.721 (depth 2, 32 lits): UNSAT in 0.06s
    cube 3062.248.722 (depth 2, 32 lits): UNSAT in 0.33s
    cube 3062.248.723 (depth 2, 32 lits): UNSAT in 0.03s
    cube 3062.248.724 (depth 2, 32 lits): UNSAT in 0.03s
    cube 3062.248.725 (depth 2, 32 lits): UNSAT in 0.07s
    cube 3062.248.726 (depth 2, 32 lits): UNSAT in 0.14s
    cube 3062.248.727 (depth 2, 32 lits): UNSAT in 0.03s
    cube 3062.248.728 (depth 2, 32 lits): UNSAT in 0.10s
    cube 3062.248.729 (depth 2, 32 lits): UNSAT in 0.04s
    cube 3062.248.730 (depth 2, 32 lits): UNSAT in 0.18s
    cube 3062.248.731 (depth 2, 32 lits): UNSAT in 0.03s
    cube 3062.248.732 (depth 2, 32 lits): UNSAT in 0.04s
    cube 3062.248.733 (depth 2, 32 lits): UNSAT in 0.04s
    cube 3062.248.734 (depth 2, 32 lits): UNSAT in 0.17s
    cube 3062.248.735 (depth 2, 32 lits): UNSAT in 0.23s
    cube 3062.248.736 (depth 2, 32 lits): UNSAT in 0.14s
    cube 3062.248.737 (depth 2, 32 lits): UNSAT in 0.27s
    cube 3062.248.738 (depth 2, 32 lits): UNSAT in 0.48s
    cube 3062.248.739 (depth 2, 32 lits): UNSAT in 0.01s
    cube 3062.248.740 (depth 2, 32 lits): UNSAT in 0.03s
    cube 3062.248.741 (depth 2, 31 lits): UNSAT in 0.02s
    cube 3062.248.742 (depth 2, 32 lits): UNSAT in 0.02s
    cube 3062.248.743 (depth 2, 32 lits): UNSAT in 0.03s
    cube 3062.248.744 (depth 2, 32 lits): UNSAT in 0.10s
    cube 3062.248.745 (depth 2, 32 lits): UNSAT in 0.08s
    cube 3062.248.746 (depth 2, 32 lits): UNSAT in 0.02s
    cube 3062.248.747 (depth 2, 32 lits): UNSAT in 0.05s
    cube 3062.248.748 (depth 2, 32 lits): UNSAT in 0.04s
    cube 3062.248.749 (depth 2, 32 lits): UNSAT in 0.11s
    cube 3062.248.750 (depth 2, 32 lits): UNSAT in 0.06s
    cube 3062.248.751 (depth 2, 32 lits): UNSAT in 0.18s
    cube 3062.248.752 (depth 2, 32 lits): UNSAT in 0.16s
    cube 3062.248.753 (depth 2, 32 lits): UNSAT in 1.00s
    cube 3062.248.754 (depth 2, 32 lits): UNSAT in 0.01s
    cube 3062.248.755 (depth 2, 32 lits): UNSAT in 0.02s
    cube 3062.248.756 (depth 2, 32 lits): UNSAT in 0.04s
    cube 3062.248.757 (depth 2, 32 lits): UNSAT in 0.24s
    cube 3062.248.758 (depth 2, 32 lits): UNSAT in 0.08s
    cube 3062.248.759 (depth 2, 32 lits): UNSAT in 0.12s
    cube 3062.248.760 (depth 2, 32 lits): UNSAT in 0.09s
    cube 3062.248.761 (depth 2, 32 lits): UNSAT in 0.66s
    cube 3062.248.762 (depth 2, 32 lits): UNSAT in 0.06s
    cube 3062.248.763 (depth 2, 32 lits): UNSAT in 0.14s
    cube 3062.248.764 (depth 2, 32 lits): UNSAT in 0.24s
    cube 3062.248.765 (depth 2, 32 lits): UNSAT in 0.65s
    cube 3062.248.766 (depth 2, 32 lits): UNSAT in 0.09s
    cube 3062.248.767 (depth 2, 32 lits): UNSAT in 0.20s
    cube 3062.248.768 (depth 2, 32 lits): UNSAT in 0.59s
    cube 3062.248.769 (depth 2, 32 lits): UNSAT in 2.15s
    cube 3062.248.770 (depth 2, 32 lits): UNSAT in 0.02s
    cube 3062.248.771 (depth 2, 32 lits): UNSAT in 0.09s
    cube 3062.248.772 (depth 2, 32 lits): UNSAT in 0.03s
    cube 3062.248.773 (depth 2, 32 lits): UNSAT in 0.28s
    cube 3062.248.774 (depth 2, 32 lits): UNSAT in 0.11s
    cube 3062.248.775 (depth 2, 32 lits): UNSAT in 0.26s
    cube 3062.248.776 (depth 2, 32 lits): UNSAT in 0.15s
    cube 3062.248.777 (depth 2, 32 lits): UNSAT in 1.31s
    cube 3062.248.778 (depth 2, 32 lits): UNSAT in 0.03s
    cube 3062.248.779 (depth 2, 32 lits): UNSAT in 0.05s
    cube 3062.248.780 (depth 2, 32 lits): UNSAT in 0.03s
    cube 3062.248.781 (depth 2, 32 lits): UNSAT in 0.50s
    cube 3062.248.782 (depth 2, 32 lits): UNSAT in 0.06s
    cube 3062.248.783 (depth 2, 32 lits): UNSAT in 0.76s
    cube 3062.248.784 (depth 2, 32 lits): UNSAT in 0.70s
    cube 3062.248.785 (depth 2, 32 lits): UNSAT in 1.90s
    cube 3062.248.786 (depth 2, 32 lits): UNSAT in 0.10s
    cube 3062.248.787 (depth 2, 32 lits): UNSAT in 0.34s
    cube 3062.248.788 (depth 2, 32 lits): UNSAT in 0.09s
    cube 3062.248.789 (depth 2, 32 lits): UNSAT in 2.73s
    cube 3062.248.790 (depth 2, 32 lits): UNSAT in 0.38s
    cube 3062.248.791 (depth 2, 32 lits): UNSAT in 1.74s
    cube 3062.248.792 (depth 2, 32 lits): UNSAT in 1.52s
    cube 3062.248.793 (depth 2, 32 lits): UNSAT in 3.14s
    cube 3062.248.794 (depth 2, 32 lits): UNSAT in 0.49s
    cube 3062.248.795 (depth 2, 32 lits): UNSAT in 1.31s
    cube 3062.248.796 (depth 2, 32 lits): UNSAT in 1.94s
    cube 3062.248.797 (depth 2, 32 lits): UNSAT in 5.26s
    cube 3062.248.798 (depth 2, 32 lits): UNSAT in 3.77s
    cube 3062.248.799 (depth 2, 32 lits): UNSAT in 9.51s
    cube 3062.248.800 (depth 2, 32 lits): UNSAT in 10.59s
    cube 3062.248.801 (depth 2, 32 lits): UNSAT in 33.97s
    cube 3062.249 (depth 1, 21 lits): UNSAT in 0.02s
    cube 3062.250 (depth 1, 22 lits): UNSAT in 0.02s
    cube 3062.251 (depth 1, 22 lits): UNSAT in 0.04s
    cube 3062.252 (depth 1, 22 lits): UNSAT in 0.03s
    cube 3062.253 (depth 1, 22 lits): UNSAT in 0.02s
    cube 3062.254 (depth 1, 22 lits): UNSAT in 0.03s
    cube 3062.255 (depth 1, 22 lits): UNSAT in 0.08s
    cube 3062.256 (depth 1, 22 lits): UNSAT in 0.02s
    cube 3062.257 (depth 1, 22 lits): UNSAT in 0.02s
    cube 3062.258 (depth 1, 22 lits): UNSAT in 0.02s
    cube 3062.259 (depth 1, 22 lits): UNSAT in 0.03s
    cube 3062.260 (depth 1, 22 lits): UNSAT in 0.02s
    cube 3062.261 (depth 1, 22 lits): UNSAT in 0.03s
    cube 3062.262 (depth 1, 22 lits): UNSAT in 0.08s
    cube 3062.263 (depth 1, 22 lits): UNSAT in 1.22s
    cube 3062.264 (depth 1, 22 lits): UNSAT in 0.02s
    cube 3062.265 (depth 1, 22 lits): UNSAT in 0.01s
    cube 3062.266 (depth 1, 22 lits): UNSAT in 0.02s
    cube 3062.267 (depth 1, 22 lits): UNSAT in 0.13s
    cube 3062.268 (depth 1, 22 lits): UNSAT in 0.05s
    cube 3062.269 (depth 1, 22 lits): UNSAT in 0.08s
    cube 3062.270 (depth 1, 22 lits): UNSAT in 0.28s
    cube 3062.271 (depth 1, 22 lits): UNSAT in 0.56s
    cube 3062.272 (depth 1, 22 lits): UNSAT in 0.03s
    cube 3062.273 (depth 1, 22 lits): UNSAT in 0.06s
    cube 3062.274 (depth 1, 22 lits): UNSAT in 0.05s
    cube 3062.275 (depth 1, 22 lits): UNSAT in 0.37s
    cube 3062.276 (depth 1, 22 lits): UNSAT in 0.08s
    cube 3062.277 (depth 1, 22 lits): UNSAT in 0.19s
    cube 3062.278 (depth 1, 22 lits): UNSAT in 0.51s
    cube 3062.279 (depth 1, 22 lits): UNSAT in 0.94s
    cube 3062.280 (depth 1, 22 lits): UNSAT in 0.02s
    cube 3062.281 (depth 1, 22 lits): UNSAT in 0.03s
    cube 3062.282 (depth 1, 22 lits): UNSAT in 0.02s
    cube 3062.283 (depth 1, 22 lits): UNSAT in 0.02s
    cube 3062.284 (depth 1, 21 lits): UNSAT in 0.02s
    cube 3062.285 (depth 1, 22 lits): UNSAT in 0.03s
    cube 3062.286 (depth 1, 22 lits): UNSAT in 0.05s
    cube 3062.287 (depth 1, 22 lits): UNSAT in 0.02s
    cube 3062.288 (depth 1, 22 lits): UNSAT in 0.08s
    cube 3062.289 (depth 1, 22 lits): UNSAT in 0.03s
    cube 3062.290 (depth 1, 22 lits): UNSAT in 0.06s
    cube 3062.291 (depth 1, 22 lits): UNSAT in 0.02s
    cube 3062.292 (depth 1, 22 lits): UNSAT in 0.08s
    cube 3062.293 (depth 1, 22 lits): UNSAT in 0.16s
    cube 3062.294 (depth 1, 22 lits): UNSAT in 0.10s
    cube 3062.295 (depth 1, 22 lits): UNSAT in 0.02s
    cube 3062.296 (depth 1, 22 lits): UNSAT in 0.02s
    cube 3062.297 (depth 1, 22 lits): UNSAT in 0.03s
    cube 3062.298 (depth 1, 22 lits): UNSAT in 0.03s
    cube 3062.299 (depth 1, 22 lits): UNSAT in 0.02s
    cube 3062.300 (depth 1, 22 lits): UNSAT in 0.03s
    cube 3062.301 (depth 1, 22 lits): UNSAT in 0.05s
    cube 3062.302 (depth 1, 22 lits): UNSAT in 0.02s
    cube 3062.303 (depth 1, 22 lits): UNSAT in 0.04s
    cube 3062.304 (depth 1, 22 lits): UNSAT in 0.05s
    cube 3062.305 (depth 1, 22 lits): UNSAT in 0.05s
    cube 3062.306 (depth 1, 22 lits): UNSAT in 0.09s
    cube 3062.307 (depth 1, 22 lits): UNSAT in 0.25s
    cube 3062.308 (depth 1, 22 lits): UNSAT in 0.54s
    cube 3062.309 (depth 1, 22 lits): UNSAT in 0.16s
    cube 3062.310 (depth 1, 22 lits): UNSAT in 0.60s
    cube 3062.311 (depth 1, 21 lits): UNSAT in 0.01s
    cube 3062.312 (depth 1, 22 lits): UNSAT in 0.02s
    cube 3062.313 (depth 1, 22 lits): UNSAT in 0.03s
    cube 3062.314 (depth 1, 22 lits): UNSAT in 0.04s
    cube 3062.315 (depth 1, 22 lits): UNSAT in 0.02s
    cube 3062.316 (depth 1, 22 lits): UNSAT in 0.03s
    cube 3062.317 (depth 1, 22 lits): UNSAT in 0.04s
    cube 3062.318 (depth 1, 22 lits): UNSAT in 0.04s
    cube 3062.319 (depth 1, 22 lits): UNSAT in 0.10s
    cube 3062.320 (depth 1, 22 lits): UNSAT in 0.03s
    cube 3062.321 (depth 1, 22 lits): UNSAT in 0.20s
    cube 3062.322 (depth 1, 22 lits): UNSAT in 0.09s
    cube 3062.323 (depth 1, 22 lits): UNSAT in 0.38s
    cube 3062.324 (depth 1, 22 lits): UNSAT in 0.12s
    cube 3062.325 (depth 1, 22 lits): UNSAT in 1.19s
    cube 3062.326 (depth 1, 22 lits): UNSAT in 0.04s
    cube 3062.327 (depth 1, 22 lits): UNSAT in 0.33s
    cube 3062.328 (depth 1, 22 lits): UNSAT in 0.28s
    cube 3062.329 (depth 1, 22 lits): UNSAT in 0.80s
    cube 3062.330 (depth 1, 22 lits): UNSAT in 0.10s
    cube 3062.331 (depth 1, 22 lits): UNSAT in 0.18s
    cube 3062.332 (depth 1, 22 lits): UNSAT in 0.16s
    cube 3062.333 (depth 1, 22 lits): UNSAT in 0.48s
    cube 3062.334 (depth 1, 22 lits): UNSAT in 0.54s
    cube 3062.335 (depth 1, 22 lits): UNSAT in 0.51s
    cube 3062.336 (depth 1, 22 lits): UNSAT in 0.53s
    cube 3062.337 (depth 1, 22 lits): UNSAT in 3.81s
    cube 3062.338 (depth 1, 22 lits): UNSAT in 0.56s
    cube 3062.339 (depth 1, 22 lits): UNSAT in 0.92s
    cube 3062.340 (depth 1, 22 lits): UNSAT in 0.75s
    cube 3062.341 (depth 1, 22 lits): UNSAT in 4.68s
    cube 3062.342 (depth 1, 22 lits): UNSAT in 0.02s
    cube 3062.343 (depth 1, 22 lits): UNSAT in 0.20s
    cube 3062.344 (depth 1, 22 lits): UNSAT in 0.28s
    cube 3062.345 (depth 1, 22 lits): UNSAT in 1.53s
    cube 3062.346 (depth 1, 22 lits): UNSAT in 0.13s
    cube 3062.347 (depth 1, 22 lits): UNSAT in 0.56s
    cube 3062.348 (depth 1, 22 lits): UNSAT in 0.17s
    cube 3062.349 (depth 1, 22 lits): UNSAT in 2.28s
    cube 3062.350 (depth 1, 22 lits): UNSAT in 0.03s
    cube 3062.351 (depth 1, 22 lits): UNSAT in 0.15s
    cube 3062.352 (depth 1, 22 lits): UNSAT in 0.17s
    cube 3062.353 (depth 1, 22 lits): UNSAT in 0.46s
    cube 3062.354 (depth 1, 22 lits): UNSAT in 0.32s
    cube 3062.355 (depth 1, 22 lits): UNSAT in 0.43s
    cube 3062.356 (depth 1, 22 lits): UNSAT in 1.07s
    cube 3062.357 (depth 1, 22 lits): UNSAT in 4.19s
    cube 3062.358 (depth 1, 22 lits): UNSAT in 0.69s
    cube 3062.359 (depth 1, 22 lits): UNSAT in 4.56s
    cube 3062.360 (depth 1, 22 lits): UNSAT in 1.02s
    cube 3062.361 (depth 1, 22 lits): UNSAT in 6.52s
    cube 3062.362 (depth 1, 22 lits): UNSAT in 0.82s
    cube 3062.363 (depth 1, 22 lits): UNSAT in 4.02s
    cube 3062.364 (depth 1, 22 lits): UNSAT in 2.97s
    cube 3062.365 (depth 1, 22 lits): UNSAT in 8.41s
    cube 3062.366 (depth 1, 22 lits): UNSAT in 1.07s
    cube 3062.367 (depth 1, 22 lits): UNSAT in 16.04s
    cube 3062.368 (depth 1, 22 lits): UNSAT in 10.74s
    cube 3062.369 (depth 1, 22 lits): UNSAT in 8.55s
    cube 3062.370 (depth 1, 22 lits): UNSAT in 3.94s
    cube 3062.371 (depth 1, 22 lits): UNSAT in 5.59s
    cube 3062.372 (depth 1, 22 lits): UNSAT in 33.36s
    cube 3062.373 (depth 1, 22 lits): UNSAT in 27.31s
    cube 3062.374 (depth 1, 22 lits): UNSAT in 0.02s
    cube 3062.375 (depth 1, 22 lits): UNSAT in 0.08s
    cube 3062.376 (depth 1, 22 lits): UNSAT in 0.08s
    cube 3062.377 (depth 1, 22 lits): UNSAT in 0.23s
    cube 3062.378 (depth 1, 22 lits): UNSAT in 0.12s
    cube 3062.379 (depth 1, 22 lits): UNSAT in 0.26s
    cube 3062.380 (depth 1, 22 lits): UNSAT in 0.10s
    cube 3062.381 (depth 1, 22 lits): UNSAT in 0.71s
    cube 3062.382 (depth 1, 22 lits): UNSAT in 0.03s
    cube 3062.383 (depth 1, 22 lits): UNSAT in 0.04s
    cube 3062.384 (depth 1, 22 lits): UNSAT in 0.10s
    cube 3062.385 (depth 1, 22 lits): UNSAT in 0.28s
    cube 3062.386 (depth 1, 22 lits): UNSAT in 0.03s
    cube 3062.387 (depth 1, 22 lits): UNSAT in 0.21s
    cube 3062.388 (depth 1, 22 lits): UNSAT in 0.61s
    cube 3062.389 (depth 1, 22 lits): UNSAT in 2.06s
    cube 3062.390 (depth 1, 22 lits): UNSAT in 0.07s
    cube 3062.391 (depth 1, 22 lits): UNSAT in 0.15s
    cube 3062.392 (depth 1, 22 lits): UNSAT in 0.68s
    cube 3062.393 (depth 1, 22 lits): UNSAT in 1.27s
    cube 3062.394 (depth 1, 22 lits): UNSAT in 0.13s
    cube 3062.395 (depth 1, 22 lits): UNSAT in 0.47s
    cube 3062.396 (depth 1, 22 lits): UNSAT in 0.89s
    cube 3062.397 (depth 1, 22 lits): UNSAT in 3.25s
    cube 3062.398 (depth 1, 22 lits): UNSAT in 0.20s
    cube 3062.399 (depth 1, 22 lits): UNSAT in 0.93s
    cube 3062.400 (depth 1, 22 lits): UNSAT in 0.86s
    cube 3062.401 (depth 1, 22 lits): UNSAT in 1.31s
    cube 3062.402 (depth 1, 22 lits): UNSAT in 0.39s
    cube 3062.403 (depth 1, 22 lits): UNSAT in 1.43s
    cube 3062.404 (depth 1, 22 lits): UNSAT in 5.04s
    cube 3062.405 (depth 1, 22 lits): UNSAT in 3.41s
    cube 3062.406 (depth 1, 22 lits): UNSAT in 0.06s
    cube 3062.407 (depth 1, 22 lits): UNSAT in 0.21s
    cube 3062.408 (depth 1, 22 lits): UNSAT in 0.26s
    cube 3062.409 (depth 1, 22 lits): UNSAT in 1.85s
    cube 3062.410 (depth 1, 22 lits): UNSAT in 0.11s
    cube 3062.411 (depth 1, 22 lits): UNSAT in 1.37s
    cube 3062.412 (depth 1, 22 lits): UNSAT in 1.84s
    cube 3062.413 (depth 1, 22 lits): UNSAT in 11.21s
    cube 3062.414 (depth 1, 22 lits): UNSAT in 0.45s
    cube 3062.415 (depth 1, 22 lits): UNSAT in 1.58s
    cube 3062.416 (depth 1, 22 lits): UNSAT in 0.46s
    cube 3062.417 (depth 1, 22 lits): UNSAT in 5.72s
    cube 3062.418 (depth 1, 22 lits): UNSAT in 0.81s
    cube 3062.419 (depth 1, 22 lits): UNSAT in 5.84s
    cube 3062.420 (depth 1, 22 lits): UNSAT in 0.36s
    cube 3062.421 (depth 1, 22 lits): UNSAT in 3.27s
    cube 3062.422 (depth 1, 22 lits): UNSAT in 1.00s
    cube 3062.423 (depth 1, 22 lits): UNSAT in 3.43s
    cube 3062.424 (depth 1, 22 lits): UNSAT in 1.66s
    cube 3062.425 (depth 1, 22 lits): UNSAT in 4.11s
    cube 3062.426 (depth 1, 22 lits): UNSAT in 0.23s
    cube 3062.427 (depth 1, 22 lits): UNSAT in 0.56s
    cube 3062.428 (depth 1, 22 lits): UNSAT in 2.31s
    cube 3062.429 (depth 1, 22 lits): UNSAT in 13.81s
    cube 3062.430 (depth 1, 22 lits): UNSAT in 1.21s
    cube 3062.431 (depth 1, 22 lits): UNSAT in 12.19s
    cube 3062.432 (depth 1, 22 lits): UNSAT in 4.71s
    cube 3062.433 (depth 1, 22 lits): UNSAT in 11.19s
    cube 3062.434 (depth 1, 22 lits): UNSAT in 19.30s
    cube 3062.435 (depth 1, 22 lits): UNSAT in 33.55s
    cube 3062.436 (depth 1, 22 lits): UNSAT in 22.83s
    cube 3062.437 (depth 1, 22 lits): UNSAT in 114.44s
    cube 3062.438 (depth 1, 22 lits): UNSAT in 0.03s
    cube 3062.439 (depth 1, 22 lits): UNSAT in 0.06s
    cube 3062.440 (depth 1, 22 lits): UNSAT in 0.10s
    cube 3062.441 (depth 1, 22 lits): UNSAT in 0.35s
    cube 3062.442 (depth 1, 22 lits): UNSAT in 0.22s
    cube 3062.443 (depth 1, 22 lits): UNSAT in 0.17s
    cube 3062.444 (depth 1, 22 lits): UNSAT in 0.17s
    cube 3062.445 (depth 1, 22 lits): UNSAT in 1.73s
    cube 3062.446 (depth 1, 22 lits): UNSAT in 0.25s
    cube 3062.447 (depth 1, 22 lits): UNSAT in 1.64s
    cube 3062.448 (depth 1, 22 lits): UNSAT in 0.11s
    cube 3062.449 (depth 1, 22 lits): UNSAT in 2.80s
    cube 3062.450 (depth 1, 22 lits): UNSAT in 0.97s
    cube 3062.451 (depth 1, 22 lits): UNSAT in 2.62s
    cube 3062.452 (depth 1, 22 lits): UNSAT in 3.44s
    cube 3062.453 (depth 1, 22 lits): UNSAT in 3.73s
    cube 3062.454 (depth 1, 22 lits): UNSAT in 0.23s
    cube 3062.455 (depth 1, 22 lits): UNSAT in 0.23s
    cube 3062.456 (depth 1, 22 lits): UNSAT in 0.14s
    cube 3062.457 (depth 1, 22 lits): UNSAT in 2.94s
    cube 3062.458 (depth 1, 22 lits): UNSAT in 0.77s
    cube 3062.459 (depth 1, 22 lits): UNSAT in 1.70s
    cube 3062.460 (depth 1, 22 lits): UNSAT in 1.04s
    cube 3062.461 (depth 1, 22 lits): UNSAT in 23.45s
    cube 3062.462 (depth 1, 22 lits): UNSAT in 0.18s
    cube 3062.463 (depth 1, 22 lits): UNSAT in 1.15s
    cube 3062.464 (depth 1, 22 lits): UNSAT in 0.84s
    cube 3062.465 (depth 1, 22 lits): UNSAT in 3.95s
    cube 3062.466 (depth 1, 22 lits): UNSAT in 3.14s
    cube 3062.467 (depth 1, 22 lits): UNSAT in 5.43s
    cube 3062.468 (depth 1, 22 lits): UNSAT in 11.79s
    cube 3062.469 (depth 1, 22 lits): UNSAT in 303.18s
    cube 3062.470 (depth 1, 22 lits): UNSAT in 0.52s
    cube 3062.471 (depth 1, 22 lits): UNSAT in 0.48s
    cube 3062.472 (depth 1, 22 lits): UNSAT in 0.20s
    cube 3062.473 (depth 1, 22 lits): UNSAT in 5.43s
    cube 3062.474 (depth 1, 22 lits): UNSAT in 0.35s
    cube 3062.475 (depth 1, 22 lits): UNSAT in 2.14s
    cube 3062.476 (depth 1, 22 lits): UNSAT in 0.94s
    cube 3062.477 (depth 1, 22 lits): UNSAT in 80.97s
    cube 3062.478 (depth 1, 22 lits): UNSAT in 0.15s
    cube 3062.479 (depth 1, 22 lits): UNSAT in 1.75s
    cube 3062.480 (depth 1, 22 lits): UNSAT in 5.03s
    cube 3062.481 (depth 1, 22 lits): UNSAT in 32.80s
    cube 3062.482 (depth 1, 22 lits): UNSAT in 1.85s
    cube 3062.483 (depth 1, 22 lits): UNSAT in 24.67s
    cube 3062.484 (depth 1, 22 lits): UNSAT in 13.01s
    cube 3062.485 (depth 1, 22 lits): UNSAT in 579.99s
    cube 3062.486 (depth 1, 22 lits): UNSAT in 0.88s
    cube 3062.487 (depth 1, 22 lits): UNSAT in 6.63s
    cube 3062.488 (depth 1, 22 lits): UNSAT in 8.69s
    cube 3062.489 (depth 1, 22 lits): UNSAT in 58.84s
    cube 3062.490 (depth 1, 22 lits): UNSAT in 12.11s
    cube 3062.491 (depth 1, 22 lits): UNSAT in 7.54s
    cube 3062.492 (depth 1, 22 lits): UNSAT in 21.97s
    cube 3062.493 (depth 1, 22 lits): UNSAT in 806.22s
    cube 3062.494 (depth 1, 22 lits): UNSAT in 4.03s
    cube 3062.495 (depth 1, 22 lits): UNSAT in 89.76s
    cube 3062.496 (depth 1, 22 lits): UNSAT in 54.33s
    cube 3062.497 (depth 1, 22 lits): TIMEOUT in 1200.09s
    cube 3062.497 TIMEOUT -> re-split into 828 sub-cubes (depth 2)
    cube 3062.497.0 (depth 2, 29 lits): UNSAT in 0.02s
    cube 3062.497.1 (depth 2, 30 lits): UNSAT in 0.02s
    cube 3062.497.2 (depth 2, 32 lits): UNSAT in 0.01s
    cube 3062.497.3 (depth 2, 32 lits): UNSAT in 0.02s
    cube 3062.497.4 (depth 2, 32 lits): UNSAT in 0.01s
    cube 3062.497.5 (depth 2, 32 lits): UNSAT in 0.02s
    cube 3062.497.6 (depth 2, 30 lits): UNSAT in 0.01s
    cube 3062.497.7 (depth 2, 31 lits): UNSAT in 0.01s
    cube 3062.497.8 (depth 2, 31 lits): UNSAT in 0.02s
    cube 3062.497.9 (depth 2, 30 lits): UNSAT in 0.01s
    cube 3062.497.10 (depth 2, 32 lits): UNSAT in 0.01s
    cube 3062.497.11 (depth 2, 32 lits): UNSAT in 0.02s
    cube 3062.497.12 (depth 2, 32 lits): UNSAT in 0.02s
    cube 3062.497.13 (depth 2, 32 lits): UNSAT in 0.02s
    cube 3062.497.14 (depth 2, 30 lits): UNSAT in 0.01s
    cube 3062.497.15 (depth 2, 31 lits): UNSAT in 0.02s
    cube 3062.497.16 (depth 2, 31 lits): UNSAT in 0.01s
    cube 3062.497.17 (depth 2, 31 lits): UNSAT in 0.01s
    cube 3062.497.18 (depth 2, 32 lits): UNSAT in 0.01s
    cube 3062.497.19 (depth 2, 32 lits): UNSAT in 0.02s
    cube 3062.497.20 (depth 2, 30 lits): UNSAT in 0.02s
    cube 3062.497.21 (depth 2, 31 lits): UNSAT in 0.01s
    cube 3062.497.22 (depth 2, 31 lits): UNSAT in 0.02s
    cube 3062.497.23 (depth 2, 31 lits): UNSAT in 0.02s
    cube 3062.497.24 (depth 2, 32 lits): UNSAT in 0.01s
    cube 3062.497.25 (depth 2, 32 lits): UNSAT in 0.03s
    cube 3062.497.26 (depth 2, 32 lits): UNSAT in 0.01s
    cube 3062.497.27 (depth 2, 32 lits): UNSAT in 0.02s
    cube 3062.497.28 (depth 2, 32 lits): UNSAT in 0.02s
    cube 3062.497.29 (depth 2, 32 lits): UNSAT in 0.05s
    cube 3062.497.30 (depth 2, 32 lits): UNSAT in 0.03s
    cube 3062.497.31 (depth 2, 32 lits): UNSAT in 0.05s
    cube 3062.497.32 (depth 2, 32 lits): UNSAT in 0.05s
    cube 3062.497.33 (depth 2, 32 lits): UNSAT in 0.06s
    cube 3062.497.34 (depth 2, 29 lits): UNSAT in 0.01s
    cube 3062.497.35 (depth 2, 30 lits): UNSAT in 0.01s
    cube 3062.497.36 (depth 2, 31 lits): UNSAT in 0.01s
    cube 3062.497.37 (depth 2, 32 lits): UNSAT in 0.02s
    cube 3062.497.38 (depth 2, 32 lits): UNSAT in 0.03s
    cube 3062.497.39 (depth 2, 31 lits): UNSAT in 0.01s
    cube 3062.497.40 (depth 2, 31 lits): UNSAT in 0.01s
    cube 3062.497.41 (depth 2, 31 lits): UNSAT in 0.01s
    cube 3062.497.42 (depth 2, 32 lits): UNSAT in 0.01s
    cube 3062.497.43 (depth 2, 32 lits): UNSAT in 0.03s
    cube 3062.497.44 (depth 2, 32 lits): UNSAT in 0.01s
    cube 3062.497.45 (depth 2, 32 lits): UNSAT in 0.01s
    cube 3062.497.46 (depth 2, 32 lits): UNSAT in 0.02s
    cube 3062.497.47 (depth 2, 32 lits): UNSAT in 0.02s
    cube 3062.497.48 (depth 2, 32 lits): UNSAT in 0.01s
    cube 3062.497.49 (depth 2, 32 lits): UNSAT in 0.03s
    cube 3062.497.50 (depth 2, 32 lits): UNSAT in 0.04s
    cube 3062.497.51 (depth 2, 32 lits): UNSAT in 0.05s
    cube 3062.497.52 (depth 2, 30 lits): UNSAT in 0.02s
    cube 3062.497.53 (depth 2, 32 lits): UNSAT in 0.01s
    cube 3062.497.54 (depth 2, 32 lits): UNSAT in 0.01s
    cube 3062.497.55 (depth 2, 32 lits): UNSAT in 0.02s
    cube 3062.497.56 (depth 2, 32 lits): UNSAT in 0.02s
    cube 3062.497.57 (depth 2, 32 lits): UNSAT in 0.01s
    cube 3062.497.58 (depth 2, 32 lits): UNSAT in 0.02s
    cube 3062.497.59 (depth 2, 32 lits): UNSAT in 0.01s
    cube 3062.497.60 (depth 2, 32 lits): UNSAT in 0.02s
    cube 3062.497.61 (depth 2, 32 lits): UNSAT in 0.02s
    cube 3062.497.62 (depth 2, 32 lits): UNSAT in 0.02s
    cube 3062.497.63 (depth 2, 32 lits): UNSAT in 0.03s
    cube 3062.497.64 (depth 2, 32 lits): UNSAT in 0.03s
    cube 3062.497.65 (depth 2, 32 lits): UNSAT in 0.01s
    cube 3062.497.66 (depth 2, 32 lits): UNSAT in 0.02s
    cube 3062.497.67 (depth 2, 31 lits): UNSAT in 0.02s
    cube 3062.497.68 (depth 2, 31 lits): UNSAT in 0.02s
    cube 3062.497.69 (depth 2, 32 lits): UNSAT in 0.02s
    cube 3062.497.70 (depth 2, 32 lits): UNSAT in 0.02s
    cube 3062.497.71 (depth 2, 32 lits): UNSAT in 0.02s
    cube 3062.497.72 (depth 2, 32 lits): UNSAT in 0.03s
    cube 3062.497.73 (depth 2, 32 lits): UNSAT in 0.02s
    cube 3062.497.74 (depth 2, 32 lits): UNSAT in 0.03s
    cube 3062.497.75 (depth 2, 32 lits): UNSAT in 0.02s
    cube 3062.497.76 (depth 2, 32 lits): UNSAT in 0.07s
    cube 3062.497.77 (depth 2, 32 lits): UNSAT in 0.04s
    cube 3062.497.78 (depth 2, 32 lits): UNSAT in 0.07s
    cube 3062.497.79 (depth 2, 29 lits): UNSAT in 0.02s
    cube 3062.497.80 (depth 2, 31 lits): UNSAT in 0.02s
    cube 3062.497.81 (depth 2, 31 lits): UNSAT in 0.02s
    cube 3062.497.82 (depth 2, 31 lits): UNSAT in 0.01s
    cube 3062.497.83 (depth 2, 31 lits): UNSAT in 0.02s
    cube 3062.497.84 (depth 2, 30 lits): UNSAT in 0.01s
    cube 3062.497.85 (depth 2, 31 lits): UNSAT in 0.02s
    cube 3062.497.86 (depth 2, 32 lits): UNSAT in 0.02s
    cube 3062.497.87 (depth 2, 32 lits): UNSAT in 0.02s
    cube 3062.497.88 (depth 2, 32 lits): UNSAT in 0.01s
    cube 3062.497.89 (depth 2, 32 lits): UNSAT in 0.02s
    cube 3062.497.90 (depth 2, 32 lits): UNSAT in 0.01s
    cube 3062.497.91 (depth 2, 32 lits): UNSAT in 0.04s
    cube 3062.497.92 (depth 2, 32 lits): UNSAT in 0.02s
    cube 3062.497.93 (depth 2, 32 lits): UNSAT in 0.02s
    cube 3062.497.94 (depth 2, 32 lits): UNSAT in 0.02s
    cube 3062.497.95 (depth 2, 32 lits): UNSAT in 0.02s
    cube 3062.497.96 (depth 2, 32 lits): UNSAT in 0.01s
    cube 3062.497.97 (depth 2, 32 lits): UNSAT in 0.01s
    cube 3062.497.98 (depth 2, 31 lits): UNSAT in 0.02s
    cube 3062.497.99 (depth 2, 32 lits): UNSAT in 0.01s
    cube 3062.497.100 (depth 2, 32 lits): UNSAT in 0.01s
    cube 3062.497.101 (depth 2, 31 lits): UNSAT in 0.02s
    cube 3062.497.102 (depth 2, 32 lits): UNSAT in 0.01s
    cube 3062.497.103 (depth 2, 32 lits): UNSAT in 0.02s
    cube 3062.497.104 (depth 2, 32 lits): UNSAT in 0.02s
    cube 3062.497.105 (depth 2, 32 lits): UNSAT in 0.02s
    cube 3062.497.106 (depth 2, 32 lits): UNSAT in 0.01s
    cube 3062.497.107 (depth 2, 32 lits): UNSAT in 0.02s
    cube 3062.497.108 (depth 2, 32 lits): UNSAT in 0.02s
    cube 3062.497.109 (depth 2, 32 lits): UNSAT in 0.04s
    cube 3062.497.110 (depth 2, 32 lits): UNSAT in 0.02s
    cube 3062.497.111 (depth 2, 32 lits): UNSAT in 0.01s
    cube 3062.497.112 (depth 2, 32 lits): UNSAT in 0.01s
    cube 3062.497.113 (depth 2, 32 lits): UNSAT in 0.02s
    cube 3062.497.114 (depth 2, 32 lits): UNSAT in 0.02s
    cube 3062.497.115 (depth 2, 32 lits): UNSAT in 0.02s
    cube 3062.497.116 (depth 2, 32 lits): UNSAT in 0.03s
    cube 3062.497.117 (depth 2, 32 lits): UNSAT in 0.04s
    cube 3062.497.118 (depth 2, 32 lits): UNSAT in 0.02s
    cube 3062.497.119 (depth 2, 32 lits): UNSAT in 0.03s
    cube 3062.497.120 (depth 2, 32 lits): UNSAT in 0.03s
    cube 3062.497.121 (depth 2, 32 lits): UNSAT in 0.04s
    cube 3062.497.122 (depth 2, 32 lits): UNSAT in 0.07s
    cube 3062.497.123 (depth 2, 32 lits): UNSAT in 0.08s
    cube 3062.497.124 (depth 2, 32 lits): UNSAT in 0.02s
    cube 3062.497.125 (depth 2, 32 lits): UNSAT in 0.04s
    cube 3062.497.126 (depth 2, 30 lits): UNSAT in 0.01s
    cube 3062.497.127 (depth 2, 31 lits): UNSAT in 0.01s
    cube 3062.497.128 (depth 2, 32 lits): UNSAT in 0.01s
    cube 3062.497.129 (depth 2, 32 lits): UNSAT in 0.02s
    cube 3062.497.130 (depth 2, 32 lits): UNSAT in 0.01s
    cube 3062.497.131 (depth 2, 32 lits): UNSAT in 0.01s
    cube 3062.497.132 (depth 2, 32 lits): UNSAT in 0.02s
    cube 3062.497.133 (depth 2, 32 lits): UNSAT in 0.03s
    cube 3062.497.134 (depth 2, 32 lits): UNSAT in 0.02s
    cube 3062.497.135 (depth 2, 32 lits): UNSAT in 0.01s
    cube 3062.497.136 (depth 2, 32 lits): UNSAT in 0.01s
    cube 3062.497.137 (depth 2, 32 lits): UNSAT in 0.02s
    cube 3062.497.138 (depth 2, 32 lits): UNSAT in 0.01s
    cube 3062.497.139 (depth 2, 32 lits): UNSAT in 0.02s
    cube 3062.497.140 (depth 2, 32 lits): UNSAT in 0.02s
    cube 3062.497.141 (depth 2, 32 lits): UNSAT in 0.02s
    cube 3062.497.142 (depth 2, 31 lits): UNSAT in 0.01s
    cube 3062.497.143 (depth 2, 32 lits): UNSAT in 0.02s
    cube 3062.497.144 (depth 2, 32 lits): UNSAT in 0.05s
    cube 3062.497.145 (depth 2, 32 lits): UNSAT in 0.02s
    cube 3062.497.146 (depth 2, 32 lits): UNSAT in 0.02s
    cube 3062.497.147 (depth 2, 32 lits): UNSAT in 0.02s
    cube 3062.497.148 (depth 2, 32 lits): UNSAT in 0.06s
    cube 3062.497.149 (depth 2, 32 lits): UNSAT in 0.01s
    cube 3062.497.150 (depth 2, 32 lits): UNSAT in 0.04s
    cube 3062.497.151 (depth 2, 32 lits): UNSAT in 0.02s
    cube 3062.497.152 (depth 2, 32 lits): UNSAT in 0.03s
    cube 3062.497.153 (depth 2, 32 lits): UNSAT in 0.02s
    cube 3062.497.154 (depth 2, 32 lits): UNSAT in 0.02s
    cube 3062.497.155 (depth 2, 32 lits): UNSAT in 0.02s
    cube 3062.497.156 (depth 2, 32 lits): UNSAT in 0.03s
    cube 3062.497.157 (depth 2, 32 lits): UNSAT in 0.02s
    cube 3062.497.158 (depth 2, 32 lits): UNSAT in 0.02s
    cube 3062.497.159 (depth 2, 32 lits): UNSAT in 0.07s
    cube 3062.497.160 (depth 2, 32 lits): UNSAT in 0.07s
    cube 3062.497.161 (depth 2, 32 lits): UNSAT in 0.04s
    cube 3062.497.162 (depth 2, 32 lits): UNSAT in 0.05s
    cube 3062.497.163 (depth 2, 32 lits): UNSAT in 0.09s
    cube 3062.497.164 (depth 2, 32 lits): UNSAT in 0.15s
    cube 3062.497.165 (depth 2, 32 lits): UNSAT in 0.02s
    cube 3062.497.166 (depth 2, 32 lits): UNSAT in 0.06s
    cube 3062.497.167 (depth 2, 32 lits): UNSAT in 0.15s
    cube 3062.497.168 (depth 2, 32 lits): UNSAT in 0.29s
    cube 3062.497.169 (depth 2, 32 lits): UNSAT in 0.02s
    cube 3062.497.170 (depth 2, 32 lits): UNSAT in 0.04s
    cube 3062.497.171 (depth 2, 32 lits): UNSAT in 0.02s
    cube 3062.497.172 (depth 2, 32 lits): UNSAT in 0.02s
    cube 3062.497.173 (depth 2, 32 lits): UNSAT in 0.02s
    cube 3062.497.174 (depth 2, 32 lits): UNSAT in 0.08s
    cube 3062.497.175 (depth 2, 32 lits): UNSAT in 0.08s
    cube 3062.497.176 (depth 2, 32 lits): UNSAT in 0.20s
    cube 3062.497.177 (depth 2, 32 lits): UNSAT in 0.03s
    cube 3062.497.178 (depth 2, 32 lits): UNSAT in 0.11s
    cube 3062.497.179 (depth 2, 32 lits): UNSAT in 0.03s
    cube 3062.497.180 (depth 2, 32 lits): UNSAT in 0.15s
    cube 3062.497.181 (depth 2, 32 lits): UNSAT in 0.11s
    cube 3062.497.182 (depth 2, 32 lits): UNSAT in 0.17s
    cube 3062.497.183 (depth 2, 32 lits): UNSAT in 0.21s
    cube 3062.497.184 (depth 2, 32 lits): UNSAT in 0.25s
    cube 3062.497.185 (depth 2, 29 lits): UNSAT in 0.01s
    cube 3062.497.186 (depth 2, 30 lits): UNSAT in 0.01s
    cube 3062.497.187 (depth 2, 32 lits): UNSAT in 0.01s
    cube 3062.497.188 (depth 2, 32 lits): UNSAT in 0.02s
    cube 3062.497.189 (depth 2, 32 lits): UNSAT in 0.01s
    cube 3062.497.190 (depth 2, 32 lits): UNSAT in 0.02s
    cube 3062.497.191 (depth 2, 31 lits): UNSAT in 0.01s
    cube 3062.497.192 (depth 2, 32 lits): UNSAT in 0.01s
    cube 3062.497.193 (depth 2, 32 lits): UNSAT in 0.02s
    cube 3062.497.194 (depth 2, 31 lits): UNSAT in 0.01s
    cube 3062.497.195 (depth 2, 31 lits): UNSAT in 0.01s
    cube 3062.497.196 (depth 2, 30 lits): UNSAT in 0.02s
    cube 3062.497.197 (depth 2, 32 lits): UNSAT in 0.01s
    cube 3062.497.198 (depth 2, 32 lits): UNSAT in 0.02s
    cube 3062.497.199 (depth 2, 31 lits): UNSAT in 0.02s
    cube 3062.497.200 (depth 2, 32 lits): UNSAT in 0.01s
    cube 3062.497.201 (depth 2, 32 lits): UNSAT in 0.02s
    cube 3062.497.202 (depth 2, 32 lits): UNSAT in 0.02s
    cube 3062.497.203 (depth 2, 32 lits): UNSAT in 0.02s
    cube 3062.497.204 (depth 2, 31 lits): UNSAT in 0.02s
    cube 3062.497.205 (depth 2, 32 lits): UNSAT in 0.02s
    cube 3062.497.206 (depth 2, 32 lits): UNSAT in 0.02s
    cube 3062.497.207 (depth 2, 31 lits): UNSAT in 0.02s
    cube 3062.497.208 (depth 2, 32 lits): UNSAT in 0.01s
    cube 3062.497.209 (depth 2, 32 lits): UNSAT in 0.02s
    cube 3062.497.210 (depth 2, 32 lits): UNSAT in 0.02s
    cube 3062.497.211 (depth 2, 32 lits): UNSAT in 0.02s
    cube 3062.497.212 (depth 2, 32 lits): UNSAT in 0.01s
    cube 3062.497.213 (depth 2, 32 lits): UNSAT in 0.07s
    cube 3062.497.214 (depth 2, 31 lits): UNSAT in 0.01s
    cube 3062.497.215 (depth 2, 32 lits): UNSAT in 0.01s
    cube 3062.497.216 (depth 2, 32 lits): UNSAT in 0.02s
    cube 3062.497.217 (depth 2, 30 lits): UNSAT in 0.02s
    cube 3062.497.218 (depth 2, 32 lits): UNSAT in 0.02s
    cube 3062.497.219 (depth 2, 32 lits): UNSAT in 0.03s
    cube 3062.497.220 (depth 2, 32 lits): UNSAT in 0.04s
    cube 3062.497.221 (depth 2, 32 lits): UNSAT in 0.03s
    cube 3062.497.222 (depth 2, 32 lits): UNSAT in 0.01s
    cube 3062.497.223 (depth 2, 32 lits): UNSAT in 0.02s
    cube 3062.497.224 (depth 2, 32 lits): UNSAT in 0.05s
    cube 3062.497.225 (depth 2, 32 lits): UNSAT in 0.03s
    cube 3062.497.226 (depth 2, 31 lits): UNSAT in 0.01s
    cube 3062.497.227 (depth 2, 32 lits): UNSAT in 0.01s
    cube 3062.497.228 (depth 2, 32 lits): UNSAT in 0.02s
    cube 3062.497.229 (depth 2, 31 lits): UNSAT in 0.01s
    cube 3062.497.230 (depth 2, 32 lits): UNSAT in 0.02s
    cube 3062.497.231 (depth 2, 32 lits): UNSAT in 0.02s
    cube 3062.497.232 (depth 2, 29 lits): UNSAT in 0.02s
    cube 3062.497.233 (depth 2, 32 lits): UNSAT in 0.01s
    cube 3062.497.234 (depth 2, 32 lits): UNSAT in 0.02s
    cube 3062.497.235 (depth 2, 32 lits): UNSAT in 0.03s
    cube 3062.497.236 (depth 2, 32 lits): UNSAT in 0.02s
    cube 3062.497.237 (depth 2, 30 lits): UNSAT in 0.03s
    cube 3062.497.238 (depth 2, 31 lits): UNSAT in 0.01s
    cube 3062.497.239 (depth 2, 32 lits): UNSAT in 0.02s
    cube 3062.497.240 (depth 2, 32 lits): UNSAT in 0.04s
    cube 3062.497.241 (depth 2, 32 lits): UNSAT in 0.02s
    cube 3062.497.242 (depth 2, 32 lits): UNSAT in 0.04s
    cube 3062.497.243 (depth 2, 32 lits): UNSAT in 0.02s
    cube 3062.497.244 (depth 2, 32 lits): UNSAT in 0.03s
    cube 3062.497.245 (depth 2, 30 lits): UNSAT in 0.02s
    cube 3062.497.246 (depth 2, 32 lits): UNSAT in 0.01s
    cube 3062.497.247 (depth 2, 32 lits): UNSAT in 0.02s
    cube 3062.497.248 (depth 2, 32 lits): UNSAT in 0.02s
    cube 3062.497.249 (depth 2, 32 lits): UNSAT in 0.02s
    cube 3062.497.250 (depth 2, 32 lits): UNSAT in 0.01s
    cube 3062.497.251 (depth 2, 32 lits): UNSAT in 0.02s
    cube 3062.497.252 (depth 2, 31 lits): UNSAT in 0.02s
    cube 3062.497.253 (depth 2, 31 lits): UNSAT in 0.02s
    cube 3062.497.254 (depth 2, 32 lits): UNSAT in 0.01s
    cube 3062.497.255 (depth 2, 32 lits): UNSAT in 0.02s
    cube 3062.497.256 (depth 2, 32 lits): UNSAT in 0.02s
    cube 3062.497.257 (depth 2, 32 lits): UNSAT in 0.02s
    cube 3062.497.258 (depth 2, 32 lits): UNSAT in 0.02s
    cube 3062.497.259 (depth 2, 32 lits): UNSAT in 0.03s
    cube 3062.497.260 (depth 2, 31 lits): UNSAT in 0.02s
    cube 3062.497.261 (depth 2, 32 lits): UNSAT in 0.03s
    cube 3062.497.262 (depth 2, 32 lits): UNSAT in 0.02s
    cube 3062.497.263 (depth 2, 32 lits): UNSAT in 0.02s
    cube 3062.497.264 (depth 2, 32 lits): UNSAT in 0.02s
    cube 3062.497.265 (depth 2, 32 lits): UNSAT in 0.02s
    cube 3062.497.266 (depth 2, 32 lits): UNSAT in 0.02s
    cube 3062.497.267 (depth 2, 32 lits): UNSAT in 0.02s
    cube 3062.497.268 (depth 2, 32 lits): UNSAT in 0.02s
    cube 3062.497.269 (depth 2, 32 lits): UNSAT in 0.04s
    cube 3062.497.270 (depth 2, 32 lits): UNSAT in 0.05s
    cube 3062.497.271 (depth 2, 32 lits): UNSAT in 0.01s
    cube 3062.497.272 (depth 2, 32 lits): UNSAT in 0.01s
    cube 3062.497.273 (depth 2, 32 lits): UNSAT in 0.02s
    cube 3062.497.274 (depth 2, 32 lits): UNSAT in 0.02s
    cube 3062.497.275 (depth 2, 32 lits): UNSAT in 0.01s
    cube 3062.497.276 (depth 2, 32 lits): UNSAT in 0.01s
    cube 3062.497.277 (depth 2, 32 lits): UNSAT in 0.03s
    cube 3062.497.278 (depth 2, 32 lits): UNSAT in 0.02s
    cube 3062.497.279 (depth 2, 31 lits): UNSAT in 0.02s
    cube 3062.497.280 (depth 2, 32 lits): UNSAT in 0.01s
    cube 3062.497.281 (depth 2, 32 lits): UNSAT in 0.02s
    cube 3062.497.282 (depth 2, 32 lits): UNSAT in 0.02s
    cube 3062.497.283 (depth 2, 32 lits): UNSAT in 0.02s
    cube 3062.497.284 (depth 2, 32 lits): UNSAT in 0.02s
    cube 3062.497.285 (depth 2, 32 lits): UNSAT in 0.03s
    cube 3062.497.286 (depth 2, 32 lits): UNSAT in 0.01s
    cube 3062.497.287 (depth 2, 32 lits): UNSAT in 0.02s
    cube 3062.497.288 (depth 2, 31 lits): UNSAT in 0.02s
    cube 3062.497.289 (depth 2, 32 lits): UNSAT in 0.01s
    cube 3062.497.290 (depth 2, 32 lits): UNSAT in 0.02s
    cube 3062.497.291 (depth 2, 32 lits): UNSAT in 0.03s
    cube 3062.497.292 (depth 2, 32 lits): UNSAT in 0.02s
    cube 3062.497.293 (depth 2, 32 lits): UNSAT in 0.01s
    cube 3062.497.294 (depth 2, 32 lits): UNSAT in 0.01s
    cube 3062.497.295 (depth 2, 32 lits): UNSAT in 0.02s
    cube 3062.497.296 (depth 2, 32 lits): UNSAT in 0.02s
    cube 3062.497.297 (depth 2, 32 lits): UNSAT in 0.02s
    cube 3062.497.298 (depth 2, 32 lits): UNSAT in 0.02s
    cube 3062.497.299 (depth 2, 32 lits): UNSAT in 0.01s
    cube 3062.497.300 (depth 2, 32 lits): UNSAT in 0.02s
    cube 3062.497.301 (depth 2, 31 lits): UNSAT in 0.01s
    cube 3062.497.302 (depth 2, 32 lits): UNSAT in 0.01s
    cube 3062.497.303 (depth 2, 32 lits): UNSAT in 0.01s
    cube 3062.497.304 (depth 2, 32 lits): UNSAT in 0.01s
    cube 3062.497.305 (depth 2, 32 lits): UNSAT in 0.01s
    cube 3062.497.306 (depth 2, 32 lits): UNSAT in 0.02s
    cube 3062.497.307 (depth 2, 32 lits): UNSAT in 0.02s
    cube 3062.497.308 (depth 2, 32 lits): UNSAT in 0.01s
    cube 3062.497.309 (depth 2, 32 lits): UNSAT in 0.01s
    cube 3062.497.310 (depth 2, 31 lits): UNSAT in 0.02s
    cube 3062.497.311 (depth 2, 32 lits): UNSAT in 0.02s
    cube 3062.497.312 (depth 2, 32 lits): UNSAT in 0.03s
    cube 3062.497.313 (depth 2, 32 lits): UNSAT in 0.02s
    cube 3062.497.314 (depth 2, 32 lits): UNSAT in 0.02s
    cube 3062.497.315 (depth 2, 32 lits): UNSAT in 0.02s
    cube 3062.497.316 (depth 2, 32 lits): UNSAT in 0.02s
    cube 3062.497.317 (depth 2, 32 lits): UNSAT in 0.02s
    cube 3062.497.318 (depth 2, 32 lits): UNSAT in 0.05s
    cube 3062.497.319 (depth 2, 32 lits): UNSAT in 0.02s
    cube 3062.497.320 (depth 2, 32 lits): UNSAT in 0.04s
    cube 3062.497.321 (depth 2, 32 lits): UNSAT in 0.07s
    cube 3062.497.322 (depth 2, 32 lits): UNSAT in 0.03s
    cube 3062.497.323 (depth 2, 32 lits): UNSAT in 0.02s
    cube 3062.497.324 (depth 2, 32 lits): UNSAT in 0.02s
    cube 3062.497.325 (depth 2, 32 lits): UNSAT in 0.04s
    cube 3062.497.326 (depth 2, 32 lits): UNSAT in 0.02s
    cube 3062.497.327 (depth 2, 32 lits): UNSAT in 0.02s
    cube 3062.497.328 (depth 2, 32 lits): UNSAT in 0.09s
    cube 3062.497.329 (depth 2, 32 lits): UNSAT in 0.06s
    cube 3062.497.330 (depth 2, 32 lits): UNSAT in 0.16s
    cube 3062.497.331 (depth 2, 31 lits): UNSAT in 0.02s
    cube 3062.497.332 (depth 2, 32 lits): UNSAT in 0.01s
    cube 3062.497.333 (depth 2, 32 lits): UNSAT in 0.03s
    cube 3062.497.334 (depth 2, 32 lits): UNSAT in 0.02s
    cube 3062.497.335 (depth 2, 32 lits): UNSAT in 0.04s
    cube 3062.497.336 (depth 2, 32 lits): UNSAT in 0.02s
    cube 3062.497.337 (depth 2, 32 lits): UNSAT in 0.04s
    cube 3062.497.338 (depth 2, 32 lits): UNSAT in 0.01s
    cube 3062.497.339 (depth 2, 32 lits): UNSAT in 0.02s
    cube 3062.497.340 (depth 2, 32 lits): UNSAT in 0.02s
    cube 3062.497.341 (depth 2, 32 lits): UNSAT in 0.02s
    cube 3062.497.342 (depth 2, 32 lits): UNSAT in 0.02s
    cube 3062.497.343 (depth 2, 32 lits): UNSAT in 0.04s
    cube 3062.497.344 (depth 2, 32 lits): UNSAT in 0.03s
    cube 3062.497.345 (depth 2, 32 lits): UNSAT in 0.04s
    cube 3062.497.346 (depth 2, 32 lits): UNSAT in 0.02s
    cube 3062.497.347 (depth 2, 32 lits): UNSAT in 0.03s
    cube 3062.497.348 (depth 2, 32 lits): UNSAT in 0.02s
    cube 3062.497.349 (depth 2, 32 lits): UNSAT in 0.02s
    cube 3062.497.350 (depth 2, 32 lits): UNSAT in 0.01s
    cube 3062.497.351 (depth 2, 32 lits): UNSAT in 0.03s
    cube 3062.497.352 (depth 2, 32 lits): UNSAT in 0.02s
    cube 3062.497.353 (depth 2, 32 lits): UNSAT in 0.03s
    cube 3062.497.354 (depth 2, 32 lits): UNSAT in 0.03s
    cube 3062.497.355 (depth 2, 32 lits): UNSAT in 0.04s
    cube 3062.497.356 (depth 2, 32 lits): UNSAT in 0.03s
    cube 3062.497.357 (depth 2, 32 lits): UNSAT in 0.07s
    cube 3062.497.358 (depth 2, 32 lits): UNSAT in 0.03s
    cube 3062.497.359 (depth 2, 32 lits): UNSAT in 0.01s
    cube 3062.497.360 (depth 2, 32 lits): UNSAT in 0.04s
    cube 3062.497.361 (depth 2, 32 lits): UNSAT in 0.07s
    cube 3062.497.362 (depth 2, 31 lits): UNSAT in 0.02s
    cube 3062.497.363 (depth 2, 32 lits): UNSAT in 0.02s
    cube 3062.497.364 (depth 2, 32 lits): UNSAT in 0.11s
    cube 3062.497.365 (depth 2, 32 lits): UNSAT in 0.03s
    cube 3062.497.366 (depth 2, 32 lits): UNSAT in 0.07s
    cube 3062.497.367 (depth 2, 32 lits): UNSAT in 0.04s
    cube 3062.497.368 (depth 2, 32 lits): UNSAT in 0.06s
    cube 3062.497.369 (depth 2, 32 lits): UNSAT in 0.02s
    cube 3062.497.370 (depth 2, 32 lits): UNSAT in 0.02s
    cube 3062.497.371 (depth 2, 32 lits): UNSAT in 0.03s
    cube 3062.497.372 (depth 2, 32 lits): UNSAT in 0.07s
    cube 3062.497.373 (depth 2, 32 lits): UNSAT in 0.01s
    cube 3062.497.374 (depth 2, 32 lits): UNSAT in 0.07s
    cube 3062.497.375 (depth 2, 32 lits): UNSAT in 0.06s
    cube 3062.497.376 (depth 2, 32 lits): UNSAT in 0.09s
    cube 3062.497.377 (depth 2, 32 lits): UNSAT in 0.05s
    cube 3062.497.378 (depth 2, 32 lits): UNSAT in 0.13s
    cube 3062.497.379 (depth 2, 32 lits): UNSAT in 0.06s
    cube 3062.497.380 (depth 2, 32 lits): UNSAT in 0.30s
    cube 3062.497.381 (depth 2, 32 lits): UNSAT in 0.05s
    cube 3062.497.382 (depth 2, 32 lits): UNSAT in 0.35s
    cube 3062.497.383 (depth 2, 32 lits): UNSAT in 0.06s
    cube 3062.497.384 (depth 2, 32 lits): UNSAT in 0.11s
    cube 3062.497.385 (depth 2, 32 lits): UNSAT in 0.09s
    cube 3062.497.386 (depth 2, 32 lits): UNSAT in 0.22s
    cube 3062.497.387 (depth 2, 32 lits): UNSAT in 0.36s
    cube 3062.497.388 (depth 2, 32 lits): UNSAT in 0.18s
    cube 3062.497.389 (depth 2, 32 lits): UNSAT in 0.13s
    cube 3062.497.390 (depth 2, 32 lits): UNSAT in 0.26s
    cube 3062.497.391 (depth 2, 32 lits): UNSAT in 0.16s
    cube 3062.497.392 (depth 2, 32 lits): UNSAT in 0.04s
    cube 3062.497.393 (depth 2, 29 lits): UNSAT in 0.01s
    cube 3062.497.394 (depth 2, 30 lits): UNSAT in 0.02s
    cube 3062.497.395 (depth 2, 30 lits): UNSAT in 0.01s
    cube 3062.497.396 (depth 2, 30 lits): UNSAT in 0.02s
    cube 3062.497.397 (depth 2, 31 lits): UNSAT in 0.02s
    cube 3062.497.398 (depth 2, 31 lits): UNSAT in 0.02s
    cube 3062.497.399 (depth 2, 30 lits): UNSAT in 0.02s
    cube 3062.497.400 (depth 2, 30 lits): UNSAT in 0.02s
    cube 3062.497.401 (depth 2, 31 lits): UNSAT in 0.02s
    cube 3062.497.402 (depth 2, 31 lits): UNSAT in 0.02s
    cube 3062.497.403 (depth 2, 32 lits): UNSAT in 0.01s
    cube 3062.497.404 (depth 2, 32 lits): UNSAT in 0.02s
    cube 3062.497.405 (depth 2, 32 lits): UNSAT in 0.01s
    cube 3062.497.406 (depth 2, 32 lits): UNSAT in 0.02s
    cube 3062.497.407 (depth 2, 32 lits): UNSAT in 0.02s
    cube 3062.497.408 (depth 2, 32 lits): UNSAT in 0.02s
    cube 3062.497.409 (depth 2, 32 lits): UNSAT in 0.01s
    cube 3062.497.410 (depth 2, 32 lits): UNSAT in 0.01s
    cube 3062.497.411 (depth 2, 32 lits): UNSAT in 0.02s
    cube 3062.497.412 (depth 2, 32 lits): UNSAT in 0.04s
    cube 3062.497.413 (depth 2, 32 lits): UNSAT in 0.02s
    cube 3062.497.414 (depth 2, 32 lits): UNSAT in 0.03s
    cube 3062.497.415 (depth 2, 31 lits): UNSAT in 0.02s
    cube 3062.497.416 (depth 2, 31 lits): UNSAT in 0.02s
    cube 3062.497.417 (depth 2, 32 lits): UNSAT in 0.01s
    cube 3062.497.418 (depth 2, 32 lits): UNSAT in 0.01s
    cube 3062.497.419 (depth 2, 32 lits): UNSAT in 0.02s
    cube 3062.497.420 (depth 2, 32 lits): UNSAT in 0.03s
    cube 3062.497.421 (depth 2, 32 lits): UNSAT in 0.02s
    cube 3062.497.422 (depth 2, 32 lits): UNSAT in 0.02s
    cube 3062.497.423 (depth 2, 32 lits): UNSAT in 0.02s
    cube 3062.497.424 (depth 2, 32 lits): UNSAT in 0.02s
    cube 3062.497.425 (depth 2, 32 lits): UNSAT in 0.04s
    cube 3062.497.426 (depth 2, 32 lits): UNSAT in 0.03s
    cube 3062.497.427 (depth 2, 32 lits): UNSAT in 0.04s
    cube 3062.497.428 (depth 2, 32 lits): UNSAT in 0.06s
    cube 3062.497.429 (depth 2, 31 lits): UNSAT in 0.01s
    cube 3062.497.430 (depth 2, 31 lits): UNSAT in 0.01s
    cube 3062.497.431 (depth 2, 31 lits): UNSAT in 0.01s
    cube 3062.497.432 (depth 2, 31 lits): UNSAT in 0.01s
    cube 3062.497.433 (depth 2, 32 lits): UNSAT in 0.01s
    cube 3062.497.434 (depth 2, 32 lits): UNSAT in 0.02s
    cube 3062.497.435 (depth 2, 32 lits): UNSAT in 0.02s
    cube 3062.497.436 (depth 2, 32 lits): UNSAT in 0.02s
    cube 3062.497.437 (depth 2, 32 lits): UNSAT in 0.02s
    cube 3062.497.438 (depth 2, 32 lits): UNSAT in 0.02s
    cube 3062.497.439 (depth 2, 32 lits): UNSAT in 0.02s
    cube 3062.497.440 (depth 2, 32 lits): UNSAT in 0.03s
    cube 3062.497.441 (depth 2, 32 lits): UNSAT in 0.02s
    cube 3062.497.442 (depth 2, 32 lits): UNSAT in 0.02s
    cube 3062.497.443 (depth 2, 32 lits): UNSAT in 0.02s
    cube 3062.497.444 (depth 2, 32 lits): UNSAT in 0.04s
    cube 3062.497.445 (depth 2, 32 lits): UNSAT in 0.02s
    cube 3062.497.446 (depth 2, 32 lits): UNSAT in 0.04s
    cube 3062.497.447 (depth 2, 32 lits): UNSAT in 0.07s
    cube 3062.497.448 (depth 2, 32 lits): UNSAT in 0.10s
    cube 3062.497.449 (depth 2, 32 lits): UNSAT in 0.02s
    cube 3062.497.450 (depth 2, 32 lits): UNSAT in 0.03s
    cube 3062.497.451 (depth 2, 32 lits): UNSAT in 0.04s
    cube 3062.497.452 (depth 2, 32 lits): UNSAT in 0.07s
    cube 3062.497.453 (depth 2, 32 lits): UNSAT in 0.02s
    cube 3062.497.454 (depth 2, 32 lits): UNSAT in 0.04s
    cube 3062.497.455 (depth 2, 32 lits): UNSAT in 0.02s
    cube 3062.497.456 (depth 2, 32 lits): UNSAT in 0.08s
    cube 3062.497.457 (depth 2, 32 lits): UNSAT in 0.02s
    cube 3062.497.458 (depth 2, 32 lits): UNSAT in 0.02s
    cube 3062.497.459 (depth 2, 32 lits): UNSAT in 0.02s
    cube 3062.497.460 (depth 2, 32 lits): UNSAT in 0.04s
    cube 3062.497.461 (depth 2, 32 lits): UNSAT in 0.03s
    cube 3062.497.462 (depth 2, 32 lits): UNSAT in 0.08s
    cube 3062.497.463 (depth 2, 32 lits): UNSAT in 0.05s
    cube 3062.497.464 (depth 2, 32 lits): UNSAT in 0.08s
    cube 3062.497.465 (depth 2, 32 lits): UNSAT in 0.02s
    cube 3062.497.466 (depth 2, 32 lits): UNSAT in 0.02s
    cube 3062.497.467 (depth 2, 32 lits): UNSAT in 0.05s
    cube 3062.497.468 (depth 2, 32 lits): UNSAT in 0.07s
    cube 3062.497.469 (depth 2, 32 lits): UNSAT in 0.02s
    cube 3062.497.470 (depth 2, 32 lits): UNSAT in 0.05s
    cube 3062.497.471 (depth 2, 32 lits): UNSAT in 0.18s
    cube 3062.497.472 (depth 2, 32 lits): UNSAT in 0.09s
    cube 3062.497.473 (depth 2, 32 lits): UNSAT in 0.02s
    cube 3062.497.474 (depth 2, 32 lits): UNSAT in 0.02s
    cube 3062.497.475 (depth 2, 32 lits): UNSAT in 0.02s
    cube 3062.497.476 (depth 2, 32 lits): UNSAT in 0.05s
    cube 3062.497.477 (depth 2, 32 lits): UNSAT in 0.06s
    cube 3062.497.478 (depth 2, 32 lits): UNSAT in 0.12s
    cube 3062.497.479 (depth 2, 32 lits): UNSAT in 0.11s
    cube 3062.497.480 (depth 2, 32 lits): UNSAT in 0.19s
    cube 3062.497.481 (depth 2, 32 lits): UNSAT in 0.05s
    cube 3062.497.482 (depth 2, 32 lits): UNSAT in 0.13s
    cube 3062.497.483 (depth 2, 32 lits): UNSAT in 0.13s
    cube 3062.497.484 (depth 2, 32 lits): UNSAT in 0.25s
    cube 3062.497.485 (depth 2, 32 lits): UNSAT in 0.03s
    cube 3062.497.486 (depth 2, 32 lits): UNSAT in 0.05s
    cube 3062.497.487 (depth 2, 32 lits): UNSAT in 0.14s
    cube 3062.497.488 (depth 2, 32 lits): UNSAT in 0.18s
    cube 3062.497.489 (depth 2, 31 lits): UNSAT in 0.01s
    cube 3062.497.490 (depth 2, 32 lits): UNSAT in 0.02s
    cube 3062.497.491 (depth 2, 32 lits): UNSAT in 0.02s
    cube 3062.497.492 (depth 2, 32 lits): UNSAT in 0.02s
    cube 3062.497.493 (depth 2, 32 lits): UNSAT in 0.02s
    cube 3062.497.494 (depth 2, 32 lits): UNSAT in 0.02s
    cube 3062.497.495 (depth 2, 32 lits): UNSAT in 0.04s
    cube 3062.497.496 (depth 2, 31 lits): UNSAT in 0.02s
    cube 3062.497.497 (depth 2, 31 lits): UNSAT in 0.02s
    cube 3062.497.498 (depth 2, 32 lits): UNSAT in 0.02s
    cube 3062.497.499 (depth 2, 32 lits): UNSAT in 0.03s
    cube 3062.497.500 (depth 2, 32 lits): UNSAT in 0.03s
    cube 3062.497.501 (depth 2, 32 lits): UNSAT in 0.03s
    cube 3062.497.502 (depth 2, 32 lits): UNSAT in 0.01s
    cube 3062.497.503 (depth 2, 32 lits): UNSAT in 0.02s
    cube 3062.497.504 (depth 2, 32 lits): UNSAT in 0.02s
    cube 3062.497.505 (depth 2, 32 lits): UNSAT in 0.03s
    cube 3062.497.506 (depth 2, 31 lits): UNSAT in 0.02s
    cube 3062.497.507 (depth 2, 32 lits): UNSAT in 0.02s
    cube 3062.497.508 (depth 2, 32 lits): UNSAT in 0.03s
    cube 3062.497.509 (depth 2, 32 lits): UNSAT in 0.02s
    cube 3062.497.510 (depth 2, 32 lits): UNSAT in 0.08s
    cube 3062.497.511 (depth 2, 32 lits): UNSAT in 0.02s
    cube 3062.497.512 (depth 2, 32 lits): UNSAT in 0.08s
    cube 3062.497.513 (depth 2, 32 lits): UNSAT in 0.11s
    cube 3062.497.514 (depth 2, 32 lits): UNSAT in 0.16s
    cube 3062.497.515 (depth 2, 32 lits): UNSAT in 0.21s
    cube 3062.497.516 (depth 2, 32 lits): UNSAT in 0.26s
    cube 3062.497.517 (depth 2, 29 lits): UNSAT in 0.02s
    cube 3062.497.518 (depth 2, 31 lits): UNSAT in 0.01s
    cube 3062.497.519 (depth 2, 32 lits): UNSAT in 0.01s
    cube 3062.497.520 (depth 2, 32 lits): UNSAT in 0.03s
    cube 3062.497.521 (depth 2, 32 lits): UNSAT in 0.01s
    cube 3062.497.522 (depth 2, 32 lits): UNSAT in 0.02s
    cube 3062.497.523 (depth 2, 32 lits): UNSAT in 0.03s
    cube 3062.497.524 (depth 2, 32 lits): UNSAT in 0.03s
    cube 3062.497.525 (depth 2, 31 lits): UNSAT in 0.02s
    cube 3062.497.526 (depth 2, 32 lits): UNSAT in 0.02s
    cube 3062.497.527 (depth 2, 32 lits): UNSAT in 0.02s
    cube 3062.497.528 (depth 2, 32 lits): UNSAT in 0.02s
    cube 3062.497.529 (depth 2, 32 lits): UNSAT in 0.08s
    cube 3062.497.530 (depth 2, 32 lits): UNSAT in 0.06s
    cube 3062.497.531 (depth 2, 32 lits): UNSAT in 0.07s
    cube 3062.497.532 (depth 2, 32 lits): UNSAT in 0.02s
    cube 3062.497.533 (depth 2, 32 lits): UNSAT in 0.03s
    cube 3062.497.534 (depth 2, 32 lits): UNSAT in 0.06s
    cube 3062.497.535 (depth 2, 32 lits): UNSAT in 0.12s
    cube 3062.497.536 (depth 2, 32 lits): UNSAT in 0.08s
    cube 3062.497.537 (depth 2, 32 lits): UNSAT in 0.23s
    cube 3062.497.538 (depth 2, 32 lits): UNSAT in 0.06s
    cube 3062.497.539 (depth 2, 32 lits): UNSAT in 0.41s
    cube 3062.497.540 (depth 2, 31 lits): UNSAT in 0.01s
    cube 3062.497.541 (depth 2, 32 lits): UNSAT in 0.02s
    cube 3062.497.542 (depth 2, 32 lits): UNSAT in 0.03s
    cube 3062.497.543 (depth 2, 32 lits): UNSAT in 0.02s
    cube 3062.497.544 (depth 2, 32 lits): UNSAT in 0.04s
    cube 3062.497.545 (depth 2, 32 lits): UNSAT in 0.01s
    cube 3062.497.546 (depth 2, 32 lits): UNSAT in 0.02s
    cube 3062.497.547 (depth 2, 31 lits): UNSAT in 0.01s
    cube 3062.497.548 (depth 2, 32 lits): UNSAT in 0.02s
    cube 3062.497.549 (depth 2, 32 lits): UNSAT in 0.04s
    cube 3062.497.550 (depth 2, 32 lits): UNSAT in 0.02s
    cube 3062.497.551 (depth 2, 32 lits): UNSAT in 0.05s
    cube 3062.497.552 (depth 2, 32 lits): UNSAT in 0.03s
    cube 3062.497.553 (depth 2, 32 lits): UNSAT in 0.03s
    cube 3062.497.554 (depth 2, 30 lits): UNSAT in 0.01s
    cube 3062.497.555 (depth 2, 31 lits): UNSAT in 0.01s
    cube 3062.497.556 (depth 2, 31 lits): UNSAT in 0.01s
    cube 3062.497.557 (depth 2, 32 lits): UNSAT in 0.02s
    cube 3062.497.558 (depth 2, 32 lits): UNSAT in 0.02s
    cube 3062.497.559 (depth 2, 32 lits): UNSAT in 0.06s
    cube 3062.497.560 (depth 2, 32 lits): UNSAT in 0.04s
    cube 3062.497.561 (depth 2, 32 lits): UNSAT in 0.09s
    cube 3062.497.562 (depth 2, 32 lits): UNSAT in 0.06s
    cube 3062.497.563 (depth 2, 32 lits): UNSAT in 0.07s
    cube 3062.497.564 (depth 2, 32 lits): UNSAT in 0.19s
    cube 3062.497.565 (depth 2, 32 lits): UNSAT in 0.02s
    cube 3062.497.566 (depth 2, 32 lits): UNSAT in 0.03s
    cube 3062.497.567 (depth 2, 32 lits): UNSAT in 0.02s
    cube 3062.497.568 (depth 2, 32 lits): UNSAT in 0.04s
    cube 3062.497.569 (depth 2, 32 lits): UNSAT in 0.02s
    cube 3062.497.570 (depth 2, 32 lits): UNSAT in 0.04s
    cube 3062.497.571 (depth 2, 32 lits): UNSAT in 0.06s
    cube 3062.497.572 (depth 2, 32 lits): UNSAT in 0.08s
    cube 3062.497.573 (depth 2, 32 lits): UNSAT in 0.01s
    cube 3062.497.574 (depth 2, 32 lits): UNSAT in 0.01s
    cube 3062.497.575 (depth 2, 31 lits): UNSAT in 0.02s
    cube 3062.497.576 (depth 2, 32 lits): UNSAT in 0.03s
    cube 3062.497.577 (depth 2, 32 lits): UNSAT in 0.06s
    cube 3062.497.578 (depth 2, 32 lits): UNSAT in 0.06s
    cube 3062.497.579 (depth 2, 32 lits): UNSAT in 0.05s
    cube 3062.497.580 (depth 2, 32 lits): UNSAT in 0.05s
    cube 3062.497.581 (depth 2, 32 lits): UNSAT in 0.15s
    cube 3062.497.582 (depth 2, 32 lits): UNSAT in 0.21s
    cube 3062.497.583 (depth 2, 32 lits): UNSAT in 0.56s
    cube 3062.497.584 (depth 2, 32 lits): UNSAT in 0.06s
    cube 3062.497.585 (depth 2, 32 lits): UNSAT in 0.27s
    cube 3062.497.586 (depth 2, 32 lits): UNSAT in 0.32s
    cube 3062.497.587 (depth 2, 32 lits): UNSAT in 0.62s
    cube 3062.497.588 (depth 2, 32 lits): UNSAT in 0.08s
    cube 3062.497.589 (depth 2, 32 lits): UNSAT in 0.21s
    cube 3062.497.590 (depth 2, 32 lits): UNSAT in 0.21s
    cube 3062.497.591 (depth 2, 32 lits): UNSAT in 0.25s
    cube 3062.497.592 (depth 2, 32 lits): UNSAT in 0.23s
    cube 3062.497.593 (depth 2, 32 lits): UNSAT in 0.59s
    cube 3062.497.594 (depth 2, 32 lits): UNSAT in 2.14s
    cube 3062.497.595 (depth 2, 32 lits): UNSAT in 2.28s
    cube 3062.497.596 (depth 2, 31 lits): UNSAT in 0.01s
    cube 3062.497.597 (depth 2, 31 lits): UNSAT in 0.02s
    cube 3062.497.598 (depth 2, 30 lits): UNSAT in 0.02s
    cube 3062.497.599 (depth 2, 29 lits): UNSAT in 0.02s
    cube 3062.497.600 (depth 2, 31 lits): UNSAT in 0.01s
    cube 3062.497.601 (depth 2, 31 lits): UNSAT in 0.01s
    cube 3062.497.602 (depth 2, 30 lits): UNSAT in 0.02s
    cube 3062.497.603 (depth 2, 32 lits): UNSAT in 0.02s
    cube 3062.497.604 (depth 2, 32 lits): UNSAT in 0.02s
    cube 3062.497.605 (depth 2, 32 lits): UNSAT in 0.02s
    cube 3062.497.606 (depth 2, 32 lits): UNSAT in 0.01s
    cube 3062.497.607 (depth 2, 32 lits): UNSAT in 0.02s
    cube 3062.497.608 (depth 2, 32 lits): UNSAT in 0.02s
    cube 3062.497.609 (depth 2, 31 lits): UNSAT in 0.02s
    cube 3062.497.610 (depth 2, 31 lits): UNSAT in 0.01s
    cube 3062.497.611 (depth 2, 32 lits): UNSAT in 0.01s
    cube 3062.497.612 (depth 2, 32 lits): UNSAT in 0.02s
    cube 3062.497.613 (depth 2, 32 lits): UNSAT in 0.02s
    cube 3062.497.614 (depth 2, 32 lits): UNSAT in 0.02s
    cube 3062.497.615 (depth 2, 32 lits): UNSAT in 0.02s
    cube 3062.497.616 (depth 2, 32 lits): UNSAT in 0.03s
    cube 3062.497.617 (depth 2, 32 lits): UNSAT in 0.02s
    cube 3062.497.618 (depth 2, 32 lits): UNSAT in 0.02s
    cube 3062.497.619 (depth 2, 32 lits): UNSAT in 0.02s
    cube 3062.497.620 (depth 2, 32 lits): UNSAT in 0.02s
    cube 3062.497.621 (depth 2, 32 lits): UNSAT in 0.02s
    cube 3062.497.622 (depth 2, 32 lits): UNSAT in 0.04s
    cube 3062.497.623 (depth 2, 32 lits): UNSAT in 0.03s
    cube 3062.497.624 (depth 2, 32 lits): UNSAT in 0.09s
    cube 3062.497.625 (depth 2, 32 lits): UNSAT in 0.02s
    cube 3062.497.626 (depth 2, 32 lits): UNSAT in 0.02s
    cube 3062.497.627 (depth 2, 32 lits): UNSAT in 0.04s
    cube 3062.497.628 (depth 2, 32 lits): UNSAT in 0.06s
    cube 3062.497.629 (depth 2, 32 lits): UNSAT in 0.03s
    cube 3062.497.630 (depth 2, 32 lits): UNSAT in 0.06s
    cube 3062.497.631 (depth 2, 32 lits): UNSAT in 0.06s
    cube 3062.497.632 (depth 2, 32 lits): UNSAT in 0.05s
    cube 3062.497.633 (depth 2, 32 lits): UNSAT in 0.02s
    cube 3062.497.634 (depth 2, 32 lits): UNSAT in 0.05s
    cube 3062.497.635 (depth 2, 32 lits): UNSAT in 0.10s
    cube 3062.497.636 (depth 2, 32 lits): UNSAT in 0.09s
    cube 3062.497.637 (depth 2, 32 lits): UNSAT in 0.05s
    cube 3062.497.638 (depth 2, 32 lits): UNSAT in 0.36s
    cube 3062.497.639 (depth 2, 32 lits): UNSAT in 0.19s
    cube 3062.497.640 (depth 2, 32 lits): UNSAT in 0.09s
    cube 3062.497.641 (depth 2, 31 lits): UNSAT in 0.01s
    cube 3062.497.642 (depth 2, 32 lits): UNSAT in 0.02s
    cube 3062.497.643 (depth 2, 32 lits): UNSAT in 0.02s
    cube 3062.497.644 (depth 2, 32 lits): UNSAT in 0.04s
    cube 3062.497.645 (depth 2, 32 lits): UNSAT in 0.09s
    cube 3062.497.646 (depth 2, 32 lits): UNSAT in 0.09s
    cube 3062.497.647 (depth 2, 32 lits): UNSAT in 0.17s
    cube 3062.497.648 (depth 2, 32 lits): UNSAT in 0.02s
    cube 3062.497.649 (depth 2, 32 lits): UNSAT in 0.09s
    cube 3062.497.650 (depth 2, 32 lits): UNSAT in 0.04s
    cube 3062.497.651 (depth 2, 32 lits): UNSAT in 0.19s
    cube 3062.497.652 (depth 2, 32 lits): UNSAT in 0.12s
    cube 3062.497.653 (depth 2, 32 lits): UNSAT in 0.13s
    cube 3062.497.654 (depth 2, 32 lits): UNSAT in 0.20s
    cube 3062.497.655 (depth 2, 32 lits): UNSAT in 2.57s
    cube 3062.497.656 (depth 2, 32 lits): UNSAT in 0.02s
    cube 3062.497.657 (depth 2, 32 lits): UNSAT in 0.07s
    cube 3062.497.658 (depth 2, 32 lits): UNSAT in 0.05s
    cube 3062.497.659 (depth 2, 32 lits): UNSAT in 0.06s
    cube 3062.497.660 (depth 2, 32 lits): UNSAT in 0.16s
    cube 3062.497.661 (depth 2, 32 lits): UNSAT in 0.26s
    cube 3062.497.662 (depth 2, 32 lits): UNSAT in 0.40s
    cube 3062.497.663 (depth 2, 32 lits): UNSAT in 0.64s
    cube 3062.497.664 (depth 2, 32 lits): UNSAT in 0.01s
    cube 3062.497.665 (depth 2, 32 lits): UNSAT in 0.04s
    cube 3062.497.666 (depth 2, 32 lits): UNSAT in 0.07s
    cube 3062.497.667 (depth 2, 32 lits): UNSAT in 0.19s
    cube 3062.497.668 (depth 2, 32 lits): UNSAT in 0.04s
    cube 3062.497.669 (depth 2, 32 lits): UNSAT in 0.54s
    cube 3062.497.670 (depth 2, 32 lits): UNSAT in 0.73s
    cube 3062.497.671 (depth 2, 32 lits): UNSAT in 2.70s
    cube 3062.497.672 (depth 2, 32 lits): UNSAT in 0.01s
    cube 3062.497.673 (depth 2, 32 lits): UNSAT in 0.02s
    cube 3062.497.674 (depth 2, 32 lits): UNSAT in 0.02s
    cube 3062.497.675 (depth 2, 32 lits): UNSAT in 0.02s
    cube 3062.497.676 (depth 2, 32 lits): UNSAT in 0.04s
    cube 3062.497.677 (depth 2, 32 lits): UNSAT in 0.06s
    cube 3062.497.678 (depth 2, 32 lits): UNSAT in 0.03s
    cube 3062.497.679 (depth 2, 32 lits): UNSAT in 0.08s
    cube 3062.497.680 (depth 2, 32 lits): UNSAT in 0.03s
    cube 3062.497.681 (depth 2, 32 lits): UNSAT in 0.09s
    cube 3062.497.682 (depth 2, 32 lits): UNSAT in 0.08s
    cube 3062.497.683 (depth 2, 32 lits): UNSAT in 0.14s
    cube 3062.497.684 (depth 2, 32 lits): UNSAT in 0.08s
    cube 3062.497.685 (depth 2, 32 lits): UNSAT in 0.15s
    cube 3062.497.686 (depth 2, 32 lits): UNSAT in 0.17s
    cube 3062.497.687 (depth 2, 32 lits): UNSAT in 0.93s
    cube 3062.497.688 (depth 2, 32 lits): UNSAT in 0.03s
    cube 3062.497.689 (depth 2, 32 lits): UNSAT in 0.03s
    cube 3062.497.690 (depth 2, 32 lits): UNSAT in 0.07s
    cube 3062.497.691 (depth 2, 32 lits): UNSAT in 0.19s
    cube 3062.497.692 (depth 2, 32 lits): UNSAT in 0.16s
    cube 3062.497.693 (depth 2, 32 lits): UNSAT in 0.19s
    cube 3062.497.694 (depth 2, 32 lits): UNSAT in 0.10s
    cube 3062.497.695 (depth 2, 32 lits): UNSAT in 0.79s
    cube 3062.497.696 (depth 2, 32 lits): UNSAT in 0.09s
    cube 3062.497.697 (depth 2, 32 lits): UNSAT in 0.23s
    cube 3062.497.698 (depth 2, 32 lits): UNSAT in 0.24s
    cube 3062.497.699 (depth 2, 32 lits): UNSAT in 1.82s
    cube 3062.497.700 (depth 2, 32 lits): UNSAT in 0.11s
    cube 3062.497.701 (depth 2, 32 lits): UNSAT in 0.34s
    cube 3062.497.702 (depth 2, 32 lits): UNSAT in 1.05s
    cube 3062.497.703 (depth 2, 32 lits): UNSAT in 6.13s
    cube 3062.497.704 (depth 2, 30 lits): UNSAT in 0.02s
    cube 3062.497.705 (depth 2, 32 lits): UNSAT in 0.01s
    cube 3062.497.706 (depth 2, 32 lits): UNSAT in 0.02s
    cube 3062.497.707 (depth 2, 32 lits): UNSAT in 0.02s
    cube 3062.497.708 (depth 2, 32 lits): UNSAT in 0.02s
    cube 3062.497.709 (depth 2, 32 lits): UNSAT in 0.01s
    cube 3062.497.710 (depth 2, 32 lits): UNSAT in 0.02s
    cube 3062.497.711 (depth 2, 31 lits): UNSAT in 0.02s
    cube 3062.497.712 (depth 2, 32 lits): UNSAT in 0.02s
    cube 3062.497.713 (depth 2, 32 lits): UNSAT in 0.06s
    cube 3062.497.714 (depth 2, 32 lits): UNSAT in 0.06s
    cube 3062.497.715 (depth 2, 32 lits): UNSAT in 0.05s
    cube 3062.497.716 (depth 2, 32 lits): UNSAT in 0.02s
    cube 3062.497.717 (depth 2, 32 lits): UNSAT in 0.06s
    cube 3062.497.718 (depth 2, 32 lits): UNSAT in 0.05s
    cube 3062.497.719 (depth 2, 32 lits): UNSAT in 0.05s
    cube 3062.497.720 (depth 2, 32 lits): UNSAT in 0.04s
    cube 3062.497.721 (depth 2, 32 lits): UNSAT in 0.13s
    cube 3062.497.722 (depth 2, 32 lits): UNSAT in 0.05s
    cube 3062.497.723 (depth 2, 32 lits): UNSAT in 0.16s
    cube 3062.497.724 (depth 2, 32 lits): UNSAT in 0.02s
    cube 3062.497.725 (depth 2, 32 lits): UNSAT in 0.02s
    cube 3062.497.726 (depth 2, 32 lits): UNSAT in 0.02s
    cube 3062.497.727 (depth 2, 32 lits): UNSAT in 0.03s
    cube 3062.497.728 (depth 2, 32 lits): UNSAT in 0.03s
    cube 3062.497.729 (depth 2, 32 lits): UNSAT in 0.10s
    cube 3062.497.730 (depth 2, 32 lits): UNSAT in 0.06s
    cube 3062.497.731 (depth 2, 32 lits): UNSAT in 0.20s
    cube 3062.497.732 (depth 2, 32 lits): UNSAT in 0.02s
    cube 3062.497.733 (depth 2, 32 lits): UNSAT in 0.02s
    cube 3062.497.734 (depth 2, 32 lits): UNSAT in 0.02s
    cube 3062.497.735 (depth 2, 32 lits): UNSAT in 0.04s
    cube 3062.497.736 (depth 2, 32 lits): UNSAT in 0.02s
    cube 3062.497.737 (depth 2, 32 lits): UNSAT in 0.04s
    cube 3062.497.738 (depth 2, 32 lits): UNSAT in 0.08s
    cube 3062.497.739 (depth 2, 32 lits): UNSAT in 0.15s
    cube 3062.497.740 (depth 2, 32 lits): UNSAT in 0.07s
    cube 3062.497.741 (depth 2, 32 lits): UNSAT in 0.07s
    cube 3062.497.742 (depth 2, 32 lits): UNSAT in 0.08s
    cube 3062.497.743 (depth 2, 32 lits): UNSAT in 0.29s
    cube 3062.497.744 (depth 2, 32 lits): UNSAT in 0.07s
    cube 3062.497.745 (depth 2, 32 lits): UNSAT in 0.14s
    cube 3062.497.746 (depth 2, 32 lits): UNSAT in 0.10s
    cube 3062.497.747 (depth 2, 32 lits): UNSAT in 1.22s
    cube 3062.497.748 (depth 2, 32 lits): UNSAT in 0.03s
    cube 3062.497.749 (depth 2, 32 lits): UNSAT in 0.07s
    cube 3062.497.750 (depth 2, 32 lits): UNSAT in 0.18s
    cube 3062.497.751 (depth 2, 32 lits): UNSAT in 0.40s
    cube 3062.497.752 (depth 2, 32 lits): UNSAT in 0.12s
    cube 3062.497.753 (depth 2, 32 lits): UNSAT in 0.43s
    cube 3062.497.754 (depth 2, 32 lits): UNSAT in 0.27s
    cube 3062.497.755 (depth 2, 32 lits): UNSAT in 0.92s
    cube 3062.497.756 (depth 2, 32 lits): UNSAT in 0.18s
    cube 3062.497.757 (depth 2, 32 lits): UNSAT in 0.48s
    cube 3062.497.758 (depth 2, 32 lits): UNSAT in 0.59s
    cube 3062.497.759 (depth 2, 32 lits): UNSAT in 2.87s
    cube 3062.497.760 (depth 2, 32 lits): UNSAT in 1.26s
    cube 3062.497.761 (depth 2, 32 lits): UNSAT in 5.83s
    cube 3062.497.762 (depth 2, 32 lits): UNSAT in 6.18s
    cube 3062.497.763 (depth 2, 32 lits): UNSAT in 22.78s
    cube 3062.497.764 (depth 2, 32 lits): UNSAT in 0.03s
    cube 3062.497.765 (depth 2, 32 lits): UNSAT in 0.02s
    cube 3062.497.766 (depth 2, 32 lits): UNSAT in 0.04s
    cube 3062.497.767 (depth 2, 32 lits): UNSAT in 0.02s
    cube 3062.497.768 (depth 2, 32 lits): UNSAT in 0.03s
    cube 3062.497.769 (depth 2, 32 lits): UNSAT in 0.14s
    cube 3062.497.770 (depth 2, 32 lits): UNSAT in 0.15s
    cube 3062.497.771 (depth 2, 32 lits): UNSAT in 0.34s
    cube 3062.497.772 (depth 2, 32 lits): UNSAT in 0.10s
    cube 3062.497.773 (depth 2, 32 lits): UNSAT in 0.62s
    cube 3062.497.774 (depth 2, 32 lits): UNSAT in 0.43s
    cube 3062.497.775 (depth 2, 32 lits): UNSAT in 0.88s
    cube 3062.497.776 (depth 2, 32 lits): UNSAT in 0.19s
    cube 3062.497.777 (depth 2, 32 lits): UNSAT in 0.79s
    cube 3062.497.778 (depth 2, 32 lits): UNSAT in 2.61s
    cube 3062.497.779 (depth 2, 32 lits): UNSAT in 20.43s
    cube 3062.497.780 (depth 2, 32 lits): UNSAT in 0.04s
    cube 3062.497.781 (depth 2, 32 lits): UNSAT in 0.29s
    cube 3062.497.782 (depth 2, 32 lits): UNSAT in 0.18s
    cube 3062.497.783 (depth 2, 32 lits): UNSAT in 0.48s
    cube 3062.497.784 (depth 2, 32 lits): UNSAT in 0.31s
    cube 3062.497.785 (depth 2, 32 lits): UNSAT in 1.96s
    cube 3062.497.786 (depth 2, 32 lits): UNSAT in 0.63s
    cube 3062.497.787 (depth 2, 32 lits): UNSAT in 4.02s
    cube 3062.497.788 (depth 2, 32 lits): UNSAT in 0.30s
    cube 3062.497.789 (depth 2, 32 lits): UNSAT in 0.36s
    cube 3062.497.790 (depth 2, 32 lits): UNSAT in 0.59s
    cube 3062.497.791 (depth 2, 32 lits): UNSAT in 2.85s
    cube 3062.497.792 (depth 2, 32 lits): UNSAT in 0.09s
    cube 3062.497.793 (depth 2, 32 lits): UNSAT in 0.74s
    cube 3062.497.794 (depth 2, 32 lits): UNSAT in 1.15s
    cube 3062.497.795 (depth 2, 32 lits): UNSAT in 6.22s
    cube 3062.497.796 (depth 2, 32 lits): UNSAT in 0.03s
    cube 3062.497.797 (depth 2, 32 lits): UNSAT in 0.10s
    cube 3062.497.798 (depth 2, 32 lits): UNSAT in 0.04s
    cube 3062.497.799 (depth 2, 32 lits): UNSAT in 0.16s
    cube 3062.497.800 (depth 2, 32 lits): UNSAT in 0.11s
    cube 3062.497.801 (depth 2, 32 lits): UNSAT in 0.18s
    cube 3062.497.802 (depth 2, 32 lits): UNSAT in 0.17s
    cube 3062.497.803 (depth 2, 32 lits): UNSAT in 0.83s
    cube 3062.497.804 (depth 2, 32 lits): UNSAT in 0.06s
    cube 3062.497.805 (depth 2, 32 lits): UNSAT in 0.17s
    cube 3062.497.806 (depth 2, 32 lits): UNSAT in 0.14s
    cube 3062.497.807 (depth 2, 32 lits): UNSAT in 1.91s
    cube 3062.497.808 (depth 2, 32 lits): UNSAT in 1.23s
    cube 3062.497.809 (depth 2, 32 lits): UNSAT in 0.66s
    cube 3062.497.810 (depth 2, 32 lits): UNSAT in 1.04s
    cube 3062.497.811 (depth 2, 32 lits): UNSAT in 9.99s
    cube 3062.497.812 (depth 2, 32 lits): UNSAT in 0.14s
    cube 3062.497.813 (depth 2, 32 lits): UNSAT in 0.34s
    cube 3062.497.814 (depth 2, 32 lits): UNSAT in 0.37s
    cube 3062.497.815 (depth 2, 32 lits): UNSAT in 1.07s
    cube 3062.497.816 (depth 2, 32 lits): UNSAT in 0.47s
    cube 3062.497.817 (depth 2, 32 lits): UNSAT in 1.07s
    cube 3062.497.818 (depth 2, 32 lits): UNSAT in 1.07s
    cube 3062.497.819 (depth 2, 32 lits): UNSAT in 10.40s
    cube 3062.497.820 (depth 2, 32 lits): UNSAT in 0.60s
    cube 3062.497.821 (depth 2, 32 lits): UNSAT in 1.38s
    cube 3062.497.822 (depth 2, 32 lits): UNSAT in 0.23s
    cube 3062.497.823 (depth 2, 32 lits): UNSAT in 1.74s
    cube 3062.497.824 (depth 2, 32 lits): UNSAT in 0.42s
    cube 3062.497.825 (depth 2, 32 lits): UNSAT in 3.51s
    cube 3062.497.826 (depth 2, 32 lits): UNSAT in 1.02s
    cube 3062.497.827 (depth 2, 32 lits): UNSAT in 17.35s
    cube 3062.498 (depth 1, 22 lits): UNSAT in 65.87s
    cube 3062.499 (depth 1, 22 lits): TIMEOUT in 1200.07s
    cube 3062.499 TIMEOUT -> re-split into 828 sub-cubes (depth 2)
    cube 3062.499.0 (depth 2, 28 lits): UNSAT in 0.02s
    cube 3062.499.1 (depth 2, 28 lits): UNSAT in 0.02s
    cube 3062.499.2 (depth 2, 29 lits): UNSAT in 0.01s
    cube 3062.499.3 (depth 2, 30 lits): UNSAT in 0.01s
    cube 3062.499.4 (depth 2, 30 lits): UNSAT in 0.02s
    cube 3062.499.5 (depth 2, 29 lits): UNSAT in 0.01s
    cube 3062.499.6 (depth 2, 30 lits): UNSAT in 0.02s
    cube 3062.499.7 (depth 2, 31 lits): UNSAT in 0.01s
    cube 3062.499.8 (depth 2, 31 lits): UNSAT in 0.02s
    cube 3062.499.9 (depth 2, 28 lits): UNSAT in 0.02s
    cube 3062.499.10 (depth 2, 30 lits): UNSAT in 0.01s
    cube 3062.499.11 (depth 2, 30 lits): UNSAT in 0.02s
    cube 3062.499.12 (depth 2, 32 lits): UNSAT in 0.01s
    cube 3062.499.13 (depth 2, 32 lits): UNSAT in 0.01s
    cube 3062.499.14 (depth 2, 31 lits): UNSAT in 0.01s
    cube 3062.499.15 (depth 2, 32 lits): UNSAT in 0.01s
    cube 3062.499.16 (depth 2, 32 lits): UNSAT in 0.01s
    cube 3062.499.17 (depth 2, 32 lits): UNSAT in 0.01s
    cube 3062.499.18 (depth 2, 32 lits): UNSAT in 0.01s
    cube 3062.499.19 (depth 2, 30 lits): UNSAT in 0.01s
    cube 3062.499.20 (depth 2, 32 lits): UNSAT in 0.01s
    cube 3062.499.21 (depth 2, 32 lits): UNSAT in 0.01s
    cube 3062.499.22 (depth 2, 32 lits): UNSAT in 0.01s
    cube 3062.499.23 (depth 2, 32 lits): UNSAT in 0.01s
    cube 3062.499.24 (depth 2, 31 lits): UNSAT in 0.01s
    cube 3062.499.25 (depth 2, 31 lits): UNSAT in 0.01s
    cube 3062.499.26 (depth 2, 30 lits): UNSAT in 0.02s
    cube 3062.499.27 (depth 2, 31 lits): UNSAT in 0.02s
    cube 3062.499.28 (depth 2, 32 lits): UNSAT in 0.01s
    cube 3062.499.29 (depth 2, 32 lits): UNSAT in 0.01s
    cube 3062.499.30 (depth 2, 30 lits): UNSAT in 0.02s
    cube 3062.499.31 (depth 2, 32 lits): UNSAT in 0.01s
    cube 3062.499.32 (depth 2, 32 lits): UNSAT in 0.02s
    cube 3062.499.33 (depth 2, 31 lits): UNSAT in 0.01s
    cube 3062.499.34 (depth 2, 30 lits): UNSAT in 0.01s
    cube 3062.499.35 (depth 2, 30 lits): UNSAT in 0.01s
    cube 3062.499.36 (depth 2, 31 lits): UNSAT in 0.01s
    cube 3062.499.37 (depth 2, 32 lits): UNSAT in 0.01s
    cube 3062.499.38 (depth 2, 32 lits): UNSAT in 0.01s
    cube 3062.499.39 (depth 2, 30 lits): UNSAT in 0.02s
    cube 3062.499.40 (depth 2, 30 lits): UNSAT in 0.02s
    cube 3062.499.41 (depth 2, 30 lits): UNSAT in 0.02s
    cube 3062.499.42 (depth 2, 31 lits): UNSAT in 0.02s
    cube 3062.499.43 (depth 2, 32 lits): UNSAT in 0.01s
    cube 3062.499.44 (depth 2, 32 lits): UNSAT in 0.02s
    cube 3062.499.45 (depth 2, 32 lits): UNSAT in 0.02s
    cube 3062.499.46 (depth 2, 32 lits): UNSAT in 0.01s
    cube 3062.499.47 (depth 2, 32 lits): UNSAT in 0.01s
    cube 3062.499.48 (depth 2, 32 lits): UNSAT in 0.02s
    cube 3062.499.49 (depth 2, 30 lits): UNSAT in 0.01s
    cube 3062.499.50 (depth 2, 32 lits): UNSAT in 0.01s
    cube 3062.499.51 (depth 2, 32 lits): UNSAT in 0.01s
    cube 3062.499.52 (depth 2, 31 lits): UNSAT in 0.02s
    cube 3062.499.53 (depth 2, 32 lits): UNSAT in 0.01s
    cube 3062.499.54 (depth 2, 32 lits): UNSAT in 0.02s
    cube 3062.499.55 (depth 2, 32 lits): UNSAT in 0.02s
    cube 3062.499.56 (depth 2, 32 lits): UNSAT in 0.03s
    cube 3062.499.57 (depth 2, 31 lits): UNSAT in 0.02s
    cube 3062.499.58 (depth 2, 32 lits): UNSAT in 0.02s
    cube 3062.499.59 (depth 2, 32 lits): UNSAT in 0.02s
    cube 3062.499.60 (depth 2, 32 lits): UNSAT in 0.02s
    cube 3062.499.61 (depth 2, 32 lits): UNSAT in 0.02s
    cube 3062.499.62 (depth 2, 32 lits): UNSAT in 0.02s
    cube 3062.499.63 (depth 2, 32 lits): UNSAT in 0.03s
    cube 3062.499.64 (depth 2, 31 lits): UNSAT in 0.01s
    cube 3062.499.65 (depth 2, 31 lits): UNSAT in 0.01s
    cube 3062.499.66 (depth 2, 32 lits): UNSAT in 0.01s
    cube 3062.499.67 (depth 2, 32 lits): UNSAT in 0.01s
    cube 3062.499.68 (depth 2, 32 lits): UNSAT in 0.02s
    cube 3062.499.69 (depth 2, 32 lits): UNSAT in 0.02s
    cube 3062.499.70 (depth 2, 32 lits): UNSAT in 0.01s
    cube 3062.499.71 (depth 2, 32 lits): UNSAT in 0.02s
    cube 3062.499.72 (depth 2, 32 lits): UNSAT in 0.02s
    cube 3062.499.73 (depth 2, 32 lits): UNSAT in 0.02s
    cube 3062.499.74 (depth 2, 32 lits): UNSAT in 0.02s
    cube 3062.499.75 (depth 2, 32 lits): UNSAT in 0.04s
    cube 3062.499.76 (depth 2, 32 lits): UNSAT in 0.03s
    cube 3062.499.77 (depth 2, 32 lits): UNSAT in 0.04s
    cube 3062.499.78 (depth 2, 31 lits): UNSAT in 0.01s
    cube 3062.499.79 (depth 2, 31 lits): UNSAT in 0.02s
    cube 3062.499.80 (depth 2, 31 lits): UNSAT in 0.01s
    cube 3062.499.81 (depth 2, 31 lits): UNSAT in 0.02s
    cube 3062.499.82 (depth 2, 31 lits): UNSAT in 0.01s
    cube 3062.499.83 (depth 2, 31 lits): UNSAT in 0.02s
    cube 3062.499.84 (depth 2, 31 lits): UNSAT in 0.01s
    cube 3062.499.85 (depth 2, 31 lits): UNSAT in 0.02s
    cube 3062.499.86 (depth 2, 32 lits): UNSAT in 0.01s
    cube 3062.499.87 (depth 2, 32 lits): UNSAT in 0.02s
    cube 3062.499.88 (depth 2, 32 lits): UNSAT in 0.02s
    cube 3062.499.89 (depth 2, 32 lits): UNSAT in 0.03s
    cube 3062.499.90 (depth 2, 32 lits): UNSAT in 0.01s
    cube 3062.499.91 (depth 2, 32 lits): UNSAT in 0.01s
    cube 3062.499.92 (depth 2, 32 lits): UNSAT in 0.01s
    cube 3062.499.93 (depth 2, 32 lits): UNSAT in 0.02s
    cube 3062.499.94 (depth 2, 32 lits): UNSAT in 0.01s
    cube 3062.499.95 (depth 2, 32 lits): UNSAT in 0.02s
    cube 3062.499.96 (depth 2, 31 lits): UNSAT in 0.02s
    cube 3062.499.97 (depth 2, 32 lits): UNSAT in 0.01s
    cube 3062.499.98 (depth 2, 32 lits): UNSAT in 0.02s
    cube 3062.499.99 (depth 2, 32 lits): UNSAT in 0.04s
    cube 3062.499.100 (depth 2, 32 lits): UNSAT in 0.04s
    cube 3062.499.101 (depth 2, 30 lits): UNSAT in 0.02s
    cube 3062.499.102 (depth 2, 32 lits): UNSAT in 0.02s
    cube 3062.499.103 (depth 2, 32 lits): UNSAT in 0.02s
    cube 3062.499.104 (depth 2, 32 lits): UNSAT in 0.02s
    cube 3062.499.105 (depth 2, 32 lits): UNSAT in 0.06s
    cube 3062.499.106 (depth 2, 32 lits): UNSAT in 0.01s
    cube 3062.499.107 (depth 2, 32 lits): UNSAT in 0.03s
    cube 3062.499.108 (depth 2, 32 lits): UNSAT in 0.03s
    cube 3062.499.109 (depth 2, 32 lits): UNSAT in 0.03s
    cube 3062.499.110 (depth 2, 32 lits): UNSAT in 0.03s
    cube 3062.499.111 (depth 2, 32 lits): UNSAT in 0.05s
    cube 3062.499.112 (depth 2, 32 lits): UNSAT in 0.07s
    cube 3062.499.113 (depth 2, 32 lits): UNSAT in 0.05s
    cube 3062.499.114 (depth 2, 32 lits): UNSAT in 0.01s
    cube 3062.499.115 (depth 2, 32 lits): UNSAT in 0.03s
    cube 3062.499.116 (depth 2, 32 lits): UNSAT in 0.03s
    cube 3062.499.117 (depth 2, 32 lits): UNSAT in 0.03s
    cube 3062.499.118 (depth 2, 32 lits): UNSAT in 0.02s
    cube 3062.499.119 (depth 2, 32 lits): UNSAT in 0.02s
    cube 3062.499.120 (depth 2, 32 lits): UNSAT in 0.02s
    cube 3062.499.121 (depth 2, 32 lits): UNSAT in 0.02s
    cube 3062.499.122 (depth 2, 32 lits): UNSAT in 0.03s
    cube 3062.499.123 (depth 2, 32 lits): UNSAT in 0.02s
    cube 3062.499.124 (depth 2, 32 lits): UNSAT in 0.04s
    cube 3062.499.125 (depth 2, 32 lits): UNSAT in 0.02s
    cube 3062.499.126 (depth 2, 32 lits): UNSAT in 0.06s
    cube 3062.499.127 (depth 2, 32 lits): UNSAT in 0.16s
    cube 3062.499.128 (depth 2, 32 lits): UNSAT in 0.02s
    cube 3062.499.129 (depth 2, 32 lits): UNSAT in 0.06s
    cube 3062.499.130 (depth 2, 32 lits): UNSAT in 0.01s
    cube 3062.499.131 (depth 2, 32 lits): UNSAT in 0.01s
    cube 3062.499.132 (depth 2, 32 lits): UNSAT in 0.01s
    cube 3062.499.133 (depth 2, 32 lits): UNSAT in 0.01s
    cube 3062.499.134 (depth 2, 32 lits): UNSAT in 0.01s
    cube 3062.499.135 (depth 2, 32 lits): UNSAT in 0.01s
    cube 3062.499.136 (depth 2, 32 lits): UNSAT in 0.01s
    cube 3062.499.137 (depth 2, 32 lits): UNSAT in 0.02s
    cube 3062.499.138 (depth 2, 32 lits): UNSAT in 0.01s
    cube 3062.499.139 (depth 2, 32 lits): UNSAT in 0.01s
    cube 3062.499.140 (depth 2, 31 lits): UNSAT in 0.01s
    cube 3062.499.141 (depth 2, 32 lits): UNSAT in 0.01s
    cube 3062.499.142 (depth 2, 32 lits): UNSAT in 0.01s
    cube 3062.499.143 (depth 2, 32 lits): UNSAT in 0.01s
    cube 3062.499.144 (depth 2, 32 lits): UNSAT in 0.01s
    cube 3062.499.145 (depth 2, 31 lits): UNSAT in 0.01s
    cube 3062.499.146 (depth 2, 32 lits): UNSAT in 0.02s
    cube 3062.499.147 (depth 2, 32 lits): UNSAT in 0.01s
    cube 3062.499.148 (depth 2, 31 lits): UNSAT in 0.01s
    cube 3062.499.149 (depth 2, 32 lits): UNSAT in 0.01s
    cube 3062.499.150 (depth 2, 32 lits): UNSAT in 0.02s
    cube 3062.499.151 (depth 2, 31 lits): UNSAT in 0.01s
    cube 3062.499.152 (depth 2, 32 lits): UNSAT in 0.02s
    cube 3062.499.153 (depth 2, 32 lits): UNSAT in 0.02s
    cube 3062.499.154 (depth 2, 32 lits): UNSAT in 0.02s
    cube 3062.499.155 (depth 2, 32 lits): UNSAT in 0.03s
    cube 3062.499.156 (depth 2, 32 lits): UNSAT in 0.02s
    cube 3062.499.157 (depth 2, 32 lits): UNSAT in 0.02s
    cube 3062.499.158 (depth 2, 30 lits): UNSAT in 0.01s
    cube 3062.499.159 (depth 2, 31 lits): UNSAT in 0.01s
    cube 3062.499.160 (depth 2, 31 lits): UNSAT in 0.01s
    cube 3062.499.161 (depth 2, 32 lits): UNSAT in 0.01s
    cube 3062.499.162 (depth 2, 32 lits): UNSAT in 0.02s
    cube 3062.499.163 (depth 2, 32 lits): UNSAT in 0.01s
    cube 3062.499.164 (depth 2, 32 lits): UNSAT in 0.02s
    cube 3062.499.165 (depth 2, 32 lits): UNSAT in 0.01s
    cube 3062.499.166 (depth 2, 32 lits): UNSAT in 0.02s
    cube 3062.499.167 (depth 2, 32 lits): UNSAT in 0.02s
    cube 3062.499.168 (depth 2, 32 lits): UNSAT in 0.02s
    cube 3062.499.169 (depth 2, 32 lits): UNSAT in 0.01s
    cube 3062.499.170 (depth 2, 32 lits): UNSAT in 0.01s
    cube 3062.499.171 (depth 2, 31 lits): UNSAT in 0.02s
    cube 3062.499.172 (depth 2, 31 lits): UNSAT in 0.02s
    cube 3062.499.173 (depth 2, 32 lits): UNSAT in 0.02s
    cube 3062.499.174 (depth 2, 32 lits): UNSAT in 0.04s
    cube 3062.499.175 (depth 2, 32 lits): UNSAT in 0.01s
    cube 3062.499.176 (depth 2, 32 lits): UNSAT in 0.02s
    cube 3062.499.177 (depth 2, 32 lits): UNSAT in 0.03s
    cube 3062.499.178 (depth 2, 32 lits): UNSAT in 0.02s
    cube 3062.499.179 (depth 2, 32 lits): UNSAT in 0.02s
    cube 3062.499.180 (depth 2, 32 lits): UNSAT in 0.03s
    cube 3062.499.181 (depth 2, 32 lits): UNSAT in 0.02s
    cube 3062.499.182 (depth 2, 32 lits): UNSAT in 0.02s
    cube 3062.499.183 (depth 2, 31 lits): UNSAT in 0.01s
    cube 3062.499.184 (depth 2, 32 lits): UNSAT in 0.01s
    cube 3062.499.185 (depth 2, 32 lits): UNSAT in 0.02s
    cube 3062.499.186 (depth 2, 32 lits): UNSAT in 0.01s
    cube 3062.499.187 (depth 2, 32 lits): UNSAT in 0.01s
    cube 3062.499.188 (depth 2, 31 lits): UNSAT in 0.02s
    cube 3062.499.189 (depth 2, 32 lits): UNSAT in 0.01s
    cube 3062.499.190 (depth 2, 32 lits): UNSAT in 0.02s
    cube 3062.499.191 (depth 2, 32 lits): UNSAT in 0.02s
    cube 3062.499.192 (depth 2, 32 lits): UNSAT in 0.01s
    cube 3062.499.193 (depth 2, 32 lits): UNSAT in 0.02s
    cube 3062.499.194 (depth 2, 32 lits): UNSAT in 0.02s
    cube 3062.499.195 (depth 2, 32 lits): UNSAT in 0.02s
    cube 3062.499.196 (depth 2, 32 lits): UNSAT in 0.03s
    cube 3062.499.197 (depth 2, 32 lits): UNSAT in 0.01s
    cube 3062.499.198 (depth 2, 32 lits): UNSAT in 0.01s
    cube 3062.499.199 (depth 2, 31 lits): UNSAT in 0.02s
    cube 3062.499.200 (depth 2, 32 lits): UNSAT in 0.01s
    cube 3062.499.201 (depth 2, 32 lits): UNSAT in 0.02s
    cube 3062.499.202 (depth 2, 32 lits): UNSAT in 0.02s
    cube 3062.499.203 (depth 2, 32 lits): UNSAT in 0.03s
    cube 3062.499.204 (depth 2, 32 lits): UNSAT in 0.02s
    cube 3062.499.205 (depth 2, 32 lits): UNSAT in 0.02s
    cube 3062.499.206 (depth 2, 32 lits): UNSAT in 0.02s
    cube 3062.499.207 (depth 2, 32 lits): UNSAT in 0.06s
    cube 3062.499.208 (depth 2, 32 lits): UNSAT in 0.02s
    cube 3062.499.209 (depth 2, 32 lits): UNSAT in 0.05s
    cube 3062.499.210 (depth 2, 32 lits): UNSAT in 0.05s
    cube 3062.499.211 (depth 2, 32 lits): UNSAT in 0.18s
    cube 3062.499.212 (depth 2, 32 lits): UNSAT in 0.01s
    cube 3062.499.213 (depth 2, 32 lits): UNSAT in 0.02s
    cube 3062.499.214 (depth 2, 32 lits): UNSAT in 0.01s
    cube 3062.499.215 (depth 2, 32 lits): UNSAT in 0.02s
    cube 3062.499.216 (depth 2, 32 lits): UNSAT in 0.02s
    cube 3062.499.217 (depth 2, 32 lits): UNSAT in 0.02s
    cube 3062.499.218 (depth 2, 32 lits): UNSAT in 0.02s
    cube 3062.499.219 (depth 2, 32 lits): UNSAT in 0.02s
    cube 3062.499.220 (depth 2, 32 lits): UNSAT in 0.02s
    cube 3062.499.221 (depth 2, 32 lits): UNSAT in 0.02s
    cube 3062.499.222 (depth 2, 32 lits): UNSAT in 0.04s
    cube 3062.499.223 (depth 2, 32 lits): UNSAT in 0.03s
    cube 3062.499.224 (depth 2, 32 lits): UNSAT in 0.01s
    cube 3062.499.225 (depth 2, 32 lits): UNSAT in 0.04s
    cube 3062.499.226 (depth 2, 32 lits): UNSAT in 0.16s
    cube 3062.499.227 (depth 2, 32 lits): UNSAT in 0.33s
    cube 3062.499.228 (depth 2, 32 lits): UNSAT in 0.02s
    cube 3062.499.229 (depth 2, 32 lits): UNSAT in 0.02s
    cube 3062.499.230 (depth 2, 32 lits): UNSAT in 0.02s
    cube 3062.499.231 (depth 2, 32 lits): UNSAT in 0.02s
    cube 3062.499.232 (depth 2, 32 lits): UNSAT in 0.01s
    cube 3062.499.233 (depth 2, 32 lits): UNSAT in 0.04s
    cube 3062.499.234 (depth 2, 32 lits): UNSAT in 0.03s
    cube 3062.499.235 (depth 2, 32 lits): UNSAT in 0.06s
    cube 3062.499.236 (depth 2, 32 lits): UNSAT in 0.02s
    cube 3062.499.237 (depth 2, 32 lits): UNSAT in 0.03s
    cube 3062.499.238 (depth 2, 32 lits): UNSAT in 0.04s
    cube 3062.499.239 (depth 2, 32 lits): UNSAT in 0.08s
    cube 3062.499.240 (depth 2, 32 lits): UNSAT in 0.06s
    cube 3062.499.241 (depth 2, 32 lits): UNSAT in 0.10s
    cube 3062.499.242 (depth 2, 32 lits): UNSAT in 0.07s
    cube 3062.499.243 (depth 2, 32 lits): UNSAT in 0.26s
    cube 3062.499.244 (depth 2, 32 lits): UNSAT in 0.02s
    cube 3062.499.245 (depth 2, 32 lits): UNSAT in 0.02s
    cube 3062.499.246 (depth 2, 32 lits): UNSAT in 0.01s
    cube 3062.499.247 (depth 2, 32 lits): UNSAT in 0.02s
    cube 3062.499.248 (depth 2, 30 lits): UNSAT in 0.02s
    cube 3062.499.249 (depth 2, 31 lits): UNSAT in 0.01s
    cube 3062.499.250 (depth 2, 32 lits): UNSAT in 0.01s
    cube 3062.499.251 (depth 2, 32 lits): UNSAT in 0.02s
    cube 3062.499.252 (depth 2, 32 lits): UNSAT in 0.02s
    cube 3062.499.253 (depth 2, 32 lits): UNSAT in 0.03s
    cube 3062.499.254 (depth 2, 32 lits): UNSAT in 0.01s
    cube 3062.499.255 (depth 2, 32 lits): UNSAT in 0.02s
    cube 3062.499.256 (depth 2, 32 lits): UNSAT in 0.02s
    cube 3062.499.257 (depth 2, 32 lits): UNSAT in 0.02s
    cube 3062.499.258 (depth 2, 32 lits): UNSAT in 0.01s
    cube 3062.499.259 (depth 2, 32 lits): UNSAT in 0.02s
    cube 3062.499.260 (depth 2, 32 lits): UNSAT in 0.01s
    cube 3062.499.261 (depth 2, 32 lits): UNSAT in 0.02s
    cube 3062.499.262 (depth 2, 32 lits): UNSAT in 0.03s
    cube 3062.499.263 (depth 2, 32 lits): UNSAT in 0.05s
    cube 3062.499.264 (depth 2, 32 lits): UNSAT in 0.02s
    cube 3062.499.265 (depth 2, 32 lits): UNSAT in 0.03s
    cube 3062.499.266 (depth 2, 32 lits): UNSAT in 0.02s
    cube 3062.499.267 (depth 2, 32 lits): UNSAT in 0.02s
    cube 3062.499.268 (depth 2, 32 lits): UNSAT in 0.03s
    cube 3062.499.269 (depth 2, 32 lits): UNSAT in 0.09s
    cube 3062.499.270 (depth 2, 32 lits): UNSAT in 0.02s
    cube 3062.499.271 (depth 2, 32 lits): UNSAT in 0.03s
    cube 3062.499.272 (depth 2, 31 lits): UNSAT in 0.02s
    cube 3062.499.273 (depth 2, 32 lits): UNSAT in 0.01s
    cube 3062.499.274 (depth 2, 32 lits): UNSAT in 0.02s
    cube 3062.499.275 (depth 2, 32 lits): UNSAT in 0.01s
    cube 3062.499.276 (depth 2, 32 lits): UNSAT in 0.02s
    cube 3062.499.277 (depth 2, 32 lits): UNSAT in 0.01s
    cube 3062.499.278 (depth 2, 32 lits): UNSAT in 0.02s
    cube 3062.499.279 (depth 2, 32 lits): UNSAT in 0.02s
    cube 3062.499.280 (depth 2, 32 lits): UNSAT in 0.02s
    cube 3062.499.281 (depth 2, 32 lits): UNSAT in 0.03s
    cube 3062.499.282 (depth 2, 32 lits): UNSAT in 0.03s
    cube 3062.499.283 (depth 2, 32 lits): UNSAT in 0.02s
    cube 3062.499.284 (depth 2, 32 lits): UNSAT in 0.01s
    cube 3062.499.285 (depth 2, 32 lits): UNSAT in 0.04s
    cube 3062.499.286 (depth 2, 32 lits): UNSAT in 0.08s
    cube 3062.499.287 (depth 2, 32 lits): UNSAT in 0.01s
    cube 3062.499.288 (depth 2, 32 lits): UNSAT in 0.02s
    cube 3062.499.289 (depth 2, 32 lits): UNSAT in 0.01s
    cube 3062.499.290 (depth 2, 32 lits): UNSAT in 0.02s
    cube 3062.499.291 (depth 2, 32 lits): UNSAT in 0.01s
    cube 3062.499.292 (depth 2, 32 lits): UNSAT in 0.02s
    cube 3062.499.293 (depth 2, 32 lits): UNSAT in 0.01s
    cube 3062.499.294 (depth 2, 32 lits): UNSAT in 0.02s
    cube 3062.499.295 (depth 2, 31 lits): UNSAT in 0.01s
    cube 3062.499.296 (depth 2, 32 lits): UNSAT in 0.03s
    cube 3062.499.297 (depth 2, 32 lits): UNSAT in 0.05s
    cube 3062.499.298 (depth 2, 32 lits): UNSAT in 0.01s
    cube 3062.499.299 (depth 2, 32 lits): UNSAT in 0.02s
    cube 3062.499.300 (depth 2, 32 lits): UNSAT in 0.05s
    cube 3062.499.301 (depth 2, 32 lits): UNSAT in 0.04s
    cube 3062.499.302 (depth 2, 32 lits): UNSAT in 0.01s
    cube 3062.499.303 (depth 2, 32 lits): UNSAT in 0.02s
    cube 3062.499.304 (depth 2, 32 lits): UNSAT in 0.01s
    cube 3062.499.305 (depth 2, 32 lits): UNSAT in 0.02s
    cube 3062.499.306 (depth 2, 32 lits): UNSAT in 0.01s
    cube 3062.499.307 (depth 2, 32 lits): UNSAT in 0.03s
    cube 3062.499.308 (depth 2, 32 lits): UNSAT in 0.09s
    cube 3062.499.309 (depth 2, 32 lits): UNSAT in 0.10s
    cube 3062.499.310 (depth 2, 32 lits): UNSAT in 0.02s
    cube 3062.499.311 (depth 2, 32 lits): UNSAT in 0.02s
    cube 3062.499.312 (depth 2, 32 lits): UNSAT in 0.02s
    cube 3062.499.313 (depth 2, 32 lits): UNSAT in 0.04s
    cube 3062.499.314 (depth 2, 32 lits): UNSAT in 0.02s
    cube 3062.499.315 (depth 2, 32 lits): UNSAT in 0.03s
    cube 3062.499.316 (depth 2, 32 lits): UNSAT in 0.06s
    cube 3062.499.317 (depth 2, 32 lits): UNSAT in 0.05s
    cube 3062.499.318 (depth 2, 32 lits): UNSAT in 0.02s
    cube 3062.499.319 (depth 2, 32 lits): UNSAT in 0.03s
    cube 3062.499.320 (depth 2, 32 lits): UNSAT in 0.03s
    cube 3062.499.321 (depth 2, 32 lits): UNSAT in 0.03s
    cube 3062.499.322 (depth 2, 32 lits): UNSAT in 0.01s
    cube 3062.499.323 (depth 2, 32 lits): UNSAT in 0.04s
    cube 3062.499.324 (depth 2, 32 lits): UNSAT in 0.08s
    cube 3062.499.325 (depth 2, 32 lits): UNSAT in 0.09s
    cube 3062.499.326 (depth 2, 32 lits): UNSAT in 0.06s
    cube 3062.499.327 (depth 2, 32 lits): UNSAT in 0.09s
    cube 3062.499.328 (depth 2, 32 lits): UNSAT in 0.03s
    cube 3062.499.329 (depth 2, 32 lits): UNSAT in 0.14s
    cube 3062.499.330 (depth 2, 32 lits): UNSAT in 0.03s
    cube 3062.499.331 (depth 2, 32 lits): UNSAT in 0.06s
    cube 3062.499.332 (depth 2, 32 lits): UNSAT in 0.02s
    cube 3062.499.333 (depth 2, 32 lits): UNSAT in 0.06s
    cube 3062.499.334 (depth 2, 32 lits): UNSAT in 0.02s
    cube 3062.499.335 (depth 2, 32 lits): UNSAT in 0.02s
    cube 3062.499.336 (depth 2, 32 lits): UNSAT in 0.03s
    cube 3062.499.337 (depth 2, 32 lits): UNSAT in 0.15s
    cube 3062.499.338 (depth 2, 32 lits): UNSAT in 0.13s
    cube 3062.499.339 (depth 2, 32 lits): UNSAT in 0.24s
    cube 3062.499.340 (depth 2, 32 lits): UNSAT in 0.08s
    cube 3062.499.341 (depth 2, 32 lits): UNSAT in 0.44s
    cube 3062.499.342 (depth 2, 32 lits): UNSAT in 0.03s
    cube 3062.499.343 (depth 2, 32 lits): UNSAT in 0.16s
    cube 3062.499.344 (depth 2, 32 lits): UNSAT in 0.11s
    cube 3062.499.345 (depth 2, 32 lits): UNSAT in 0.11s
    cube 3062.499.346 (depth 2, 32 lits): UNSAT in 0.08s
    cube 3062.499.347 (depth 2, 32 lits): UNSAT in 0.23s
    cube 3062.499.348 (depth 2, 32 lits): UNSAT in 0.21s
    cube 3062.499.349 (depth 2, 32 lits): UNSAT in 0.74s
    cube 3062.499.350 (depth 2, 32 lits): UNSAT in 0.04s
    cube 3062.499.351 (depth 2, 32 lits): UNSAT in 0.07s
    cube 3062.499.352 (depth 2, 32 lits): UNSAT in 0.07s
    cube 3062.499.353 (depth 2, 32 lits): UNSAT in 0.23s
    cube 3062.499.354 (depth 2, 32 lits): UNSAT in 0.06s
    cube 3062.499.355 (depth 2, 32 lits): UNSAT in 0.34s
    cube 3062.499.356 (depth 2, 32 lits): UNSAT in 0.07s
    cube 3062.499.357 (depth 2, 32 lits): UNSAT in 0.67s
    cube 3062.499.358 (depth 2, 32 lits): UNSAT in 0.14s
    cube 3062.499.359 (depth 2, 32 lits): UNSAT in 0.56s
    cube 3062.499.360 (depth 2, 32 lits): UNSAT in 0.30s
    cube 3062.499.361 (depth 2, 32 lits): UNSAT in 1.64s
    cube 3062.499.362 (depth 2, 32 lits): UNSAT in 0.39s
    cube 3062.499.363 (depth 2, 32 lits): UNSAT in 2.12s
    cube 3062.499.364 (depth 2, 32 lits): UNSAT in 0.46s
    cube 3062.499.365 (depth 2, 32 lits): UNSAT in 2.53s
    cube 3062.499.366 (depth 2, 31 lits): UNSAT in 0.01s
    cube 3062.499.367 (depth 2, 32 lits): UNSAT in 0.01s
    cube 3062.499.368 (depth 2, 32 lits): UNSAT in 0.02s
    cube 3062.499.369 (depth 2, 32 lits): UNSAT in 0.01s
    cube 3062.499.370 (depth 2, 32 lits): UNSAT in 0.01s
    cube 3062.499.371 (depth 2, 32 lits): UNSAT in 0.02s
    cube 3062.499.372 (depth 2, 32 lits): UNSAT in 0.02s
    cube 3062.499.373 (depth 2, 30 lits): UNSAT in 0.02s
    cube 3062.499.374 (depth 2, 32 lits): UNSAT in 0.02s
    cube 3062.499.375 (depth 2, 32 lits): UNSAT in 0.02s
    cube 3062.499.376 (depth 2, 32 lits): UNSAT in 0.04s
    cube 3062.499.377 (depth 2, 32 lits): UNSAT in 0.04s
    cube 3062.499.378 (depth 2, 32 lits): UNSAT in 0.01s
    cube 3062.499.379 (depth 2, 32 lits): UNSAT in 0.02s
    cube 3062.499.380 (depth 2, 32 lits): UNSAT in 0.03s
    cube 3062.499.381 (depth 2, 32 lits): UNSAT in 0.03s
    cube 3062.499.382 (depth 2, 32 lits): UNSAT in 0.02s
    cube 3062.499.383 (depth 2, 32 lits): UNSAT in 0.03s
    cube 3062.499.384 (depth 2, 32 lits): UNSAT in 0.02s
    cube 3062.499.385 (depth 2, 32 lits): UNSAT in 0.03s
    cube 3062.499.386 (depth 2, 32 lits): UNSAT in 0.01s
    cube 3062.499.387 (depth 2, 32 lits): UNSAT in 0.02s
    cube 3062.499.388 (depth 2, 32 lits): UNSAT in 0.03s
    cube 3062.499.389 (depth 2, 32 lits): UNSAT in 0.07s
    cube 3062.499.390 (depth 2, 32 lits): UNSAT in 0.02s
    cube 3062.499.391 (depth 2, 32 lits): UNSAT in 0.10s
    cube 3062.499.392 (depth 2, 32 lits): UNSAT in 0.10s
    cube 3062.499.393 (depth 2, 32 lits): UNSAT in 0.09s
    cube 3062.499.394 (depth 2, 31 lits): UNSAT in 0.02s
    cube 3062.499.395 (depth 2, 32 lits): UNSAT in 0.01s
    cube 3062.499.396 (depth 2, 32 lits): UNSAT in 0.01s
    cube 3062.499.397 (depth 2, 32 lits): UNSAT in 0.01s
    cube 3062.499.398 (depth 2, 32 lits): UNSAT in 0.02s
    cube 3062.499.399 (depth 2, 32 lits): UNSAT in 0.02s
    cube 3062.499.400 (depth 2, 32 lits): UNSAT in 0.03s
    cube 3062.499.401 (depth 2, 32 lits): UNSAT in 0.02s
    cube 3062.499.402 (depth 2, 32 lits): UNSAT in 0.02s
    cube 3062.499.403 (depth 2, 32 lits): UNSAT in 0.02s
    cube 3062.499.404 (depth 2, 32 lits): UNSAT in 0.03s
    cube 3062.499.405 (depth 2, 32 lits): UNSAT in 0.01s
    cube 3062.499.406 (depth 2, 32 lits): UNSAT in 0.02s
    cube 3062.499.407 (depth 2, 32 lits): UNSAT in 0.03s
    cube 3062.499.408 (depth 2, 32 lits): UNSAT in 0.04s
    cube 3062.499.409 (depth 2, 32 lits): UNSAT in 0.01s
    cube 3062.499.410 (depth 2, 32 lits): UNSAT in 0.02s
    cube 3062.499.411 (depth 2, 32 lits): UNSAT in 0.03s
    cube 3062.499.412 (depth 2, 32 lits): UNSAT in 0.03s
    cube 3062.499.413 (depth 2, 32 lits): UNSAT in 0.02s
    cube 3062.499.414 (depth 2, 32 lits): UNSAT in 0.09s
    cube 3062.499.415 (depth 2, 32 lits): UNSAT in 0.05s
    cube 3062.499.416 (depth 2, 32 lits): UNSAT in 0.06s
    cube 3062.499.417 (depth 2, 32 lits): UNSAT in 0.03s
    cube 3062.499.418 (depth 2, 32 lits): UNSAT in 0.06s
    cube 3062.499.419 (depth 2, 32 lits): UNSAT in 0.03s
    cube 3062.499.420 (depth 2, 32 lits): UNSAT in 0.09s
    cube 3062.499.421 (depth 2, 32 lits): UNSAT in 0.06s
    cube 3062.499.422 (depth 2, 32 lits): UNSAT in 0.19s
    cube 3062.499.423 (depth 2, 32 lits): UNSAT in 0.13s
    cube 3062.499.424 (depth 2, 32 lits): UNSAT in 0.17s
    cube 3062.499.425 (depth 2, 31 lits): UNSAT in 0.02s
    cube 3062.499.426 (depth 2, 31 lits): UNSAT in 0.01s
    cube 3062.499.427 (depth 2, 32 lits): UNSAT in 0.02s
    cube 3062.499.428 (depth 2, 32 lits): UNSAT in 0.02s
    cube 3062.499.429 (depth 2, 31 lits): UNSAT in 0.02s
    cube 3062.499.430 (depth 2, 32 lits): UNSAT in 0.01s
    cube 3062.499.431 (depth 2, 32 lits): UNSAT in 0.02s
    cube 3062.499.432 (depth 2, 31 lits): UNSAT in 0.01s
    cube 3062.499.433 (depth 2, 32 lits): UNSAT in 0.01s
    cube 3062.499.434 (depth 2, 32 lits): UNSAT in 0.02s
    cube 3062.499.435 (depth 2, 31 lits): UNSAT in 0.01s
    cube 3062.499.436 (depth 2, 31 lits): UNSAT in 0.01s
    cube 3062.499.437 (depth 2, 31 lits): UNSAT in 0.02s
    cube 3062.499.438 (depth 2, 30 lits): UNSAT in 0.02s
    cube 3062.499.439 (depth 2, 32 lits): UNSAT in 0.02s
    cube 3062.499.440 (depth 2, 32 lits): UNSAT in 0.01s
    cube 3062.499.441 (depth 2, 32 lits): UNSAT in 0.02s
    cube 3062.499.442 (depth 2, 32 lits): UNSAT in 0.02s
    cube 3062.499.443 (depth 2, 32 lits): UNSAT in 0.03s
    cube 3062.499.444 (depth 2, 32 lits): UNSAT in 0.05s
    cube 3062.499.445 (depth 2, 32 lits): UNSAT in 0.02s
    cube 3062.499.446 (depth 2, 32 lits): UNSAT in 0.03s
    cube 3062.499.447 (depth 2, 31 lits): UNSAT in 0.01s
    cube 3062.499.448 (depth 2, 32 lits): UNSAT in 0.01s
    cube 3062.499.449 (depth 2, 32 lits): UNSAT in 0.01s
    cube 3062.499.450 (depth 2, 32 lits): UNSAT in 0.02s
    cube 3062.499.451 (depth 2, 32 lits): UNSAT in 0.02s
    cube 3062.499.452 (depth 2, 32 lits): UNSAT in 0.02s
    cube 3062.499.453 (depth 2, 32 lits): UNSAT in 0.02s
    cube 3062.499.454 (depth 2, 31 lits): UNSAT in 0.02s
    cube 3062.499.455 (depth 2, 32 lits): UNSAT in 0.02s
    cube 3062.499.456 (depth 2, 32 lits): UNSAT in 0.02s
    cube 3062.499.457 (depth 2, 32 lits): UNSAT in 0.02s
    cube 3062.499.458 (depth 2, 32 lits): UNSAT in 0.02s
    cube 3062.499.459 (depth 2, 32 lits): UNSAT in 0.03s
    cube 3062.499.460 (depth 2, 32 lits): UNSAT in 0.05s
    cube 3062.499.461 (depth 2, 32 lits): UNSAT in 0.01s
    cube 3062.499.462 (depth 2, 32 lits): UNSAT in 0.02s
    cube 3062.499.463 (depth 2, 32 lits): UNSAT in 0.03s
    cube 3062.499.464 (depth 2, 32 lits): UNSAT in 0.03s
    cube 3062.499.465 (depth 2, 32 lits): UNSAT in 0.02s
    cube 3062.499.466 (depth 2, 32 lits): UNSAT in 0.03s
    cube 3062.499.467 (depth 2, 32 lits): UNSAT in 0.02s
    cube 3062.499.468 (depth 2, 32 lits): UNSAT in 0.04s
    cube 3062.499.469 (depth 2, 31 lits): UNSAT in 0.01s
    cube 3062.499.470 (depth 2, 32 lits): UNSAT in 0.02s
    cube 3062.499.471 (depth 2, 32 lits): UNSAT in 0.01s
    cube 3062.499.472 (depth 2, 32 lits): UNSAT in 0.04s
    cube 3062.499.473 (depth 2, 32 lits): UNSAT in 0.02s
    cube 3062.499.474 (depth 2, 32 lits): UNSAT in 0.02s
    cube 3062.499.475 (depth 2, 32 lits): UNSAT in 0.04s
    cube 3062.499.476 (depth 2, 31 lits): UNSAT in 0.01s
    cube 3062.499.477 (depth 2, 31 lits): UNSAT in 0.01s
    cube 3062.499.478 (depth 2, 31 lits): UNSAT in 0.02s
    cube 3062.499.479 (depth 2, 32 lits): UNSAT in 0.02s
    cube 3062.499.480 (depth 2, 32 lits): UNSAT in 0.01s
    cube 3062.499.481 (depth 2, 32 lits): UNSAT in 0.01s
    cube 3062.499.482 (depth 2, 32 lits): UNSAT in 0.01s
    cube 3062.499.483 (depth 2, 32 lits): UNSAT in 0.02s
    cube 3062.499.484 (depth 2, 32 lits): UNSAT in 0.02s
    cube 3062.499.485 (depth 2, 32 lits): UNSAT in 0.01s
    cube 3062.499.486 (depth 2, 32 lits): UNSAT in 0.01s
    cube 3062.499.487 (depth 2, 32 lits): UNSAT in 0.02s
    cube 3062.499.488 (depth 2, 32 lits): UNSAT in 0.02s
    cube 3062.499.489 (depth 2, 32 lits): UNSAT in 0.01s
    cube 3062.499.490 (depth 2, 32 lits): UNSAT in 0.01s
    cube 3062.499.491 (depth 2, 31 lits): UNSAT in 0.02s
    cube 3062.499.492 (depth 2, 30 lits): UNSAT in 0.02s
    cube 3062.499.493 (depth 2, 32 lits): UNSAT in 0.01s
    cube 3062.499.494 (depth 2, 32 lits): UNSAT in 0.02s
    cube 3062.499.495 (depth 2, 32 lits): UNSAT in 0.02s
    cube 3062.499.496 (depth 2, 32 lits): UNSAT in 0.03s
    cube 3062.499.497 (depth 2, 32 lits): UNSAT in 0.02s
    cube 3062.499.498 (depth 2, 32 lits): UNSAT in 0.03s
    cube 3062.499.499 (depth 2, 32 lits): UNSAT in 0.02s
    cube 3062.499.500 (depth 2, 32 lits): UNSAT in 0.02s
    cube 3062.499.501 (depth 2, 30 lits): UNSAT in 0.02s
    cube 3062.499.502 (depth 2, 32 lits): UNSAT in 0.02s
    cube 3062.499.503 (depth 2, 32 lits): UNSAT in 0.03s
    cube 3062.499.504 (depth 2, 32 lits): UNSAT in 0.02s
    cube 3062.499.505 (depth 2, 32 lits): UNSAT in 0.02s
    cube 3062.499.506 (depth 2, 31 lits): UNSAT in 0.02s
    cube 3062.499.507 (depth 2, 32 lits): UNSAT in 0.02s
    cube 3062.499.508 (depth 2, 32 lits): UNSAT in 0.02s
    cube 3062.499.509 (depth 2, 32 lits): UNSAT in 0.01s
    cube 3062.499.510 (depth 2, 32 lits): UNSAT in 0.02s
    cube 3062.499.511 (depth 2, 32 lits): UNSAT in 0.03s
    cube 3062.499.512 (depth 2, 32 lits): UNSAT in 0.02s
    cube 3062.499.513 (depth 2, 32 lits): UNSAT in 0.02s
    cube 3062.499.514 (depth 2, 32 lits): UNSAT in 0.02s
    cube 3062.499.515 (depth 2, 32 lits): UNSAT in 0.02s
    cube 3062.499.516 (depth 2, 32 lits): UNSAT in 0.03s
    cube 3062.499.517 (depth 2, 31 lits): UNSAT in 0.01s
    cube 3062.499.518 (depth 2, 31 lits): UNSAT in 0.02s
    cube 3062.499.519 (depth 2, 32 lits): UNSAT in 0.03s
    cube 3062.499.520 (depth 2, 32 lits): UNSAT in 0.09s
    cube 3062.499.521 (depth 2, 32 lits): UNSAT in 0.02s
    cube 3062.499.522 (depth 2, 32 lits): UNSAT in 0.03s
    cube 3062.499.523 (depth 2, 32 lits): UNSAT in 0.01s
    cube 3062.499.524 (depth 2, 32 lits): UNSAT in 0.03s
    cube 3062.499.525 (depth 2, 32 lits): UNSAT in 0.03s
    cube 3062.499.526 (depth 2, 32 lits): UNSAT in 0.02s
    cube 3062.499.527 (depth 2, 32 lits): UNSAT in 0.02s
    cube 3062.499.528 (depth 2, 32 lits): UNSAT in 0.02s
    cube 3062.499.529 (depth 2, 32 lits): UNSAT in 0.02s
    cube 3062.499.530 (depth 2, 32 lits): UNSAT in 0.07s
    cube 3062.499.531 (depth 2, 32 lits): UNSAT in 0.04s
    cube 3062.499.532 (depth 2, 32 lits): UNSAT in 0.09s
    cube 3062.499.533 (depth 2, 32 lits): UNSAT in 0.04s
    cube 3062.499.534 (depth 2, 32 lits): UNSAT in 0.12s
    cube 3062.499.535 (depth 2, 32 lits): UNSAT in 0.01s
    cube 3062.499.536 (depth 2, 32 lits): UNSAT in 0.03s
    cube 3062.499.537 (depth 2, 32 lits): UNSAT in 0.04s
    cube 3062.499.538 (depth 2, 32 lits): UNSAT in 0.03s
    cube 3062.499.539 (depth 2, 32 lits): UNSAT in 0.04s
    cube 3062.499.540 (depth 2, 32 lits): UNSAT in 0.11s
    cube 3062.499.541 (depth 2, 32 lits): UNSAT in 0.09s
    cube 3062.499.542 (depth 2, 32 lits): UNSAT in 0.78s
    cube 3062.499.543 (depth 2, 32 lits): UNSAT in 0.01s
    cube 3062.499.544 (depth 2, 32 lits): UNSAT in 0.02s
    cube 3062.499.545 (depth 2, 32 lits): UNSAT in 0.02s
    cube 3062.499.546 (depth 2, 32 lits): UNSAT in 0.02s
    cube 3062.499.547 (depth 2, 32 lits): UNSAT in 0.03s
    cube 3062.499.548 (depth 2, 32 lits): UNSAT in 0.05s
    cube 3062.499.549 (depth 2, 32 lits): UNSAT in 0.04s
    cube 3062.499.550 (depth 2, 32 lits): UNSAT in 0.07s
    cube 3062.499.551 (depth 2, 32 lits): UNSAT in 0.02s
    cube 3062.499.552 (depth 2, 32 lits): UNSAT in 0.02s
    cube 3062.499.553 (depth 2, 32 lits): UNSAT in 0.02s
    cube 3062.499.554 (depth 2, 32 lits): UNSAT in 0.12s
    cube 3062.499.555 (depth 2, 32 lits): UNSAT in 0.08s
    cube 3062.499.556 (depth 2, 32 lits): UNSAT in 0.11s
    cube 3062.499.557 (depth 2, 32 lits): UNSAT in 0.43s
    cube 3062.499.558 (depth 2, 32 lits): UNSAT in 0.24s
    cube 3062.499.559 (depth 2, 32 lits): UNSAT in 0.02s
    cube 3062.499.560 (depth 2, 32 lits): UNSAT in 0.04s
    cube 3062.499.561 (depth 2, 32 lits): UNSAT in 0.08s
    cube 3062.499.562 (depth 2, 32 lits): UNSAT in 0.24s
    cube 3062.499.563 (depth 2, 32 lits): UNSAT in 0.03s
    cube 3062.499.564 (depth 2, 32 lits): UNSAT in 0.17s
    cube 3062.499.565 (depth 2, 32 lits): UNSAT in 0.20s
    cube 3062.499.566 (depth 2, 32 lits): UNSAT in 1.02s
    cube 3062.499.567 (depth 2, 32 lits): UNSAT in 0.04s
    cube 3062.499.568 (depth 2, 32 lits): UNSAT in 0.05s
    cube 3062.499.569 (depth 2, 32 lits): UNSAT in 0.12s
    cube 3062.499.570 (depth 2, 32 lits): UNSAT in 0.23s
    cube 3062.499.571 (depth 2, 32 lits): UNSAT in 0.10s
    cube 3062.499.572 (depth 2, 32 lits): UNSAT in 0.22s
    cube 3062.499.573 (depth 2, 32 lits): UNSAT in 0.25s
    cube 3062.499.574 (depth 2, 32 lits): UNSAT in 1.29s
    cube 3062.499.575 (depth 2, 32 lits): UNSAT in 0.05s
    cube 3062.499.576 (depth 2, 32 lits): UNSAT in 0.05s
    cube 3062.499.577 (depth 2, 32 lits): UNSAT in 0.41s
    cube 3062.499.578 (depth 2, 32 lits): UNSAT in 1.27s
    cube 3062.499.579 (depth 2, 32 lits): UNSAT in 0.05s
    cube 3062.499.580 (depth 2, 32 lits): UNSAT in 0.29s
    cube 3062.499.581 (depth 2, 32 lits): UNSAT in 0.32s
    cube 3062.499.582 (depth 2, 32 lits): UNSAT in 1.65s
    cube 3062.499.583 (depth 2, 32 lits): UNSAT in 0.07s
    cube 3062.499.584 (depth 2, 32 lits): UNSAT in 2.24s
    cube 3062.499.585 (depth 2, 32 lits): UNSAT in 0.38s
    cube 3062.499.586 (depth 2, 32 lits): UNSAT in 1.45s
    cube 3062.499.587 (depth 2, 32 lits): UNSAT in 0.70s
    cube 3062.499.588 (depth 2, 32 lits): UNSAT in 3.67s
    cube 3062.499.589 (depth 2, 32 lits): UNSAT in 1.17s
    cube 3062.499.590 (depth 2, 32 lits): UNSAT in 0.92s
    cube 3062.499.591 (depth 2, 31 lits): UNSAT in 0.01s
    cube 3062.499.592 (depth 2, 31 lits): UNSAT in 0.02s
    cube 3062.499.593 (depth 2, 30 lits): UNSAT in 0.02s
    cube 3062.499.594 (depth 2, 31 lits): UNSAT in 0.02s
    cube 3062.499.595 (depth 2, 32 lits): UNSAT in 0.02s
    cube 3062.499.596 (depth 2, 32 lits): UNSAT in 0.03s
    cube 3062.499.597 (depth 2, 32 lits): UNSAT in 0.01s
    cube 3062.499.598 (depth 2, 32 lits): UNSAT in 0.02s
    cube 3062.499.599 (depth 2, 32 lits): UNSAT in 0.03s
    cube 3062.499.600 (depth 2, 32 lits): UNSAT in 0.04s
    cube 3062.499.601 (depth 2, 32 lits): UNSAT in 0.01s
    cube 3062.499.602 (depth 2, 32 lits): UNSAT in 0.02s
    cube 3062.499.603 (depth 2, 31 lits): UNSAT in 0.02s
    cube 3062.499.604 (depth 2, 30 lits): UNSAT in 0.01s
    cube 3062.499.605 (depth 2, 32 lits): UNSAT in 0.01s
    cube 3062.499.606 (depth 2, 32 lits): UNSAT in 0.01s
    cube 3062.499.607 (depth 2, 32 lits): UNSAT in 0.01s
    cube 3062.499.608 (depth 2, 32 lits): UNSAT in 0.01s
    cube 3062.499.609 (depth 2, 30 lits): UNSAT in 0.02s
    cube 3062.499.610 (depth 2, 31 lits): UNSAT in 0.01s
    cube 3062.499.611 (depth 2, 32 lits): UNSAT in 0.02s
    cube 3062.499.612 (depth 2, 32 lits): UNSAT in 0.02s
    cube 3062.499.613 (depth 2, 32 lits): UNSAT in 0.01s
    cube 3062.499.614 (depth 2, 32 lits): UNSAT in 0.02s
    cube 3062.499.615 (depth 2, 32 lits): UNSAT in 0.02s
    cube 3062.499.616 (depth 2, 32 lits): UNSAT in 0.02s
    cube 3062.499.617 (depth 2, 32 lits): UNSAT in 0.01s
    cube 3062.499.618 (depth 2, 32 lits): UNSAT in 0.02s
    cube 3062.499.619 (depth 2, 32 lits): UNSAT in 0.02s
    cube 3062.499.620 (depth 2, 32 lits): UNSAT in 0.01s
    cube 3062.499.621 (depth 2, 32 lits): UNSAT in 0.01s
    cube 3062.499.622 (depth 2, 32 lits): UNSAT in 0.02s
    cube 3062.499.623 (depth 2, 32 lits): UNSAT in 0.06s
    cube 3062.499.624 (depth 2, 32 lits): UNSAT in 0.03s
    cube 3062.499.625 (depth 2, 31 lits): UNSAT in 0.02s
    cube 3062.499.626 (depth 2, 32 lits): UNSAT in 0.02s
    cube 3062.499.627 (depth 2, 32 lits): UNSAT in 0.03s
    cube 3062.499.628 (depth 2, 32 lits): UNSAT in 0.01s
    cube 3062.499.629 (depth 2, 32 lits): UNSAT in 0.04s
    cube 3062.499.630 (depth 2, 32 lits): UNSAT in 0.04s
    cube 3062.499.631 (depth 2, 32 lits): UNSAT in 0.06s
    cube 3062.499.632 (depth 2, 32 lits): UNSAT in 0.03s
    cube 3062.499.633 (depth 2, 32 lits): UNSAT in 0.02s
    cube 3062.499.634 (depth 2, 32 lits): UNSAT in 0.09s
    cube 3062.499.635 (depth 2, 32 lits): UNSAT in 0.09s
    cube 3062.499.636 (depth 2, 32 lits): UNSAT in 0.02s
    cube 3062.499.637 (depth 2, 32 lits): UNSAT in 0.03s
    cube 3062.499.638 (depth 2, 32 lits): UNSAT in 0.14s
    cube 3062.499.639 (depth 2, 32 lits): UNSAT in 0.15s
    cube 3062.499.640 (depth 2, 30 lits): UNSAT in 0.02s
    cube 3062.499.641 (depth 2, 32 lits): UNSAT in 0.01s
    cube 3062.499.642 (depth 2, 32 lits): UNSAT in 0.02s
    cube 3062.499.643 (depth 2, 32 lits): UNSAT in 0.02s
    cube 3062.499.644 (depth 2, 32 lits): UNSAT in 0.02s
    cube 3062.499.645 (depth 2, 32 lits): UNSAT in 0.02s
    cube 3062.499.646 (depth 2, 32 lits): UNSAT in 0.02s
    cube 3062.499.647 (depth 2, 32 lits): UNSAT in 0.01s
    cube 3062.499.648 (depth 2, 32 lits): UNSAT in 0.02s
    cube 3062.499.649 (depth 2, 32 lits): UNSAT in 0.01s
    cube 3062.499.650 (depth 2, 32 lits): UNSAT in 0.03s
    cube 3062.499.651 (depth 2, 32 lits): UNSAT in 0.02s
    cube 3062.499.652 (depth 2, 32 lits): UNSAT in 0.04s
    cube 3062.499.653 (depth 2, 31 lits): UNSAT in 0.02s
    cube 3062.499.654 (depth 2, 32 lits): UNSAT in 0.02s
    cube 3062.499.655 (depth 2, 32 lits): UNSAT in 0.02s
    cube 3062.499.656 (depth 2, 32 lits): UNSAT in 0.02s
    cube 3062.499.657 (depth 2, 32 lits): UNSAT in 0.03s
    cube 3062.499.658 (depth 2, 32 lits): UNSAT in 0.02s
    cube 3062.499.659 (depth 2, 32 lits): UNSAT in 0.04s
    cube 3062.499.660 (depth 2, 32 lits): UNSAT in 0.03s
    cube 3062.499.661 (depth 2, 32 lits): UNSAT in 0.03s
    cube 3062.499.662 (depth 2, 32 lits): UNSAT in 0.03s
    cube 3062.499.663 (depth 2, 32 lits): UNSAT in 0.07s
    cube 3062.499.664 (depth 2, 32 lits): UNSAT in 0.05s
    cube 3062.499.665 (depth 2, 32 lits): UNSAT in 0.07s
    cube 3062.499.666 (depth 2, 32 lits): UNSAT in 0.10s
    cube 3062.499.667 (depth 2, 32 lits): UNSAT in 0.09s
    cube 3062.499.668 (depth 2, 32 lits): UNSAT in 0.02s
    cube 3062.499.669 (depth 2, 32 lits): UNSAT in 0.02s
    cube 3062.499.670 (depth 2, 32 lits): UNSAT in 0.03s
    cube 3062.499.671 (depth 2, 32 lits): UNSAT in 0.07s
    cube 3062.499.672 (depth 2, 32 lits): UNSAT in 0.02s
    cube 3062.499.673 (depth 2, 32 lits): UNSAT in 0.05s
    cube 3062.499.674 (depth 2, 32 lits): UNSAT in 0.07s
    cube 3062.499.675 (depth 2, 32 lits): UNSAT in 0.16s
    cube 3062.499.676 (depth 2, 32 lits): UNSAT in 0.04s
    cube 3062.499.677 (depth 2, 32 lits): UNSAT in 0.05s
    cube 3062.499.678 (depth 2, 32 lits): UNSAT in 0.04s
    cube 3062.499.679 (depth 2, 32 lits): UNSAT in 0.22s
    cube 3062.499.680 (depth 2, 32 lits): UNSAT in 0.05s
    cube 3062.499.681 (depth 2, 32 lits): UNSAT in 0.11s
    cube 3062.499.682 (depth 2, 32 lits): UNSAT in 0.17s
    cube 3062.499.683 (depth 2, 32 lits): UNSAT in 1.06s
    cube 3062.499.684 (depth 2, 32 lits): UNSAT in 0.06s
    cube 3062.499.685 (depth 2, 32 lits): UNSAT in 0.07s
    cube 3062.499.686 (depth 2, 32 lits): UNSAT in 0.08s
    cube 3062.499.687 (depth 2, 32 lits): UNSAT in 0.21s
    cube 3062.499.688 (depth 2, 32 lits): UNSAT in 0.17s
    cube 3062.499.689 (depth 2, 32 lits): UNSAT in 0.26s
    cube 3062.499.690 (depth 2, 32 lits): UNSAT in 0.82s
    cube 3062.499.691 (depth 2, 32 lits): UNSAT in 0.75s
    cube 3062.499.692 (depth 2, 32 lits): UNSAT in 0.09s
    cube 3062.499.693 (depth 2, 32 lits): UNSAT in 0.24s
    cube 3062.499.694 (depth 2, 32 lits): UNSAT in 0.16s
    cube 3062.499.695 (depth 2, 32 lits): UNSAT in 0.72s
    cube 3062.499.696 (depth 2, 32 lits): UNSAT in 0.41s
    cube 3062.499.697 (depth 2, 32 lits): UNSAT in 1.34s
    cube 3062.499.698 (depth 2, 32 lits): UNSAT in 1.67s
    cube 3062.499.699 (depth 2, 32 lits): UNSAT in 1.60s
    cube 3062.499.700 (depth 2, 32 lits): UNSAT in 0.02s
    cube 3062.499.701 (depth 2, 32 lits): UNSAT in 0.02s
    cube 3062.499.702 (depth 2, 32 lits): UNSAT in 0.02s
    cube 3062.499.703 (depth 2, 32 lits): UNSAT in 0.03s
    cube 3062.499.704 (depth 2, 32 lits): UNSAT in 0.03s
    cube 3062.499.705 (depth 2, 32 lits): UNSAT in 0.05s
    cube 3062.499.706 (depth 2, 32 lits): UNSAT in 0.06s
    cube 3062.499.707 (depth 2, 32 lits): UNSAT in 0.06s
    cube 3062.499.708 (depth 2, 32 lits): UNSAT in 0.02s
    cube 3062.499.709 (depth 2, 32 lits): UNSAT in 0.02s
    cube 3062.499.710 (depth 2, 32 lits): UNSAT in 0.03s
    cube 3062.499.711 (depth 2, 32 lits): UNSAT in 0.07s
    cube 3062.499.712 (depth 2, 32 lits): UNSAT in 0.01s
    cube 3062.499.713 (depth 2, 32 lits): UNSAT in 0.03s
    cube 3062.499.714 (depth 2, 32 lits): UNSAT in 0.12s
    cube 3062.499.715 (depth 2, 32 lits): UNSAT in 0.17s
    cube 3062.499.716 (depth 2, 32 lits): UNSAT in 0.02s
    cube 3062.499.717 (depth 2, 32 lits): UNSAT in 0.02s
    cube 3062.499.718 (depth 2, 32 lits): UNSAT in 0.02s
    cube 3062.499.719 (depth 2, 32 lits): UNSAT in 0.02s
    cube 3062.499.720 (depth 2, 32 lits): UNSAT in 0.02s
    cube 3062.499.721 (depth 2, 32 lits): UNSAT in 0.02s
    cube 3062.499.722 (depth 2, 32 lits): UNSAT in 0.02s
    cube 3062.499.723 (depth 2, 32 lits): UNSAT in 0.05s
    cube 3062.499.724 (depth 2, 32 lits): UNSAT in 0.06s
    cube 3062.499.725 (depth 2, 32 lits): UNSAT in 0.18s
    cube 3062.499.726 (depth 2, 32 lits): UNSAT in 0.04s
    cube 3062.499.727 (depth 2, 32 lits): UNSAT in 0.07s
    cube 3062.499.728 (depth 2, 32 lits): UNSAT in 0.07s
    cube 3062.499.729 (depth 2, 32 lits): UNSAT in 0.46s
    cube 3062.499.730 (depth 2, 32 lits): UNSAT in 0.27s
    cube 3062.499.731 (depth 2, 32 lits): UNSAT in 0.14s
    cube 3062.499.732 (depth 2, 32 lits): UNSAT in 0.01s
    cube 3062.499.733 (depth 2, 32 lits): UNSAT in 0.02s
    cube 3062.499.734 (depth 2, 32 lits): UNSAT in 0.02s
    cube 3062.499.735 (depth 2, 32 lits): UNSAT in 0.05s
    cube 3062.499.736 (depth 2, 32 lits): UNSAT in 0.02s
    cube 3062.499.737 (depth 2, 32 lits): UNSAT in 0.03s
    cube 3062.499.738 (depth 2, 32 lits): UNSAT in 0.03s
    cube 3062.499.739 (depth 2, 32 lits): UNSAT in 0.10s
    cube 3062.499.740 (depth 2, 32 lits): UNSAT in 0.02s
    cube 3062.499.741 (depth 2, 32 lits): UNSAT in 0.06s
    cube 3062.499.742 (depth 2, 32 lits): UNSAT in 0.06s
    cube 3062.499.743 (depth 2, 32 lits): UNSAT in 0.08s
    cube 3062.499.744 (depth 2, 32 lits): UNSAT in 0.05s
    cube 3062.499.745 (depth 2, 32 lits): UNSAT in 0.10s
    cube 3062.499.746 (depth 2, 32 lits): UNSAT in 0.06s
    cube 3062.499.747 (depth 2, 32 lits): UNSAT in 0.18s
    cube 3062.499.748 (depth 2, 32 lits): UNSAT in 0.03s
    cube 3062.499.749 (depth 2, 32 lits): UNSAT in 0.03s
    cube 3062.499.750 (depth 2, 32 lits): UNSAT in 0.15s
    cube 3062.499.751 (depth 2, 32 lits): UNSAT in 0.37s
    cube 3062.499.752 (depth 2, 32 lits): UNSAT in 0.03s
    cube 3062.499.753 (depth 2, 32 lits): UNSAT in 0.07s
    cube 3062.499.754 (depth 2, 32 lits): UNSAT in 0.25s
    cube 3062.499.755 (depth 2, 32 lits): UNSAT in 0.48s
    cube 3062.499.756 (depth 2, 32 lits): UNSAT in 0.06s
    cube 3062.499.757 (depth 2, 32 lits): UNSAT in 0.06s
    cube 3062.499.758 (depth 2, 32 lits): UNSAT in 0.07s
    cube 3062.499.759 (depth 2, 32 lits): UNSAT in 0.32s
    cube 3062.499.760 (depth 2, 32 lits): UNSAT in 0.11s
    cube 3062.499.761 (depth 2, 32 lits): UNSAT in 0.76s
    cube 3062.499.762 (depth 2, 32 lits): UNSAT in 1.42s
    cube 3062.499.763 (depth 2, 32 lits): UNSAT in 3.60s
    cube 3062.499.764 (depth 2, 32 lits): UNSAT in 0.02s
    cube 3062.499.765 (depth 2, 32 lits): UNSAT in 0.03s
    cube 3062.499.766 (depth 2, 32 lits): UNSAT in 0.03s
    cube 3062.499.767 (depth 2, 32 lits): UNSAT in 0.05s
    cube 3062.499.768 (depth 2, 32 lits): UNSAT in 0.03s
    cube 3062.499.769 (depth 2, 32 lits): UNSAT in 0.09s
    cube 3062.499.770 (depth 2, 32 lits): UNSAT in 0.03s
    cube 3062.499.771 (depth 2, 32 lits): UNSAT in 0.11s
    cube 3062.499.772 (depth 2, 32 lits): UNSAT in 0.02s
    cube 3062.499.773 (depth 2, 32 lits): UNSAT in 0.03s
    cube 3062.499.774 (depth 2, 32 lits): UNSAT in 0.03s
    cube 3062.499.775 (depth 2, 32 lits): UNSAT in 0.07s
    cube 3062.499.776 (depth 2, 32 lits): UNSAT in 0.01s
    cube 3062.499.777 (depth 2, 32 lits): UNSAT in 0.05s
    cube 3062.499.778 (depth 2, 32 lits): UNSAT in 0.05s
    cube 3062.499.779 (depth 2, 32 lits): UNSAT in 0.07s
    cube 3062.499.780 (depth 2, 32 lits): UNSAT in 0.02s
    cube 3062.499.781 (depth 2, 32 lits): UNSAT in 0.05s
    cube 3062.499.782 (depth 2, 32 lits): UNSAT in 0.05s
    cube 3062.499.783 (depth 2, 32 lits): UNSAT in 0.28s
    cube 3062.499.784 (depth 2, 32 lits): UNSAT in 0.04s
    cube 3062.499.785 (depth 2, 32 lits): UNSAT in 0.09s
    cube 3062.499.786 (depth 2, 32 lits): UNSAT in 0.12s
    cube 3062.499.787 (depth 2, 32 lits): UNSAT in 0.20s
    cube 3062.499.788 (depth 2, 32 lits): UNSAT in 0.11s
    cube 3062.499.789 (depth 2, 32 lits): UNSAT in 0.36s
    cube 3062.499.790 (depth 2, 32 lits): UNSAT in 0.21s
    cube 3062.499.791 (depth 2, 32 lits): UNSAT in 1.31s
    cube 3062.499.792 (depth 2, 32 lits): UNSAT in 2.54s
    cube 3062.499.793 (depth 2, 32 lits): UNSAT in 1.25s
    cube 3062.499.794 (depth 2, 32 lits): UNSAT in 2.13s
    cube 3062.499.795 (depth 2, 32 lits): UNSAT in 22.62s
    cube 3062.499.796 (depth 2, 32 lits): UNSAT in 0.02s
    cube 3062.499.797 (depth 2, 32 lits): UNSAT in 0.16s
    cube 3062.499.798 (depth 2, 32 lits): UNSAT in 0.02s
    cube 3062.499.799 (depth 2, 32 lits): UNSAT in 0.07s
    cube 3062.499.800 (depth 2, 32 lits): UNSAT in 0.13s
    cube 3062.499.801 (depth 2, 32 lits): UNSAT in 0.24s
    cube 3062.499.802 (depth 2, 32 lits): UNSAT in 0.06s
    cube 3062.499.803 (depth 2, 32 lits): UNSAT in 1.02s
    cube 3062.499.804 (depth 2, 32 lits): UNSAT in 0.03s
    cube 3062.499.805 (depth 2, 32 lits): UNSAT in 0.14s
    cube 3062.499.806 (depth 2, 32 lits): UNSAT in 0.12s
    cube 3062.499.807 (depth 2, 32 lits): UNSAT in 0.17s
    cube 3062.499.808 (depth 2, 32 lits): UNSAT in 0.10s
    cube 3062.499.809 (depth 2, 32 lits): UNSAT in 1.70s
    cube 3062.499.810 (depth 2, 32 lits): UNSAT in 0.60s
    cube 3062.499.811 (depth 2, 32 lits): UNSAT in 4.73s
    cube 3062.499.812 (depth 2, 32 lits): UNSAT in 0.03s
    cube 3062.499.813 (depth 2, 32 lits): UNSAT in 0.03s
    cube 3062.499.814 (depth 2, 32 lits): UNSAT in 0.06s
    cube 3062.499.815 (depth 2, 32 lits): UNSAT in 0.26s
    cube 3062.499.816 (depth 2, 32 lits): UNSAT in 0.09s
    cube 3062.499.817 (depth 2, 32 lits): UNSAT in 0.45s
    cube 3062.499.818 (depth 2, 32 lits): UNSAT in 0.25s
    cube 3062.499.819 (depth 2, 32 lits): UNSAT in 2.88s
    cube 3062.499.820 (depth 2, 32 lits): UNSAT in 0.07s
    cube 3062.499.821 (depth 2, 32 lits): UNSAT in 0.20s
    cube 3062.499.822 (depth 2, 32 lits): UNSAT in 0.17s
    cube 3062.499.823 (depth 2, 32 lits): UNSAT in 1.74s
    cube 3062.499.824 (depth 2, 32 lits): UNSAT in 1.38s
    cube 3062.499.825 (depth 2, 32 lits): UNSAT in 5.24s
    cube 3062.499.826 (depth 2, 32 lits): UNSAT in 3.22s
    cube 3062.499.827 (depth 2, 32 lits): UNSAT in 21.03s
    cube 3062.500 (depth 1, 22 lits): TIMEOUT in 1200.03s
    cube 3062.500 TIMEOUT -> re-split into 902 sub-cubes (depth 2)
    cube 3062.500.0 (depth 2, 30 lits): UNSAT in 0.01s
    cube 3062.500.1 (depth 2, 30 lits): UNSAT in 0.02s
    cube 3062.500.2 (depth 2, 30 lits): UNSAT in 0.02s
    cube 3062.500.3 (depth 2, 31 lits): UNSAT in 0.01s
    cube 3062.500.4 (depth 2, 31 lits): UNSAT in 0.02s
    cube 3062.500.5 (depth 2, 31 lits): UNSAT in 0.02s
    cube 3062.500.6 (depth 2, 31 lits): UNSAT in 0.01s
    cube 3062.500.7 (depth 2, 30 lits): UNSAT in 0.01s
    cube 3062.500.8 (depth 2, 31 lits): UNSAT in 0.01s
    cube 3062.500.9 (depth 2, 32 lits): UNSAT in 0.01s
    cube 3062.500.10 (depth 2, 32 lits): UNSAT in 0.02s
    cube 3062.500.11 (depth 2, 32 lits): UNSAT in 0.01s
    cube 3062.500.12 (depth 2, 32 lits): UNSAT in 0.02s
    cube 3062.500.13 (depth 2, 32 lits): UNSAT in 0.02s
    cube 3062.500.14 (depth 2, 32 lits): UNSAT in 0.06s
    cube 3062.500.15 (depth 2, 29 lits): UNSAT in 0.02s
    cube 3062.500.16 (depth 2, 31 lits): UNSAT in 0.01s
    cube 3062.500.17 (depth 2, 31 lits): UNSAT in 0.02s
    cube 3062.500.18 (depth 2, 32 lits): UNSAT in 0.02s
    cube 3062.500.19 (depth 2, 32 lits): UNSAT in 0.01s
    cube 3062.500.20 (depth 2, 32 lits): UNSAT in 0.01s
    cube 3062.500.21 (depth 2, 32 lits): UNSAT in 0.02s
    cube 3062.500.22 (depth 2, 31 lits): UNSAT in 0.01s
    cube 3062.500.23 (depth 2, 31 lits): UNSAT in 0.01s
    cube 3062.500.24 (depth 2, 32 lits): UNSAT in 0.01s
    cube 3062.500.25 (depth 2, 32 lits): UNSAT in 0.02s
    cube 3062.500.26 (depth 2, 32 lits): UNSAT in 0.01s
    cube 3062.500.27 (depth 2, 32 lits): UNSAT in 0.02s
    cube 3062.500.28 (depth 2, 32 lits): UNSAT in 0.01s
    cube 3062.500.29 (depth 2, 32 lits): UNSAT in 0.02s
    cube 3062.500.30 (depth 2, 32 lits): UNSAT in 0.02s
    cube 3062.500.31 (depth 2, 32 lits): UNSAT in 0.03s
    cube 3062.500.32 (depth 2, 32 lits): UNSAT in 0.01s
    cube 3062.500.33 (depth 2, 32 lits): UNSAT in 0.04s
    cube 3062.500.34 (depth 2, 32 lits): UNSAT in 0.03s
    cube 3062.500.35 (depth 2, 32 lits): UNSAT in 0.08s
    cube 3062.500.36 (depth 2, 30 lits): UNSAT in 0.02s
    cube 3062.500.37 (depth 2, 31 lits): UNSAT in 0.01s
    cube 3062.500.38 (depth 2, 32 lits): UNSAT in 0.01s
    cube 3062.500.39 (depth 2, 32 lits): UNSAT in 0.02s
    cube 3062.500.40 (depth 2, 31 lits): UNSAT in 0.02s
    cube 3062.500.41 (depth 2, 31 lits): UNSAT in 0.02s
    cube 3062.500.42 (depth 2, 31 lits): UNSAT in 0.02s
    cube 3062.500.43 (depth 2, 32 lits): UNSAT in 0.02s
    cube 3062.500.44 (depth 2, 32 lits): UNSAT in 0.03s
    cube 3062.500.45 (depth 2, 31 lits): UNSAT in 0.01s
    cube 3062.500.46 (depth 2, 32 lits): UNSAT in 0.01s
    cube 3062.500.47 (depth 2, 32 lits): UNSAT in 0.02s
    cube 3062.500.48 (depth 2, 32 lits): UNSAT in 0.01s
    cube 3062.500.49 (depth 2, 32 lits): UNSAT in 0.02s
    cube 3062.500.50 (depth 2, 32 lits): UNSAT in 0.02s
    cube 3062.500.51 (depth 2, 32 lits): UNSAT in 0.04s
    cube 3062.500.52 (depth 2, 32 lits): UNSAT in 0.02s
    cube 3062.500.53 (depth 2, 32 lits): UNSAT in 0.02s
    cube 3062.500.54 (depth 2, 32 lits): UNSAT in 0.02s
    cube 3062.500.55 (depth 2, 32 lits): UNSAT in 0.02s
    cube 3062.500.56 (depth 2, 32 lits): UNSAT in 0.02s
    cube 3062.500.57 (depth 2, 32 lits): UNSAT in 0.02s
    cube 3062.500.58 (depth 2, 32 lits): UNSAT in 0.02s
    cube 3062.500.59 (depth 2, 32 lits): UNSAT in 0.03s
    cube 3062.500.60 (depth 2, 31 lits): UNSAT in 0.01s
    cube 3062.500.61 (depth 2, 32 lits): UNSAT in 0.01s
    cube 3062.500.62 (depth 2, 32 lits): UNSAT in 0.02s
    cube 3062.500.63 (depth 2, 32 lits): UNSAT in 0.01s
    cube 3062.500.64 (depth 2, 32 lits): UNSAT in 0.02s
    cube 3062.500.65 (depth 2, 32 lits): UNSAT in 0.02s
    cube 3062.500.66 (depth 2, 32 lits): UNSAT in 0.04s
    cube 3062.500.67 (depth 2, 32 lits): UNSAT in 0.02s
    cube 3062.500.68 (depth 2, 32 lits): UNSAT in 0.02s
    cube 3062.500.69 (depth 2, 32 lits): UNSAT in 0.02s
    cube 3062.500.70 (depth 2, 32 lits): UNSAT in 0.04s
    cube 3062.500.71 (depth 2, 32 lits): UNSAT in 0.03s
    cube 3062.500.72 (depth 2, 32 lits): UNSAT in 0.04s
    cube 3062.500.73 (depth 2, 32 lits): UNSAT in 0.09s
    cube 3062.500.74 (depth 2, 32 lits): UNSAT in 0.10s
    cube 3062.500.75 (depth 2, 32 lits): UNSAT in 0.01s
    cube 3062.500.76 (depth 2, 32 lits): UNSAT in 0.02s
    cube 3062.500.77 (depth 2, 32 lits): UNSAT in 0.02s
    cube 3062.500.78 (depth 2, 32 lits): UNSAT in 0.03s
    cube 3062.500.79 (depth 2, 32 lits): UNSAT in 0.02s
    cube 3062.500.80 (depth 2, 32 lits): UNSAT in 0.02s
    cube 3062.500.81 (depth 2, 32 lits): UNSAT in 0.03s
    cube 3062.500.82 (depth 2, 32 lits): UNSAT in 0.06s
    cube 3062.500.83 (depth 2, 32 lits): UNSAT in 0.02s
    cube 3062.500.84 (depth 2, 32 lits): UNSAT in 0.05s
    cube 3062.500.85 (depth 2, 32 lits): UNSAT in 0.04s
    cube 3062.500.86 (depth 2, 32 lits): UNSAT in 0.12s
    cube 3062.500.87 (depth 2, 32 lits): UNSAT in 0.07s
    cube 3062.500.88 (depth 2, 32 lits): UNSAT in 0.13s
    cube 3062.500.89 (depth 2, 32 lits): UNSAT in 0.26s
    cube 3062.500.90 (depth 2, 32 lits): UNSAT in 0.31s
    cube 3062.500.91 (depth 2, 31 lits): UNSAT in 0.01s
    cube 3062.500.92 (depth 2, 31 lits): UNSAT in 0.02s
    cube 3062.500.93 (depth 2, 30 lits): UNSAT in 0.01s
    cube 3062.500.94 (depth 2, 30 lits): UNSAT in 0.01s
    cube 3062.500.95 (depth 2, 31 lits): UNSAT in 0.02s
    cube 3062.500.96 (depth 2, 32 lits): UNSAT in 0.02s
    cube 3062.500.97 (depth 2, 32 lits): UNSAT in 0.02s
    cube 3062.500.98 (depth 2, 32 lits): UNSAT in 0.01s
    cube 3062.500.99 (depth 2, 32 lits): UNSAT in 0.02s
    cube 3062.500.100 (depth 2, 31 lits): UNSAT in 0.02s
    cube 3062.500.101 (depth 2, 32 lits): UNSAT in 0.02s
    cube 3062.500.102 (depth 2, 32 lits): UNSAT in 0.03s
    cube 3062.500.103 (depth 2, 32 lits): UNSAT in 0.03s
    cube 3062.500.104 (depth 2, 32 lits): UNSAT in 0.04s
    cube 3062.500.105 (depth 2, 32 lits): UNSAT in 0.02s
    cube 3062.500.106 (depth 2, 32 lits): UNSAT in 0.02s
    cube 3062.500.107 (depth 2, 32 lits): UNSAT in 0.01s
    cube 3062.500.108 (depth 2, 32 lits): UNSAT in 0.06s
    cube 3062.500.109 (depth 2, 32 lits): UNSAT in 0.03s
    cube 3062.500.110 (depth 2, 32 lits): UNSAT in 0.07s
    cube 3062.500.111 (depth 2, 32 lits): UNSAT in 0.09s
    cube 3062.500.112 (depth 2, 32 lits): UNSAT in 0.11s
    cube 3062.500.113 (depth 2, 31 lits): UNSAT in 0.01s
    cube 3062.500.114 (depth 2, 32 lits): UNSAT in 0.01s
    cube 3062.500.115 (depth 2, 32 lits): UNSAT in 0.01s
    cube 3062.500.116 (depth 2, 31 lits): UNSAT in 0.01s
    cube 3062.500.117 (depth 2, 32 lits): UNSAT in 0.01s
    cube 3062.500.118 (depth 2, 32 lits): UNSAT in 0.01s
    cube 3062.500.119 (depth 2, 30 lits): UNSAT in 0.02s
    cube 3062.500.120 (depth 2, 32 lits): UNSAT in 0.01s
    cube 3062.500.121 (depth 2, 32 lits): UNSAT in 0.02s
    cube 3062.500.122 (depth 2, 32 lits): UNSAT in 0.02s
    cube 3062.500.123 (depth 2, 32 lits): UNSAT in 0.02s
    cube 3062.500.124 (depth 2, 31 lits): UNSAT in 0.01s
    cube 3062.500.125 (depth 2, 32 lits): UNSAT in 0.02s
    cube 3062.500.126 (depth 2, 32 lits): UNSAT in 0.02s
    cube 3062.500.127 (depth 2, 32 lits): UNSAT in 0.01s
    cube 3062.500.128 (depth 2, 32 lits): UNSAT in 0.02s
    cube 3062.500.129 (depth 2, 32 lits): UNSAT in 0.02s
    cube 3062.500.130 (depth 2, 32 lits): UNSAT in 0.01s
    cube 3062.500.131 (depth 2, 32 lits): UNSAT in 0.02s
    cube 3062.500.132 (depth 2, 32 lits): UNSAT in 0.02s
    cube 3062.500.133 (depth 2, 32 lits): UNSAT in 0.02s
    cube 3062.500.134 (depth 2, 32 lits): UNSAT in 0.02s
    cube 3062.500.135 (depth 2, 32 lits): UNSAT in 0.03s
    cube 3062.500.136 (depth 2, 32 lits): UNSAT in 0.06s
    cube 3062.500.137 (depth 2, 32 lits): UNSAT in 0.05s
    cube 3062.500.138 (depth 2, 32 lits): UNSAT in 0.04s
    cube 3062.500.139 (depth 2, 30 lits): UNSAT in 0.02s
    cube 3062.500.140 (depth 2, 32 lits): UNSAT in 0.02s
    cube 3062.500.141 (depth 2, 32 lits): UNSAT in 0.01s
    cube 3062.500.142 (depth 2, 32 lits): UNSAT in 0.02s
    cube 3062.500.143 (depth 2, 32 lits): UNSAT in 0.02s
    cube 3062.500.144 (depth 2, 32 lits): UNSAT in 0.02s
    cube 3062.500.145 (depth 2, 32 lits): UNSAT in 0.02s
    cube 3062.500.146 (depth 2, 31 lits): UNSAT in 0.01s
    cube 3062.500.147 (depth 2, 31 lits): UNSAT in 0.01s
    cube 3062.500.148 (depth 2, 32 lits): UNSAT in 0.02s
    cube 3062.500.149 (depth 2, 32 lits): UNSAT in 0.02s
    cube 3062.500.150 (depth 2, 31 lits): UNSAT in 0.01s
    cube 3062.500.151 (depth 2, 32 lits): UNSAT in 0.01s
    cube 3062.500.152 (depth 2, 32 lits): UNSAT in 0.01s
    cube 3062.500.153 (depth 2, 30 lits): UNSAT in 0.02s
    cube 3062.500.154 (depth 2, 32 lits): UNSAT in 0.03s
    cube 3062.500.155 (depth 2, 32 lits): UNSAT in 0.03s
    cube 3062.500.156 (depth 2, 32 lits): UNSAT in 0.05s
    cube 3062.500.157 (depth 2, 32 lits): UNSAT in 0.04s
    cube 3062.500.158 (depth 2, 32 lits): UNSAT in 0.02s
    cube 3062.500.159 (depth 2, 32 lits): UNSAT in 0.03s
    cube 3062.500.160 (depth 2, 32 lits): UNSAT in 0.07s
    cube 3062.500.161 (depth 2, 32 lits): UNSAT in 0.13s
    cube 3062.500.162 (depth 2, 32 lits): UNSAT in 0.02s
    cube 3062.500.163 (depth 2, 32 lits): UNSAT in 0.03s
    cube 3062.500.164 (depth 2, 32 lits): UNSAT in 0.04s
    cube 3062.500.165 (depth 2, 32 lits): UNSAT in 0.04s
    cube 3062.500.166 (depth 2, 32 lits): UNSAT in 0.02s
    cube 3062.500.167 (depth 2, 32 lits): UNSAT in 0.03s
    cube 3062.500.168 (depth 2, 32 lits): UNSAT in 0.05s
    cube 3062.500.169 (depth 2, 32 lits): UNSAT in 0.03s
    cube 3062.500.170 (depth 2, 32 lits): UNSAT in 0.02s
    cube 3062.500.171 (depth 2, 32 lits): UNSAT in 0.02s
    cube 3062.500.172 (depth 2, 32 lits): UNSAT in 0.02s
    cube 3062.500.173 (depth 2, 32 lits): UNSAT in 0.03s
    cube 3062.500.174 (depth 2, 32 lits): UNSAT in 0.02s
    cube 3062.500.175 (depth 2, 32 lits): UNSAT in 0.03s
    cube 3062.500.176 (depth 2, 32 lits): UNSAT in 0.03s
    cube 3062.500.177 (depth 2, 32 lits): UNSAT in 0.06s
    cube 3062.500.178 (depth 2, 32 lits): UNSAT in 0.03s
    cube 3062.500.179 (depth 2, 32 lits): UNSAT in 0.02s
    cube 3062.500.180 (depth 2, 32 lits): UNSAT in 0.02s
    cube 3062.500.181 (depth 2, 32 lits): UNSAT in 0.02s
    cube 3062.500.182 (depth 2, 32 lits): UNSAT in 0.03s
    cube 3062.500.183 (depth 2, 32 lits): UNSAT in 0.03s
    cube 3062.500.184 (depth 2, 32 lits): UNSAT in 0.12s
    cube 3062.500.185 (depth 2, 32 lits): UNSAT in 0.14s
    cube 3062.500.186 (depth 2, 32 lits): UNSAT in 0.02s
    cube 3062.500.187 (depth 2, 32 lits): UNSAT in 0.08s
    cube 3062.500.188 (depth 2, 32 lits): UNSAT in 0.08s
    cube 3062.500.189 (depth 2, 32 lits): UNSAT in 0.34s
    cube 3062.500.190 (depth 2, 32 lits): UNSAT in 0.10s
    cube 3062.500.191 (depth 2, 32 lits): UNSAT in 0.33s
    cube 3062.500.192 (depth 2, 32 lits): UNSAT in 0.11s
    cube 3062.500.193 (depth 2, 32 lits): UNSAT in 0.70s
    cube 3062.500.194 (depth 2, 31 lits): UNSAT in 0.01s
    cube 3062.500.195 (depth 2, 31 lits): UNSAT in 0.02s
    cube 3062.500.196 (depth 2, 31 lits): UNSAT in 0.01s
    cube 3062.500.197 (depth 2, 32 lits): UNSAT in 0.02s
    cube 3062.500.198 (depth 2, 32 lits): UNSAT in 0.03s
    cube 3062.500.199 (depth 2, 30 lits): UNSAT in 0.02s
    cube 3062.500.200 (depth 2, 31 lits): UNSAT in 0.02s
    cube 3062.500.201 (depth 2, 32 lits): UNSAT in 0.02s
    cube 3062.500.202 (depth 2, 32 lits): UNSAT in 0.03s
    cube 3062.500.203 (depth 2, 31 lits): UNSAT in 0.01s
    cube 3062.500.204 (depth 2, 31 lits): UNSAT in 0.02s
    cube 3062.500.205 (depth 2, 32 lits): UNSAT in 0.01s
    cube 3062.500.206 (depth 2, 32 lits): UNSAT in 0.02s
    cube 3062.500.207 (depth 2, 32 lits): UNSAT in 0.02s
    cube 3062.500.208 (depth 2, 32 lits): UNSAT in 0.03s
    cube 3062.500.209 (depth 2, 31 lits): UNSAT in 0.02s
    cube 3062.500.210 (depth 2, 31 lits): UNSAT in 0.01s
    cube 3062.500.211 (depth 2, 32 lits): UNSAT in 0.01s
    cube 3062.500.212 (depth 2, 32 lits): UNSAT in 0.02s
    cube 3062.500.213 (depth 2, 32 lits): UNSAT in 0.01s
    cube 3062.500.214 (depth 2, 32 lits): UNSAT in 0.02s
    cube 3062.500.215 (depth 2, 30 lits): UNSAT in 0.01s
    cube 3062.500.216 (depth 2, 30 lits): UNSAT in 0.02s
    cube 3062.500.217 (depth 2, 32 lits): UNSAT in 0.01s
    cube 3062.500.218 (depth 2, 32 lits): UNSAT in 0.01s
    cube 3062.500.219 (depth 2, 32 lits): UNSAT in 0.01s
    cube 3062.500.220 (depth 2, 32 lits): UNSAT in 0.01s
    cube 3062.500.221 (depth 2, 30 lits): UNSAT in 0.02s
    cube 3062.500.222 (depth 2, 32 lits): UNSAT in 0.02s
    cube 3062.500.223 (depth 2, 32 lits): UNSAT in 0.02s
    cube 3062.500.224 (depth 2, 32 lits): UNSAT in 0.02s
    cube 3062.500.225 (depth 2, 32 lits): UNSAT in 0.03s
    cube 3062.500.226 (depth 2, 31 lits): UNSAT in 0.02s
    cube 3062.500.227 (depth 2, 31 lits): UNSAT in 0.02s
    cube 3062.500.228 (depth 2, 32 lits): UNSAT in 0.02s
    cube 3062.500.229 (depth 2, 32 lits): UNSAT in 0.02s
    cube 3062.500.230 (depth 2, 32 lits): UNSAT in 0.01s
    cube 3062.500.231 (depth 2, 32 lits): UNSAT in 0.03s
    cube 3062.500.232 (depth 2, 32 lits): UNSAT in 0.01s
    cube 3062.500.233 (depth 2, 32 lits): UNSAT in 0.04s
    cube 3062.500.234 (depth 2, 32 lits): UNSAT in 0.07s
    cube 3062.500.235 (depth 2, 32 lits): UNSAT in 0.05s
    cube 3062.500.236 (depth 2, 31 lits): UNSAT in 0.01s
    cube 3062.500.237 (depth 2, 32 lits): UNSAT in 0.01s
    cube 3062.500.238 (depth 2, 32 lits): UNSAT in 0.03s
    cube 3062.500.239 (depth 2, 32 lits): UNSAT in 0.01s
    cube 3062.500.240 (depth 2, 32 lits): UNSAT in 0.02s
    cube 3062.500.241 (depth 2, 32 lits): UNSAT in 0.02s
    cube 3062.500.242 (depth 2, 32 lits): UNSAT in 0.10s
    cube 3062.500.243 (depth 2, 31 lits): UNSAT in 0.01s
    cube 3062.500.244 (depth 2, 32 lits): UNSAT in 0.01s
    cube 3062.500.245 (depth 2, 32 lits): UNSAT in 0.01s
    cube 3062.500.246 (depth 2, 32 lits): UNSAT in 0.03s
    cube 3062.500.247 (depth 2, 32 lits): UNSAT in 0.06s
    cube 3062.500.248 (depth 2, 32 lits): UNSAT in 0.03s
    cube 3062.500.249 (depth 2, 32 lits): UNSAT in 0.05s
    cube 3062.500.250 (depth 2, 31 lits): UNSAT in 0.02s
    cube 3062.500.251 (depth 2, 31 lits): UNSAT in 0.02s
    cube 3062.500.252 (depth 2, 31 lits): UNSAT in 0.02s
    cube 3062.500.253 (depth 2, 32 lits): UNSAT in 0.02s
    cube 3062.500.254 (depth 2, 32 lits): UNSAT in 0.03s
    cube 3062.500.255 (depth 2, 32 lits): UNSAT in 0.01s
    cube 3062.500.256 (depth 2, 32 lits): UNSAT in 0.02s
    cube 3062.500.257 (depth 2, 32 lits): UNSAT in 0.02s
    cube 3062.500.258 (depth 2, 32 lits): UNSAT in 0.04s
    cube 3062.500.259 (depth 2, 32 lits): UNSAT in 0.05s
    cube 3062.500.260 (depth 2, 32 lits): UNSAT in 0.11s
    cube 3062.500.261 (depth 2, 32 lits): UNSAT in 0.04s
    cube 3062.500.262 (depth 2, 32 lits): UNSAT in 0.11s
    cube 3062.500.263 (depth 2, 31 lits): UNSAT in 0.01s
    cube 3062.500.264 (depth 2, 32 lits): UNSAT in 0.01s
    cube 3062.500.265 (depth 2, 32 lits): UNSAT in 0.05s
    cube 3062.500.266 (depth 2, 32 lits): UNSAT in 0.05s
    cube 3062.500.267 (depth 2, 32 lits): UNSAT in 0.06s
    cube 3062.500.268 (depth 2, 32 lits): UNSAT in 0.04s
    cube 3062.500.269 (depth 2, 32 lits): UNSAT in 0.12s
    cube 3062.500.270 (depth 2, 32 lits): UNSAT in 0.02s
    cube 3062.500.271 (depth 2, 32 lits): UNSAT in 0.02s
    cube 3062.500.272 (depth 2, 32 lits): UNSAT in 0.03s
    cube 3062.500.273 (depth 2, 32 lits): UNSAT in 0.03s
    cube 3062.500.274 (depth 2, 32 lits): UNSAT in 0.02s
    cube 3062.500.275 (depth 2, 32 lits): UNSAT in 0.17s
    cube 3062.500.276 (depth 2, 32 lits): UNSAT in 0.07s
    cube 3062.500.277 (depth 2, 32 lits): UNSAT in 0.15s
    cube 3062.500.278 (depth 2, 32 lits): UNSAT in 0.03s
    cube 3062.500.279 (depth 2, 32 lits): UNSAT in 0.07s
    cube 3062.500.280 (depth 2, 32 lits): UNSAT in 0.07s
    cube 3062.500.281 (depth 2, 32 lits): UNSAT in 0.08s
    cube 3062.500.282 (depth 2, 32 lits): UNSAT in 0.03s
    cube 3062.500.283 (depth 2, 32 lits): UNSAT in 0.04s
    cube 3062.500.284 (depth 2, 32 lits): UNSAT in 0.05s
    cube 3062.500.285 (depth 2, 32 lits): UNSAT in 0.11s
    cube 3062.500.286 (depth 2, 32 lits): UNSAT in 0.02s
    cube 3062.500.287 (depth 2, 32 lits): UNSAT in 0.18s
    cube 3062.500.288 (depth 2, 32 lits): UNSAT in 0.08s
    cube 3062.500.289 (depth 2, 32 lits): UNSAT in 0.49s
    cube 3062.500.290 (depth 2, 32 lits): UNSAT in 0.24s
    cube 3062.500.291 (depth 2, 32 lits): UNSAT in 0.41s
    cube 3062.500.292 (depth 2, 32 lits): UNSAT in 0.27s
    cube 3062.500.293 (depth 2, 32 lits): UNSAT in 0.47s
    cube 3062.500.294 (depth 2, 30 lits): UNSAT in 0.01s
    cube 3062.500.295 (depth 2, 30 lits): UNSAT in 0.02s
    cube 3062.500.296 (depth 2, 32 lits): UNSAT in 0.01s
    cube 3062.500.297 (depth 2, 32 lits): UNSAT in 0.02s
    cube 3062.500.298 (depth 2, 32 lits): UNSAT in 0.01s
    cube 3062.500.299 (depth 2, 32 lits): UNSAT in 0.02s
    cube 3062.500.300 (depth 2, 32 lits): UNSAT in 0.01s
    cube 3062.500.301 (depth 2, 32 lits): UNSAT in 0.02s
    cube 3062.500.302 (depth 2, 32 lits): UNSAT in 0.02s
    cube 3062.500.303 (depth 2, 32 lits): UNSAT in 0.03s
    cube 3062.500.304 (depth 2, 32 lits): UNSAT in 0.02s
    cube 3062.500.305 (depth 2, 32 lits): UNSAT in 0.02s
    cube 3062.500.306 (depth 2, 32 lits): UNSAT in 0.02s
    cube 3062.500.307 (depth 2, 32 lits): UNSAT in 0.02s
    cube 3062.500.308 (depth 2, 32 lits): UNSAT in 0.02s
    cube 3062.500.309 (depth 2, 32 lits): UNSAT in 0.03s
    cube 3062.500.310 (depth 2, 32 lits): UNSAT in 0.03s
    cube 3062.500.311 (depth 2, 32 lits): UNSAT in 0.06s
    cube 3062.500.312 (depth 2, 32 lits): UNSAT in 0.02s
    cube 3062.500.313 (depth 2, 32 lits): UNSAT in 0.02s
    cube 3062.500.314 (depth 2, 32 lits): UNSAT in 0.03s
    cube 3062.500.315 (depth 2, 32 lits): UNSAT in 0.05s
    cube 3062.500.316 (depth 2, 32 lits): UNSAT in 0.03s
    cube 3062.500.317 (depth 2, 32 lits): UNSAT in 0.06s
    cube 3062.500.318 (depth 2, 32 lits): UNSAT in 0.04s
    cube 3062.500.319 (depth 2, 32 lits): UNSAT in 0.05s
    cube 3062.500.320 (depth 2, 31 lits): UNSAT in 0.02s
    cube 3062.500.321 (depth 2, 32 lits): UNSAT in 0.02s
    cube 3062.500.322 (depth 2, 32 lits): UNSAT in 0.02s
    cube 3062.500.323 (depth 2, 32 lits): UNSAT in 0.01s
    cube 3062.500.324 (depth 2, 32 lits): UNSAT in 0.01s
    cube 3062.500.325 (depth 2, 32 lits): UNSAT in 0.03s
    cube 3062.500.326 (depth 2, 32 lits): UNSAT in 0.02s
    cube 3062.500.327 (depth 2, 32 lits): UNSAT in 0.02s
    cube 3062.500.328 (depth 2, 32 lits): UNSAT in 0.04s
    cube 3062.500.329 (depth 2, 32 lits): UNSAT in 0.03s
    cube 3062.500.330 (depth 2, 32 lits): UNSAT in 0.08s
    cube 3062.500.331 (depth 2, 32 lits): UNSAT in 0.08s
    cube 3062.500.332 (depth 2, 32 lits): UNSAT in 0.11s
    cube 3062.500.333 (depth 2, 32 lits): UNSAT in 0.06s
    cube 3062.500.334 (depth 2, 32 lits): UNSAT in 0.12s
    cube 3062.500.335 (depth 2, 32 lits): UNSAT in 0.02s
    cube 3062.500.336 (depth 2, 32 lits): UNSAT in 0.03s
    cube 3062.500.337 (depth 2, 32 lits): UNSAT in 0.02s
    cube 3062.500.338 (depth 2, 32 lits): UNSAT in 0.06s
    cube 3062.500.339 (depth 2, 32 lits): UNSAT in 0.03s
    cube 3062.500.340 (depth 2, 32 lits): UNSAT in 0.09s
    cube 3062.500.341 (depth 2, 32 lits): UNSAT in 0.06s
    cube 3062.500.342 (depth 2, 32 lits): UNSAT in 0.34s
    cube 3062.500.343 (depth 2, 32 lits): UNSAT in 0.08s
    cube 3062.500.344 (depth 2, 32 lits): UNSAT in 0.08s
    cube 3062.500.345 (depth 2, 32 lits): UNSAT in 0.12s
    cube 3062.500.346 (depth 2, 32 lits): UNSAT in 0.12s
    cube 3062.500.347 (depth 2, 32 lits): UNSAT in 0.12s
    cube 3062.500.348 (depth 2, 32 lits): UNSAT in 0.77s
    cube 3062.500.349 (depth 2, 32 lits): UNSAT in 0.21s
    cube 3062.500.350 (depth 2, 32 lits): UNSAT in 0.84s
    cube 3062.500.351 (depth 2, 32 lits): UNSAT in 0.02s
    cube 3062.500.352 (depth 2, 32 lits): UNSAT in 0.02s
    cube 3062.500.353 (depth 2, 32 lits): UNSAT in 0.03s
    cube 3062.500.354 (depth 2, 32 lits): UNSAT in 0.07s
    cube 3062.500.355 (depth 2, 32 lits): UNSAT in 0.02s
    cube 3062.500.356 (depth 2, 32 lits): UNSAT in 0.03s
    cube 3062.500.357 (depth 2, 32 lits): UNSAT in 0.04s
    cube 3062.500.358 (depth 2, 32 lits): UNSAT in 0.07s
    cube 3062.500.359 (depth 2, 32 lits): UNSAT in 0.03s
    cube 3062.500.360 (depth 2, 32 lits): UNSAT in 0.03s
    cube 3062.500.361 (depth 2, 32 lits): UNSAT in 0.07s
    cube 3062.500.362 (depth 2, 32 lits): UNSAT in 0.07s
    cube 3062.500.363 (depth 2, 32 lits): UNSAT in 0.01s
    cube 3062.500.364 (depth 2, 32 lits): UNSAT in 0.03s
    cube 3062.500.365 (depth 2, 32 lits): UNSAT in 0.08s
    cube 3062.500.366 (depth 2, 32 lits): UNSAT in 0.14s
    cube 3062.500.367 (depth 2, 32 lits): UNSAT in 0.02s
    cube 3062.500.368 (depth 2, 32 lits): UNSAT in 0.07s
    cube 3062.500.369 (depth 2, 32 lits): UNSAT in 0.09s
    cube 3062.500.370 (depth 2, 32 lits): UNSAT in 0.16s
    cube 3062.500.371 (depth 2, 32 lits): UNSAT in 0.02s
    cube 3062.500.372 (depth 2, 32 lits): UNSAT in 0.10s
    cube 3062.500.373 (depth 2, 32 lits): UNSAT in 0.14s
    cube 3062.500.374 (depth 2, 32 lits): UNSAT in 2.16s
    cube 3062.500.375 (depth 2, 32 lits): UNSAT in 0.07s
    cube 3062.500.376 (depth 2, 32 lits): UNSAT in 0.05s
    cube 3062.500.377 (depth 2, 32 lits): UNSAT in 0.20s
    cube 3062.500.378 (depth 2, 32 lits): UNSAT in 0.57s
    cube 3062.500.379 (depth 2, 32 lits): UNSAT in 0.12s
    cube 3062.500.380 (depth 2, 32 lits): UNSAT in 0.42s
    cube 3062.500.381 (depth 2, 32 lits): UNSAT in 0.45s
    cube 3062.500.382 (depth 2, 32 lits): UNSAT in 2.14s
    cube 3062.500.383 (depth 2, 32 lits): UNSAT in 0.03s
    cube 3062.500.384 (depth 2, 32 lits): UNSAT in 0.03s
    cube 3062.500.385 (depth 2, 32 lits): UNSAT in 0.02s
    cube 3062.500.386 (depth 2, 32 lits): UNSAT in 0.03s
    cube 3062.500.387 (depth 2, 32 lits): UNSAT in 0.04s
    cube 3062.500.388 (depth 2, 32 lits): UNSAT in 0.05s
    cube 3062.500.389 (depth 2, 32 lits): UNSAT in 0.06s
    cube 3062.500.390 (depth 2, 32 lits): UNSAT in 0.28s
    cube 3062.500.391 (depth 2, 32 lits): UNSAT in 0.07s
    cube 3062.500.392 (depth 2, 32 lits): UNSAT in 0.14s
    cube 3062.500.393 (depth 2, 32 lits): UNSAT in 0.10s
    cube 3062.500.394 (depth 2, 32 lits): UNSAT in 1.13s
    cube 3062.500.395 (depth 2, 32 lits): UNSAT in 0.07s
    cube 3062.500.396 (depth 2, 32 lits): UNSAT in 0.35s
    cube 3062.500.397 (depth 2, 32 lits): UNSAT in 0.38s
    cube 3062.500.398 (depth 2, 32 lits): UNSAT in 2.61s
    cube 3062.500.399 (depth 2, 32 lits): UNSAT in 0.08s
    cube 3062.500.400 (depth 2, 32 lits): UNSAT in 0.07s
    cube 3062.500.401 (depth 2, 32 lits): UNSAT in 0.13s
    cube 3062.500.402 (depth 2, 32 lits): UNSAT in 0.36s
    cube 3062.500.403 (depth 2, 32 lits): UNSAT in 0.17s
    cube 3062.500.404 (depth 2, 32 lits): UNSAT in 1.24s
    cube 3062.500.405 (depth 2, 32 lits): UNSAT in 0.66s
    cube 3062.500.406 (depth 2, 32 lits): UNSAT in 2.52s
    cube 3062.500.407 (depth 2, 32 lits): UNSAT in 0.19s
    cube 3062.500.408 (depth 2, 32 lits): UNSAT in 0.42s
    cube 3062.500.409 (depth 2, 32 lits): UNSAT in 1.04s
    cube 3062.500.410 (depth 2, 32 lits): UNSAT in 7.28s
    cube 3062.500.411 (depth 2, 32 lits): UNSAT in 0.16s
    cube 3062.500.412 (depth 2, 32 lits): UNSAT in 0.50s
    cube 3062.500.413 (depth 2, 32 lits): UNSAT in 0.39s
    cube 3062.500.414 (depth 2, 32 lits): UNSAT in 7.46s
    cube 3062.500.415 (depth 2, 31 lits): UNSAT in 0.01s
    cube 3062.500.416 (depth 2, 31 lits): UNSAT in 0.02s
    cube 3062.500.417 (depth 2, 31 lits): UNSAT in 0.02s
    cube 3062.500.418 (depth 2, 31 lits): UNSAT in 0.02s
    cube 3062.500.419 (depth 2, 31 lits): UNSAT in 0.01s
    cube 3062.500.420 (depth 2, 32 lits): UNSAT in 0.02s
    cube 3062.500.421 (depth 2, 32 lits): UNSAT in 0.02s
    cube 3062.500.422 (depth 2, 32 lits): UNSAT in 0.01s
    cube 3062.500.423 (depth 2, 32 lits): UNSAT in 0.03s
    cube 3062.500.424 (depth 2, 32 lits): UNSAT in 0.02s
    cube 3062.500.425 (depth 2, 32 lits): UNSAT in 0.07s
    cube 3062.500.426 (depth 2, 31 lits): UNSAT in 0.01s
    cube 3062.500.427 (depth 2, 32 lits): UNSAT in 0.01s
    cube 3062.500.428 (depth 2, 32 lits): UNSAT in 0.02s
    cube 3062.500.429 (depth 2, 32 lits): UNSAT in 0.01s
    cube 3062.500.430 (depth 2, 32 lits): UNSAT in 0.03s
    cube 3062.500.431 (depth 2, 32 lits): UNSAT in 0.02s
    cube 3062.500.432 (depth 2, 32 lits): UNSAT in 0.02s
    cube 3062.500.433 (depth 2, 32 lits): UNSAT in 0.01s
    cube 3062.500.434 (depth 2, 32 lits): UNSAT in 0.04s
    cube 3062.500.435 (depth 2, 32 lits): UNSAT in 0.03s
    cube 3062.500.436 (depth 2, 32 lits): UNSAT in 0.03s
    cube 3062.500.437 (depth 2, 32 lits): UNSAT in 0.02s
    cube 3062.500.438 (depth 2, 32 lits): UNSAT in 0.02s
    cube 3062.500.439 (depth 2, 32 lits): UNSAT in 0.08s
    cube 3062.500.440 (depth 2, 32 lits): UNSAT in 0.14s
    cube 3062.500.441 (depth 2, 31 lits): UNSAT in 0.02s
    cube 3062.500.442 (depth 2, 32 lits): UNSAT in 0.01s
    cube 3062.500.443 (depth 2, 32 lits): UNSAT in 0.02s
    cube 3062.500.444 (depth 2, 32 lits): UNSAT in 0.01s
    cube 3062.500.445 (depth 2, 32 lits): UNSAT in 0.02s
    cube 3062.500.446 (depth 2, 32 lits): UNSAT in 0.02s
    cube 3062.500.447 (depth 2, 32 lits): UNSAT in 0.02s
    cube 3062.500.448 (depth 2, 32 lits): UNSAT in 0.02s
    cube 3062.500.449 (depth 2, 32 lits): UNSAT in 0.02s
    cube 3062.500.450 (depth 2, 32 lits): UNSAT in 0.02s
    cube 3062.500.451 (depth 2, 32 lits): UNSAT in 0.04s
    cube 3062.500.452 (depth 2, 32 lits): UNSAT in 0.02s
    cube 3062.500.453 (depth 2, 32 lits): UNSAT in 0.03s
    cube 3062.500.454 (depth 2, 32 lits): UNSAT in 0.03s
    cube 3062.500.455 (depth 2, 32 lits): UNSAT in 0.12s
    cube 3062.500.456 (depth 2, 32 lits): UNSAT in 0.01s
    cube 3062.500.457 (depth 2, 32 lits): UNSAT in 0.02s
    cube 3062.500.458 (depth 2, 32 lits): UNSAT in 0.03s
    cube 3062.500.459 (depth 2, 32 lits): UNSAT in 0.06s
    cube 3062.500.460 (depth 2, 32 lits): UNSAT in 0.02s
    cube 3062.500.461 (depth 2, 32 lits): UNSAT in 0.05s
    cube 3062.500.462 (depth 2, 32 lits): UNSAT in 0.07s
    cube 3062.500.463 (depth 2, 32 lits): UNSAT in 0.27s
    cube 3062.500.464 (depth 2, 32 lits): UNSAT in 0.02s
    cube 3062.500.465 (depth 2, 32 lits): UNSAT in 0.07s
    cube 3062.500.466 (depth 2, 32 lits): UNSAT in 0.04s
    cube 3062.500.467 (depth 2, 32 lits): UNSAT in 0.08s
    cube 3062.500.468 (depth 2, 32 lits): UNSAT in 0.04s
    cube 3062.500.469 (depth 2, 32 lits): UNSAT in 0.19s
    cube 3062.500.470 (depth 2, 32 lits): UNSAT in 0.16s
    cube 3062.500.471 (depth 2, 32 lits): UNSAT in 0.33s
    cube 3062.500.472 (depth 2, 31 lits): UNSAT in 0.02s
    cube 3062.500.473 (depth 2, 32 lits): UNSAT in 0.02s
    cube 3062.500.474 (depth 2, 32 lits): UNSAT in 0.02s
    cube 3062.500.475 (depth 2, 32 lits): UNSAT in 0.02s
    cube 3062.500.476 (depth 2, 32 lits): UNSAT in 0.02s
    cube 3062.500.477 (depth 2, 32 lits): UNSAT in 0.03s
    cube 3062.500.478 (depth 2, 32 lits): UNSAT in 0.03s
    cube 3062.500.479 (depth 2, 32 lits): UNSAT in 0.02s
    cube 3062.500.480 (depth 2, 32 lits): UNSAT in 0.02s
    cube 3062.500.481 (depth 2, 32 lits): UNSAT in 0.02s
    cube 3062.500.482 (depth 2, 32 lits): UNSAT in 0.03s
    cube 3062.500.483 (depth 2, 32 lits): UNSAT in 0.02s
    cube 3062.500.484 (depth 2, 32 lits): UNSAT in 0.02s
    cube 3062.500.485 (depth 2, 32 lits): UNSAT in 0.04s
    cube 3062.500.486 (depth 2, 32 lits): UNSAT in 0.07s
    cube 3062.500.487 (depth 2, 30 lits): UNSAT in 0.02s
    cube 3062.500.488 (depth 2, 31 lits): UNSAT in 0.02s
    cube 3062.500.489 (depth 2, 32 lits): UNSAT in 0.02s
    cube 3062.500.490 (depth 2, 32 lits): UNSAT in 0.03s
    cube 3062.500.491 (depth 2, 32 lits): UNSAT in 0.02s
    cube 3062.500.492 (depth 2, 32 lits): UNSAT in 0.02s
    cube 3062.500.493 (depth 2, 32 lits): UNSAT in 0.03s
    cube 3062.500.494 (depth 2, 32 lits): UNSAT in 0.04s
    cube 3062.500.495 (depth 2, 32 lits): UNSAT in 0.01s
    cube 3062.500.496 (depth 2, 32 lits): UNSAT in 0.06s
    cube 3062.500.497 (depth 2, 32 lits): UNSAT in 0.09s
    cube 3062.500.498 (depth 2, 32 lits): UNSAT in 0.18s
    cube 3062.500.499 (depth 2, 30 lits): UNSAT in 0.01s
    cube 3062.500.500 (depth 2, 31 lits): UNSAT in 0.02s
    cube 3062.500.501 (depth 2, 32 lits): UNSAT in 0.02s
    cube 3062.500.502 (depth 2, 32 lits): UNSAT in 0.02s
    cube 3062.500.503 (depth 2, 32 lits): UNSAT in 0.01s
    cube 3062.500.504 (depth 2, 32 lits): UNSAT in 0.01s
    cube 3062.500.505 (depth 2, 31 lits): UNSAT in 0.01s
    cube 3062.500.506 (depth 2, 32 lits): UNSAT in 0.01s
    cube 3062.500.507 (depth 2, 32 lits): UNSAT in 0.02s
    cube 3062.500.508 (depth 2, 32 lits): UNSAT in 0.04s
    cube 3062.500.509 (depth 2, 32 lits): UNSAT in 0.03s
    cube 3062.500.510 (depth 2, 32 lits): UNSAT in 0.02s
    cube 3062.500.511 (depth 2, 32 lits): UNSAT in 0.02s
    cube 3062.500.512 (depth 2, 32 lits): UNSAT in 0.02s
    cube 3062.500.513 (depth 2, 32 lits): UNSAT in 0.12s
    cube 3062.500.514 (depth 2, 32 lits): UNSAT in 0.02s
    cube 3062.500.515 (depth 2, 32 lits): UNSAT in 0.03s
    cube 3062.500.516 (depth 2, 32 lits): UNSAT in 0.08s
    cube 3062.500.517 (depth 2, 32 lits): UNSAT in 0.07s
    cube 3062.500.518 (depth 2, 32 lits): UNSAT in 0.02s
    cube 3062.500.519 (depth 2, 32 lits): UNSAT in 0.06s
    cube 3062.500.520 (depth 2, 32 lits): UNSAT in 0.05s
    cube 3062.500.521 (depth 2, 32 lits): UNSAT in 0.08s
    cube 3062.500.522 (depth 2, 32 lits): UNSAT in 0.05s
    cube 3062.500.523 (depth 2, 32 lits): UNSAT in 0.09s
    cube 3062.500.524 (depth 2, 32 lits): UNSAT in 0.08s
    cube 3062.500.525 (depth 2, 32 lits): UNSAT in 0.07s
    cube 3062.500.526 (depth 2, 32 lits): UNSAT in 0.01s
    cube 3062.500.527 (depth 2, 32 lits): UNSAT in 0.01s
    cube 3062.500.528 (depth 2, 32 lits): UNSAT in 0.01s
    cube 3062.500.529 (depth 2, 32 lits): UNSAT in 0.02s
    cube 3062.500.530 (depth 2, 32 lits): UNSAT in 0.01s
    cube 3062.500.531 (depth 2, 32 lits): UNSAT in 0.02s
    cube 3062.500.532 (depth 2, 32 lits): UNSAT in 0.02s
    cube 3062.500.533 (depth 2, 32 lits): UNSAT in 0.02s
    cube 3062.500.534 (depth 2, 32 lits): UNSAT in 0.01s
    cube 3062.500.535 (depth 2, 32 lits): UNSAT in 0.01s
    cube 3062.500.536 (depth 2, 32 lits): UNSAT in 0.02s
    cube 3062.500.537 (depth 2, 32 lits): UNSAT in 0.02s
    cube 3062.500.538 (depth 2, 32 lits): UNSAT in 0.01s
    cube 3062.500.539 (depth 2, 32 lits): UNSAT in 0.02s
    cube 3062.500.540 (depth 2, 32 lits): UNSAT in 0.03s
    cube 3062.500.541 (depth 2, 32 lits): UNSAT in 0.02s
    cube 3062.500.542 (depth 2, 31 lits): UNSAT in 0.02s
    cube 3062.500.543 (depth 2, 32 lits): UNSAT in 0.02s
    cube 3062.500.544 (depth 2, 32 lits): UNSAT in 0.03s
    cube 3062.500.545 (depth 2, 32 lits): UNSAT in 0.02s
    cube 3062.500.546 (depth 2, 32 lits): UNSAT in 0.02s
    cube 3062.500.547 (depth 2, 32 lits): UNSAT in 0.02s
    cube 3062.500.548 (depth 2, 32 lits): UNSAT in 0.01s
    cube 3062.500.549 (depth 2, 32 lits): UNSAT in 0.02s
    cube 3062.500.550 (depth 2, 32 lits): UNSAT in 0.02s
    cube 3062.500.551 (depth 2, 32 lits): UNSAT in 0.02s
    cube 3062.500.552 (depth 2, 32 lits): UNSAT in 0.04s
    cube 3062.500.553 (depth 2, 32 lits): UNSAT in 0.02s
    cube 3062.500.554 (depth 2, 32 lits): UNSAT in 0.05s
    cube 3062.500.555 (depth 2, 32 lits): UNSAT in 0.08s
    cube 3062.500.556 (depth 2, 32 lits): UNSAT in 0.08s
    cube 3062.500.557 (depth 2, 32 lits): UNSAT in 0.02s
    cube 3062.500.558 (depth 2, 32 lits): UNSAT in 0.02s
    cube 3062.500.559 (depth 2, 32 lits): UNSAT in 0.02s
    cube 3062.500.560 (depth 2, 32 lits): UNSAT in 0.02s
    cube 3062.500.561 (depth 2, 32 lits): UNSAT in 0.01s
    cube 3062.500.562 (depth 2, 32 lits): UNSAT in 0.03s
    cube 3062.500.563 (depth 2, 32 lits): UNSAT in 0.01s
    cube 3062.500.564 (depth 2, 32 lits): UNSAT in 0.09s
    cube 3062.500.565 (depth 2, 32 lits): UNSAT in 0.02s
    cube 3062.500.566 (depth 2, 32 lits): UNSAT in 0.05s
    cube 3062.500.567 (depth 2, 32 lits): UNSAT in 0.05s
    cube 3062.500.568 (depth 2, 32 lits): UNSAT in 0.07s
    cube 3062.500.569 (depth 2, 32 lits): UNSAT in 0.06s
    cube 3062.500.570 (depth 2, 32 lits): UNSAT in 0.11s
    cube 3062.500.571 (depth 2, 32 lits): UNSAT in 0.12s
    cube 3062.500.572 (depth 2, 32 lits): UNSAT in 0.33s
    cube 3062.500.573 (depth 2, 32 lits): UNSAT in 0.03s
    cube 3062.500.574 (depth 2, 32 lits): UNSAT in 0.05s
    cube 3062.500.575 (depth 2, 32 lits): UNSAT in 0.04s
    cube 3062.500.576 (depth 2, 32 lits): UNSAT in 0.17s
    cube 3062.500.577 (depth 2, 32 lits): UNSAT in 0.04s
    cube 3062.500.578 (depth 2, 32 lits): UNSAT in 0.18s
    cube 3062.500.579 (depth 2, 32 lits): UNSAT in 0.32s
    cube 3062.500.580 (depth 2, 32 lits): UNSAT in 0.68s
    cube 3062.500.581 (depth 2, 32 lits): UNSAT in 0.08s
    cube 3062.500.582 (depth 2, 32 lits): UNSAT in 0.19s
    cube 3062.500.583 (depth 2, 32 lits): UNSAT in 0.10s
    cube 3062.500.584 (depth 2, 32 lits): UNSAT in 0.71s
    cube 3062.500.585 (depth 2, 32 lits): UNSAT in 0.15s
    cube 3062.500.586 (depth 2, 32 lits): UNSAT in 1.47s
    cube 3062.500.587 (depth 2, 32 lits): UNSAT in 1.51s
    cube 3062.500.588 (depth 2, 32 lits): UNSAT in 4.56s
    cube 3062.500.589 (depth 2, 32 lits): UNSAT in 0.01s
    cube 3062.500.590 (depth 2, 32 lits): UNSAT in 0.01s
    cube 3062.500.591 (depth 2, 32 lits): UNSAT in 0.02s
    cube 3062.500.592 (depth 2, 32 lits): UNSAT in 0.02s
    cube 3062.500.593 (depth 2, 32 lits): UNSAT in 0.02s
    cube 3062.500.594 (depth 2, 32 lits): UNSAT in 0.05s
    cube 3062.500.595 (depth 2, 32 lits): UNSAT in 0.02s
    cube 3062.500.596 (depth 2, 32 lits): UNSAT in 0.04s
    cube 3062.500.597 (depth 2, 32 lits): UNSAT in 0.02s
    cube 3062.500.598 (depth 2, 32 lits): UNSAT in 0.04s
    cube 3062.500.599 (depth 2, 32 lits): UNSAT in 0.03s
    cube 3062.500.600 (depth 2, 32 lits): UNSAT in 0.04s
    cube 3062.500.601 (depth 2, 32 lits): UNSAT in 0.02s
    cube 3062.500.602 (depth 2, 32 lits): UNSAT in 0.12s
    cube 3062.500.603 (depth 2, 32 lits): UNSAT in 0.11s
    cube 3062.500.604 (depth 2, 32 lits): UNSAT in 0.18s
    cube 3062.500.605 (depth 2, 32 lits): UNSAT in 0.02s
    cube 3062.500.606 (depth 2, 32 lits): UNSAT in 0.06s
    cube 3062.500.607 (depth 2, 32 lits): UNSAT in 0.07s
    cube 3062.500.608 (depth 2, 32 lits): UNSAT in 0.46s
    cube 3062.500.609 (depth 2, 32 lits): UNSAT in 0.12s
    cube 3062.500.610 (depth 2, 32 lits): UNSAT in 0.30s
    cube 3062.500.611 (depth 2, 32 lits): UNSAT in 0.32s
    cube 3062.500.612 (depth 2, 32 lits): UNSAT in 1.95s
    cube 3062.500.613 (depth 2, 32 lits): UNSAT in 0.02s
    cube 3062.500.614 (depth 2, 32 lits): UNSAT in 0.05s
    cube 3062.500.615 (depth 2, 32 lits): UNSAT in 0.06s
    cube 3062.500.616 (depth 2, 32 lits): UNSAT in 0.09s
    cube 3062.500.617 (depth 2, 32 lits): UNSAT in 0.04s
    cube 3062.500.618 (depth 2, 32 lits): UNSAT in 0.33s
    cube 3062.500.619 (depth 2, 32 lits): UNSAT in 0.71s
    cube 3062.500.620 (depth 2, 32 lits): UNSAT in 0.42s
    cube 3062.500.621 (depth 2, 32 lits): UNSAT in 0.02s
    cube 3062.500.622 (depth 2, 32 lits): UNSAT in 0.02s
    cube 3062.500.623 (depth 2, 32 lits): UNSAT in 0.02s
    cube 3062.500.624 (depth 2, 32 lits): UNSAT in 0.03s
    cube 3062.500.625 (depth 2, 32 lits): UNSAT in 0.01s
    cube 3062.500.626 (depth 2, 32 lits): UNSAT in 0.02s
    cube 3062.500.627 (depth 2, 32 lits): UNSAT in 0.03s
    cube 3062.500.628 (depth 2, 32 lits): UNSAT in 0.02s
    cube 3062.500.629 (depth 2, 32 lits): UNSAT in 0.03s
    cube 3062.500.630 (depth 2, 32 lits): UNSAT in 0.07s
    cube 3062.500.631 (depth 2, 32 lits): UNSAT in 0.05s
    cube 3062.500.632 (depth 2, 32 lits): UNSAT in 0.11s
    cube 3062.500.633 (depth 2, 32 lits): UNSAT in 0.26s
    cube 3062.500.634 (depth 2, 32 lits): UNSAT in 0.28s
    cube 3062.500.635 (depth 2, 32 lits): UNSAT in 0.16s
    cube 3062.500.636 (depth 2, 32 lits): UNSAT in 0.28s
    cube 3062.500.637 (depth 2, 32 lits): UNSAT in 0.04s
    cube 3062.500.638 (depth 2, 32 lits): UNSAT in 0.22s
    cube 3062.500.639 (depth 2, 32 lits): UNSAT in 0.09s
    cube 3062.500.640 (depth 2, 32 lits): UNSAT in 0.11s
    cube 3062.500.641 (depth 2, 32 lits): UNSAT in 0.09s
    cube 3062.500.642 (depth 2, 32 lits): UNSAT in 0.13s
    cube 3062.500.643 (depth 2, 32 lits): UNSAT in 0.22s
    cube 3062.500.644 (depth 2, 32 lits): UNSAT in 0.62s
    cube 3062.500.645 (depth 2, 32 lits): UNSAT in 0.08s
    cube 3062.500.646 (depth 2, 32 lits): UNSAT in 0.24s
    cube 3062.500.647 (depth 2, 32 lits): UNSAT in 0.14s
    cube 3062.500.648 (depth 2, 32 lits): UNSAT in 0.87s
    cube 3062.500.649 (depth 2, 32 lits): UNSAT in 0.29s
    cube 3062.500.650 (depth 2, 32 lits): UNSAT in 0.69s
    cube 3062.500.651 (depth 2, 32 lits): UNSAT in 1.18s
    cube 3062.500.652 (depth 2, 32 lits): UNSAT in 0.90s
    cube 3062.500.653 (depth 2, 31 lits): UNSAT in 0.01s
    cube 3062.500.654 (depth 2, 32 lits): UNSAT in 0.01s
    cube 3062.500.655 (depth 2, 32 lits): UNSAT in 0.01s
    cube 3062.500.656 (depth 2, 31 lits): UNSAT in 0.02s
    cube 3062.500.657 (depth 2, 32 lits): UNSAT in 0.02s
    cube 3062.500.658 (depth 2, 32 lits): UNSAT in 0.03s
    cube 3062.500.659 (depth 2, 32 lits): UNSAT in 0.01s
    cube 3062.500.660 (depth 2, 32 lits): UNSAT in 0.02s
    cube 3062.500.661 (depth 2, 32 lits): UNSAT in 0.01s
    cube 3062.500.662 (depth 2, 32 lits): UNSAT in 0.02s
    cube 3062.500.663 (depth 2, 31 lits): UNSAT in 0.01s
    cube 3062.500.664 (depth 2, 32 lits): UNSAT in 0.02s
    cube 3062.500.665 (depth 2, 32 lits): UNSAT in 0.02s
    cube 3062.500.666 (depth 2, 32 lits): UNSAT in 0.01s
    cube 3062.500.667 (depth 2, 32 lits): UNSAT in 0.02s
    cube 3062.500.668 (depth 2, 31 lits): UNSAT in 0.02s
    cube 3062.500.669 (depth 2, 32 lits): UNSAT in 0.01s
    cube 3062.500.670 (depth 2, 32 lits): UNSAT in 0.02s
    cube 3062.500.671 (depth 2, 32 lits): UNSAT in 0.02s
    cube 3062.500.672 (depth 2, 32 lits): UNSAT in 0.04s
    cube 3062.500.673 (depth 2, 32 lits): UNSAT in 0.05s
    cube 3062.500.674 (depth 2, 32 lits): UNSAT in 0.04s
    cube 3062.500.675 (depth 2, 32 lits): UNSAT in 0.03s
    cube 3062.500.676 (depth 2, 32 lits): UNSAT in 0.07s
    cube 3062.500.677 (depth 2, 32 lits): UNSAT in 0.03s
    cube 3062.500.678 (depth 2, 32 lits): UNSAT in 0.11s
    cube 3062.500.679 (depth 2, 32 lits): UNSAT in 0.27s
    cube 3062.500.680 (depth 2, 32 lits): UNSAT in 0.17s
    cube 3062.500.681 (depth 2, 32 lits): UNSAT in 0.01s
    cube 3062.500.682 (depth 2, 32 lits): UNSAT in 0.02s
    cube 3062.500.683 (depth 2, 32 lits): UNSAT in 0.02s
    cube 3062.500.684 (depth 2, 32 lits): UNSAT in 0.04s
    cube 3062.500.685 (depth 2, 32 lits): UNSAT in 0.02s
    cube 3062.500.686 (depth 2, 32 lits): UNSAT in 0.03s
    cube 3062.500.687 (depth 2, 32 lits): UNSAT in 0.02s
    cube 3062.500.688 (depth 2, 32 lits): UNSAT in 0.08s
    cube 3062.500.689 (depth 2, 32 lits): UNSAT in 0.02s
    cube 3062.500.690 (depth 2, 32 lits): UNSAT in 0.04s
    cube 3062.500.691 (depth 2, 32 lits): UNSAT in 0.04s
    cube 3062.500.692 (depth 2, 32 lits): UNSAT in 0.06s
    cube 3062.500.693 (depth 2, 32 lits): UNSAT in 0.09s
    cube 3062.500.694 (depth 2, 32 lits): UNSAT in 0.12s
    cube 3062.500.695 (depth 2, 32 lits): UNSAT in 0.21s
    cube 3062.500.696 (depth 2, 32 lits): UNSAT in 0.41s
    cube 3062.500.697 (depth 2, 32 lits): UNSAT in 0.02s
    cube 3062.500.698 (depth 2, 32 lits): UNSAT in 0.05s
    cube 3062.500.699 (depth 2, 32 lits): UNSAT in 0.03s
    cube 3062.500.700 (depth 2, 32 lits): UNSAT in 0.08s
    cube 3062.500.701 (depth 2, 32 lits): UNSAT in 0.05s
    cube 3062.500.702 (depth 2, 32 lits): UNSAT in 0.11s
    cube 3062.500.703 (depth 2, 32 lits): UNSAT in 0.04s
    cube 3062.500.704 (depth 2, 32 lits): UNSAT in 0.80s
    cube 3062.500.705 (depth 2, 32 lits): UNSAT in 0.03s
    cube 3062.500.706 (depth 2, 32 lits): UNSAT in 0.10s
    cube 3062.500.707 (depth 2, 32 lits): UNSAT in 0.10s
    cube 3062.500.708 (depth 2, 32 lits): UNSAT in 0.95s
    cube 3062.500.709 (depth 2, 32 lits): UNSAT in 0.20s
    cube 3062.500.710 (depth 2, 32 lits): UNSAT in 0.79s
    cube 3062.500.711 (depth 2, 32 lits): UNSAT in 0.48s
    cube 3062.500.712 (depth 2, 32 lits): UNSAT in 0.87s
    cube 3062.500.713 (depth 2, 32 lits): UNSAT in 0.01s
    cube 3062.500.714 (depth 2, 32 lits): UNSAT in 0.02s
    cube 3062.500.715 (depth 2, 32 lits): UNSAT in 0.02s
    cube 3062.500.716 (depth 2, 32 lits): UNSAT in 0.04s
    cube 3062.500.717 (depth 2, 32 lits): UNSAT in 0.02s
    cube 3062.500.718 (depth 2, 32 lits): UNSAT in 0.03s
    cube 3062.500.719 (depth 2, 32 lits): UNSAT in 0.03s
    cube 3062.500.720 (depth 2, 32 lits): UNSAT in 0.13s
    cube 3062.500.721 (depth 2, 32 lits): UNSAT in 0.03s
    cube 3062.500.722 (depth 2, 32 lits): UNSAT in 0.05s
    cube 3062.500.723 (depth 2, 32 lits): UNSAT in 0.04s
    cube 3062.500.724 (depth 2, 32 lits): UNSAT in 0.05s
    cube 3062.500.725 (depth 2, 32 lits): UNSAT in 0.03s
    cube 3062.500.726 (depth 2, 32 lits): UNSAT in 0.04s
    cube 3062.500.727 (depth 2, 32 lits): UNSAT in 0.02s
    cube 3062.500.728 (depth 2, 32 lits): UNSAT in 0.42s
    cube 3062.500.729 (depth 2, 32 lits): UNSAT in 0.02s
    cube 3062.500.730 (depth 2, 32 lits): UNSAT in 0.02s
    cube 3062.500.731 (depth 2, 31 lits): UNSAT in 0.02s
    cube 3062.500.732 (depth 2, 31 lits): UNSAT in 0.02s
    cube 3062.500.733 (depth 2, 32 lits): UNSAT in 0.08s
    cube 3062.500.734 (depth 2, 32 lits): UNSAT in 0.12s
    cube 3062.500.735 (depth 2, 32 lits): UNSAT in 0.05s
    cube 3062.500.736 (depth 2, 32 lits): UNSAT in 0.08s
    cube 3062.500.737 (depth 2, 32 lits): UNSAT in 0.07s
    cube 3062.500.738 (depth 2, 32 lits): UNSAT in 0.20s
    cube 3062.500.739 (depth 2, 32 lits): UNSAT in 0.02s
    cube 3062.500.740 (depth 2, 32 lits): UNSAT in 0.24s
    cube 3062.500.741 (depth 2, 32 lits): UNSAT in 0.53s
    cube 3062.500.742 (depth 2, 32 lits): UNSAT in 0.37s
    cube 3062.500.743 (depth 2, 32 lits): UNSAT in 0.02s
    cube 3062.500.744 (depth 2, 32 lits): UNSAT in 0.03s
    cube 3062.500.745 (depth 2, 32 lits): UNSAT in 0.05s
    cube 3062.500.746 (depth 2, 32 lits): UNSAT in 0.06s
    cube 3062.500.747 (depth 2, 32 lits): UNSAT in 0.02s
    cube 3062.500.748 (depth 2, 32 lits): UNSAT in 0.04s
    cube 3062.500.749 (depth 2, 32 lits): UNSAT in 0.08s
    cube 3062.500.750 (depth 2, 32 lits): UNSAT in 0.18s
    cube 3062.500.751 (depth 2, 32 lits): UNSAT in 0.03s
    cube 3062.500.752 (depth 2, 32 lits): UNSAT in 0.11s
    cube 3062.500.753 (depth 2, 32 lits): UNSAT in 0.08s
    cube 3062.500.754 (depth 2, 32 lits): UNSAT in 0.13s
    cube 3062.500.755 (depth 2, 32 lits): UNSAT in 0.06s
    cube 3062.500.756 (depth 2, 32 lits): UNSAT in 0.23s
    cube 3062.500.757 (depth 2, 32 lits): UNSAT in 0.18s
    cube 3062.500.758 (depth 2, 32 lits): UNSAT in 1.21s
    cube 3062.500.759 (depth 2, 32 lits): UNSAT in 0.08s
    cube 3062.500.760 (depth 2, 32 lits): UNSAT in 0.08s
    cube 3062.500.761 (depth 2, 32 lits): UNSAT in 0.19s
    cube 3062.500.762 (depth 2, 32 lits): UNSAT in 0.32s
    cube 3062.500.763 (depth 2, 32 lits): UNSAT in 0.13s
    cube 3062.500.764 (depth 2, 32 lits): UNSAT in 0.21s
    cube 3062.500.765 (depth 2, 32 lits): UNSAT in 0.49s
    cube 3062.500.766 (depth 2, 32 lits): UNSAT in 2.29s
    cube 3062.500.767 (depth 2, 32 lits): UNSAT in 0.07s
    cube 3062.500.768 (depth 2, 32 lits): UNSAT in 0.14s
    cube 3062.500.769 (depth 2, 32 lits): UNSAT in 0.14s
    cube 3062.500.770 (depth 2, 32 lits): UNSAT in 0.06s
    cube 3062.500.771 (depth 2, 32 lits): UNSAT in 0.30s
    cube 3062.500.772 (depth 2, 32 lits): UNSAT in 0.67s
    cube 3062.500.773 (depth 2, 32 lits): UNSAT in 0.16s
    cube 3062.500.774 (depth 2, 32 lits): UNSAT in 3.10s
    cube 3062.500.775 (depth 2, 31 lits): UNSAT in 0.02s
    cube 3062.500.776 (depth 2, 32 lits): UNSAT in 0.02s
    cube 3062.500.777 (depth 2, 32 lits): UNSAT in 0.02s
    cube 3062.500.778 (depth 2, 32 lits): UNSAT in 0.02s
    cube 3062.500.779 (depth 2, 32 lits): UNSAT in 0.02s
    cube 3062.500.780 (depth 2, 32 lits): UNSAT in 0.02s
    cube 3062.500.781 (depth 2, 32 lits): UNSAT in 0.03s
    cube 3062.500.782 (depth 2, 32 lits): UNSAT in 0.03s
    cube 3062.500.783 (depth 2, 32 lits): UNSAT in 0.04s
    cube 3062.500.784 (depth 2, 32 lits): UNSAT in 0.03s
    cube 3062.500.785 (depth 2, 32 lits): UNSAT in 0.11s
    cube 3062.500.786 (depth 2, 32 lits): UNSAT in 0.02s
    cube 3062.500.787 (depth 2, 32 lits): UNSAT in 0.05s
    cube 3062.500.788 (depth 2, 32 lits): UNSAT in 0.12s
    cube 3062.500.789 (depth 2, 32 lits): UNSAT in 0.31s
    cube 3062.500.790 (depth 2, 32 lits): UNSAT in 0.03s
    cube 3062.500.791 (depth 2, 32 lits): UNSAT in 0.07s
    cube 3062.500.792 (depth 2, 32 lits): UNSAT in 0.02s
    cube 3062.500.793 (depth 2, 32 lits): UNSAT in 0.11s
    cube 3062.500.794 (depth 2, 32 lits): UNSAT in 0.16s
    cube 3062.500.795 (depth 2, 32 lits): UNSAT in 0.22s
    cube 3062.500.796 (depth 2, 32 lits): UNSAT in 0.09s
    cube 3062.500.797 (depth 2, 32 lits): UNSAT in 0.31s
    cube 3062.500.798 (depth 2, 32 lits): UNSAT in 0.01s
    cube 3062.500.799 (depth 2, 32 lits): UNSAT in 0.04s
    cube 3062.500.800 (depth 2, 32 lits): UNSAT in 0.03s
    cube 3062.500.801 (depth 2, 32 lits): UNSAT in 0.08s
    cube 3062.500.802 (depth 2, 32 lits): UNSAT in 0.06s
    cube 3062.500.803 (depth 2, 32 lits): UNSAT in 0.24s
    cube 3062.500.804 (depth 2, 32 lits): UNSAT in 0.23s
    cube 3062.500.805 (depth 2, 32 lits): UNSAT in 0.36s
    cube 3062.500.806 (depth 2, 32 lits): UNSAT in 0.03s
    cube 3062.500.807 (depth 2, 32 lits): UNSAT in 0.04s
    cube 3062.500.808 (depth 2, 32 lits): UNSAT in 0.02s
    cube 3062.500.809 (depth 2, 32 lits): UNSAT in 0.05s
    cube 3062.500.810 (depth 2, 32 lits): UNSAT in 0.06s
    cube 3062.500.811 (depth 2, 32 lits): UNSAT in 0.12s
    cube 3062.500.812 (depth 2, 32 lits): UNSAT in 0.08s
    cube 3062.500.813 (depth 2, 32 lits): UNSAT in 0.37s
    cube 3062.500.814 (depth 2, 32 lits): UNSAT in 0.01s
    cube 3062.500.815 (depth 2, 32 lits): UNSAT in 0.02s
    cube 3062.500.816 (depth 2, 32 lits): UNSAT in 0.01s
    cube 3062.500.817 (depth 2, 32 lits): UNSAT in 0.02s
    cube 3062.500.818 (depth 2, 32 lits): UNSAT in 0.16s
    cube 3062.500.819 (depth 2, 32 lits): UNSAT in 0.26s
    cube 3062.500.820 (depth 2, 32 lits): UNSAT in 0.11s
    cube 3062.500.821 (depth 2, 32 lits): UNSAT in 0.37s
    cube 3062.500.822 (depth 2, 32 lits): UNSAT in 0.02s
    cube 3062.500.823 (depth 2, 32 lits): UNSAT in 0.03s
    cube 3062.500.824 (depth 2, 32 lits): UNSAT in 0.03s
    cube 3062.500.825 (depth 2, 32 lits): UNSAT in 0.09s
    cube 3062.500.826 (depth 2, 32 lits): UNSAT in 0.05s
    cube 3062.500.827 (depth 2, 32 lits): UNSAT in 0.33s
    cube 3062.500.828 (depth 2, 32 lits): UNSAT in 0.18s
    cube 3062.500.829 (depth 2, 32 lits): UNSAT in 0.15s
    cube 3062.500.830 (depth 2, 32 lits): UNSAT in 0.12s
    cube 3062.500.831 (depth 2, 32 lits): UNSAT in 0.07s
    cube 3062.500.832 (depth 2, 32 lits): UNSAT in 0.41s
    cube 3062.500.833 (depth 2, 32 lits): UNSAT in 2.13s
    cube 3062.500.834 (depth 2, 32 lits): UNSAT in 0.02s
    cube 3062.500.835 (depth 2, 32 lits): UNSAT in 0.38s
    cube 3062.500.836 (depth 2, 32 lits): UNSAT in 0.19s
    cube 3062.500.837 (depth 2, 32 lits): UNSAT in 0.63s
    cube 3062.500.838 (depth 2, 32 lits): UNSAT in 0.03s
    cube 3062.500.839 (depth 2, 32 lits): UNSAT in 0.04s
    cube 3062.500.840 (depth 2, 32 lits): UNSAT in 0.06s
    cube 3062.500.841 (depth 2, 32 lits): UNSAT in 0.14s
    cube 3062.500.842 (depth 2, 32 lits): UNSAT in 0.06s
    cube 3062.500.843 (depth 2, 32 lits): UNSAT in 0.11s
    cube 3062.500.844 (depth 2, 32 lits): UNSAT in 0.22s
    cube 3062.500.845 (depth 2, 32 lits): UNSAT in 0.96s
    cube 3062.500.846 (depth 2, 32 lits): UNSAT in 0.11s
    cube 3062.500.847 (depth 2, 32 lits): UNSAT in 0.38s
    cube 3062.500.848 (depth 2, 32 lits): UNSAT in 0.72s
    cube 3062.500.849 (depth 2, 32 lits): UNSAT in 1.11s
    cube 3062.500.850 (depth 2, 32 lits): UNSAT in 0.19s
    cube 3062.500.851 (depth 2, 32 lits): UNSAT in 0.18s
    cube 3062.500.852 (depth 2, 32 lits): UNSAT in 0.32s
    cube 3062.500.853 (depth 2, 32 lits): UNSAT in 6.21s
    cube 3062.500.854 (depth 2, 32 lits): UNSAT in 0.06s
    cube 3062.500.855 (depth 2, 32 lits): UNSAT in 0.19s
    cube 3062.500.856 (depth 2, 32 lits): UNSAT in 0.11s
    cube 3062.500.857 (depth 2, 32 lits): UNSAT in 1.11s
    cube 3062.500.858 (depth 2, 32 lits): UNSAT in 0.26s
    cube 3062.500.859 (depth 2, 32 lits): UNSAT in 0.57s
    cube 3062.500.860 (depth 2, 32 lits): UNSAT in 0.26s
    cube 3062.500.861 (depth 2, 32 lits): UNSAT in 3.19s
    cube 3062.500.862 (depth 2, 32 lits): UNSAT in 0.11s
    cube 3062.500.863 (depth 2, 32 lits): UNSAT in 0.18s
    cube 3062.500.864 (depth 2, 32 lits): UNSAT in 0.20s
    cube 3062.500.865 (depth 2, 32 lits): UNSAT in 0.79s
    cube 3062.500.866 (depth 2, 32 lits): UNSAT in 0.47s
    cube 3062.500.867 (depth 2, 32 lits): UNSAT in 2.85s
    cube 3062.500.868 (depth 2, 32 lits): UNSAT in 1.99s
    cube 3062.500.869 (depth 2, 32 lits): UNSAT in 3.54s
    cube 3062.500.870 (depth 2, 32 lits): UNSAT in 0.04s
    cube 3062.500.871 (depth 2, 32 lits): UNSAT in 0.05s
    cube 3062.500.872 (depth 2, 32 lits): UNSAT in 0.07s
    cube 3062.500.873 (depth 2, 32 lits): UNSAT in 0.05s
    cube 3062.500.874 (depth 2, 32 lits): UNSAT in 0.11s
    cube 3062.500.875 (depth 2, 32 lits): UNSAT in 0.37s
    cube 3062.500.876 (depth 2, 32 lits): UNSAT in 0.06s
    cube 3062.500.877 (depth 2, 32 lits): UNSAT in 0.54s
    cube 3062.500.878 (depth 2, 32 lits): UNSAT in 0.23s
    cube 3062.500.879 (depth 2, 32 lits): UNSAT in 0.35s
    cube 3062.500.880 (depth 2, 32 lits): UNSAT in 0.89s
    cube 3062.500.881 (depth 2, 32 lits): UNSAT in 0.68s
    cube 3062.500.882 (depth 2, 32 lits): UNSAT in 0.08s
    cube 3062.500.883 (depth 2, 32 lits): UNSAT in 1.66s
    cube 3062.500.884 (depth 2, 32 lits): UNSAT in 1.30s
    cube 3062.500.885 (depth 2, 32 lits): UNSAT in 27.84s
    cube 3062.500.886 (depth 2, 32 lits): UNSAT in 0.07s
    cube 3062.500.887 (depth 2, 32 lits): UNSAT in 0.12s
    cube 3062.500.888 (depth 2, 32 lits): UNSAT in 0.09s
    cube 3062.500.889 (depth 2, 32 lits): UNSAT in 0.26s
    cube 3062.500.890 (depth 2, 32 lits): UNSAT in 0.03s
    cube 3062.500.891 (depth 2, 32 lits): UNSAT in 0.04s
    cube 3062.500.892 (depth 2, 32 lits): UNSAT in 0.61s
    cube 3062.500.893 (depth 2, 32 lits): UNSAT in 1.23s
    cube 3062.500.894 (depth 2, 32 lits): UNSAT in 0.18s
    cube 3062.500.895 (depth 2, 32 lits): UNSAT in 0.09s
    cube 3062.500.896 (depth 2, 32 lits): UNSAT in 0.25s
    cube 3062.500.897 (depth 2, 32 lits): UNSAT in 0.50s
    cube 3062.500.898 (depth 2, 32 lits): UNSAT in 0.15s
    cube 3062.500.899 (depth 2, 32 lits): UNSAT in 0.97s
    cube 3062.500.900 (depth 2, 32 lits): UNSAT in 1.77s
    cube 3062.500.901 (depth 2, 32 lits): UNSAT in 12.70s
    cube 3062.501 (depth 1, 22 lits): TIMEOUT in 1200.04s
    cube 3062.501 TIMEOUT -> re-split into 943 sub-cubes (depth 2)
    cube 3062.501.0 (depth 2, 28 lits): UNSAT in 0.01s
    cube 3062.501.1 (depth 2, 31 lits): UNSAT in 0.01s
    cube 3062.501.2 (depth 2, 31 lits): UNSAT in 0.02s
    cube 3062.501.3 (depth 2, 32 lits): UNSAT in 0.01s
    cube 3062.501.4 (depth 2, 32 lits): UNSAT in 0.02s
    cube 3062.501.5 (depth 2, 32 lits): UNSAT in 0.01s
    cube 3062.501.6 (depth 2, 32 lits): UNSAT in 0.02s
    cube 3062.501.7 (depth 2, 32 lits): UNSAT in 0.01s
    cube 3062.501.8 (depth 2, 32 lits): UNSAT in 0.01s
    cube 3062.501.9 (depth 2, 32 lits): UNSAT in 0.02s
    cube 3062.501.10 (depth 2, 32 lits): UNSAT in 0.01s
    cube 3062.501.11 (depth 2, 31 lits): UNSAT in 0.01s
    cube 3062.501.12 (depth 2, 32 lits): UNSAT in 0.01s
    cube 3062.501.13 (depth 2, 32 lits): UNSAT in 0.02s
    cube 3062.501.14 (depth 2, 31 lits): UNSAT in 0.01s
    cube 3062.501.15 (depth 2, 32 lits): UNSAT in 0.02s
    cube 3062.501.16 (depth 2, 32 lits): UNSAT in 0.02s
    cube 3062.501.17 (depth 2, 32 lits): UNSAT in 0.01s
    cube 3062.501.18 (depth 2, 32 lits): UNSAT in 0.02s
    cube 3062.501.19 (depth 2, 32 lits): UNSAT in 0.02s
    cube 3062.501.20 (depth 2, 32 lits): UNSAT in 0.02s
    cube 3062.501.21 (depth 2, 32 lits): UNSAT in 0.02s
    cube 3062.501.22 (depth 2, 32 lits): UNSAT in 0.01s
    cube 3062.501.23 (depth 2, 32 lits): UNSAT in 0.01s
    cube 3062.501.24 (depth 2, 32 lits): UNSAT in 0.02s
    cube 3062.501.25 (depth 2, 32 lits): UNSAT in 0.02s
    cube 3062.501.26 (depth 2, 32 lits): UNSAT in 0.04s
    cube 3062.501.27 (depth 2, 32 lits): UNSAT in 0.03s
    cube 3062.501.28 (depth 2, 32 lits): UNSAT in 0.04s
    cube 3062.501.29 (depth 2, 31 lits): UNSAT in 0.01s
    cube 3062.501.30 (depth 2, 31 lits): UNSAT in 0.01s
    cube 3062.501.31 (depth 2, 32 lits): UNSAT in 0.02s
    cube 3062.501.32 (depth 2, 32 lits): UNSAT in 0.01s
    cube 3062.501.33 (depth 2, 32 lits): UNSAT in 0.02s
    cube 3062.501.34 (depth 2, 32 lits): UNSAT in 0.02s
    cube 3062.501.35 (depth 2, 32 lits): UNSAT in 0.01s
    cube 3062.501.36 (depth 2, 32 lits): UNSAT in 0.02s
    cube 3062.501.37 (depth 2, 32 lits): UNSAT in 0.03s
    cube 3062.501.38 (depth 2, 32 lits): UNSAT in 0.04s
    cube 3062.501.39 (depth 2, 32 lits): UNSAT in 0.03s
    cube 3062.501.40 (depth 2, 32 lits): UNSAT in 0.07s
    cube 3062.501.41 (depth 2, 32 lits): UNSAT in 0.05s
    cube 3062.501.42 (depth 2, 32 lits): UNSAT in 0.02s
    cube 3062.501.43 (depth 2, 30 lits): UNSAT in 0.02s
    cube 3062.501.44 (depth 2, 31 lits): UNSAT in 0.01s
    cube 3062.501.45 (depth 2, 31 lits): UNSAT in 0.02s
    cube 3062.501.46 (depth 2, 32 lits): UNSAT in 0.01s
    cube 3062.501.47 (depth 2, 32 lits): UNSAT in 0.01s
    cube 3062.501.48 (depth 2, 32 lits): UNSAT in 0.02s
    cube 3062.501.49 (depth 2, 32 lits): UNSAT in 0.02s
    cube 3062.501.50 (depth 2, 31 lits): UNSAT in 0.01s
    cube 3062.501.51 (depth 2, 32 lits): UNSAT in 0.02s
    cube 3062.501.52 (depth 2, 32 lits): UNSAT in 0.03s
    cube 3062.501.53 (depth 2, 31 lits): UNSAT in 0.01s
    cube 3062.501.54 (depth 2, 32 lits): UNSAT in 0.01s
    cube 3062.501.55 (depth 2, 32 lits): UNSAT in 0.01s
    cube 3062.501.56 (depth 2, 31 lits): UNSAT in 0.02s
    cube 3062.501.57 (depth 2, 31 lits): UNSAT in 0.01s
    cube 3062.501.58 (depth 2, 32 lits): UNSAT in 0.01s
    cube 3062.501.59 (depth 2, 32 lits): UNSAT in 0.02s
    cube 3062.501.60 (depth 2, 32 lits): UNSAT in 0.01s
    cube 3062.501.61 (depth 2, 32 lits): UNSAT in 0.01s
    cube 3062.501.62 (depth 2, 32 lits): UNSAT in 0.02s
    cube 3062.501.63 (depth 2, 32 lits): UNSAT in 0.02s
    cube 3062.501.64 (depth 2, 32 lits): UNSAT in 0.02s
    cube 3062.501.65 (depth 2, 32 lits): UNSAT in 0.03s
    cube 3062.501.66 (depth 2, 31 lits): UNSAT in 0.02s
    cube 3062.501.67 (depth 2, 32 lits): UNSAT in 0.02s
    cube 3062.501.68 (depth 2, 32 lits): UNSAT in 0.02s
    cube 3062.501.69 (depth 2, 32 lits): UNSAT in 0.02s
    cube 3062.501.70 (depth 2, 32 lits): UNSAT in 0.02s
    cube 3062.501.71 (depth 2, 32 lits): UNSAT in 0.01s
    cube 3062.501.72 (depth 2, 32 lits): UNSAT in 0.04s
    cube 3062.501.73 (depth 2, 32 lits): UNSAT in 0.02s
    cube 3062.501.74 (depth 2, 32 lits): UNSAT in 0.02s
    cube 3062.501.75 (depth 2, 32 lits): UNSAT in 0.02s
    cube 3062.501.76 (depth 2, 32 lits): UNSAT in 0.02s
    cube 3062.501.77 (depth 2, 32 lits): UNSAT in 0.02s
    cube 3062.501.78 (depth 2, 32 lits): UNSAT in 0.03s
    cube 3062.501.79 (depth 2, 32 lits): UNSAT in 0.02s
    cube 3062.501.80 (depth 2, 32 lits): UNSAT in 0.08s
    cube 3062.501.81 (depth 2, 31 lits): UNSAT in 0.02s
    cube 3062.501.82 (depth 2, 32 lits): UNSAT in 0.02s
    cube 3062.501.83 (depth 2, 32 lits): UNSAT in 0.01s
    cube 3062.501.84 (depth 2, 32 lits): UNSAT in 0.01s
    cube 3062.501.85 (depth 2, 32 lits): UNSAT in 0.02s
    cube 3062.501.86 (depth 2, 32 lits): UNSAT in 0.02s
    cube 3062.501.87 (depth 2, 32 lits): UNSAT in 0.02s
    cube 3062.501.88 (depth 2, 32 lits): UNSAT in 0.02s
    cube 3062.501.89 (depth 2, 32 lits): UNSAT in 0.06s
    cube 3062.501.90 (depth 2, 32 lits): UNSAT in 0.02s
    cube 3062.501.91 (depth 2, 32 lits): UNSAT in 0.09s
    cube 3062.501.92 (depth 2, 32 lits): UNSAT in 0.04s
    cube 3062.501.93 (depth 2, 32 lits): UNSAT in 0.17s
    cube 3062.501.94 (depth 2, 32 lits): UNSAT in 0.10s
    cube 3062.501.95 (depth 2, 32 lits): UNSAT in 0.09s
    cube 3062.501.96 (depth 2, 32 lits): UNSAT in 0.01s
    cube 3062.501.97 (depth 2, 32 lits): UNSAT in 0.02s
    cube 3062.501.98 (depth 2, 32 lits): UNSAT in 0.02s
    cube 3062.501.99 (depth 2, 32 lits): UNSAT in 0.02s
    cube 3062.501.100 (depth 2, 32 lits): UNSAT in 0.02s
    cube 3062.501.101 (depth 2, 32 lits): UNSAT in 0.02s
    cube 3062.501.102 (depth 2, 32 lits): UNSAT in 0.01s
    cube 3062.501.103 (depth 2, 32 lits): UNSAT in 0.02s
    cube 3062.501.104 (depth 2, 32 lits): UNSAT in 0.02s
    cube 3062.501.105 (depth 2, 32 lits): UNSAT in 0.02s
    cube 3062.501.106 (depth 2, 32 lits): UNSAT in 0.01s
    cube 3062.501.107 (depth 2, 32 lits): UNSAT in 0.03s
    cube 3062.501.108 (depth 2, 32 lits): UNSAT in 0.01s
    cube 3062.501.109 (depth 2, 32 lits): UNSAT in 0.02s
    cube 3062.501.110 (depth 2, 32 lits): UNSAT in 0.02s
    cube 3062.501.111 (depth 2, 32 lits): UNSAT in 0.05s
    cube 3062.501.112 (depth 2, 32 lits): UNSAT in 0.01s
    cube 3062.501.113 (depth 2, 32 lits): UNSAT in 0.02s
    cube 3062.501.114 (depth 2, 32 lits): UNSAT in 0.02s
    cube 3062.501.115 (depth 2, 32 lits): UNSAT in 0.03s
    cube 3062.501.116 (depth 2, 32 lits): UNSAT in 0.04s
    cube 3062.501.117 (depth 2, 32 lits): UNSAT in 0.09s
    cube 3062.501.118 (depth 2, 32 lits): UNSAT in 0.03s
    cube 3062.501.119 (depth 2, 32 lits): UNSAT in 0.05s
    cube 3062.501.120 (depth 2, 32 lits): UNSAT in 0.02s
    cube 3062.501.121 (depth 2, 32 lits): UNSAT in 0.02s
    cube 3062.501.122 (depth 2, 32 lits): UNSAT in 0.04s
    cube 3062.501.123 (depth 2, 32 lits): UNSAT in 0.03s
    cube 3062.501.124 (depth 2, 32 lits): UNSAT in 0.08s
    cube 3062.501.125 (depth 2, 32 lits): UNSAT in 0.10s
    cube 3062.501.126 (depth 2, 32 lits): UNSAT in 0.08s
    cube 3062.501.127 (depth 2, 32 lits): UNSAT in 0.27s
    cube 3062.501.128 (depth 2, 32 lits): UNSAT in 0.01s
    cube 3062.501.129 (depth 2, 32 lits): UNSAT in 0.02s
    cube 3062.501.130 (depth 2, 32 lits): UNSAT in 0.02s
    cube 3062.501.131 (depth 2, 32 lits): UNSAT in 0.03s
    cube 3062.501.132 (depth 2, 32 lits): UNSAT in 0.02s
    cube 3062.501.133 (depth 2, 32 lits): UNSAT in 0.02s
    cube 3062.501.134 (depth 2, 32 lits): UNSAT in 0.02s
    cube 3062.501.135 (depth 2, 32 lits): UNSAT in 0.03s
    cube 3062.501.136 (depth 2, 32 lits): UNSAT in 0.02s
    cube 3062.501.137 (depth 2, 32 lits): UNSAT in 0.09s
    cube 3062.501.138 (depth 2, 32 lits): UNSAT in 0.02s
    cube 3062.501.139 (depth 2, 32 lits): UNSAT in 0.10s
    cube 3062.501.140 (depth 2, 32 lits): UNSAT in 0.03s
    cube 3062.501.141 (depth 2, 32 lits): UNSAT in 0.04s
    cube 3062.501.142 (depth 2, 32 lits): UNSAT in 0.11s
    cube 3062.501.143 (depth 2, 32 lits): UNSAT in 0.18s
    cube 3062.501.144 (depth 2, 32 lits): UNSAT in 0.01s
    cube 3062.501.145 (depth 2, 32 lits): UNSAT in 0.02s
    cube 3062.501.146 (depth 2, 32 lits): UNSAT in 0.01s
    cube 3062.501.147 (depth 2, 32 lits): UNSAT in 0.02s
    cube 3062.501.148 (depth 2, 32 lits): UNSAT in 0.03s
    cube 3062.501.149 (depth 2, 32 lits): UNSAT in 0.02s
    cube 3062.501.150 (depth 2, 32 lits): UNSAT in 0.07s
    cube 3062.501.151 (depth 2, 32 lits): UNSAT in 0.10s
    cube 3062.501.152 (depth 2, 32 lits): UNSAT in 0.02s
    cube 3062.501.153 (depth 2, 32 lits): UNSAT in 0.02s
    cube 3062.501.154 (depth 2, 32 lits): UNSAT in 0.03s
    cube 3062.501.155 (depth 2, 32 lits): UNSAT in 0.04s
    cube 3062.501.156 (depth 2, 32 lits): UNSAT in 0.02s
    cube 3062.501.157 (depth 2, 32 lits): UNSAT in 0.05s
    cube 3062.501.158 (depth 2, 32 lits): UNSAT in 0.04s
    cube 3062.501.159 (depth 2, 32 lits): UNSAT in 0.25s
    cube 3062.501.160 (depth 2, 32 lits): UNSAT in 0.02s
    cube 3062.501.161 (depth 2, 32 lits): UNSAT in 0.02s
    cube 3062.501.162 (depth 2, 32 lits): UNSAT in 0.02s
    cube 3062.501.163 (depth 2, 32 lits): UNSAT in 0.05s
    cube 3062.501.164 (depth 2, 32 lits): UNSAT in 0.02s
    cube 3062.501.165 (depth 2, 32 lits): UNSAT in 0.03s
    cube 3062.501.166 (depth 2, 32 lits): UNSAT in 0.02s
    cube 3062.501.167 (depth 2, 32 lits): UNSAT in 0.11s
    cube 3062.501.168 (depth 2, 32 lits): UNSAT in 0.02s
    cube 3062.501.169 (depth 2, 32 lits): UNSAT in 0.03s
    cube 3062.501.170 (depth 2, 32 lits): UNSAT in 0.05s
    cube 3062.501.171 (depth 2, 32 lits): UNSAT in 0.32s
    cube 3062.501.172 (depth 2, 32 lits): UNSAT in 0.07s
    cube 3062.501.173 (depth 2, 32 lits): UNSAT in 0.10s
    cube 3062.501.174 (depth 2, 32 lits): UNSAT in 0.12s
    cube 3062.501.175 (depth 2, 32 lits): UNSAT in 0.33s
    cube 3062.501.176 (depth 2, 32 lits): UNSAT in 0.01s
    cube 3062.501.177 (depth 2, 32 lits): UNSAT in 0.02s
    cube 3062.501.178 (depth 2, 32 lits): UNSAT in 0.02s
    cube 3062.501.179 (depth 2, 32 lits): UNSAT in 0.08s
    cube 3062.501.180 (depth 2, 32 lits): UNSAT in 0.02s
    cube 3062.501.181 (depth 2, 32 lits): UNSAT in 0.07s
    cube 3062.501.182 (depth 2, 32 lits): UNSAT in 0.08s
    cube 3062.501.183 (depth 2, 32 lits): UNSAT in 0.23s
    cube 3062.501.184 (depth 2, 32 lits): UNSAT in 0.03s
    cube 3062.501.185 (depth 2, 32 lits): UNSAT in 0.06s
    cube 3062.501.186 (depth 2, 32 lits): UNSAT in 0.06s
    cube 3062.501.187 (depth 2, 32 lits): UNSAT in 0.20s
    cube 3062.501.188 (depth 2, 32 lits): UNSAT in 0.08s
    cube 3062.501.189 (depth 2, 32 lits): UNSAT in 0.13s
    cube 3062.501.190 (depth 2, 32 lits): UNSAT in 0.37s
    cube 3062.501.191 (depth 2, 32 lits): UNSAT in 0.61s
    cube 3062.501.192 (depth 2, 32 lits): UNSAT in 0.02s
    cube 3062.501.193 (depth 2, 32 lits): UNSAT in 0.56s
    cube 3062.501.194 (depth 2, 32 lits): UNSAT in 0.05s
    cube 3062.501.195 (depth 2, 32 lits): UNSAT in 0.34s
    cube 3062.501.196 (depth 2, 32 lits): UNSAT in 0.12s
    cube 3062.501.197 (depth 2, 32 lits): UNSAT in 0.07s
    cube 3062.501.198 (depth 2, 32 lits): UNSAT in 0.07s
    cube 3062.501.199 (depth 2, 32 lits): UNSAT in 0.31s
    cube 3062.501.200 (depth 2, 32 lits): UNSAT in 0.02s
    cube 3062.501.201 (depth 2, 32 lits): UNSAT in 0.04s
    cube 3062.501.202 (depth 2, 32 lits): UNSAT in 0.05s
    cube 3062.501.203 (depth 2, 32 lits): UNSAT in 0.28s
    cube 3062.501.204 (depth 2, 32 lits): UNSAT in 0.06s
    cube 3062.501.205 (depth 2, 32 lits): UNSAT in 0.14s
    cube 3062.501.206 (depth 2, 32 lits): UNSAT in 1.73s
    cube 3062.501.207 (depth 2, 32 lits): UNSAT in 9.09s
    cube 3062.501.208 (depth 2, 32 lits): UNSAT in 0.04s
    cube 3062.501.209 (depth 2, 32 lits): UNSAT in 0.15s
    cube 3062.501.210 (depth 2, 32 lits): UNSAT in 0.24s
    cube 3062.501.211 (depth 2, 32 lits): UNSAT in 0.41s
    cube 3062.501.212 (depth 2, 32 lits): UNSAT in 0.12s
    cube 3062.501.213 (depth 2, 32 lits): UNSAT in 0.37s
    cube 3062.501.214 (depth 2, 32 lits): UNSAT in 0.23s
    cube 3062.501.215 (depth 2, 32 lits): UNSAT in 1.58s
    cube 3062.501.216 (depth 2, 32 lits): UNSAT in 0.50s
    cube 3062.501.217 (depth 2, 32 lits): UNSAT in 0.82s
    cube 3062.501.218 (depth 2, 32 lits): UNSAT in 0.57s
    cube 3062.501.219 (depth 2, 32 lits): UNSAT in 7.44s
    cube 3062.501.220 (depth 2, 32 lits): UNSAT in 2.98s
    cube 3062.501.221 (depth 2, 32 lits): UNSAT in 3.95s
    cube 3062.501.222 (depth 2, 32 lits): UNSAT in 5.84s
    cube 3062.501.223 (depth 2, 32 lits): UNSAT in 13.68s
    cube 3062.501.224 (depth 2, 31 lits): UNSAT in 0.01s
    cube 3062.501.225 (depth 2, 31 lits): UNSAT in 0.02s
    cube 3062.501.226 (depth 2, 32 lits): UNSAT in 0.02s
    cube 3062.501.227 (depth 2, 32 lits): UNSAT in 0.02s
    cube 3062.501.228 (depth 2, 32 lits): UNSAT in 0.01s
    cube 3062.501.229 (depth 2, 32 lits): UNSAT in 0.03s
    cube 3062.501.230 (depth 2, 31 lits): UNSAT in 0.02s
    cube 3062.501.231 (depth 2, 32 lits): UNSAT in 0.02s
    cube 3062.501.232 (depth 2, 32 lits): UNSAT in 0.03s
    cube 3062.501.233 (depth 2, 32 lits): UNSAT in 0.02s
    cube 3062.501.234 (depth 2, 32 lits): UNSAT in 0.03s
    cube 3062.501.235 (depth 2, 32 lits): UNSAT in 0.05s
    cube 3062.501.236 (depth 2, 32 lits): UNSAT in 0.07s
    cube 3062.501.237 (depth 2, 32 lits): UNSAT in 0.02s
    cube 3062.501.238 (depth 2, 32 lits): UNSAT in 0.02s
    cube 3062.501.239 (depth 2, 32 lits): UNSAT in 0.02s
    cube 3062.501.240 (depth 2, 32 lits): UNSAT in 0.02s
    cube 3062.501.241 (depth 2, 32 lits): UNSAT in 0.03s
    cube 3062.501.242 (depth 2, 32 lits): UNSAT in 0.01s
    cube 3062.501.243 (depth 2, 32 lits): UNSAT in 0.02s
    cube 3062.501.244 (depth 2, 32 lits): UNSAT in 0.02s
    cube 3062.501.245 (depth 2, 32 lits): UNSAT in 0.01s
    cube 3062.501.246 (depth 2, 32 lits): UNSAT in 0.02s
    cube 3062.501.247 (depth 2, 32 lits): UNSAT in 0.03s
    cube 3062.501.248 (depth 2, 32 lits): UNSAT in 0.05s
    cube 3062.501.249 (depth 2, 32 lits): UNSAT in 0.02s
    cube 3062.501.250 (depth 2, 32 lits): UNSAT in 0.04s
    cube 3062.501.251 (depth 2, 32 lits): UNSAT in 0.09s
    cube 3062.501.252 (depth 2, 32 lits): UNSAT in 0.26s
    cube 3062.501.253 (depth 2, 32 lits): UNSAT in 0.01s
    cube 3062.501.254 (depth 2, 32 lits): UNSAT in 0.02s
    cube 3062.501.255 (depth 2, 31 lits): UNSAT in 0.02s
    cube 3062.501.256 (depth 2, 32 lits): UNSAT in 0.01s
    cube 3062.501.257 (depth 2, 32 lits): UNSAT in 0.03s
    cube 3062.501.258 (depth 2, 32 lits): UNSAT in 0.03s
    cube 3062.501.259 (depth 2, 32 lits): UNSAT in 0.02s
    cube 3062.501.260 (depth 2, 31 lits): UNSAT in 0.01s
    cube 3062.501.261 (depth 2, 32 lits): UNSAT in 0.02s
    cube 3062.501.262 (depth 2, 32 lits): UNSAT in 0.05s
    cube 3062.501.263 (depth 2, 32 lits): UNSAT in 0.02s
    cube 3062.501.264 (depth 2, 32 lits): UNSAT in 0.03s
    cube 3062.501.265 (depth 2, 32 lits): UNSAT in 0.04s
    cube 3062.501.266 (depth 2, 32 lits): UNSAT in 0.10s
    cube 3062.501.267 (depth 2, 32 lits): UNSAT in 0.02s
    cube 3062.501.268 (depth 2, 32 lits): UNSAT in 0.01s
    cube 3062.501.269 (depth 2, 32 lits): UNSAT in 0.02s
    cube 3062.501.270 (depth 2, 32 lits): UNSAT in 0.04s
    cube 3062.501.271 (depth 2, 32 lits): UNSAT in 0.02s
    cube 3062.501.272 (depth 2, 32 lits): UNSAT in 0.03s
    cube 3062.501.273 (depth 2, 32 lits): UNSAT in 0.03s
    cube 3062.501.274 (depth 2, 32 lits): UNSAT in 0.22s
    cube 3062.501.275 (depth 2, 32 lits): UNSAT in 0.02s
    cube 3062.501.276 (depth 2, 32 lits): UNSAT in 0.08s
    cube 3062.501.277 (depth 2, 32 lits): UNSAT in 0.05s
    cube 3062.501.278 (depth 2, 32 lits): UNSAT in 0.20s
    cube 3062.501.279 (depth 2, 32 lits): UNSAT in 0.11s
    cube 3062.501.280 (depth 2, 32 lits): UNSAT in 0.33s
    cube 3062.501.281 (depth 2, 32 lits): UNSAT in 0.53s
    cube 3062.501.282 (depth 2, 32 lits): UNSAT in 1.50s
    cube 3062.501.283 (depth 2, 32 lits): UNSAT in 0.01s
    cube 3062.501.284 (depth 2, 32 lits): UNSAT in 0.02s
    cube 3062.501.285 (depth 2, 32 lits): UNSAT in 0.02s
    cube 3062.501.286 (depth 2, 32 lits): UNSAT in 0.03s
    cube 3062.501.287 (depth 2, 32 lits): UNSAT in 0.02s
    cube 3062.501.288 (depth 2, 32 lits): UNSAT in 0.03s
    cube 3062.501.289 (depth 2, 32 lits): UNSAT in 0.01s
    cube 3062.501.290 (depth 2, 32 lits): UNSAT in 0.05s
    cube 3062.501.291 (depth 2, 32 lits): UNSAT in 0.01s
    cube 3062.501.292 (depth 2, 32 lits): UNSAT in 0.02s
    cube 3062.501.293 (depth 2, 32 lits): UNSAT in 0.03s
    cube 3062.501.294 (depth 2, 32 lits): UNSAT in 0.04s
    cube 3062.501.295 (depth 2, 32 lits): UNSAT in 0.01s
    cube 3062.501.296 (depth 2, 32 lits): UNSAT in 0.10s
    cube 3062.501.297 (depth 2, 32 lits): UNSAT in 0.03s
    cube 3062.501.298 (depth 2, 32 lits): UNSAT in 0.23s
    cube 3062.501.299 (depth 2, 31 lits): UNSAT in 0.02s
    cube 3062.501.300 (depth 2, 31 lits): UNSAT in 0.02s
    cube 3062.501.301 (depth 2, 32 lits): UNSAT in 0.03s
    cube 3062.501.302 (depth 2, 32 lits): UNSAT in 0.02s
    cube 3062.501.303 (depth 2, 32 lits): UNSAT in 0.15s
    cube 3062.501.304 (depth 2, 32 lits): UNSAT in 0.10s
    cube 3062.501.305 (depth 2, 32 lits): UNSAT in 0.03s
    cube 3062.501.306 (depth 2, 32 lits): UNSAT in 0.03s
    cube 3062.501.307 (depth 2, 32 lits): UNSAT in 0.02s
    cube 3062.501.308 (depth 2, 32 lits): UNSAT in 0.03s
    cube 3062.501.309 (depth 2, 32 lits): UNSAT in 0.03s
    cube 3062.501.310 (depth 2, 32 lits): UNSAT in 0.05s
    cube 3062.501.311 (depth 2, 32 lits): UNSAT in 0.10s
    cube 3062.501.312 (depth 2, 32 lits): UNSAT in 0.22s
    cube 3062.501.313 (depth 2, 32 lits): UNSAT in 0.02s
    cube 3062.501.314 (depth 2, 32 lits): UNSAT in 0.02s
    cube 3062.501.315 (depth 2, 32 lits): UNSAT in 0.04s
    cube 3062.501.316 (depth 2, 32 lits): UNSAT in 0.06s
    cube 3062.501.317 (depth 2, 32 lits): UNSAT in 0.02s
    cube 3062.501.318 (depth 2, 32 lits): UNSAT in 0.06s
    cube 3062.501.319 (depth 2, 32 lits): UNSAT in 0.05s
    cube 3062.501.320 (depth 2, 32 lits): UNSAT in 0.09s
    cube 3062.501.321 (depth 2, 32 lits): UNSAT in 0.04s
    cube 3062.501.322 (depth 2, 32 lits): UNSAT in 0.13s
    cube 3062.501.323 (depth 2, 32 lits): UNSAT in 0.02s
    cube 3062.501.324 (depth 2, 32 lits): UNSAT in 0.16s
    cube 3062.501.325 (depth 2, 32 lits): UNSAT in 0.15s
    cube 3062.501.326 (depth 2, 32 lits): UNSAT in 0.17s
    cube 3062.501.327 (depth 2, 32 lits): UNSAT in 0.83s
    cube 3062.501.328 (depth 2, 32 lits): UNSAT in 0.57s
    cube 3062.501.329 (depth 2, 32 lits): UNSAT in 0.03s
    cube 3062.501.330 (depth 2, 32 lits): UNSAT in 0.09s
    cube 3062.501.331 (depth 2, 32 lits): UNSAT in 0.02s
    cube 3062.501.332 (depth 2, 32 lits): UNSAT in 0.23s
    cube 3062.501.333 (depth 2, 32 lits): UNSAT in 0.07s
    cube 3062.501.334 (depth 2, 32 lits): UNSAT in 0.18s
    cube 3062.501.335 (depth 2, 32 lits): UNSAT in 0.42s
    cube 3062.501.336 (depth 2, 32 lits): UNSAT in 0.88s
    cube 3062.501.337 (depth 2, 32 lits): UNSAT in 0.22s
    cube 3062.501.338 (depth 2, 32 lits): UNSAT in 0.89s
    cube 3062.501.339 (depth 2, 32 lits): UNSAT in 0.91s
    cube 3062.501.340 (depth 2, 32 lits): UNSAT in 4.55s
    cube 3062.501.341 (depth 2, 32 lits): UNSAT in 1.14s
    cube 3062.501.342 (depth 2, 32 lits): UNSAT in 5.15s
    cube 3062.501.343 (depth 2, 32 lits): UNSAT in 6.34s
    cube 3062.501.344 (depth 2, 32 lits): UNSAT in 9.85s
    cube 3062.501.345 (depth 2, 31 lits): UNSAT in 0.02s
    cube 3062.501.346 (depth 2, 32 lits): UNSAT in 0.01s
    cube 3062.501.347 (depth 2, 32 lits): UNSAT in 0.03s
    cube 3062.501.348 (depth 2, 32 lits): UNSAT in 0.02s
    cube 3062.501.349 (depth 2, 32 lits): UNSAT in 0.05s
    cube 3062.501.350 (depth 2, 32 lits): UNSAT in 0.03s
    cube 3062.501.351 (depth 2, 32 lits): UNSAT in 0.08s
    cube 3062.501.352 (depth 2, 32 lits): UNSAT in 0.02s
    cube 3062.501.353 (depth 2, 32 lits): UNSAT in 0.02s
    cube 3062.501.354 (depth 2, 32 lits): UNSAT in 0.03s
    cube 3062.501.355 (depth 2, 32 lits): UNSAT in 0.03s
    cube 3062.501.356 (depth 2, 32 lits): UNSAT in 0.01s
    cube 3062.501.357 (depth 2, 32 lits): UNSAT in 0.02s
    cube 3062.501.358 (depth 2, 32 lits): UNSAT in 0.05s
    cube 3062.501.359 (depth 2, 32 lits): UNSAT in 0.06s
    cube 3062.501.360 (depth 2, 32 lits): UNSAT in 0.02s
    cube 3062.501.361 (depth 2, 32 lits): UNSAT in 0.02s
    cube 3062.501.362 (depth 2, 32 lits): UNSAT in 0.03s
    cube 3062.501.363 (depth 2, 32 lits): UNSAT in 0.05s
    cube 3062.501.364 (depth 2, 32 lits): UNSAT in 0.02s
    cube 3062.501.365 (depth 2, 32 lits): UNSAT in 0.02s
    cube 3062.501.366 (depth 2, 32 lits): UNSAT in 0.03s
    cube 3062.501.367 (depth 2, 32 lits): UNSAT in 0.22s
    cube 3062.501.368 (depth 2, 32 lits): UNSAT in 0.02s
    cube 3062.501.369 (depth 2, 32 lits): UNSAT in 0.03s
    cube 3062.501.370 (depth 2, 32 lits): UNSAT in 0.21s
    cube 3062.501.371 (depth 2, 32 lits): UNSAT in 0.52s
    cube 3062.501.372 (depth 2, 32 lits): UNSAT in 0.03s
    cube 3062.501.373 (depth 2, 32 lits): UNSAT in 0.08s
    cube 3062.501.374 (depth 2, 32 lits): UNSAT in 0.19s
    cube 3062.501.375 (depth 2, 32 lits): UNSAT in 0.41s
    cube 3062.501.376 (depth 2, 32 lits): UNSAT in 0.02s
    cube 3062.501.377 (depth 2, 32 lits): UNSAT in 0.04s
    cube 3062.501.378 (depth 2, 32 lits): UNSAT in 0.02s
    cube 3062.501.379 (depth 2, 32 lits): UNSAT in 0.05s
    cube 3062.501.380 (depth 2, 32 lits): UNSAT in 0.01s
    cube 3062.501.381 (depth 2, 32 lits): UNSAT in 0.04s
    cube 3062.501.382 (depth 2, 32 lits): UNSAT in 0.04s
    cube 3062.501.383 (depth 2, 32 lits): UNSAT in 0.07s
    cube 3062.501.384 (depth 2, 32 lits): UNSAT in 0.03s
    cube 3062.501.385 (depth 2, 32 lits): UNSAT in 0.03s
    cube 3062.501.386 (depth 2, 32 lits): UNSAT in 0.08s
    cube 3062.501.387 (depth 2, 32 lits): UNSAT in 0.30s
    cube 3062.501.388 (depth 2, 32 lits): UNSAT in 0.14s
    cube 3062.501.389 (depth 2, 32 lits): UNSAT in 0.26s
    cube 3062.501.390 (depth 2, 32 lits): UNSAT in 0.10s
    cube 3062.501.391 (depth 2, 32 lits): UNSAT in 0.38s
    cube 3062.501.392 (depth 2, 32 lits): UNSAT in 0.03s
    cube 3062.501.393 (depth 2, 32 lits): UNSAT in 0.10s
    cube 3062.501.394 (depth 2, 32 lits): UNSAT in 0.05s
    cube 3062.501.395 (depth 2, 32 lits): UNSAT in 1.39s
    cube 3062.501.396 (depth 2, 32 lits): UNSAT in 0.08s
    cube 3062.501.397 (depth 2, 32 lits): UNSAT in 0.45s
    cube 3062.501.398 (depth 2, 32 lits): UNSAT in 0.34s
    cube 3062.501.399 (depth 2, 32 lits): UNSAT in 0.85s
    cube 3062.501.400 (depth 2, 32 lits): UNSAT in 0.10s
    cube 3062.501.401 (depth 2, 32 lits): UNSAT in 1.27s
    cube 3062.501.402 (depth 2, 32 lits): UNSAT in 0.20s
    cube 3062.501.403 (depth 2, 32 lits): UNSAT in 0.72s
    cube 3062.501.404 (depth 2, 32 lits): UNSAT in 1.72s
    cube 3062.501.405 (depth 2, 32 lits): UNSAT in 1.79s
    cube 3062.501.406 (depth 2, 32 lits): UNSAT in 4.58s
    cube 3062.501.407 (depth 2, 32 lits): UNSAT in 9.76s
    cube 3062.501.408 (depth 2, 32 lits): UNSAT in 0.01s
    cube 3062.501.409 (depth 2, 32 lits): UNSAT in 0.02s
    cube 3062.501.410 (depth 2, 32 lits): UNSAT in 0.05s
    cube 3062.501.411 (depth 2, 32 lits): UNSAT in 0.06s
    cube 3062.501.412 (depth 2, 32 lits): UNSAT in 0.03s
    cube 3062.501.413 (depth 2, 32 lits): UNSAT in 0.29s
    cube 3062.501.414 (depth 2, 32 lits): UNSAT in 0.06s
    cube 3062.501.415 (depth 2, 32 lits): UNSAT in 0.16s
    cube 3062.501.416 (depth 2, 32 lits): UNSAT in 0.02s
    cube 3062.501.417 (depth 2, 32 lits): UNSAT in 0.04s
    cube 3062.501.418 (depth 2, 32 lits): UNSAT in 0.02s
    cube 3062.501.419 (depth 2, 32 lits): UNSAT in 0.02s
    cube 3062.501.420 (depth 2, 32 lits): UNSAT in 0.04s
    cube 3062.501.421 (depth 2, 32 lits): UNSAT in 0.10s
    cube 3062.501.422 (depth 2, 32 lits): UNSAT in 0.13s
    cube 3062.501.423 (depth 2, 32 lits): UNSAT in 0.24s
    cube 3062.501.424 (depth 2, 32 lits): UNSAT in 0.03s
    cube 3062.501.425 (depth 2, 32 lits): UNSAT in 0.13s
    cube 3062.501.426 (depth 2, 32 lits): UNSAT in 0.08s
    cube 3062.501.427 (depth 2, 32 lits): UNSAT in 0.09s
    cube 3062.501.428 (depth 2, 32 lits): UNSAT in 0.09s
    cube 3062.501.429 (depth 2, 32 lits): UNSAT in 0.12s
    cube 3062.501.430 (depth 2, 32 lits): UNSAT in 0.12s
    cube 3062.501.431 (depth 2, 32 lits): UNSAT in 1.75s
    cube 3062.501.432 (depth 2, 32 lits): UNSAT in 0.15s
    cube 3062.501.433 (depth 2, 32 lits): UNSAT in 0.63s
    cube 3062.501.434 (depth 2, 32 lits): UNSAT in 0.75s
    cube 3062.501.435 (depth 2, 32 lits): UNSAT in 2.43s
    cube 3062.501.436 (depth 2, 32 lits): UNSAT in 0.95s
    cube 3062.501.437 (depth 2, 32 lits): UNSAT in 3.66s
    cube 3062.501.438 (depth 2, 32 lits): UNSAT in 5.53s
    cube 3062.501.439 (depth 2, 32 lits): UNSAT in 11.08s
    cube 3062.501.440 (depth 2, 32 lits): UNSAT in 0.06s
    cube 3062.501.441 (depth 2, 32 lits): UNSAT in 0.07s
    cube 3062.501.442 (depth 2, 32 lits): UNSAT in 0.15s
    cube 3062.501.443 (depth 2, 32 lits): UNSAT in 0.51s
    cube 3062.501.444 (depth 2, 32 lits): UNSAT in 0.21s
    cube 3062.501.445 (depth 2, 32 lits): UNSAT in 0.75s
    cube 3062.501.446 (depth 2, 32 lits): UNSAT in 0.09s
    cube 3062.501.447 (depth 2, 32 lits): UNSAT in 0.75s
    cube 3062.501.448 (depth 2, 32 lits): UNSAT in 0.14s
    cube 3062.501.449 (depth 2, 32 lits): UNSAT in 0.43s
    cube 3062.501.450 (depth 2, 32 lits): UNSAT in 0.09s
    cube 3062.501.451 (depth 2, 32 lits): UNSAT in 0.54s
    cube 3062.501.452 (depth 2, 32 lits): UNSAT in 0.25s
    cube 3062.501.453 (depth 2, 32 lits): UNSAT in 1.18s
    cube 3062.501.454 (depth 2, 32 lits): UNSAT in 2.69s
    cube 3062.501.455 (depth 2, 32 lits): UNSAT in 13.13s
    cube 3062.501.456 (depth 2, 32 lits): UNSAT in 0.20s
    cube 3062.501.457 (depth 2, 32 lits): UNSAT in 0.50s
    cube 3062.501.458 (depth 2, 32 lits): UNSAT in 0.40s
    cube 3062.501.459 (depth 2, 32 lits): UNSAT in 1.05s
    cube 3062.501.460 (depth 2, 32 lits): UNSAT in 0.15s
    cube 3062.501.461 (depth 2, 32 lits): UNSAT in 0.26s
    cube 3062.501.462 (depth 2, 32 lits): UNSAT in 0.66s
    cube 3062.501.463 (depth 2, 32 lits): UNSAT in 9.44s
    cube 3062.501.464 (depth 2, 32 lits): UNSAT in 2.86s
    cube 3062.501.465 (depth 2, 32 lits): UNSAT in 1.47s
    cube 3062.501.466 (depth 2, 32 lits): UNSAT in 2.00s
    cube 3062.501.467 (depth 2, 32 lits): UNSAT in 26.83s
    cube 3062.501.468 (depth 2, 32 lits): UNSAT in 0.83s
    cube 3062.501.469 (depth 2, 32 lits): UNSAT in 12.00s
    cube 3062.501.470 (depth 2, 32 lits): UNSAT in 24.71s
    cube 3062.501.471 (depth 2, 32 lits): UNSAT in 37.62s
    cube 3062.501.472 (depth 2, 30 lits): UNSAT in 0.01s
    cube 3062.501.473 (depth 2, 30 lits): UNSAT in 0.02s
    cube 3062.501.474 (depth 2, 31 lits): UNSAT in 0.01s
    cube 3062.501.475 (depth 2, 32 lits): UNSAT in 0.01s
    cube 3062.501.476 (depth 2, 32 lits): UNSAT in 0.01s
    cube 3062.501.477 (depth 2, 32 lits): UNSAT in 0.02s
    cube 3062.501.478 (depth 2, 32 lits): UNSAT in 0.01s
    cube 3062.501.479 (depth 2, 32 lits): UNSAT in 0.01s
    cube 3062.501.480 (depth 2, 32 lits): UNSAT in 0.02s
    cube 3062.501.481 (depth 2, 31 lits): UNSAT in 0.01s
    cube 3062.501.482 (depth 2, 31 lits): UNSAT in 0.02s
    cube 3062.501.483 (depth 2, 32 lits): UNSAT in 0.01s
    cube 3062.501.484 (depth 2, 32 lits): UNSAT in 0.01s
    cube 3062.501.485 (depth 2, 32 lits): UNSAT in 0.01s
    cube 3062.501.486 (depth 2, 32 lits): UNSAT in 0.02s
    cube 3062.501.487 (depth 2, 30 lits): UNSAT in 0.01s
    cube 3062.501.488 (depth 2, 32 lits): UNSAT in 0.01s
    cube 3062.501.489 (depth 2, 32 lits): UNSAT in 0.01s
    cube 3062.501.490 (depth 2, 32 lits): UNSAT in 0.01s
    cube 3062.501.491 (depth 2, 32 lits): UNSAT in 0.02s
    cube 3062.501.492 (depth 2, 31 lits): UNSAT in 0.01s
    cube 3062.501.493 (depth 2, 32 lits): UNSAT in 0.01s
    cube 3062.501.494 (depth 2, 32 lits): UNSAT in 0.02s
    cube 3062.501.495 (depth 2, 31 lits): UNSAT in 0.02s
    cube 3062.501.496 (depth 2, 31 lits): UNSAT in 0.02s
    cube 3062.501.497 (depth 2, 31 lits): UNSAT in 0.02s
    cube 3062.501.498 (depth 2, 31 lits): UNSAT in 0.02s
    cube 3062.501.499 (depth 2, 31 lits): UNSAT in 0.01s
    cube 3062.501.500 (depth 2, 32 lits): UNSAT in 0.02s
    cube 3062.501.501 (depth 2, 32 lits): UNSAT in 0.06s
    cube 3062.501.502 (depth 2, 31 lits): UNSAT in 0.02s
    cube 3062.501.503 (depth 2, 31 lits): UNSAT in 0.02s
    cube 3062.501.504 (depth 2, 32 lits): UNSAT in 0.01s
    cube 3062.501.505 (depth 2, 32 lits): UNSAT in 0.02s
    cube 3062.501.506 (depth 2, 31 lits): UNSAT in 0.02s
    cube 3062.501.507 (depth 2, 31 lits): UNSAT in 0.02s
    cube 3062.501.508 (depth 2, 32 lits): UNSAT in 0.02s
    cube 3062.501.509 (depth 2, 32 lits): UNSAT in 0.02s
    cube 3062.501.510 (depth 2, 32 lits): UNSAT in 0.02s
    cube 3062.501.511 (depth 2, 32 lits): UNSAT in 0.02s
    cube 3062.501.512 (depth 2, 32 lits): UNSAT in 0.02s
    cube 3062.501.513 (depth 2, 32 lits): UNSAT in 0.02s
    cube 3062.501.514 (depth 2, 30 lits): UNSAT in 0.02s
    cube 3062.501.515 (depth 2, 31 lits): UNSAT in 0.02s
    cube 3062.501.516 (depth 2, 32 lits): UNSAT in 0.01s
    cube 3062.501.517 (depth 2, 32 lits): UNSAT in 0.02s
    cube 3062.501.518 (depth 2, 32 lits): UNSAT in 0.01s
    cube 3062.501.519 (depth 2, 32 lits): UNSAT in 0.01s
    cube 3062.501.520 (depth 2, 32 lits): UNSAT in 0.02s
    cube 3062.501.521 (depth 2, 32 lits): UNSAT in 0.02s
    cube 3062.501.522 (depth 2, 32 lits): UNSAT in 0.02s
    cube 3062.501.523 (depth 2, 32 lits): UNSAT in 0.02s
    cube 3062.501.524 (depth 2, 32 lits): UNSAT in 0.02s
    cube 3062.501.525 (depth 2, 32 lits): UNSAT in 0.02s
    cube 3062.501.526 (depth 2, 31 lits): UNSAT in 0.01s
    cube 3062.501.527 (depth 2, 31 lits): UNSAT in 0.02s
    cube 3062.501.528 (depth 2, 32 lits): UNSAT in 0.01s
    cube 3062.501.529 (depth 2, 32 lits): UNSAT in 0.02s
    cube 3062.501.530 (depth 2, 32 lits): UNSAT in 0.02s
    cube 3062.501.531 (depth 2, 32 lits): UNSAT in 0.02s
    cube 3062.501.532 (depth 2, 32 lits): UNSAT in 0.01s
    cube 3062.501.533 (depth 2, 32 lits): UNSAT in 0.02s
    cube 3062.501.534 (depth 2, 32 lits): UNSAT in 0.02s
    cube 3062.501.535 (depth 2, 32 lits): UNSAT in 0.01s
    cube 3062.501.536 (depth 2, 32 lits): UNSAT in 0.02s
    cube 3062.501.537 (depth 2, 32 lits): UNSAT in 0.02s
    cube 3062.501.538 (depth 2, 32 lits): UNSAT in 0.02s
    cube 3062.501.539 (depth 2, 32 lits): UNSAT in 0.02s
    cube 3062.501.540 (depth 2, 31 lits): UNSAT in 0.01s
    cube 3062.501.541 (depth 2, 32 lits): UNSAT in 0.01s
    cube 3062.501.542 (depth 2, 32 lits): UNSAT in 0.03s
    cube 3062.501.543 (depth 2, 32 lits): UNSAT in 0.02s
    cube 3062.501.544 (depth 2, 32 lits): UNSAT in 0.03s
    cube 3062.501.545 (depth 2, 32 lits): UNSAT in 0.02s
    cube 3062.501.546 (depth 2, 32 lits): UNSAT in 0.03s
    cube 3062.501.547 (depth 2, 32 lits): UNSAT in 0.02s
    cube 3062.501.548 (depth 2, 32 lits): UNSAT in 0.04s
    cube 3062.501.549 (depth 2, 32 lits): UNSAT in 0.02s
    cube 3062.501.550 (depth 2, 32 lits): UNSAT in 0.04s
    cube 3062.501.551 (depth 2, 32 lits): UNSAT in 0.03s
    cube 3062.501.552 (depth 2, 32 lits): UNSAT in 0.08s
    cube 3062.501.553 (depth 2, 32 lits): UNSAT in 0.03s
    cube 3062.501.554 (depth 2, 32 lits): UNSAT in 0.11s
    cube 3062.501.555 (depth 2, 32 lits): UNSAT in 0.01s
    cube 3062.501.556 (depth 2, 32 lits): UNSAT in 0.01s
    cube 3062.501.557 (depth 2, 32 lits): UNSAT in 0.02s
    cube 3062.501.558 (depth 2, 32 lits): UNSAT in 0.02s
    cube 3062.501.559 (depth 2, 32 lits): UNSAT in 0.02s
    cube 3062.501.560 (depth 2, 32 lits): UNSAT in 0.03s
    cube 3062.501.561 (depth 2, 32 lits): UNSAT in 0.04s
    cube 3062.501.562 (depth 2, 32 lits): UNSAT in 0.04s
    cube 3062.501.563 (depth 2, 32 lits): UNSAT in 0.02s
    cube 3062.501.564 (depth 2, 32 lits): UNSAT in 0.02s
    cube 3062.501.565 (depth 2, 32 lits): UNSAT in 0.01s
    cube 3062.501.566 (depth 2, 32 lits): UNSAT in 0.02s
    cube 3062.501.567 (depth 2, 32 lits): UNSAT in 0.04s
    cube 3062.501.568 (depth 2, 32 lits): UNSAT in 0.05s
    cube 3062.501.569 (depth 2, 32 lits): UNSAT in 0.17s
    cube 3062.501.570 (depth 2, 32 lits): UNSAT in 0.06s
    cube 3062.501.571 (depth 2, 31 lits): UNSAT in 0.02s
    cube 3062.501.572 (depth 2, 32 lits): UNSAT in 0.02s
    cube 3062.501.573 (depth 2, 32 lits): UNSAT in 0.02s
    cube 3062.501.574 (depth 2, 31 lits): UNSAT in 0.01s
    cube 3062.501.575 (depth 2, 32 lits): UNSAT in 0.03s
    cube 3062.501.576 (depth 2, 32 lits): UNSAT in 0.05s
    cube 3062.501.577 (depth 2, 31 lits): UNSAT in 0.01s
    cube 3062.501.578 (depth 2, 32 lits): UNSAT in 0.02s
    cube 3062.501.579 (depth 2, 32 lits): UNSAT in 0.01s
    cube 3062.501.580 (depth 2, 32 lits): UNSAT in 0.02s
    cube 3062.501.581 (depth 2, 32 lits): UNSAT in 0.07s
    cube 3062.501.582 (depth 2, 32 lits): UNSAT in 0.07s
    cube 3062.501.583 (depth 2, 32 lits): UNSAT in 0.27s
    cube 3062.501.584 (depth 2, 32 lits): UNSAT in 0.01s
    cube 3062.501.585 (depth 2, 32 lits): UNSAT in 0.02s
    cube 3062.501.586 (depth 2, 31 lits): UNSAT in 0.02s
    cube 3062.501.587 (depth 2, 32 lits): UNSAT in 0.02s
    cube 3062.501.588 (depth 2, 32 lits): UNSAT in 0.03s
    cube 3062.501.589 (depth 2, 32 lits): UNSAT in 0.04s
    cube 3062.501.590 (depth 2, 32 lits): UNSAT in 0.08s
    cube 3062.501.591 (depth 2, 32 lits): UNSAT in 0.03s
    cube 3062.501.592 (depth 2, 32 lits): UNSAT in 0.02s
    cube 3062.501.593 (depth 2, 32 lits): UNSAT in 0.06s
    cube 3062.501.594 (depth 2, 32 lits): UNSAT in 0.22s
    cube 3062.501.595 (depth 2, 32 lits): UNSAT in 0.04s
    cube 3062.501.596 (depth 2, 32 lits): UNSAT in 0.06s
    cube 3062.501.597 (depth 2, 32 lits): UNSAT in 0.11s
    cube 3062.501.598 (depth 2, 32 lits): UNSAT in 0.39s
    cube 3062.501.599 (depth 2, 32 lits): UNSAT in 0.02s
    cube 3062.501.600 (depth 2, 32 lits): UNSAT in 0.01s
    cube 3062.501.601 (depth 2, 32 lits): UNSAT in 0.02s
    cube 3062.501.602 (depth 2, 32 lits): UNSAT in 0.02s
    cube 3062.501.603 (depth 2, 32 lits): UNSAT in 0.02s
    cube 3062.501.604 (depth 2, 32 lits): UNSAT in 0.05s
    cube 3062.501.605 (depth 2, 32 lits): UNSAT in 0.02s
    cube 3062.501.606 (depth 2, 32 lits): UNSAT in 0.06s
    cube 3062.501.607 (depth 2, 32 lits): UNSAT in 0.02s
    cube 3062.501.608 (depth 2, 32 lits): UNSAT in 0.05s
    cube 3062.501.609 (depth 2, 32 lits): UNSAT in 0.03s
    cube 3062.501.610 (depth 2, 32 lits): UNSAT in 0.31s
    cube 3062.501.611 (depth 2, 32 lits): UNSAT in 0.02s
    cube 3062.501.612 (depth 2, 32 lits): UNSAT in 0.03s
    cube 3062.501.613 (depth 2, 32 lits): UNSAT in 0.12s
    cube 3062.501.614 (depth 2, 32 lits): UNSAT in 0.30s
    cube 3062.501.615 (depth 2, 32 lits): UNSAT in 0.01s
    cube 3062.501.616 (depth 2, 32 lits): UNSAT in 0.02s
    cube 3062.501.617 (depth 2, 32 lits): UNSAT in 0.02s
    cube 3062.501.618 (depth 2, 32 lits): UNSAT in 0.04s
    cube 3062.501.619 (depth 2, 32 lits): UNSAT in 0.01s
    cube 3062.501.620 (depth 2, 32 lits): UNSAT in 0.06s
    cube 3062.501.621 (depth 2, 32 lits): UNSAT in 0.05s
    cube 3062.501.622 (depth 2, 32 lits): UNSAT in 0.09s
    cube 3062.501.623 (depth 2, 32 lits): UNSAT in 0.02s
    cube 3062.501.624 (depth 2, 32 lits): UNSAT in 0.03s
    cube 3062.501.625 (depth 2, 32 lits): UNSAT in 0.06s
    cube 3062.501.626 (depth 2, 32 lits): UNSAT in 0.12s
    cube 3062.501.627 (depth 2, 32 lits): UNSAT in 0.03s
    cube 3062.501.628 (depth 2, 32 lits): UNSAT in 0.08s
    cube 3062.501.629 (depth 2, 32 lits): UNSAT in 0.05s
    cube 3062.501.630 (depth 2, 32 lits): UNSAT in 0.17s
    cube 3062.501.631 (depth 2, 32 lits): UNSAT in 0.02s
    cube 3062.501.632 (depth 2, 32 lits): UNSAT in 0.02s
    cube 3062.501.633 (depth 2, 32 lits): UNSAT in 0.02s
    cube 3062.501.634 (depth 2, 32 lits): UNSAT in 0.06s
    cube 3062.501.635 (depth 2, 32 lits): UNSAT in 0.04s
    cube 3062.501.636 (depth 2, 32 lits): UNSAT in 0.07s
    cube 3062.501.637 (depth 2, 32 lits): UNSAT in 0.02s
    cube 3062.501.638 (depth 2, 32 lits): UNSAT in 0.11s
    cube 3062.501.639 (depth 2, 32 lits): UNSAT in 0.02s
    cube 3062.501.640 (depth 2, 32 lits): UNSAT in 0.05s
    cube 3062.501.641 (depth 2, 32 lits): UNSAT in 0.10s
    cube 3062.501.642 (depth 2, 32 lits): UNSAT in 0.20s
    cube 3062.501.643 (depth 2, 32 lits): UNSAT in 0.03s
    cube 3062.501.644 (depth 2, 32 lits): UNSAT in 0.15s
    cube 3062.501.645 (depth 2, 32 lits): UNSAT in 0.28s
    cube 3062.501.646 (depth 2, 32 lits): UNSAT in 0.89s
    cube 3062.501.647 (depth 2, 32 lits): UNSAT in 0.03s
    cube 3062.501.648 (depth 2, 32 lits): UNSAT in 0.10s
    cube 3062.501.649 (depth 2, 32 lits): UNSAT in 0.10s
    cube 3062.501.650 (depth 2, 32 lits): UNSAT in 0.48s
    cube 3062.501.651 (depth 2, 32 lits): UNSAT in 0.05s
    cube 3062.501.652 (depth 2, 32 lits): UNSAT in 0.16s
    cube 3062.501.653 (depth 2, 32 lits): UNSAT in 0.10s
    cube 3062.501.654 (depth 2, 32 lits): UNSAT in 0.61s
    cube 3062.501.655 (depth 2, 32 lits): UNSAT in 0.06s
    cube 3062.501.656 (depth 2, 32 lits): UNSAT in 0.29s
    cube 3062.501.657 (depth 2, 32 lits): UNSAT in 0.11s
    cube 3062.501.658 (depth 2, 32 lits): UNSAT in 1.10s
    cube 3062.501.659 (depth 2, 32 lits): UNSAT in 0.04s
    cube 3062.501.660 (depth 2, 32 lits): UNSAT in 0.23s
    cube 3062.501.661 (depth 2, 32 lits): UNSAT in 0.17s
    cube 3062.501.662 (depth 2, 32 lits): UNSAT in 1.23s
    cube 3062.501.663 (depth 2, 32 lits): UNSAT in 0.03s
    cube 3062.501.664 (depth 2, 32 lits): UNSAT in 0.07s
    cube 3062.501.665 (depth 2, 32 lits): UNSAT in 0.03s
    cube 3062.501.666 (depth 2, 32 lits): UNSAT in 0.14s
    cube 3062.501.667 (depth 2, 32 lits): UNSAT in 0.13s
    cube 3062.501.668 (depth 2, 32 lits): UNSAT in 0.34s
    cube 3062.501.669 (depth 2, 32 lits): UNSAT in 0.12s
    cube 3062.501.670 (depth 2, 32 lits): UNSAT in 5.04s
    cube 3062.501.671 (depth 2, 32 lits): UNSAT in 0.26s
    cube 3062.501.672 (depth 2, 32 lits): UNSAT in 0.66s
    cube 3062.501.673 (depth 2, 32 lits): UNSAT in 0.69s
    cube 3062.501.674 (depth 2, 32 lits): UNSAT in 2.66s
    cube 3062.501.675 (depth 2, 32 lits): UNSAT in 0.21s
    cube 3062.501.676 (depth 2, 32 lits): UNSAT in 0.83s
    cube 3062.501.677 (depth 2, 32 lits): UNSAT in 0.60s
    cube 3062.501.678 (depth 2, 32 lits): UNSAT in 1.83s
    cube 3062.501.679 (depth 2, 32 lits): UNSAT in 0.09s
    cube 3062.501.680 (depth 2, 32 lits): UNSAT in 0.69s
    cube 3062.501.681 (depth 2, 32 lits): UNSAT in 0.45s
    cube 3062.501.682 (depth 2, 32 lits): UNSAT in 2.67s
    cube 3062.501.683 (depth 2, 32 lits): UNSAT in 0.39s
    cube 3062.501.684 (depth 2, 32 lits): UNSAT in 1.81s
    cube 3062.501.685 (depth 2, 32 lits): UNSAT in 0.30s
    cube 3062.501.686 (depth 2, 32 lits): UNSAT in 1.19s
    cube 3062.501.687 (depth 2, 32 lits): UNSAT in 0.41s
    cube 3062.501.688 (depth 2, 32 lits): UNSAT in 0.46s
    cube 3062.501.689 (depth 2, 32 lits): UNSAT in 0.89s
    cube 3062.501.690 (depth 2, 32 lits): UNSAT in 4.58s
    cube 3062.501.691 (depth 2, 32 lits): UNSAT in 3.05s
    cube 3062.501.692 (depth 2, 32 lits): UNSAT in 5.77s
    cube 3062.501.693 (depth 2, 32 lits): UNSAT in 14.43s
    cube 3062.501.694 (depth 2, 32 lits): UNSAT in 12.77s
    cube 3062.501.695 (depth 2, 31 lits): UNSAT in 0.02s
    cube 3062.501.696 (depth 2, 31 lits): UNSAT in 0.01s
    cube 3062.501.697 (depth 2, 32 lits): UNSAT in 0.01s
    cube 3062.501.698 (depth 2, 32 lits): UNSAT in 0.02s
    cube 3062.501.699 (depth 2, 32 lits): UNSAT in 0.02s
    cube 3062.501.700 (depth 2, 32 lits): UNSAT in 0.03s
    cube 3062.501.701 (depth 2, 31 lits): UNSAT in 0.02s
    cube 3062.501.702 (depth 2, 32 lits): UNSAT in 0.02s
    cube 3062.501.703 (depth 2, 32 lits): UNSAT in 0.04s
    cube 3062.501.704 (depth 2, 32 lits): UNSAT in 0.01s
    cube 3062.501.705 (depth 2, 32 lits): UNSAT in 0.04s
    cube 3062.501.706 (depth 2, 32 lits): UNSAT in 0.08s
    cube 3062.501.707 (depth 2, 32 lits): UNSAT in 0.14s
    cube 3062.501.708 (depth 2, 31 lits): UNSAT in 0.02s
    cube 3062.501.709 (depth 2, 32 lits): UNSAT in 0.01s
    cube 3062.501.710 (depth 2, 32 lits): UNSAT in 0.02s
    cube 3062.501.711 (depth 2, 32 lits): UNSAT in 0.02s
    cube 3062.501.712 (depth 2, 32 lits): UNSAT in 0.04s
    cube 3062.501.713 (depth 2, 32 lits): UNSAT in 0.03s
    cube 3062.501.714 (depth 2, 32 lits): UNSAT in 0.15s
    cube 3062.501.715 (depth 2, 32 lits): UNSAT in 0.02s
    cube 3062.501.716 (depth 2, 32 lits): UNSAT in 0.03s
    cube 3062.501.717 (depth 2, 32 lits): UNSAT in 0.11s
    cube 3062.501.718 (depth 2, 32 lits): UNSAT in 0.13s
    cube 3062.501.719 (depth 2, 32 lits): UNSAT in 0.07s
    cube 3062.501.720 (depth 2, 32 lits): UNSAT in 0.41s
    cube 3062.501.721 (depth 2, 32 lits): UNSAT in 0.62s
    cube 3062.501.722 (depth 2, 32 lits): UNSAT in 1.36s
    cube 3062.501.723 (depth 2, 32 lits): UNSAT in 0.02s
    cube 3062.501.724 (depth 2, 32 lits): UNSAT in 0.03s
    cube 3062.501.725 (depth 2, 32 lits): UNSAT in 0.02s
    cube 3062.501.726 (depth 2, 32 lits): UNSAT in 0.11s
    cube 3062.501.727 (depth 2, 32 lits): UNSAT in 0.03s
    cube 3062.501.728 (depth 2, 32 lits): UNSAT in 0.17s
    cube 3062.501.729 (depth 2, 32 lits): UNSAT in 0.30s
    cube 3062.501.730 (depth 2, 32 lits): UNSAT in 0.21s
    cube 3062.501.731 (depth 2, 31 lits): UNSAT in 0.01s
    cube 3062.501.732 (depth 2, 32 lits): UNSAT in 0.04s
    cube 3062.501.733 (depth 2, 32 lits): UNSAT in 0.05s
    cube 3062.501.734 (depth 2, 32 lits): UNSAT in 0.04s
    cube 3062.501.735 (depth 2, 32 lits): UNSAT in 0.19s
    cube 3062.501.736 (depth 2, 32 lits): UNSAT in 0.24s
    cube 3062.501.737 (depth 2, 32 lits): UNSAT in 0.55s
    cube 3062.501.738 (depth 2, 32 lits): UNSAT in 0.02s
    cube 3062.501.739 (depth 2, 32 lits): UNSAT in 0.02s
    cube 3062.501.740 (depth 2, 32 lits): UNSAT in 0.06s
    cube 3062.501.741 (depth 2, 32 lits): UNSAT in 0.06s
    cube 3062.501.742 (depth 2, 32 lits): UNSAT in 0.02s
    cube 3062.501.743 (depth 2, 32 lits): UNSAT in 0.05s
    cube 3062.501.744 (depth 2, 32 lits): UNSAT in 0.24s
    cube 3062.501.745 (depth 2, 32 lits): UNSAT in 0.48s
    cube 3062.501.746 (depth 2, 32 lits): UNSAT in 0.08s
    cube 3062.501.747 (depth 2, 32 lits): UNSAT in 0.14s
    cube 3062.501.748 (depth 2, 32 lits): UNSAT in 0.15s
    cube 3062.501.749 (depth 2, 32 lits): UNSAT in 0.37s
    cube 3062.501.750 (depth 2, 32 lits): UNSAT in 0.10s
    cube 3062.501.751 (depth 2, 32 lits): UNSAT in 0.19s
    cube 3062.501.752 (depth 2, 32 lits): UNSAT in 0.35s
    cube 3062.501.753 (depth 2, 32 lits): UNSAT in 1.10s
    cube 3062.501.754 (depth 2, 32 lits): UNSAT in 0.01s
    cube 3062.501.755 (depth 2, 32 lits): UNSAT in 0.02s
    cube 3062.501.756 (depth 2, 32 lits): UNSAT in 0.05s
    cube 3062.501.757 (depth 2, 32 lits): UNSAT in 0.09s
    cube 3062.501.758 (depth 2, 32 lits): UNSAT in 0.02s
    cube 3062.501.759 (depth 2, 32 lits): UNSAT in 0.04s
    cube 3062.501.760 (depth 2, 32 lits): UNSAT in 0.04s
    cube 3062.501.761 (depth 2, 32 lits): UNSAT in 0.26s
    cube 3062.501.762 (depth 2, 32 lits): UNSAT in 0.02s
    cube 3062.501.763 (depth 2, 32 lits): UNSAT in 0.06s
    cube 3062.501.764 (depth 2, 32 lits): UNSAT in 0.21s
    cube 3062.501.765 (depth 2, 32 lits): UNSAT in 0.26s
    cube 3062.501.766 (depth 2, 32 lits): UNSAT in 0.07s
    cube 3062.501.767 (depth 2, 32 lits): UNSAT in 0.14s
    cube 3062.501.768 (depth 2, 32 lits): UNSAT in 0.28s
    cube 3062.501.769 (depth 2, 32 lits): UNSAT in 0.23s
    cube 3062.501.770 (depth 2, 31 lits): UNSAT in 0.02s
    cube 3062.501.771 (depth 2, 32 lits): UNSAT in 0.01s
    cube 3062.501.772 (depth 2, 32 lits): UNSAT in 0.03s
    cube 3062.501.773 (depth 2, 32 lits): UNSAT in 0.02s
    cube 3062.501.774 (depth 2, 32 lits): UNSAT in 0.03s
    cube 3062.501.775 (depth 2, 32 lits): UNSAT in 0.04s
    cube 3062.501.776 (depth 2, 32 lits): UNSAT in 0.18s
    cube 3062.501.777 (depth 2, 32 lits): UNSAT in 0.02s
    cube 3062.501.778 (depth 2, 32 lits): UNSAT in 0.05s
    cube 3062.501.779 (depth 2, 32 lits): UNSAT in 0.12s
    cube 3062.501.780 (depth 2, 32 lits): UNSAT in 0.12s
    cube 3062.501.781 (depth 2, 32 lits): UNSAT in 0.03s
    cube 3062.501.782 (depth 2, 32 lits): UNSAT in 0.21s
    cube 3062.501.783 (depth 2, 32 lits): UNSAT in 0.21s
    cube 3062.501.784 (depth 2, 32 lits): UNSAT in 0.82s
    cube 3062.501.785 (depth 2, 32 lits): UNSAT in 0.03s
    cube 3062.501.786 (depth 2, 32 lits): UNSAT in 0.05s
    cube 3062.501.787 (depth 2, 32 lits): UNSAT in 0.04s
    cube 3062.501.788 (depth 2, 32 lits): UNSAT in 0.13s
    cube 3062.501.789 (depth 2, 32 lits): UNSAT in 0.01s
    cube 3062.501.790 (depth 2, 32 lits): UNSAT in 0.06s
    cube 3062.501.791 (depth 2, 32 lits): UNSAT in 0.27s
    cube 3062.501.792 (depth 2, 32 lits): UNSAT in 0.28s
    cube 3062.501.793 (depth 2, 32 lits): UNSAT in 0.04s
    cube 3062.501.794 (depth 2, 32 lits): UNSAT in 0.05s
    cube 3062.501.795 (depth 2, 32 lits): UNSAT in 0.05s
    cube 3062.501.796 (depth 2, 32 lits): UNSAT in 0.26s
    cube 3062.501.797 (depth 2, 32 lits): UNSAT in 0.16s
    cube 3062.501.798 (depth 2, 32 lits): UNSAT in 0.53s
    cube 3062.501.799 (depth 2, 32 lits): UNSAT in 0.41s
    cube 3062.501.800 (depth 2, 32 lits): UNSAT in 0.64s
    cube 3062.501.801 (depth 2, 32 lits): UNSAT in 0.04s
    cube 3062.501.802 (depth 2, 32 lits): UNSAT in 0.12s
    cube 3062.501.803 (depth 2, 32 lits): UNSAT in 0.24s
    cube 3062.501.804 (depth 2, 32 lits): UNSAT in 0.39s
    cube 3062.501.805 (depth 2, 32 lits): UNSAT in 0.13s
    cube 3062.501.806 (depth 2, 32 lits): UNSAT in 0.14s
    cube 3062.501.807 (depth 2, 32 lits): UNSAT in 0.77s
    cube 3062.501.808 (depth 2, 32 lits): UNSAT in 0.37s
    cube 3062.501.809 (depth 2, 32 lits): UNSAT in 0.42s
    cube 3062.501.810 (depth 2, 32 lits): UNSAT in 0.41s
    cube 3062.501.811 (depth 2, 32 lits): UNSAT in 2.91s
    cube 3062.501.812 (depth 2, 32 lits): UNSAT in 2.91s
    cube 3062.501.813 (depth 2, 32 lits): UNSAT in 0.87s
    cube 3062.501.814 (depth 2, 32 lits): UNSAT in 1.85s
    cube 3062.501.815 (depth 2, 32 lits): UNSAT in 5.29s
    cube 3062.501.816 (depth 2, 32 lits): UNSAT in 3.63s
    cube 3062.501.817 (depth 2, 31 lits): UNSAT in 0.01s
    cube 3062.501.818 (depth 2, 32 lits): UNSAT in 0.01s
    cube 3062.501.819 (depth 2, 32 lits): UNSAT in 0.03s
    cube 3062.501.820 (depth 2, 32 lits): UNSAT in 0.01s
    cube 3062.501.821 (depth 2, 32 lits): UNSAT in 0.02s
    cube 3062.501.822 (depth 2, 32 lits): UNSAT in 0.02s
    cube 3062.501.823 (depth 2, 32 lits): UNSAT in 0.04s
    cube 3062.501.824 (depth 2, 32 lits): UNSAT in 0.01s
    cube 3062.501.825 (depth 2, 32 lits): UNSAT in 0.02s
    cube 3062.501.826 (depth 2, 32 lits): UNSAT in 0.01s
    cube 3062.501.827 (depth 2, 32 lits): UNSAT in 0.02s
    cube 3062.501.828 (depth 2, 32 lits): UNSAT in 0.02s
    cube 3062.501.829 (depth 2, 32 lits): UNSAT in 0.05s
    cube 3062.501.830 (depth 2, 32 lits): UNSAT in 0.02s
    cube 3062.501.831 (depth 2, 32 lits): UNSAT in 0.11s
    cube 3062.501.832 (depth 2, 32 lits): UNSAT in 0.02s
    cube 3062.501.833 (depth 2, 32 lits): UNSAT in 0.04s
    cube 3062.501.834 (depth 2, 32 lits): UNSAT in 0.03s
    cube 3062.501.835 (depth 2, 32 lits): UNSAT in 0.14s
    cube 3062.501.836 (depth 2, 32 lits): UNSAT in 0.03s
    cube 3062.501.837 (depth 2, 32 lits): UNSAT in 0.07s
    cube 3062.501.838 (depth 2, 32 lits): UNSAT in 0.10s
    cube 3062.501.839 (depth 2, 32 lits): UNSAT in 0.28s
    cube 3062.501.840 (depth 2, 32 lits): UNSAT in 0.01s
    cube 3062.501.841 (depth 2, 32 lits): UNSAT in 0.03s
    cube 3062.501.842 (depth 2, 32 lits): UNSAT in 0.07s
    cube 3062.501.843 (depth 2, 32 lits): UNSAT in 0.14s
    cube 3062.501.844 (depth 2, 32 lits): UNSAT in 0.06s
    cube 3062.501.845 (depth 2, 32 lits): UNSAT in 0.11s
    cube 3062.501.846 (depth 2, 32 lits): UNSAT in 0.04s
    cube 3062.501.847 (depth 2, 32 lits): UNSAT in 0.13s
    cube 3062.501.848 (depth 2, 32 lits): UNSAT in 0.04s
    cube 3062.501.849 (depth 2, 32 lits): UNSAT in 0.04s
    cube 3062.501.850 (depth 2, 32 lits): UNSAT in 0.10s
    cube 3062.501.851 (depth 2, 32 lits): UNSAT in 0.18s
    cube 3062.501.852 (depth 2, 32 lits): UNSAT in 0.06s
    cube 3062.501.853 (depth 2, 32 lits): UNSAT in 0.08s
    cube 3062.501.854 (depth 2, 32 lits): UNSAT in 0.16s
    cube 3062.501.855 (depth 2, 32 lits): UNSAT in 0.44s
    cube 3062.501.856 (depth 2, 32 lits): UNSAT in 0.02s
    cube 3062.501.857 (depth 2, 32 lits): UNSAT in 0.07s
    cube 3062.501.858 (depth 2, 32 lits): UNSAT in 0.09s
    cube 3062.501.859 (depth 2, 32 lits): UNSAT in 0.34s
    cube 3062.501.860 (depth 2, 32 lits): UNSAT in 0.03s
    cube 3062.501.861 (depth 2, 32 lits): UNSAT in 0.04s
    cube 3062.501.862 (depth 2, 32 lits): UNSAT in 0.22s
    cube 3062.501.863 (depth 2, 32 lits): UNSAT in 0.47s
    cube 3062.501.864 (depth 2, 32 lits): UNSAT in 0.07s
    cube 3062.501.865 (depth 2, 32 lits): UNSAT in 0.13s
    cube 3062.501.866 (depth 2, 32 lits): UNSAT in 0.18s
    cube 3062.501.867 (depth 2, 32 lits): UNSAT in 0.70s
    cube 3062.501.868 (depth 2, 32 lits): UNSAT in 0.17s
    cube 3062.501.869 (depth 2, 32 lits): UNSAT in 0.21s
    cube 3062.501.870 (depth 2, 32 lits): UNSAT in 0.05s
    cube 3062.501.871 (depth 2, 32 lits): UNSAT in 1.17s
    cube 3062.501.872 (depth 2, 32 lits): UNSAT in 0.37s
    cube 3062.501.873 (depth 2, 32 lits): UNSAT in 1.46s
    cube 3062.501.874 (depth 2, 32 lits): UNSAT in 0.27s
    cube 3062.501.875 (depth 2, 32 lits): UNSAT in 1.04s
    cube 3062.501.876 (depth 2, 32 lits): UNSAT in 0.28s
    cube 3062.501.877 (depth 2, 32 lits): UNSAT in 0.94s
    cube 3062.501.878 (depth 2, 32 lits): UNSAT in 3.06s
    cube 3062.501.879 (depth 2, 32 lits): UNSAT in 3.47s
    cube 3062.501.880 (depth 2, 31 lits): UNSAT in 0.02s
    cube 3062.501.881 (depth 2, 32 lits): UNSAT in 0.02s
    cube 3062.501.882 (depth 2, 32 lits): UNSAT in 0.04s
    cube 3062.501.883 (depth 2, 32 lits): UNSAT in 0.02s
    cube 3062.501.884 (depth 2, 32 lits): UNSAT in 0.06s
    cube 3062.501.885 (depth 2, 32 lits): UNSAT in 0.04s
    cube 3062.501.886 (depth 2, 32 lits): UNSAT in 0.13s
    cube 3062.501.887 (depth 2, 32 lits): UNSAT in 0.02s
    cube 3062.501.888 (depth 2, 32 lits): UNSAT in 0.14s
    cube 3062.501.889 (depth 2, 32 lits): UNSAT in 0.22s
    cube 3062.501.890 (depth 2, 32 lits): UNSAT in 0.30s
    cube 3062.501.891 (depth 2, 32 lits): UNSAT in 0.34s
    cube 3062.501.892 (depth 2, 32 lits): UNSAT in 0.86s
    cube 3062.501.893 (depth 2, 32 lits): UNSAT in 1.41s
    cube 3062.501.894 (depth 2, 32 lits): UNSAT in 3.58s
    cube 3062.501.895 (depth 2, 32 lits): UNSAT in 0.02s
    cube 3062.501.896 (depth 2, 32 lits): UNSAT in 0.09s
    cube 3062.501.897 (depth 2, 32 lits): UNSAT in 0.14s
    cube 3062.501.898 (depth 2, 32 lits): UNSAT in 0.12s
    cube 3062.501.899 (depth 2, 32 lits): UNSAT in 0.11s
    cube 3062.501.900 (depth 2, 32 lits): UNSAT in 0.14s
    cube 3062.501.901 (depth 2, 32 lits): UNSAT in 0.57s
    cube 3062.501.902 (depth 2, 32 lits): UNSAT in 3.27s
    cube 3062.501.903 (depth 2, 32 lits): UNSAT in 0.03s
    cube 3062.501.904 (depth 2, 32 lits): UNSAT in 0.13s
    cube 3062.501.905 (depth 2, 32 lits): UNSAT in 0.62s
    cube 3062.501.906 (depth 2, 32 lits): UNSAT in 1.06s
    cube 3062.501.907 (depth 2, 32 lits): UNSAT in 0.08s
    cube 3062.501.908 (depth 2, 32 lits): UNSAT in 1.43s
    cube 3062.501.909 (depth 2, 32 lits): UNSAT in 2.60s
    cube 3062.501.910 (depth 2, 32 lits): UNSAT in 6.55s
    cube 3062.501.911 (depth 2, 32 lits): UNSAT in 0.06s
    cube 3062.501.912 (depth 2, 32 lits): UNSAT in 0.09s
    cube 3062.501.913 (depth 2, 32 lits): UNSAT in 0.10s
    cube 3062.501.914 (depth 2, 32 lits): UNSAT in 0.34s
    cube 3062.501.915 (depth 2, 32 lits): UNSAT in 0.52s
    cube 3062.501.916 (depth 2, 32 lits): UNSAT in 0.82s
    cube 3062.501.917 (depth 2, 32 lits): UNSAT in 2.34s
    cube 3062.501.918 (depth 2, 32 lits): UNSAT in 7.86s
    cube 3062.501.919 (depth 2, 32 lits): UNSAT in 0.07s
    cube 3062.501.920 (depth 2, 32 lits): UNSAT in 0.40s
    cube 3062.501.921 (depth 2, 32 lits): UNSAT in 1.10s
    cube 3062.501.922 (depth 2, 32 lits): UNSAT in 5.55s
    cube 3062.501.923 (depth 2, 32 lits): UNSAT in 1.23s
    cube 3062.501.924 (depth 2, 32 lits): UNSAT in 2.35s
    cube 3062.501.925 (depth 2, 32 lits): UNSAT in 2.75s
    cube 3062.501.926 (depth 2, 32 lits): UNSAT in 7.58s
    cube 3062.501.927 (depth 2, 32 lits): UNSAT in 0.06s
    cube 3062.501.928 (depth 2, 32 lits): UNSAT in 0.26s
    cube 3062.501.929 (depth 2, 32 lits): UNSAT in 0.39s
    cube 3062.501.930 (depth 2, 32 lits): UNSAT in 3.04s
    cube 3062.501.931 (depth 2, 32 lits): UNSAT in 0.54s
    cube 3062.501.932 (depth 2, 32 lits): UNSAT in 2.53s
    cube 3062.501.933 (depth 2, 32 lits): UNSAT in 1.77s
    cube 3062.501.934 (depth 2, 32 lits): UNSAT in 26.66s
    cube 3062.501.935 (depth 2, 32 lits): UNSAT in 0.67s
    cube 3062.501.936 (depth 2, 32 lits): UNSAT in 6.77s
    cube 3062.501.937 (depth 2, 32 lits): UNSAT in 9.74s
    cube 3062.501.938 (depth 2, 32 lits): UNSAT in 65.50s
    cube 3062.501.939 (depth 2, 32 lits): UNSAT in 6.99s
    cube 3062.501.940 (depth 2, 32 lits): UNSAT in 46.72s
    cube 3062.501.941 (depth 2, 32 lits): UNSAT in 102.56s
    cube 3062.501.942 (depth 2, 32 lits): UNSAT in 135.35s
    cube 3062.502 (depth 1, 21 lits): UNSAT in 0.01s
    cube 3062.503 (depth 1, 22 lits): UNSAT in 0.02s
    cube 3062.504 (depth 1, 22 lits): UNSAT in 0.02s
    cube 3062.505 (depth 1, 22 lits): UNSAT in 0.02s
    cube 3062.506 (depth 1, 22 lits): UNSAT in 0.03s
    cube 3062.507 (depth 1, 22 lits): UNSAT in 0.03s
    cube 3062.508 (depth 1, 22 lits): UNSAT in 0.05s
    cube 3062.509 (depth 1, 22 lits): UNSAT in 0.02s
    cube 3062.510 (depth 1, 22 lits): UNSAT in 0.02s
    cube 3062.511 (depth 1, 22 lits): UNSAT in 0.03s
    cube 3062.512 (depth 1, 22 lits): UNSAT in 0.06s
    cube 3062.513 (depth 1, 22 lits): UNSAT in 0.02s
    cube 3062.514 (depth 1, 22 lits): UNSAT in 0.02s
    cube 3062.515 (depth 1, 22 lits): UNSAT in 0.04s
    cube 3062.516 (depth 1, 22 lits): UNSAT in 0.04s
    cube 3062.517 (depth 1, 22 lits): UNSAT in 0.06s
    cube 3062.518 (depth 1, 22 lits): UNSAT in 0.20s
    cube 3062.519 (depth 1, 22 lits): UNSAT in 0.04s
    cube 3062.520 (depth 1, 22 lits): UNSAT in 0.22s
    cube 3062.521 (depth 1, 22 lits): UNSAT in 0.06s
    cube 3062.522 (depth 1, 22 lits): UNSAT in 0.08s
    cube 3062.523 (depth 1, 22 lits): UNSAT in 0.09s
    cube 3062.524 (depth 1, 22 lits): UNSAT in 0.99s
    cube 3062.525 (depth 1, 22 lits): UNSAT in 0.02s
    cube 3062.526 (depth 1, 22 lits): UNSAT in 0.02s
    cube 3062.527 (depth 1, 22 lits): UNSAT in 0.03s
    cube 3062.528 (depth 1, 22 lits): UNSAT in 0.09s
    cube 3062.529 (depth 1, 22 lits): UNSAT in 0.03s
    cube 3062.530 (depth 1, 22 lits): UNSAT in 0.09s
    cube 3062.531 (depth 1, 22 lits): UNSAT in 0.24s
    cube 3062.532 (depth 1, 22 lits): UNSAT in 1.34s
    cube 3062.533 (depth 1, 22 lits): UNSAT in 0.02s
    cube 3062.534 (depth 1, 22 lits): UNSAT in 0.02s
    cube 3062.535 (depth 1, 22 lits): UNSAT in 0.02s
    cube 3062.536 (depth 1, 22 lits): UNSAT in 0.03s
    cube 3062.537 (depth 1, 22 lits): UNSAT in 0.03s
    cube 3062.538 (depth 1, 22 lits): UNSAT in 0.11s
    cube 3062.539 (depth 1, 22 lits): UNSAT in 0.15s
    cube 3062.540 (depth 1, 22 lits): UNSAT in 0.65s
    cube 3062.541 (depth 1, 22 lits): UNSAT in 0.04s
    cube 3062.542 (depth 1, 22 lits): UNSAT in 0.16s
    cube 3062.543 (depth 1, 22 lits): UNSAT in 0.17s
    cube 3062.544 (depth 1, 22 lits): UNSAT in 0.27s
    cube 3062.545 (depth 1, 22 lits): UNSAT in 0.59s
    cube 3062.546 (depth 1, 22 lits): UNSAT in 0.80s
    cube 3062.547 (depth 1, 22 lits): UNSAT in 0.24s
    cube 3062.548 (depth 1, 22 lits): UNSAT in 0.75s
    cube 3062.549 (depth 1, 22 lits): UNSAT in 0.07s
    cube 3062.550 (depth 1, 22 lits): UNSAT in 0.32s
    cube 3062.551 (depth 1, 22 lits): UNSAT in 0.10s
    cube 3062.552 (depth 1, 22 lits): UNSAT in 0.38s
    cube 3062.553 (depth 1, 22 lits): UNSAT in 0.17s
    cube 3062.554 (depth 1, 22 lits): UNSAT in 0.39s
    cube 3062.555 (depth 1, 22 lits): UNSAT in 0.18s
    cube 3062.556 (depth 1, 22 lits): UNSAT in 2.23s
    cube 3062.557 (depth 1, 22 lits): UNSAT in 0.11s
    cube 3062.558 (depth 1, 22 lits): UNSAT in 0.20s
    cube 3062.559 (depth 1, 22 lits): UNSAT in 0.38s
    cube 3062.560 (depth 1, 22 lits): UNSAT in 1.61s
    cube 3062.561 (depth 1, 22 lits): UNSAT in 0.18s
    cube 3062.562 (depth 1, 22 lits): UNSAT in 2.60s
    cube 3062.563 (depth 1, 22 lits): UNSAT in 1.99s
    cube 3062.564 (depth 1, 22 lits): UNSAT in 16.88s
    cube 3062.565 (depth 1, 22 lits): UNSAT in 0.01s
    cube 3062.566 (depth 1, 22 lits): UNSAT in 0.03s
    cube 3062.567 (depth 1, 22 lits): UNSAT in 0.03s
    cube 3062.568 (depth 1, 22 lits): UNSAT in 0.02s
    cube 3062.569 (depth 1, 22 lits): UNSAT in 0.04s
    cube 3062.570 (depth 1, 22 lits): UNSAT in 0.14s
    cube 3062.571 (depth 1, 22 lits): UNSAT in 0.06s
    cube 3062.572 (depth 1, 22 lits): UNSAT in 0.07s
    cube 3062.573 (depth 1, 22 lits): UNSAT in 0.03s
    cube 3062.574 (depth 1, 22 lits): UNSAT in 0.02s
    cube 3062.575 (depth 1, 22 lits): UNSAT in 0.03s
    cube 3062.576 (depth 1, 22 lits): UNSAT in 0.09s
    cube 3062.577 (depth 1, 22 lits): UNSAT in 0.03s
    cube 3062.578 (depth 1, 22 lits): UNSAT in 0.03s
    cube 3062.579 (depth 1, 22 lits): UNSAT in 0.10s
    cube 3062.580 (depth 1, 22 lits): UNSAT in 0.43s
    cube 3062.581 (depth 1, 22 lits): UNSAT in 0.08s
    cube 3062.582 (depth 1, 22 lits): UNSAT in 0.18s
    cube 3062.583 (depth 1, 22 lits): UNSAT in 0.05s
    cube 3062.584 (depth 1, 22 lits): UNSAT in 0.15s
    cube 3062.585 (depth 1, 22 lits): UNSAT in 0.04s
    cube 3062.586 (depth 1, 22 lits): UNSAT in 0.17s
    cube 3062.587 (depth 1, 22 lits): UNSAT in 0.16s
    cube 3062.588 (depth 1, 22 lits): UNSAT in 0.92s
    cube 3062.589 (depth 1, 22 lits): UNSAT in 0.02s
    cube 3062.590 (depth 1, 22 lits): UNSAT in 0.14s
    cube 3062.591 (depth 1, 22 lits): UNSAT in 0.07s
    cube 3062.592 (depth 1, 22 lits): UNSAT in 0.67s
    cube 3062.593 (depth 1, 22 lits): UNSAT in 0.42s
    cube 3062.594 (depth 1, 22 lits): UNSAT in 1.38s
    cube 3062.595 (depth 1, 22 lits): UNSAT in 1.84s
    cube 3062.596 (depth 1, 22 lits): UNSAT in 8.10s
    cube 3062.597 (depth 1, 22 lits): UNSAT in 0.05s
    cube 3062.598 (depth 1, 22 lits): UNSAT in 0.10s
    cube 3062.599 (depth 1, 22 lits): UNSAT in 0.03s
    cube 3062.600 (depth 1, 22 lits): UNSAT in 0.07s
    cube 3062.601 (depth 1, 22 lits): UNSAT in 0.21s
    cube 3062.602 (depth 1, 22 lits): UNSAT in 0.64s
    cube 3062.603 (depth 1, 22 lits): UNSAT in 0.05s
    cube 3062.604 (depth 1, 22 lits): UNSAT in 0.79s
    cube 3062.605 (depth 1, 22 lits): UNSAT in 0.11s
    cube 3062.606 (depth 1, 22 lits): UNSAT in 0.23s
    cube 3062.607 (depth 1, 22 lits): UNSAT in 0.24s
    cube 3062.608 (depth 1, 22 lits): UNSAT in 1.94s
    cube 3062.609 (depth 1, 22 lits): UNSAT in 0.18s
    cube 3062.610 (depth 1, 22 lits): UNSAT in 1.14s
    cube 3062.611 (depth 1, 22 lits): UNSAT in 1.22s
    cube 3062.612 (depth 1, 22 lits): UNSAT in 13.03s
    cube 3062.613 (depth 1, 22 lits): UNSAT in 0.17s
    cube 3062.614 (depth 1, 22 lits): UNSAT in 0.51s
    cube 3062.615 (depth 1, 22 lits): UNSAT in 1.59s
    cube 3062.616 (depth 1, 22 lits): UNSAT in 6.05s
    cube 3062.617 (depth 1, 22 lits): UNSAT in 0.47s
    cube 3062.618 (depth 1, 22 lits): UNSAT in 5.50s
    cube 3062.619 (depth 1, 22 lits): UNSAT in 1.84s
    cube 3062.620 (depth 1, 22 lits): UNSAT in 78.56s
    cube 3062.621 (depth 1, 22 lits): UNSAT in 1.61s
    cube 3062.622 (depth 1, 22 lits): UNSAT in 9.92s
    cube 3062.623 (depth 1, 22 lits): UNSAT in 6.37s
    cube 3062.624 (depth 1, 22 lits): UNSAT in 50.90s
    cube 3062.625 (depth 1, 22 lits): UNSAT in 5.95s
    cube 3062.626 (depth 1, 22 lits): UNSAT in 39.85s
    cube 3062.627 (depth 1, 22 lits): UNSAT in 215.05s
    cube 3062.628 (depth 1, 22 lits): TIMEOUT in 1200.10s
    cube 3062.628 TIMEOUT -> re-split into 873 sub-cubes (depth 2)
    cube 3062.628.0 (depth 2, 29 lits): UNSAT in 0.01s
    cube 3062.628.1 (depth 2, 31 lits): UNSAT in 0.01s
    cube 3062.628.2 (depth 2, 32 lits): UNSAT in 0.01s
    cube 3062.628.3 (depth 2, 32 lits): UNSAT in 0.02s
    cube 3062.628.4 (depth 2, 32 lits): UNSAT in 0.01s
    cube 3062.628.5 (depth 2, 32 lits): UNSAT in 0.01s
    cube 3062.628.6 (depth 2, 32 lits): UNSAT in 0.01s
    cube 3062.628.7 (depth 2, 32 lits): UNSAT in 0.02s
    cube 3062.628.8 (depth 2, 30 lits): UNSAT in 0.01s
    cube 3062.628.9 (depth 2, 31 lits): UNSAT in 0.01s
    cube 3062.628.10 (depth 2, 31 lits): UNSAT in 0.01s
    cube 3062.628.11 (depth 2, 31 lits): UNSAT in 0.01s
    cube 3062.628.12 (depth 2, 32 lits): UNSAT in 0.01s
    cube 3062.628.13 (depth 2, 32 lits): UNSAT in 0.01s
    cube 3062.628.14 (depth 2, 31 lits): UNSAT in 0.01s
    cube 3062.628.15 (depth 2, 31 lits): UNSAT in 0.02s
    cube 3062.628.16 (depth 2, 30 lits): UNSAT in 0.01s
    cube 3062.628.17 (depth 2, 30 lits): UNSAT in 0.02s
    cube 3062.628.18 (depth 2, 31 lits): UNSAT in 0.01s
    cube 3062.628.19 (depth 2, 31 lits): UNSAT in 0.01s
    cube 3062.628.20 (depth 2, 31 lits): UNSAT in 0.01s
    cube 3062.628.21 (depth 2, 31 lits): UNSAT in 0.02s
    cube 3062.628.22 (depth 2, 30 lits): UNSAT in 0.01s
    cube 3062.628.23 (depth 2, 31 lits): UNSAT in 0.01s
    cube 3062.628.24 (depth 2, 32 lits): UNSAT in 0.01s
    cube 3062.628.25 (depth 2, 32 lits): UNSAT in 0.01s
    cube 3062.628.26 (depth 2, 31 lits): UNSAT in 0.01s
    cube 3062.628.27 (depth 2, 32 lits): UNSAT in 0.01s
    cube 3062.628.28 (depth 2, 32 lits): UNSAT in 0.01s
    cube 3062.628.29 (depth 2, 31 lits): UNSAT in 0.02s
    cube 3062.628.30 (depth 2, 31 lits): UNSAT in 0.01s
    cube 3062.628.31 (depth 2, 29 lits): UNSAT in 0.01s
    cube 3062.628.32 (depth 2, 29 lits): UNSAT in 0.02s
    cube 3062.628.33 (depth 2, 29 lits): UNSAT in 0.02s
    cube 3062.628.34 (depth 2, 30 lits): UNSAT in 0.02s
    cube 3062.628.35 (depth 2, 30 lits): UNSAT in 0.02s
    cube 3062.628.36 (depth 2, 29 lits): UNSAT in 0.01s
    cube 3062.628.37 (depth 2, 30 lits): UNSAT in 0.02s
    cube 3062.628.38 (depth 2, 31 lits): UNSAT in 0.01s
    cube 3062.628.39 (depth 2, 31 lits): UNSAT in 0.01s
    cube 3062.628.40 (depth 2, 32 lits): UNSAT in 0.02s
    cube 3062.628.41 (depth 2, 32 lits): UNSAT in 0.02s
    cube 3062.628.42 (depth 2, 32 lits): UNSAT in 0.02s
    cube 3062.628.43 (depth 2, 32 lits): UNSAT in 0.02s
    cube 3062.628.44 (depth 2, 32 lits): UNSAT in 0.02s
    cube 3062.628.45 (depth 2, 32 lits): UNSAT in 0.01s
    cube 3062.628.46 (depth 2, 31 lits): UNSAT in 0.02s
    cube 3062.628.47 (depth 2, 32 lits): UNSAT in 0.02s
    cube 3062.628.48 (depth 2, 32 lits): UNSAT in 0.03s
    cube 3062.628.49 (depth 2, 32 lits): UNSAT in 0.03s
    cube 3062.628.50 (depth 2, 32 lits): UNSAT in 0.03s
    cube 3062.628.51 (depth 2, 32 lits): UNSAT in 0.02s
    cube 3062.628.52 (depth 2, 32 lits): UNSAT in 0.05s
    cube 3062.628.53 (depth 2, 32 lits): UNSAT in 0.08s
    cube 3062.628.54 (depth 2, 32 lits): UNSAT in 0.05s
    cube 3062.628.55 (depth 2, 30 lits): UNSAT in 0.01s
    cube 3062.628.56 (depth 2, 31 lits): UNSAT in 0.02s
    cube 3062.628.57 (depth 2, 32 lits): UNSAT in 0.01s
    cube 3062.628.58 (depth 2, 32 lits): UNSAT in 0.02s
    cube 3062.628.59 (depth 2, 31 lits): UNSAT in 0.01s
    cube 3062.628.60 (depth 2, 31 lits): UNSAT in 0.02s
    cube 3062.628.61 (depth 2, 32 lits): UNSAT in 0.02s
    cube 3062.628.62 (depth 2, 32 lits): UNSAT in 0.02s
    cube 3062.628.63 (depth 2, 32 lits): UNSAT in 0.02s
    cube 3062.628.64 (depth 2, 32 lits): UNSAT in 0.02s
    cube 3062.628.65 (depth 2, 30 lits): UNSAT in 0.01s
    cube 3062.628.66 (depth 2, 31 lits): UNSAT in 0.02s
    cube 3062.628.67 (depth 2, 32 lits): UNSAT in 0.01s
    cube 3062.628.68 (depth 2, 32 lits): UNSAT in 0.02s
    cube 3062.628.69 (depth 2, 31 lits): UNSAT in 0.02s
    cube 3062.628.70 (depth 2, 31 lits): UNSAT in 0.02s
    cube 3062.628.71 (depth 2, 32 lits): UNSAT in 0.02s
    cube 3062.628.72 (depth 2, 32 lits): UNSAT in 0.03s
    cube 3062.628.73 (depth 2, 32 lits): UNSAT in 0.02s
    cube 3062.628.74 (depth 2, 32 lits): UNSAT in 0.02s
    cube 3062.628.75 (depth 2, 31 lits): UNSAT in 0.01s
    cube 3062.628.76 (depth 2, 31 lits): UNSAT in 0.02s
    cube 3062.628.77 (depth 2, 32 lits): UNSAT in 0.01s
    cube 3062.628.78 (depth 2, 32 lits): UNSAT in 0.02s
    cube 3062.628.79 (depth 2, 32 lits): UNSAT in 0.04s
    cube 3062.628.80 (depth 2, 32 lits): UNSAT in 0.05s
    cube 3062.628.81 (depth 2, 32 lits): UNSAT in 0.02s
    cube 3062.628.82 (depth 2, 32 lits): UNSAT in 0.02s
    cube 3062.628.83 (depth 2, 32 lits): UNSAT in 0.02s
    cube 3062.628.84 (depth 2, 32 lits): UNSAT in 0.03s
    cube 3062.628.85 (depth 2, 32 lits): UNSAT in 0.02s
    cube 3062.628.86 (depth 2, 32 lits): UNSAT in 0.03s
    cube 3062.628.87 (depth 2, 32 lits): UNSAT in 0.08s
    cube 3062.628.88 (depth 2, 32 lits): UNSAT in 0.10s
    cube 3062.628.89 (depth 2, 32 lits): UNSAT in 0.01s
    cube 3062.628.90 (depth 2, 32 lits): UNSAT in 0.02s
    cube 3062.628.91 (depth 2, 32 lits): UNSAT in 0.02s
    cube 3062.628.92 (depth 2, 32 lits): UNSAT in 0.02s
    cube 3062.628.93 (depth 2, 32 lits): UNSAT in 0.04s
    cube 3062.628.94 (depth 2, 32 lits): UNSAT in 0.04s
    cube 3062.628.95 (depth 2, 32 lits): UNSAT in 0.02s
    cube 3062.628.96 (depth 2, 32 lits): UNSAT in 0.04s
    cube 3062.628.97 (depth 2, 32 lits): UNSAT in 0.01s
    cube 3062.628.98 (depth 2, 32 lits): UNSAT in 0.02s
    cube 3062.628.99 (depth 2, 32 lits): UNSAT in 0.02s
    cube 3062.628.100 (depth 2, 32 lits): UNSAT in 0.03s
    cube 3062.628.101 (depth 2, 32 lits): UNSAT in 0.03s
    cube 3062.628.102 (depth 2, 32 lits): UNSAT in 0.03s
    cube 3062.628.103 (depth 2, 32 lits): UNSAT in 0.03s
    cube 3062.628.104 (depth 2, 32 lits): UNSAT in 0.04s
    cube 3062.628.105 (depth 2, 30 lits): UNSAT in 0.01s
    cube 3062.628.106 (depth 2, 31 lits): UNSAT in 0.01s
    cube 3062.628.107 (depth 2, 31 lits): UNSAT in 0.02s
    cube 3062.628.108 (depth 2, 32 lits): UNSAT in 0.02s
    cube 3062.628.109 (depth 2, 32 lits): UNSAT in 0.01s
    cube 3062.628.110 (depth 2, 32 lits): UNSAT in 0.01s
    cube 3062.628.111 (depth 2, 32 lits): UNSAT in 0.02s
    cube 3062.628.112 (depth 2, 32 lits): UNSAT in 0.01s
    cube 3062.628.113 (depth 2, 32 lits): UNSAT in 0.02s
    cube 3062.628.114 (depth 2, 32 lits): UNSAT in 0.02s
    cube 3062.628.115 (depth 2, 32 lits): UNSAT in 0.02s
    cube 3062.628.116 (depth 2, 32 lits): UNSAT in 0.01s
    cube 3062.628.117 (depth 2, 32 lits): UNSAT in 0.03s
    cube 3062.628.118 (depth 2, 32 lits): UNSAT in 0.02s
    cube 3062.628.119 (depth 2, 32 lits): UNSAT in 0.03s
    cube 3062.628.120 (depth 2, 32 lits): UNSAT in 0.02s
    cube 3062.628.121 (depth 2, 32 lits): UNSAT in 0.02s
    cube 3062.628.122 (depth 2, 32 lits): UNSAT in 0.02s
    cube 3062.628.123 (depth 2, 32 lits): UNSAT in 0.01s
    cube 3062.628.124 (depth 2, 32 lits): UNSAT in 0.02s
    cube 3062.628.125 (depth 2, 32 lits): UNSAT in 0.03s
    cube 3062.628.126 (depth 2, 32 lits): UNSAT in 0.02s
    cube 3062.628.127 (depth 2, 32 lits): UNSAT in 0.03s
    cube 3062.628.128 (depth 2, 32 lits): UNSAT in 0.02s
    cube 3062.628.129 (depth 2, 32 lits): UNSAT in 0.02s
    cube 3062.628.130 (depth 2, 32 lits): UNSAT in 0.03s
    cube 3062.628.131 (depth 2, 32 lits): UNSAT in 0.03s
    cube 3062.628.132 (depth 2, 31 lits): UNSAT in 0.02s
    cube 3062.628.133 (depth 2, 32 lits): UNSAT in 0.01s
    cube 3062.628.134 (depth 2, 32 lits): UNSAT in 0.01s
    cube 3062.628.135 (depth 2, 32 lits): UNSAT in 0.02s
    cube 3062.628.136 (depth 2, 32 lits): UNSAT in 0.03s
    cube 3062.628.137 (depth 2, 32 lits): UNSAT in 0.02s
    cube 3062.628.138 (depth 2, 32 lits): UNSAT in 0.02s
    cube 3062.628.139 (depth 2, 31 lits): UNSAT in 0.01s
    cube 3062.628.140 (depth 2, 32 lits): UNSAT in 0.02s
    cube 3062.628.141 (depth 2, 32 lits): UNSAT in 0.02s
    cube 3062.628.142 (depth 2, 32 lits): UNSAT in 0.03s
    cube 3062.628.143 (depth 2, 32 lits): UNSAT in 0.02s
    cube 3062.628.144 (depth 2, 32 lits): UNSAT in 0.03s
    cube 3062.628.145 (depth 2, 32 lits): UNSAT in 0.04s
    cube 3062.628.146 (depth 2, 32 lits): UNSAT in 0.01s
    cube 3062.628.147 (depth 2, 32 lits): UNSAT in 0.03s
    cube 3062.628.148 (depth 2, 32 lits): UNSAT in 0.02s
    cube 3062.628.149 (depth 2, 32 lits): UNSAT in 0.03s
    cube 3062.628.150 (depth 2, 32 lits): UNSAT in 0.05s
    cube 3062.628.151 (depth 2, 32 lits): UNSAT in 0.06s
    cube 3062.628.152 (depth 2, 32 lits): UNSAT in 0.12s
    cube 3062.628.153 (depth 2, 32 lits): UNSAT in 0.14s
    cube 3062.628.154 (depth 2, 32 lits): UNSAT in 0.04s
    cube 3062.628.155 (depth 2, 32 lits): UNSAT in 0.18s
    cube 3062.628.156 (depth 2, 32 lits): UNSAT in 0.23s
    cube 3062.628.157 (depth 2, 32 lits): UNSAT in 0.10s
    cube 3062.628.158 (depth 2, 32 lits): UNSAT in 0.15s
    cube 3062.628.159 (depth 2, 32 lits): UNSAT in 0.20s
    cube 3062.628.160 (depth 2, 32 lits): UNSAT in 0.63s
    cube 3062.628.161 (depth 2, 32 lits): UNSAT in 0.06s
    cube 3062.628.162 (depth 2, 31 lits): UNSAT in 0.01s
    cube 3062.628.163 (depth 2, 32 lits): UNSAT in 0.01s
    cube 3062.628.164 (depth 2, 32 lits): UNSAT in 0.02s
    cube 3062.628.165 (depth 2, 31 lits): UNSAT in 0.02s
    cube 3062.628.166 (depth 2, 32 lits): UNSAT in 0.02s
    cube 3062.628.167 (depth 2, 32 lits): UNSAT in 0.03s
    cube 3062.628.168 (depth 2, 32 lits): UNSAT in 0.01s
    cube 3062.628.169 (depth 2, 32 lits): UNSAT in 0.01s
    cube 3062.628.170 (depth 2, 32 lits): UNSAT in 0.01s
    cube 3062.628.171 (depth 2, 32 lits): UNSAT in 0.02s
    cube 3062.628.172 (depth 2, 32 lits): UNSAT in 0.02s
    cube 3062.628.173 (depth 2, 32 lits): UNSAT in 0.03s
    cube 3062.628.174 (depth 2, 32 lits): UNSAT in 0.02s
    cube 3062.628.175 (depth 2, 32 lits): UNSAT in 0.05s
    cube 3062.628.176 (depth 2, 31 lits): UNSAT in 0.01s
    cube 3062.628.177 (depth 2, 32 lits): UNSAT in 0.01s
    cube 3062.628.178 (depth 2, 32 lits): UNSAT in 0.02s
    cube 3062.628.179 (depth 2, 32 lits): UNSAT in 0.01s
    cube 3062.628.180 (depth 2, 32 lits): UNSAT in 0.02s
    cube 3062.628.181 (depth 2, 32 lits): UNSAT in 0.02s
    cube 3062.628.182 (depth 2, 32 lits): UNSAT in 0.04s
    cube 3062.628.183 (depth 2, 32 lits): UNSAT in 0.02s
    cube 3062.628.184 (depth 2, 32 lits): UNSAT in 0.01s
    cube 3062.628.185 (depth 2, 31 lits): UNSAT in 0.01s
    cube 3062.628.186 (depth 2, 32 lits): UNSAT in 0.01s
    cube 3062.628.187 (depth 2, 32 lits): UNSAT in 0.02s
    cube 3062.628.188 (depth 2, 32 lits): UNSAT in 0.03s
    cube 3062.628.189 (depth 2, 32 lits): UNSAT in 0.04s
    cube 3062.628.190 (depth 2, 31 lits): UNSAT in 0.01s
    cube 3062.628.191 (depth 2, 32 lits): UNSAT in 0.01s
    cube 3062.628.192 (depth 2, 32 lits): UNSAT in 0.02s
    cube 3062.628.193 (depth 2, 32 lits): UNSAT in 0.01s
    cube 3062.628.194 (depth 2, 32 lits): UNSAT in 0.02s
    cube 3062.628.195 (depth 2, 32 lits): UNSAT in 0.02s
    cube 3062.628.196 (depth 2, 32 lits): UNSAT in 0.02s
    cube 3062.628.197 (depth 2, 31 lits): UNSAT in 0.01s
    cube 3062.628.198 (depth 2, 31 lits): UNSAT in 0.01s
    cube 3062.628.199 (depth 2, 32 lits): UNSAT in 0.02s
    cube 3062.628.200 (depth 2, 32 lits): UNSAT in 0.02s
    cube 3062.628.201 (depth 2, 32 lits): UNSAT in 0.02s
    cube 3062.628.202 (depth 2, 32 lits): UNSAT in 0.03s
    cube 3062.628.203 (depth 2, 32 lits): UNSAT in 0.01s
    cube 3062.628.204 (depth 2, 32 lits): UNSAT in 0.01s
    cube 3062.628.205 (depth 2, 32 lits): UNSAT in 0.02s
    cube 3062.628.206 (depth 2, 32 lits): UNSAT in 0.05s
    cube 3062.628.207 (depth 2, 32 lits): UNSAT in 0.03s
    cube 3062.628.208 (depth 2, 32 lits): UNSAT in 0.04s
    cube 3062.628.209 (depth 2, 32 lits): UNSAT in 0.02s
    cube 3062.628.210 (depth 2, 32 lits): UNSAT in 0.04s
    cube 3062.628.211 (depth 2, 32 lits): UNSAT in 0.02s
    cube 3062.628.212 (depth 2, 32 lits): UNSAT in 0.03s
    cube 3062.628.213 (depth 2, 32 lits): UNSAT in 0.03s
    cube 3062.628.214 (depth 2, 32 lits): UNSAT in 0.05s
    cube 3062.628.215 (depth 2, 32 lits): UNSAT in 0.04s
    cube 3062.628.216 (depth 2, 32 lits): UNSAT in 0.07s
    cube 3062.628.217 (depth 2, 32 lits): UNSAT in 0.05s
    cube 3062.628.218 (depth 2, 32 lits): UNSAT in 0.14s
    cube 3062.628.219 (depth 2, 31 lits): UNSAT in 0.02s
    cube 3062.628.220 (depth 2, 32 lits): UNSAT in 0.02s
    cube 3062.628.221 (depth 2, 32 lits): UNSAT in 0.03s
    cube 3062.628.222 (depth 2, 32 lits): UNSAT in 0.02s
    cube 3062.628.223 (depth 2, 32 lits): UNSAT in 0.02s
    cube 3062.628.224 (depth 2, 32 lits): UNSAT in 0.02s
    cube 3062.628.225 (depth 2, 32 lits): UNSAT in 0.03s
    cube 3062.628.226 (depth 2, 32 lits): UNSAT in 0.01s
    cube 3062.628.227 (depth 2, 32 lits): UNSAT in 0.02s
    cube 3062.628.228 (depth 2, 32 lits): UNSAT in 0.01s
    cube 3062.628.229 (depth 2, 32 lits): UNSAT in 0.02s
    cube 3062.628.230 (depth 2, 32 lits): UNSAT in 0.03s
    cube 3062.628.231 (depth 2, 32 lits): UNSAT in 0.03s
    cube 3062.628.232 (depth 2, 32 lits): UNSAT in 0.02s
    cube 3062.628.233 (depth 2, 32 lits): UNSAT in 0.05s
    cube 3062.628.234 (depth 2, 32 lits): UNSAT in 0.02s
    cube 3062.628.235 (depth 2, 32 lits): UNSAT in 0.02s
    cube 3062.628.236 (depth 2, 32 lits): UNSAT in 0.02s
    cube 3062.628.237 (depth 2, 32 lits): UNSAT in 0.02s
    cube 3062.628.238 (depth 2, 32 lits): UNSAT in 0.02s
    cube 3062.628.239 (depth 2, 32 lits): UNSAT in 0.02s
    cube 3062.628.240 (depth 2, 32 lits): UNSAT in 0.02s
    cube 3062.628.241 (depth 2, 32 lits): UNSAT in 0.04s
    cube 3062.628.242 (depth 2, 32 lits): UNSAT in 0.02s
    cube 3062.628.243 (depth 2, 32 lits): UNSAT in 0.03s
    cube 3062.628.244 (depth 2, 32 lits): UNSAT in 0.03s
    cube 3062.628.245 (depth 2, 32 lits): UNSAT in 0.10s
    cube 3062.628.246 (depth 2, 32 lits): UNSAT in 0.03s
    cube 3062.628.247 (depth 2, 32 lits): UNSAT in 0.04s
    cube 3062.628.248 (depth 2, 32 lits): UNSAT in 0.07s
    cube 3062.628.249 (depth 2, 32 lits): UNSAT in 0.05s
    cube 3062.628.250 (depth 2, 32 lits): UNSAT in 0.02s
    cube 3062.628.251 (depth 2, 32 lits): UNSAT in 0.02s
    cube 3062.628.252 (depth 2, 32 lits): UNSAT in 0.02s
    cube 3062.628.253 (depth 2, 32 lits): UNSAT in 0.04s
    cube 3062.628.254 (depth 2, 32 lits): UNSAT in 0.02s
    cube 3062.628.255 (depth 2, 32 lits): UNSAT in 0.02s
    cube 3062.628.256 (depth 2, 32 lits): UNSAT in 0.01s
    cube 3062.628.257 (depth 2, 32 lits): UNSAT in 0.02s
    cube 3062.628.258 (depth 2, 30 lits): UNSAT in 0.01s
    cube 3062.628.259 (depth 2, 32 lits): UNSAT in 0.02s
    cube 3062.628.260 (depth 2, 32 lits): UNSAT in 0.03s
    cube 3062.628.261 (depth 2, 32 lits): UNSAT in 0.06s
    cube 3062.628.262 (depth 2, 32 lits): UNSAT in 0.04s
    cube 3062.628.263 (depth 2, 32 lits): UNSAT in 0.02s
    cube 3062.628.264 (depth 2, 32 lits): UNSAT in 0.07s
    cube 3062.628.265 (depth 2, 32 lits): UNSAT in 0.02s
    cube 3062.628.266 (depth 2, 32 lits): UNSAT in 0.06s
    cube 3062.628.267 (depth 2, 32 lits): UNSAT in 0.17s
    cube 3062.628.268 (depth 2, 32 lits): UNSAT in 0.11s
    cube 3062.628.269 (depth 2, 32 lits): UNSAT in 0.08s
    cube 3062.628.270 (depth 2, 32 lits): UNSAT in 0.10s
    cube 3062.628.271 (depth 2, 32 lits): UNSAT in 0.06s
    cube 3062.628.272 (depth 2, 32 lits): UNSAT in 0.09s
    cube 3062.628.273 (depth 2, 32 lits): UNSAT in 0.10s
    cube 3062.628.274 (depth 2, 32 lits): UNSAT in 0.25s
    cube 3062.628.275 (depth 2, 32 lits): UNSAT in 0.16s
    cube 3062.628.276 (depth 2, 32 lits): UNSAT in 0.23s
    cube 3062.628.277 (depth 2, 32 lits): UNSAT in 0.48s
    cube 3062.628.278 (depth 2, 32 lits): UNSAT in 0.38s
    cube 3062.628.279 (depth 2, 31 lits): UNSAT in 0.01s
    cube 3062.628.280 (depth 2, 31 lits): UNSAT in 0.02s
    cube 3062.628.281 (depth 2, 31 lits): UNSAT in 0.01s
    cube 3062.628.282 (depth 2, 32 lits): UNSAT in 0.02s
    cube 3062.628.283 (depth 2, 32 lits): UNSAT in 0.02s
    cube 3062.628.284 (depth 2, 32 lits): UNSAT in 0.01s
    cube 3062.628.285 (depth 2, 32 lits): UNSAT in 0.02s
    cube 3062.628.286 (depth 2, 32 lits): UNSAT in 0.01s
    cube 3062.628.287 (depth 2, 32 lits): UNSAT in 0.05s
    cube 3062.628.288 (depth 2, 32 lits): UNSAT in 0.02s
    cube 3062.628.289 (depth 2, 32 lits): UNSAT in 0.03s
    cube 3062.628.290 (depth 2, 31 lits): UNSAT in 0.02s
    cube 3062.628.291 (depth 2, 32 lits): UNSAT in 0.02s
    cube 3062.628.292 (depth 2, 32 lits): UNSAT in 0.02s
    cube 3062.628.293 (depth 2, 32 lits): UNSAT in 0.02s
    cube 3062.628.294 (depth 2, 32 lits): UNSAT in 0.03s
    cube 3062.628.295 (depth 2, 32 lits): UNSAT in 0.03s
    cube 3062.628.296 (depth 2, 32 lits): UNSAT in 0.07s
    cube 3062.628.297 (depth 2, 32 lits): UNSAT in 0.04s
    cube 3062.628.298 (depth 2, 32 lits): UNSAT in 0.03s
    cube 3062.628.299 (depth 2, 32 lits): UNSAT in 0.01s
    cube 3062.628.300 (depth 2, 32 lits): UNSAT in 0.02s
    cube 3062.628.301 (depth 2, 32 lits): UNSAT in 0.02s
    cube 3062.628.302 (depth 2, 32 lits): UNSAT in 0.01s
    cube 3062.628.303 (depth 2, 32 lits): UNSAT in 0.04s
    cube 3062.628.304 (depth 2, 32 lits): UNSAT in 0.03s
    cube 3062.628.305 (depth 2, 32 lits): UNSAT in 0.08s
    cube 3062.628.306 (depth 2, 32 lits): UNSAT in 0.09s
    cube 3062.628.307 (depth 2, 31 lits): UNSAT in 0.01s
    cube 3062.628.308 (depth 2, 32 lits): UNSAT in 0.02s
    cube 3062.628.309 (depth 2, 32 lits): UNSAT in 0.04s
    cube 3062.628.310 (depth 2, 32 lits): UNSAT in 0.03s
    cube 3062.628.311 (depth 2, 32 lits): UNSAT in 0.08s
    cube 3062.628.312 (depth 2, 32 lits): UNSAT in 0.02s
    cube 3062.628.313 (depth 2, 32 lits): UNSAT in 0.06s
    cube 3062.628.314 (depth 2, 32 lits): UNSAT in 0.02s
    cube 3062.628.315 (depth 2, 32 lits): UNSAT in 0.02s
    cube 3062.628.316 (depth 2, 32 lits): UNSAT in 0.02s
    cube 3062.628.317 (depth 2, 32 lits): UNSAT in 0.04s
    cube 3062.628.318 (depth 2, 32 lits): UNSAT in 0.11s
    cube 3062.628.319 (depth 2, 32 lits): UNSAT in 0.11s
    cube 3062.628.320 (depth 2, 32 lits): UNSAT in 0.05s
    cube 3062.628.321 (depth 2, 32 lits): UNSAT in 0.29s
    cube 3062.628.322 (depth 2, 32 lits): UNSAT in 0.02s
    cube 3062.628.323 (depth 2, 32 lits): UNSAT in 0.07s
    cube 3062.628.324 (depth 2, 32 lits): UNSAT in 0.03s
    cube 3062.628.325 (depth 2, 32 lits): UNSAT in 0.07s
    cube 3062.628.326 (depth 2, 32 lits): UNSAT in 0.03s
    cube 3062.628.327 (depth 2, 32 lits): UNSAT in 0.04s
    cube 3062.628.328 (depth 2, 32 lits): UNSAT in 0.02s
    cube 3062.628.329 (depth 2, 32 lits): UNSAT in 0.13s
    cube 3062.628.330 (depth 2, 32 lits): UNSAT in 0.02s
    cube 3062.628.331 (depth 2, 32 lits): UNSAT in 0.08s
    cube 3062.628.332 (depth 2, 32 lits): UNSAT in 0.12s
    cube 3062.628.333 (depth 2, 32 lits): UNSAT in 0.12s
    cube 3062.628.334 (depth 2, 32 lits): UNSAT in 0.05s
    cube 3062.628.335 (depth 2, 32 lits): UNSAT in 0.04s
    cube 3062.628.336 (depth 2, 32 lits): UNSAT in 0.06s
    cube 3062.628.337 (depth 2, 32 lits): UNSAT in 0.30s
    cube 3062.628.338 (depth 2, 32 lits): UNSAT in 0.01s
    cube 3062.628.339 (depth 2, 32 lits): UNSAT in 0.02s
    cube 3062.628.340 (depth 2, 32 lits): UNSAT in 0.03s
    cube 3062.628.341 (depth 2, 32 lits): UNSAT in 0.03s
    cube 3062.628.342 (depth 2, 32 lits): UNSAT in 0.01s
    cube 3062.628.343 (depth 2, 32 lits): UNSAT in 0.02s
    cube 3062.628.344 (depth 2, 32 lits): UNSAT in 0.01s
    cube 3062.628.345 (depth 2, 32 lits): UNSAT in 0.04s
    cube 3062.628.346 (depth 2, 32 lits): UNSAT in 0.02s
    cube 3062.628.347 (depth 2, 32 lits): UNSAT in 0.02s
    cube 3062.628.348 (depth 2, 32 lits): UNSAT in 0.02s
    cube 3062.628.349 (depth 2, 32 lits): UNSAT in 0.08s
    cube 3062.628.350 (depth 2, 32 lits): UNSAT in 0.02s
    cube 3062.628.351 (depth 2, 32 lits): UNSAT in 0.04s
    cube 3062.628.352 (depth 2, 32 lits): UNSAT in 0.02s
    cube 3062.628.353 (depth 2, 32 lits): UNSAT in 0.14s
    cube 3062.628.354 (depth 2, 32 lits): UNSAT in 0.01s
    cube 3062.628.355 (depth 2, 32 lits): UNSAT in 0.02s
    cube 3062.628.356 (depth 2, 32 lits): UNSAT in 0.05s
    cube 3062.628.357 (depth 2, 32 lits): UNSAT in 0.08s
    cube 3062.628.358 (depth 2, 32 lits): UNSAT in 0.07s
    cube 3062.628.359 (depth 2, 32 lits): UNSAT in 0.04s
    cube 3062.628.360 (depth 2, 32 lits): UNSAT in 0.04s
    cube 3062.628.361 (depth 2, 32 lits): UNSAT in 0.06s
    cube 3062.628.362 (depth 2, 32 lits): UNSAT in 0.04s
    cube 3062.628.363 (depth 2, 32 lits): UNSAT in 0.07s
    cube 3062.628.364 (depth 2, 32 lits): UNSAT in 0.07s
    cube 3062.628.365 (depth 2, 32 lits): UNSAT in 0.12s
    cube 3062.628.366 (depth 2, 32 lits): UNSAT in 0.05s
    cube 3062.628.367 (depth 2, 32 lits): UNSAT in 0.06s
    cube 3062.628.368 (depth 2, 32 lits): UNSAT in 0.19s
    cube 3062.628.369 (depth 2, 32 lits): UNSAT in 1.10s
    cube 3062.628.370 (depth 2, 32 lits): UNSAT in 0.02s
    cube 3062.628.371 (depth 2, 32 lits): UNSAT in 0.06s
    cube 3062.628.372 (depth 2, 32 lits): UNSAT in 0.03s
    cube 3062.628.373 (depth 2, 32 lits): UNSAT in 0.03s
    cube 3062.628.374 (depth 2, 32 lits): UNSAT in 0.03s
    cube 3062.628.375 (depth 2, 32 lits): UNSAT in 0.11s
    cube 3062.628.376 (depth 2, 32 lits): UNSAT in 0.04s
    cube 3062.628.377 (depth 2, 32 lits): UNSAT in 0.05s
    cube 3062.628.378 (depth 2, 32 lits): UNSAT in 0.03s
    cube 3062.628.379 (depth 2, 32 lits): UNSAT in 0.06s
    cube 3062.628.380 (depth 2, 32 lits): UNSAT in 0.03s
    cube 3062.628.381 (depth 2, 32 lits): UNSAT in 0.05s
    cube 3062.628.382 (depth 2, 32 lits): UNSAT in 0.10s
    cube 3062.628.383 (depth 2, 32 lits): UNSAT in 0.16s
    cube 3062.628.384 (depth 2, 32 lits): UNSAT in 0.51s
    cube 3062.628.385 (depth 2, 32 lits): UNSAT in 1.45s
    cube 3062.628.386 (depth 2, 32 lits): UNSAT in 0.05s
    cube 3062.628.387 (depth 2, 32 lits): UNSAT in 0.16s
    cube 3062.628.388 (depth 2, 32 lits): UNSAT in 0.06s
    cube 3062.628.389 (depth 2, 32 lits): UNSAT in 0.80s
    cube 3062.628.390 (depth 2, 32 lits): UNSAT in 0.11s
    cube 3062.628.391 (depth 2, 32 lits): UNSAT in 0.62s
    cube 3062.628.392 (depth 2, 32 lits): UNSAT in 0.23s
    cube 3062.628.393 (depth 2, 32 lits): UNSAT in 1.49s
    cube 3062.628.394 (depth 2, 32 lits): UNSAT in 0.26s
    cube 3062.628.395 (depth 2, 32 lits): UNSAT in 1.04s
    cube 3062.628.396 (depth 2, 32 lits): UNSAT in 1.07s
    cube 3062.628.397 (depth 2, 32 lits): UNSAT in 3.14s
    cube 3062.628.398 (depth 2, 32 lits): UNSAT in 0.66s
    cube 3062.628.399 (depth 2, 32 lits): UNSAT in 3.32s
    cube 3062.628.400 (depth 2, 32 lits): UNSAT in 6.99s
    cube 3062.628.401 (depth 2, 32 lits): UNSAT in 19.67s
    cube 3062.628.402 (depth 2, 30 lits): UNSAT in 0.02s
    cube 3062.628.403 (depth 2, 30 lits): UNSAT in 0.02s
    cube 3062.628.404 (depth 2, 31 lits): UNSAT in 0.02s
    cube 3062.628.405 (depth 2, 32 lits): UNSAT in 0.02s
    cube 3062.628.406 (depth 2, 32 lits): UNSAT in 0.02s
    cube 3062.628.407 (depth 2, 31 lits): UNSAT in 0.02s
    cube 3062.628.408 (depth 2, 32 lits): UNSAT in 0.02s
    cube 3062.628.409 (depth 2, 32 lits): UNSAT in 0.02s
    cube 3062.628.410 (depth 2, 31 lits): UNSAT in 0.01s
    cube 3062.628.411 (depth 2, 31 lits): UNSAT in 0.02s
    cube 3062.628.412 (depth 2, 31 lits): UNSAT in 0.02s
    cube 3062.628.413 (depth 2, 31 lits): UNSAT in 0.02s
    cube 3062.628.414 (depth 2, 32 lits): UNSAT in 0.01s
    cube 3062.628.415 (depth 2, 32 lits): UNSAT in 0.02s
    cube 3062.628.416 (depth 2, 32 lits): UNSAT in 0.02s
    cube 3062.628.417 (depth 2, 32 lits): UNSAT in 0.02s
    cube 3062.628.418 (depth 2, 32 lits): UNSAT in 0.03s
    cube 3062.628.419 (depth 2, 32 lits): UNSAT in 0.04s
    cube 3062.628.420 (depth 2, 32 lits): UNSAT in 0.04s
    cube 3062.628.421 (depth 2, 32 lits): UNSAT in 0.02s
    cube 3062.628.422 (depth 2, 31 lits): UNSAT in 0.01s
    cube 3062.628.423 (depth 2, 32 lits): UNSAT in 0.01s
    cube 3062.628.424 (depth 2, 32 lits): UNSAT in 0.02s
    cube 3062.628.425 (depth 2, 32 lits): UNSAT in 0.01s
    cube 3062.628.426 (depth 2, 32 lits): UNSAT in 0.02s
    cube 3062.628.427 (depth 2, 31 lits): UNSAT in 0.02s
    cube 3062.628.428 (depth 2, 32 lits): UNSAT in 0.01s
    cube 3062.628.429 (depth 2, 32 lits): UNSAT in 0.02s
    cube 3062.628.430 (depth 2, 32 lits): UNSAT in 0.01s
    cube 3062.628.431 (depth 2, 32 lits): UNSAT in 0.03s
    cube 3062.628.432 (depth 2, 32 lits): UNSAT in 0.02s
    cube 3062.628.433 (depth 2, 32 lits): UNSAT in 0.02s
    cube 3062.628.434 (depth 2, 32 lits): UNSAT in 0.02s
    cube 3062.628.435 (depth 2, 32 lits): UNSAT in 0.07s
    cube 3062.628.436 (depth 2, 32 lits): UNSAT in 0.02s
    cube 3062.628.437 (depth 2, 32 lits): UNSAT in 0.01s
    cube 3062.628.438 (depth 2, 32 lits): UNSAT in 0.02s
    cube 3062.628.439 (depth 2, 32 lits): UNSAT in 0.04s
    cube 3062.628.440 (depth 2, 32 lits): UNSAT in 0.01s
    cube 3062.628.441 (depth 2, 32 lits): UNSAT in 0.02s
    cube 3062.628.442 (depth 2, 32 lits): UNSAT in 0.03s
    cube 3062.628.443 (depth 2, 32 lits): UNSAT in 0.04s
    cube 3062.628.444 (depth 2, 32 lits): UNSAT in 0.03s
    cube 3062.628.445 (depth 2, 32 lits): UNSAT in 0.03s
    cube 3062.628.446 (depth 2, 32 lits): UNSAT in 0.03s
    cube 3062.628.447 (depth 2, 32 lits): UNSAT in 0.07s
    cube 3062.628.448 (depth 2, 32 lits): UNSAT in 0.05s
    cube 3062.628.449 (depth 2, 32 lits): UNSAT in 0.09s
    cube 3062.628.450 (depth 2, 32 lits): UNSAT in 0.13s
    cube 3062.628.451 (depth 2, 32 lits): UNSAT in 0.53s
    cube 3062.628.452 (depth 2, 32 lits): UNSAT in 0.01s
    cube 3062.628.453 (depth 2, 32 lits): UNSAT in 0.02s
    cube 3062.628.454 (depth 2, 32 lits): UNSAT in 0.01s
    cube 3062.628.455 (depth 2, 32 lits): UNSAT in 0.02s
    cube 3062.628.456 (depth 2, 32 lits): UNSAT in 0.02s
    cube 3062.628.457 (depth 2, 32 lits): UNSAT in 0.03s
    cube 3062.628.458 (depth 2, 32 lits): UNSAT in 0.03s
    cube 3062.628.459 (depth 2, 32 lits): UNSAT in 0.05s
    cube 3062.628.460 (depth 2, 32 lits): UNSAT in 0.02s
    cube 3062.628.461 (depth 2, 32 lits): UNSAT in 0.03s
    cube 3062.628.462 (depth 2, 32 lits): UNSAT in 0.02s
    cube 3062.628.463 (depth 2, 32 lits): UNSAT in 0.02s
    cube 3062.628.464 (depth 2, 32 lits): UNSAT in 0.05s
    cube 3062.628.465 (depth 2, 32 lits): UNSAT in 0.04s
    cube 3062.628.466 (depth 2, 32 lits): UNSAT in 0.02s
    cube 3062.628.467 (depth 2, 32 lits): UNSAT in 0.08s
    cube 3062.628.468 (depth 2, 32 lits): UNSAT in 0.02s
    cube 3062.628.469 (depth 2, 32 lits): UNSAT in 0.02s
    cube 3062.628.470 (depth 2, 32 lits): UNSAT in 0.02s
    cube 3062.628.471 (depth 2, 32 lits): UNSAT in 0.02s
    cube 3062.628.472 (depth 2, 32 lits): UNSAT in 0.01s
    cube 3062.628.473 (depth 2, 32 lits): UNSAT in 0.02s
    cube 3062.628.474 (depth 2, 32 lits): UNSAT in 0.03s
    cube 3062.628.475 (depth 2, 32 lits): UNSAT in 0.08s
    cube 3062.628.476 (depth 2, 32 lits): UNSAT in 0.03s
    cube 3062.628.477 (depth 2, 32 lits): UNSAT in 0.04s
    cube 3062.628.478 (depth 2, 32 lits): UNSAT in 0.07s
    cube 3062.628.479 (depth 2, 32 lits): UNSAT in 0.13s
    cube 3062.628.480 (depth 2, 32 lits): UNSAT in 0.07s
    cube 3062.628.481 (depth 2, 32 lits): UNSAT in 0.30s
    cube 3062.628.482 (depth 2, 32 lits): UNSAT in 0.15s
    cube 3062.628.483 (depth 2, 32 lits): UNSAT in 0.16s
    cube 3062.628.484 (depth 2, 31 lits): UNSAT in 0.02s
    cube 3062.628.485 (depth 2, 31 lits): UNSAT in 0.02s
    cube 3062.628.486 (depth 2, 32 lits): UNSAT in 0.03s
    cube 3062.628.487 (depth 2, 32 lits): UNSAT in 0.05s
    cube 3062.628.488 (depth 2, 32 lits): UNSAT in 0.04s
    cube 3062.628.489 (depth 2, 32 lits): UNSAT in 0.04s
    cube 3062.628.490 (depth 2, 32 lits): UNSAT in 0.02s
    cube 3062.628.491 (depth 2, 32 lits): UNSAT in 0.02s
    cube 3062.628.492 (depth 2, 32 lits): UNSAT in 0.03s
    cube 3062.628.493 (depth 2, 32 lits): UNSAT in 0.02s
    cube 3062.628.494 (depth 2, 32 lits): UNSAT in 0.03s
    cube 3062.628.495 (depth 2, 32 lits): UNSAT in 0.05s
    cube 3062.628.496 (depth 2, 32 lits): UNSAT in 0.10s
    cube 3062.628.497 (depth 2, 32 lits): UNSAT in 0.32s
    cube 3062.628.498 (depth 2, 32 lits): UNSAT in 0.02s
    cube 3062.628.499 (depth 2, 32 lits): UNSAT in 0.03s
    cube 3062.628.500 (depth 2, 32 lits): UNSAT in 0.03s
    cube 3062.628.501 (depth 2, 32 lits): UNSAT in 0.03s
    cube 3062.628.502 (depth 2, 32 lits): UNSAT in 0.03s
    cube 3062.628.503 (depth 2, 32 lits): UNSAT in 0.03s
    cube 3062.628.504 (depth 2, 32 lits): UNSAT in 0.12s
    cube 3062.628.505 (depth 2, 32 lits): UNSAT in 0.61s
    cube 3062.628.506 (depth 2, 32 lits): UNSAT in 0.04s
    cube 3062.628.507 (depth 2, 32 lits): UNSAT in 0.32s
    cube 3062.628.508 (depth 2, 32 lits): UNSAT in 0.25s
    cube 3062.628.509 (depth 2, 32 lits): UNSAT in 0.38s
    cube 3062.628.510 (depth 2, 32 lits): UNSAT in 0.36s
    cube 3062.628.511 (depth 2, 32 lits): UNSAT in 0.31s
    cube 3062.628.512 (depth 2, 32 lits): UNSAT in 0.69s
    cube 3062.628.513 (depth 2, 32 lits): UNSAT in 4.17s
    cube 3062.628.514 (depth 2, 32 lits): UNSAT in 0.01s
    cube 3062.628.515 (depth 2, 32 lits): UNSAT in 0.01s
    cube 3062.628.516 (depth 2, 31 lits): UNSAT in 0.02s
    cube 3062.628.517 (depth 2, 32 lits): UNSAT in 0.01s
    cube 3062.628.518 (depth 2, 32 lits): UNSAT in 0.02s
    cube 3062.628.519 (depth 2, 32 lits): UNSAT in 0.02s
    cube 3062.628.520 (depth 2, 32 lits): UNSAT in 0.02s
    cube 3062.628.521 (depth 2, 32 lits): UNSAT in 0.01s
    cube 3062.628.522 (depth 2, 32 lits): UNSAT in 0.02s
    cube 3062.628.523 (depth 2, 32 lits): UNSAT in 0.02s
    cube 3062.628.524 (depth 2, 32 lits): UNSAT in 0.02s
    cube 3062.628.525 (depth 2, 32 lits): UNSAT in 0.02s
    cube 3062.628.526 (depth 2, 32 lits): UNSAT in 0.02s
    cube 3062.628.527 (depth 2, 32 lits): UNSAT in 0.03s
    cube 3062.628.528 (depth 2, 32 lits): UNSAT in 0.03s
    cube 3062.628.529 (depth 2, 32 lits): UNSAT in 0.01s
    cube 3062.628.530 (depth 2, 32 lits): UNSAT in 0.02s
    cube 3062.628.531 (depth 2, 31 lits): UNSAT in 0.02s
    cube 3062.628.532 (depth 2, 32 lits): UNSAT in 0.01s
    cube 3062.628.533 (depth 2, 32 lits): UNSAT in 0.02s
    cube 3062.628.534 (depth 2, 32 lits): UNSAT in 0.01s
    cube 3062.628.535 (depth 2, 32 lits): UNSAT in 0.02s
    cube 3062.628.536 (depth 2, 31 lits): UNSAT in 0.01s
    cube 3062.628.537 (depth 2, 32 lits): UNSAT in 0.01s
    cube 3062.628.538 (depth 2, 32 lits): UNSAT in 0.02s
    cube 3062.628.539 (depth 2, 32 lits): UNSAT in 0.04s
    cube 3062.628.540 (depth 2, 32 lits): UNSAT in 0.05s
    cube 3062.628.541 (depth 2, 32 lits): UNSAT in 0.06s
    cube 3062.628.542 (depth 2, 32 lits): UNSAT in 0.15s
    cube 3062.628.543 (depth 2, 32 lits): UNSAT in 0.02s
    cube 3062.628.544 (depth 2, 32 lits): UNSAT in 0.01s
    cube 3062.628.545 (depth 2, 32 lits): UNSAT in 0.03s
    cube 3062.628.546 (depth 2, 32 lits): UNSAT in 0.06s
    cube 3062.628.547 (depth 2, 32 lits): UNSAT in 0.02s
    cube 3062.628.548 (depth 2, 32 lits): UNSAT in 0.04s
    cube 3062.628.549 (depth 2, 32 lits): UNSAT in 0.06s
    cube 3062.628.550 (depth 2, 32 lits): UNSAT in 0.07s
    cube 3062.628.551 (depth 2, 32 lits): UNSAT in 0.02s
    cube 3062.628.552 (depth 2, 32 lits): UNSAT in 0.03s
    cube 3062.628.553 (depth 2, 32 lits): UNSAT in 0.03s
    cube 3062.628.554 (depth 2, 32 lits): UNSAT in 0.02s
    cube 3062.628.555 (depth 2, 32 lits): UNSAT in 0.03s
    cube 3062.628.556 (depth 2, 32 lits): UNSAT in 0.04s
    cube 3062.628.557 (depth 2, 32 lits): UNSAT in 0.13s
    cube 3062.628.558 (depth 2, 32 lits): UNSAT in 0.22s
    cube 3062.628.559 (depth 2, 32 lits): UNSAT in 0.02s
    cube 3062.628.560 (depth 2, 32 lits): UNSAT in 0.03s
    cube 3062.628.561 (depth 2, 32 lits): UNSAT in 0.03s
    cube 3062.628.562 (depth 2, 32 lits): UNSAT in 0.05s
    cube 3062.628.563 (depth 2, 32 lits): UNSAT in 0.02s
    cube 3062.628.564 (depth 2, 32 lits): UNSAT in 0.19s
    cube 3062.628.565 (depth 2, 32 lits): UNSAT in 0.02s
    cube 3062.628.566 (depth 2, 32 lits): UNSAT in 0.24s
    cube 3062.628.567 (depth 2, 32 lits): UNSAT in 0.09s
    cube 3062.628.568 (depth 2, 32 lits): UNSAT in 0.17s
    cube 3062.628.569 (depth 2, 32 lits): UNSAT in 0.03s
    cube 3062.628.570 (depth 2, 32 lits): UNSAT in 0.26s
    cube 3062.628.571 (depth 2, 32 lits): UNSAT in 0.18s
    cube 3062.628.572 (depth 2, 32 lits): UNSAT in 0.49s
    cube 3062.628.573 (depth 2, 32 lits): UNSAT in 0.30s
    cube 3062.628.574 (depth 2, 32 lits): UNSAT in 1.56s
    cube 3062.628.575 (depth 2, 32 lits): UNSAT in 0.01s
    cube 3062.628.576 (depth 2, 32 lits): UNSAT in 0.02s
    cube 3062.628.577 (depth 2, 32 lits): UNSAT in 0.03s
    cube 3062.628.578 (depth 2, 32 lits): UNSAT in 0.05s
    cube 3062.628.579 (depth 2, 32 lits): UNSAT in 0.02s
    cube 3062.628.580 (depth 2, 32 lits): UNSAT in 0.04s
    cube 3062.628.581 (depth 2, 32 lits): UNSAT in 0.04s
    cube 3062.628.582 (depth 2, 32 lits): UNSAT in 0.03s
    cube 3062.628.583 (depth 2, 32 lits): UNSAT in 0.02s
    cube 3062.628.584 (depth 2, 32 lits): UNSAT in 0.08s
    cube 3062.628.585 (depth 2, 32 lits): UNSAT in 0.09s
    cube 3062.628.586 (depth 2, 32 lits): UNSAT in 0.15s
    cube 3062.628.587 (depth 2, 32 lits): UNSAT in 0.03s
    cube 3062.628.588 (depth 2, 32 lits): UNSAT in 0.08s
    cube 3062.628.589 (depth 2, 32 lits): UNSAT in 0.14s
    cube 3062.628.590 (depth 2, 32 lits): UNSAT in 0.24s
    cube 3062.628.591 (depth 2, 32 lits): UNSAT in 0.02s
    cube 3062.628.592 (depth 2, 32 lits): UNSAT in 0.04s
    cube 3062.628.593 (depth 2, 32 lits): UNSAT in 0.02s
    cube 3062.628.594 (depth 2, 32 lits): UNSAT in 0.03s
    cube 3062.628.595 (depth 2, 32 lits): UNSAT in 0.04s
    cube 3062.628.596 (depth 2, 32 lits): UNSAT in 0.08s
    cube 3062.628.597 (depth 2, 32 lits): UNSAT in 0.06s
    cube 3062.628.598 (depth 2, 32 lits): UNSAT in 0.12s
    cube 3062.628.599 (depth 2, 32 lits): UNSAT in 0.03s
    cube 3062.628.600 (depth 2, 32 lits): UNSAT in 0.08s
    cube 3062.628.601 (depth 2, 32 lits): UNSAT in 0.06s
    cube 3062.628.602 (depth 2, 32 lits): UNSAT in 0.12s
    cube 3062.628.603 (depth 2, 32 lits): UNSAT in 0.10s
    cube 3062.628.604 (depth 2, 32 lits): UNSAT in 0.22s
    cube 3062.628.605 (depth 2, 32 lits): UNSAT in 0.47s
    cube 3062.628.606 (depth 2, 32 lits): UNSAT in 1.08s
    cube 3062.628.607 (depth 2, 32 lits): UNSAT in 0.02s
    cube 3062.628.608 (depth 2, 32 lits): UNSAT in 0.04s
    cube 3062.628.609 (depth 2, 32 lits): UNSAT in 0.02s
    cube 3062.628.610 (depth 2, 32 lits): UNSAT in 0.05s
    cube 3062.628.611 (depth 2, 32 lits): UNSAT in 0.07s
    cube 3062.628.612 (depth 2, 32 lits): UNSAT in 0.16s
    cube 3062.628.613 (depth 2, 32 lits): UNSAT in 0.10s
    cube 3062.628.614 (depth 2, 32 lits): UNSAT in 0.21s
    cube 3062.628.615 (depth 2, 32 lits): UNSAT in 0.03s
    cube 3062.628.616 (depth 2, 32 lits): UNSAT in 0.05s
    cube 3062.628.617 (depth 2, 32 lits): UNSAT in 0.45s
    cube 3062.628.618 (depth 2, 32 lits): UNSAT in 0.95s
    cube 3062.628.619 (depth 2, 32 lits): UNSAT in 0.03s
    cube 3062.628.620 (depth 2, 32 lits): UNSAT in 0.07s
    cube 3062.628.621 (depth 2, 32 lits): UNSAT in 0.18s
    cube 3062.628.622 (depth 2, 32 lits): UNSAT in 0.90s
    cube 3062.628.623 (depth 2, 32 lits): UNSAT in 0.11s
    cube 3062.628.624 (depth 2, 32 lits): UNSAT in 0.61s
    cube 3062.628.625 (depth 2, 32 lits): UNSAT in 0.04s
    cube 3062.628.626 (depth 2, 32 lits): UNSAT in 0.40s
    cube 3062.628.627 (depth 2, 32 lits): UNSAT in 0.22s
    cube 3062.628.628 (depth 2, 32 lits): UNSAT in 0.27s
    cube 3062.628.629 (depth 2, 32 lits): UNSAT in 0.18s
    cube 3062.628.630 (depth 2, 32 lits): UNSAT in 2.75s
    cube 3062.628.631 (depth 2, 32 lits): UNSAT in 0.26s
    cube 3062.628.632 (depth 2, 32 lits): UNSAT in 2.61s
    cube 3062.628.633 (depth 2, 32 lits): UNSAT in 1.26s
    cube 3062.628.634 (depth 2, 32 lits): UNSAT in 5.71s
    cube 3062.628.635 (depth 2, 32 lits): UNSAT in 1.58s
    cube 3062.628.636 (depth 2, 32 lits): UNSAT in 4.77s
    cube 3062.628.637 (depth 2, 32 lits): UNSAT in 14.32s
    cube 3062.628.638 (depth 2, 32 lits): UNSAT in 61.35s
    cube 3062.628.639 (depth 2, 30 lits): UNSAT in 0.01s
    cube 3062.628.640 (depth 2, 31 lits): UNSAT in 0.01s
    cube 3062.628.641 (depth 2, 32 lits): UNSAT in 0.02s
    cube 3062.628.642 (depth 2, 32 lits): UNSAT in 0.02s
    cube 3062.628.643 (depth 2, 30 lits): UNSAT in 0.01s
    cube 3062.628.644 (depth 2, 32 lits): UNSAT in 0.02s
    cube 3062.628.645 (depth 2, 32 lits): UNSAT in 0.02s
    cube 3062.628.646 (depth 2, 31 lits): UNSAT in 0.02s
    cube 3062.628.647 (depth 2, 30 lits): UNSAT in 0.01s
    cube 3062.628.648 (depth 2, 31 lits): UNSAT in 0.02s
    cube 3062.628.649 (depth 2, 31 lits): UNSAT in 0.01s
    cube 3062.628.650 (depth 2, 32 lits): UNSAT in 0.01s
    cube 3062.628.651 (depth 2, 32 lits): UNSAT in 0.02s
    cube 3062.628.652 (depth 2, 32 lits): UNSAT in 0.02s
    cube 3062.628.653 (depth 2, 32 lits): UNSAT in 0.03s
    cube 3062.628.654 (depth 2, 32 lits): UNSAT in 0.02s
    cube 3062.628.655 (depth 2, 32 lits): UNSAT in 0.03s
    cube 3062.628.656 (depth 2, 32 lits): UNSAT in 0.03s
    cube 3062.628.657 (depth 2, 32 lits): UNSAT in 0.02s
    cube 3062.628.658 (depth 2, 31 lits): UNSAT in 0.01s
    cube 3062.628.659 (depth 2, 32 lits): UNSAT in 0.01s
    cube 3062.628.660 (depth 2, 32 lits): UNSAT in 0.02s
    cube 3062.628.661 (depth 2, 32 lits): UNSAT in 0.02s
    cube 3062.628.662 (depth 2, 32 lits): UNSAT in 0.02s
    cube 3062.628.663 (depth 2, 32 lits): UNSAT in 0.02s
    cube 3062.628.664 (depth 2, 32 lits): UNSAT in 0.03s
    cube 3062.628.665 (depth 2, 32 lits): UNSAT in 0.01s
    cube 3062.628.666 (depth 2, 32 lits): UNSAT in 0.02s
    cube 3062.628.667 (depth 2, 32 lits): UNSAT in 0.01s
    cube 3062.628.668 (depth 2, 32 lits): UNSAT in 0.03s
    cube 3062.628.669 (depth 2, 32 lits): UNSAT in 0.02s
    cube 3062.628.670 (depth 2, 32 lits): UNSAT in 0.04s
    cube 3062.628.671 (depth 2, 32 lits): UNSAT in 0.02s
    cube 3062.628.672 (depth 2, 32 lits): UNSAT in 0.11s
    cube 3062.628.673 (depth 2, 31 lits): UNSAT in 0.01s
    cube 3062.628.674 (depth 2, 32 lits): UNSAT in 0.02s
    cube 3062.628.675 (depth 2, 32 lits): UNSAT in 0.03s
    cube 3062.628.676 (depth 2, 32 lits): UNSAT in 0.02s
    cube 3062.628.677 (depth 2, 32 lits): UNSAT in 0.02s
    cube 3062.628.678 (depth 2, 32 lits): UNSAT in 0.02s
    cube 3062.628.679 (depth 2, 32 lits): UNSAT in 0.04s
    cube 3062.628.680 (depth 2, 32 lits): UNSAT in 0.02s
    cube 3062.628.681 (depth 2, 32 lits): UNSAT in 0.02s
    cube 3062.628.682 (depth 2, 32 lits): UNSAT in 0.05s
    cube 3062.628.683 (depth 2, 32 lits): UNSAT in 0.09s
    cube 3062.628.684 (depth 2, 32 lits): UNSAT in 0.09s
    cube 3062.628.685 (depth 2, 32 lits): UNSAT in 0.33s
    cube 3062.628.686 (depth 2, 32 lits): UNSAT in 0.11s
    cube 3062.628.687 (depth 2, 32 lits): UNSAT in 0.58s
    cube 3062.628.688 (depth 2, 30 lits): UNSAT in 0.02s
    cube 3062.628.689 (depth 2, 32 lits): UNSAT in 0.01s
    cube 3062.628.690 (depth 2, 32 lits): UNSAT in 0.02s
    cube 3062.628.691 (depth 2, 32 lits): UNSAT in 0.02s
    cube 3062.628.692 (depth 2, 32 lits): UNSAT in 0.03s
    cube 3062.628.693 (depth 2, 31 lits): UNSAT in 0.02s
    cube 3062.628.694 (depth 2, 32 lits): UNSAT in 0.01s
    cube 3062.628.695 (depth 2, 32 lits): UNSAT in 0.02s
    cube 3062.628.696 (depth 2, 32 lits): UNSAT in 0.02s
    cube 3062.628.697 (depth 2, 32 lits): UNSAT in 0.02s
    cube 3062.628.698 (depth 2, 32 lits): UNSAT in 0.04s
    cube 3062.628.699 (depth 2, 32 lits): UNSAT in 0.06s
    cube 3062.628.700 (depth 2, 32 lits): UNSAT in 0.01s
    cube 3062.628.701 (depth 2, 32 lits): UNSAT in 0.02s
    cube 3062.628.702 (depth 2, 32 lits): UNSAT in 0.02s
    cube 3062.628.703 (depth 2, 32 lits): UNSAT in 0.02s
    cube 3062.628.704 (depth 2, 32 lits): UNSAT in 0.02s
    cube 3062.628.705 (depth 2, 32 lits): UNSAT in 0.03s
    cube 3062.628.706 (depth 2, 32 lits): UNSAT in 0.03s
    cube 3062.628.707 (depth 2, 32 lits): UNSAT in 0.06s
    cube 3062.628.708 (depth 2, 32 lits): UNSAT in 0.03s
    cube 3062.628.709 (depth 2, 32 lits): UNSAT in 0.02s
    cube 3062.628.710 (depth 2, 32 lits): UNSAT in 0.01s
    cube 3062.628.711 (depth 2, 32 lits): UNSAT in 0.05s
    cube 3062.628.712 (depth 2, 32 lits): UNSAT in 0.02s
    cube 3062.628.713 (depth 2, 32 lits): UNSAT in 0.10s
    cube 3062.628.714 (depth 2, 32 lits): UNSAT in 0.09s
    cube 3062.628.715 (depth 2, 32 lits): UNSAT in 0.78s
    cube 3062.628.716 (depth 2, 32 lits): UNSAT in 0.02s
    cube 3062.628.717 (depth 2, 32 lits): UNSAT in 0.01s
    cube 3062.628.718 (depth 2, 32 lits): UNSAT in 0.02s
    cube 3062.628.719 (depth 2, 32 lits): UNSAT in 0.02s
    cube 3062.628.720 (depth 2, 32 lits): UNSAT in 0.01s
    cube 3062.628.721 (depth 2, 32 lits): UNSAT in 0.02s
    cube 3062.628.722 (depth 2, 32 lits): UNSAT in 0.03s
    cube 3062.628.723 (depth 2, 32 lits): UNSAT in 0.06s
    cube 3062.628.724 (depth 2, 32 lits): UNSAT in 0.01s
    cube 3062.628.725 (depth 2, 32 lits): UNSAT in 0.02s
    cube 3062.628.726 (depth 2, 32 lits): UNSAT in 0.04s
    cube 3062.628.727 (depth 2, 32 lits): UNSAT in 0.08s
    cube 3062.628.728 (depth 2, 32 lits): UNSAT in 0.03s
    cube 3062.628.729 (depth 2, 32 lits): UNSAT in 0.03s
    cube 3062.628.730 (depth 2, 32 lits): UNSAT in 0.09s
    cube 3062.628.731 (depth 2, 32 lits): UNSAT in 0.24s
    cube 3062.628.732 (depth 2, 32 lits): UNSAT in 0.02s
    cube 3062.628.733 (depth 2, 32 lits): UNSAT in 0.03s
    cube 3062.628.734 (depth 2, 32 lits): UNSAT in 0.04s
    cube 3062.628.735 (depth 2, 32 lits): UNSAT in 0.02s
    cube 3062.628.736 (depth 2, 32 lits): UNSAT in 0.03s
    cube 3062.628.737 (depth 2, 32 lits): UNSAT in 0.02s
    cube 3062.628.738 (depth 2, 32 lits): UNSAT in 0.14s
    cube 3062.628.739 (depth 2, 32 lits): UNSAT in 0.47s
    cube 3062.628.740 (depth 2, 32 lits): UNSAT in 0.04s
    cube 3062.628.741 (depth 2, 32 lits): UNSAT in 0.10s
    cube 3062.628.742 (depth 2, 32 lits): UNSAT in 0.07s
    cube 3062.628.743 (depth 2, 32 lits): UNSAT in 0.44s
    cube 3062.628.744 (depth 2, 32 lits): UNSAT in 0.38s
    cube 3062.628.745 (depth 2, 32 lits): UNSAT in 0.92s
    cube 3062.628.746 (depth 2, 32 lits): UNSAT in 0.78s
    cube 3062.628.747 (depth 2, 32 lits): UNSAT in 1.27s
    cube 3062.628.748 (depth 2, 32 lits): UNSAT in 0.01s
    cube 3062.628.749 (depth 2, 32 lits): UNSAT in 0.02s
    cube 3062.628.750 (depth 2, 32 lits): UNSAT in 0.02s
    cube 3062.628.751 (depth 2, 32 lits): UNSAT in 0.02s
    cube 3062.628.752 (depth 2, 32 lits): UNSAT in 0.01s
    cube 3062.628.753 (depth 2, 32 lits): UNSAT in 0.02s
    cube 3062.628.754 (depth 2, 32 lits): UNSAT in 0.02s
    cube 3062.628.755 (depth 2, 32 lits): UNSAT in 0.02s
    cube 3062.628.756 (depth 2, 32 lits): UNSAT in 0.02s
    cube 3062.628.757 (depth 2, 32 lits): UNSAT in 0.02s
    cube 3062.628.758 (depth 2, 32 lits): UNSAT in 0.02s
    cube 3062.628.759 (depth 2, 32 lits): UNSAT in 0.02s
    cube 3062.628.760 (depth 2, 32 lits): UNSAT in 0.01s
    cube 3062.628.761 (depth 2, 32 lits): UNSAT in 0.02s
    cube 3062.628.762 (depth 2, 32 lits): UNSAT in 0.02s
    cube 3062.628.763 (depth 2, 32 lits): UNSAT in 0.03s
    cube 3062.628.764 (depth 2, 30 lits): UNSAT in 0.01s
    cube 3062.628.765 (depth 2, 32 lits): UNSAT in 0.01s
    cube 3062.628.766 (depth 2, 32 lits): UNSAT in 0.03s
    cube 3062.628.767 (depth 2, 32 lits): UNSAT in 0.02s
    cube 3062.628.768 (depth 2, 32 lits): UNSAT in 0.02s
    cube 3062.628.769 (depth 2, 32 lits): UNSAT in 0.01s
    cube 3062.628.770 (depth 2, 32 lits): UNSAT in 0.03s
    cube 3062.628.771 (depth 2, 32 lits): UNSAT in 0.05s
    cube 3062.628.772 (depth 2, 32 lits): UNSAT in 0.14s
    cube 3062.628.773 (depth 2, 32 lits): UNSAT in 0.02s
    cube 3062.628.774 (depth 2, 32 lits): UNSAT in 0.07s
    cube 3062.628.775 (depth 2, 32 lits): UNSAT in 0.09s
    cube 3062.628.776 (depth 2, 32 lits): UNSAT in 0.09s
    cube 3062.628.777 (depth 2, 32 lits): UNSAT in 0.01s
    cube 3062.628.778 (depth 2, 32 lits): UNSAT in 0.02s
    cube 3062.628.779 (depth 2, 32 lits): UNSAT in 0.02s
    cube 3062.628.780 (depth 2, 32 lits): UNSAT in 0.04s
    cube 3062.628.781 (depth 2, 32 lits): UNSAT in 0.01s
    cube 3062.628.782 (depth 2, 32 lits): UNSAT in 0.02s
    cube 3062.628.783 (depth 2, 32 lits): UNSAT in 0.04s
    cube 3062.628.784 (depth 2, 32 lits): UNSAT in 0.06s
    cube 3062.628.785 (depth 2, 32 lits): UNSAT in 0.02s
    cube 3062.628.786 (depth 2, 32 lits): UNSAT in 0.04s
    cube 3062.628.787 (depth 2, 32 lits): UNSAT in 0.14s
    cube 3062.628.788 (depth 2, 32 lits): UNSAT in 0.13s
    cube 3062.628.789 (depth 2, 32 lits): UNSAT in 0.12s
    cube 3062.628.790 (depth 2, 32 lits): UNSAT in 0.19s
    cube 3062.628.791 (depth 2, 32 lits): UNSAT in 0.08s
    cube 3062.628.792 (depth 2, 32 lits): UNSAT in 0.21s
    cube 3062.628.793 (depth 2, 32 lits): UNSAT in 0.02s
    cube 3062.628.794 (depth 2, 32 lits): UNSAT in 0.04s
    cube 3062.628.795 (depth 2, 32 lits): UNSAT in 0.04s
    cube 3062.628.796 (depth 2, 32 lits): UNSAT in 0.08s
    cube 3062.628.797 (depth 2, 32 lits): UNSAT in 0.03s
    cube 3062.628.798 (depth 2, 32 lits): UNSAT in 0.04s
    cube 3062.628.799 (depth 2, 32 lits): UNSAT in 0.04s
    cube 3062.628.800 (depth 2, 32 lits): UNSAT in 0.27s
    cube 3062.628.801 (depth 2, 32 lits): UNSAT in 0.09s
    cube 3062.628.802 (depth 2, 32 lits): UNSAT in 0.16s
    cube 3062.628.803 (depth 2, 32 lits): UNSAT in 0.24s
    cube 3062.628.804 (depth 2, 32 lits): UNSAT in 1.40s
    cube 3062.628.805 (depth 2, 32 lits): UNSAT in 0.18s
    cube 3062.628.806 (depth 2, 32 lits): UNSAT in 1.26s
    cube 3062.628.807 (depth 2, 32 lits): UNSAT in 2.31s
    cube 3062.628.808 (depth 2, 32 lits): UNSAT in 6.95s
    cube 3062.628.809 (depth 2, 32 lits): UNSAT in 0.03s
    cube 3062.628.810 (depth 2, 32 lits): UNSAT in 0.03s
    cube 3062.628.811 (depth 2, 32 lits): UNSAT in 0.03s
    cube 3062.628.812 (depth 2, 32 lits): UNSAT in 0.09s
    cube 3062.628.813 (depth 2, 32 lits): UNSAT in 0.03s
    cube 3062.628.814 (depth 2, 32 lits): UNSAT in 0.08s
    cube 3062.628.815 (depth 2, 32 lits): UNSAT in 0.06s
    cube 3062.628.816 (depth 2, 32 lits): UNSAT in 0.11s
    cube 3062.628.817 (depth 2, 32 lits): UNSAT in 0.03s
    cube 3062.628.818 (depth 2, 32 lits): UNSAT in 0.04s
    cube 3062.628.819 (depth 2, 32 lits): UNSAT in 0.05s
    cube 3062.628.820 (depth 2, 32 lits): UNSAT in 0.09s
    cube 3062.628.821 (depth 2, 32 lits): UNSAT in 0.03s
    cube 3062.628.822 (depth 2, 32 lits): UNSAT in 0.05s
    cube 3062.628.823 (depth 2, 32 lits): UNSAT in 0.11s
    cube 3062.628.824 (depth 2, 32 lits): UNSAT in 0.12s
    cube 3062.628.825 (depth 2, 32 lits): UNSAT in 0.02s
    cube 3062.628.826 (depth 2, 32 lits): UNSAT in 0.02s
    cube 3062.628.827 (depth 2, 32 lits): UNSAT in 0.02s
    cube 3062.628.828 (depth 2, 32 lits): UNSAT in 0.05s
    cube 3062.628.829 (depth 2, 32 lits): UNSAT in 0.02s
    cube 3062.628.830 (depth 2, 32 lits): UNSAT in 0.05s
    cube 3062.628.831 (depth 2, 32 lits): UNSAT in 0.02s
    cube 3062.628.832 (depth 2, 32 lits): UNSAT in 0.04s
    cube 3062.628.833 (depth 2, 32 lits): UNSAT in 0.05s
    cube 3062.628.834 (depth 2, 32 lits): UNSAT in 0.18s
    cube 3062.628.835 (depth 2, 32 lits): UNSAT in 0.18s
    cube 3062.628.836 (depth 2, 32 lits): UNSAT in 0.25s
    cube 3062.628.837 (depth 2, 32 lits): UNSAT in 0.06s
    cube 3062.628.838 (depth 2, 32 lits): UNSAT in 0.02s
    cube 3062.628.839 (depth 2, 32 lits): UNSAT in 0.31s
    cube 3062.628.840 (depth 2, 32 lits): UNSAT in 1.08s
    cube 3062.628.841 (depth 2, 32 lits): UNSAT in 0.03s
    cube 3062.628.842 (depth 2, 32 lits): UNSAT in 0.04s
    cube 3062.628.843 (depth 2, 32 lits): UNSAT in 0.07s
    cube 3062.628.844 (depth 2, 32 lits): UNSAT in 0.16s
    cube 3062.628.845 (depth 2, 32 lits): UNSAT in 0.15s
    cube 3062.628.846 (depth 2, 32 lits): UNSAT in 0.76s
    cube 3062.628.847 (depth 2, 32 lits): UNSAT in 0.11s
    cube 3062.628.848 (depth 2, 32 lits): UNSAT in 1.41s
    cube 3062.628.849 (depth 2, 32 lits): UNSAT in 0.06s
    cube 3062.628.850 (depth 2, 32 lits): UNSAT in 0.34s
    cube 3062.628.851 (depth 2, 32 lits): UNSAT in 0.15s
    cube 3062.628.852 (depth 2, 32 lits): UNSAT in 0.65s
    cube 3062.628.853 (depth 2, 32 lits): UNSAT in 0.16s
    cube 3062.628.854 (depth 2, 32 lits): UNSAT in 1.07s
    cube 3062.628.855 (depth 2, 32 lits): UNSAT in 1.17s
    cube 3062.628.856 (depth 2, 32 lits): UNSAT in 11.92s
    cube 3062.628.857 (depth 2, 32 lits): UNSAT in 0.03s
    cube 3062.628.858 (depth 2, 32 lits): UNSAT in 0.08s
    cube 3062.628.859 (depth 2, 32 lits): UNSAT in 0.28s
    cube 3062.628.860 (depth 2, 32 lits): UNSAT in 0.28s
    cube 3062.628.861 (depth 2, 32 lits): UNSAT in 0.07s
    cube 3062.628.862 (depth 2, 32 lits): UNSAT in 0.22s
    cube 3062.628.863 (depth 2, 32 lits): UNSAT in 0.16s
    cube 3062.628.864 (depth 2, 32 lits): UNSAT in 3.94s
    cube 3062.628.865 (depth 2, 32 lits): UNSAT in 0.24s
    cube 3062.628.866 (depth 2, 32 lits): UNSAT in 0.62s
    cube 3062.628.867 (depth 2, 32 lits): UNSAT in 2.02s
    cube 3062.628.868 (depth 2, 32 lits): UNSAT in 5.20s
    cube 3062.628.869 (depth 2, 32 lits): UNSAT in 0.37s
    cube 3062.628.870 (depth 2, 32 lits): UNSAT in 6.71s
    cube 3062.628.871 (depth 2, 32 lits): UNSAT in 5.14s
    cube 3062.628.872 (depth 2, 32 lits): UNSAT in 17.86s
    cube 3062.629 (depth 1, 22 lits): UNSAT in 0.02s
    cube 3062.630 (depth 1, 22 lits): UNSAT in 0.04s
    cube 3062.631 (depth 1, 22 lits): UNSAT in 0.07s
    cube 3062.632 (depth 1, 22 lits): UNSAT in 0.29s
    cube 3062.633 (depth 1, 22 lits): UNSAT in 0.10s
    cube 3062.634 (depth 1, 22 lits): UNSAT in 0.09s
    cube 3062.635 (depth 1, 22 lits): UNSAT in 0.19s
    cube 3062.636 (depth 1, 22 lits): UNSAT in 1.07s
    cube 3062.637 (depth 1, 22 lits): UNSAT in 0.05s
    cube 3062.638 (depth 1, 22 lits): UNSAT in 0.08s
    cube 3062.639 (depth 1, 22 lits): UNSAT in 0.33s
    cube 3062.640 (depth 1, 22 lits): UNSAT in 0.45s
    cube 3062.641 (depth 1, 22 lits): UNSAT in 0.07s
    cube 3062.642 (depth 1, 22 lits): UNSAT in 1.00s
    cube 3062.643 (depth 1, 22 lits): UNSAT in 0.13s
    cube 3062.644 (depth 1, 22 lits): UNSAT in 3.45s
    cube 3062.645 (depth 1, 22 lits): UNSAT in 0.12s
    cube 3062.646 (depth 1, 22 lits): UNSAT in 0.26s
    cube 3062.647 (depth 1, 22 lits): UNSAT in 0.42s
    cube 3062.648 (depth 1, 22 lits): UNSAT in 0.53s
    cube 3062.649 (depth 1, 22 lits): UNSAT in 0.22s
    cube 3062.650 (depth 1, 22 lits): UNSAT in 0.23s
    cube 3062.651 (depth 1, 22 lits): UNSAT in 0.57s
    cube 3062.652 (depth 1, 22 lits): UNSAT in 3.01s
    cube 3062.653 (depth 1, 22 lits): UNSAT in 0.48s
    cube 3062.654 (depth 1, 22 lits): UNSAT in 1.26s
    cube 3062.655 (depth 1, 22 lits): UNSAT in 1.20s
    cube 3062.656 (depth 1, 22 lits): UNSAT in 7.89s
    cube 3062.657 (depth 1, 22 lits): UNSAT in 0.35s
    cube 3062.658 (depth 1, 22 lits): UNSAT in 1.68s
    cube 3062.659 (depth 1, 22 lits): UNSAT in 5.08s
    cube 3062.660 (depth 1, 22 lits): UNSAT in 4.26s
    cube 3062.661 (depth 1, 22 lits): UNSAT in 0.02s
    cube 3062.662 (depth 1, 22 lits): UNSAT in 0.08s
    cube 3062.663 (depth 1, 22 lits): UNSAT in 0.04s
    cube 3062.664 (depth 1, 22 lits): UNSAT in 0.15s
    cube 3062.665 (depth 1, 22 lits): UNSAT in 0.08s
    cube 3062.666 (depth 1, 22 lits): UNSAT in 0.09s
    cube 3062.667 (depth 1, 22 lits): UNSAT in 0.13s
    cube 3062.668 (depth 1, 22 lits): UNSAT in 1.40s
    cube 3062.669 (depth 1, 22 lits): UNSAT in 0.10s
    cube 3062.670 (depth 1, 22 lits): UNSAT in 0.80s
    cube 3062.671 (depth 1, 22 lits): UNSAT in 0.64s
    cube 3062.672 (depth 1, 22 lits): UNSAT in 1.43s
    cube 3062.673 (depth 1, 22 lits): UNSAT in 0.21s
    cube 3062.674 (depth 1, 22 lits): UNSAT in 1.75s
    cube 3062.675 (depth 1, 22 lits): UNSAT in 0.34s
    cube 3062.676 (depth 1, 22 lits): UNSAT in 2.43s
    cube 3062.677 (depth 1, 22 lits): UNSAT in 0.06s
    cube 3062.678 (depth 1, 22 lits): UNSAT in 0.48s
    cube 3062.679 (depth 1, 22 lits): UNSAT in 0.45s
    cube 3062.680 (depth 1, 22 lits): UNSAT in 2.53s
    cube 3062.681 (depth 1, 22 lits): UNSAT in 0.60s
    cube 3062.682 (depth 1, 22 lits): UNSAT in 1.95s
    cube 3062.683 (depth 1, 22 lits): UNSAT in 1.42s
    cube 3062.684 (depth 1, 22 lits): UNSAT in 22.78s
    cube 3062.685 (depth 1, 22 lits): UNSAT in 0.32s
    cube 3062.686 (depth 1, 22 lits): UNSAT in 3.09s
    cube 3062.687 (depth 1, 22 lits): UNSAT in 2.50s
    cube 3062.688 (depth 1, 22 lits): UNSAT in 17.41s
    cube 3062.689 (depth 1, 22 lits): UNSAT in 2.16s
    cube 3062.690 (depth 1, 22 lits): UNSAT in 6.49s
    cube 3062.691 (depth 1, 22 lits): UNSAT in 29.03s
    cube 3062.692 (depth 1, 22 lits): UNSAT in 74.50s
    cube 3062.693 (depth 1, 22 lits): UNSAT in 0.02s
    cube 3062.694 (depth 1, 22 lits): UNSAT in 0.16s
    cube 3062.695 (depth 1, 22 lits): UNSAT in 0.17s
    cube 3062.696 (depth 1, 22 lits): UNSAT in 0.36s
    cube 3062.697 (depth 1, 22 lits): UNSAT in 0.13s
    cube 3062.698 (depth 1, 22 lits): UNSAT in 0.35s
    cube 3062.699 (depth 1, 22 lits): UNSAT in 1.45s
    cube 3062.700 (depth 1, 22 lits): UNSAT in 4.82s
    cube 3062.701 (depth 1, 22 lits): UNSAT in 0.10s
    cube 3062.702 (depth 1, 22 lits): UNSAT in 0.85s
    cube 3062.703 (depth 1, 22 lits): UNSAT in 1.99s
    cube 3062.704 (depth 1, 22 lits): UNSAT in 4.55s
    cube 3062.705 (depth 1, 22 lits): UNSAT in 1.02s
    cube 3062.706 (depth 1, 22 lits): UNSAT in 2.27s
    cube 3062.707 (depth 1, 22 lits): UNSAT in 6.26s
    cube 3062.708 (depth 1, 22 lits): UNSAT in 31.68s
    cube 3062.709 (depth 1, 22 lits): UNSAT in 0.39s
    cube 3062.710 (depth 1, 22 lits): UNSAT in 0.33s
    cube 3062.711 (depth 1, 22 lits): UNSAT in 1.18s
    cube 3062.712 (depth 1, 22 lits): UNSAT in 4.30s
    cube 3062.713 (depth 1, 22 lits): UNSAT in 1.09s
    cube 3062.714 (depth 1, 22 lits): UNSAT in 5.35s
    cube 3062.715 (depth 1, 22 lits): UNSAT in 7.71s
    cube 3062.716 (depth 1, 22 lits): UNSAT in 33.72s
    cube 3062.717 (depth 1, 22 lits): UNSAT in 0.16s
    cube 3062.718 (depth 1, 22 lits): UNSAT in 2.33s
    cube 3062.719 (depth 1, 22 lits): UNSAT in 1.53s
    cube 3062.720 (depth 1, 22 lits): UNSAT in 9.01s
    cube 3062.721 (depth 1, 22 lits): UNSAT in 6.04s
    cube 3062.722 (depth 1, 22 lits): UNSAT in 47.73s
    cube 3062.723 (depth 1, 22 lits): UNSAT in 35.20s
    cube 3062.724 (depth 1, 22 lits): UNSAT in 754.28s
    cube 3062.725 (depth 1, 22 lits): UNSAT in 0.10s
    cube 3062.726 (depth 1, 22 lits): UNSAT in 1.13s
    cube 3062.727 (depth 1, 22 lits): UNSAT in 0.62s
    cube 3062.728 (depth 1, 22 lits): UNSAT in 5.40s
    cube 3062.729 (depth 1, 22 lits): UNSAT in 0.67s
    cube 3062.730 (depth 1, 22 lits): UNSAT in 5.06s
    cube 3062.731 (depth 1, 22 lits): UNSAT in 2.71s
    cube 3062.732 (depth 1, 22 lits): UNSAT in 67.25s
    cube 3062.733 (depth 1, 22 lits): UNSAT in 0.38s
    cube 3062.734 (depth 1, 22 lits): UNSAT in 3.32s
    cube 3062.735 (depth 1, 22 lits): UNSAT in 0.60s
    cube 3062.736 (depth 1, 22 lits): UNSAT in 15.84s
    cube 3062.737 (depth 1, 22 lits): UNSAT in 12.81s
    cube 3062.738 (depth 1, 22 lits): UNSAT in 45.60s
    cube 3062.739 (depth 1, 22 lits): UNSAT in 121.74s
    cube 3062.740 (depth 1, 22 lits): TIMEOUT in 1200.10s
    cube 3062.740 TIMEOUT -> re-split into 882 sub-cubes (depth 2)
    cube 3062.740.0 (depth 2, 28 lits): UNSAT in 0.02s
    cube 3062.740.1 (depth 2, 30 lits): UNSAT in 0.01s
    cube 3062.740.2 (depth 2, 31 lits): UNSAT in 0.02s
    cube 3062.740.3 (depth 2, 31 lits): UNSAT in 0.02s
    cube 3062.740.4 (depth 2, 31 lits): UNSAT in 0.01s
    cube 3062.740.5 (depth 2, 32 lits): UNSAT in 0.01s
    cube 3062.740.6 (depth 2, 32 lits): UNSAT in 0.01s
    cube 3062.740.7 (depth 2, 31 lits): UNSAT in 0.01s
    cube 3062.740.8 (depth 2, 32 lits): UNSAT in 0.02s
    cube 3062.740.9 (depth 2, 32 lits): UNSAT in 0.02s
    cube 3062.740.10 (depth 2, 29 lits): UNSAT in 0.01s
    cube 3062.740.11 (depth 2, 32 lits): UNSAT in 0.01s
    cube 3062.740.12 (depth 2, 32 lits): UNSAT in 0.02s
    cube 3062.740.13 (depth 2, 32 lits): UNSAT in 0.01s
    cube 3062.740.14 (depth 2, 32 lits): UNSAT in 0.02s
    cube 3062.740.15 (depth 2, 32 lits): UNSAT in 0.01s
    cube 3062.740.16 (depth 2, 32 lits): UNSAT in 0.01s
    cube 3062.740.17 (depth 2, 32 lits): UNSAT in 0.02s
    cube 3062.740.18 (depth 2, 32 lits): UNSAT in 0.02s
    cube 3062.740.19 (depth 2, 31 lits): UNSAT in 0.02s
    cube 3062.740.20 (depth 2, 32 lits): UNSAT in 0.02s
    cube 3062.740.21 (depth 2, 32 lits): UNSAT in 0.02s
    cube 3062.740.22 (depth 2, 31 lits): UNSAT in 0.02s
    cube 3062.740.23 (depth 2, 31 lits): UNSAT in 0.02s
    cube 3062.740.24 (depth 2, 32 lits): UNSAT in 0.01s
    cube 3062.740.25 (depth 2, 32 lits): UNSAT in 0.02s
    cube 3062.740.26 (depth 2, 32 lits): UNSAT in 0.02s
    cube 3062.740.27 (depth 2, 32 lits): UNSAT in 0.03s
    cube 3062.740.28 (depth 2, 32 lits): UNSAT in 0.01s
    cube 3062.740.29 (depth 2, 32 lits): UNSAT in 0.03s
    cube 3062.740.30 (depth 2, 32 lits): UNSAT in 0.02s
    cube 3062.740.31 (depth 2, 32 lits): UNSAT in 0.04s
    cube 3062.740.32 (depth 2, 29 lits): UNSAT in 0.01s
    cube 3062.740.33 (depth 2, 30 lits): UNSAT in 0.01s
    cube 3062.740.34 (depth 2, 32 lits): UNSAT in 0.02s
    cube 3062.740.35 (depth 2, 32 lits): UNSAT in 0.02s
    cube 3062.740.36 (depth 2, 32 lits): UNSAT in 0.02s
    cube 3062.740.37 (depth 2, 32 lits): UNSAT in 0.02s
    cube 3062.740.38 (depth 2, 30 lits): UNSAT in 0.01s
    cube 3062.740.39 (depth 2, 30 lits): UNSAT in 0.02s
    cube 3062.740.40 (depth 2, 31 lits): UNSAT in 0.01s
    cube 3062.740.41 (depth 2, 32 lits): UNSAT in 0.01s
    cube 3062.740.42 (depth 2, 32 lits): UNSAT in 0.02s
    cube 3062.740.43 (depth 2, 31 lits): UNSAT in 0.01s
    cube 3062.740.44 (depth 2, 32 lits): UNSAT in 0.02s
    cube 3062.740.45 (depth 2, 32 lits): UNSAT in 0.03s
    cube 3062.740.46 (depth 2, 31 lits): UNSAT in 0.02s
    cube 3062.740.47 (depth 2, 32 lits): UNSAT in 0.01s
    cube 3062.740.48 (depth 2, 32 lits): UNSAT in 0.02s
    cube 3062.740.49 (depth 2, 31 lits): UNSAT in 0.01s
    cube 3062.740.50 (depth 2, 32 lits): UNSAT in 0.01s
    cube 3062.740.51 (depth 2, 32 lits): UNSAT in 0.03s
    cube 3062.740.52 (depth 2, 30 lits): UNSAT in 0.02s
    cube 3062.740.53 (depth 2, 32 lits): UNSAT in 0.01s
    cube 3062.740.54 (depth 2, 32 lits): UNSAT in 0.02s
    cube 3062.740.55 (depth 2, 32 lits): UNSAT in 0.02s
    cube 3062.740.56 (depth 2, 32 lits): UNSAT in 0.08s
    cube 3062.740.57 (depth 2, 32 lits): UNSAT in 0.02s
    cube 3062.740.58 (depth 2, 32 lits): UNSAT in 0.02s
    cube 3062.740.59 (depth 2, 32 lits): UNSAT in 0.01s
    cube 3062.740.60 (depth 2, 32 lits): UNSAT in 0.03s
    cube 3062.740.61 (depth 2, 32 lits): UNSAT in 0.02s
    cube 3062.740.62 (depth 2, 32 lits): UNSAT in 0.02s
    cube 3062.740.63 (depth 2, 32 lits): UNSAT in 0.01s
    cube 3062.740.64 (depth 2, 32 lits): UNSAT in 0.03s
    cube 3062.740.65 (depth 2, 32 lits): UNSAT in 0.01s
    cube 3062.740.66 (depth 2, 32 lits): UNSAT in 0.03s
    cube 3062.740.67 (depth 2, 32 lits): UNSAT in 0.02s
    cube 3062.740.68 (depth 2, 32 lits): UNSAT in 0.09s
    cube 3062.740.69 (depth 2, 32 lits): UNSAT in 0.03s
    cube 3062.740.70 (depth 2, 32 lits): UNSAT in 0.05s
    cube 3062.740.71 (depth 2, 32 lits): UNSAT in 0.06s
    cube 3062.740.72 (depth 2, 32 lits): UNSAT in 0.18s
    cube 3062.740.73 (depth 2, 31 lits): UNSAT in 0.01s
    cube 3062.740.74 (depth 2, 32 lits): UNSAT in 0.01s
    cube 3062.740.75 (depth 2, 32 lits): UNSAT in 0.02s
    cube 3062.740.76 (depth 2, 31 lits): UNSAT in 0.02s
    cube 3062.740.77 (depth 2, 32 lits): UNSAT in 0.01s
    cube 3062.740.78 (depth 2, 32 lits): UNSAT in 0.02s
    cube 3062.740.79 (depth 2, 31 lits): UNSAT in 0.02s
    cube 3062.740.80 (depth 2, 32 lits): UNSAT in 0.02s
    cube 3062.740.81 (depth 2, 32 lits): UNSAT in 0.03s
    cube 3062.740.82 (depth 2, 32 lits): UNSAT in 0.02s
    cube 3062.740.83 (depth 2, 32 lits): UNSAT in 0.02s
    cube 3062.740.84 (depth 2, 32 lits): UNSAT in 0.01s
    cube 3062.740.85 (depth 2, 32 lits): UNSAT in 0.04s
    cube 3062.740.86 (depth 2, 30 lits): UNSAT in 0.02s
    cube 3062.740.87 (depth 2, 32 lits): UNSAT in 0.01s
    cube 3062.740.88 (depth 2, 32 lits): UNSAT in 0.02s
    cube 3062.740.89 (depth 2, 32 lits): UNSAT in 0.02s
    cube 3062.740.90 (depth 2, 32 lits): UNSAT in 0.02s
    cube 3062.740.91 (depth 2, 32 lits): UNSAT in 0.01s
    cube 3062.740.92 (depth 2, 32 lits): UNSAT in 0.02s
    cube 3062.740.93 (depth 2, 32 lits): UNSAT in 0.02s
    cube 3062.740.94 (depth 2, 32 lits): UNSAT in 0.02s
    cube 3062.740.95 (depth 2, 32 lits): UNSAT in 0.02s
    cube 3062.740.96 (depth 2, 32 lits): UNSAT in 0.02s
    cube 3062.740.97 (depth 2, 32 lits): UNSAT in 0.03s
    cube 3062.740.98 (depth 2, 32 lits): UNSAT in 0.02s
    cube 3062.740.99 (depth 2, 31 lits): UNSAT in 0.01s
    cube 3062.740.100 (depth 2, 32 lits): UNSAT in 0.01s
    cube 3062.740.101 (depth 2, 32 lits): UNSAT in 0.01s
    cube 3062.740.102 (depth 2, 31 lits): UNSAT in 0.01s
    cube 3062.740.103 (depth 2, 32 lits): UNSAT in 0.01s
    cube 3062.740.104 (depth 2, 32 lits): UNSAT in 0.02s
    cube 3062.740.105 (depth 2, 32 lits): UNSAT in 0.01s
    cube 3062.740.106 (depth 2, 32 lits): UNSAT in 0.01s
    cube 3062.740.107 (depth 2, 32 lits): UNSAT in 0.01s
    cube 3062.740.108 (depth 2, 32 lits): UNSAT in 0.01s
    cube 3062.740.109 (depth 2, 32 lits): UNSAT in 0.02s
    cube 3062.740.110 (depth 2, 32 lits): UNSAT in 0.02s
    cube 3062.740.111 (depth 2, 32 lits): UNSAT in 0.03s
    cube 3062.740.112 (depth 2, 32 lits): UNSAT in 0.04s
    cube 3062.740.113 (depth 2, 30 lits): UNSAT in 0.02s
    cube 3062.740.114 (depth 2, 32 lits): UNSAT in 0.01s
    cube 3062.740.115 (depth 2, 32 lits): UNSAT in 0.02s
    cube 3062.740.116 (depth 2, 32 lits): UNSAT in 0.02s
    cube 3062.740.117 (depth 2, 32 lits): UNSAT in 0.03s
    cube 3062.740.118 (depth 2, 32 lits): UNSAT in 0.02s
    cube 3062.740.119 (depth 2, 32 lits): UNSAT in 0.02s
    cube 3062.740.120 (depth 2, 32 lits): UNSAT in 0.01s
    cube 3062.740.121 (depth 2, 32 lits): UNSAT in 0.02s
    cube 3062.740.122 (depth 2, 32 lits): UNSAT in 0.03s
    cube 3062.740.123 (depth 2, 32 lits): UNSAT in 0.02s
    cube 3062.740.124 (depth 2, 32 lits): UNSAT in 0.07s
    cube 3062.740.125 (depth 2, 32 lits): UNSAT in 0.04s
    cube 3062.740.126 (depth 2, 30 lits): UNSAT in 0.01s
    cube 3062.740.127 (depth 2, 31 lits): UNSAT in 0.01s
    cube 3062.740.128 (depth 2, 31 lits): UNSAT in 0.01s
    cube 3062.740.129 (depth 2, 30 lits): UNSAT in 0.02s
    cube 3062.740.130 (depth 2, 31 lits): UNSAT in 0.01s
    cube 3062.740.131 (depth 2, 32 lits): UNSAT in 0.02s
    cube 3062.740.132 (depth 2, 32 lits): UNSAT in 0.01s
    cube 3062.740.133 (depth 2, 31 lits): UNSAT in 0.01s
    cube 3062.740.134 (depth 2, 32 lits): UNSAT in 0.01s
    cube 3062.740.135 (depth 2, 32 lits): UNSAT in 0.02s
    cube 3062.740.136 (depth 2, 31 lits): UNSAT in 0.01s
    cube 3062.740.137 (depth 2, 32 lits): UNSAT in 0.01s
    cube 3062.740.138 (depth 2, 32 lits): UNSAT in 0.02s
    cube 3062.740.139 (depth 2, 32 lits): UNSAT in 0.01s
    cube 3062.740.140 (depth 2, 32 lits): UNSAT in 0.02s
    cube 3062.740.141 (depth 2, 32 lits): UNSAT in 0.01s
    cube 3062.740.142 (depth 2, 32 lits): UNSAT in 0.03s
    cube 3062.740.143 (depth 2, 32 lits): UNSAT in 0.02s
    cube 3062.740.144 (depth 2, 32 lits): UNSAT in 0.03s
    cube 3062.740.145 (depth 2, 32 lits): UNSAT in 0.04s
    cube 3062.740.146 (depth 2, 32 lits): UNSAT in 0.09s
    cube 3062.740.147 (depth 2, 31 lits): UNSAT in 0.02s
    cube 3062.740.148 (depth 2, 32 lits): UNSAT in 0.01s
    cube 3062.740.149 (depth 2, 32 lits): UNSAT in 0.03s
    cube 3062.740.150 (depth 2, 32 lits): UNSAT in 0.02s
    cube 3062.740.151 (depth 2, 32 lits): UNSAT in 0.02s
    cube 3062.740.152 (depth 2, 32 lits): UNSAT in 0.03s
    cube 3062.740.153 (depth 2, 32 lits): UNSAT in 0.04s
    cube 3062.740.154 (depth 2, 32 lits): UNSAT in 0.01s
    cube 3062.740.155 (depth 2, 32 lits): UNSAT in 0.02s
    cube 3062.740.156 (depth 2, 32 lits): UNSAT in 0.02s
    cube 3062.740.157 (depth 2, 32 lits): UNSAT in 0.05s
    cube 3062.740.158 (depth 2, 32 lits): UNSAT in 0.02s
    cube 3062.740.159 (depth 2, 32 lits): UNSAT in 0.04s
    cube 3062.740.160 (depth 2, 32 lits): UNSAT in 0.15s
    cube 3062.740.161 (depth 2, 32 lits): UNSAT in 0.21s
    cube 3062.740.162 (depth 2, 32 lits): UNSAT in 0.02s
    cube 3062.740.163 (depth 2, 32 lits): UNSAT in 0.02s
    cube 3062.740.164 (depth 2, 32 lits): UNSAT in 0.03s
    cube 3062.740.165 (depth 2, 32 lits): UNSAT in 0.03s
    cube 3062.740.166 (depth 2, 32 lits): UNSAT in 0.02s
    cube 3062.740.167 (depth 2, 32 lits): UNSAT in 0.05s
    cube 3062.740.168 (depth 2, 32 lits): UNSAT in 0.02s
    cube 3062.740.169 (depth 2, 32 lits): UNSAT in 0.09s
    cube 3062.740.170 (depth 2, 32 lits): UNSAT in 0.02s
    cube 3062.740.171 (depth 2, 32 lits): UNSAT in 0.15s
    cube 3062.740.172 (depth 2, 32 lits): UNSAT in 0.10s
    cube 3062.740.173 (depth 2, 32 lits): UNSAT in 1.17s
    cube 3062.740.174 (depth 2, 32 lits): UNSAT in 0.05s
    cube 3062.740.175 (depth 2, 32 lits): UNSAT in 1.21s
    cube 3062.740.176 (depth 2, 32 lits): UNSAT in 1.58s
    cube 3062.740.177 (depth 2, 32 lits): UNSAT in 2.81s
    cube 3062.740.178 (depth 2, 31 lits): UNSAT in 0.02s
    cube 3062.740.179 (depth 2, 31 lits): UNSAT in 0.02s
    cube 3062.740.180 (depth 2, 32 lits): UNSAT in 0.01s
    cube 3062.740.181 (depth 2, 32 lits): UNSAT in 0.02s
    cube 3062.740.182 (depth 2, 31 lits): UNSAT in 0.02s
    cube 3062.740.183 (depth 2, 32 lits): UNSAT in 0.01s
    cube 3062.740.184 (depth 2, 32 lits): UNSAT in 0.01s
    cube 3062.740.185 (depth 2, 32 lits): UNSAT in 0.01s
    cube 3062.740.186 (depth 2, 32 lits): UNSAT in 0.02s
    cube 3062.740.187 (depth 2, 31 lits): UNSAT in 0.02s
    cube 3062.740.188 (depth 2, 31 lits): UNSAT in 0.02s
    cube 3062.740.189 (depth 2, 31 lits): UNSAT in 0.01s
    cube 3062.740.190 (depth 2, 31 lits): UNSAT in 0.02s
    cube 3062.740.191 (depth 2, 32 lits): UNSAT in 0.02s
    cube 3062.740.192 (depth 2, 32 lits): UNSAT in 0.02s
    cube 3062.740.193 (depth 2, 32 lits): UNSAT in 0.03s
    cube 3062.740.194 (depth 2, 32 lits): UNSAT in 0.08s
    cube 3062.740.195 (depth 2, 31 lits): UNSAT in 0.02s
    cube 3062.740.196 (depth 2, 32 lits): UNSAT in 0.03s
    cube 3062.740.197 (depth 2, 32 lits): UNSAT in 0.05s
    cube 3062.740.198 (depth 2, 32 lits): UNSAT in 0.07s
    cube 3062.740.199 (depth 2, 32 lits): UNSAT in 0.08s
    cube 3062.740.200 (depth 2, 32 lits): UNSAT in 0.13s
    cube 3062.740.201 (depth 2, 32 lits): UNSAT in 0.16s
    cube 3062.740.202 (depth 2, 31 lits): UNSAT in 0.01s
    cube 3062.740.203 (depth 2, 32 lits): UNSAT in 0.02s
    cube 3062.740.204 (depth 2, 32 lits): UNSAT in 0.02s
    cube 3062.740.205 (depth 2, 32 lits): UNSAT in 0.02s
    cube 3062.740.206 (depth 2, 32 lits): UNSAT in 0.03s
    cube 3062.740.207 (depth 2, 32 lits): UNSAT in 0.02s
    cube 3062.740.208 (depth 2, 32 lits): UNSAT in 0.04s
    cube 3062.740.209 (depth 2, 31 lits): UNSAT in 0.02s
    cube 3062.740.210 (depth 2, 31 lits): UNSAT in 0.02s
    cube 3062.740.211 (depth 2, 32 lits): UNSAT in 0.02s
    cube 3062.740.212 (depth 2, 32 lits): UNSAT in 0.01s
    cube 3062.740.213 (depth 2, 32 lits): UNSAT in 0.01s
    cube 3062.740.214 (depth 2, 32 lits): UNSAT in 0.04s
    cube 3062.740.215 (depth 2, 32 lits): UNSAT in 0.02s
    cube 3062.740.216 (depth 2, 32 lits): UNSAT in 0.02s
    cube 3062.740.217 (depth 2, 32 lits): UNSAT in 0.04s
    cube 3062.740.218 (depth 2, 32 lits): UNSAT in 0.06s
    cube 3062.740.219 (depth 2, 32 lits): UNSAT in 0.02s
    cube 3062.740.220 (depth 2, 32 lits): UNSAT in 0.09s
    cube 3062.740.221 (depth 2, 32 lits): UNSAT in 0.04s
    cube 3062.740.222 (depth 2, 32 lits): UNSAT in 0.22s
    cube 3062.740.223 (depth 2, 32 lits): UNSAT in 0.02s
    cube 3062.740.224 (depth 2, 32 lits): UNSAT in 0.02s
    cube 3062.740.225 (depth 2, 32 lits): UNSAT in 0.06s
    cube 3062.740.226 (depth 2, 32 lits): UNSAT in 0.15s
    cube 3062.740.227 (depth 2, 32 lits): UNSAT in 0.02s
    cube 3062.740.228 (depth 2, 32 lits): UNSAT in 0.15s
    cube 3062.740.229 (depth 2, 32 lits): UNSAT in 0.05s
    cube 3062.740.230 (depth 2, 32 lits): UNSAT in 0.06s
    cube 3062.740.231 (depth 2, 31 lits): UNSAT in 0.01s
    cube 3062.740.232 (depth 2, 32 lits): UNSAT in 0.02s
    cube 3062.740.233 (depth 2, 32 lits): UNSAT in 0.02s
    cube 3062.740.234 (depth 2, 32 lits): UNSAT in 0.02s
    cube 3062.740.235 (depth 2, 32 lits): UNSAT in 0.02s
    cube 3062.740.236 (depth 2, 32 lits): UNSAT in 0.01s
    cube 3062.740.237 (depth 2, 32 lits): UNSAT in 0.03s
    cube 3062.740.238 (depth 2, 32 lits): UNSAT in 0.02s
    cube 3062.740.239 (depth 2, 32 lits): UNSAT in 0.03s
    cube 3062.740.240 (depth 2, 32 lits): UNSAT in 0.03s
    cube 3062.740.241 (depth 2, 32 lits): UNSAT in 0.10s
    cube 3062.740.242 (depth 2, 32 lits): UNSAT in 0.03s
    cube 3062.740.243 (depth 2, 32 lits): UNSAT in 0.05s
    cube 3062.740.244 (depth 2, 32 lits): UNSAT in 0.08s
    cube 3062.740.245 (depth 2, 32 lits): UNSAT in 0.22s
    cube 3062.740.246 (depth 2, 32 lits): UNSAT in 0.02s
    cube 3062.740.247 (depth 2, 32 lits): UNSAT in 0.02s
    cube 3062.740.248 (depth 2, 32 lits): UNSAT in 0.02s
    cube 3062.740.249 (depth 2, 32 lits): UNSAT in 0.06s
    cube 3062.740.250 (depth 2, 32 lits): UNSAT in 0.02s
    cube 3062.740.251 (depth 2, 32 lits): UNSAT in 0.05s
    cube 3062.740.252 (depth 2, 32 lits): UNSAT in 0.10s
    cube 3062.740.253 (depth 2, 32 lits): UNSAT in 0.38s
    cube 3062.740.254 (depth 2, 32 lits): UNSAT in 0.05s
    cube 3062.740.255 (depth 2, 32 lits): UNSAT in 0.04s
    cube 3062.740.256 (depth 2, 32 lits): UNSAT in 0.06s
    cube 3062.740.257 (depth 2, 32 lits): UNSAT in 0.20s
    cube 3062.740.258 (depth 2, 32 lits): UNSAT in 0.08s
    cube 3062.740.259 (depth 2, 32 lits): UNSAT in 0.08s
    cube 3062.740.260 (depth 2, 32 lits): UNSAT in 0.31s
    cube 3062.740.261 (depth 2, 32 lits): UNSAT in 0.45s
    cube 3062.740.262 (depth 2, 32 lits): UNSAT in 0.01s
    cube 3062.740.263 (depth 2, 32 lits): UNSAT in 0.03s
    cube 3062.740.264 (depth 2, 32 lits): UNSAT in 0.02s
    cube 3062.740.265 (depth 2, 32 lits): UNSAT in 0.03s
    cube 3062.740.266 (depth 2, 32 lits): UNSAT in 0.02s
    cube 3062.740.267 (depth 2, 32 lits): UNSAT in 0.02s
    cube 3062.740.268 (depth 2, 32 lits): UNSAT in 0.03s
    cube 3062.740.269 (depth 2, 32 lits): UNSAT in 0.07s
    cube 3062.740.270 (depth 2, 32 lits): UNSAT in 0.03s
    cube 3062.740.271 (depth 2, 32 lits): UNSAT in 0.07s
    cube 3062.740.272 (depth 2, 32 lits): UNSAT in 0.02s
    cube 3062.740.273 (depth 2, 32 lits): UNSAT in 0.03s
    cube 3062.740.274 (depth 2, 32 lits): UNSAT in 0.08s
    cube 3062.740.275 (depth 2, 32 lits): UNSAT in 0.26s
    cube 3062.740.276 (depth 2, 32 lits): UNSAT in 0.15s
    cube 3062.740.277 (depth 2, 32 lits): UNSAT in 0.57s
    cube 3062.740.278 (depth 2, 32 lits): UNSAT in 0.01s
    cube 3062.740.279 (depth 2, 32 lits): UNSAT in 0.03s
    cube 3062.740.280 (depth 2, 32 lits): UNSAT in 0.03s
    cube 3062.740.281 (depth 2, 32 lits): UNSAT in 0.05s
    cube 3062.740.282 (depth 2, 32 lits): UNSAT in 0.03s
    cube 3062.740.283 (depth 2, 32 lits): UNSAT in 0.07s
    cube 3062.740.284 (depth 2, 32 lits): UNSAT in 0.07s
    cube 3062.740.285 (depth 2, 32 lits): UNSAT in 0.18s
    cube 3062.740.286 (depth 2, 32 lits): UNSAT in 0.08s
    cube 3062.740.287 (depth 2, 32 lits): UNSAT in 0.05s
    cube 3062.740.288 (depth 2, 32 lits): UNSAT in 0.12s
    cube 3062.740.289 (depth 2, 32 lits): UNSAT in 0.46s
    cube 3062.740.290 (depth 2, 32 lits): UNSAT in 0.13s
    cube 3062.740.291 (depth 2, 32 lits): UNSAT in 0.34s
    cube 3062.740.292 (depth 2, 32 lits): UNSAT in 0.19s
    cube 3062.740.293 (depth 2, 32 lits): UNSAT in 0.77s
    cube 3062.740.294 (depth 2, 31 lits): UNSAT in 0.01s
    cube 3062.740.295 (depth 2, 31 lits): UNSAT in 0.01s
    cube 3062.740.296 (depth 2, 31 lits): UNSAT in 0.01s
    cube 3062.740.297 (depth 2, 31 lits): UNSAT in 0.02s
    cube 3062.740.298 (depth 2, 30 lits): UNSAT in 0.01s
    cube 3062.740.299 (depth 2, 31 lits): UNSAT in 0.02s
    cube 3062.740.300 (depth 2, 31 lits): UNSAT in 0.02s
    cube 3062.740.301 (depth 2, 32 lits): UNSAT in 0.01s
    cube 3062.740.302 (depth 2, 32 lits): UNSAT in 0.02s
    cube 3062.740.303 (depth 2, 32 lits): UNSAT in 0.01s
    cube 3062.740.304 (depth 2, 32 lits): UNSAT in 0.02s
    cube 3062.740.305 (depth 2, 32 lits): UNSAT in 0.02s
    cube 3062.740.306 (depth 2, 32 lits): UNSAT in 0.02s
    cube 3062.740.307 (depth 2, 32 lits): UNSAT in 0.01s
    cube 3062.740.308 (depth 2, 32 lits): UNSAT in 0.02s
    cube 3062.740.309 (depth 2, 32 lits): UNSAT in 0.02s
    cube 3062.740.310 (depth 2, 32 lits): UNSAT in 0.02s
    cube 3062.740.311 (depth 2, 31 lits): UNSAT in 0.01s
    cube 3062.740.312 (depth 2, 32 lits): UNSAT in 0.02s
    cube 3062.740.313 (depth 2, 32 lits): UNSAT in 0.02s
    cube 3062.740.314 (depth 2, 32 lits): UNSAT in 0.02s
    cube 3062.740.315 (depth 2, 32 lits): UNSAT in 0.03s
    cube 3062.740.316 (depth 2, 32 lits): UNSAT in 0.01s
    cube 3062.740.317 (depth 2, 32 lits): UNSAT in 0.02s
    cube 3062.740.318 (depth 2, 32 lits): UNSAT in 0.02s
    cube 3062.740.319 (depth 2, 32 lits): UNSAT in 0.02s
    cube 3062.740.320 (depth 2, 31 lits): UNSAT in 0.02s
    cube 3062.740.321 (depth 2, 32 lits): UNSAT in 0.02s
    cube 3062.740.322 (depth 2, 32 lits): UNSAT in 0.02s
    cube 3062.740.323 (depth 2, 32 lits): UNSAT in 0.02s
    cube 3062.740.324 (depth 2, 32 lits): UNSAT in 0.01s
    cube 3062.740.325 (depth 2, 31 lits): UNSAT in 0.02s
    cube 3062.740.326 (depth 2, 32 lits): UNSAT in 0.02s
    cube 3062.740.327 (depth 2, 32 lits): UNSAT in 0.04s
    cube 3062.740.328 (depth 2, 32 lits): UNSAT in 0.05s
    cube 3062.740.329 (depth 2, 32 lits): UNSAT in 0.07s
    cube 3062.740.330 (depth 2, 31 lits): UNSAT in 0.02s
    cube 3062.740.331 (depth 2, 32 lits): UNSAT in 0.02s
    cube 3062.740.332 (depth 2, 32 lits): UNSAT in 0.03s
    cube 3062.740.333 (depth 2, 32 lits): UNSAT in 0.02s
    cube 3062.740.334 (depth 2, 32 lits): UNSAT in 0.02s
    cube 3062.740.335 (depth 2, 32 lits): UNSAT in 0.02s
    cube 3062.740.336 (depth 2, 32 lits): UNSAT in 0.05s
    cube 3062.740.337 (depth 2, 32 lits): UNSAT in 0.02s
    cube 3062.740.338 (depth 2, 32 lits): UNSAT in 0.04s
    cube 3062.740.339 (depth 2, 32 lits): UNSAT in 0.05s
    cube 3062.740.340 (depth 2, 32 lits): UNSAT in 0.14s
    cube 3062.740.341 (depth 2, 32 lits): UNSAT in 0.03s
    cube 3062.740.342 (depth 2, 32 lits): UNSAT in 0.06s
    cube 3062.740.343 (depth 2, 32 lits): UNSAT in 0.07s
    cube 3062.740.344 (depth 2, 32 lits): UNSAT in 0.08s
    cube 3062.740.345 (depth 2, 32 lits): UNSAT in 0.02s
    cube 3062.740.346 (depth 2, 32 lits): UNSAT in 0.02s
    cube 3062.740.347 (depth 2, 32 lits): UNSAT in 0.01s
    cube 3062.740.348 (depth 2, 32 lits): UNSAT in 0.04s
    cube 3062.740.349 (depth 2, 32 lits): UNSAT in 0.03s
    cube 3062.740.350 (depth 2, 32 lits): UNSAT in 0.03s
    cube 3062.740.351 (depth 2, 32 lits): UNSAT in 0.05s
    cube 3062.740.352 (depth 2, 32 lits): UNSAT in 0.13s
    cube 3062.740.353 (depth 2, 32 lits): UNSAT in 0.02s
    cube 3062.740.354 (depth 2, 32 lits): UNSAT in 0.03s
    cube 3062.740.355 (depth 2, 32 lits): UNSAT in 0.03s
    cube 3062.740.356 (depth 2, 32 lits): UNSAT in 0.08s
    cube 3062.740.357 (depth 2, 32 lits): UNSAT in 0.02s
    cube 3062.740.358 (depth 2, 32 lits): UNSAT in 0.20s
    cube 3062.740.359 (depth 2, 32 lits): UNSAT in 0.19s
    cube 3062.740.360 (depth 2, 32 lits): UNSAT in 0.40s
    cube 3062.740.361 (depth 2, 32 lits): UNSAT in 0.02s
    cube 3062.740.362 (depth 2, 32 lits): UNSAT in 0.02s
    cube 3062.740.363 (depth 2, 32 lits): UNSAT in 0.02s
    cube 3062.740.364 (depth 2, 32 lits): UNSAT in 0.03s
    cube 3062.740.365 (depth 2, 32 lits): UNSAT in 0.02s
    cube 3062.740.366 (depth 2, 32 lits): UNSAT in 0.04s
    cube 3062.740.367 (depth 2, 32 lits): UNSAT in 0.04s
    cube 3062.740.368 (depth 2, 32 lits): UNSAT in 0.22s
    cube 3062.740.369 (depth 2, 32 lits): UNSAT in 0.03s
    cube 3062.740.370 (depth 2, 32 lits): UNSAT in 0.08s
    cube 3062.740.371 (depth 2, 32 lits): UNSAT in 0.08s
    cube 3062.740.372 (depth 2, 32 lits): UNSAT in 0.16s
    cube 3062.740.373 (depth 2, 32 lits): UNSAT in 0.06s
    cube 3062.740.374 (depth 2, 32 lits): UNSAT in 0.37s
    cube 3062.740.375 (depth 2, 32 lits): UNSAT in 0.23s
    cube 3062.740.376 (depth 2, 32 lits): UNSAT in 0.32s
    cube 3062.740.377 (depth 2, 32 lits): UNSAT in 0.02s
    cube 3062.740.378 (depth 2, 32 lits): UNSAT in 0.05s
    cube 3062.740.379 (depth 2, 32 lits): UNSAT in 0.05s
    cube 3062.740.380 (depth 2, 32 lits): UNSAT in 0.10s
    cube 3062.740.381 (depth 2, 32 lits): UNSAT in 0.03s
    cube 3062.740.382 (depth 2, 32 lits): UNSAT in 0.08s
    cube 3062.740.383 (depth 2, 32 lits): UNSAT in 0.06s
    cube 3062.740.384 (depth 2, 32 lits): UNSAT in 0.16s
    cube 3062.740.385 (depth 2, 32 lits): UNSAT in 0.03s
    cube 3062.740.386 (depth 2, 32 lits): UNSAT in 0.10s
    cube 3062.740.387 (depth 2, 32 lits): UNSAT in 0.04s
    cube 3062.740.388 (depth 2, 32 lits): UNSAT in 0.05s
    cube 3062.740.389 (depth 2, 32 lits): UNSAT in 0.05s
    cube 3062.740.390 (depth 2, 32 lits): UNSAT in 0.05s
    cube 3062.740.391 (depth 2, 32 lits): UNSAT in 0.24s
    cube 3062.740.392 (depth 2, 32 lits): UNSAT in 0.75s
    cube 3062.740.393 (depth 2, 32 lits): UNSAT in 0.02s
    cube 3062.740.394 (depth 2, 32 lits): UNSAT in 0.05s
    cube 3062.740.395 (depth 2, 32 lits): UNSAT in 0.06s
    cube 3062.740.396 (depth 2, 32 lits): UNSAT in 0.26s
    cube 3062.740.397 (depth 2, 32 lits): UNSAT in 0.04s
    cube 3062.740.398 (depth 2, 32 lits): UNSAT in 0.40s
    cube 3062.740.399 (depth 2, 32 lits): UNSAT in 0.29s
    cube 3062.740.400 (depth 2, 32 lits): UNSAT in 1.47s
    cube 3062.740.401 (depth 2, 32 lits): UNSAT in 0.08s
    cube 3062.740.402 (depth 2, 32 lits): UNSAT in 0.23s
    cube 3062.740.403 (depth 2, 32 lits): UNSAT in 0.06s
    cube 3062.740.404 (depth 2, 32 lits): UNSAT in 0.54s
    cube 3062.740.405 (depth 2, 32 lits): UNSAT in 0.26s
    cube 3062.740.406 (depth 2, 32 lits): UNSAT in 0.77s
    cube 3062.740.407 (depth 2, 32 lits): UNSAT in 0.68s
    cube 3062.740.408 (depth 2, 32 lits): UNSAT in 1.12s
    cube 3062.740.409 (depth 2, 29 lits): UNSAT in 0.02s
    cube 3062.740.410 (depth 2, 31 lits): UNSAT in 0.02s
    cube 3062.740.411 (depth 2, 31 lits): UNSAT in 0.02s
    cube 3062.740.412 (depth 2, 31 lits): UNSAT in 0.01s
    cube 3062.740.413 (depth 2, 31 lits): UNSAT in 0.02s
    cube 3062.740.414 (depth 2, 31 lits): UNSAT in 0.02s
    cube 3062.740.415 (depth 2, 31 lits): UNSAT in 0.01s
    cube 3062.740.416 (depth 2, 30 lits): UNSAT in 0.02s
    cube 3062.740.417 (depth 2, 31 lits): UNSAT in 0.02s
    cube 3062.740.418 (depth 2, 32 lits): UNSAT in 0.01s
    cube 3062.740.419 (depth 2, 32 lits): UNSAT in 0.02s
    cube 3062.740.420 (depth 2, 32 lits): UNSAT in 0.03s
    cube 3062.740.421 (depth 2, 32 lits): UNSAT in 0.04s
    cube 3062.740.422 (depth 2, 32 lits): UNSAT in 0.02s
    cube 3062.740.423 (depth 2, 32 lits): UNSAT in 0.03s
    cube 3062.740.424 (depth 2, 31 lits): UNSAT in 0.02s
    cube 3062.740.425 (depth 2, 32 lits): UNSAT in 0.02s
    cube 3062.740.426 (depth 2, 32 lits): UNSAT in 0.03s
    cube 3062.740.427 (depth 2, 31 lits): UNSAT in 0.02s
    cube 3062.740.428 (depth 2, 32 lits): UNSAT in 0.02s
    cube 3062.740.429 (depth 2, 32 lits): UNSAT in 0.04s
    cube 3062.740.430 (depth 2, 30 lits): UNSAT in 0.02s
    cube 3062.740.431 (depth 2, 31 lits): UNSAT in 0.02s
    cube 3062.740.432 (depth 2, 32 lits): UNSAT in 0.03s
    cube 3062.740.433 (depth 2, 32 lits): UNSAT in 0.02s
    cube 3062.740.434 (depth 2, 32 lits): UNSAT in 0.01s
    cube 3062.740.435 (depth 2, 32 lits): UNSAT in 0.02s
    cube 3062.740.436 (depth 2, 31 lits): UNSAT in 0.02s
    cube 3062.740.437 (depth 2, 32 lits): UNSAT in 0.02s
    cube 3062.740.438 (depth 2, 32 lits): UNSAT in 0.02s
    cube 3062.740.439 (depth 2, 32 lits): UNSAT in 0.02s
    cube 3062.740.440 (depth 2, 32 lits): UNSAT in 0.04s
    cube 3062.740.441 (depth 2, 32 lits): UNSAT in 0.02s
    cube 3062.740.442 (depth 2, 32 lits): UNSAT in 0.02s
    cube 3062.740.443 (depth 2, 32 lits): UNSAT in 0.02s
    cube 3062.740.444 (depth 2, 32 lits): UNSAT in 0.02s
    cube 3062.740.445 (depth 2, 32 lits): UNSAT in 0.11s
    cube 3062.740.446 (depth 2, 32 lits): UNSAT in 0.09s
    cube 3062.740.447 (depth 2, 32 lits): UNSAT in 0.04s
    cube 3062.740.448 (depth 2, 32 lits): UNSAT in 0.06s
    cube 3062.740.449 (depth 2, 31 lits): UNSAT in 0.01s
    cube 3062.740.450 (depth 2, 31 lits): UNSAT in 0.02s
    cube 3062.740.451 (depth 2, 32 lits): UNSAT in 0.01s
    cube 3062.740.452 (depth 2, 32 lits): UNSAT in 0.02s
    cube 3062.740.453 (depth 2, 32 lits): UNSAT in 0.02s
    cube 3062.740.454 (depth 2, 32 lits): UNSAT in 0.02s
    cube 3062.740.455 (depth 2, 32 lits): UNSAT in 0.02s
    cube 3062.740.456 (depth 2, 32 lits): UNSAT in 0.02s
    cube 3062.740.457 (depth 2, 32 lits): UNSAT in 0.02s
    cube 3062.740.458 (depth 2, 32 lits): UNSAT in 0.04s
    cube 3062.740.459 (depth 2, 32 lits): UNSAT in 0.01s
    cube 3062.740.460 (depth 2, 32 lits): UNSAT in 0.07s
    cube 3062.740.461 (depth 2, 32 lits): UNSAT in 0.04s
    cube 3062.740.462 (depth 2, 32 lits): UNSAT in 0.10s
    cube 3062.740.463 (depth 2, 31 lits): UNSAT in 0.01s
    cube 3062.740.464 (depth 2, 31 lits): UNSAT in 0.02s
    cube 3062.740.465 (depth 2, 32 lits): UNSAT in 0.01s
    cube 3062.740.466 (depth 2, 32 lits): UNSAT in 0.02s
    cube 3062.740.467 (depth 2, 32 lits): UNSAT in 0.01s
    cube 3062.740.468 (depth 2, 32 lits): UNSAT in 0.08s
    cube 3062.740.469 (depth 2, 32 lits): UNSAT in 0.02s
    cube 3062.740.470 (depth 2, 32 lits): UNSAT in 0.02s
    cube 3062.740.471 (depth 2, 32 lits): UNSAT in 0.02s
    cube 3062.740.472 (depth 2, 32 lits): UNSAT in 0.05s
    cube 3062.740.473 (depth 2, 32 lits): UNSAT in 0.03s
    cube 3062.740.474 (depth 2, 32 lits): UNSAT in 0.05s
    cube 3062.740.475 (depth 2, 32 lits): UNSAT in 0.24s
    cube 3062.740.476 (depth 2, 32 lits): UNSAT in 0.48s
    cube 3062.740.477 (depth 2, 32 lits): UNSAT in 0.02s
    cube 3062.740.478 (depth 2, 32 lits): UNSAT in 0.02s
    cube 3062.740.479 (depth 2, 32 lits): UNSAT in 0.01s
    cube 3062.740.480 (depth 2, 32 lits): UNSAT in 0.02s
    cube 3062.740.481 (depth 2, 32 lits): UNSAT in 0.02s
    cube 3062.740.482 (depth 2, 32 lits): UNSAT in 0.02s
    cube 3062.740.483 (depth 2, 32 lits): UNSAT in 0.02s
    cube 3062.740.484 (depth 2, 32 lits): UNSAT in 0.07s
    cube 3062.740.485 (depth 2, 32 lits): UNSAT in 0.03s
    cube 3062.740.486 (depth 2, 32 lits): UNSAT in 0.05s
    cube 3062.740.487 (depth 2, 32 lits): UNSAT in 0.04s
    cube 3062.740.488 (depth 2, 32 lits): UNSAT in 0.10s
    cube 3062.740.489 (depth 2, 32 lits): UNSAT in 0.03s
    cube 3062.740.490 (depth 2, 32 lits): UNSAT in 0.14s
    cube 3062.740.491 (depth 2, 32 lits): UNSAT in 0.13s
    cube 3062.740.492 (depth 2, 32 lits): UNSAT in 0.23s
    cube 3062.740.493 (depth 2, 32 lits): UNSAT in 0.02s
    cube 3062.740.494 (depth 2, 32 lits): UNSAT in 0.02s
    cube 3062.740.495 (depth 2, 32 lits): UNSAT in 0.02s
    cube 3062.740.496 (depth 2, 32 lits): UNSAT in 0.04s
    cube 3062.740.497 (depth 2, 32 lits): UNSAT in 0.03s
    cube 3062.740.498 (depth 2, 32 lits): UNSAT in 0.05s
    cube 3062.740.499 (depth 2, 32 lits): UNSAT in 0.04s
    cube 3062.740.500 (depth 2, 32 lits): UNSAT in 0.24s
    cube 3062.740.501 (depth 2, 32 lits): UNSAT in 0.03s
    cube 3062.740.502 (depth 2, 32 lits): UNSAT in 0.07s
    cube 3062.740.503 (depth 2, 32 lits): UNSAT in 0.09s
    cube 3062.740.504 (depth 2, 32 lits): UNSAT in 0.45s
    cube 3062.740.505 (depth 2, 32 lits): UNSAT in 0.04s
    cube 3062.740.506 (depth 2, 32 lits): UNSAT in 0.37s
    cube 3062.740.507 (depth 2, 32 lits): UNSAT in 1.57s
    cube 3062.740.508 (depth 2, 32 lits): UNSAT in 7.84s
    cube 3062.740.509 (depth 2, 31 lits): UNSAT in 0.02s
    cube 3062.740.510 (depth 2, 31 lits): UNSAT in 0.01s
    cube 3062.740.511 (depth 2, 32 lits): UNSAT in 0.01s
    cube 3062.740.512 (depth 2, 32 lits): UNSAT in 0.02s
    cube 3062.740.513 (depth 2, 32 lits): UNSAT in 0.01s
    cube 3062.740.514 (depth 2, 32 lits): UNSAT in 0.02s
    cube 3062.740.515 (depth 2, 32 lits): UNSAT in 0.02s
    cube 3062.740.516 (depth 2, 32 lits): UNSAT in 0.01s
    cube 3062.740.517 (depth 2, 32 lits): UNSAT in 0.02s
    cube 3062.740.518 (depth 2, 32 lits): UNSAT in 0.03s
    cube 3062.740.519 (depth 2, 32 lits): UNSAT in 0.02s
    cube 3062.740.520 (depth 2, 32 lits): UNSAT in 0.02s
    cube 3062.740.521 (depth 2, 32 lits): UNSAT in 0.02s
    cube 3062.740.522 (depth 2, 32 lits): UNSAT in 0.05s
    cube 3062.740.523 (depth 2, 31 lits): UNSAT in 0.02s
    cube 3062.740.524 (depth 2, 32 lits): UNSAT in 0.02s
    cube 3062.740.525 (depth 2, 32 lits): UNSAT in 0.03s
    cube 3062.740.526 (depth 2, 32 lits): UNSAT in 0.02s
    cube 3062.740.527 (depth 2, 32 lits): UNSAT in 0.02s
    cube 3062.740.528 (depth 2, 32 lits): UNSAT in 0.03s
    cube 3062.740.529 (depth 2, 32 lits): UNSAT in 0.06s
    cube 3062.740.530 (depth 2, 32 lits): UNSAT in 0.02s
    cube 3062.740.531 (depth 2, 32 lits): UNSAT in 0.03s
    cube 3062.740.532 (depth 2, 32 lits): UNSAT in 0.02s
    cube 3062.740.533 (depth 2, 32 lits): UNSAT in 0.03s
    cube 3062.740.534 (depth 2, 32 lits): UNSAT in 0.05s
    cube 3062.740.535 (depth 2, 32 lits): UNSAT in 0.11s
    cube 3062.740.536 (depth 2, 32 lits): UNSAT in 0.07s
    cube 3062.740.537 (depth 2, 32 lits): UNSAT in 0.05s
    cube 3062.740.538 (depth 2, 31 lits): UNSAT in 0.01s
    cube 3062.740.539 (depth 2, 32 lits): UNSAT in 0.02s
    cube 3062.740.540 (depth 2, 32 lits): UNSAT in 0.02s
    cube 3062.740.541 (depth 2, 32 lits): UNSAT in 0.02s
    cube 3062.740.542 (depth 2, 32 lits): UNSAT in 0.05s
    cube 3062.740.543 (depth 2, 32 lits): UNSAT in 0.02s
    cube 3062.740.544 (depth 2, 32 lits): UNSAT in 0.03s
    cube 3062.740.545 (depth 2, 32 lits): UNSAT in 0.03s
    cube 3062.740.546 (depth 2, 32 lits): UNSAT in 0.09s
    cube 3062.740.547 (depth 2, 32 lits): UNSAT in 0.03s
    cube 3062.740.548 (depth 2, 32 lits): UNSAT in 0.18s
    cube 3062.740.549 (depth 2, 32 lits): UNSAT in 0.05s
    cube 3062.740.550 (depth 2, 32 lits): UNSAT in 0.16s
    cube 3062.740.551 (depth 2, 32 lits): UNSAT in 0.33s
    cube 3062.740.552 (depth 2, 32 lits): UNSAT in 0.31s
    cube 3062.740.553 (depth 2, 32 lits): UNSAT in 0.03s
    cube 3062.740.554 (depth 2, 32 lits): UNSAT in 0.34s
    cube 3062.740.555 (depth 2, 32 lits): UNSAT in 0.07s
    cube 3062.740.556 (depth 2, 32 lits): UNSAT in 0.41s
    cube 3062.740.557 (depth 2, 32 lits): UNSAT in 0.07s
    cube 3062.740.558 (depth 2, 32 lits): UNSAT in 0.19s
    cube 3062.740.559 (depth 2, 32 lits): UNSAT in 0.21s
    cube 3062.740.560 (depth 2, 32 lits): UNSAT in 2.15s
    cube 3062.740.561 (depth 2, 32 lits): UNSAT in 0.03s
    cube 3062.740.562 (depth 2, 32 lits): UNSAT in 0.07s
    cube 3062.740.563 (depth 2, 32 lits): UNSAT in 0.34s
    cube 3062.740.564 (depth 2, 32 lits): UNSAT in 0.82s
    cube 3062.740.565 (depth 2, 32 lits): UNSAT in 0.08s
    cube 3062.740.566 (depth 2, 32 lits): UNSAT in 0.60s
    cube 3062.740.567 (depth 2, 32 lits): UNSAT in 1.41s
    cube 3062.740.568 (depth 2, 32 lits): UNSAT in 2.85s
    cube 3062.740.569 (depth 2, 31 lits): UNSAT in 0.02s
    cube 3062.740.570 (depth 2, 32 lits): UNSAT in 0.02s
    cube 3062.740.571 (depth 2, 32 lits): UNSAT in 0.02s
    cube 3062.740.572 (depth 2, 32 lits): UNSAT in 0.02s
    cube 3062.740.573 (depth 2, 32 lits): UNSAT in 0.02s
    cube 3062.740.574 (depth 2, 32 lits): UNSAT in 0.01s
    cube 3062.740.575 (depth 2, 32 lits): UNSAT in 0.09s
    cube 3062.740.576 (depth 2, 32 lits): UNSAT in 0.02s
    cube 3062.740.577 (depth 2, 32 lits): UNSAT in 0.03s
    cube 3062.740.578 (depth 2, 32 lits): UNSAT in 0.05s
    cube 3062.740.579 (depth 2, 32 lits): UNSAT in 0.19s
    cube 3062.740.580 (depth 2, 32 lits): UNSAT in 0.02s
    cube 3062.740.581 (depth 2, 32 lits): UNSAT in 0.05s
    cube 3062.740.582 (depth 2, 32 lits): UNSAT in 0.06s
    cube 3062.740.583 (depth 2, 32 lits): UNSAT in 0.26s
    cube 3062.740.584 (depth 2, 32 lits): UNSAT in 0.02s
    cube 3062.740.585 (depth 2, 32 lits): UNSAT in 0.02s
    cube 3062.740.586 (depth 2, 32 lits): UNSAT in 0.02s
    cube 3062.740.587 (depth 2, 32 lits): UNSAT in 0.03s
    cube 3062.740.588 (depth 2, 32 lits): UNSAT in 0.03s
    cube 3062.740.589 (depth 2, 32 lits): UNSAT in 0.03s
    cube 3062.740.590 (depth 2, 32 lits): UNSAT in 0.06s
    cube 3062.740.591 (depth 2, 32 lits): UNSAT in 0.07s
    cube 3062.740.592 (depth 2, 32 lits): UNSAT in 0.03s
    cube 3062.740.593 (depth 2, 32 lits): UNSAT in 0.06s
    cube 3062.740.594 (depth 2, 32 lits): UNSAT in 0.12s
    cube 3062.740.595 (depth 2, 32 lits): UNSAT in 0.35s
    cube 3062.740.596 (depth 2, 32 lits): UNSAT in 0.13s
    cube 3062.740.597 (depth 2, 32 lits): UNSAT in 0.60s
    cube 3062.740.598 (depth 2, 32 lits): UNSAT in 0.09s
    cube 3062.740.599 (depth 2, 32 lits): UNSAT in 0.35s
    cube 3062.740.600 (depth 2, 32 lits): UNSAT in 0.02s
    cube 3062.740.601 (depth 2, 32 lits): UNSAT in 0.04s
    cube 3062.740.602 (depth 2, 32 lits): UNSAT in 0.03s
    cube 3062.740.603 (depth 2, 32 lits): UNSAT in 0.18s
    cube 3062.740.604 (depth 2, 32 lits): UNSAT in 0.04s
    cube 3062.740.605 (depth 2, 32 lits): UNSAT in 0.12s
    cube 3062.740.606 (depth 2, 32 lits): UNSAT in 0.35s
    cube 3062.740.607 (depth 2, 32 lits): UNSAT in 0.54s
    cube 3062.740.608 (depth 2, 32 lits): UNSAT in 0.03s
    cube 3062.740.609 (depth 2, 32 lits): UNSAT in 0.05s
    cube 3062.740.610 (depth 2, 32 lits): UNSAT in 0.06s
    cube 3062.740.611 (depth 2, 32 lits): UNSAT in 0.28s
    cube 3062.740.612 (depth 2, 32 lits): UNSAT in 0.06s
    cube 3062.740.613 (depth 2, 32 lits): UNSAT in 0.31s
    cube 3062.740.614 (depth 2, 32 lits): UNSAT in 0.20s
    cube 3062.740.615 (depth 2, 32 lits): UNSAT in 1.68s
    cube 3062.740.616 (depth 2, 32 lits): UNSAT in 0.04s
    cube 3062.740.617 (depth 2, 32 lits): UNSAT in 0.12s
    cube 3062.740.618 (depth 2, 32 lits): UNSAT in 0.05s
    cube 3062.740.619 (depth 2, 32 lits): UNSAT in 0.42s
    cube 3062.740.620 (depth 2, 32 lits): UNSAT in 0.07s
    cube 3062.740.621 (depth 2, 32 lits): UNSAT in 0.82s
    cube 3062.740.622 (depth 2, 32 lits): UNSAT in 0.57s
    cube 3062.740.623 (depth 2, 32 lits): UNSAT in 2.92s
    cube 3062.740.624 (depth 2, 32 lits): UNSAT in 0.11s
    cube 3062.740.625 (depth 2, 32 lits): UNSAT in 0.84s
    cube 3062.740.626 (depth 2, 32 lits): UNSAT in 0.31s
    cube 3062.740.627 (depth 2, 32 lits): UNSAT in 4.20s
    cube 3062.740.628 (depth 2, 32 lits): UNSAT in 0.31s
    cube 3062.740.629 (depth 2, 32 lits): UNSAT in 2.27s
    cube 3062.740.630 (depth 2, 32 lits): UNSAT in 1.94s
    cube 3062.740.631 (depth 2, 32 lits): UNSAT in 5.97s
    cube 3062.740.632 (depth 2, 30 lits): UNSAT in 0.01s
    cube 3062.740.633 (depth 2, 31 lits): UNSAT in 0.02s
    cube 3062.740.634 (depth 2, 32 lits): UNSAT in 0.01s
    cube 3062.740.635 (depth 2, 32 lits): UNSAT in 0.03s
    cube 3062.740.636 (depth 2, 32 lits): UNSAT in 0.02s
    cube 3062.740.637 (depth 2, 32 lits): UNSAT in 0.03s
    cube 3062.740.638 (depth 2, 32 lits): UNSAT in 0.03s
    cube 3062.740.639 (depth 2, 32 lits): UNSAT in 0.04s
    cube 3062.740.640 (depth 2, 32 lits): UNSAT in 0.04s
    cube 3062.740.641 (depth 2, 32 lits): UNSAT in 0.03s
    cube 3062.740.642 (depth 2, 32 lits): UNSAT in 0.06s
    cube 3062.740.643 (depth 2, 32 lits): UNSAT in 0.14s
    cube 3062.740.644 (depth 2, 31 lits): UNSAT in 0.01s
    cube 3062.740.645 (depth 2, 32 lits): UNSAT in 0.01s
    cube 3062.740.646 (depth 2, 32 lits): UNSAT in 0.03s
    cube 3062.740.647 (depth 2, 32 lits): UNSAT in 0.02s
    cube 3062.740.648 (depth 2, 32 lits): UNSAT in 0.03s
    cube 3062.740.649 (depth 2, 32 lits): UNSAT in 0.02s
    cube 3062.740.650 (depth 2, 32 lits): UNSAT in 0.04s
    cube 3062.740.651 (depth 2, 32 lits): UNSAT in 0.02s
    cube 3062.740.652 (depth 2, 32 lits): UNSAT in 0.02s
    cube 3062.740.653 (depth 2, 32 lits): UNSAT in 0.03s
    cube 3062.740.654 (depth 2, 32 lits): UNSAT in 0.04s
    cube 3062.740.655 (depth 2, 32 lits): UNSAT in 0.09s
    cube 3062.740.656 (depth 2, 32 lits): UNSAT in 0.23s
    cube 3062.740.657 (depth 2, 32 lits): UNSAT in 0.12s
    cube 3062.740.658 (depth 2, 32 lits): UNSAT in 0.38s
    cube 3062.740.659 (depth 2, 32 lits): UNSAT in 0.01s
    cube 3062.740.660 (depth 2, 32 lits): UNSAT in 0.02s
    cube 3062.740.661 (depth 2, 32 lits): UNSAT in 0.03s
    cube 3062.740.662 (depth 2, 32 lits): UNSAT in 0.04s
    cube 3062.740.663 (depth 2, 32 lits): UNSAT in 0.01s
    cube 3062.740.664 (depth 2, 32 lits): UNSAT in 0.02s
    cube 3062.740.665 (depth 2, 32 lits): UNSAT in 0.03s
    cube 3062.740.666 (depth 2, 32 lits): UNSAT in 0.15s
    cube 3062.740.667 (depth 2, 31 lits): UNSAT in 0.01s
    cube 3062.740.668 (depth 2, 32 lits): UNSAT in 0.01s
    cube 3062.740.669 (depth 2, 32 lits): UNSAT in 0.02s
    cube 3062.740.670 (depth 2, 32 lits): UNSAT in 0.02s
    cube 3062.740.671 (depth 2, 32 lits): UNSAT in 0.06s
    cube 3062.740.672 (depth 2, 32 lits): UNSAT in 0.08s
    cube 3062.740.673 (depth 2, 32 lits): UNSAT in 0.32s
    cube 3062.740.674 (depth 2, 32 lits): UNSAT in 0.01s
    cube 3062.740.675 (depth 2, 32 lits): UNSAT in 0.04s
    cube 3062.740.676 (depth 2, 32 lits): UNSAT in 0.05s
    cube 3062.740.677 (depth 2, 32 lits): UNSAT in 0.18s
    cube 3062.740.678 (depth 2, 32 lits): UNSAT in 0.02s
    cube 3062.740.679 (depth 2, 32 lits): UNSAT in 0.20s
    cube 3062.740.680 (depth 2, 32 lits): UNSAT in 0.11s
    cube 3062.740.681 (depth 2, 32 lits): UNSAT in 1.23s
    cube 3062.740.682 (depth 2, 32 lits): UNSAT in 0.02s
    cube 3062.740.683 (depth 2, 32 lits): UNSAT in 0.05s
    cube 3062.740.684 (depth 2, 32 lits): UNSAT in 0.42s
    cube 3062.740.685 (depth 2, 32 lits): UNSAT in 0.49s
    cube 3062.740.686 (depth 2, 32 lits): UNSAT in 0.34s
    cube 3062.740.687 (depth 2, 32 lits): UNSAT in 0.34s
    cube 3062.740.688 (depth 2, 32 lits): UNSAT in 0.96s
    cube 3062.740.689 (depth 2, 32 lits): UNSAT in 5.48s
    cube 3062.740.690 (depth 2, 32 lits): UNSAT in 0.02s
    cube 3062.740.691 (depth 2, 32 lits): UNSAT in 0.02s
    cube 3062.740.692 (depth 2, 32 lits): UNSAT in 0.09s
    cube 3062.740.693 (depth 2, 32 lits): UNSAT in 0.14s
    cube 3062.740.694 (depth 2, 32 lits): UNSAT in 0.03s
    cube 3062.740.695 (depth 2, 32 lits): UNSAT in 0.08s
    cube 3062.740.696 (depth 2, 32 lits): UNSAT in 0.09s
    cube 3062.740.697 (depth 2, 32 lits): UNSAT in 0.15s
    cube 3062.740.698 (depth 2, 32 lits): UNSAT in 0.02s
    cube 3062.740.699 (depth 2, 32 lits): UNSAT in 0.03s
    cube 3062.740.700 (depth 2, 32 lits): UNSAT in 0.05s
    cube 3062.740.701 (depth 2, 32 lits): UNSAT in 0.06s
    cube 3062.740.702 (depth 2, 32 lits): UNSAT in 0.06s
    cube 3062.740.703 (depth 2, 32 lits): UNSAT in 0.19s
    cube 3062.740.704 (depth 2, 32 lits): UNSAT in 0.07s
    cube 3062.740.705 (depth 2, 32 lits): UNSAT in 0.16s
    cube 3062.740.706 (depth 2, 32 lits): UNSAT in 0.02s
    cube 3062.740.707 (depth 2, 32 lits): UNSAT in 0.02s
    cube 3062.740.708 (depth 2, 32 lits): UNSAT in 0.02s
    cube 3062.740.709 (depth 2, 32 lits): UNSAT in 0.02s
    cube 3062.740.710 (depth 2, 32 lits): UNSAT in 0.02s
    cube 3062.740.711 (depth 2, 32 lits): UNSAT in 0.03s
    cube 3062.740.712 (depth 2, 32 lits): UNSAT in 0.03s
    cube 3062.740.713 (depth 2, 32 lits): UNSAT in 0.09s
    cube 3062.740.714 (depth 2, 32 lits): UNSAT in 0.02s
    cube 3062.740.715 (depth 2, 32 lits): UNSAT in 0.07s
    cube 3062.740.716 (depth 2, 32 lits): UNSAT in 0.16s
    cube 3062.740.717 (depth 2, 32 lits): UNSAT in 0.15s
    cube 3062.740.718 (depth 2, 32 lits): UNSAT in 0.11s
    cube 3062.740.719 (depth 2, 32 lits): UNSAT in 0.10s
    cube 3062.740.720 (depth 2, 32 lits): UNSAT in 0.48s
    cube 3062.740.721 (depth 2, 32 lits): UNSAT in 1.71s
    cube 3062.740.722 (depth 2, 32 lits): UNSAT in 0.03s
    cube 3062.740.723 (depth 2, 32 lits): UNSAT in 0.10s
    cube 3062.740.724 (depth 2, 32 lits): UNSAT in 0.07s
    cube 3062.740.725 (depth 2, 32 lits): UNSAT in 0.07s
    cube 3062.740.726 (depth 2, 32 lits): UNSAT in 0.03s
    cube 3062.740.727 (depth 2, 32 lits): UNSAT in 0.10s
    cube 3062.740.728 (depth 2, 32 lits): UNSAT in 0.32s
    cube 3062.740.729 (depth 2, 32 lits): UNSAT in 1.59s
    cube 3062.740.730 (depth 2, 32 lits): UNSAT in 0.05s
    cube 3062.740.731 (depth 2, 32 lits): UNSAT in 0.04s
    cube 3062.740.732 (depth 2, 32 lits): UNSAT in 0.30s
    cube 3062.740.733 (depth 2, 32 lits): UNSAT in 1.02s
    cube 3062.740.734 (depth 2, 32 lits): UNSAT in 0.19s
    cube 3062.740.735 (depth 2, 32 lits): UNSAT in 1.47s
    cube 3062.740.736 (depth 2, 32 lits): UNSAT in 1.68s
    cube 3062.740.737 (depth 2, 32 lits): UNSAT in 4.26s
    cube 3062.740.738 (depth 2, 32 lits): UNSAT in 0.05s
    cube 3062.740.739 (depth 2, 32 lits): UNSAT in 0.05s
    cube 3062.740.740 (depth 2, 32 lits): UNSAT in 0.10s
    cube 3062.740.741 (depth 2, 32 lits): UNSAT in 0.29s
    cube 3062.740.742 (depth 2, 32 lits): UNSAT in 0.11s
    cube 3062.740.743 (depth 2, 32 lits): UNSAT in 0.34s
    cube 3062.740.744 (depth 2, 32 lits): UNSAT in 0.77s
    cube 3062.740.745 (depth 2, 32 lits): UNSAT in 2.58s
    cube 3062.740.746 (depth 2, 32 lits): UNSAT in 0.08s
    cube 3062.740.747 (depth 2, 32 lits): UNSAT in 0.37s
    cube 3062.740.748 (depth 2, 32 lits): UNSAT in 0.21s
    cube 3062.740.749 (depth 2, 32 lits): UNSAT in 0.93s
    cube 3062.740.750 (depth 2, 32 lits): UNSAT in 1.23s
    cube 3062.740.751 (depth 2, 32 lits): UNSAT in 4.23s
    cube 3062.740.752 (depth 2, 32 lits): UNSAT in 7.55s
    cube 3062.740.753 (depth 2, 32 lits): UNSAT in 11.93s
    cube 3062.740.754 (depth 2, 32 lits): UNSAT in 0.01s
    cube 3062.740.755 (depth 2, 32 lits): UNSAT in 0.02s
    cube 3062.740.756 (depth 2, 32 lits): UNSAT in 0.02s
    cube 3062.740.757 (depth 2, 32 lits): UNSAT in 0.02s
    cube 3062.740.758 (depth 2, 32 lits): UNSAT in 0.02s
    cube 3062.740.759 (depth 2, 32 lits): UNSAT in 0.04s
    cube 3062.740.760 (depth 2, 32 lits): UNSAT in 0.04s
    cube 3062.740.761 (depth 2, 32 lits): UNSAT in 0.07s
    cube 3062.740.762 (depth 2, 32 lits): UNSAT in 0.03s
    cube 3062.740.763 (depth 2, 32 lits): UNSAT in 0.05s
    cube 3062.740.764 (depth 2, 32 lits): UNSAT in 0.02s
    cube 3062.740.765 (depth 2, 32 lits): UNSAT in 0.17s
    cube 3062.740.766 (depth 2, 32 lits): UNSAT in 0.06s
    cube 3062.740.767 (depth 2, 32 lits): UNSAT in 0.10s
    cube 3062.740.768 (depth 2, 32 lits): UNSAT in 0.09s
    cube 3062.740.769 (depth 2, 32 lits): UNSAT in 0.41s
    cube 3062.740.770 (depth 2, 32 lits): UNSAT in 0.03s
    cube 3062.740.771 (depth 2, 32 lits): UNSAT in 0.09s
    cube 3062.740.772 (depth 2, 32 lits): UNSAT in 0.10s
    cube 3062.740.773 (depth 2, 32 lits): UNSAT in 0.29s
    cube 3062.740.774 (depth 2, 32 lits): UNSAT in 0.07s
    cube 3062.740.775 (depth 2, 32 lits): UNSAT in 0.21s
    cube 3062.740.776 (depth 2, 32 lits): UNSAT in 0.26s
    cube 3062.740.777 (depth 2, 32 lits): UNSAT in 1.71s
    cube 3062.740.778 (depth 2, 32 lits): UNSAT in 0.12s
    cube 3062.740.779 (depth 2, 32 lits): UNSAT in 0.35s
    cube 3062.740.780 (depth 2, 32 lits): UNSAT in 1.33s
    cube 3062.740.781 (depth 2, 32 lits): UNSAT in 2.54s
    cube 3062.740.782 (depth 2, 32 lits): UNSAT in 0.20s
    cube 3062.740.783 (depth 2, 32 lits): UNSAT in 3.09s
    cube 3062.740.784 (depth 2, 32 lits): UNSAT in 1.70s
    cube 3062.740.785 (depth 2, 32 lits): UNSAT in 13.21s
    cube 3062.740.786 (depth 2, 32 lits): UNSAT in 0.02s
    cube 3062.740.787 (depth 2, 32 lits): UNSAT in 0.04s
    cube 3062.740.788 (depth 2, 32 lits): UNSAT in 0.02s
    cube 3062.740.789 (depth 2, 32 lits): UNSAT in 0.03s
    cube 3062.740.790 (depth 2, 32 lits): UNSAT in 0.02s
    cube 3062.740.791 (depth 2, 32 lits): UNSAT in 0.35s
    cube 3062.740.792 (depth 2, 32 lits): UNSAT in 0.09s
    cube 3062.740.793 (depth 2, 32 lits): UNSAT in 0.83s
    cube 3062.740.794 (depth 2, 32 lits): UNSAT in 0.04s
    cube 3062.740.795 (depth 2, 32 lits): UNSAT in 0.07s
    cube 3062.740.796 (depth 2, 32 lits): UNSAT in 0.07s
    cube 3062.740.797 (depth 2, 32 lits): UNSAT in 0.88s
    cube 3062.740.798 (depth 2, 32 lits): UNSAT in 0.22s
    cube 3062.740.799 (depth 2, 32 lits): UNSAT in 1.63s
    cube 3062.740.800 (depth 2, 32 lits): UNSAT in 2.12s
    cube 3062.740.801 (depth 2, 32 lits): UNSAT in 9.75s
    cube 3062.740.802 (depth 2, 32 lits): UNSAT in 0.07s
    cube 3062.740.803 (depth 2, 32 lits): UNSAT in 0.08s
    cube 3062.740.804 (depth 2, 32 lits): UNSAT in 0.20s
    cube 3062.740.805 (depth 2, 32 lits): UNSAT in 0.95s
    cube 3062.740.806 (depth 2, 32 lits): UNSAT in 0.09s
    cube 3062.740.807 (depth 2, 32 lits): UNSAT in 0.29s
    cube 3062.740.808 (depth 2, 32 lits): UNSAT in 2.53s
    cube 3062.740.809 (depth 2, 32 lits): UNSAT in 11.08s
    cube 3062.740.810 (depth 2, 32 lits): UNSAT in 0.22s
    cube 3062.740.811 (depth 2, 32 lits): UNSAT in 0.80s
    cube 3062.740.812 (depth 2, 32 lits): UNSAT in 0.24s
    cube 3062.740.813 (depth 2, 32 lits): UNSAT in 2.12s
    cube 3062.740.814 (depth 2, 32 lits): UNSAT in 0.73s
    cube 3062.740.815 (depth 2, 32 lits): UNSAT in 6.38s
    cube 3062.740.816 (depth 2, 32 lits): UNSAT in 9.48s
    cube 3062.740.817 (depth 2, 32 lits): UNSAT in 19.66s
    cube 3062.740.818 (depth 2, 32 lits): UNSAT in 0.01s
    cube 3062.740.819 (depth 2, 32 lits): UNSAT in 0.03s
    cube 3062.740.820 (depth 2, 32 lits): UNSAT in 0.05s
    cube 3062.740.821 (depth 2, 32 lits): UNSAT in 0.06s
    cube 3062.740.822 (depth 2, 32 lits): UNSAT in 0.03s
    cube 3062.740.823 (depth 2, 32 lits): UNSAT in 0.08s
    cube 3062.740.824 (depth 2, 32 lits): UNSAT in 0.11s
    cube 3062.740.825 (depth 2, 32 lits): UNSAT in 0.17s
    cube 3062.740.826 (depth 2, 32 lits): UNSAT in 0.03s
    cube 3062.740.827 (depth 2, 32 lits): UNSAT in 0.04s
    cube 3062.740.828 (depth 2, 32 lits): UNSAT in 0.05s
    cube 3062.740.829 (depth 2, 32 lits): UNSAT in 0.13s
    cube 3062.740.830 (depth 2, 32 lits): UNSAT in 0.10s
    cube 3062.740.831 (depth 2, 32 lits): UNSAT in 0.33s
    cube 3062.740.832 (depth 2, 32 lits): UNSAT in 0.08s
    cube 3062.740.833 (depth 2, 32 lits): UNSAT in 0.99s
    cube 3062.740.834 (depth 2, 32 lits): UNSAT in 0.02s
    cube 3062.740.835 (depth 2, 32 lits): UNSAT in 0.05s
    cube 3062.740.836 (depth 2, 32 lits): UNSAT in 0.06s
    cube 3062.740.837 (depth 2, 32 lits): UNSAT in 0.16s
    cube 3062.740.838 (depth 2, 32 lits): UNSAT in 0.04s
    cube 3062.740.839 (depth 2, 32 lits): UNSAT in 0.08s
    cube 3062.740.840 (depth 2, 32 lits): UNSAT in 0.09s
    cube 3062.740.841 (depth 2, 32 lits): UNSAT in 0.67s
    cube 3062.740.842 (depth 2, 32 lits): UNSAT in 0.16s
    cube 3062.740.843 (depth 2, 32 lits): UNSAT in 0.17s
    cube 3062.740.844 (depth 2, 32 lits): UNSAT in 0.20s
    cube 3062.740.845 (depth 2, 32 lits): UNSAT in 2.03s
    cube 3062.740.846 (depth 2, 32 lits): UNSAT in 0.06s
    cube 3062.740.847 (depth 2, 32 lits): UNSAT in 0.70s
    cube 3062.740.848 (depth 2, 32 lits): UNSAT in 0.70s
    cube 3062.740.849 (depth 2, 32 lits): UNSAT in 8.61s
    cube 3062.740.850 (depth 2, 32 lits): UNSAT in 0.04s
    cube 3062.740.851 (depth 2, 32 lits): UNSAT in 0.11s
    cube 3062.740.852 (depth 2, 32 lits): UNSAT in 0.07s
    cube 3062.740.853 (depth 2, 32 lits): UNSAT in 0.18s
    cube 3062.740.854 (depth 2, 32 lits): UNSAT in 0.08s
    cube 3062.740.855 (depth 2, 32 lits): UNSAT in 0.56s
    cube 3062.740.856 (depth 2, 32 lits): UNSAT in 0.10s
    cube 3062.740.857 (depth 2, 32 lits): UNSAT in 1.59s
    cube 3062.740.858 (depth 2, 32 lits): UNSAT in 0.41s
    cube 3062.740.859 (depth 2, 32 lits): UNSAT in 0.67s
    cube 3062.740.860 (depth 2, 32 lits): UNSAT in 0.68s
    cube 3062.740.861 (depth 2, 32 lits): UNSAT in 1.97s
    cube 3062.740.862 (depth 2, 32 lits): UNSAT in 0.18s
    cube 3062.740.863 (depth 2, 32 lits): UNSAT in 1.75s
    cube 3062.740.864 (depth 2, 32 lits): UNSAT in 1.24s
    cube 3062.740.865 (depth 2, 32 lits): UNSAT in 4.76s
    cube 3062.740.866 (depth 2, 32 lits): UNSAT in 0.03s
    cube 3062.740.867 (depth 2, 32 lits): UNSAT in 0.10s
    cube 3062.740.868 (depth 2, 32 lits): UNSAT in 0.08s
    cube 3062.740.869 (depth 2, 32 lits): UNSAT in 0.36s
    cube 3062.740.870 (depth 2, 32 lits): UNSAT in 0.07s
    cube 3062.740.871 (depth 2, 32 lits): UNSAT in 0.33s
    cube 3062.740.872 (depth 2, 32 lits): UNSAT in 0.67s
    cube 3062.740.873 (depth 2, 32 lits): UNSAT in 1.43s
    cube 3062.740.874 (depth 2, 32 lits): UNSAT in 0.38s
    cube 3062.740.875 (depth 2, 32 lits): UNSAT in 1.27s
    cube 3062.740.876 (depth 2, 32 lits): UNSAT in 0.71s
    cube 3062.740.877 (depth 2, 32 lits): UNSAT in 4.79s
    cube 3062.740.878 (depth 2, 32 lits): UNSAT in 1.93s
    cube 3062.740.879 (depth 2, 32 lits): UNSAT in 4.39s
    cube 3062.740.880 (depth 2, 32 lits): UNSAT in 7.85s
    cube 3062.740.881 (depth 2, 32 lits): UNSAT in 34.04s
    cube 3062.741 (depth 1, 22 lits): UNSAT in 0.55s
    cube 3062.742 (depth 1, 22 lits): UNSAT in 3.40s
    cube 3062.743 (depth 1, 22 lits): UNSAT in 2.73s
    cube 3062.744 (depth 1, 22 lits): UNSAT in 47.13s
    cube 3062.745 (depth 1, 22 lits): UNSAT in 18.35s
    cube 3062.746 (depth 1, 22 lits): UNSAT in 109.98s
    cube 3062.747 (depth 1, 22 lits): UNSAT in 99.33s
    cube 3062.748 (depth 1, 22 lits): TIMEOUT in 1200.02s
    cube 3062.748 TIMEOUT -> re-split into 827 sub-cubes (depth 2)
    cube 3062.748.0 (depth 2, 30 lits): UNSAT in 0.01s
    cube 3062.748.1 (depth 2, 30 lits): UNSAT in 0.02s
    cube 3062.748.2 (depth 2, 29 lits): UNSAT in 0.01s
    cube 3062.748.3 (depth 2, 28 lits): UNSAT in 0.02s
    cube 3062.748.4 (depth 2, 29 lits): UNSAT in 0.01s
    cube 3062.748.5 (depth 2, 29 lits): UNSAT in 0.02s
    cube 3062.748.6 (depth 2, 30 lits): UNSAT in 0.01s
    cube 3062.748.7 (depth 2, 30 lits): UNSAT in 0.02s
    cube 3062.748.8 (depth 2, 31 lits): UNSAT in 0.01s
    cube 3062.748.9 (depth 2, 31 lits): UNSAT in 0.02s
    cube 3062.748.10 (depth 2, 31 lits): UNSAT in 0.02s
    cube 3062.748.11 (depth 2, 31 lits): UNSAT in 0.02s
    cube 3062.748.12 (depth 2, 29 lits): UNSAT in 0.01s
    cube 3062.748.13 (depth 2, 29 lits): UNSAT in 0.02s
    cube 3062.748.14 (depth 2, 29 lits): UNSAT in 0.01s
    cube 3062.748.15 (depth 2, 29 lits): UNSAT in 0.02s
    cube 3062.748.16 (depth 2, 31 lits): UNSAT in 0.02s
    cube 3062.748.17 (depth 2, 31 lits): UNSAT in 0.02s
    cube 3062.748.18 (depth 2, 31 lits): UNSAT in 0.01s
    cube 3062.748.19 (depth 2, 31 lits): UNSAT in 0.02s
    cube 3062.748.20 (depth 2, 32 lits): UNSAT in 0.02s
    cube 3062.748.21 (depth 2, 32 lits): UNSAT in 0.02s
    cube 3062.748.22 (depth 2, 32 lits): UNSAT in 0.02s
    cube 3062.748.23 (depth 2, 32 lits): UNSAT in 0.03s
    cube 3062.748.24 (depth 2, 32 lits): UNSAT in 0.01s
    cube 3062.748.25 (depth 2, 32 lits): UNSAT in 0.02s
    cube 3062.748.26 (depth 2, 31 lits): UNSAT in 0.02s
    cube 3062.748.27 (depth 2, 31 lits): UNSAT in 0.02s
    cube 3062.748.28 (depth 2, 31 lits): UNSAT in 0.02s
    cube 3062.748.29 (depth 2, 32 lits): UNSAT in 0.02s
    cube 3062.748.30 (depth 2, 32 lits): UNSAT in 0.02s
    cube 3062.748.31 (depth 2, 32 lits): UNSAT in 0.03s
    cube 3062.748.32 (depth 2, 32 lits): UNSAT in 0.04s
    cube 3062.748.33 (depth 2, 32 lits): UNSAT in 0.01s
    cube 3062.748.34 (depth 2, 32 lits): UNSAT in 0.02s
    cube 3062.748.35 (depth 2, 32 lits): UNSAT in 0.02s
    cube 3062.748.36 (depth 2, 32 lits): UNSAT in 0.05s
    cube 3062.748.37 (depth 2, 32 lits): UNSAT in 0.02s
    cube 3062.748.38 (depth 2, 32 lits): UNSAT in 0.05s
    cube 3062.748.39 (depth 2, 32 lits): UNSAT in 0.04s
    cube 3062.748.40 (depth 2, 32 lits): UNSAT in 0.06s
    cube 3062.748.41 (depth 2, 31 lits): UNSAT in 0.01s
    cube 3062.748.42 (depth 2, 31 lits): UNSAT in 0.01s
    cube 3062.748.43 (depth 2, 30 lits): UNSAT in 0.02s
    cube 3062.748.44 (depth 2, 30 lits): UNSAT in 0.02s
    cube 3062.748.45 (depth 2, 32 lits): UNSAT in 0.01s
    cube 3062.748.46 (depth 2, 32 lits): UNSAT in 0.01s
    cube 3062.748.47 (depth 2, 31 lits): UNSAT in 0.02s
    cube 3062.748.48 (depth 2, 30 lits): UNSAT in 0.01s
    cube 3062.748.49 (depth 2, 30 lits): UNSAT in 0.01s
    cube 3062.748.50 (depth 2, 30 lits): UNSAT in 0.02s
    cube 3062.748.51 (depth 2, 30 lits): UNSAT in 0.02s
    cube 3062.748.52 (depth 2, 30 lits): UNSAT in 0.01s
    cube 3062.748.53 (depth 2, 32 lits): UNSAT in 0.01s
    cube 3062.748.54 (depth 2, 32 lits): UNSAT in 0.02s
    cube 3062.748.55 (depth 2, 32 lits): UNSAT in 0.02s
    cube 3062.748.56 (depth 2, 32 lits): UNSAT in 0.01s
    cube 3062.748.57 (depth 2, 31 lits): UNSAT in 0.01s
    cube 3062.748.58 (depth 2, 32 lits): UNSAT in 0.02s
    cube 3062.748.59 (depth 2, 32 lits): UNSAT in 0.02s
    cube 3062.748.60 (depth 2, 32 lits): UNSAT in 0.02s
    cube 3062.748.61 (depth 2, 32 lits): UNSAT in 0.02s
    cube 3062.748.62 (depth 2, 32 lits): UNSAT in 0.02s
    cube 3062.748.63 (depth 2, 32 lits): UNSAT in 0.02s
    cube 3062.748.64 (depth 2, 30 lits): UNSAT in 0.01s
    cube 3062.748.65 (depth 2, 32 lits): UNSAT in 0.01s
    cube 3062.748.66 (depth 2, 32 lits): UNSAT in 0.02s
    cube 3062.748.67 (depth 2, 32 lits): UNSAT in 0.01s
    cube 3062.748.68 (depth 2, 32 lits): UNSAT in 0.02s
    cube 3062.748.69 (depth 2, 32 lits): UNSAT in 0.01s
    cube 3062.748.70 (depth 2, 32 lits): UNSAT in 0.02s
    cube 3062.748.71 (depth 2, 32 lits): UNSAT in 0.03s
    cube 3062.748.72 (depth 2, 32 lits): UNSAT in 0.04s
    cube 3062.748.73 (depth 2, 32 lits): UNSAT in 0.02s
    cube 3062.748.74 (depth 2, 32 lits): UNSAT in 0.02s
    cube 3062.748.75 (depth 2, 32 lits): UNSAT in 0.02s
    cube 3062.748.76 (depth 2, 32 lits): UNSAT in 0.02s
    cube 3062.748.77 (depth 2, 31 lits): UNSAT in 0.01s
    cube 3062.748.78 (depth 2, 32 lits): UNSAT in 0.01s
    cube 3062.748.79 (depth 2, 32 lits): UNSAT in 0.02s
    cube 3062.748.80 (depth 2, 31 lits): UNSAT in 0.02s
    cube 3062.748.81 (depth 2, 32 lits): UNSAT in 0.02s
    cube 3062.748.82 (depth 2, 32 lits): UNSAT in 0.03s
    cube 3062.748.83 (depth 2, 32 lits): UNSAT in 0.01s
    cube 3062.748.84 (depth 2, 32 lits): UNSAT in 0.02s
    cube 3062.748.85 (depth 2, 32 lits): UNSAT in 0.02s
    cube 3062.748.86 (depth 2, 32 lits): UNSAT in 0.03s
    cube 3062.748.87 (depth 2, 32 lits): UNSAT in 0.01s
    cube 3062.748.88 (depth 2, 32 lits): UNSAT in 0.02s
    cube 3062.748.89 (depth 2, 32 lits): UNSAT in 0.02s
    cube 3062.748.90 (depth 2, 32 lits): UNSAT in 0.04s
    cube 3062.748.91 (depth 2, 32 lits): UNSAT in 0.01s
    cube 3062.748.92 (depth 2, 32 lits): UNSAT in 0.02s
    cube 3062.748.93 (depth 2, 32 lits): UNSAT in 0.01s
    cube 3062.748.94 (depth 2, 32 lits): UNSAT in 0.02s
    cube 3062.748.95 (depth 2, 32 lits): UNSAT in 0.02s
    cube 3062.748.96 (depth 2, 32 lits): UNSAT in 0.01s
    cube 3062.748.97 (depth 2, 32 lits): UNSAT in 0.02s
    cube 3062.748.98 (depth 2, 32 lits): UNSAT in 0.02s
    cube 3062.748.99 (depth 2, 32 lits): UNSAT in 0.02s
    cube 3062.748.100 (depth 2, 32 lits): UNSAT in 0.03s
    cube 3062.748.101 (depth 2, 32 lits): UNSAT in 0.02s
    cube 3062.748.102 (depth 2, 32 lits): UNSAT in 0.03s
    cube 3062.748.103 (depth 2, 32 lits): UNSAT in 0.02s
    cube 3062.748.104 (depth 2, 32 lits): UNSAT in 0.03s
    cube 3062.748.105 (depth 2, 32 lits): UNSAT in 0.02s
    cube 3062.748.106 (depth 2, 32 lits): UNSAT in 0.02s
    cube 3062.748.107 (depth 2, 32 lits): UNSAT in 0.01s
    cube 3062.748.108 (depth 2, 32 lits): UNSAT in 0.03s
    cube 3062.748.109 (depth 2, 32 lits): UNSAT in 0.03s
    cube 3062.748.110 (depth 2, 32 lits): UNSAT in 0.07s
    cube 3062.748.111 (depth 2, 32 lits): UNSAT in 0.02s
    cube 3062.748.112 (depth 2, 32 lits): UNSAT in 0.02s
    cube 3062.748.113 (depth 2, 32 lits): UNSAT in 0.03s
    cube 3062.748.114 (depth 2, 32 lits): UNSAT in 0.05s
    cube 3062.748.115 (depth 2, 32 lits): UNSAT in 0.02s
    cube 3062.748.116 (depth 2, 32 lits): UNSAT in 0.02s
    cube 3062.748.117 (depth 2, 32 lits): UNSAT in 0.05s
    cube 3062.748.118 (depth 2, 32 lits): UNSAT in 0.10s
    cube 3062.748.119 (depth 2, 32 lits): UNSAT in 0.01s
    cube 3062.748.120 (depth 2, 32 lits): UNSAT in 0.02s
    cube 3062.748.121 (depth 2, 32 lits): UNSAT in 0.03s
    cube 3062.748.122 (depth 2, 32 lits): UNSAT in 0.12s
    cube 3062.748.123 (depth 2, 32 lits): UNSAT in 0.01s
    cube 3062.748.124 (depth 2, 32 lits): UNSAT in 0.02s
    cube 3062.748.125 (depth 2, 32 lits): UNSAT in 0.02s
    cube 3062.748.126 (depth 2, 32 lits): UNSAT in 0.03s
    cube 3062.748.127 (depth 2, 32 lits): UNSAT in 0.02s
    cube 3062.748.128 (depth 2, 32 lits): UNSAT in 0.03s
    cube 3062.748.129 (depth 2, 32 lits): UNSAT in 0.03s
    cube 3062.748.130 (depth 2, 32 lits): UNSAT in 0.04s
    cube 3062.748.131 (depth 2, 32 lits): UNSAT in 0.01s
    cube 3062.748.132 (depth 2, 32 lits): UNSAT in 0.03s
    cube 3062.748.133 (depth 2, 32 lits): UNSAT in 0.03s
    cube 3062.748.134 (depth 2, 32 lits): UNSAT in 0.04s
    cube 3062.748.135 (depth 2, 32 lits): UNSAT in 0.08s
    cube 3062.748.136 (depth 2, 32 lits): UNSAT in 0.22s
    cube 3062.748.137 (depth 2, 32 lits): UNSAT in 0.45s
    cube 3062.748.138 (depth 2, 32 lits): UNSAT in 0.37s
    cube 3062.748.139 (depth 2, 30 lits): UNSAT in 0.02s
    cube 3062.748.140 (depth 2, 31 lits): UNSAT in 0.02s
    cube 3062.748.141 (depth 2, 31 lits): UNSAT in 0.02s
    cube 3062.748.142 (depth 2, 32 lits): UNSAT in 0.01s
    cube 3062.748.143 (depth 2, 32 lits): UNSAT in 0.01s
    cube 3062.748.144 (depth 2, 32 lits): UNSAT in 0.02s
    cube 3062.748.145 (depth 2, 32 lits): UNSAT in 0.02s
    cube 3062.748.146 (depth 2, 30 lits): UNSAT in 0.01s
    cube 3062.748.147 (depth 2, 31 lits): UNSAT in 0.01s
    cube 3062.748.148 (depth 2, 31 lits): UNSAT in 0.02s
    cube 3062.748.149 (depth 2, 30 lits): UNSAT in 0.01s
    cube 3062.748.150 (depth 2, 32 lits): UNSAT in 0.01s
    cube 3062.748.151 (depth 2, 32 lits): UNSAT in 0.02s
    cube 3062.748.152 (depth 2, 32 lits): UNSAT in 0.02s
    cube 3062.748.153 (depth 2, 32 lits): UNSAT in 0.02s
    cube 3062.748.154 (depth 2, 32 lits): UNSAT in 0.01s
    cube 3062.748.155 (depth 2, 32 lits): UNSAT in 0.03s
    cube 3062.748.156 (depth 2, 32 lits): UNSAT in 0.02s
    cube 3062.748.157 (depth 2, 32 lits): UNSAT in 0.02s
    cube 3062.748.158 (depth 2, 31 lits): UNSAT in 0.01s
    cube 3062.748.159 (depth 2, 31 lits): UNSAT in 0.01s
    cube 3062.748.160 (depth 2, 31 lits): UNSAT in 0.02s
    cube 3062.748.161 (depth 2, 31 lits): UNSAT in 0.01s
    cube 3062.748.162 (depth 2, 32 lits): UNSAT in 0.01s
    cube 3062.748.163 (depth 2, 32 lits): UNSAT in 0.01s
    cube 3062.748.164 (depth 2, 32 lits): UNSAT in 0.01s
    cube 3062.748.165 (depth 2, 32 lits): UNSAT in 0.02s
    cube 3062.748.166 (depth 2, 32 lits): UNSAT in 0.01s
    cube 3062.748.167 (depth 2, 32 lits): UNSAT in 0.02s
    cube 3062.748.168 (depth 2, 31 lits): UNSAT in 0.01s
    cube 3062.748.169 (depth 2, 30 lits): UNSAT in 0.01s
    cube 3062.748.170 (depth 2, 31 lits): UNSAT in 0.01s
    cube 3062.748.171 (depth 2, 32 lits): UNSAT in 0.02s
    cube 3062.748.172 (depth 2, 32 lits): UNSAT in 0.02s
    cube 3062.748.173 (depth 2, 32 lits): UNSAT in 0.01s
    cube 3062.748.174 (depth 2, 32 lits): UNSAT in 0.02s
    cube 3062.748.175 (depth 2, 31 lits): UNSAT in 0.02s
    cube 3062.748.176 (depth 2, 32 lits): UNSAT in 0.01s
    cube 3062.748.177 (depth 2, 32 lits): UNSAT in 0.03s
    cube 3062.748.178 (depth 2, 32 lits): UNSAT in 0.02s
    cube 3062.748.179 (depth 2, 32 lits): UNSAT in 0.05s
    cube 3062.748.180 (depth 2, 31 lits): UNSAT in 0.01s
    cube 3062.748.181 (depth 2, 32 lits): UNSAT in 0.01s
    cube 3062.748.182 (depth 2, 32 lits): UNSAT in 0.02s
    cube 3062.748.183 (depth 2, 30 lits): UNSAT in 0.02s
    cube 3062.748.184 (depth 2, 32 lits): UNSAT in 0.01s
    cube 3062.748.185 (depth 2, 32 lits): UNSAT in 0.01s
    cube 3062.748.186 (depth 2, 31 lits): UNSAT in 0.02s
    cube 3062.748.187 (depth 2, 32 lits): UNSAT in 0.02s
    cube 3062.748.188 (depth 2, 32 lits): UNSAT in 0.02s
    cube 3062.748.189 (depth 2, 32 lits): UNSAT in 0.03s
    cube 3062.748.190 (depth 2, 32 lits): UNSAT in 0.02s
    cube 3062.748.191 (depth 2, 31 lits): UNSAT in 0.01s
    cube 3062.748.192 (depth 2, 32 lits): UNSAT in 0.01s
    cube 3062.748.193 (depth 2, 32 lits): UNSAT in 0.02s
    cube 3062.748.194 (depth 2, 32 lits): UNSAT in 0.01s
    cube 3062.748.195 (depth 2, 32 lits): UNSAT in 0.02s
    cube 3062.748.196 (depth 2, 32 lits): UNSAT in 0.03s
    cube 3062.748.197 (depth 2, 32 lits): UNSAT in 0.03s
    cube 3062.748.198 (depth 2, 32 lits): UNSAT in 0.01s
    cube 3062.748.199 (depth 2, 32 lits): UNSAT in 0.01s
    cube 3062.748.200 (depth 2, 32 lits): UNSAT in 0.02s
    cube 3062.748.201 (depth 2, 32 lits): UNSAT in 0.10s
    cube 3062.748.202 (depth 2, 32 lits): UNSAT in 0.03s
    cube 3062.748.203 (depth 2, 32 lits): UNSAT in 0.03s
    cube 3062.748.204 (depth 2, 32 lits): UNSAT in 0.02s
    cube 3062.748.205 (depth 2, 32 lits): UNSAT in 0.14s
    cube 3062.748.206 (depth 2, 32 lits): UNSAT in 0.01s
    cube 3062.748.207 (depth 2, 32 lits): UNSAT in 0.01s
    cube 3062.748.208 (depth 2, 32 lits): UNSAT in 0.02s
    cube 3062.748.209 (depth 2, 32 lits): UNSAT in 0.02s
    cube 3062.748.210 (depth 2, 32 lits): UNSAT in 0.01s
    cube 3062.748.211 (depth 2, 32 lits): UNSAT in 0.01s
    cube 3062.748.212 (depth 2, 32 lits): UNSAT in 0.02s
    cube 3062.748.213 (depth 2, 32 lits): UNSAT in 0.02s
    cube 3062.748.214 (depth 2, 32 lits): UNSAT in 0.02s
    cube 3062.748.215 (depth 2, 32 lits): UNSAT in 0.06s
    cube 3062.748.216 (depth 2, 32 lits): UNSAT in 0.02s
    cube 3062.748.217 (depth 2, 32 lits): UNSAT in 0.03s
    cube 3062.748.218 (depth 2, 32 lits): UNSAT in 0.05s
    cube 3062.748.219 (depth 2, 32 lits): UNSAT in 0.10s
    cube 3062.748.220 (depth 2, 32 lits): UNSAT in 0.03s
    cube 3062.748.221 (depth 2, 32 lits): UNSAT in 0.10s
    cube 3062.748.222 (depth 2, 32 lits): UNSAT in 0.01s
    cube 3062.748.223 (depth 2, 32 lits): UNSAT in 0.02s
    cube 3062.748.224 (depth 2, 32 lits): UNSAT in 0.02s
    cube 3062.748.225 (depth 2, 32 lits): UNSAT in 0.02s
    cube 3062.748.226 (depth 2, 32 lits): UNSAT in 0.02s
    cube 3062.748.227 (depth 2, 32 lits): UNSAT in 0.07s
    cube 3062.748.228 (depth 2, 32 lits): UNSAT in 0.05s
    cube 3062.748.229 (depth 2, 32 lits): UNSAT in 0.03s
    cube 3062.748.230 (depth 2, 32 lits): UNSAT in 0.02s
    cube 3062.748.231 (depth 2, 32 lits): UNSAT in 0.04s
    cube 3062.748.232 (depth 2, 32 lits): UNSAT in 0.06s
    cube 3062.748.233 (depth 2, 32 lits): UNSAT in 0.18s
    cube 3062.748.234 (depth 2, 32 lits): UNSAT in 0.12s
    cube 3062.748.235 (depth 2, 32 lits): UNSAT in 0.23s
    cube 3062.748.236 (depth 2, 32 lits): UNSAT in 0.09s
    cube 3062.748.237 (depth 2, 32 lits): UNSAT in 0.28s
    cube 3062.748.238 (depth 2, 31 lits): UNSAT in 0.01s
    cube 3062.748.239 (depth 2, 31 lits): UNSAT in 0.01s
    cube 3062.748.240 (depth 2, 31 lits): UNSAT in 0.01s
    cube 3062.748.241 (depth 2, 31 lits): UNSAT in 0.02s
    cube 3062.748.242 (depth 2, 31 lits): UNSAT in 0.02s
    cube 3062.748.243 (depth 2, 31 lits): UNSAT in 0.02s
    cube 3062.748.244 (depth 2, 31 lits): UNSAT in 0.02s
    cube 3062.748.245 (depth 2, 32 lits): UNSAT in 0.02s
    cube 3062.748.246 (depth 2, 32 lits): UNSAT in 0.01s
    cube 3062.748.247 (depth 2, 30 lits): UNSAT in 0.02s
    cube 3062.748.248 (depth 2, 32 lits): UNSAT in 0.02s
    cube 3062.748.249 (depth 2, 32 lits): UNSAT in 0.02s
    cube 3062.748.250 (depth 2, 32 lits): UNSAT in 0.02s
    cube 3062.748.251 (depth 2, 32 lits): UNSAT in 0.02s
    cube 3062.748.252 (depth 2, 32 lits): UNSAT in 0.02s
    cube 3062.748.253 (depth 2, 32 lits): UNSAT in 0.04s
    cube 3062.748.254 (depth 2, 32 lits): UNSAT in 0.02s
    cube 3062.748.255 (depth 2, 32 lits): UNSAT in 0.03s
    cube 3062.748.256 (depth 2, 32 lits): UNSAT in 0.04s
    cube 3062.748.257 (depth 2, 32 lits): UNSAT in 0.03s
    cube 3062.748.258 (depth 2, 32 lits): UNSAT in 0.04s
    cube 3062.748.259 (depth 2, 32 lits): UNSAT in 0.06s
    cube 3062.748.260 (depth 2, 32 lits): UNSAT in 0.01s
    cube 3062.748.261 (depth 2, 32 lits): UNSAT in 0.02s
    cube 3062.748.262 (depth 2, 32 lits): UNSAT in 0.01s
    cube 3062.748.263 (depth 2, 32 lits): UNSAT in 0.02s
    cube 3062.748.264 (depth 2, 32 lits): UNSAT in 0.02s
    cube 3062.748.265 (depth 2, 32 lits): UNSAT in 0.02s
    cube 3062.748.266 (depth 2, 32 lits): UNSAT in 0.02s
    cube 3062.748.267 (depth 2, 32 lits): UNSAT in 0.02s
    cube 3062.748.268 (depth 2, 32 lits): UNSAT in 0.02s
    cube 3062.748.269 (depth 2, 32 lits): UNSAT in 0.02s
    cube 3062.748.270 (depth 2, 32 lits): UNSAT in 0.02s
    cube 3062.748.271 (depth 2, 32 lits): UNSAT in 0.03s
    cube 3062.748.272 (depth 2, 32 lits): UNSAT in 0.02s
    cube 3062.748.273 (depth 2, 32 lits): UNSAT in 0.02s
    cube 3062.748.274 (depth 2, 32 lits): UNSAT in 0.01s
    cube 3062.748.275 (depth 2, 32 lits): UNSAT in 0.05s
    cube 3062.748.276 (depth 2, 32 lits): UNSAT in 0.02s
    cube 3062.748.277 (depth 2, 32 lits): UNSAT in 0.02s
    cube 3062.748.278 (depth 2, 32 lits): UNSAT in 0.02s
    cube 3062.748.279 (depth 2, 32 lits): UNSAT in 0.04s
    cube 3062.748.280 (depth 2, 32 lits): UNSAT in 0.02s
    cube 3062.748.281 (depth 2, 32 lits): UNSAT in 0.06s
    cube 3062.748.282 (depth 2, 32 lits): UNSAT in 0.03s
    cube 3062.748.283 (depth 2, 32 lits): UNSAT in 0.02s
    cube 3062.748.284 (depth 2, 32 lits): UNSAT in 0.02s
    cube 3062.748.285 (depth 2, 32 lits): UNSAT in 0.03s
    cube 3062.748.286 (depth 2, 32 lits): UNSAT in 0.07s
    cube 3062.748.287 (depth 2, 32 lits): UNSAT in 0.05s
    cube 3062.748.288 (depth 2, 32 lits): UNSAT in 0.01s
    cube 3062.748.289 (depth 2, 32 lits): UNSAT in 0.03s
    cube 3062.748.290 (depth 2, 32 lits): UNSAT in 0.07s
    cube 3062.748.291 (depth 2, 32 lits): UNSAT in 0.13s
    cube 3062.748.292 (depth 2, 32 lits): UNSAT in 0.02s
    cube 3062.748.293 (depth 2, 32 lits): UNSAT in 0.03s
    cube 3062.748.294 (depth 2, 32 lits): UNSAT in 0.02s
    cube 3062.748.295 (depth 2, 32 lits): UNSAT in 0.07s
    cube 3062.748.296 (depth 2, 32 lits): UNSAT in 0.01s
    cube 3062.748.297 (depth 2, 32 lits): UNSAT in 0.02s
    cube 3062.748.298 (depth 2, 32 lits): UNSAT in 0.04s
    cube 3062.748.299 (depth 2, 32 lits): UNSAT in 0.04s
    cube 3062.748.300 (depth 2, 31 lits): UNSAT in 0.02s
    cube 3062.748.301 (depth 2, 32 lits): UNSAT in 0.01s
    cube 3062.748.302 (depth 2, 32 lits): UNSAT in 0.02s
    cube 3062.748.303 (depth 2, 32 lits): UNSAT in 0.02s
    cube 3062.748.304 (depth 2, 32 lits): UNSAT in 0.03s
    cube 3062.748.305 (depth 2, 32 lits): UNSAT in 0.04s
    cube 3062.748.306 (depth 2, 32 lits): UNSAT in 0.05s
    cube 3062.748.307 (depth 2, 31 lits): UNSAT in 0.02s
    cube 3062.748.308 (depth 2, 32 lits): UNSAT in 0.02s
    cube 3062.748.309 (depth 2, 32 lits): UNSAT in 0.02s
    cube 3062.748.310 (depth 2, 32 lits): UNSAT in 0.01s
    cube 3062.748.311 (depth 2, 32 lits): UNSAT in 0.04s
    cube 3062.748.312 (depth 2, 32 lits): UNSAT in 0.02s
    cube 3062.748.313 (depth 2, 32 lits): UNSAT in 0.05s
    cube 3062.748.314 (depth 2, 32 lits): UNSAT in 0.03s
    cube 3062.748.315 (depth 2, 32 lits): UNSAT in 0.05s
    cube 3062.748.316 (depth 2, 32 lits): UNSAT in 0.04s
    cube 3062.748.317 (depth 2, 32 lits): UNSAT in 0.16s
    cube 3062.748.318 (depth 2, 32 lits): UNSAT in 0.05s
    cube 3062.748.319 (depth 2, 32 lits): UNSAT in 0.12s
    cube 3062.748.320 (depth 2, 32 lits): UNSAT in 0.26s
    cube 3062.748.321 (depth 2, 32 lits): UNSAT in 0.52s
    cube 3062.748.322 (depth 2, 32 lits): UNSAT in 0.03s
    cube 3062.748.323 (depth 2, 32 lits): UNSAT in 0.06s
    cube 3062.748.324 (depth 2, 32 lits): UNSAT in 0.03s
    cube 3062.748.325 (depth 2, 32 lits): UNSAT in 0.08s
    cube 3062.748.326 (depth 2, 32 lits): UNSAT in 0.02s
    cube 3062.748.327 (depth 2, 32 lits): UNSAT in 0.03s
    cube 3062.748.328 (depth 2, 32 lits): UNSAT in 0.01s
    cube 3062.748.329 (depth 2, 32 lits): UNSAT in 0.04s
    cube 3062.748.330 (depth 2, 32 lits): UNSAT in 0.03s
    cube 3062.748.331 (depth 2, 32 lits): UNSAT in 0.03s
    cube 3062.748.332 (depth 2, 32 lits): UNSAT in 0.04s
    cube 3062.748.333 (depth 2, 32 lits): UNSAT in 0.04s
    cube 3062.748.334 (depth 2, 32 lits): UNSAT in 0.07s
    cube 3062.748.335 (depth 2, 32 lits): UNSAT in 0.06s
    cube 3062.748.336 (depth 2, 32 lits): UNSAT in 0.09s
    cube 3062.748.337 (depth 2, 32 lits): UNSAT in 0.36s
    cube 3062.748.338 (depth 2, 32 lits): UNSAT in 0.03s
    cube 3062.748.339 (depth 2, 32 lits): UNSAT in 0.01s
    cube 3062.748.340 (depth 2, 32 lits): UNSAT in 0.02s
    cube 3062.748.341 (depth 2, 32 lits): UNSAT in 0.02s
    cube 3062.748.342 (depth 2, 32 lits): UNSAT in 0.02s
    cube 3062.748.343 (depth 2, 32 lits): UNSAT in 0.03s
    cube 3062.748.344 (depth 2, 32 lits): UNSAT in 0.02s
    cube 3062.748.345 (depth 2, 32 lits): UNSAT in 0.05s
    cube 3062.748.346 (depth 2, 32 lits): UNSAT in 0.05s
    cube 3062.748.347 (depth 2, 32 lits): UNSAT in 0.04s
    cube 3062.748.348 (depth 2, 32 lits): UNSAT in 0.10s
    cube 3062.748.349 (depth 2, 32 lits): UNSAT in 0.15s
    cube 3062.748.350 (depth 2, 32 lits): UNSAT in 0.09s
    cube 3062.748.351 (depth 2, 32 lits): UNSAT in 0.11s
    cube 3062.748.352 (depth 2, 32 lits): UNSAT in 0.90s
    cube 3062.748.353 (depth 2, 32 lits): UNSAT in 0.22s
    cube 3062.748.354 (depth 2, 31 lits): UNSAT in 0.01s
    cube 3062.748.355 (depth 2, 32 lits): UNSAT in 0.01s
    cube 3062.748.356 (depth 2, 32 lits): UNSAT in 0.01s
    cube 3062.748.357 (depth 2, 32 lits): UNSAT in 0.01s
    cube 3062.748.358 (depth 2, 32 lits): UNSAT in 0.02s
    cube 3062.748.359 (depth 2, 31 lits): UNSAT in 0.02s
    cube 3062.748.360 (depth 2, 32 lits): UNSAT in 0.01s
    cube 3062.748.361 (depth 2, 32 lits): UNSAT in 0.01s
    cube 3062.748.362 (depth 2, 31 lits): UNSAT in 0.01s
    cube 3062.748.363 (depth 2, 31 lits): UNSAT in 0.01s
    cube 3062.748.364 (depth 2, 32 lits): UNSAT in 0.02s
    cube 3062.748.365 (depth 2, 32 lits): UNSAT in 0.01s
    cube 3062.748.366 (depth 2, 32 lits): UNSAT in 0.01s
    cube 3062.748.367 (depth 2, 32 lits): UNSAT in 0.01s
    cube 3062.748.368 (depth 2, 32 lits): UNSAT in 0.01s
    cube 3062.748.369 (depth 2, 32 lits): UNSAT in 0.02s
    cube 3062.748.370 (depth 2, 31 lits): UNSAT in 0.01s
    cube 3062.748.371 (depth 2, 32 lits): UNSAT in 0.02s
    cube 3062.748.372 (depth 2, 32 lits): UNSAT in 0.02s
    cube 3062.748.373 (depth 2, 32 lits): UNSAT in 0.01s
    cube 3062.748.374 (depth 2, 32 lits): UNSAT in 0.02s
    cube 3062.748.375 (depth 2, 32 lits): UNSAT in 0.01s
    cube 3062.748.376 (depth 2, 32 lits): UNSAT in 0.02s
    cube 3062.748.377 (depth 2, 32 lits): UNSAT in 0.03s
    cube 3062.748.378 (depth 2, 32 lits): UNSAT in 0.04s
    cube 3062.748.379 (depth 2, 32 lits): UNSAT in 0.01s
    cube 3062.748.380 (depth 2, 32 lits): UNSAT in 0.03s
    cube 3062.748.381 (depth 2, 29 lits): UNSAT in 0.02s
    cube 3062.748.382 (depth 2, 31 lits): UNSAT in 0.01s
    cube 3062.748.383 (depth 2, 32 lits): UNSAT in 0.01s
    cube 3062.748.384 (depth 2, 32 lits): UNSAT in 0.02s
    cube 3062.748.385 (depth 2, 32 lits): UNSAT in 0.01s
    cube 3062.748.386 (depth 2, 32 lits): UNSAT in 0.02s
    cube 3062.748.387 (depth 2, 32 lits): UNSAT in 0.02s
    cube 3062.748.388 (depth 2, 32 lits): UNSAT in 0.01s
    cube 3062.748.389 (depth 2, 32 lits): UNSAT in 0.01s
    cube 3062.748.390 (depth 2, 32 lits): UNSAT in 0.01s
    cube 3062.748.391 (depth 2, 31 lits): UNSAT in 0.01s
    cube 3062.748.392 (depth 2, 32 lits): UNSAT in 0.01s
    cube 3062.748.393 (depth 2, 32 lits): UNSAT in 0.01s
    cube 3062.748.394 (depth 2, 32 lits): UNSAT in 0.01s
    cube 3062.748.395 (depth 2, 32 lits): UNSAT in 0.03s
    cube 3062.748.396 (depth 2, 32 lits): UNSAT in 0.01s
    cube 3062.748.397 (depth 2, 32 lits): UNSAT in 0.02s
    cube 3062.748.398 (depth 2, 32 lits): UNSAT in 0.02s
    cube 3062.748.399 (depth 2, 32 lits): UNSAT in 0.02s
    cube 3062.748.400 (depth 2, 32 lits): UNSAT in 0.03s
    cube 3062.748.401 (depth 2, 32 lits): UNSAT in 0.09s
    cube 3062.748.402 (depth 2, 32 lits): UNSAT in 0.06s
    cube 3062.748.403 (depth 2, 32 lits): UNSAT in 0.19s
    cube 3062.748.404 (depth 2, 30 lits): UNSAT in 0.01s
    cube 3062.748.405 (depth 2, 32 lits): UNSAT in 0.01s
    cube 3062.748.406 (depth 2, 32 lits): UNSAT in 0.02s
    cube 3062.748.407 (depth 2, 32 lits): UNSAT in 0.02s
    cube 3062.748.408 (depth 2, 32 lits): UNSAT in 0.02s
    cube 3062.748.409 (depth 2, 32 lits): UNSAT in 0.01s
    cube 3062.748.410 (depth 2, 32 lits): UNSAT in 0.02s
    cube 3062.748.411 (depth 2, 32 lits): UNSAT in 0.02s
    cube 3062.748.412 (depth 2, 32 lits): UNSAT in 0.03s
    cube 3062.748.413 (depth 2, 32 lits): UNSAT in 0.02s
    cube 3062.748.414 (depth 2, 32 lits): UNSAT in 0.02s
    cube 3062.748.415 (depth 2, 32 lits): UNSAT in 0.02s
    cube 3062.748.416 (depth 2, 32 lits): UNSAT in 0.02s
    cube 3062.748.417 (depth 2, 31 lits): UNSAT in 0.02s
    cube 3062.748.418 (depth 2, 32 lits): UNSAT in 0.01s
    cube 3062.748.419 (depth 2, 32 lits): UNSAT in 0.03s
    cube 3062.748.420 (depth 2, 32 lits): UNSAT in 0.02s
    cube 3062.748.421 (depth 2, 32 lits): UNSAT in 0.03s
    cube 3062.748.422 (depth 2, 32 lits): UNSAT in 0.02s
    cube 3062.748.423 (depth 2, 32 lits): UNSAT in 0.04s
    cube 3062.748.424 (depth 2, 32 lits): UNSAT in 0.03s
    cube 3062.748.425 (depth 2, 32 lits): UNSAT in 0.02s
    cube 3062.748.426 (depth 2, 32 lits): UNSAT in 0.05s
    cube 3062.748.427 (depth 2, 32 lits): UNSAT in 0.08s
    cube 3062.748.428 (depth 2, 32 lits): UNSAT in 0.03s
    cube 3062.748.429 (depth 2, 32 lits): UNSAT in 0.15s
    cube 3062.748.430 (depth 2, 32 lits): UNSAT in 0.07s
    cube 3062.748.431 (depth 2, 32 lits): UNSAT in 0.09s
    cube 3062.748.432 (depth 2, 31 lits): UNSAT in 0.01s
    cube 3062.748.433 (depth 2, 32 lits): UNSAT in 0.02s
    cube 3062.748.434 (depth 2, 32 lits): UNSAT in 0.02s
    cube 3062.748.435 (depth 2, 32 lits): UNSAT in 0.01s
    cube 3062.748.436 (depth 2, 32 lits): UNSAT in 0.03s
    cube 3062.748.437 (depth 2, 32 lits): UNSAT in 0.03s
    cube 3062.748.438 (depth 2, 32 lits): UNSAT in 0.11s
    cube 3062.748.439 (depth 2, 32 lits): UNSAT in 0.03s
    cube 3062.748.440 (depth 2, 32 lits): UNSAT in 0.05s
    cube 3062.748.441 (depth 2, 32 lits): UNSAT in 0.04s
    cube 3062.748.442 (depth 2, 32 lits): UNSAT in 0.08s
    cube 3062.748.443 (depth 2, 32 lits): UNSAT in 0.02s
    cube 3062.748.444 (depth 2, 32 lits): UNSAT in 0.06s
    cube 3062.748.445 (depth 2, 32 lits): UNSAT in 0.11s
    cube 3062.748.446 (depth 2, 32 lits): UNSAT in 0.48s
    cube 3062.748.447 (depth 2, 32 lits): UNSAT in 0.02s
    cube 3062.748.448 (depth 2, 32 lits): UNSAT in 0.03s
    cube 3062.748.449 (depth 2, 32 lits): UNSAT in 0.10s
    cube 3062.748.450 (depth 2, 32 lits): UNSAT in 0.08s
    cube 3062.748.451 (depth 2, 32 lits): UNSAT in 0.02s
    cube 3062.748.452 (depth 2, 32 lits): UNSAT in 0.03s
    cube 3062.748.453 (depth 2, 32 lits): UNSAT in 0.07s
    cube 3062.748.454 (depth 2, 32 lits): UNSAT in 0.10s
    cube 3062.748.455 (depth 2, 32 lits): UNSAT in 0.01s
    cube 3062.748.456 (depth 2, 32 lits): UNSAT in 0.02s
    cube 3062.748.457 (depth 2, 32 lits): UNSAT in 0.02s
    cube 3062.748.458 (depth 2, 32 lits): UNSAT in 0.13s
    cube 3062.748.459 (depth 2, 32 lits): UNSAT in 0.04s
    cube 3062.748.460 (depth 2, 32 lits): UNSAT in 0.06s
    cube 3062.748.461 (depth 2, 32 lits): UNSAT in 0.14s
    cube 3062.748.462 (depth 2, 32 lits): UNSAT in 0.84s
    cube 3062.748.463 (depth 2, 31 lits): UNSAT in 0.01s
    cube 3062.748.464 (depth 2, 32 lits): UNSAT in 0.01s
    cube 3062.748.465 (depth 2, 32 lits): UNSAT in 0.02s
    cube 3062.748.466 (depth 2, 31 lits): UNSAT in 0.01s
    cube 3062.748.467 (depth 2, 32 lits): UNSAT in 0.01s
    cube 3062.748.468 (depth 2, 32 lits): UNSAT in 0.01s
    cube 3062.748.469 (depth 2, 31 lits): UNSAT in 0.02s
    cube 3062.748.470 (depth 2, 31 lits): UNSAT in 0.02s
    cube 3062.748.471 (depth 2, 32 lits): UNSAT in 0.02s
    cube 3062.748.472 (depth 2, 32 lits): UNSAT in 0.02s
    cube 3062.748.473 (depth 2, 32 lits): UNSAT in 0.02s
    cube 3062.748.474 (depth 2, 32 lits): UNSAT in 0.04s
    cube 3062.748.475 (depth 2, 30 lits): UNSAT in 0.01s
    cube 3062.748.476 (depth 2, 32 lits): UNSAT in 0.02s
    cube 3062.748.477 (depth 2, 32 lits): UNSAT in 0.03s
    cube 3062.748.478 (depth 2, 32 lits): UNSAT in 0.03s
    cube 3062.748.479 (depth 2, 32 lits): UNSAT in 0.05s
    cube 3062.748.480 (depth 2, 32 lits): UNSAT in 0.03s
    cube 3062.748.481 (depth 2, 32 lits): UNSAT in 0.02s
    cube 3062.748.482 (depth 2, 32 lits): UNSAT in 0.02s
    cube 3062.748.483 (depth 2, 32 lits): UNSAT in 0.03s
    cube 3062.748.484 (depth 2, 32 lits): UNSAT in 0.02s
    cube 3062.748.485 (depth 2, 32 lits): UNSAT in 0.01s
    cube 3062.748.486 (depth 2, 32 lits): UNSAT in 0.09s
    cube 3062.748.487 (depth 2, 32 lits): UNSAT in 0.19s
    cube 3062.748.488 (depth 2, 32 lits): UNSAT in 0.01s
    cube 3062.748.489 (depth 2, 32 lits): UNSAT in 0.02s
    cube 3062.748.490 (depth 2, 32 lits): UNSAT in 0.01s
    cube 3062.748.491 (depth 2, 32 lits): UNSAT in 0.02s
    cube 3062.748.492 (depth 2, 32 lits): UNSAT in 0.03s
    cube 3062.748.493 (depth 2, 32 lits): UNSAT in 0.04s
    cube 3062.748.494 (depth 2, 32 lits): UNSAT in 0.02s
    cube 3062.748.495 (depth 2, 32 lits): UNSAT in 0.19s
    cube 3062.748.496 (depth 2, 32 lits): UNSAT in 0.02s
    cube 3062.748.497 (depth 2, 32 lits): UNSAT in 0.04s
    cube 3062.748.498 (depth 2, 32 lits): UNSAT in 0.06s
    cube 3062.748.499 (depth 2, 32 lits): UNSAT in 0.04s
    cube 3062.748.500 (depth 2, 32 lits): UNSAT in 0.03s
    cube 3062.748.501 (depth 2, 32 lits): UNSAT in 0.10s
    cube 3062.748.502 (depth 2, 32 lits): UNSAT in 0.11s
    cube 3062.748.503 (depth 2, 32 lits): UNSAT in 0.19s
    cube 3062.748.504 (depth 2, 32 lits): UNSAT in 0.01s
    cube 3062.748.505 (depth 2, 32 lits): UNSAT in 0.02s
    cube 3062.748.506 (depth 2, 32 lits): UNSAT in 0.02s
    cube 3062.748.507 (depth 2, 32 lits): UNSAT in 0.04s
    cube 3062.748.508 (depth 2, 32 lits): UNSAT in 0.02s
    cube 3062.748.509 (depth 2, 32 lits): UNSAT in 0.05s
    cube 3062.748.510 (depth 2, 32 lits): UNSAT in 0.04s
    cube 3062.748.511 (depth 2, 32 lits): UNSAT in 0.34s
    cube 3062.748.512 (depth 2, 32 lits): UNSAT in 0.06s
    cube 3062.748.513 (depth 2, 32 lits): UNSAT in 0.07s
    cube 3062.748.514 (depth 2, 32 lits): UNSAT in 0.10s
    cube 3062.748.515 (depth 2, 32 lits): UNSAT in 0.64s
    cube 3062.748.516 (depth 2, 32 lits): UNSAT in 0.09s
    cube 3062.748.517 (depth 2, 32 lits): UNSAT in 0.48s
    cube 3062.748.518 (depth 2, 32 lits): UNSAT in 0.54s
    cube 3062.748.519 (depth 2, 32 lits): UNSAT in 2.98s
    cube 3062.748.520 (depth 2, 32 lits): UNSAT in 0.02s
    cube 3062.748.521 (depth 2, 32 lits): UNSAT in 0.02s
    cube 3062.748.522 (depth 2, 32 lits): UNSAT in 0.02s
    cube 3062.748.523 (depth 2, 32 lits): UNSAT in 0.05s
    cube 3062.748.524 (depth 2, 32 lits): UNSAT in 0.02s
    cube 3062.748.525 (depth 2, 32 lits): UNSAT in 0.03s
    cube 3062.748.526 (depth 2, 32 lits): UNSAT in 0.02s
    cube 3062.748.527 (depth 2, 32 lits): UNSAT in 0.07s
    cube 3062.748.528 (depth 2, 32 lits): UNSAT in 0.02s
    cube 3062.748.529 (depth 2, 32 lits): UNSAT in 0.03s
    cube 3062.748.530 (depth 2, 32 lits): UNSAT in 0.03s
    cube 3062.748.531 (depth 2, 32 lits): UNSAT in 0.05s
    cube 3062.748.532 (depth 2, 32 lits): UNSAT in 0.02s
    cube 3062.748.533 (depth 2, 32 lits): UNSAT in 0.04s
    cube 3062.748.534 (depth 2, 32 lits): UNSAT in 0.06s
    cube 3062.748.535 (depth 2, 32 lits): UNSAT in 0.09s
    cube 3062.748.536 (depth 2, 32 lits): UNSAT in 0.02s
    cube 3062.748.537 (depth 2, 32 lits): UNSAT in 0.02s
    cube 3062.748.538 (depth 2, 32 lits): UNSAT in 0.02s
    cube 3062.748.539 (depth 2, 32 lits): UNSAT in 0.03s
    cube 3062.748.540 (depth 2, 32 lits): UNSAT in 0.01s
    cube 3062.748.541 (depth 2, 32 lits): UNSAT in 0.01s
    cube 3062.748.542 (depth 2, 32 lits): UNSAT in 0.04s
    cube 3062.748.543 (depth 2, 32 lits): UNSAT in 0.07s
    cube 3062.748.544 (depth 2, 32 lits): UNSAT in 0.03s
    cube 3062.748.545 (depth 2, 32 lits): UNSAT in 0.05s
    cube 3062.748.546 (depth 2, 32 lits): UNSAT in 0.06s
    cube 3062.748.547 (depth 2, 32 lits): UNSAT in 0.24s
    cube 3062.748.548 (depth 2, 32 lits): UNSAT in 0.13s
    cube 3062.748.549 (depth 2, 32 lits): UNSAT in 0.20s
    cube 3062.748.550 (depth 2, 32 lits): UNSAT in 0.29s
    cube 3062.748.551 (depth 2, 32 lits): UNSAT in 1.71s
    cube 3062.748.552 (depth 2, 31 lits): UNSAT in 0.02s
    cube 3062.748.553 (depth 2, 32 lits): UNSAT in 0.03s
    cube 3062.748.554 (depth 2, 32 lits): UNSAT in 0.09s
    cube 3062.748.555 (depth 2, 32 lits): UNSAT in 0.03s
    cube 3062.748.556 (depth 2, 32 lits): UNSAT in 0.06s
    cube 3062.748.557 (depth 2, 32 lits): UNSAT in 0.08s
    cube 3062.748.558 (depth 2, 32 lits): UNSAT in 0.35s
    cube 3062.748.559 (depth 2, 32 lits): UNSAT in 0.03s
    cube 3062.748.560 (depth 2, 32 lits): UNSAT in 0.08s
    cube 3062.748.561 (depth 2, 32 lits): UNSAT in 0.22s
    cube 3062.748.562 (depth 2, 32 lits): UNSAT in 0.47s
    cube 3062.748.563 (depth 2, 32 lits): UNSAT in 0.07s
    cube 3062.748.564 (depth 2, 32 lits): UNSAT in 0.47s
    cube 3062.748.565 (depth 2, 32 lits): UNSAT in 1.79s
    cube 3062.748.566 (depth 2, 32 lits): UNSAT in 4.77s
    cube 3062.748.567 (depth 2, 32 lits): UNSAT in 0.02s
    cube 3062.748.568 (depth 2, 32 lits): UNSAT in 0.04s
    cube 3062.748.569 (depth 2, 32 lits): UNSAT in 0.04s
    cube 3062.748.570 (depth 2, 32 lits): UNSAT in 0.13s
    cube 3062.748.571 (depth 2, 32 lits): UNSAT in 0.09s
    cube 3062.748.572 (depth 2, 32 lits): UNSAT in 0.29s
    cube 3062.748.573 (depth 2, 32 lits): UNSAT in 0.28s
    cube 3062.748.574 (depth 2, 32 lits): UNSAT in 1.20s
    cube 3062.748.575 (depth 2, 32 lits): UNSAT in 0.13s
    cube 3062.748.576 (depth 2, 32 lits): UNSAT in 0.38s
    cube 3062.748.577 (depth 2, 32 lits): UNSAT in 1.15s
    cube 3062.748.578 (depth 2, 32 lits): UNSAT in 6.71s
    cube 3062.748.579 (depth 2, 32 lits): UNSAT in 0.90s
    cube 3062.748.580 (depth 2, 32 lits): UNSAT in 14.05s
    cube 3062.748.581 (depth 2, 32 lits): UNSAT in 1.39s
    cube 3062.748.582 (depth 2, 32 lits): UNSAT in 11.26s
    cube 3062.748.583 (depth 2, 30 lits): UNSAT in 0.01s
    cube 3062.748.584 (depth 2, 32 lits): UNSAT in 0.01s
    cube 3062.748.585 (depth 2, 32 lits): UNSAT in 0.01s
    cube 3062.748.586 (depth 2, 31 lits): UNSAT in 0.02s
    cube 3062.748.587 (depth 2, 32 lits): UNSAT in 0.01s
    cube 3062.748.588 (depth 2, 32 lits): UNSAT in 0.01s
    cube 3062.748.589 (depth 2, 31 lits): UNSAT in 0.01s
    cube 3062.748.590 (depth 2, 32 lits): UNSAT in 0.01s
    cube 3062.748.591 (depth 2, 32 lits): UNSAT in 0.02s
    cube 3062.748.592 (depth 2, 32 lits): UNSAT in 0.02s
    cube 3062.748.593 (depth 2, 32 lits): UNSAT in 0.02s
    cube 3062.748.594 (depth 2, 31 lits): UNSAT in 0.02s
    cube 3062.748.595 (depth 2, 32 lits): UNSAT in 0.02s
    cube 3062.748.596 (depth 2, 32 lits): UNSAT in 0.04s
    cube 3062.748.597 (depth 2, 32 lits): UNSAT in 0.01s
    cube 3062.748.598 (depth 2, 32 lits): UNSAT in 0.02s
    cube 3062.748.599 (depth 2, 32 lits): UNSAT in 0.04s
    cube 3062.748.600 (depth 2, 32 lits): UNSAT in 0.09s
    cube 3062.748.601 (depth 2, 31 lits): UNSAT in 0.02s
    cube 3062.748.602 (depth 2, 32 lits): UNSAT in 0.01s
    cube 3062.748.603 (depth 2, 32 lits): UNSAT in 0.02s
    cube 3062.748.604 (depth 2, 32 lits): UNSAT in 0.02s
    cube 3062.748.605 (depth 2, 32 lits): UNSAT in 0.02s
    cube 3062.748.606 (depth 2, 32 lits): UNSAT in 0.02s
    cube 3062.748.607 (depth 2, 32 lits): UNSAT in 0.02s
    cube 3062.748.608 (depth 2, 32 lits): UNSAT in 0.01s
    cube 3062.748.609 (depth 2, 32 lits): UNSAT in 0.03s
    cube 3062.748.610 (depth 2, 32 lits): UNSAT in 0.01s
    cube 3062.748.611 (depth 2, 32 lits): UNSAT in 0.02s
    cube 3062.748.612 (depth 2, 31 lits): UNSAT in 0.01s
    cube 3062.748.613 (depth 2, 32 lits): UNSAT in 0.02s
    cube 3062.748.614 (depth 2, 32 lits): UNSAT in 0.02s
    cube 3062.748.615 (depth 2, 32 lits): UNSAT in 0.02s
    cube 3062.748.616 (depth 2, 32 lits): UNSAT in 0.03s
    cube 3062.748.617 (depth 2, 32 lits): UNSAT in 0.07s
    cube 3062.748.618 (depth 2, 32 lits): UNSAT in 0.15s
    cube 3062.748.619 (depth 2, 32 lits): UNSAT in 0.04s
    cube 3062.748.620 (depth 2, 32 lits): UNSAT in 0.07s
    cube 3062.748.621 (depth 2, 32 lits): UNSAT in 0.07s
    cube 3062.748.622 (depth 2, 32 lits): UNSAT in 0.14s
    cube 3062.748.623 (depth 2, 32 lits): UNSAT in 0.01s
    cube 3062.748.624 (depth 2, 32 lits): UNSAT in 0.02s
    cube 3062.748.625 (depth 2, 32 lits): UNSAT in 0.02s
    cube 3062.748.626 (depth 2, 32 lits): UNSAT in 0.04s
    cube 3062.748.627 (depth 2, 32 lits): UNSAT in 0.02s
    cube 3062.748.628 (depth 2, 32 lits): UNSAT in 0.02s
    cube 3062.748.629 (depth 2, 32 lits): UNSAT in 0.05s
    cube 3062.748.630 (depth 2, 32 lits): UNSAT in 0.08s
    cube 3062.748.631 (depth 2, 32 lits): UNSAT in 0.02s
    cube 3062.748.632 (depth 2, 32 lits): UNSAT in 0.03s
    cube 3062.748.633 (depth 2, 32 lits): UNSAT in 0.04s
    cube 3062.748.634 (depth 2, 32 lits): UNSAT in 0.06s
    cube 3062.748.635 (depth 2, 32 lits): UNSAT in 0.07s
    cube 3062.748.636 (depth 2, 32 lits): UNSAT in 0.09s
    cube 3062.748.637 (depth 2, 32 lits): UNSAT in 0.08s
    cube 3062.748.638 (depth 2, 32 lits): UNSAT in 0.36s
    cube 3062.748.639 (depth 2, 31 lits): UNSAT in 0.01s
    cube 3062.748.640 (depth 2, 31 lits): UNSAT in 0.02s
    cube 3062.748.641 (depth 2, 32 lits): UNSAT in 0.02s
    cube 3062.748.642 (depth 2, 32 lits): UNSAT in 0.01s
    cube 3062.748.643 (depth 2, 32 lits): UNSAT in 0.02s
    cube 3062.748.644 (depth 2, 32 lits): UNSAT in 0.03s
    cube 3062.748.645 (depth 2, 31 lits): UNSAT in 0.01s
    cube 3062.748.646 (depth 2, 32 lits): UNSAT in 0.03s
    cube 3062.748.647 (depth 2, 32 lits): UNSAT in 0.03s
    cube 3062.748.648 (depth 2, 32 lits): UNSAT in 0.02s
    cube 3062.748.649 (depth 2, 32 lits): UNSAT in 0.04s
    cube 3062.748.650 (depth 2, 32 lits): UNSAT in 0.04s
    cube 3062.748.651 (depth 2, 32 lits): UNSAT in 0.14s
    cube 3062.748.652 (depth 2, 32 lits): UNSAT in 0.01s
    cube 3062.748.653 (depth 2, 32 lits): UNSAT in 0.02s
    cube 3062.748.654 (depth 2, 32 lits): UNSAT in 0.02s
    cube 3062.748.655 (depth 2, 32 lits): UNSAT in 0.05s
    cube 3062.748.656 (depth 2, 32 lits): UNSAT in 0.02s
    cube 3062.748.657 (depth 2, 32 lits): UNSAT in 0.03s
    cube 3062.748.658 (depth 2, 32 lits): UNSAT in 0.02s
    cube 3062.748.659 (depth 2, 32 lits): UNSAT in 0.07s
    cube 3062.748.660 (depth 2, 32 lits): UNSAT in 0.02s
    cube 3062.748.661 (depth 2, 32 lits): UNSAT in 0.05s
    cube 3062.748.662 (depth 2, 32 lits): UNSAT in 0.05s
    cube 3062.748.663 (depth 2, 32 lits): UNSAT in 0.03s
    cube 3062.748.664 (depth 2, 32 lits): UNSAT in 0.05s
    cube 3062.748.665 (depth 2, 32 lits): UNSAT in 0.06s
    cube 3062.748.666 (depth 2, 32 lits): UNSAT in 0.06s
    cube 3062.748.667 (depth 2, 32 lits): UNSAT in 0.12s
    cube 3062.748.668 (depth 2, 32 lits): UNSAT in 0.02s
    cube 3062.748.669 (depth 2, 32 lits): UNSAT in 0.02s
    cube 3062.748.670 (depth 2, 32 lits): UNSAT in 0.03s
    cube 3062.748.671 (depth 2, 32 lits): UNSAT in 0.04s
    cube 3062.748.672 (depth 2, 32 lits): UNSAT in 0.02s
    cube 3062.748.673 (depth 2, 32 lits): UNSAT in 0.05s
    cube 3062.748.674 (depth 2, 32 lits): UNSAT in 0.02s
    cube 3062.748.675 (depth 2, 32 lits): UNSAT in 0.14s
    cube 3062.748.676 (depth 2, 32 lits): UNSAT in 0.02s
    cube 3062.748.677 (depth 2, 32 lits): UNSAT in 0.05s
    cube 3062.748.678 (depth 2, 32 lits): UNSAT in 0.06s
    cube 3062.748.679 (depth 2, 32 lits): UNSAT in 0.20s
    cube 3062.748.680 (depth 2, 32 lits): UNSAT in 0.07s
    cube 3062.748.681 (depth 2, 32 lits): UNSAT in 0.08s
    cube 3062.748.682 (depth 2, 32 lits): UNSAT in 0.35s
    cube 3062.748.683 (depth 2, 32 lits): UNSAT in 0.81s
    cube 3062.748.684 (depth 2, 32 lits): UNSAT in 0.06s
    cube 3062.748.685 (depth 2, 32 lits): UNSAT in 0.13s
    cube 3062.748.686 (depth 2, 32 lits): UNSAT in 0.14s
    cube 3062.748.687 (depth 2, 32 lits): UNSAT in 0.29s
    cube 3062.748.688 (depth 2, 32 lits): UNSAT in 0.05s
    cube 3062.748.689 (depth 2, 32 lits): UNSAT in 0.10s
    cube 3062.748.690 (depth 2, 32 lits): UNSAT in 0.13s
    cube 3062.748.691 (depth 2, 32 lits): UNSAT in 0.23s
    cube 3062.748.692 (depth 2, 32 lits): UNSAT in 0.18s
    cube 3062.748.693 (depth 2, 32 lits): UNSAT in 0.81s
    cube 3062.748.694 (depth 2, 32 lits): UNSAT in 0.14s
    cube 3062.748.695 (depth 2, 32 lits): UNSAT in 1.33s
    cube 3062.748.696 (depth 2, 32 lits): UNSAT in 0.40s
    cube 3062.748.697 (depth 2, 32 lits): UNSAT in 0.55s
    cube 3062.748.698 (depth 2, 32 lits): UNSAT in 1.45s
    cube 3062.748.699 (depth 2, 32 lits): UNSAT in 3.10s
    cube 3062.748.700 (depth 2, 31 lits): UNSAT in 0.02s
    cube 3062.748.701 (depth 2, 32 lits): UNSAT in 0.02s
    cube 3062.748.702 (depth 2, 32 lits): UNSAT in 0.05s
    cube 3062.748.703 (depth 2, 32 lits): UNSAT in 0.02s
    cube 3062.748.704 (depth 2, 32 lits): UNSAT in 0.04s
    cube 3062.748.705 (depth 2, 32 lits): UNSAT in 0.02s
    cube 3062.748.706 (depth 2, 32 lits): UNSAT in 0.08s
    cube 3062.748.707 (depth 2, 32 lits): UNSAT in 0.02s
    cube 3062.748.708 (depth 2, 32 lits): UNSAT in 0.04s
    cube 3062.748.709 (depth 2, 32 lits): UNSAT in 0.03s
    cube 3062.748.710 (depth 2, 32 lits): UNSAT in 0.08s
    cube 3062.748.711 (depth 2, 32 lits): UNSAT in 0.04s
    cube 3062.748.712 (depth 2, 32 lits): UNSAT in 0.18s
    cube 3062.748.713 (depth 2, 32 lits): UNSAT in 0.17s
    cube 3062.748.714 (depth 2, 32 lits): UNSAT in 0.52s
    cube 3062.748.715 (depth 2, 32 lits): UNSAT in 0.02s
    cube 3062.748.716 (depth 2, 32 lits): UNSAT in 0.07s
    cube 3062.748.717 (depth 2, 32 lits): UNSAT in 0.05s
    cube 3062.748.718 (depth 2, 32 lits): UNSAT in 0.12s
    cube 3062.748.719 (depth 2, 32 lits): UNSAT in 0.03s
    cube 3062.748.720 (depth 2, 32 lits): UNSAT in 0.08s
    cube 3062.748.721 (depth 2, 32 lits): UNSAT in 0.06s
    cube 3062.748.722 (depth 2, 32 lits): UNSAT in 0.31s
    cube 3062.748.723 (depth 2, 32 lits): UNSAT in 0.02s
    cube 3062.748.724 (depth 2, 32 lits): UNSAT in 0.02s
    cube 3062.748.725 (depth 2, 32 lits): UNSAT in 0.09s
    cube 3062.748.726 (depth 2, 32 lits): UNSAT in 0.21s
    cube 3062.748.727 (depth 2, 32 lits): UNSAT in 0.06s
    cube 3062.748.728 (depth 2, 32 lits): UNSAT in 0.13s
    cube 3062.748.729 (depth 2, 32 lits): UNSAT in 0.16s
    cube 3062.748.730 (depth 2, 32 lits): UNSAT in 0.88s
    cube 3062.748.731 (depth 2, 32 lits): UNSAT in 0.02s
    cube 3062.748.732 (depth 2, 32 lits): UNSAT in 0.04s
    cube 3062.748.733 (depth 2, 32 lits): UNSAT in 0.03s
    cube 3062.748.734 (depth 2, 32 lits): UNSAT in 0.09s
    cube 3062.748.735 (depth 2, 32 lits): UNSAT in 0.03s
    cube 3062.748.736 (depth 2, 32 lits): UNSAT in 0.08s
    cube 3062.748.737 (depth 2, 32 lits): UNSAT in 0.09s
    cube 3062.748.738 (depth 2, 32 lits): UNSAT in 0.21s
    cube 3062.748.739 (depth 2, 32 lits): UNSAT in 0.03s
    cube 3062.748.740 (depth 2, 32 lits): UNSAT in 0.10s
    cube 3062.748.741 (depth 2, 32 lits): UNSAT in 0.11s
    cube 3062.748.742 (depth 2, 32 lits): UNSAT in 0.27s
    cube 3062.748.743 (depth 2, 32 lits): UNSAT in 0.03s
    cube 3062.748.744 (depth 2, 32 lits): UNSAT in 0.10s
    cube 3062.748.745 (depth 2, 32 lits): UNSAT in 0.20s
    cube 3062.748.746 (depth 2, 32 lits): UNSAT in 0.55s
    cube 3062.748.747 (depth 2, 32 lits): UNSAT in 0.08s
    cube 3062.748.748 (depth 2, 32 lits): UNSAT in 0.43s
    cube 3062.748.749 (depth 2, 32 lits): UNSAT in 0.03s
    cube 3062.748.750 (depth 2, 32 lits): UNSAT in 0.28s
    cube 3062.748.751 (depth 2, 32 lits): UNSAT in 0.09s
    cube 3062.748.752 (depth 2, 32 lits): UNSAT in 0.54s
    cube 3062.748.753 (depth 2, 32 lits): UNSAT in 1.01s
    cube 3062.748.754 (depth 2, 32 lits): UNSAT in 1.05s
    cube 3062.748.755 (depth 2, 32 lits): UNSAT in 0.15s
    cube 3062.748.756 (depth 2, 32 lits): UNSAT in 2.03s
    cube 3062.748.757 (depth 2, 32 lits): UNSAT in 0.66s
    cube 3062.748.758 (depth 2, 32 lits): UNSAT in 2.89s
    cube 3062.748.759 (depth 2, 32 lits): UNSAT in 0.32s
    cube 3062.748.760 (depth 2, 32 lits): UNSAT in 3.97s
    cube 3062.748.761 (depth 2, 32 lits): UNSAT in 2.35s
    cube 3062.748.762 (depth 2, 32 lits): UNSAT in 18.52s
    cube 3062.748.763 (depth 2, 32 lits): UNSAT in 0.03s
    cube 3062.748.764 (depth 2, 32 lits): UNSAT in 0.05s
    cube 3062.748.765 (depth 2, 32 lits): UNSAT in 0.05s
    cube 3062.748.766 (depth 2, 32 lits): UNSAT in 0.17s
    cube 3062.748.767 (depth 2, 32 lits): UNSAT in 0.08s
    cube 3062.748.768 (depth 2, 32 lits): UNSAT in 0.13s
    cube 3062.748.769 (depth 2, 32 lits): UNSAT in 0.04s
    cube 3062.748.770 (depth 2, 32 lits): UNSAT in 0.16s
    cube 3062.748.771 (depth 2, 32 lits): UNSAT in 0.02s
    cube 3062.748.772 (depth 2, 32 lits): UNSAT in 0.05s
    cube 3062.748.773 (depth 2, 32 lits): UNSAT in 0.04s
    cube 3062.748.774 (depth 2, 32 lits): UNSAT in 0.03s
    cube 3062.748.775 (depth 2, 32 lits): UNSAT in 0.09s
    cube 3062.748.776 (depth 2, 32 lits): UNSAT in 0.18s
    cube 3062.748.777 (depth 2, 32 lits): UNSAT in 0.19s
    cube 3062.748.778 (depth 2, 32 lits): UNSAT in 1.61s
    cube 3062.748.779 (depth 2, 32 lits): UNSAT in 0.05s
    cube 3062.748.780 (depth 2, 32 lits): UNSAT in 0.07s
    cube 3062.748.781 (depth 2, 32 lits): UNSAT in 0.13s
    cube 3062.748.782 (depth 2, 32 lits): UNSAT in 0.52s
    cube 3062.748.783 (depth 2, 32 lits): UNSAT in 0.15s
    cube 3062.748.784 (depth 2, 32 lits): UNSAT in 0.12s
    cube 3062.748.785 (depth 2, 32 lits): UNSAT in 0.29s
    cube 3062.748.786 (depth 2, 32 lits): UNSAT in 2.96s
    cube 3062.748.787 (depth 2, 32 lits): UNSAT in 0.09s
    cube 3062.748.788 (depth 2, 32 lits): UNSAT in 0.10s
    cube 3062.748.789 (depth 2, 32 lits): UNSAT in 0.37s
    cube 3062.748.790 (depth 2, 32 lits): UNSAT in 1.47s
    cube 3062.748.791 (depth 2, 32 lits): UNSAT in 0.52s
    cube 3062.748.792 (depth 2, 32 lits): UNSAT in 2.58s
    cube 3062.748.793 (depth 2, 32 lits): UNSAT in 4.87s
    cube 3062.748.794 (depth 2, 32 lits): UNSAT in 11.14s
    cube 3062.748.795 (depth 2, 32 lits): UNSAT in 0.03s
    cube 3062.748.796 (depth 2, 32 lits): UNSAT in 0.04s
    cube 3062.748.797 (depth 2, 32 lits): UNSAT in 0.09s
    cube 3062.748.798 (depth 2, 32 lits): UNSAT in 0.17s
    cube 3062.748.799 (depth 2, 32 lits): UNSAT in 0.08s
    cube 3062.748.800 (depth 2, 32 lits): UNSAT in 0.30s
    cube 3062.748.801 (depth 2, 32 lits): UNSAT in 0.33s
    cube 3062.748.802 (depth 2, 32 lits): UNSAT in 1.58s
    cube 3062.748.803 (depth 2, 32 lits): UNSAT in 0.03s
    cube 3062.748.804 (depth 2, 32 lits): UNSAT in 0.18s
    cube 3062.748.805 (depth 2, 32 lits): UNSAT in 0.28s
    cube 3062.748.806 (depth 2, 32 lits): UNSAT in 1.60s
    cube 3062.748.807 (depth 2, 32 lits): UNSAT in 0.46s
    cube 3062.748.808 (depth 2, 32 lits): UNSAT in 2.81s
    cube 3062.748.809 (depth 2, 32 lits): UNSAT in 2.34s
    cube 3062.748.810 (depth 2, 32 lits): UNSAT in 15.11s
    cube 3062.748.811 (depth 2, 32 lits): UNSAT in 0.07s
    cube 3062.748.812 (depth 2, 32 lits): UNSAT in 0.17s
    cube 3062.748.813 (depth 2, 32 lits): UNSAT in 0.14s
    cube 3062.748.814 (depth 2, 32 lits): UNSAT in 0.35s
    cube 3062.748.815 (depth 2, 32 lits): UNSAT in 0.09s
    cube 3062.748.816 (depth 2, 32 lits): UNSAT in 0.62s
    cube 3062.748.817 (depth 2, 32 lits): UNSAT in 0.22s
    cube 3062.748.818 (depth 2, 32 lits): UNSAT in 3.57s
    cube 3062.748.819 (depth 2, 32 lits): UNSAT in 0.04s
    cube 3062.748.820 (depth 2, 32 lits): UNSAT in 0.28s
    cube 3062.748.821 (depth 2, 32 lits): UNSAT in 0.32s
    cube 3062.748.822 (depth 2, 32 lits): UNSAT in 2.38s
    cube 3062.748.823 (depth 2, 32 lits): UNSAT in 0.40s
    cube 3062.748.824 (depth 2, 32 lits): UNSAT in 2.53s
    cube 3062.748.825 (depth 2, 32 lits): UNSAT in 3.99s
    cube 3062.748.826 (depth 2, 32 lits): UNSAT in 17.88s
    cube 3062.749 (depth 1, 22 lits): UNSAT in 5.59s
    cube 3062.750 (depth 1, 22 lits): UNSAT in 146.25s
    cube 3062.751 (depth 1, 22 lits): UNSAT in 18.12s
    cube 3062.752 (depth 1, 22 lits): TIMEOUT in 1200.10s
    cube 3062.752 TIMEOUT -> re-split into 912 sub-cubes (depth 2)
    cube 3062.752.0 (depth 2, 30 lits): UNSAT in 0.02s
    cube 3062.752.1 (depth 2, 30 lits): UNSAT in 0.02s
    cube 3062.752.2 (depth 2, 30 lits): UNSAT in 0.02s
    cube 3062.752.3 (depth 2, 31 lits): UNSAT in 0.01s
    cube 3062.752.4 (depth 2, 32 lits): UNSAT in 0.02s
    cube 3062.752.5 (depth 2, 32 lits): UNSAT in 0.02s
    cube 3062.752.6 (depth 2, 32 lits): UNSAT in 0.01s
    cube 3062.752.7 (depth 2, 32 lits): UNSAT in 0.02s
    cube 3062.752.8 (depth 2, 32 lits): UNSAT in 0.02s
    cube 3062.752.9 (depth 2, 32 lits): UNSAT in 0.02s
    cube 3062.752.10 (depth 2, 31 lits): UNSAT in 0.01s
    cube 3062.752.11 (depth 2, 32 lits): UNSAT in 0.02s
    cube 3062.752.12 (depth 2, 32 lits): UNSAT in 0.03s
    cube 3062.752.13 (depth 2, 32 lits): UNSAT in 0.01s
    cube 3062.752.14 (depth 2, 32 lits): UNSAT in 0.02s
    cube 3062.752.15 (depth 2, 32 lits): UNSAT in 0.02s
    cube 3062.752.16 (depth 2, 32 lits): UNSAT in 0.03s
    cube 3062.752.17 (depth 2, 31 lits): UNSAT in 0.02s
    cube 3062.752.18 (depth 2, 31 lits): UNSAT in 0.02s
    cube 3062.752.19 (depth 2, 31 lits): UNSAT in 0.01s
    cube 3062.752.20 (depth 2, 32 lits): UNSAT in 0.01s
    cube 3062.752.21 (depth 2, 32 lits): UNSAT in 0.01s
    cube 3062.752.22 (depth 2, 32 lits): UNSAT in 0.01s
    cube 3062.752.23 (depth 2, 32 lits): UNSAT in 0.02s
    cube 3062.752.24 (depth 2, 31 lits): UNSAT in 0.01s
    cube 3062.752.25 (depth 2, 31 lits): UNSAT in 0.02s
    cube 3062.752.26 (depth 2, 32 lits): UNSAT in 0.02s
    cube 3062.752.27 (depth 2, 32 lits): UNSAT in 0.02s
    cube 3062.752.28 (depth 2, 32 lits): UNSAT in 0.02s
    cube 3062.752.29 (depth 2, 32 lits): UNSAT in 0.02s
    cube 3062.752.30 (depth 2, 32 lits): UNSAT in 0.03s
    cube 3062.752.31 (depth 2, 32 lits): UNSAT in 0.02s
    cube 3062.752.32 (depth 2, 31 lits): UNSAT in 0.01s
    cube 3062.752.33 (depth 2, 31 lits): UNSAT in 0.02s
    cube 3062.752.34 (depth 2, 32 lits): UNSAT in 0.01s
    cube 3062.752.35 (depth 2, 32 lits): UNSAT in 0.02s
    cube 3062.752.36 (depth 2, 32 lits): UNSAT in 0.02s
    cube 3062.752.37 (depth 2, 32 lits): UNSAT in 0.02s
    cube 3062.752.38 (depth 2, 32 lits): UNSAT in 0.01s
    cube 3062.752.39 (depth 2, 32 lits): UNSAT in 0.02s
    cube 3062.752.40 (depth 2, 32 lits): UNSAT in 0.01s
    cube 3062.752.41 (depth 2, 32 lits): UNSAT in 0.02s
    cube 3062.752.42 (depth 2, 32 lits): UNSAT in 0.02s
    cube 3062.752.43 (depth 2, 32 lits): UNSAT in 0.02s
    cube 3062.752.44 (depth 2, 32 lits): UNSAT in 0.02s
    cube 3062.752.45 (depth 2, 32 lits): UNSAT in 0.04s
    cube 3062.752.46 (depth 2, 31 lits): UNSAT in 0.02s
    cube 3062.752.47 (depth 2, 31 lits): UNSAT in 0.01s
    cube 3062.752.48 (depth 2, 30 lits): UNSAT in 0.02s
    cube 3062.752.49 (depth 2, 32 lits): UNSAT in 0.01s
    cube 3062.752.50 (depth 2, 32 lits): UNSAT in 0.02s
    cube 3062.752.51 (depth 2, 32 lits): UNSAT in 0.02s
    cube 3062.752.52 (depth 2, 32 lits): UNSAT in 0.02s
    cube 3062.752.53 (depth 2, 32 lits): UNSAT in 0.02s
    cube 3062.752.54 (depth 2, 32 lits): UNSAT in 0.02s
    cube 3062.752.55 (depth 2, 32 lits): UNSAT in 0.02s
    cube 3062.752.56 (depth 2, 32 lits): UNSAT in 0.02s
    cube 3062.752.57 (depth 2, 30 lits): UNSAT in 0.01s
    cube 3062.752.58 (depth 2, 32 lits): UNSAT in 0.01s
    cube 3062.752.59 (depth 2, 32 lits): UNSAT in 0.02s
    cube 3062.752.60 (depth 2, 31 lits): UNSAT in 0.02s
    cube 3062.752.61 (depth 2, 32 lits): UNSAT in 0.01s
    cube 3062.752.62 (depth 2, 32 lits): UNSAT in 0.02s
    cube 3062.752.63 (depth 2, 32 lits): UNSAT in 0.02s
    cube 3062.752.64 (depth 2, 32 lits): UNSAT in 0.02s
    cube 3062.752.65 (depth 2, 31 lits): UNSAT in 0.01s
    cube 3062.752.66 (depth 2, 32 lits): UNSAT in 0.04s
    cube 3062.752.67 (depth 2, 32 lits): UNSAT in 0.02s
    cube 3062.752.68 (depth 2, 32 lits): UNSAT in 0.01s
    cube 3062.752.69 (depth 2, 32 lits): UNSAT in 0.01s
    cube 3062.752.70 (depth 2, 32 lits): UNSAT in 0.01s
    cube 3062.752.71 (depth 2, 32 lits): UNSAT in 0.02s
    cube 3062.752.72 (depth 2, 32 lits): UNSAT in 0.02s
    cube 3062.752.73 (depth 2, 32 lits): UNSAT in 0.03s
    cube 3062.752.74 (depth 2, 32 lits): UNSAT in 0.02s
    cube 3062.752.75 (depth 2, 32 lits): UNSAT in 0.02s
    cube 3062.752.76 (depth 2, 32 lits): UNSAT in 0.02s
    cube 3062.752.77 (depth 2, 32 lits): UNSAT in 0.02s
    cube 3062.752.78 (depth 2, 32 lits): UNSAT in 0.02s
    cube 3062.752.79 (depth 2, 32 lits): UNSAT in 0.03s
    cube 3062.752.80 (depth 2, 32 lits): UNSAT in 0.03s
    cube 3062.752.81 (depth 2, 32 lits): UNSAT in 0.03s
    cube 3062.752.82 (depth 2, 32 lits): UNSAT in 0.02s
    cube 3062.752.83 (depth 2, 32 lits): UNSAT in 0.02s
    cube 3062.752.84 (depth 2, 32 lits): UNSAT in 0.01s
    cube 3062.752.85 (depth 2, 32 lits): UNSAT in 0.02s
    cube 3062.752.86 (depth 2, 32 lits): UNSAT in 0.02s
    cube 3062.752.87 (depth 2, 32 lits): UNSAT in 0.04s
    cube 3062.752.88 (depth 2, 32 lits): UNSAT in 0.02s
    cube 3062.752.89 (depth 2, 32 lits): UNSAT in 0.02s
    cube 3062.752.90 (depth 2, 32 lits): UNSAT in 0.04s
    cube 3062.752.91 (depth 2, 32 lits): UNSAT in 0.02s
    cube 3062.752.92 (depth 2, 32 lits): UNSAT in 0.02s
    cube 3062.752.93 (depth 2, 32 lits): UNSAT in 0.01s
    cube 3062.752.94 (depth 2, 31 lits): UNSAT in 0.01s
    cube 3062.752.95 (depth 2, 32 lits): UNSAT in 0.06s
    cube 3062.752.96 (depth 2, 32 lits): UNSAT in 0.08s
    cube 3062.752.97 (depth 2, 32 lits): UNSAT in 0.03s
    cube 3062.752.98 (depth 2, 32 lits): UNSAT in 0.08s
    cube 3062.752.99 (depth 2, 30 lits): UNSAT in 0.02s
    cube 3062.752.100 (depth 2, 30 lits): UNSAT in 0.02s
    cube 3062.752.101 (depth 2, 32 lits): UNSAT in 0.01s
    cube 3062.752.102 (depth 2, 32 lits): UNSAT in 0.02s
    cube 3062.752.103 (depth 2, 32 lits): UNSAT in 0.02s
    cube 3062.752.104 (depth 2, 32 lits): UNSAT in 0.02s
    cube 3062.752.105 (depth 2, 32 lits): UNSAT in 0.02s
    cube 3062.752.106 (depth 2, 32 lits): UNSAT in 0.02s
    cube 3062.752.107 (depth 2, 32 lits): UNSAT in 0.07s
    cube 3062.752.108 (depth 2, 32 lits): UNSAT in 0.04s
    cube 3062.752.109 (depth 2, 31 lits): UNSAT in 0.02s
    cube 3062.752.110 (depth 2, 32 lits): UNSAT in 0.02s
    cube 3062.752.111 (depth 2, 32 lits): UNSAT in 0.02s
    cube 3062.752.112 (depth 2, 32 lits): UNSAT in 0.02s
    cube 3062.752.113 (depth 2, 32 lits): UNSAT in 0.02s
    cube 3062.752.114 (depth 2, 32 lits): UNSAT in 0.05s
    cube 3062.752.115 (depth 2, 32 lits): UNSAT in 0.04s
    cube 3062.752.116 (depth 2, 31 lits): UNSAT in 0.02s
    cube 3062.752.117 (depth 2, 32 lits): UNSAT in 0.02s
    cube 3062.752.118 (depth 2, 32 lits): UNSAT in 0.05s
    cube 3062.752.119 (depth 2, 32 lits): UNSAT in 0.02s
    cube 3062.752.120 (depth 2, 32 lits): UNSAT in 0.03s
    cube 3062.752.121 (depth 2, 32 lits): UNSAT in 0.02s
    cube 3062.752.122 (depth 2, 32 lits): UNSAT in 0.05s
    cube 3062.752.123 (depth 2, 31 lits): UNSAT in 0.02s
    cube 3062.752.124 (depth 2, 32 lits): UNSAT in 0.01s
    cube 3062.752.125 (depth 2, 32 lits): UNSAT in 0.03s
    cube 3062.752.126 (depth 2, 31 lits): UNSAT in 0.02s
    cube 3062.752.127 (depth 2, 32 lits): UNSAT in 0.02s
    cube 3062.752.128 (depth 2, 32 lits): UNSAT in 0.03s
    cube 3062.752.129 (depth 2, 31 lits): UNSAT in 0.01s
    cube 3062.752.130 (depth 2, 32 lits): UNSAT in 0.01s
    cube 3062.752.131 (depth 2, 32 lits): UNSAT in 0.02s
    cube 3062.752.132 (depth 2, 32 lits): UNSAT in 0.02s
    cube 3062.752.133 (depth 2, 32 lits): UNSAT in 0.04s
    cube 3062.752.134 (depth 2, 32 lits): UNSAT in 0.04s
    cube 3062.752.135 (depth 2, 32 lits): UNSAT in 0.06s
    cube 3062.752.136 (depth 2, 32 lits): UNSAT in 0.02s
    cube 3062.752.137 (depth 2, 32 lits): UNSAT in 0.02s
    cube 3062.752.138 (depth 2, 32 lits): UNSAT in 0.02s
    cube 3062.752.139 (depth 2, 32 lits): UNSAT in 0.06s
    cube 3062.752.140 (depth 2, 32 lits): UNSAT in 0.04s
    cube 3062.752.141 (depth 2, 32 lits): UNSAT in 0.03s
    cube 3062.752.142 (depth 2, 32 lits): UNSAT in 0.03s
    cube 3062.752.143 (depth 2, 32 lits): UNSAT in 0.06s
    cube 3062.752.144 (depth 2, 32 lits): UNSAT in 0.01s
    cube 3062.752.145 (depth 2, 32 lits): UNSAT in 0.02s
    cube 3062.752.146 (depth 2, 32 lits): UNSAT in 0.03s
    cube 3062.752.147 (depth 2, 32 lits): UNSAT in 0.02s
    cube 3062.752.148 (depth 2, 32 lits): UNSAT in 0.02s
    cube 3062.752.149 (depth 2, 32 lits): UNSAT in 0.04s
    cube 3062.752.150 (depth 2, 32 lits): UNSAT in 0.04s
    cube 3062.752.151 (depth 2, 32 lits): UNSAT in 0.07s
    cube 3062.752.152 (depth 2, 32 lits): UNSAT in 0.01s
    cube 3062.752.153 (depth 2, 32 lits): UNSAT in 0.01s
    cube 3062.752.154 (depth 2, 32 lits): UNSAT in 0.02s
    cube 3062.752.155 (depth 2, 32 lits): UNSAT in 0.02s
    cube 3062.752.156 (depth 2, 32 lits): UNSAT in 0.01s
    cube 3062.752.157 (depth 2, 32 lits): UNSAT in 0.03s
    cube 3062.752.158 (depth 2, 32 lits): UNSAT in 0.02s
    cube 3062.752.159 (depth 2, 32 lits): UNSAT in 0.05s
    cube 3062.752.160 (depth 2, 32 lits): UNSAT in 0.01s
    cube 3062.752.161 (depth 2, 32 lits): UNSAT in 0.02s
    cube 3062.752.162 (depth 2, 31 lits): UNSAT in 0.01s
    cube 3062.752.163 (depth 2, 32 lits): UNSAT in 0.04s
    cube 3062.752.164 (depth 2, 32 lits): UNSAT in 0.04s
    cube 3062.752.165 (depth 2, 32 lits): UNSAT in 0.02s
    cube 3062.752.166 (depth 2, 32 lits): UNSAT in 0.07s
    cube 3062.752.167 (depth 2, 32 lits): UNSAT in 0.02s
    cube 3062.752.168 (depth 2, 32 lits): UNSAT in 0.02s
    cube 3062.752.169 (depth 2, 32 lits): UNSAT in 0.02s
    cube 3062.752.170 (depth 2, 32 lits): UNSAT in 0.04s
    cube 3062.752.171 (depth 2, 32 lits): UNSAT in 0.02s
    cube 3062.752.172 (depth 2, 32 lits): UNSAT in 0.08s
    cube 3062.752.173 (depth 2, 32 lits): UNSAT in 0.04s
    cube 3062.752.174 (depth 2, 32 lits): UNSAT in 0.10s
    cube 3062.752.175 (depth 2, 32 lits): UNSAT in 0.02s
    cube 3062.752.176 (depth 2, 32 lits): UNSAT in 0.03s
    cube 3062.752.177 (depth 2, 32 lits): UNSAT in 0.04s
    cube 3062.752.178 (depth 2, 32 lits): UNSAT in 0.08s
    cube 3062.752.179 (depth 2, 32 lits): UNSAT in 0.03s
    cube 3062.752.180 (depth 2, 32 lits): UNSAT in 0.07s
    cube 3062.752.181 (depth 2, 32 lits): UNSAT in 0.15s
    cube 3062.752.182 (depth 2, 32 lits): UNSAT in 0.10s
    cube 3062.752.183 (depth 2, 31 lits): UNSAT in 0.01s
    cube 3062.752.184 (depth 2, 32 lits): UNSAT in 0.02s
    cube 3062.752.185 (depth 2, 32 lits): UNSAT in 0.03s
    cube 3062.752.186 (depth 2, 32 lits): UNSAT in 0.02s
    cube 3062.752.187 (depth 2, 32 lits): UNSAT in 0.02s
    cube 3062.752.188 (depth 2, 32 lits): UNSAT in 0.03s
    cube 3062.752.189 (depth 2, 32 lits): UNSAT in 0.04s
    cube 3062.752.190 (depth 2, 32 lits): UNSAT in 0.02s
    cube 3062.752.191 (depth 2, 32 lits): UNSAT in 0.02s
    cube 3062.752.192 (depth 2, 32 lits): UNSAT in 0.04s
    cube 3062.752.193 (depth 2, 32 lits): UNSAT in 0.04s
    cube 3062.752.194 (depth 2, 32 lits): UNSAT in 0.05s
    cube 3062.752.195 (depth 2, 32 lits): UNSAT in 0.05s
    cube 3062.752.196 (depth 2, 32 lits): UNSAT in 0.09s
    cube 3062.752.197 (depth 2, 32 lits): UNSAT in 0.22s
    cube 3062.752.198 (depth 2, 32 lits): UNSAT in 0.02s
    cube 3062.752.199 (depth 2, 32 lits): UNSAT in 0.03s
    cube 3062.752.200 (depth 2, 32 lits): UNSAT in 0.03s
    cube 3062.752.201 (depth 2, 32 lits): UNSAT in 0.07s
    cube 3062.752.202 (depth 2, 32 lits): UNSAT in 0.03s
    cube 3062.752.203 (depth 2, 32 lits): UNSAT in 0.14s
    cube 3062.752.204 (depth 2, 32 lits): UNSAT in 0.28s
    cube 3062.752.205 (depth 2, 32 lits): UNSAT in 0.49s
    cube 3062.752.206 (depth 2, 32 lits): UNSAT in 0.08s
    cube 3062.752.207 (depth 2, 32 lits): UNSAT in 0.11s
    cube 3062.752.208 (depth 2, 32 lits): UNSAT in 0.11s
    cube 3062.752.209 (depth 2, 32 lits): UNSAT in 0.09s
    cube 3062.752.210 (depth 2, 32 lits): UNSAT in 0.24s
    cube 3062.752.211 (depth 2, 32 lits): UNSAT in 0.71s
    cube 3062.752.212 (depth 2, 32 lits): UNSAT in 0.12s
    cube 3062.752.213 (depth 2, 32 lits): UNSAT in 0.32s
    cube 3062.752.214 (depth 2, 29 lits): UNSAT in 0.02s
    cube 3062.752.215 (depth 2, 30 lits): UNSAT in 0.02s
    cube 3062.752.216 (depth 2, 31 lits): UNSAT in 0.02s
    cube 3062.752.217 (depth 2, 31 lits): UNSAT in 0.02s
    cube 3062.752.218 (depth 2, 30 lits): UNSAT in 0.01s
    cube 3062.752.219 (depth 2, 31 lits): UNSAT in 0.01s
    cube 3062.752.220 (depth 2, 32 lits): UNSAT in 0.02s
    cube 3062.752.221 (depth 2, 32 lits): UNSAT in 0.02s
    cube 3062.752.222 (depth 2, 31 lits): UNSAT in 0.01s
    cube 3062.752.223 (depth 2, 32 lits): UNSAT in 0.02s
    cube 3062.752.224 (depth 2, 32 lits): UNSAT in 0.02s
    cube 3062.752.225 (depth 2, 31 lits): UNSAT in 0.01s
    cube 3062.752.226 (depth 2, 32 lits): UNSAT in 0.01s
    cube 3062.752.227 (depth 2, 32 lits): UNSAT in 0.02s
    cube 3062.752.228 (depth 2, 31 lits): UNSAT in 0.01s
    cube 3062.752.229 (depth 2, 31 lits): UNSAT in 0.02s
    cube 3062.752.230 (depth 2, 30 lits): UNSAT in 0.02s
    cube 3062.752.231 (depth 2, 31 lits): UNSAT in 0.01s
    cube 3062.752.232 (depth 2, 32 lits): UNSAT in 0.01s
    cube 3062.752.233 (depth 2, 32 lits): UNSAT in 0.02s
    cube 3062.752.234 (depth 2, 32 lits): UNSAT in 0.01s
    cube 3062.752.235 (depth 2, 32 lits): UNSAT in 0.01s
    cube 3062.752.236 (depth 2, 31 lits): UNSAT in 0.01s
    cube 3062.752.237 (depth 2, 31 lits): UNSAT in 0.01s
    cube 3062.752.238 (depth 2, 31 lits): UNSAT in 0.01s
    cube 3062.752.239 (depth 2, 31 lits): UNSAT in 0.01s
    cube 3062.752.240 (depth 2, 31 lits): UNSAT in 0.01s
    cube 3062.752.241 (depth 2, 32 lits): UNSAT in 0.02s
    cube 3062.752.242 (depth 2, 32 lits): UNSAT in 0.02s
    cube 3062.752.243 (depth 2, 31 lits): UNSAT in 0.02s
    cube 3062.752.244 (depth 2, 32 lits): UNSAT in 0.01s
    cube 3062.752.245 (depth 2, 32 lits): UNSAT in 0.02s
    cube 3062.752.246 (depth 2, 32 lits): UNSAT in 0.02s
    cube 3062.752.247 (depth 2, 32 lits): UNSAT in 0.02s
    cube 3062.752.248 (depth 2, 30 lits): UNSAT in 0.02s
    cube 3062.752.249 (depth 2, 32 lits): UNSAT in 0.02s
    cube 3062.752.250 (depth 2, 32 lits): UNSAT in 0.01s
    cube 3062.752.251 (depth 2, 32 lits): UNSAT in 0.02s
    cube 3062.752.252 (depth 2, 32 lits): UNSAT in 0.04s
    cube 3062.752.253 (depth 2, 31 lits): UNSAT in 0.02s
    cube 3062.752.254 (depth 2, 31 lits): UNSAT in 0.02s
    cube 3062.752.255 (depth 2, 32 lits): UNSAT in 0.01s
    cube 3062.752.256 (depth 2, 32 lits): UNSAT in 0.02s
    cube 3062.752.257 (depth 2, 32 lits): UNSAT in 0.03s
    cube 3062.752.258 (depth 2, 32 lits): UNSAT in 0.02s
    cube 3062.752.259 (depth 2, 31 lits): UNSAT in 0.01s
    cube 3062.752.260 (depth 2, 31 lits): UNSAT in 0.02s
    cube 3062.752.261 (depth 2, 30 lits): UNSAT in 0.02s
    cube 3062.752.262 (depth 2, 31 lits): UNSAT in 0.02s
    cube 3062.752.263 (depth 2, 32 lits): UNSAT in 0.02s
    cube 3062.752.264 (depth 2, 32 lits): UNSAT in 0.02s
    cube 3062.752.265 (depth 2, 32 lits): UNSAT in 0.01s
    cube 3062.752.266 (depth 2, 32 lits): UNSAT in 0.02s
    cube 3062.752.267 (depth 2, 32 lits): UNSAT in 0.02s
    cube 3062.752.268 (depth 2, 32 lits): UNSAT in 0.06s
    cube 3062.752.269 (depth 2, 32 lits): UNSAT in 0.01s
    cube 3062.752.270 (depth 2, 32 lits): UNSAT in 0.02s
    cube 3062.752.271 (depth 2, 32 lits): UNSAT in 0.02s
    cube 3062.752.272 (depth 2, 32 lits): UNSAT in 0.05s
    cube 3062.752.273 (depth 2, 32 lits): UNSAT in 0.02s
    cube 3062.752.274 (depth 2, 32 lits): UNSAT in 0.04s
    cube 3062.752.275 (depth 2, 32 lits): UNSAT in 0.03s
    cube 3062.752.276 (depth 2, 32 lits): UNSAT in 0.19s
    cube 3062.752.277 (depth 2, 32 lits): UNSAT in 0.02s
    cube 3062.752.278 (depth 2, 32 lits): UNSAT in 0.02s
    cube 3062.752.279 (depth 2, 32 lits): UNSAT in 0.03s
    cube 3062.752.280 (depth 2, 32 lits): UNSAT in 0.04s
    cube 3062.752.281 (depth 2, 32 lits): UNSAT in 0.03s
    cube 3062.752.282 (depth 2, 32 lits): UNSAT in 0.04s
    cube 3062.752.283 (depth 2, 32 lits): UNSAT in 0.03s
    cube 3062.752.284 (depth 2, 32 lits): UNSAT in 0.07s
    cube 3062.752.285 (depth 2, 32 lits): UNSAT in 0.02s
    cube 3062.752.286 (depth 2, 32 lits): UNSAT in 0.04s
    cube 3062.752.287 (depth 2, 32 lits): UNSAT in 0.02s
    cube 3062.752.288 (depth 2, 32 lits): UNSAT in 0.09s
    cube 3062.752.289 (depth 2, 32 lits): UNSAT in 0.02s
    cube 3062.752.290 (depth 2, 32 lits): UNSAT in 0.07s
    cube 3062.752.291 (depth 2, 32 lits): UNSAT in 0.07s
    cube 3062.752.292 (depth 2, 32 lits): UNSAT in 0.08s
    cube 3062.752.293 (depth 2, 32 lits): UNSAT in 0.02s
    cube 3062.752.294 (depth 2, 32 lits): UNSAT in 0.02s
    cube 3062.752.295 (depth 2, 32 lits): UNSAT in 0.02s
    cube 3062.752.296 (depth 2, 32 lits): UNSAT in 0.03s
    cube 3062.752.297 (depth 2, 32 lits): UNSAT in 0.02s
    cube 3062.752.298 (depth 2, 32 lits): UNSAT in 0.05s
    cube 3062.752.299 (depth 2, 32 lits): UNSAT in 0.09s
    cube 3062.752.300 (depth 2, 32 lits): UNSAT in 0.16s
    cube 3062.752.301 (depth 2, 31 lits): UNSAT in 0.01s
    cube 3062.752.302 (depth 2, 32 lits): UNSAT in 0.01s
    cube 3062.752.303 (depth 2, 32 lits): UNSAT in 0.01s
    cube 3062.752.304 (depth 2, 31 lits): UNSAT in 0.02s
    cube 3062.752.305 (depth 2, 32 lits): UNSAT in 0.01s
    cube 3062.752.306 (depth 2, 32 lits): UNSAT in 0.03s
    cube 3062.752.307 (depth 2, 31 lits): UNSAT in 0.01s
    cube 3062.752.308 (depth 2, 32 lits): UNSAT in 0.01s
    cube 3062.752.309 (depth 2, 32 lits): UNSAT in 0.02s
    cube 3062.752.310 (depth 2, 32 lits): UNSAT in 0.01s
    cube 3062.752.311 (depth 2, 32 lits): UNSAT in 0.02s
    cube 3062.752.312 (depth 2, 32 lits): UNSAT in 0.01s
    cube 3062.752.313 (depth 2, 32 lits): UNSAT in 0.02s
    cube 3062.752.314 (depth 2, 32 lits): UNSAT in 0.01s
    cube 3062.752.315 (depth 2, 32 lits): UNSAT in 0.02s
    cube 3062.752.316 (depth 2, 32 lits): UNSAT in 0.03s
    cube 3062.752.317 (depth 2, 32 lits): UNSAT in 0.02s
    cube 3062.752.318 (depth 2, 32 lits): UNSAT in 0.02s
    cube 3062.752.319 (depth 2, 32 lits): UNSAT in 0.02s
    cube 3062.752.320 (depth 2, 32 lits): UNSAT in 0.03s
    cube 3062.752.321 (depth 2, 32 lits): UNSAT in 0.04s
    cube 3062.752.322 (depth 2, 32 lits): UNSAT in 0.02s
    cube 3062.752.323 (depth 2, 32 lits): UNSAT in 0.02s
    cube 3062.752.324 (depth 2, 32 lits): UNSAT in 0.02s
    cube 3062.752.325 (depth 2, 32 lits): UNSAT in 0.05s
    cube 3062.752.326 (depth 2, 32 lits): UNSAT in 0.03s
    cube 3062.752.327 (depth 2, 32 lits): UNSAT in 0.07s
    cube 3062.752.328 (depth 2, 32 lits): UNSAT in 0.04s
    cube 3062.752.329 (depth 2, 32 lits): UNSAT in 0.07s
    cube 3062.752.330 (depth 2, 31 lits): UNSAT in 0.01s
    cube 3062.752.331 (depth 2, 32 lits): UNSAT in 0.01s
    cube 3062.752.332 (depth 2, 32 lits): UNSAT in 0.05s
    cube 3062.752.333 (depth 2, 32 lits): UNSAT in 0.02s
    cube 3062.752.334 (depth 2, 32 lits): UNSAT in 0.03s
    cube 3062.752.335 (depth 2, 32 lits): UNSAT in 0.02s
    cube 3062.752.336 (depth 2, 32 lits): UNSAT in 0.12s
    cube 3062.752.337 (depth 2, 32 lits): UNSAT in 0.02s
    cube 3062.752.338 (depth 2, 32 lits): UNSAT in 0.03s
    cube 3062.752.339 (depth 2, 32 lits): UNSAT in 0.02s
    cube 3062.752.340 (depth 2, 32 lits): UNSAT in 0.06s
    cube 3062.752.341 (depth 2, 32 lits): UNSAT in 0.02s
    cube 3062.752.342 (depth 2, 32 lits): UNSAT in 0.03s
    cube 3062.752.343 (depth 2, 32 lits): UNSAT in 0.08s
    cube 3062.752.344 (depth 2, 32 lits): UNSAT in 0.11s
    cube 3062.752.345 (depth 2, 31 lits): UNSAT in 0.02s
    cube 3062.752.346 (depth 2, 32 lits): UNSAT in 0.03s
    cube 3062.752.347 (depth 2, 32 lits): UNSAT in 0.02s
    cube 3062.752.348 (depth 2, 32 lits): UNSAT in 0.04s
    cube 3062.752.349 (depth 2, 32 lits): UNSAT in 0.03s
    cube 3062.752.350 (depth 2, 32 lits): UNSAT in 0.02s
    cube 3062.752.351 (depth 2, 32 lits): UNSAT in 0.04s
    cube 3062.752.352 (depth 2, 32 lits): UNSAT in 0.03s
    cube 3062.752.353 (depth 2, 32 lits): UNSAT in 0.05s
    cube 3062.752.354 (depth 2, 32 lits): UNSAT in 0.02s
    cube 3062.752.355 (depth 2, 32 lits): UNSAT in 0.09s
    cube 3062.752.356 (depth 2, 32 lits): UNSAT in 0.06s
    cube 3062.752.357 (depth 2, 32 lits): UNSAT in 0.12s
    cube 3062.752.358 (depth 2, 32 lits): UNSAT in 0.23s
    cube 3062.752.359 (depth 2, 32 lits): UNSAT in 0.23s
    cube 3062.752.360 (depth 2, 32 lits): UNSAT in 0.01s
    cube 3062.752.361 (depth 2, 32 lits): UNSAT in 0.02s
    cube 3062.752.362 (depth 2, 32 lits): UNSAT in 0.01s
    cube 3062.752.363 (depth 2, 32 lits): UNSAT in 0.04s
    cube 3062.752.364 (depth 2, 32 lits): UNSAT in 0.05s
    cube 3062.752.365 (depth 2, 32 lits): UNSAT in 0.04s
    cube 3062.752.366 (depth 2, 32 lits): UNSAT in 0.05s
    cube 3062.752.367 (depth 2, 32 lits): UNSAT in 0.03s
    cube 3062.752.368 (depth 2, 32 lits): UNSAT in 0.02s
    cube 3062.752.369 (depth 2, 32 lits): UNSAT in 0.04s
    cube 3062.752.370 (depth 2, 32 lits): UNSAT in 0.02s
    cube 3062.752.371 (depth 2, 32 lits): UNSAT in 0.06s
    cube 3062.752.372 (depth 2, 32 lits): UNSAT in 0.07s
    cube 3062.752.373 (depth 2, 32 lits): UNSAT in 0.05s
    cube 3062.752.374 (depth 2, 32 lits): UNSAT in 0.20s
    cube 3062.752.375 (depth 2, 32 lits): UNSAT in 0.28s
    cube 3062.752.376 (depth 2, 32 lits): UNSAT in 0.05s
    cube 3062.752.377 (depth 2, 32 lits): UNSAT in 0.13s
    cube 3062.752.378 (depth 2, 32 lits): UNSAT in 0.07s
    cube 3062.752.379 (depth 2, 32 lits): UNSAT in 0.27s
    cube 3062.752.380 (depth 2, 32 lits): UNSAT in 0.02s
    cube 3062.752.381 (depth 2, 32 lits): UNSAT in 0.04s
    cube 3062.752.382 (depth 2, 32 lits): UNSAT in 0.08s
    cube 3062.752.383 (depth 2, 32 lits): UNSAT in 0.64s
    cube 3062.752.384 (depth 2, 32 lits): UNSAT in 0.06s
    cube 3062.752.385 (depth 2, 32 lits): UNSAT in 0.09s
    cube 3062.752.386 (depth 2, 32 lits): UNSAT in 0.11s
    cube 3062.752.387 (depth 2, 32 lits): UNSAT in 0.24s
    cube 3062.752.388 (depth 2, 32 lits): UNSAT in 0.06s
    cube 3062.752.389 (depth 2, 32 lits): UNSAT in 0.16s
    cube 3062.752.390 (depth 2, 32 lits): UNSAT in 0.54s
    cube 3062.752.391 (depth 2, 32 lits): UNSAT in 0.39s
    cube 3062.752.392 (depth 2, 32 lits): UNSAT in 0.02s
    cube 3062.752.393 (depth 2, 32 lits): UNSAT in 0.02s
    cube 3062.752.394 (depth 2, 32 lits): UNSAT in 0.02s
    cube 3062.752.395 (depth 2, 32 lits): UNSAT in 0.05s
    cube 3062.752.396 (depth 2, 32 lits): UNSAT in 0.02s
    cube 3062.752.397 (depth 2, 32 lits): UNSAT in 0.05s
    cube 3062.752.398 (depth 2, 32 lits): UNSAT in 0.05s
    cube 3062.752.399 (depth 2, 32 lits): UNSAT in 0.08s
    cube 3062.752.400 (depth 2, 32 lits): UNSAT in 0.03s
    cube 3062.752.401 (depth 2, 32 lits): UNSAT in 0.04s
    cube 3062.752.402 (depth 2, 32 lits): UNSAT in 0.06s
    cube 3062.752.403 (depth 2, 32 lits): UNSAT in 0.23s
    cube 3062.752.404 (depth 2, 32 lits): UNSAT in 0.10s
    cube 3062.752.405 (depth 2, 32 lits): UNSAT in 0.39s
    cube 3062.752.406 (depth 2, 32 lits): UNSAT in 0.11s
    cube 3062.752.407 (depth 2, 32 lits): UNSAT in 0.20s
    cube 3062.752.408 (depth 2, 32 lits): UNSAT in 0.03s
    cube 3062.752.409 (depth 2, 32 lits): UNSAT in 0.05s
    cube 3062.752.410 (depth 2, 32 lits): UNSAT in 0.08s
    cube 3062.752.411 (depth 2, 32 lits): UNSAT in 0.43s
    cube 3062.752.412 (depth 2, 32 lits): UNSAT in 0.09s
    cube 3062.752.413 (depth 2, 32 lits): UNSAT in 0.26s
    cube 3062.752.414 (depth 2, 32 lits): UNSAT in 0.72s
    cube 3062.752.415 (depth 2, 32 lits): UNSAT in 2.78s
    cube 3062.752.416 (depth 2, 32 lits): UNSAT in 0.04s
    cube 3062.752.417 (depth 2, 32 lits): UNSAT in 0.25s
    cube 3062.752.418 (depth 2, 32 lits): UNSAT in 0.04s
    cube 3062.752.419 (depth 2, 32 lits): UNSAT in 0.83s
    cube 3062.752.420 (depth 2, 32 lits): UNSAT in 0.04s
    cube 3062.752.421 (depth 2, 32 lits): UNSAT in 0.16s
    cube 3062.752.422 (depth 2, 32 lits): UNSAT in 0.60s
    cube 3062.752.423 (depth 2, 32 lits): UNSAT in 2.08s
    cube 3062.752.424 (depth 2, 30 lits): UNSAT in 0.01s
    cube 3062.752.425 (depth 2, 31 lits): UNSAT in 0.01s
    cube 3062.752.426 (depth 2, 32 lits): UNSAT in 0.02s
    cube 3062.752.427 (depth 2, 32 lits): UNSAT in 0.01s
    cube 3062.752.428 (depth 2, 29 lits): UNSAT in 0.02s
    cube 3062.752.429 (depth 2, 32 lits): UNSAT in 0.01s
    cube 3062.752.430 (depth 2, 32 lits): UNSAT in 0.02s
    cube 3062.752.431 (depth 2, 32 lits): UNSAT in 0.01s
    cube 3062.752.432 (depth 2, 32 lits): UNSAT in 0.02s
    cube 3062.752.433 (depth 2, 31 lits): UNSAT in 0.01s
    cube 3062.752.434 (depth 2, 32 lits): UNSAT in 0.01s
    cube 3062.752.435 (depth 2, 32 lits): UNSAT in 0.03s
    cube 3062.752.436 (depth 2, 32 lits): UNSAT in 0.02s
    cube 3062.752.437 (depth 2, 32 lits): UNSAT in 0.02s
    cube 3062.752.438 (depth 2, 32 lits): UNSAT in 0.02s
    cube 3062.752.439 (depth 2, 32 lits): UNSAT in 0.02s
    cube 3062.752.440 (depth 2, 31 lits): UNSAT in 0.01s
    cube 3062.752.441 (depth 2, 32 lits): UNSAT in 0.01s
    cube 3062.752.442 (depth 2, 32 lits): UNSAT in 0.05s
    cube 3062.752.443 (depth 2, 31 lits): UNSAT in 0.01s
    cube 3062.752.444 (depth 2, 32 lits): UNSAT in 0.02s
    cube 3062.752.445 (depth 2, 32 lits): UNSAT in 0.02s
    cube 3062.752.446 (depth 2, 32 lits): UNSAT in 0.02s
    cube 3062.752.447 (depth 2, 32 lits): UNSAT in 0.02s
    cube 3062.752.448 (depth 2, 32 lits): UNSAT in 0.02s
    cube 3062.752.449 (depth 2, 32 lits): UNSAT in 0.02s
    cube 3062.752.450 (depth 2, 31 lits): UNSAT in 0.01s
    cube 3062.752.451 (depth 2, 32 lits): UNSAT in 0.01s
    cube 3062.752.452 (depth 2, 32 lits): UNSAT in 0.02s
    cube 3062.752.453 (depth 2, 32 lits): UNSAT in 0.02s
    cube 3062.752.454 (depth 2, 32 lits): UNSAT in 0.01s
    cube 3062.752.455 (depth 2, 32 lits): UNSAT in 0.02s
    cube 3062.752.456 (depth 2, 32 lits): UNSAT in 0.02s
    cube 3062.752.457 (depth 2, 32 lits): UNSAT in 0.02s
    cube 3062.752.458 (depth 2, 32 lits): UNSAT in 0.02s
    cube 3062.752.459 (depth 2, 32 lits): UNSAT in 0.02s
    cube 3062.752.460 (depth 2, 32 lits): UNSAT in 0.03s
    cube 3062.752.461 (depth 2, 32 lits): UNSAT in 0.02s
    cube 3062.752.462 (depth 2, 32 lits): UNSAT in 0.02s
    cube 3062.752.463 (depth 2, 32 lits): UNSAT in 0.02s
    cube 3062.752.464 (depth 2, 32 lits): UNSAT in 0.04s
    cube 3062.752.465 (depth 2, 32 lits): UNSAT in 0.02s
    cube 3062.752.466 (depth 2, 32 lits): UNSAT in 0.02s
    cube 3062.752.467 (depth 2, 32 lits): UNSAT in 0.02s
    cube 3062.752.468 (depth 2, 32 lits): UNSAT in 0.07s
    cube 3062.752.469 (depth 2, 32 lits): UNSAT in 0.03s
    cube 3062.752.470 (depth 2, 32 lits): UNSAT in 0.04s
    cube 3062.752.471 (depth 2, 32 lits): UNSAT in 0.03s
    cube 3062.752.472 (depth 2, 32 lits): UNSAT in 0.08s
    cube 3062.752.473 (depth 2, 31 lits): UNSAT in 0.01s
    cube 3062.752.474 (depth 2, 32 lits): UNSAT in 0.02s
    cube 3062.752.475 (depth 2, 32 lits): UNSAT in 0.02s
    cube 3062.752.476 (depth 2, 31 lits): UNSAT in 0.02s
    cube 3062.752.477 (depth 2, 32 lits): UNSAT in 0.02s
    cube 3062.752.478 (depth 2, 32 lits): UNSAT in 0.02s
    cube 3062.752.479 (depth 2, 32 lits): UNSAT in 0.01s
    cube 3062.752.480 (depth 2, 32 lits): UNSAT in 0.02s
    cube 3062.752.481 (depth 2, 32 lits): UNSAT in 0.02s
    cube 3062.752.482 (depth 2, 32 lits): UNSAT in 0.03s
    cube 3062.752.483 (depth 2, 32 lits): UNSAT in 0.01s
    cube 3062.752.484 (depth 2, 32 lits): UNSAT in 0.02s
    cube 3062.752.485 (depth 2, 32 lits): UNSAT in 0.02s
    cube 3062.752.486 (depth 2, 32 lits): UNSAT in 0.04s
    cube 3062.752.487 (depth 2, 31 lits): UNSAT in 0.01s
    cube 3062.752.488 (depth 2, 32 lits): UNSAT in 0.02s
    cube 3062.752.489 (depth 2, 32 lits): UNSAT in 0.02s
    cube 3062.752.490 (depth 2, 32 lits): UNSAT in 0.02s
    cube 3062.752.491 (depth 2, 32 lits): UNSAT in 0.03s
    cube 3062.752.492 (depth 2, 32 lits): UNSAT in 0.03s
    cube 3062.752.493 (depth 2, 32 lits): UNSAT in 0.04s
    cube 3062.752.494 (depth 2, 32 lits): UNSAT in 0.01s
    cube 3062.752.495 (depth 2, 32 lits): UNSAT in 0.02s
    cube 3062.752.496 (depth 2, 32 lits): UNSAT in 0.02s
    cube 3062.752.497 (depth 2, 32 lits): UNSAT in 0.02s
    cube 3062.752.498 (depth 2, 32 lits): UNSAT in 0.02s
    cube 3062.752.499 (depth 2, 32 lits): UNSAT in 0.02s
    cube 3062.752.500 (depth 2, 32 lits): UNSAT in 0.04s
    cube 3062.752.501 (depth 2, 32 lits): UNSAT in 0.06s
    cube 3062.752.502 (depth 2, 32 lits): UNSAT in 0.01s
    cube 3062.752.503 (depth 2, 32 lits): UNSAT in 0.01s
    cube 3062.752.504 (depth 2, 32 lits): UNSAT in 0.02s
    cube 3062.752.505 (depth 2, 32 lits): UNSAT in 0.03s
    cube 3062.752.506 (depth 2, 32 lits): UNSAT in 0.01s
    cube 3062.752.507 (depth 2, 32 lits): UNSAT in 0.03s
    cube 3062.752.508 (depth 2, 32 lits): UNSAT in 0.03s
    cube 3062.752.509 (depth 2, 32 lits): UNSAT in 0.05s
    cube 3062.752.510 (depth 2, 32 lits): UNSAT in 0.02s
    cube 3062.752.511 (depth 2, 32 lits): UNSAT in 0.05s
    cube 3062.752.512 (depth 2, 32 lits): UNSAT in 0.07s
    cube 3062.752.513 (depth 2, 32 lits): UNSAT in 0.10s
    cube 3062.752.514 (depth 2, 32 lits): UNSAT in 0.06s
    cube 3062.752.515 (depth 2, 32 lits): UNSAT in 0.20s
    cube 3062.752.516 (depth 2, 32 lits): UNSAT in 0.35s
    cube 3062.752.517 (depth 2, 32 lits): UNSAT in 0.50s
    cube 3062.752.518 (depth 2, 32 lits): UNSAT in 0.02s
    cube 3062.752.519 (depth 2, 32 lits): UNSAT in 0.03s
    cube 3062.752.520 (depth 2, 32 lits): UNSAT in 0.02s
    cube 3062.752.521 (depth 2, 32 lits): UNSAT in 0.06s
    cube 3062.752.522 (depth 2, 32 lits): UNSAT in 0.02s
    cube 3062.752.523 (depth 2, 32 lits): UNSAT in 0.25s
    cube 3062.752.524 (depth 2, 32 lits): UNSAT in 0.08s
    cube 3062.752.525 (depth 2, 32 lits): UNSAT in 0.73s
    cube 3062.752.526 (depth 2, 32 lits): UNSAT in 0.02s
    cube 3062.752.527 (depth 2, 32 lits): UNSAT in 0.05s
    cube 3062.752.528 (depth 2, 32 lits): UNSAT in 0.23s
    cube 3062.752.529 (depth 2, 32 lits): UNSAT in 0.90s
    cube 3062.752.530 (depth 2, 32 lits): UNSAT in 0.34s
    cube 3062.752.531 (depth 2, 32 lits): UNSAT in 0.58s
    cube 3062.752.532 (depth 2, 32 lits): UNSAT in 1.74s
    cube 3062.752.533 (depth 2, 32 lits): UNSAT in 0.74s
    cube 3062.752.534 (depth 2, 31 lits): UNSAT in 0.02s
    cube 3062.752.535 (depth 2, 31 lits): UNSAT in 0.01s
    cube 3062.752.536 (depth 2, 31 lits): UNSAT in 0.01s
    cube 3062.752.537 (depth 2, 32 lits): UNSAT in 0.02s
    cube 3062.752.538 (depth 2, 32 lits): UNSAT in 0.05s
    cube 3062.752.539 (depth 2, 31 lits): UNSAT in 0.01s
    cube 3062.752.540 (depth 2, 32 lits): UNSAT in 0.01s
    cube 3062.752.541 (depth 2, 32 lits): UNSAT in 0.03s
    cube 3062.752.542 (depth 2, 32 lits): UNSAT in 0.01s
    cube 3062.752.543 (depth 2, 32 lits): UNSAT in 0.05s
    cube 3062.752.544 (depth 2, 32 lits): UNSAT in 0.03s
    cube 3062.752.545 (depth 2, 32 lits): UNSAT in 0.04s
    cube 3062.752.546 (depth 2, 32 lits): UNSAT in 0.02s
    cube 3062.752.547 (depth 2, 32 lits): UNSAT in 0.02s
    cube 3062.752.548 (depth 2, 32 lits): UNSAT in 0.02s
    cube 3062.752.549 (depth 2, 32 lits): UNSAT in 0.05s
    cube 3062.752.550 (depth 2, 32 lits): UNSAT in 0.01s
    cube 3062.752.551 (depth 2, 32 lits): UNSAT in 0.03s
    cube 3062.752.552 (depth 2, 32 lits): UNSAT in 0.02s
    cube 3062.752.553 (depth 2, 32 lits): UNSAT in 0.06s
    cube 3062.752.554 (depth 2, 32 lits): UNSAT in 0.02s
    cube 3062.752.555 (depth 2, 32 lits): UNSAT in 0.05s
    cube 3062.752.556 (depth 2, 32 lits): UNSAT in 0.05s
    cube 3062.752.557 (depth 2, 32 lits): UNSAT in 0.17s
    cube 3062.752.558 (depth 2, 32 lits): UNSAT in 0.04s
    cube 3062.752.559 (depth 2, 32 lits): UNSAT in 0.11s
    cube 3062.752.560 (depth 2, 32 lits): UNSAT in 0.31s
    cube 3062.752.561 (depth 2, 32 lits): UNSAT in 0.27s
    cube 3062.752.562 (depth 2, 32 lits): UNSAT in 0.01s
    cube 3062.752.563 (depth 2, 32 lits): UNSAT in 0.02s
    cube 3062.752.564 (depth 2, 32 lits): UNSAT in 0.02s
    cube 3062.752.565 (depth 2, 32 lits): UNSAT in 0.03s
    cube 3062.752.566 (depth 2, 32 lits): UNSAT in 0.02s
    cube 3062.752.567 (depth 2, 32 lits): UNSAT in 0.02s
    cube 3062.752.568 (depth 2, 32 lits): UNSAT in 0.02s
    cube 3062.752.569 (depth 2, 32 lits): UNSAT in 0.08s
    cube 3062.752.570 (depth 2, 32 lits): UNSAT in 0.01s
    cube 3062.752.571 (depth 2, 32 lits): UNSAT in 0.04s
    cube 3062.752.572 (depth 2, 32 lits): UNSAT in 0.03s
    cube 3062.752.573 (depth 2, 32 lits): UNSAT in 0.05s
    cube 3062.752.574 (depth 2, 32 lits): UNSAT in 0.12s
    cube 3062.752.575 (depth 2, 32 lits): UNSAT in 0.32s
    cube 3062.752.576 (depth 2, 32 lits): UNSAT in 0.59s
    cube 3062.752.577 (depth 2, 32 lits): UNSAT in 1.08s
    cube 3062.752.578 (depth 2, 32 lits): UNSAT in 0.02s
    cube 3062.752.579 (depth 2, 32 lits): UNSAT in 0.05s
    cube 3062.752.580 (depth 2, 32 lits): UNSAT in 0.03s
    cube 3062.752.581 (depth 2, 32 lits): UNSAT in 0.10s
    cube 3062.752.582 (depth 2, 32 lits): UNSAT in 0.06s
    cube 3062.752.583 (depth 2, 32 lits): UNSAT in 0.10s
    cube 3062.752.584 (depth 2, 32 lits): UNSAT in 0.43s
    cube 3062.752.585 (depth 2, 32 lits): UNSAT in 2.49s
    cube 3062.752.586 (depth 2, 32 lits): UNSAT in 0.08s
    cube 3062.752.587 (depth 2, 32 lits): UNSAT in 0.18s
    cube 3062.752.588 (depth 2, 32 lits): UNSAT in 0.16s
    cube 3062.752.589 (depth 2, 32 lits): UNSAT in 2.98s
    cube 3062.752.590 (depth 2, 32 lits): UNSAT in 0.34s
    cube 3062.752.591 (depth 2, 32 lits): UNSAT in 3.16s
    cube 3062.752.592 (depth 2, 32 lits): UNSAT in 1.07s
    cube 3062.752.593 (depth 2, 32 lits): UNSAT in 3.42s
    cube 3062.752.594 (depth 2, 32 lits): UNSAT in 0.02s
    cube 3062.752.595 (depth 2, 32 lits): UNSAT in 0.02s
    cube 3062.752.596 (depth 2, 32 lits): UNSAT in 0.02s
    cube 3062.752.597 (depth 2, 32 lits): UNSAT in 0.02s
    cube 3062.752.598 (depth 2, 32 lits): UNSAT in 0.02s
    cube 3062.752.599 (depth 2, 32 lits): UNSAT in 0.02s
    cube 3062.752.600 (depth 2, 32 lits): UNSAT in 0.04s
    cube 3062.752.601 (depth 2, 32 lits): UNSAT in 0.15s
    cube 3062.752.602 (depth 2, 32 lits): UNSAT in 0.02s
    cube 3062.752.603 (depth 2, 32 lits): UNSAT in 0.03s
    cube 3062.752.604 (depth 2, 32 lits): UNSAT in 0.03s
    cube 3062.752.605 (depth 2, 32 lits): UNSAT in 0.10s
    cube 3062.752.606 (depth 2, 32 lits): UNSAT in 0.09s
    cube 3062.752.607 (depth 2, 32 lits): UNSAT in 0.10s
    cube 3062.752.608 (depth 2, 32 lits): UNSAT in 0.10s
    cube 3062.752.609 (depth 2, 32 lits): UNSAT in 0.10s
    cube 3062.752.610 (depth 2, 32 lits): UNSAT in 0.02s
    cube 3062.752.611 (depth 2, 32 lits): UNSAT in 0.04s
    cube 3062.752.612 (depth 2, 32 lits): UNSAT in 0.07s
    cube 3062.752.613 (depth 2, 32 lits): UNSAT in 0.06s
    cube 3062.752.614 (depth 2, 32 lits): UNSAT in 0.05s
    cube 3062.752.615 (depth 2, 32 lits): UNSAT in 0.04s
    cube 3062.752.616 (depth 2, 32 lits): UNSAT in 0.12s
    cube 3062.752.617 (depth 2, 32 lits): UNSAT in 0.15s
    cube 3062.752.618 (depth 2, 32 lits): UNSAT in 0.03s
    cube 3062.752.619 (depth 2, 32 lits): UNSAT in 0.04s
    cube 3062.752.620 (depth 2, 32 lits): UNSAT in 0.07s
    cube 3062.752.621 (depth 2, 32 lits): UNSAT in 0.20s
    cube 3062.752.622 (depth 2, 32 lits): UNSAT in 0.22s
    cube 3062.752.623 (depth 2, 32 lits): UNSAT in 0.89s
    cube 3062.752.624 (depth 2, 32 lits): UNSAT in 0.20s
    cube 3062.752.625 (depth 2, 32 lits): UNSAT in 1.68s
    cube 3062.752.626 (depth 2, 32 lits): UNSAT in 0.02s
    cube 3062.752.627 (depth 2, 32 lits): UNSAT in 0.06s
    cube 3062.752.628 (depth 2, 32 lits): UNSAT in 0.03s
    cube 3062.752.629 (depth 2, 32 lits): UNSAT in 0.08s
    cube 3062.752.630 (depth 2, 32 lits): UNSAT in 0.03s
    cube 3062.752.631 (depth 2, 32 lits): UNSAT in 0.12s
    cube 3062.752.632 (depth 2, 32 lits): UNSAT in 0.20s
    cube 3062.752.633 (depth 2, 32 lits): UNSAT in 0.25s
    cube 3062.752.634 (depth 2, 32 lits): UNSAT in 0.02s
    cube 3062.752.635 (depth 2, 32 lits): UNSAT in 0.10s
    cube 3062.752.636 (depth 2, 32 lits): UNSAT in 0.08s
    cube 3062.752.637 (depth 2, 32 lits): UNSAT in 0.46s
    cube 3062.752.638 (depth 2, 32 lits): UNSAT in 0.10s
    cube 3062.752.639 (depth 2, 32 lits): UNSAT in 0.84s
    cube 3062.752.640 (depth 2, 32 lits): UNSAT in 1.32s
    cube 3062.752.641 (depth 2, 32 lits): UNSAT in 2.12s
    cube 3062.752.642 (depth 2, 32 lits): UNSAT in 0.04s
    cube 3062.752.643 (depth 2, 32 lits): UNSAT in 0.06s
    cube 3062.752.644 (depth 2, 32 lits): UNSAT in 0.15s
    cube 3062.752.645 (depth 2, 32 lits): UNSAT in 0.34s
    cube 3062.752.646 (depth 2, 32 lits): UNSAT in 0.10s
    cube 3062.752.647 (depth 2, 32 lits): UNSAT in 0.56s
    cube 3062.752.648 (depth 2, 32 lits): UNSAT in 0.52s
    cube 3062.752.649 (depth 2, 32 lits): UNSAT in 3.56s
    cube 3062.752.650 (depth 2, 32 lits): UNSAT in 0.50s
    cube 3062.752.651 (depth 2, 32 lits): UNSAT in 0.57s
    cube 3062.752.652 (depth 2, 32 lits): UNSAT in 1.48s
    cube 3062.752.653 (depth 2, 32 lits): UNSAT in 5.00s
    cube 3062.752.654 (depth 2, 32 lits): UNSAT in 0.25s
    cube 3062.752.655 (depth 2, 32 lits): UNSAT in 1.94s
    cube 3062.752.656 (depth 2, 32 lits): UNSAT in 1.68s
    cube 3062.752.657 (depth 2, 32 lits): UNSAT in 3.14s
    cube 3062.752.658 (depth 2, 31 lits): UNSAT in 0.01s
    cube 3062.752.659 (depth 2, 31 lits): UNSAT in 0.02s
    cube 3062.752.660 (depth 2, 32 lits): UNSAT in 0.01s
    cube 3062.752.661 (depth 2, 32 lits): UNSAT in 0.02s
    cube 3062.752.662 (depth 2, 32 lits): UNSAT in 0.02s
    cube 3062.752.663 (depth 2, 32 lits): UNSAT in 0.02s
    cube 3062.752.664 (depth 2, 32 lits): UNSAT in 0.01s
    cube 3062.752.665 (depth 2, 32 lits): UNSAT in 0.02s
    cube 3062.752.666 (depth 2, 32 lits): UNSAT in 0.01s
    cube 3062.752.667 (depth 2, 32 lits): UNSAT in 0.02s
    cube 3062.752.668 (depth 2, 32 lits): UNSAT in 0.01s
    cube 3062.752.669 (depth 2, 32 lits): UNSAT in 0.02s
    cube 3062.752.670 (depth 2, 32 lits): UNSAT in 0.03s
    cube 3062.752.671 (depth 2, 32 lits): UNSAT in 0.06s
    cube 3062.752.672 (depth 2, 32 lits): UNSAT in 0.01s
    cube 3062.752.673 (depth 2, 32 lits): UNSAT in 0.01s
    cube 3062.752.674 (depth 2, 32 lits): UNSAT in 0.02s
    cube 3062.752.675 (depth 2, 32 lits): UNSAT in 0.02s
    cube 3062.752.676 (depth 2, 32 lits): UNSAT in 0.02s
    cube 3062.752.677 (depth 2, 32 lits): UNSAT in 0.04s
    cube 3062.752.678 (depth 2, 32 lits): UNSAT in 0.08s
    cube 3062.752.679 (depth 2, 32 lits): UNSAT in 0.05s
    cube 3062.752.680 (depth 2, 32 lits): UNSAT in 0.02s
    cube 3062.752.681 (depth 2, 32 lits): UNSAT in 0.02s
    cube 3062.752.682 (depth 2, 32 lits): UNSAT in 0.02s
    cube 3062.752.683 (depth 2, 32 lits): UNSAT in 0.06s
    cube 3062.752.684 (depth 2, 32 lits): UNSAT in 0.04s
    cube 3062.752.685 (depth 2, 32 lits): UNSAT in 0.02s
    cube 3062.752.686 (depth 2, 32 lits): UNSAT in 0.08s
    cube 3062.752.687 (depth 2, 32 lits): UNSAT in 0.21s
    cube 3062.752.688 (depth 2, 32 lits): UNSAT in 0.02s
    cube 3062.752.689 (depth 2, 32 lits): UNSAT in 0.02s
    cube 3062.752.690 (depth 2, 32 lits): UNSAT in 0.02s
    cube 3062.752.691 (depth 2, 32 lits): UNSAT in 0.03s
    cube 3062.752.692 (depth 2, 32 lits): UNSAT in 0.02s
    cube 3062.752.693 (depth 2, 32 lits): UNSAT in 0.06s
    cube 3062.752.694 (depth 2, 32 lits): UNSAT in 0.04s
    cube 3062.752.695 (depth 2, 32 lits): UNSAT in 0.08s
    cube 3062.752.696 (depth 2, 32 lits): UNSAT in 0.02s
    cube 3062.752.697 (depth 2, 32 lits): UNSAT in 0.05s
    cube 3062.752.698 (depth 2, 32 lits): UNSAT in 0.03s
    cube 3062.752.699 (depth 2, 32 lits): UNSAT in 0.06s
    cube 3062.752.700 (depth 2, 32 lits): UNSAT in 0.02s
    cube 3062.752.701 (depth 2, 32 lits): UNSAT in 0.06s
    cube 3062.752.702 (depth 2, 32 lits): UNSAT in 0.19s
    cube 3062.752.703 (depth 2, 32 lits): UNSAT in 0.09s
    cube 3062.752.704 (depth 2, 32 lits): UNSAT in 0.02s
    cube 3062.752.705 (depth 2, 32 lits): UNSAT in 0.02s
    cube 3062.752.706 (depth 2, 32 lits): UNSAT in 0.03s
    cube 3062.752.707 (depth 2, 32 lits): UNSAT in 0.05s
    cube 3062.752.708 (depth 2, 32 lits): UNSAT in 0.02s
    cube 3062.752.709 (depth 2, 32 lits): UNSAT in 0.06s
    cube 3062.752.710 (depth 2, 32 lits): UNSAT in 0.03s
    cube 3062.752.711 (depth 2, 32 lits): UNSAT in 0.12s
    cube 3062.752.712 (depth 2, 32 lits): UNSAT in 0.02s
    cube 3062.752.713 (depth 2, 32 lits): UNSAT in 0.06s
    cube 3062.752.714 (depth 2, 32 lits): UNSAT in 0.06s
    cube 3062.752.715 (depth 2, 32 lits): UNSAT in 0.11s
    cube 3062.752.716 (depth 2, 32 lits): UNSAT in 0.05s
    cube 3062.752.717 (depth 2, 32 lits): UNSAT in 0.28s
    cube 3062.752.718 (depth 2, 32 lits): UNSAT in 0.28s
    cube 3062.752.719 (depth 2, 32 lits): UNSAT in 0.43s
    cube 3062.752.720 (depth 2, 32 lits): UNSAT in 0.02s
    cube 3062.752.721 (depth 2, 32 lits): UNSAT in 0.02s
    cube 3062.752.722 (depth 2, 32 lits): UNSAT in 0.02s
    cube 3062.752.723 (depth 2, 32 lits): UNSAT in 0.03s
    cube 3062.752.724 (depth 2, 32 lits): UNSAT in 0.03s
    cube 3062.752.725 (depth 2, 32 lits): UNSAT in 0.09s
    cube 3062.752.726 (depth 2, 32 lits): UNSAT in 0.02s
    cube 3062.752.727 (depth 2, 32 lits): UNSAT in 0.07s
    cube 3062.752.728 (depth 2, 32 lits): UNSAT in 0.01s
    cube 3062.752.729 (depth 2, 32 lits): UNSAT in 0.02s
    cube 3062.752.730 (depth 2, 32 lits): UNSAT in 0.02s
    cube 3062.752.731 (depth 2, 32 lits): UNSAT in 0.07s
    cube 3062.752.732 (depth 2, 32 lits): UNSAT in 0.04s
    cube 3062.752.733 (depth 2, 32 lits): UNSAT in 0.10s
    cube 3062.752.734 (depth 2, 32 lits): UNSAT in 0.05s
    cube 3062.752.735 (depth 2, 32 lits): UNSAT in 0.09s
    cube 3062.752.736 (depth 2, 32 lits): UNSAT in 0.03s
    cube 3062.752.737 (depth 2, 32 lits): UNSAT in 0.09s
    cube 3062.752.738 (depth 2, 32 lits): UNSAT in 0.03s
    cube 3062.752.739 (depth 2, 32 lits): UNSAT in 0.25s
    cube 3062.752.740 (depth 2, 32 lits): UNSAT in 0.02s
    cube 3062.752.741 (depth 2, 32 lits): UNSAT in 0.04s
    cube 3062.752.742 (depth 2, 32 lits): UNSAT in 0.03s
    cube 3062.752.743 (depth 2, 32 lits): UNSAT in 0.20s
    cube 3062.752.744 (depth 2, 32 lits): UNSAT in 0.02s
    cube 3062.752.745 (depth 2, 32 lits): UNSAT in 0.08s
    cube 3062.752.746 (depth 2, 32 lits): UNSAT in 0.05s
    cube 3062.752.747 (depth 2, 32 lits): UNSAT in 0.36s
    cube 3062.752.748 (depth 2, 32 lits): UNSAT in 0.10s
    cube 3062.752.749 (depth 2, 32 lits): UNSAT in 0.11s
    cube 3062.752.750 (depth 2, 32 lits): UNSAT in 0.16s
    cube 3062.752.751 (depth 2, 32 lits): UNSAT in 0.36s
    cube 3062.752.752 (depth 2, 32 lits): UNSAT in 0.02s
    cube 3062.752.753 (depth 2, 32 lits): UNSAT in 0.02s
    cube 3062.752.754 (depth 2, 32 lits): UNSAT in 0.02s
    cube 3062.752.755 (depth 2, 32 lits): UNSAT in 0.03s
    cube 3062.752.756 (depth 2, 32 lits): UNSAT in 0.02s
    cube 3062.752.757 (depth 2, 32 lits): UNSAT in 0.02s
    cube 3062.752.758 (depth 2, 32 lits): UNSAT in 0.02s
    cube 3062.752.759 (depth 2, 32 lits): UNSAT in 0.04s
    cube 3062.752.760 (depth 2, 32 lits): UNSAT in 0.02s
    cube 3062.752.761 (depth 2, 32 lits): UNSAT in 0.03s
    cube 3062.752.762 (depth 2, 32 lits): UNSAT in 0.03s
    cube 3062.752.763 (depth 2, 32 lits): UNSAT in 0.03s
    cube 3062.752.764 (depth 2, 32 lits): UNSAT in 0.03s
    cube 3062.752.765 (depth 2, 32 lits): UNSAT in 0.05s
    cube 3062.752.766 (depth 2, 32 lits): UNSAT in 0.05s
    cube 3062.752.767 (depth 2, 32 lits): UNSAT in 0.17s
    cube 3062.752.768 (depth 2, 32 lits): UNSAT in 0.03s
    cube 3062.752.769 (depth 2, 32 lits): UNSAT in 0.02s
    cube 3062.752.770 (depth 2, 32 lits): UNSAT in 0.02s
    cube 3062.752.771 (depth 2, 32 lits): UNSAT in 0.08s
    cube 3062.752.772 (depth 2, 32 lits): UNSAT in 0.06s
    cube 3062.752.773 (depth 2, 32 lits): UNSAT in 0.10s
    cube 3062.752.774 (depth 2, 32 lits): UNSAT in 0.10s
    cube 3062.752.775 (depth 2, 32 lits): UNSAT in 0.11s
    cube 3062.752.776 (depth 2, 32 lits): UNSAT in 0.02s
    cube 3062.752.777 (depth 2, 32 lits): UNSAT in 0.02s
    cube 3062.752.778 (depth 2, 32 lits): UNSAT in 0.07s
    cube 3062.752.779 (depth 2, 32 lits): UNSAT in 0.34s
    cube 3062.752.780 (depth 2, 32 lits): UNSAT in 0.08s
    cube 3062.752.781 (depth 2, 32 lits): UNSAT in 0.61s
    cube 3062.752.782 (depth 2, 32 lits): UNSAT in 0.85s
    cube 3062.752.783 (depth 2, 32 lits): UNSAT in 0.53s
    cube 3062.752.784 (depth 2, 32 lits): UNSAT in 0.02s
    cube 3062.752.785 (depth 2, 32 lits): UNSAT in 0.02s
    cube 3062.752.786 (depth 2, 32 lits): UNSAT in 0.02s
    cube 3062.752.787 (depth 2, 32 lits): UNSAT in 0.03s
    cube 3062.752.788 (depth 2, 32 lits): UNSAT in 0.02s
    cube 3062.752.789 (depth 2, 32 lits): UNSAT in 0.04s
    cube 3062.752.790 (depth 2, 32 lits): UNSAT in 0.15s
    cube 3062.752.791 (depth 2, 32 lits): UNSAT in 0.27s
    cube 3062.752.792 (depth 2, 32 lits): UNSAT in 0.03s
    cube 3062.752.793 (depth 2, 32 lits): UNSAT in 0.20s
    cube 3062.752.794 (depth 2, 32 lits): UNSAT in 0.07s
    cube 3062.752.795 (depth 2, 32 lits): UNSAT in 0.79s
    cube 3062.752.796 (depth 2, 32 lits): UNSAT in 0.05s
    cube 3062.752.797 (depth 2, 32 lits): UNSAT in 0.31s
    cube 3062.752.798 (depth 2, 32 lits): UNSAT in 0.76s
    cube 3062.752.799 (depth 2, 32 lits): UNSAT in 1.70s
    cube 3062.752.800 (depth 2, 32 lits): UNSAT in 0.02s
    cube 3062.752.801 (depth 2, 32 lits): UNSAT in 0.03s
    cube 3062.752.802 (depth 2, 32 lits): UNSAT in 0.02s
    cube 3062.752.803 (depth 2, 32 lits): UNSAT in 0.03s
    cube 3062.752.804 (depth 2, 32 lits): UNSAT in 0.06s
    cube 3062.752.805 (depth 2, 32 lits): UNSAT in 0.09s
    cube 3062.752.806 (depth 2, 32 lits): UNSAT in 0.10s
    cube 3062.752.807 (depth 2, 32 lits): UNSAT in 0.38s
    cube 3062.752.808 (depth 2, 32 lits): UNSAT in 0.02s
    cube 3062.752.809 (depth 2, 32 lits): UNSAT in 0.10s
    cube 3062.752.810 (depth 2, 32 lits): UNSAT in 0.08s
    cube 3062.752.811 (depth 2, 32 lits): UNSAT in 0.16s
    cube 3062.752.812 (depth 2, 32 lits): UNSAT in 0.15s
    cube 3062.752.813 (depth 2, 32 lits): UNSAT in 0.44s
    cube 3062.752.814 (depth 2, 32 lits): UNSAT in 0.25s
    cube 3062.752.815 (depth 2, 32 lits): UNSAT in 2.92s
    cube 3062.752.816 (depth 2, 32 lits): UNSAT in 0.02s
    cube 3062.752.817 (depth 2, 32 lits): UNSAT in 0.04s
    cube 3062.752.818 (depth 2, 32 lits): UNSAT in 0.03s
    cube 3062.752.819 (depth 2, 32 lits): UNSAT in 0.08s
    cube 3062.752.820 (depth 2, 32 lits): UNSAT in 0.06s
    cube 3062.752.821 (depth 2, 32 lits): UNSAT in 0.04s
    cube 3062.752.822 (depth 2, 32 lits): UNSAT in 0.04s
    cube 3062.752.823 (depth 2, 32 lits): UNSAT in 0.13s
    cube 3062.752.824 (depth 2, 32 lits): UNSAT in 0.02s
    cube 3062.752.825 (depth 2, 32 lits): UNSAT in 0.05s
    cube 3062.752.826 (depth 2, 32 lits): UNSAT in 0.09s
    cube 3062.752.827 (depth 2, 32 lits): UNSAT in 0.43s
    cube 3062.752.828 (depth 2, 32 lits): UNSAT in 0.06s
    cube 3062.752.829 (depth 2, 32 lits): UNSAT in 0.25s
    cube 3062.752.830 (depth 2, 32 lits): UNSAT in 0.15s
    cube 3062.752.831 (depth 2, 32 lits): UNSAT in 1.52s
    cube 3062.752.832 (depth 2, 32 lits): UNSAT in 0.06s
    cube 3062.752.833 (depth 2, 32 lits): UNSAT in 0.03s
    cube 3062.752.834 (depth 2, 32 lits): UNSAT in 0.04s
    cube 3062.752.835 (depth 2, 32 lits): UNSAT in 0.07s
    cube 3062.752.836 (depth 2, 32 lits): UNSAT in 0.06s
    cube 3062.752.837 (depth 2, 32 lits): UNSAT in 0.21s
    cube 3062.752.838 (depth 2, 32 lits): UNSAT in 0.17s
    cube 3062.752.839 (depth 2, 32 lits): UNSAT in 0.76s
    cube 3062.752.840 (depth 2, 32 lits): UNSAT in 0.08s
    cube 3062.752.841 (depth 2, 32 lits): UNSAT in 0.15s
    cube 3062.752.842 (depth 2, 32 lits): UNSAT in 0.22s
    cube 3062.752.843 (depth 2, 32 lits): UNSAT in 0.66s
    cube 3062.752.844 (depth 2, 32 lits): UNSAT in 0.62s
    cube 3062.752.845 (depth 2, 32 lits): UNSAT in 1.84s
    cube 3062.752.846 (depth 2, 32 lits): UNSAT in 1.26s
    cube 3062.752.847 (depth 2, 32 lits): UNSAT in 9.54s
    cube 3062.752.848 (depth 2, 32 lits): UNSAT in 0.04s
    cube 3062.752.849 (depth 2, 32 lits): UNSAT in 0.10s
    cube 3062.752.850 (depth 2, 32 lits): UNSAT in 0.14s
    cube 3062.752.851 (depth 2, 32 lits): UNSAT in 0.35s
    cube 3062.752.852 (depth 2, 32 lits): UNSAT in 0.10s
    cube 3062.752.853 (depth 2, 32 lits): UNSAT in 0.09s
    cube 3062.752.854 (depth 2, 32 lits): UNSAT in 0.03s
    cube 3062.752.855 (depth 2, 32 lits): UNSAT in 0.09s
    cube 3062.752.856 (depth 2, 32 lits): UNSAT in 0.12s
    cube 3062.752.857 (depth 2, 32 lits): UNSAT in 0.16s
    cube 3062.752.858 (depth 2, 32 lits): UNSAT in 0.10s
    cube 3062.752.859 (depth 2, 32 lits): UNSAT in 0.92s
    cube 3062.752.860 (depth 2, 32 lits): UNSAT in 0.15s
    cube 3062.752.861 (depth 2, 32 lits): UNSAT in 0.26s
    cube 3062.752.862 (depth 2, 32 lits): UNSAT in 0.61s
    cube 3062.752.863 (depth 2, 32 lits): UNSAT in 1.90s
    cube 3062.752.864 (depth 2, 32 lits): UNSAT in 0.03s
    cube 3062.752.865 (depth 2, 32 lits): UNSAT in 0.03s
    cube 3062.752.866 (depth 2, 32 lits): UNSAT in 0.08s
    cube 3062.752.867 (depth 2, 32 lits): UNSAT in 0.42s
    cube 3062.752.868 (depth 2, 32 lits): UNSAT in 0.14s
    cube 3062.752.869 (depth 2, 32 lits): UNSAT in 0.29s
    cube 3062.752.870 (depth 2, 32 lits): UNSAT in 1.22s
    cube 3062.752.871 (depth 2, 32 lits): UNSAT in 1.37s
    cube 3062.752.872 (depth 2, 32 lits): UNSAT in 0.02s
    cube 3062.752.873 (depth 2, 32 lits): UNSAT in 0.09s
    cube 3062.752.874 (depth 2, 32 lits): UNSAT in 0.43s
    cube 3062.752.875 (depth 2, 32 lits): UNSAT in 0.33s
    cube 3062.752.876 (depth 2, 32 lits): UNSAT in 0.12s
    cube 3062.752.877 (depth 2, 32 lits): UNSAT in 1.19s
    cube 3062.752.878 (depth 2, 32 lits): UNSAT in 1.09s
    cube 3062.752.879 (depth 2, 32 lits): UNSAT in 5.45s
    cube 3062.752.880 (depth 2, 32 lits): UNSAT in 0.21s
    cube 3062.752.881 (depth 2, 32 lits): UNSAT in 0.31s
    cube 3062.752.882 (depth 2, 32 lits): UNSAT in 0.16s
    cube 3062.752.883 (depth 2, 32 lits): UNSAT in 0.14s
    cube 3062.752.884 (depth 2, 32 lits): UNSAT in 0.46s
    cube 3062.752.885 (depth 2, 32 lits): UNSAT in 1.51s
    cube 3062.752.886 (depth 2, 32 lits): UNSAT in 0.25s
    cube 3062.752.887 (depth 2, 32 lits): UNSAT in 3.49s
    cube 3062.752.888 (depth 2, 32 lits): UNSAT in 0.14s
    cube 3062.752.889 (depth 2, 32 lits): UNSAT in 0.51s
    cube 3062.752.890 (depth 2, 32 lits): UNSAT in 0.21s
    cube 3062.752.891 (depth 2, 32 lits): UNSAT in 1.26s
    cube 3062.752.892 (depth 2, 32 lits): UNSAT in 0.29s
    cube 3062.752.893 (depth 2, 32 lits): UNSAT in 1.00s
    cube 3062.752.894 (depth 2, 32 lits): UNSAT in 2.20s
    cube 3062.752.895 (depth 2, 32 lits): UNSAT in 14.66s
    cube 3062.752.896 (depth 2, 32 lits): UNSAT in 0.07s
    cube 3062.752.897 (depth 2, 32 lits): UNSAT in 0.09s
    cube 3062.752.898 (depth 2, 32 lits): UNSAT in 0.13s
    cube 3062.752.899 (depth 2, 32 lits): UNSAT in 0.50s
    cube 3062.752.900 (depth 2, 32 lits): UNSAT in 0.29s
    cube 3062.752.901 (depth 2, 32 lits): UNSAT in 0.69s
    cube 3062.752.902 (depth 2, 32 lits): UNSAT in 0.82s
    cube 3062.752.903 (depth 2, 32 lits): UNSAT in 5.04s
    cube 3062.752.904 (depth 2, 32 lits): UNSAT in 0.13s
    cube 3062.752.905 (depth 2, 32 lits): UNSAT in 0.13s
    cube 3062.752.906 (depth 2, 32 lits): UNSAT in 0.29s
    cube 3062.752.907 (depth 2, 32 lits): UNSAT in 1.63s
    cube 3062.752.908 (depth 2, 32 lits): UNSAT in 0.31s
    cube 3062.752.909 (depth 2, 32 lits): UNSAT in 0.59s
    cube 3062.752.910 (depth 2, 32 lits): UNSAT in 1.50s
    cube 3062.752.911 (depth 2, 32 lits): UNSAT in 9.55s
    cube 3062.753 (depth 1, 22 lits): UNSAT in 142.24s
