  shard 18/20 (explicit): 35 of 4095 cubes, per-cube cap 60.0s, re-split depth 3
    batch [3814..3854] TIMEOUT in 900.1s -> per-cube fallback
    cube 3814 (depth 0, 12 lits): TIMEOUT in 60.01s
    cube 3814 TIMEOUT -> re-split into 64 sub-cubes (depth 1)
    cube 3814.0 (depth 1, 18 lits): UNSAT in 0.18s
    cube 3814.1 (depth 1, 18 lits): UNSAT in 0.23s
    cube 3814.2 (depth 1, 18 lits): UNSAT in 0.27s
    cube 3814.3 (depth 1, 18 lits): UNSAT in 0.44s
    cube 3814.4 (depth 1, 18 lits): UNSAT in 0.42s
    cube 3814.5 (depth 1, 18 lits): UNSAT in 0.74s
    cube 3814.6 (depth 1, 18 lits): UNSAT in 0.50s
    cube 3814.7 (depth 1, 18 lits): UNSAT in 1.52s
    cube 3814.8 (depth 1, 18 lits): UNSAT in 0.39s
    cube 3814.9 (depth 1, 18 lits): UNSAT in 1.01s
    cube 3814.10 (depth 1, 18 lits): UNSAT in 0.75s
    cube 3814.11 (depth 1, 18 lits): UNSAT in 2.42s
    cube 3814.12 (depth 1, 18 lits): UNSAT in 0.92s
    cube 3814.13 (depth 1, 18 lits): UNSAT in 2.76s
    cube 3814.14 (depth 1, 18 lits): UNSAT in 3.16s
    cube 3814.15 (depth 1, 18 lits): UNSAT in 6.30s
    cube 3814.16 (depth 1, 18 lits): UNSAT in 0.09s
    cube 3814.17 (depth 1, 18 lits): UNSAT in 0.74s
    cube 3814.18 (depth 1, 18 lits): UNSAT in 0.61s
    cube 3814.19 (depth 1, 18 lits): UNSAT in 2.47s
    cube 3814.20 (depth 1, 18 lits): UNSAT in 0.66s
    cube 3814.21 (depth 1, 18 lits): UNSAT in 1.18s
    cube 3814.22 (depth 1, 18 lits): UNSAT in 2.45s
    cube 3814.23 (depth 1, 18 lits): UNSAT in 5.95s
    cube 3814.24 (depth 1, 18 lits): UNSAT in 0.21s
    cube 3814.25 (depth 1, 18 lits): UNSAT in 0.44s
    cube 3814.26 (depth 1, 18 lits): UNSAT in 0.12s
    cube 3814.27 (depth 1, 18 lits): UNSAT in 2.13s
    cube 3814.28 (depth 1, 18 lits): UNSAT in 0.20s
    cube 3814.29 (depth 1, 18 lits): UNSAT in 8.08s
    cube 3814.30 (depth 1, 18 lits): UNSAT in 16.62s
    cube 3814.31 (depth 1, 18 lits): TIMEOUT in 60.06s
    cube 3814.31 TIMEOUT -> re-split into 57 sub-cubes (depth 2)
    cube 3814.31.0 (depth 2, 23 lits): UNSAT in 0.01s
    cube 3814.31.1 (depth 2, 23 lits): UNSAT in 0.01s
    cube 3814.31.2 (depth 2, 23 lits): UNSAT in 0.01s
    cube 3814.31.3 (depth 2, 24 lits): UNSAT in 0.01s
    cube 3814.31.4 (depth 2, 24 lits): UNSAT in 0.02s
    cube 3814.31.5 (depth 2, 22 lits): UNSAT in 0.02s
    cube 3814.31.6 (depth 2, 23 lits): UNSAT in 0.02s
    cube 3814.31.7 (depth 2, 24 lits): UNSAT in 0.02s
    cube 3814.31.8 (depth 2, 24 lits): UNSAT in 0.08s
    cube 3814.31.9 (depth 2, 24 lits): UNSAT in 0.02s
    cube 3814.31.10 (depth 2, 24 lits): UNSAT in 0.01s
    cube 3814.31.11 (depth 2, 24 lits): UNSAT in 0.02s
    cube 3814.31.12 (depth 2, 24 lits): UNSAT in 0.02s
    cube 3814.31.13 (depth 2, 24 lits): UNSAT in 0.01s
    cube 3814.31.14 (depth 2, 24 lits): UNSAT in 0.03s
    cube 3814.31.15 (depth 2, 24 lits): UNSAT in 0.03s
    cube 3814.31.16 (depth 2, 24 lits): UNSAT in 0.05s
    cube 3814.31.17 (depth 2, 24 lits): UNSAT in 0.04s
    cube 3814.31.18 (depth 2, 24 lits): UNSAT in 0.15s
    cube 3814.31.19 (depth 2, 24 lits): UNSAT in 0.13s
    cube 3814.31.20 (depth 2, 24 lits): UNSAT in 0.40s
    cube 3814.31.21 (depth 2, 24 lits): UNSAT in 0.23s
    cube 3814.31.22 (depth 2, 24 lits): UNSAT in 0.66s
    cube 3814.31.23 (depth 2, 24 lits): UNSAT in 0.36s
    cube 3814.31.24 (depth 2, 24 lits): UNSAT in 1.02s
    cube 3814.31.25 (depth 2, 24 lits): UNSAT in 0.02s
    cube 3814.31.26 (depth 2, 24 lits): UNSAT in 0.04s
    cube 3814.31.27 (depth 2, 24 lits): UNSAT in 0.13s
    cube 3814.31.28 (depth 2, 24 lits): UNSAT in 0.17s
    cube 3814.31.29 (depth 2, 24 lits): UNSAT in 0.04s
    cube 3814.31.30 (depth 2, 24 lits): UNSAT in 0.12s
    cube 3814.31.31 (depth 2, 24 lits): UNSAT in 0.22s
    cube 3814.31.32 (depth 2, 24 lits): UNSAT in 0.50s
    cube 3814.31.33 (depth 2, 24 lits): UNSAT in 0.03s
    cube 3814.31.34 (depth 2, 24 lits): UNSAT in 0.02s
    cube 3814.31.35 (depth 2, 24 lits): UNSAT in 0.23s
    cube 3814.31.36 (depth 2, 24 lits): UNSAT in 1.77s
    cube 3814.31.37 (depth 2, 24 lits): UNSAT in 0.04s
    cube 3814.31.38 (depth 2, 24 lits): UNSAT in 0.51s
    cube 3814.31.39 (depth 2, 24 lits): UNSAT in 1.37s
    cube 3814.31.40 (depth 2, 24 lits): UNSAT in 3.08s
    cube 3814.31.41 (depth 2, 24 lits): UNSAT in 0.34s
    cube 3814.31.42 (depth 2, 24 lits): UNSAT in 0.73s
    cube 3814.31.43 (depth 2, 24 lits): UNSAT in 0.27s
    cube 3814.31.44 (depth 2, 24 lits): UNSAT in 0.78s
    cube 3814.31.45 (depth 2, 24 lits): UNSAT in 0.25s
    cube 3814.31.46 (depth 2, 24 lits): UNSAT in 0.29s
    cube 3814.31.47 (depth 2, 24 lits): UNSAT in 1.96s
    cube 3814.31.48 (depth 2, 24 lits): UNSAT in 4.19s
    cube 3814.31.49 (depth 2, 24 lits): UNSAT in 0.05s
    cube 3814.31.50 (depth 2, 24 lits): UNSAT in 0.33s
    cube 3814.31.51 (depth 2, 24 lits): UNSAT in 0.18s
    cube 3814.31.52 (depth 2, 24 lits): UNSAT in 4.14s
    cube 3814.31.53 (depth 2, 24 lits): UNSAT in 0.14s
    cube 3814.31.54 (depth 2, 24 lits): UNSAT in 0.38s
    cube 3814.31.55 (depth 2, 24 lits): UNSAT in 0.18s
    cube 3814.31.56 (depth 2, 24 lits): UNSAT in 6.41s
    cube 3814.32 (depth 1, 18 lits): UNSAT in 0.51s
    cube 3814.33 (depth 1, 18 lits): UNSAT in 1.21s
    cube 3814.34 (depth 1, 18 lits): UNSAT in 1.12s
    cube 3814.35 (depth 1, 18 lits): UNSAT in 3.17s
    cube 3814.36 (depth 1, 18 lits): UNSAT in 0.33s
    cube 3814.37 (depth 1, 18 lits): UNSAT in 2.85s
    cube 3814.38 (depth 1, 18 lits): UNSAT in 2.99s
    cube 3814.39 (depth 1, 18 lits): UNSAT in 18.67s
    cube 3814.40 (depth 1, 18 lits): UNSAT in 2.14s
    cube 3814.41 (depth 1, 18 lits): UNSAT in 5.00s
    cube 3814.42 (depth 1, 18 lits): UNSAT in 3.77s
    cube 3814.43 (depth 1, 18 lits): UNSAT in 14.45s
    cube 3814.44 (depth 1, 18 lits): UNSAT in 4.14s
    cube 3814.45 (depth 1, 18 lits): UNSAT in 12.17s
    cube 3814.46 (depth 1, 18 lits): UNSAT in 13.56s
    cube 3814.47 (depth 1, 18 lits): TIMEOUT in 60.03s
    cube 3814.47 TIMEOUT -> re-split into 64 sub-cubes (depth 2)
    cube 3814.47.0 (depth 2, 24 lits): UNSAT in 0.05s
    cube 3814.47.1 (depth 2, 24 lits): UNSAT in 0.17s
    cube 3814.47.2 (depth 2, 24 lits): UNSAT in 0.28s
    cube 3814.47.3 (depth 2, 24 lits): UNSAT in 0.37s
    cube 3814.47.4 (depth 2, 24 lits): UNSAT in 0.19s
    cube 3814.47.5 (depth 2, 24 lits): UNSAT in 0.40s
    cube 3814.47.6 (depth 2, 24 lits): UNSAT in 0.57s
    cube 3814.47.7 (depth 2, 24 lits): UNSAT in 1.38s
    cube 3814.47.8 (depth 2, 24 lits): UNSAT in 0.13s
    cube 3814.47.9 (depth 2, 24 lits): UNSAT in 0.15s
    cube 3814.47.10 (depth 2, 24 lits): UNSAT in 0.29s
    cube 3814.47.11 (depth 2, 24 lits): UNSAT in 0.81s
    cube 3814.47.12 (depth 2, 24 lits): UNSAT in 0.18s
    cube 3814.47.13 (depth 2, 24 lits): UNSAT in 0.31s
    cube 3814.47.14 (depth 2, 24 lits): UNSAT in 0.72s
    cube 3814.47.15 (depth 2, 24 lits): UNSAT in 3.34s
    cube 3814.47.16 (depth 2, 24 lits): UNSAT in 0.05s
    cube 3814.47.17 (depth 2, 24 lits): UNSAT in 0.14s
    cube 3814.47.18 (depth 2, 24 lits): UNSAT in 0.07s
    cube 3814.47.19 (depth 2, 24 lits): UNSAT in 0.72s
    cube 3814.47.20 (depth 2, 24 lits): UNSAT in 0.08s
    cube 3814.47.21 (depth 2, 24 lits): UNSAT in 0.28s
    cube 3814.47.22 (depth 2, 24 lits): UNSAT in 0.43s
    cube 3814.47.23 (depth 2, 24 lits): UNSAT in 2.71s
    cube 3814.47.24 (depth 2, 24 lits): UNSAT in 0.35s
    cube 3814.47.25 (depth 2, 24 lits): UNSAT in 0.98s
    cube 3814.47.26 (depth 2, 24 lits): UNSAT in 0.56s
    cube 3814.47.27 (depth 2, 24 lits): UNSAT in 1.47s
    cube 3814.47.28 (depth 2, 24 lits): UNSAT in 1.06s
    cube 3814.47.29 (depth 2, 24 lits): UNSAT in 2.24s
    cube 3814.47.30 (depth 2, 24 lits): UNSAT in 3.86s
    cube 3814.47.31 (depth 2, 24 lits): UNSAT in 5.14s
    cube 3814.47.32 (depth 2, 24 lits): UNSAT in 0.16s
    cube 3814.47.33 (depth 2, 24 lits): UNSAT in 0.21s
    cube 3814.47.34 (depth 2, 24 lits): UNSAT in 0.21s
    cube 3814.47.35 (depth 2, 24 lits): UNSAT in 0.34s
    cube 3814.47.36 (depth 2, 24 lits): UNSAT in 0.25s
    cube 3814.47.37 (depth 2, 24 lits): UNSAT in 0.76s
    cube 3814.47.38 (depth 2, 24 lits): UNSAT in 0.78s
    cube 3814.47.39 (depth 2, 24 lits): UNSAT in 2.05s
    cube 3814.47.40 (depth 2, 24 lits): UNSAT in 0.26s
    cube 3814.47.41 (depth 2, 24 lits): UNSAT in 0.65s
    cube 3814.47.42 (depth 2, 24 lits): UNSAT in 0.70s
    cube 3814.47.43 (depth 2, 24 lits): UNSAT in 1.88s
    cube 3814.47.44 (depth 2, 24 lits): UNSAT in 1.01s
    cube 3814.47.45 (depth 2, 24 lits): UNSAT in 2.85s
    cube 3814.47.46 (depth 2, 24 lits): UNSAT in 4.06s
    cube 3814.47.47 (depth 2, 24 lits): UNSAT in 2.83s
    cube 3814.47.48 (depth 2, 24 lits): UNSAT in 0.42s
    cube 3814.47.49 (depth 2, 24 lits): UNSAT in 0.64s
    cube 3814.47.50 (depth 2, 24 lits): UNSAT in 0.57s
    cube 3814.47.51 (depth 2, 24 lits): UNSAT in 2.35s
    cube 3814.47.52 (depth 2, 24 lits): UNSAT in 0.92s
    cube 3814.47.53 (depth 2, 24 lits): UNSAT in 2.11s
    cube 3814.47.54 (depth 2, 24 lits): UNSAT in 2.21s
    cube 3814.47.55 (depth 2, 24 lits): UNSAT in 5.73s
    cube 3814.47.56 (depth 2, 24 lits): UNSAT in 0.57s
    cube 3814.47.57 (depth 2, 24 lits): UNSAT in 3.04s
    cube 3814.47.58 (depth 2, 24 lits): UNSAT in 2.32s
    cube 3814.47.59 (depth 2, 24 lits): UNSAT in 5.59s
    cube 3814.47.60 (depth 2, 24 lits): UNSAT in 1.69s
    cube 3814.47.61 (depth 2, 24 lits): UNSAT in 6.13s
    cube 3814.47.62 (depth 2, 24 lits): UNSAT in 1.68s
    cube 3814.47.63 (depth 2, 24 lits): UNSAT in 6.29s
    cube 3814.48 (depth 1, 18 lits): UNSAT in 0.38s
    cube 3814.49 (depth 1, 18 lits): UNSAT in 3.51s
    cube 3814.50 (depth 1, 18 lits): UNSAT in 1.30s
    cube 3814.51 (depth 1, 18 lits): UNSAT in 11.10s
    cube 3814.52 (depth 1, 18 lits): UNSAT in 5.03s
    cube 3814.53 (depth 1, 18 lits): UNSAT in 21.24s
    cube 3814.54 (depth 1, 18 lits): UNSAT in 6.54s
    cube 3814.55 (depth 1, 18 lits): TIMEOUT in 60.01s
    cube 3814.55 TIMEOUT -> re-split into 64 sub-cubes (depth 2)
    cube 3814.55.0 (depth 2, 24 lits): UNSAT in 0.03s
    cube 3814.55.1 (depth 2, 24 lits): UNSAT in 0.04s
    cube 3814.55.2 (depth 2, 24 lits): UNSAT in 0.05s
    cube 3814.55.3 (depth 2, 24 lits): UNSAT in 0.10s
    cube 3814.55.4 (depth 2, 24 lits): UNSAT in 0.04s
    cube 3814.55.5 (depth 2, 24 lits): UNSAT in 0.07s
    cube 3814.55.6 (depth 2, 24 lits): UNSAT in 0.07s
    cube 3814.55.7 (depth 2, 24 lits): UNSAT in 0.13s
    cube 3814.55.8 (depth 2, 24 lits): UNSAT in 0.05s
    cube 3814.55.9 (depth 2, 24 lits): UNSAT in 0.12s
    cube 3814.55.10 (depth 2, 24 lits): UNSAT in 0.11s
    cube 3814.55.11 (depth 2, 24 lits): UNSAT in 0.29s
    cube 3814.55.12 (depth 2, 24 lits): UNSAT in 0.04s
    cube 3814.55.13 (depth 2, 24 lits): UNSAT in 0.16s
    cube 3814.55.14 (depth 2, 24 lits): UNSAT in 0.17s
    cube 3814.55.15 (depth 2, 24 lits): UNSAT in 0.52s
    cube 3814.55.16 (depth 2, 24 lits): UNSAT in 0.02s
    cube 3814.55.17 (depth 2, 24 lits): UNSAT in 0.03s
    cube 3814.55.18 (depth 2, 24 lits): UNSAT in 0.01s
    cube 3814.55.19 (depth 2, 24 lits): UNSAT in 0.02s
    cube 3814.55.20 (depth 2, 24 lits): UNSAT in 0.04s
    cube 3814.55.21 (depth 2, 24 lits): UNSAT in 0.10s
    cube 3814.55.22 (depth 2, 24 lits): UNSAT in 0.14s
    cube 3814.55.23 (depth 2, 24 lits): UNSAT in 0.05s
    cube 3814.55.24 (depth 2, 24 lits): UNSAT in 0.02s
    cube 3814.55.25 (depth 2, 24 lits): UNSAT in 0.14s
    cube 3814.55.26 (depth 2, 24 lits): UNSAT in 0.10s
    cube 3814.55.27 (depth 2, 24 lits): UNSAT in 0.16s
    cube 3814.55.28 (depth 2, 24 lits): UNSAT in 0.64s
    cube 3814.55.29 (depth 2, 24 lits): UNSAT in 0.85s
    cube 3814.55.30 (depth 2, 24 lits): UNSAT in 1.91s
    cube 3814.55.31 (depth 2, 24 lits): UNSAT in 3.98s
    cube 3814.55.32 (depth 2, 24 lits): UNSAT in 0.03s
    cube 3814.55.33 (depth 2, 24 lits): UNSAT in 0.10s
    cube 3814.55.34 (depth 2, 24 lits): UNSAT in 0.17s
    cube 3814.55.35 (depth 2, 24 lits): UNSAT in 0.75s
    cube 3814.55.36 (depth 2, 24 lits): UNSAT in 0.11s
    cube 3814.55.37 (depth 2, 24 lits): UNSAT in 0.52s
    cube 3814.55.38 (depth 2, 24 lits): UNSAT in 0.13s
    cube 3814.55.39 (depth 2, 24 lits): UNSAT in 2.34s
    cube 3814.55.40 (depth 2, 24 lits): UNSAT in 0.02s
    cube 3814.55.41 (depth 2, 24 lits): UNSAT in 0.02s
    cube 3814.55.42 (depth 2, 24 lits): UNSAT in 0.13s
    cube 3814.55.43 (depth 2, 24 lits): UNSAT in 0.31s
    cube 3814.55.44 (depth 2, 24 lits): UNSAT in 0.14s
    cube 3814.55.45 (depth 2, 24 lits): UNSAT in 0.17s
    cube 3814.55.46 (depth 2, 24 lits): UNSAT in 2.23s
    cube 3814.55.47 (depth 2, 24 lits): UNSAT in 7.12s
    cube 3814.55.48 (depth 2, 24 lits): UNSAT in 0.02s
    cube 3814.55.49 (depth 2, 24 lits): UNSAT in 0.09s
    cube 3814.55.50 (depth 2, 24 lits): UNSAT in 0.11s
    cube 3814.55.51 (depth 2, 24 lits): UNSAT in 0.44s
    cube 3814.55.52 (depth 2, 24 lits): UNSAT in 0.12s
    cube 3814.55.53 (depth 2, 24 lits): UNSAT in 0.17s
    cube 3814.55.54 (depth 2, 24 lits): UNSAT in 0.38s
    cube 3814.55.55 (depth 2, 24 lits): UNSAT in 2.29s
    cube 3814.55.56 (depth 2, 24 lits): UNSAT in 1.15s
    cube 3814.55.57 (depth 2, 24 lits): UNSAT in 2.58s
    cube 3814.55.58 (depth 2, 24 lits): UNSAT in 0.51s
    cube 3814.55.59 (depth 2, 24 lits): UNSAT in 7.65s
    cube 3814.55.60 (depth 2, 24 lits): UNSAT in 2.80s
    cube 3814.55.61 (depth 2, 24 lits): UNSAT in 4.88s
    cube 3814.55.62 (depth 2, 24 lits): UNSAT in 5.43s
    cube 3814.55.63 (depth 2, 24 lits): UNSAT in 14.57s
    cube 3814.56 (depth 1, 18 lits): UNSAT in 4.23s
    cube 3814.57 (depth 1, 18 lits): UNSAT in 18.61s
    cube 3814.58 (depth 1, 18 lits): UNSAT in 10.74s
    cube 3814.59 (depth 1, 18 lits): TIMEOUT in 60.06s
    cube 3814.59 TIMEOUT -> re-split into 64 sub-cubes (depth 2)
    cube 3814.59.0 (depth 2, 24 lits): UNSAT in 0.14s
    cube 3814.59.1 (depth 2, 24 lits): UNSAT in 0.16s
    cube 3814.59.2 (depth 2, 24 lits): UNSAT in 0.15s
    cube 3814.59.3 (depth 2, 24 lits): UNSAT in 0.33s
    cube 3814.59.4 (depth 2, 24 lits): UNSAT in 0.05s
    cube 3814.59.5 (depth 2, 24 lits): UNSAT in 0.16s
    cube 3814.59.6 (depth 2, 24 lits): UNSAT in 0.38s
    cube 3814.59.7 (depth 2, 24 lits): UNSAT in 0.62s
    cube 3814.59.8 (depth 2, 24 lits): UNSAT in 0.06s
    cube 3814.59.9 (depth 2, 24 lits): UNSAT in 0.25s
    cube 3814.59.10 (depth 2, 24 lits): UNSAT in 0.27s
    cube 3814.59.11 (depth 2, 24 lits): UNSAT in 0.77s
    cube 3814.59.12 (depth 2, 24 lits): UNSAT in 0.30s
    cube 3814.59.13 (depth 2, 24 lits): UNSAT in 0.78s
    cube 3814.59.14 (depth 2, 24 lits): UNSAT in 0.61s
    cube 3814.59.15 (depth 2, 24 lits): UNSAT in 1.61s
    cube 3814.59.16 (depth 2, 24 lits): UNSAT in 0.25s
    cube 3814.59.17 (depth 2, 24 lits): UNSAT in 0.45s
    cube 3814.59.18 (depth 2, 24 lits): UNSAT in 0.25s
    cube 3814.59.19 (depth 2, 24 lits): UNSAT in 0.53s
    cube 3814.59.20 (depth 2, 24 lits): UNSAT in 0.27s
    cube 3814.59.21 (depth 2, 24 lits): UNSAT in 0.72s
    cube 3814.59.22 (depth 2, 24 lits): UNSAT in 0.84s
    cube 3814.59.23 (depth 2, 24 lits): UNSAT in 1.67s
    cube 3814.59.24 (depth 2, 24 lits): UNSAT in 0.41s
    cube 3814.59.25 (depth 2, 24 lits): UNSAT in 1.01s
    cube 3814.59.26 (depth 2, 24 lits): UNSAT in 1.03s
    cube 3814.59.27 (depth 2, 24 lits): UNSAT in 2.04s
    cube 3814.59.28 (depth 2, 24 lits): UNSAT in 0.64s
    cube 3814.59.29 (depth 2, 24 lits): UNSAT in 1.56s
    cube 3814.59.30 (depth 2, 24 lits): UNSAT in 2.91s
    cube 3814.59.31 (depth 2, 24 lits): UNSAT in 5.91s
    cube 3814.59.32 (depth 2, 24 lits): UNSAT in 0.04s
    cube 3814.59.33 (depth 2, 24 lits): UNSAT in 0.11s
    cube 3814.59.34 (depth 2, 24 lits): UNSAT in 0.08s
    cube 3814.59.35 (depth 2, 24 lits): UNSAT in 0.70s
    cube 3814.59.36 (depth 2, 24 lits): UNSAT in 0.09s
    cube 3814.59.37 (depth 2, 24 lits): UNSAT in 0.71s
    cube 3814.59.38 (depth 2, 24 lits): UNSAT in 0.87s
    cube 3814.59.39 (depth 2, 24 lits): UNSAT in 2.53s
    cube 3814.59.40 (depth 2, 24 lits): UNSAT in 0.42s
    cube 3814.59.41 (depth 2, 24 lits): UNSAT in 0.83s
    cube 3814.59.42 (depth 2, 24 lits): UNSAT in 0.69s
    cube 3814.59.43 (depth 2, 24 lits): UNSAT in 1.58s
    cube 3814.59.44 (depth 2, 24 lits): UNSAT in 0.92s
    cube 3814.59.45 (depth 2, 24 lits): UNSAT in 2.89s
    cube 3814.59.46 (depth 2, 24 lits): UNSAT in 1.95s
    cube 3814.59.47 (depth 2, 24 lits): UNSAT in 8.04s
    cube 3814.59.48 (depth 2, 24 lits): UNSAT in 0.63s
    cube 3814.59.49 (depth 2, 24 lits): UNSAT in 1.54s
    cube 3814.59.50 (depth 2, 24 lits): UNSAT in 1.30s
    cube 3814.59.51 (depth 2, 24 lits): UNSAT in 3.26s
    cube 3814.59.52 (depth 2, 24 lits): UNSAT in 1.36s
    cube 3814.59.53 (depth 2, 24 lits): UNSAT in 2.30s
    cube 3814.59.54 (depth 2, 24 lits): UNSAT in 1.94s
    cube 3814.59.55 (depth 2, 24 lits): UNSAT in 9.77s
    cube 3814.59.56 (depth 2, 24 lits): UNSAT in 0.63s
    cube 3814.59.57 (depth 2, 24 lits): UNSAT in 2.47s
    cube 3814.59.58 (depth 2, 24 lits): UNSAT in 1.52s
    cube 3814.59.59 (depth 2, 24 lits): UNSAT in 6.20s
    cube 3814.59.60 (depth 2, 24 lits): UNSAT in 3.77s
    cube 3814.59.61 (depth 2, 24 lits): UNSAT in 10.25s
    cube 3814.59.62 (depth 2, 24 lits): UNSAT in 8.26s
    cube 3814.59.63 (depth 2, 24 lits): UNSAT in 31.40s
    cube 3814.60 (depth 1, 18 lits): UNSAT in 40.92s
    cube 3814.61 (depth 1, 18 lits): TIMEOUT in 60.06s
    cube 3814.61 TIMEOUT -> re-split into 64 sub-cubes (depth 2)
    cube 3814.61.0 (depth 2, 24 lits): UNSAT in 0.02s
    cube 3814.61.1 (depth 2, 24 lits): UNSAT in 0.04s
    cube 3814.61.2 (depth 2, 24 lits): UNSAT in 0.02s
    cube 3814.61.3 (depth 2, 24 lits): UNSAT in 0.04s
    cube 3814.61.4 (depth 2, 24 lits): UNSAT in 0.03s
    cube 3814.61.5 (depth 2, 24 lits): UNSAT in 0.16s
    cube 3814.61.6 (depth 2, 24 lits): UNSAT in 0.09s
    cube 3814.61.7 (depth 2, 24 lits): UNSAT in 0.42s
    cube 3814.61.8 (depth 2, 24 lits): UNSAT in 0.06s
    cube 3814.61.9 (depth 2, 24 lits): UNSAT in 0.03s
    cube 3814.61.10 (depth 2, 24 lits): UNSAT in 0.05s
    cube 3814.61.11 (depth 2, 24 lits): UNSAT in 0.34s
    cube 3814.61.12 (depth 2, 24 lits): UNSAT in 0.57s
    cube 3814.61.13 (depth 2, 24 lits): UNSAT in 1.46s
    cube 3814.61.14 (depth 2, 24 lits): UNSAT in 0.23s
    cube 3814.61.15 (depth 2, 24 lits): UNSAT in 3.60s
    cube 3814.61.16 (depth 2, 24 lits): UNSAT in 0.17s
    cube 3814.61.17 (depth 2, 24 lits): UNSAT in 0.29s
    cube 3814.61.18 (depth 2, 24 lits): UNSAT in 0.26s
    cube 3814.61.19 (depth 2, 24 lits): UNSAT in 0.53s
    cube 3814.61.20 (depth 2, 24 lits): UNSAT in 0.30s
    cube 3814.61.21 (depth 2, 24 lits): UNSAT in 0.56s
    cube 3814.61.22 (depth 2, 24 lits): UNSAT in 0.43s
    cube 3814.61.23 (depth 2, 24 lits): UNSAT in 1.26s
    cube 3814.61.24 (depth 2, 24 lits): UNSAT in 0.04s
    cube 3814.61.25 (depth 2, 24 lits): UNSAT in 0.19s
    cube 3814.61.26 (depth 2, 24 lits): UNSAT in 0.26s
    cube 3814.61.27 (depth 2, 24 lits): UNSAT in 0.99s
    cube 3814.61.28 (depth 2, 24 lits): UNSAT in 0.17s
    cube 3814.61.29 (depth 2, 24 lits): UNSAT in 0.22s
    cube 3814.61.30 (depth 2, 24 lits): UNSAT in 2.05s
    cube 3814.61.31 (depth 2, 24 lits): UNSAT in 6.22s
    cube 3814.61.32 (depth 2, 24 lits): UNSAT in 0.02s
    cube 3814.61.33 (depth 2, 24 lits): UNSAT in 0.02s
    cube 3814.61.34 (depth 2, 24 lits): UNSAT in 0.02s
    cube 3814.61.35 (depth 2, 24 lits): UNSAT in 0.05s
    cube 3814.61.36 (depth 2, 24 lits): UNSAT in 0.02s
    cube 3814.61.37 (depth 2, 24 lits): UNSAT in 0.05s
    cube 3814.61.38 (depth 2, 24 lits): UNSAT in 0.11s
    cube 3814.61.39 (depth 2, 24 lits): UNSAT in 0.09s
    cube 3814.61.40 (depth 2, 24 lits): UNSAT in 0.03s
    cube 3814.61.41 (depth 2, 24 lits): UNSAT in 0.12s
    cube 3814.61.42 (depth 2, 24 lits): UNSAT in 0.04s
    cube 3814.61.43 (depth 2, 24 lits): UNSAT in 0.05s
    cube 3814.61.44 (depth 2, 24 lits): UNSAT in 0.17s
    cube 3814.61.45 (depth 2, 24 lits): UNSAT in 0.36s
    cube 3814.61.46 (depth 2, 24 lits): UNSAT in 0.15s
    cube 3814.61.47 (depth 2, 24 lits): UNSAT in 0.77s
    cube 3814.61.48 (depth 2, 24 lits): UNSAT in 0.11s
    cube 3814.61.49 (depth 2, 24 lits): UNSAT in 0.31s
    cube 3814.61.50 (depth 2, 24 lits): UNSAT in 0.32s
    cube 3814.61.51 (depth 2, 24 lits): UNSAT in 0.40s
    cube 3814.61.52 (depth 2, 24 lits): UNSAT in 1.34s
    cube 3814.61.53 (depth 2, 24 lits): UNSAT in 1.17s
    cube 3814.61.54 (depth 2, 24 lits): UNSAT in 0.63s
    cube 3814.61.55 (depth 2, 24 lits): UNSAT in 7.20s
    cube 3814.61.56 (depth 2, 24 lits): UNSAT in 0.16s
    cube 3814.61.57 (depth 2, 24 lits): UNSAT in 0.64s
    cube 3814.61.58 (depth 2, 24 lits): UNSAT in 0.98s
    cube 3814.61.59 (depth 2, 24 lits): UNSAT in 6.10s
    cube 3814.61.60 (depth 2, 24 lits): UNSAT in 1.45s
    cube 3814.61.61 (depth 2, 24 lits): UNSAT in 1.93s
    cube 3814.61.62 (depth 2, 24 lits): UNSAT in 4.79s
    cube 3814.61.63 (depth 2, 24 lits): UNSAT in 55.14s
    cube 3814.62 (depth 1, 18 lits): TIMEOUT in 60.04s
    cube 3814.62 TIMEOUT -> re-split into 64 sub-cubes (depth 2)
    cube 3814.62.0 (depth 2, 24 lits): UNSAT in 0.05s
    cube 3814.62.1 (depth 2, 24 lits): UNSAT in 0.17s
    cube 3814.62.2 (depth 2, 24 lits): UNSAT in 0.18s
    cube 3814.62.3 (depth 2, 24 lits): UNSAT in 0.29s
    cube 3814.62.4 (depth 2, 24 lits): UNSAT in 0.17s
    cube 3814.62.5 (depth 2, 24 lits): UNSAT in 0.29s
    cube 3814.62.6 (depth 2, 24 lits): UNSAT in 0.27s
    cube 3814.62.7 (depth 2, 24 lits): UNSAT in 0.41s
    cube 3814.62.8 (depth 2, 24 lits): UNSAT in 0.18s
    cube 3814.62.9 (depth 2, 24 lits): UNSAT in 0.40s
    cube 3814.62.10 (depth 2, 24 lits): UNSAT in 0.29s
    cube 3814.62.11 (depth 2, 24 lits): UNSAT in 0.79s
    cube 3814.62.12 (depth 2, 24 lits): UNSAT in 0.34s
    cube 3814.62.13 (depth 2, 24 lits): UNSAT in 0.73s
    cube 3814.62.14 (depth 2, 24 lits): UNSAT in 1.07s
    cube 3814.62.15 (depth 2, 24 lits): UNSAT in 1.00s
    cube 3814.62.16 (depth 2, 24 lits): UNSAT in 0.02s
    cube 3814.62.17 (depth 2, 24 lits): UNSAT in 0.12s
    cube 3814.62.18 (depth 2, 24 lits): UNSAT in 0.23s
    cube 3814.62.19 (depth 2, 24 lits): UNSAT in 1.57s
    cube 3814.62.20 (depth 2, 24 lits): UNSAT in 0.19s
    cube 3814.62.21 (depth 2, 24 lits): UNSAT in 0.54s
    cube 3814.62.22 (depth 2, 24 lits): UNSAT in 1.12s
    cube 3814.62.23 (depth 2, 24 lits): UNSAT in 3.68s
    cube 3814.62.24 (depth 2, 24 lits): UNSAT in 0.53s
    cube 3814.62.25 (depth 2, 24 lits): UNSAT in 2.54s
    cube 3814.62.26 (depth 2, 24 lits): UNSAT in 0.76s
    cube 3814.62.27 (depth 2, 24 lits): UNSAT in 4.72s
    cube 3814.62.28 (depth 2, 24 lits): UNSAT in 1.27s
    cube 3814.62.29 (depth 2, 24 lits): UNSAT in 3.03s
    cube 3814.62.30 (depth 2, 24 lits): UNSAT in 3.76s
    cube 3814.62.31 (depth 2, 24 lits): UNSAT in 15.16s
    cube 3814.62.32 (depth 2, 24 lits): UNSAT in 0.01s
    cube 3814.62.33 (depth 2, 24 lits): UNSAT in 0.02s
    cube 3814.62.34 (depth 2, 24 lits): UNSAT in 0.03s
    cube 3814.62.35 (depth 2, 24 lits): UNSAT in 0.08s
    cube 3814.62.36 (depth 2, 24 lits): UNSAT in 0.05s
    cube 3814.62.37 (depth 2, 24 lits): UNSAT in 0.38s
    cube 3814.62.38 (depth 2, 24 lits): UNSAT in 0.63s
    cube 3814.62.39 (depth 2, 24 lits): UNSAT in 1.83s
    cube 3814.62.40 (depth 2, 24 lits): UNSAT in 0.04s
    cube 3814.62.41 (depth 2, 24 lits): UNSAT in 0.07s
    cube 3814.62.42 (depth 2, 24 lits): UNSAT in 0.06s
    cube 3814.62.43 (depth 2, 24 lits): UNSAT in 0.19s
    cube 3814.62.44 (depth 2, 24 lits): UNSAT in 0.11s
    cube 3814.62.45 (depth 2, 24 lits): UNSAT in 0.21s
    cube 3814.62.46 (depth 2, 24 lits): UNSAT in 0.87s
    cube 3814.62.47 (depth 2, 24 lits): UNSAT in 15.16s
    cube 3814.62.48 (depth 2, 24 lits): UNSAT in 0.22s
    cube 3814.62.49 (depth 2, 24 lits): UNSAT in 0.51s
    cube 3814.62.50 (depth 2, 24 lits): UNSAT in 0.67s
    cube 3814.62.51 (depth 2, 24 lits): UNSAT in 1.51s
    cube 3814.62.52 (depth 2, 24 lits): UNSAT in 0.30s
    cube 3814.62.53 (depth 2, 24 lits): UNSAT in 1.08s
    cube 3814.62.54 (depth 2, 24 lits): UNSAT in 1.84s
    cube 3814.62.55 (depth 2, 24 lits): UNSAT in 7.30s
    cube 3814.62.56 (depth 2, 24 lits): UNSAT in 0.93s
    cube 3814.62.57 (depth 2, 24 lits): UNSAT in 1.72s
    cube 3814.62.58 (depth 2, 24 lits): UNSAT in 1.58s
    cube 3814.62.59 (depth 2, 24 lits): UNSAT in 4.05s
    cube 3814.62.60 (depth 2, 24 lits): UNSAT in 1.53s
    cube 3814.62.61 (depth 2, 24 lits): UNSAT in 5.30s
    cube 3814.62.62 (depth 2, 24 lits): UNSAT in 5.63s
    cube 3814.62.63 (depth 2, 24 lits): UNSAT in 37.62s
    cube 3814.63 (depth 1, 18 lits): TIMEOUT in 60.05s
    cube 3814.63 TIMEOUT -> re-split into 64 sub-cubes (depth 2)
    cube 3814.63.0 (depth 2, 24 lits): UNSAT in 0.54s
    cube 3814.63.1 (depth 2, 24 lits): UNSAT in 1.10s
    cube 3814.63.2 (depth 2, 24 lits): UNSAT in 0.75s
    cube 3814.63.3 (depth 2, 24 lits): UNSAT in 2.73s
    cube 3814.63.4 (depth 2, 24 lits): UNSAT in 0.93s
    cube 3814.63.5 (depth 2, 24 lits): UNSAT in 2.80s
    cube 3814.63.6 (depth 2, 24 lits): UNSAT in 1.93s
    cube 3814.63.7 (depth 2, 24 lits): UNSAT in 4.75s
    cube 3814.63.8 (depth 2, 24 lits): UNSAT in 0.12s
    cube 3814.63.9 (depth 2, 24 lits): UNSAT in 0.53s
    cube 3814.63.10 (depth 2, 24 lits): UNSAT in 0.23s
    cube 3814.63.11 (depth 2, 24 lits): UNSAT in 2.49s
    cube 3814.63.12 (depth 2, 24 lits): UNSAT in 0.26s
    cube 3814.63.13 (depth 2, 24 lits): UNSAT in 2.07s
    cube 3814.63.14 (depth 2, 24 lits): UNSAT in 0.28s
    cube 3814.63.15 (depth 2, 24 lits): UNSAT in 7.99s
    cube 3814.63.16 (depth 2, 24 lits): UNSAT in 0.28s
    cube 3814.63.17 (depth 2, 24 lits): UNSAT in 0.59s
    cube 3814.63.18 (depth 2, 24 lits): UNSAT in 1.48s
    cube 3814.63.19 (depth 2, 24 lits): UNSAT in 2.72s
    cube 3814.63.20 (depth 2, 24 lits): UNSAT in 2.05s
    cube 3814.63.21 (depth 2, 24 lits): UNSAT in 3.15s
    cube 3814.63.22 (depth 2, 24 lits): UNSAT in 3.48s
    cube 3814.63.23 (depth 2, 24 lits): UNSAT in 21.04s
    cube 3814.63.24 (depth 2, 24 lits): UNSAT in 1.80s
    cube 3814.63.25 (depth 2, 24 lits): UNSAT in 3.09s
    cube 3814.63.26 (depth 2, 24 lits): UNSAT in 2.65s
    cube 3814.63.27 (depth 2, 24 lits): UNSAT in 11.86s
    cube 3814.63.28 (depth 2, 24 lits): UNSAT in 2.32s
    cube 3814.63.29 (depth 2, 24 lits): UNSAT in 11.56s
    cube 3814.63.30 (depth 2, 24 lits): UNSAT in 15.71s
    cube 3814.63.31 (depth 2, 24 lits): TIMEOUT in 60.06s
    cube 3814.63.31 TIMEOUT -> re-split into 64 sub-cubes (depth 3)
    cube 3814.63.31.0 (depth 3, 30 lits): UNSAT in 0.04s
    cube 3814.63.31.1 (depth 3, 30 lits): UNSAT in 0.10s
    cube 3814.63.31.2 (depth 3, 30 lits): UNSAT in 0.17s
    cube 3814.63.31.3 (depth 3, 30 lits): UNSAT in 0.32s
    cube 3814.63.31.4 (depth 3, 30 lits): UNSAT in 0.32s
    cube 3814.63.31.5 (depth 3, 30 lits): UNSAT in 0.61s
    cube 3814.63.31.6 (depth 3, 30 lits): UNSAT in 0.22s
    cube 3814.63.31.7 (depth 3, 30 lits): UNSAT in 0.95s
    cube 3814.63.31.8 (depth 3, 30 lits): UNSAT in 0.04s
    cube 3814.63.31.9 (depth 3, 30 lits): UNSAT in 0.26s
    cube 3814.63.31.10 (depth 3, 30 lits): UNSAT in 0.29s
    cube 3814.63.31.11 (depth 3, 30 lits): UNSAT in 0.95s
    cube 3814.63.31.12 (depth 3, 30 lits): UNSAT in 0.53s
    cube 3814.63.31.13 (depth 3, 30 lits): UNSAT in 0.92s
    cube 3814.63.31.14 (depth 3, 30 lits): UNSAT in 0.64s
    cube 3814.63.31.15 (depth 3, 30 lits): UNSAT in 2.49s
    cube 3814.63.31.16 (depth 3, 30 lits): UNSAT in 0.16s
    cube 3814.63.31.17 (depth 3, 30 lits): UNSAT in 0.19s
    cube 3814.63.31.18 (depth 3, 30 lits): UNSAT in 0.43s
    cube 3814.63.31.19 (depth 3, 30 lits): UNSAT in 1.12s
    cube 3814.63.31.20 (depth 3, 30 lits): UNSAT in 0.24s
    cube 3814.63.31.21 (depth 3, 30 lits): UNSAT in 0.77s
    cube 3814.63.31.22 (depth 3, 30 lits): UNSAT in 1.37s
    cube 3814.63.31.23 (depth 3, 30 lits): UNSAT in 3.24s
    cube 3814.63.31.24 (depth 3, 30 lits): UNSAT in 0.34s
    cube 3814.63.31.25 (depth 3, 30 lits): UNSAT in 0.98s
    cube 3814.63.31.26 (depth 3, 30 lits): UNSAT in 1.10s
    cube 3814.63.31.27 (depth 3, 30 lits): UNSAT in 3.21s
    cube 3814.63.31.28 (depth 3, 30 lits): UNSAT in 0.68s
    cube 3814.63.31.29 (depth 3, 30 lits): UNSAT in 2.05s
    cube 3814.63.31.30 (depth 3, 30 lits): UNSAT in 4.03s
    cube 3814.63.31.31 (depth 3, 30 lits): UNSAT in 14.06s
    cube 3814.63.31.32 (depth 3, 30 lits): UNSAT in 0.02s
    cube 3814.63.31.33 (depth 3, 30 lits): UNSAT in 0.11s
    cube 3814.63.31.34 (depth 3, 30 lits): UNSAT in 0.15s
    cube 3814.63.31.35 (depth 3, 30 lits): UNSAT in 0.51s
    cube 3814.63.31.36 (depth 3, 30 lits): UNSAT in 0.08s
    cube 3814.63.31.37 (depth 3, 30 lits): UNSAT in 0.45s
    cube 3814.63.31.38 (depth 3, 30 lits): UNSAT in 0.12s
    cube 3814.63.31.39 (depth 3, 30 lits): UNSAT in 1.46s
    cube 3814.63.31.40 (depth 3, 30 lits): UNSAT in 0.39s
    cube 3814.63.31.41 (depth 3, 30 lits): UNSAT in 1.58s
    cube 3814.63.31.42 (depth 3, 30 lits): UNSAT in 0.72s
    cube 3814.63.31.43 (depth 3, 30 lits): UNSAT in 3.37s
    cube 3814.63.31.44 (depth 3, 30 lits): UNSAT in 0.99s
    cube 3814.63.31.45 (depth 3, 30 lits): UNSAT in 3.25s
    cube 3814.63.31.46 (depth 3, 30 lits): UNSAT in 3.40s
    cube 3814.63.31.47 (depth 3, 30 lits): UNSAT in 9.11s
    cube 3814.63.31.48 (depth 3, 30 lits): UNSAT in 0.39s
    cube 3814.63.31.49 (depth 3, 30 lits): UNSAT in 1.18s
    cube 3814.63.31.50 (depth 3, 30 lits): UNSAT in 1.06s
    cube 3814.63.31.51 (depth 3, 30 lits): UNSAT in 4.41s
    cube 3814.63.31.52 (depth 3, 30 lits): UNSAT in 1.68s
    cube 3814.63.31.53 (depth 3, 30 lits): UNSAT in 3.67s
    cube 3814.63.31.54 (depth 3, 30 lits): UNSAT in 3.16s
    cube 3814.63.31.55 (depth 3, 30 lits): UNSAT in 5.47s
    cube 3814.63.31.56 (depth 3, 30 lits): UNSAT in 0.86s
    cube 3814.63.31.57 (depth 3, 30 lits): UNSAT in 2.94s
    cube 3814.63.31.58 (depth 3, 30 lits): UNSAT in 2.60s
    cube 3814.63.31.59 (depth 3, 30 lits): UNSAT in 5.31s
    cube 3814.63.31.60 (depth 3, 30 lits): UNSAT in 3.19s
    cube 3814.63.31.61 (depth 3, 30 lits): UNSAT in 6.84s
    cube 3814.63.31.62 (depth 3, 30 lits): UNSAT in 2.55s
    cube 3814.63.31.63 (depth 3, 30 lits): UNSAT in 8.71s
    cube 3814.63.32 (depth 2, 24 lits): UNSAT in 0.48s
    cube 3814.63.33 (depth 2, 24 lits): UNSAT in 1.37s
    cube 3814.63.34 (depth 2, 24 lits): UNSAT in 1.26s
    cube 3814.63.35 (depth 2, 24 lits): UNSAT in 2.24s
    cube 3814.63.36 (depth 2, 24 lits): UNSAT in 1.02s
    cube 3814.63.37 (depth 2, 24 lits): UNSAT in 1.72s
    cube 3814.63.38 (depth 2, 24 lits): UNSAT in 2.82s
    cube 3814.63.39 (depth 2, 24 lits): UNSAT in 14.76s
    cube 3814.63.40 (depth 2, 24 lits): UNSAT in 0.64s
    cube 3814.63.41 (depth 2, 24 lits): UNSAT in 3.73s
    cube 3814.63.42 (depth 2, 24 lits): UNSAT in 2.53s
    cube 3814.63.43 (depth 2, 24 lits): UNSAT in 9.34s
    cube 3814.63.44 (depth 2, 24 lits): UNSAT in 5.42s
    cube 3814.63.45 (depth 2, 24 lits): UNSAT in 10.89s
    cube 3814.63.46 (depth 2, 24 lits): UNSAT in 20.32s
    cube 3814.63.47 (depth 2, 24 lits): TIMEOUT in 60.04s
    cube 3814.63.47 TIMEOUT -> re-split into 64 sub-cubes (depth 3)
    cube 3814.63.47.0 (depth 3, 30 lits): UNSAT in 0.02s
    cube 3814.63.47.1 (depth 3, 30 lits): UNSAT in 0.02s
    cube 3814.63.47.2 (depth 3, 30 lits): UNSAT in 0.01s
    cube 3814.63.47.3 (depth 3, 30 lits): UNSAT in 0.05s
    cube 3814.63.47.4 (depth 3, 30 lits): UNSAT in 0.02s
    cube 3814.63.47.5 (depth 3, 30 lits): UNSAT in 0.02s
    cube 3814.63.47.6 (depth 3, 30 lits): UNSAT in 0.05s
    cube 3814.63.47.7 (depth 3, 30 lits): UNSAT in 0.14s
    cube 3814.63.47.8 (depth 3, 30 lits): UNSAT in 0.02s
    cube 3814.63.47.9 (depth 3, 30 lits): UNSAT in 0.03s
    cube 3814.63.47.10 (depth 3, 30 lits): UNSAT in 0.04s
    cube 3814.63.47.11 (depth 3, 30 lits): UNSAT in 0.08s
    cube 3814.63.47.12 (depth 3, 30 lits): UNSAT in 0.03s
    cube 3814.63.47.13 (depth 3, 30 lits): UNSAT in 0.04s
    cube 3814.63.47.14 (depth 3, 30 lits): UNSAT in 0.23s
    cube 3814.63.47.15 (depth 3, 30 lits): UNSAT in 0.90s
    cube 3814.63.47.16 (depth 3, 30 lits): UNSAT in 0.14s
    cube 3814.63.47.17 (depth 3, 30 lits): UNSAT in 0.26s
    cube 3814.63.47.18 (depth 3, 30 lits): UNSAT in 0.39s
    cube 3814.63.47.19 (depth 3, 30 lits): UNSAT in 0.48s
    cube 3814.63.47.20 (depth 3, 30 lits): UNSAT in 0.38s
    cube 3814.63.47.21 (depth 3, 30 lits): UNSAT in 0.72s
    cube 3814.63.47.22 (depth 3, 30 lits): UNSAT in 0.60s
    cube 3814.63.47.23 (depth 3, 30 lits): UNSAT in 1.30s
    cube 3814.63.47.24 (depth 3, 30 lits): UNSAT in 0.22s
    cube 3814.63.47.25 (depth 3, 30 lits): UNSAT in 0.38s
    cube 3814.63.47.26 (depth 3, 30 lits): UNSAT in 0.53s
    cube 3814.63.47.27 (depth 3, 30 lits): UNSAT in 1.22s
    cube 3814.63.47.28 (depth 3, 30 lits): UNSAT in 0.45s
    cube 3814.63.47.29 (depth 3, 30 lits): UNSAT in 1.25s
    cube 3814.63.47.30 (depth 3, 30 lits): UNSAT in 1.11s
    cube 3814.63.47.31 (depth 3, 30 lits): UNSAT in 2.16s
    cube 3814.63.47.32 (depth 3, 30 lits): UNSAT in 0.22s
    cube 3814.63.47.33 (depth 3, 30 lits): UNSAT in 0.37s
    cube 3814.63.47.34 (depth 3, 30 lits): UNSAT in 0.32s
    cube 3814.63.47.35 (depth 3, 30 lits): UNSAT in 1.42s
    cube 3814.63.47.36 (depth 3, 30 lits): UNSAT in 0.37s
    cube 3814.63.47.37 (depth 3, 30 lits): UNSAT in 0.81s
    cube 3814.63.47.38 (depth 3, 30 lits): UNSAT in 1.23s
    cube 3814.63.47.39 (depth 3, 30 lits): UNSAT in 2.73s
    cube 3814.63.47.40 (depth 3, 30 lits): UNSAT in 0.32s
    cube 3814.63.47.41 (depth 3, 30 lits): UNSAT in 0.59s
    cube 3814.63.47.42 (depth 3, 30 lits): UNSAT in 0.32s
    cube 3814.63.47.43 (depth 3, 30 lits): UNSAT in 0.60s
    cube 3814.63.47.44 (depth 3, 30 lits): UNSAT in 0.76s
    cube 3814.63.47.45 (depth 3, 30 lits): UNSAT in 0.93s
    cube 3814.63.47.46 (depth 3, 30 lits): UNSAT in 0.94s
    cube 3814.63.47.47 (depth 3, 30 lits): UNSAT in 1.13s
    cube 3814.63.47.48 (depth 3, 30 lits): UNSAT in 0.54s
    cube 3814.63.47.49 (depth 3, 30 lits): UNSAT in 1.12s
    cube 3814.63.47.50 (depth 3, 30 lits): UNSAT in 0.44s
    cube 3814.63.47.51 (depth 3, 30 lits): UNSAT in 2.68s
    cube 3814.63.47.52 (depth 3, 30 lits): UNSAT in 1.23s
    cube 3814.63.47.53 (depth 3, 30 lits): UNSAT in 2.25s
    cube 3814.63.47.54 (depth 3, 30 lits): UNSAT in 2.51s
    cube 3814.63.47.55 (depth 3, 30 lits): UNSAT in 6.98s
    cube 3814.63.47.56 (depth 3, 30 lits): UNSAT in 0.84s
    cube 3814.63.47.57 (depth 3, 30 lits): UNSAT in 2.89s
    cube 3814.63.47.58 (depth 3, 30 lits): UNSAT in 2.04s
    cube 3814.63.47.59 (depth 3, 30 lits): UNSAT in 6.87s
    cube 3814.63.47.60 (depth 3, 30 lits): UNSAT in 0.96s
    cube 3814.63.47.61 (depth 3, 30 lits): UNSAT in 2.36s
    cube 3814.63.47.62 (depth 3, 30 lits): UNSAT in 1.47s
    cube 3814.63.47.63 (depth 3, 30 lits): UNSAT in 4.06s
    cube 3814.63.48 (depth 2, 24 lits): UNSAT in 0.40s
    cube 3814.63.49 (depth 2, 24 lits): UNSAT in 1.11s
    cube 3814.63.50 (depth 2, 24 lits): UNSAT in 1.51s
    cube 3814.63.51 (depth 2, 24 lits): UNSAT in 2.72s
    cube 3814.63.52 (depth 2, 24 lits): UNSAT in 0.59s
    cube 3814.63.53 (depth 2, 24 lits): UNSAT in 5.18s
    cube 3814.63.54 (depth 2, 24 lits): UNSAT in 3.34s
    cube 3814.63.55 (depth 2, 24 lits): UNSAT in 23.13s
    cube 3814.63.56 (depth 2, 24 lits): UNSAT in 1.31s
    cube 3814.63.57 (depth 2, 24 lits): UNSAT in 2.36s
    cube 3814.63.58 (depth 2, 24 lits): UNSAT in 1.82s
    cube 3814.63.59 (depth 2, 24 lits): UNSAT in 9.50s
    cube 3814.63.60 (depth 2, 24 lits): UNSAT in 4.44s
    cube 3814.63.61 (depth 2, 24 lits): UNSAT in 15.49s
    cube 3814.63.62 (depth 2, 24 lits): UNSAT in 16.94s
    cube 3814.63.63 (depth 2, 24 lits): TIMEOUT in 60.06s
    cube 3814.63.63 TIMEOUT -> re-split into 64 sub-cubes (depth 3)
    cube 3814.63.63.0 (depth 3, 30 lits): UNSAT in 0.05s
    cube 3814.63.63.1 (depth 3, 30 lits): UNSAT in 0.06s
    cube 3814.63.63.2 (depth 3, 30 lits): UNSAT in 0.06s
    cube 3814.63.63.3 (depth 3, 30 lits): UNSAT in 0.20s
    cube 3814.63.63.4 (depth 3, 30 lits): UNSAT in 0.07s
    cube 3814.63.63.5 (depth 3, 30 lits): UNSAT in 0.18s
    cube 3814.63.63.6 (depth 3, 30 lits): UNSAT in 0.18s
    cube 3814.63.63.7 (depth 3, 30 lits): UNSAT in 0.73s
    cube 3814.63.63.8 (depth 3, 30 lits): UNSAT in 0.05s
    cube 3814.63.63.9 (depth 3, 30 lits): UNSAT in 0.14s
    cube 3814.63.63.10 (depth 3, 30 lits): UNSAT in 0.19s
    cube 3814.63.63.11 (depth 3, 30 lits): UNSAT in 0.50s
    cube 3814.63.63.12 (depth 3, 30 lits): UNSAT in 0.82s
    cube 3814.63.63.13 (depth 3, 30 lits): UNSAT in 1.36s
    cube 3814.63.63.14 (depth 3, 30 lits): UNSAT in 1.69s
    cube 3814.63.63.15 (depth 3, 30 lits): UNSAT in 3.93s
    cube 3814.63.63.16 (depth 3, 30 lits): UNSAT in 0.06s
    cube 3814.63.63.17 (depth 3, 30 lits): UNSAT in 0.42s
    cube 3814.63.63.18 (depth 3, 30 lits): UNSAT in 0.19s
    cube 3814.63.63.19 (depth 3, 30 lits): UNSAT in 0.66s
    cube 3814.63.63.20 (depth 3, 30 lits): UNSAT in 0.37s
    cube 3814.63.63.21 (depth 3, 30 lits): UNSAT in 1.33s
    cube 3814.63.63.22 (depth 3, 30 lits): UNSAT in 1.36s
    cube 3814.63.63.23 (depth 3, 30 lits): UNSAT in 5.37s
    cube 3814.63.63.24 (depth 3, 30 lits): UNSAT in 1.28s
    cube 3814.63.63.25 (depth 3, 30 lits): UNSAT in 2.70s
    cube 3814.63.63.26 (depth 3, 30 lits): UNSAT in 2.73s
    cube 3814.63.63.27 (depth 3, 30 lits): UNSAT in 9.76s
    cube 3814.63.63.28 (depth 3, 30 lits): UNSAT in 1.32s
    cube 3814.63.63.29 (depth 3, 30 lits): UNSAT in 2.81s
    cube 3814.63.63.30 (depth 3, 30 lits): UNSAT in 4.84s
    cube 3814.63.63.31 (depth 3, 30 lits): UNSAT in 16.20s
    cube 3814.63.63.32 (depth 3, 30 lits): UNSAT in 0.51s
    cube 3814.63.63.33 (depth 3, 30 lits): UNSAT in 0.62s
    cube 3814.63.63.34 (depth 3, 30 lits): UNSAT in 0.40s
    cube 3814.63.63.35 (depth 3, 30 lits): UNSAT in 0.83s
    cube 3814.63.63.36 (depth 3, 30 lits): UNSAT in 0.40s
    cube 3814.63.63.37 (depth 3, 30 lits): UNSAT in 0.80s
    cube 3814.63.63.38 (depth 3, 30 lits): UNSAT in 1.08s
    cube 3814.63.63.39 (depth 3, 30 lits): UNSAT in 5.13s
    cube 3814.63.63.40 (depth 3, 30 lits): UNSAT in 0.24s
    cube 3814.63.63.41 (depth 3, 30 lits): UNSAT in 0.55s
    cube 3814.63.63.42 (depth 3, 30 lits): UNSAT in 0.43s
    cube 3814.63.63.43 (depth 3, 30 lits): UNSAT in 1.25s
    cube 3814.63.63.44 (depth 3, 30 lits): UNSAT in 0.77s
    cube 3814.63.63.45 (depth 3, 30 lits): UNSAT in 2.06s
    cube 3814.63.63.46 (depth 3, 30 lits): UNSAT in 4.48s
    cube 3814.63.63.47 (depth 3, 30 lits): UNSAT in 8.89s
    cube 3814.63.63.48 (depth 3, 30 lits): UNSAT in 0.06s
    cube 3814.63.63.49 (depth 3, 30 lits): UNSAT in 0.13s
    cube 3814.63.63.50 (depth 3, 30 lits): UNSAT in 0.14s
    cube 3814.63.63.51 (depth 3, 30 lits): UNSAT in 1.05s
    cube 3814.63.63.52 (depth 3, 30 lits): UNSAT in 0.27s
    cube 3814.63.63.53 (depth 3, 30 lits): UNSAT in 1.03s
    cube 3814.63.63.54 (depth 3, 30 lits): UNSAT in 0.20s
    cube 3814.63.63.55 (depth 3, 30 lits): UNSAT in 7.90s
    cube 3814.63.63.56 (depth 3, 30 lits): UNSAT in 1.00s
    cube 3814.63.63.57 (depth 3, 30 lits): UNSAT in 3.65s
    cube 3814.63.63.58 (depth 3, 30 lits): UNSAT in 5.03s
    cube 3814.63.63.59 (depth 3, 30 lits): UNSAT in 22.48s
    cube 3814.63.63.60 (depth 3, 30 lits): UNSAT in 0.89s
    cube 3814.63.63.61 (depth 3, 30 lits): UNSAT in 2.48s
    cube 3814.63.63.62 (depth 3, 30 lits): UNSAT in 6.88s
    cube 3814.63.63.63 (depth 3, 30 lits): UNSAT in 18.09s
    cube 3815 (depth 0, 12 lits): TIMEOUT in 60.06s
    cube 3815 TIMEOUT -> re-split into 59 sub-cubes (depth 1)
    cube 3815.0 (depth 1, 17 lits): UNSAT in 0.01s
    cube 3815.1 (depth 1, 17 lits): UNSAT in 0.02s
    cube 3815.2 (depth 1, 17 lits): UNSAT in 0.02s
    cube 3815.3 (depth 1, 18 lits): UNSAT in 0.02s
    cube 3815.4 (depth 1, 18 lits): UNSAT in 0.02s
    cube 3815.5 (depth 1, 17 lits): UNSAT in 0.01s
    cube 3815.6 (depth 1, 18 lits): UNSAT in 0.01s
    cube 3815.7 (depth 1, 18 lits): UNSAT in 0.03s
    cube 3815.8 (depth 1, 18 lits): UNSAT in 0.06s
    cube 3815.9 (depth 1, 18 lits): UNSAT in 0.11s
    cube 3815.10 (depth 1, 18 lits): UNSAT in 0.01s
    cube 3815.11 (depth 1, 18 lits): UNSAT in 0.08s
    cube 3815.12 (depth 1, 18 lits): UNSAT in 0.02s
    cube 3815.13 (depth 1, 18 lits): UNSAT in 0.02s
    cube 3815.14 (depth 1, 18 lits): UNSAT in 0.03s
    cube 3815.15 (depth 1, 18 lits): UNSAT in 0.05s
    cube 3815.16 (depth 1, 18 lits): UNSAT in 0.02s
    cube 3815.17 (depth 1, 18 lits): UNSAT in 0.04s
    cube 3815.18 (depth 1, 18 lits): UNSAT in 0.03s
    cube 3815.19 (depth 1, 18 lits): UNSAT in 0.16s
    cube 3815.20 (depth 1, 18 lits): UNSAT in 0.01s
    cube 3815.21 (depth 1, 18 lits): UNSAT in 0.05s
    cube 3815.22 (depth 1, 18 lits): UNSAT in 0.07s
    cube 3815.23 (depth 1, 18 lits): UNSAT in 0.21s
    cube 3815.24 (depth 1, 18 lits): UNSAT in 0.12s
    cube 3815.25 (depth 1, 18 lits): UNSAT in 0.19s
    cube 3815.26 (depth 1, 18 lits): UNSAT in 0.32s
    cube 3815.27 (depth 1, 18 lits): UNSAT in 0.65s
    cube 3815.28 (depth 1, 17 lits): UNSAT in 0.02s
    cube 3815.29 (depth 1, 18 lits): UNSAT in 0.02s
    cube 3815.30 (depth 1, 18 lits): UNSAT in 0.04s
    cube 3815.31 (depth 1, 18 lits): UNSAT in 0.04s
    cube 3815.32 (depth 1, 18 lits): UNSAT in 0.05s
    cube 3815.33 (depth 1, 18 lits): UNSAT in 0.05s
    cube 3815.34 (depth 1, 18 lits): UNSAT in 0.23s
    cube 3815.35 (depth 1, 18 lits): UNSAT in 0.06s
    cube 3815.36 (depth 1, 18 lits): UNSAT in 0.12s
    cube 3815.37 (depth 1, 18 lits): UNSAT in 0.04s
    cube 3815.38 (depth 1, 18 lits): UNSAT in 0.48s
    cube 3815.39 (depth 1, 18 lits): UNSAT in 0.14s
    cube 3815.40 (depth 1, 18 lits): UNSAT in 1.11s
    cube 3815.41 (depth 1, 18 lits): UNSAT in 0.24s
    cube 3815.42 (depth 1, 18 lits): UNSAT in 1.57s
    cube 3815.43 (depth 1, 18 lits): UNSAT in 0.02s
    cube 3815.44 (depth 1, 18 lits): UNSAT in 0.10s
    cube 3815.45 (depth 1, 18 lits): UNSAT in 0.06s
    cube 3815.46 (depth 1, 18 lits): UNSAT in 0.21s
    cube 3815.47 (depth 1, 18 lits): UNSAT in 0.27s
    cube 3815.48 (depth 1, 18 lits): UNSAT in 0.15s
    cube 3815.49 (depth 1, 18 lits): UNSAT in 0.24s
    cube 3815.50 (depth 1, 18 lits): UNSAT in 4.37s
    cube 3815.51 (depth 1, 18 lits): UNSAT in 0.04s
    cube 3815.52 (depth 1, 18 lits): UNSAT in 0.15s
    cube 3815.53 (depth 1, 18 lits): UNSAT in 0.10s
    cube 3815.54 (depth 1, 18 lits): UNSAT in 1.50s
    cube 3815.55 (depth 1, 18 lits): UNSAT in 0.24s
    cube 3815.56 (depth 1, 18 lits): UNSAT in 4.67s
    cube 3815.57 (depth 1, 18 lits): UNSAT in 3.86s
    cube 3815.58 (depth 1, 18 lits): TIMEOUT in 60.03s
    cube 3815.58 TIMEOUT -> re-split into 60 sub-cubes (depth 2)
    cube 3815.58.0 (depth 2, 22 lits): UNSAT in 0.01s
    cube 3815.58.1 (depth 2, 23 lits): UNSAT in 0.02s
    cube 3815.58.2 (depth 2, 24 lits): UNSAT in 0.01s
    cube 3815.58.3 (depth 2, 24 lits): UNSAT in 0.02s
    cube 3815.58.4 (depth 2, 24 lits): UNSAT in 0.01s
    cube 3815.58.5 (depth 2, 24 lits): UNSAT in 0.02s
    cube 3815.58.6 (depth 2, 24 lits): UNSAT in 0.03s
    cube 3815.58.7 (depth 2, 24 lits): UNSAT in 0.02s
    cube 3815.58.8 (depth 2, 24 lits): UNSAT in 0.02s
    cube 3815.58.9 (depth 2, 24 lits): UNSAT in 0.02s
    cube 3815.58.10 (depth 2, 24 lits): UNSAT in 0.13s
    cube 3815.58.11 (depth 2, 24 lits): UNSAT in 0.27s
    cube 3815.58.12 (depth 2, 24 lits): UNSAT in 0.01s
    cube 3815.58.13 (depth 2, 24 lits): UNSAT in 0.04s
    cube 3815.58.14 (depth 2, 24 lits): UNSAT in 0.02s
    cube 3815.58.15 (depth 2, 24 lits): UNSAT in 0.08s
    cube 3815.58.16 (depth 2, 24 lits): UNSAT in 0.01s
    cube 3815.58.17 (depth 2, 24 lits): UNSAT in 0.04s
    cube 3815.58.18 (depth 2, 24 lits): UNSAT in 0.06s
    cube 3815.58.19 (depth 2, 24 lits): UNSAT in 0.17s
    cube 3815.58.20 (depth 2, 24 lits): UNSAT in 0.02s
    cube 3815.58.21 (depth 2, 24 lits): UNSAT in 0.11s
    cube 3815.58.22 (depth 2, 24 lits): UNSAT in 0.03s
    cube 3815.58.23 (depth 2, 24 lits): UNSAT in 0.26s
    cube 3815.58.24 (depth 2, 24 lits): UNSAT in 0.13s
    cube 3815.58.25 (depth 2, 24 lits): UNSAT in 0.30s
    cube 3815.58.26 (depth 2, 24 lits): UNSAT in 0.26s
    cube 3815.58.27 (depth 2, 24 lits): UNSAT in 2.46s
    cube 3815.58.28 (depth 2, 24 lits): UNSAT in 0.02s
    cube 3815.58.29 (depth 2, 24 lits): UNSAT in 0.03s
    cube 3815.58.30 (depth 2, 24 lits): UNSAT in 0.03s
    cube 3815.58.31 (depth 2, 24 lits): UNSAT in 0.05s
    cube 3815.58.32 (depth 2, 24 lits): UNSAT in 0.02s
    cube 3815.58.33 (depth 2, 24 lits): UNSAT in 0.17s
    cube 3815.58.34 (depth 2, 24 lits): UNSAT in 0.03s
    cube 3815.58.35 (depth 2, 24 lits): UNSAT in 0.09s
    cube 3815.58.36 (depth 2, 24 lits): UNSAT in 0.02s
    cube 3815.58.37 (depth 2, 24 lits): UNSAT in 0.05s
    cube 3815.58.38 (depth 2, 24 lits): UNSAT in 0.06s
    cube 3815.58.39 (depth 2, 24 lits): UNSAT in 0.18s
    cube 3815.58.40 (depth 2, 24 lits): UNSAT in 0.03s
    cube 3815.58.41 (depth 2, 24 lits): UNSAT in 0.11s
    cube 3815.58.42 (depth 2, 24 lits): UNSAT in 1.08s
    cube 3815.58.43 (depth 2, 24 lits): UNSAT in 3.92s
    cube 3815.58.44 (depth 2, 24 lits): UNSAT in 0.05s
    cube 3815.58.45 (depth 2, 24 lits): UNSAT in 0.06s
    cube 3815.58.46 (depth 2, 24 lits): UNSAT in 0.19s
    cube 3815.58.47 (depth 2, 24 lits): UNSAT in 0.23s
    cube 3815.58.48 (depth 2, 24 lits): UNSAT in 0.21s
    cube 3815.58.49 (depth 2, 24 lits): UNSAT in 0.38s
    cube 3815.58.50 (depth 2, 24 lits): UNSAT in 1.15s
    cube 3815.58.51 (depth 2, 24 lits): UNSAT in 5.48s
    cube 3815.58.52 (depth 2, 24 lits): UNSAT in 0.12s
    cube 3815.58.53 (depth 2, 24 lits): UNSAT in 0.24s
    cube 3815.58.54 (depth 2, 24 lits): UNSAT in 0.61s
    cube 3815.58.55 (depth 2, 24 lits): UNSAT in 3.55s
    cube 3815.58.56 (depth 2, 24 lits): UNSAT in 0.62s
    cube 3815.58.57 (depth 2, 24 lits): UNSAT in 5.43s
    cube 3815.58.58 (depth 2, 24 lits): UNSAT in 0.72s
    cube 3815.58.59 (depth 2, 24 lits): UNSAT in 13.47s
    cube 3816 (depth 0, 12 lits): TIMEOUT in 60.02s
    cube 3816 TIMEOUT -> re-split into 64 sub-cubes (depth 1)
    cube 3816.0 (depth 1, 18 lits): UNSAT in 0.01s
    cube 3816.1 (depth 1, 18 lits): UNSAT in 0.02s
    cube 3816.2 (depth 1, 18 lits): UNSAT in 0.03s
    cube 3816.3 (depth 1, 18 lits): UNSAT in 0.09s
    cube 3816.4 (depth 1, 18 lits): UNSAT in 0.02s
    cube 3816.5 (depth 1, 18 lits): UNSAT in 0.08s
    cube 3816.6 (depth 1, 18 lits): UNSAT in 0.11s
    cube 3816.7 (depth 1, 18 lits): UNSAT in 0.47s
    cube 3816.8 (depth 1, 18 lits): UNSAT in 0.04s
    cube 3816.9 (depth 1, 18 lits): UNSAT in 0.10s
    cube 3816.10 (depth 1, 18 lits): UNSAT in 0.28s
    cube 3816.11 (depth 1, 18 lits): UNSAT in 0.26s
    cube 3816.12 (depth 1, 18 lits): UNSAT in 0.21s
    cube 3816.13 (depth 1, 18 lits): UNSAT in 0.24s
    cube 3816.14 (depth 1, 18 lits): UNSAT in 0.35s
    cube 3816.15 (depth 1, 18 lits): UNSAT in 1.64s
    cube 3816.16 (depth 1, 18 lits): UNSAT in 0.01s
    cube 3816.17 (depth 1, 18 lits): UNSAT in 0.03s
    cube 3816.18 (depth 1, 18 lits): UNSAT in 0.02s
    cube 3816.19 (depth 1, 18 lits): UNSAT in 0.07s
    cube 3816.20 (depth 1, 18 lits): UNSAT in 0.04s
    cube 3816.21 (depth 1, 18 lits): UNSAT in 0.08s
    cube 3816.22 (depth 1, 18 lits): UNSAT in 0.29s
    cube 3816.23 (depth 1, 18 lits): UNSAT in 1.04s
    cube 3816.24 (depth 1, 18 lits): UNSAT in 0.24s
    cube 3816.25 (depth 1, 18 lits): UNSAT in 0.22s
    cube 3816.26 (depth 1, 18 lits): UNSAT in 0.20s
    cube 3816.27 (depth 1, 18 lits): UNSAT in 0.51s
    cube 3816.28 (depth 1, 18 lits): UNSAT in 0.11s
    cube 3816.29 (depth 1, 18 lits): UNSAT in 2.56s
    cube 3816.30 (depth 1, 18 lits): UNSAT in 1.89s
    cube 3816.31 (depth 1, 18 lits): UNSAT in 21.75s
    cube 3816.32 (depth 1, 18 lits): UNSAT in 0.02s
    cube 3816.33 (depth 1, 18 lits): UNSAT in 0.04s
    cube 3816.34 (depth 1, 18 lits): UNSAT in 0.04s
    cube 3816.35 (depth 1, 18 lits): UNSAT in 0.30s
    cube 3816.36 (depth 1, 18 lits): UNSAT in 0.02s
    cube 3816.37 (depth 1, 18 lits): UNSAT in 0.05s
    cube 3816.38 (depth 1, 18 lits): UNSAT in 0.06s
    cube 3816.39 (depth 1, 18 lits): UNSAT in 0.32s
    cube 3816.40 (depth 1, 18 lits): UNSAT in 0.08s
    cube 3816.41 (depth 1, 18 lits): UNSAT in 0.19s
    cube 3816.42 (depth 1, 18 lits): UNSAT in 0.22s
    cube 3816.43 (depth 1, 18 lits): UNSAT in 1.02s
    cube 3816.44 (depth 1, 18 lits): UNSAT in 0.28s
    cube 3816.45 (depth 1, 18 lits): UNSAT in 0.45s
    cube 3816.46 (depth 1, 18 lits): UNSAT in 1.08s
    cube 3816.47 (depth 1, 18 lits): UNSAT in 11.97s
    cube 3816.48 (depth 1, 18 lits): UNSAT in 0.02s
    cube 3816.49 (depth 1, 18 lits): UNSAT in 0.21s
    cube 3816.50 (depth 1, 18 lits): UNSAT in 0.08s
    cube 3816.51 (depth 1, 18 lits): UNSAT in 1.97s
    cube 3816.52 (depth 1, 18 lits): UNSAT in 0.33s
    cube 3816.53 (depth 1, 18 lits): UNSAT in 0.89s
    cube 3816.54 (depth 1, 18 lits): UNSAT in 0.64s
    cube 3816.55 (depth 1, 18 lits): UNSAT in 20.12s
    cube 3816.56 (depth 1, 18 lits): UNSAT in 0.37s
    cube 3816.57 (depth 1, 18 lits): UNSAT in 2.06s
    cube 3816.58 (depth 1, 18 lits): UNSAT in 0.75s
    cube 3816.59 (depth 1, 18 lits): UNSAT in 18.36s
    cube 3816.60 (depth 1, 18 lits): UNSAT in 3.49s
    cube 3816.61 (depth 1, 18 lits): TIMEOUT in 60.06s
    cube 3816.61 TIMEOUT -> re-split into 62 sub-cubes (depth 2)
    cube 3816.61.0 (depth 2, 23 lits): UNSAT in 0.01s
    cube 3816.61.1 (depth 2, 24 lits): UNSAT in 0.01s
    cube 3816.61.2 (depth 2, 24 lits): UNSAT in 0.03s
    cube 3816.61.3 (depth 2, 24 lits): UNSAT in 0.02s
    cube 3816.61.4 (depth 2, 24 lits): UNSAT in 0.02s
    cube 3816.61.5 (depth 2, 24 lits): UNSAT in 0.03s
    cube 3816.61.6 (depth 2, 24 lits): UNSAT in 0.08s
    cube 3816.61.7 (depth 2, 24 lits): UNSAT in 0.01s
    cube 3816.61.8 (depth 2, 24 lits): UNSAT in 0.02s
    cube 3816.61.9 (depth 2, 24 lits): UNSAT in 0.02s
    cube 3816.61.10 (depth 2, 24 lits): UNSAT in 0.05s
    cube 3816.61.11 (depth 2, 24 lits): UNSAT in 0.01s
    cube 3816.61.12 (depth 2, 24 lits): UNSAT in 0.02s
    cube 3816.61.13 (depth 2, 24 lits): UNSAT in 0.03s
    cube 3816.61.14 (depth 2, 24 lits): UNSAT in 0.12s
    cube 3816.61.15 (depth 2, 23 lits): UNSAT in 0.01s
    cube 3816.61.16 (depth 2, 24 lits): UNSAT in 0.02s
    cube 3816.61.17 (depth 2, 24 lits): UNSAT in 0.02s
    cube 3816.61.18 (depth 2, 24 lits): UNSAT in 0.03s
    cube 3816.61.19 (depth 2, 24 lits): UNSAT in 0.04s
    cube 3816.61.20 (depth 2, 24 lits): UNSAT in 0.03s
    cube 3816.61.21 (depth 2, 24 lits): UNSAT in 0.05s
    cube 3816.61.22 (depth 2, 24 lits): UNSAT in 0.04s
    cube 3816.61.23 (depth 2, 24 lits): UNSAT in 0.03s
    cube 3816.61.24 (depth 2, 24 lits): UNSAT in 0.02s
    cube 3816.61.25 (depth 2, 24 lits): UNSAT in 0.13s
    cube 3816.61.26 (depth 2, 24 lits): UNSAT in 0.09s
    cube 3816.61.27 (depth 2, 24 lits): UNSAT in 0.46s
    cube 3816.61.28 (depth 2, 24 lits): UNSAT in 0.23s
    cube 3816.61.29 (depth 2, 24 lits): UNSAT in 3.56s
    cube 3816.61.30 (depth 2, 24 lits): UNSAT in 0.02s
    cube 3816.61.31 (depth 2, 24 lits): UNSAT in 0.03s
    cube 3816.61.32 (depth 2, 24 lits): UNSAT in 0.06s
    cube 3816.61.33 (depth 2, 24 lits): UNSAT in 0.11s
    cube 3816.61.34 (depth 2, 24 lits): UNSAT in 0.03s
    cube 3816.61.35 (depth 2, 24 lits): UNSAT in 0.05s
    cube 3816.61.36 (depth 2, 24 lits): UNSAT in 0.05s
    cube 3816.61.37 (depth 2, 24 lits): UNSAT in 0.31s
    cube 3816.61.38 (depth 2, 24 lits): UNSAT in 0.02s
    cube 3816.61.39 (depth 2, 24 lits): UNSAT in 0.02s
    cube 3816.61.40 (depth 2, 24 lits): UNSAT in 0.05s
    cube 3816.61.41 (depth 2, 24 lits): UNSAT in 0.07s
    cube 3816.61.42 (depth 2, 24 lits): UNSAT in 0.09s
    cube 3816.61.43 (depth 2, 24 lits): UNSAT in 0.16s
    cube 3816.61.44 (depth 2, 24 lits): UNSAT in 0.21s
    cube 3816.61.45 (depth 2, 24 lits): UNSAT in 3.65s
    cube 3816.61.46 (depth 2, 24 lits): UNSAT in 0.02s
    cube 3816.61.47 (depth 2, 24 lits): UNSAT in 0.02s
    cube 3816.61.48 (depth 2, 24 lits): UNSAT in 0.05s
    cube 3816.61.49 (depth 2, 24 lits): UNSAT in 0.12s
    cube 3816.61.50 (depth 2, 24 lits): UNSAT in 0.04s
    cube 3816.61.51 (depth 2, 24 lits): UNSAT in 0.39s
    cube 3816.61.52 (depth 2, 24 lits): UNSAT in 0.38s
    cube 3816.61.53 (depth 2, 24 lits): UNSAT in 1.72s
    cube 3816.61.54 (depth 2, 24 lits): UNSAT in 0.22s
    cube 3816.61.55 (depth 2, 24 lits): UNSAT in 1.15s
    cube 3816.61.56 (depth 2, 24 lits): UNSAT in 0.15s
    cube 3816.61.57 (depth 2, 24 lits): UNSAT in 3.41s
    cube 3816.61.58 (depth 2, 24 lits): UNSAT in 1.32s
    cube 3816.61.59 (depth 2, 24 lits): UNSAT in 4.51s
    cube 3816.61.60 (depth 2, 24 lits): UNSAT in 2.87s
    cube 3816.61.61 (depth 2, 24 lits): UNSAT in 42.48s
    cube 3816.62 (depth 1, 18 lits): TIMEOUT in 60.06s
    cube 3816.62 TIMEOUT -> re-split into 62 sub-cubes (depth 2)
    cube 3816.62.0 (depth 2, 24 lits): UNSAT in 0.01s
    cube 3816.62.1 (depth 2, 24 lits): UNSAT in 0.01s
    cube 3816.62.2 (depth 2, 23 lits): UNSAT in 0.01s
    cube 3816.62.3 (depth 2, 24 lits): UNSAT in 0.02s
    cube 3816.62.4 (depth 2, 24 lits): UNSAT in 0.02s
    cube 3816.62.5 (depth 2, 24 lits): UNSAT in 0.02s
    cube 3816.62.6 (depth 2, 24 lits): UNSAT in 0.03s
    cube 3816.62.7 (depth 2, 24 lits): UNSAT in 0.02s
    cube 3816.62.8 (depth 2, 24 lits): UNSAT in 0.02s
    cube 3816.62.9 (depth 2, 24 lits): UNSAT in 0.02s
    cube 3816.62.10 (depth 2, 24 lits): UNSAT in 0.04s
    cube 3816.62.11 (depth 2, 24 lits): UNSAT in 0.02s
    cube 3816.62.12 (depth 2, 24 lits): UNSAT in 0.06s
    cube 3816.62.13 (depth 2, 24 lits): UNSAT in 0.24s
    cube 3816.62.14 (depth 2, 24 lits): UNSAT in 0.43s
    cube 3816.62.15 (depth 2, 24 lits): UNSAT in 0.03s
    cube 3816.62.16 (depth 2, 24 lits): UNSAT in 0.06s
    cube 3816.62.17 (depth 2, 24 lits): UNSAT in 0.03s
    cube 3816.62.18 (depth 2, 24 lits): UNSAT in 0.14s
    cube 3816.62.19 (depth 2, 24 lits): UNSAT in 0.05s
    cube 3816.62.20 (depth 2, 24 lits): UNSAT in 0.13s
    cube 3816.62.21 (depth 2, 24 lits): UNSAT in 0.30s
    cube 3816.62.22 (depth 2, 24 lits): UNSAT in 0.50s
    cube 3816.62.23 (depth 2, 24 lits): UNSAT in 0.07s
    cube 3816.62.24 (depth 2, 24 lits): UNSAT in 0.19s
    cube 3816.62.25 (depth 2, 24 lits): UNSAT in 0.14s
    cube 3816.62.26 (depth 2, 24 lits): UNSAT in 0.30s
    cube 3816.62.27 (depth 2, 24 lits): UNSAT in 0.05s
    cube 3816.62.28 (depth 2, 24 lits): UNSAT in 0.62s
    cube 3816.62.29 (depth 2, 24 lits): UNSAT in 0.18s
    cube 3816.62.30 (depth 2, 24 lits): UNSAT in 1.41s
    cube 3816.62.31 (depth 2, 23 lits): UNSAT in 0.02s
    cube 3816.62.32 (depth 2, 24 lits): UNSAT in 0.02s
    cube 3816.62.33 (depth 2, 24 lits): UNSAT in 0.02s
    cube 3816.62.34 (depth 2, 24 lits): UNSAT in 0.03s
    cube 3816.62.35 (depth 2, 24 lits): UNSAT in 0.03s
    cube 3816.62.36 (depth 2, 24 lits): UNSAT in 0.04s
    cube 3816.62.37 (depth 2, 24 lits): UNSAT in 0.13s
    cube 3816.62.38 (depth 2, 24 lits): UNSAT in 0.02s
    cube 3816.62.39 (depth 2, 24 lits): UNSAT in 0.04s
    cube 3816.62.40 (depth 2, 24 lits): UNSAT in 0.03s
    cube 3816.62.41 (depth 2, 24 lits): UNSAT in 0.07s
    cube 3816.62.42 (depth 2, 24 lits): UNSAT in 0.12s
    cube 3816.62.43 (depth 2, 24 lits): UNSAT in 0.10s
    cube 3816.62.44 (depth 2, 24 lits): UNSAT in 0.46s
    cube 3816.62.45 (depth 2, 24 lits): UNSAT in 0.32s
    cube 3816.62.46 (depth 2, 24 lits): UNSAT in 0.04s
    cube 3816.62.47 (depth 2, 24 lits): UNSAT in 0.05s
    cube 3816.62.48 (depth 2, 24 lits): UNSAT in 0.04s
    cube 3816.62.49 (depth 2, 24 lits): UNSAT in 0.10s
    cube 3816.62.50 (depth 2, 24 lits): UNSAT in 0.13s
    cube 3816.62.51 (depth 2, 24 lits): UNSAT in 0.46s
    cube 3816.62.52 (depth 2, 24 lits): UNSAT in 0.19s
    cube 3816.62.53 (depth 2, 24 lits): UNSAT in 1.35s
    cube 3816.62.54 (depth 2, 24 lits): UNSAT in 0.09s
    cube 3816.62.55 (depth 2, 24 lits): UNSAT in 0.11s
    cube 3816.62.56 (depth 2, 24 lits): UNSAT in 0.29s
    cube 3816.62.57 (depth 2, 24 lits): UNSAT in 0.64s
    cube 3816.62.58 (depth 2, 24 lits): UNSAT in 0.16s
    cube 3816.62.59 (depth 2, 24 lits): UNSAT in 1.65s
    cube 3816.62.60 (depth 2, 24 lits): UNSAT in 1.33s
    cube 3816.62.61 (depth 2, 24 lits): UNSAT in 22.67s
    cube 3816.63 (depth 1, 18 lits): TIMEOUT in 60.06s
    cube 3816.63 TIMEOUT -> re-split into 64 sub-cubes (depth 2)
    cube 3816.63.0 (depth 2, 24 lits): UNSAT in 0.02s
    cube 3816.63.1 (depth 2, 24 lits): UNSAT in 0.04s
    cube 3816.63.2 (depth 2, 24 lits): UNSAT in 0.06s
    cube 3816.63.3 (depth 2, 24 lits): UNSAT in 0.08s
    cube 3816.63.4 (depth 2, 24 lits): UNSAT in 0.03s
    cube 3816.63.5 (depth 2, 24 lits): UNSAT in 0.12s
    cube 3816.63.6 (depth 2, 24 lits): UNSAT in 0.16s
    cube 3816.63.7 (depth 2, 24 lits): UNSAT in 0.43s
    cube 3816.63.8 (depth 2, 24 lits): UNSAT in 0.06s
    cube 3816.63.9 (depth 2, 24 lits): UNSAT in 0.16s
    cube 3816.63.10 (depth 2, 24 lits): UNSAT in 0.07s
    cube 3816.63.11 (depth 2, 24 lits): UNSAT in 0.54s
    cube 3816.63.12 (depth 2, 24 lits): UNSAT in 0.21s
    cube 3816.63.13 (depth 2, 24 lits): UNSAT in 0.32s
    cube 3816.63.14 (depth 2, 24 lits): UNSAT in 0.30s
    cube 3816.63.15 (depth 2, 24 lits): UNSAT in 1.49s
    cube 3816.63.16 (depth 2, 24 lits): UNSAT in 0.01s
    cube 3816.63.17 (depth 2, 24 lits): UNSAT in 0.02s
    cube 3816.63.18 (depth 2, 24 lits): UNSAT in 0.03s
    cube 3816.63.19 (depth 2, 24 lits): UNSAT in 0.17s
    cube 3816.63.20 (depth 2, 24 lits): UNSAT in 0.03s
    cube 3816.63.21 (depth 2, 24 lits): UNSAT in 0.13s
    cube 3816.63.22 (depth 2, 24 lits): UNSAT in 0.18s
    cube 3816.63.23 (depth 2, 24 lits): UNSAT in 1.35s
    cube 3816.63.24 (depth 2, 24 lits): UNSAT in 0.13s
    cube 3816.63.25 (depth 2, 24 lits): UNSAT in 0.18s
    cube 3816.63.26 (depth 2, 24 lits): UNSAT in 0.08s
    cube 3816.63.27 (depth 2, 24 lits): UNSAT in 1.67s
    cube 3816.63.28 (depth 2, 24 lits): UNSAT in 0.57s
    cube 3816.63.29 (depth 2, 24 lits): UNSAT in 3.21s
    cube 3816.63.30 (depth 2, 24 lits): UNSAT in 5.58s
    cube 3816.63.31 (depth 2, 24 lits): UNSAT in 44.45s
    cube 3816.63.32 (depth 2, 24 lits): UNSAT in 0.04s
    cube 3816.63.33 (depth 2, 24 lits): UNSAT in 0.26s
    cube 3816.63.34 (depth 2, 24 lits): UNSAT in 0.12s
    cube 3816.63.35 (depth 2, 24 lits): UNSAT in 1.16s
    cube 3816.63.36 (depth 2, 24 lits): UNSAT in 0.09s
    cube 3816.63.37 (depth 2, 24 lits): UNSAT in 0.50s
    cube 3816.63.38 (depth 2, 24 lits): UNSAT in 1.11s
    cube 3816.63.39 (depth 2, 24 lits): UNSAT in 4.20s
    cube 3816.63.40 (depth 2, 24 lits): UNSAT in 0.10s
    cube 3816.63.41 (depth 2, 24 lits): UNSAT in 0.24s
    cube 3816.63.42 (depth 2, 24 lits): UNSAT in 0.60s
    cube 3816.63.43 (depth 2, 24 lits): UNSAT in 2.63s
    cube 3816.63.44 (depth 2, 24 lits): UNSAT in 0.30s
    cube 3816.63.45 (depth 2, 24 lits): UNSAT in 1.73s
    cube 3816.63.46 (depth 2, 24 lits): UNSAT in 4.23s
    cube 3816.63.47 (depth 2, 24 lits): UNSAT in 41.94s
    cube 3816.63.48 (depth 2, 24 lits): UNSAT in 0.26s
    cube 3816.63.49 (depth 2, 24 lits): UNSAT in 0.41s
    cube 3816.63.50 (depth 2, 24 lits): UNSAT in 2.22s
    cube 3816.63.51 (depth 2, 24 lits): UNSAT in 10.14s
    cube 3816.63.52 (depth 2, 24 lits): UNSAT in 0.44s
    cube 3816.63.53 (depth 2, 24 lits): UNSAT in 3.86s
    cube 3816.63.54 (depth 2, 24 lits): UNSAT in 4.20s
    cube 3816.63.55 (depth 2, 24 lits): TIMEOUT in 60.06s
    cube 3816.63.55 TIMEOUT -> re-split into 63 sub-cubes (depth 3)
    cube 3816.63.55.0 (depth 3, 30 lits): UNSAT in 0.02s
    cube 3816.63.55.1 (depth 3, 30 lits): UNSAT in 0.02s
    cube 3816.63.55.2 (depth 3, 30 lits): UNSAT in 0.02s
    cube 3816.63.55.3 (depth 3, 30 lits): UNSAT in 0.02s
    cube 3816.63.55.4 (depth 3, 30 lits): UNSAT in 0.02s
    cube 3816.63.55.5 (depth 3, 30 lits): UNSAT in 0.02s
    cube 3816.63.55.6 (depth 3, 30 lits): UNSAT in 0.04s
    cube 3816.63.55.7 (depth 3, 30 lits): UNSAT in 0.07s
    cube 3816.63.55.8 (depth 3, 29 lits): UNSAT in 0.02s
    cube 3816.63.55.9 (depth 3, 30 lits): UNSAT in 0.02s
    cube 3816.63.55.10 (depth 3, 30 lits): UNSAT in 0.03s
    cube 3816.63.55.11 (depth 3, 30 lits): UNSAT in 0.02s
    cube 3816.63.55.12 (depth 3, 30 lits): UNSAT in 0.01s
    cube 3816.63.55.13 (depth 3, 30 lits): UNSAT in 0.02s
    cube 3816.63.55.14 (depth 3, 30 lits): UNSAT in 0.13s
    cube 3816.63.55.15 (depth 3, 30 lits): UNSAT in 0.02s
    cube 3816.63.55.16 (depth 3, 30 lits): UNSAT in 0.02s
    cube 3816.63.55.17 (depth 3, 30 lits): UNSAT in 0.02s
    cube 3816.63.55.18 (depth 3, 30 lits): UNSAT in 0.02s
    cube 3816.63.55.19 (depth 3, 30 lits): UNSAT in 0.06s
    cube 3816.63.55.20 (depth 3, 30 lits): UNSAT in 0.04s
    cube 3816.63.55.21 (depth 3, 30 lits): UNSAT in 0.03s
    cube 3816.63.55.22 (depth 3, 30 lits): UNSAT in 0.44s
    cube 3816.63.55.23 (depth 3, 30 lits): UNSAT in 0.02s
    cube 3816.63.55.24 (depth 3, 30 lits): UNSAT in 0.02s
    cube 3816.63.55.25 (depth 3, 30 lits): UNSAT in 0.02s
    cube 3816.63.55.26 (depth 3, 30 lits): UNSAT in 0.05s
    cube 3816.63.55.27 (depth 3, 30 lits): UNSAT in 0.03s
    cube 3816.63.55.28 (depth 3, 30 lits): UNSAT in 0.34s
    cube 3816.63.55.29 (depth 3, 30 lits): UNSAT in 0.41s
    cube 3816.63.55.30 (depth 3, 30 lits): UNSAT in 1.22s
    cube 3816.63.55.31 (depth 3, 30 lits): UNSAT in 0.04s
    cube 3816.63.55.32 (depth 3, 30 lits): UNSAT in 0.06s
    cube 3816.63.55.33 (depth 3, 30 lits): UNSAT in 0.06s
    cube 3816.63.55.34 (depth 3, 30 lits): UNSAT in 0.09s
    cube 3816.63.55.35 (depth 3, 30 lits): UNSAT in 0.05s
    cube 3816.63.55.36 (depth 3, 30 lits): UNSAT in 0.10s
    cube 3816.63.55.37 (depth 3, 30 lits): UNSAT in 0.12s
    cube 3816.63.55.38 (depth 3, 30 lits): UNSAT in 0.42s
    cube 3816.63.55.39 (depth 3, 30 lits): UNSAT in 0.02s
    cube 3816.63.55.40 (depth 3, 30 lits): UNSAT in 0.04s
    cube 3816.63.55.41 (depth 3, 30 lits): UNSAT in 0.11s
    cube 3816.63.55.42 (depth 3, 30 lits): UNSAT in 0.14s
    cube 3816.63.55.43 (depth 3, 30 lits): UNSAT in 0.05s
    cube 3816.63.55.44 (depth 3, 30 lits): UNSAT in 0.40s
    cube 3816.63.55.45 (depth 3, 30 lits): UNSAT in 0.36s
    cube 3816.63.55.46 (depth 3, 30 lits): UNSAT in 2.07s
    cube 3816.63.55.47 (depth 3, 30 lits): UNSAT in 0.03s
    cube 3816.63.55.48 (depth 3, 30 lits): UNSAT in 0.05s
    cube 3816.63.55.49 (depth 3, 30 lits): UNSAT in 0.04s
    cube 3816.63.55.50 (depth 3, 30 lits): UNSAT in 0.30s
    cube 3816.63.55.51 (depth 3, 30 lits): UNSAT in 0.05s
    cube 3816.63.55.52 (depth 3, 30 lits): UNSAT in 0.14s
    cube 3816.63.55.53 (depth 3, 30 lits): UNSAT in 0.45s
    cube 3816.63.55.54 (depth 3, 30 lits): UNSAT in 3.16s
    cube 3816.63.55.55 (depth 3, 30 lits): UNSAT in 0.12s
    cube 3816.63.55.56 (depth 3, 30 lits): UNSAT in 0.33s
    cube 3816.63.55.57 (depth 3, 30 lits): UNSAT in 0.62s
    cube 3816.63.55.58 (depth 3, 30 lits): UNSAT in 2.33s
    cube 3816.63.55.59 (depth 3, 30 lits): UNSAT in 0.46s
    cube 3816.63.55.60 (depth 3, 30 lits): UNSAT in 2.92s
    cube 3816.63.55.61 (depth 3, 30 lits): UNSAT in 4.04s
    cube 3816.63.55.62 (depth 3, 30 lits): UNSAT in 14.43s
    cube 3816.63.56 (depth 2, 24 lits): UNSAT in 0.59s
    cube 3816.63.57 (depth 2, 24 lits): UNSAT in 12.68s
    cube 3816.63.58 (depth 2, 24 lits): UNSAT in 6.25s
    cube 3816.63.59 (depth 2, 24 lits): TIMEOUT in 60.04s
    cube 3816.63.59 TIMEOUT -> re-split into 64 sub-cubes (depth 3)
    cube 3816.63.59.0 (depth 3, 30 lits): UNSAT in 0.02s
    cube 3816.63.59.1 (depth 3, 30 lits): UNSAT in 0.02s
    cube 3816.63.59.2 (depth 3, 30 lits): UNSAT in 0.02s
    cube 3816.63.59.3 (depth 3, 30 lits): UNSAT in 0.05s
    cube 3816.63.59.4 (depth 3, 30 lits): UNSAT in 0.02s
    cube 3816.63.59.5 (depth 3, 30 lits): UNSAT in 0.05s
    cube 3816.63.59.6 (depth 3, 30 lits): UNSAT in 0.03s
    cube 3816.63.59.7 (depth 3, 30 lits): UNSAT in 0.10s
    cube 3816.63.59.8 (depth 3, 30 lits): UNSAT in 0.02s
    cube 3816.63.59.9 (depth 3, 30 lits): UNSAT in 0.03s
    cube 3816.63.59.10 (depth 3, 30 lits): UNSAT in 0.03s
    cube 3816.63.59.11 (depth 3, 30 lits): UNSAT in 0.07s
    cube 3816.63.59.12 (depth 3, 30 lits): UNSAT in 0.03s
    cube 3816.63.59.13 (depth 3, 30 lits): UNSAT in 0.04s
    cube 3816.63.59.14 (depth 3, 30 lits): UNSAT in 0.08s
    cube 3816.63.59.15 (depth 3, 30 lits): UNSAT in 0.26s
    cube 3816.63.59.16 (depth 3, 30 lits): UNSAT in 0.02s
    cube 3816.63.59.17 (depth 3, 30 lits): UNSAT in 0.02s
    cube 3816.63.59.18 (depth 3, 30 lits): UNSAT in 0.02s
    cube 3816.63.59.19 (depth 3, 30 lits): UNSAT in 0.02s
    cube 3816.63.59.20 (depth 3, 30 lits): UNSAT in 0.04s
    cube 3816.63.59.21 (depth 3, 30 lits): UNSAT in 0.02s
    cube 3816.63.59.22 (depth 3, 30 lits): UNSAT in 0.12s
    cube 3816.63.59.23 (depth 3, 30 lits): UNSAT in 0.08s
    cube 3816.63.59.24 (depth 3, 30 lits): UNSAT in 0.02s
    cube 3816.63.59.25 (depth 3, 30 lits): UNSAT in 0.12s
    cube 3816.63.59.26 (depth 3, 30 lits): UNSAT in 0.08s
    cube 3816.63.59.27 (depth 3, 30 lits): UNSAT in 0.22s
    cube 3816.63.59.28 (depth 3, 30 lits): UNSAT in 0.04s
    cube 3816.63.59.29 (depth 3, 30 lits): UNSAT in 0.31s
    cube 3816.63.59.30 (depth 3, 30 lits): UNSAT in 0.07s
    cube 3816.63.59.31 (depth 3, 30 lits): UNSAT in 2.84s
    cube 3816.63.59.32 (depth 3, 30 lits): UNSAT in 0.01s
    cube 3816.63.59.33 (depth 3, 30 lits): UNSAT in 0.02s
    cube 3816.63.59.34 (depth 3, 30 lits): UNSAT in 0.02s
    cube 3816.63.59.35 (depth 3, 30 lits): UNSAT in 0.05s
    cube 3816.63.59.36 (depth 3, 30 lits): UNSAT in 0.04s
    cube 3816.63.59.37 (depth 3, 30 lits): UNSAT in 0.04s
    cube 3816.63.59.38 (depth 3, 30 lits): UNSAT in 0.12s
    cube 3816.63.59.39 (depth 3, 30 lits): UNSAT in 0.37s
    cube 3816.63.59.40 (depth 3, 30 lits): UNSAT in 0.02s
    cube 3816.63.59.41 (depth 3, 30 lits): UNSAT in 0.12s
    cube 3816.63.59.42 (depth 3, 30 lits): UNSAT in 0.03s
    cube 3816.63.59.43 (depth 3, 30 lits): UNSAT in 0.08s
    cube 3816.63.59.44 (depth 3, 30 lits): UNSAT in 0.05s
    cube 3816.63.59.45 (depth 3, 30 lits): UNSAT in 0.18s
    cube 3816.63.59.46 (depth 3, 30 lits): UNSAT in 0.20s
    cube 3816.63.59.47 (depth 3, 30 lits): UNSAT in 3.43s
    cube 3816.63.59.48 (depth 3, 30 lits): UNSAT in 0.04s
    cube 3816.63.59.49 (depth 3, 30 lits): UNSAT in 0.17s
    cube 3816.63.59.50 (depth 3, 30 lits): UNSAT in 0.08s
    cube 3816.63.59.51 (depth 3, 30 lits): UNSAT in 0.24s
    cube 3816.63.59.52 (depth 3, 30 lits): UNSAT in 0.11s
    cube 3816.63.59.53 (depth 3, 30 lits): UNSAT in 0.28s
    cube 3816.63.59.54 (depth 3, 30 lits): UNSAT in 0.46s
    cube 3816.63.59.55 (depth 3, 30 lits): UNSAT in 2.76s
    cube 3816.63.59.56 (depth 3, 30 lits): UNSAT in 0.41s
    cube 3816.63.59.57 (depth 3, 30 lits): UNSAT in 0.64s
    cube 3816.63.59.58 (depth 3, 30 lits): UNSAT in 0.38s
    cube 3816.63.59.59 (depth 3, 30 lits): UNSAT in 5.53s
    cube 3816.63.59.60 (depth 3, 30 lits): UNSAT in 0.77s
    cube 3816.63.59.61 (depth 3, 30 lits): UNSAT in 8.86s
    cube 3816.63.59.62 (depth 3, 30 lits): UNSAT in 4.68s
    cube 3816.63.59.63 (depth 3, 30 lits): UNSAT in 31.58s
    cube 3816.63.60 (depth 2, 24 lits): UNSAT in 0.71s
    cube 3816.63.61 (depth 2, 24 lits): UNSAT in 17.72s
    cube 3816.63.62 (depth 2, 24 lits): UNSAT in 6.50s
    cube 3816.63.63 (depth 2, 24 lits): TIMEOUT in 60.03s
    cube 3816.63.63 TIMEOUT -> re-split into 64 sub-cubes (depth 3)
    cube 3816.63.63.0 (depth 3, 30 lits): UNSAT in 0.02s
    cube 3816.63.63.1 (depth 3, 30 lits): UNSAT in 0.04s
    cube 3816.63.63.2 (depth 3, 30 lits): UNSAT in 0.05s
    cube 3816.63.63.3 (depth 3, 30 lits): UNSAT in 0.10s
    cube 3816.63.63.4 (depth 3, 30 lits): UNSAT in 0.04s
    cube 3816.63.63.5 (depth 3, 30 lits): UNSAT in 0.09s
    cube 3816.63.63.6 (depth 3, 30 lits): UNSAT in 0.07s
    cube 3816.63.63.7 (depth 3, 30 lits): UNSAT in 0.07s
    cube 3816.63.63.8 (depth 3, 30 lits): UNSAT in 0.05s
    cube 3816.63.63.9 (depth 3, 30 lits): UNSAT in 0.07s
    cube 3816.63.63.10 (depth 3, 30 lits): UNSAT in 0.11s
    cube 3816.63.63.11 (depth 3, 30 lits): UNSAT in 0.48s
    cube 3816.63.63.12 (depth 3, 30 lits): UNSAT in 0.08s
    cube 3816.63.63.13 (depth 3, 30 lits): UNSAT in 0.37s
    cube 3816.63.63.14 (depth 3, 30 lits): UNSAT in 0.20s
    cube 3816.63.63.15 (depth 3, 30 lits): UNSAT in 0.56s
    cube 3816.63.63.16 (depth 3, 30 lits): UNSAT in 0.02s
    cube 3816.63.63.17 (depth 3, 30 lits): UNSAT in 0.06s
    cube 3816.63.63.18 (depth 3, 30 lits): UNSAT in 0.04s
    cube 3816.63.63.19 (depth 3, 30 lits): UNSAT in 0.09s
    cube 3816.63.63.20 (depth 3, 30 lits): UNSAT in 0.07s
    cube 3816.63.63.21 (depth 3, 30 lits): UNSAT in 0.09s
    cube 3816.63.63.22 (depth 3, 30 lits): UNSAT in 0.11s
    cube 3816.63.63.23 (depth 3, 30 lits): UNSAT in 0.19s
    cube 3816.63.63.24 (depth 3, 30 lits): UNSAT in 0.11s
    cube 3816.63.63.25 (depth 3, 30 lits): UNSAT in 0.24s
    cube 3816.63.63.26 (depth 3, 30 lits): UNSAT in 0.25s
    cube 3816.63.63.27 (depth 3, 30 lits): UNSAT in 0.83s
    cube 3816.63.63.28 (depth 3, 30 lits): UNSAT in 0.07s
    cube 3816.63.63.29 (depth 3, 30 lits): UNSAT in 0.45s
    cube 3816.63.63.30 (depth 3, 30 lits): UNSAT in 0.96s
    cube 3816.63.63.31 (depth 3, 30 lits): UNSAT in 2.57s
    cube 3816.63.63.32 (depth 3, 30 lits): UNSAT in 0.01s
    cube 3816.63.63.33 (depth 3, 30 lits): UNSAT in 0.02s
    cube 3816.63.63.34 (depth 3, 30 lits): UNSAT in 0.02s
    cube 3816.63.63.35 (depth 3, 30 lits): UNSAT in 0.03s
    cube 3816.63.63.36 (depth 3, 30 lits): UNSAT in 0.02s
    cube 3816.63.63.37 (depth 3, 30 lits): UNSAT in 0.10s
    cube 3816.63.63.38 (depth 3, 30 lits): UNSAT in 0.11s
    cube 3816.63.63.39 (depth 3, 30 lits): UNSAT in 0.19s
    cube 3816.63.63.40 (depth 3, 30 lits): UNSAT in 0.03s
    cube 3816.63.63.41 (depth 3, 30 lits): UNSAT in 0.03s
    cube 3816.63.63.42 (depth 3, 30 lits): UNSAT in 0.08s
    cube 3816.63.63.43 (depth 3, 30 lits): UNSAT in 0.36s
    cube 3816.63.63.44 (depth 3, 30 lits): UNSAT in 0.05s
    cube 3816.63.63.45 (depth 3, 30 lits): UNSAT in 0.15s
    cube 3816.63.63.46 (depth 3, 30 lits): UNSAT in 0.33s
    cube 3816.63.63.47 (depth 3, 30 lits): UNSAT in 2.42s
    cube 3816.63.63.48 (depth 3, 30 lits): UNSAT in 0.06s
    cube 3816.63.63.49 (depth 3, 30 lits): UNSAT in 0.17s
    cube 3816.63.63.50 (depth 3, 30 lits): UNSAT in 0.14s
    cube 3816.63.63.51 (depth 3, 30 lits): UNSAT in 0.43s
    cube 3816.63.63.52 (depth 3, 30 lits): UNSAT in 0.06s
    cube 3816.63.63.53 (depth 3, 30 lits): UNSAT in 0.23s
    cube 3816.63.63.54 (depth 3, 30 lits): UNSAT in 0.33s
    cube 3816.63.63.55 (depth 3, 30 lits): UNSAT in 3.09s
    cube 3816.63.63.56 (depth 3, 30 lits): UNSAT in 0.09s
    cube 3816.63.63.57 (depth 3, 30 lits): UNSAT in 0.39s
    cube 3816.63.63.58 (depth 3, 30 lits): UNSAT in 0.62s
    cube 3816.63.63.59 (depth 3, 30 lits): UNSAT in 3.56s
    cube 3816.63.63.60 (depth 3, 30 lits): UNSAT in 0.41s
    cube 3816.63.63.61 (depth 3, 30 lits): UNSAT in 6.03s
    cube 3816.63.63.62 (depth 3, 30 lits): UNSAT in 6.63s
    cube 3816.63.63.63 (depth 3, 30 lits): UNSAT in 37.72s
    cube 3817 (depth 0, 12 lits): TIMEOUT in 60.01s
    cube 3817 TIMEOUT -> re-split into 64 sub-cubes (depth 1)
    cube 3817.0 (depth 1, 18 lits): UNSAT in 0.03s
    cube 3817.1 (depth 1, 18 lits): UNSAT in 0.06s
    cube 3817.2 (depth 1, 18 lits): UNSAT in 0.14s
    cube 3817.3 (depth 1, 18 lits): UNSAT in 0.67s
    cube 3817.4 (depth 1, 18 lits): UNSAT in 0.05s
    cube 3817.5 (depth 1, 18 lits): UNSAT in 0.09s
    cube 3817.6 (depth 1, 18 lits): UNSAT in 0.11s
    cube 3817.7 (depth 1, 18 lits): UNSAT in 1.54s
    cube 3817.8 (depth 1, 18 lits): UNSAT in 0.07s
    cube 3817.9 (depth 1, 18 lits): UNSAT in 0.25s
    cube 3817.10 (depth 1, 18 lits): UNSAT in 0.23s
    cube 3817.11 (depth 1, 18 lits): UNSAT in 1.75s
    cube 3817.12 (depth 1, 18 lits): UNSAT in 0.08s
    cube 3817.13 (depth 1, 18 lits): UNSAT in 0.35s
    cube 3817.14 (depth 1, 18 lits): UNSAT in 1.51s
    cube 3817.15 (depth 1, 18 lits): UNSAT in 11.44s
    cube 3817.16 (depth 1, 18 lits): UNSAT in 0.07s
    cube 3817.17 (depth 1, 18 lits): UNSAT in 0.25s
    cube 3817.18 (depth 1, 18 lits): UNSAT in 0.51s
    cube 3817.19 (depth 1, 18 lits): UNSAT in 2.63s
    cube 3817.20 (depth 1, 18 lits): UNSAT in 0.37s
    cube 3817.21 (depth 1, 18 lits): UNSAT in 6.88s
    cube 3817.22 (depth 1, 18 lits): UNSAT in 2.12s
    cube 3817.23 (depth 1, 18 lits): UNSAT in 15.36s
    cube 3817.24 (depth 1, 18 lits): UNSAT in 0.28s
    cube 3817.25 (depth 1, 18 lits): UNSAT in 0.72s
    cube 3817.26 (depth 1, 18 lits): UNSAT in 0.83s
    cube 3817.27 (depth 1, 18 lits): UNSAT in 14.88s
    cube 3817.28 (depth 1, 18 lits): UNSAT in 0.74s
    cube 3817.29 (depth 1, 18 lits): UNSAT in 4.86s
    cube 3817.30 (depth 1, 18 lits): UNSAT in 6.83s
    cube 3817.31 (depth 1, 18 lits): TIMEOUT in 60.02s
    cube 3817.31 TIMEOUT -> re-split into 64 sub-cubes (depth 2)
    cube 3817.31.0 (depth 2, 24 lits): UNSAT in 0.02s
    cube 3817.31.1 (depth 2, 24 lits): UNSAT in 0.02s
    cube 3817.31.2 (depth 2, 24 lits): UNSAT in 0.02s
    cube 3817.31.3 (depth 2, 24 lits): UNSAT in 0.03s
    cube 3817.31.4 (depth 2, 24 lits): UNSAT in 0.02s
    cube 3817.31.5 (depth 2, 24 lits): UNSAT in 0.04s
    cube 3817.31.6 (depth 2, 24 lits): UNSAT in 0.08s
    cube 3817.31.7 (depth 2, 24 lits): UNSAT in 0.15s
    cube 3817.31.8 (depth 2, 24 lits): UNSAT in 0.02s
    cube 3817.31.9 (depth 2, 24 lits): UNSAT in 0.02s
    cube 3817.31.10 (depth 2, 24 lits): UNSAT in 0.03s
    cube 3817.31.11 (depth 2, 24 lits): UNSAT in 0.07s
    cube 3817.31.12 (depth 2, 24 lits): UNSAT in 0.05s
    cube 3817.31.13 (depth 2, 24 lits): UNSAT in 0.08s
    cube 3817.31.14 (depth 2, 24 lits): UNSAT in 0.07s
    cube 3817.31.15 (depth 2, 24 lits): UNSAT in 0.16s
    cube 3817.31.16 (depth 2, 24 lits): UNSAT in 0.02s
    cube 3817.31.17 (depth 2, 24 lits): UNSAT in 0.03s
    cube 3817.31.18 (depth 2, 24 lits): UNSAT in 0.02s
    cube 3817.31.19 (depth 2, 24 lits): UNSAT in 0.05s
    cube 3817.31.20 (depth 2, 24 lits): UNSAT in 0.01s
    cube 3817.31.21 (depth 2, 24 lits): UNSAT in 0.02s
    cube 3817.31.22 (depth 2, 24 lits): UNSAT in 0.04s
    cube 3817.31.23 (depth 2, 24 lits): UNSAT in 0.08s
    cube 3817.31.24 (depth 2, 24 lits): UNSAT in 0.03s
    cube 3817.31.25 (depth 2, 24 lits): UNSAT in 0.09s
    cube 3817.31.26 (depth 2, 24 lits): UNSAT in 0.04s
    cube 3817.31.27 (depth 2, 24 lits): UNSAT in 0.09s
    cube 3817.31.28 (depth 2, 24 lits): UNSAT in 0.12s
    cube 3817.31.29 (depth 2, 24 lits): UNSAT in 0.31s
    cube 3817.31.30 (depth 2, 24 lits): UNSAT in 0.05s
    cube 3817.31.31 (depth 2, 24 lits): UNSAT in 2.22s
    cube 3817.31.32 (depth 2, 24 lits): UNSAT in 0.06s
    cube 3817.31.33 (depth 2, 24 lits): UNSAT in 0.08s
    cube 3817.31.34 (depth 2, 24 lits): UNSAT in 0.08s
    cube 3817.31.35 (depth 2, 24 lits): UNSAT in 0.21s
    cube 3817.31.36 (depth 2, 24 lits): UNSAT in 0.06s
    cube 3817.31.37 (depth 2, 24 lits): UNSAT in 0.24s
    cube 3817.31.38 (depth 2, 24 lits): UNSAT in 0.21s
    cube 3817.31.39 (depth 2, 24 lits): UNSAT in 0.49s
    cube 3817.31.40 (depth 2, 24 lits): UNSAT in 0.02s
    cube 3817.31.41 (depth 2, 24 lits): UNSAT in 0.12s
    cube 3817.31.42 (depth 2, 24 lits): UNSAT in 0.21s
    cube 3817.31.43 (depth 2, 24 lits): UNSAT in 1.12s
    cube 3817.31.44 (depth 2, 24 lits): UNSAT in 0.04s
    cube 3817.31.45 (depth 2, 24 lits): UNSAT in 0.14s
    cube 3817.31.46 (depth 2, 24 lits): UNSAT in 0.37s
    cube 3817.31.47 (depth 2, 24 lits): UNSAT in 3.09s
    cube 3817.31.48 (depth 2, 24 lits): UNSAT in 0.03s
    cube 3817.31.49 (depth 2, 24 lits): UNSAT in 0.04s
    cube 3817.31.50 (depth 2, 24 lits): UNSAT in 0.05s
    cube 3817.31.51 (depth 2, 24 lits): UNSAT in 0.25s
    cube 3817.31.52 (depth 2, 24 lits): UNSAT in 0.10s
    cube 3817.31.53 (depth 2, 24 lits): UNSAT in 0.26s
    cube 3817.31.54 (depth 2, 24 lits): UNSAT in 0.80s
    cube 3817.31.55 (depth 2, 24 lits): UNSAT in 3.61s
    cube 3817.31.56 (depth 2, 24 lits): UNSAT in 0.38s
    cube 3817.31.57 (depth 2, 24 lits): UNSAT in 1.67s
    cube 3817.31.58 (depth 2, 24 lits): UNSAT in 1.09s
    cube 3817.31.59 (depth 2, 24 lits): UNSAT in 3.03s
    cube 3817.31.60 (depth 2, 24 lits): UNSAT in 4.28s
    cube 3817.31.61 (depth 2, 24 lits): UNSAT in 12.50s
    cube 3817.31.62 (depth 2, 24 lits): UNSAT in 10.08s
    cube 3817.31.63 (depth 2, 24 lits): UNSAT in 53.52s
    cube 3817.32 (depth 1, 18 lits): UNSAT in 0.02s
    cube 3817.33 (depth 1, 18 lits): UNSAT in 0.04s
    cube 3817.34 (depth 1, 18 lits): UNSAT in 0.07s
    cube 3817.35 (depth 1, 18 lits): UNSAT in 0.06s
    cube 3817.36 (depth 1, 18 lits): UNSAT in 0.03s
    cube 3817.37 (depth 1, 18 lits): UNSAT in 0.09s
    cube 3817.38 (depth 1, 18 lits): UNSAT in 0.10s
    cube 3817.39 (depth 1, 18 lits): UNSAT in 0.44s
    cube 3817.40 (depth 1, 18 lits): UNSAT in 0.13s
    cube 3817.41 (depth 1, 18 lits): UNSAT in 0.62s
    cube 3817.42 (depth 1, 18 lits): UNSAT in 0.45s
    cube 3817.43 (depth 1, 18 lits): UNSAT in 1.21s
    cube 3817.44 (depth 1, 18 lits): UNSAT in 0.07s
    cube 3817.45 (depth 1, 18 lits): UNSAT in 0.77s
    cube 3817.46 (depth 1, 18 lits): UNSAT in 2.22s
    cube 3817.47 (depth 1, 18 lits): UNSAT in 18.46s
    cube 3817.48 (depth 1, 18 lits): UNSAT in 0.11s
    cube 3817.49 (depth 1, 18 lits): UNSAT in 0.52s
    cube 3817.50 (depth 1, 18 lits): UNSAT in 0.37s
    cube 3817.51 (depth 1, 18 lits): UNSAT in 1.63s
    cube 3817.52 (depth 1, 18 lits): UNSAT in 0.28s
    cube 3817.53 (depth 1, 18 lits): UNSAT in 0.32s
    cube 3817.54 (depth 1, 18 lits): UNSAT in 2.72s
    cube 3817.55 (depth 1, 18 lits): UNSAT in 46.26s
    cube 3817.56 (depth 1, 18 lits): UNSAT in 0.45s
    cube 3817.57 (depth 1, 18 lits): UNSAT in 2.19s
    cube 3817.58 (depth 1, 18 lits): UNSAT in 1.56s
    cube 3817.59 (depth 1, 18 lits): UNSAT in 40.92s
    cube 3817.60 (depth 1, 18 lits): UNSAT in 2.60s
    cube 3817.61 (depth 1, 18 lits): UNSAT in 55.26s
    cube 3817.62 (depth 1, 18 lits): TIMEOUT in 60.06s
    cube 3817.62 TIMEOUT -> re-split into 63 sub-cubes (depth 2)
    cube 3817.62.0 (depth 2, 23 lits): UNSAT in 0.01s
    cube 3817.62.1 (depth 2, 24 lits): UNSAT in 0.02s
    cube 3817.62.2 (depth 2, 24 lits): UNSAT in 0.02s
    cube 3817.62.3 (depth 2, 24 lits): UNSAT in 0.02s
    cube 3817.62.4 (depth 2, 24 lits): UNSAT in 0.03s
    cube 3817.62.5 (depth 2, 24 lits): UNSAT in 0.06s
    cube 3817.62.6 (depth 2, 24 lits): UNSAT in 0.05s
    cube 3817.62.7 (depth 2, 24 lits): UNSAT in 0.02s
    cube 3817.62.8 (depth 2, 24 lits): UNSAT in 0.01s
    cube 3817.62.9 (depth 2, 24 lits): UNSAT in 0.01s
    cube 3817.62.10 (depth 2, 24 lits): UNSAT in 0.02s
    cube 3817.62.11 (depth 2, 24 lits): UNSAT in 0.03s
    cube 3817.62.12 (depth 2, 24 lits): UNSAT in 0.05s
    cube 3817.62.13 (depth 2, 24 lits): UNSAT in 0.07s
    cube 3817.62.14 (depth 2, 24 lits): UNSAT in 0.16s
    cube 3817.62.15 (depth 2, 24 lits): UNSAT in 0.02s
    cube 3817.62.16 (depth 2, 24 lits): UNSAT in 0.04s
    cube 3817.62.17 (depth 2, 24 lits): UNSAT in 0.02s
    cube 3817.62.18 (depth 2, 24 lits): UNSAT in 0.05s
    cube 3817.62.19 (depth 2, 24 lits): UNSAT in 0.02s
    cube 3817.62.20 (depth 2, 24 lits): UNSAT in 0.07s
    cube 3817.62.21 (depth 2, 24 lits): UNSAT in 0.06s
    cube 3817.62.22 (depth 2, 24 lits): UNSAT in 0.52s
    cube 3817.62.23 (depth 2, 24 lits): UNSAT in 0.03s
    cube 3817.62.24 (depth 2, 24 lits): UNSAT in 0.08s
    cube 3817.62.25 (depth 2, 24 lits): UNSAT in 0.03s
    cube 3817.62.26 (depth 2, 24 lits): UNSAT in 0.09s
    cube 3817.62.27 (depth 2, 24 lits): UNSAT in 0.09s
    cube 3817.62.28 (depth 2, 24 lits): UNSAT in 0.47s
    cube 3817.62.29 (depth 2, 24 lits): UNSAT in 0.19s
    cube 3817.62.30 (depth 2, 24 lits): UNSAT in 1.43s
    cube 3817.62.31 (depth 2, 24 lits): UNSAT in 0.02s
    cube 3817.62.32 (depth 2, 24 lits): UNSAT in 0.04s
    cube 3817.62.33 (depth 2, 24 lits): UNSAT in 0.06s
    cube 3817.62.34 (depth 2, 24 lits): UNSAT in 0.05s
    cube 3817.62.35 (depth 2, 24 lits): UNSAT in 0.05s
    cube 3817.62.36 (depth 2, 24 lits): UNSAT in 0.06s
    cube 3817.62.37 (depth 2, 24 lits): UNSAT in 0.07s
    cube 3817.62.38 (depth 2, 24 lits): UNSAT in 0.29s
    cube 3817.62.39 (depth 2, 24 lits): UNSAT in 0.02s
    cube 3817.62.40 (depth 2, 24 lits): UNSAT in 0.06s
    cube 3817.62.41 (depth 2, 24 lits): UNSAT in 0.02s
    cube 3817.62.42 (depth 2, 24 lits): UNSAT in 0.17s
    cube 3817.62.43 (depth 2, 24 lits): UNSAT in 0.02s
    cube 3817.62.44 (depth 2, 24 lits): UNSAT in 0.06s
    cube 3817.62.45 (depth 2, 24 lits): UNSAT in 0.09s
    cube 3817.62.46 (depth 2, 24 lits): UNSAT in 0.29s
    cube 3817.62.47 (depth 2, 24 lits): UNSAT in 0.02s
    cube 3817.62.48 (depth 2, 24 lits): UNSAT in 0.04s
    cube 3817.62.49 (depth 2, 24 lits): UNSAT in 0.05s
    cube 3817.62.50 (depth 2, 24 lits): UNSAT in 0.34s
    cube 3817.62.51 (depth 2, 24 lits): UNSAT in 0.03s
    cube 3817.62.52 (depth 2, 24 lits): UNSAT in 0.10s
    cube 3817.62.53 (depth 2, 24 lits): UNSAT in 0.30s
    cube 3817.62.54 (depth 2, 24 lits): UNSAT in 0.46s
    cube 3817.62.55 (depth 2, 24 lits): UNSAT in 0.08s
    cube 3817.62.56 (depth 2, 24 lits): UNSAT in 0.14s
    cube 3817.62.57 (depth 2, 24 lits): UNSAT in 0.43s
    cube 3817.62.58 (depth 2, 24 lits): UNSAT in 4.20s
    cube 3817.62.59 (depth 2, 24 lits): UNSAT in 0.57s
    cube 3817.62.60 (depth 2, 24 lits): UNSAT in 2.70s
    cube 3817.62.61 (depth 2, 24 lits): UNSAT in 3.14s
    cube 3817.62.62 (depth 2, 24 lits): TIMEOUT in 60.06s
    cube 3817.62.62 TIMEOUT -> re-split into 61 sub-cubes (depth 3)
    cube 3817.62.62.0 (depth 3, 28 lits): UNSAT in 0.01s
    cube 3817.62.62.1 (depth 3, 30 lits): UNSAT in 0.02s
    cube 3817.62.62.2 (depth 3, 30 lits): UNSAT in 0.03s
    cube 3817.62.62.3 (depth 3, 30 lits): UNSAT in 0.02s
    cube 3817.62.62.4 (depth 3, 30 lits): UNSAT in 0.06s
    cube 3817.62.62.5 (depth 3, 30 lits): UNSAT in 0.02s
    cube 3817.62.62.6 (depth 3, 30 lits): UNSAT in 0.03s
    cube 3817.62.62.7 (depth 3, 30 lits): UNSAT in 0.02s
    cube 3817.62.62.8 (depth 3, 30 lits): UNSAT in 0.04s
    cube 3817.62.62.9 (depth 3, 30 lits): UNSAT in 0.02s
    cube 3817.62.62.10 (depth 3, 30 lits): UNSAT in 0.03s
    cube 3817.62.62.11 (depth 3, 30 lits): UNSAT in 0.05s
    cube 3817.62.62.12 (depth 3, 30 lits): UNSAT in 0.74s
    cube 3817.62.62.13 (depth 3, 30 lits): UNSAT in 0.01s
    cube 3817.62.62.14 (depth 3, 30 lits): UNSAT in 0.01s
    cube 3817.62.62.15 (depth 3, 30 lits): UNSAT in 0.02s
    cube 3817.62.62.16 (depth 3, 30 lits): UNSAT in 0.03s
    cube 3817.62.62.17 (depth 3, 30 lits): UNSAT in 0.02s
    cube 3817.62.62.18 (depth 3, 30 lits): UNSAT in 0.03s
    cube 3817.62.62.19 (depth 3, 30 lits): UNSAT in 0.04s
    cube 3817.62.62.20 (depth 3, 30 lits): UNSAT in 0.37s
    cube 3817.62.62.21 (depth 3, 30 lits): UNSAT in 0.05s
    cube 3817.62.62.22 (depth 3, 30 lits): UNSAT in 0.11s
    cube 3817.62.62.23 (depth 3, 30 lits): UNSAT in 0.06s
    cube 3817.62.62.24 (depth 3, 30 lits): UNSAT in 0.16s
    cube 3817.62.62.25 (depth 3, 30 lits): UNSAT in 0.06s
    cube 3817.62.62.26 (depth 3, 30 lits): UNSAT in 0.16s
    cube 3817.62.62.27 (depth 3, 30 lits): UNSAT in 0.29s
    cube 3817.62.62.28 (depth 3, 30 lits): UNSAT in 1.69s
    cube 3817.62.62.29 (depth 3, 30 lits): UNSAT in 0.02s
    cube 3817.62.62.30 (depth 3, 30 lits): UNSAT in 0.03s
    cube 3817.62.62.31 (depth 3, 30 lits): UNSAT in 0.03s
    cube 3817.62.62.32 (depth 3, 30 lits): UNSAT in 0.07s
    cube 3817.62.62.33 (depth 3, 30 lits): UNSAT in 0.02s
    cube 3817.62.62.34 (depth 3, 30 lits): UNSAT in 0.03s
    cube 3817.62.62.35 (depth 3, 30 lits): UNSAT in 0.03s
    cube 3817.62.62.36 (depth 3, 30 lits): UNSAT in 0.20s
    cube 3817.62.62.37 (depth 3, 30 lits): UNSAT in 0.02s
    cube 3817.62.62.38 (depth 3, 30 lits): UNSAT in 0.03s
    cube 3817.62.62.39 (depth 3, 30 lits): UNSAT in 0.03s
    cube 3817.62.62.40 (depth 3, 30 lits): UNSAT in 0.09s
    cube 3817.62.62.41 (depth 3, 30 lits): UNSAT in 0.17s
    cube 3817.62.62.42 (depth 3, 30 lits): UNSAT in 0.84s
    cube 3817.62.62.43 (depth 3, 30 lits): UNSAT in 0.22s
    cube 3817.62.62.44 (depth 3, 30 lits): UNSAT in 2.57s
    cube 3817.62.62.45 (depth 3, 30 lits): UNSAT in 0.07s
    cube 3817.62.62.46 (depth 3, 30 lits): UNSAT in 0.30s
    cube 3817.62.62.47 (depth 3, 30 lits): UNSAT in 0.26s
    cube 3817.62.62.48 (depth 3, 30 lits): UNSAT in 1.31s
    cube 3817.62.62.49 (depth 3, 30 lits): UNSAT in 0.15s
    cube 3817.62.62.50 (depth 3, 30 lits): UNSAT in 0.99s
    cube 3817.62.62.51 (depth 3, 30 lits): UNSAT in 0.69s
    cube 3817.62.62.52 (depth 3, 30 lits): UNSAT in 4.76s
    cube 3817.62.62.53 (depth 3, 30 lits): UNSAT in 0.30s
    cube 3817.62.62.54 (depth 3, 30 lits): UNSAT in 2.83s
    cube 3817.62.62.55 (depth 3, 30 lits): UNSAT in 0.31s
    cube 3817.62.62.56 (depth 3, 30 lits): UNSAT in 7.57s
    cube 3817.62.62.57 (depth 3, 30 lits): UNSAT in 0.42s
    cube 3817.62.62.58 (depth 3, 30 lits): UNSAT in 2.04s
    cube 3817.62.62.59 (depth 3, 30 lits): UNSAT in 0.78s
    cube 3817.62.62.60 (depth 3, 30 lits): UNSAT in 7.44s
    cube 3817.63 (depth 1, 18 lits): TIMEOUT in 60.04s
    cube 3817.63 TIMEOUT -> re-split into 64 sub-cubes (depth 2)
    cube 3817.63.0 (depth 2, 24 lits): UNSAT in 0.01s
    cube 3817.63.1 (depth 2, 24 lits): UNSAT in 0.02s
    cube 3817.63.2 (depth 2, 24 lits): UNSAT in 0.01s
    cube 3817.63.3 (depth 2, 24 lits): UNSAT in 0.02s
    cube 3817.63.4 (depth 2, 24 lits): UNSAT in 0.04s
    cube 3817.63.5 (depth 2, 24 lits): UNSAT in 0.06s
    cube 3817.63.6 (depth 2, 24 lits): UNSAT in 0.04s
    cube 3817.63.7 (depth 2, 24 lits): UNSAT in 0.35s
    cube 3817.63.8 (depth 2, 24 lits): UNSAT in 0.05s
    cube 3817.63.9 (depth 2, 24 lits): UNSAT in 0.08s
    cube 3817.63.10 (depth 2, 24 lits): UNSAT in 0.07s
    cube 3817.63.11 (depth 2, 24 lits): UNSAT in 0.18s
    cube 3817.63.12 (depth 2, 24 lits): UNSAT in 0.15s
    cube 3817.63.13 (depth 2, 24 lits): UNSAT in 1.62s
    cube 3817.63.14 (depth 2, 24 lits): UNSAT in 0.25s
    cube 3817.63.15 (depth 2, 24 lits): UNSAT in 4.08s
    cube 3817.63.16 (depth 2, 24 lits): UNSAT in 0.03s
    cube 3817.63.17 (depth 2, 24 lits): UNSAT in 0.04s
    cube 3817.63.18 (depth 2, 24 lits): UNSAT in 0.06s
    cube 3817.63.19 (depth 2, 24 lits): UNSAT in 0.11s
    cube 3817.63.20 (depth 2, 24 lits): UNSAT in 0.13s
    cube 3817.63.21 (depth 2, 24 lits): UNSAT in 0.41s
    cube 3817.63.22 (depth 2, 24 lits): UNSAT in 0.23s
    cube 3817.63.23 (depth 2, 24 lits): UNSAT in 1.13s
    cube 3817.63.24 (depth 2, 24 lits): UNSAT in 0.10s
    cube 3817.63.25 (depth 2, 24 lits): UNSAT in 0.06s
    cube 3817.63.26 (depth 2, 24 lits): UNSAT in 0.87s
    cube 3817.63.27 (depth 2, 24 lits): UNSAT in 0.96s
    cube 3817.63.28 (depth 2, 24 lits): UNSAT in 1.43s
    cube 3817.63.29 (depth 2, 24 lits): UNSAT in 8.77s
    cube 3817.63.30 (depth 2, 24 lits): UNSAT in 7.22s
    cube 3817.63.31 (depth 2, 24 lits): TIMEOUT in 60.06s
    cube 3817.63.31 TIMEOUT -> re-split into 64 sub-cubes (depth 3)
    cube 3817.63.31.0 (depth 3, 30 lits): UNSAT in 0.01s
    cube 3817.63.31.1 (depth 3, 30 lits): UNSAT in 0.02s
    cube 3817.63.31.2 (depth 3, 30 lits): UNSAT in 0.03s
    cube 3817.63.31.3 (depth 3, 30 lits): UNSAT in 0.03s
    cube 3817.63.31.4 (depth 3, 30 lits): UNSAT in 0.03s
    cube 3817.63.31.5 (depth 3, 30 lits): UNSAT in 0.04s
    cube 3817.63.31.6 (depth 3, 30 lits): UNSAT in 0.03s
    cube 3817.63.31.7 (depth 3, 30 lits): UNSAT in 0.08s
    cube 3817.63.31.8 (depth 3, 30 lits): UNSAT in 0.02s
    cube 3817.63.31.9 (depth 3, 30 lits): UNSAT in 0.02s
    cube 3817.63.31.10 (depth 3, 30 lits): UNSAT in 0.03s
    cube 3817.63.31.11 (depth 3, 30 lits): UNSAT in 0.05s
    cube 3817.63.31.12 (depth 3, 30 lits): UNSAT in 0.04s
    cube 3817.63.31.13 (depth 3, 30 lits): UNSAT in 0.13s
    cube 3817.63.31.14 (depth 3, 30 lits): UNSAT in 0.11s
    cube 3817.63.31.15 (depth 3, 30 lits): UNSAT in 0.93s
    cube 3817.63.31.16 (depth 3, 30 lits): UNSAT in 0.03s
    cube 3817.63.31.17 (depth 3, 30 lits): UNSAT in 0.02s
    cube 3817.63.31.18 (depth 3, 30 lits): UNSAT in 0.03s
    cube 3817.63.31.19 (depth 3, 30 lits): UNSAT in 0.04s
    cube 3817.63.31.20 (depth 3, 30 lits): UNSAT in 0.03s
    cube 3817.63.31.21 (depth 3, 30 lits): UNSAT in 0.03s
    cube 3817.63.31.22 (depth 3, 30 lits): UNSAT in 0.12s
    cube 3817.63.31.23 (depth 3, 30 lits): UNSAT in 0.70s
    cube 3817.63.31.24 (depth 3, 30 lits): UNSAT in 0.03s
    cube 3817.63.31.25 (depth 3, 30 lits): UNSAT in 0.29s
    cube 3817.63.31.26 (depth 3, 30 lits): UNSAT in 0.07s
    cube 3817.63.31.27 (depth 3, 30 lits): UNSAT in 0.40s
    cube 3817.63.31.28 (depth 3, 30 lits): UNSAT in 0.13s
    cube 3817.63.31.29 (depth 3, 30 lits): UNSAT in 0.25s
    cube 3817.63.31.30 (depth 3, 30 lits): UNSAT in 0.32s
    cube 3817.63.31.31 (depth 3, 30 lits): UNSAT in 2.27s
    cube 3817.63.31.32 (depth 3, 30 lits): UNSAT in 0.02s
    cube 3817.63.31.33 (depth 3, 30 lits): UNSAT in 0.02s
    cube 3817.63.31.34 (depth 3, 30 lits): UNSAT in 0.06s
    cube 3817.63.31.35 (depth 3, 30 lits): UNSAT in 0.12s
    cube 3817.63.31.36 (depth 3, 30 lits): UNSAT in 0.07s
    cube 3817.63.31.37 (depth 3, 30 lits): UNSAT in 0.13s
    cube 3817.63.31.38 (depth 3, 30 lits): UNSAT in 0.08s
    cube 3817.63.31.39 (depth 3, 30 lits): UNSAT in 0.49s
    cube 3817.63.31.40 (depth 3, 30 lits): UNSAT in 0.02s
    cube 3817.63.31.41 (depth 3, 30 lits): UNSAT in 0.06s
    cube 3817.63.31.42 (depth 3, 30 lits): UNSAT in 0.09s
    cube 3817.63.31.43 (depth 3, 30 lits): UNSAT in 0.25s
    cube 3817.63.31.44 (depth 3, 30 lits): UNSAT in 0.05s
    cube 3817.63.31.45 (depth 3, 30 lits): UNSAT in 0.29s
    cube 3817.63.31.46 (depth 3, 30 lits): UNSAT in 1.04s
    cube 3817.63.31.47 (depth 3, 30 lits): UNSAT in 5.98s
    cube 3817.63.31.48 (depth 3, 30 lits): UNSAT in 0.04s
    cube 3817.63.31.49 (depth 3, 30 lits): UNSAT in 0.12s
    cube 3817.63.31.50 (depth 3, 30 lits): UNSAT in 0.20s
    cube 3817.63.31.51 (depth 3, 30 lits): UNSAT in 1.01s
    cube 3817.63.31.52 (depth 3, 30 lits): UNSAT in 0.02s
    cube 3817.63.31.53 (depth 3, 30 lits): UNSAT in 0.63s
    cube 3817.63.31.54 (depth 3, 30 lits): UNSAT in 1.35s
    cube 3817.63.31.55 (depth 3, 30 lits): UNSAT in 4.75s
    cube 3817.63.31.56 (depth 3, 30 lits): UNSAT in 0.53s
    cube 3817.63.31.57 (depth 3, 30 lits): UNSAT in 1.23s
    cube 3817.63.31.58 (depth 3, 30 lits): UNSAT in 1.48s
    cube 3817.63.31.59 (depth 3, 30 lits): UNSAT in 11.04s
    cube 3817.63.31.60 (depth 3, 30 lits): UNSAT in 3.30s
    cube 3817.63.31.61 (depth 3, 30 lits): UNSAT in 24.23s
    cube 3817.63.31.62 (depth 3, 30 lits): UNSAT in 2.15s
    cube 3817.63.31.63 (depth 3, 30 lits): UNSAT in 18.44s
    cube 3817.63.32 (depth 2, 24 lits): UNSAT in 0.03s
    cube 3817.63.33 (depth 2, 24 lits): UNSAT in 0.11s
    cube 3817.63.34 (depth 2, 24 lits): UNSAT in 0.06s
    cube 3817.63.35 (depth 2, 24 lits): UNSAT in 0.54s
    cube 3817.63.36 (depth 2, 24 lits): UNSAT in 0.06s
    cube 3817.63.37 (depth 2, 24 lits): UNSAT in 0.39s
    cube 3817.63.38 (depth 2, 24 lits): UNSAT in 0.63s
    cube 3817.63.39 (depth 2, 24 lits): UNSAT in 5.10s
    cube 3817.63.40 (depth 2, 24 lits): UNSAT in 0.07s
    cube 3817.63.41 (depth 2, 24 lits): UNSAT in 0.20s
    cube 3817.63.42 (depth 2, 24 lits): UNSAT in 0.61s
    cube 3817.63.43 (depth 2, 24 lits): UNSAT in 1.50s
    cube 3817.63.44 (depth 2, 24 lits): UNSAT in 0.37s
    cube 3817.63.45 (depth 2, 24 lits): UNSAT in 3.66s
    cube 3817.63.46 (depth 2, 24 lits): UNSAT in 19.52s
    cube 3817.63.47 (depth 2, 24 lits): TIMEOUT in 60.06s
    cube 3817.63.47 TIMEOUT -> re-split into 64 sub-cubes (depth 3)
    cube 3817.63.47.0 (depth 3, 30 lits): UNSAT in 0.02s
    cube 3817.63.47.1 (depth 3, 30 lits): UNSAT in 0.02s
    cube 3817.63.47.2 (depth 3, 30 lits): UNSAT in 0.02s
    cube 3817.63.47.3 (depth 3, 30 lits): UNSAT in 0.02s
    cube 3817.63.47.4 (depth 3, 30 lits): UNSAT in 0.02s
    cube 3817.63.47.5 (depth 3, 30 lits): UNSAT in 0.02s
    cube 3817.63.47.6 (depth 3, 30 lits): UNSAT in 0.05s
    cube 3817.63.47.7 (depth 3, 30 lits): UNSAT in 0.06s
    cube 3817.63.47.8 (depth 3, 30 lits): UNSAT in 0.03s
    cube 3817.63.47.9 (depth 3, 30 lits): UNSAT in 0.11s
    cube 3817.63.47.10 (depth 3, 30 lits): UNSAT in 0.05s
    cube 3817.63.47.11 (depth 3, 30 lits): UNSAT in 0.23s
    cube 3817.63.47.12 (depth 3, 30 lits): UNSAT in 0.04s
    cube 3817.63.47.13 (depth 3, 30 lits): UNSAT in 0.12s
    cube 3817.63.47.14 (depth 3, 30 lits): UNSAT in 0.31s
    cube 3817.63.47.15 (depth 3, 30 lits): UNSAT in 0.37s
    cube 3817.63.47.16 (depth 3, 30 lits): UNSAT in 0.05s
    cube 3817.63.47.17 (depth 3, 30 lits): UNSAT in 0.20s
    cube 3817.63.47.18 (depth 3, 30 lits): UNSAT in 0.08s
    cube 3817.63.47.19 (depth 3, 30 lits): UNSAT in 0.13s
    cube 3817.63.47.20 (depth 3, 30 lits): UNSAT in 0.03s
    cube 3817.63.47.21 (depth 3, 30 lits): UNSAT in 0.04s
    cube 3817.63.47.22 (depth 3, 30 lits): UNSAT in 0.12s
    cube 3817.63.47.23 (depth 3, 30 lits): UNSAT in 0.19s
    cube 3817.63.47.24 (depth 3, 30 lits): UNSAT in 0.02s
    cube 3817.63.47.25 (depth 3, 30 lits): UNSAT in 0.11s
    cube 3817.63.47.26 (depth 3, 30 lits): UNSAT in 0.05s
    cube 3817.63.47.27 (depth 3, 30 lits): UNSAT in 0.24s
    cube 3817.63.47.28 (depth 3, 30 lits): UNSAT in 0.07s
    cube 3817.63.47.29 (depth 3, 30 lits): UNSAT in 0.13s
    cube 3817.63.47.30 (depth 3, 30 lits): UNSAT in 0.24s
    cube 3817.63.47.31 (depth 3, 30 lits): UNSAT in 0.93s
    cube 3817.63.47.32 (depth 3, 30 lits): UNSAT in 0.02s
    cube 3817.63.47.33 (depth 3, 30 lits): UNSAT in 0.04s
    cube 3817.63.47.34 (depth 3, 30 lits): UNSAT in 0.03s
    cube 3817.63.47.35 (depth 3, 30 lits): UNSAT in 0.08s
    cube 3817.63.47.36 (depth 3, 30 lits): UNSAT in 0.03s
    cube 3817.63.47.37 (depth 3, 30 lits): UNSAT in 0.09s
    cube 3817.63.47.38 (depth 3, 30 lits): UNSAT in 0.06s
    cube 3817.63.47.39 (depth 3, 30 lits): UNSAT in 0.43s
    cube 3817.63.47.40 (depth 3, 30 lits): UNSAT in 0.03s
    cube 3817.63.47.41 (depth 3, 30 lits): UNSAT in 0.08s
    cube 3817.63.47.42 (depth 3, 30 lits): UNSAT in 0.13s
    cube 3817.63.47.43 (depth 3, 30 lits): UNSAT in 0.37s
    cube 3817.63.47.44 (depth 3, 30 lits): UNSAT in 0.15s
    cube 3817.63.47.45 (depth 3, 30 lits): UNSAT in 0.81s
    cube 3817.63.47.46 (depth 3, 30 lits): UNSAT in 0.42s
    cube 3817.63.47.47 (depth 3, 30 lits): UNSAT in 7.55s
    cube 3817.63.47.48 (depth 3, 30 lits): UNSAT in 0.15s
    cube 3817.63.47.49 (depth 3, 30 lits): UNSAT in 0.28s
    cube 3817.63.47.50 (depth 3, 30 lits): UNSAT in 0.17s
    cube 3817.63.47.51 (depth 3, 30 lits): UNSAT in 0.57s
    cube 3817.63.47.52 (depth 3, 30 lits): UNSAT in 0.04s
    cube 3817.63.47.53 (depth 3, 30 lits): UNSAT in 0.33s
    cube 3817.63.47.54 (depth 3, 30 lits): UNSAT in 0.23s
    cube 3817.63.47.55 (depth 3, 30 lits): UNSAT in 5.55s
    cube 3817.63.47.56 (depth 3, 30 lits): UNSAT in 0.18s
    cube 3817.63.47.57 (depth 3, 30 lits): UNSAT in 0.92s
    cube 3817.63.47.58 (depth 3, 30 lits): UNSAT in 0.71s
    cube 3817.63.47.59 (depth 3, 30 lits): UNSAT in 10.06s
    cube 3817.63.47.60 (depth 3, 30 lits): UNSAT in 2.67s
    cube 3817.63.47.61 (depth 3, 30 lits): UNSAT in 12.53s
    cube 3817.63.47.62 (depth 3, 30 lits): UNSAT in 27.94s
    cube 3817.63.47.63 (depth 3, 30 lits): UNSAT in 19.95s
    cube 3817.63.48 (depth 2, 24 lits): UNSAT in 0.10s
    cube 3817.63.49 (depth 2, 24 lits): UNSAT in 0.74s
    cube 3817.63.50 (depth 2, 24 lits): UNSAT in 0.98s
    cube 3817.63.51 (depth 2, 24 lits): UNSAT in 9.36s
    cube 3817.63.52 (depth 2, 24 lits): UNSAT in 0.66s
    cube 3817.63.53 (depth 2, 24 lits): UNSAT in 6.35s
    cube 3817.63.54 (depth 2, 24 lits): UNSAT in 1.84s
    cube 3817.63.55 (depth 2, 24 lits): TIMEOUT in 60.06s
    cube 3817.63.55 TIMEOUT -> re-split into 63 sub-cubes (depth 3)
    cube 3817.63.55.0 (depth 3, 29 lits): UNSAT in 0.01s
    cube 3817.63.55.1 (depth 3, 30 lits): UNSAT in 0.02s
    cube 3817.63.55.2 (depth 3, 30 lits): UNSAT in 0.02s
    cube 3817.63.55.3 (depth 3, 30 lits): UNSAT in 0.02s
    cube 3817.63.55.4 (depth 3, 30 lits): UNSAT in 0.02s
    cube 3817.63.55.5 (depth 3, 30 lits): UNSAT in 0.02s
    cube 3817.63.55.6 (depth 3, 30 lits): UNSAT in 0.03s
    cube 3817.63.55.7 (depth 3, 30 lits): UNSAT in 0.01s
    cube 3817.63.55.8 (depth 3, 30 lits): UNSAT in 0.02s
    cube 3817.63.55.9 (depth 3, 30 lits): UNSAT in 0.02s
    cube 3817.63.55.10 (depth 3, 30 lits): UNSAT in 0.04s
    cube 3817.63.55.11 (depth 3, 30 lits): UNSAT in 0.01s
    cube 3817.63.55.12 (depth 3, 30 lits): UNSAT in 0.06s
    cube 3817.63.55.13 (depth 3, 30 lits): UNSAT in 0.03s
    cube 3817.63.55.14 (depth 3, 30 lits): UNSAT in 0.13s
    cube 3817.63.55.15 (depth 3, 30 lits): UNSAT in 0.01s
    cube 3817.63.55.16 (depth 3, 30 lits): UNSAT in 0.02s
    cube 3817.63.55.17 (depth 3, 30 lits): UNSAT in 0.01s
    cube 3817.63.55.18 (depth 3, 30 lits): UNSAT in 0.02s
    cube 3817.63.55.19 (depth 3, 30 lits): UNSAT in 0.03s
    cube 3817.63.55.20 (depth 3, 30 lits): UNSAT in 0.06s
    cube 3817.63.55.21 (depth 3, 30 lits): UNSAT in 0.01s
    cube 3817.63.55.22 (depth 3, 30 lits): UNSAT in 0.09s
    cube 3817.63.55.23 (depth 3, 30 lits): UNSAT in 0.04s
    cube 3817.63.55.24 (depth 3, 30 lits): UNSAT in 0.04s
    cube 3817.63.55.25 (depth 3, 30 lits): UNSAT in 0.05s
    cube 3817.63.55.26 (depth 3, 30 lits): UNSAT in 0.25s
    cube 3817.63.55.27 (depth 3, 30 lits): UNSAT in 0.05s
    cube 3817.63.55.28 (depth 3, 30 lits): UNSAT in 0.19s
    cube 3817.63.55.29 (depth 3, 30 lits): UNSAT in 0.19s
    cube 3817.63.55.30 (depth 3, 30 lits): UNSAT in 1.05s
    cube 3817.63.55.31 (depth 3, 30 lits): UNSAT in 0.02s
    cube 3817.63.55.32 (depth 3, 30 lits): UNSAT in 0.06s
    cube 3817.63.55.33 (depth 3, 30 lits): UNSAT in 0.06s
    cube 3817.63.55.34 (depth 3, 30 lits): UNSAT in 0.22s
    cube 3817.63.55.35 (depth 3, 30 lits): UNSAT in 0.03s
    cube 3817.63.55.36 (depth 3, 30 lits): UNSAT in 0.05s
    cube 3817.63.55.37 (depth 3, 30 lits): UNSAT in 0.10s
    cube 3817.63.55.38 (depth 3, 30 lits): UNSAT in 0.67s
    cube 3817.63.55.39 (depth 3, 30 lits): UNSAT in 0.04s
    cube 3817.63.55.40 (depth 3, 30 lits): UNSAT in 0.03s
    cube 3817.63.55.41 (depth 3, 30 lits): UNSAT in 0.07s
    cube 3817.63.55.42 (depth 3, 30 lits): UNSAT in 0.39s
    cube 3817.63.55.43 (depth 3, 30 lits): UNSAT in 0.13s
    cube 3817.63.55.44 (depth 3, 30 lits): UNSAT in 0.51s
    cube 3817.63.55.45 (depth 3, 30 lits): UNSAT in 0.60s
    cube 3817.63.55.46 (depth 3, 30 lits): UNSAT in 4.28s
    cube 3817.63.55.47 (depth 3, 30 lits): UNSAT in 0.04s
    cube 3817.63.55.48 (depth 3, 30 lits): UNSAT in 0.20s
    cube 3817.63.55.49 (depth 3, 30 lits): UNSAT in 0.38s
    cube 3817.63.55.50 (depth 3, 30 lits): UNSAT in 0.66s
    cube 3817.63.55.51 (depth 3, 30 lits): UNSAT in 0.09s
    cube 3817.63.55.52 (depth 3, 30 lits): UNSAT in 0.50s
    cube 3817.63.55.53 (depth 3, 30 lits): UNSAT in 0.21s
    cube 3817.63.55.54 (depth 3, 30 lits): UNSAT in 2.25s
    cube 3817.63.55.55 (depth 3, 30 lits): UNSAT in 0.24s
    cube 3817.63.55.56 (depth 3, 30 lits): UNSAT in 0.95s
    cube 3817.63.55.57 (depth 3, 30 lits): UNSAT in 0.32s
    cube 3817.63.55.58 (depth 3, 30 lits): UNSAT in 4.76s
    cube 3817.63.55.59 (depth 3, 30 lits): UNSAT in 0.63s
    cube 3817.63.55.60 (depth 3, 30 lits): UNSAT in 6.79s
    cube 3817.63.55.61 (depth 3, 30 lits): UNSAT in 24.49s
    cube 3817.63.55.62 (depth 3, 30 lits): UNSAT in 13.63s
    cube 3817.63.56 (depth 2, 24 lits): UNSAT in 0.92s
    cube 3817.63.57 (depth 2, 24 lits): UNSAT in 11.69s
    cube 3817.63.58 (depth 2, 24 lits): UNSAT in 3.92s
    cube 3817.63.59 (depth 2, 24 lits): TIMEOUT in 60.06s
    cube 3817.63.59 TIMEOUT -> re-split into 63 sub-cubes (depth 3)
    cube 3817.63.59.0 (depth 3, 30 lits): UNSAT in 0.02s
    cube 3817.63.59.1 (depth 3, 30 lits): UNSAT in 0.02s
    cube 3817.63.59.2 (depth 3, 30 lits): UNSAT in 0.02s
    cube 3817.63.59.3 (depth 3, 30 lits): UNSAT in 0.03s
    cube 3817.63.59.4 (depth 3, 30 lits): UNSAT in 0.02s
    cube 3817.63.59.5 (depth 3, 30 lits): UNSAT in 0.02s
    cube 3817.63.59.6 (depth 3, 30 lits): UNSAT in 0.02s
    cube 3817.63.59.7 (depth 3, 30 lits): UNSAT in 0.04s
    cube 3817.63.59.8 (depth 3, 30 lits): UNSAT in 0.01s
    cube 3817.63.59.9 (depth 3, 30 lits): UNSAT in 0.03s
    cube 3817.63.59.10 (depth 3, 30 lits): UNSAT in 0.03s
    cube 3817.63.59.11 (depth 3, 30 lits): UNSAT in 0.07s
    cube 3817.63.59.12 (depth 3, 30 lits): UNSAT in 0.02s
    cube 3817.63.59.13 (depth 3, 30 lits): UNSAT in 0.10s
    cube 3817.63.59.14 (depth 3, 30 lits): UNSAT in 0.07s
    cube 3817.63.59.15 (depth 3, 30 lits): UNSAT in 0.11s
    cube 3817.63.59.16 (depth 3, 30 lits): UNSAT in 0.02s
    cube 3817.63.59.17 (depth 3, 30 lits): UNSAT in 0.05s
    cube 3817.63.59.18 (depth 3, 30 lits): UNSAT in 0.01s
    cube 3817.63.59.19 (depth 3, 30 lits): UNSAT in 0.05s
    cube 3817.63.59.20 (depth 3, 30 lits): UNSAT in 0.02s
    cube 3817.63.59.21 (depth 3, 30 lits): UNSAT in 0.07s
    cube 3817.63.59.22 (depth 3, 30 lits): UNSAT in 0.04s
    cube 3817.63.59.23 (depth 3, 30 lits): UNSAT in 0.08s
    cube 3817.63.59.24 (depth 3, 29 lits): UNSAT in 0.01s
    cube 3817.63.59.25 (depth 3, 30 lits): UNSAT in 0.05s
    cube 3817.63.59.26 (depth 3, 30 lits): UNSAT in 0.17s
    cube 3817.63.59.27 (depth 3, 30 lits): UNSAT in 0.07s
    cube 3817.63.59.28 (depth 3, 30 lits): UNSAT in 0.31s
    cube 3817.63.59.29 (depth 3, 30 lits): UNSAT in 0.23s
    cube 3817.63.59.30 (depth 3, 30 lits): UNSAT in 2.60s
    cube 3817.63.59.31 (depth 3, 30 lits): UNSAT in 0.01s
    cube 3817.63.59.32 (depth 3, 30 lits): UNSAT in 0.02s
    cube 3817.63.59.33 (depth 3, 30 lits): UNSAT in 0.03s
    cube 3817.63.59.34 (depth 3, 30 lits): UNSAT in 0.09s
    cube 3817.63.59.35 (depth 3, 30 lits): UNSAT in 0.03s
    cube 3817.63.59.36 (depth 3, 30 lits): UNSAT in 0.08s
    cube 3817.63.59.37 (depth 3, 30 lits): UNSAT in 0.06s
    cube 3817.63.59.38 (depth 3, 30 lits): UNSAT in 0.31s
    cube 3817.63.59.39 (depth 3, 30 lits): UNSAT in 0.04s
    cube 3817.63.59.40 (depth 3, 30 lits): UNSAT in 0.13s
    cube 3817.63.59.41 (depth 3, 30 lits): UNSAT in 0.11s
    cube 3817.63.59.42 (depth 3, 30 lits): UNSAT in 0.47s
    cube 3817.63.59.43 (depth 3, 30 lits): UNSAT in 0.34s
    cube 3817.63.59.44 (depth 3, 30 lits): UNSAT in 0.71s
    cube 3817.63.59.45 (depth 3, 30 lits): UNSAT in 0.68s
    cube 3817.63.59.46 (depth 3, 30 lits): UNSAT in 7.28s
    cube 3817.63.59.47 (depth 3, 30 lits): UNSAT in 0.04s
    cube 3817.63.59.48 (depth 3, 30 lits): UNSAT in 0.12s
    cube 3817.63.59.49 (depth 3, 30 lits): UNSAT in 0.15s
    cube 3817.63.59.50 (depth 3, 30 lits): UNSAT in 0.54s
    cube 3817.63.59.51 (depth 3, 30 lits): UNSAT in 0.10s
    cube 3817.63.59.52 (depth 3, 30 lits): UNSAT in 0.97s
    cube 3817.63.59.53 (depth 3, 30 lits): UNSAT in 1.09s
    cube 3817.63.59.54 (depth 3, 30 lits): UNSAT in 15.69s
    cube 3817.63.59.55 (depth 3, 30 lits): UNSAT in 0.30s
    cube 3817.63.59.56 (depth 3, 30 lits): UNSAT in 1.88s
    cube 3817.63.59.57 (depth 3, 30 lits): UNSAT in 1.47s
    cube 3817.63.59.58 (depth 3, 30 lits): UNSAT in 11.25s
    cube 3817.63.59.59 (depth 3, 30 lits): UNSAT in 1.50s
    cube 3817.63.59.60 (depth 3, 30 lits): UNSAT in 26.83s
    cube 3817.63.59.61 (depth 3, 30 lits): UNSAT in 23.14s
    cube 3817.63.59.62 (depth 3, 30 lits): TIMEOUT in 60.02s
    cube 3817.63.60 (depth 2, 24 lits): UNSAT in 1.51s
    cube 3817.63.61 (depth 2, 24 lits): UNSAT in 15.16s
    cube 3817.63.62 (depth 2, 24 lits): UNSAT in 4.40s
    cube 3817.63.63 (depth 2, 24 lits): TIMEOUT in 60.06s
    cube 3817.63.63 TIMEOUT -> re-split into 63 sub-cubes (depth 3)
    cube 3817.63.63.0 (depth 3, 29 lits): UNSAT in 0.01s
    cube 3817.63.63.1 (depth 3, 30 lits): UNSAT in 0.02s
    cube 3817.63.63.2 (depth 3, 30 lits): UNSAT in 0.03s
    cube 3817.63.63.3 (depth 3, 30 lits): UNSAT in 0.02s
    cube 3817.63.63.4 (depth 3, 30 lits): UNSAT in 0.05s
    cube 3817.63.63.5 (depth 3, 30 lits): UNSAT in 0.05s
    cube 3817.63.63.6 (depth 3, 30 lits): UNSAT in 0.11s
    cube 3817.63.63.7 (depth 3, 30 lits): UNSAT in 0.02s
    cube 3817.63.63.8 (depth 3, 30 lits): UNSAT in 0.08s
    cube 3817.63.63.9 (depth 3, 30 lits): UNSAT in 0.03s
    cube 3817.63.63.10 (depth 3, 30 lits): UNSAT in 0.26s
    cube 3817.63.63.11 (depth 3, 30 lits): UNSAT in 0.13s
    cube 3817.63.63.12 (depth 3, 30 lits): UNSAT in 0.77s
    cube 3817.63.63.13 (depth 3, 30 lits): UNSAT in 0.09s
    cube 3817.63.63.14 (depth 3, 30 lits): UNSAT in 0.69s
    cube 3817.63.63.15 (depth 3, 30 lits): UNSAT in 0.02s
    cube 3817.63.63.16 (depth 3, 30 lits): UNSAT in 0.03s
    cube 3817.63.63.17 (depth 3, 30 lits): UNSAT in 0.02s
    cube 3817.63.63.18 (depth 3, 30 lits): UNSAT in 0.02s
    cube 3817.63.63.19 (depth 3, 30 lits): UNSAT in 0.07s
    cube 3817.63.63.20 (depth 3, 30 lits): UNSAT in 0.05s
    cube 3817.63.63.21 (depth 3, 30 lits): UNSAT in 0.06s
    cube 3817.63.63.22 (depth 3, 30 lits): UNSAT in 0.08s
    cube 3817.63.63.23 (depth 3, 30 lits): UNSAT in 0.02s
    cube 3817.63.63.24 (depth 3, 30 lits): UNSAT in 0.03s
    cube 3817.63.63.25 (depth 3, 30 lits): UNSAT in 0.05s
    cube 3817.63.63.26 (depth 3, 30 lits): UNSAT in 0.05s
    cube 3817.63.63.27 (depth 3, 30 lits): UNSAT in 0.05s
    cube 3817.63.63.28 (depth 3, 30 lits): UNSAT in 0.33s
    cube 3817.63.63.29 (depth 3, 30 lits): UNSAT in 0.20s
    cube 3817.63.63.30 (depth 3, 30 lits): UNSAT in 1.87s
    cube 3817.63.63.31 (depth 3, 30 lits): UNSAT in 0.12s
    cube 3817.63.63.32 (depth 3, 30 lits): UNSAT in 0.19s
    cube 3817.63.63.33 (depth 3, 30 lits): UNSAT in 0.22s
    cube 3817.63.63.34 (depth 3, 30 lits): UNSAT in 0.43s
    cube 3817.63.63.35 (depth 3, 30 lits): UNSAT in 0.23s
    cube 3817.63.63.36 (depth 3, 30 lits): UNSAT in 0.37s
    cube 3817.63.63.37 (depth 3, 30 lits): UNSAT in 0.45s
    cube 3817.63.63.38 (depth 3, 30 lits): UNSAT in 4.33s
    cube 3817.63.63.39 (depth 3, 30 lits): UNSAT in 0.17s
    cube 3817.63.63.40 (depth 3, 30 lits): UNSAT in 0.77s
    cube 3817.63.63.41 (depth 3, 30 lits): UNSAT in 0.93s
    cube 3817.63.63.42 (depth 3, 30 lits): UNSAT in 2.51s
    cube 3817.63.63.43 (depth 3, 30 lits): UNSAT in 0.29s
    cube 3817.63.63.44 (depth 3, 30 lits): UNSAT in 3.11s
    cube 3817.63.63.45 (depth 3, 30 lits): UNSAT in 3.30s
    cube 3817.63.63.46 (depth 3, 30 lits): UNSAT in 16.54s
    cube 3817.63.63.47 (depth 3, 30 lits): UNSAT in 0.04s
    cube 3817.63.63.48 (depth 3, 30 lits): UNSAT in 0.15s
    cube 3817.63.63.49 (depth 3, 30 lits): UNSAT in 0.28s
    cube 3817.63.63.50 (depth 3, 30 lits): UNSAT in 0.64s
    cube 3817.63.63.51 (depth 3, 30 lits): UNSAT in 0.19s
    cube 3817.63.63.52 (depth 3, 30 lits): UNSAT in 2.08s
    cube 3817.63.63.53 (depth 3, 30 lits): UNSAT in 1.62s
    cube 3817.63.63.54 (depth 3, 30 lits): UNSAT in 6.88s
    cube 3817.63.63.55 (depth 3, 30 lits): UNSAT in 0.54s
    cube 3817.63.63.56 (depth 3, 30 lits): UNSAT in 0.71s
    cube 3817.63.63.57 (depth 3, 30 lits): UNSAT in 2.74s
    cube 3817.63.63.58 (depth 3, 30 lits): UNSAT in 9.31s
    cube 3817.63.63.59 (depth 3, 30 lits): UNSAT in 2.91s
    cube 3817.63.63.60 (depth 3, 30 lits): UNSAT in 16.72s
    cube 3817.63.63.61 (depth 3, 30 lits): UNSAT in 21.17s
    cube 3817.63.63.62 (depth 3, 30 lits): TIMEOUT in 60.06s
    cube 3818 (depth 0, 12 lits): TIMEOUT in 60.05s
    cube 3818 TIMEOUT -> re-split into 64 sub-cubes (depth 1)
    cube 3818.0 (depth 1, 18 lits): UNSAT in 0.09s
    cube 3818.1 (depth 1, 18 lits): UNSAT in 0.20s
    cube 3818.2 (depth 1, 18 lits): UNSAT in 0.24s
    cube 3818.3 (depth 1, 18 lits): UNSAT in 0.71s
    cube 3818.4 (depth 1, 18 lits): UNSAT in 0.06s
    cube 3818.5 (depth 1, 18 lits): UNSAT in 0.15s
    cube 3818.6 (depth 1, 18 lits): UNSAT in 0.29s
    cube 3818.7 (depth 1, 18 lits): UNSAT in 6.69s
    cube 3818.8 (depth 1, 18 lits): UNSAT in 0.28s
    cube 3818.9 (depth 1, 18 lits): UNSAT in 1.02s
    cube 3818.10 (depth 1, 18 lits): UNSAT in 0.46s
    cube 3818.11 (depth 1, 18 lits): UNSAT in 2.34s
    cube 3818.12 (depth 1, 18 lits): UNSAT in 0.26s
    cube 3818.13 (depth 1, 18 lits): UNSAT in 10.01s
    cube 3818.14 (depth 1, 18 lits): UNSAT in 2.39s
    cube 3818.15 (depth 1, 18 lits): UNSAT in 40.80s
    cube 3818.16 (depth 1, 18 lits): UNSAT in 0.09s
    cube 3818.17 (depth 1, 18 lits): UNSAT in 0.21s
    cube 3818.18 (depth 1, 18 lits): UNSAT in 0.19s
    cube 3818.19 (depth 1, 18 lits): UNSAT in 2.01s
    cube 3818.20 (depth 1, 18 lits): UNSAT in 0.20s
    cube 3818.21 (depth 1, 18 lits): UNSAT in 2.26s
    cube 3818.22 (depth 1, 18 lits): UNSAT in 0.52s
    cube 3818.23 (depth 1, 18 lits): UNSAT in 2.86s
    cube 3818.24 (depth 1, 18 lits): UNSAT in 0.40s
    cube 3818.25 (depth 1, 18 lits): UNSAT in 1.41s
    cube 3818.26 (depth 1, 18 lits): UNSAT in 0.93s
    cube 3818.27 (depth 1, 18 lits): UNSAT in 22.13s
    cube 3818.28 (depth 1, 18 lits): UNSAT in 0.46s
    cube 3818.29 (depth 1, 18 lits): UNSAT in 5.78s
    cube 3818.30 (depth 1, 18 lits): UNSAT in 38.08s
    cube 3818.31 (depth 1, 18 lits): TIMEOUT in 60.06s
    cube 3818.31 TIMEOUT -> re-split into 64 sub-cubes (depth 2)
    cube 3818.31.0 (depth 2, 24 lits): UNSAT in 0.01s
    cube 3818.31.1 (depth 2, 24 lits): UNSAT in 0.02s
    cube 3818.31.2 (depth 2, 24 lits): UNSAT in 0.03s
    cube 3818.31.3 (depth 2, 24 lits): UNSAT in 0.07s
    cube 3818.31.4 (depth 2, 24 lits): UNSAT in 0.06s
    cube 3818.31.5 (depth 2, 24 lits): UNSAT in 0.18s
    cube 3818.31.6 (depth 2, 24 lits): UNSAT in 0.10s
    cube 3818.31.7 (depth 2, 24 lits): UNSAT in 0.85s
    cube 3818.31.8 (depth 2, 24 lits): UNSAT in 0.02s
    cube 3818.31.9 (depth 2, 24 lits): UNSAT in 0.08s
    cube 3818.31.10 (depth 2, 24 lits): UNSAT in 0.04s
    cube 3818.31.11 (depth 2, 24 lits): UNSAT in 0.55s
    cube 3818.31.12 (depth 2, 24 lits): UNSAT in 0.13s
    cube 3818.31.13 (depth 2, 24 lits): UNSAT in 0.39s
    cube 3818.31.14 (depth 2, 24 lits): UNSAT in 0.09s
    cube 3818.31.15 (depth 2, 24 lits): UNSAT in 1.90s
    cube 3818.31.16 (depth 2, 24 lits): UNSAT in 0.03s
    cube 3818.31.17 (depth 2, 24 lits): UNSAT in 0.04s
    cube 3818.31.18 (depth 2, 24 lits): UNSAT in 0.07s
    cube 3818.31.19 (depth 2, 24 lits): UNSAT in 0.01s
    cube 3818.31.20 (depth 2, 24 lits): UNSAT in 0.06s
    cube 3818.31.21 (depth 2, 24 lits): UNSAT in 0.09s
    cube 3818.31.22 (depth 2, 24 lits): UNSAT in 0.17s
    cube 3818.31.23 (depth 2, 24 lits): UNSAT in 0.35s
    cube 3818.31.24 (depth 2, 24 lits): UNSAT in 0.09s
    cube 3818.31.25 (depth 2, 24 lits): UNSAT in 0.18s
    cube 3818.31.26 (depth 2, 24 lits): UNSAT in 0.18s
    cube 3818.31.27 (depth 2, 24 lits): UNSAT in 0.51s
    cube 3818.31.28 (depth 2, 24 lits): UNSAT in 0.33s
    cube 3818.31.29 (depth 2, 24 lits): UNSAT in 0.81s
    cube 3818.31.30 (depth 2, 24 lits): UNSAT in 0.55s
    cube 3818.31.31 (depth 2, 24 lits): UNSAT in 7.67s
    cube 3818.31.32 (depth 2, 24 lits): UNSAT in 0.17s
    cube 3818.31.33 (depth 2, 24 lits): UNSAT in 0.75s
    cube 3818.31.34 (depth 2, 24 lits): UNSAT in 1.15s
    cube 3818.31.35 (depth 2, 24 lits): UNSAT in 2.14s
    cube 3818.31.36 (depth 2, 24 lits): UNSAT in 0.82s
    cube 3818.31.37 (depth 2, 24 lits): UNSAT in 4.13s
    cube 3818.31.38 (depth 2, 24 lits): UNSAT in 2.82s
    cube 3818.31.39 (depth 2, 24 lits): UNSAT in 10.09s
    cube 3818.31.40 (depth 2, 24 lits): UNSAT in 0.13s
    cube 3818.31.41 (depth 2, 24 lits): UNSAT in 0.24s
    cube 3818.31.42 (depth 2, 24 lits): UNSAT in 0.15s
    cube 3818.31.43 (depth 2, 24 lits): UNSAT in 0.89s
    cube 3818.31.44 (depth 2, 24 lits): UNSAT in 0.77s
    cube 3818.31.45 (depth 2, 24 lits): UNSAT in 0.92s
    cube 3818.31.46 (depth 2, 24 lits): UNSAT in 4.52s
    cube 3818.31.47 (depth 2, 24 lits): TIMEOUT in 60.01s
    cube 3818.31.47 TIMEOUT -> re-split into 63 sub-cubes (depth 3)
    cube 3818.31.47.0 (depth 3, 30 lits): UNSAT in 0.03s
    cube 3818.31.47.1 (depth 3, 30 lits): UNSAT in 0.04s
    cube 3818.31.47.2 (depth 3, 30 lits): UNSAT in 0.05s
    cube 3818.31.47.3 (depth 3, 30 lits): UNSAT in 0.10s
    cube 3818.31.47.4 (depth 3, 30 lits): UNSAT in 0.04s
    cube 3818.31.47.5 (depth 3, 30 lits): UNSAT in 0.08s
    cube 3818.31.47.6 (depth 3, 30 lits): UNSAT in 0.07s
    cube 3818.31.47.7 (depth 3, 30 lits): UNSAT in 0.15s
    cube 3818.31.47.8 (depth 3, 30 lits): UNSAT in 0.04s
    cube 3818.31.47.9 (depth 3, 30 lits): UNSAT in 0.04s
    cube 3818.31.47.10 (depth 3, 30 lits): UNSAT in 0.08s
    cube 3818.31.47.11 (depth 3, 30 lits): UNSAT in 0.14s
    cube 3818.31.47.12 (depth 3, 30 lits): UNSAT in 0.06s
    cube 3818.31.47.13 (depth 3, 30 lits): UNSAT in 0.16s
    cube 3818.31.47.14 (depth 3, 30 lits): UNSAT in 0.13s
    cube 3818.31.47.15 (depth 3, 30 lits): UNSAT in 0.33s
    cube 3818.31.47.16 (depth 3, 29 lits): UNSAT in 0.01s
    cube 3818.31.47.17 (depth 3, 30 lits): UNSAT in 0.01s
    cube 3818.31.47.18 (depth 3, 30 lits): UNSAT in 0.02s
    cube 3818.31.47.19 (depth 3, 30 lits): UNSAT in 0.04s
    cube 3818.31.47.20 (depth 3, 30 lits): UNSAT in 0.08s
    cube 3818.31.47.21 (depth 3, 30 lits): UNSAT in 0.03s
    cube 3818.31.47.22 (depth 3, 30 lits): UNSAT in 0.10s
    cube 3818.31.47.23 (depth 3, 30 lits): UNSAT in 0.02s
    cube 3818.31.47.24 (depth 3, 30 lits): UNSAT in 0.07s
    cube 3818.31.47.25 (depth 3, 30 lits): UNSAT in 0.05s
    cube 3818.31.47.26 (depth 3, 30 lits): UNSAT in 0.09s
    cube 3818.31.47.27 (depth 3, 30 lits): UNSAT in 0.07s
    cube 3818.31.47.28 (depth 3, 30 lits): UNSAT in 0.20s
    cube 3818.31.47.29 (depth 3, 30 lits): UNSAT in 1.16s
    cube 3818.31.47.30 (depth 3, 30 lits): UNSAT in 2.79s
    cube 3818.31.47.31 (depth 3, 30 lits): UNSAT in 0.12s
    cube 3818.31.47.32 (depth 3, 30 lits): UNSAT in 0.15s
    cube 3818.31.47.33 (depth 3, 30 lits): UNSAT in 0.17s
    cube 3818.31.47.34 (depth 3, 30 lits): UNSAT in 0.63s
    cube 3818.31.47.35 (depth 3, 30 lits): UNSAT in 0.28s
    cube 3818.31.47.36 (depth 3, 30 lits): UNSAT in 1.06s
    cube 3818.31.47.37 (depth 3, 30 lits): UNSAT in 0.57s
    cube 3818.31.47.38 (depth 3, 30 lits): UNSAT in 2.35s
    cube 3818.31.47.39 (depth 3, 30 lits): UNSAT in 0.29s
    cube 3818.31.47.40 (depth 3, 30 lits): UNSAT in 0.83s
    cube 3818.31.47.41 (depth 3, 30 lits): UNSAT in 0.35s
    cube 3818.31.47.42 (depth 3, 30 lits): UNSAT in 1.71s
    cube 3818.31.47.43 (depth 3, 30 lits): UNSAT in 0.12s
    cube 3818.31.47.44 (depth 3, 30 lits): UNSAT in 1.09s
    cube 3818.31.47.45 (depth 3, 30 lits): UNSAT in 0.40s
    cube 3818.31.47.46 (depth 3, 30 lits): UNSAT in 4.76s
    cube 3818.31.47.47 (depth 3, 30 lits): UNSAT in 0.15s
    cube 3818.31.47.48 (depth 3, 30 lits): UNSAT in 0.94s
    cube 3818.31.47.49 (depth 3, 30 lits): UNSAT in 0.35s
    cube 3818.31.47.50 (depth 3, 30 lits): UNSAT in 1.52s
    cube 3818.31.47.51 (depth 3, 30 lits): UNSAT in 0.90s
    cube 3818.31.47.52 (depth 3, 30 lits): UNSAT in 1.15s
    cube 3818.31.47.53 (depth 3, 30 lits): UNSAT in 2.93s
    cube 3818.31.47.54 (depth 3, 30 lits): UNSAT in 5.43s
    cube 3818.31.47.55 (depth 3, 30 lits): UNSAT in 0.49s
    cube 3818.31.47.56 (depth 3, 30 lits): UNSAT in 2.92s
    cube 3818.31.47.57 (depth 3, 30 lits): UNSAT in 1.90s
    cube 3818.31.47.58 (depth 3, 30 lits): UNSAT in 8.28s
    cube 3818.31.47.59 (depth 3, 30 lits): UNSAT in 1.83s
    cube 3818.31.47.60 (depth 3, 30 lits): UNSAT in 18.55s
    cube 3818.31.47.61 (depth 3, 30 lits): UNSAT in 3.84s
    cube 3818.31.47.62 (depth 3, 30 lits): UNSAT in 32.02s
    cube 3818.31.48 (depth 2, 24 lits): UNSAT in 0.18s
    cube 3818.31.49 (depth 2, 24 lits): UNSAT in 0.17s
    cube 3818.31.50 (depth 2, 24 lits): UNSAT in 0.11s
    cube 3818.31.51 (depth 2, 24 lits): UNSAT in 0.51s
    cube 3818.31.52 (depth 2, 24 lits): UNSAT in 0.90s
    cube 3818.31.53 (depth 2, 24 lits): UNSAT in 1.12s
    cube 3818.31.54 (depth 2, 24 lits): UNSAT in 4.80s
    cube 3818.31.55 (depth 2, 24 lits): UNSAT in 50.83s
    cube 3818.31.56 (depth 2, 24 lits): UNSAT in 0.13s
    cube 3818.31.57 (depth 2, 24 lits): UNSAT in 2.62s
    cube 3818.31.58 (depth 2, 24 lits): UNSAT in 1.00s
    cube 3818.31.59 (depth 2, 24 lits): TIMEOUT in 60.06s
    cube 3818.31.59 TIMEOUT -> re-split into 60 sub-cubes (depth 3)
    cube 3818.31.59.0 (depth 3, 29 lits): UNSAT in 0.01s
    cube 3818.31.59.1 (depth 3, 30 lits): UNSAT in 0.01s
    cube 3818.31.59.2 (depth 3, 30 lits): UNSAT in 0.02s
    cube 3818.31.59.3 (depth 3, 30 lits): UNSAT in 0.02s
    cube 3818.31.59.4 (depth 3, 30 lits): UNSAT in 0.02s
    cube 3818.31.59.5 (depth 3, 30 lits): UNSAT in 0.02s
    cube 3818.31.59.6 (depth 3, 30 lits): UNSAT in 0.03s
    cube 3818.31.59.7 (depth 3, 29 lits): UNSAT in 0.01s
    cube 3818.31.59.8 (depth 3, 30 lits): UNSAT in 0.02s
    cube 3818.31.59.9 (depth 3, 30 lits): UNSAT in 0.04s
    cube 3818.31.59.10 (depth 3, 30 lits): UNSAT in 0.01s
    cube 3818.31.59.11 (depth 3, 30 lits): UNSAT in 0.04s
    cube 3818.31.59.12 (depth 3, 30 lits): UNSAT in 0.03s
    cube 3818.31.59.13 (depth 3, 30 lits): UNSAT in 0.24s
    cube 3818.31.59.14 (depth 3, 29 lits): UNSAT in 0.02s
    cube 3818.31.59.15 (depth 3, 30 lits): UNSAT in 0.02s
    cube 3818.31.59.16 (depth 3, 30 lits): UNSAT in 0.02s
    cube 3818.31.59.17 (depth 3, 29 lits): UNSAT in 0.01s
    cube 3818.31.59.18 (depth 3, 30 lits): UNSAT in 0.03s
    cube 3818.31.59.19 (depth 3, 30 lits): UNSAT in 0.04s
    cube 3818.31.59.20 (depth 3, 30 lits): UNSAT in 0.02s
    cube 3818.31.59.21 (depth 3, 30 lits): UNSAT in 0.02s
    cube 3818.31.59.22 (depth 3, 30 lits): UNSAT in 0.07s
    cube 3818.31.59.23 (depth 3, 30 lits): UNSAT in 0.10s
    cube 3818.31.59.24 (depth 3, 30 lits): UNSAT in 0.04s
    cube 3818.31.59.25 (depth 3, 30 lits): UNSAT in 0.07s
    cube 3818.31.59.26 (depth 3, 30 lits): UNSAT in 0.07s
    cube 3818.31.59.27 (depth 3, 30 lits): UNSAT in 0.11s
    cube 3818.31.59.28 (depth 3, 30 lits): UNSAT in 0.05s
    cube 3818.31.59.29 (depth 3, 30 lits): UNSAT in 0.09s
    cube 3818.31.59.30 (depth 3, 30 lits): UNSAT in 0.08s
    cube 3818.31.59.31 (depth 3, 30 lits): UNSAT in 0.20s
    cube 3818.31.59.32 (depth 3, 30 lits): UNSAT in 0.03s
    cube 3818.31.59.33 (depth 3, 30 lits): UNSAT in 0.03s
    cube 3818.31.59.34 (depth 3, 30 lits): UNSAT in 0.07s
    cube 3818.31.59.35 (depth 3, 30 lits): UNSAT in 0.42s
    cube 3818.31.59.36 (depth 3, 30 lits): UNSAT in 0.02s
    cube 3818.31.59.37 (depth 3, 30 lits): UNSAT in 0.02s
    cube 3818.31.59.38 (depth 3, 30 lits): UNSAT in 0.04s
    cube 3818.31.59.39 (depth 3, 30 lits): UNSAT in 0.04s
    cube 3818.31.59.40 (depth 3, 30 lits): UNSAT in 0.11s
    cube 3818.31.59.41 (depth 3, 30 lits): UNSAT in 0.29s
    cube 3818.31.59.42 (depth 3, 30 lits): UNSAT in 0.16s
    cube 3818.31.59.43 (depth 3, 30 lits): UNSAT in 1.68s
    cube 3818.31.59.44 (depth 3, 30 lits): UNSAT in 0.04s
    cube 3818.31.59.45 (depth 3, 30 lits): UNSAT in 0.13s
    cube 3818.31.59.46 (depth 3, 30 lits): UNSAT in 0.03s
    cube 3818.31.59.47 (depth 3, 30 lits): UNSAT in 0.35s
    cube 3818.31.59.48 (depth 3, 30 lits): UNSAT in 0.02s
    cube 3818.31.59.49 (depth 3, 30 lits): UNSAT in 0.14s
    cube 3818.31.59.50 (depth 3, 30 lits): UNSAT in 0.38s
    cube 3818.31.59.51 (depth 3, 30 lits): UNSAT in 1.60s
    cube 3818.31.59.52 (depth 3, 30 lits): UNSAT in 0.17s
    cube 3818.31.59.53 (depth 3, 30 lits): UNSAT in 0.79s
    cube 3818.31.59.54 (depth 3, 30 lits): UNSAT in 0.16s
    cube 3818.31.59.55 (depth 3, 30 lits): UNSAT in 3.75s
    cube 3818.31.59.56 (depth 3, 30 lits): UNSAT in 0.74s
    cube 3818.31.59.57 (depth 3, 30 lits): UNSAT in 4.22s
    cube 3818.31.59.58 (depth 3, 30 lits): UNSAT in 5.97s
    cube 3818.31.59.59 (depth 3, 30 lits): UNSAT in 26.88s
    cube 3818.31.60 (depth 2, 24 lits): UNSAT in 1.02s
    cube 3818.31.61 (depth 2, 24 lits): UNSAT in 52.24s
    cube 3818.31.62 (depth 2, 24 lits): UNSAT in 12.33s
    cube 3818.31.63 (depth 2, 24 lits): TIMEOUT in 60.02s
    cube 3818.31.63 TIMEOUT -> re-split into 64 sub-cubes (depth 3)
    cube 3818.31.63.0 (depth 3, 30 lits): UNSAT in 0.04s
    cube 3818.31.63.1 (depth 3, 30 lits): UNSAT in 0.32s
    cube 3818.31.63.2 (depth 3, 30 lits): UNSAT in 0.07s
    cube 3818.31.63.3 (depth 3, 30 lits): UNSAT in 0.78s
    cube 3818.31.63.4 (depth 3, 30 lits): UNSAT in 0.28s
    cube 3818.31.63.5 (depth 3, 30 lits): UNSAT in 0.78s
    cube 3818.31.63.6 (depth 3, 30 lits): UNSAT in 0.59s
    cube 3818.31.63.7 (depth 3, 30 lits): UNSAT in 2.47s
    cube 3818.31.63.8 (depth 3, 30 lits): UNSAT in 0.25s
    cube 3818.31.63.9 (depth 3, 30 lits): UNSAT in 0.38s
    cube 3818.31.63.10 (depth 3, 30 lits): UNSAT in 0.40s
    cube 3818.31.63.11 (depth 3, 30 lits): UNSAT in 1.39s
    cube 3818.31.63.12 (depth 3, 30 lits): UNSAT in 0.67s
    cube 3818.31.63.13 (depth 3, 30 lits): UNSAT in 2.52s
    cube 3818.31.63.14 (depth 3, 30 lits): UNSAT in 1.10s
    cube 3818.31.63.15 (depth 3, 30 lits): UNSAT in 4.18s
    cube 3818.31.63.16 (depth 3, 30 lits): UNSAT in 0.15s
    cube 3818.31.63.17 (depth 3, 30 lits): UNSAT in 0.93s
    cube 3818.31.63.18 (depth 3, 30 lits): UNSAT in 0.54s
    cube 3818.31.63.19 (depth 3, 30 lits): UNSAT in 1.25s
    cube 3818.31.63.20 (depth 3, 30 lits): UNSAT in 0.38s
    cube 3818.31.63.21 (depth 3, 30 lits): UNSAT in 0.57s
    cube 3818.31.63.22 (depth 3, 30 lits): UNSAT in 1.27s
    cube 3818.31.63.23 (depth 3, 30 lits): UNSAT in 3.64s
    cube 3818.31.63.24 (depth 3, 30 lits): UNSAT in 0.46s
    cube 3818.31.63.25 (depth 3, 30 lits): UNSAT in 1.33s
    cube 3818.31.63.26 (depth 3, 30 lits): UNSAT in 0.92s
    cube 3818.31.63.27 (depth 3, 30 lits): UNSAT in 2.68s
    cube 3818.31.63.28 (depth 3, 30 lits): UNSAT in 0.99s
    cube 3818.31.63.29 (depth 3, 30 lits): UNSAT in 3.53s
    cube 3818.31.63.30 (depth 3, 30 lits): UNSAT in 4.88s
    cube 3818.31.63.31 (depth 3, 30 lits): UNSAT in 11.36s
    cube 3818.31.63.32 (depth 3, 30 lits): UNSAT in 0.08s
    cube 3818.31.63.33 (depth 3, 30 lits): UNSAT in 0.59s
    cube 3818.31.63.34 (depth 3, 30 lits): UNSAT in 0.46s
    cube 3818.31.63.35 (depth 3, 30 lits): UNSAT in 1.10s
    cube 3818.31.63.36 (depth 3, 30 lits): UNSAT in 0.26s
    cube 3818.31.63.37 (depth 3, 30 lits): UNSAT in 0.73s
    cube 3818.31.63.38 (depth 3, 30 lits): UNSAT in 0.53s
    cube 3818.31.63.39 (depth 3, 30 lits): UNSAT in 2.31s
    cube 3818.31.63.40 (depth 3, 30 lits): UNSAT in 0.20s
    cube 3818.31.63.41 (depth 3, 30 lits): UNSAT in 0.23s
    cube 3818.31.63.42 (depth 3, 30 lits): UNSAT in 0.41s
    cube 3818.31.63.43 (depth 3, 30 lits): UNSAT in 1.02s
    cube 3818.31.63.44 (depth 3, 30 lits): UNSAT in 0.78s
    cube 3818.31.63.45 (depth 3, 30 lits): UNSAT in 1.99s
    cube 3818.31.63.46 (depth 3, 30 lits): UNSAT in 3.16s
    cube 3818.31.63.47 (depth 3, 30 lits): UNSAT in 7.43s
    cube 3818.31.63.48 (depth 3, 30 lits): UNSAT in 0.40s
    cube 3818.31.63.49 (depth 3, 30 lits): UNSAT in 0.41s
    cube 3818.31.63.50 (depth 3, 30 lits): UNSAT in 0.85s
    cube 3818.31.63.51 (depth 3, 30 lits): UNSAT in 1.45s
    cube 3818.31.63.52 (depth 3, 30 lits): UNSAT in 0.38s
    cube 3818.31.63.53 (depth 3, 30 lits): UNSAT in 1.11s
    cube 3818.31.63.54 (depth 3, 30 lits): UNSAT in 1.10s
    cube 3818.31.63.55 (depth 3, 30 lits): UNSAT in 4.22s
    cube 3818.31.63.56 (depth 3, 30 lits): UNSAT in 0.90s
    cube 3818.31.63.57 (depth 3, 30 lits): UNSAT in 3.82s
    cube 3818.31.63.58 (depth 3, 30 lits): UNSAT in 1.99s
    cube 3818.31.63.59 (depth 3, 30 lits): UNSAT in 9.28s
    cube 3818.31.63.60 (depth 3, 30 lits): UNSAT in 3.61s
    cube 3818.31.63.61 (depth 3, 30 lits): UNSAT in 7.72s
    cube 3818.31.63.62 (depth 3, 30 lits): UNSAT in 12.65s
    cube 3818.31.63.63 (depth 3, 30 lits): UNSAT in 42.92s
    cube 3818.32 (depth 1, 18 lits): UNSAT in 0.08s
    cube 3818.33 (depth 1, 18 lits): UNSAT in 0.30s
    cube 3818.34 (depth 1, 18 lits): UNSAT in 0.26s
    cube 3818.35 (depth 1, 18 lits): UNSAT in 3.74s
    cube 3818.36 (depth 1, 18 lits): UNSAT in 0.43s
    cube 3818.37 (depth 1, 18 lits): UNSAT in 1.62s
    cube 3818.38 (depth 1, 18 lits): UNSAT in 0.73s
    cube 3818.39 (depth 1, 18 lits): UNSAT in 5.22s
    cube 3818.40 (depth 1, 18 lits): UNSAT in 0.30s
    cube 3818.41 (depth 1, 18 lits): UNSAT in 6.79s
    cube 3818.42 (depth 1, 18 lits): UNSAT in 1.05s
    cube 3818.43 (depth 1, 18 lits): UNSAT in 6.07s
    cube 3818.44 (depth 1, 18 lits): UNSAT in 3.53s
    cube 3818.45 (depth 1, 18 lits): UNSAT in 4.65s
    cube 3818.46 (depth 1, 18 lits): UNSAT in 7.64s
    cube 3818.47 (depth 1, 18 lits): TIMEOUT in 60.05s
    cube 3818.47 TIMEOUT -> re-split into 64 sub-cubes (depth 2)
    cube 3818.47.0 (depth 2, 24 lits): UNSAT in 0.02s
    cube 3818.47.1 (depth 2, 24 lits): UNSAT in 0.03s
    cube 3818.47.2 (depth 2, 24 lits): UNSAT in 0.05s
    cube 3818.47.3 (depth 2, 24 lits): UNSAT in 0.06s
    cube 3818.47.4 (depth 2, 24 lits): UNSAT in 0.02s
    cube 3818.47.5 (depth 2, 24 lits): UNSAT in 0.05s
    cube 3818.47.6 (depth 2, 24 lits): UNSAT in 0.09s
    cube 3818.47.7 (depth 2, 24 lits): UNSAT in 0.26s
    cube 3818.47.8 (depth 2, 24 lits): UNSAT in 0.01s
    cube 3818.47.9 (depth 2, 24 lits): UNSAT in 0.06s
    cube 3818.47.10 (depth 2, 24 lits): UNSAT in 0.02s
    cube 3818.47.11 (depth 2, 24 lits): UNSAT in 0.17s
    cube 3818.47.12 (depth 2, 24 lits): UNSAT in 0.10s
    cube 3818.47.13 (depth 2, 24 lits): UNSAT in 0.43s
    cube 3818.47.14 (depth 2, 24 lits): UNSAT in 0.26s
    cube 3818.47.15 (depth 2, 24 lits): UNSAT in 1.31s
    cube 3818.47.16 (depth 2, 24 lits): UNSAT in 0.09s
    cube 3818.47.17 (depth 2, 24 lits): UNSAT in 0.27s
    cube 3818.47.18 (depth 2, 24 lits): UNSAT in 0.13s
    cube 3818.47.19 (depth 2, 24 lits): UNSAT in 0.84s
    cube 3818.47.20 (depth 2, 24 lits): UNSAT in 0.06s
    cube 3818.47.21 (depth 2, 24 lits): UNSAT in 0.77s
    cube 3818.47.22 (depth 2, 24 lits): UNSAT in 0.47s
    cube 3818.47.23 (depth 2, 24 lits): UNSAT in 1.72s
    cube 3818.47.24 (depth 2, 24 lits): UNSAT in 0.14s
    cube 3818.47.25 (depth 2, 24 lits): UNSAT in 0.53s
    cube 3818.47.26 (depth 2, 24 lits): UNSAT in 0.45s
    cube 3818.47.27 (depth 2, 24 lits): UNSAT in 1.89s
    cube 3818.47.28 (depth 2, 24 lits): UNSAT in 0.62s
    cube 3818.47.29 (depth 2, 24 lits): UNSAT in 2.13s
    cube 3818.47.30 (depth 2, 24 lits): UNSAT in 1.77s
    cube 3818.47.31 (depth 2, 24 lits): UNSAT in 16.40s
    cube 3818.47.32 (depth 2, 24 lits): UNSAT in 0.06s
    cube 3818.47.33 (depth 2, 24 lits): UNSAT in 0.09s
    cube 3818.47.34 (depth 2, 24 lits): UNSAT in 0.09s
    cube 3818.47.35 (depth 2, 24 lits): UNSAT in 0.59s
    cube 3818.47.36 (depth 2, 24 lits): UNSAT in 0.03s
    cube 3818.47.37 (depth 2, 24 lits): UNSAT in 0.15s
    cube 3818.47.38 (depth 2, 24 lits): UNSAT in 0.20s
    cube 3818.47.39 (depth 2, 24 lits): UNSAT in 0.65s
    cube 3818.47.40 (depth 2, 24 lits): UNSAT in 0.07s
    cube 3818.47.41 (depth 2, 24 lits): UNSAT in 0.82s
    cube 3818.47.42 (depth 2, 24 lits): UNSAT in 0.71s
    cube 3818.47.43 (depth 2, 24 lits): UNSAT in 0.64s
    cube 3818.47.44 (depth 2, 24 lits): UNSAT in 0.12s
    cube 3818.47.45 (depth 2, 24 lits): UNSAT in 0.63s
    cube 3818.47.46 (depth 2, 24 lits): UNSAT in 1.80s
    cube 3818.47.47 (depth 2, 24 lits): UNSAT in 4.89s
    cube 3818.47.48 (depth 2, 24 lits): UNSAT in 0.11s
    cube 3818.47.49 (depth 2, 24 lits): UNSAT in 0.10s
    cube 3818.47.50 (depth 2, 24 lits): UNSAT in 0.31s
    cube 3818.47.51 (depth 2, 24 lits): UNSAT in 0.28s
    cube 3818.47.52 (depth 2, 24 lits): UNSAT in 0.10s
    cube 3818.47.53 (depth 2, 24 lits): UNSAT in 0.22s
    cube 3818.47.54 (depth 2, 24 lits): UNSAT in 0.19s
    cube 3818.47.55 (depth 2, 24 lits): UNSAT in 1.59s
    cube 3818.47.56 (depth 2, 24 lits): UNSAT in 0.16s
    cube 3818.47.57 (depth 2, 24 lits): UNSAT in 0.81s
    cube 3818.47.58 (depth 2, 24 lits): UNSAT in 0.55s
    cube 3818.47.59 (depth 2, 24 lits): UNSAT in 2.76s
    cube 3818.47.60 (depth 2, 24 lits): UNSAT in 0.46s
    cube 3818.47.61 (depth 2, 24 lits): UNSAT in 1.20s
    cube 3818.47.62 (depth 2, 24 lits): UNSAT in 4.85s
    cube 3818.47.63 (depth 2, 24 lits): UNSAT in 2.94s
    cube 3818.48 (depth 1, 18 lits): UNSAT in 3.54s
    cube 3818.49 (depth 1, 18 lits): UNSAT in 11.41s
    cube 3818.50 (depth 1, 18 lits): UNSAT in 5.77s
    cube 3818.51 (depth 1, 18 lits): TIMEOUT in 60.06s
    cube 3818.51 TIMEOUT -> re-split into 60 sub-cubes (depth 2)
    cube 3818.51.0 (depth 2, 22 lits): UNSAT in 0.02s
    cube 3818.51.1 (depth 2, 24 lits): UNSAT in 0.02s
    cube 3818.51.2 (depth 2, 24 lits): UNSAT in 0.03s
    cube 3818.51.3 (depth 2, 24 lits): UNSAT in 0.04s
    cube 3818.51.4 (depth 2, 24 lits): UNSAT in 0.03s
    cube 3818.51.5 (depth 2, 24 lits): UNSAT in 0.01s
    cube 3818.51.6 (depth 2, 24 lits): UNSAT in 0.02s
    cube 3818.51.7 (depth 2, 24 lits): UNSAT in 0.02s
    cube 3818.51.8 (depth 2, 24 lits): UNSAT in 0.05s
    cube 3818.51.9 (depth 2, 24 lits): UNSAT in 0.02s
    cube 3818.51.10 (depth 2, 24 lits): UNSAT in 0.03s
    cube 3818.51.11 (depth 2, 24 lits): UNSAT in 0.05s
    cube 3818.51.12 (depth 2, 24 lits): UNSAT in 0.06s
    cube 3818.51.13 (depth 2, 23 lits): UNSAT in 0.01s
    cube 3818.51.14 (depth 2, 24 lits): UNSAT in 0.03s
    cube 3818.51.15 (depth 2, 24 lits): UNSAT in 0.06s
    cube 3818.51.16 (depth 2, 24 lits): UNSAT in 0.02s
    cube 3818.51.17 (depth 2, 24 lits): UNSAT in 0.02s
    cube 3818.51.18 (depth 2, 24 lits): UNSAT in 0.01s
    cube 3818.51.19 (depth 2, 24 lits): UNSAT in 0.07s
    cube 3818.51.20 (depth 2, 24 lits): UNSAT in 0.03s
    cube 3818.51.21 (depth 2, 24 lits): UNSAT in 0.06s
    cube 3818.51.22 (depth 2, 24 lits): UNSAT in 0.05s
    cube 3818.51.23 (depth 2, 24 lits): UNSAT in 0.48s
    cube 3818.51.24 (depth 2, 24 lits): UNSAT in 0.03s
    cube 3818.51.25 (depth 2, 24 lits): UNSAT in 0.17s
    cube 3818.51.26 (depth 2, 24 lits): UNSAT in 0.16s
    cube 3818.51.27 (depth 2, 24 lits): UNSAT in 0.87s
    cube 3818.51.28 (depth 2, 24 lits): UNSAT in 0.02s
    cube 3818.51.29 (depth 2, 24 lits): UNSAT in 0.02s
    cube 3818.51.30 (depth 2, 24 lits): UNSAT in 0.05s
    cube 3818.51.31 (depth 2, 24 lits): UNSAT in 0.23s
    cube 3818.51.32 (depth 2, 24 lits): UNSAT in 0.03s
    cube 3818.51.33 (depth 2, 24 lits): UNSAT in 0.04s
    cube 3818.51.34 (depth 2, 24 lits): UNSAT in 0.10s
    cube 3818.51.35 (depth 2, 24 lits): UNSAT in 0.58s
    cube 3818.51.36 (depth 2, 24 lits): UNSAT in 0.12s
    cube 3818.51.37 (depth 2, 24 lits): UNSAT in 0.60s
    cube 3818.51.38 (depth 2, 24 lits): UNSAT in 0.37s
    cube 3818.51.39 (depth 2, 24 lits): UNSAT in 2.09s
    cube 3818.51.40 (depth 2, 24 lits): UNSAT in 0.46s
    cube 3818.51.41 (depth 2, 24 lits): UNSAT in 1.32s
    cube 3818.51.42 (depth 2, 24 lits): UNSAT in 0.88s
    cube 3818.51.43 (depth 2, 24 lits): UNSAT in 4.42s
    cube 3818.51.44 (depth 2, 24 lits): UNSAT in 0.01s
    cube 3818.51.45 (depth 2, 24 lits): UNSAT in 0.02s
    cube 3818.51.46 (depth 2, 24 lits): UNSAT in 0.02s
    cube 3818.51.47 (depth 2, 24 lits): UNSAT in 0.19s
    cube 3818.51.48 (depth 2, 24 lits): UNSAT in 0.03s
    cube 3818.51.49 (depth 2, 24 lits): UNSAT in 0.15s
    cube 3818.51.50 (depth 2, 24 lits): UNSAT in 0.22s
    cube 3818.51.51 (depth 2, 24 lits): UNSAT in 1.74s
    cube 3818.51.52 (depth 2, 24 lits): UNSAT in 0.04s
    cube 3818.51.53 (depth 2, 24 lits): UNSAT in 0.17s
    cube 3818.51.54 (depth 2, 24 lits): UNSAT in 0.08s
    cube 3818.51.55 (depth 2, 24 lits): UNSAT in 0.60s
    cube 3818.51.56 (depth 2, 24 lits): UNSAT in 0.31s
    cube 3818.51.57 (depth 2, 24 lits): UNSAT in 6.39s
    cube 3818.51.58 (depth 2, 24 lits): UNSAT in 5.87s
    cube 3818.51.59 (depth 2, 24 lits): UNSAT in 36.12s
    cube 3818.52 (depth 1, 18 lits): UNSAT in 2.91s
    cube 3818.53 (depth 1, 18 lits): UNSAT in 16.91s
    cube 3818.54 (depth 1, 18 lits): UNSAT in 22.55s
    cube 3818.55 (depth 1, 18 lits): TIMEOUT in 60.06s
    cube 3818.55 TIMEOUT -> re-split into 64 sub-cubes (depth 2)
    cube 3818.55.0 (depth 2, 24 lits): UNSAT in 0.02s
    cube 3818.55.1 (depth 2, 24 lits): UNSAT in 0.03s
    cube 3818.55.2 (depth 2, 24 lits): UNSAT in 0.03s
    cube 3818.55.3 (depth 2, 24 lits): UNSAT in 0.06s
    cube 3818.55.4 (depth 2, 24 lits): UNSAT in 0.02s
    cube 3818.55.5 (depth 2, 24 lits): UNSAT in 0.07s
    cube 3818.55.6 (depth 2, 24 lits): UNSAT in 0.03s
    cube 3818.55.7 (depth 2, 24 lits): UNSAT in 0.43s
    cube 3818.55.8 (depth 2, 24 lits): UNSAT in 0.04s
    cube 3818.55.9 (depth 2, 24 lits): UNSAT in 0.06s
    cube 3818.55.10 (depth 2, 24 lits): UNSAT in 0.09s
    cube 3818.55.11 (depth 2, 24 lits): UNSAT in 0.20s
    cube 3818.55.12 (depth 2, 24 lits): UNSAT in 0.08s
    cube 3818.55.13 (depth 2, 24 lits): UNSAT in 0.22s
    cube 3818.55.14 (depth 2, 24 lits): UNSAT in 0.28s
    cube 3818.55.15 (depth 2, 24 lits): UNSAT in 3.61s
    cube 3818.55.16 (depth 2, 24 lits): UNSAT in 0.02s
    cube 3818.55.17 (depth 2, 24 lits): UNSAT in 0.02s
    cube 3818.55.18 (depth 2, 24 lits): UNSAT in 0.14s
    cube 3818.55.19 (depth 2, 24 lits): UNSAT in 1.21s
    cube 3818.55.20 (depth 2, 24 lits): UNSAT in 0.69s
    cube 3818.55.21 (depth 2, 24 lits): UNSAT in 2.34s
    cube 3818.55.22 (depth 2, 24 lits): UNSAT in 0.91s
    cube 3818.55.23 (depth 2, 24 lits): UNSAT in 3.97s
    cube 3818.55.24 (depth 2, 24 lits): UNSAT in 0.07s
    cube 3818.55.25 (depth 2, 24 lits): UNSAT in 1.60s
    cube 3818.55.26 (depth 2, 24 lits): UNSAT in 1.00s
    cube 3818.55.27 (depth 2, 24 lits): UNSAT in 3.38s
    cube 3818.55.28 (depth 2, 24 lits): UNSAT in 0.88s
    cube 3818.55.29 (depth 2, 24 lits): UNSAT in 2.32s
    cube 3818.55.30 (depth 2, 24 lits): UNSAT in 4.31s
    cube 3818.55.31 (depth 2, 24 lits): UNSAT in 15.77s
    cube 3818.55.32 (depth 2, 24 lits): UNSAT in 0.03s
    cube 3818.55.33 (depth 2, 24 lits): UNSAT in 0.09s
    cube 3818.55.34 (depth 2, 24 lits): UNSAT in 0.15s
    cube 3818.55.35 (depth 2, 24 lits): UNSAT in 0.42s
    cube 3818.55.36 (depth 2, 24 lits): UNSAT in 0.16s
    cube 3818.55.37 (depth 2, 24 lits): UNSAT in 0.15s
    cube 3818.55.38 (depth 2, 24 lits): UNSAT in 0.10s
    cube 3818.55.39 (depth 2, 24 lits): UNSAT in 0.74s
    cube 3818.55.40 (depth 2, 24 lits): UNSAT in 1.03s
    cube 3818.55.41 (depth 2, 24 lits): UNSAT in 2.57s
    cube 3818.55.42 (depth 2, 24 lits): UNSAT in 1.21s
    cube 3818.55.43 (depth 2, 24 lits): UNSAT in 7.52s
    cube 3818.55.44 (depth 2, 24 lits): UNSAT in 0.38s
    cube 3818.55.45 (depth 2, 24 lits): UNSAT in 3.55s
    cube 3818.55.46 (depth 2, 24 lits): UNSAT in 4.50s
    cube 3818.55.47 (depth 2, 24 lits): TIMEOUT in 60.06s
    cube 3818.55.47 TIMEOUT -> re-split into 64 sub-cubes (depth 3)
    cube 3818.55.47.0 (depth 3, 30 lits): UNSAT in 0.01s
    cube 3818.55.47.1 (depth 3, 30 lits): UNSAT in 0.02s
    cube 3818.55.47.2 (depth 3, 30 lits): UNSAT in 0.03s
    cube 3818.55.47.3 (depth 3, 30 lits): UNSAT in 0.02s
    cube 3818.55.47.4 (depth 3, 30 lits): UNSAT in 0.02s
    cube 3818.55.47.5 (depth 3, 30 lits): UNSAT in 0.02s
    cube 3818.55.47.6 (depth 3, 30 lits): UNSAT in 0.07s
    cube 3818.55.47.7 (depth 3, 30 lits): UNSAT in 0.12s
    cube 3818.55.47.8 (depth 3, 30 lits): UNSAT in 0.02s
    cube 3818.55.47.9 (depth 3, 30 lits): UNSAT in 0.02s
    cube 3818.55.47.10 (depth 3, 30 lits): UNSAT in 0.01s
    cube 3818.55.47.11 (depth 3, 30 lits): UNSAT in 0.04s
    cube 3818.55.47.12 (depth 3, 30 lits): UNSAT in 0.05s
    cube 3818.55.47.13 (depth 3, 30 lits): UNSAT in 0.01s
    cube 3818.55.47.14 (depth 3, 30 lits): UNSAT in 0.07s
    cube 3818.55.47.15 (depth 3, 30 lits): UNSAT in 0.20s
    cube 3818.55.47.16 (depth 3, 30 lits): UNSAT in 0.01s
    cube 3818.55.47.17 (depth 3, 30 lits): UNSAT in 0.02s
    cube 3818.55.47.18 (depth 3, 30 lits): UNSAT in 0.02s
    cube 3818.55.47.19 (depth 3, 30 lits): UNSAT in 0.04s
    cube 3818.55.47.20 (depth 3, 30 lits): UNSAT in 0.03s
    cube 3818.55.47.21 (depth 3, 30 lits): UNSAT in 0.07s
    cube 3818.55.47.22 (depth 3, 30 lits): UNSAT in 0.03s
    cube 3818.55.47.23 (depth 3, 30 lits): UNSAT in 0.05s
    cube 3818.55.47.24 (depth 3, 30 lits): UNSAT in 0.03s
    cube 3818.55.47.25 (depth 3, 30 lits): UNSAT in 0.09s
    cube 3818.55.47.26 (depth 3, 30 lits): UNSAT in 0.12s
    cube 3818.55.47.27 (depth 3, 30 lits): UNSAT in 0.15s
    cube 3818.55.47.28 (depth 3, 30 lits): UNSAT in 0.12s
    cube 3818.55.47.29 (depth 3, 30 lits): UNSAT in 0.40s
    cube 3818.55.47.30 (depth 3, 30 lits): UNSAT in 0.50s
    cube 3818.55.47.31 (depth 3, 30 lits): UNSAT in 3.03s
    cube 3818.55.47.32 (depth 3, 30 lits): UNSAT in 0.02s
    cube 3818.55.47.33 (depth 3, 30 lits): UNSAT in 0.02s
    cube 3818.55.47.34 (depth 3, 30 lits): UNSAT in 0.02s
    cube 3818.55.47.35 (depth 3, 30 lits): UNSAT in 0.14s
    cube 3818.55.47.36 (depth 3, 30 lits): UNSAT in 0.04s
    cube 3818.55.47.37 (depth 3, 30 lits): UNSAT in 0.18s
    cube 3818.55.47.38 (depth 3, 30 lits): UNSAT in 0.09s
    cube 3818.55.47.39 (depth 3, 30 lits): UNSAT in 1.03s
    cube 3818.55.47.40 (depth 3, 30 lits): UNSAT in 0.10s
    cube 3818.55.47.41 (depth 3, 30 lits): UNSAT in 0.20s
    cube 3818.55.47.42 (depth 3, 30 lits): UNSAT in 0.55s
    cube 3818.55.47.43 (depth 3, 30 lits): UNSAT in 0.82s
    cube 3818.55.47.44 (depth 3, 30 lits): UNSAT in 0.07s
    cube 3818.55.47.45 (depth 3, 30 lits): UNSAT in 0.34s
    cube 3818.55.47.46 (depth 3, 30 lits): UNSAT in 0.37s
    cube 3818.55.47.47 (depth 3, 30 lits): UNSAT in 7.85s
    cube 3818.55.47.48 (depth 3, 30 lits): UNSAT in 0.02s
    cube 3818.55.47.49 (depth 3, 30 lits): UNSAT in 0.14s
    cube 3818.55.47.50 (depth 3, 30 lits): UNSAT in 0.24s
    cube 3818.55.47.51 (depth 3, 30 lits): UNSAT in 0.77s
    cube 3818.55.47.52 (depth 3, 30 lits): UNSAT in 0.07s
    cube 3818.55.47.53 (depth 3, 30 lits): UNSAT in 0.81s
    cube 3818.55.47.54 (depth 3, 30 lits): UNSAT in 0.85s
    cube 3818.55.47.55 (depth 3, 30 lits): UNSAT in 4.05s
    cube 3818.55.47.56 (depth 3, 30 lits): UNSAT in 0.11s
    cube 3818.55.47.57 (depth 3, 30 lits): UNSAT in 0.49s
    cube 3818.55.47.58 (depth 3, 30 lits): UNSAT in 0.30s
    cube 3818.55.47.59 (depth 3, 30 lits): UNSAT in 6.21s
    cube 3818.55.47.60 (depth 3, 30 lits): UNSAT in 0.88s
    cube 3818.55.47.61 (depth 3, 30 lits): UNSAT in 6.03s
    cube 3818.55.47.62 (depth 3, 30 lits): UNSAT in 1.66s
    cube 3818.55.47.63 (depth 3, 30 lits): UNSAT in 17.29s
    cube 3818.55.48 (depth 2, 24 lits): UNSAT in 0.17s
    cube 3818.55.49 (depth 2, 24 lits): UNSAT in 1.53s
    cube 3818.55.50 (depth 2, 24 lits): UNSAT in 0.61s
    cube 3818.55.51 (depth 2, 24 lits): UNSAT in 5.79s
    cube 3818.55.52 (depth 2, 24 lits): UNSAT in 0.15s
    cube 3818.55.53 (depth 2, 24 lits): UNSAT in 5.61s
    cube 3818.55.54 (depth 2, 24 lits): UNSAT in 6.98s
    cube 3818.55.55 (depth 2, 24 lits): TIMEOUT in 60.06s
    cube 3818.55.55 TIMEOUT -> re-split into 62 sub-cubes (depth 3)
    cube 3818.55.55.0 (depth 3, 30 lits): UNSAT in 0.01s
    cube 3818.55.55.1 (depth 3, 30 lits): UNSAT in 0.02s
    cube 3818.55.55.2 (depth 3, 30 lits): UNSAT in 0.01s
    cube 3818.55.55.3 (depth 3, 30 lits): UNSAT in 0.04s
    cube 3818.55.55.4 (depth 3, 29 lits): UNSAT in 0.02s
    cube 3818.55.55.5 (depth 3, 30 lits): UNSAT in 0.03s
    cube 3818.55.55.6 (depth 3, 30 lits): UNSAT in 0.03s
    cube 3818.55.55.7 (depth 3, 30 lits): UNSAT in 0.01s
    cube 3818.55.55.8 (depth 3, 30 lits): UNSAT in 0.02s
    cube 3818.55.55.9 (depth 3, 30 lits): UNSAT in 0.02s
    cube 3818.55.55.10 (depth 3, 30 lits): UNSAT in 0.04s
    cube 3818.55.55.11 (depth 3, 30 lits): UNSAT in 0.02s
    cube 3818.55.55.12 (depth 3, 30 lits): UNSAT in 0.03s
    cube 3818.55.55.13 (depth 3, 30 lits): UNSAT in 0.04s
    cube 3818.55.55.14 (depth 3, 30 lits): UNSAT in 0.21s
    cube 3818.55.55.15 (depth 3, 30 lits): UNSAT in 0.01s
    cube 3818.55.55.16 (depth 3, 30 lits): UNSAT in 0.02s
    cube 3818.55.55.17 (depth 3, 30 lits): UNSAT in 0.02s
    cube 3818.55.55.18 (depth 3, 30 lits): UNSAT in 0.05s
    cube 3818.55.55.19 (depth 3, 30 lits): UNSAT in 0.03s
    cube 3818.55.55.20 (depth 3, 30 lits): UNSAT in 0.05s
    cube 3818.55.55.21 (depth 3, 30 lits): UNSAT in 0.08s
    cube 3818.55.55.22 (depth 3, 30 lits): UNSAT in 0.59s
    cube 3818.55.55.23 (depth 3, 30 lits): UNSAT in 0.02s
    cube 3818.55.55.24 (depth 3, 30 lits): UNSAT in 0.16s
    cube 3818.55.55.25 (depth 3, 30 lits): UNSAT in 0.15s
    cube 3818.55.55.26 (depth 3, 30 lits): UNSAT in 0.42s
    cube 3818.55.55.27 (depth 3, 30 lits): UNSAT in 0.14s
    cube 3818.55.55.28 (depth 3, 30 lits): UNSAT in 0.44s
    cube 3818.55.55.29 (depth 3, 30 lits): UNSAT in 1.75s
    cube 3818.55.55.30 (depth 3, 30 lits): UNSAT in 3.21s
    cube 3818.55.55.31 (depth 3, 29 lits): UNSAT in 0.02s
    cube 3818.55.55.32 (depth 3, 30 lits): UNSAT in 0.02s
    cube 3818.55.55.33 (depth 3, 30 lits): UNSAT in 0.08s
    cube 3818.55.55.34 (depth 3, 30 lits): UNSAT in 0.03s
    cube 3818.55.55.35 (depth 3, 30 lits): UNSAT in 0.05s
    cube 3818.55.55.36 (depth 3, 30 lits): UNSAT in 0.06s
    cube 3818.55.55.37 (depth 3, 30 lits): UNSAT in 1.10s
    cube 3818.55.55.38 (depth 3, 30 lits): UNSAT in 0.02s
    cube 3818.55.55.39 (depth 3, 30 lits): UNSAT in 0.03s
    cube 3818.55.55.40 (depth 3, 30 lits): UNSAT in 0.06s
    cube 3818.55.55.41 (depth 3, 30 lits): UNSAT in 0.21s
    cube 3818.55.55.42 (depth 3, 30 lits): UNSAT in 0.15s
    cube 3818.55.55.43 (depth 3, 30 lits): UNSAT in 0.56s
    cube 3818.55.55.44 (depth 3, 30 lits): UNSAT in 0.63s
    cube 3818.55.55.45 (depth 3, 30 lits): UNSAT in 7.59s
    cube 3818.55.55.46 (depth 3, 30 lits): UNSAT in 0.09s
    cube 3818.55.55.47 (depth 3, 30 lits): UNSAT in 0.47s
    cube 3818.55.55.48 (depth 3, 30 lits): UNSAT in 1.03s
    cube 3818.55.55.49 (depth 3, 30 lits): UNSAT in 2.18s
    cube 3818.55.55.50 (depth 3, 30 lits): UNSAT in 0.31s
    cube 3818.55.55.51 (depth 3, 30 lits): UNSAT in 1.95s
    cube 3818.55.55.52 (depth 3, 30 lits): UNSAT in 2.08s
    cube 3818.55.55.53 (depth 3, 30 lits): UNSAT in 4.94s
    cube 3818.55.55.54 (depth 3, 30 lits): UNSAT in 0.07s
    cube 3818.55.55.55 (depth 3, 30 lits): UNSAT in 0.71s
    cube 3818.55.55.56 (depth 3, 30 lits): UNSAT in 2.03s
    cube 3818.55.55.57 (depth 3, 30 lits): UNSAT in 6.07s
    cube 3818.55.55.58 (depth 3, 30 lits): UNSAT in 1.37s
    cube 3818.55.55.59 (depth 3, 30 lits): UNSAT in 6.82s
    cube 3818.55.55.60 (depth 3, 30 lits): UNSAT in 3.67s
    cube 3818.55.55.61 (depth 3, 30 lits): UNSAT in 11.12s
    cube 3818.55.56 (depth 2, 24 lits): UNSAT in 0.91s
    cube 3818.55.57 (depth 2, 24 lits): UNSAT in 10.48s
    cube 3818.55.58 (depth 2, 24 lits): UNSAT in 16.49s
    cube 3818.55.59 (depth 2, 24 lits): TIMEOUT in 60.03s
    cube 3818.55.59 TIMEOUT -> re-split into 64 sub-cubes (depth 3)
    cube 3818.55.59.0 (depth 3, 30 lits): UNSAT in 0.02s
    cube 3818.55.59.1 (depth 3, 30 lits): UNSAT in 0.02s
    cube 3818.55.59.2 (depth 3, 30 lits): UNSAT in 0.04s
    cube 3818.55.59.3 (depth 3, 30 lits): UNSAT in 0.17s
    cube 3818.55.59.4 (depth 3, 30 lits): UNSAT in 0.02s
    cube 3818.55.59.5 (depth 3, 30 lits): UNSAT in 0.03s
    cube 3818.55.59.6 (depth 3, 30 lits): UNSAT in 0.15s
    cube 3818.55.59.7 (depth 3, 30 lits): UNSAT in 1.37s
    cube 3818.55.59.8 (depth 3, 30 lits): UNSAT in 0.08s
    cube 3818.55.59.9 (depth 3, 30 lits): UNSAT in 0.20s
    cube 3818.55.59.10 (depth 3, 30 lits): UNSAT in 0.05s
    cube 3818.55.59.11 (depth 3, 30 lits): UNSAT in 1.25s
    cube 3818.55.59.12 (depth 3, 30 lits): UNSAT in 0.05s
    cube 3818.55.59.13 (depth 3, 30 lits): UNSAT in 1.54s
    cube 3818.55.59.14 (depth 3, 30 lits): UNSAT in 0.24s
    cube 3818.55.59.15 (depth 3, 30 lits): UNSAT in 2.20s
    cube 3818.55.59.16 (depth 3, 30 lits): UNSAT in 0.03s
    cube 3818.55.59.17 (depth 3, 30 lits): UNSAT in 0.18s
    cube 3818.55.59.18 (depth 3, 30 lits): UNSAT in 0.05s
    cube 3818.55.59.19 (depth 3, 30 lits): UNSAT in 1.12s
    cube 3818.55.59.20 (depth 3, 30 lits): UNSAT in 0.21s
    cube 3818.55.59.21 (depth 3, 30 lits): UNSAT in 1.04s
    cube 3818.55.59.22 (depth 3, 30 lits): UNSAT in 0.81s
    cube 3818.55.59.23 (depth 3, 30 lits): UNSAT in 1.45s
    cube 3818.55.59.24 (depth 3, 30 lits): UNSAT in 0.13s
    cube 3818.55.59.25 (depth 3, 30 lits): UNSAT in 1.09s
    cube 3818.55.59.26 (depth 3, 30 lits): UNSAT in 1.00s
    cube 3818.55.59.27 (depth 3, 30 lits): UNSAT in 2.48s
    cube 3818.55.59.28 (depth 3, 30 lits): UNSAT in 1.01s
    cube 3818.55.59.29 (depth 3, 30 lits): UNSAT in 4.02s
    cube 3818.55.59.30 (depth 3, 30 lits): UNSAT in 1.27s
    cube 3818.55.59.31 (depth 3, 30 lits): UNSAT in 4.49s
    cube 3818.55.59.32 (depth 3, 30 lits): UNSAT in 0.01s
    cube 3818.55.59.33 (depth 3, 30 lits): UNSAT in 0.03s
    cube 3818.55.59.34 (depth 3, 30 lits): UNSAT in 0.02s
    cube 3818.55.59.35 (depth 3, 30 lits): UNSAT in 0.10s
    cube 3818.55.59.36 (depth 3, 30 lits): UNSAT in 0.06s
    cube 3818.55.59.37 (depth 3, 30 lits): UNSAT in 0.28s
    cube 3818.55.59.38 (depth 3, 30 lits): UNSAT in 0.19s
    cube 3818.55.59.39 (depth 3, 30 lits): UNSAT in 3.50s
    cube 3818.55.59.40 (depth 3, 30 lits): UNSAT in 0.06s
    cube 3818.55.59.41 (depth 3, 30 lits): UNSAT in 0.98s
    cube 3818.55.59.42 (depth 3, 30 lits): UNSAT in 0.12s
    cube 3818.55.59.43 (depth 3, 30 lits): UNSAT in 3.96s
    cube 3818.55.59.44 (depth 3, 30 lits): UNSAT in 0.18s
    cube 3818.55.59.45 (depth 3, 30 lits): UNSAT in 6.03s
    cube 3818.55.59.46 (depth 3, 30 lits): UNSAT in 0.69s
    cube 3818.55.59.47 (depth 3, 30 lits): UNSAT in 4.96s
    cube 3818.55.59.48 (depth 3, 30 lits): UNSAT in 0.06s
    cube 3818.55.59.49 (depth 3, 30 lits): UNSAT in 0.27s
    cube 3818.55.59.50 (depth 3, 30 lits): UNSAT in 0.51s
    cube 3818.55.59.51 (depth 3, 30 lits): UNSAT in 0.87s
    cube 3818.55.59.52 (depth 3, 30 lits): UNSAT in 0.05s
    cube 3818.55.59.53 (depth 3, 30 lits): UNSAT in 1.26s
    cube 3818.55.59.54 (depth 3, 30 lits): UNSAT in 0.05s
    cube 3818.55.59.55 (depth 3, 30 lits): UNSAT in 1.21s
    cube 3818.55.59.56 (depth 3, 30 lits): UNSAT in 0.62s
    cube 3818.55.59.57 (depth 3, 30 lits): UNSAT in 1.36s
    cube 3818.55.59.58 (depth 3, 30 lits): UNSAT in 1.66s
    cube 3818.55.59.59 (depth 3, 30 lits): UNSAT in 2.06s
    cube 3818.55.59.60 (depth 3, 30 lits): UNSAT in 3.97s
    cube 3818.55.59.61 (depth 3, 30 lits): UNSAT in 9.42s
    cube 3818.55.59.62 (depth 3, 30 lits): UNSAT in 6.29s
    cube 3818.55.59.63 (depth 3, 30 lits): UNSAT in 33.96s
    cube 3818.55.60 (depth 2, 24 lits): UNSAT in 2.12s
    cube 3818.55.61 (depth 2, 24 lits): TIMEOUT in 60.06s
    cube 3818.55.61 TIMEOUT -> re-split into 64 sub-cubes (depth 3)
    cube 3818.55.61.0 (depth 3, 30 lits): UNSAT in 0.01s
    cube 3818.55.61.1 (depth 3, 30 lits): UNSAT in 0.01s
    cube 3818.55.61.2 (depth 3, 30 lits): UNSAT in 0.02s
    cube 3818.55.61.3 (depth 3, 30 lits): UNSAT in 0.01s
    cube 3818.55.61.4 (depth 3, 30 lits): UNSAT in 0.02s
    cube 3818.55.61.5 (depth 3, 30 lits): UNSAT in 0.03s
    cube 3818.55.61.6 (depth 3, 30 lits): UNSAT in 0.04s
    cube 3818.55.61.7 (depth 3, 30 lits): UNSAT in 0.18s
    cube 3818.55.61.8 (depth 3, 30 lits): UNSAT in 0.02s
    cube 3818.55.61.9 (depth 3, 30 lits): UNSAT in 0.03s
    cube 3818.55.61.10 (depth 3, 30 lits): UNSAT in 0.04s
    cube 3818.55.61.11 (depth 3, 30 lits): UNSAT in 0.10s
    cube 3818.55.61.12 (depth 3, 30 lits): UNSAT in 0.07s
    cube 3818.55.61.13 (depth 3, 30 lits): UNSAT in 0.17s
    cube 3818.55.61.14 (depth 3, 30 lits): UNSAT in 0.38s
    cube 3818.55.61.15 (depth 3, 30 lits): UNSAT in 0.23s
    cube 3818.55.61.16 (depth 3, 30 lits): UNSAT in 0.01s
    cube 3818.55.61.17 (depth 3, 30 lits): UNSAT in 0.02s
    cube 3818.55.61.18 (depth 3, 30 lits): UNSAT in 0.03s
    cube 3818.55.61.19 (depth 3, 30 lits): UNSAT in 0.07s
    cube 3818.55.61.20 (depth 3, 30 lits): UNSAT in 0.01s
    cube 3818.55.61.21 (depth 3, 30 lits): UNSAT in 0.05s
    cube 3818.55.61.22 (depth 3, 30 lits): UNSAT in 0.11s
    cube 3818.55.61.23 (depth 3, 30 lits): UNSAT in 0.35s
    cube 3818.55.61.24 (depth 3, 30 lits): UNSAT in 0.04s
    cube 3818.55.61.25 (depth 3, 30 lits): UNSAT in 0.06s
    cube 3818.55.61.26 (depth 3, 30 lits): UNSAT in 0.10s
    cube 3818.55.61.27 (depth 3, 30 lits): UNSAT in 0.32s
    cube 3818.55.61.28 (depth 3, 30 lits): UNSAT in 0.05s
    cube 3818.55.61.29 (depth 3, 30 lits): UNSAT in 0.91s
    cube 3818.55.61.30 (depth 3, 30 lits): UNSAT in 0.07s
    cube 3818.55.61.31 (depth 3, 30 lits): UNSAT in 3.86s
    cube 3818.55.61.32 (depth 3, 30 lits): UNSAT in 0.07s
    cube 3818.55.61.33 (depth 3, 30 lits): UNSAT in 0.14s
    cube 3818.55.61.34 (depth 3, 30 lits): UNSAT in 0.14s
    cube 3818.55.61.35 (depth 3, 30 lits): UNSAT in 0.24s
    cube 3818.55.61.36 (depth 3, 30 lits): UNSAT in 0.06s
    cube 3818.55.61.37 (depth 3, 30 lits): UNSAT in 0.42s
    cube 3818.55.61.38 (depth 3, 30 lits): UNSAT in 0.19s
    cube 3818.55.61.39 (depth 3, 30 lits): UNSAT in 0.65s
    cube 3818.55.61.40 (depth 3, 30 lits): UNSAT in 0.02s
    cube 3818.55.61.41 (depth 3, 30 lits): UNSAT in 0.25s
    cube 3818.55.61.42 (depth 3, 30 lits): UNSAT in 0.07s
    cube 3818.55.61.43 (depth 3, 30 lits): UNSAT in 0.70s
    cube 3818.55.61.44 (depth 3, 30 lits): UNSAT in 0.09s
    cube 3818.55.61.45 (depth 3, 30 lits): UNSAT in 0.37s
    cube 3818.55.61.46 (depth 3, 30 lits): UNSAT in 0.75s
    cube 3818.55.61.47 (depth 3, 30 lits): UNSAT in 1.77s
    cube 3818.55.61.48 (depth 3, 30 lits): UNSAT in 0.02s
    cube 3818.55.61.49 (depth 3, 30 lits): UNSAT in 0.05s
    cube 3818.55.61.50 (depth 3, 30 lits): UNSAT in 0.09s
    cube 3818.55.61.51 (depth 3, 30 lits): UNSAT in 0.11s
    cube 3818.55.61.52 (depth 3, 30 lits): UNSAT in 0.11s
    cube 3818.55.61.53 (depth 3, 30 lits): UNSAT in 0.33s
    cube 3818.55.61.54 (depth 3, 30 lits): UNSAT in 0.38s
    cube 3818.55.61.55 (depth 3, 30 lits): UNSAT in 2.95s
    cube 3818.55.61.56 (depth 3, 30 lits): UNSAT in 0.09s
    cube 3818.55.61.57 (depth 3, 30 lits): UNSAT in 0.26s
    cube 3818.55.61.58 (depth 3, 30 lits): UNSAT in 1.32s
    cube 3818.55.61.59 (depth 3, 30 lits): UNSAT in 7.89s
    cube 3818.55.61.60 (depth 3, 30 lits): UNSAT in 2.06s
    cube 3818.55.61.61 (depth 3, 30 lits): UNSAT in 11.53s
    cube 3818.55.61.62 (depth 3, 30 lits): UNSAT in 6.78s
    cube 3818.55.61.63 (depth 3, 30 lits): UNSAT in 23.12s
    cube 3818.55.62 (depth 2, 24 lits): UNSAT in 3.03s
    cube 3818.55.63 (depth 2, 24 lits): TIMEOUT in 60.06s
    cube 3818.55.63 TIMEOUT -> re-split into 64 sub-cubes (depth 3)
    cube 3818.55.63.0 (depth 3, 30 lits): UNSAT in 0.02s
    cube 3818.55.63.1 (depth 3, 30 lits): UNSAT in 0.03s
    cube 3818.55.63.2 (depth 3, 30 lits): UNSAT in 0.02s
    cube 3818.55.63.3 (depth 3, 30 lits): UNSAT in 0.06s
    cube 3818.55.63.4 (depth 3, 30 lits): UNSAT in 0.01s
    cube 3818.55.63.5 (depth 3, 30 lits): UNSAT in 0.04s
    cube 3818.55.63.6 (depth 3, 30 lits): UNSAT in 0.06s
    cube 3818.55.63.7 (depth 3, 30 lits): UNSAT in 0.12s
    cube 3818.55.63.8 (depth 3, 30 lits): UNSAT in 0.02s
    cube 3818.55.63.9 (depth 3, 30 lits): UNSAT in 0.05s
    cube 3818.55.63.10 (depth 3, 30 lits): UNSAT in 0.08s
    cube 3818.55.63.11 (depth 3, 30 lits): UNSAT in 0.14s
    cube 3818.55.63.12 (depth 3, 30 lits): UNSAT in 0.06s
    cube 3818.55.63.13 (depth 3, 30 lits): UNSAT in 0.18s
    cube 3818.55.63.14 (depth 3, 30 lits): UNSAT in 0.33s
    cube 3818.55.63.15 (depth 3, 30 lits): UNSAT in 0.56s
    cube 3818.55.63.16 (depth 3, 30 lits): UNSAT in 0.04s
    cube 3818.55.63.17 (depth 3, 30 lits): UNSAT in 0.06s
    cube 3818.55.63.18 (depth 3, 30 lits): UNSAT in 0.08s
    cube 3818.55.63.19 (depth 3, 30 lits): UNSAT in 0.18s
    cube 3818.55.63.20 (depth 3, 30 lits): UNSAT in 0.11s
    cube 3818.55.63.21 (depth 3, 30 lits): UNSAT in 0.10s
    cube 3818.55.63.22 (depth 3, 30 lits): UNSAT in 0.16s
    cube 3818.55.63.23 (depth 3, 30 lits): UNSAT in 0.48s
    cube 3818.55.63.24 (depth 3, 30 lits): UNSAT in 0.08s
    cube 3818.55.63.25 (depth 3, 30 lits): UNSAT in 0.07s
    cube 3818.55.63.26 (depth 3, 30 lits): UNSAT in 0.05s
    cube 3818.55.63.27 (depth 3, 30 lits): UNSAT in 0.27s
    cube 3818.55.63.28 (depth 3, 30 lits): UNSAT in 0.04s
    cube 3818.55.63.29 (depth 3, 30 lits): UNSAT in 0.31s
    cube 3818.55.63.30 (depth 3, 30 lits): UNSAT in 0.51s
    cube 3818.55.63.31 (depth 3, 30 lits): UNSAT in 2.76s
    cube 3818.55.63.32 (depth 3, 30 lits): UNSAT in 0.02s
    cube 3818.55.63.33 (depth 3, 30 lits): UNSAT in 0.06s
    cube 3818.55.63.34 (depth 3, 30 lits): UNSAT in 0.04s
    cube 3818.55.63.35 (depth 3, 30 lits): UNSAT in 0.16s
    cube 3818.55.63.36 (depth 3, 30 lits): UNSAT in 0.16s
    cube 3818.55.63.37 (depth 3, 30 lits): UNSAT in 0.54s
    cube 3818.55.63.38 (depth 3, 30 lits): UNSAT in 0.76s
    cube 3818.55.63.39 (depth 3, 30 lits): UNSAT in 1.74s
    cube 3818.55.63.40 (depth 3, 30 lits): UNSAT in 0.08s
    cube 3818.55.63.41 (depth 3, 30 lits): UNSAT in 0.18s
    cube 3818.55.63.42 (depth 3, 30 lits): UNSAT in 0.25s
    cube 3818.55.63.43 (depth 3, 30 lits): UNSAT in 0.63s
    cube 3818.55.63.44 (depth 3, 30 lits): UNSAT in 0.09s
    cube 3818.55.63.45 (depth 3, 30 lits): UNSAT in 0.13s
    cube 3818.55.63.46 (depth 3, 30 lits): UNSAT in 0.57s
    cube 3818.55.63.47 (depth 3, 30 lits): UNSAT in 4.39s
    cube 3818.55.63.48 (depth 3, 30 lits): UNSAT in 0.05s
    cube 3818.55.63.49 (depth 3, 30 lits): UNSAT in 0.09s
    cube 3818.55.63.50 (depth 3, 30 lits): UNSAT in 0.06s
    cube 3818.55.63.51 (depth 3, 30 lits): UNSAT in 0.14s
    cube 3818.55.63.52 (depth 3, 30 lits): UNSAT in 0.33s
    cube 3818.55.63.53 (depth 3, 30 lits): UNSAT in 0.93s
    cube 3818.55.63.54 (depth 3, 30 lits): UNSAT in 0.58s
    cube 3818.55.63.55 (depth 3, 30 lits): UNSAT in 4.60s
    cube 3818.55.63.56 (depth 3, 30 lits): UNSAT in 0.17s
    cube 3818.55.63.57 (depth 3, 30 lits): UNSAT in 0.29s
    cube 3818.55.63.58 (depth 3, 30 lits): UNSAT in 3.71s
    cube 3818.55.63.59 (depth 3, 30 lits): UNSAT in 17.62s
    cube 3818.55.63.60 (depth 3, 30 lits): UNSAT in 1.40s
    cube 3818.55.63.61 (depth 3, 30 lits): UNSAT in 9.74s
    cube 3818.55.63.62 (depth 3, 30 lits): UNSAT in 8.23s
    cube 3818.55.63.63 (depth 3, 30 lits): TIMEOUT in 60.06s
    cube 3818.56 (depth 1, 18 lits): UNSAT in 16.68s
    cube 3818.57 (depth 1, 18 lits): TIMEOUT in 60.03s
    cube 3818.57 TIMEOUT -> re-split into 63 sub-cubes (depth 2)
    cube 3818.57.0 (depth 2, 24 lits): UNSAT in 0.01s
    cube 3818.57.1 (depth 2, 24 lits): UNSAT in 0.02s
    cube 3818.57.2 (depth 2, 23 lits): UNSAT in 0.01s
    cube 3818.57.3 (depth 2, 24 lits): UNSAT in 0.02s
    cube 3818.57.4 (depth 2, 24 lits): UNSAT in 0.02s
    cube 3818.57.5 (depth 2, 24 lits): UNSAT in 0.03s
    cube 3818.57.6 (depth 2, 24 lits): UNSAT in 0.08s
    cube 3818.57.7 (depth 2, 24 lits): UNSAT in 0.01s
    cube 3818.57.8 (depth 2, 24 lits): UNSAT in 0.05s
    cube 3818.57.9 (depth 2, 24 lits): UNSAT in 0.07s
    cube 3818.57.10 (depth 2, 24 lits): UNSAT in 0.09s
    cube 3818.57.11 (depth 2, 24 lits): UNSAT in 0.06s
    cube 3818.57.12 (depth 2, 24 lits): UNSAT in 0.10s
    cube 3818.57.13 (depth 2, 24 lits): UNSAT in 0.10s
    cube 3818.57.14 (depth 2, 24 lits): UNSAT in 0.11s
    cube 3818.57.15 (depth 2, 24 lits): UNSAT in 0.03s
    cube 3818.57.16 (depth 2, 24 lits): UNSAT in 0.03s
    cube 3818.57.17 (depth 2, 24 lits): UNSAT in 0.02s
    cube 3818.57.18 (depth 2, 24 lits): UNSAT in 0.02s
    cube 3818.57.19 (depth 2, 24 lits): UNSAT in 0.04s
    cube 3818.57.20 (depth 2, 24 lits): UNSAT in 0.04s
    cube 3818.57.21 (depth 2, 24 lits): UNSAT in 0.07s
    cube 3818.57.22 (depth 2, 24 lits): UNSAT in 0.15s
    cube 3818.57.23 (depth 2, 24 lits): UNSAT in 0.05s
    cube 3818.57.24 (depth 2, 24 lits): UNSAT in 0.17s
    cube 3818.57.25 (depth 2, 24 lits): UNSAT in 0.08s
    cube 3818.57.26 (depth 2, 24 lits): UNSAT in 0.52s
    cube 3818.57.27 (depth 2, 24 lits): UNSAT in 0.14s
    cube 3818.57.28 (depth 2, 24 lits): UNSAT in 0.62s
    cube 3818.57.29 (depth 2, 24 lits): UNSAT in 0.18s
    cube 3818.57.30 (depth 2, 24 lits): UNSAT in 1.46s
    cube 3818.57.31 (depth 2, 24 lits): UNSAT in 0.02s
    cube 3818.57.32 (depth 2, 24 lits): UNSAT in 0.02s
    cube 3818.57.33 (depth 2, 24 lits): UNSAT in 0.03s
    cube 3818.57.34 (depth 2, 24 lits): UNSAT in 0.06s
    cube 3818.57.35 (depth 2, 24 lits): UNSAT in 0.03s
    cube 3818.57.36 (depth 2, 24 lits): UNSAT in 0.09s
    cube 3818.57.37 (depth 2, 24 lits): UNSAT in 0.02s
    cube 3818.57.38 (depth 2, 24 lits): UNSAT in 0.58s
    cube 3818.57.39 (depth 2, 24 lits): UNSAT in 0.01s
    cube 3818.57.40 (depth 2, 24 lits): UNSAT in 0.07s
    cube 3818.57.41 (depth 2, 24 lits): UNSAT in 0.06s
    cube 3818.57.42 (depth 2, 24 lits): UNSAT in 0.26s
    cube 3818.57.43 (depth 2, 24 lits): UNSAT in 0.12s
    cube 3818.57.44 (depth 2, 24 lits): UNSAT in 0.28s
    cube 3818.57.45 (depth 2, 24 lits): UNSAT in 0.21s
    cube 3818.57.46 (depth 2, 24 lits): UNSAT in 1.35s
    cube 3818.57.47 (depth 2, 24 lits): UNSAT in 0.02s
    cube 3818.57.48 (depth 2, 24 lits): UNSAT in 0.03s
    cube 3818.57.49 (depth 2, 24 lits): UNSAT in 0.03s
    cube 3818.57.50 (depth 2, 24 lits): UNSAT in 0.07s
    cube 3818.57.51 (depth 2, 24 lits): UNSAT in 0.04s
    cube 3818.57.52 (depth 2, 24 lits): UNSAT in 0.15s
    cube 3818.57.53 (depth 2, 24 lits): UNSAT in 0.08s
    cube 3818.57.54 (depth 2, 24 lits): UNSAT in 0.68s
    cube 3818.57.55 (depth 2, 24 lits): UNSAT in 0.38s
    cube 3818.57.56 (depth 2, 24 lits): UNSAT in 1.16s
    cube 3818.57.57 (depth 2, 24 lits): UNSAT in 1.24s
    cube 3818.57.58 (depth 2, 24 lits): UNSAT in 3.55s
    cube 3818.57.59 (depth 2, 24 lits): UNSAT in 0.63s
    cube 3818.57.60 (depth 2, 24 lits): UNSAT in 4.35s
    cube 3818.57.61 (depth 2, 24 lits): UNSAT in 4.65s
    cube 3818.57.62 (depth 2, 24 lits): UNSAT in 30.36s
    cube 3818.58 (depth 1, 18 lits): UNSAT in 9.42s
    cube 3818.59 (depth 1, 18 lits): TIMEOUT in 60.06s
    cube 3818.59 TIMEOUT -> re-split into 63 sub-cubes (depth 2)
    cube 3818.59.0 (depth 2, 23 lits): UNSAT in 0.01s
    cube 3818.59.1 (depth 2, 24 lits): UNSAT in 0.01s
    cube 3818.59.2 (depth 2, 24 lits): UNSAT in 0.02s
    cube 3818.59.3 (depth 2, 24 lits): UNSAT in 0.01s
    cube 3818.59.4 (depth 2, 24 lits): UNSAT in 0.02s
    cube 3818.59.5 (depth 2, 24 lits): UNSAT in 0.02s
    cube 3818.59.6 (depth 2, 24 lits): UNSAT in 0.02s
    cube 3818.59.7 (depth 2, 24 lits): UNSAT in 0.02s
    cube 3818.59.8 (depth 2, 24 lits): UNSAT in 0.03s
    cube 3818.59.9 (depth 2, 24 lits): UNSAT in 0.03s
    cube 3818.59.10 (depth 2, 24 lits): UNSAT in 0.04s
    cube 3818.59.11 (depth 2, 24 lits): UNSAT in 0.03s
    cube 3818.59.12 (depth 2, 24 lits): UNSAT in 0.03s
    cube 3818.59.13 (depth 2, 24 lits): UNSAT in 0.04s
    cube 3818.59.14 (depth 2, 24 lits): UNSAT in 0.24s
    cube 3818.59.15 (depth 2, 24 lits): UNSAT in 0.03s
    cube 3818.59.16 (depth 2, 24 lits): UNSAT in 0.07s
    cube 3818.59.17 (depth 2, 24 lits): UNSAT in 0.06s
    cube 3818.59.18 (depth 2, 24 lits): UNSAT in 0.08s
    cube 3818.59.19 (depth 2, 24 lits): UNSAT in 0.04s
    cube 3818.59.20 (depth 2, 24 lits): UNSAT in 0.03s
    cube 3818.59.21 (depth 2, 24 lits): UNSAT in 0.06s
    cube 3818.59.22 (depth 2, 24 lits): UNSAT in 0.59s
    cube 3818.59.23 (depth 2, 24 lits): UNSAT in 0.07s
    cube 3818.59.24 (depth 2, 24 lits): UNSAT in 0.26s
    cube 3818.59.25 (depth 2, 24 lits): UNSAT in 0.19s
    cube 3818.59.26 (depth 2, 24 lits): UNSAT in 1.06s
    cube 3818.59.27 (depth 2, 24 lits): UNSAT in 0.46s
    cube 3818.59.28 (depth 2, 24 lits): UNSAT in 1.89s
    cube 3818.59.29 (depth 2, 24 lits): UNSAT in 1.81s
    cube 3818.59.30 (depth 2, 24 lits): UNSAT in 11.39s
    cube 3818.59.31 (depth 2, 24 lits): UNSAT in 0.04s
    cube 3818.59.32 (depth 2, 24 lits): UNSAT in 0.07s
    cube 3818.59.33 (depth 2, 24 lits): UNSAT in 0.08s
    cube 3818.59.34 (depth 2, 24 lits): UNSAT in 0.18s
    cube 3818.59.35 (depth 2, 24 lits): UNSAT in 0.02s
    cube 3818.59.36 (depth 2, 24 lits): UNSAT in 0.20s
    cube 3818.59.37 (depth 2, 24 lits): UNSAT in 0.07s
    cube 3818.59.38 (depth 2, 24 lits): UNSAT in 0.51s
    cube 3818.59.39 (depth 2, 24 lits): UNSAT in 0.06s
    cube 3818.59.40 (depth 2, 24 lits): UNSAT in 0.06s
    cube 3818.59.41 (depth 2, 24 lits): UNSAT in 0.07s
    cube 3818.59.42 (depth 2, 24 lits): UNSAT in 0.26s
    cube 3818.59.43 (depth 2, 24 lits): UNSAT in 0.32s
    cube 3818.59.44 (depth 2, 24 lits): UNSAT in 0.30s
    cube 3818.59.45 (depth 2, 24 lits): UNSAT in 0.82s
    cube 3818.59.46 (depth 2, 24 lits): UNSAT in 5.73s
    cube 3818.59.47 (depth 2, 24 lits): UNSAT in 0.47s
    cube 3818.59.48 (depth 2, 24 lits): UNSAT in 2.22s
    cube 3818.59.49 (depth 2, 24 lits): UNSAT in 0.91s
    cube 3818.59.50 (depth 2, 24 lits): UNSAT in 3.73s
    cube 3818.59.51 (depth 2, 24 lits): UNSAT in 1.86s
    cube 3818.59.52 (depth 2, 24 lits): UNSAT in 3.53s
    cube 3818.59.53 (depth 2, 24 lits): UNSAT in 4.20s
    cube 3818.59.54 (depth 2, 24 lits): UNSAT in 15.97s
    cube 3818.59.55 (depth 2, 24 lits): UNSAT in 0.10s
    cube 3818.59.56 (depth 2, 24 lits): UNSAT in 1.03s
    cube 3818.59.57 (depth 2, 24 lits): UNSAT in 0.63s
    cube 3818.59.58 (depth 2, 24 lits): UNSAT in 10.85s
    cube 3818.59.59 (depth 2, 24 lits): UNSAT in 7.73s
    cube 3818.59.60 (depth 2, 24 lits): TIMEOUT in 60.06s
    cube 3818.59.60 TIMEOUT -> re-split into 64 sub-cubes (depth 3)
    cube 3818.59.60.0 (depth 3, 30 lits): UNSAT in 0.01s
    cube 3818.59.60.1 (depth 3, 30 lits): UNSAT in 0.01s
    cube 3818.59.60.2 (depth 3, 30 lits): UNSAT in 0.01s
    cube 3818.59.60.3 (depth 3, 30 lits): UNSAT in 0.02s
    cube 3818.59.60.4 (depth 3, 30 lits): UNSAT in 0.03s
    cube 3818.59.60.5 (depth 3, 30 lits): UNSAT in 0.03s
    cube 3818.59.60.6 (depth 3, 30 lits): UNSAT in 0.02s
    cube 3818.59.60.7 (depth 3, 30 lits): UNSAT in 0.08s
    cube 3818.59.60.8 (depth 3, 30 lits): UNSAT in 0.02s
    cube 3818.59.60.9 (depth 3, 30 lits): UNSAT in 0.02s
    cube 3818.59.60.10 (depth 3, 30 lits): UNSAT in 0.04s
    cube 3818.59.60.11 (depth 3, 30 lits): UNSAT in 0.05s
    cube 3818.59.60.12 (depth 3, 30 lits): UNSAT in 0.02s
    cube 3818.59.60.13 (depth 3, 30 lits): UNSAT in 0.02s
    cube 3818.59.60.14 (depth 3, 30 lits): UNSAT in 0.03s
    cube 3818.59.60.15 (depth 3, 30 lits): UNSAT in 0.35s
    cube 3818.59.60.16 (depth 3, 30 lits): UNSAT in 0.02s
    cube 3818.59.60.17 (depth 3, 30 lits): UNSAT in 0.10s
    cube 3818.59.60.18 (depth 3, 30 lits): UNSAT in 0.10s
    cube 3818.59.60.19 (depth 3, 30 lits): UNSAT in 0.22s
    cube 3818.59.60.20 (depth 3, 30 lits): UNSAT in 0.02s
    cube 3818.59.60.21 (depth 3, 30 lits): UNSAT in 0.08s
    cube 3818.59.60.22 (depth 3, 30 lits): UNSAT in 0.05s
    cube 3818.59.60.23 (depth 3, 30 lits): UNSAT in 0.19s
    cube 3818.59.60.24 (depth 3, 30 lits): UNSAT in 0.20s
    cube 3818.59.60.25 (depth 3, 30 lits): UNSAT in 0.51s
    cube 3818.59.60.26 (depth 3, 30 lits): UNSAT in 0.12s
    cube 3818.59.60.27 (depth 3, 30 lits): UNSAT in 1.12s
    cube 3818.59.60.28 (depth 3, 30 lits): UNSAT in 0.38s
    cube 3818.59.60.29 (depth 3, 30 lits): UNSAT in 1.62s
    cube 3818.59.60.30 (depth 3, 30 lits): UNSAT in 2.72s
    cube 3818.59.60.31 (depth 3, 30 lits): UNSAT in 15.45s
    cube 3818.59.60.32 (depth 3, 30 lits): UNSAT in 0.08s
    cube 3818.59.60.33 (depth 3, 30 lits): UNSAT in 0.23s
    cube 3818.59.60.34 (depth 3, 30 lits): UNSAT in 0.18s
    cube 3818.59.60.35 (depth 3, 30 lits): UNSAT in 0.41s
    cube 3818.59.60.36 (depth 3, 30 lits): UNSAT in 0.02s
    cube 3818.59.60.37 (depth 3, 30 lits): UNSAT in 0.07s
    cube 3818.59.60.38 (depth 3, 30 lits): UNSAT in 0.07s
    cube 3818.59.60.39 (depth 3, 30 lits): UNSAT in 1.22s
    cube 3818.59.60.40 (depth 3, 30 lits): UNSAT in 0.02s
    cube 3818.59.60.41 (depth 3, 30 lits): UNSAT in 0.04s
    cube 3818.59.60.42 (depth 3, 30 lits): UNSAT in 0.06s
    cube 3818.59.60.43 (depth 3, 30 lits): UNSAT in 0.63s
    cube 3818.59.60.44 (depth 3, 30 lits): UNSAT in 0.36s
    cube 3818.59.60.45 (depth 3, 30 lits): UNSAT in 0.70s
    cube 3818.59.60.46 (depth 3, 30 lits): UNSAT in 0.58s
    cube 3818.59.60.47 (depth 3, 30 lits): UNSAT in 5.93s
    cube 3818.59.60.48 (depth 3, 30 lits): UNSAT in 0.73s
    cube 3818.59.60.49 (depth 3, 30 lits): UNSAT in 1.29s
    cube 3818.59.60.50 (depth 3, 30 lits): UNSAT in 0.85s
    cube 3818.59.60.51 (depth 3, 30 lits): UNSAT in 3.87s
    cube 3818.59.60.52 (depth 3, 30 lits): UNSAT in 0.35s
    cube 3818.59.60.53 (depth 3, 30 lits): UNSAT in 0.69s
    cube 3818.59.60.54 (depth 3, 30 lits): UNSAT in 2.02s
    cube 3818.59.60.55 (depth 3, 30 lits): UNSAT in 10.56s
    cube 3818.59.60.56 (depth 3, 30 lits): UNSAT in 0.45s
    cube 3818.59.60.57 (depth 3, 30 lits): UNSAT in 0.85s
    cube 3818.59.60.58 (depth 3, 30 lits): UNSAT in 0.94s
    cube 3818.59.60.59 (depth 3, 30 lits): UNSAT in 1.85s
    cube 3818.59.60.60 (depth 3, 30 lits): UNSAT in 1.81s
    cube 3818.59.60.61 (depth 3, 30 lits): UNSAT in 4.07s
    cube 3818.59.60.62 (depth 3, 30 lits): UNSAT in 2.45s
    cube 3818.59.60.63 (depth 3, 30 lits): UNSAT in 25.69s
    cube 3818.59.61 (depth 2, 24 lits): TIMEOUT in 60.04s
    cube 3818.59.61 TIMEOUT -> re-split into 58 sub-cubes (depth 3)
    cube 3818.59.61.0 (depth 3, 29 lits): UNSAT in 0.02s
    cube 3818.59.61.1 (depth 3, 29 lits): UNSAT in 0.02s
    cube 3818.59.61.2 (depth 3, 29 lits): UNSAT in 0.02s
    cube 3818.59.61.3 (depth 3, 29 lits): UNSAT in 0.02s
    cube 3818.59.61.4 (depth 3, 30 lits): UNSAT in 0.01s
    cube 3818.59.61.5 (depth 3, 30 lits): UNSAT in 0.01s
    cube 3818.59.61.6 (depth 3, 30 lits): UNSAT in 0.01s
    cube 3818.59.61.7 (depth 3, 30 lits): UNSAT in 0.03s
    cube 3818.59.61.8 (depth 3, 30 lits): UNSAT in 0.02s
    cube 3818.59.61.9 (depth 3, 30 lits): UNSAT in 0.03s
    cube 3818.59.61.10 (depth 3, 29 lits): UNSAT in 0.02s
    cube 3818.59.61.11 (depth 3, 29 lits): UNSAT in 0.01s
    cube 3818.59.61.12 (depth 3, 30 lits): UNSAT in 0.01s
    cube 3818.59.61.13 (depth 3, 30 lits): UNSAT in 0.02s
    cube 3818.59.61.14 (depth 3, 30 lits): UNSAT in 0.01s
    cube 3818.59.61.15 (depth 3, 30 lits): UNSAT in 0.02s
    cube 3818.59.61.16 (depth 3, 30 lits): UNSAT in 0.02s
    cube 3818.59.61.17 (depth 3, 30 lits): UNSAT in 0.03s
    cube 3818.59.61.18 (depth 3, 30 lits): UNSAT in 0.02s
    cube 3818.59.61.19 (depth 3, 30 lits): UNSAT in 0.03s
    cube 3818.59.61.20 (depth 3, 30 lits): UNSAT in 0.02s
    cube 3818.59.61.21 (depth 3, 30 lits): UNSAT in 0.10s
    cube 3818.59.61.22 (depth 3, 30 lits): UNSAT in 0.03s
    cube 3818.59.61.23 (depth 3, 30 lits): UNSAT in 0.08s
    cube 3818.59.61.24 (depth 3, 30 lits): UNSAT in 0.13s
    cube 3818.59.61.25 (depth 3, 30 lits): UNSAT in 0.36s
    cube 3818.59.61.26 (depth 3, 30 lits): UNSAT in 0.10s
    cube 3818.59.61.27 (depth 3, 30 lits): UNSAT in 0.20s
    cube 3818.59.61.28 (depth 3, 30 lits): UNSAT in 0.24s
    cube 3818.59.61.29 (depth 3, 30 lits): UNSAT in 0.41s
    cube 3818.59.61.30 (depth 3, 30 lits): UNSAT in 0.16s
    cube 3818.59.61.31 (depth 3, 30 lits): UNSAT in 0.34s
    cube 3818.59.61.32 (depth 3, 30 lits): UNSAT in 0.24s
    cube 3818.59.61.33 (depth 3, 30 lits): UNSAT in 0.96s
    cube 3818.59.61.34 (depth 3, 30 lits): UNSAT in 0.07s
    cube 3818.59.61.35 (depth 3, 30 lits): UNSAT in 0.12s
    cube 3818.59.61.36 (depth 3, 30 lits): UNSAT in 0.21s
    cube 3818.59.61.37 (depth 3, 30 lits): UNSAT in 0.73s
    cube 3818.59.61.38 (depth 3, 30 lits): UNSAT in 0.14s
    cube 3818.59.61.39 (depth 3, 30 lits): UNSAT in 0.89s
    cube 3818.59.61.40 (depth 3, 30 lits): UNSAT in 1.00s
    cube 3818.59.61.41 (depth 3, 30 lits): UNSAT in 3.07s
    cube 3818.59.61.42 (depth 3, 30 lits): UNSAT in 0.02s
    cube 3818.59.61.43 (depth 3, 30 lits): UNSAT in 0.07s
    cube 3818.59.61.44 (depth 3, 30 lits): UNSAT in 0.07s
    cube 3818.59.61.45 (depth 3, 30 lits): UNSAT in 0.30s
    cube 3818.59.61.46 (depth 3, 30 lits): UNSAT in 0.14s
    cube 3818.59.61.47 (depth 3, 30 lits): UNSAT in 0.56s
    cube 3818.59.61.48 (depth 3, 30 lits): UNSAT in 0.20s
    cube 3818.59.61.49 (depth 3, 30 lits): UNSAT in 2.04s
    cube 3818.59.61.50 (depth 3, 30 lits): UNSAT in 0.16s
    cube 3818.59.61.51 (depth 3, 30 lits): UNSAT in 0.84s
    cube 3818.59.61.52 (depth 3, 30 lits): UNSAT in 0.56s
    cube 3818.59.61.53 (depth 3, 30 lits): UNSAT in 3.30s
    cube 3818.59.61.54 (depth 3, 30 lits): UNSAT in 0.66s
    cube 3818.59.61.55 (depth 3, 30 lits): UNSAT in 3.67s
    cube 3818.59.61.56 (depth 3, 30 lits): UNSAT in 3.75s
    cube 3818.59.61.57 (depth 3, 30 lits): UNSAT in 22.54s
    cube 3818.59.62 (depth 2, 24 lits): TIMEOUT in 60.06s
    cube 3818.59.62 TIMEOUT -> re-split into 63 sub-cubes (depth 3)
    cube 3818.59.62.0 (depth 3, 29 lits): UNSAT in 0.01s
    cube 3818.59.62.1 (depth 3, 30 lits): UNSAT in 0.02s
    cube 3818.59.62.2 (depth 3, 30 lits): UNSAT in 0.02s
    cube 3818.59.62.3 (depth 3, 30 lits): UNSAT in 0.03s
    cube 3818.59.62.4 (depth 3, 30 lits): UNSAT in 0.05s
    cube 3818.59.62.5 (depth 3, 30 lits): UNSAT in 0.05s
    cube 3818.59.62.6 (depth 3, 30 lits): UNSAT in 0.55s
    cube 3818.59.62.7 (depth 3, 30 lits): UNSAT in 0.04s
    cube 3818.59.62.8 (depth 3, 30 lits): UNSAT in 0.10s
    cube 3818.59.62.9 (depth 3, 30 lits): UNSAT in 0.10s
    cube 3818.59.62.10 (depth 3, 30 lits): UNSAT in 0.17s
    cube 3818.59.62.11 (depth 3, 30 lits): UNSAT in 0.21s
    cube 3818.59.62.12 (depth 3, 30 lits): UNSAT in 0.44s
    cube 3818.59.62.13 (depth 3, 30 lits): UNSAT in 0.12s
    cube 3818.59.62.14 (depth 3, 30 lits): UNSAT in 3.46s
    cube 3818.59.62.15 (depth 3, 30 lits): UNSAT in 0.02s
    cube 3818.59.62.16 (depth 3, 30 lits): UNSAT in 0.04s
    cube 3818.59.62.17 (depth 3, 30 lits): UNSAT in 0.02s
    cube 3818.59.62.18 (depth 3, 30 lits): UNSAT in 0.08s
    cube 3818.59.62.19 (depth 3, 30 lits): UNSAT in 0.01s
    cube 3818.59.62.20 (depth 3, 30 lits): UNSAT in 0.03s
    cube 3818.59.62.21 (depth 3, 30 lits): UNSAT in 0.09s
    cube 3818.59.62.22 (depth 3, 30 lits): UNSAT in 0.86s
    cube 3818.59.62.23 (depth 3, 30 lits): UNSAT in 0.09s
    cube 3818.59.62.24 (depth 3, 30 lits): UNSAT in 0.18s
    cube 3818.59.62.25 (depth 3, 30 lits): UNSAT in 0.11s
    cube 3818.59.62.26 (depth 3, 30 lits): UNSAT in 0.61s
    cube 3818.59.62.27 (depth 3, 30 lits): UNSAT in 0.17s
    cube 3818.59.62.28 (depth 3, 30 lits): UNSAT in 2.58s
    cube 3818.59.62.29 (depth 3, 30 lits): UNSAT in 3.61s
    cube 3818.59.62.30 (depth 3, 30 lits): UNSAT in 20.31s
    cube 3818.59.62.31 (depth 3, 30 lits): UNSAT in 0.04s
    cube 3818.59.62.32 (depth 3, 30 lits): UNSAT in 0.16s
    cube 3818.59.62.33 (depth 3, 30 lits): UNSAT in 0.37s
    cube 3818.59.62.34 (depth 3, 30 lits): UNSAT in 0.65s
    cube 3818.59.62.35 (depth 3, 30 lits): UNSAT in 0.12s
    cube 3818.59.62.36 (depth 3, 30 lits): UNSAT in 0.46s
    cube 3818.59.62.37 (depth 3, 30 lits): UNSAT in 0.54s
    cube 3818.59.62.38 (depth 3, 30 lits): UNSAT in 2.96s
    cube 3818.59.62.39 (depth 3, 30 lits): UNSAT in 0.02s
    cube 3818.59.62.40 (depth 3, 30 lits): UNSAT in 0.05s
    cube 3818.59.62.41 (depth 3, 30 lits): UNSAT in 0.13s
    cube 3818.59.62.42 (depth 3, 30 lits): UNSAT in 1.15s
    cube 3818.59.62.43 (depth 3, 30 lits): UNSAT in 0.14s
    cube 3818.59.62.44 (depth 3, 30 lits): UNSAT in 1.64s
    cube 3818.59.62.45 (depth 3, 30 lits): UNSAT in 0.68s
    cube 3818.59.62.46 (depth 3, 30 lits): UNSAT in 45.96s
    cube 3818.59.62.47 (depth 3, 30 lits): UNSAT in 0.26s
    cube 3818.59.62.48 (depth 3, 30 lits): UNSAT in 0.72s
    cube 3818.59.62.49 (depth 3, 30 lits): UNSAT in 0.77s
    cube 3818.59.62.50 (depth 3, 30 lits): UNSAT in 2.44s
    cube 3818.59.62.51 (depth 3, 30 lits): UNSAT in 0.13s
    cube 3818.59.62.52 (depth 3, 30 lits): UNSAT in 0.79s
    cube 3818.59.62.53 (depth 3, 30 lits): UNSAT in 0.60s
    cube 3818.59.62.54 (depth 3, 30 lits): UNSAT in 14.75s
    cube 3818.59.62.55 (depth 3, 30 lits): UNSAT in 0.71s
    cube 3818.59.62.56 (depth 3, 30 lits): UNSAT in 1.78s
    cube 3818.59.62.57 (depth 3, 30 lits): UNSAT in 1.68s
    cube 3818.59.62.58 (depth 3, 30 lits): UNSAT in 7.26s
    cube 3818.59.62.59 (depth 3, 30 lits): UNSAT in 1.32s
    cube 3818.59.62.60 (depth 3, 30 lits): UNSAT in 6.72s
    cube 3818.59.62.61 (depth 3, 30 lits): UNSAT in 9.04s
    cube 3818.59.62.62 (depth 3, 30 lits): UNSAT in 35.06s
    cube 3818.60 (depth 1, 18 lits): TIMEOUT in 60.06s
    cube 3818.60 TIMEOUT -> re-split into 61 sub-cubes (depth 2)
    cube 3818.60.0 (depth 2, 23 lits): UNSAT in 0.02s
    cube 3818.60.1 (depth 2, 24 lits): UNSAT in 0.01s
    cube 3818.60.2 (depth 2, 24 lits): UNSAT in 0.02s
    cube 3818.60.3 (depth 2, 24 lits): UNSAT in 0.01s
    cube 3818.60.4 (depth 2, 24 lits): UNSAT in 0.01s
    cube 3818.60.5 (depth 2, 24 lits): UNSAT in 0.01s
    cube 3818.60.6 (depth 2, 24 lits): UNSAT in 0.03s
    cube 3818.60.7 (depth 2, 23 lits): UNSAT in 0.01s
    cube 3818.60.8 (depth 2, 24 lits): UNSAT in 0.02s
    cube 3818.60.9 (depth 2, 24 lits): UNSAT in 0.03s
    cube 3818.60.10 (depth 2, 24 lits): UNSAT in 0.02s
    cube 3818.60.11 (depth 2, 24 lits): UNSAT in 0.05s
    cube 3818.60.12 (depth 2, 24 lits): UNSAT in 0.03s
    cube 3818.60.13 (depth 2, 24 lits): UNSAT in 0.08s
    cube 3818.60.14 (depth 2, 23 lits): UNSAT in 0.01s
    cube 3818.60.15 (depth 2, 24 lits): UNSAT in 0.01s
    cube 3818.60.16 (depth 2, 24 lits): UNSAT in 0.02s
    cube 3818.60.17 (depth 2, 24 lits): UNSAT in 0.01s
    cube 3818.60.18 (depth 2, 24 lits): UNSAT in 0.03s
    cube 3818.60.19 (depth 2, 24 lits): UNSAT in 0.04s
    cube 3818.60.20 (depth 2, 24 lits): UNSAT in 0.10s
    cube 3818.60.21 (depth 2, 24 lits): UNSAT in 0.02s
    cube 3818.60.22 (depth 2, 24 lits): UNSAT in 0.04s
    cube 3818.60.23 (depth 2, 24 lits): UNSAT in 0.02s
    cube 3818.60.24 (depth 2, 24 lits): UNSAT in 0.04s
    cube 3818.60.25 (depth 2, 24 lits): UNSAT in 0.05s
    cube 3818.60.26 (depth 2, 24 lits): UNSAT in 0.25s
    cube 3818.60.27 (depth 2, 24 lits): UNSAT in 0.24s
    cube 3818.60.28 (depth 2, 24 lits): UNSAT in 1.84s
    cube 3818.60.29 (depth 2, 24 lits): UNSAT in 0.02s
    cube 3818.60.30 (depth 2, 24 lits): UNSAT in 0.02s
    cube 3818.60.31 (depth 2, 24 lits): UNSAT in 0.01s
    cube 3818.60.32 (depth 2, 24 lits): UNSAT in 0.02s
    cube 3818.60.33 (depth 2, 24 lits): UNSAT in 0.01s
    cube 3818.60.34 (depth 2, 24 lits): UNSAT in 0.04s
    cube 3818.60.35 (depth 2, 24 lits): UNSAT in 0.08s
    cube 3818.60.36 (depth 2, 24 lits): UNSAT in 0.26s
    cube 3818.60.37 (depth 2, 24 lits): UNSAT in 0.07s
    cube 3818.60.38 (depth 2, 24 lits): UNSAT in 0.07s
    cube 3818.60.39 (depth 2, 24 lits): UNSAT in 0.05s
    cube 3818.60.40 (depth 2, 24 lits): UNSAT in 0.13s
    cube 3818.60.41 (depth 2, 24 lits): UNSAT in 0.03s
    cube 3818.60.42 (depth 2, 24 lits): UNSAT in 0.18s
    cube 3818.60.43 (depth 2, 24 lits): UNSAT in 0.24s
    cube 3818.60.44 (depth 2, 24 lits): UNSAT in 1.13s
    cube 3818.60.45 (depth 2, 24 lits): UNSAT in 0.02s
    cube 3818.60.46 (depth 2, 24 lits): UNSAT in 0.11s
    cube 3818.60.47 (depth 2, 24 lits): UNSAT in 0.05s
    cube 3818.60.48 (depth 2, 24 lits): UNSAT in 0.36s
    cube 3818.60.49 (depth 2, 24 lits): UNSAT in 0.07s
    cube 3818.60.50 (depth 2, 24 lits): UNSAT in 0.15s
    cube 3818.60.51 (depth 2, 24 lits): UNSAT in 1.02s
    cube 3818.60.52 (depth 2, 24 lits): UNSAT in 1.87s
    cube 3818.60.53 (depth 2, 24 lits): UNSAT in 0.07s
    cube 3818.60.54 (depth 2, 24 lits): UNSAT in 0.24s
    cube 3818.60.55 (depth 2, 24 lits): UNSAT in 0.21s
    cube 3818.60.56 (depth 2, 24 lits): UNSAT in 3.05s
    cube 3818.60.57 (depth 2, 24 lits): UNSAT in 0.39s
    cube 3818.60.58 (depth 2, 24 lits): UNSAT in 4.25s
    cube 3818.60.59 (depth 2, 24 lits): UNSAT in 2.59s
    cube 3818.60.60 (depth 2, 24 lits): UNSAT in 39.38s
    cube 3818.61 (depth 1, 18 lits): TIMEOUT in 60.06s
    cube 3818.61 TIMEOUT -> re-split into 64 sub-cubes (depth 2)
    cube 3818.61.0 (depth 2, 24 lits): UNSAT in 0.02s
    cube 3818.61.1 (depth 2, 24 lits): UNSAT in 0.06s
    cube 3818.61.2 (depth 2, 24 lits): UNSAT in 0.03s
    cube 3818.61.3 (depth 2, 24 lits): UNSAT in 0.14s
    cube 3818.61.4 (depth 2, 24 lits): UNSAT in 0.10s
    cube 3818.61.5 (depth 2, 24 lits): UNSAT in 0.20s
    cube 3818.61.6 (depth 2, 24 lits): UNSAT in 0.03s
    cube 3818.61.7 (depth 2, 24 lits): UNSAT in 0.28s
    cube 3818.61.8 (depth 2, 24 lits): UNSAT in 0.03s
    cube 3818.61.9 (depth 2, 24 lits): UNSAT in 0.07s
    cube 3818.61.10 (depth 2, 24 lits): UNSAT in 0.05s
    cube 3818.61.11 (depth 2, 24 lits): UNSAT in 0.17s
    cube 3818.61.12 (depth 2, 24 lits): UNSAT in 0.03s
    cube 3818.61.13 (depth 2, 24 lits): UNSAT in 0.44s
    cube 3818.61.14 (depth 2, 24 lits): UNSAT in 0.27s
    cube 3818.61.15 (depth 2, 24 lits): UNSAT in 0.87s
    cube 3818.61.16 (depth 2, 24 lits): UNSAT in 0.01s
    cube 3818.61.17 (depth 2, 24 lits): UNSAT in 0.03s
    cube 3818.61.18 (depth 2, 24 lits): UNSAT in 0.04s
    cube 3818.61.19 (depth 2, 24 lits): UNSAT in 0.20s
    cube 3818.61.20 (depth 2, 24 lits): UNSAT in 0.04s
    cube 3818.61.21 (depth 2, 24 lits): UNSAT in 0.09s
    cube 3818.61.22 (depth 2, 24 lits): UNSAT in 0.31s
    cube 3818.61.23 (depth 2, 24 lits): UNSAT in 1.29s
    cube 3818.61.24 (depth 2, 24 lits): UNSAT in 0.16s
    cube 3818.61.25 (depth 2, 24 lits): UNSAT in 0.47s
    cube 3818.61.26 (depth 2, 24 lits): UNSAT in 0.25s
    cube 3818.61.27 (depth 2, 24 lits): UNSAT in 1.99s
    cube 3818.61.28 (depth 2, 24 lits): UNSAT in 1.07s
    cube 3818.61.29 (depth 2, 24 lits): UNSAT in 4.03s
    cube 3818.61.30 (depth 2, 24 lits): UNSAT in 4.59s
    cube 3818.61.31 (depth 2, 24 lits): UNSAT in 28.90s
    cube 3818.61.32 (depth 2, 24 lits): UNSAT in 0.03s
    cube 3818.61.33 (depth 2, 24 lits): UNSAT in 0.06s
    cube 3818.61.34 (depth 2, 24 lits): UNSAT in 0.03s
    cube 3818.61.35 (depth 2, 24 lits): UNSAT in 0.19s
    cube 3818.61.36 (depth 2, 24 lits): UNSAT in 0.03s
    cube 3818.61.37 (depth 2, 24 lits): UNSAT in 0.28s
    cube 3818.61.38 (depth 2, 24 lits): UNSAT in 0.19s
    cube 3818.61.39 (depth 2, 24 lits): UNSAT in 0.35s
    cube 3818.61.40 (depth 2, 24 lits): UNSAT in 0.12s
    cube 3818.61.41 (depth 2, 24 lits): UNSAT in 0.09s
    cube 3818.61.42 (depth 2, 24 lits): UNSAT in 0.06s
    cube 3818.61.43 (depth 2, 24 lits): UNSAT in 0.24s
    cube 3818.61.44 (depth 2, 24 lits): UNSAT in 0.36s
    cube 3818.61.45 (depth 2, 24 lits): UNSAT in 1.08s
    cube 3818.61.46 (depth 2, 24 lits): UNSAT in 1.86s
    cube 3818.61.47 (depth 2, 24 lits): UNSAT in 17.76s
    cube 3818.61.48 (depth 2, 24 lits): UNSAT in 0.14s
    cube 3818.61.49 (depth 2, 24 lits): UNSAT in 0.44s
    cube 3818.61.50 (depth 2, 24 lits): UNSAT in 0.20s
    cube 3818.61.51 (depth 2, 24 lits): UNSAT in 1.10s
    cube 3818.61.52 (depth 2, 24 lits): UNSAT in 0.34s
    cube 3818.61.53 (depth 2, 24 lits): UNSAT in 0.75s
    cube 3818.61.54 (depth 2, 24 lits): UNSAT in 2.42s
    cube 3818.61.55 (depth 2, 24 lits): UNSAT in 17.32s
    cube 3818.61.56 (depth 2, 24 lits): UNSAT in 0.35s
    cube 3818.61.57 (depth 2, 24 lits): UNSAT in 1.10s
    cube 3818.61.58 (depth 2, 24 lits): UNSAT in 0.81s
    cube 3818.61.59 (depth 2, 24 lits): UNSAT in 31.16s
    cube 3818.61.60 (depth 2, 24 lits): UNSAT in 2.61s
    cube 3818.61.61 (depth 2, 24 lits): TIMEOUT in 60.03s
    cube 3818.61.61 TIMEOUT -> re-split into 60 sub-cubes (depth 3)
    cube 3818.61.61.0 (depth 3, 30 lits): UNSAT in 0.01s
    cube 3818.61.61.1 (depth 3, 30 lits): UNSAT in 0.03s
    cube 3818.61.61.2 (depth 3, 30 lits): UNSAT in 0.02s
    cube 3818.61.61.3 (depth 3, 30 lits): UNSAT in 0.02s
    cube 3818.61.61.4 (depth 3, 30 lits): UNSAT in 0.02s
    cube 3818.61.61.5 (depth 3, 30 lits): UNSAT in 0.02s
    cube 3818.61.61.6 (depth 3, 30 lits): UNSAT in 0.02s
    cube 3818.61.61.7 (depth 3, 30 lits): UNSAT in 0.03s
    cube 3818.61.61.8 (depth 3, 29 lits): UNSAT in 0.01s
    cube 3818.61.61.9 (depth 3, 30 lits): UNSAT in 0.01s
    cube 3818.61.61.10 (depth 3, 30 lits): UNSAT in 0.02s
    cube 3818.61.61.11 (depth 3, 30 lits): UNSAT in 0.02s
    cube 3818.61.61.12 (depth 3, 30 lits): UNSAT in 0.04s
    cube 3818.61.61.13 (depth 3, 30 lits): UNSAT in 0.04s
    cube 3818.61.61.14 (depth 3, 30 lits): UNSAT in 0.10s
    cube 3818.61.61.15 (depth 3, 28 lits): UNSAT in 0.01s
    cube 3818.61.61.16 (depth 3, 30 lits): UNSAT in 0.01s
    cube 3818.61.61.17 (depth 3, 30 lits): UNSAT in 0.01s
    cube 3818.61.61.18 (depth 3, 30 lits): UNSAT in 0.03s
    cube 3818.61.61.19 (depth 3, 30 lits): UNSAT in 0.03s
    cube 3818.61.61.20 (depth 3, 30 lits): UNSAT in 0.02s
    cube 3818.61.61.21 (depth 3, 30 lits): UNSAT in 0.03s
    cube 3818.61.61.22 (depth 3, 30 lits): UNSAT in 0.03s
    cube 3818.61.61.23 (depth 3, 30 lits): UNSAT in 0.18s
    cube 3818.61.61.24 (depth 3, 30 lits): UNSAT in 0.04s
    cube 3818.61.61.25 (depth 3, 30 lits): UNSAT in 0.17s
    cube 3818.61.61.26 (depth 3, 30 lits): UNSAT in 0.13s
    cube 3818.61.61.27 (depth 3, 30 lits): UNSAT in 0.50s
    cube 3818.61.61.28 (depth 3, 30 lits): UNSAT in 0.03s
    cube 3818.61.61.29 (depth 3, 30 lits): UNSAT in 0.07s
    cube 3818.61.61.30 (depth 3, 30 lits): UNSAT in 0.03s
    cube 3818.61.61.31 (depth 3, 30 lits): UNSAT in 0.10s
    cube 3818.61.61.32 (depth 3, 30 lits): UNSAT in 0.02s
    cube 3818.61.61.33 (depth 3, 30 lits): UNSAT in 0.13s
    cube 3818.61.61.34 (depth 3, 30 lits): UNSAT in 0.06s
    cube 3818.61.61.35 (depth 3, 30 lits): UNSAT in 0.46s
    cube 3818.61.61.36 (depth 3, 30 lits): UNSAT in 0.17s
    cube 3818.61.61.37 (depth 3, 30 lits): UNSAT in 0.32s
    cube 3818.61.61.38 (depth 3, 30 lits): UNSAT in 0.29s
    cube 3818.61.61.39 (depth 3, 30 lits): UNSAT in 0.90s
    cube 3818.61.61.40 (depth 3, 30 lits): UNSAT in 0.05s
    cube 3818.61.61.41 (depth 3, 30 lits): UNSAT in 0.13s
    cube 3818.61.61.42 (depth 3, 30 lits): UNSAT in 0.59s
    cube 3818.61.61.43 (depth 3, 30 lits): UNSAT in 1.16s
    cube 3818.61.61.44 (depth 3, 30 lits): UNSAT in 0.01s
    cube 3818.61.61.45 (depth 3, 30 lits): UNSAT in 0.06s
    cube 3818.61.61.46 (depth 3, 30 lits): UNSAT in 0.12s
    cube 3818.61.61.47 (depth 3, 30 lits): UNSAT in 0.23s
    cube 3818.61.61.48 (depth 3, 30 lits): UNSAT in 0.04s
    cube 3818.61.61.49 (depth 3, 30 lits): UNSAT in 0.16s
    cube 3818.61.61.50 (depth 3, 30 lits): UNSAT in 0.50s
    cube 3818.61.61.51 (depth 3, 30 lits): UNSAT in 3.88s
    cube 3818.61.61.52 (depth 3, 30 lits): UNSAT in 0.07s
    cube 3818.61.61.53 (depth 3, 30 lits): UNSAT in 0.32s
    cube 3818.61.61.54 (depth 3, 30 lits): UNSAT in 1.34s
    cube 3818.61.61.55 (depth 3, 30 lits): UNSAT in 4.68s
    cube 3818.61.61.56 (depth 3, 30 lits): UNSAT in 1.22s
    cube 3818.61.61.57 (depth 3, 30 lits): UNSAT in 7.29s
    cube 3818.61.61.58 (depth 3, 30 lits): UNSAT in 16.09s
    cube 3818.61.61.59 (depth 3, 30 lits): UNSAT in 34.91s
    cube 3818.61.62 (depth 2, 24 lits): UNSAT in 38.56s
    cube 3818.61.63 (depth 2, 24 lits): TIMEOUT in 60.04s
    cube 3818.61.63 TIMEOUT -> re-split into 64 sub-cubes (depth 3)
    cube 3818.61.63.0 (depth 3, 30 lits): UNSAT in 0.01s
    cube 3818.61.63.1 (depth 3, 30 lits): UNSAT in 0.02s
    cube 3818.61.63.2 (depth 3, 30 lits): UNSAT in 0.01s
    cube 3818.61.63.3 (depth 3, 30 lits): UNSAT in 0.03s
    cube 3818.61.63.4 (depth 3, 30 lits): UNSAT in 0.02s
    cube 3818.61.63.5 (depth 3, 30 lits): UNSAT in 0.03s
    cube 3818.61.63.6 (depth 3, 30 lits): UNSAT in 0.02s
    cube 3818.61.63.7 (depth 3, 30 lits): UNSAT in 0.17s
    cube 3818.61.63.8 (depth 3, 30 lits): UNSAT in 0.01s
    cube 3818.61.63.9 (depth 3, 30 lits): UNSAT in 0.01s
    cube 3818.61.63.10 (depth 3, 30 lits): UNSAT in 0.06s
    cube 3818.61.63.11 (depth 3, 30 lits): UNSAT in 0.21s
    cube 3818.61.63.12 (depth 3, 30 lits): UNSAT in 0.03s
    cube 3818.61.63.13 (depth 3, 30 lits): UNSAT in 0.26s
    cube 3818.61.63.14 (depth 3, 30 lits): UNSAT in 0.09s
    cube 3818.61.63.15 (depth 3, 30 lits): UNSAT in 0.47s
    cube 3818.61.63.16 (depth 3, 30 lits): UNSAT in 0.02s
    cube 3818.61.63.17 (depth 3, 30 lits): UNSAT in 0.03s
    cube 3818.61.63.18 (depth 3, 30 lits): UNSAT in 0.02s
    cube 3818.61.63.19 (depth 3, 30 lits): UNSAT in 0.08s
    cube 3818.61.63.20 (depth 3, 30 lits): UNSAT in 0.03s
    cube 3818.61.63.21 (depth 3, 30 lits): UNSAT in 0.11s
    cube 3818.61.63.22 (depth 3, 30 lits): UNSAT in 0.11s
    cube 3818.61.63.23 (depth 3, 30 lits): UNSAT in 0.40s
    cube 3818.61.63.24 (depth 3, 30 lits): UNSAT in 0.05s
    cube 3818.61.63.25 (depth 3, 30 lits): UNSAT in 0.18s
    cube 3818.61.63.26 (depth 3, 30 lits): UNSAT in 0.16s
    cube 3818.61.63.27 (depth 3, 30 lits): UNSAT in 2.88s
    cube 3818.61.63.28 (depth 3, 30 lits): UNSAT in 0.16s
    cube 3818.61.63.29 (depth 3, 30 lits): UNSAT in 3.12s
    cube 3818.61.63.30 (depth 3, 30 lits): UNSAT in 4.14s
    cube 3818.61.63.31 (depth 3, 30 lits): UNSAT in 27.41s
    cube 3818.61.63.32 (depth 3, 30 lits): UNSAT in 0.02s
    cube 3818.61.63.33 (depth 3, 30 lits): UNSAT in 0.02s
    cube 3818.61.63.34 (depth 3, 30 lits): UNSAT in 0.05s
    cube 3818.61.63.35 (depth 3, 30 lits): UNSAT in 0.08s
    cube 3818.61.63.36 (depth 3, 30 lits): UNSAT in 0.04s
    cube 3818.61.63.37 (depth 3, 30 lits): UNSAT in 0.30s
    cube 3818.61.63.38 (depth 3, 30 lits): UNSAT in 0.13s
    cube 3818.61.63.39 (depth 3, 30 lits): UNSAT in 0.92s
    cube 3818.61.63.40 (depth 3, 30 lits): UNSAT in 0.01s
    cube 3818.61.63.41 (depth 3, 30 lits): UNSAT in 0.05s
    cube 3818.61.63.42 (depth 3, 30 lits): UNSAT in 0.07s
    cube 3818.61.63.43 (depth 3, 30 lits): UNSAT in 1.04s
    cube 3818.61.63.44 (depth 3, 30 lits): UNSAT in 0.29s
    cube 3818.61.63.45 (depth 3, 30 lits): UNSAT in 5.42s
    cube 3818.61.63.46 (depth 3, 30 lits): UNSAT in 4.23s
    cube 3818.61.63.47 (depth 3, 30 lits): UNSAT in 42.26s
    cube 3818.61.63.48 (depth 3, 30 lits): UNSAT in 0.02s
    cube 3818.61.63.49 (depth 3, 30 lits): UNSAT in 0.08s
    cube 3818.61.63.50 (depth 3, 30 lits): UNSAT in 0.11s
    cube 3818.61.63.51 (depth 3, 30 lits): UNSAT in 0.32s
    cube 3818.61.63.52 (depth 3, 30 lits): UNSAT in 0.17s
    cube 3818.61.63.53 (depth 3, 30 lits): UNSAT in 0.26s
    cube 3818.61.63.54 (depth 3, 30 lits): UNSAT in 0.25s
    cube 3818.61.63.55 (depth 3, 30 lits): UNSAT in 2.07s
    cube 3818.61.63.56 (depth 3, 30 lits): UNSAT in 0.07s
    cube 3818.61.63.57 (depth 3, 30 lits): UNSAT in 0.39s
    cube 3818.61.63.58 (depth 3, 30 lits): UNSAT in 0.12s
    cube 3818.61.63.59 (depth 3, 30 lits): UNSAT in 1.00s
    cube 3818.61.63.60 (depth 3, 30 lits): UNSAT in 0.51s
    cube 3818.61.63.61 (depth 3, 30 lits): UNSAT in 8.03s
    cube 3818.61.63.62 (depth 3, 30 lits): UNSAT in 6.73s
    cube 3818.61.63.63 (depth 3, 30 lits): TIMEOUT in 60.06s
    cube 3818.62 (depth 1, 18 lits): TIMEOUT in 60.01s
    cube 3818.62 TIMEOUT -> re-split into 64 sub-cubes (depth 2)
    cube 3818.62.0 (depth 2, 24 lits): UNSAT in 0.06s
    cube 3818.62.1 (depth 2, 24 lits): UNSAT in 0.05s
    cube 3818.62.2 (depth 2, 24 lits): UNSAT in 0.05s
    cube 3818.62.3 (depth 2, 24 lits): UNSAT in 0.05s
    cube 3818.62.4 (depth 2, 24 lits): UNSAT in 0.03s
    cube 3818.62.5 (depth 2, 24 lits): UNSAT in 0.03s
    cube 3818.62.6 (depth 2, 24 lits): UNSAT in 0.07s
    cube 3818.62.7 (depth 2, 24 lits): UNSAT in 0.16s
    cube 3818.62.8 (depth 2, 24 lits): UNSAT in 0.01s
    cube 3818.62.9 (depth 2, 24 lits): UNSAT in 0.04s
    cube 3818.62.10 (depth 2, 24 lits): UNSAT in 0.03s
    cube 3818.62.11 (depth 2, 24 lits): UNSAT in 0.12s
    cube 3818.62.12 (depth 2, 24 lits): UNSAT in 0.02s
    cube 3818.62.13 (depth 2, 24 lits): UNSAT in 0.09s
    cube 3818.62.14 (depth 2, 24 lits): UNSAT in 0.07s
    cube 3818.62.15 (depth 2, 24 lits): UNSAT in 0.45s
    cube 3818.62.16 (depth 2, 24 lits): UNSAT in 0.02s
    cube 3818.62.17 (depth 2, 24 lits): UNSAT in 0.13s
    cube 3818.62.18 (depth 2, 24 lits): UNSAT in 0.15s
    cube 3818.62.19 (depth 2, 24 lits): UNSAT in 0.13s
    cube 3818.62.20 (depth 2, 24 lits): UNSAT in 0.10s
    cube 3818.62.21 (depth 2, 24 lits): UNSAT in 0.18s
    cube 3818.62.22 (depth 2, 24 lits): UNSAT in 0.21s
    cube 3818.62.23 (depth 2, 24 lits): UNSAT in 1.32s
    cube 3818.62.24 (depth 2, 24 lits): UNSAT in 0.02s
    cube 3818.62.25 (depth 2, 24 lits): UNSAT in 0.04s
    cube 3818.62.26 (depth 2, 24 lits): UNSAT in 0.19s
    cube 3818.62.27 (depth 2, 24 lits): UNSAT in 0.53s
    cube 3818.62.28 (depth 2, 24 lits): UNSAT in 0.08s
    cube 3818.62.29 (depth 2, 24 lits): UNSAT in 0.85s
    cube 3818.62.30 (depth 2, 24 lits): UNSAT in 0.74s
    cube 3818.62.31 (depth 2, 24 lits): UNSAT in 17.53s
    cube 3818.62.32 (depth 2, 24 lits): UNSAT in 0.04s
    cube 3818.62.33 (depth 2, 24 lits): UNSAT in 0.04s
    cube 3818.62.34 (depth 2, 24 lits): UNSAT in 0.02s
    cube 3818.62.35 (depth 2, 24 lits): UNSAT in 0.10s
    cube 3818.62.36 (depth 2, 24 lits): UNSAT in 0.06s
    cube 3818.62.37 (depth 2, 24 lits): UNSAT in 0.17s
    cube 3818.62.38 (depth 2, 24 lits): UNSAT in 0.03s
    cube 3818.62.39 (depth 2, 24 lits): UNSAT in 0.11s
    cube 3818.62.40 (depth 2, 24 lits): UNSAT in 0.02s
    cube 3818.62.41 (depth 2, 24 lits): UNSAT in 0.03s
    cube 3818.62.42 (depth 2, 24 lits): UNSAT in 0.03s
    cube 3818.62.43 (depth 2, 24 lits): UNSAT in 0.02s
    cube 3818.62.44 (depth 2, 24 lits): UNSAT in 0.09s
    cube 3818.62.45 (depth 2, 24 lits): UNSAT in 0.17s
    cube 3818.62.46 (depth 2, 24 lits): UNSAT in 0.26s
    cube 3818.62.47 (depth 2, 24 lits): UNSAT in 0.97s
    cube 3818.62.48 (depth 2, 24 lits): UNSAT in 0.06s
    cube 3818.62.49 (depth 2, 24 lits): UNSAT in 0.13s
    cube 3818.62.50 (depth 2, 24 lits): UNSAT in 0.11s
    cube 3818.62.51 (depth 2, 24 lits): UNSAT in 0.23s
    cube 3818.62.52 (depth 2, 24 lits): UNSAT in 0.07s
    cube 3818.62.53 (depth 2, 24 lits): UNSAT in 0.86s
    cube 3818.62.54 (depth 2, 24 lits): UNSAT in 0.53s
    cube 3818.62.55 (depth 2, 24 lits): UNSAT in 6.92s
    cube 3818.62.56 (depth 2, 24 lits): UNSAT in 0.11s
    cube 3818.62.57 (depth 2, 24 lits): UNSAT in 0.11s
    cube 3818.62.58 (depth 2, 24 lits): UNSAT in 0.55s
    cube 3818.62.59 (depth 2, 24 lits): UNSAT in 3.83s
    cube 3818.62.60 (depth 2, 24 lits): UNSAT in 0.58s
    cube 3818.62.61 (depth 2, 24 lits): UNSAT in 5.77s
    cube 3818.62.62 (depth 2, 24 lits): UNSAT in 4.75s
    cube 3818.62.63 (depth 2, 24 lits): TIMEOUT in 60.06s
    cube 3818.62.63 TIMEOUT -> re-split into 64 sub-cubes (depth 3)
    cube 3818.62.63.0 (depth 3, 30 lits): UNSAT in 0.01s
    cube 3818.62.63.1 (depth 3, 30 lits): UNSAT in 0.02s
    cube 3818.62.63.2 (depth 3, 30 lits): UNSAT in 0.01s
    cube 3818.62.63.3 (depth 3, 30 lits): UNSAT in 0.07s
    cube 3818.62.63.4 (depth 3, 30 lits): UNSAT in 0.05s
    cube 3818.62.63.5 (depth 3, 30 lits): UNSAT in 0.05s
    cube 3818.62.63.6 (depth 3, 30 lits): UNSAT in 0.05s
    cube 3818.62.63.7 (depth 3, 30 lits): UNSAT in 0.39s
    cube 3818.62.63.8 (depth 3, 30 lits): UNSAT in 0.04s
    cube 3818.62.63.9 (depth 3, 30 lits): UNSAT in 0.11s
    cube 3818.62.63.10 (depth 3, 30 lits): UNSAT in 0.03s
    cube 3818.62.63.11 (depth 3, 30 lits): UNSAT in 0.33s
    cube 3818.62.63.12 (depth 3, 30 lits): UNSAT in 0.05s
    cube 3818.62.63.13 (depth 3, 30 lits): UNSAT in 0.10s
    cube 3818.62.63.14 (depth 3, 30 lits): UNSAT in 0.07s
    cube 3818.62.63.15 (depth 3, 30 lits): UNSAT in 0.44s
    cube 3818.62.63.16 (depth 3, 30 lits): UNSAT in 0.02s
    cube 3818.62.63.17 (depth 3, 30 lits): UNSAT in 0.06s
    cube 3818.62.63.18 (depth 3, 30 lits): UNSAT in 0.04s
    cube 3818.62.63.19 (depth 3, 30 lits): UNSAT in 0.07s
    cube 3818.62.63.20 (depth 3, 30 lits): UNSAT in 0.04s
    cube 3818.62.63.21 (depth 3, 30 lits): UNSAT in 0.06s
    cube 3818.62.63.22 (depth 3, 30 lits): UNSAT in 0.14s
    cube 3818.62.63.23 (depth 3, 30 lits): UNSAT in 0.69s
    cube 3818.62.63.24 (depth 3, 30 lits): UNSAT in 0.02s
    cube 3818.62.63.25 (depth 3, 30 lits): UNSAT in 0.05s
    cube 3818.62.63.26 (depth 3, 30 lits): UNSAT in 0.03s
    cube 3818.62.63.27 (depth 3, 30 lits): UNSAT in 0.12s
    cube 3818.62.63.28 (depth 3, 30 lits): UNSAT in 0.09s
    cube 3818.62.63.29 (depth 3, 30 lits): UNSAT in 0.44s
    cube 3818.62.63.30 (depth 3, 30 lits): UNSAT in 0.88s
    cube 3818.62.63.31 (depth 3, 30 lits): UNSAT in 8.17s
    cube 3818.62.63.32 (depth 3, 30 lits): UNSAT in 0.02s
    cube 3818.62.63.33 (depth 3, 30 lits): UNSAT in 0.04s
    cube 3818.62.63.34 (depth 3, 30 lits): UNSAT in 0.03s
    cube 3818.62.63.35 (depth 3, 30 lits): UNSAT in 0.32s
    cube 3818.62.63.36 (depth 3, 30 lits): UNSAT in 0.15s
    cube 3818.62.63.37 (depth 3, 30 lits): UNSAT in 0.72s
    cube 3818.62.63.38 (depth 3, 30 lits): UNSAT in 0.17s
    cube 3818.62.63.39 (depth 3, 30 lits): UNSAT in 0.33s
    cube 3818.62.63.40 (depth 3, 30 lits): UNSAT in 0.06s
    cube 3818.62.63.41 (depth 3, 30 lits): UNSAT in 0.13s
    cube 3818.62.63.42 (depth 3, 30 lits): UNSAT in 0.20s
    cube 3818.62.63.43 (depth 3, 30 lits): UNSAT in 0.67s
    cube 3818.62.63.44 (depth 3, 30 lits): UNSAT in 0.09s
    cube 3818.62.63.45 (depth 3, 30 lits): UNSAT in 0.23s
    cube 3818.62.63.46 (depth 3, 30 lits): UNSAT in 0.63s
    cube 3818.62.63.47 (depth 3, 30 lits): UNSAT in 8.47s
    cube 3818.62.63.48 (depth 3, 30 lits): UNSAT in 0.19s
    cube 3818.62.63.49 (depth 3, 30 lits): UNSAT in 0.29s
    cube 3818.62.63.50 (depth 3, 30 lits): UNSAT in 0.47s
    cube 3818.62.63.51 (depth 3, 30 lits): UNSAT in 2.94s
    cube 3818.62.63.52 (depth 3, 30 lits): UNSAT in 0.18s
    cube 3818.62.63.53 (depth 3, 30 lits): UNSAT in 0.22s
    cube 3818.62.63.54 (depth 3, 30 lits): UNSAT in 2.69s
    cube 3818.62.63.55 (depth 3, 30 lits): UNSAT in 11.82s
    cube 3818.62.63.56 (depth 3, 30 lits): UNSAT in 0.23s
    cube 3818.62.63.57 (depth 3, 30 lits): UNSAT in 0.31s
    cube 3818.62.63.58 (depth 3, 30 lits): UNSAT in 1.76s
    cube 3818.62.63.59 (depth 3, 30 lits): UNSAT in 23.91s
    cube 3818.62.63.60 (depth 3, 30 lits): UNSAT in 0.35s
    cube 3818.62.63.61 (depth 3, 30 lits): UNSAT in 0.41s
    cube 3818.62.63.62 (depth 3, 30 lits): UNSAT in 5.60s
    cube 3818.62.63.63 (depth 3, 30 lits): UNSAT in 33.74s
    cube 3818.63 (depth 1, 18 lits): TIMEOUT in 60.06s
    cube 3818.63 TIMEOUT -> re-split into 64 sub-cubes (depth 2)
    cube 3818.63.0 (depth 2, 24 lits): UNSAT in 0.04s
    cube 3818.63.1 (depth 2, 24 lits): UNSAT in 0.06s
    cube 3818.63.2 (depth 2, 24 lits): UNSAT in 0.05s
    cube 3818.63.3 (depth 2, 24 lits): UNSAT in 0.32s
    cube 3818.63.4 (depth 2, 24 lits): UNSAT in 0.04s
    cube 3818.63.5 (depth 2, 24 lits): UNSAT in 0.26s
    cube 3818.63.6 (depth 2, 24 lits): UNSAT in 0.11s
    cube 3818.63.7 (depth 2, 24 lits): UNSAT in 2.86s
    cube 3818.63.8 (depth 2, 24 lits): UNSAT in 0.11s
    cube 3818.63.9 (depth 2, 24 lits): UNSAT in 0.26s
    cube 3818.63.10 (depth 2, 24 lits): UNSAT in 0.77s
    cube 3818.63.11 (depth 2, 24 lits): UNSAT in 4.68s
    cube 3818.63.12 (depth 2, 24 lits): UNSAT in 0.25s
    cube 3818.63.13 (depth 2, 24 lits): UNSAT in 1.45s
    cube 3818.63.14 (depth 2, 24 lits): UNSAT in 1.78s
    cube 3818.63.15 (depth 2, 24 lits): UNSAT in 20.98s
    cube 3818.63.16 (depth 2, 24 lits): UNSAT in 0.05s
    cube 3818.63.17 (depth 2, 24 lits): UNSAT in 0.19s
    cube 3818.63.18 (depth 2, 24 lits): UNSAT in 0.04s
    cube 3818.63.19 (depth 2, 24 lits): UNSAT in 0.19s
    cube 3818.63.20 (depth 2, 24 lits): UNSAT in 0.33s
    cube 3818.63.21 (depth 2, 24 lits): UNSAT in 0.43s
    cube 3818.63.22 (depth 2, 24 lits): UNSAT in 0.79s
    cube 3818.63.23 (depth 2, 24 lits): UNSAT in 7.52s
    cube 3818.63.24 (depth 2, 24 lits): UNSAT in 0.08s
    cube 3818.63.25 (depth 2, 24 lits): UNSAT in 0.60s
    cube 3818.63.26 (depth 2, 24 lits): UNSAT in 0.31s
    cube 3818.63.27 (depth 2, 24 lits): UNSAT in 6.71s
    cube 3818.63.28 (depth 2, 24 lits): UNSAT in 0.49s
    cube 3818.63.29 (depth 2, 24 lits): UNSAT in 8.06s
    cube 3818.63.30 (depth 2, 24 lits): UNSAT in 17.22s
    cube 3818.63.31 (depth 2, 24 lits): TIMEOUT in 60.06s
    cube 3818.63.31 TIMEOUT -> re-split into 63 sub-cubes (depth 3)
    cube 3818.63.31.0 (depth 3, 30 lits): UNSAT in 0.02s
    cube 3818.63.31.1 (depth 3, 30 lits): UNSAT in 0.02s
    cube 3818.63.31.2 (depth 3, 30 lits): UNSAT in 0.01s
    cube 3818.63.31.3 (depth 3, 30 lits): UNSAT in 0.03s
    cube 3818.63.31.4 (depth 3, 30 lits): UNSAT in 0.02s
    cube 3818.63.31.5 (depth 3, 30 lits): UNSAT in 0.02s
    cube 3818.63.31.6 (depth 3, 30 lits): UNSAT in 0.02s
    cube 3818.63.31.7 (depth 3, 30 lits): UNSAT in 0.05s
    cube 3818.63.31.8 (depth 3, 30 lits): UNSAT in 0.03s
    cube 3818.63.31.9 (depth 3, 30 lits): UNSAT in 0.06s
    cube 3818.63.31.10 (depth 3, 30 lits): UNSAT in 0.03s
    cube 3818.63.31.11 (depth 3, 30 lits): UNSAT in 0.07s
    cube 3818.63.31.12 (depth 3, 30 lits): UNSAT in 0.05s
    cube 3818.63.31.13 (depth 3, 30 lits): UNSAT in 0.09s
    cube 3818.63.31.14 (depth 3, 30 lits): UNSAT in 0.11s
    cube 3818.63.31.15 (depth 3, 30 lits): UNSAT in 0.88s
    cube 3818.63.31.16 (depth 3, 30 lits): UNSAT in 0.05s
    cube 3818.63.31.17 (depth 3, 30 lits): UNSAT in 0.05s
    cube 3818.63.31.18 (depth 3, 30 lits): UNSAT in 0.06s
    cube 3818.63.31.19 (depth 3, 30 lits): UNSAT in 0.35s
    cube 3818.63.31.20 (depth 3, 30 lits): UNSAT in 0.14s
    cube 3818.63.31.21 (depth 3, 30 lits): UNSAT in 0.29s
    cube 3818.63.31.22 (depth 3, 30 lits): UNSAT in 0.09s
    cube 3818.63.31.23 (depth 3, 30 lits): UNSAT in 0.97s
    cube 3818.63.31.24 (depth 3, 30 lits): UNSAT in 0.08s
    cube 3818.63.31.25 (depth 3, 30 lits): UNSAT in 0.06s
    cube 3818.63.31.26 (depth 3, 30 lits): UNSAT in 0.05s
    cube 3818.63.31.27 (depth 3, 30 lits): UNSAT in 0.79s
    cube 3818.63.31.28 (depth 3, 30 lits): UNSAT in 0.12s
    cube 3818.63.31.29 (depth 3, 30 lits): UNSAT in 0.29s
    cube 3818.63.31.30 (depth 3, 30 lits): UNSAT in 0.64s
    cube 3818.63.31.31 (depth 3, 30 lits): UNSAT in 2.59s
    cube 3818.63.31.32 (depth 3, 29 lits): UNSAT in 0.01s
    cube 3818.63.31.33 (depth 3, 30 lits): UNSAT in 0.02s
    cube 3818.63.31.34 (depth 3, 30 lits): UNSAT in 0.03s
    cube 3818.63.31.35 (depth 3, 30 lits): UNSAT in 0.02s
    cube 3818.63.31.36 (depth 3, 30 lits): UNSAT in 0.15s
    cube 3818.63.31.37 (depth 3, 30 lits): UNSAT in 0.13s
    cube 3818.63.31.38 (depth 3, 30 lits): UNSAT in 0.41s
    cube 3818.63.31.39 (depth 3, 30 lits): UNSAT in 0.03s
    cube 3818.63.31.40 (depth 3, 30 lits): UNSAT in 0.07s
    cube 3818.63.31.41 (depth 3, 30 lits): UNSAT in 0.29s
    cube 3818.63.31.42 (depth 3, 30 lits): UNSAT in 0.88s
    cube 3818.63.31.43 (depth 3, 30 lits): UNSAT in 0.15s
    cube 3818.63.31.44 (depth 3, 30 lits): UNSAT in 1.38s
    cube 3818.63.31.45 (depth 3, 30 lits): UNSAT in 1.69s
    cube 3818.63.31.46 (depth 3, 30 lits): UNSAT in 8.62s
    cube 3818.63.31.47 (depth 3, 30 lits): UNSAT in 0.22s
    cube 3818.63.31.48 (depth 3, 30 lits): UNSAT in 0.43s
    cube 3818.63.31.49 (depth 3, 30 lits): UNSAT in 0.51s
    cube 3818.63.31.50 (depth 3, 30 lits): UNSAT in 7.54s
    cube 3818.63.31.51 (depth 3, 30 lits): UNSAT in 0.37s
    cube 3818.63.31.52 (depth 3, 30 lits): UNSAT in 0.81s
    cube 3818.63.31.53 (depth 3, 30 lits): UNSAT in 1.09s
    cube 3818.63.31.54 (depth 3, 30 lits): UNSAT in 33.70s
    cube 3818.63.31.55 (depth 3, 30 lits): UNSAT in 0.12s
    cube 3818.63.31.56 (depth 3, 30 lits): UNSAT in 1.87s
    cube 3818.63.31.57 (depth 3, 30 lits): UNSAT in 5.44s
    cube 3818.63.31.58 (depth 3, 30 lits): UNSAT in 18.71s
    cube 3818.63.31.59 (depth 3, 30 lits): UNSAT in 1.90s
    cube 3818.63.31.60 (depth 3, 30 lits): UNSAT in 31.66s
    cube 3818.63.31.61 (depth 3, 30 lits): UNSAT in 2.55s
    cube 3818.63.31.62 (depth 3, 30 lits): UNSAT in 40.86s
    cube 3818.63.32 (depth 2, 24 lits): UNSAT in 0.07s
    cube 3818.63.33 (depth 2, 24 lits): UNSAT in 0.12s
    cube 3818.63.34 (depth 2, 24 lits): UNSAT in 0.61s
    cube 3818.63.35 (depth 2, 24 lits): UNSAT in 1.27s
    cube 3818.63.36 (depth 2, 24 lits): UNSAT in 1.66s
    cube 3818.63.37 (depth 2, 24 lits): UNSAT in 9.64s
    cube 3818.63.38 (depth 2, 24 lits): UNSAT in 3.99s
    cube 3818.63.39 (depth 2, 24 lits): TIMEOUT in 60.04s
    cube 3818.63.39 TIMEOUT -> re-split into 64 sub-cubes (depth 3)
    cube 3818.63.39.0 (depth 3, 30 lits): UNSAT in 0.02s
    cube 3818.63.39.1 (depth 3, 30 lits): UNSAT in 0.02s
    cube 3818.63.39.2 (depth 3, 30 lits): UNSAT in 0.02s
    cube 3818.63.39.3 (depth 3, 30 lits): UNSAT in 0.02s
    cube 3818.63.39.4 (depth 3, 30 lits): UNSAT in 0.02s
    cube 3818.63.39.5 (depth 3, 30 lits): UNSAT in 0.02s
    cube 3818.63.39.6 (depth 3, 30 lits): UNSAT in 0.02s
    cube 3818.63.39.7 (depth 3, 30 lits): UNSAT in 0.04s
    cube 3818.63.39.8 (depth 3, 30 lits): UNSAT in 0.02s
    cube 3818.63.39.9 (depth 3, 30 lits): UNSAT in 0.04s
    cube 3818.63.39.10 (depth 3, 30 lits): UNSAT in 0.02s
    cube 3818.63.39.11 (depth 3, 30 lits): UNSAT in 0.03s
    cube 3818.63.39.12 (depth 3, 30 lits): UNSAT in 0.03s
    cube 3818.63.39.13 (depth 3, 30 lits): UNSAT in 0.06s
    cube 3818.63.39.14 (depth 3, 30 lits): UNSAT in 0.05s
    cube 3818.63.39.15 (depth 3, 30 lits): UNSAT in 0.23s
    cube 3818.63.39.16 (depth 3, 30 lits): UNSAT in 0.03s
    cube 3818.63.39.17 (depth 3, 30 lits): UNSAT in 0.03s
    cube 3818.63.39.18 (depth 3, 30 lits): UNSAT in 0.07s
    cube 3818.63.39.19 (depth 3, 30 lits): UNSAT in 0.14s
    cube 3818.63.39.20 (depth 3, 30 lits): UNSAT in 0.03s
    cube 3818.63.39.21 (depth 3, 30 lits): UNSAT in 0.08s
    cube 3818.63.39.22 (depth 3, 30 lits): UNSAT in 0.09s
    cube 3818.63.39.23 (depth 3, 30 lits): UNSAT in 0.32s
    cube 3818.63.39.24 (depth 3, 30 lits): UNSAT in 0.03s
    cube 3818.63.39.25 (depth 3, 30 lits): UNSAT in 0.04s
    cube 3818.63.39.26 (depth 3, 30 lits): UNSAT in 0.05s
    cube 3818.63.39.27 (depth 3, 30 lits): UNSAT in 0.31s
    cube 3818.63.39.28 (depth 3, 30 lits): UNSAT in 0.03s
    cube 3818.63.39.29 (depth 3, 30 lits): UNSAT in 0.14s
    cube 3818.63.39.30 (depth 3, 30 lits): UNSAT in 0.12s
    cube 3818.63.39.31 (depth 3, 30 lits): UNSAT in 0.80s
    cube 3818.63.39.32 (depth 3, 30 lits): UNSAT in 0.01s
    cube 3818.63.39.33 (depth 3, 30 lits): UNSAT in 0.03s
    cube 3818.63.39.34 (depth 3, 30 lits): UNSAT in 0.03s
    cube 3818.63.39.35 (depth 3, 30 lits): UNSAT in 0.07s
    cube 3818.63.39.36 (depth 3, 30 lits): UNSAT in 0.02s
    cube 3818.63.39.37 (depth 3, 30 lits): UNSAT in 0.10s
    cube 3818.63.39.38 (depth 3, 30 lits): UNSAT in 0.13s
    cube 3818.63.39.39 (depth 3, 30 lits): UNSAT in 0.38s
    cube 3818.63.39.40 (depth 3, 30 lits): UNSAT in 0.02s
    cube 3818.63.39.41 (depth 3, 30 lits): UNSAT in 0.06s
    cube 3818.63.39.42 (depth 3, 30 lits): UNSAT in 0.05s
    cube 3818.63.39.43 (depth 3, 30 lits): UNSAT in 0.38s
    cube 3818.63.39.44 (depth 3, 30 lits): UNSAT in 0.07s
    cube 3818.63.39.45 (depth 3, 30 lits): UNSAT in 0.36s
    cube 3818.63.39.46 (depth 3, 30 lits): UNSAT in 0.15s
    cube 3818.63.39.47 (depth 3, 30 lits): UNSAT in 1.04s
    cube 3818.63.39.48 (depth 3, 30 lits): UNSAT in 0.05s
    cube 3818.63.39.49 (depth 3, 30 lits): UNSAT in 0.16s
    cube 3818.63.39.50 (depth 3, 30 lits): UNSAT in 0.28s
    cube 3818.63.39.51 (depth 3, 30 lits): UNSAT in 0.80s
    cube 3818.63.39.52 (depth 3, 30 lits): UNSAT in 0.05s
    cube 3818.63.39.53 (depth 3, 30 lits): UNSAT in 0.27s
    cube 3818.63.39.54 (depth 3, 30 lits): UNSAT in 0.35s
    cube 3818.63.39.55 (depth 3, 30 lits): UNSAT in 2.21s
    cube 3818.63.39.56 (depth 3, 30 lits): UNSAT in 0.50s
    cube 3818.63.39.57 (depth 3, 30 lits): UNSAT in 1.11s
    cube 3818.63.39.58 (depth 3, 30 lits): UNSAT in 0.34s
    cube 3818.63.39.59 (depth 3, 30 lits): UNSAT in 2.62s
    cube 3818.63.39.60 (depth 3, 30 lits): UNSAT in 3.03s
    cube 3818.63.39.61 (depth 3, 30 lits): UNSAT in 5.17s
    cube 3818.63.39.62 (depth 3, 30 lits): UNSAT in 4.34s
    cube 3818.63.39.63 (depth 3, 30 lits): UNSAT in 22.81s
    cube 3818.63.40 (depth 2, 24 lits): UNSAT in 0.14s
    cube 3818.63.41 (depth 2, 24 lits): UNSAT in 0.26s
    cube 3818.63.42 (depth 2, 24 lits): UNSAT in 0.73s
    cube 3818.63.43 (depth 2, 24 lits): UNSAT in 5.41s
    cube 3818.63.44 (depth 2, 24 lits): UNSAT in 0.33s
    cube 3818.63.45 (depth 2, 24 lits): UNSAT in 10.73s
    cube 3818.63.46 (depth 2, 24 lits): UNSAT in 24.35s
    cube 3818.63.47 (depth 2, 24 lits): TIMEOUT in 60.06s
    cube 3818.63.47 TIMEOUT -> re-split into 64 sub-cubes (depth 3)
    cube 3818.63.47.0 (depth 3, 30 lits): UNSAT in 0.02s
    cube 3818.63.47.1 (depth 3, 30 lits): UNSAT in 0.03s
    cube 3818.63.47.2 (depth 3, 30 lits): UNSAT in 0.02s
    cube 3818.63.47.3 (depth 3, 30 lits): UNSAT in 0.07s
    cube 3818.63.47.4 (depth 3, 30 lits): UNSAT in 0.02s
    cube 3818.63.47.5 (depth 3, 30 lits): UNSAT in 0.10s
    cube 3818.63.47.6 (depth 3, 30 lits): UNSAT in 0.10s
    cube 3818.63.47.7 (depth 3, 30 lits): UNSAT in 1.07s
    cube 3818.63.47.8 (depth 3, 30 lits): UNSAT in 0.04s
    cube 3818.63.47.9 (depth 3, 30 lits): UNSAT in 0.06s
    cube 3818.63.47.10 (depth 3, 30 lits): UNSAT in 0.09s
    cube 3818.63.47.11 (depth 3, 30 lits): UNSAT in 0.24s
    cube 3818.63.47.12 (depth 3, 30 lits): UNSAT in 0.17s
    cube 3818.63.47.13 (depth 3, 30 lits): UNSAT in 0.32s
    cube 3818.63.47.14 (depth 3, 30 lits): UNSAT in 1.33s
    cube 3818.63.47.15 (depth 3, 30 lits): UNSAT in 1.12s
    cube 3818.63.47.16 (depth 3, 30 lits): UNSAT in 0.01s
    cube 3818.63.47.17 (depth 3, 30 lits): UNSAT in 0.02s
    cube 3818.63.47.18 (depth 3, 30 lits): UNSAT in 0.02s
    cube 3818.63.47.19 (depth 3, 30 lits): UNSAT in 0.05s
    cube 3818.63.47.20 (depth 3, 30 lits): UNSAT in 0.12s
    cube 3818.63.47.21 (depth 3, 30 lits): UNSAT in 0.17s
    cube 3818.63.47.22 (depth 3, 30 lits): UNSAT in 0.12s
    cube 3818.63.47.23 (depth 3, 30 lits): UNSAT in 1.22s
    cube 3818.63.47.24 (depth 3, 30 lits): UNSAT in 0.05s
    cube 3818.63.47.25 (depth 3, 30 lits): UNSAT in 0.15s
    cube 3818.63.47.26 (depth 3, 30 lits): UNSAT in 0.16s
    cube 3818.63.47.27 (depth 3, 30 lits): UNSAT in 0.45s
    cube 3818.63.47.28 (depth 3, 30 lits): UNSAT in 0.15s
    cube 3818.63.47.29 (depth 3, 30 lits): UNSAT in 0.78s
    cube 3818.63.47.30 (depth 3, 30 lits): UNSAT in 0.80s
    cube 3818.63.47.31 (depth 3, 30 lits): UNSAT in 6.45s
    cube 3818.63.47.32 (depth 3, 30 lits): UNSAT in 0.02s
    cube 3818.63.47.33 (depth 3, 30 lits): UNSAT in 0.07s
    cube 3818.63.47.34 (depth 3, 30 lits): UNSAT in 0.14s
    cube 3818.63.47.35 (depth 3, 30 lits): UNSAT in 0.36s
    cube 3818.63.47.36 (depth 3, 30 lits): UNSAT in 0.04s
    cube 3818.63.47.37 (depth 3, 30 lits): UNSAT in 0.30s
    cube 3818.63.47.38 (depth 3, 30 lits): UNSAT in 0.41s
    cube 3818.63.47.39 (depth 3, 30 lits): UNSAT in 0.39s
    cube 3818.63.47.40 (depth 3, 30 lits): UNSAT in 0.02s
    cube 3818.63.47.41 (depth 3, 30 lits): UNSAT in 0.04s
    cube 3818.63.47.42 (depth 3, 30 lits): UNSAT in 0.05s
    cube 3818.63.47.43 (depth 3, 30 lits): UNSAT in 0.44s
    cube 3818.63.47.44 (depth 3, 30 lits): UNSAT in 0.07s
    cube 3818.63.47.45 (depth 3, 30 lits): UNSAT in 0.60s
    cube 3818.63.47.46 (depth 3, 30 lits): UNSAT in 1.34s
    cube 3818.63.47.47 (depth 3, 30 lits): UNSAT in 8.63s
    cube 3818.63.47.48 (depth 3, 30 lits): UNSAT in 0.04s
    cube 3818.63.47.49 (depth 3, 30 lits): UNSAT in 0.03s
    cube 3818.63.47.50 (depth 3, 30 lits): UNSAT in 0.08s
    cube 3818.63.47.51 (depth 3, 30 lits): UNSAT in 0.56s
    cube 3818.63.47.52 (depth 3, 30 lits): UNSAT in 0.30s
    cube 3818.63.47.53 (depth 3, 30 lits): UNSAT in 0.90s
    cube 3818.63.47.54 (depth 3, 30 lits): UNSAT in 3.83s
    cube 3818.63.47.55 (depth 3, 30 lits): UNSAT in 40.94s
    cube 3818.63.47.56 (depth 3, 30 lits): UNSAT in 0.67s
    cube 3818.63.47.57 (depth 3, 30 lits): UNSAT in 4.45s
    cube 3818.63.47.58 (depth 3, 30 lits): UNSAT in 0.98s
    cube 3818.63.47.59 (depth 3, 30 lits): UNSAT in 26.98s
    cube 3818.63.47.60 (depth 3, 30 lits): UNSAT in 1.26s
    cube 3818.63.47.61 (depth 3, 30 lits): UNSAT in 50.18s
    cube 3818.63.47.62 (depth 3, 30 lits): UNSAT in 51.61s
    cube 3818.63.47.63 (depth 3, 30 lits): UNSAT in 53.19s
    cube 3818.63.48 (depth 2, 24 lits): UNSAT in 0.26s
    cube 3818.63.49 (depth 2, 24 lits): UNSAT in 3.19s
    cube 3818.63.50 (depth 2, 24 lits): UNSAT in 5.96s
    cube 3818.63.51 (depth 2, 24 lits): TIMEOUT in 60.06s
    cube 3818.63.51 TIMEOUT -> re-split into 64 sub-cubes (depth 3)
    cube 3818.63.51.0 (depth 3, 30 lits): UNSAT in 0.01s
    cube 3818.63.51.1 (depth 3, 30 lits): UNSAT in 0.03s
    cube 3818.63.51.2 (depth 3, 30 lits): UNSAT in 0.02s
    cube 3818.63.51.3 (depth 3, 30 lits): UNSAT in 0.03s
    cube 3818.63.51.4 (depth 3, 30 lits): UNSAT in 0.02s
    cube 3818.63.51.5 (depth 3, 30 lits): UNSAT in 0.04s
    cube 3818.63.51.6 (depth 3, 30 lits): UNSAT in 0.04s
    cube 3818.63.51.7 (depth 3, 30 lits): UNSAT in 0.06s
    cube 3818.63.51.8 (depth 3, 30 lits): UNSAT in 0.02s
    cube 3818.63.51.9 (depth 3, 30 lits): UNSAT in 0.02s
    cube 3818.63.51.10 (depth 3, 30 lits): UNSAT in 0.04s
    cube 3818.63.51.11 (depth 3, 30 lits): UNSAT in 0.18s
    cube 3818.63.51.12 (depth 3, 30 lits): UNSAT in 0.04s
    cube 3818.63.51.13 (depth 3, 30 lits): UNSAT in 0.07s
    cube 3818.63.51.14 (depth 3, 30 lits): UNSAT in 0.04s
    cube 3818.63.51.15 (depth 3, 30 lits): UNSAT in 0.17s
    cube 3818.63.51.16 (depth 3, 30 lits): UNSAT in 0.02s
    cube 3818.63.51.17 (depth 3, 30 lits): UNSAT in 0.03s
    cube 3818.63.51.18 (depth 3, 30 lits): UNSAT in 0.02s
    cube 3818.63.51.19 (depth 3, 30 lits): UNSAT in 0.11s
    cube 3818.63.51.20 (depth 3, 30 lits): UNSAT in 0.03s
    cube 3818.63.51.21 (depth 3, 30 lits): UNSAT in 0.06s
    cube 3818.63.51.22 (depth 3, 30 lits): UNSAT in 0.10s
    cube 3818.63.51.23 (depth 3, 30 lits): UNSAT in 0.16s
    cube 3818.63.51.24 (depth 3, 30 lits): UNSAT in 0.04s
    cube 3818.63.51.25 (depth 3, 30 lits): UNSAT in 0.04s
    cube 3818.63.51.26 (depth 3, 30 lits): UNSAT in 0.05s
    cube 3818.63.51.27 (depth 3, 30 lits): UNSAT in 0.18s
    cube 3818.63.51.28 (depth 3, 30 lits): UNSAT in 0.04s
    cube 3818.63.51.29 (depth 3, 30 lits): UNSAT in 0.18s
    cube 3818.63.51.30 (depth 3, 30 lits): UNSAT in 0.24s
    cube 3818.63.51.31 (depth 3, 30 lits): UNSAT in 0.54s
    cube 3818.63.51.32 (depth 3, 30 lits): UNSAT in 0.03s
    cube 3818.63.51.33 (depth 3, 30 lits): UNSAT in 0.02s
    cube 3818.63.51.34 (depth 3, 30 lits): UNSAT in 0.05s
    cube 3818.63.51.35 (depth 3, 30 lits): UNSAT in 0.15s
    cube 3818.63.51.36 (depth 3, 30 lits): UNSAT in 0.07s
    cube 3818.63.51.37 (depth 3, 30 lits): UNSAT in 0.27s
    cube 3818.63.51.38 (depth 3, 30 lits): UNSAT in 0.17s
    cube 3818.63.51.39 (depth 3, 30 lits): UNSAT in 0.43s
    cube 3818.63.51.40 (depth 3, 30 lits): UNSAT in 0.02s
    cube 3818.63.51.41 (depth 3, 30 lits): UNSAT in 0.03s
    cube 3818.63.51.42 (depth 3, 30 lits): UNSAT in 0.04s
    cube 3818.63.51.43 (depth 3, 30 lits): UNSAT in 0.15s
    cube 3818.63.51.44 (depth 3, 30 lits): UNSAT in 0.06s
    cube 3818.63.51.45 (depth 3, 30 lits): UNSAT in 0.10s
    cube 3818.63.51.46 (depth 3, 30 lits): UNSAT in 0.07s
    cube 3818.63.51.47 (depth 3, 30 lits): UNSAT in 0.44s
    cube 3818.63.51.48 (depth 3, 30 lits): UNSAT in 0.06s
    cube 3818.63.51.49 (depth 3, 30 lits): UNSAT in 0.07s
    cube 3818.63.51.50 (depth 3, 30 lits): UNSAT in 0.05s
    cube 3818.63.51.51 (depth 3, 30 lits): UNSAT in 0.21s
    cube 3818.63.51.52 (depth 3, 30 lits): UNSAT in 0.32s
    cube 3818.63.51.53 (depth 3, 30 lits): UNSAT in 0.56s
    cube 3818.63.51.54 (depth 3, 30 lits): UNSAT in 0.31s
    cube 3818.63.51.55 (depth 3, 30 lits): UNSAT in 0.39s
    cube 3818.63.51.56 (depth 3, 30 lits): UNSAT in 0.08s
    cube 3818.63.51.57 (depth 3, 30 lits): UNSAT in 0.24s
    cube 3818.63.51.58 (depth 3, 30 lits): UNSAT in 0.24s
    cube 3818.63.51.59 (depth 3, 30 lits): UNSAT in 2.29s
    cube 3818.63.51.60 (depth 3, 30 lits): UNSAT in 1.55s
    cube 3818.63.51.61 (depth 3, 30 lits): UNSAT in 1.58s
    cube 3818.63.51.62 (depth 3, 30 lits): UNSAT in 9.77s
    cube 3818.63.51.63 (depth 3, 30 lits): UNSAT in 31.63s
    cube 3818.63.52 (depth 2, 24 lits): UNSAT in 1.03s
    cube 3818.63.53 (depth 2, 24 lits): UNSAT in 4.57s
    cube 3818.63.54 (depth 2, 24 lits): UNSAT in 9.35s
    cube 3818.63.55 (depth 2, 24 lits): TIMEOUT in 60.06s
    cube 3818.63.55 TIMEOUT -> re-split into 64 sub-cubes (depth 3)
    cube 3818.63.55.0 (depth 3, 30 lits): UNSAT in 0.02s
    cube 3818.63.55.1 (depth 3, 30 lits): UNSAT in 0.02s
    cube 3818.63.55.2 (depth 3, 30 lits): UNSAT in 0.02s
    cube 3818.63.55.3 (depth 3, 30 lits): UNSAT in 0.02s
    cube 3818.63.55.4 (depth 3, 30 lits): UNSAT in 0.03s
    cube 3818.63.55.5 (depth 3, 30 lits): UNSAT in 0.02s
    cube 3818.63.55.6 (depth 3, 30 lits): UNSAT in 0.01s
    cube 3818.63.55.7 (depth 3, 30 lits): UNSAT in 0.09s
    cube 3818.63.55.8 (depth 3, 30 lits): UNSAT in 0.02s
    cube 3818.63.55.9 (depth 3, 30 lits): UNSAT in 0.05s
    cube 3818.63.55.10 (depth 3, 30 lits): UNSAT in 0.07s
    cube 3818.63.55.11 (depth 3, 30 lits): UNSAT in 0.12s
    cube 3818.63.55.12 (depth 3, 30 lits): UNSAT in 0.03s
    cube 3818.63.55.13 (depth 3, 30 lits): UNSAT in 0.10s
    cube 3818.63.55.14 (depth 3, 30 lits): UNSAT in 0.03s
    cube 3818.63.55.15 (depth 3, 30 lits): UNSAT in 0.42s
    cube 3818.63.55.16 (depth 3, 30 lits): UNSAT in 0.06s
    cube 3818.63.55.17 (depth 3, 30 lits): UNSAT in 0.13s
    cube 3818.63.55.18 (depth 3, 30 lits): UNSAT in 0.06s
    cube 3818.63.55.19 (depth 3, 30 lits): UNSAT in 0.65s
    cube 3818.63.55.20 (depth 3, 30 lits): UNSAT in 0.05s
    cube 3818.63.55.21 (depth 3, 30 lits): UNSAT in 0.12s
    cube 3818.63.55.22 (depth 3, 30 lits): UNSAT in 0.09s
    cube 3818.63.55.23 (depth 3, 30 lits): UNSAT in 0.78s
    cube 3818.63.55.24 (depth 3, 30 lits): UNSAT in 0.03s
    cube 3818.63.55.25 (depth 3, 30 lits): UNSAT in 0.11s
    cube 3818.63.55.26 (depth 3, 30 lits): UNSAT in 0.06s
    cube 3818.63.55.27 (depth 3, 30 lits): UNSAT in 0.80s
    cube 3818.63.55.28 (depth 3, 30 lits): UNSAT in 0.11s
    cube 3818.63.55.29 (depth 3, 30 lits): UNSAT in 0.58s
    cube 3818.63.55.30 (depth 3, 30 lits): UNSAT in 1.11s
    cube 3818.63.55.31 (depth 3, 30 lits): UNSAT in 7.63s
    cube 3818.63.55.32 (depth 3, 30 lits): UNSAT in 0.03s
    cube 3818.63.55.33 (depth 3, 30 lits): UNSAT in 0.06s
    cube 3818.63.55.34 (depth 3, 30 lits): UNSAT in 0.07s
    cube 3818.63.55.35 (depth 3, 30 lits): UNSAT in 0.13s
    cube 3818.63.55.36 (depth 3, 30 lits): UNSAT in 0.15s
    cube 3818.63.55.37 (depth 3, 30 lits): UNSAT in 0.32s
    cube 3818.63.55.38 (depth 3, 30 lits): UNSAT in 0.18s
    cube 3818.63.55.39 (depth 3, 30 lits): UNSAT in 0.82s
    cube 3818.63.55.40 (depth 3, 30 lits): UNSAT in 0.19s
    cube 3818.63.55.41 (depth 3, 30 lits): UNSAT in 0.83s
    cube 3818.63.55.42 (depth 3, 30 lits): UNSAT in 0.20s
    cube 3818.63.55.43 (depth 3, 30 lits): UNSAT in 0.89s
    cube 3818.63.55.44 (depth 3, 30 lits): UNSAT in 0.56s
    cube 3818.63.55.45 (depth 3, 30 lits): UNSAT in 0.46s
    cube 3818.63.55.46 (depth 3, 30 lits): UNSAT in 0.36s
    cube 3818.63.55.47 (depth 3, 30 lits): UNSAT in 9.16s
    cube 3818.63.55.48 (depth 3, 30 lits): UNSAT in 0.02s
    cube 3818.63.55.49 (depth 3, 30 lits): UNSAT in 0.07s
    cube 3818.63.55.50 (depth 3, 30 lits): UNSAT in 0.31s
    cube 3818.63.55.51 (depth 3, 30 lits): UNSAT in 0.87s
    cube 3818.63.55.52 (depth 3, 30 lits): UNSAT in 0.08s
    cube 3818.63.55.53 (depth 3, 30 lits): UNSAT in 0.31s
    cube 3818.63.55.54 (depth 3, 30 lits): UNSAT in 0.75s
    cube 3818.63.55.55 (depth 3, 30 lits): UNSAT in 16.46s
    cube 3818.63.55.56 (depth 3, 30 lits): UNSAT in 0.17s
    cube 3818.63.55.57 (depth 3, 30 lits): UNSAT in 2.07s
    cube 3818.63.55.58 (depth 3, 30 lits): UNSAT in 3.57s
    cube 3818.63.55.59 (depth 3, 30 lits): UNSAT in 12.88s
    cube 3818.63.55.60 (depth 3, 30 lits): UNSAT in 4.67s
    cube 3818.63.55.61 (depth 3, 30 lits): UNSAT in 26.52s
    cube 3818.63.55.62 (depth 3, 30 lits): UNSAT in 48.01s
    cube 3818.63.55.63 (depth 3, 30 lits): TIMEOUT in 60.02s
    cube 3818.63.56 (depth 2, 24 lits): UNSAT in 0.58s
    cube 3818.63.57 (depth 2, 24 lits): UNSAT in 3.51s
    cube 3818.63.58 (depth 2, 24 lits): UNSAT in 3.16s
    cube 3818.63.59 (depth 2, 24 lits): TIMEOUT in 60.06s
    cube 3818.63.59 TIMEOUT -> re-split into 64 sub-cubes (depth 3)
    cube 3818.63.59.0 (depth 3, 30 lits): UNSAT in 0.01s
    cube 3818.63.59.1 (depth 3, 30 lits): UNSAT in 0.02s
    cube 3818.63.59.2 (depth 3, 30 lits): UNSAT in 0.02s
    cube 3818.63.59.3 (depth 3, 30 lits): UNSAT in 0.03s
    cube 3818.63.59.4 (depth 3, 30 lits): UNSAT in 0.02s
    cube 3818.63.59.5 (depth 3, 30 lits): UNSAT in 0.03s
    cube 3818.63.59.6 (depth 3, 30 lits): UNSAT in 0.01s
    cube 3818.63.59.7 (depth 3, 30 lits): UNSAT in 0.08s
    cube 3818.63.59.8 (depth 3, 30 lits): UNSAT in 0.02s
    cube 3818.63.59.9 (depth 3, 30 lits): UNSAT in 0.04s
    cube 3818.63.59.10 (depth 3, 30 lits): UNSAT in 0.02s
    cube 3818.63.59.11 (depth 3, 30 lits): UNSAT in 0.07s
    cube 3818.63.59.12 (depth 3, 30 lits): UNSAT in 0.04s
    cube 3818.63.59.13 (depth 3, 30 lits): UNSAT in 0.10s
    cube 3818.63.59.14 (depth 3, 30 lits): UNSAT in 0.15s
    cube 3818.63.59.15 (depth 3, 30 lits): UNSAT in 0.61s
    cube 3818.63.59.16 (depth 3, 30 lits): UNSAT in 0.03s
    cube 3818.63.59.17 (depth 3, 30 lits): UNSAT in 0.06s
    cube 3818.63.59.18 (depth 3, 30 lits): UNSAT in 0.09s
    cube 3818.63.59.19 (depth 3, 30 lits): UNSAT in 0.16s
    cube 3818.63.59.20 (depth 3, 30 lits): UNSAT in 0.05s
    cube 3818.63.59.21 (depth 3, 30 lits): UNSAT in 0.32s
    cube 3818.63.59.22 (depth 3, 30 lits): UNSAT in 0.15s
    cube 3818.63.59.23 (depth 3, 30 lits): UNSAT in 0.26s
    cube 3818.63.59.24 (depth 3, 30 lits): UNSAT in 0.01s
    cube 3818.63.59.25 (depth 3, 30 lits): UNSAT in 0.07s
    cube 3818.63.59.26 (depth 3, 30 lits): UNSAT in 0.03s
    cube 3818.63.59.27 (depth 3, 30 lits): UNSAT in 0.33s
    cube 3818.63.59.28 (depth 3, 30 lits): UNSAT in 0.16s
    cube 3818.63.59.29 (depth 3, 30 lits): UNSAT in 0.42s
    cube 3818.63.59.30 (depth 3, 30 lits): UNSAT in 0.20s
    cube 3818.63.59.31 (depth 3, 30 lits): UNSAT in 2.84s
    cube 3818.63.59.32 (depth 3, 30 lits): UNSAT in 0.04s
    cube 3818.63.59.33 (depth 3, 30 lits): UNSAT in 0.06s
    cube 3818.63.59.34 (depth 3, 30 lits): UNSAT in 0.08s
    cube 3818.63.59.35 (depth 3, 30 lits): UNSAT in 0.07s
    cube 3818.63.59.36 (depth 3, 30 lits): UNSAT in 0.06s
    cube 3818.63.59.37 (depth 3, 30 lits): UNSAT in 0.14s
    cube 3818.63.59.38 (depth 3, 30 lits): UNSAT in 0.13s
    cube 3818.63.59.39 (depth 3, 30 lits): UNSAT in 0.36s
    cube 3818.63.59.40 (depth 3, 30 lits): UNSAT in 0.02s
    cube 3818.63.59.41 (depth 3, 30 lits): UNSAT in 0.08s
    cube 3818.63.59.42 (depth 3, 30 lits): UNSAT in 0.15s
    cube 3818.63.59.43 (depth 3, 30 lits): UNSAT in 0.44s
    cube 3818.63.59.44 (depth 3, 30 lits): UNSAT in 0.10s
    cube 3818.63.59.45 (depth 3, 30 lits): UNSAT in 0.24s
    cube 3818.63.59.46 (depth 3, 30 lits): UNSAT in 0.15s
    cube 3818.63.59.47 (depth 3, 30 lits): UNSAT in 1.28s
    cube 3818.63.59.48 (depth 3, 30 lits): UNSAT in 0.02s
    cube 3818.63.59.49 (depth 3, 30 lits): UNSAT in 0.06s
    cube 3818.63.59.50 (depth 3, 30 lits): UNSAT in 0.10s
    cube 3818.63.59.51 (depth 3, 30 lits): UNSAT in 0.27s
    cube 3818.63.59.52 (depth 3, 30 lits): UNSAT in 0.03s
    cube 3818.63.59.53 (depth 3, 30 lits): UNSAT in 0.23s
    cube 3818.63.59.54 (depth 3, 30 lits): UNSAT in 0.23s
    cube 3818.63.59.55 (depth 3, 30 lits): UNSAT in 2.79s
    cube 3818.63.59.56 (depth 3, 30 lits): UNSAT in 0.36s
    cube 3818.63.59.57 (depth 3, 30 lits): UNSAT in 0.51s
    cube 3818.63.59.58 (depth 3, 30 lits): UNSAT in 0.27s
    cube 3818.63.59.59 (depth 3, 30 lits): UNSAT in 3.41s
    cube 3818.63.59.60 (depth 3, 30 lits): UNSAT in 1.53s
    cube 3818.63.59.61 (depth 3, 30 lits): UNSAT in 8.50s
    cube 3818.63.59.62 (depth 3, 30 lits): UNSAT in 4.44s
    cube 3818.63.59.63 (depth 3, 30 lits): UNSAT in 30.05s
    cube 3818.63.60 (depth 2, 24 lits): UNSAT in 5.17s
    cube 3818.63.61 (depth 2, 24 lits): UNSAT in 20.87s
    cube 3818.63.62 (depth 2, 24 lits): UNSAT in 17.43s
    cube 3818.63.63 (depth 2, 24 lits): TIMEOUT in 60.06s
    cube 3818.63.63 TIMEOUT -> re-split into 64 sub-cubes (depth 3)
    cube 3818.63.63.0 (depth 3, 30 lits): UNSAT in 0.01s
    cube 3818.63.63.1 (depth 3, 30 lits): UNSAT in 0.02s
    cube 3818.63.63.2 (depth 3, 30 lits): UNSAT in 0.02s
    cube 3818.63.63.3 (depth 3, 30 lits): UNSAT in 0.03s
    cube 3818.63.63.4 (depth 3, 30 lits): UNSAT in 0.03s
    cube 3818.63.63.5 (depth 3, 30 lits): UNSAT in 0.08s
    cube 3818.63.63.6 (depth 3, 30 lits): UNSAT in 0.06s
    cube 3818.63.63.7 (depth 3, 30 lits): UNSAT in 0.11s
    cube 3818.63.63.8 (depth 3, 30 lits): UNSAT in 0.02s
    cube 3818.63.63.9 (depth 3, 30 lits): UNSAT in 0.07s
    cube 3818.63.63.10 (depth 3, 30 lits): UNSAT in 0.07s
    cube 3818.63.63.11 (depth 3, 30 lits): UNSAT in 0.28s
    cube 3818.63.63.12 (depth 3, 30 lits): UNSAT in 0.05s
    cube 3818.63.63.13 (depth 3, 30 lits): UNSAT in 0.22s
    cube 3818.63.63.14 (depth 3, 30 lits): UNSAT in 0.28s
    cube 3818.63.63.15 (depth 3, 30 lits): UNSAT in 1.31s
    cube 3818.63.63.16 (depth 3, 30 lits): UNSAT in 0.03s
    cube 3818.63.63.17 (depth 3, 30 lits): UNSAT in 0.03s
    cube 3818.63.63.18 (depth 3, 30 lits): UNSAT in 0.03s
    cube 3818.63.63.19 (depth 3, 30 lits): UNSAT in 0.13s
    cube 3818.63.63.20 (depth 3, 30 lits): UNSAT in 0.03s
    cube 3818.63.63.21 (depth 3, 30 lits): UNSAT in 0.04s
    cube 3818.63.63.22 (depth 3, 30 lits): UNSAT in 0.17s
    cube 3818.63.63.23 (depth 3, 30 lits): UNSAT in 0.52s
    cube 3818.63.63.24 (depth 3, 30 lits): UNSAT in 0.04s
    cube 3818.63.63.25 (depth 3, 30 lits): UNSAT in 0.18s
    cube 3818.63.63.26 (depth 3, 30 lits): UNSAT in 0.09s
    cube 3818.63.63.27 (depth 3, 30 lits): UNSAT in 0.50s
    cube 3818.63.63.28 (depth 3, 30 lits): UNSAT in 0.10s
    cube 3818.63.63.29 (depth 3, 30 lits): UNSAT in 1.30s
    cube 3818.63.63.30 (depth 3, 30 lits): UNSAT in 1.33s
    cube 3818.63.63.31 (depth 3, 30 lits): UNSAT in 7.66s
    cube 3818.63.63.32 (depth 3, 30 lits): UNSAT in 0.03s
    cube 3818.63.63.33 (depth 3, 30 lits): UNSAT in 0.19s
    cube 3818.63.63.34 (depth 3, 30 lits): UNSAT in 0.17s
    cube 3818.63.63.35 (depth 3, 30 lits): UNSAT in 0.70s
    cube 3818.63.63.36 (depth 3, 30 lits): UNSAT in 0.05s
    cube 3818.63.63.37 (depth 3, 30 lits): UNSAT in 0.16s
    cube 3818.63.63.38 (depth 3, 30 lits): UNSAT in 0.49s
    cube 3818.63.63.39 (depth 3, 30 lits): UNSAT in 2.23s
    cube 3818.63.63.40 (depth 3, 30 lits): UNSAT in 0.07s
    cube 3818.63.63.41 (depth 3, 30 lits): UNSAT in 0.08s
    cube 3818.63.63.42 (depth 3, 30 lits): UNSAT in 0.08s
    cube 3818.63.63.43 (depth 3, 30 lits): UNSAT in 0.61s
    cube 3818.63.63.44 (depth 3, 30 lits): UNSAT in 0.09s
    cube 3818.63.63.45 (depth 3, 30 lits): UNSAT in 0.69s
    cube 3818.63.63.46 (depth 3, 30 lits): UNSAT in 1.36s
    cube 3818.63.63.47 (depth 3, 30 lits): UNSAT in 23.95s
    cube 3818.63.63.48 (depth 3, 30 lits): UNSAT in 0.03s
    cube 3818.63.63.49 (depth 3, 30 lits): UNSAT in 0.02s
    cube 3818.63.63.50 (depth 3, 30 lits): UNSAT in 0.05s
    cube 3818.63.63.51 (depth 3, 30 lits): UNSAT in 1.08s
    cube 3818.63.63.52 (depth 3, 30 lits): UNSAT in 0.19s
    cube 3818.63.63.53 (depth 3, 30 lits): UNSAT in 0.36s
    cube 3818.63.63.54 (depth 3, 30 lits): UNSAT in 0.50s
    cube 3818.63.63.55 (depth 3, 30 lits): UNSAT in 7.03s
    cube 3818.63.63.56 (depth 3, 30 lits): UNSAT in 0.27s
    cube 3818.63.63.57 (depth 3, 30 lits): UNSAT in 3.99s
    cube 3818.63.63.58 (depth 3, 30 lits): UNSAT in 3.79s
    cube 3818.63.63.59 (depth 3, 30 lits): UNSAT in 10.60s
    cube 3818.63.63.60 (depth 3, 30 lits): UNSAT in 14.41s
    cube 3818.63.63.61 (depth 3, 30 lits): TIMEOUT in 60.04s
    cube 3818.63.63.62 (depth 3, 30 lits): UNSAT in 30.90s
    cube 3818.63.63.63 (depth 3, 30 lits): UNSAT in 58.69s
    cube 3819 (depth 0, 12 lits): TIMEOUT in 60.06s
    cube 3819 TIMEOUT -> re-split into 64 sub-cubes (depth 1)
    cube 3819.0 (depth 1, 18 lits): UNSAT in 0.31s
    cube 3819.1 (depth 1, 18 lits): UNSAT in 0.51s
    cube 3819.2 (depth 1, 18 lits): UNSAT in 0.60s
    cube 3819.3 (depth 1, 18 lits): UNSAT in 1.36s
    cube 3819.4 (depth 1, 18 lits): UNSAT in 0.43s
    cube 3819.5 (depth 1, 18 lits): UNSAT in 1.22s
    cube 3819.6 (depth 1, 18 lits): UNSAT in 1.05s
    cube 3819.7 (depth 1, 18 lits): UNSAT in 2.50s
    cube 3819.8 (depth 1, 18 lits): UNSAT in 0.35s
    cube 3819.9 (depth 1, 18 lits): UNSAT in 0.41s
    cube 3819.10 (depth 1, 18 lits): UNSAT in 0.74s
    cube 3819.11 (depth 1, 18 lits): UNSAT in 1.59s
    cube 3819.12 (depth 1, 18 lits): UNSAT in 1.27s
    cube 3819.13 (depth 1, 18 lits): UNSAT in 3.36s
    cube 3819.14 (depth 1, 18 lits): UNSAT in 3.01s
    cube 3819.15 (depth 1, 18 lits): UNSAT in 4.48s
    cube 3819.16 (depth 1, 18 lits): UNSAT in 0.26s
    cube 3819.17 (depth 1, 18 lits): UNSAT in 1.04s
    cube 3819.18 (depth 1, 18 lits): UNSAT in 0.29s
    cube 3819.19 (depth 1, 18 lits): UNSAT in 4.14s
    cube 3819.20 (depth 1, 18 lits): UNSAT in 0.07s
    cube 3819.21 (depth 1, 18 lits): UNSAT in 0.45s
    cube 3819.22 (depth 1, 18 lits): UNSAT in 0.70s
    cube 3819.23 (depth 1, 18 lits): UNSAT in 13.63s
    cube 3819.24 (depth 1, 18 lits): UNSAT in 2.51s
    cube 3819.25 (depth 1, 18 lits): UNSAT in 7.48s
    cube 3819.26 (depth 1, 18 lits): UNSAT in 3.82s
    cube 3819.27 (depth 1, 18 lits): UNSAT in 20.79s
    cube 3819.28 (depth 1, 18 lits): UNSAT in 5.15s
    cube 3819.29 (depth 1, 18 lits): UNSAT in 14.56s
    cube 3819.30 (depth 1, 18 lits): UNSAT in 9.73s
    cube 3819.31 (depth 1, 18 lits): TIMEOUT in 60.06s
    cube 3819.31 TIMEOUT -> re-split into 64 sub-cubes (depth 2)
    cube 3819.31.0 (depth 2, 24 lits): UNSAT in 0.03s
    cube 3819.31.1 (depth 2, 24 lits): UNSAT in 0.22s
    cube 3819.31.2 (depth 2, 24 lits): UNSAT in 0.27s
    cube 3819.31.3 (depth 2, 24 lits): UNSAT in 0.40s
    cube 3819.31.4 (depth 2, 24 lits): UNSAT in 0.19s
    cube 3819.31.5 (depth 2, 24 lits): UNSAT in 0.32s
    cube 3819.31.6 (depth 2, 24 lits): UNSAT in 0.45s
    cube 3819.31.7 (depth 2, 24 lits): UNSAT in 1.23s
    cube 3819.31.8 (depth 2, 24 lits): UNSAT in 0.03s
    cube 3819.31.9 (depth 2, 24 lits): UNSAT in 0.06s
    cube 3819.31.10 (depth 2, 24 lits): UNSAT in 0.05s
    cube 3819.31.11 (depth 2, 24 lits): UNSAT in 0.08s
    cube 3819.31.12 (depth 2, 24 lits): UNSAT in 0.03s
    cube 3819.31.13 (depth 2, 24 lits): UNSAT in 0.14s
    cube 3819.31.14 (depth 2, 24 lits): UNSAT in 0.24s
    cube 3819.31.15 (depth 2, 24 lits): UNSAT in 2.50s
    cube 3819.31.16 (depth 2, 24 lits): UNSAT in 0.03s
    cube 3819.31.17 (depth 2, 24 lits): UNSAT in 0.16s
    cube 3819.31.18 (depth 2, 24 lits): UNSAT in 0.08s
    cube 3819.31.19 (depth 2, 24 lits): UNSAT in 0.75s
    cube 3819.31.20 (depth 2, 24 lits): UNSAT in 0.86s
    cube 3819.31.21 (depth 2, 24 lits): UNSAT in 1.74s
    cube 3819.31.22 (depth 2, 24 lits): UNSAT in 1.39s
    cube 3819.31.23 (depth 2, 24 lits): UNSAT in 2.61s
    cube 3819.31.24 (depth 2, 24 lits): UNSAT in 0.60s
    cube 3819.31.25 (depth 2, 24 lits): UNSAT in 1.54s
    cube 3819.31.26 (depth 2, 24 lits): UNSAT in 1.03s
    cube 3819.31.27 (depth 2, 24 lits): UNSAT in 1.77s
    cube 3819.31.28 (depth 2, 24 lits): UNSAT in 1.68s
    cube 3819.31.29 (depth 2, 24 lits): UNSAT in 3.01s
    cube 3819.31.30 (depth 2, 24 lits): UNSAT in 2.74s
    cube 3819.31.31 (depth 2, 24 lits): UNSAT in 7.73s
    cube 3819.31.32 (depth 2, 24 lits): UNSAT in 0.03s
    cube 3819.31.33 (depth 2, 24 lits): UNSAT in 0.28s
    cube 3819.31.34 (depth 2, 24 lits): UNSAT in 0.63s
    cube 3819.31.35 (depth 2, 24 lits): UNSAT in 1.39s
    cube 3819.31.36 (depth 2, 24 lits): UNSAT in 0.63s
    cube 3819.31.37 (depth 2, 24 lits): UNSAT in 1.17s
    cube 3819.31.38 (depth 2, 24 lits): UNSAT in 1.37s
    cube 3819.31.39 (depth 2, 24 lits): UNSAT in 4.00s
    cube 3819.31.40 (depth 2, 24 lits): UNSAT in 0.68s
    cube 3819.31.41 (depth 2, 24 lits): UNSAT in 1.16s
    cube 3819.31.42 (depth 2, 24 lits): UNSAT in 1.14s
    cube 3819.31.43 (depth 2, 24 lits): UNSAT in 2.68s
    cube 3819.31.44 (depth 2, 24 lits): UNSAT in 1.03s
    cube 3819.31.45 (depth 2, 24 lits): UNSAT in 3.50s
    cube 3819.31.46 (depth 2, 24 lits): UNSAT in 2.90s
    cube 3819.31.47 (depth 2, 24 lits): UNSAT in 9.33s
    cube 3819.31.48 (depth 2, 24 lits): UNSAT in 0.80s
    cube 3819.31.49 (depth 2, 24 lits): UNSAT in 1.67s
    cube 3819.31.50 (depth 2, 24 lits): UNSAT in 2.28s
    cube 3819.31.51 (depth 2, 24 lits): UNSAT in 4.16s
    cube 3819.31.52 (depth 2, 24 lits): UNSAT in 1.52s
    cube 3819.31.53 (depth 2, 24 lits): UNSAT in 3.84s
    cube 3819.31.54 (depth 2, 24 lits): UNSAT in 1.94s
    cube 3819.31.55 (depth 2, 24 lits): UNSAT in 5.89s
    cube 3819.31.56 (depth 2, 24 lits): UNSAT in 0.39s
    cube 3819.31.57 (depth 2, 24 lits): UNSAT in 2.74s
    cube 3819.31.58 (depth 2, 24 lits): UNSAT in 2.26s
    cube 3819.31.59 (depth 2, 24 lits): UNSAT in 6.63s
    cube 3819.31.60 (depth 2, 24 lits): UNSAT in 2.33s
    cube 3819.31.61 (depth 2, 24 lits): UNSAT in 3.78s
    cube 3819.31.62 (depth 2, 24 lits): UNSAT in 5.20s
    cube 3819.31.63 (depth 2, 24 lits): UNSAT in 10.64s
    cube 3819.32 (depth 1, 18 lits): UNSAT in 0.25s
    cube 3819.33 (depth 1, 18 lits): UNSAT in 0.42s
    cube 3819.34 (depth 1, 18 lits): UNSAT in 0.41s
    cube 3819.35 (depth 1, 18 lits): UNSAT in 1.23s
    cube 3819.36 (depth 1, 18 lits): UNSAT in 0.81s
    cube 3819.37 (depth 1, 18 lits): UNSAT in 2.66s
    cube 3819.38 (depth 1, 18 lits): UNSAT in 1.20s
    cube 3819.39 (depth 1, 18 lits): UNSAT in 7.27s
    cube 3819.40 (depth 1, 18 lits): UNSAT in 1.40s
    cube 3819.41 (depth 1, 18 lits): UNSAT in 3.07s
    cube 3819.42 (depth 1, 18 lits): UNSAT in 6.58s
    cube 3819.43 (depth 1, 18 lits): UNSAT in 17.45s
    cube 3819.44 (depth 1, 18 lits): UNSAT in 3.67s
    cube 3819.45 (depth 1, 18 lits): UNSAT in 18.61s
    cube 3819.46 (depth 1, 18 lits): UNSAT in 6.09s
    cube 3819.47 (depth 1, 18 lits): TIMEOUT in 60.02s
    cube 3819.47 TIMEOUT -> re-split into 64 sub-cubes (depth 2)
    cube 3819.47.0 (depth 2, 24 lits): UNSAT in 0.02s
    cube 3819.47.1 (depth 2, 24 lits): UNSAT in 0.18s
    cube 3819.47.2 (depth 2, 24 lits): UNSAT in 0.06s
    cube 3819.47.3 (depth 2, 24 lits): UNSAT in 0.47s
    cube 3819.47.4 (depth 2, 24 lits): UNSAT in 0.26s
    cube 3819.47.5 (depth 2, 24 lits): UNSAT in 0.74s
    cube 3819.47.6 (depth 2, 24 lits): UNSAT in 0.92s
    cube 3819.47.7 (depth 2, 24 lits): UNSAT in 1.46s
    cube 3819.47.8 (depth 2, 24 lits): UNSAT in 0.05s
    cube 3819.47.9 (depth 2, 24 lits): UNSAT in 0.40s
    cube 3819.47.10 (depth 2, 24 lits): UNSAT in 0.59s
    cube 3819.47.11 (depth 2, 24 lits): UNSAT in 1.35s
    cube 3819.47.12 (depth 2, 24 lits): UNSAT in 0.70s
    cube 3819.47.13 (depth 2, 24 lits): UNSAT in 1.67s
    cube 3819.47.14 (depth 2, 24 lits): UNSAT in 1.29s
    cube 3819.47.15 (depth 2, 24 lits): UNSAT in 2.78s
    cube 3819.47.16 (depth 2, 24 lits): UNSAT in 0.02s
    cube 3819.47.17 (depth 2, 24 lits): UNSAT in 0.04s
    cube 3819.47.18 (depth 2, 24 lits): UNSAT in 0.05s
    cube 3819.47.19 (depth 2, 24 lits): UNSAT in 0.36s
    cube 3819.47.20 (depth 2, 24 lits): UNSAT in 0.42s
    cube 3819.47.21 (depth 2, 24 lits): UNSAT in 0.95s
    cube 3819.47.22 (depth 2, 24 lits): UNSAT in 0.21s
    cube 3819.47.23 (depth 2, 24 lits): UNSAT in 3.46s
    cube 3819.47.24 (depth 2, 24 lits): UNSAT in 0.30s
    cube 3819.47.25 (depth 2, 24 lits): UNSAT in 0.28s
    cube 3819.47.26 (depth 2, 24 lits): UNSAT in 0.48s
    cube 3819.47.27 (depth 2, 24 lits): UNSAT in 0.89s
    cube 3819.47.28 (depth 2, 24 lits): UNSAT in 0.89s
    cube 3819.47.29 (depth 2, 24 lits): UNSAT in 2.85s
    cube 3819.47.30 (depth 2, 24 lits): UNSAT in 2.55s
    cube 3819.47.31 (depth 2, 24 lits): UNSAT in 11.48s
    cube 3819.47.32 (depth 2, 24 lits): UNSAT in 0.34s
    cube 3819.47.33 (depth 2, 24 lits): UNSAT in 1.13s
    cube 3819.47.34 (depth 2, 24 lits): UNSAT in 0.58s
    cube 3819.47.35 (depth 2, 24 lits): UNSAT in 1.39s
    cube 3819.47.36 (depth 2, 24 lits): UNSAT in 0.05s
    cube 3819.47.37 (depth 2, 24 lits): UNSAT in 1.11s
    cube 3819.47.38 (depth 2, 24 lits): UNSAT in 0.56s
    cube 3819.47.39 (depth 2, 24 lits): UNSAT in 2.36s
    cube 3819.47.40 (depth 2, 24 lits): UNSAT in 0.73s
    cube 3819.47.41 (depth 2, 24 lits): UNSAT in 0.98s
    cube 3819.47.42 (depth 2, 24 lits): UNSAT in 0.70s
    cube 3819.47.43 (depth 2, 24 lits): UNSAT in 3.20s
    cube 3819.47.44 (depth 2, 24 lits): UNSAT in 0.72s
    cube 3819.47.45 (depth 2, 24 lits): UNSAT in 1.43s
    cube 3819.47.46 (depth 2, 24 lits): UNSAT in 2.67s
    cube 3819.47.47 (depth 2, 24 lits): UNSAT in 9.30s
    cube 3819.47.48 (depth 2, 24 lits): UNSAT in 0.45s
    cube 3819.47.49 (depth 2, 24 lits): UNSAT in 1.32s
    cube 3819.47.50 (depth 2, 24 lits): UNSAT in 1.49s
    cube 3819.47.51 (depth 2, 24 lits): UNSAT in 2.81s
    cube 3819.47.52 (depth 2, 24 lits): UNSAT in 1.25s
    cube 3819.47.53 (depth 2, 24 lits): UNSAT in 4.39s
    cube 3819.47.54 (depth 2, 24 lits): UNSAT in 3.94s
    cube 3819.47.55 (depth 2, 24 lits): UNSAT in 13.08s
    cube 3819.47.56 (depth 2, 24 lits): UNSAT in 1.42s
    cube 3819.47.57 (depth 2, 24 lits): UNSAT in 4.79s
    cube 3819.47.58 (depth 2, 24 lits): UNSAT in 2.15s
    cube 3819.47.59 (depth 2, 24 lits): UNSAT in 16.00s
    cube 3819.47.60 (depth 2, 24 lits): UNSAT in 5.67s
    cube 3819.47.61 (depth 2, 24 lits): UNSAT in 18.79s
    cube 3819.47.62 (depth 2, 24 lits): UNSAT in 22.88s
    cube 3819.47.63 (depth 2, 24 lits): TIMEOUT in 60.06s
    cube 3819.47.63 TIMEOUT -> re-split into 64 sub-cubes (depth 3)
    cube 3819.47.63.0 (depth 3, 30 lits): UNSAT in 0.09s
    cube 3819.47.63.1 (depth 3, 30 lits): UNSAT in 0.23s
    cube 3819.47.63.2 (depth 3, 30 lits): UNSAT in 0.09s
    cube 3819.47.63.3 (depth 3, 30 lits): UNSAT in 0.36s
    cube 3819.47.63.4 (depth 3, 30 lits): UNSAT in 0.35s
    cube 3819.47.63.5 (depth 3, 30 lits): UNSAT in 0.61s
    cube 3819.47.63.6 (depth 3, 30 lits): UNSAT in 1.09s
    cube 3819.47.63.7 (depth 3, 30 lits): UNSAT in 1.19s
    cube 3819.47.63.8 (depth 3, 30 lits): UNSAT in 0.43s
    cube 3819.47.63.9 (depth 3, 30 lits): UNSAT in 1.06s
    cube 3819.47.63.10 (depth 3, 30 lits): UNSAT in 1.18s
    cube 3819.47.63.11 (depth 3, 30 lits): UNSAT in 1.82s
    cube 3819.47.63.12 (depth 3, 30 lits): UNSAT in 1.23s
    cube 3819.47.63.13 (depth 3, 30 lits): UNSAT in 2.51s
    cube 3819.47.63.14 (depth 3, 30 lits): UNSAT in 1.02s
    cube 3819.47.63.15 (depth 3, 30 lits): UNSAT in 4.35s
    cube 3819.47.63.16 (depth 3, 30 lits): UNSAT in 0.17s
    cube 3819.47.63.17 (depth 3, 30 lits): UNSAT in 0.88s
    cube 3819.47.63.18 (depth 3, 30 lits): UNSAT in 0.96s
    cube 3819.47.63.19 (depth 3, 30 lits): UNSAT in 1.36s
    cube 3819.47.63.20 (depth 3, 30 lits): UNSAT in 0.71s
    cube 3819.47.63.21 (depth 3, 30 lits): UNSAT in 1.14s
    cube 3819.47.63.22 (depth 3, 30 lits): UNSAT in 1.99s
    cube 3819.47.63.23 (depth 3, 30 lits): UNSAT in 6.56s
    cube 3819.47.63.24 (depth 3, 30 lits): UNSAT in 1.29s
    cube 3819.47.63.25 (depth 3, 30 lits): UNSAT in 2.41s
    cube 3819.47.63.26 (depth 3, 30 lits): UNSAT in 2.02s
    cube 3819.47.63.27 (depth 3, 30 lits): UNSAT in 7.36s
    cube 3819.47.63.28 (depth 3, 30 lits): UNSAT in 0.29s
    cube 3819.47.63.29 (depth 3, 30 lits): UNSAT in 2.40s
    cube 3819.47.63.30 (depth 3, 30 lits): UNSAT in 1.05s
    cube 3819.47.63.31 (depth 3, 30 lits): UNSAT in 8.99s
    cube 3819.47.63.32 (depth 3, 30 lits): UNSAT in 0.16s
    cube 3819.47.63.33 (depth 3, 30 lits): UNSAT in 0.22s
    cube 3819.47.63.34 (depth 3, 30 lits): UNSAT in 0.58s
    cube 3819.47.63.35 (depth 3, 30 lits): UNSAT in 1.45s
    cube 3819.47.63.36 (depth 3, 30 lits): UNSAT in 0.03s
    cube 3819.47.63.37 (depth 3, 30 lits): UNSAT in 0.14s
    cube 3819.47.63.38 (depth 3, 30 lits): UNSAT in 0.14s
    cube 3819.47.63.39 (depth 3, 30 lits): UNSAT in 1.91s
    cube 3819.47.63.40 (depth 3, 30 lits): UNSAT in 0.16s
    cube 3819.47.63.41 (depth 3, 30 lits): UNSAT in 0.65s
    cube 3819.47.63.42 (depth 3, 30 lits): UNSAT in 0.83s
    cube 3819.47.63.43 (depth 3, 30 lits): UNSAT in 1.16s
    cube 3819.47.63.44 (depth 3, 30 lits): UNSAT in 1.30s
    cube 3819.47.63.45 (depth 3, 30 lits): UNSAT in 3.13s
    cube 3819.47.63.46 (depth 3, 30 lits): UNSAT in 1.62s
    cube 3819.47.63.47 (depth 3, 30 lits): UNSAT in 3.84s
    cube 3819.47.63.48 (depth 3, 30 lits): UNSAT in 0.02s
    cube 3819.47.63.49 (depth 3, 30 lits): UNSAT in 0.09s
    cube 3819.47.63.50 (depth 3, 30 lits): UNSAT in 0.08s
    cube 3819.47.63.51 (depth 3, 30 lits): UNSAT in 0.98s
    cube 3819.47.63.52 (depth 3, 30 lits): UNSAT in 0.54s
    cube 3819.47.63.53 (depth 3, 30 lits): UNSAT in 1.31s
    cube 3819.47.63.54 (depth 3, 30 lits): UNSAT in 1.30s
    cube 3819.47.63.55 (depth 3, 30 lits): UNSAT in 2.44s
    cube 3819.47.63.56 (depth 3, 30 lits): UNSAT in 0.30s
    cube 3819.47.63.57 (depth 3, 30 lits): UNSAT in 0.69s
    cube 3819.47.63.58 (depth 3, 30 lits): UNSAT in 0.79s
    cube 3819.47.63.59 (depth 3, 30 lits): UNSAT in 1.71s
    cube 3819.47.63.60 (depth 3, 30 lits): UNSAT in 0.81s
    cube 3819.47.63.61 (depth 3, 30 lits): UNSAT in 3.21s
    cube 3819.47.63.62 (depth 3, 30 lits): UNSAT in 2.65s
    cube 3819.47.63.63 (depth 3, 30 lits): UNSAT in 4.18s
    cube 3819.48 (depth 1, 18 lits): UNSAT in 0.54s
    cube 3819.49 (depth 1, 18 lits): UNSAT in 1.70s
    cube 3819.50 (depth 1, 18 lits): UNSAT in 1.86s
    cube 3819.51 (depth 1, 18 lits): UNSAT in 5.62s
    cube 3819.52 (depth 1, 18 lits): UNSAT in 2.85s
    cube 3819.53 (depth 1, 18 lits): UNSAT in 18.24s
    cube 3819.54 (depth 1, 18 lits): UNSAT in 13.77s
    cube 3819.55 (depth 1, 18 lits): TIMEOUT in 60.06s
    cube 3819.55 TIMEOUT -> re-split into 64 sub-cubes (depth 2)
    cube 3819.55.0 (depth 2, 24 lits): UNSAT in 0.07s
    cube 3819.55.1 (depth 2, 24 lits): UNSAT in 0.11s
    cube 3819.55.2 (depth 2, 24 lits): UNSAT in 0.05s
    cube 3819.55.3 (depth 2, 24 lits): UNSAT in 0.71s
    cube 3819.55.4 (depth 2, 24 lits): UNSAT in 0.21s
    cube 3819.55.5 (depth 2, 24 lits): UNSAT in 0.77s
    cube 3819.55.6 (depth 2, 24 lits): UNSAT in 0.57s
    cube 3819.55.7 (depth 2, 24 lits): UNSAT in 1.21s
    cube 3819.55.8 (depth 2, 24 lits): UNSAT in 0.10s
    cube 3819.55.9 (depth 2, 24 lits): UNSAT in 0.52s
    cube 3819.55.10 (depth 2, 24 lits): UNSAT in 0.60s
    cube 3819.55.11 (depth 2, 24 lits): UNSAT in 1.03s
    cube 3819.55.12 (depth 2, 24 lits): UNSAT in 0.63s
    cube 3819.55.13 (depth 2, 24 lits): UNSAT in 0.98s
    cube 3819.55.14 (depth 2, 24 lits): UNSAT in 0.84s
    cube 3819.55.15 (depth 2, 24 lits): UNSAT in 2.24s
    cube 3819.55.16 (depth 2, 24 lits): UNSAT in 0.24s
    cube 3819.55.17 (depth 2, 24 lits): UNSAT in 0.31s
    cube 3819.55.18 (depth 2, 24 lits): UNSAT in 0.44s
    cube 3819.55.19 (depth 2, 24 lits): UNSAT in 0.60s
    cube 3819.55.20 (depth 2, 24 lits): UNSAT in 0.27s
    cube 3819.55.21 (depth 2, 24 lits): UNSAT in 0.84s
    cube 3819.55.22 (depth 2, 24 lits): UNSAT in 1.06s
    cube 3819.55.23 (depth 2, 24 lits): UNSAT in 1.48s
    cube 3819.55.24 (depth 2, 24 lits): UNSAT in 0.58s
    cube 3819.55.25 (depth 2, 24 lits): UNSAT in 0.93s
    cube 3819.55.26 (depth 2, 24 lits): UNSAT in 1.14s
    cube 3819.55.27 (depth 2, 24 lits): UNSAT in 1.99s
    cube 3819.55.28 (depth 2, 24 lits): UNSAT in 1.34s
    cube 3819.55.29 (depth 2, 24 lits): UNSAT in 3.07s
    cube 3819.55.30 (depth 2, 24 lits): UNSAT in 1.95s
    cube 3819.55.31 (depth 2, 24 lits): UNSAT in 7.07s
    cube 3819.55.32 (depth 2, 24 lits): UNSAT in 0.22s
    cube 3819.55.33 (depth 2, 24 lits): UNSAT in 0.34s
    cube 3819.55.34 (depth 2, 24 lits): UNSAT in 0.28s
    cube 3819.55.35 (depth 2, 24 lits): UNSAT in 0.49s
    cube 3819.55.36 (depth 2, 24 lits): UNSAT in 0.25s
    cube 3819.55.37 (depth 2, 24 lits): UNSAT in 0.35s
    cube 3819.55.38 (depth 2, 24 lits): UNSAT in 0.43s
    cube 3819.55.39 (depth 2, 24 lits): UNSAT in 0.81s
    cube 3819.55.40 (depth 2, 24 lits): UNSAT in 0.29s
    cube 3819.55.41 (depth 2, 24 lits): UNSAT in 0.50s
    cube 3819.55.42 (depth 2, 24 lits): UNSAT in 0.47s
    cube 3819.55.43 (depth 2, 24 lits): UNSAT in 1.14s
    cube 3819.55.44 (depth 2, 24 lits): UNSAT in 0.78s
    cube 3819.55.45 (depth 2, 24 lits): UNSAT in 1.24s
    cube 3819.55.46 (depth 2, 24 lits): UNSAT in 1.50s
    cube 3819.55.47 (depth 2, 24 lits): UNSAT in 3.34s
    cube 3819.55.48 (depth 2, 24 lits): UNSAT in 0.27s
    cube 3819.55.49 (depth 2, 24 lits): UNSAT in 0.69s
    cube 3819.55.50 (depth 2, 24 lits): UNSAT in 0.87s
    cube 3819.55.51 (depth 2, 24 lits): UNSAT in 1.78s
    cube 3819.55.52 (depth 2, 24 lits): UNSAT in 0.85s
    cube 3819.55.53 (depth 2, 24 lits): UNSAT in 2.52s
    cube 3819.55.54 (depth 2, 24 lits): UNSAT in 1.71s
    cube 3819.55.55 (depth 2, 24 lits): UNSAT in 7.48s
    cube 3819.55.56 (depth 2, 24 lits): UNSAT in 0.39s
    cube 3819.55.57 (depth 2, 24 lits): UNSAT in 2.43s
    cube 3819.55.58 (depth 2, 24 lits): UNSAT in 1.26s
    cube 3819.55.59 (depth 2, 24 lits): UNSAT in 8.12s
    cube 3819.55.60 (depth 2, 24 lits): UNSAT in 1.78s
    cube 3819.55.61 (depth 2, 24 lits): UNSAT in 8.64s
    cube 3819.55.62 (depth 2, 24 lits): UNSAT in 8.47s
    cube 3819.55.63 (depth 2, 24 lits): UNSAT in 56.52s
    cube 3819.56 (depth 1, 18 lits): UNSAT in 2.75s
    cube 3819.57 (depth 1, 18 lits): UNSAT in 18.90s
    cube 3819.58 (depth 1, 18 lits): UNSAT in 12.39s
    cube 3819.59 (depth 1, 18 lits): TIMEOUT in 60.06s
    cube 3819.59 TIMEOUT -> re-split into 64 sub-cubes (depth 2)
    cube 3819.59.0 (depth 2, 24 lits): UNSAT in 0.02s
    cube 3819.59.1 (depth 2, 24 lits): UNSAT in 0.09s
    cube 3819.59.2 (depth 2, 24 lits): UNSAT in 0.29s
    cube 3819.59.3 (depth 2, 24 lits): UNSAT in 0.57s
    cube 3819.59.4 (depth 2, 24 lits): UNSAT in 0.26s
    cube 3819.59.5 (depth 2, 24 lits): UNSAT in 0.70s
    cube 3819.59.6 (depth 2, 24 lits): UNSAT in 0.88s
    cube 3819.59.7 (depth 2, 24 lits): UNSAT in 0.95s
    cube 3819.59.8 (depth 2, 24 lits): UNSAT in 0.45s
    cube 3819.59.9 (depth 2, 24 lits): UNSAT in 0.56s
    cube 3819.59.10 (depth 2, 24 lits): UNSAT in 0.58s
    cube 3819.59.11 (depth 2, 24 lits): UNSAT in 0.87s
    cube 3819.59.12 (depth 2, 24 lits): UNSAT in 0.39s
    cube 3819.59.13 (depth 2, 24 lits): UNSAT in 0.76s
    cube 3819.59.14 (depth 2, 24 lits): UNSAT in 0.72s
    cube 3819.59.15 (depth 2, 24 lits): UNSAT in 1.93s
    cube 3819.59.16 (depth 2, 24 lits): UNSAT in 0.14s
    cube 3819.59.17 (depth 2, 24 lits): UNSAT in 0.41s
    cube 3819.59.18 (depth 2, 24 lits): UNSAT in 0.41s
    cube 3819.59.19 (depth 2, 24 lits): UNSAT in 0.95s
    cube 3819.59.20 (depth 2, 24 lits): UNSAT in 0.30s
    cube 3819.59.21 (depth 2, 24 lits): UNSAT in 0.60s
    cube 3819.59.22 (depth 2, 24 lits): UNSAT in 0.81s
    cube 3819.59.23 (depth 2, 24 lits): UNSAT in 1.63s
    cube 3819.59.24 (depth 2, 24 lits): UNSAT in 0.61s
    cube 3819.59.25 (depth 2, 24 lits): UNSAT in 1.72s
    cube 3819.59.26 (depth 2, 24 lits): UNSAT in 0.63s
    cube 3819.59.27 (depth 2, 24 lits): UNSAT in 3.74s
    cube 3819.59.28 (depth 2, 24 lits): UNSAT in 0.69s
    cube 3819.59.29 (depth 2, 24 lits): UNSAT in 1.35s
    cube 3819.59.30 (depth 2, 24 lits): UNSAT in 1.39s
    cube 3819.59.31 (depth 2, 24 lits): UNSAT in 3.54s
    cube 3819.59.32 (depth 2, 24 lits): UNSAT in 0.06s
    cube 3819.59.33 (depth 2, 24 lits): UNSAT in 0.76s
    cube 3819.59.34 (depth 2, 24 lits): UNSAT in 0.78s
    cube 3819.59.35 (depth 2, 24 lits): UNSAT in 1.51s
    cube 3819.59.36 (depth 2, 24 lits): UNSAT in 0.07s
    cube 3819.59.37 (depth 2, 24 lits): UNSAT in 0.86s
    cube 3819.59.38 (depth 2, 24 lits): UNSAT in 0.91s
    cube 3819.59.39 (depth 2, 24 lits): UNSAT in 1.91s
    cube 3819.59.40 (depth 2, 24 lits): UNSAT in 0.25s
    cube 3819.59.41 (depth 2, 24 lits): UNSAT in 0.76s
    cube 3819.59.42 (depth 2, 24 lits): UNSAT in 0.76s
    cube 3819.59.43 (depth 2, 24 lits): UNSAT in 1.54s
    cube 3819.59.44 (depth 2, 24 lits): UNSAT in 1.13s
    cube 3819.59.45 (depth 2, 24 lits): UNSAT in 2.38s
    cube 3819.59.46 (depth 2, 24 lits): UNSAT in 2.07s
    cube 3819.59.47 (depth 2, 24 lits): UNSAT in 7.73s
    cube 3819.59.48 (depth 2, 24 lits): UNSAT in 1.17s
    cube 3819.59.49 (depth 2, 24 lits): UNSAT in 1.74s
    cube 3819.59.50 (depth 2, 24 lits): UNSAT in 1.43s
    cube 3819.59.51 (depth 2, 24 lits): UNSAT in 3.56s
    cube 3819.59.52 (depth 2, 24 lits): UNSAT in 1.04s
    cube 3819.59.53 (depth 2, 24 lits): UNSAT in 2.65s
    cube 3819.59.54 (depth 2, 24 lits): UNSAT in 1.52s
    cube 3819.59.55 (depth 2, 24 lits): UNSAT in 4.94s
    cube 3819.59.56 (depth 2, 24 lits): UNSAT in 0.79s
    cube 3819.59.57 (depth 2, 24 lits): UNSAT in 1.44s
    cube 3819.59.58 (depth 2, 24 lits): UNSAT in 2.60s
    cube 3819.59.59 (depth 2, 24 lits): UNSAT in 4.41s
    cube 3819.59.60 (depth 2, 24 lits): UNSAT in 3.13s
    cube 3819.59.61 (depth 2, 24 lits): UNSAT in 7.60s
    cube 3819.59.62 (depth 2, 24 lits): UNSAT in 8.94s
    cube 3819.59.63 (depth 2, 24 lits): UNSAT in 42.24s
    cube 3819.60 (depth 1, 18 lits): UNSAT in 24.80s
    cube 3819.61 (depth 1, 18 lits): TIMEOUT in 60.06s
    cube 3819.61 TIMEOUT -> re-split into 64 sub-cubes (depth 2)
    cube 3819.61.0 (depth 2, 24 lits): UNSAT in 0.02s
    cube 3819.61.1 (depth 2, 24 lits): UNSAT in 0.11s
    cube 3819.61.2 (depth 2, 24 lits): UNSAT in 0.04s
    cube 3819.61.3 (depth 2, 24 lits): UNSAT in 0.29s
    cube 3819.61.4 (depth 2, 24 lits): UNSAT in 0.19s
    cube 3819.61.5 (depth 2, 24 lits): UNSAT in 0.30s
    cube 3819.61.6 (depth 2, 24 lits): UNSAT in 0.34s
    cube 3819.61.7 (depth 2, 24 lits): UNSAT in 0.63s
    cube 3819.61.8 (depth 2, 24 lits): UNSAT in 0.16s
    cube 3819.61.9 (depth 2, 24 lits): UNSAT in 0.45s
    cube 3819.61.10 (depth 2, 24 lits): UNSAT in 0.34s
    cube 3819.61.11 (depth 2, 24 lits): UNSAT in 0.51s
    cube 3819.61.12 (depth 2, 24 lits): UNSAT in 0.33s
    cube 3819.61.13 (depth 2, 24 lits): UNSAT in 0.87s
    cube 3819.61.14 (depth 2, 24 lits): UNSAT in 0.68s
    cube 3819.61.15 (depth 2, 24 lits): UNSAT in 1.68s
    cube 3819.61.16 (depth 2, 24 lits): UNSAT in 0.32s
    cube 3819.61.17 (depth 2, 24 lits): UNSAT in 0.64s
    cube 3819.61.18 (depth 2, 24 lits): UNSAT in 0.65s
    cube 3819.61.19 (depth 2, 24 lits): UNSAT in 0.89s
    cube 3819.61.20 (depth 2, 24 lits): UNSAT in 0.66s
    cube 3819.61.21 (depth 2, 24 lits): UNSAT in 0.82s
    cube 3819.61.22 (depth 2, 24 lits): UNSAT in 1.32s
    cube 3819.61.23 (depth 2, 24 lits): UNSAT in 2.15s
    cube 3819.61.24 (depth 2, 24 lits): UNSAT in 0.24s
    cube 3819.61.25 (depth 2, 24 lits): UNSAT in 0.31s
    cube 3819.61.26 (depth 2, 24 lits): UNSAT in 0.44s
    cube 3819.61.27 (depth 2, 24 lits): UNSAT in 1.04s
    cube 3819.61.28 (depth 2, 24 lits): UNSAT in 0.57s
    cube 3819.61.29 (depth 2, 24 lits): UNSAT in 1.42s
    cube 3819.61.30 (depth 2, 24 lits): UNSAT in 1.92s
    cube 3819.61.31 (depth 2, 24 lits): UNSAT in 5.29s
    cube 3819.61.32 (depth 2, 24 lits): UNSAT in 0.31s
    cube 3819.61.33 (depth 2, 24 lits): UNSAT in 1.06s
    cube 3819.61.34 (depth 2, 24 lits): UNSAT in 0.74s
    cube 3819.61.35 (depth 2, 24 lits): UNSAT in 2.02s
    cube 3819.61.36 (depth 2, 24 lits): UNSAT in 1.89s
    cube 3819.61.37 (depth 2, 24 lits): UNSAT in 3.17s
    cube 3819.61.38 (depth 2, 24 lits): UNSAT in 2.04s
    cube 3819.61.39 (depth 2, 24 lits): UNSAT in 6.02s
    cube 3819.61.40 (depth 2, 24 lits): UNSAT in 0.10s
    cube 3819.61.41 (depth 2, 24 lits): UNSAT in 0.73s
    cube 3819.61.42 (depth 2, 24 lits): UNSAT in 0.84s
    cube 3819.61.43 (depth 2, 24 lits): UNSAT in 1.65s
    cube 3819.61.44 (depth 2, 24 lits): UNSAT in 1.04s
    cube 3819.61.45 (depth 2, 24 lits): UNSAT in 2.54s
    cube 3819.61.46 (depth 2, 24 lits): UNSAT in 1.48s
    cube 3819.61.47 (depth 2, 24 lits): UNSAT in 8.06s
    cube 3819.61.48 (depth 2, 24 lits): UNSAT in 0.06s
    cube 3819.61.49 (depth 2, 24 lits): UNSAT in 0.26s
    cube 3819.61.50 (depth 2, 24 lits): UNSAT in 0.09s
    cube 3819.61.51 (depth 2, 24 lits): UNSAT in 0.54s
    cube 3819.61.52 (depth 2, 24 lits): UNSAT in 0.25s
    cube 3819.61.53 (depth 2, 24 lits): UNSAT in 0.80s
    cube 3819.61.54 (depth 2, 24 lits): UNSAT in 1.22s
    cube 3819.61.55 (depth 2, 24 lits): UNSAT in 15.71s
    cube 3819.61.56 (depth 2, 24 lits): UNSAT in 0.59s
    cube 3819.61.57 (depth 2, 24 lits): UNSAT in 1.25s
    cube 3819.61.58 (depth 2, 24 lits): UNSAT in 2.40s
    cube 3819.61.59 (depth 2, 24 lits): UNSAT in 9.92s
    cube 3819.61.60 (depth 2, 24 lits): UNSAT in 3.45s
    cube 3819.61.61 (depth 2, 24 lits): UNSAT in 18.34s
    cube 3819.61.62 (depth 2, 24 lits): UNSAT in 12.25s
    cube 3819.61.63 (depth 2, 24 lits): TIMEOUT in 60.06s
    cube 3819.61.63 TIMEOUT -> re-split into 64 sub-cubes (depth 3)
    cube 3819.61.63.0 (depth 3, 30 lits): UNSAT in 0.01s
    cube 3819.61.63.1 (depth 3, 30 lits): UNSAT in 0.03s
    cube 3819.61.63.2 (depth 3, 30 lits): UNSAT in 0.03s
    cube 3819.61.63.3 (depth 3, 30 lits): UNSAT in 0.33s
    cube 3819.61.63.4 (depth 3, 30 lits): UNSAT in 0.04s
    cube 3819.61.63.5 (depth 3, 30 lits): UNSAT in 0.68s
    cube 3819.61.63.6 (depth 3, 30 lits): UNSAT in 0.34s
    cube 3819.61.63.7 (depth 3, 30 lits): UNSAT in 1.19s
    cube 3819.61.63.8 (depth 3, 30 lits): UNSAT in 0.06s
    cube 3819.61.63.9 (depth 3, 30 lits): UNSAT in 0.65s
    cube 3819.61.63.10 (depth 3, 30 lits): UNSAT in 0.71s
    cube 3819.61.63.11 (depth 3, 30 lits): UNSAT in 0.95s
    cube 3819.61.63.12 (depth 3, 30 lits): UNSAT in 0.36s
    cube 3819.61.63.13 (depth 3, 30 lits): UNSAT in 1.13s
    cube 3819.61.63.14 (depth 3, 30 lits): UNSAT in 1.02s
    cube 3819.61.63.15 (depth 3, 30 lits): UNSAT in 2.35s
    cube 3819.61.63.16 (depth 3, 30 lits): UNSAT in 0.32s
    cube 3819.61.63.17 (depth 3, 30 lits): UNSAT in 0.42s
    cube 3819.61.63.18 (depth 3, 30 lits): UNSAT in 0.33s
    cube 3819.61.63.19 (depth 3, 30 lits): UNSAT in 0.57s
    cube 3819.61.63.20 (depth 3, 30 lits): UNSAT in 0.38s
    cube 3819.61.63.21 (depth 3, 30 lits): UNSAT in 0.82s
    cube 3819.61.63.22 (depth 3, 30 lits): UNSAT in 1.00s
    cube 3819.61.63.23 (depth 3, 30 lits): UNSAT in 2.03s
    cube 3819.61.63.24 (depth 3, 30 lits): UNSAT in 0.58s
    cube 3819.61.63.25 (depth 3, 30 lits): UNSAT in 0.68s
    cube 3819.61.63.26 (depth 3, 30 lits): UNSAT in 0.76s
    cube 3819.61.63.27 (depth 3, 30 lits): UNSAT in 1.30s
    cube 3819.61.63.28 (depth 3, 30 lits): UNSAT in 0.84s
    cube 3819.61.63.29 (depth 3, 30 lits): UNSAT in 2.68s
    cube 3819.61.63.30 (depth 3, 30 lits): UNSAT in 3.50s
    cube 3819.61.63.31 (depth 3, 30 lits): UNSAT in 8.64s
    cube 3819.61.63.32 (depth 3, 30 lits): UNSAT in 0.19s
    cube 3819.61.63.33 (depth 3, 30 lits): UNSAT in 0.37s
    cube 3819.61.63.34 (depth 3, 30 lits): UNSAT in 0.18s
    cube 3819.61.63.35 (depth 3, 30 lits): UNSAT in 2.97s
    cube 3819.61.63.36 (depth 3, 30 lits): UNSAT in 0.24s
    cube 3819.61.63.37 (depth 3, 30 lits): UNSAT in 4.10s
    cube 3819.61.63.38 (depth 3, 30 lits): UNSAT in 3.03s
    cube 3819.61.63.39 (depth 3, 30 lits): UNSAT in 7.33s
    cube 3819.61.63.40 (depth 3, 30 lits): UNSAT in 0.04s
    cube 3819.61.63.41 (depth 3, 30 lits): UNSAT in 0.93s
    cube 3819.61.63.42 (depth 3, 30 lits): UNSAT in 0.73s
    cube 3819.61.63.43 (depth 3, 30 lits): UNSAT in 2.09s
    cube 3819.61.63.44 (depth 3, 30 lits): UNSAT in 1.34s
    cube 3819.61.63.45 (depth 3, 30 lits): UNSAT in 4.43s
    cube 3819.61.63.46 (depth 3, 30 lits): UNSAT in 3.51s
    cube 3819.61.63.47 (depth 3, 30 lits): UNSAT in 14.61s
    cube 3819.61.63.48 (depth 3, 30 lits): UNSAT in 0.04s
    cube 3819.61.63.49 (depth 3, 30 lits): UNSAT in 0.24s
    cube 3819.61.63.50 (depth 3, 30 lits): UNSAT in 0.60s
    cube 3819.61.63.51 (depth 3, 30 lits): UNSAT in 1.37s
    cube 3819.61.63.52 (depth 3, 30 lits): UNSAT in 0.11s
    cube 3819.61.63.53 (depth 3, 30 lits): UNSAT in 0.45s
    cube 3819.61.63.54 (depth 3, 30 lits): UNSAT in 0.62s
    cube 3819.61.63.55 (depth 3, 30 lits): UNSAT in 5.42s
    cube 3819.61.63.56 (depth 3, 30 lits): UNSAT in 0.89s
    cube 3819.61.63.57 (depth 3, 30 lits): UNSAT in 1.13s
    cube 3819.61.63.58 (depth 3, 30 lits): UNSAT in 0.50s
    cube 3819.61.63.59 (depth 3, 30 lits): UNSAT in 4.75s
    cube 3819.61.63.60 (depth 3, 30 lits): UNSAT in 0.64s
    cube 3819.61.63.61 (depth 3, 30 lits): UNSAT in 1.93s
    cube 3819.61.63.62 (depth 3, 30 lits): UNSAT in 3.00s
    cube 3819.61.63.63 (depth 3, 30 lits): UNSAT in 17.40s
    cube 3819.62 (depth 1, 18 lits): TIMEOUT in 60.06s
    cube 3819.62 TIMEOUT -> re-split into 64 sub-cubes (depth 2)
    cube 3819.62.0 (depth 2, 24 lits): UNSAT in 0.13s
    cube 3819.62.1 (depth 2, 24 lits): UNSAT in 0.16s
    cube 3819.62.2 (depth 2, 24 lits): UNSAT in 0.18s
    cube 3819.62.3 (depth 2, 24 lits): UNSAT in 0.34s
    cube 3819.62.4 (depth 2, 24 lits): UNSAT in 0.14s
    cube 3819.62.5 (depth 2, 24 lits): UNSAT in 0.24s
    cube 3819.62.6 (depth 2, 24 lits): UNSAT in 0.32s
    cube 3819.62.7 (depth 2, 24 lits): UNSAT in 0.88s
    cube 3819.62.8 (depth 2, 24 lits): UNSAT in 0.20s
    cube 3819.62.9 (depth 2, 24 lits): UNSAT in 0.26s
    cube 3819.62.10 (depth 2, 24 lits): UNSAT in 0.41s
    cube 3819.62.11 (depth 2, 24 lits): UNSAT in 0.76s
    cube 3819.62.12 (depth 2, 24 lits): UNSAT in 0.31s
    cube 3819.62.13 (depth 2, 24 lits): UNSAT in 0.74s
    cube 3819.62.14 (depth 2, 24 lits): UNSAT in 0.92s
    cube 3819.62.15 (depth 2, 24 lits): UNSAT in 3.61s
    cube 3819.62.16 (depth 2, 24 lits): UNSAT in 0.03s
    cube 3819.62.17 (depth 2, 24 lits): UNSAT in 0.09s
    cube 3819.62.18 (depth 2, 24 lits): UNSAT in 0.07s
    cube 3819.62.19 (depth 2, 24 lits): UNSAT in 0.31s
    cube 3819.62.20 (depth 2, 24 lits): UNSAT in 0.09s
    cube 3819.62.21 (depth 2, 24 lits): UNSAT in 0.08s
    cube 3819.62.22 (depth 2, 24 lits): UNSAT in 0.48s
    cube 3819.62.23 (depth 2, 24 lits): UNSAT in 1.58s
    cube 3819.62.24 (depth 2, 24 lits): UNSAT in 0.84s
    cube 3819.62.25 (depth 2, 24 lits): UNSAT in 1.48s
    cube 3819.62.26 (depth 2, 24 lits): UNSAT in 2.22s
    cube 3819.62.27 (depth 2, 24 lits): UNSAT in 5.51s
    cube 3819.62.28 (depth 2, 24 lits): UNSAT in 0.09s
    cube 3819.62.29 (depth 2, 24 lits): UNSAT in 0.33s
    cube 3819.62.30 (depth 2, 24 lits): UNSAT in 1.06s
    cube 3819.62.31 (depth 2, 24 lits): UNSAT in 12.20s
    cube 3819.62.32 (depth 2, 24 lits): UNSAT in 0.04s
    cube 3819.62.33 (depth 2, 24 lits): UNSAT in 0.09s
    cube 3819.62.34 (depth 2, 24 lits): UNSAT in 0.05s
    cube 3819.62.35 (depth 2, 24 lits): UNSAT in 0.35s
    cube 3819.62.36 (depth 2, 24 lits): UNSAT in 0.28s
    cube 3819.62.37 (depth 2, 24 lits): UNSAT in 0.64s
    cube 3819.62.38 (depth 2, 24 lits): UNSAT in 0.18s
    cube 3819.62.39 (depth 2, 24 lits): UNSAT in 4.40s
    cube 3819.62.40 (depth 2, 24 lits): UNSAT in 0.05s
    cube 3819.62.41 (depth 2, 24 lits): UNSAT in 0.49s
    cube 3819.62.42 (depth 2, 24 lits): UNSAT in 0.88s
    cube 3819.62.43 (depth 2, 24 lits): UNSAT in 1.93s
    cube 3819.62.44 (depth 2, 24 lits): UNSAT in 0.93s
    cube 3819.62.45 (depth 2, 24 lits): UNSAT in 3.40s
    cube 3819.62.46 (depth 2, 24 lits): UNSAT in 3.45s
    cube 3819.62.47 (depth 2, 24 lits): UNSAT in 29.13s
    cube 3819.62.48 (depth 2, 24 lits): UNSAT in 0.21s
    cube 3819.62.49 (depth 2, 24 lits): UNSAT in 0.92s
    cube 3819.62.50 (depth 2, 24 lits): UNSAT in 1.38s
    cube 3819.62.51 (depth 2, 24 lits): UNSAT in 2.67s
    cube 3819.62.52 (depth 2, 24 lits): UNSAT in 0.63s
    cube 3819.62.53 (depth 2, 24 lits): UNSAT in 3.18s
    cube 3819.62.54 (depth 2, 24 lits): UNSAT in 2.33s
    cube 3819.62.55 (depth 2, 24 lits): UNSAT in 7.88s
    cube 3819.62.56 (depth 2, 24 lits): UNSAT in 1.24s
    cube 3819.62.57 (depth 2, 24 lits): UNSAT in 3.58s
    cube 3819.62.58 (depth 2, 24 lits): UNSAT in 5.69s
    cube 3819.62.59 (depth 2, 24 lits): UNSAT in 17.67s
    cube 3819.62.60 (depth 2, 24 lits): UNSAT in 3.25s
    cube 3819.62.61 (depth 2, 24 lits): UNSAT in 25.09s
    cube 3819.62.62 (depth 2, 24 lits): UNSAT in 15.72s
    cube 3819.62.63 (depth 2, 24 lits): TIMEOUT in 60.00s
    cube 3819.62.63 TIMEOUT -> re-split into 64 sub-cubes (depth 3)
    cube 3819.62.63.0 (depth 3, 30 lits): UNSAT in 0.03s
    cube 3819.62.63.1 (depth 3, 30 lits): UNSAT in 0.24s
    cube 3819.62.63.2 (depth 3, 30 lits): UNSAT in 0.20s
    cube 3819.62.63.3 (depth 3, 30 lits): UNSAT in 0.53s
    cube 3819.62.63.4 (depth 3, 30 lits): UNSAT in 0.03s
    cube 3819.62.63.5 (depth 3, 30 lits): UNSAT in 0.08s
    cube 3819.62.63.6 (depth 3, 30 lits): UNSAT in 0.11s
    cube 3819.62.63.7 (depth 3, 30 lits): UNSAT in 1.33s
    cube 3819.62.63.8 (depth 3, 30 lits): UNSAT in 0.12s
    cube 3819.62.63.9 (depth 3, 30 lits): UNSAT in 0.52s
    cube 3819.62.63.10 (depth 3, 30 lits): UNSAT in 0.44s
    cube 3819.62.63.11 (depth 3, 30 lits): UNSAT in 0.91s
    cube 3819.62.63.12 (depth 3, 30 lits): UNSAT in 0.07s
    cube 3819.62.63.13 (depth 3, 30 lits): UNSAT in 1.06s
    cube 3819.62.63.14 (depth 3, 30 lits): UNSAT in 0.98s
    cube 3819.62.63.15 (depth 3, 30 lits): UNSAT in 3.32s
    cube 3819.62.63.16 (depth 3, 30 lits): UNSAT in 0.02s
    cube 3819.62.63.17 (depth 3, 30 lits): UNSAT in 0.08s
    cube 3819.62.63.18 (depth 3, 30 lits): UNSAT in 0.16s
    cube 3819.62.63.19 (depth 3, 30 lits): UNSAT in 0.27s
    cube 3819.62.63.20 (depth 3, 30 lits): UNSAT in 0.91s
    cube 3819.62.63.21 (depth 3, 30 lits): UNSAT in 1.89s
    cube 3819.62.63.22 (depth 3, 30 lits): UNSAT in 0.21s
    cube 3819.62.63.23 (depth 3, 30 lits): UNSAT in 4.59s
    cube 3819.62.63.24 (depth 3, 30 lits): UNSAT in 0.96s
    cube 3819.62.63.25 (depth 3, 30 lits): UNSAT in 1.89s
    cube 3819.62.63.26 (depth 3, 30 lits): UNSAT in 1.54s
    cube 3819.62.63.27 (depth 3, 30 lits): UNSAT in 4.71s
    cube 3819.62.63.28 (depth 3, 30 lits): UNSAT in 1.37s
    cube 3819.62.63.29 (depth 3, 30 lits): UNSAT in 3.56s
    cube 3819.62.63.30 (depth 3, 30 lits): UNSAT in 3.94s
    cube 3819.62.63.31 (depth 3, 30 lits): UNSAT in 15.47s
    cube 3819.62.63.32 (depth 3, 30 lits): UNSAT in 0.02s
    cube 3819.62.63.33 (depth 3, 30 lits): UNSAT in 0.04s
    cube 3819.62.63.34 (depth 3, 30 lits): UNSAT in 0.05s
    cube 3819.62.63.35 (depth 3, 30 lits): UNSAT in 0.25s
    cube 3819.62.63.36 (depth 3, 30 lits): UNSAT in 0.68s
    cube 3819.62.63.37 (depth 3, 30 lits): UNSAT in 1.24s
    cube 3819.62.63.38 (depth 3, 30 lits): UNSAT in 1.52s
    cube 3819.62.63.39 (depth 3, 30 lits): UNSAT in 2.50s
    cube 3819.62.63.40 (depth 3, 30 lits): UNSAT in 0.70s
    cube 3819.62.63.41 (depth 3, 30 lits): UNSAT in 1.08s
    cube 3819.62.63.42 (depth 3, 30 lits): UNSAT in 0.57s
    cube 3819.62.63.43 (depth 3, 30 lits): UNSAT in 2.52s
    cube 3819.62.63.44 (depth 3, 30 lits): UNSAT in 1.65s
    cube 3819.62.63.45 (depth 3, 30 lits): UNSAT in 3.10s
    cube 3819.62.63.46 (depth 3, 30 lits): UNSAT in 2.84s
    cube 3819.62.63.47 (depth 3, 30 lits): UNSAT in 10.97s
    cube 3819.62.63.48 (depth 3, 30 lits): UNSAT in 0.13s
    cube 3819.62.63.49 (depth 3, 30 lits): UNSAT in 1.00s
    cube 3819.62.63.50 (depth 3, 30 lits): UNSAT in 0.58s
    cube 3819.62.63.51 (depth 3, 30 lits): UNSAT in 2.73s
    cube 3819.62.63.52 (depth 3, 30 lits): UNSAT in 1.01s
    cube 3819.62.63.53 (depth 3, 30 lits): UNSAT in 2.75s
    cube 3819.62.63.54 (depth 3, 30 lits): UNSAT in 3.28s
    cube 3819.62.63.55 (depth 3, 30 lits): UNSAT in 9.80s
    cube 3819.62.63.56 (depth 3, 30 lits): UNSAT in 1.39s
    cube 3819.62.63.57 (depth 3, 30 lits): UNSAT in 2.20s
    cube 3819.62.63.58 (depth 3, 30 lits): UNSAT in 1.80s
    cube 3819.62.63.59 (depth 3, 30 lits): UNSAT in 4.53s
    cube 3819.62.63.60 (depth 3, 30 lits): UNSAT in 5.09s
    cube 3819.62.63.61 (depth 3, 30 lits): UNSAT in 15.27s
    cube 3819.62.63.62 (depth 3, 30 lits): UNSAT in 8.94s
    cube 3819.62.63.63 (depth 3, 30 lits): UNSAT in 30.81s
    cube 3819.63 (depth 1, 18 lits): TIMEOUT in 60.03s
    cube 3819.63 TIMEOUT -> re-split into 64 sub-cubes (depth 2)
    cube 3819.63.0 (depth 2, 24 lits): UNSAT in 0.05s
    cube 3819.63.1 (depth 2, 24 lits): UNSAT in 0.19s
    cube 3819.63.2 (depth 2, 24 lits): UNSAT in 0.52s
    cube 3819.63.3 (depth 2, 24 lits): UNSAT in 0.52s
    cube 3819.63.4 (depth 2, 24 lits): UNSAT in 0.43s
    cube 3819.63.5 (depth 2, 24 lits): UNSAT in 0.72s
    cube 3819.63.6 (depth 2, 24 lits): UNSAT in 0.76s
    cube 3819.63.7 (depth 2, 24 lits): UNSAT in 1.64s
    cube 3819.63.8 (depth 2, 24 lits): UNSAT in 0.50s
    cube 3819.63.9 (depth 2, 24 lits): UNSAT in 1.05s
    cube 3819.63.10 (depth 2, 24 lits): UNSAT in 0.96s
    cube 3819.63.11 (depth 2, 24 lits): UNSAT in 2.12s
    cube 3819.63.12 (depth 2, 24 lits): UNSAT in 0.75s
    cube 3819.63.13 (depth 2, 24 lits): UNSAT in 1.41s
    cube 3819.63.14 (depth 2, 24 lits): UNSAT in 1.39s
    cube 3819.63.15 (depth 2, 24 lits): UNSAT in 4.97s
    cube 3819.63.16 (depth 2, 24 lits): UNSAT in 0.07s
    cube 3819.63.17 (depth 2, 24 lits): UNSAT in 0.72s
    cube 3819.63.18 (depth 2, 24 lits): UNSAT in 0.12s
    cube 3819.63.19 (depth 2, 24 lits): UNSAT in 1.35s
    cube 3819.63.20 (depth 2, 24 lits): UNSAT in 0.83s
    cube 3819.63.21 (depth 2, 24 lits): UNSAT in 2.50s
    cube 3819.63.22 (depth 2, 24 lits): UNSAT in 2.33s
    cube 3819.63.23 (depth 2, 24 lits): UNSAT in 5.67s
    cube 3819.63.24 (depth 2, 24 lits): UNSAT in 0.80s
    cube 3819.63.25 (depth 2, 24 lits): UNSAT in 1.73s
    cube 3819.63.26 (depth 2, 24 lits): UNSAT in 2.13s
    cube 3819.63.27 (depth 2, 24 lits): UNSAT in 7.91s
    cube 3819.63.28 (depth 2, 24 lits): UNSAT in 3.19s
    cube 3819.63.29 (depth 2, 24 lits): UNSAT in 17.80s
    cube 3819.63.30 (depth 2, 24 lits): UNSAT in 16.97s
    cube 3819.63.31 (depth 2, 24 lits): UNSAT in 10.20s
    cube 3819.63.32 (depth 2, 24 lits): UNSAT in 0.50s
    cube 3819.63.33 (depth 2, 24 lits): UNSAT in 1.20s
    cube 3819.63.34 (depth 2, 24 lits): UNSAT in 0.91s
    cube 3819.63.35 (depth 2, 24 lits): UNSAT in 2.69s
    cube 3819.63.36 (depth 2, 24 lits): UNSAT in 1.67s
    cube 3819.63.37 (depth 2, 24 lits): UNSAT in 3.25s
    cube 3819.63.38 (depth 2, 24 lits): UNSAT in 2.26s
    cube 3819.63.39 (depth 2, 24 lits): UNSAT in 9.44s
    cube 3819.63.40 (depth 2, 24 lits): UNSAT in 0.45s
    cube 3819.63.41 (depth 2, 24 lits): UNSAT in 2.97s
    cube 3819.63.42 (depth 2, 24 lits): UNSAT in 2.27s
    cube 3819.63.43 (depth 2, 24 lits): UNSAT in 4.97s
    cube 3819.63.44 (depth 2, 24 lits): UNSAT in 3.33s
    cube 3819.63.45 (depth 2, 24 lits): UNSAT in 10.88s
    cube 3819.63.46 (depth 2, 24 lits): UNSAT in 17.47s
    cube 3819.63.47 (depth 2, 24 lits): TIMEOUT in 60.06s
    cube 3819.63.47 TIMEOUT -> re-split into 64 sub-cubes (depth 3)
    cube 3819.63.47.0 (depth 3, 30 lits): UNSAT in 0.02s
    cube 3819.63.47.1 (depth 3, 30 lits): UNSAT in 0.13s
    cube 3819.63.47.2 (depth 3, 30 lits): UNSAT in 0.04s
    cube 3819.63.47.3 (depth 3, 30 lits): UNSAT in 0.59s
    cube 3819.63.47.4 (depth 3, 30 lits): UNSAT in 0.32s
    cube 3819.63.47.5 (depth 3, 30 lits): UNSAT in 0.50s
    cube 3819.63.47.6 (depth 3, 30 lits): UNSAT in 0.84s
    cube 3819.63.47.7 (depth 3, 30 lits): UNSAT in 1.77s
    cube 3819.63.47.8 (depth 3, 30 lits): UNSAT in 0.12s
    cube 3819.63.47.9 (depth 3, 30 lits): UNSAT in 0.50s
    cube 3819.63.47.10 (depth 3, 30 lits): UNSAT in 0.78s
    cube 3819.63.47.11 (depth 3, 30 lits): UNSAT in 1.36s
    cube 3819.63.47.12 (depth 3, 30 lits): UNSAT in 0.57s
    cube 3819.63.47.13 (depth 3, 30 lits): UNSAT in 1.22s
    cube 3819.63.47.14 (depth 3, 30 lits): UNSAT in 1.04s
    cube 3819.63.47.15 (depth 3, 30 lits): UNSAT in 3.73s
    cube 3819.63.47.16 (depth 3, 30 lits): UNSAT in 0.13s
    cube 3819.63.47.17 (depth 3, 30 lits): UNSAT in 0.25s
    cube 3819.63.47.18 (depth 3, 30 lits): UNSAT in 0.32s
    cube 3819.63.47.19 (depth 3, 30 lits): UNSAT in 0.65s
    cube 3819.63.47.20 (depth 3, 30 lits): UNSAT in 0.29s
    cube 3819.63.47.21 (depth 3, 30 lits): UNSAT in 1.01s
    cube 3819.63.47.22 (depth 3, 30 lits): UNSAT in 0.83s
    cube 3819.63.47.23 (depth 3, 30 lits): UNSAT in 1.81s
    cube 3819.63.47.24 (depth 3, 30 lits): UNSAT in 0.42s
    cube 3819.63.47.25 (depth 3, 30 lits): UNSAT in 0.69s
    cube 3819.63.47.26 (depth 3, 30 lits): UNSAT in 1.09s
    cube 3819.63.47.27 (depth 3, 30 lits): UNSAT in 4.73s
    cube 3819.63.47.28 (depth 3, 30 lits): UNSAT in 2.65s
    cube 3819.63.47.29 (depth 3, 30 lits): UNSAT in 4.77s
    cube 3819.63.47.30 (depth 3, 30 lits): UNSAT in 5.33s
    cube 3819.63.47.31 (depth 3, 30 lits): UNSAT in 14.92s
    cube 3819.63.47.32 (depth 3, 30 lits): UNSAT in 0.11s
    cube 3819.63.47.33 (depth 3, 30 lits): UNSAT in 0.46s
    cube 3819.63.47.34 (depth 3, 30 lits): UNSAT in 0.64s
    cube 3819.63.47.35 (depth 3, 30 lits): UNSAT in 1.06s
    cube 3819.63.47.36 (depth 3, 30 lits): UNSAT in 0.69s
    cube 3819.63.47.37 (depth 3, 30 lits): UNSAT in 1.41s
    cube 3819.63.47.38 (depth 3, 30 lits): UNSAT in 1.40s
    cube 3819.63.47.39 (depth 3, 30 lits): UNSAT in 3.03s
    cube 3819.63.47.40 (depth 3, 30 lits): UNSAT in 0.80s
    cube 3819.63.47.41 (depth 3, 30 lits): UNSAT in 1.27s
    cube 3819.63.47.42 (depth 3, 30 lits): UNSAT in 1.80s
    cube 3819.63.47.43 (depth 3, 30 lits): UNSAT in 3.97s
    cube 3819.63.47.44 (depth 3, 30 lits): UNSAT in 0.84s
    cube 3819.63.47.45 (depth 3, 30 lits): UNSAT in 3.18s
    cube 3819.63.47.46 (depth 3, 30 lits): UNSAT in 3.23s
    cube 3819.63.47.47 (depth 3, 30 lits): UNSAT in 23.18s
    cube 3819.63.47.48 (depth 3, 30 lits): UNSAT in 0.07s
    cube 3819.63.47.49 (depth 3, 30 lits): UNSAT in 0.68s
    cube 3819.63.47.50 (depth 3, 30 lits): UNSAT in 0.75s
    cube 3819.63.47.51 (depth 3, 30 lits): UNSAT in 1.50s
    cube 3819.63.47.52 (depth 3, 30 lits): UNSAT in 0.36s
    cube 3819.63.47.53 (depth 3, 30 lits): UNSAT in 0.62s
    cube 3819.63.47.54 (depth 3, 30 lits): UNSAT in 1.67s
    cube 3819.63.47.55 (depth 3, 30 lits): UNSAT in 4.34s
    cube 3819.63.47.56 (depth 3, 30 lits): UNSAT in 0.93s
    cube 3819.63.47.57 (depth 3, 30 lits): UNSAT in 1.94s
    cube 3819.63.47.58 (depth 3, 30 lits): UNSAT in 1.29s
    cube 3819.63.47.59 (depth 3, 30 lits): UNSAT in 3.75s
    cube 3819.63.47.60 (depth 3, 30 lits): UNSAT in 1.60s
    cube 3819.63.47.61 (depth 3, 30 lits): UNSAT in 2.77s
    cube 3819.63.47.62 (depth 3, 30 lits): UNSAT in 3.03s
    cube 3819.63.47.63 (depth 3, 30 lits): UNSAT in 14.82s
    cube 3819.63.48 (depth 2, 24 lits): UNSAT in 0.54s
    cube 3819.63.49 (depth 2, 24 lits): UNSAT in 3.02s
    cube 3819.63.50 (depth 2, 24 lits): UNSAT in 3.78s
    cube 3819.63.51 (depth 2, 24 lits): UNSAT in 10.88s
    cube 3819.63.52 (depth 2, 24 lits): UNSAT in 2.32s
    cube 3819.63.53 (depth 2, 24 lits): UNSAT in 13.30s
    cube 3819.63.54 (depth 2, 24 lits): UNSAT in 22.08s
    cube 3819.63.55 (depth 2, 24 lits): TIMEOUT in 60.06s
    cube 3819.63.55 TIMEOUT -> re-split into 64 sub-cubes (depth 3)
    cube 3819.63.55.0 (depth 3, 30 lits): UNSAT in 0.02s
    cube 3819.63.55.1 (depth 3, 30 lits): UNSAT in 0.09s
    cube 3819.63.55.2 (depth 3, 30 lits): UNSAT in 0.02s
    cube 3819.63.55.3 (depth 3, 30 lits): UNSAT in 0.14s
    cube 3819.63.55.4 (depth 3, 30 lits): UNSAT in 0.08s
    cube 3819.63.55.5 (depth 3, 30 lits): UNSAT in 0.24s
    cube 3819.63.55.6 (depth 3, 30 lits): UNSAT in 0.05s
    cube 3819.63.55.7 (depth 3, 30 lits): UNSAT in 0.64s
    cube 3819.63.55.8 (depth 3, 30 lits): UNSAT in 0.03s
    cube 3819.63.55.9 (depth 3, 30 lits): UNSAT in 0.18s
    cube 3819.63.55.10 (depth 3, 30 lits): UNSAT in 0.20s
    cube 3819.63.55.11 (depth 3, 30 lits): UNSAT in 1.26s
    cube 3819.63.55.12 (depth 3, 30 lits): UNSAT in 0.38s
    cube 3819.63.55.13 (depth 3, 30 lits): UNSAT in 0.63s
    cube 3819.63.55.14 (depth 3, 30 lits): UNSAT in 0.71s
    cube 3819.63.55.15 (depth 3, 30 lits): UNSAT in 1.96s
    cube 3819.63.55.16 (depth 3, 30 lits): UNSAT in 0.02s
    cube 3819.63.55.17 (depth 3, 30 lits): UNSAT in 0.06s
    cube 3819.63.55.18 (depth 3, 30 lits): UNSAT in 0.03s
    cube 3819.63.55.19 (depth 3, 30 lits): UNSAT in 0.15s
    cube 3819.63.55.20 (depth 3, 30 lits): UNSAT in 0.04s
    cube 3819.63.55.21 (depth 3, 30 lits): UNSAT in 0.30s
    cube 3819.63.55.22 (depth 3, 30 lits): UNSAT in 0.07s
    cube 3819.63.55.23 (depth 3, 30 lits): UNSAT in 1.62s
    cube 3819.63.55.24 (depth 3, 30 lits): UNSAT in 0.92s
    cube 3819.63.55.25 (depth 3, 30 lits): UNSAT in 1.90s
    cube 3819.63.55.26 (depth 3, 30 lits): UNSAT in 1.48s
    cube 3819.63.55.27 (depth 3, 30 lits): UNSAT in 4.51s
    cube 3819.63.55.28 (depth 3, 30 lits): UNSAT in 0.42s
    cube 3819.63.55.29 (depth 3, 30 lits): UNSAT in 0.82s
    cube 3819.63.55.30 (depth 3, 30 lits): UNSAT in 1.13s
    cube 3819.63.55.31 (depth 3, 30 lits): UNSAT in 1.39s
    cube 3819.63.55.32 (depth 3, 30 lits): UNSAT in 0.34s
    cube 3819.63.55.33 (depth 3, 30 lits): UNSAT in 0.28s
    cube 3819.63.55.34 (depth 3, 30 lits): UNSAT in 0.22s
    cube 3819.63.55.35 (depth 3, 30 lits): UNSAT in 0.71s
    cube 3819.63.55.36 (depth 3, 30 lits): UNSAT in 0.84s
    cube 3819.63.55.37 (depth 3, 30 lits): UNSAT in 1.31s
    cube 3819.63.55.38 (depth 3, 30 lits): UNSAT in 1.37s
    cube 3819.63.55.39 (depth 3, 30 lits): UNSAT in 3.14s
    cube 3819.63.55.40 (depth 3, 30 lits): UNSAT in 0.58s
    cube 3819.63.55.41 (depth 3, 30 lits): UNSAT in 1.50s
    cube 3819.63.55.42 (depth 3, 30 lits): UNSAT in 0.43s
    cube 3819.63.55.43 (depth 3, 30 lits): UNSAT in 2.48s
    cube 3819.63.55.44 (depth 3, 30 lits): UNSAT in 0.97s
    cube 3819.63.55.45 (depth 3, 30 lits): UNSAT in 3.36s
    cube 3819.63.55.46 (depth 3, 30 lits): UNSAT in 1.11s
    cube 3819.63.55.47 (depth 3, 30 lits): UNSAT in 3.35s
    cube 3819.63.55.48 (depth 3, 30 lits): UNSAT in 0.42s
    cube 3819.63.55.49 (depth 3, 30 lits): UNSAT in 0.59s
    cube 3819.63.55.50 (depth 3, 30 lits): UNSAT in 0.80s
    cube 3819.63.55.51 (depth 3, 30 lits): UNSAT in 2.72s
    cube 3819.63.55.52 (depth 3, 30 lits): UNSAT in 0.85s
    cube 3819.63.55.53 (depth 3, 30 lits): UNSAT in 2.04s
    cube 3819.63.55.54 (depth 3, 30 lits): UNSAT in 3.75s
    cube 3819.63.55.55 (depth 3, 30 lits): UNSAT in 3.40s
    cube 3819.63.55.56 (depth 3, 30 lits): UNSAT in 0.37s
    cube 3819.63.55.57 (depth 3, 30 lits): UNSAT in 0.79s
    cube 3819.63.55.58 (depth 3, 30 lits): UNSAT in 1.61s
    cube 3819.63.55.59 (depth 3, 30 lits): UNSAT in 3.24s
    cube 3819.63.55.60 (depth 3, 30 lits): UNSAT in 0.70s
    cube 3819.63.55.61 (depth 3, 30 lits): UNSAT in 2.38s
    cube 3819.63.55.62 (depth 3, 30 lits): UNSAT in 3.00s
    cube 3819.63.55.63 (depth 3, 30 lits): UNSAT in 7.44s
    cube 3819.63.56 (depth 2, 24 lits): UNSAT in 2.60s
    cube 3819.63.57 (depth 2, 24 lits): UNSAT in 5.98s
    cube 3819.63.58 (depth 2, 24 lits): UNSAT in 8.90s
    cube 3819.63.59 (depth 2, 24 lits): UNSAT in 40.58s
    cube 3819.63.60 (depth 2, 24 lits): UNSAT in 16.31s
    cube 3819.63.61 (depth 2, 24 lits): UNSAT in 25.53s
    cube 3819.63.62 (depth 2, 24 lits): UNSAT in 32.70s
    cube 3819.63.63 (depth 2, 24 lits): TIMEOUT in 60.06s
    cube 3819.63.63 TIMEOUT -> re-split into 64 sub-cubes (depth 3)
    cube 3819.63.63.0 (depth 3, 30 lits): UNSAT in 0.02s
    cube 3819.63.63.1 (depth 3, 30 lits): UNSAT in 0.02s
    cube 3819.63.63.2 (depth 3, 30 lits): UNSAT in 0.37s
    cube 3819.63.63.3 (depth 3, 30 lits): UNSAT in 0.45s
    cube 3819.63.63.4 (depth 3, 30 lits): UNSAT in 0.22s
    cube 3819.63.63.5 (depth 3, 30 lits): UNSAT in 0.35s
    cube 3819.63.63.6 (depth 3, 30 lits): UNSAT in 0.40s
    cube 3819.63.63.7 (depth 3, 30 lits): UNSAT in 0.97s
    cube 3819.63.63.8 (depth 3, 30 lits): UNSAT in 0.03s
    cube 3819.63.63.9 (depth 3, 30 lits): UNSAT in 0.10s
    cube 3819.63.63.10 (depth 3, 30 lits): UNSAT in 0.09s
    cube 3819.63.63.11 (depth 3, 30 lits): UNSAT in 1.12s
    cube 3819.63.63.12 (depth 3, 30 lits): UNSAT in 0.11s
    cube 3819.63.63.13 (depth 3, 30 lits): UNSAT in 0.77s
    cube 3819.63.63.14 (depth 3, 30 lits): UNSAT in 0.53s
    cube 3819.63.63.15 (depth 3, 30 lits): UNSAT in 1.86s
    cube 3819.63.63.16 (depth 3, 30 lits): UNSAT in 0.05s
    cube 3819.63.63.17 (depth 3, 30 lits): UNSAT in 0.58s
    cube 3819.63.63.18 (depth 3, 30 lits): UNSAT in 0.09s
    cube 3819.63.63.19 (depth 3, 30 lits): UNSAT in 1.87s
    cube 3819.63.63.20 (depth 3, 30 lits): UNSAT in 1.04s
    cube 3819.63.63.21 (depth 3, 30 lits): UNSAT in 1.98s
    cube 3819.63.63.22 (depth 3, 30 lits): UNSAT in 1.88s
    cube 3819.63.63.23 (depth 3, 30 lits): UNSAT in 3.19s
    cube 3819.63.63.24 (depth 3, 30 lits): UNSAT in 0.52s
    cube 3819.63.63.25 (depth 3, 30 lits): UNSAT in 0.70s
    cube 3819.63.63.26 (depth 3, 30 lits): UNSAT in 1.45s
    cube 3819.63.63.27 (depth 3, 30 lits): UNSAT in 1.24s
    cube 3819.63.63.28 (depth 3, 30 lits): UNSAT in 1.65s
    cube 3819.63.63.29 (depth 3, 30 lits): UNSAT in 2.67s
    cube 3819.63.63.30 (depth 3, 30 lits): UNSAT in 2.45s
    cube 3819.63.63.31 (depth 3, 30 lits): UNSAT in 2.79s
    cube 3819.63.63.32 (depth 3, 30 lits): UNSAT in 0.16s
    cube 3819.63.63.33 (depth 3, 30 lits): UNSAT in 0.39s
    cube 3819.63.63.34 (depth 3, 30 lits): UNSAT in 0.09s
    cube 3819.63.63.35 (depth 3, 30 lits): UNSAT in 1.96s
    cube 3819.63.63.36 (depth 3, 30 lits): UNSAT in 0.54s
    cube 3819.63.63.37 (depth 3, 30 lits): UNSAT in 1.50s
    cube 3819.63.63.38 (depth 3, 30 lits): UNSAT in 1.24s
    cube 3819.63.63.39 (depth 3, 30 lits): UNSAT in 4.71s
    cube 3819.63.63.40 (depth 3, 30 lits): UNSAT in 0.78s
    cube 3819.63.63.41 (depth 3, 30 lits): UNSAT in 1.16s
    cube 3819.63.63.42 (depth 3, 30 lits): UNSAT in 1.46s
    cube 3819.63.63.43 (depth 3, 30 lits): UNSAT in 3.79s
    cube 3819.63.63.44 (depth 3, 30 lits): UNSAT in 0.63s
    cube 3819.63.63.45 (depth 3, 30 lits): UNSAT in 0.74s
    cube 3819.63.63.46 (depth 3, 30 lits): UNSAT in 2.08s
    cube 3819.63.63.47 (depth 3, 30 lits): UNSAT in 4.85s
    cube 3819.63.63.48 (depth 3, 30 lits): UNSAT in 0.03s
    cube 3819.63.63.49 (depth 3, 30 lits): UNSAT in 0.06s
    cube 3819.63.63.50 (depth 3, 30 lits): UNSAT in 0.06s
    cube 3819.63.63.51 (depth 3, 30 lits): UNSAT in 0.16s
    cube 3819.63.63.52 (depth 3, 30 lits): UNSAT in 0.12s
    cube 3819.63.63.53 (depth 3, 30 lits): UNSAT in 0.34s
    cube 3819.63.63.54 (depth 3, 30 lits): UNSAT in 0.48s
    cube 3819.63.63.55 (depth 3, 30 lits): UNSAT in 3.57s
    cube 3819.63.63.56 (depth 3, 30 lits): UNSAT in 0.09s
    cube 3819.63.63.57 (depth 3, 30 lits): UNSAT in 1.22s
    cube 3819.63.63.58 (depth 3, 30 lits): UNSAT in 1.64s
    cube 3819.63.63.59 (depth 3, 30 lits): UNSAT in 4.70s
    cube 3819.63.63.60 (depth 3, 30 lits): UNSAT in 1.27s
    cube 3819.63.63.61 (depth 3, 30 lits): UNSAT in 2.56s
    cube 3819.63.63.62 (depth 3, 30 lits): UNSAT in 2.89s
    cube 3819.63.63.63 (depth 3, 30 lits): UNSAT in 4.85s
    cube 3820 (depth 0, 12 lits): TIMEOUT in 60.01s
    cube 3820 TIMEOUT -> re-split into 64 sub-cubes (depth 1)
    cube 3820.0 (depth 1, 18 lits): UNSAT in 0.02s
    cube 3820.1 (depth 1, 18 lits): UNSAT in 0.05s
    cube 3820.2 (depth 1, 18 lits): UNSAT in 0.06s
    cube 3820.3 (depth 1, 18 lits): UNSAT in 0.27s
    cube 3820.4 (depth 1, 18 lits): UNSAT in 0.04s
    cube 3820.5 (depth 1, 18 lits): UNSAT in 0.16s
    cube 3820.6 (depth 1, 18 lits): UNSAT in 0.23s
    cube 3820.7 (depth 1, 18 lits): UNSAT in 2.80s
    cube 3820.8 (depth 1, 18 lits): UNSAT in 0.42s
    cube 3820.9 (depth 1, 18 lits): UNSAT in 1.16s
    cube 3820.10 (depth 1, 18 lits): UNSAT in 0.27s
    cube 3820.11 (depth 1, 18 lits): UNSAT in 2.39s
    cube 3820.12 (depth 1, 18 lits): UNSAT in 0.44s
    cube 3820.13 (depth 1, 18 lits): UNSAT in 1.34s
    cube 3820.14 (depth 1, 18 lits): UNSAT in 3.22s
    cube 3820.15 (depth 1, 18 lits): UNSAT in 57.71s
    cube 3820.16 (depth 1, 18 lits): UNSAT in 0.10s
    cube 3820.17 (depth 1, 18 lits): UNSAT in 0.35s
    cube 3820.18 (depth 1, 18 lits): UNSAT in 0.46s
    cube 3820.19 (depth 1, 18 lits): UNSAT in 0.73s
    cube 3820.20 (depth 1, 18 lits): UNSAT in 0.43s
    cube 3820.21 (depth 1, 18 lits): UNSAT in 1.11s
    cube 3820.22 (depth 1, 18 lits): UNSAT in 1.02s
    cube 3820.23 (depth 1, 18 lits): UNSAT in 11.23s
    cube 3820.24 (depth 1, 18 lits): UNSAT in 0.37s
    cube 3820.25 (depth 1, 18 lits): UNSAT in 3.98s
    cube 3820.26 (depth 1, 18 lits): UNSAT in 5.71s
    cube 3820.27 (depth 1, 18 lits): UNSAT in 50.23s
    cube 3820.28 (depth 1, 18 lits): UNSAT in 0.88s
    cube 3820.29 (depth 1, 18 lits): UNSAT in 18.15s
    cube 3820.30 (depth 1, 18 lits): UNSAT in 41.50s
    cube 3820.31 (depth 1, 18 lits): TIMEOUT in 60.05s
    cube 3820.31 TIMEOUT -> re-split into 64 sub-cubes (depth 2)
    cube 3820.31.0 (depth 2, 24 lits): UNSAT in 0.06s
    cube 3820.31.1 (depth 2, 24 lits): UNSAT in 0.69s
    cube 3820.31.2 (depth 2, 24 lits): UNSAT in 0.86s
    cube 3820.31.3 (depth 2, 24 lits): UNSAT in 1.70s
    cube 3820.31.4 (depth 2, 24 lits): UNSAT in 1.32s
    cube 3820.31.5 (depth 2, 24 lits): UNSAT in 1.50s
    cube 3820.31.6 (depth 2, 24 lits): UNSAT in 0.93s
    cube 3820.31.7 (depth 2, 24 lits): UNSAT in 3.01s
    cube 3820.31.8 (depth 2, 24 lits): UNSAT in 0.23s
    cube 3820.31.9 (depth 2, 24 lits): UNSAT in 0.47s
    cube 3820.31.10 (depth 2, 24 lits): UNSAT in 0.44s
    cube 3820.31.11 (depth 2, 24 lits): UNSAT in 0.84s
    cube 3820.31.12 (depth 2, 24 lits): UNSAT in 0.66s
    cube 3820.31.13 (depth 2, 24 lits): UNSAT in 1.92s
    cube 3820.31.14 (depth 2, 24 lits): UNSAT in 2.19s
    cube 3820.31.15 (depth 2, 24 lits): UNSAT in 9.91s
    cube 3820.31.16 (depth 2, 24 lits): UNSAT in 0.06s
    cube 3820.31.17 (depth 2, 24 lits): UNSAT in 0.11s
    cube 3820.31.18 (depth 2, 24 lits): UNSAT in 0.08s
    cube 3820.31.19 (depth 2, 24 lits): UNSAT in 0.33s
    cube 3820.31.20 (depth 2, 24 lits): UNSAT in 0.08s
    cube 3820.31.21 (depth 2, 24 lits): UNSAT in 0.42s
    cube 3820.31.22 (depth 2, 24 lits): UNSAT in 0.39s
    cube 3820.31.23 (depth 2, 24 lits): UNSAT in 2.40s
    cube 3820.31.24 (depth 2, 24 lits): UNSAT in 0.14s
    cube 3820.31.25 (depth 2, 24 lits): UNSAT in 0.83s
    cube 3820.31.26 (depth 2, 24 lits): UNSAT in 1.14s
    cube 3820.31.27 (depth 2, 24 lits): UNSAT in 3.11s
    cube 3820.31.28 (depth 2, 24 lits): UNSAT in 0.48s
    cube 3820.31.29 (depth 2, 24 lits): UNSAT in 3.20s
    cube 3820.31.30 (depth 2, 24 lits): UNSAT in 14.08s
    cube 3820.31.31 (depth 2, 24 lits): TIMEOUT in 60.05s
    cube 3820.31.31 TIMEOUT -> re-split into 64 sub-cubes (depth 3)
    cube 3820.31.31.0 (depth 3, 30 lits): UNSAT in 0.01s
    cube 3820.31.31.1 (depth 3, 30 lits): UNSAT in 0.02s
    cube 3820.31.31.2 (depth 3, 30 lits): UNSAT in 0.02s
    cube 3820.31.31.3 (depth 3, 30 lits): UNSAT in 0.05s
    cube 3820.31.31.4 (depth 3, 30 lits): UNSAT in 0.01s
    cube 3820.31.31.5 (depth 3, 30 lits): UNSAT in 0.02s
    cube 3820.31.31.6 (depth 3, 30 lits): UNSAT in 0.02s
    cube 3820.31.31.7 (depth 3, 30 lits): UNSAT in 0.04s
    cube 3820.31.31.8 (depth 3, 30 lits): UNSAT in 0.01s
    cube 3820.31.31.9 (depth 3, 30 lits): UNSAT in 0.03s
    cube 3820.31.31.10 (depth 3, 30 lits): UNSAT in 0.03s
    cube 3820.31.31.11 (depth 3, 30 lits): UNSAT in 0.04s
    cube 3820.31.31.12 (depth 3, 30 lits): UNSAT in 0.04s
    cube 3820.31.31.13 (depth 3, 30 lits): UNSAT in 0.04s
    cube 3820.31.31.14 (depth 3, 30 lits): UNSAT in 0.09s
    cube 3820.31.31.15 (depth 3, 30 lits): UNSAT in 0.58s
    cube 3820.31.31.16 (depth 3, 30 lits): UNSAT in 0.04s
    cube 3820.31.31.17 (depth 3, 30 lits): UNSAT in 0.10s
    cube 3820.31.31.18 (depth 3, 30 lits): UNSAT in 0.06s
    cube 3820.31.31.19 (depth 3, 30 lits): UNSAT in 0.14s
    cube 3820.31.31.20 (depth 3, 30 lits): UNSAT in 0.05s
    cube 3820.31.31.21 (depth 3, 30 lits): UNSAT in 0.14s
    cube 3820.31.31.22 (depth 3, 30 lits): UNSAT in 0.08s
    cube 3820.31.31.23 (depth 3, 30 lits): UNSAT in 0.50s
    cube 3820.31.31.24 (depth 3, 30 lits): UNSAT in 0.04s
    cube 3820.31.31.25 (depth 3, 30 lits): UNSAT in 0.09s
    cube 3820.31.31.26 (depth 3, 30 lits): UNSAT in 0.12s
    cube 3820.31.31.27 (depth 3, 30 lits): UNSAT in 0.37s
    cube 3820.31.31.28 (depth 3, 30 lits): UNSAT in 0.04s
    cube 3820.31.31.29 (depth 3, 30 lits): UNSAT in 0.21s
    cube 3820.31.31.30 (depth 3, 30 lits): UNSAT in 0.21s
    cube 3820.31.31.31 (depth 3, 30 lits): UNSAT in 2.28s
    cube 3820.31.31.32 (depth 3, 30 lits): UNSAT in 0.02s
    cube 3820.31.31.33 (depth 3, 30 lits): UNSAT in 0.03s
    cube 3820.31.31.34 (depth 3, 30 lits): UNSAT in 0.03s
    cube 3820.31.31.35 (depth 3, 30 lits): UNSAT in 0.07s
    cube 3820.31.31.36 (depth 3, 30 lits): UNSAT in 0.09s
    cube 3820.31.31.37 (depth 3, 30 lits): UNSAT in 0.11s
    cube 3820.31.31.38 (depth 3, 30 lits): UNSAT in 0.07s
    cube 3820.31.31.39 (depth 3, 30 lits): UNSAT in 0.38s
    cube 3820.31.31.40 (depth 3, 30 lits): UNSAT in 0.07s
    cube 3820.31.31.41 (depth 3, 30 lits): UNSAT in 0.22s
    cube 3820.31.31.42 (depth 3, 30 lits): UNSAT in 0.07s
    cube 3820.31.31.43 (depth 3, 30 lits): UNSAT in 1.42s
    cube 3820.31.31.44 (depth 3, 30 lits): UNSAT in 0.25s
    cube 3820.31.31.45 (depth 3, 30 lits): UNSAT in 0.91s
    cube 3820.31.31.46 (depth 3, 30 lits): UNSAT in 0.70s
    cube 3820.31.31.47 (depth 3, 30 lits): UNSAT in 3.45s
    cube 3820.31.31.48 (depth 3, 30 lits): UNSAT in 0.34s
    cube 3820.31.31.49 (depth 3, 30 lits): UNSAT in 0.77s
    cube 3820.31.31.50 (depth 3, 30 lits): UNSAT in 1.62s
    cube 3820.31.31.51 (depth 3, 30 lits): UNSAT in 3.10s
    cube 3820.31.31.52 (depth 3, 30 lits): UNSAT in 1.15s
    cube 3820.31.31.53 (depth 3, 30 lits): UNSAT in 9.85s
    cube 3820.31.31.54 (depth 3, 30 lits): UNSAT in 3.41s
    cube 3820.31.31.55 (depth 3, 30 lits): UNSAT in 18.37s
    cube 3820.31.31.56 (depth 3, 30 lits): UNSAT in 0.22s
    cube 3820.31.31.57 (depth 3, 30 lits): UNSAT in 1.11s
    cube 3820.31.31.58 (depth 3, 30 lits): UNSAT in 0.47s
    cube 3820.31.31.59 (depth 3, 30 lits): UNSAT in 3.33s
    cube 3820.31.31.60 (depth 3, 30 lits): UNSAT in 0.85s
    cube 3820.31.31.61 (depth 3, 30 lits): UNSAT in 5.68s
    cube 3820.31.31.62 (depth 3, 30 lits): UNSAT in 0.71s
    cube 3820.31.31.63 (depth 3, 30 lits): UNSAT in 4.70s
    cube 3820.31.32 (depth 2, 24 lits): UNSAT in 0.03s
    cube 3820.31.33 (depth 2, 24 lits): UNSAT in 0.11s
    cube 3820.31.34 (depth 2, 24 lits): UNSAT in 0.22s
    cube 3820.31.35 (depth 2, 24 lits): UNSAT in 0.47s
    cube 3820.31.36 (depth 2, 24 lits): UNSAT in 0.20s
    cube 3820.31.37 (depth 2, 24 lits): UNSAT in 0.62s
    cube 3820.31.38 (depth 2, 24 lits): UNSAT in 0.42s
    cube 3820.31.39 (depth 2, 24 lits): UNSAT in 5.78s
    cube 3820.31.40 (depth 2, 24 lits): UNSAT in 0.07s
    cube 3820.31.41 (depth 2, 24 lits): UNSAT in 0.35s
    cube 3820.31.42 (depth 2, 24 lits): UNSAT in 0.19s
    cube 3820.31.43 (depth 2, 24 lits): UNSAT in 1.42s
    cube 3820.31.44 (depth 2, 24 lits): UNSAT in 1.57s
    cube 3820.31.45 (depth 2, 24 lits): UNSAT in 3.92s
    cube 3820.31.46 (depth 2, 24 lits): UNSAT in 3.86s
    cube 3820.31.47 (depth 2, 24 lits): UNSAT in 44.73s
    cube 3820.31.48 (depth 2, 24 lits): UNSAT in 0.05s
    cube 3820.31.49 (depth 2, 24 lits): UNSAT in 0.21s
    cube 3820.31.50 (depth 2, 24 lits): UNSAT in 0.23s
    cube 3820.31.51 (depth 2, 24 lits): UNSAT in 3.57s
    cube 3820.31.52 (depth 2, 24 lits): UNSAT in 0.67s
    cube 3820.31.53 (depth 2, 24 lits): UNSAT in 5.31s
    cube 3820.31.54 (depth 2, 24 lits): UNSAT in 1.19s
    cube 3820.31.55 (depth 2, 24 lits): UNSAT in 44.99s
    cube 3820.31.56 (depth 2, 24 lits): UNSAT in 0.55s
    cube 3820.31.57 (depth 2, 24 lits): UNSAT in 1.83s
    cube 3820.31.58 (depth 2, 24 lits): UNSAT in 3.50s
    cube 3820.31.59 (depth 2, 24 lits): UNSAT in 58.78s
    cube 3820.31.60 (depth 2, 24 lits): UNSAT in 16.93s
    cube 3820.31.61 (depth 2, 24 lits): TIMEOUT in 60.06s
    cube 3820.31.61 TIMEOUT -> re-split into 64 sub-cubes (depth 3)
    cube 3820.31.61.0 (depth 3, 30 lits): UNSAT in 0.03s
    cube 3820.31.61.1 (depth 3, 30 lits): UNSAT in 0.49s
    cube 3820.31.61.2 (depth 3, 30 lits): UNSAT in 0.33s
    cube 3820.31.61.3 (depth 3, 30 lits): UNSAT in 0.65s
    cube 3820.31.61.4 (depth 3, 30 lits): UNSAT in 0.19s
    cube 3820.31.61.5 (depth 3, 30 lits): UNSAT in 0.52s
    cube 3820.31.61.6 (depth 3, 30 lits): UNSAT in 0.91s
    cube 3820.31.61.7 (depth 3, 30 lits): UNSAT in 1.48s
    cube 3820.31.61.8 (depth 3, 30 lits): UNSAT in 0.02s
    cube 3820.31.61.9 (depth 3, 30 lits): UNSAT in 0.24s
    cube 3820.31.61.10 (depth 3, 30 lits): UNSAT in 0.38s
    cube 3820.31.61.11 (depth 3, 30 lits): UNSAT in 1.40s
    cube 3820.31.61.12 (depth 3, 30 lits): UNSAT in 0.36s
    cube 3820.31.61.13 (depth 3, 30 lits): UNSAT in 1.04s
    cube 3820.31.61.14 (depth 3, 30 lits): UNSAT in 1.05s
    cube 3820.31.61.15 (depth 3, 30 lits): UNSAT in 3.79s
    cube 3820.31.61.16 (depth 3, 30 lits): UNSAT in 0.32s
    cube 3820.31.61.17 (depth 3, 30 lits): UNSAT in 0.36s
    cube 3820.31.61.18 (depth 3, 30 lits): UNSAT in 0.34s
    cube 3820.31.61.19 (depth 3, 30 lits): UNSAT in 0.58s
    cube 3820.31.61.20 (depth 3, 30 lits): UNSAT in 0.35s
    cube 3820.31.61.21 (depth 3, 30 lits): UNSAT in 0.93s
    cube 3820.31.61.22 (depth 3, 30 lits): UNSAT in 0.93s
    cube 3820.31.61.23 (depth 3, 30 lits): UNSAT in 1.69s
    cube 3820.31.61.24 (depth 3, 30 lits): UNSAT in 0.29s
    cube 3820.31.61.25 (depth 3, 30 lits): UNSAT in 1.48s
    cube 3820.31.61.26 (depth 3, 30 lits): UNSAT in 0.90s
    cube 3820.31.61.27 (depth 3, 30 lits): UNSAT in 4.87s
    cube 3820.31.61.28 (depth 3, 30 lits): UNSAT in 0.51s
    cube 3820.31.61.29 (depth 3, 30 lits): UNSAT in 1.48s
    cube 3820.31.61.30 (depth 3, 30 lits): UNSAT in 3.04s
    cube 3820.31.61.31 (depth 3, 30 lits): UNSAT in 12.06s
    cube 3820.31.61.32 (depth 3, 30 lits): UNSAT in 0.01s
    cube 3820.31.61.33 (depth 3, 30 lits): UNSAT in 0.02s
    cube 3820.31.61.34 (depth 3, 30 lits): UNSAT in 0.02s
    cube 3820.31.61.35 (depth 3, 30 lits): UNSAT in 0.04s
    cube 3820.31.61.36 (depth 3, 30 lits): UNSAT in 0.03s
    cube 3820.31.61.37 (depth 3, 30 lits): UNSAT in 0.05s
    cube 3820.31.61.38 (depth 3, 30 lits): UNSAT in 0.02s
    cube 3820.31.61.39 (depth 3, 30 lits): UNSAT in 0.02s
    cube 3820.31.61.40 (depth 3, 30 lits): UNSAT in 0.03s
    cube 3820.31.61.41 (depth 3, 30 lits): UNSAT in 0.09s
    cube 3820.31.61.42 (depth 3, 30 lits): UNSAT in 0.05s
    cube 3820.31.61.43 (depth 3, 30 lits): UNSAT in 0.13s
    cube 3820.31.61.44 (depth 3, 30 lits): UNSAT in 0.18s
    cube 3820.31.61.45 (depth 3, 30 lits): UNSAT in 0.70s
    cube 3820.31.61.46 (depth 3, 30 lits): UNSAT in 0.58s
    cube 3820.31.61.47 (depth 3, 30 lits): UNSAT in 4.75s
    cube 3820.31.61.48 (depth 3, 30 lits): UNSAT in 0.08s
    cube 3820.31.61.49 (depth 3, 30 lits): UNSAT in 0.10s
    cube 3820.31.61.50 (depth 3, 30 lits): UNSAT in 0.13s
    cube 3820.31.61.51 (depth 3, 30 lits): UNSAT in 0.25s
    cube 3820.31.61.52 (depth 3, 30 lits): UNSAT in 0.09s
    cube 3820.31.61.53 (depth 3, 30 lits): UNSAT in 0.94s
    cube 3820.31.61.54 (depth 3, 30 lits): UNSAT in 0.98s
    cube 3820.31.61.55 (depth 3, 30 lits): UNSAT in 5.54s
    cube 3820.31.61.56 (depth 3, 30 lits): UNSAT in 0.14s
    cube 3820.31.61.57 (depth 3, 30 lits): UNSAT in 0.36s
    cube 3820.31.61.58 (depth 3, 30 lits): UNSAT in 0.89s
    cube 3820.31.61.59 (depth 3, 30 lits): UNSAT in 4.21s
    cube 3820.31.61.60 (depth 3, 30 lits): UNSAT in 3.24s
    cube 3820.31.61.61 (depth 3, 30 lits): UNSAT in 11.82s
    cube 3820.31.61.62 (depth 3, 30 lits): UNSAT in 9.22s
    cube 3820.31.61.63 (depth 3, 30 lits): TIMEOUT in 60.06s
    cube 3820.31.62 (depth 2, 24 lits): UNSAT in 20.49s
    cube 3820.31.63 (depth 2, 24 lits): TIMEOUT in 60.04s
    cube 3820.31.63 TIMEOUT -> re-split into 62 sub-cubes (depth 3)
    cube 3820.31.63.0 (depth 3, 29 lits): UNSAT in 0.01s
    cube 3820.31.63.1 (depth 3, 30 lits): UNSAT in 0.01s
    cube 3820.31.63.2 (depth 3, 30 lits): UNSAT in 0.02s
    cube 3820.31.63.3 (depth 3, 29 lits): UNSAT in 0.01s
    cube 3820.31.63.4 (depth 3, 30 lits): UNSAT in 0.01s
    cube 3820.31.63.5 (depth 3, 30 lits): UNSAT in 0.02s
    cube 3820.31.63.6 (depth 3, 30 lits): UNSAT in 0.01s
    cube 3820.31.63.7 (depth 3, 30 lits): UNSAT in 0.01s
    cube 3820.31.63.8 (depth 3, 30 lits): UNSAT in 0.02s
    cube 3820.31.63.9 (depth 3, 30 lits): UNSAT in 0.03s
    cube 3820.31.63.10 (depth 3, 30 lits): UNSAT in 0.02s
    cube 3820.31.63.11 (depth 3, 30 lits): UNSAT in 0.03s
    cube 3820.31.63.12 (depth 3, 30 lits): UNSAT in 0.02s
    cube 3820.31.63.13 (depth 3, 30 lits): UNSAT in 0.02s
    cube 3820.31.63.14 (depth 3, 30 lits): UNSAT in 0.01s
    cube 3820.31.63.15 (depth 3, 30 lits): UNSAT in 0.02s
    cube 3820.31.63.16 (depth 3, 30 lits): UNSAT in 0.03s
    cube 3820.31.63.17 (depth 3, 30 lits): UNSAT in 0.13s
    cube 3820.31.63.18 (depth 3, 30 lits): UNSAT in 0.03s
    cube 3820.31.63.19 (depth 3, 30 lits): UNSAT in 0.10s
    cube 3820.31.63.20 (depth 3, 30 lits): UNSAT in 0.17s
    cube 3820.31.63.21 (depth 3, 30 lits): UNSAT in 0.26s
    cube 3820.31.63.22 (depth 3, 30 lits): UNSAT in 0.01s
    cube 3820.31.63.23 (depth 3, 30 lits): UNSAT in 0.06s
    cube 3820.31.63.24 (depth 3, 30 lits): UNSAT in 0.10s
    cube 3820.31.63.25 (depth 3, 30 lits): UNSAT in 0.52s
    cube 3820.31.63.26 (depth 3, 30 lits): UNSAT in 0.07s
    cube 3820.31.63.27 (depth 3, 30 lits): UNSAT in 0.41s
    cube 3820.31.63.28 (depth 3, 30 lits): UNSAT in 0.36s
    cube 3820.31.63.29 (depth 3, 30 lits): UNSAT in 1.42s
    cube 3820.31.63.30 (depth 3, 30 lits): UNSAT in 0.23s
    cube 3820.31.63.31 (depth 3, 30 lits): UNSAT in 0.47s
    cube 3820.31.63.32 (depth 3, 30 lits): UNSAT in 0.33s
    cube 3820.31.63.33 (depth 3, 30 lits): UNSAT in 0.40s
    cube 3820.31.63.34 (depth 3, 30 lits): UNSAT in 0.15s
    cube 3820.31.63.35 (depth 3, 30 lits): UNSAT in 0.30s
    cube 3820.31.63.36 (depth 3, 30 lits): UNSAT in 0.40s
    cube 3820.31.63.37 (depth 3, 30 lits): UNSAT in 1.23s
    cube 3820.31.63.38 (depth 3, 30 lits): UNSAT in 0.59s
    cube 3820.31.63.39 (depth 3, 30 lits): UNSAT in 1.16s
    cube 3820.31.63.40 (depth 3, 30 lits): UNSAT in 1.01s
    cube 3820.31.63.41 (depth 3, 30 lits): UNSAT in 2.19s
    cube 3820.31.63.42 (depth 3, 30 lits): UNSAT in 0.68s
    cube 3820.31.63.43 (depth 3, 30 lits): UNSAT in 1.09s
    cube 3820.31.63.44 (depth 3, 30 lits): UNSAT in 1.45s
    cube 3820.31.63.45 (depth 3, 30 lits): UNSAT in 7.98s
    cube 3820.31.63.46 (depth 3, 30 lits): UNSAT in 0.02s
    cube 3820.31.63.47 (depth 3, 30 lits): UNSAT in 0.03s
    cube 3820.31.63.48 (depth 3, 30 lits): UNSAT in 0.02s
    cube 3820.31.63.49 (depth 3, 30 lits): UNSAT in 0.40s
    cube 3820.31.63.50 (depth 3, 30 lits): UNSAT in 0.04s
    cube 3820.31.63.51 (depth 3, 30 lits): UNSAT in 0.13s
    cube 3820.31.63.52 (depth 3, 30 lits): UNSAT in 0.32s
    cube 3820.31.63.53 (depth 3, 30 lits): UNSAT in 3.93s
    cube 3820.31.63.54 (depth 3, 30 lits): UNSAT in 0.05s
    cube 3820.31.63.55 (depth 3, 30 lits): UNSAT in 0.28s
    cube 3820.31.63.56 (depth 3, 30 lits): UNSAT in 0.23s
    cube 3820.31.63.57 (depth 3, 30 lits): UNSAT in 3.29s
    cube 3820.31.63.58 (depth 3, 30 lits): UNSAT in 3.23s
    cube 3820.31.63.59 (depth 3, 30 lits): UNSAT in 11.15s
    cube 3820.31.63.60 (depth 3, 30 lits): UNSAT in 11.65s
    cube 3820.31.63.61 (depth 3, 30 lits): TIMEOUT in 60.06s
    cube 3820.32 (depth 1, 18 lits): UNSAT in 2.93s
    cube 3820.33 (depth 1, 18 lits): UNSAT in 6.02s
    cube 3820.34 (depth 1, 18 lits): UNSAT in 7.84s
    cube 3820.35 (depth 1, 18 lits): UNSAT in 14.46s
    cube 3820.36 (depth 1, 18 lits): UNSAT in 2.44s
    cube 3820.37 (depth 1, 18 lits): UNSAT in 8.29s
    cube 3820.38 (depth 1, 18 lits): UNSAT in 14.20s
    cube 3820.39 (depth 1, 18 lits): TIMEOUT in 60.04s
    cube 3820.39 TIMEOUT -> re-split into 64 sub-cubes (depth 2)
    cube 3820.39.0 (depth 2, 24 lits): UNSAT in 0.05s
    cube 3820.39.1 (depth 2, 24 lits): UNSAT in 0.20s
    cube 3820.39.2 (depth 2, 24 lits): UNSAT in 0.31s
    cube 3820.39.3 (depth 2, 24 lits): UNSAT in 0.33s
    cube 3820.39.4 (depth 2, 24 lits): UNSAT in 0.24s
    cube 3820.39.5 (depth 2, 24 lits): UNSAT in 0.37s
    cube 3820.39.6 (depth 2, 24 lits): UNSAT in 0.26s
    cube 3820.39.7 (depth 2, 24 lits): UNSAT in 0.55s
    cube 3820.39.8 (depth 2, 24 lits): UNSAT in 0.11s
    cube 3820.39.9 (depth 2, 24 lits): UNSAT in 0.31s
    cube 3820.39.10 (depth 2, 24 lits): UNSAT in 0.45s
    cube 3820.39.11 (depth 2, 24 lits): UNSAT in 0.76s
    cube 3820.39.12 (depth 2, 24 lits): UNSAT in 0.76s
    cube 3820.39.13 (depth 2, 24 lits): UNSAT in 1.12s
    cube 3820.39.14 (depth 2, 24 lits): UNSAT in 0.48s
    cube 3820.39.15 (depth 2, 24 lits): UNSAT in 0.72s
    cube 3820.39.16 (depth 2, 24 lits): UNSAT in 0.26s
    cube 3820.39.17 (depth 2, 24 lits): UNSAT in 0.65s
    cube 3820.39.18 (depth 2, 24 lits): UNSAT in 0.59s
    cube 3820.39.19 (depth 2, 24 lits): UNSAT in 0.84s
    cube 3820.39.20 (depth 2, 24 lits): UNSAT in 0.59s
    cube 3820.39.21 (depth 2, 24 lits): UNSAT in 1.22s
    cube 3820.39.22 (depth 2, 24 lits): UNSAT in 0.53s
    cube 3820.39.23 (depth 2, 24 lits): UNSAT in 1.09s
    cube 3820.39.24 (depth 2, 24 lits): UNSAT in 0.41s
    cube 3820.39.25 (depth 2, 24 lits): UNSAT in 0.54s
    cube 3820.39.26 (depth 2, 24 lits): UNSAT in 1.48s
    cube 3820.39.27 (depth 2, 24 lits): UNSAT in 1.99s
    cube 3820.39.28 (depth 2, 24 lits): UNSAT in 0.55s
    cube 3820.39.29 (depth 2, 24 lits): UNSAT in 1.66s
    cube 3820.39.30 (depth 2, 24 lits): UNSAT in 3.96s
    cube 3820.39.31 (depth 2, 24 lits): UNSAT in 11.06s
    cube 3820.39.32 (depth 2, 24 lits): UNSAT in 0.06s
    cube 3820.39.33 (depth 2, 24 lits): UNSAT in 0.34s
    cube 3820.39.34 (depth 2, 24 lits): UNSAT in 0.59s
    cube 3820.39.35 (depth 2, 24 lits): UNSAT in 0.36s
    cube 3820.39.36 (depth 2, 24 lits): UNSAT in 0.42s
    cube 3820.39.37 (depth 2, 24 lits): UNSAT in 0.59s
    cube 3820.39.38 (depth 2, 24 lits): UNSAT in 1.53s
    cube 3820.39.39 (depth 2, 24 lits): UNSAT in 3.04s
    cube 3820.39.40 (depth 2, 24 lits): UNSAT in 0.19s
    cube 3820.39.41 (depth 2, 24 lits): UNSAT in 0.54s
    cube 3820.39.42 (depth 2, 24 lits): UNSAT in 0.53s
    cube 3820.39.43 (depth 2, 24 lits): UNSAT in 1.03s
    cube 3820.39.44 (depth 2, 24 lits): UNSAT in 0.99s
    cube 3820.39.45 (depth 2, 24 lits): UNSAT in 2.48s
    cube 3820.39.46 (depth 2, 24 lits): UNSAT in 0.70s
    cube 3820.39.47 (depth 2, 24 lits): UNSAT in 1.81s
    cube 3820.39.48 (depth 2, 24 lits): UNSAT in 0.36s
    cube 3820.39.49 (depth 2, 24 lits): UNSAT in 0.66s
    cube 3820.39.50 (depth 2, 24 lits): UNSAT in 1.15s
    cube 3820.39.51 (depth 2, 24 lits): UNSAT in 1.83s
    cube 3820.39.52 (depth 2, 24 lits): UNSAT in 0.75s
    cube 3820.39.53 (depth 2, 24 lits): UNSAT in 3.16s
    cube 3820.39.54 (depth 2, 24 lits): UNSAT in 3.41s
    cube 3820.39.55 (depth 2, 24 lits): UNSAT in 3.60s
    cube 3820.39.56 (depth 2, 24 lits): UNSAT in 1.18s
    cube 3820.39.57 (depth 2, 24 lits): UNSAT in 3.00s
    cube 3820.39.58 (depth 2, 24 lits): UNSAT in 2.73s
    cube 3820.39.59 (depth 2, 24 lits): UNSAT in 10.83s
    cube 3820.39.60 (depth 2, 24 lits): UNSAT in 1.29s
    cube 3820.39.61 (depth 2, 24 lits): UNSAT in 4.16s
    cube 3820.39.62 (depth 2, 24 lits): UNSAT in 7.83s
    cube 3820.39.63 (depth 2, 24 lits): UNSAT in 4.15s
    cube 3820.40 (depth 1, 18 lits): UNSAT in 7.22s
    cube 3820.41 (depth 1, 18 lits): TIMEOUT in 60.06s
    cube 3820.41 TIMEOUT -> re-split into 63 sub-cubes (depth 2)
    cube 3820.41.0 (depth 2, 23 lits): UNSAT in 0.01s
    cube 3820.41.1 (depth 2, 24 lits): UNSAT in 0.01s
    cube 3820.41.2 (depth 2, 24 lits): UNSAT in 0.03s
    cube 3820.41.3 (depth 2, 24 lits): UNSAT in 0.02s
    cube 3820.41.4 (depth 2, 24 lits): UNSAT in 0.03s
    cube 3820.41.5 (depth 2, 24 lits): UNSAT in 0.04s
    cube 3820.41.6 (depth 2, 24 lits): UNSAT in 0.06s
    cube 3820.41.7 (depth 2, 24 lits): UNSAT in 0.02s
    cube 3820.41.8 (depth 2, 24 lits): UNSAT in 0.02s
    cube 3820.41.9 (depth 2, 24 lits): UNSAT in 0.03s
    cube 3820.41.10 (depth 2, 24 lits): UNSAT in 0.09s
    cube 3820.41.11 (depth 2, 24 lits): UNSAT in 0.01s
    cube 3820.41.12 (depth 2, 24 lits): UNSAT in 0.04s
    cube 3820.41.13 (depth 2, 24 lits): UNSAT in 0.33s
    cube 3820.41.14 (depth 2, 24 lits): UNSAT in 0.89s
    cube 3820.41.15 (depth 2, 24 lits): UNSAT in 0.04s
    cube 3820.41.16 (depth 2, 24 lits): UNSAT in 0.29s
    cube 3820.41.17 (depth 2, 24 lits): UNSAT in 0.12s
    cube 3820.41.18 (depth 2, 24 lits): UNSAT in 0.35s
    cube 3820.41.19 (depth 2, 24 lits): UNSAT in 0.26s
    cube 3820.41.20 (depth 2, 24 lits): UNSAT in 0.36s
    cube 3820.41.21 (depth 2, 24 lits): UNSAT in 0.54s
    cube 3820.41.22 (depth 2, 24 lits): UNSAT in 1.05s
    cube 3820.41.23 (depth 2, 24 lits): UNSAT in 0.02s
    cube 3820.41.24 (depth 2, 24 lits): UNSAT in 0.03s
    cube 3820.41.25 (depth 2, 24 lits): UNSAT in 0.04s
    cube 3820.41.26 (depth 2, 24 lits): UNSAT in 0.30s
    cube 3820.41.27 (depth 2, 24 lits): UNSAT in 0.10s
    cube 3820.41.28 (depth 2, 24 lits): UNSAT in 0.38s
    cube 3820.41.29 (depth 2, 24 lits): UNSAT in 0.73s
    cube 3820.41.30 (depth 2, 24 lits): UNSAT in 7.19s
    cube 3820.41.31 (depth 2, 24 lits): UNSAT in 0.11s
    cube 3820.41.32 (depth 2, 24 lits): UNSAT in 0.30s
    cube 3820.41.33 (depth 2, 24 lits): UNSAT in 0.07s
    cube 3820.41.34 (depth 2, 24 lits): UNSAT in 0.85s
    cube 3820.41.35 (depth 2, 24 lits): UNSAT in 0.54s
    cube 3820.41.36 (depth 2, 24 lits): UNSAT in 0.84s
    cube 3820.41.37 (depth 2, 24 lits): UNSAT in 0.78s
    cube 3820.41.38 (depth 2, 24 lits): UNSAT in 1.37s
    cube 3820.41.39 (depth 2, 24 lits): UNSAT in 0.24s
    cube 3820.41.40 (depth 2, 24 lits): UNSAT in 0.54s
    cube 3820.41.41 (depth 2, 24 lits): UNSAT in 0.44s
    cube 3820.41.42 (depth 2, 24 lits): UNSAT in 0.92s
    cube 3820.41.43 (depth 2, 24 lits): UNSAT in 0.57s
    cube 3820.41.44 (depth 2, 24 lits): UNSAT in 1.11s
    cube 3820.41.45 (depth 2, 24 lits): UNSAT in 1.27s
    cube 3820.41.46 (depth 2, 24 lits): UNSAT in 3.65s
    cube 3820.41.47 (depth 2, 24 lits): UNSAT in 0.07s
    cube 3820.41.48 (depth 2, 24 lits): UNSAT in 0.16s
    cube 3820.41.49 (depth 2, 24 lits): UNSAT in 0.11s
    cube 3820.41.50 (depth 2, 24 lits): UNSAT in 0.39s
    cube 3820.41.51 (depth 2, 24 lits): UNSAT in 0.06s
    cube 3820.41.52 (depth 2, 24 lits): UNSAT in 0.39s
    cube 3820.41.53 (depth 2, 24 lits): UNSAT in 0.69s
    cube 3820.41.54 (depth 2, 24 lits): UNSAT in 5.89s
    cube 3820.41.55 (depth 2, 24 lits): UNSAT in 1.48s
    cube 3820.41.56 (depth 2, 24 lits): UNSAT in 2.80s
    cube 3820.41.57 (depth 2, 24 lits): UNSAT in 1.74s
    cube 3820.41.58 (depth 2, 24 lits): UNSAT in 8.00s
    cube 3820.41.59 (depth 2, 24 lits): UNSAT in 4.08s
    cube 3820.41.60 (depth 2, 24 lits): UNSAT in 9.85s
    cube 3820.41.61 (depth 2, 24 lits): UNSAT in 4.54s
    cube 3820.41.62 (depth 2, 24 lits): UNSAT in 28.49s
    cube 3820.42 (depth 1, 18 lits): UNSAT in 40.87s
    cube 3820.43 (depth 1, 18 lits): TIMEOUT in 60.06s
    cube 3820.43 TIMEOUT -> re-split into 64 sub-cubes (depth 2)
    cube 3820.43.0 (depth 2, 24 lits): UNSAT in 0.18s
    cube 3820.43.1 (depth 2, 24 lits): UNSAT in 0.20s
    cube 3820.43.2 (depth 2, 24 lits): UNSAT in 0.23s
    cube 3820.43.3 (depth 2, 24 lits): UNSAT in 0.41s
    cube 3820.43.4 (depth 2, 24 lits): UNSAT in 0.23s
    cube 3820.43.5 (depth 2, 24 lits): UNSAT in 0.50s
    cube 3820.43.6 (depth 2, 24 lits): UNSAT in 0.53s
    cube 3820.43.7 (depth 2, 24 lits): UNSAT in 1.10s
    cube 3820.43.8 (depth 2, 24 lits): UNSAT in 0.33s
    cube 3820.43.9 (depth 2, 24 lits): UNSAT in 0.49s
    cube 3820.43.10 (depth 2, 24 lits): UNSAT in 0.32s
    cube 3820.43.11 (depth 2, 24 lits): UNSAT in 0.71s
    cube 3820.43.12 (depth 2, 24 lits): UNSAT in 0.69s
    cube 3820.43.13 (depth 2, 24 lits): UNSAT in 1.04s
    cube 3820.43.14 (depth 2, 24 lits): UNSAT in 0.74s
    cube 3820.43.15 (depth 2, 24 lits): UNSAT in 0.78s
    cube 3820.43.16 (depth 2, 24 lits): UNSAT in 0.29s
    cube 3820.43.17 (depth 2, 24 lits): UNSAT in 0.59s
    cube 3820.43.18 (depth 2, 24 lits): UNSAT in 1.43s
    cube 3820.43.19 (depth 2, 24 lits): UNSAT in 2.33s
    cube 3820.43.20 (depth 2, 24 lits): UNSAT in 0.60s
    cube 3820.43.21 (depth 2, 24 lits): UNSAT in 1.49s
    cube 3820.43.22 (depth 2, 24 lits): UNSAT in 1.10s
    cube 3820.43.23 (depth 2, 24 lits): UNSAT in 3.08s
    cube 3820.43.24 (depth 2, 24 lits): UNSAT in 0.35s
    cube 3820.43.25 (depth 2, 24 lits): UNSAT in 0.47s
    cube 3820.43.26 (depth 2, 24 lits): UNSAT in 0.38s
    cube 3820.43.27 (depth 2, 24 lits): UNSAT in 0.72s
    cube 3820.43.28 (depth 2, 24 lits): UNSAT in 0.68s
    cube 3820.43.29 (depth 2, 24 lits): UNSAT in 1.20s
    cube 3820.43.30 (depth 2, 24 lits): UNSAT in 1.53s
    cube 3820.43.31 (depth 2, 24 lits): UNSAT in 5.91s
    cube 3820.43.32 (depth 2, 24 lits): UNSAT in 0.33s
    cube 3820.43.33 (depth 2, 24 lits): UNSAT in 0.53s
    cube 3820.43.34 (depth 2, 24 lits): UNSAT in 0.51s
    cube 3820.43.35 (depth 2, 24 lits): UNSAT in 0.86s
    cube 3820.43.36 (depth 2, 24 lits): UNSAT in 0.45s
    cube 3820.43.37 (depth 2, 24 lits): UNSAT in 1.01s
    cube 3820.43.38 (depth 2, 24 lits): UNSAT in 1.20s
    cube 3820.43.39 (depth 2, 24 lits): UNSAT in 2.10s
    cube 3820.43.40 (depth 2, 24 lits): UNSAT in 0.92s
    cube 3820.43.41 (depth 2, 24 lits): UNSAT in 2.06s
    cube 3820.43.42 (depth 2, 24 lits): UNSAT in 1.76s
    cube 3820.43.43 (depth 2, 24 lits): UNSAT in 4.84s
    cube 3820.43.44 (depth 2, 24 lits): UNSAT in 0.86s
    cube 3820.43.45 (depth 2, 24 lits): UNSAT in 3.68s
    cube 3820.43.46 (depth 2, 24 lits): UNSAT in 4.20s
    cube 3820.43.47 (depth 2, 24 lits): UNSAT in 4.60s
    cube 3820.43.48 (depth 2, 24 lits): UNSAT in 0.75s
    cube 3820.43.49 (depth 2, 24 lits): UNSAT in 1.00s
    cube 3820.43.50 (depth 2, 24 lits): UNSAT in 0.94s
    cube 3820.43.51 (depth 2, 24 lits): UNSAT in 2.11s
    cube 3820.43.52 (depth 2, 24 lits): UNSAT in 0.54s
    cube 3820.43.53 (depth 2, 24 lits): UNSAT in 1.66s
    cube 3820.43.54 (depth 2, 24 lits): UNSAT in 2.41s
    cube 3820.43.55 (depth 2, 24 lits): UNSAT in 8.17s
    cube 3820.43.56 (depth 2, 24 lits): UNSAT in 1.11s
    cube 3820.43.57 (depth 2, 24 lits): UNSAT in 2.78s
    cube 3820.43.58 (depth 2, 24 lits): UNSAT in 4.98s
    cube 3820.43.59 (depth 2, 24 lits): UNSAT in 17.53s
    cube 3820.43.60 (depth 2, 24 lits): UNSAT in 2.97s
    cube 3820.43.61 (depth 2, 24 lits): UNSAT in 21.64s
    cube 3820.43.62 (depth 2, 24 lits): UNSAT in 21.04s
    cube 3820.43.63 (depth 2, 24 lits): TIMEOUT in 60.06s
    cube 3820.43.63 TIMEOUT -> re-split into 64 sub-cubes (depth 3)
    cube 3820.43.63.0 (depth 3, 30 lits): UNSAT in 0.04s
    cube 3820.43.63.1 (depth 3, 30 lits): UNSAT in 0.31s
    cube 3820.43.63.2 (depth 3, 30 lits): UNSAT in 0.34s
    cube 3820.43.63.3 (depth 3, 30 lits): UNSAT in 0.40s
    cube 3820.43.63.4 (depth 3, 30 lits): UNSAT in 0.25s
    cube 3820.43.63.5 (depth 3, 30 lits): UNSAT in 0.31s
    cube 3820.43.63.6 (depth 3, 30 lits): UNSAT in 0.35s
    cube 3820.43.63.7 (depth 3, 30 lits): UNSAT in 0.77s
    cube 3820.43.63.8 (depth 3, 30 lits): UNSAT in 0.27s
    cube 3820.43.63.9 (depth 3, 30 lits): UNSAT in 0.53s
    cube 3820.43.63.10 (depth 3, 30 lits): UNSAT in 0.30s
    cube 3820.43.63.11 (depth 3, 30 lits): UNSAT in 0.85s
    cube 3820.43.63.12 (depth 3, 30 lits): UNSAT in 0.31s
    cube 3820.43.63.13 (depth 3, 30 lits): UNSAT in 0.67s
    cube 3820.43.63.14 (depth 3, 30 lits): UNSAT in 0.82s
    cube 3820.43.63.15 (depth 3, 30 lits): UNSAT in 4.87s
    cube 3820.43.63.16 (depth 3, 30 lits): UNSAT in 0.52s
    cube 3820.43.63.17 (depth 3, 30 lits): UNSAT in 0.85s
    cube 3820.43.63.18 (depth 3, 30 lits): UNSAT in 0.18s
    cube 3820.43.63.19 (depth 3, 30 lits): UNSAT in 2.06s
    cube 3820.43.63.20 (depth 3, 30 lits): UNSAT in 0.36s
    cube 3820.43.63.21 (depth 3, 30 lits): UNSAT in 1.26s
    cube 3820.43.63.22 (depth 3, 30 lits): UNSAT in 2.02s
    cube 3820.43.63.23 (depth 3, 30 lits): UNSAT in 4.63s
    cube 3820.43.63.24 (depth 3, 30 lits): UNSAT in 0.36s
    cube 3820.43.63.25 (depth 3, 30 lits): UNSAT in 0.59s
    cube 3820.43.63.26 (depth 3, 30 lits): UNSAT in 0.65s
    cube 3820.43.63.27 (depth 3, 30 lits): UNSAT in 1.36s
    cube 3820.43.63.28 (depth 3, 30 lits): UNSAT in 1.83s
    cube 3820.43.63.29 (depth 3, 30 lits): UNSAT in 3.44s
    cube 3820.43.63.30 (depth 3, 30 lits): UNSAT in 1.84s
    cube 3820.43.63.31 (depth 3, 30 lits): UNSAT in 5.22s
    cube 3820.43.63.32 (depth 3, 30 lits): UNSAT in 0.02s
    cube 3820.43.63.33 (depth 3, 30 lits): UNSAT in 0.06s
    cube 3820.43.63.34 (depth 3, 30 lits): UNSAT in 0.05s
    cube 3820.43.63.35 (depth 3, 30 lits): UNSAT in 0.72s
    cube 3820.43.63.36 (depth 3, 30 lits): UNSAT in 0.07s
    cube 3820.43.63.37 (depth 3, 30 lits): UNSAT in 0.14s
    cube 3820.43.63.38 (depth 3, 30 lits): UNSAT in 0.16s
    cube 3820.43.63.39 (depth 3, 30 lits): UNSAT in 1.73s
    cube 3820.43.63.40 (depth 3, 30 lits): UNSAT in 0.71s
    cube 3820.43.63.41 (depth 3, 30 lits): UNSAT in 1.00s
    cube 3820.43.63.42 (depth 3, 30 lits): UNSAT in 0.73s
    cube 3820.43.63.43 (depth 3, 30 lits): UNSAT in 1.30s
    cube 3820.43.63.44 (depth 3, 30 lits): UNSAT in 0.93s
    cube 3820.43.63.45 (depth 3, 30 lits): UNSAT in 2.58s
    cube 3820.43.63.46 (depth 3, 30 lits): UNSAT in 3.54s
    cube 3820.43.63.47 (depth 3, 30 lits): UNSAT in 10.67s
    cube 3820.43.63.48 (depth 3, 30 lits): UNSAT in 0.29s
    cube 3820.43.63.49 (depth 3, 30 lits): UNSAT in 0.28s
    cube 3820.43.63.50 (depth 3, 30 lits): UNSAT in 0.48s
    cube 3820.43.63.51 (depth 3, 30 lits): UNSAT in 1.24s
    cube 3820.43.63.52 (depth 3, 30 lits): UNSAT in 0.49s
    cube 3820.43.63.53 (depth 3, 30 lits): UNSAT in 1.01s
    cube 3820.43.63.54 (depth 3, 30 lits): UNSAT in 1.66s
    cube 3820.43.63.55 (depth 3, 30 lits): UNSAT in 2.97s
    cube 3820.43.63.56 (depth 3, 30 lits): UNSAT in 0.49s
    cube 3820.43.63.57 (depth 3, 30 lits): UNSAT in 1.41s
    cube 3820.43.63.58 (depth 3, 30 lits): UNSAT in 1.80s
    cube 3820.43.63.59 (depth 3, 30 lits): UNSAT in 5.26s
    cube 3820.43.63.60 (depth 3, 30 lits): UNSAT in 1.60s
    cube 3820.43.63.61 (depth 3, 30 lits): UNSAT in 3.92s
    cube 3820.43.63.62 (depth 3, 30 lits): UNSAT in 0.93s
    cube 3820.43.63.63 (depth 3, 30 lits): UNSAT in 3.86s
    cube 3820.44 (depth 1, 18 lits): UNSAT in 24.21s
    cube 3820.45 (depth 1, 18 lits): TIMEOUT in 60.06s
    cube 3820.45 TIMEOUT -> re-split into 64 sub-cubes (depth 2)
    cube 3820.45.0 (depth 2, 24 lits): UNSAT in 0.12s
    cube 3820.45.1 (depth 2, 24 lits): UNSAT in 0.22s
    cube 3820.45.2 (depth 2, 24 lits): UNSAT in 0.21s
    cube 3820.45.3 (depth 2, 24 lits): UNSAT in 0.47s
    cube 3820.45.4 (depth 2, 24 lits): UNSAT in 0.03s
    cube 3820.45.5 (depth 2, 24 lits): UNSAT in 0.10s
    cube 3820.45.6 (depth 2, 24 lits): UNSAT in 0.34s
    cube 3820.45.7 (depth 2, 24 lits): UNSAT in 0.52s
    cube 3820.45.8 (depth 2, 24 lits): UNSAT in 0.11s
    cube 3820.45.9 (depth 2, 24 lits): UNSAT in 0.17s
    cube 3820.45.10 (depth 2, 24 lits): UNSAT in 0.32s
    cube 3820.45.11 (depth 2, 24 lits): UNSAT in 0.57s
    cube 3820.45.12 (depth 2, 24 lits): UNSAT in 0.21s
    cube 3820.45.13 (depth 2, 24 lits): UNSAT in 0.64s
    cube 3820.45.14 (depth 2, 24 lits): UNSAT in 0.33s
    cube 3820.45.15 (depth 2, 24 lits): UNSAT in 0.50s
    cube 3820.45.16 (depth 2, 24 lits): UNSAT in 0.20s
    cube 3820.45.17 (depth 2, 24 lits): UNSAT in 0.26s
    cube 3820.45.18 (depth 2, 24 lits): UNSAT in 0.35s
    cube 3820.45.19 (depth 2, 24 lits): UNSAT in 0.66s
    cube 3820.45.20 (depth 2, 24 lits): UNSAT in 0.27s
    cube 3820.45.21 (depth 2, 24 lits): UNSAT in 0.76s
    cube 3820.45.22 (depth 2, 24 lits): UNSAT in 1.43s
    cube 3820.45.23 (depth 2, 24 lits): UNSAT in 4.12s
    cube 3820.45.24 (depth 2, 24 lits): UNSAT in 0.26s
    cube 3820.45.25 (depth 2, 24 lits): UNSAT in 0.38s
    cube 3820.45.26 (depth 2, 24 lits): UNSAT in 0.80s
    cube 3820.45.27 (depth 2, 24 lits): UNSAT in 1.18s
    cube 3820.45.28 (depth 2, 24 lits): UNSAT in 1.22s
    cube 3820.45.29 (depth 2, 24 lits): UNSAT in 1.46s
    cube 3820.45.30 (depth 2, 24 lits): UNSAT in 0.85s
    cube 3820.45.31 (depth 2, 24 lits): UNSAT in 4.45s
    cube 3820.45.32 (depth 2, 24 lits): UNSAT in 0.03s
    cube 3820.45.33 (depth 2, 24 lits): UNSAT in 0.17s
    cube 3820.45.34 (depth 2, 24 lits): UNSAT in 0.05s
    cube 3820.45.35 (depth 2, 24 lits): UNSAT in 0.77s
    cube 3820.45.36 (depth 2, 24 lits): UNSAT in 0.27s
    cube 3820.45.37 (depth 2, 24 lits): UNSAT in 0.96s
    cube 3820.45.38 (depth 2, 24 lits): UNSAT in 1.39s
    cube 3820.45.39 (depth 2, 24 lits): UNSAT in 3.12s
    cube 3820.45.40 (depth 2, 24 lits): UNSAT in 0.03s
    cube 3820.45.41 (depth 2, 24 lits): UNSAT in 0.26s
    cube 3820.45.42 (depth 2, 24 lits): UNSAT in 0.25s
    cube 3820.45.43 (depth 2, 24 lits): UNSAT in 4.21s
    cube 3820.45.44 (depth 2, 24 lits): UNSAT in 0.78s
    cube 3820.45.45 (depth 2, 24 lits): UNSAT in 2.79s
    cube 3820.45.46 (depth 2, 24 lits): UNSAT in 1.64s
    cube 3820.45.47 (depth 2, 24 lits): UNSAT in 6.33s
    cube 3820.45.48 (depth 2, 24 lits): UNSAT in 0.34s
    cube 3820.45.49 (depth 2, 24 lits): UNSAT in 0.72s
    cube 3820.45.50 (depth 2, 24 lits): UNSAT in 1.61s
    cube 3820.45.51 (depth 2, 24 lits): UNSAT in 4.87s
    cube 3820.45.52 (depth 2, 24 lits): UNSAT in 1.78s
    cube 3820.45.53 (depth 2, 24 lits): UNSAT in 6.45s
    cube 3820.45.54 (depth 2, 24 lits): UNSAT in 1.77s
    cube 3820.45.55 (depth 2, 24 lits): UNSAT in 11.72s
    cube 3820.45.56 (depth 2, 24 lits): UNSAT in 0.56s
    cube 3820.45.57 (depth 2, 24 lits): UNSAT in 2.10s
    cube 3820.45.58 (depth 2, 24 lits): UNSAT in 2.76s
    cube 3820.45.59 (depth 2, 24 lits): UNSAT in 6.74s
    cube 3820.45.60 (depth 2, 24 lits): UNSAT in 3.07s
    cube 3820.45.61 (depth 2, 24 lits): UNSAT in 8.03s
    cube 3820.45.62 (depth 2, 24 lits): UNSAT in 14.13s
    cube 3820.45.63 (depth 2, 24 lits): UNSAT in 42.97s
    cube 3820.46 (depth 1, 18 lits): TIMEOUT in 60.06s
    cube 3820.46 TIMEOUT -> re-split into 64 sub-cubes (depth 2)
    cube 3820.46.0 (depth 2, 24 lits): UNSAT in 0.01s
    cube 3820.46.1 (depth 2, 24 lits): UNSAT in 0.03s
    cube 3820.46.2 (depth 2, 24 lits): UNSAT in 0.05s
    cube 3820.46.3 (depth 2, 24 lits): UNSAT in 0.11s
    cube 3820.46.4 (depth 2, 24 lits): UNSAT in 0.05s
    cube 3820.46.5 (depth 2, 24 lits): UNSAT in 0.12s
    cube 3820.46.6 (depth 2, 24 lits): UNSAT in 0.12s
    cube 3820.46.7 (depth 2, 24 lits): UNSAT in 0.38s
    cube 3820.46.8 (depth 2, 24 lits): UNSAT in 0.02s
    cube 3820.46.9 (depth 2, 24 lits): UNSAT in 0.01s
    cube 3820.46.10 (depth 2, 24 lits): UNSAT in 0.03s
    cube 3820.46.11 (depth 2, 24 lits): UNSAT in 0.11s
    cube 3820.46.12 (depth 2, 24 lits): UNSAT in 0.13s
    cube 3820.46.13 (depth 2, 24 lits): UNSAT in 0.39s
    cube 3820.46.14 (depth 2, 24 lits): UNSAT in 0.14s
    cube 3820.46.15 (depth 2, 24 lits): UNSAT in 1.13s
    cube 3820.46.16 (depth 2, 24 lits): UNSAT in 0.33s
    cube 3820.46.17 (depth 2, 24 lits): UNSAT in 0.35s
    cube 3820.46.18 (depth 2, 24 lits): UNSAT in 0.41s
    cube 3820.46.19 (depth 2, 24 lits): UNSAT in 0.99s
    cube 3820.46.20 (depth 2, 24 lits): UNSAT in 0.50s
    cube 3820.46.21 (depth 2, 24 lits): UNSAT in 0.81s
    cube 3820.46.22 (depth 2, 24 lits): UNSAT in 0.87s
    cube 3820.46.23 (depth 2, 24 lits): UNSAT in 1.86s
    cube 3820.46.24 (depth 2, 24 lits): UNSAT in 0.41s
    cube 3820.46.25 (depth 2, 24 lits): UNSAT in 0.81s
    cube 3820.46.26 (depth 2, 24 lits): UNSAT in 0.74s
    cube 3820.46.27 (depth 2, 24 lits): UNSAT in 1.43s
    cube 3820.46.28 (depth 2, 24 lits): UNSAT in 0.87s
    cube 3820.46.29 (depth 2, 24 lits): UNSAT in 1.76s
    cube 3820.46.30 (depth 2, 24 lits): UNSAT in 1.46s
    cube 3820.46.31 (depth 2, 24 lits): UNSAT in 3.00s
    cube 3820.46.32 (depth 2, 24 lits): UNSAT in 0.23s
    cube 3820.46.33 (depth 2, 24 lits): UNSAT in 0.55s
    cube 3820.46.34 (depth 2, 24 lits): UNSAT in 0.68s
    cube 3820.46.35 (depth 2, 24 lits): UNSAT in 0.94s
    cube 3820.46.36 (depth 2, 24 lits): UNSAT in 0.42s
    cube 3820.46.37 (depth 2, 24 lits): UNSAT in 0.82s
    cube 3820.46.38 (depth 2, 24 lits): UNSAT in 0.89s
    cube 3820.46.39 (depth 2, 24 lits): UNSAT in 2.50s
    cube 3820.46.40 (depth 2, 24 lits): UNSAT in 0.55s
    cube 3820.46.41 (depth 2, 24 lits): UNSAT in 0.94s
    cube 3820.46.42 (depth 2, 24 lits): UNSAT in 0.81s
    cube 3820.46.43 (depth 2, 24 lits): UNSAT in 2.74s
    cube 3820.46.44 (depth 2, 24 lits): UNSAT in 0.67s
    cube 3820.46.45 (depth 2, 24 lits): UNSAT in 1.60s
    cube 3820.46.46 (depth 2, 24 lits): UNSAT in 2.79s
    cube 3820.46.47 (depth 2, 24 lits): UNSAT in 5.52s
    cube 3820.46.48 (depth 2, 24 lits): UNSAT in 0.60s
    cube 3820.46.49 (depth 2, 24 lits): UNSAT in 0.91s
    cube 3820.46.50 (depth 2, 24 lits): UNSAT in 1.31s
    cube 3820.46.51 (depth 2, 24 lits): UNSAT in 2.19s
    cube 3820.46.52 (depth 2, 24 lits): UNSAT in 0.77s
    cube 3820.46.53 (depth 2, 24 lits): UNSAT in 1.86s
    cube 3820.46.54 (depth 2, 24 lits): UNSAT in 1.53s
    cube 3820.46.55 (depth 2, 24 lits): UNSAT in 5.45s
    cube 3820.46.56 (depth 2, 24 lits): UNSAT in 0.78s
    cube 3820.46.57 (depth 2, 24 lits): UNSAT in 2.31s
    cube 3820.46.58 (depth 2, 24 lits): UNSAT in 2.04s
    cube 3820.46.59 (depth 2, 24 lits): UNSAT in 3.55s
    cube 3820.46.60 (depth 2, 24 lits): UNSAT in 1.59s
    cube 3820.46.61 (depth 2, 24 lits): UNSAT in 10.07s
    cube 3820.46.62 (depth 2, 24 lits): UNSAT in 4.94s
    cube 3820.46.63 (depth 2, 24 lits): UNSAT in 5.87s
    cube 3820.47 (depth 1, 18 lits): TIMEOUT in 60.06s
    cube 3820.47 TIMEOUT -> re-split into 64 sub-cubes (depth 2)
    cube 3820.47.0 (depth 2, 24 lits): UNSAT in 0.09s
    cube 3820.47.1 (depth 2, 24 lits): UNSAT in 0.20s
    cube 3820.47.2 (depth 2, 24 lits): UNSAT in 0.15s
    cube 3820.47.3 (depth 2, 24 lits): UNSAT in 0.53s
    cube 3820.47.4 (depth 2, 24 lits): UNSAT in 0.60s
    cube 3820.47.5 (depth 2, 24 lits): UNSAT in 0.68s
    cube 3820.47.6 (depth 2, 24 lits): UNSAT in 0.77s
    cube 3820.47.7 (depth 2, 24 lits): UNSAT in 2.10s
    cube 3820.47.8 (depth 2, 24 lits): UNSAT in 0.46s
    cube 3820.47.9 (depth 2, 24 lits): UNSAT in 0.56s
    cube 3820.47.10 (depth 2, 24 lits): UNSAT in 0.73s
    cube 3820.47.11 (depth 2, 24 lits): UNSAT in 1.08s
    cube 3820.47.12 (depth 2, 24 lits): UNSAT in 0.59s
    cube 3820.47.13 (depth 2, 24 lits): UNSAT in 1.58s
    cube 3820.47.14 (depth 2, 24 lits): UNSAT in 1.29s
    cube 3820.47.15 (depth 2, 24 lits): UNSAT in 4.69s
    cube 3820.47.16 (depth 2, 24 lits): UNSAT in 0.30s
    cube 3820.47.17 (depth 2, 24 lits): UNSAT in 0.42s
    cube 3820.47.18 (depth 2, 24 lits): UNSAT in 0.43s
    cube 3820.47.19 (depth 2, 24 lits): UNSAT in 1.11s
    cube 3820.47.20 (depth 2, 24 lits): UNSAT in 0.68s
    cube 3820.47.21 (depth 2, 24 lits): UNSAT in 1.53s
    cube 3820.47.22 (depth 2, 24 lits): UNSAT in 1.09s
    cube 3820.47.23 (depth 2, 24 lits): UNSAT in 2.97s
    cube 3820.47.24 (depth 2, 24 lits): UNSAT in 0.94s
    cube 3820.47.25 (depth 2, 24 lits): UNSAT in 2.76s
    cube 3820.47.26 (depth 2, 24 lits): UNSAT in 1.68s
    cube 3820.47.27 (depth 2, 24 lits): UNSAT in 3.30s
    cube 3820.47.28 (depth 2, 24 lits): UNSAT in 1.89s
    cube 3820.47.29 (depth 2, 24 lits): UNSAT in 4.65s
    cube 3820.47.30 (depth 2, 24 lits): UNSAT in 4.72s
    cube 3820.47.31 (depth 2, 24 lits): UNSAT in 11.89s
    cube 3820.47.32 (depth 2, 24 lits): UNSAT in 0.12s
    cube 3820.47.33 (depth 2, 24 lits): UNSAT in 0.50s
    cube 3820.47.34 (depth 2, 24 lits): UNSAT in 0.92s
    cube 3820.47.35 (depth 2, 24 lits): UNSAT in 1.91s
    cube 3820.47.36 (depth 2, 24 lits): UNSAT in 0.41s
    cube 3820.47.37 (depth 2, 24 lits): UNSAT in 1.21s
    cube 3820.47.38 (depth 2, 24 lits): UNSAT in 1.54s
    cube 3820.47.39 (depth 2, 24 lits): UNSAT in 5.15s
    cube 3820.47.40 (depth 2, 24 lits): UNSAT in 1.23s
    cube 3820.47.41 (depth 2, 24 lits): UNSAT in 3.68s
    cube 3820.47.42 (depth 2, 24 lits): UNSAT in 5.23s
    cube 3820.47.43 (depth 2, 24 lits): UNSAT in 12.02s
    cube 3820.47.44 (depth 2, 24 lits): UNSAT in 1.39s
    cube 3820.47.45 (depth 2, 24 lits): UNSAT in 6.52s
    cube 3820.47.46 (depth 2, 24 lits): UNSAT in 9.59s
    cube 3820.47.47 (depth 2, 24 lits): UNSAT in 22.31s
    cube 3820.47.48 (depth 2, 24 lits): UNSAT in 1.33s
    cube 3820.47.49 (depth 2, 24 lits): UNSAT in 2.64s
    cube 3820.47.50 (depth 2, 24 lits): UNSAT in 2.83s
    cube 3820.47.51 (depth 2, 24 lits): UNSAT in 10.51s
    cube 3820.47.52 (depth 2, 24 lits): UNSAT in 2.32s
    cube 3820.47.53 (depth 2, 24 lits): UNSAT in 10.79s
    cube 3820.47.54 (depth 2, 24 lits): UNSAT in 10.07s
    cube 3820.47.55 (depth 2, 24 lits): TIMEOUT in 60.06s
    cube 3820.47.55 TIMEOUT -> re-split into 64 sub-cubes (depth 3)
    cube 3820.47.55.0 (depth 3, 30 lits): UNSAT in 0.02s
    cube 3820.47.55.1 (depth 3, 30 lits): UNSAT in 0.07s
    cube 3820.47.55.2 (depth 3, 30 lits): UNSAT in 0.05s
    cube 3820.47.55.3 (depth 3, 30 lits): UNSAT in 0.23s
    cube 3820.47.55.4 (depth 3, 30 lits): UNSAT in 0.16s
    cube 3820.47.55.5 (depth 3, 30 lits): UNSAT in 0.27s
    cube 3820.47.55.6 (depth 3, 30 lits): UNSAT in 0.36s
    cube 3820.47.55.7 (depth 3, 30 lits): UNSAT in 0.69s
    cube 3820.47.55.8 (depth 3, 30 lits): UNSAT in 0.23s
    cube 3820.47.55.9 (depth 3, 30 lits): UNSAT in 0.39s
    cube 3820.47.55.10 (depth 3, 30 lits): UNSAT in 0.26s
    cube 3820.47.55.11 (depth 3, 30 lits): UNSAT in 0.89s
    cube 3820.47.55.12 (depth 3, 30 lits): UNSAT in 0.33s
    cube 3820.47.55.13 (depth 3, 30 lits): UNSAT in 0.54s
    cube 3820.47.55.14 (depth 3, 30 lits): UNSAT in 0.76s
    cube 3820.47.55.15 (depth 3, 30 lits): UNSAT in 1.56s
    cube 3820.47.55.16 (depth 3, 30 lits): UNSAT in 0.23s
    cube 3820.47.55.17 (depth 3, 30 lits): UNSAT in 0.55s
    cube 3820.47.55.18 (depth 3, 30 lits): UNSAT in 0.82s
    cube 3820.47.55.19 (depth 3, 30 lits): UNSAT in 1.45s
    cube 3820.47.55.20 (depth 3, 30 lits): UNSAT in 0.25s
    cube 3820.47.55.21 (depth 3, 30 lits): UNSAT in 1.18s
    cube 3820.47.55.22 (depth 3, 30 lits): UNSAT in 1.01s
    cube 3820.47.55.23 (depth 3, 30 lits): UNSAT in 2.93s
    cube 3820.47.55.24 (depth 3, 30 lits): UNSAT in 0.25s
    cube 3820.47.55.25 (depth 3, 30 lits): UNSAT in 1.14s
    cube 3820.47.55.26 (depth 3, 30 lits): UNSAT in 2.32s
    cube 3820.47.55.27 (depth 3, 30 lits): UNSAT in 2.45s
    cube 3820.47.55.28 (depth 3, 30 lits): UNSAT in 1.21s
    cube 3820.47.55.29 (depth 3, 30 lits): UNSAT in 3.37s
    cube 3820.47.55.30 (depth 3, 30 lits): UNSAT in 3.00s
    cube 3820.47.55.31 (depth 3, 30 lits): UNSAT in 7.01s
    cube 3820.47.55.32 (depth 3, 30 lits): UNSAT in 0.12s
    cube 3820.47.55.33 (depth 3, 30 lits): UNSAT in 0.55s
    cube 3820.47.55.34 (depth 3, 30 lits): UNSAT in 0.53s
    cube 3820.47.55.35 (depth 3, 30 lits): UNSAT in 0.86s
    cube 3820.47.55.36 (depth 3, 30 lits): UNSAT in 0.53s
    cube 3820.47.55.37 (depth 3, 30 lits): UNSAT in 1.43s
    cube 3820.47.55.38 (depth 3, 30 lits): UNSAT in 1.05s
    cube 3820.47.55.39 (depth 3, 30 lits): UNSAT in 2.25s
    cube 3820.47.55.40 (depth 3, 30 lits): UNSAT in 0.49s
    cube 3820.47.55.41 (depth 3, 30 lits): UNSAT in 1.06s
    cube 3820.47.55.42 (depth 3, 30 lits): UNSAT in 1.20s
    cube 3820.47.55.43 (depth 3, 30 lits): UNSAT in 2.58s
    cube 3820.47.55.44 (depth 3, 30 lits): UNSAT in 1.49s
    cube 3820.47.55.45 (depth 3, 30 lits): UNSAT in 2.80s
    cube 3820.47.55.46 (depth 3, 30 lits): UNSAT in 4.15s
    cube 3820.47.55.47 (depth 3, 30 lits): UNSAT in 9.78s
    cube 3820.47.55.48 (depth 3, 30 lits): UNSAT in 0.08s
    cube 3820.47.55.49 (depth 3, 30 lits): UNSAT in 0.42s
    cube 3820.47.55.50 (depth 3, 30 lits): UNSAT in 0.43s
    cube 3820.47.55.51 (depth 3, 30 lits): UNSAT in 1.17s
    cube 3820.47.55.52 (depth 3, 30 lits): UNSAT in 0.46s
    cube 3820.47.55.53 (depth 3, 30 lits): UNSAT in 0.81s
    cube 3820.47.55.54 (depth 3, 30 lits): UNSAT in 1.57s
    cube 3820.47.55.55 (depth 3, 30 lits): UNSAT in 3.31s
    cube 3820.47.55.56 (depth 3, 30 lits): UNSAT in 0.28s
    cube 3820.47.55.57 (depth 3, 30 lits): UNSAT in 0.63s
    cube 3820.47.55.58 (depth 3, 30 lits): UNSAT in 0.61s
    cube 3820.47.55.59 (depth 3, 30 lits): UNSAT in 4.13s
    cube 3820.47.55.60 (depth 3, 30 lits): UNSAT in 1.86s
    cube 3820.47.55.61 (depth 3, 30 lits): UNSAT in 4.75s
    cube 3820.47.55.62 (depth 3, 30 lits): UNSAT in 3.18s
    cube 3820.47.55.63 (depth 3, 30 lits): UNSAT in 19.34s
    cube 3820.47.56 (depth 2, 24 lits): UNSAT in 2.88s
    cube 3820.47.57 (depth 2, 24 lits): UNSAT in 9.20s
    cube 3820.47.58 (depth 2, 24 lits): UNSAT in 13.01s
    cube 3820.47.59 (depth 2, 24 lits): UNSAT in 29.33s
    cube 3820.47.60 (depth 2, 24 lits): UNSAT in 14.02s
    cube 3820.47.61 (depth 2, 24 lits): UNSAT in 38.02s
    cube 3820.47.62 (depth 2, 24 lits): UNSAT in 38.55s
    cube 3820.47.63 (depth 2, 24 lits): TIMEOUT in 60.01s
    cube 3820.47.63 TIMEOUT -> re-split into 64 sub-cubes (depth 3)
    cube 3820.47.63.0 (depth 3, 30 lits): UNSAT in 0.03s
    cube 3820.47.63.1 (depth 3, 30 lits): UNSAT in 0.03s
    cube 3820.47.63.2 (depth 3, 30 lits): UNSAT in 0.01s
    cube 3820.47.63.3 (depth 3, 30 lits): UNSAT in 0.13s
    cube 3820.47.63.4 (depth 3, 30 lits): UNSAT in 0.02s
    cube 3820.47.63.5 (depth 3, 30 lits): UNSAT in 0.09s
    cube 3820.47.63.6 (depth 3, 30 lits): UNSAT in 0.04s
    cube 3820.47.63.7 (depth 3, 30 lits): UNSAT in 0.46s
    cube 3820.47.63.8 (depth 3, 30 lits): UNSAT in 0.07s
    cube 3820.47.63.9 (depth 3, 30 lits): UNSAT in 0.19s
    cube 3820.47.63.10 (depth 3, 30 lits): UNSAT in 0.11s
    cube 3820.47.63.11 (depth 3, 30 lits): UNSAT in 0.95s
    cube 3820.47.63.12 (depth 3, 30 lits): UNSAT in 0.16s
    cube 3820.47.63.13 (depth 3, 30 lits): UNSAT in 1.33s
    cube 3820.47.63.14 (depth 3, 30 lits): UNSAT in 1.68s
    cube 3820.47.63.15 (depth 3, 30 lits): UNSAT in 4.01s
    cube 3820.47.63.16 (depth 3, 30 lits): UNSAT in 0.03s
    cube 3820.47.63.17 (depth 3, 30 lits): UNSAT in 0.16s
    cube 3820.47.63.18 (depth 3, 30 lits): UNSAT in 0.07s
    cube 3820.47.63.19 (depth 3, 30 lits): UNSAT in 0.48s
    cube 3820.47.63.20 (depth 3, 30 lits): UNSAT in 0.41s
    cube 3820.47.63.21 (depth 3, 30 lits): UNSAT in 0.73s
    cube 3820.47.63.22 (depth 3, 30 lits): UNSAT in 1.20s
    cube 3820.47.63.23 (depth 3, 30 lits): UNSAT in 0.98s
    cube 3820.47.63.24 (depth 3, 30 lits): UNSAT in 0.12s
    cube 3820.47.63.25 (depth 3, 30 lits): UNSAT in 0.41s
    cube 3820.47.63.26 (depth 3, 30 lits): UNSAT in 0.23s
    cube 3820.47.63.27 (depth 3, 30 lits): UNSAT in 0.56s
    cube 3820.47.63.28 (depth 3, 30 lits): UNSAT in 0.34s
    cube 3820.47.63.29 (depth 3, 30 lits): UNSAT in 0.28s
    cube 3820.47.63.30 (depth 3, 30 lits): UNSAT in 0.32s
    cube 3820.47.63.31 (depth 3, 30 lits): UNSAT in 0.57s
    cube 3820.47.63.32 (depth 3, 30 lits): UNSAT in 0.31s
    cube 3820.47.63.33 (depth 3, 30 lits): UNSAT in 0.33s
    cube 3820.47.63.34 (depth 3, 30 lits): UNSAT in 0.43s
    cube 3820.47.63.35 (depth 3, 30 lits): UNSAT in 0.98s
    cube 3820.47.63.36 (depth 3, 30 lits): UNSAT in 0.65s
    cube 3820.47.63.37 (depth 3, 30 lits): UNSAT in 1.72s
    cube 3820.47.63.38 (depth 3, 30 lits): UNSAT in 1.21s
    cube 3820.47.63.39 (depth 3, 30 lits): UNSAT in 3.73s
    cube 3820.47.63.40 (depth 3, 30 lits): UNSAT in 0.29s
    cube 3820.47.63.41 (depth 3, 30 lits): UNSAT in 0.64s
    cube 3820.47.63.42 (depth 3, 30 lits): UNSAT in 1.21s
    cube 3820.47.63.43 (depth 3, 30 lits): UNSAT in 3.17s
    cube 3820.47.63.44 (depth 3, 30 lits): UNSAT in 0.78s
    cube 3820.47.63.45 (depth 3, 30 lits): UNSAT in 2.57s
    cube 3820.47.63.46 (depth 3, 30 lits): UNSAT in 0.69s
    cube 3820.47.63.47 (depth 3, 30 lits): UNSAT in 5.04s
    cube 3820.47.63.48 (depth 3, 30 lits): UNSAT in 0.19s
    cube 3820.47.63.49 (depth 3, 30 lits): UNSAT in 0.35s
    cube 3820.47.63.50 (depth 3, 30 lits): UNSAT in 0.29s
    cube 3820.47.63.51 (depth 3, 30 lits): UNSAT in 0.60s
    cube 3820.47.63.52 (depth 3, 30 lits): UNSAT in 0.13s
    cube 3820.47.63.53 (depth 3, 30 lits): UNSAT in 1.18s
    cube 3820.47.63.54 (depth 3, 30 lits): UNSAT in 0.88s
    cube 3820.47.63.55 (depth 3, 30 lits): UNSAT in 2.19s
    cube 3820.47.63.56 (depth 3, 30 lits): UNSAT in 0.11s
    cube 3820.47.63.57 (depth 3, 30 lits): UNSAT in 0.98s
    cube 3820.47.63.58 (depth 3, 30 lits): UNSAT in 1.79s
    cube 3820.47.63.59 (depth 3, 30 lits): UNSAT in 2.03s
    cube 3820.47.63.60 (depth 3, 30 lits): UNSAT in 0.95s
    cube 3820.47.63.61 (depth 3, 30 lits): UNSAT in 2.64s
    cube 3820.47.63.62 (depth 3, 30 lits): UNSAT in 3.77s
    cube 3820.47.63.63 (depth 3, 30 lits): UNSAT in 3.60s
    cube 3820.48 (depth 1, 18 lits): UNSAT in 3.45s
    cube 3820.49 (depth 1, 18 lits): UNSAT in 23.84s
    cube 3820.50 (depth 1, 18 lits): UNSAT in 17.12s
    cube 3820.51 (depth 1, 18 lits): TIMEOUT in 60.06s
    cube 3820.51 TIMEOUT -> re-split into 64 sub-cubes (depth 2)
    cube 3820.51.0 (depth 2, 24 lits): UNSAT in 0.16s
    cube 3820.51.1 (depth 2, 24 lits): UNSAT in 0.22s
    cube 3820.51.2 (depth 2, 24 lits): UNSAT in 0.17s
    cube 3820.51.3 (depth 2, 24 lits): UNSAT in 0.57s
    cube 3820.51.4 (depth 2, 24 lits): UNSAT in 0.16s
    cube 3820.51.5 (depth 2, 24 lits): UNSAT in 0.65s
    cube 3820.51.6 (depth 2, 24 lits): UNSAT in 0.45s
    cube 3820.51.7 (depth 2, 24 lits): UNSAT in 1.02s
    cube 3820.51.8 (depth 2, 24 lits): UNSAT in 0.16s
    cube 3820.51.9 (depth 2, 24 lits): UNSAT in 0.54s
    cube 3820.51.10 (depth 2, 24 lits): UNSAT in 0.46s
    cube 3820.51.11 (depth 2, 24 lits): UNSAT in 0.84s
    cube 3820.51.12 (depth 2, 24 lits): UNSAT in 0.84s
    cube 3820.51.13 (depth 2, 24 lits): UNSAT in 1.51s
    cube 3820.51.14 (depth 2, 24 lits): UNSAT in 1.05s
    cube 3820.51.15 (depth 2, 24 lits): UNSAT in 2.49s
    cube 3820.51.16 (depth 2, 24 lits): UNSAT in 0.11s
    cube 3820.51.17 (depth 2, 24 lits): UNSAT in 0.35s
    cube 3820.51.18 (depth 2, 24 lits): UNSAT in 0.65s
    cube 3820.51.19 (depth 2, 24 lits): UNSAT in 0.94s
    cube 3820.51.20 (depth 2, 24 lits): UNSAT in 0.68s
    cube 3820.51.21 (depth 2, 24 lits): UNSAT in 1.59s
    cube 3820.51.22 (depth 2, 24 lits): UNSAT in 0.75s
    cube 3820.51.23 (depth 2, 24 lits): UNSAT in 2.07s
    cube 3820.51.24 (depth 2, 24 lits): UNSAT in 0.29s
    cube 3820.51.25 (depth 2, 24 lits): UNSAT in 0.92s
    cube 3820.51.26 (depth 2, 24 lits): UNSAT in 2.33s
    cube 3820.51.27 (depth 2, 24 lits): UNSAT in 4.27s
    cube 3820.51.28 (depth 2, 24 lits): UNSAT in 1.11s
    cube 3820.51.29 (depth 2, 24 lits): UNSAT in 5.23s
    cube 3820.51.30 (depth 2, 24 lits): UNSAT in 3.73s
    cube 3820.51.31 (depth 2, 24 lits): UNSAT in 11.99s
    cube 3820.51.32 (depth 2, 24 lits): UNSAT in 0.83s
    cube 3820.51.33 (depth 2, 24 lits): UNSAT in 1.43s
    cube 3820.51.34 (depth 2, 24 lits): UNSAT in 0.61s
    cube 3820.51.35 (depth 2, 24 lits): UNSAT in 1.52s
    cube 3820.51.36 (depth 2, 24 lits): UNSAT in 0.41s
    cube 3820.51.37 (depth 2, 24 lits): UNSAT in 0.85s
    cube 3820.51.38 (depth 2, 24 lits): UNSAT in 0.75s
    cube 3820.51.39 (depth 2, 24 lits): UNSAT in 5.14s
    cube 3820.51.40 (depth 2, 24 lits): UNSAT in 0.49s
    cube 3820.51.41 (depth 2, 24 lits): UNSAT in 0.57s
    cube 3820.51.42 (depth 2, 24 lits): UNSAT in 0.43s
    cube 3820.51.43 (depth 2, 24 lits): UNSAT in 0.64s
    cube 3820.51.44 (depth 2, 24 lits): UNSAT in 0.82s
    cube 3820.51.45 (depth 2, 24 lits): UNSAT in 3.69s
    cube 3820.51.46 (depth 2, 24 lits): UNSAT in 1.19s
    cube 3820.51.47 (depth 2, 24 lits): UNSAT in 7.47s
    cube 3820.51.48 (depth 2, 24 lits): UNSAT in 0.54s
    cube 3820.51.49 (depth 2, 24 lits): UNSAT in 0.80s
    cube 3820.51.50 (depth 2, 24 lits): UNSAT in 0.86s
    cube 3820.51.51 (depth 2, 24 lits): UNSAT in 2.12s
    cube 3820.51.52 (depth 2, 24 lits): UNSAT in 0.70s
    cube 3820.51.53 (depth 2, 24 lits): UNSAT in 1.87s
    cube 3820.51.54 (depth 2, 24 lits): UNSAT in 1.53s
    cube 3820.51.55 (depth 2, 24 lits): UNSAT in 6.51s
    cube 3820.51.56 (depth 2, 24 lits): UNSAT in 0.74s
    cube 3820.51.57 (depth 2, 24 lits): UNSAT in 1.11s
    cube 3820.51.58 (depth 2, 24 lits): UNSAT in 2.01s
    cube 3820.51.59 (depth 2, 24 lits): UNSAT in 5.14s
    cube 3820.51.60 (depth 2, 24 lits): UNSAT in 2.82s
    cube 3820.51.61 (depth 2, 24 lits): UNSAT in 4.33s
    cube 3820.51.62 (depth 2, 24 lits): UNSAT in 1.54s
    cube 3820.51.63 (depth 2, 24 lits): UNSAT in 3.59s
    cube 3820.52 (depth 1, 18 lits): TIMEOUT in 60.05s
    cube 3820.52 TIMEOUT -> re-split into 64 sub-cubes (depth 2)
    cube 3820.52.0 (depth 2, 24 lits): UNSAT in 0.01s
    cube 3820.52.1 (depth 2, 24 lits): UNSAT in 0.01s
    cube 3820.52.2 (depth 2, 24 lits): UNSAT in 0.01s
    cube 3820.52.3 (depth 2, 24 lits): UNSAT in 0.02s
    cube 3820.52.4 (depth 2, 24 lits): UNSAT in 0.02s
    cube 3820.52.5 (depth 2, 24 lits): UNSAT in 0.03s
    cube 3820.52.6 (depth 2, 24 lits): UNSAT in 0.02s
    cube 3820.52.7 (depth 2, 24 lits): UNSAT in 0.08s
    cube 3820.52.8 (depth 2, 24 lits): UNSAT in 0.02s
    cube 3820.52.9 (depth 2, 24 lits): UNSAT in 0.02s
    cube 3820.52.10 (depth 2, 24 lits): UNSAT in 0.04s
    cube 3820.52.11 (depth 2, 24 lits): UNSAT in 0.11s
    cube 3820.52.12 (depth 2, 24 lits): UNSAT in 0.02s
    cube 3820.52.13 (depth 2, 24 lits): UNSAT in 0.07s
    cube 3820.52.14 (depth 2, 24 lits): UNSAT in 0.04s
    cube 3820.52.15 (depth 2, 24 lits): UNSAT in 0.21s
    cube 3820.52.16 (depth 2, 24 lits): UNSAT in 0.21s
    cube 3820.52.17 (depth 2, 24 lits): UNSAT in 0.52s
    cube 3820.52.18 (depth 2, 24 lits): UNSAT in 0.62s
    cube 3820.52.19 (depth 2, 24 lits): UNSAT in 1.01s
    cube 3820.52.20 (depth 2, 24 lits): UNSAT in 0.45s
    cube 3820.52.21 (depth 2, 24 lits): UNSAT in 0.61s
    cube 3820.52.22 (depth 2, 24 lits): UNSAT in 0.38s
    cube 3820.52.23 (depth 2, 24 lits): UNSAT in 1.79s
    cube 3820.52.24 (depth 2, 24 lits): UNSAT in 0.82s
    cube 3820.52.25 (depth 2, 24 lits): UNSAT in 1.44s
    cube 3820.52.26 (depth 2, 24 lits): UNSAT in 1.34s
    cube 3820.52.27 (depth 2, 24 lits): UNSAT in 2.10s
    cube 3820.52.28 (depth 2, 24 lits): UNSAT in 0.19s
    cube 3820.52.29 (depth 2, 24 lits): UNSAT in 0.24s
    cube 3820.52.30 (depth 2, 24 lits): UNSAT in 0.37s
    cube 3820.52.31 (depth 2, 24 lits): UNSAT in 8.47s
    cube 3820.52.32 (depth 2, 24 lits): UNSAT in 0.02s
    cube 3820.52.33 (depth 2, 24 lits): UNSAT in 0.04s
    cube 3820.52.34 (depth 2, 24 lits): UNSAT in 0.06s
    cube 3820.52.35 (depth 2, 24 lits): UNSAT in 0.45s
    cube 3820.52.36 (depth 2, 24 lits): UNSAT in 0.36s
    cube 3820.52.37 (depth 2, 24 lits): UNSAT in 0.51s
    cube 3820.52.38 (depth 2, 24 lits): UNSAT in 0.60s
    cube 3820.52.39 (depth 2, 24 lits): UNSAT in 2.43s
    cube 3820.52.40 (depth 2, 24 lits): UNSAT in 0.04s
    cube 3820.52.41 (depth 2, 24 lits): UNSAT in 0.23s
    cube 3820.52.42 (depth 2, 24 lits): UNSAT in 0.16s
    cube 3820.52.43 (depth 2, 24 lits): UNSAT in 0.23s
    cube 3820.52.44 (depth 2, 24 lits): UNSAT in 0.10s
    cube 3820.52.45 (depth 2, 24 lits): UNSAT in 0.76s
    cube 3820.52.46 (depth 2, 24 lits): UNSAT in 0.66s
    cube 3820.52.47 (depth 2, 24 lits): UNSAT in 7.96s
    cube 3820.52.48 (depth 2, 24 lits): UNSAT in 0.22s
    cube 3820.52.49 (depth 2, 24 lits): UNSAT in 0.27s
    cube 3820.52.50 (depth 2, 24 lits): UNSAT in 0.81s
    cube 3820.52.51 (depth 2, 24 lits): UNSAT in 1.14s
    cube 3820.52.52 (depth 2, 24 lits): UNSAT in 2.35s
    cube 3820.52.53 (depth 2, 24 lits): UNSAT in 4.17s
    cube 3820.52.54 (depth 2, 24 lits): UNSAT in 5.53s
    cube 3820.52.55 (depth 2, 24 lits): UNSAT in 13.03s
    cube 3820.52.56 (depth 2, 24 lits): UNSAT in 0.63s
    cube 3820.52.57 (depth 2, 24 lits): UNSAT in 1.48s
    cube 3820.52.58 (depth 2, 24 lits): UNSAT in 2.04s
    cube 3820.52.59 (depth 2, 24 lits): UNSAT in 3.66s
    cube 3820.52.60 (depth 2, 24 lits): UNSAT in 1.60s
    cube 3820.52.61 (depth 2, 24 lits): UNSAT in 5.15s
    cube 3820.52.62 (depth 2, 24 lits): UNSAT in 6.33s
    cube 3820.52.63 (depth 2, 24 lits): UNSAT in 44.90s
    cube 3820.53 (depth 1, 18 lits): TIMEOUT in 60.06s
    cube 3820.53 TIMEOUT -> re-split into 64 sub-cubes (depth 2)
    cube 3820.53.0 (depth 2, 24 lits): UNSAT in 0.04s
    cube 3820.53.1 (depth 2, 24 lits): UNSAT in 0.16s
    cube 3820.53.2 (depth 2, 24 lits): UNSAT in 0.10s
    cube 3820.53.3 (depth 2, 24 lits): UNSAT in 1.28s
    cube 3820.53.4 (depth 2, 24 lits): UNSAT in 0.33s
    cube 3820.53.5 (depth 2, 24 lits): UNSAT in 1.34s
    cube 3820.53.6 (depth 2, 24 lits): UNSAT in 1.70s
    cube 3820.53.7 (depth 2, 24 lits): UNSAT in 3.10s
    cube 3820.53.8 (depth 2, 24 lits): UNSAT in 0.30s
    cube 3820.53.9 (depth 2, 24 lits): UNSAT in 1.10s
    cube 3820.53.10 (depth 2, 24 lits): UNSAT in 1.15s
    cube 3820.53.11 (depth 2, 24 lits): UNSAT in 1.86s
    cube 3820.53.12 (depth 2, 24 lits): UNSAT in 2.04s
    cube 3820.53.13 (depth 2, 24 lits): UNSAT in 2.70s
    cube 3820.53.14 (depth 2, 24 lits): UNSAT in 3.54s
    cube 3820.53.15 (depth 2, 24 lits): UNSAT in 4.08s
    cube 3820.53.16 (depth 2, 24 lits): UNSAT in 0.03s
    cube 3820.53.17 (depth 2, 24 lits): UNSAT in 0.05s
    cube 3820.53.18 (depth 2, 24 lits): UNSAT in 0.07s
    cube 3820.53.19 (depth 2, 24 lits): UNSAT in 0.16s
    cube 3820.53.20 (depth 2, 24 lits): UNSAT in 0.11s
    cube 3820.53.21 (depth 2, 24 lits): UNSAT in 0.33s
    cube 3820.53.22 (depth 2, 24 lits): UNSAT in 0.43s
    cube 3820.53.23 (depth 2, 24 lits): UNSAT in 1.11s
    cube 3820.53.24 (depth 2, 24 lits): UNSAT in 0.31s
    cube 3820.53.25 (depth 2, 24 lits): UNSAT in 0.79s
    cube 3820.53.26 (depth 2, 24 lits): UNSAT in 1.90s
    cube 3820.53.27 (depth 2, 24 lits): UNSAT in 4.31s
    cube 3820.53.28 (depth 2, 24 lits): UNSAT in 0.20s
    cube 3820.53.29 (depth 2, 24 lits): UNSAT in 1.96s
    cube 3820.53.30 (depth 2, 24 lits): UNSAT in 3.97s
    cube 3820.53.31 (depth 2, 24 lits): UNSAT in 51.66s
    cube 3820.53.32 (depth 2, 24 lits): UNSAT in 0.22s
    cube 3820.53.33 (depth 2, 24 lits): UNSAT in 0.37s
    cube 3820.53.34 (depth 2, 24 lits): UNSAT in 0.47s
    cube 3820.53.35 (depth 2, 24 lits): UNSAT in 1.30s
    cube 3820.53.36 (depth 2, 24 lits): UNSAT in 0.75s
    cube 3820.53.37 (depth 2, 24 lits): UNSAT in 1.64s
    cube 3820.53.38 (depth 2, 24 lits): UNSAT in 0.71s
    cube 3820.53.39 (depth 2, 24 lits): UNSAT in 2.50s
    cube 3820.53.40 (depth 2, 24 lits): UNSAT in 1.04s
    cube 3820.53.41 (depth 2, 24 lits): UNSAT in 1.40s
    cube 3820.53.42 (depth 2, 24 lits): UNSAT in 1.82s
    cube 3820.53.43 (depth 2, 24 lits): UNSAT in 4.65s
    cube 3820.53.44 (depth 2, 24 lits): UNSAT in 2.50s
    cube 3820.53.45 (depth 2, 24 lits): UNSAT in 9.22s
    cube 3820.53.46 (depth 2, 24 lits): UNSAT in 3.18s
    cube 3820.53.47 (depth 2, 24 lits): UNSAT in 29.75s
    cube 3820.53.48 (depth 2, 24 lits): UNSAT in 0.30s
    cube 3820.53.49 (depth 2, 24 lits): UNSAT in 0.40s
    cube 3820.53.50 (depth 2, 24 lits): UNSAT in 1.09s
    cube 3820.53.51 (depth 2, 24 lits): UNSAT in 2.21s
    cube 3820.53.52 (depth 2, 24 lits): UNSAT in 1.01s
    cube 3820.53.53 (depth 2, 24 lits): UNSAT in 2.60s
    cube 3820.53.54 (depth 2, 24 lits): UNSAT in 5.16s
    cube 3820.53.55 (depth 2, 24 lits): UNSAT in 14.08s
    cube 3820.53.56 (depth 2, 24 lits): UNSAT in 1.87s
    cube 3820.53.57 (depth 2, 24 lits): UNSAT in 3.28s
    cube 3820.53.58 (depth 2, 24 lits): UNSAT in 4.66s
    cube 3820.53.59 (depth 2, 24 lits): UNSAT in 15.79s
    cube 3820.53.60 (depth 2, 24 lits): UNSAT in 2.07s
    cube 3820.53.61 (depth 2, 24 lits): UNSAT in 16.85s
    cube 3820.53.62 (depth 2, 24 lits): TIMEOUT in 60.05s
    cube 3820.53.62 TIMEOUT -> re-split into 64 sub-cubes (depth 3)
    cube 3820.53.62.0 (depth 3, 30 lits): UNSAT in 0.02s
    cube 3820.53.62.1 (depth 3, 30 lits): UNSAT in 0.04s
    cube 3820.53.62.2 (depth 3, 30 lits): UNSAT in 0.06s
    cube 3820.53.62.3 (depth 3, 30 lits): UNSAT in 0.32s
    cube 3820.53.62.4 (depth 3, 30 lits): UNSAT in 0.41s
    cube 3820.53.62.5 (depth 3, 30 lits): UNSAT in 0.50s
    cube 3820.53.62.6 (depth 3, 30 lits): UNSAT in 0.63s
    cube 3820.53.62.7 (depth 3, 30 lits): UNSAT in 0.98s
    cube 3820.53.62.8 (depth 3, 30 lits): UNSAT in 0.20s
    cube 3820.53.62.9 (depth 3, 30 lits): UNSAT in 0.45s
    cube 3820.53.62.10 (depth 3, 30 lits): UNSAT in 0.38s
    cube 3820.53.62.11 (depth 3, 30 lits): UNSAT in 0.82s
    cube 3820.53.62.12 (depth 3, 30 lits): UNSAT in 0.32s
    cube 3820.53.62.13 (depth 3, 30 lits): UNSAT in 1.10s
    cube 3820.53.62.14 (depth 3, 30 lits): UNSAT in 1.24s
    cube 3820.53.62.15 (depth 3, 30 lits): UNSAT in 2.72s
    cube 3820.53.62.16 (depth 3, 30 lits): UNSAT in 0.03s
    cube 3820.53.62.17 (depth 3, 30 lits): UNSAT in 0.19s
    cube 3820.53.62.18 (depth 3, 30 lits): UNSAT in 0.97s
    cube 3820.53.62.19 (depth 3, 30 lits): UNSAT in 1.34s
    cube 3820.53.62.20 (depth 3, 30 lits): UNSAT in 0.27s
    cube 3820.53.62.21 (depth 3, 30 lits): UNSAT in 1.21s
    cube 3820.53.62.22 (depth 3, 30 lits): UNSAT in 1.48s
    cube 3820.53.62.23 (depth 3, 30 lits): UNSAT in 2.80s
    cube 3820.53.62.24 (depth 3, 30 lits): UNSAT in 0.05s
    cube 3820.53.62.25 (depth 3, 30 lits): UNSAT in 0.42s
    cube 3820.53.62.26 (depth 3, 30 lits): UNSAT in 0.97s
    cube 3820.53.62.27 (depth 3, 30 lits): UNSAT in 3.62s
    cube 3820.53.62.28 (depth 3, 30 lits): UNSAT in 0.75s
    cube 3820.53.62.29 (depth 3, 30 lits): UNSAT in 2.72s
    cube 3820.53.62.30 (depth 3, 30 lits): UNSAT in 2.14s
    cube 3820.53.62.31 (depth 3, 30 lits): UNSAT in 13.38s
    cube 3820.53.62.32 (depth 3, 30 lits): UNSAT in 0.03s
    cube 3820.53.62.33 (depth 3, 30 lits): UNSAT in 0.31s
    cube 3820.53.62.34 (depth 3, 30 lits): UNSAT in 0.67s
    cube 3820.53.62.35 (depth 3, 30 lits): UNSAT in 0.84s
    cube 3820.53.62.36 (depth 3, 30 lits): UNSAT in 0.24s
    cube 3820.53.62.37 (depth 3, 30 lits): UNSAT in 0.52s
    cube 3820.53.62.38 (depth 3, 30 lits): UNSAT in 0.83s
    cube 3820.53.62.39 (depth 3, 30 lits): UNSAT in 2.05s
    cube 3820.53.62.40 (depth 3, 30 lits): UNSAT in 0.25s
    cube 3820.53.62.41 (depth 3, 30 lits): UNSAT in 0.62s
    cube 3820.53.62.42 (depth 3, 30 lits): UNSAT in 1.09s
    cube 3820.53.62.43 (depth 3, 30 lits): UNSAT in 1.47s
    cube 3820.53.62.44 (depth 3, 30 lits): UNSAT in 0.80s
    cube 3820.53.62.45 (depth 3, 30 lits): UNSAT in 1.06s
    cube 3820.53.62.46 (depth 3, 30 lits): UNSAT in 1.71s
    cube 3820.53.62.47 (depth 3, 30 lits): UNSAT in 3.26s
    cube 3820.53.62.48 (depth 3, 30 lits): UNSAT in 0.44s
    cube 3820.53.62.49 (depth 3, 30 lits): UNSAT in 1.00s
    cube 3820.53.62.50 (depth 3, 30 lits): UNSAT in 0.46s
    cube 3820.53.62.51 (depth 3, 30 lits): UNSAT in 1.57s
    cube 3820.53.62.52 (depth 3, 30 lits): UNSAT in 0.60s
    cube 3820.53.62.53 (depth 3, 30 lits): UNSAT in 1.20s
    cube 3820.53.62.54 (depth 3, 30 lits): UNSAT in 3.54s
    cube 3820.53.62.55 (depth 3, 30 lits): UNSAT in 3.86s
    cube 3820.53.62.56 (depth 3, 30 lits): UNSAT in 0.46s
    cube 3820.53.62.57 (depth 3, 30 lits): UNSAT in 0.95s
    cube 3820.53.62.58 (depth 3, 30 lits): UNSAT in 1.28s
    cube 3820.53.62.59 (depth 3, 30 lits): UNSAT in 2.95s
    cube 3820.53.62.60 (depth 3, 30 lits): UNSAT in 2.81s
    cube 3820.53.62.61 (depth 3, 30 lits): UNSAT in 10.68s
    cube 3820.53.62.62 (depth 3, 30 lits): UNSAT in 16.32s
    cube 3820.53.62.63 (depth 3, 30 lits): UNSAT in 16.49s
    cube 3820.53.63 (depth 2, 24 lits): TIMEOUT in 60.05s
    cube 3820.53.63 TIMEOUT -> re-split into 64 sub-cubes (depth 3)
    cube 3820.53.63.0 (depth 3, 30 lits): UNSAT in 0.05s
    cube 3820.53.63.1 (depth 3, 30 lits): UNSAT in 0.31s
    cube 3820.53.63.2 (depth 3, 30 lits): UNSAT in 0.05s
    cube 3820.53.63.3 (depth 3, 30 lits): UNSAT in 0.51s
    cube 3820.53.63.4 (depth 3, 30 lits): UNSAT in 0.05s
    cube 3820.53.63.5 (depth 3, 30 lits): UNSAT in 0.63s
    cube 3820.53.63.6 (depth 3, 30 lits): UNSAT in 0.60s
    cube 3820.53.63.7 (depth 3, 30 lits): UNSAT in 1.15s
    cube 3820.53.63.8 (depth 3, 30 lits): UNSAT in 0.42s
    cube 3820.53.63.9 (depth 3, 30 lits): UNSAT in 0.59s
    cube 3820.53.63.10 (depth 3, 30 lits): UNSAT in 0.69s
    cube 3820.53.63.11 (depth 3, 30 lits): UNSAT in 1.26s
    cube 3820.53.63.12 (depth 3, 30 lits): UNSAT in 0.72s
    cube 3820.53.63.13 (depth 3, 30 lits): UNSAT in 2.24s
    cube 3820.53.63.14 (depth 3, 30 lits): UNSAT in 0.84s
    cube 3820.53.63.15 (depth 3, 30 lits): UNSAT in 2.50s
    cube 3820.53.63.16 (depth 3, 30 lits): UNSAT in 0.24s
    cube 3820.53.63.17 (depth 3, 30 lits): UNSAT in 0.50s
    cube 3820.53.63.18 (depth 3, 30 lits): UNSAT in 0.62s
    cube 3820.53.63.19 (depth 3, 30 lits): UNSAT in 1.00s
    cube 3820.53.63.20 (depth 3, 30 lits): UNSAT in 1.04s
    cube 3820.53.63.21 (depth 3, 30 lits): UNSAT in 2.02s
    cube 3820.53.63.22 (depth 3, 30 lits): UNSAT in 1.34s
    cube 3820.53.63.23 (depth 3, 30 lits): UNSAT in 4.09s
    cube 3820.53.63.24 (depth 3, 30 lits): UNSAT in 1.25s
    cube 3820.53.63.25 (depth 3, 30 lits): UNSAT in 1.35s
    cube 3820.53.63.26 (depth 3, 30 lits): UNSAT in 1.98s
    cube 3820.53.63.27 (depth 3, 30 lits): UNSAT in 4.09s
    cube 3820.53.63.28 (depth 3, 30 lits): UNSAT in 2.57s
    cube 3820.53.63.29 (depth 3, 30 lits): UNSAT in 8.80s
    cube 3820.53.63.30 (depth 3, 30 lits): UNSAT in 15.19s
    cube 3820.53.63.31 (depth 3, 30 lits): UNSAT in 18.27s
    cube 3820.53.63.32 (depth 3, 30 lits): UNSAT in 0.28s
    cube 3820.53.63.33 (depth 3, 30 lits): UNSAT in 0.80s
    cube 3820.53.63.34 (depth 3, 30 lits): UNSAT in 0.94s
    cube 3820.53.63.35 (depth 3, 30 lits): UNSAT in 3.58s
    cube 3820.53.63.36 (depth 3, 30 lits): UNSAT in 0.53s
    cube 3820.53.63.37 (depth 3, 30 lits): UNSAT in 0.93s
    cube 3820.53.63.38 (depth 3, 30 lits): UNSAT in 0.93s
    cube 3820.53.63.39 (depth 3, 30 lits): UNSAT in 5.29s
    cube 3820.53.63.40 (depth 3, 30 lits): UNSAT in 0.42s
    cube 3820.53.63.41 (depth 3, 30 lits): UNSAT in 1.09s
    cube 3820.53.63.42 (depth 3, 30 lits): UNSAT in 1.87s
    cube 3820.53.63.43 (depth 3, 30 lits): UNSAT in 2.95s
    cube 3820.53.63.44 (depth 3, 30 lits): UNSAT in 1.21s
    cube 3820.53.63.45 (depth 3, 30 lits): UNSAT in 5.44s
    cube 3820.53.63.46 (depth 3, 30 lits): UNSAT in 4.96s
    cube 3820.53.63.47 (depth 3, 30 lits): UNSAT in 15.02s
    cube 3820.53.63.48 (depth 3, 30 lits): UNSAT in 1.09s
    cube 3820.53.63.49 (depth 3, 30 lits): UNSAT in 3.41s
    cube 3820.53.63.50 (depth 3, 30 lits): UNSAT in 1.25s
    cube 3820.53.63.51 (depth 3, 30 lits): UNSAT in 12.82s
    cube 3820.53.63.52 (depth 3, 30 lits): UNSAT in 9.71s
    cube 3820.53.63.53 (depth 3, 30 lits): UNSAT in 18.28s
    cube 3820.53.63.54 (depth 3, 30 lits): UNSAT in 5.91s
    cube 3820.53.63.55 (depth 3, 30 lits): UNSAT in 53.30s
    cube 3820.53.63.56 (depth 3, 30 lits): UNSAT in 0.16s
    cube 3820.53.63.57 (depth 3, 30 lits): UNSAT in 1.18s
    cube 3820.53.63.58 (depth 3, 30 lits): UNSAT in 4.05s
    cube 3820.53.63.59 (depth 3, 30 lits): UNSAT in 20.69s
    cube 3820.53.63.60 (depth 3, 30 lits): UNSAT in 4.47s
    cube 3820.53.63.61 (depth 3, 30 lits): UNSAT in 14.91s
    cube 3820.53.63.62 (depth 3, 30 lits): UNSAT in 5.70s
    cube 3820.53.63.63 (depth 3, 30 lits): UNSAT in 42.20s
    cube 3820.54 (depth 1, 18 lits): TIMEOUT in 60.03s
    cube 3820.54 TIMEOUT -> re-split into 64 sub-cubes (depth 2)
    cube 3820.54.0 (depth 2, 24 lits): UNSAT in 0.29s
    cube 3820.54.1 (depth 2, 24 lits): UNSAT in 0.29s
    cube 3820.54.2 (depth 2, 24 lits): UNSAT in 0.40s
    cube 3820.54.3 (depth 2, 24 lits): UNSAT in 0.51s
    cube 3820.54.4 (depth 2, 24 lits): UNSAT in 0.22s
    cube 3820.54.5 (depth 2, 24 lits): UNSAT in 0.40s
    cube 3820.54.6 (depth 2, 24 lits): UNSAT in 0.46s
    cube 3820.54.7 (depth 2, 24 lits): UNSAT in 0.74s
    cube 3820.54.8 (depth 2, 24 lits): UNSAT in 0.23s
    cube 3820.54.9 (depth 2, 24 lits): UNSAT in 0.72s
    cube 3820.54.10 (depth 2, 24 lits): UNSAT in 0.52s
    cube 3820.54.11 (depth 2, 24 lits): UNSAT in 0.63s
    cube 3820.54.12 (depth 2, 24 lits): UNSAT in 0.42s
    cube 3820.54.13 (depth 2, 24 lits): UNSAT in 1.37s
    cube 3820.54.14 (depth 2, 24 lits): UNSAT in 2.00s
    cube 3820.54.15 (depth 2, 24 lits): UNSAT in 3.08s
    cube 3820.54.16 (depth 2, 24 lits): UNSAT in 0.22s
    cube 3820.54.17 (depth 2, 24 lits): UNSAT in 0.36s
    cube 3820.54.18 (depth 2, 24 lits): UNSAT in 0.67s
    cube 3820.54.19 (depth 2, 24 lits): UNSAT in 0.90s
    cube 3820.54.20 (depth 2, 24 lits): UNSAT in 0.41s
    cube 3820.54.21 (depth 2, 24 lits): UNSAT in 0.51s
    cube 3820.54.22 (depth 2, 24 lits): UNSAT in 1.65s
    cube 3820.54.23 (depth 2, 24 lits): UNSAT in 1.47s
    cube 3820.54.24 (depth 2, 24 lits): UNSAT in 0.09s
    cube 3820.54.25 (depth 2, 24 lits): UNSAT in 0.25s
    cube 3820.54.26 (depth 2, 24 lits): UNSAT in 0.45s
    cube 3820.54.27 (depth 2, 24 lits): UNSAT in 0.68s
    cube 3820.54.28 (depth 2, 24 lits): UNSAT in 0.86s
    cube 3820.54.29 (depth 2, 24 lits): UNSAT in 1.10s
    cube 3820.54.30 (depth 2, 24 lits): UNSAT in 2.06s
    cube 3820.54.31 (depth 2, 24 lits): UNSAT in 7.43s
    cube 3820.54.32 (depth 2, 24 lits): UNSAT in 0.30s
    cube 3820.54.33 (depth 2, 24 lits): UNSAT in 0.78s
    cube 3820.54.34 (depth 2, 24 lits): UNSAT in 0.56s
    cube 3820.54.35 (depth 2, 24 lits): UNSAT in 1.05s
    cube 3820.54.36 (depth 2, 24 lits): UNSAT in 0.56s
    cube 3820.54.37 (depth 2, 24 lits): UNSAT in 1.59s
    cube 3820.54.38 (depth 2, 24 lits): UNSAT in 0.82s
    cube 3820.54.39 (depth 2, 24 lits): UNSAT in 4.78s
    cube 3820.54.40 (depth 2, 24 lits): UNSAT in 0.13s
    cube 3820.54.41 (depth 2, 24 lits): UNSAT in 1.16s
    cube 3820.54.42 (depth 2, 24 lits): UNSAT in 1.07s
    cube 3820.54.43 (depth 2, 24 lits): UNSAT in 4.56s
    cube 3820.54.44 (depth 2, 24 lits): UNSAT in 0.91s
    cube 3820.54.45 (depth 2, 24 lits): UNSAT in 1.46s
    cube 3820.54.46 (depth 2, 24 lits): UNSAT in 3.72s
    cube 3820.54.47 (depth 2, 24 lits): UNSAT in 6.49s
    cube 3820.54.48 (depth 2, 24 lits): UNSAT in 0.34s
    cube 3820.54.49 (depth 2, 24 lits): UNSAT in 0.80s
    cube 3820.54.50 (depth 2, 24 lits): UNSAT in 0.41s
    cube 3820.54.51 (depth 2, 24 lits): UNSAT in 0.31s
    cube 3820.54.52 (depth 2, 24 lits): UNSAT in 0.76s
    cube 3820.54.53 (depth 2, 24 lits): UNSAT in 0.71s
    cube 3820.54.54 (depth 2, 24 lits): UNSAT in 1.18s
    cube 3820.54.55 (depth 2, 24 lits): UNSAT in 0.94s
    cube 3820.54.56 (depth 2, 24 lits): UNSAT in 0.58s
    cube 3820.54.57 (depth 2, 24 lits): UNSAT in 2.46s
    cube 3820.54.58 (depth 2, 24 lits): UNSAT in 3.98s
    cube 3820.54.59 (depth 2, 24 lits): UNSAT in 7.61s
    cube 3820.54.60 (depth 2, 24 lits): UNSAT in 1.62s
    cube 3820.54.61 (depth 2, 24 lits): UNSAT in 7.88s
    cube 3820.54.62 (depth 2, 24 lits): UNSAT in 12.09s
    cube 3820.54.63 (depth 2, 24 lits): UNSAT in 19.04s
    cube 3820.55 (depth 1, 18 lits): TIMEOUT in 60.06s
    cube 3820.55 TIMEOUT -> re-split into 64 sub-cubes (depth 2)
    cube 3820.55.0 (depth 2, 24 lits): UNSAT in 0.02s
    cube 3820.55.1 (depth 2, 24 lits): UNSAT in 0.05s
    cube 3820.55.2 (depth 2, 24 lits): UNSAT in 0.04s
    cube 3820.55.3 (depth 2, 24 lits): UNSAT in 0.21s
    cube 3820.55.4 (depth 2, 24 lits): UNSAT in 0.05s
    cube 3820.55.5 (depth 2, 24 lits): UNSAT in 0.15s
    cube 3820.55.6 (depth 2, 24 lits): UNSAT in 0.13s
    cube 3820.55.7 (depth 2, 24 lits): UNSAT in 0.34s
    cube 3820.55.8 (depth 2, 24 lits): UNSAT in 0.06s
    cube 3820.55.9 (depth 2, 24 lits): UNSAT in 0.17s
    cube 3820.55.10 (depth 2, 24 lits): UNSAT in 0.08s
    cube 3820.55.11 (depth 2, 24 lits): UNSAT in 0.38s
    cube 3820.55.12 (depth 2, 24 lits): UNSAT in 0.10s
    cube 3820.55.13 (depth 2, 24 lits): UNSAT in 0.20s
    cube 3820.55.14 (depth 2, 24 lits): UNSAT in 0.52s
    cube 3820.55.15 (depth 2, 24 lits): UNSAT in 2.49s
    cube 3820.55.16 (depth 2, 24 lits): UNSAT in 0.03s
    cube 3820.55.17 (depth 2, 24 lits): UNSAT in 0.21s
    cube 3820.55.18 (depth 2, 24 lits): UNSAT in 0.23s
    cube 3820.55.19 (depth 2, 24 lits): UNSAT in 0.42s
    cube 3820.55.20 (depth 2, 24 lits): UNSAT in 0.43s
    cube 3820.55.21 (depth 2, 24 lits): UNSAT in 1.98s
    cube 3820.55.22 (depth 2, 24 lits): UNSAT in 1.33s
    cube 3820.55.23 (depth 2, 24 lits): UNSAT in 4.72s
    cube 3820.55.24 (depth 2, 24 lits): UNSAT in 0.40s
    cube 3820.55.25 (depth 2, 24 lits): UNSAT in 0.97s
    cube 3820.55.26 (depth 2, 24 lits): UNSAT in 0.63s
    cube 3820.55.27 (depth 2, 24 lits): UNSAT in 3.64s
    cube 3820.55.28 (depth 2, 24 lits): UNSAT in 1.49s
    cube 3820.55.29 (depth 2, 24 lits): UNSAT in 6.05s
    cube 3820.55.30 (depth 2, 24 lits): UNSAT in 3.86s
    cube 3820.55.31 (depth 2, 24 lits): UNSAT in 24.87s
    cube 3820.55.32 (depth 2, 24 lits): UNSAT in 0.07s
    cube 3820.55.33 (depth 2, 24 lits): UNSAT in 0.36s
    cube 3820.55.34 (depth 2, 24 lits): UNSAT in 0.19s
    cube 3820.55.35 (depth 2, 24 lits): UNSAT in 1.21s
    cube 3820.55.36 (depth 2, 24 lits): UNSAT in 0.19s
    cube 3820.55.37 (depth 2, 24 lits): UNSAT in 1.35s
    cube 3820.55.38 (depth 2, 24 lits): UNSAT in 1.34s
    cube 3820.55.39 (depth 2, 24 lits): UNSAT in 8.62s
    cube 3820.55.40 (depth 2, 24 lits): UNSAT in 0.14s
    cube 3820.55.41 (depth 2, 24 lits): UNSAT in 0.64s
    cube 3820.55.42 (depth 2, 24 lits): UNSAT in 0.76s
    cube 3820.55.43 (depth 2, 24 lits): UNSAT in 3.29s
    cube 3820.55.44 (depth 2, 24 lits): UNSAT in 0.69s
    cube 3820.55.45 (depth 2, 24 lits): UNSAT in 2.50s
    cube 3820.55.46 (depth 2, 24 lits): UNSAT in 3.02s
    cube 3820.55.47 (depth 2, 24 lits): UNSAT in 18.35s
    cube 3820.55.48 (depth 2, 24 lits): UNSAT in 0.08s
    cube 3820.55.49 (depth 2, 24 lits): UNSAT in 0.06s
    cube 3820.55.50 (depth 2, 24 lits): UNSAT in 1.02s
    cube 3820.55.51 (depth 2, 24 lits): UNSAT in 5.23s
    cube 3820.55.52 (depth 2, 24 lits): UNSAT in 1.48s
    cube 3820.55.53 (depth 2, 24 lits): UNSAT in 2.69s
    cube 3820.55.54 (depth 2, 24 lits): UNSAT in 2.90s
    cube 3820.55.55 (depth 2, 24 lits): UNSAT in 18.72s
    cube 3820.55.56 (depth 2, 24 lits): UNSAT in 1.42s
    cube 3820.55.57 (depth 2, 24 lits): UNSAT in 6.72s
    cube 3820.55.58 (depth 2, 24 lits): UNSAT in 6.82s
    cube 3820.55.59 (depth 2, 24 lits): TIMEOUT in 60.06s
    cube 3820.55.59 TIMEOUT -> re-split into 64 sub-cubes (depth 3)
    cube 3820.55.59.0 (depth 3, 30 lits): UNSAT in 0.02s
    cube 3820.55.59.1 (depth 3, 30 lits): UNSAT in 0.07s
    cube 3820.55.59.2 (depth 3, 30 lits): UNSAT in 0.07s
    cube 3820.55.59.3 (depth 3, 30 lits): UNSAT in 0.17s
    cube 3820.55.59.4 (depth 3, 30 lits): UNSAT in 0.04s
    cube 3820.55.59.5 (depth 3, 30 lits): UNSAT in 0.21s
    cube 3820.55.59.6 (depth 3, 30 lits): UNSAT in 0.18s
    cube 3820.55.59.7 (depth 3, 30 lits): UNSAT in 0.38s
    cube 3820.55.59.8 (depth 3, 30 lits): UNSAT in 0.07s
    cube 3820.55.59.9 (depth 3, 30 lits): UNSAT in 0.10s
    cube 3820.55.59.10 (depth 3, 30 lits): UNSAT in 0.11s
    cube 3820.55.59.11 (depth 3, 30 lits): UNSAT in 0.18s
    cube 3820.55.59.12 (depth 3, 30 lits): UNSAT in 0.13s
    cube 3820.55.59.13 (depth 3, 30 lits): UNSAT in 0.15s
    cube 3820.55.59.14 (depth 3, 30 lits): UNSAT in 0.33s
    cube 3820.55.59.15 (depth 3, 30 lits): UNSAT in 1.24s
    cube 3820.55.59.16 (depth 3, 30 lits): UNSAT in 0.05s
    cube 3820.55.59.17 (depth 3, 30 lits): UNSAT in 0.08s
    cube 3820.55.59.18 (depth 3, 30 lits): UNSAT in 0.06s
    cube 3820.55.59.19 (depth 3, 30 lits): UNSAT in 0.17s
    cube 3820.55.59.20 (depth 3, 30 lits): UNSAT in 0.04s
    cube 3820.55.59.21 (depth 3, 30 lits): UNSAT in 0.10s
    cube 3820.55.59.22 (depth 3, 30 lits): UNSAT in 0.08s
    cube 3820.55.59.23 (depth 3, 30 lits): UNSAT in 0.84s
    cube 3820.55.59.24 (depth 3, 30 lits): UNSAT in 0.10s
    cube 3820.55.59.25 (depth 3, 30 lits): UNSAT in 0.20s
    cube 3820.55.59.26 (depth 3, 30 lits): UNSAT in 0.45s
    cube 3820.55.59.27 (depth 3, 30 lits): UNSAT in 1.00s
    cube 3820.55.59.28 (depth 3, 30 lits): UNSAT in 0.29s
    cube 3820.55.59.29 (depth 3, 30 lits): UNSAT in 0.51s
    cube 3820.55.59.30 (depth 3, 30 lits): UNSAT in 1.22s
    cube 3820.55.59.31 (depth 3, 30 lits): UNSAT in 5.23s
    cube 3820.55.59.32 (depth 3, 30 lits): UNSAT in 0.02s
    cube 3820.55.59.33 (depth 3, 30 lits): UNSAT in 0.04s
    cube 3820.55.59.34 (depth 3, 30 lits): UNSAT in 0.07s
    cube 3820.55.59.35 (depth 3, 30 lits): UNSAT in 0.17s
    cube 3820.55.59.36 (depth 3, 30 lits): UNSAT in 0.02s
    cube 3820.55.59.37 (depth 3, 30 lits): UNSAT in 0.08s
    cube 3820.55.59.38 (depth 3, 30 lits): UNSAT in 0.11s
    cube 3820.55.59.39 (depth 3, 30 lits): UNSAT in 0.12s
    cube 3820.55.59.40 (depth 3, 30 lits): UNSAT in 0.12s
    cube 3820.55.59.41 (depth 3, 30 lits): UNSAT in 0.19s
    cube 3820.55.59.42 (depth 3, 30 lits): UNSAT in 0.25s
    cube 3820.55.59.43 (depth 3, 30 lits): UNSAT in 0.50s
    cube 3820.55.59.44 (depth 3, 30 lits): UNSAT in 0.13s
    cube 3820.55.59.45 (depth 3, 30 lits): UNSAT in 0.60s
    cube 3820.55.59.46 (depth 3, 30 lits): UNSAT in 0.39s
    cube 3820.55.59.47 (depth 3, 30 lits): UNSAT in 2.08s
    cube 3820.55.59.48 (depth 3, 30 lits): UNSAT in 0.19s
    cube 3820.55.59.49 (depth 3, 30 lits): UNSAT in 0.71s
    cube 3820.55.59.50 (depth 3, 30 lits): UNSAT in 0.14s
    cube 3820.55.59.51 (depth 3, 30 lits): UNSAT in 1.68s
    cube 3820.55.59.52 (depth 3, 30 lits): UNSAT in 0.29s
    cube 3820.55.59.53 (depth 3, 30 lits): UNSAT in 1.31s
    cube 3820.55.59.54 (depth 3, 30 lits): UNSAT in 2.25s
    cube 3820.55.59.55 (depth 3, 30 lits): UNSAT in 7.35s
    cube 3820.55.59.56 (depth 3, 30 lits): UNSAT in 0.06s
    cube 3820.55.59.57 (depth 3, 30 lits): UNSAT in 0.27s
    cube 3820.55.59.58 (depth 3, 30 lits): UNSAT in 0.21s
    cube 3820.55.59.59 (depth 3, 30 lits): UNSAT in 0.43s
    cube 3820.55.59.60 (depth 3, 30 lits): UNSAT in 1.89s
    cube 3820.55.59.61 (depth 3, 30 lits): UNSAT in 5.93s
    cube 3820.55.59.62 (depth 3, 30 lits): UNSAT in 5.62s
    cube 3820.55.59.63 (depth 3, 30 lits): UNSAT in 29.24s
    cube 3820.55.60 (depth 2, 24 lits): UNSAT in 10.02s
    cube 3820.55.61 (depth 2, 24 lits): TIMEOUT in 60.04s
    cube 3820.55.61 TIMEOUT -> re-split into 64 sub-cubes (depth 3)
    cube 3820.55.61.0 (depth 3, 30 lits): UNSAT in 0.03s
    cube 3820.55.61.1 (depth 3, 30 lits): UNSAT in 0.02s
    cube 3820.55.61.2 (depth 3, 30 lits): UNSAT in 0.02s
    cube 3820.55.61.3 (depth 3, 30 lits): UNSAT in 0.04s
    cube 3820.55.61.4 (depth 3, 30 lits): UNSAT in 0.04s
    cube 3820.55.61.5 (depth 3, 30 lits): UNSAT in 0.07s
    cube 3820.55.61.6 (depth 3, 30 lits): UNSAT in 0.05s
    cube 3820.55.61.7 (depth 3, 30 lits): UNSAT in 0.10s
    cube 3820.55.61.8 (depth 3, 30 lits): UNSAT in 0.02s
    cube 3820.55.61.9 (depth 3, 30 lits): UNSAT in 0.05s
    cube 3820.55.61.10 (depth 3, 30 lits): UNSAT in 0.02s
    cube 3820.55.61.11 (depth 3, 30 lits): UNSAT in 0.30s
    cube 3820.55.61.12 (depth 3, 30 lits): UNSAT in 0.04s
    cube 3820.55.61.13 (depth 3, 30 lits): UNSAT in 0.14s
    cube 3820.55.61.14 (depth 3, 30 lits): UNSAT in 0.10s
    cube 3820.55.61.15 (depth 3, 30 lits): UNSAT in 0.40s
    cube 3820.55.61.16 (depth 3, 30 lits): UNSAT in 0.02s
    cube 3820.55.61.17 (depth 3, 30 lits): UNSAT in 0.04s
    cube 3820.55.61.18 (depth 3, 30 lits): UNSAT in 0.03s
    cube 3820.55.61.19 (depth 3, 30 lits): UNSAT in 0.13s
    cube 3820.55.61.20 (depth 3, 30 lits): UNSAT in 0.15s
    cube 3820.55.61.21 (depth 3, 30 lits): UNSAT in 0.48s
    cube 3820.55.61.22 (depth 3, 30 lits): UNSAT in 0.27s
    cube 3820.55.61.23 (depth 3, 30 lits): UNSAT in 1.46s
    cube 3820.55.61.24 (depth 3, 30 lits): UNSAT in 0.07s
    cube 3820.55.61.25 (depth 3, 30 lits): UNSAT in 0.26s
    cube 3820.55.61.26 (depth 3, 30 lits): UNSAT in 0.35s
    cube 3820.55.61.27 (depth 3, 30 lits): UNSAT in 1.98s
    cube 3820.55.61.28 (depth 3, 30 lits): UNSAT in 0.36s
    cube 3820.55.61.29 (depth 3, 30 lits): UNSAT in 2.30s
    cube 3820.55.61.30 (depth 3, 30 lits): UNSAT in 0.85s
    cube 3820.55.61.31 (depth 3, 30 lits): UNSAT in 3.29s
    cube 3820.55.61.32 (depth 3, 30 lits): UNSAT in 0.06s
    cube 3820.55.61.33 (depth 3, 30 lits): UNSAT in 0.10s
    cube 3820.55.61.34 (depth 3, 30 lits): UNSAT in 0.08s
    cube 3820.55.61.35 (depth 3, 30 lits): UNSAT in 0.18s
    cube 3820.55.61.36 (depth 3, 30 lits): UNSAT in 0.09s
    cube 3820.55.61.37 (depth 3, 30 lits): UNSAT in 0.37s
    cube 3820.55.61.38 (depth 3, 30 lits): UNSAT in 0.59s
    cube 3820.55.61.39 (depth 3, 30 lits): UNSAT in 1.17s
    cube 3820.55.61.40 (depth 3, 30 lits): UNSAT in 0.06s
    cube 3820.55.61.41 (depth 3, 30 lits): UNSAT in 0.14s
    cube 3820.55.61.42 (depth 3, 30 lits): UNSAT in 0.14s
    cube 3820.55.61.43 (depth 3, 30 lits): UNSAT in 0.48s
    cube 3820.55.61.44 (depth 3, 30 lits): UNSAT in 0.26s
    cube 3820.55.61.45 (depth 3, 30 lits): UNSAT in 0.87s
    cube 3820.55.61.46 (depth 3, 30 lits): UNSAT in 0.93s
    cube 3820.55.61.47 (depth 3, 30 lits): UNSAT in 3.13s
    cube 3820.55.61.48 (depth 3, 30 lits): UNSAT in 0.07s
    cube 3820.55.61.49 (depth 3, 30 lits): UNSAT in 0.23s
    cube 3820.55.61.50 (depth 3, 30 lits): UNSAT in 0.25s
    cube 3820.55.61.51 (depth 3, 30 lits): UNSAT in 0.56s
    cube 3820.55.61.52 (depth 3, 30 lits): UNSAT in 0.26s
    cube 3820.55.61.53 (depth 3, 30 lits): UNSAT in 0.56s
    cube 3820.55.61.54 (depth 3, 30 lits): UNSAT in 1.23s
    cube 3820.55.61.55 (depth 3, 30 lits): UNSAT in 2.17s
    cube 3820.55.61.56 (depth 3, 30 lits): UNSAT in 0.39s
    cube 3820.55.61.57 (depth 3, 30 lits): UNSAT in 1.18s
    cube 3820.55.61.58 (depth 3, 30 lits): UNSAT in 1.53s
    cube 3820.55.61.59 (depth 3, 30 lits): UNSAT in 3.85s
    cube 3820.55.61.60 (depth 3, 30 lits): UNSAT in 0.65s
    cube 3820.55.61.61 (depth 3, 30 lits): UNSAT in 1.45s
    cube 3820.55.61.62 (depth 3, 30 lits): UNSAT in 4.97s
    cube 3820.55.61.63 (depth 3, 30 lits): UNSAT in 11.92s
    cube 3820.55.62 (depth 2, 24 lits): UNSAT in 50.81s
    cube 3820.55.63 (depth 2, 24 lits): TIMEOUT in 60.06s
    cube 3820.55.63 TIMEOUT -> re-split into 64 sub-cubes (depth 3)
    cube 3820.55.63.0 (depth 3, 30 lits): UNSAT in 0.02s
    cube 3820.55.63.1 (depth 3, 30 lits): UNSAT in 0.05s
    cube 3820.55.63.2 (depth 3, 30 lits): UNSAT in 0.02s
    cube 3820.55.63.3 (depth 3, 30 lits): UNSAT in 0.11s
    cube 3820.55.63.4 (depth 3, 30 lits): UNSAT in 0.20s
    cube 3820.55.63.5 (depth 3, 30 lits): UNSAT in 0.25s
    cube 3820.55.63.6 (depth 3, 30 lits): UNSAT in 0.28s
    cube 3820.55.63.7 (depth 3, 30 lits): UNSAT in 0.48s
    cube 3820.55.63.8 (depth 3, 30 lits): UNSAT in 0.13s
    cube 3820.55.63.9 (depth 3, 30 lits): UNSAT in 0.31s
    cube 3820.55.63.10 (depth 3, 30 lits): UNSAT in 0.18s
    cube 3820.55.63.11 (depth 3, 30 lits): UNSAT in 1.06s
    cube 3820.55.63.12 (depth 3, 30 lits): UNSAT in 0.32s
    cube 3820.55.63.13 (depth 3, 30 lits): UNSAT in 0.99s
    cube 3820.55.63.14 (depth 3, 30 lits): UNSAT in 0.62s
    cube 3820.55.63.15 (depth 3, 30 lits): UNSAT in 5.44s
    cube 3820.55.63.16 (depth 3, 30 lits): UNSAT in 0.09s
    cube 3820.55.63.17 (depth 3, 30 lits): UNSAT in 0.38s
    cube 3820.55.63.18 (depth 3, 30 lits): UNSAT in 0.14s
    cube 3820.55.63.19 (depth 3, 30 lits): UNSAT in 0.53s
    cube 3820.55.63.20 (depth 3, 30 lits): UNSAT in 0.56s
    cube 3820.55.63.21 (depth 3, 30 lits): UNSAT in 1.64s
    cube 3820.55.63.22 (depth 3, 30 lits): UNSAT in 0.85s
    cube 3820.55.63.23 (depth 3, 30 lits): UNSAT in 5.11s
    cube 3820.55.63.24 (depth 3, 30 lits): UNSAT in 0.31s
    cube 3820.55.63.25 (depth 3, 30 lits): UNSAT in 0.83s
    cube 3820.55.63.26 (depth 3, 30 lits): UNSAT in 0.58s
    cube 3820.55.63.27 (depth 3, 30 lits): UNSAT in 3.49s
    cube 3820.55.63.28 (depth 3, 30 lits): UNSAT in 0.80s
    cube 3820.55.63.29 (depth 3, 30 lits): UNSAT in 3.15s
    cube 3820.55.63.30 (depth 3, 30 lits): UNSAT in 3.09s
    cube 3820.55.63.31 (depth 3, 30 lits): UNSAT in 21.91s
    cube 3820.55.63.32 (depth 3, 30 lits): UNSAT in 0.14s
    cube 3820.55.63.33 (depth 3, 30 lits): UNSAT in 0.21s
    cube 3820.55.63.34 (depth 3, 30 lits): UNSAT in 0.29s
    cube 3820.55.63.35 (depth 3, 30 lits): UNSAT in 1.84s
    cube 3820.55.63.36 (depth 3, 30 lits): UNSAT in 0.17s
    cube 3820.55.63.37 (depth 3, 30 lits): UNSAT in 0.59s
    cube 3820.55.63.38 (depth 3, 30 lits): UNSAT in 1.27s
    cube 3820.55.63.39 (depth 3, 30 lits): UNSAT in 8.99s
    cube 3820.55.63.40 (depth 3, 30 lits): UNSAT in 0.56s
    cube 3820.55.63.41 (depth 3, 30 lits): UNSAT in 1.45s
    cube 3820.55.63.42 (depth 3, 30 lits): UNSAT in 2.67s
    cube 3820.55.63.43 (depth 3, 30 lits): UNSAT in 6.22s
    cube 3820.55.63.44 (depth 3, 30 lits): UNSAT in 1.95s
    cube 3820.55.63.45 (depth 3, 30 lits): UNSAT in 5.90s
    cube 3820.55.63.46 (depth 3, 30 lits): UNSAT in 6.73s
    cube 3820.55.63.47 (depth 3, 30 lits): UNSAT in 47.59s
    cube 3820.55.63.48 (depth 3, 30 lits): UNSAT in 0.08s
    cube 3820.55.63.49 (depth 3, 30 lits): UNSAT in 0.16s
    cube 3820.55.63.50 (depth 3, 30 lits): UNSAT in 0.32s
    cube 3820.55.63.51 (depth 3, 30 lits): UNSAT in 0.61s
    cube 3820.55.63.52 (depth 3, 30 lits): UNSAT in 0.29s
    cube 3820.55.63.53 (depth 3, 30 lits): UNSAT in 1.81s
    cube 3820.55.63.54 (depth 3, 30 lits): UNSAT in 0.34s
    cube 3820.55.63.55 (depth 3, 30 lits): UNSAT in 10.92s
    cube 3820.55.63.56 (depth 3, 30 lits): UNSAT in 0.31s
    cube 3820.55.63.57 (depth 3, 30 lits): UNSAT in 1.49s
    cube 3820.55.63.58 (depth 3, 30 lits): UNSAT in 0.93s
    cube 3820.55.63.59 (depth 3, 30 lits): UNSAT in 3.73s
    cube 3820.55.63.60 (depth 3, 30 lits): UNSAT in 1.91s
    cube 3820.55.63.61 (depth 3, 30 lits): UNSAT in 8.57s
    cube 3820.55.63.62 (depth 3, 30 lits): UNSAT in 5.23s
    cube 3820.55.63.63 (depth 3, 30 lits): UNSAT in 28.75s
    cube 3820.56 (depth 1, 18 lits): UNSAT in 13.85s
    cube 3820.57 (depth 1, 18 lits): TIMEOUT in 60.06s
    cube 3820.57 TIMEOUT -> re-split into 64 sub-cubes (depth 2)
    cube 3820.57.0 (depth 2, 24 lits): UNSAT in 0.01s
    cube 3820.57.1 (depth 2, 24 lits): UNSAT in 0.02s
    cube 3820.57.2 (depth 2, 24 lits): UNSAT in 0.02s
    cube 3820.57.3 (depth 2, 24 lits): UNSAT in 0.04s
    cube 3820.57.4 (depth 2, 24 lits): UNSAT in 0.02s
    cube 3820.57.5 (depth 2, 24 lits): UNSAT in 0.05s
    cube 3820.57.6 (depth 2, 24 lits): UNSAT in 0.02s
    cube 3820.57.7 (depth 2, 24 lits): UNSAT in 0.10s
    cube 3820.57.8 (depth 2, 24 lits): UNSAT in 0.01s
    cube 3820.57.9 (depth 2, 24 lits): UNSAT in 0.02s
    cube 3820.57.10 (depth 2, 24 lits): UNSAT in 0.02s
    cube 3820.57.11 (depth 2, 24 lits): UNSAT in 0.04s
    cube 3820.57.12 (depth 2, 24 lits): UNSAT in 0.04s
    cube 3820.57.13 (depth 2, 24 lits): UNSAT in 0.22s
    cube 3820.57.14 (depth 2, 24 lits): UNSAT in 0.13s
    cube 3820.57.15 (depth 2, 24 lits): UNSAT in 1.63s
    cube 3820.57.16 (depth 2, 24 lits): UNSAT in 0.05s
    cube 3820.57.17 (depth 2, 24 lits): UNSAT in 0.21s
    cube 3820.57.18 (depth 2, 24 lits): UNSAT in 0.03s
    cube 3820.57.19 (depth 2, 24 lits): UNSAT in 0.72s
    cube 3820.57.20 (depth 2, 24 lits): UNSAT in 0.09s
    cube 3820.57.21 (depth 2, 24 lits): UNSAT in 0.63s
    cube 3820.57.22 (depth 2, 24 lits): UNSAT in 1.25s
    cube 3820.57.23 (depth 2, 24 lits): UNSAT in 4.35s
    cube 3820.57.24 (depth 2, 24 lits): UNSAT in 0.28s
    cube 3820.57.25 (depth 2, 24 lits): UNSAT in 1.66s
    cube 3820.57.26 (depth 2, 24 lits): UNSAT in 1.53s
    cube 3820.57.27 (depth 2, 24 lits): UNSAT in 6.93s
    cube 3820.57.28 (depth 2, 24 lits): UNSAT in 1.61s
    cube 3820.57.29 (depth 2, 24 lits): UNSAT in 4.33s
    cube 3820.57.30 (depth 2, 24 lits): UNSAT in 4.87s
    cube 3820.57.31 (depth 2, 24 lits): UNSAT in 9.26s
    cube 3820.57.32 (depth 2, 24 lits): UNSAT in 0.05s
    cube 3820.57.33 (depth 2, 24 lits): UNSAT in 0.06s
    cube 3820.57.34 (depth 2, 24 lits): UNSAT in 0.10s
    cube 3820.57.35 (depth 2, 24 lits): UNSAT in 0.71s
    cube 3820.57.36 (depth 2, 24 lits): UNSAT in 0.13s
    cube 3820.57.37 (depth 2, 24 lits): UNSAT in 2.05s
    cube 3820.57.38 (depth 2, 24 lits): UNSAT in 0.83s
    cube 3820.57.39 (depth 2, 24 lits): UNSAT in 3.75s
    cube 3820.57.40 (depth 2, 24 lits): UNSAT in 0.39s
    cube 3820.57.41 (depth 2, 24 lits): UNSAT in 1.45s
    cube 3820.57.42 (depth 2, 24 lits): UNSAT in 1.09s
    cube 3820.57.43 (depth 2, 24 lits): UNSAT in 3.60s
    cube 3820.57.44 (depth 2, 24 lits): UNSAT in 1.06s
    cube 3820.57.45 (depth 2, 24 lits): UNSAT in 4.02s
    cube 3820.57.46 (depth 2, 24 lits): UNSAT in 2.33s
    cube 3820.57.47 (depth 2, 24 lits): UNSAT in 6.86s
    cube 3820.57.48 (depth 2, 24 lits): UNSAT in 0.36s
    cube 3820.57.49 (depth 2, 24 lits): UNSAT in 0.56s
    cube 3820.57.50 (depth 2, 24 lits): UNSAT in 0.92s
    cube 3820.57.51 (depth 2, 24 lits): UNSAT in 3.78s
    cube 3820.57.52 (depth 2, 24 lits): UNSAT in 1.46s
    cube 3820.57.53 (depth 2, 24 lits): UNSAT in 2.99s
    cube 3820.57.54 (depth 2, 24 lits): UNSAT in 2.70s
    cube 3820.57.55 (depth 2, 24 lits): UNSAT in 10.85s
    cube 3820.57.56 (depth 2, 24 lits): UNSAT in 1.60s
    cube 3820.57.57 (depth 2, 24 lits): UNSAT in 4.05s
    cube 3820.57.58 (depth 2, 24 lits): UNSAT in 2.92s
    cube 3820.57.59 (depth 2, 24 lits): UNSAT in 9.15s
    cube 3820.57.60 (depth 2, 24 lits): UNSAT in 3.08s
    cube 3820.57.61 (depth 2, 24 lits): UNSAT in 3.76s
    cube 3820.57.62 (depth 2, 24 lits): UNSAT in 17.41s
    cube 3820.57.63 (depth 2, 24 lits): TIMEOUT in 60.06s
    cube 3820.57.63 TIMEOUT -> re-split into 64 sub-cubes (depth 3)
    cube 3820.57.63.0 (depth 3, 30 lits): UNSAT in 0.25s
    cube 3820.57.63.1 (depth 3, 30 lits): UNSAT in 0.28s
    cube 3820.57.63.2 (depth 3, 30 lits): UNSAT in 0.03s
    cube 3820.57.63.3 (depth 3, 30 lits): UNSAT in 0.27s
    cube 3820.57.63.4 (depth 3, 30 lits): UNSAT in 0.30s
    cube 3820.57.63.5 (depth 3, 30 lits): UNSAT in 0.53s
    cube 3820.57.63.6 (depth 3, 30 lits): UNSAT in 0.49s
    cube 3820.57.63.7 (depth 3, 30 lits): UNSAT in 0.94s
    cube 3820.57.63.8 (depth 3, 30 lits): UNSAT in 0.60s
    cube 3820.57.63.9 (depth 3, 30 lits): UNSAT in 0.97s
    cube 3820.57.63.10 (depth 3, 30 lits): UNSAT in 0.96s
    cube 3820.57.63.11 (depth 3, 30 lits): UNSAT in 2.07s
    cube 3820.57.63.12 (depth 3, 30 lits): UNSAT in 0.63s
    cube 3820.57.63.13 (depth 3, 30 lits): UNSAT in 1.26s
    cube 3820.57.63.14 (depth 3, 30 lits): UNSAT in 1.69s
    cube 3820.57.63.15 (depth 3, 30 lits): UNSAT in 3.21s
    cube 3820.57.63.16 (depth 3, 30 lits): UNSAT in 0.13s
    cube 3820.57.63.17 (depth 3, 30 lits): UNSAT in 0.54s
    cube 3820.57.63.18 (depth 3, 30 lits): UNSAT in 0.28s
    cube 3820.57.63.19 (depth 3, 30 lits): UNSAT in 0.80s
    cube 3820.57.63.20 (depth 3, 30 lits): UNSAT in 0.22s
    cube 3820.57.63.21 (depth 3, 30 lits): UNSAT in 0.42s
    cube 3820.57.63.22 (depth 3, 30 lits): UNSAT in 0.54s
    cube 3820.57.63.23 (depth 3, 30 lits): UNSAT in 0.75s
    cube 3820.57.63.24 (depth 3, 30 lits): UNSAT in 0.86s
    cube 3820.57.63.25 (depth 3, 30 lits): UNSAT in 0.98s
    cube 3820.57.63.26 (depth 3, 30 lits): UNSAT in 1.10s
    cube 3820.57.63.27 (depth 3, 30 lits): UNSAT in 1.02s
    cube 3820.57.63.28 (depth 3, 30 lits): UNSAT in 1.11s
    cube 3820.57.63.29 (depth 3, 30 lits): UNSAT in 3.44s
    cube 3820.57.63.30 (depth 3, 30 lits): UNSAT in 3.89s
    cube 3820.57.63.31 (depth 3, 30 lits): UNSAT in 4.60s
    cube 3820.57.63.32 (depth 3, 30 lits): UNSAT in 0.31s
    cube 3820.57.63.33 (depth 3, 30 lits): UNSAT in 0.57s
    cube 3820.57.63.34 (depth 3, 30 lits): UNSAT in 0.41s
    cube 3820.57.63.35 (depth 3, 30 lits): UNSAT in 1.36s
    cube 3820.57.63.36 (depth 3, 30 lits): UNSAT in 1.25s
    cube 3820.57.63.37 (depth 3, 30 lits): UNSAT in 2.72s
    cube 3820.57.63.38 (depth 3, 30 lits): UNSAT in 2.50s
    cube 3820.57.63.39 (depth 3, 30 lits): UNSAT in 11.92s
    cube 3820.57.63.40 (depth 3, 30 lits): UNSAT in 0.48s
    cube 3820.57.63.41 (depth 3, 30 lits): UNSAT in 1.52s
    cube 3820.57.63.42 (depth 3, 30 lits): UNSAT in 1.81s
    cube 3820.57.63.43 (depth 3, 30 lits): UNSAT in 1.91s
    cube 3820.57.63.44 (depth 3, 30 lits): UNSAT in 1.41s
    cube 3820.57.63.45 (depth 3, 30 lits): UNSAT in 6.48s
    cube 3820.57.63.46 (depth 3, 30 lits): UNSAT in 9.03s
    cube 3820.57.63.47 (depth 3, 30 lits): UNSAT in 19.61s
    cube 3820.57.63.48 (depth 3, 30 lits): UNSAT in 0.11s
    cube 3820.57.63.49 (depth 3, 30 lits): UNSAT in 0.42s
    cube 3820.57.63.50 (depth 3, 30 lits): UNSAT in 0.73s
    cube 3820.57.63.51 (depth 3, 30 lits): UNSAT in 1.49s
    cube 3820.57.63.52 (depth 3, 30 lits): UNSAT in 1.19s
    cube 3820.57.63.53 (depth 3, 30 lits): UNSAT in 2.90s
    cube 3820.57.63.54 (depth 3, 30 lits): UNSAT in 2.56s
    cube 3820.57.63.55 (depth 3, 30 lits): UNSAT in 9.37s
    cube 3820.57.63.56 (depth 3, 30 lits): UNSAT in 0.11s
    cube 3820.57.63.57 (depth 3, 30 lits): UNSAT in 0.99s
    cube 3820.57.63.58 (depth 3, 30 lits): UNSAT in 1.01s
    cube 3820.57.63.59 (depth 3, 30 lits): UNSAT in 3.52s
    cube 3820.57.63.60 (depth 3, 30 lits): UNSAT in 1.51s
    cube 3820.57.63.61 (depth 3, 30 lits): UNSAT in 2.44s
    cube 3820.57.63.62 (depth 3, 30 lits): UNSAT in 7.27s
    cube 3820.57.63.63 (depth 3, 30 lits): UNSAT in 12.40s
    cube 3820.58 (depth 1, 18 lits): TIMEOUT in 60.04s
    cube 3820.58 TIMEOUT -> re-split into 64 sub-cubes (depth 2)
    cube 3820.58.0 (depth 2, 24 lits): UNSAT in 0.04s
    cube 3820.58.1 (depth 2, 24 lits): UNSAT in 0.19s
    cube 3820.58.2 (depth 2, 24 lits): UNSAT in 0.41s
    cube 3820.58.3 (depth 2, 24 lits): UNSAT in 0.90s
    cube 3820.58.4 (depth 2, 24 lits): UNSAT in 0.33s
    cube 3820.58.5 (depth 2, 24 lits): UNSAT in 0.55s
    cube 3820.58.6 (depth 2, 24 lits): UNSAT in 0.50s
    cube 3820.58.7 (depth 2, 24 lits): UNSAT in 1.89s
    cube 3820.58.8 (depth 2, 24 lits): UNSAT in 0.03s
    cube 3820.58.9 (depth 2, 24 lits): UNSAT in 0.54s
    cube 3820.58.10 (depth 2, 24 lits): UNSAT in 0.76s
    cube 3820.58.11 (depth 2, 24 lits): UNSAT in 1.86s
    cube 3820.58.12 (depth 2, 24 lits): UNSAT in 1.11s
    cube 3820.58.13 (depth 2, 24 lits): UNSAT in 2.68s
    cube 3820.58.14 (depth 2, 24 lits): UNSAT in 2.56s
    cube 3820.58.15 (depth 2, 24 lits): UNSAT in 10.67s
    cube 3820.58.16 (depth 2, 24 lits): UNSAT in 0.02s
    cube 3820.58.17 (depth 2, 24 lits): UNSAT in 0.05s
    cube 3820.58.18 (depth 2, 24 lits): UNSAT in 0.06s
    cube 3820.58.19 (depth 2, 24 lits): UNSAT in 0.33s
    cube 3820.58.20 (depth 2, 24 lits): UNSAT in 0.06s
    cube 3820.58.21 (depth 2, 24 lits): UNSAT in 0.12s
    cube 3820.58.22 (depth 2, 24 lits): UNSAT in 0.29s
    cube 3820.58.23 (depth 2, 24 lits): UNSAT in 1.27s
    cube 3820.58.24 (depth 2, 24 lits): UNSAT in 0.38s
    cube 3820.58.25 (depth 2, 24 lits): UNSAT in 1.26s
    cube 3820.58.26 (depth 2, 24 lits): UNSAT in 1.01s
    cube 3820.58.27 (depth 2, 24 lits): UNSAT in 4.53s
    cube 3820.58.28 (depth 2, 24 lits): UNSAT in 0.38s
    cube 3820.58.29 (depth 2, 24 lits): UNSAT in 2.32s
    cube 3820.58.30 (depth 2, 24 lits): UNSAT in 3.52s
    cube 3820.58.31 (depth 2, 24 lits): TIMEOUT in 60.06s
    cube 3820.58.31 TIMEOUT -> re-split into 62 sub-cubes (depth 3)
    cube 3820.58.31.0 (depth 3, 29 lits): UNSAT in 0.01s
    cube 3820.58.31.1 (depth 3, 29 lits): UNSAT in 0.02s
    cube 3820.58.31.2 (depth 3, 30 lits): UNSAT in 0.02s
    cube 3820.58.31.3 (depth 3, 30 lits): UNSAT in 0.03s
    cube 3820.58.31.4 (depth 3, 30 lits): UNSAT in 0.03s
    cube 3820.58.31.5 (depth 3, 30 lits): UNSAT in 0.07s
    cube 3820.58.31.6 (depth 3, 30 lits): UNSAT in 0.01s
    cube 3820.58.31.7 (depth 3, 30 lits): UNSAT in 0.02s
    cube 3820.58.31.8 (depth 3, 30 lits): UNSAT in 0.02s
    cube 3820.58.31.9 (depth 3, 30 lits): UNSAT in 0.05s
    cube 3820.58.31.10 (depth 3, 30 lits): UNSAT in 0.01s
    cube 3820.58.31.11 (depth 3, 30 lits): UNSAT in 0.07s
    cube 3820.58.31.12 (depth 3, 30 lits): UNSAT in 0.05s
    cube 3820.58.31.13 (depth 3, 30 lits): UNSAT in 0.15s
    cube 3820.58.31.14 (depth 3, 30 lits): UNSAT in 0.02s
    cube 3820.58.31.15 (depth 3, 30 lits): UNSAT in 0.02s
    cube 3820.58.31.16 (depth 3, 30 lits): UNSAT in 0.02s
    cube 3820.58.31.17 (depth 3, 30 lits): UNSAT in 0.04s
    cube 3820.58.31.18 (depth 3, 30 lits): UNSAT in 0.03s
    cube 3820.58.31.19 (depth 3, 30 lits): UNSAT in 0.07s
    cube 3820.58.31.20 (depth 3, 30 lits): UNSAT in 0.06s
    cube 3820.58.31.21 (depth 3, 30 lits): UNSAT in 0.14s
    cube 3820.58.31.22 (depth 3, 30 lits): UNSAT in 0.03s
    cube 3820.58.31.23 (depth 3, 30 lits): UNSAT in 0.07s
    cube 3820.58.31.24 (depth 3, 30 lits): UNSAT in 0.11s
    cube 3820.58.31.25 (depth 3, 30 lits): UNSAT in 0.33s
    cube 3820.58.31.26 (depth 3, 30 lits): UNSAT in 0.15s
    cube 3820.58.31.27 (depth 3, 30 lits): UNSAT in 0.48s
    cube 3820.58.31.28 (depth 3, 30 lits): UNSAT in 0.17s
    cube 3820.58.31.29 (depth 3, 30 lits): UNSAT in 1.28s
    cube 3820.58.31.30 (depth 3, 30 lits): UNSAT in 0.02s
    cube 3820.58.31.31 (depth 3, 30 lits): UNSAT in 0.04s
    cube 3820.58.31.32 (depth 3, 30 lits): UNSAT in 0.03s
    cube 3820.58.31.33 (depth 3, 30 lits): UNSAT in 0.06s
    cube 3820.58.31.34 (depth 3, 30 lits): UNSAT in 0.03s
    cube 3820.58.31.35 (depth 3, 30 lits): UNSAT in 0.06s
    cube 3820.58.31.36 (depth 3, 30 lits): UNSAT in 0.05s
    cube 3820.58.31.37 (depth 3, 30 lits): UNSAT in 0.62s
    cube 3820.58.31.38 (depth 3, 30 lits): UNSAT in 0.02s
    cube 3820.58.31.39 (depth 3, 30 lits): UNSAT in 0.11s
    cube 3820.58.31.40 (depth 3, 30 lits): UNSAT in 0.15s
    cube 3820.58.31.41 (depth 3, 30 lits): UNSAT in 0.78s
    cube 3820.58.31.42 (depth 3, 30 lits): UNSAT in 0.14s
    cube 3820.58.31.43 (depth 3, 30 lits): UNSAT in 0.25s
    cube 3820.58.31.44 (depth 3, 30 lits): UNSAT in 0.37s
    cube 3820.58.31.45 (depth 3, 30 lits): UNSAT in 2.58s
    cube 3820.58.31.46 (depth 3, 30 lits): UNSAT in 0.07s
    cube 3820.58.31.47 (depth 3, 30 lits): UNSAT in 0.31s
    cube 3820.58.31.48 (depth 3, 30 lits): UNSAT in 0.60s
    cube 3820.58.31.49 (depth 3, 30 lits): UNSAT in 0.77s
    cube 3820.58.31.50 (depth 3, 30 lits): UNSAT in 0.30s
    cube 3820.58.31.51 (depth 3, 30 lits): UNSAT in 1.00s
    cube 3820.58.31.52 (depth 3, 30 lits): UNSAT in 1.26s
    cube 3820.58.31.53 (depth 3, 30 lits): UNSAT in 8.12s
    cube 3820.58.31.54 (depth 3, 30 lits): UNSAT in 0.27s
    cube 3820.58.31.55 (depth 3, 30 lits): UNSAT in 1.08s
    cube 3820.58.31.56 (depth 3, 30 lits): UNSAT in 1.93s
    cube 3820.58.31.57 (depth 3, 30 lits): UNSAT in 5.42s
    cube 3820.58.31.58 (depth 3, 30 lits): UNSAT in 1.44s
    cube 3820.58.31.59 (depth 3, 30 lits): UNSAT in 7.45s
    cube 3820.58.31.60 (depth 3, 30 lits): UNSAT in 2.48s
    cube 3820.58.31.61 (depth 3, 30 lits): UNSAT in 11.78s
    cube 3820.58.32 (depth 2, 24 lits): UNSAT in 0.42s
    cube 3820.58.33 (depth 2, 24 lits): UNSAT in 0.48s
    cube 3820.58.34 (depth 2, 24 lits): UNSAT in 0.75s
    cube 3820.58.35 (depth 2, 24 lits): UNSAT in 2.14s
    cube 3820.58.36 (depth 2, 24 lits): UNSAT in 0.48s
    cube 3820.58.37 (depth 2, 24 lits): UNSAT in 1.23s
    cube 3820.58.38 (depth 2, 24 lits): UNSAT in 2.71s
    cube 3820.58.39 (depth 2, 24 lits): UNSAT in 7.91s
    cube 3820.58.40 (depth 2, 24 lits): UNSAT in 0.45s
    cube 3820.58.41 (depth 2, 24 lits): UNSAT in 1.04s
    cube 3820.58.42 (depth 2, 24 lits): UNSAT in 3.07s
    cube 3820.58.43 (depth 2, 24 lits): UNSAT in 6.36s
    cube 3820.58.44 (depth 2, 24 lits): UNSAT in 1.08s
    cube 3820.58.45 (depth 2, 24 lits): UNSAT in 3.05s
    cube 3820.58.46 (depth 2, 24 lits): UNSAT in 7.82s
    cube 3820.58.47 (depth 2, 24 lits): UNSAT in 52.68s
    cube 3820.58.48 (depth 2, 24 lits): UNSAT in 0.44s
    cube 3820.58.49 (depth 2, 24 lits): UNSAT in 1.04s
    cube 3820.58.50 (depth 2, 24 lits): UNSAT in 1.02s
    cube 3820.58.51 (depth 2, 24 lits): UNSAT in 4.09s
    cube 3820.58.52 (depth 2, 24 lits): UNSAT in 0.95s
    cube 3820.58.53 (depth 2, 24 lits): UNSAT in 3.51s
    cube 3820.58.54 (depth 2, 24 lits): UNSAT in 3.59s
    cube 3820.58.55 (depth 2, 24 lits): UNSAT in 11.31s
    cube 3820.58.56 (depth 2, 24 lits): UNSAT in 1.70s
    cube 3820.58.57 (depth 2, 24 lits): UNSAT in 4.26s
    cube 3820.58.58 (depth 2, 24 lits): UNSAT in 4.69s
    cube 3820.58.59 (depth 2, 24 lits): UNSAT in 17.93s
    cube 3820.58.60 (depth 2, 24 lits): UNSAT in 3.20s
    cube 3820.58.61 (depth 2, 24 lits): UNSAT in 30.80s
    cube 3820.58.62 (depth 2, 24 lits): UNSAT in 22.30s
    cube 3820.58.63 (depth 2, 24 lits): TIMEOUT in 60.06s
    cube 3820.58.63 TIMEOUT -> re-split into 64 sub-cubes (depth 3)
    cube 3820.58.63.0 (depth 3, 30 lits): UNSAT in 0.08s
    cube 3820.58.63.1 (depth 3, 30 lits): UNSAT in 0.24s
    cube 3820.58.63.2 (depth 3, 30 lits): UNSAT in 0.34s
    cube 3820.58.63.3 (depth 3, 30 lits): UNSAT in 0.45s
    cube 3820.58.63.4 (depth 3, 30 lits): UNSAT in 0.23s
    cube 3820.58.63.5 (depth 3, 30 lits): UNSAT in 0.35s
    cube 3820.58.63.6 (depth 3, 30 lits): UNSAT in 0.45s
    cube 3820.58.63.7 (depth 3, 30 lits): UNSAT in 1.15s
    cube 3820.58.63.8 (depth 3, 30 lits): UNSAT in 0.36s
    cube 3820.58.63.9 (depth 3, 30 lits): UNSAT in 0.44s
    cube 3820.58.63.10 (depth 3, 30 lits): UNSAT in 0.70s
    cube 3820.58.63.11 (depth 3, 30 lits): UNSAT in 1.59s
    cube 3820.58.63.12 (depth 3, 30 lits): UNSAT in 0.41s
    cube 3820.58.63.13 (depth 3, 30 lits): UNSAT in 2.52s
    cube 3820.58.63.14 (depth 3, 30 lits): UNSAT in 1.12s
    cube 3820.58.63.15 (depth 3, 30 lits): UNSAT in 4.12s
    cube 3820.58.63.16 (depth 3, 30 lits): UNSAT in 0.23s
    cube 3820.58.63.17 (depth 3, 30 lits): UNSAT in 0.26s
    cube 3820.58.63.18 (depth 3, 30 lits): UNSAT in 0.07s
    cube 3820.58.63.19 (depth 3, 30 lits): UNSAT in 1.11s
    cube 3820.58.63.20 (depth 3, 30 lits): UNSAT in 0.45s
    cube 3820.58.63.21 (depth 3, 30 lits): UNSAT in 1.22s
    cube 3820.58.63.22 (depth 3, 30 lits): UNSAT in 0.69s
    cube 3820.58.63.23 (depth 3, 30 lits): UNSAT in 3.10s
    cube 3820.58.63.24 (depth 3, 30 lits): UNSAT in 0.68s
    cube 3820.58.63.25 (depth 3, 30 lits): UNSAT in 2.81s
    cube 3820.58.63.26 (depth 3, 30 lits): UNSAT in 1.31s
    cube 3820.58.63.27 (depth 3, 30 lits): UNSAT in 8.37s
    cube 3820.58.63.28 (depth 3, 30 lits): UNSAT in 3.01s
    cube 3820.58.63.29 (depth 3, 30 lits): UNSAT in 7.47s
    cube 3820.58.63.30 (depth 3, 30 lits): UNSAT in 11.23s
    cube 3820.58.63.31 (depth 3, 30 lits): UNSAT in 23.53s
    cube 3820.58.63.32 (depth 3, 30 lits): UNSAT in 0.22s
    cube 3820.58.63.33 (depth 3, 30 lits): UNSAT in 0.79s
    cube 3820.58.63.34 (depth 3, 30 lits): UNSAT in 0.42s
    cube 3820.58.63.35 (depth 3, 30 lits): UNSAT in 1.21s
    cube 3820.58.63.36 (depth 3, 30 lits): UNSAT in 0.53s
    cube 3820.58.63.37 (depth 3, 30 lits): UNSAT in 2.08s
    cube 3820.58.63.38 (depth 3, 30 lits): UNSAT in 2.06s
    cube 3820.58.63.39 (depth 3, 30 lits): UNSAT in 6.19s
    cube 3820.58.63.40 (depth 3, 30 lits): UNSAT in 0.28s
    cube 3820.58.63.41 (depth 3, 30 lits): UNSAT in 1.03s
    cube 3820.58.63.42 (depth 3, 30 lits): UNSAT in 1.35s
    cube 3820.58.63.43 (depth 3, 30 lits): UNSAT in 2.62s
    cube 3820.58.63.44 (depth 3, 30 lits): UNSAT in 0.70s
    cube 3820.58.63.45 (depth 3, 30 lits): UNSAT in 5.34s
    cube 3820.58.63.46 (depth 3, 30 lits): UNSAT in 6.80s
    cube 3820.58.63.47 (depth 3, 30 lits): UNSAT in 25.72s
    cube 3820.58.63.48 (depth 3, 30 lits): UNSAT in 1.09s
