  shard 1/3 (round-robin): 1299 of 3898 cubes, per-cube cap 2400.0s, re-split depth 9
    cube 1 (depth 0, 22 lits): UNSAT in 0.01s
    cube 4 (depth 0, 24 lits): UNSAT in 0.01s
    cube 7 (depth 0, 22 lits): UNSAT in 0.01s
    cube 10 (depth 0, 24 lits): UNSAT in 0.01s
    cube 13 (depth 0, 24 lits): UNSAT in 0.01s
    cube 16 (depth 0, 23 lits): UNSAT in 0.01s
    cube 19 (depth 0, 24 lits): UNSAT in 0.02s
    cube 22 (depth 0, 24 lits): UNSAT in 0.01s
    cube 25 (depth 0, 24 lits): UNSAT in 0.02s
    cube 28 (depth 0, 24 lits): UNSAT in 0.01s
    cube 31 (depth 0, 24 lits): UNSAT in 0.01s
    cube 34 (depth 0, 24 lits): UNSAT in 0.01s
    cube 37 (depth 0, 24 lits): UNSAT in 0.01s
    cube 40 (depth 0, 24 lits): UNSAT in 0.02s
    cube 43 (depth 0, 24 lits): UNSAT in 0.01s
    cube 46 (depth 0, 24 lits): UNSAT in 0.01s
    cube 49 (depth 0, 24 lits): UNSAT in 0.02s
    cube 52 (depth 0, 24 lits): UNSAT in 0.01s
    cube 55 (depth 0, 24 lits): UNSAT in 0.02s
    cube 58 (depth 0, 23 lits): UNSAT in 0.01s
    cube 61 (depth 0, 23 lits): UNSAT in 0.01s
    cube 64 (depth 0, 24 lits): UNSAT in 0.01s
    cube 67 (depth 0, 24 lits): UNSAT in 0.01s
    cube 70 (depth 0, 24 lits): UNSAT in 0.08s
    cube 73 (depth 0, 23 lits): UNSAT in 0.01s
    cube 76 (depth 0, 22 lits): UNSAT in 0.01s
    cube 79 (depth 0, 24 lits): UNSAT in 0.01s
    cube 82 (depth 0, 24 lits): UNSAT in 0.01s
    cube 85 (depth 0, 24 lits): UNSAT in 0.01s
    cube 88 (depth 0, 24 lits): UNSAT in 0.02s
    cube 91 (depth 0, 24 lits): UNSAT in 0.01s
    cube 94 (depth 0, 24 lits): UNSAT in 0.01s
    cube 97 (depth 0, 24 lits): UNSAT in 0.01s
    cube 100 (depth 0, 24 lits): UNSAT in 0.01s
    cube 103 (depth 0, 24 lits): UNSAT in 0.01s
    cube 106 (depth 0, 23 lits): UNSAT in 0.01s
    cube 109 (depth 0, 24 lits): UNSAT in 0.01s
    cube 112 (depth 0, 24 lits): UNSAT in 0.02s
    cube 115 (depth 0, 24 lits): UNSAT in 0.07s
    cube 118 (depth 0, 23 lits): UNSAT in 0.01s
    cube 121 (depth 0, 24 lits): UNSAT in 0.01s
    cube 124 (depth 0, 24 lits): UNSAT in 0.01s
    cube 127 (depth 0, 24 lits): UNSAT in 0.01s
    cube 130 (depth 0, 24 lits): UNSAT in 0.02s
    cube 133 (depth 0, 24 lits): UNSAT in 0.03s
    cube 136 (depth 0, 24 lits): UNSAT in 0.02s
    cube 139 (depth 0, 24 lits): UNSAT in 0.02s
    cube 142 (depth 0, 24 lits): UNSAT in 0.01s
    cube 145 (depth 0, 23 lits): UNSAT in 0.01s
    cube 148 (depth 0, 24 lits): UNSAT in 0.01s
    cube 151 (depth 0, 24 lits): UNSAT in 0.03s
    cube 154 (depth 0, 24 lits): UNSAT in 0.01s
    cube 157 (depth 0, 24 lits): UNSAT in 0.04s
    cube 160 (depth 0, 23 lits): UNSAT in 0.01s
    cube 163 (depth 0, 24 lits): UNSAT in 0.01s
    cube 166 (depth 0, 24 lits): UNSAT in 0.04s
    cube 169 (depth 0, 24 lits): UNSAT in 0.02s
    cube 172 (depth 0, 24 lits): UNSAT in 0.20s
    cube 175 (depth 0, 21 lits): UNSAT in 0.01s
    cube 178 (depth 0, 23 lits): UNSAT in 0.01s
    cube 181 (depth 0, 24 lits): UNSAT in 0.01s
    cube 184 (depth 0, 24 lits): UNSAT in 0.01s
    cube 187 (depth 0, 23 lits): UNSAT in 0.01s
    cube 190 (depth 0, 24 lits): UNSAT in 0.01s
    cube 193 (depth 0, 24 lits): UNSAT in 0.02s
    cube 196 (depth 0, 24 lits): UNSAT in 0.02s
    cube 199 (depth 0, 24 lits): UNSAT in 0.01s
    cube 202 (depth 0, 24 lits): UNSAT in 0.02s
    cube 205 (depth 0, 24 lits): UNSAT in 0.02s
    cube 208 (depth 0, 24 lits): UNSAT in 0.04s
    cube 211 (depth 0, 24 lits): UNSAT in 0.02s
    cube 214 (depth 0, 24 lits): UNSAT in 0.15s
    cube 217 (depth 0, 24 lits): UNSAT in 0.07s
    cube 220 (depth 0, 22 lits): UNSAT in 0.01s
    cube 223 (depth 0, 24 lits): UNSAT in 0.01s
    cube 226 (depth 0, 24 lits): UNSAT in 0.02s
    cube 229 (depth 0, 24 lits): UNSAT in 0.01s
    cube 232 (depth 0, 24 lits): UNSAT in 0.03s
    cube 235 (depth 0, 24 lits): UNSAT in 0.02s
    cube 238 (depth 0, 24 lits): UNSAT in 0.02s
    cube 241 (depth 0, 24 lits): UNSAT in 0.02s
    cube 244 (depth 0, 24 lits): UNSAT in 0.03s
    cube 247 (depth 0, 24 lits): UNSAT in 0.02s
    cube 250 (depth 0, 24 lits): UNSAT in 0.02s
    cube 253 (depth 0, 24 lits): UNSAT in 0.03s
    cube 256 (depth 0, 24 lits): UNSAT in 0.10s
    cube 259 (depth 0, 24 lits): UNSAT in 0.08s
    cube 262 (depth 0, 24 lits): UNSAT in 0.02s
    cube 265 (depth 0, 24 lits): UNSAT in 0.13s
    cube 268 (depth 0, 24 lits): UNSAT in 0.13s
    cube 271 (depth 0, 24 lits): UNSAT in 0.26s
    cube 274 (depth 0, 24 lits): UNSAT in 0.31s
    cube 277 (depth 0, 23 lits): UNSAT in 0.01s
    cube 280 (depth 0, 24 lits): UNSAT in 0.01s
    cube 283 (depth 0, 24 lits): UNSAT in 0.01s
    cube 286 (depth 0, 24 lits): UNSAT in 0.02s
    cube 289 (depth 0, 24 lits): UNSAT in 0.06s
    cube 292 (depth 0, 24 lits): UNSAT in 0.01s
    cube 295 (depth 0, 24 lits): UNSAT in 0.06s
    cube 298 (depth 0, 24 lits): UNSAT in 0.06s
    cube 301 (depth 0, 24 lits): UNSAT in 0.01s
    cube 304 (depth 0, 24 lits): UNSAT in 0.02s
    cube 307 (depth 0, 24 lits): UNSAT in 0.09s
    cube 310 (depth 0, 24 lits): UNSAT in 0.01s
    cube 313 (depth 0, 24 lits): UNSAT in 0.02s
    cube 316 (depth 0, 24 lits): UNSAT in 0.03s
    cube 319 (depth 0, 24 lits): UNSAT in 0.07s
    cube 322 (depth 0, 24 lits): UNSAT in 0.01s
    cube 325 (depth 0, 24 lits): UNSAT in 0.04s
    cube 328 (depth 0, 24 lits): UNSAT in 0.03s
    cube 331 (depth 0, 24 lits): UNSAT in 0.10s
    cube 334 (depth 0, 24 lits): UNSAT in 0.27s
    cube 337 (depth 0, 24 lits): UNSAT in 0.66s
    cube 340 (depth 0, 24 lits): UNSAT in 0.01s
    cube 343 (depth 0, 24 lits): UNSAT in 0.03s
    cube 346 (depth 0, 24 lits): UNSAT in 0.02s
    cube 349 (depth 0, 24 lits): UNSAT in 0.11s
    cube 352 (depth 0, 24 lits): UNSAT in 0.07s
    cube 355 (depth 0, 24 lits): UNSAT in 0.06s
    cube 358 (depth 0, 24 lits): UNSAT in 0.04s
    cube 361 (depth 0, 24 lits): UNSAT in 0.23s
    cube 364 (depth 0, 24 lits): UNSAT in 0.07s
    cube 367 (depth 0, 24 lits): UNSAT in 0.08s
    cube 370 (depth 0, 24 lits): UNSAT in 0.01s
    cube 373 (depth 0, 24 lits): UNSAT in 0.09s
    cube 376 (depth 0, 24 lits): UNSAT in 0.05s
    cube 379 (depth 0, 24 lits): UNSAT in 0.10s
    cube 382 (depth 0, 24 lits): UNSAT in 0.10s
    cube 385 (depth 0, 24 lits): UNSAT in 3.09s
    cube 388 (depth 0, 24 lits): UNSAT in 0.06s
    cube 391 (depth 0, 24 lits): UNSAT in 0.39s
    cube 394 (depth 0, 24 lits): UNSAT in 0.08s
    cube 397 (depth 0, 24 lits): UNSAT in 4.85s
    cube 400 (depth 0, 24 lits): UNSAT in 10.66s
    cube 403 (depth 0, 22 lits): UNSAT in 0.01s
    cube 406 (depth 0, 24 lits): UNSAT in 0.01s
    cube 409 (depth 0, 24 lits): UNSAT in 0.01s
    cube 412 (depth 0, 24 lits): UNSAT in 0.01s
    cube 415 (depth 0, 23 lits): UNSAT in 0.01s
    cube 418 (depth 0, 24 lits): UNSAT in 0.01s
    cube 421 (depth 0, 24 lits): UNSAT in 0.02s
    cube 424 (depth 0, 24 lits): UNSAT in 0.02s
    cube 427 (depth 0, 23 lits): UNSAT in 0.01s
    cube 430 (depth 0, 24 lits): UNSAT in 0.01s
    cube 433 (depth 0, 24 lits): UNSAT in 0.01s
    cube 436 (depth 0, 24 lits): UNSAT in 0.03s
    cube 439 (depth 0, 24 lits): UNSAT in 0.02s
    cube 442 (depth 0, 24 lits): UNSAT in 0.01s
    cube 445 (depth 0, 24 lits): UNSAT in 0.05s
    cube 448 (depth 0, 24 lits): UNSAT in 0.05s
    cube 451 (depth 0, 24 lits): UNSAT in 0.12s
    cube 454 (depth 0, 22 lits): UNSAT in 0.01s
    cube 457 (depth 0, 23 lits): UNSAT in 0.01s
    cube 460 (depth 0, 24 lits): UNSAT in 0.03s
    cube 463 (depth 0, 24 lits): UNSAT in 0.04s
    cube 466 (depth 0, 24 lits): UNSAT in 0.09s
    cube 469 (depth 0, 24 lits): UNSAT in 0.01s
    cube 472 (depth 0, 24 lits): UNSAT in 0.13s
    cube 475 (depth 0, 22 lits): UNSAT in 0.02s
    cube 478 (depth 0, 24 lits): UNSAT in 0.01s
    cube 481 (depth 0, 24 lits): UNSAT in 0.03s
    cube 484 (depth 0, 24 lits): UNSAT in 0.01s
    cube 487 (depth 0, 24 lits): UNSAT in 0.02s
    cube 490 (depth 0, 24 lits): UNSAT in 0.04s
    cube 493 (depth 0, 24 lits): UNSAT in 0.01s
    cube 496 (depth 0, 24 lits): UNSAT in 0.08s
    cube 499 (depth 0, 24 lits): UNSAT in 0.28s
    cube 502 (depth 0, 24 lits): UNSAT in 0.01s
    cube 505 (depth 0, 24 lits): UNSAT in 0.01s
    cube 508 (depth 0, 24 lits): UNSAT in 0.02s
    cube 511 (depth 0, 24 lits): UNSAT in 0.04s
    cube 514 (depth 0, 24 lits): UNSAT in 0.08s
    cube 517 (depth 0, 24 lits): UNSAT in 0.01s
    cube 520 (depth 0, 24 lits): UNSAT in 0.02s
    cube 523 (depth 0, 24 lits): UNSAT in 0.03s
    cube 526 (depth 0, 24 lits): UNSAT in 0.02s
    cube 529 (depth 0, 24 lits): UNSAT in 0.08s
    cube 532 (depth 0, 24 lits): UNSAT in 0.01s
    cube 535 (depth 0, 24 lits): UNSAT in 0.06s
    cube 538 (depth 0, 24 lits): UNSAT in 0.02s
    cube 541 (depth 0, 24 lits): UNSAT in 0.04s
    cube 544 (depth 0, 24 lits): UNSAT in 0.03s
    cube 547 (depth 0, 24 lits): UNSAT in 0.20s
    cube 550 (depth 0, 24 lits): UNSAT in 0.01s
    cube 553 (depth 0, 24 lits): UNSAT in 0.02s
    cube 556 (depth 0, 24 lits): UNSAT in 0.02s
    cube 559 (depth 0, 24 lits): UNSAT in 0.46s
    cube 562 (depth 0, 24 lits): UNSAT in 0.01s
    cube 565 (depth 0, 24 lits): UNSAT in 0.01s
    cube 568 (depth 0, 24 lits): UNSAT in 0.01s
    cube 571 (depth 0, 24 lits): UNSAT in 0.04s
    cube 574 (depth 0, 24 lits): UNSAT in 0.01s
    cube 577 (depth 0, 24 lits): UNSAT in 0.03s
    cube 580 (depth 0, 24 lits): UNSAT in 0.01s
    cube 583 (depth 0, 24 lits): UNSAT in 0.04s
    cube 586 (depth 0, 24 lits): UNSAT in 0.05s
    cube 589 (depth 0, 24 lits): UNSAT in 0.04s
    cube 592 (depth 0, 24 lits): UNSAT in 0.06s
    cube 595 (depth 0, 24 lits): UNSAT in 0.02s
    cube 598 (depth 0, 24 lits): UNSAT in 0.07s
    cube 601 (depth 0, 24 lits): UNSAT in 0.04s
    cube 604 (depth 0, 24 lits): UNSAT in 0.01s
    cube 607 (depth 0, 24 lits): UNSAT in 0.05s
    cube 610 (depth 0, 24 lits): UNSAT in 0.30s
    cube 613 (depth 0, 24 lits): UNSAT in 0.05s
    cube 616 (depth 0, 24 lits): UNSAT in 0.21s
    cube 619 (depth 0, 24 lits): UNSAT in 0.18s
    cube 622 (depth 0, 24 lits): UNSAT in 3.56s
    cube 625 (depth 0, 24 lits): UNSAT in 5.45s
    cube 628 (depth 0, 23 lits): UNSAT in 0.01s
    cube 631 (depth 0, 24 lits): UNSAT in 0.02s
    cube 634 (depth 0, 24 lits): UNSAT in 0.01s
    cube 637 (depth 0, 24 lits): UNSAT in 0.01s
    cube 640 (depth 0, 24 lits): UNSAT in 0.01s
    cube 643 (depth 0, 24 lits): UNSAT in 0.02s
    cube 646 (depth 0, 24 lits): UNSAT in 0.03s
    cube 649 (depth 0, 24 lits): UNSAT in 0.02s
    cube 652 (depth 0, 24 lits): UNSAT in 0.04s
    cube 655 (depth 0, 24 lits): UNSAT in 0.19s
    cube 658 (depth 0, 24 lits): UNSAT in 0.01s
    cube 661 (depth 0, 24 lits): UNSAT in 0.02s
    cube 664 (depth 0, 24 lits): UNSAT in 0.02s
    cube 667 (depth 0, 24 lits): UNSAT in 0.07s
    cube 670 (depth 0, 24 lits): UNSAT in 0.05s
    cube 673 (depth 0, 24 lits): UNSAT in 0.02s
    cube 676 (depth 0, 24 lits): UNSAT in 0.04s
    cube 679 (depth 0, 24 lits): UNSAT in 0.17s
    cube 682 (depth 0, 24 lits): UNSAT in 0.02s
    cube 685 (depth 0, 24 lits): UNSAT in 0.18s
    cube 688 (depth 0, 24 lits): UNSAT in 0.01s
    cube 691 (depth 0, 24 lits): UNSAT in 0.01s
    cube 694 (depth 0, 24 lits): UNSAT in 0.02s
    cube 697 (depth 0, 24 lits): UNSAT in 0.01s
    cube 700 (depth 0, 24 lits): UNSAT in 0.01s
    cube 703 (depth 0, 24 lits): UNSAT in 0.07s
    cube 706 (depth 0, 24 lits): UNSAT in 0.01s
    cube 709 (depth 0, 24 lits): UNSAT in 0.19s
    cube 712 (depth 0, 24 lits): UNSAT in 0.12s
    cube 715 (depth 0, 24 lits): UNSAT in 0.29s
    cube 718 (depth 0, 24 lits): UNSAT in 0.01s
    cube 721 (depth 0, 24 lits): UNSAT in 0.04s
    cube 724 (depth 0, 24 lits): UNSAT in 0.02s
    cube 727 (depth 0, 24 lits): UNSAT in 0.08s
    cube 730 (depth 0, 24 lits): UNSAT in 0.19s
    cube 733 (depth 0, 24 lits): UNSAT in 2.03s
    cube 736 (depth 0, 24 lits): UNSAT in 0.08s
    cube 739 (depth 0, 24 lits): UNSAT in 0.28s
    cube 742 (depth 0, 24 lits): UNSAT in 0.15s
    cube 745 (depth 0, 24 lits): UNSAT in 2.30s
    cube 748 (depth 0, 24 lits): UNSAT in 10.43s
    cube 751 (depth 0, 24 lits): UNSAT in 0.01s
    cube 754 (depth 0, 24 lits): UNSAT in 0.03s
    cube 757 (depth 0, 24 lits): UNSAT in 0.02s
    cube 760 (depth 0, 24 lits): UNSAT in 0.03s
    cube 763 (depth 0, 24 lits): UNSAT in 0.08s
    cube 766 (depth 0, 24 lits): UNSAT in 0.05s
    cube 769 (depth 0, 24 lits): UNSAT in 0.04s
    cube 772 (depth 0, 24 lits): UNSAT in 0.24s
    cube 775 (depth 0, 24 lits): UNSAT in 0.35s
    cube 778 (depth 0, 24 lits): UNSAT in 0.50s
    cube 781 (depth 0, 24 lits): UNSAT in 0.03s
    cube 784 (depth 0, 24 lits): UNSAT in 0.05s
    cube 787 (depth 0, 24 lits): UNSAT in 0.04s
    cube 790 (depth 0, 24 lits): UNSAT in 0.08s
    cube 793 (depth 0, 24 lits): UNSAT in 0.03s
    cube 796 (depth 0, 24 lits): UNSAT in 0.05s
    cube 799 (depth 0, 24 lits): UNSAT in 0.04s
    cube 802 (depth 0, 24 lits): UNSAT in 0.09s
    cube 805 (depth 0, 24 lits): UNSAT in 0.55s
    cube 808 (depth 0, 24 lits): UNSAT in 1.67s
    cube 811 (depth 0, 24 lits): UNSAT in 3.60s
    cube 814 (depth 0, 24 lits): UNSAT in 0.02s
    cube 817 (depth 0, 24 lits): UNSAT in 0.05s
    cube 820 (depth 0, 24 lits): UNSAT in 0.06s
    cube 823 (depth 0, 24 lits): UNSAT in 0.10s
    cube 826 (depth 0, 24 lits): UNSAT in 0.51s
    cube 829 (depth 0, 24 lits): UNSAT in 0.02s
    cube 832 (depth 0, 24 lits): UNSAT in 1.46s
    cube 835 (depth 0, 24 lits): UNSAT in 0.48s
    cube 838 (depth 0, 24 lits): UNSAT in 0.98s
    cube 841 (depth 0, 24 lits): UNSAT in 0.73s
    cube 844 (depth 0, 24 lits): UNSAT in 14.84s
    cube 847 (depth 0, 24 lits): UNSAT in 0.04s
    cube 850 (depth 0, 24 lits): UNSAT in 0.22s
    cube 853 (depth 0, 24 lits): UNSAT in 0.08s
    cube 856 (depth 0, 24 lits): UNSAT in 0.93s
    cube 859 (depth 0, 24 lits): UNSAT in 0.13s
    cube 862 (depth 0, 24 lits): UNSAT in 0.10s
    cube 865 (depth 0, 24 lits): UNSAT in 0.56s
    cube 868 (depth 0, 24 lits): UNSAT in 16.90s
    cube 871 (depth 0, 24 lits): UNSAT in 1.36s
    cube 874 (depth 0, 24 lits): UNSAT in 78.34s
    cube 877 (depth 0, 24 lits): UNSAT in 0.01s
    cube 880 (depth 0, 24 lits): UNSAT in 0.08s
    cube 883 (depth 0, 24 lits): UNSAT in 0.07s
    cube 886 (depth 0, 24 lits): UNSAT in 0.04s
    cube 889 (depth 0, 24 lits): UNSAT in 0.03s
    cube 892 (depth 0, 24 lits): UNSAT in 0.21s
    cube 895 (depth 0, 24 lits): UNSAT in 0.05s
    cube 898 (depth 0, 24 lits): UNSAT in 0.06s
    cube 901 (depth 0, 24 lits): UNSAT in 0.07s
    cube 904 (depth 0, 24 lits): UNSAT in 0.12s
    cube 907 (depth 0, 24 lits): UNSAT in 0.21s
    cube 910 (depth 0, 24 lits): UNSAT in 0.01s
    cube 913 (depth 0, 24 lits): UNSAT in 0.02s
    cube 916 (depth 0, 24 lits): UNSAT in 0.01s
    cube 919 (depth 0, 24 lits): UNSAT in 0.25s
    cube 922 (depth 0, 24 lits): UNSAT in 0.22s
    cube 925 (depth 0, 24 lits): UNSAT in 0.04s
    cube 928 (depth 0, 24 lits): UNSAT in 0.08s
    cube 931 (depth 0, 24 lits): UNSAT in 0.28s
    cube 934 (depth 0, 24 lits): UNSAT in 0.19s
    cube 937 (depth 0, 24 lits): UNSAT in 0.23s
    cube 940 (depth 0, 24 lits): UNSAT in 0.01s
    cube 943 (depth 0, 24 lits): UNSAT in 0.09s
    cube 946 (depth 0, 24 lits): UNSAT in 0.18s
    cube 949 (depth 0, 24 lits): UNSAT in 0.09s
    cube 952 (depth 0, 24 lits): UNSAT in 0.17s
    cube 955 (depth 0, 24 lits): UNSAT in 0.30s
    cube 958 (depth 0, 24 lits): UNSAT in 0.09s
    cube 961 (depth 0, 24 lits): UNSAT in 0.12s
    cube 964 (depth 0, 24 lits): UNSAT in 0.04s
    cube 967 (depth 0, 24 lits): UNSAT in 0.57s
    cube 970 (depth 0, 24 lits): UNSAT in 0.71s
    cube 973 (depth 0, 24 lits): UNSAT in 0.05s
    cube 976 (depth 0, 24 lits): UNSAT in 0.05s
    cube 979 (depth 0, 24 lits): UNSAT in 0.32s
    cube 982 (depth 0, 24 lits): UNSAT in 0.26s
    cube 985 (depth 0, 24 lits): UNSAT in 0.42s
    cube 988 (depth 0, 24 lits): UNSAT in 0.05s
    cube 991 (depth 0, 24 lits): UNSAT in 0.43s
    cube 994 (depth 0, 24 lits): UNSAT in 0.62s
    cube 997 (depth 0, 24 lits): UNSAT in 0.51s
    cube 1000 (depth 0, 24 lits): UNSAT in 0.47s
    cube 1003 (depth 0, 24 lits): UNSAT in 4.36s
    cube 1006 (depth 0, 24 lits): UNSAT in 0.01s
    cube 1009 (depth 0, 24 lits): UNSAT in 0.01s
    cube 1012 (depth 0, 24 lits): UNSAT in 0.02s
    cube 1015 (depth 0, 24 lits): UNSAT in 0.07s
    cube 1018 (depth 0, 24 lits): UNSAT in 0.01s
    cube 1021 (depth 0, 24 lits): UNSAT in 0.02s
    cube 1024 (depth 0, 24 lits): UNSAT in 0.01s
    cube 1027 (depth 0, 24 lits): UNSAT in 0.28s
    cube 1030 (depth 0, 24 lits): UNSAT in 0.06s
    cube 1033 (depth 0, 24 lits): UNSAT in 0.01s
    cube 1036 (depth 0, 24 lits): UNSAT in 0.02s
    cube 1039 (depth 0, 24 lits): UNSAT in 0.13s
    cube 1042 (depth 0, 24 lits): UNSAT in 0.08s
    cube 1045 (depth 0, 24 lits): UNSAT in 0.02s
    cube 1048 (depth 0, 24 lits): UNSAT in 0.01s
    cube 1051 (depth 0, 24 lits): UNSAT in 0.11s
    cube 1054 (depth 0, 24 lits): UNSAT in 0.21s
    cube 1057 (depth 0, 24 lits): UNSAT in 0.01s
    cube 1060 (depth 0, 24 lits): UNSAT in 0.02s
    cube 1063 (depth 0, 24 lits): UNSAT in 0.09s
    cube 1066 (depth 0, 24 lits): UNSAT in 0.01s
    cube 1069 (depth 0, 24 lits): UNSAT in 0.03s
    cube 1072 (depth 0, 24 lits): UNSAT in 0.02s
    cube 1075 (depth 0, 24 lits): UNSAT in 0.08s
    cube 1078 (depth 0, 24 lits): UNSAT in 0.13s
    cube 1081 (depth 0, 24 lits): UNSAT in 0.05s
    cube 1084 (depth 0, 24 lits): UNSAT in 0.03s
    cube 1087 (depth 0, 24 lits): UNSAT in 2.29s
    cube 1090 (depth 0, 24 lits): UNSAT in 0.17s
    cube 1093 (depth 0, 24 lits): UNSAT in 0.34s
    cube 1096 (depth 0, 24 lits): UNSAT in 0.02s
    cube 1099 (depth 0, 24 lits): UNSAT in 0.10s
    cube 1102 (depth 0, 24 lits): UNSAT in 0.13s
    cube 1105 (depth 0, 24 lits): UNSAT in 0.10s
    cube 1108 (depth 0, 24 lits): UNSAT in 0.02s
    cube 1111 (depth 0, 24 lits): UNSAT in 0.56s
    cube 1114 (depth 0, 24 lits): UNSAT in 0.12s
    cube 1117 (depth 0, 24 lits): UNSAT in 0.24s
    cube 1120 (depth 0, 24 lits): UNSAT in 0.51s
    cube 1123 (depth 0, 24 lits): UNSAT in 11.82s
    cube 1126 (depth 0, 24 lits): UNSAT in 2.02s
    cube 1129 (depth 0, 24 lits): UNSAT in 0.02s
    cube 1132 (depth 0, 23 lits): UNSAT in 0.01s
    cube 1135 (depth 0, 24 lits): UNSAT in 0.01s
    cube 1138 (depth 0, 24 lits): UNSAT in 0.05s
    cube 1141 (depth 0, 24 lits): UNSAT in 0.08s
    cube 1144 (depth 0, 24 lits): UNSAT in 0.03s
    cube 1147 (depth 0, 24 lits): UNSAT in 0.06s
    cube 1150 (depth 0, 24 lits): UNSAT in 0.10s
    cube 1153 (depth 0, 24 lits): UNSAT in 0.08s
    cube 1156 (depth 0, 24 lits): UNSAT in 0.19s
    cube 1159 (depth 0, 24 lits): UNSAT in 0.01s
    cube 1162 (depth 0, 24 lits): UNSAT in 0.05s
    cube 1165 (depth 0, 24 lits): UNSAT in 0.03s
    cube 1168 (depth 0, 24 lits): UNSAT in 0.06s
    cube 1171 (depth 0, 24 lits): UNSAT in 0.02s
    cube 1174 (depth 0, 24 lits): UNSAT in 0.25s
    cube 1177 (depth 0, 24 lits): UNSAT in 0.04s
    cube 1180 (depth 0, 24 lits): UNSAT in 0.10s
    cube 1183 (depth 0, 24 lits): UNSAT in 0.06s
    cube 1186 (depth 0, 24 lits): UNSAT in 0.21s
    cube 1189 (depth 0, 24 lits): UNSAT in 0.39s
    cube 1192 (depth 0, 24 lits): UNSAT in 0.01s
    cube 1195 (depth 0, 24 lits): UNSAT in 0.01s
    cube 1198 (depth 0, 24 lits): UNSAT in 0.07s
    cube 1201 (depth 0, 24 lits): UNSAT in 0.02s
    cube 1204 (depth 0, 24 lits): UNSAT in 0.06s
    cube 1207 (depth 0, 24 lits): UNSAT in 0.01s
    cube 1210 (depth 0, 24 lits): UNSAT in 0.10s
    cube 1213 (depth 0, 24 lits): UNSAT in 0.09s
    cube 1216 (depth 0, 24 lits): UNSAT in 0.02s
    cube 1219 (depth 0, 24 lits): UNSAT in 0.02s
    cube 1222 (depth 0, 24 lits): UNSAT in 0.57s
    cube 1225 (depth 0, 24 lits): UNSAT in 0.02s
    cube 1228 (depth 0, 24 lits): UNSAT in 0.03s
    cube 1231 (depth 0, 24 lits): UNSAT in 0.01s
    cube 1234 (depth 0, 24 lits): UNSAT in 0.08s
    cube 1237 (depth 0, 24 lits): UNSAT in 0.48s
    cube 1240 (depth 0, 24 lits): UNSAT in 0.07s
    cube 1243 (depth 0, 24 lits): UNSAT in 0.29s
    cube 1246 (depth 0, 24 lits): UNSAT in 6.29s
    cube 1249 (depth 0, 24 lits): UNSAT in 0.52s
    cube 1252 (depth 0, 24 lits): UNSAT in 1.52s
    cube 1255 (depth 0, 24 lits): UNSAT in 0.01s
    cube 1258 (depth 0, 24 lits): UNSAT in 0.28s
    cube 1261 (depth 0, 24 lits): UNSAT in 0.70s
    cube 1264 (depth 0, 24 lits): UNSAT in 0.35s
    cube 1267 (depth 0, 24 lits): UNSAT in 0.49s
    cube 1270 (depth 0, 24 lits): UNSAT in 2.73s
    cube 1273 (depth 0, 24 lits): UNSAT in 0.25s
    cube 1276 (depth 0, 24 lits): UNSAT in 0.52s
    cube 1279 (depth 0, 24 lits): UNSAT in 0.40s
    cube 1282 (depth 0, 24 lits): UNSAT in 1.11s
    cube 1285 (depth 0, 24 lits): UNSAT in 1.55s
    cube 1288 (depth 0, 24 lits): UNSAT in 0.03s
    cube 1291 (depth 0, 24 lits): UNSAT in 0.08s
    cube 1294 (depth 0, 24 lits): UNSAT in 0.33s
    cube 1297 (depth 0, 24 lits): UNSAT in 0.21s
    cube 1300 (depth 0, 24 lits): UNSAT in 0.92s
    cube 1303 (depth 0, 24 lits): UNSAT in 0.16s
    cube 1306 (depth 0, 24 lits): UNSAT in 0.99s
    cube 1309 (depth 0, 24 lits): UNSAT in 2.12s
    cube 1312 (depth 0, 24 lits): UNSAT in 1.82s
    cube 1315 (depth 0, 24 lits): UNSAT in 1.80s
    cube 1318 (depth 0, 24 lits): UNSAT in 28.82s
    cube 1321 (depth 0, 24 lits): UNSAT in 0.02s
    cube 1324 (depth 0, 24 lits): UNSAT in 0.03s
    cube 1327 (depth 0, 24 lits): UNSAT in 0.08s
    cube 1330 (depth 0, 24 lits): UNSAT in 1.08s
    cube 1333 (depth 0, 24 lits): UNSAT in 0.17s
    cube 1336 (depth 0, 24 lits): UNSAT in 0.39s
    cube 1339 (depth 0, 24 lits): UNSAT in 0.18s
    cube 1342 (depth 0, 24 lits): UNSAT in 0.95s
    cube 1345 (depth 0, 24 lits): UNSAT in 0.37s
    cube 1348 (depth 0, 24 lits): UNSAT in 4.67s
    cube 1351 (depth 0, 24 lits): UNSAT in 0.42s
    cube 1354 (depth 0, 24 lits): UNSAT in 1.74s
    cube 1357 (depth 0, 24 lits): UNSAT in 1.71s
    cube 1360 (depth 0, 24 lits): UNSAT in 0.92s
    cube 1363 (depth 0, 24 lits): UNSAT in 1.18s
    cube 1366 (depth 0, 24 lits): UNSAT in 46.00s
    cube 1369 (depth 0, 24 lits): UNSAT in 1.51s
    cube 1372 (depth 0, 24 lits): UNSAT in 5.39s
    cube 1375 (depth 0, 24 lits): UNSAT in 2.60s
    cube 1378 (depth 0, 24 lits): UNSAT in 48.55s
    cube 1381 (depth 0, 24 lits): UNSAT in 85.16s
    cube 1384 (depth 0, 24 lits): UNSAT in 0.02s
    cube 1387 (depth 0, 24 lits): UNSAT in 0.03s
    cube 1390 (depth 0, 24 lits): UNSAT in 0.18s
    cube 1393 (depth 0, 24 lits): UNSAT in 0.02s
    cube 1396 (depth 0, 24 lits): UNSAT in 0.09s
    cube 1399 (depth 0, 24 lits): UNSAT in 0.02s
    cube 1402 (depth 0, 24 lits): UNSAT in 0.19s
    cube 1405 (depth 0, 24 lits): UNSAT in 0.09s
    cube 1408 (depth 0, 24 lits): UNSAT in 0.46s
    cube 1411 (depth 0, 24 lits): UNSAT in 0.09s
    cube 1414 (depth 0, 24 lits): UNSAT in 2.67s
    cube 1417 (depth 0, 24 lits): UNSAT in 0.13s
    cube 1420 (depth 0, 24 lits): UNSAT in 0.25s
    cube 1423 (depth 0, 24 lits): UNSAT in 0.21s
    cube 1426 (depth 0, 24 lits): UNSAT in 0.39s
    cube 1429 (depth 0, 24 lits): UNSAT in 0.60s
    cube 1432 (depth 0, 24 lits): UNSAT in 0.40s
    cube 1435 (depth 0, 24 lits): UNSAT in 0.46s
    cube 1438 (depth 0, 24 lits): UNSAT in 1.16s
    cube 1441 (depth 0, 24 lits): UNSAT in 0.99s
    cube 1444 (depth 0, 24 lits): UNSAT in 2.13s
    cube 1447 (depth 0, 24 lits): UNSAT in 0.01s
    cube 1450 (depth 0, 24 lits): UNSAT in 0.39s
    cube 1453 (depth 0, 24 lits): UNSAT in 0.66s
    cube 1456 (depth 0, 24 lits): UNSAT in 0.32s
    cube 1459 (depth 0, 24 lits): UNSAT in 0.56s
    cube 1462 (depth 0, 24 lits): UNSAT in 2.43s
    cube 1465 (depth 0, 24 lits): UNSAT in 0.29s
    cube 1468 (depth 0, 24 lits): UNSAT in 1.70s
    cube 1471 (depth 0, 24 lits): UNSAT in 1.10s
    cube 1474 (depth 0, 24 lits): UNSAT in 3.06s
    cube 1477 (depth 0, 24 lits): UNSAT in 2.91s
    cube 1480 (depth 0, 24 lits): UNSAT in 0.07s
    cube 1483 (depth 0, 24 lits): UNSAT in 0.53s
    cube 1486 (depth 0, 24 lits): UNSAT in 2.28s
    cube 1489 (depth 0, 24 lits): UNSAT in 0.85s
    cube 1492 (depth 0, 24 lits): UNSAT in 2.75s
    cube 1495 (depth 0, 24 lits): UNSAT in 0.33s
    cube 1498 (depth 0, 24 lits): UNSAT in 1.42s
    cube 1501 (depth 0, 24 lits): UNSAT in 3.06s
    cube 1504 (depth 0, 24 lits): UNSAT in 0.72s
    cube 1507 (depth 0, 24 lits): UNSAT in 2.57s
    cube 1510 (depth 0, 24 lits): UNSAT in 39.53s
    cube 1513 (depth 0, 24 lits): UNSAT in 0.05s
    cube 1516 (depth 0, 24 lits): UNSAT in 0.21s
    cube 1519 (depth 0, 24 lits): UNSAT in 0.26s
    cube 1522 (depth 0, 24 lits): UNSAT in 0.66s
    cube 1525 (depth 0, 24 lits): UNSAT in 0.68s
    cube 1528 (depth 0, 24 lits): UNSAT in 0.10s
    cube 1531 (depth 0, 24 lits): UNSAT in 0.13s
    cube 1534 (depth 0, 24 lits): UNSAT in 2.46s
    cube 1537 (depth 0, 24 lits): UNSAT in 0.70s
    cube 1540 (depth 0, 24 lits): UNSAT in 1.08s
    cube 1543 (depth 0, 24 lits): UNSAT in 0.21s
    cube 1546 (depth 0, 24 lits): UNSAT in 0.38s
    cube 1549 (depth 0, 24 lits): UNSAT in 0.42s
    cube 1552 (depth 0, 24 lits): UNSAT in 1.00s
    cube 1555 (depth 0, 24 lits): UNSAT in 0.19s
    cube 1558 (depth 0, 24 lits): UNSAT in 1.78s
    cube 1561 (depth 0, 24 lits): UNSAT in 0.40s
    cube 1564 (depth 0, 24 lits): UNSAT in 1.38s
    cube 1567 (depth 0, 24 lits): UNSAT in 0.65s
    cube 1570 (depth 0, 24 lits): UNSAT in 3.19s
    cube 1573 (depth 0, 24 lits): UNSAT in 16.43s
    cube 1576 (depth 0, 24 lits): UNSAT in 0.13s
    cube 1579 (depth 0, 24 lits): UNSAT in 0.16s
    cube 1582 (depth 0, 24 lits): UNSAT in 1.58s
    cube 1585 (depth 0, 24 lits): UNSAT in 0.14s
    cube 1588 (depth 0, 24 lits): UNSAT in 0.79s
    cube 1591 (depth 0, 24 lits): UNSAT in 0.35s
    cube 1594 (depth 0, 24 lits): UNSAT in 1.92s
    cube 1597 (depth 0, 24 lits): UNSAT in 1.77s
    cube 1600 (depth 0, 24 lits): UNSAT in 1.94s
    cube 1603 (depth 0, 24 lits): UNSAT in 2.12s
    cube 1606 (depth 0, 24 lits): UNSAT in 60.61s
    cube 1609 (depth 0, 24 lits): UNSAT in 0.52s
    cube 1612 (depth 0, 24 lits): UNSAT in 1.07s
    cube 1615 (depth 0, 24 lits): UNSAT in 0.29s
    cube 1618 (depth 0, 24 lits): UNSAT in 4.65s
    cube 1621 (depth 0, 24 lits): UNSAT in 9.24s
    cube 1624 (depth 0, 24 lits): UNSAT in 1.57s
    cube 1627 (depth 0, 24 lits): UNSAT in 1.81s
    cube 1630 (depth 0, 24 lits): UNSAT in 82.03s
    cube 1633 (depth 0, 24 lits): UNSAT in 4.68s
    cube 1636 (depth 0, 24 lits): UNSAT in 41.77s
    cube 1639 (depth 0, 24 lits): UNSAT in 0.03s
    cube 1642 (depth 0, 24 lits): UNSAT in 0.08s
    cube 1645 (depth 0, 24 lits): UNSAT in 0.15s
    cube 1648 (depth 0, 24 lits): UNSAT in 0.08s
    cube 1651 (depth 0, 24 lits): UNSAT in 0.03s
    cube 1654 (depth 0, 24 lits): UNSAT in 0.31s
    cube 1657 (depth 0, 24 lits): UNSAT in 0.02s
    cube 1660 (depth 0, 24 lits): UNSAT in 0.09s
    cube 1663 (depth 0, 24 lits): UNSAT in 0.03s
    cube 1666 (depth 0, 24 lits): UNSAT in 0.15s
    cube 1669 (depth 0, 24 lits): UNSAT in 1.52s
    cube 1672 (depth 0, 24 lits): UNSAT in 0.03s
    cube 1675 (depth 0, 24 lits): UNSAT in 0.03s
    cube 1678 (depth 0, 24 lits): UNSAT in 0.16s
    cube 1681 (depth 0, 24 lits): UNSAT in 0.02s
    cube 1684 (depth 0, 24 lits): UNSAT in 0.05s
    cube 1687 (depth 0, 24 lits): UNSAT in 0.04s
    cube 1690 (depth 0, 24 lits): UNSAT in 1.18s
    cube 1693 (depth 0, 24 lits): UNSAT in 3.53s
    cube 1696 (depth 0, 24 lits): UNSAT in 1.49s
    cube 1699 (depth 0, 24 lits): UNSAT in 0.32s
    cube 1702 (depth 0, 24 lits): UNSAT in 23.30s
    cube 1705 (depth 0, 24 lits): UNSAT in 0.11s
    cube 1708 (depth 0, 24 lits): UNSAT in 0.46s
    cube 1711 (depth 0, 24 lits): UNSAT in 0.05s
    cube 1714 (depth 0, 24 lits): UNSAT in 0.51s
    cube 1717 (depth 0, 24 lits): UNSAT in 1.02s
    cube 1720 (depth 0, 24 lits): UNSAT in 0.61s
    cube 1723 (depth 0, 24 lits): UNSAT in 0.15s
    cube 1726 (depth 0, 24 lits): UNSAT in 4.49s
    cube 1729 (depth 0, 24 lits): UNSAT in 0.16s
    cube 1732 (depth 0, 24 lits): UNSAT in 5.70s
    cube 1735 (depth 0, 24 lits): UNSAT in 0.06s
    cube 1738 (depth 0, 24 lits): UNSAT in 1.63s
    cube 1741 (depth 0, 24 lits): UNSAT in 0.83s
    cube 1744 (depth 0, 24 lits): UNSAT in 1.86s
    cube 1747 (depth 0, 24 lits): UNSAT in 0.64s
    cube 1750 (depth 0, 24 lits): UNSAT in 86.57s
    cube 1753 (depth 0, 24 lits): UNSAT in 0.64s
    cube 1756 (depth 0, 24 lits): UNSAT in 3.88s
    cube 1759 (depth 0, 24 lits): UNSAT in 1.36s
    cube 1762 (depth 0, 24 lits): UNSAT in 24.64s
    cube 1765 (depth 0, 24 lits): UNSAT in 48.65s
    cube 1768 (depth 0, 24 lits): UNSAT in 0.35s
    cube 1771 (depth 0, 24 lits): UNSAT in 0.45s
    cube 1774 (depth 0, 24 lits): UNSAT in 2.07s
    cube 1777 (depth 0, 24 lits): UNSAT in 0.45s
    cube 1780 (depth 0, 24 lits): UNSAT in 1.80s
    cube 1783 (depth 0, 24 lits): UNSAT in 0.51s
    cube 1786 (depth 0, 24 lits): UNSAT in 3.74s
    cube 1789 (depth 0, 24 lits): UNSAT in 3.21s
    cube 1792 (depth 0, 24 lits): UNSAT in 1.70s
    cube 1795 (depth 0, 24 lits): UNSAT in 1.47s
    cube 1798 (depth 0, 24 lits): UNSAT in 36.21s
    cube 1801 (depth 0, 24 lits): UNSAT in 1.10s
    cube 1804 (depth 0, 24 lits): UNSAT in 1.28s
    cube 1807 (depth 0, 24 lits): UNSAT in 0.59s
    cube 1810 (depth 0, 24 lits): UNSAT in 18.31s
    cube 1813 (depth 0, 24 lits): UNSAT in 7.99s
    cube 1816 (depth 0, 24 lits): UNSAT in 0.99s
    cube 1819 (depth 0, 24 lits): UNSAT in 1.94s
    cube 1822 (depth 0, 24 lits): UNSAT in 35.37s
    cube 1825 (depth 0, 24 lits): UNSAT in 8.76s
    cube 1828 (depth 0, 24 lits): UNSAT in 135.30s
    cube 1831 (depth 0, 24 lits): UNSAT in 0.11s
    cube 1834 (depth 0, 24 lits): UNSAT in 1.84s
    cube 1837 (depth 0, 24 lits): UNSAT in 3.54s
    cube 1840 (depth 0, 24 lits): UNSAT in 1.03s
    cube 1843 (depth 0, 24 lits): UNSAT in 1.72s
    cube 1846 (depth 0, 24 lits): UNSAT in 40.70s
    cube 1849 (depth 0, 24 lits): UNSAT in 1.20s
    cube 1852 (depth 0, 24 lits): UNSAT in 2.49s
    cube 1855 (depth 0, 24 lits): UNSAT in 3.60s
    cube 1858 (depth 0, 24 lits): UNSAT in 40.62s
    cube 1861 (depth 0, 24 lits): UNSAT in 89.27s
    cube 1864 (depth 0, 24 lits): UNSAT in 0.93s
    cube 1867 (depth 0, 24 lits): UNSAT in 7.79s
    cube 1870 (depth 0, 24 lits): UNSAT in 143.62s
    cube 1873 (depth 0, 24 lits): UNSAT in 9.44s
    cube 1876 (depth 0, 24 lits): UNSAT in 216.78s
    cube 1879 (depth 0, 24 lits): UNSAT in 5.66s
    cube 1882 (depth 0, 24 lits): UNSAT in 194.09s
    cube 1885 (depth 0, 24 lits): UNSAT in 468.74s
    cube 1888 (depth 0, 24 lits): UNSAT in 22.59s
    cube 1891 (depth 0, 24 lits): UNSAT in 26.08s
    cube 1894 (depth 0, 24 lits): TIMEOUT in 2400.07s
    cube 1894 TIMEOUT -> re-split into 1010 sub-cubes (depth 1)
    cube 1894.0 (depth 1, 33 lits): UNSAT in 0.01s
    cube 1894.1 (depth 1, 34 lits): UNSAT in 0.01s
    cube 1894.2 (depth 1, 34 lits): UNSAT in 0.01s
    cube 1894.3 (depth 1, 33 lits): UNSAT in 0.01s
    cube 1894.4 (depth 1, 34 lits): UNSAT in 0.01s
    cube 1894.5 (depth 1, 34 lits): UNSAT in 0.02s
    cube 1894.6 (depth 1, 34 lits): UNSAT in 0.01s
    cube 1894.7 (depth 1, 34 lits): UNSAT in 0.02s
    cube 1894.8 (depth 1, 34 lits): UNSAT in 0.01s
    cube 1894.9 (depth 1, 34 lits): UNSAT in 0.02s
    cube 1894.10 (depth 1, 34 lits): UNSAT in 0.01s
    cube 1894.11 (depth 1, 34 lits): UNSAT in 0.01s
    cube 1894.12 (depth 1, 34 lits): UNSAT in 0.02s
    cube 1894.13 (depth 1, 34 lits): UNSAT in 0.08s
    cube 1894.14 (depth 1, 34 lits): UNSAT in 0.01s
    cube 1894.15 (depth 1, 34 lits): UNSAT in 0.01s
    cube 1894.16 (depth 1, 34 lits): UNSAT in 0.01s
    cube 1894.17 (depth 1, 34 lits): UNSAT in 0.02s
    cube 1894.18 (depth 1, 34 lits): UNSAT in 0.01s
    cube 1894.19 (depth 1, 34 lits): UNSAT in 0.02s
    cube 1894.20 (depth 1, 34 lits): UNSAT in 0.02s
    cube 1894.21 (depth 1, 34 lits): UNSAT in 0.06s
    cube 1894.22 (depth 1, 34 lits): UNSAT in 0.01s
    cube 1894.23 (depth 1, 34 lits): UNSAT in 0.01s
    cube 1894.24 (depth 1, 34 lits): UNSAT in 0.01s
    cube 1894.25 (depth 1, 34 lits): UNSAT in 0.02s
    cube 1894.26 (depth 1, 34 lits): UNSAT in 0.01s
    cube 1894.27 (depth 1, 34 lits): UNSAT in 0.04s
    cube 1894.28 (depth 1, 34 lits): UNSAT in 0.10s
    cube 1894.29 (depth 1, 34 lits): UNSAT in 0.23s
    cube 1894.30 (depth 1, 34 lits): UNSAT in 0.01s
    cube 1894.31 (depth 1, 34 lits): UNSAT in 0.01s
    cube 1894.32 (depth 1, 34 lits): UNSAT in 0.01s
    cube 1894.33 (depth 1, 34 lits): UNSAT in 0.02s
    cube 1894.34 (depth 1, 34 lits): UNSAT in 0.01s
    cube 1894.35 (depth 1, 34 lits): UNSAT in 0.02s
    cube 1894.36 (depth 1, 34 lits): UNSAT in 0.03s
    cube 1894.37 (depth 1, 34 lits): UNSAT in 0.05s
    cube 1894.38 (depth 1, 34 lits): UNSAT in 0.01s
    cube 1894.39 (depth 1, 34 lits): UNSAT in 0.01s
    cube 1894.40 (depth 1, 34 lits): UNSAT in 0.02s
    cube 1894.41 (depth 1, 34 lits): UNSAT in 0.03s
    cube 1894.42 (depth 1, 34 lits): UNSAT in 0.01s
    cube 1894.43 (depth 1, 34 lits): UNSAT in 0.05s
    cube 1894.44 (depth 1, 34 lits): UNSAT in 0.14s
    cube 1894.45 (depth 1, 34 lits): UNSAT in 0.43s
    cube 1894.46 (depth 1, 34 lits): UNSAT in 0.01s
    cube 1894.47 (depth 1, 34 lits): UNSAT in 0.02s
    cube 1894.48 (depth 1, 34 lits): UNSAT in 0.02s
    cube 1894.49 (depth 1, 34 lits): UNSAT in 0.12s
    cube 1894.50 (depth 1, 34 lits): UNSAT in 0.03s
    cube 1894.51 (depth 1, 34 lits): UNSAT in 0.10s
    cube 1894.52 (depth 1, 34 lits): UNSAT in 0.05s
    cube 1894.53 (depth 1, 34 lits): UNSAT in 0.72s
    cube 1894.54 (depth 1, 34 lits): UNSAT in 0.06s
    cube 1894.55 (depth 1, 34 lits): UNSAT in 0.23s
    cube 1894.56 (depth 1, 34 lits): UNSAT in 0.39s
    cube 1894.57 (depth 1, 34 lits): UNSAT in 0.62s
    cube 1894.58 (depth 1, 34 lits): UNSAT in 0.50s
    cube 1894.59 (depth 1, 34 lits): UNSAT in 0.45s
    cube 1894.60 (depth 1, 34 lits): UNSAT in 0.62s
    cube 1894.61 (depth 1, 34 lits): UNSAT in 1.19s
    cube 1894.62 (depth 1, 34 lits): UNSAT in 0.01s
    cube 1894.63 (depth 1, 34 lits): UNSAT in 0.01s
    cube 1894.64 (depth 1, 34 lits): UNSAT in 0.01s
    cube 1894.65 (depth 1, 34 lits): UNSAT in 0.02s
    cube 1894.66 (depth 1, 34 lits): UNSAT in 0.01s
    cube 1894.67 (depth 1, 34 lits): UNSAT in 0.02s
    cube 1894.68 (depth 1, 34 lits): UNSAT in 0.02s
    cube 1894.69 (depth 1, 34 lits): UNSAT in 0.03s
    cube 1894.70 (depth 1, 34 lits): UNSAT in 0.01s
    cube 1894.71 (depth 1, 34 lits): UNSAT in 0.02s
    cube 1894.72 (depth 1, 34 lits): UNSAT in 0.02s
    cube 1894.73 (depth 1, 34 lits): UNSAT in 0.06s
    cube 1894.74 (depth 1, 34 lits): UNSAT in 0.03s
    cube 1894.75 (depth 1, 34 lits): UNSAT in 0.08s
    cube 1894.76 (depth 1, 34 lits): UNSAT in 0.11s
    cube 1894.77 (depth 1, 34 lits): UNSAT in 0.22s
    cube 1894.78 (depth 1, 34 lits): UNSAT in 0.01s
    cube 1894.79 (depth 1, 34 lits): UNSAT in 0.01s
    cube 1894.80 (depth 1, 34 lits): UNSAT in 0.02s
    cube 1894.81 (depth 1, 34 lits): UNSAT in 0.03s
    cube 1894.82 (depth 1, 34 lits): UNSAT in 0.01s
    cube 1894.83 (depth 1, 34 lits): UNSAT in 0.01s
    cube 1894.84 (depth 1, 34 lits): UNSAT in 0.01s
    cube 1894.85 (depth 1, 34 lits): UNSAT in 0.04s
    cube 1894.86 (depth 1, 34 lits): UNSAT in 0.01s
    cube 1894.87 (depth 1, 34 lits): UNSAT in 0.02s
    cube 1894.88 (depth 1, 34 lits): UNSAT in 0.03s
    cube 1894.89 (depth 1, 34 lits): UNSAT in 0.08s
    cube 1894.90 (depth 1, 34 lits): UNSAT in 0.06s
    cube 1894.91 (depth 1, 34 lits): UNSAT in 0.14s
    cube 1894.92 (depth 1, 34 lits): UNSAT in 0.13s
    cube 1894.93 (depth 1, 34 lits): UNSAT in 0.75s
    cube 1894.94 (depth 1, 34 lits): UNSAT in 0.01s
    cube 1894.95 (depth 1, 34 lits): UNSAT in 0.05s
    cube 1894.96 (depth 1, 34 lits): UNSAT in 0.07s
    cube 1894.97 (depth 1, 34 lits): UNSAT in 0.21s
    cube 1894.98 (depth 1, 34 lits): UNSAT in 0.08s
    cube 1894.99 (depth 1, 34 lits): UNSAT in 0.26s
    cube 1894.100 (depth 1, 34 lits): UNSAT in 0.68s
    cube 1894.101 (depth 1, 34 lits): UNSAT in 0.73s
    cube 1894.102 (depth 1, 34 lits): UNSAT in 0.03s
    cube 1894.103 (depth 1, 34 lits): UNSAT in 0.13s
    cube 1894.104 (depth 1, 34 lits): UNSAT in 0.12s
    cube 1894.105 (depth 1, 34 lits): UNSAT in 0.56s
    cube 1894.106 (depth 1, 34 lits): UNSAT in 0.65s
    cube 1894.107 (depth 1, 34 lits): UNSAT in 1.52s
    cube 1894.108 (depth 1, 34 lits): UNSAT in 0.78s
    cube 1894.109 (depth 1, 34 lits): UNSAT in 1.73s
    cube 1894.110 (depth 1, 34 lits): UNSAT in 0.04s
    cube 1894.111 (depth 1, 34 lits): UNSAT in 0.45s
    cube 1894.112 (depth 1, 34 lits): UNSAT in 0.39s
    cube 1894.113 (depth 1, 34 lits): UNSAT in 0.62s
    cube 1894.114 (depth 1, 34 lits): UNSAT in 0.48s
    cube 1894.115 (depth 1, 34 lits): UNSAT in 1.15s
    cube 1894.116 (depth 1, 34 lits): UNSAT in 0.83s
    cube 1894.117 (depth 1, 34 lits): UNSAT in 1.56s
    cube 1894.118 (depth 1, 34 lits): UNSAT in 0.22s
    cube 1894.119 (depth 1, 34 lits): UNSAT in 0.35s
    cube 1894.120 (depth 1, 34 lits): UNSAT in 0.23s
    cube 1894.121 (depth 1, 34 lits): UNSAT in 0.37s
    cube 1894.122 (depth 1, 34 lits): UNSAT in 0.59s
    cube 1894.123 (depth 1, 34 lits): UNSAT in 1.26s
    cube 1894.124 (depth 1, 34 lits): UNSAT in 1.18s
    cube 1894.125 (depth 1, 34 lits): UNSAT in 3.20s
    cube 1894.126 (depth 1, 34 lits): UNSAT in 0.01s
    cube 1894.127 (depth 1, 34 lits): UNSAT in 0.01s
    cube 1894.128 (depth 1, 34 lits): UNSAT in 0.02s
    cube 1894.129 (depth 1, 34 lits): UNSAT in 0.03s
    cube 1894.130 (depth 1, 34 lits): UNSAT in 0.01s
    cube 1894.131 (depth 1, 34 lits): UNSAT in 0.02s
    cube 1894.132 (depth 1, 34 lits): UNSAT in 0.02s
    cube 1894.133 (depth 1, 34 lits): UNSAT in 0.12s
    cube 1894.134 (depth 1, 34 lits): UNSAT in 0.11s
    cube 1894.135 (depth 1, 34 lits): UNSAT in 0.11s
    cube 1894.136 (depth 1, 34 lits): UNSAT in 0.12s
    cube 1894.137 (depth 1, 34 lits): UNSAT in 0.23s
    cube 1894.138 (depth 1, 34 lits): UNSAT in 0.17s
    cube 1894.139 (depth 1, 34 lits): UNSAT in 0.33s
    cube 1894.140 (depth 1, 34 lits): UNSAT in 0.20s
    cube 1894.141 (depth 1, 34 lits): UNSAT in 0.28s
    cube 1894.142 (depth 1, 34 lits): UNSAT in 0.03s
    cube 1894.143 (depth 1, 34 lits): UNSAT in 0.10s
    cube 1894.144 (depth 1, 34 lits): UNSAT in 0.12s
    cube 1894.145 (depth 1, 34 lits): UNSAT in 0.25s
    cube 1894.146 (depth 1, 34 lits): UNSAT in 0.04s
    cube 1894.147 (depth 1, 34 lits): UNSAT in 0.27s
    cube 1894.148 (depth 1, 34 lits): UNSAT in 0.12s
    cube 1894.149 (depth 1, 34 lits): UNSAT in 0.20s
    cube 1894.150 (depth 1, 34 lits): UNSAT in 0.09s
    cube 1894.151 (depth 1, 34 lits): UNSAT in 0.16s
    cube 1894.152 (depth 1, 34 lits): UNSAT in 0.03s
    cube 1894.153 (depth 1, 34 lits): UNSAT in 0.13s
    cube 1894.154 (depth 1, 34 lits): UNSAT in 0.11s
    cube 1894.155 (depth 1, 34 lits): UNSAT in 0.13s
    cube 1894.156 (depth 1, 34 lits): UNSAT in 0.20s
    cube 1894.157 (depth 1, 34 lits): UNSAT in 0.23s
    cube 1894.158 (depth 1, 34 lits): UNSAT in 0.11s
    cube 1894.159 (depth 1, 34 lits): UNSAT in 0.20s
    cube 1894.160 (depth 1, 34 lits): UNSAT in 0.32s
    cube 1894.161 (depth 1, 34 lits): UNSAT in 0.30s
    cube 1894.162 (depth 1, 34 lits): UNSAT in 0.11s
    cube 1894.163 (depth 1, 34 lits): UNSAT in 0.29s
    cube 1894.164 (depth 1, 34 lits): UNSAT in 0.42s
    cube 1894.165 (depth 1, 34 lits): UNSAT in 0.34s
    cube 1894.166 (depth 1, 34 lits): UNSAT in 0.18s
    cube 1894.167 (depth 1, 34 lits): UNSAT in 0.31s
    cube 1894.168 (depth 1, 34 lits): UNSAT in 0.41s
    cube 1894.169 (depth 1, 34 lits): UNSAT in 0.44s
    cube 1894.170 (depth 1, 34 lits): UNSAT in 0.33s
    cube 1894.171 (depth 1, 34 lits): UNSAT in 0.79s
    cube 1894.172 (depth 1, 34 lits): UNSAT in 0.37s
    cube 1894.173 (depth 1, 34 lits): UNSAT in 0.83s
    cube 1894.174 (depth 1, 34 lits): UNSAT in 0.15s
    cube 1894.175 (depth 1, 34 lits): UNSAT in 0.13s
    cube 1894.176 (depth 1, 34 lits): UNSAT in 0.24s
    cube 1894.177 (depth 1, 34 lits): UNSAT in 0.35s
    cube 1894.178 (depth 1, 34 lits): UNSAT in 0.19s
    cube 1894.179 (depth 1, 34 lits): UNSAT in 0.19s
    cube 1894.180 (depth 1, 34 lits): UNSAT in 0.29s
    cube 1894.181 (depth 1, 34 lits): UNSAT in 0.66s
    cube 1894.182 (depth 1, 34 lits): UNSAT in 0.17s
    cube 1894.183 (depth 1, 34 lits): UNSAT in 0.50s
    cube 1894.184 (depth 1, 34 lits): UNSAT in 0.35s
    cube 1894.185 (depth 1, 34 lits): UNSAT in 0.60s
    cube 1894.186 (depth 1, 34 lits): UNSAT in 0.84s
    cube 1894.187 (depth 1, 34 lits): UNSAT in 1.10s
    cube 1894.188 (depth 1, 34 lits): UNSAT in 1.09s
    cube 1894.189 (depth 1, 34 lits): UNSAT in 1.08s
    cube 1894.190 (depth 1, 34 lits): UNSAT in 0.02s
    cube 1894.191 (depth 1, 34 lits): UNSAT in 0.03s
    cube 1894.192 (depth 1, 34 lits): UNSAT in 0.02s
    cube 1894.193 (depth 1, 34 lits): UNSAT in 0.06s
    cube 1894.194 (depth 1, 34 lits): UNSAT in 0.01s
    cube 1894.195 (depth 1, 34 lits): UNSAT in 0.10s
    cube 1894.196 (depth 1, 34 lits): UNSAT in 0.05s
    cube 1894.197 (depth 1, 34 lits): UNSAT in 0.43s
    cube 1894.198 (depth 1, 34 lits): UNSAT in 0.03s
    cube 1894.199 (depth 1, 34 lits): UNSAT in 0.13s
    cube 1894.200 (depth 1, 34 lits): UNSAT in 0.20s
    cube 1894.201 (depth 1, 34 lits): UNSAT in 0.33s
    cube 1894.202 (depth 1, 34 lits): UNSAT in 0.22s
    cube 1894.203 (depth 1, 34 lits): UNSAT in 0.37s
    cube 1894.204 (depth 1, 34 lits): UNSAT in 0.33s
    cube 1894.205 (depth 1, 34 lits): UNSAT in 0.81s
    cube 1894.206 (depth 1, 34 lits): UNSAT in 0.02s
    cube 1894.207 (depth 1, 34 lits): UNSAT in 0.09s
    cube 1894.208 (depth 1, 34 lits): UNSAT in 0.03s
    cube 1894.209 (depth 1, 34 lits): UNSAT in 0.56s
    cube 1894.210 (depth 1, 34 lits): UNSAT in 0.10s
    cube 1894.211 (depth 1, 34 lits): UNSAT in 0.84s
    cube 1894.212 (depth 1, 34 lits): UNSAT in 0.79s
    cube 1894.213 (depth 1, 34 lits): UNSAT in 0.99s
    cube 1894.214 (depth 1, 34 lits): UNSAT in 0.23s
    cube 1894.215 (depth 1, 34 lits): UNSAT in 0.37s
    cube 1894.216 (depth 1, 34 lits): UNSAT in 0.22s
    cube 1894.217 (depth 1, 34 lits): UNSAT in 0.34s
    cube 1894.218 (depth 1, 34 lits): UNSAT in 1.22s
    cube 1894.219 (depth 1, 34 lits): UNSAT in 1.90s
    cube 1894.220 (depth 1, 34 lits): UNSAT in 2.79s
    cube 1894.221 (depth 1, 34 lits): UNSAT in 2.59s
    cube 1894.222 (depth 1, 34 lits): UNSAT in 0.03s
    cube 1894.223 (depth 1, 34 lits): UNSAT in 0.28s
    cube 1894.224 (depth 1, 34 lits): UNSAT in 0.31s
    cube 1894.225 (depth 1, 34 lits): UNSAT in 0.33s
    cube 1894.226 (depth 1, 34 lits): UNSAT in 0.19s
    cube 1894.227 (depth 1, 34 lits): UNSAT in 0.32s
    cube 1894.228 (depth 1, 34 lits): UNSAT in 0.30s
    cube 1894.229 (depth 1, 34 lits): UNSAT in 0.77s
    cube 1894.230 (depth 1, 34 lits): UNSAT in 0.07s
    cube 1894.231 (depth 1, 34 lits): UNSAT in 0.37s
    cube 1894.232 (depth 1, 34 lits): UNSAT in 0.42s
    cube 1894.233 (depth 1, 34 lits): UNSAT in 1.40s
    cube 1894.234 (depth 1, 34 lits): UNSAT in 0.47s
    cube 1894.235 (depth 1, 34 lits): UNSAT in 0.67s
    cube 1894.236 (depth 1, 34 lits): UNSAT in 1.82s
    cube 1894.237 (depth 1, 34 lits): UNSAT in 3.03s
    cube 1894.238 (depth 1, 34 lits): UNSAT in 0.28s
    cube 1894.239 (depth 1, 34 lits): UNSAT in 0.44s
    cube 1894.240 (depth 1, 34 lits): UNSAT in 0.42s
    cube 1894.241 (depth 1, 34 lits): UNSAT in 0.51s
    cube 1894.242 (depth 1, 34 lits): UNSAT in 0.65s
    cube 1894.243 (depth 1, 34 lits): UNSAT in 0.93s
    cube 1894.244 (depth 1, 34 lits): UNSAT in 1.07s
    cube 1894.245 (depth 1, 34 lits): UNSAT in 1.46s
    cube 1894.246 (depth 1, 34 lits): UNSAT in 0.23s
    cube 1894.247 (depth 1, 34 lits): UNSAT in 0.33s
    cube 1894.248 (depth 1, 34 lits): UNSAT in 0.86s
    cube 1894.249 (depth 1, 34 lits): UNSAT in 0.42s
    cube 1894.250 (depth 1, 34 lits): UNSAT in 0.66s
    cube 1894.251 (depth 1, 34 lits): UNSAT in 2.04s
    cube 1894.252 (depth 1, 34 lits): UNSAT in 5.97s
    cube 1894.253 (depth 1, 34 lits): UNSAT in 5.33s
    cube 1894.254 (depth 1, 34 lits): UNSAT in 0.01s
    cube 1894.255 (depth 1, 34 lits): UNSAT in 0.01s
    cube 1894.256 (depth 1, 34 lits): UNSAT in 0.02s
    cube 1894.257 (depth 1, 34 lits): UNSAT in 0.03s
    cube 1894.258 (depth 1, 34 lits): UNSAT in 0.01s
    cube 1894.259 (depth 1, 34 lits): UNSAT in 0.02s
    cube 1894.260 (depth 1, 34 lits): UNSAT in 0.02s
    cube 1894.261 (depth 1, 34 lits): UNSAT in 0.10s
    cube 1894.262 (depth 1, 34 lits): UNSAT in 0.02s
    cube 1894.263 (depth 1, 34 lits): UNSAT in 0.03s
    cube 1894.264 (depth 1, 34 lits): UNSAT in 0.03s
    cube 1894.265 (depth 1, 34 lits): UNSAT in 0.11s
    cube 1894.266 (depth 1, 34 lits): UNSAT in 0.13s
    cube 1894.267 (depth 1, 34 lits): UNSAT in 0.20s
    cube 1894.268 (depth 1, 34 lits): UNSAT in 0.16s
    cube 1894.269 (depth 1, 34 lits): UNSAT in 0.23s
    cube 1894.270 (depth 1, 34 lits): UNSAT in 0.01s
    cube 1894.271 (depth 1, 34 lits): UNSAT in 0.02s
    cube 1894.272 (depth 1, 34 lits): UNSAT in 0.01s
    cube 1894.273 (depth 1, 34 lits): UNSAT in 0.05s
    cube 1894.274 (depth 1, 34 lits): UNSAT in 0.03s
    cube 1894.275 (depth 1, 34 lits): UNSAT in 0.04s
    cube 1894.276 (depth 1, 34 lits): UNSAT in 0.05s
    cube 1894.277 (depth 1, 34 lits): UNSAT in 0.13s
    cube 1894.278 (depth 1, 34 lits): UNSAT in 0.02s
    cube 1894.279 (depth 1, 34 lits): UNSAT in 0.06s
    cube 1894.280 (depth 1, 34 lits): UNSAT in 0.02s
    cube 1894.281 (depth 1, 34 lits): UNSAT in 0.25s
    cube 1894.282 (depth 1, 34 lits): UNSAT in 0.08s
    cube 1894.283 (depth 1, 34 lits): UNSAT in 0.22s
    cube 1894.284 (depth 1, 34 lits): UNSAT in 0.41s
    cube 1894.285 (depth 1, 34 lits): UNSAT in 0.57s
    cube 1894.286 (depth 1, 34 lits): UNSAT in 0.02s
    cube 1894.287 (depth 1, 34 lits): UNSAT in 0.03s
    cube 1894.288 (depth 1, 34 lits): UNSAT in 0.03s
    cube 1894.289 (depth 1, 34 lits): UNSAT in 0.18s
    cube 1894.290 (depth 1, 34 lits): UNSAT in 0.04s
    cube 1894.291 (depth 1, 34 lits): UNSAT in 0.13s
    cube 1894.292 (depth 1, 34 lits): UNSAT in 0.37s
    cube 1894.293 (depth 1, 34 lits): UNSAT in 0.34s
    cube 1894.294 (depth 1, 34 lits): UNSAT in 0.10s
    cube 1894.295 (depth 1, 34 lits): UNSAT in 0.14s
    cube 1894.296 (depth 1, 34 lits): UNSAT in 0.19s
    cube 1894.297 (depth 1, 34 lits): UNSAT in 0.25s
    cube 1894.298 (depth 1, 34 lits): UNSAT in 0.20s
    cube 1894.299 (depth 1, 34 lits): UNSAT in 0.50s
    cube 1894.300 (depth 1, 34 lits): UNSAT in 0.34s
    cube 1894.301 (depth 1, 34 lits): UNSAT in 0.78s
    cube 1894.302 (depth 1, 34 lits): UNSAT in 0.03s
    cube 1894.303 (depth 1, 34 lits): UNSAT in 0.11s
    cube 1894.304 (depth 1, 34 lits): UNSAT in 0.10s
    cube 1894.305 (depth 1, 34 lits): UNSAT in 0.18s
    cube 1894.306 (depth 1, 34 lits): UNSAT in 0.20s
    cube 1894.307 (depth 1, 34 lits): UNSAT in 0.18s
    cube 1894.308 (depth 1, 34 lits): UNSAT in 0.35s
    cube 1894.309 (depth 1, 34 lits): UNSAT in 0.51s
    cube 1894.310 (depth 1, 34 lits): UNSAT in 0.10s
    cube 1894.311 (depth 1, 34 lits): UNSAT in 0.26s
    cube 1894.312 (depth 1, 34 lits): UNSAT in 0.19s
    cube 1894.313 (depth 1, 34 lits): UNSAT in 0.30s
    cube 1894.314 (depth 1, 34 lits): UNSAT in 0.15s
    cube 1894.315 (depth 1, 34 lits): UNSAT in 0.28s
    cube 1894.316 (depth 1, 34 lits): UNSAT in 0.34s
    cube 1894.317 (depth 1, 34 lits): UNSAT in 0.24s
    cube 1894.318 (depth 1, 34 lits): UNSAT in 0.02s
    cube 1894.319 (depth 1, 34 lits): UNSAT in 0.05s
    cube 1894.320 (depth 1, 34 lits): UNSAT in 0.06s
    cube 1894.321 (depth 1, 34 lits): UNSAT in 0.09s
    cube 1894.322 (depth 1, 34 lits): UNSAT in 0.02s
    cube 1894.323 (depth 1, 34 lits): UNSAT in 0.04s
    cube 1894.324 (depth 1, 34 lits): UNSAT in 0.03s
    cube 1894.325 (depth 1, 34 lits): UNSAT in 0.12s
    cube 1894.326 (depth 1, 34 lits): UNSAT in 0.02s
    cube 1894.327 (depth 1, 34 lits): UNSAT in 0.02s
    cube 1894.328 (depth 1, 34 lits): UNSAT in 0.02s
    cube 1894.329 (depth 1, 34 lits): UNSAT in 0.05s
    cube 1894.330 (depth 1, 34 lits): UNSAT in 0.04s
    cube 1894.331 (depth 1, 34 lits): UNSAT in 0.15s
    cube 1894.332 (depth 1, 34 lits): UNSAT in 0.14s
    cube 1894.333 (depth 1, 34 lits): UNSAT in 0.93s
    cube 1894.334 (depth 1, 34 lits): UNSAT in 0.05s
    cube 1894.335 (depth 1, 34 lits): UNSAT in 0.37s
    cube 1894.336 (depth 1, 34 lits): UNSAT in 0.46s
    cube 1894.337 (depth 1, 34 lits): UNSAT in 0.47s
    cube 1894.338 (depth 1, 34 lits): UNSAT in 0.13s
    cube 1894.339 (depth 1, 34 lits): UNSAT in 0.23s
    cube 1894.340 (depth 1, 34 lits): UNSAT in 0.28s
    cube 1894.341 (depth 1, 34 lits): UNSAT in 0.63s
    cube 1894.342 (depth 1, 34 lits): UNSAT in 0.23s
    cube 1894.343 (depth 1, 34 lits): UNSAT in 0.63s
    cube 1894.344 (depth 1, 34 lits): UNSAT in 0.69s
    cube 1894.345 (depth 1, 34 lits): UNSAT in 1.17s
    cube 1894.346 (depth 1, 34 lits): UNSAT in 0.38s
    cube 1894.347 (depth 1, 34 lits): UNSAT in 0.85s
    cube 1894.348 (depth 1, 34 lits): UNSAT in 1.30s
    cube 1894.349 (depth 1, 34 lits): UNSAT in 2.28s
    cube 1894.350 (depth 1, 34 lits): UNSAT in 0.02s
    cube 1894.351 (depth 1, 34 lits): UNSAT in 0.03s
    cube 1894.352 (depth 1, 34 lits): UNSAT in 0.06s
    cube 1894.353 (depth 1, 34 lits): UNSAT in 0.48s
    cube 1894.354 (depth 1, 34 lits): UNSAT in 0.04s
    cube 1894.355 (depth 1, 34 lits): UNSAT in 0.35s
    cube 1894.356 (depth 1, 34 lits): UNSAT in 0.35s
    cube 1894.357 (depth 1, 34 lits): UNSAT in 1.30s
    cube 1894.358 (depth 1, 34 lits): UNSAT in 0.36s
    cube 1894.359 (depth 1, 34 lits): UNSAT in 0.68s
    cube 1894.360 (depth 1, 34 lits): UNSAT in 0.42s
    cube 1894.361 (depth 1, 34 lits): UNSAT in 1.17s
    cube 1894.362 (depth 1, 34 lits): UNSAT in 0.48s
    cube 1894.363 (depth 1, 34 lits): UNSAT in 1.02s
    cube 1894.364 (depth 1, 34 lits): UNSAT in 1.81s
    cube 1894.365 (depth 1, 34 lits): UNSAT in 2.15s
    cube 1894.366 (depth 1, 34 lits): UNSAT in 0.10s
    cube 1894.367 (depth 1, 34 lits): UNSAT in 0.49s
    cube 1894.368 (depth 1, 34 lits): UNSAT in 0.42s
    cube 1894.369 (depth 1, 34 lits): UNSAT in 1.06s
    cube 1894.370 (depth 1, 34 lits): UNSAT in 0.82s
    cube 1894.371 (depth 1, 34 lits): UNSAT in 1.41s
    cube 1894.372 (depth 1, 34 lits): UNSAT in 0.77s
    cube 1894.373 (depth 1, 34 lits): UNSAT in 1.73s
    cube 1894.374 (depth 1, 34 lits): UNSAT in 0.70s
    cube 1894.375 (depth 1, 34 lits): UNSAT in 1.90s
    cube 1894.376 (depth 1, 34 lits): UNSAT in 1.57s
    cube 1894.377 (depth 1, 34 lits): UNSAT in 2.11s
    cube 1894.378 (depth 1, 34 lits): UNSAT in 1.53s
    cube 1894.379 (depth 1, 34 lits): UNSAT in 2.34s
    cube 1894.380 (depth 1, 34 lits): UNSAT in 1.15s
    cube 1894.381 (depth 1, 34 lits): UNSAT in 1.85s
    cube 1894.382 (depth 1, 34 lits): UNSAT in 0.02s
    cube 1894.383 (depth 1, 34 lits): UNSAT in 0.06s
    cube 1894.384 (depth 1, 34 lits): UNSAT in 0.08s
    cube 1894.385 (depth 1, 34 lits): UNSAT in 0.11s
    cube 1894.386 (depth 1, 34 lits): UNSAT in 0.08s
    cube 1894.387 (depth 1, 34 lits): UNSAT in 0.13s
    cube 1894.388 (depth 1, 34 lits): UNSAT in 0.16s
    cube 1894.389 (depth 1, 34 lits): UNSAT in 0.16s
    cube 1894.390 (depth 1, 34 lits): UNSAT in 0.02s
    cube 1894.391 (depth 1, 34 lits): UNSAT in 0.07s
    cube 1894.392 (depth 1, 34 lits): UNSAT in 0.04s
    cube 1894.393 (depth 1, 34 lits): UNSAT in 0.25s
    cube 1894.394 (depth 1, 34 lits): UNSAT in 0.28s
    cube 1894.395 (depth 1, 34 lits): UNSAT in 0.47s
    cube 1894.396 (depth 1, 34 lits): UNSAT in 0.38s
    cube 1894.397 (depth 1, 34 lits): UNSAT in 1.01s
    cube 1894.398 (depth 1, 34 lits): UNSAT in 0.11s
    cube 1894.399 (depth 1, 34 lits): UNSAT in 0.11s
    cube 1894.400 (depth 1, 34 lits): UNSAT in 0.24s
    cube 1894.401 (depth 1, 34 lits): UNSAT in 0.41s
    cube 1894.402 (depth 1, 34 lits): UNSAT in 0.17s
    cube 1894.403 (depth 1, 34 lits): UNSAT in 0.40s
    cube 1894.404 (depth 1, 34 lits): UNSAT in 0.43s
    cube 1894.405 (depth 1, 34 lits): UNSAT in 0.95s
    cube 1894.406 (depth 1, 34 lits): UNSAT in 0.28s
    cube 1894.407 (depth 1, 34 lits): UNSAT in 0.35s
    cube 1894.408 (depth 1, 34 lits): UNSAT in 0.67s
    cube 1894.409 (depth 1, 34 lits): UNSAT in 0.69s
    cube 1894.410 (depth 1, 34 lits): UNSAT in 0.30s
    cube 1894.411 (depth 1, 34 lits): UNSAT in 0.70s
    cube 1894.412 (depth 1, 34 lits): UNSAT in 1.40s
    cube 1894.413 (depth 1, 34 lits): UNSAT in 2.50s
    cube 1894.414 (depth 1, 34 lits): UNSAT in 0.19s
    cube 1894.415 (depth 1, 34 lits): UNSAT in 0.23s
    cube 1894.416 (depth 1, 34 lits): UNSAT in 0.12s
    cube 1894.417 (depth 1, 34 lits): UNSAT in 0.26s
    cube 1894.418 (depth 1, 34 lits): UNSAT in 0.15s
    cube 1894.419 (depth 1, 34 lits): UNSAT in 0.23s
    cube 1894.420 (depth 1, 34 lits): UNSAT in 0.36s
    cube 1894.421 (depth 1, 34 lits): UNSAT in 0.50s
    cube 1894.422 (depth 1, 34 lits): UNSAT in 0.19s
    cube 1894.423 (depth 1, 34 lits): UNSAT in 0.31s
    cube 1894.424 (depth 1, 34 lits): UNSAT in 0.58s
    cube 1894.425 (depth 1, 34 lits): UNSAT in 0.82s
    cube 1894.426 (depth 1, 34 lits): UNSAT in 0.27s
    cube 1894.427 (depth 1, 34 lits): UNSAT in 0.97s
    cube 1894.428 (depth 1, 34 lits): UNSAT in 2.40s
    cube 1894.429 (depth 1, 34 lits): UNSAT in 2.22s
    cube 1894.430 (depth 1, 34 lits): UNSAT in 0.18s
    cube 1894.431 (depth 1, 34 lits): UNSAT in 0.31s
    cube 1894.432 (depth 1, 34 lits): UNSAT in 0.70s
    cube 1894.433 (depth 1, 34 lits): UNSAT in 0.87s
    cube 1894.434 (depth 1, 34 lits): UNSAT in 0.34s
    cube 1894.435 (depth 1, 34 lits): UNSAT in 0.53s
    cube 1894.436 (depth 1, 34 lits): UNSAT in 0.41s
    cube 1894.437 (depth 1, 34 lits): UNSAT in 1.63s
    cube 1894.438 (depth 1, 34 lits): UNSAT in 0.44s
    cube 1894.439 (depth 1, 34 lits): UNSAT in 1.02s
    cube 1894.440 (depth 1, 34 lits): UNSAT in 0.97s
    cube 1894.441 (depth 1, 34 lits): UNSAT in 2.01s
    cube 1894.442 (depth 1, 34 lits): UNSAT in 0.34s
    cube 1894.443 (depth 1, 34 lits): UNSAT in 0.83s
    cube 1894.444 (depth 1, 34 lits): UNSAT in 1.24s
    cube 1894.445 (depth 1, 34 lits): UNSAT in 4.57s
    cube 1894.446 (depth 1, 34 lits): UNSAT in 0.05s
    cube 1894.447 (depth 1, 34 lits): UNSAT in 0.21s
    cube 1894.448 (depth 1, 34 lits): UNSAT in 0.27s
    cube 1894.449 (depth 1, 34 lits): UNSAT in 0.36s
    cube 1894.450 (depth 1, 34 lits): UNSAT in 0.06s
    cube 1894.451 (depth 1, 34 lits): UNSAT in 0.36s
    cube 1894.452 (depth 1, 34 lits): UNSAT in 0.44s
    cube 1894.453 (depth 1, 34 lits): UNSAT in 0.49s
    cube 1894.454 (depth 1, 34 lits): UNSAT in 0.16s
    cube 1894.455 (depth 1, 34 lits): UNSAT in 0.37s
    cube 1894.456 (depth 1, 34 lits): UNSAT in 0.53s
    cube 1894.457 (depth 1, 34 lits): UNSAT in 0.53s
    cube 1894.458 (depth 1, 34 lits): UNSAT in 0.20s
    cube 1894.459 (depth 1, 34 lits): UNSAT in 0.66s
    cube 1894.460 (depth 1, 34 lits): UNSAT in 0.76s
    cube 1894.461 (depth 1, 34 lits): UNSAT in 0.93s
    cube 1894.462 (depth 1, 34 lits): UNSAT in 0.29s
    cube 1894.463 (depth 1, 34 lits): UNSAT in 0.29s
    cube 1894.464 (depth 1, 34 lits): UNSAT in 0.47s
    cube 1894.465 (depth 1, 34 lits): UNSAT in 0.92s
    cube 1894.466 (depth 1, 34 lits): UNSAT in 0.45s
    cube 1894.467 (depth 1, 34 lits): UNSAT in 1.92s
    cube 1894.468 (depth 1, 34 lits): UNSAT in 1.45s
    cube 1894.469 (depth 1, 34 lits): UNSAT in 3.69s
    cube 1894.470 (depth 1, 34 lits): UNSAT in 0.51s
    cube 1894.471 (depth 1, 34 lits): UNSAT in 1.01s
    cube 1894.472 (depth 1, 34 lits): UNSAT in 1.06s
    cube 1894.473 (depth 1, 34 lits): UNSAT in 3.29s
    cube 1894.474 (depth 1, 34 lits): UNSAT in 0.95s
    cube 1894.475 (depth 1, 34 lits): UNSAT in 2.09s
    cube 1894.476 (depth 1, 34 lits): UNSAT in 3.19s
    cube 1894.477 (depth 1, 34 lits): UNSAT in 5.72s
    cube 1894.478 (depth 1, 34 lits): UNSAT in 0.25s
    cube 1894.479 (depth 1, 34 lits): UNSAT in 0.64s
    cube 1894.480 (depth 1, 34 lits): UNSAT in 0.52s
    cube 1894.481 (depth 1, 34 lits): UNSAT in 1.08s
    cube 1894.482 (depth 1, 34 lits): UNSAT in 0.70s
    cube 1894.483 (depth 1, 34 lits): UNSAT in 0.83s
    cube 1894.484 (depth 1, 34 lits): UNSAT in 0.60s
    cube 1894.485 (depth 1, 34 lits): UNSAT in 1.20s
    cube 1894.486 (depth 1, 34 lits): UNSAT in 0.28s
    cube 1894.487 (depth 1, 34 lits): UNSAT in 1.01s
    cube 1894.488 (depth 1, 34 lits): UNSAT in 0.33s
    cube 1894.489 (depth 1, 34 lits): UNSAT in 1.46s
    cube 1894.490 (depth 1, 34 lits): UNSAT in 0.86s
    cube 1894.491 (depth 1, 34 lits): UNSAT in 1.64s
    cube 1894.492 (depth 1, 34 lits): UNSAT in 1.14s
    cube 1894.493 (depth 1, 34 lits): UNSAT in 2.29s
    cube 1894.494 (depth 1, 34 lits): UNSAT in 0.51s
    cube 1894.495 (depth 1, 34 lits): UNSAT in 0.50s
    cube 1894.496 (depth 1, 34 lits): UNSAT in 0.50s
    cube 1894.497 (depth 1, 34 lits): UNSAT in 1.86s
    cube 1894.498 (depth 1, 34 lits): UNSAT in 1.68s
    cube 1894.499 (depth 1, 34 lits): UNSAT in 1.18s
    cube 1894.500 (depth 1, 34 lits): UNSAT in 3.99s
    cube 1894.501 (depth 1, 34 lits): UNSAT in 6.60s
    cube 1894.502 (depth 1, 34 lits): UNSAT in 0.81s
    cube 1894.503 (depth 1, 34 lits): UNSAT in 2.91s
    cube 1894.504 (depth 1, 34 lits): UNSAT in 6.41s
    cube 1894.505 (depth 1, 34 lits): UNSAT in 8.14s
    cube 1894.506 (depth 1, 34 lits): UNSAT in 2.09s
    cube 1894.507 (depth 1, 34 lits): UNSAT in 8.10s
    cube 1894.508 (depth 1, 34 lits): UNSAT in 7.18s
    cube 1894.509 (depth 1, 34 lits): UNSAT in 26.88s
    cube 1894.510 (depth 1, 34 lits): UNSAT in 0.01s
    cube 1894.511 (depth 1, 34 lits): UNSAT in 0.01s
    cube 1894.512 (depth 1, 33 lits): UNSAT in 0.01s
    cube 1894.513 (depth 1, 34 lits): UNSAT in 0.01s
    cube 1894.514 (depth 1, 34 lits): UNSAT in 0.02s
    cube 1894.515 (depth 1, 34 lits): UNSAT in 0.02s
    cube 1894.516 (depth 1, 34 lits): UNSAT in 0.02s
    cube 1894.517 (depth 1, 34 lits): UNSAT in 0.01s
    cube 1894.518 (depth 1, 34 lits): UNSAT in 0.03s
    cube 1894.519 (depth 1, 34 lits): UNSAT in 0.04s
    cube 1894.520 (depth 1, 34 lits): UNSAT in 0.07s
    cube 1894.521 (depth 1, 34 lits): UNSAT in 0.03s
    cube 1894.522 (depth 1, 34 lits): UNSAT in 0.03s
    cube 1894.523 (depth 1, 34 lits): UNSAT in 0.03s
    cube 1894.524 (depth 1, 34 lits): UNSAT in 0.05s
    cube 1894.525 (depth 1, 34 lits): UNSAT in 0.02s
    cube 1894.526 (depth 1, 34 lits): UNSAT in 0.02s
    cube 1894.527 (depth 1, 34 lits): UNSAT in 0.02s
    cube 1894.528 (depth 1, 34 lits): UNSAT in 0.04s
    cube 1894.529 (depth 1, 34 lits): UNSAT in 0.02s
    cube 1894.530 (depth 1, 34 lits): UNSAT in 0.02s
    cube 1894.531 (depth 1, 34 lits): UNSAT in 0.04s
    cube 1894.532 (depth 1, 34 lits): UNSAT in 0.04s
    cube 1894.533 (depth 1, 34 lits): UNSAT in 0.02s
    cube 1894.534 (depth 1, 34 lits): UNSAT in 0.04s
    cube 1894.535 (depth 1, 34 lits): UNSAT in 0.03s
    cube 1894.536 (depth 1, 34 lits): UNSAT in 0.06s
    cube 1894.537 (depth 1, 34 lits): UNSAT in 0.03s
    cube 1894.538 (depth 1, 34 lits): UNSAT in 0.09s
    cube 1894.539 (depth 1, 34 lits): UNSAT in 0.07s
    cube 1894.540 (depth 1, 34 lits): UNSAT in 0.14s
    cube 1894.541 (depth 1, 34 lits): UNSAT in 0.01s
    cube 1894.542 (depth 1, 34 lits): UNSAT in 0.01s
    cube 1894.543 (depth 1, 34 lits): UNSAT in 0.01s
    cube 1894.544 (depth 1, 34 lits): UNSAT in 0.02s
    cube 1894.545 (depth 1, 33 lits): UNSAT in 0.01s
    cube 1894.546 (depth 1, 34 lits): UNSAT in 0.01s
    cube 1894.547 (depth 1, 34 lits): UNSAT in 0.02s
    cube 1894.548 (depth 1, 34 lits): UNSAT in 0.01s
    cube 1894.549 (depth 1, 34 lits): UNSAT in 0.01s
    cube 1894.550 (depth 1, 34 lits): UNSAT in 0.02s
    cube 1894.551 (depth 1, 34 lits): UNSAT in 0.02s
    cube 1894.552 (depth 1, 34 lits): UNSAT in 0.01s
    cube 1894.553 (depth 1, 34 lits): UNSAT in 0.04s
    cube 1894.554 (depth 1, 34 lits): UNSAT in 0.03s
    cube 1894.555 (depth 1, 34 lits): UNSAT in 0.05s
    cube 1894.556 (depth 1, 34 lits): UNSAT in 0.01s
    cube 1894.557 (depth 1, 34 lits): UNSAT in 0.01s
    cube 1894.558 (depth 1, 34 lits): UNSAT in 0.01s
    cube 1894.559 (depth 1, 34 lits): UNSAT in 0.02s
    cube 1894.560 (depth 1, 34 lits): UNSAT in 0.01s
    cube 1894.561 (depth 1, 34 lits): UNSAT in 0.02s
    cube 1894.562 (depth 1, 34 lits): UNSAT in 0.02s
    cube 1894.563 (depth 1, 34 lits): UNSAT in 0.06s
    cube 1894.564 (depth 1, 34 lits): UNSAT in 0.01s
    cube 1894.565 (depth 1, 34 lits): UNSAT in 0.03s
    cube 1894.566 (depth 1, 34 lits): UNSAT in 0.02s
    cube 1894.567 (depth 1, 34 lits): UNSAT in 0.13s
    cube 1894.568 (depth 1, 34 lits): UNSAT in 0.03s
    cube 1894.569 (depth 1, 34 lits): UNSAT in 0.15s
    cube 1894.570 (depth 1, 34 lits): UNSAT in 0.14s
    cube 1894.571 (depth 1, 34 lits): UNSAT in 0.55s
    cube 1894.572 (depth 1, 34 lits): UNSAT in 0.02s
    cube 1894.573 (depth 1, 34 lits): UNSAT in 0.03s
    cube 1894.574 (depth 1, 34 lits): UNSAT in 0.02s
    cube 1894.575 (depth 1, 34 lits): UNSAT in 0.05s
    cube 1894.576 (depth 1, 34 lits): UNSAT in 0.01s
    cube 1894.577 (depth 1, 34 lits): UNSAT in 0.02s
    cube 1894.578 (depth 1, 34 lits): UNSAT in 0.01s
    cube 1894.579 (depth 1, 34 lits): UNSAT in 0.07s
    cube 1894.580 (depth 1, 34 lits): UNSAT in 0.04s
    cube 1894.581 (depth 1, 34 lits): UNSAT in 0.04s
    cube 1894.582 (depth 1, 34 lits): UNSAT in 0.08s
    cube 1894.583 (depth 1, 34 lits): UNSAT in 0.17s
    cube 1894.584 (depth 1, 34 lits): UNSAT in 0.07s
    cube 1894.585 (depth 1, 34 lits): UNSAT in 0.12s
    cube 1894.586 (depth 1, 34 lits): UNSAT in 0.20s
    cube 1894.587 (depth 1, 34 lits): UNSAT in 0.31s
    cube 1894.588 (depth 1, 34 lits): UNSAT in 0.08s
    cube 1894.589 (depth 1, 34 lits): UNSAT in 0.08s
    cube 1894.590 (depth 1, 34 lits): UNSAT in 0.05s
    cube 1894.591 (depth 1, 34 lits): UNSAT in 0.16s
    cube 1894.592 (depth 1, 34 lits): UNSAT in 0.06s
    cube 1894.593 (depth 1, 34 lits): UNSAT in 0.14s
    cube 1894.594 (depth 1, 34 lits): UNSAT in 0.07s
    cube 1894.595 (depth 1, 34 lits): UNSAT in 0.33s
    cube 1894.596 (depth 1, 34 lits): UNSAT in 0.04s
    cube 1894.597 (depth 1, 34 lits): UNSAT in 0.07s
    cube 1894.598 (depth 1, 34 lits): UNSAT in 0.18s
    cube 1894.599 (depth 1, 34 lits): UNSAT in 0.39s
    cube 1894.600 (depth 1, 34 lits): UNSAT in 0.07s
    cube 1894.601 (depth 1, 34 lits): UNSAT in 0.17s
    cube 1894.602 (depth 1, 34 lits): UNSAT in 0.17s
    cube 1894.603 (depth 1, 34 lits): UNSAT in 0.69s
    cube 1894.604 (depth 1, 34 lits): UNSAT in 0.01s
    cube 1894.605 (depth 1, 34 lits): UNSAT in 0.02s
    cube 1894.606 (depth 1, 34 lits): UNSAT in 0.02s
    cube 1894.607 (depth 1, 34 lits): UNSAT in 0.04s
    cube 1894.608 (depth 1, 34 lits): UNSAT in 0.04s
    cube 1894.609 (depth 1, 34 lits): UNSAT in 0.05s
    cube 1894.610 (depth 1, 34 lits): UNSAT in 0.17s
    cube 1894.611 (depth 1, 34 lits): UNSAT in 0.60s
    cube 1894.612 (depth 1, 34 lits): UNSAT in 0.02s
    cube 1894.613 (depth 1, 34 lits): UNSAT in 0.05s
    cube 1894.614 (depth 1, 34 lits): UNSAT in 0.14s
    cube 1894.615 (depth 1, 34 lits): UNSAT in 0.29s
    cube 1894.616 (depth 1, 34 lits): UNSAT in 0.27s
    cube 1894.617 (depth 1, 34 lits): UNSAT in 0.38s
    cube 1894.618 (depth 1, 34 lits): UNSAT in 0.43s
    cube 1894.619 (depth 1, 34 lits): UNSAT in 2.03s
    cube 1894.620 (depth 1, 34 lits): UNSAT in 0.01s
    cube 1894.621 (depth 1, 34 lits): UNSAT in 0.02s
    cube 1894.622 (depth 1, 34 lits): UNSAT in 0.02s
    cube 1894.623 (depth 1, 34 lits): UNSAT in 0.05s
    cube 1894.624 (depth 1, 34 lits): UNSAT in 0.02s
    cube 1894.625 (depth 1, 34 lits): UNSAT in 0.03s
    cube 1894.626 (depth 1, 34 lits): UNSAT in 0.05s
    cube 1894.627 (depth 1, 34 lits): UNSAT in 0.43s
    cube 1894.628 (depth 1, 34 lits): UNSAT in 0.29s
    cube 1894.629 (depth 1, 34 lits): UNSAT in 0.51s
    cube 1894.630 (depth 1, 34 lits): UNSAT in 0.20s
    cube 1894.631 (depth 1, 34 lits): UNSAT in 2.09s
    cube 1894.632 (depth 1, 34 lits): UNSAT in 0.21s
    cube 1894.633 (depth 1, 34 lits): UNSAT in 1.02s
    cube 1894.634 (depth 1, 34 lits): UNSAT in 2.07s
    cube 1894.635 (depth 1, 34 lits): UNSAT in 14.54s
    cube 1894.636 (depth 1, 33 lits): UNSAT in 0.01s
    cube 1894.637 (depth 1, 34 lits): UNSAT in 0.01s
    cube 1894.638 (depth 1, 34 lits): UNSAT in 0.01s
    cube 1894.639 (depth 1, 33 lits): UNSAT in 0.01s
    cube 1894.640 (depth 1, 33 lits): UNSAT in 0.01s
    cube 1894.641 (depth 1, 33 lits): UNSAT in 0.01s
    cube 1894.642 (depth 1, 33 lits): UNSAT in 0.01s
    cube 1894.643 (depth 1, 34 lits): UNSAT in 0.01s
    cube 1894.644 (depth 1, 34 lits): UNSAT in 0.01s
    cube 1894.645 (depth 1, 33 lits): UNSAT in 0.01s
    cube 1894.646 (depth 1, 34 lits): UNSAT in 0.01s
    cube 1894.647 (depth 1, 34 lits): UNSAT in 0.02s
    cube 1894.648 (depth 1, 34 lits): UNSAT in 0.02s
    cube 1894.649 (depth 1, 34 lits): UNSAT in 0.02s
    cube 1894.650 (depth 1, 33 lits): UNSAT in 0.01s
    cube 1894.651 (depth 1, 34 lits): UNSAT in 0.01s
    cube 1894.652 (depth 1, 34 lits): UNSAT in 0.02s
    cube 1894.653 (depth 1, 34 lits): UNSAT in 0.01s
    cube 1894.654 (depth 1, 34 lits): UNSAT in 0.02s
    cube 1894.655 (depth 1, 34 lits): UNSAT in 0.03s
    cube 1894.656 (depth 1, 34 lits): UNSAT in 0.03s
    cube 1894.657 (depth 1, 34 lits): UNSAT in 0.03s
    cube 1894.658 (depth 1, 34 lits): UNSAT in 0.08s
    cube 1894.659 (depth 1, 34 lits): UNSAT in 0.13s
    cube 1894.660 (depth 1, 34 lits): UNSAT in 0.11s
    cube 1894.661 (depth 1, 34 lits): UNSAT in 0.01s
    cube 1894.662 (depth 1, 34 lits): UNSAT in 0.01s
    cube 1894.663 (depth 1, 33 lits): UNSAT in 0.01s
    cube 1894.664 (depth 1, 33 lits): UNSAT in 0.01s
    cube 1894.665 (depth 1, 34 lits): UNSAT in 0.02s
    cube 1894.666 (depth 1, 34 lits): UNSAT in 0.05s
    cube 1894.667 (depth 1, 34 lits): UNSAT in 0.02s
    cube 1894.668 (depth 1, 34 lits): UNSAT in 0.02s
    cube 1894.669 (depth 1, 34 lits): UNSAT in 0.01s
    cube 1894.670 (depth 1, 34 lits): UNSAT in 0.03s
    cube 1894.671 (depth 1, 34 lits): UNSAT in 0.04s
    cube 1894.672 (depth 1, 34 lits): UNSAT in 0.05s
    cube 1894.673 (depth 1, 34 lits): UNSAT in 0.48s
    cube 1894.674 (depth 1, 34 lits): UNSAT in 0.48s
    cube 1894.675 (depth 1, 34 lits): UNSAT in 0.02s
    cube 1894.676 (depth 1, 34 lits): UNSAT in 0.04s
    cube 1894.677 (depth 1, 34 lits): UNSAT in 0.02s
    cube 1894.678 (depth 1, 34 lits): UNSAT in 0.02s
    cube 1894.679 (depth 1, 34 lits): UNSAT in 0.04s
    cube 1894.680 (depth 1, 34 lits): UNSAT in 0.09s
    cube 1894.681 (depth 1, 34 lits): UNSAT in 0.05s
    cube 1894.682 (depth 1, 34 lits): UNSAT in 0.19s
    cube 1894.683 (depth 1, 34 lits): UNSAT in 0.01s
    cube 1894.684 (depth 1, 34 lits): UNSAT in 0.03s
    cube 1894.685 (depth 1, 34 lits): UNSAT in 0.02s
    cube 1894.686 (depth 1, 34 lits): UNSAT in 0.04s
    cube 1894.687 (depth 1, 34 lits): UNSAT in 0.13s
    cube 1894.688 (depth 1, 34 lits): UNSAT in 0.27s
    cube 1894.689 (depth 1, 34 lits): UNSAT in 0.13s
    cube 1894.690 (depth 1, 34 lits): UNSAT in 1.48s
    cube 1894.691 (depth 1, 34 lits): UNSAT in 0.01s
    cube 1894.692 (depth 1, 34 lits): UNSAT in 0.01s
    cube 1894.693 (depth 1, 34 lits): UNSAT in 0.01s
    cube 1894.694 (depth 1, 34 lits): UNSAT in 0.02s
    cube 1894.695 (depth 1, 34 lits): UNSAT in 0.02s
    cube 1894.696 (depth 1, 34 lits): UNSAT in 0.03s
    cube 1894.697 (depth 1, 34 lits): UNSAT in 0.02s
    cube 1894.698 (depth 1, 34 lits): UNSAT in 0.06s
    cube 1894.699 (depth 1, 34 lits): UNSAT in 0.01s
    cube 1894.700 (depth 1, 34 lits): UNSAT in 0.05s
    cube 1894.701 (depth 1, 34 lits): UNSAT in 0.01s
    cube 1894.702 (depth 1, 34 lits): UNSAT in 0.04s
    cube 1894.703 (depth 1, 34 lits): UNSAT in 0.03s
    cube 1894.704 (depth 1, 34 lits): UNSAT in 0.03s
    cube 1894.705 (depth 1, 34 lits): UNSAT in 0.04s
    cube 1894.706 (depth 1, 34 lits): UNSAT in 0.39s
    cube 1894.707 (depth 1, 34 lits): UNSAT in 0.01s
    cube 1894.708 (depth 1, 34 lits): UNSAT in 0.04s
    cube 1894.709 (depth 1, 34 lits): UNSAT in 0.05s
    cube 1894.710 (depth 1, 34 lits): UNSAT in 0.18s
    cube 1894.711 (depth 1, 34 lits): UNSAT in 0.03s
    cube 1894.712 (depth 1, 34 lits): UNSAT in 0.06s
    cube 1894.713 (depth 1, 34 lits): UNSAT in 0.03s
    cube 1894.714 (depth 1, 34 lits): UNSAT in 0.17s
    cube 1894.715 (depth 1, 34 lits): UNSAT in 0.03s
    cube 1894.716 (depth 1, 34 lits): UNSAT in 0.07s
    cube 1894.717 (depth 1, 34 lits): UNSAT in 0.15s
    cube 1894.718 (depth 1, 34 lits): UNSAT in 0.19s
    cube 1894.719 (depth 1, 34 lits): UNSAT in 0.18s
    cube 1894.720 (depth 1, 34 lits): UNSAT in 0.43s
    cube 1894.721 (depth 1, 34 lits): UNSAT in 1.95s
    cube 1894.722 (depth 1, 34 lits): UNSAT in 4.17s
    cube 1894.723 (depth 1, 34 lits): UNSAT in 0.01s
    cube 1894.724 (depth 1, 34 lits): UNSAT in 0.02s
    cube 1894.725 (depth 1, 33 lits): UNSAT in 0.01s
    cube 1894.726 (depth 1, 34 lits): UNSAT in 0.03s
    cube 1894.727 (depth 1, 34 lits): UNSAT in 0.03s
    cube 1894.728 (depth 1, 34 lits): UNSAT in 0.04s
    cube 1894.729 (depth 1, 34 lits): UNSAT in 0.13s
    cube 1894.730 (depth 1, 34 lits): UNSAT in 0.04s
    cube 1894.731 (depth 1, 34 lits): UNSAT in 0.08s
    cube 1894.732 (depth 1, 34 lits): UNSAT in 0.07s
    cube 1894.733 (depth 1, 34 lits): UNSAT in 0.19s
    cube 1894.734 (depth 1, 34 lits): UNSAT in 0.14s
    cube 1894.735 (depth 1, 34 lits): UNSAT in 0.22s
    cube 1894.736 (depth 1, 34 lits): UNSAT in 0.10s
    cube 1894.737 (depth 1, 34 lits): UNSAT in 0.69s
    cube 1894.738 (depth 1, 34 lits): UNSAT in 0.33s
    cube 1894.739 (depth 1, 34 lits): UNSAT in 0.75s
    cube 1894.740 (depth 1, 34 lits): UNSAT in 1.16s
    cube 1894.741 (depth 1, 34 lits): UNSAT in 2.83s
    cube 1894.742 (depth 1, 34 lits): UNSAT in 0.11s
    cube 1894.743 (depth 1, 34 lits): UNSAT in 1.10s
    cube 1894.744 (depth 1, 34 lits): UNSAT in 1.79s
    cube 1894.745 (depth 1, 34 lits): UNSAT in 6.55s
    cube 1894.746 (depth 1, 34 lits): UNSAT in 0.29s
    cube 1894.747 (depth 1, 34 lits): UNSAT in 0.59s
    cube 1894.748 (depth 1, 34 lits): UNSAT in 0.37s
    cube 1894.749 (depth 1, 34 lits): UNSAT in 3.96s
    cube 1894.750 (depth 1, 34 lits): UNSAT in 1.17s
    cube 1894.751 (depth 1, 34 lits): UNSAT in 6.57s
    cube 1894.752 (depth 1, 34 lits): UNSAT in 11.36s
    cube 1894.753 (depth 1, 34 lits): UNSAT in 56.34s
    cube 1894.754 (depth 1, 34 lits): UNSAT in 0.01s
    cube 1894.755 (depth 1, 34 lits): UNSAT in 0.02s
    cube 1894.756 (depth 1, 34 lits): UNSAT in 0.03s
    cube 1894.757 (depth 1, 34 lits): UNSAT in 0.12s
    cube 1894.758 (depth 1, 34 lits): UNSAT in 0.03s
    cube 1894.759 (depth 1, 34 lits): UNSAT in 0.16s
    cube 1894.760 (depth 1, 34 lits): UNSAT in 0.25s
    cube 1894.761 (depth 1, 34 lits): UNSAT in 0.26s
    cube 1894.762 (depth 1, 34 lits): UNSAT in 0.02s
    cube 1894.763 (depth 1, 34 lits): UNSAT in 0.30s
    cube 1894.764 (depth 1, 34 lits): UNSAT in 0.19s
    cube 1894.765 (depth 1, 34 lits): UNSAT in 0.24s
    cube 1894.766 (depth 1, 34 lits): UNSAT in 0.18s
    cube 1894.767 (depth 1, 34 lits): UNSAT in 0.41s
    cube 1894.768 (depth 1, 34 lits): UNSAT in 0.38s
    cube 1894.769 (depth 1, 34 lits): UNSAT in 0.39s
    cube 1894.770 (depth 1, 34 lits): UNSAT in 0.03s
    cube 1894.771 (depth 1, 34 lits): UNSAT in 0.14s
    cube 1894.772 (depth 1, 34 lits): UNSAT in 0.19s
    cube 1894.773 (depth 1, 34 lits): UNSAT in 0.20s
    cube 1894.774 (depth 1, 34 lits): UNSAT in 0.31s
    cube 1894.775 (depth 1, 34 lits): UNSAT in 0.36s
    cube 1894.776 (depth 1, 34 lits): UNSAT in 0.14s
    cube 1894.777 (depth 1, 34 lits): UNSAT in 0.33s
    cube 1894.778 (depth 1, 34 lits): UNSAT in 0.16s
    cube 1894.779 (depth 1, 34 lits): UNSAT in 0.12s
    cube 1894.780 (depth 1, 34 lits): UNSAT in 0.34s
    cube 1894.781 (depth 1, 34 lits): UNSAT in 0.37s
    cube 1894.782 (depth 1, 34 lits): UNSAT in 0.34s
    cube 1894.783 (depth 1, 34 lits): UNSAT in 0.57s
    cube 1894.784 (depth 1, 34 lits): UNSAT in 0.12s
    cube 1894.785 (depth 1, 34 lits): UNSAT in 0.38s
    cube 1894.786 (depth 1, 34 lits): UNSAT in 0.07s
    cube 1894.787 (depth 1, 34 lits): UNSAT in 0.18s
    cube 1894.788 (depth 1, 34 lits): UNSAT in 0.17s
    cube 1894.789 (depth 1, 34 lits): UNSAT in 0.64s
    cube 1894.790 (depth 1, 34 lits): UNSAT in 0.16s
    cube 1894.791 (depth 1, 34 lits): UNSAT in 0.84s
    cube 1894.792 (depth 1, 34 lits): UNSAT in 0.65s
    cube 1894.793 (depth 1, 34 lits): UNSAT in 1.11s
    cube 1894.794 (depth 1, 34 lits): UNSAT in 0.32s
    cube 1894.795 (depth 1, 34 lits): UNSAT in 0.35s
    cube 1894.796 (depth 1, 34 lits): UNSAT in 0.78s
    cube 1894.797 (depth 1, 34 lits): UNSAT in 0.81s
    cube 1894.798 (depth 1, 34 lits): UNSAT in 0.56s
    cube 1894.799 (depth 1, 34 lits): UNSAT in 1.00s
    cube 1894.800 (depth 1, 34 lits): UNSAT in 0.51s
    cube 1894.801 (depth 1, 34 lits): UNSAT in 0.80s
    cube 1894.802 (depth 1, 34 lits): UNSAT in 0.11s
    cube 1894.803 (depth 1, 34 lits): UNSAT in 0.57s
    cube 1894.804 (depth 1, 34 lits): UNSAT in 0.51s
    cube 1894.805 (depth 1, 34 lits): UNSAT in 1.25s
    cube 1894.806 (depth 1, 34 lits): UNSAT in 0.46s
    cube 1894.807 (depth 1, 34 lits): UNSAT in 0.62s
    cube 1894.808 (depth 1, 34 lits): UNSAT in 1.37s
    cube 1894.809 (depth 1, 34 lits): UNSAT in 3.67s
    cube 1894.810 (depth 1, 34 lits): UNSAT in 0.52s
    cube 1894.811 (depth 1, 34 lits): UNSAT in 0.82s
    cube 1894.812 (depth 1, 34 lits): UNSAT in 1.00s
    cube 1894.813 (depth 1, 34 lits): UNSAT in 0.83s
    cube 1894.814 (depth 1, 34 lits): UNSAT in 0.91s
    cube 1894.815 (depth 1, 34 lits): UNSAT in 1.71s
    cube 1894.816 (depth 1, 34 lits): UNSAT in 2.14s
    cube 1894.817 (depth 1, 34 lits): UNSAT in 3.09s
    cube 1894.818 (depth 1, 34 lits): UNSAT in 0.31s
    cube 1894.819 (depth 1, 34 lits): UNSAT in 0.23s
    cube 1894.820 (depth 1, 34 lits): UNSAT in 0.25s
    cube 1894.821 (depth 1, 34 lits): UNSAT in 0.19s
    cube 1894.822 (depth 1, 34 lits): UNSAT in 0.42s
    cube 1894.823 (depth 1, 34 lits): UNSAT in 0.73s
    cube 1894.824 (depth 1, 34 lits): UNSAT in 0.75s
    cube 1894.825 (depth 1, 34 lits): UNSAT in 1.58s
    cube 1894.826 (depth 1, 34 lits): UNSAT in 0.09s
    cube 1894.827 (depth 1, 34 lits): UNSAT in 0.48s
    cube 1894.828 (depth 1, 34 lits): UNSAT in 0.61s
    cube 1894.829 (depth 1, 34 lits): UNSAT in 0.83s
    cube 1894.830 (depth 1, 34 lits): UNSAT in 0.21s
    cube 1894.831 (depth 1, 34 lits): UNSAT in 0.62s
    cube 1894.832 (depth 1, 34 lits): UNSAT in 0.80s
    cube 1894.833 (depth 1, 34 lits): UNSAT in 3.38s
    cube 1894.834 (depth 1, 34 lits): UNSAT in 0.25s
    cube 1894.835 (depth 1, 34 lits): UNSAT in 0.28s
    cube 1894.836 (depth 1, 34 lits): UNSAT in 0.44s
    cube 1894.837 (depth 1, 34 lits): UNSAT in 0.71s
    cube 1894.838 (depth 1, 34 lits): UNSAT in 0.49s
    cube 1894.839 (depth 1, 34 lits): UNSAT in 0.77s
    cube 1894.840 (depth 1, 34 lits): UNSAT in 0.73s
    cube 1894.841 (depth 1, 34 lits): UNSAT in 2.40s
    cube 1894.842 (depth 1, 34 lits): UNSAT in 0.07s
    cube 1894.843 (depth 1, 34 lits): UNSAT in 0.21s
    cube 1894.844 (depth 1, 34 lits): UNSAT in 0.29s
    cube 1894.845 (depth 1, 34 lits): UNSAT in 0.81s
    cube 1894.846 (depth 1, 34 lits): UNSAT in 0.82s
    cube 1894.847 (depth 1, 34 lits): UNSAT in 1.27s
    cube 1894.848 (depth 1, 34 lits): UNSAT in 0.70s
    cube 1894.849 (depth 1, 34 lits): UNSAT in 2.47s
    cube 1894.850 (depth 1, 34 lits): UNSAT in 0.33s
    cube 1894.851 (depth 1, 34 lits): UNSAT in 0.48s
    cube 1894.852 (depth 1, 34 lits): UNSAT in 0.79s
    cube 1894.853 (depth 1, 34 lits): UNSAT in 1.65s
    cube 1894.854 (depth 1, 34 lits): UNSAT in 0.40s
    cube 1894.855 (depth 1, 34 lits): UNSAT in 1.06s
    cube 1894.856 (depth 1, 34 lits): UNSAT in 1.36s
    cube 1894.857 (depth 1, 34 lits): UNSAT in 2.58s
    cube 1894.858 (depth 1, 34 lits): UNSAT in 0.31s
    cube 1894.859 (depth 1, 34 lits): UNSAT in 2.28s
    cube 1894.860 (depth 1, 34 lits): UNSAT in 2.22s
    cube 1894.861 (depth 1, 34 lits): UNSAT in 6.02s
    cube 1894.862 (depth 1, 34 lits): UNSAT in 1.16s
    cube 1894.863 (depth 1, 34 lits): UNSAT in 2.20s
    cube 1894.864 (depth 1, 34 lits): UNSAT in 3.33s
    cube 1894.865 (depth 1, 34 lits): UNSAT in 23.18s
    cube 1894.866 (depth 1, 34 lits): UNSAT in 0.28s
    cube 1894.867 (depth 1, 34 lits): UNSAT in 1.30s
    cube 1894.868 (depth 1, 34 lits): UNSAT in 0.90s
    cube 1894.869 (depth 1, 34 lits): UNSAT in 3.33s
    cube 1894.870 (depth 1, 34 lits): UNSAT in 0.92s
    cube 1894.871 (depth 1, 34 lits): UNSAT in 1.30s
    cube 1894.872 (depth 1, 34 lits): UNSAT in 1.32s
    cube 1894.873 (depth 1, 34 lits): UNSAT in 6.85s
    cube 1894.874 (depth 1, 34 lits): UNSAT in 2.09s
    cube 1894.875 (depth 1, 34 lits): UNSAT in 5.94s
    cube 1894.876 (depth 1, 34 lits): UNSAT in 3.82s
    cube 1894.877 (depth 1, 34 lits): UNSAT in 13.78s
    cube 1894.878 (depth 1, 34 lits): UNSAT in 9.19s
    cube 1894.879 (depth 1, 34 lits): UNSAT in 24.25s
    cube 1894.880 (depth 1, 34 lits): UNSAT in 10.10s
    cube 1894.881 (depth 1, 34 lits): UNSAT in 66.00s
    cube 1894.882 (depth 1, 34 lits): UNSAT in 0.04s
    cube 1894.883 (depth 1, 34 lits): UNSAT in 0.27s
    cube 1894.884 (depth 1, 34 lits): UNSAT in 0.42s
    cube 1894.885 (depth 1, 34 lits): UNSAT in 0.43s
    cube 1894.886 (depth 1, 34 lits): UNSAT in 0.30s
    cube 1894.887 (depth 1, 34 lits): UNSAT in 0.33s
    cube 1894.888 (depth 1, 34 lits): UNSAT in 0.44s
    cube 1894.889 (depth 1, 34 lits): UNSAT in 0.98s
    cube 1894.890 (depth 1, 34 lits): UNSAT in 0.28s
    cube 1894.891 (depth 1, 34 lits): UNSAT in 0.68s
    cube 1894.892 (depth 1, 34 lits): UNSAT in 0.43s
    cube 1894.893 (depth 1, 34 lits): UNSAT in 1.41s
    cube 1894.894 (depth 1, 34 lits): UNSAT in 0.38s
    cube 1894.895 (depth 1, 34 lits): UNSAT in 1.00s
    cube 1894.896 (depth 1, 34 lits): UNSAT in 1.18s
    cube 1894.897 (depth 1, 34 lits): UNSAT in 3.04s
    cube 1894.898 (depth 1, 34 lits): UNSAT in 0.26s
    cube 1894.899 (depth 1, 34 lits): UNSAT in 0.97s
    cube 1894.900 (depth 1, 34 lits): UNSAT in 0.74s
    cube 1894.901 (depth 1, 34 lits): UNSAT in 1.44s
    cube 1894.902 (depth 1, 34 lits): UNSAT in 0.48s
    cube 1894.903 (depth 1, 34 lits): UNSAT in 1.45s
    cube 1894.904 (depth 1, 34 lits): UNSAT in 1.35s
    cube 1894.905 (depth 1, 34 lits): UNSAT in 2.56s
    cube 1894.906 (depth 1, 34 lits): UNSAT in 0.92s
    cube 1894.907 (depth 1, 34 lits): UNSAT in 1.51s
    cube 1894.908 (depth 1, 34 lits): UNSAT in 1.30s
    cube 1894.909 (depth 1, 34 lits): UNSAT in 2.86s
    cube 1894.910 (depth 1, 34 lits): UNSAT in 0.84s
    cube 1894.911 (depth 1, 34 lits): UNSAT in 2.53s
    cube 1894.912 (depth 1, 34 lits): UNSAT in 4.08s
    cube 1894.913 (depth 1, 34 lits): UNSAT in 8.70s
    cube 1894.914 (depth 1, 34 lits): UNSAT in 0.05s
    cube 1894.915 (depth 1, 34 lits): UNSAT in 0.07s
    cube 1894.916 (depth 1, 34 lits): UNSAT in 0.18s
    cube 1894.917 (depth 1, 34 lits): UNSAT in 0.57s
    cube 1894.918 (depth 1, 34 lits): UNSAT in 0.58s
    cube 1894.919 (depth 1, 34 lits): UNSAT in 0.86s
    cube 1894.920 (depth 1, 34 lits): UNSAT in 1.49s
    cube 1894.921 (depth 1, 34 lits): UNSAT in 2.53s
    cube 1894.922 (depth 1, 34 lits): UNSAT in 0.37s
    cube 1894.923 (depth 1, 34 lits): UNSAT in 0.77s
    cube 1894.924 (depth 1, 34 lits): UNSAT in 1.50s
    cube 1894.925 (depth 1, 34 lits): UNSAT in 2.60s
    cube 1894.926 (depth 1, 34 lits): UNSAT in 1.31s
    cube 1894.927 (depth 1, 34 lits): UNSAT in 1.72s
    cube 1894.928 (depth 1, 34 lits): UNSAT in 1.85s
    cube 1894.929 (depth 1, 34 lits): UNSAT in 5.72s
    cube 1894.930 (depth 1, 34 lits): UNSAT in 0.50s
    cube 1894.931 (depth 1, 34 lits): UNSAT in 0.87s
    cube 1894.932 (depth 1, 34 lits): UNSAT in 0.67s
    cube 1894.933 (depth 1, 34 lits): UNSAT in 2.76s
    cube 1894.934 (depth 1, 34 lits): UNSAT in 1.56s
    cube 1894.935 (depth 1, 34 lits): UNSAT in 4.22s
    cube 1894.936 (depth 1, 34 lits): UNSAT in 3.01s
    cube 1894.937 (depth 1, 34 lits): UNSAT in 8.96s
    cube 1894.938 (depth 1, 34 lits): UNSAT in 1.20s
    cube 1894.939 (depth 1, 34 lits): UNSAT in 2.84s
    cube 1894.940 (depth 1, 34 lits): UNSAT in 2.21s
    cube 1894.941 (depth 1, 34 lits): UNSAT in 12.16s
    cube 1894.942 (depth 1, 34 lits): UNSAT in 2.58s
    cube 1894.943 (depth 1, 34 lits): UNSAT in 8.89s
    cube 1894.944 (depth 1, 34 lits): UNSAT in 8.53s
    cube 1894.945 (depth 1, 34 lits): UNSAT in 53.37s
    cube 1894.946 (depth 1, 34 lits): UNSAT in 0.12s
    cube 1894.947 (depth 1, 34 lits): UNSAT in 0.69s
    cube 1894.948 (depth 1, 34 lits): UNSAT in 0.99s
    cube 1894.949 (depth 1, 34 lits): UNSAT in 2.00s
    cube 1894.950 (depth 1, 34 lits): UNSAT in 0.23s
    cube 1894.951 (depth 1, 34 lits): UNSAT in 1.22s
    cube 1894.952 (depth 1, 34 lits): UNSAT in 2.62s
    cube 1894.953 (depth 1, 34 lits): UNSAT in 5.62s
    cube 1894.954 (depth 1, 34 lits): UNSAT in 0.20s
    cube 1894.955 (depth 1, 34 lits): UNSAT in 1.75s
    cube 1894.956 (depth 1, 34 lits): UNSAT in 2.30s
    cube 1894.957 (depth 1, 34 lits): UNSAT in 3.82s
    cube 1894.958 (depth 1, 34 lits): UNSAT in 1.85s
    cube 1894.959 (depth 1, 34 lits): UNSAT in 4.66s
    cube 1894.960 (depth 1, 34 lits): UNSAT in 4.44s
    cube 1894.961 (depth 1, 34 lits): UNSAT in 11.72s
    cube 1894.962 (depth 1, 34 lits): UNSAT in 0.74s
    cube 1894.963 (depth 1, 34 lits): UNSAT in 1.38s
    cube 1894.964 (depth 1, 34 lits): UNSAT in 2.40s
    cube 1894.965 (depth 1, 34 lits): UNSAT in 4.39s
    cube 1894.966 (depth 1, 34 lits): UNSAT in 0.65s
    cube 1894.967 (depth 1, 34 lits): UNSAT in 2.39s
    cube 1894.968 (depth 1, 34 lits): UNSAT in 4.35s
    cube 1894.969 (depth 1, 34 lits): UNSAT in 11.01s
    cube 1894.970 (depth 1, 34 lits): UNSAT in 1.33s
    cube 1894.971 (depth 1, 34 lits): UNSAT in 5.09s
    cube 1894.972 (depth 1, 34 lits): UNSAT in 2.54s
    cube 1894.973 (depth 1, 34 lits): UNSAT in 9.37s
    cube 1894.974 (depth 1, 34 lits): UNSAT in 0.93s
    cube 1894.975 (depth 1, 34 lits): UNSAT in 5.71s
    cube 1894.976 (depth 1, 34 lits): UNSAT in 4.10s
    cube 1894.977 (depth 1, 34 lits): UNSAT in 13.89s
    cube 1894.978 (depth 1, 34 lits): UNSAT in 0.62s
    cube 1894.979 (depth 1, 34 lits): UNSAT in 1.06s
    cube 1894.980 (depth 1, 34 lits): UNSAT in 1.74s
    cube 1894.981 (depth 1, 34 lits): UNSAT in 3.55s
    cube 1894.982 (depth 1, 34 lits): UNSAT in 0.54s
    cube 1894.983 (depth 1, 34 lits): UNSAT in 1.56s
    cube 1894.984 (depth 1, 34 lits): UNSAT in 2.39s
    cube 1894.985 (depth 1, 34 lits): UNSAT in 6.97s
    cube 1894.986 (depth 1, 34 lits): UNSAT in 0.72s
    cube 1894.987 (depth 1, 34 lits): UNSAT in 1.91s
    cube 1894.988 (depth 1, 34 lits): UNSAT in 2.89s
    cube 1894.989 (depth 1, 34 lits): UNSAT in 9.61s
    cube 1894.990 (depth 1, 34 lits): UNSAT in 4.96s
    cube 1894.991 (depth 1, 34 lits): UNSAT in 15.87s
    cube 1894.992 (depth 1, 34 lits): UNSAT in 20.04s
    cube 1894.993 (depth 1, 34 lits): UNSAT in 14.52s
    cube 1894.994 (depth 1, 34 lits): UNSAT in 1.43s
    cube 1894.995 (depth 1, 34 lits): UNSAT in 4.34s
    cube 1894.996 (depth 1, 34 lits): UNSAT in 6.67s
    cube 1894.997 (depth 1, 34 lits): UNSAT in 19.90s
    cube 1894.998 (depth 1, 34 lits): UNSAT in 4.01s
    cube 1894.999 (depth 1, 34 lits): UNSAT in 20.14s
    cube 1894.1000 (depth 1, 34 lits): UNSAT in 24.33s
    cube 1894.1001 (depth 1, 34 lits): UNSAT in 121.22s
    cube 1894.1002 (depth 1, 34 lits): UNSAT in 0.66s
    cube 1894.1003 (depth 1, 34 lits): UNSAT in 1.31s
    cube 1894.1004 (depth 1, 34 lits): UNSAT in 3.49s
    cube 1894.1005 (depth 1, 34 lits): UNSAT in 11.34s
    cube 1894.1006 (depth 1, 34 lits): UNSAT in 4.09s
    cube 1894.1007 (depth 1, 34 lits): UNSAT in 8.75s
    cube 1894.1008 (depth 1, 34 lits): UNSAT in 8.10s
    cube 1894.1009 (depth 1, 34 lits): UNSAT in 70.06s
    cube 1897 (depth 0, 24 lits): UNSAT in 0.02s
    cube 1900 (depth 0, 24 lits): UNSAT in 0.06s
    cube 1903 (depth 0, 24 lits): UNSAT in 0.02s
    cube 1906 (depth 0, 24 lits): UNSAT in 0.11s
    cube 1909 (depth 0, 24 lits): UNSAT in 0.10s
    cube 1912 (depth 0, 24 lits): UNSAT in 0.04s
    cube 1915 (depth 0, 24 lits): UNSAT in 0.04s
    cube 1918 (depth 0, 24 lits): UNSAT in 0.26s
    cube 1921 (depth 0, 24 lits): UNSAT in 0.11s
    cube 1924 (depth 0, 24 lits): UNSAT in 0.13s
    cube 1927 (depth 0, 24 lits): UNSAT in 0.01s
    cube 1930 (depth 0, 24 lits): UNSAT in 0.05s
    cube 1933 (depth 0, 24 lits): UNSAT in 0.02s
    cube 1936 (depth 0, 24 lits): UNSAT in 0.09s
    cube 1939 (depth 0, 24 lits): UNSAT in 0.07s
    cube 1942 (depth 0, 24 lits): UNSAT in 0.37s
    cube 1945 (depth 0, 24 lits): UNSAT in 0.11s
    cube 1948 (depth 0, 24 lits): UNSAT in 0.33s
    cube 1951 (depth 0, 24 lits): UNSAT in 0.10s
    cube 1954 (depth 0, 24 lits): UNSAT in 0.18s
    cube 1957 (depth 0, 24 lits): UNSAT in 0.68s
    cube 1960 (depth 0, 24 lits): UNSAT in 0.08s
    cube 1963 (depth 0, 24 lits): UNSAT in 0.01s
    cube 1966 (depth 0, 24 lits): UNSAT in 0.19s
    cube 1969 (depth 0, 24 lits): UNSAT in 0.03s
    cube 1972 (depth 0, 24 lits): UNSAT in 0.19s
    cube 1975 (depth 0, 24 lits): UNSAT in 0.08s
    cube 1978 (depth 0, 24 lits): UNSAT in 0.14s
    cube 1981 (depth 0, 24 lits): UNSAT in 0.17s
    cube 1984 (depth 0, 24 lits): UNSAT in 0.24s
    cube 1987 (depth 0, 24 lits): UNSAT in 0.11s
    cube 1990 (depth 0, 24 lits): UNSAT in 0.96s
    cube 1993 (depth 0, 24 lits): UNSAT in 0.02s
    cube 1996 (depth 0, 24 lits): UNSAT in 0.27s
    cube 1999 (depth 0, 24 lits): UNSAT in 0.03s
    cube 2002 (depth 0, 24 lits): UNSAT in 0.42s
    cube 2005 (depth 0, 24 lits): UNSAT in 0.52s
    cube 2008 (depth 0, 24 lits): UNSAT in 0.16s
    cube 2011 (depth 0, 24 lits): UNSAT in 0.31s
    cube 2014 (depth 0, 24 lits): UNSAT in 1.29s
    cube 2017 (depth 0, 24 lits): UNSAT in 0.28s
    cube 2020 (depth 0, 24 lits): UNSAT in 0.83s
    cube 2023 (depth 0, 22 lits): UNSAT in 0.01s
    cube 2026 (depth 0, 24 lits): UNSAT in 0.01s
    cube 2029 (depth 0, 24 lits): UNSAT in 0.02s
    cube 2032 (depth 0, 24 lits): UNSAT in 0.04s
    cube 2035 (depth 0, 23 lits): UNSAT in 0.02s
    cube 2038 (depth 0, 24 lits): UNSAT in 0.01s
    cube 2041 (depth 0, 24 lits): UNSAT in 0.03s
    cube 2044 (depth 0, 24 lits): UNSAT in 0.01s
    cube 2047 (depth 0, 24 lits): UNSAT in 0.01s
    cube 2050 (depth 0, 24 lits): UNSAT in 0.01s
    cube 2053 (depth 0, 24 lits): UNSAT in 0.02s
    cube 2056 (depth 0, 24 lits): UNSAT in 0.05s
    cube 2059 (depth 0, 24 lits): UNSAT in 0.05s
    cube 2062 (depth 0, 24 lits): UNSAT in 0.01s
    cube 2065 (depth 0, 24 lits): UNSAT in 0.05s
    cube 2068 (depth 0, 24 lits): UNSAT in 0.02s
    cube 2071 (depth 0, 24 lits): UNSAT in 0.10s
    cube 2074 (depth 0, 24 lits): UNSAT in 0.60s
    cube 2077 (depth 0, 23 lits): UNSAT in 0.01s
    cube 2080 (depth 0, 24 lits): UNSAT in 0.01s
    cube 2083 (depth 0, 24 lits): UNSAT in 0.03s
    cube 2086 (depth 0, 24 lits): UNSAT in 0.07s
    cube 2089 (depth 0, 24 lits): UNSAT in 0.04s
    cube 2092 (depth 0, 24 lits): UNSAT in 0.02s
    cube 2095 (depth 0, 24 lits): UNSAT in 0.13s
    cube 2098 (depth 0, 24 lits): UNSAT in 0.14s
    cube 2101 (depth 0, 24 lits): UNSAT in 0.24s
    cube 2104 (depth 0, 24 lits): UNSAT in 0.01s
    cube 2107 (depth 0, 24 lits): UNSAT in 0.04s
    cube 2110 (depth 0, 24 lits): UNSAT in 0.03s
    cube 2113 (depth 0, 24 lits): UNSAT in 0.04s
    cube 2116 (depth 0, 24 lits): UNSAT in 0.11s
    cube 2119 (depth 0, 24 lits): UNSAT in 3.40s
    cube 2122 (depth 0, 24 lits): UNSAT in 0.04s
    cube 2125 (depth 0, 24 lits): UNSAT in 0.90s
    cube 2128 (depth 0, 24 lits): UNSAT in 0.59s
    cube 2131 (depth 0, 24 lits): UNSAT in 14.36s
    cube 2134 (depth 0, 24 lits): UNSAT in 24.87s
    cube 2137 (depth 0, 24 lits): UNSAT in 0.01s
    cube 2140 (depth 0, 24 lits): UNSAT in 0.01s
    cube 2143 (depth 0, 24 lits): UNSAT in 0.02s
    cube 2146 (depth 0, 24 lits): UNSAT in 0.02s
    cube 2149 (depth 0, 24 lits): UNSAT in 0.02s
    cube 2152 (depth 0, 24 lits): UNSAT in 0.01s
    cube 2155 (depth 0, 24 lits): UNSAT in 0.02s
    cube 2158 (depth 0, 24 lits): UNSAT in 0.02s
    cube 2161 (depth 0, 24 lits): UNSAT in 0.03s
    cube 2164 (depth 0, 24 lits): UNSAT in 0.05s
    cube 2167 (depth 0, 24 lits): UNSAT in 0.11s
    cube 2170 (depth 0, 24 lits): UNSAT in 0.19s
    cube 2173 (depth 0, 24 lits): UNSAT in 0.15s
    cube 2176 (depth 0, 24 lits): UNSAT in 0.25s
    cube 2179 (depth 0, 24 lits): UNSAT in 0.01s
    cube 2182 (depth 0, 24 lits): UNSAT in 0.07s
    cube 2185 (depth 0, 24 lits): UNSAT in 0.05s
    cube 2188 (depth 0, 24 lits): UNSAT in 0.15s
    cube 2191 (depth 0, 24 lits): UNSAT in 0.11s
    cube 2194 (depth 0, 24 lits): UNSAT in 4.75s
    cube 2197 (depth 0, 24 lits): UNSAT in 0.03s
    cube 2200 (depth 0, 24 lits): UNSAT in 0.10s
    cube 2203 (depth 0, 24 lits): UNSAT in 0.10s
    cube 2206 (depth 0, 24 lits): UNSAT in 0.36s
    cube 2209 (depth 0, 24 lits): UNSAT in 0.19s
    cube 2212 (depth 0, 24 lits): UNSAT in 0.06s
    cube 2215 (depth 0, 24 lits): UNSAT in 0.05s
    cube 2218 (depth 0, 24 lits): UNSAT in 0.99s
    cube 2221 (depth 0, 24 lits): UNSAT in 0.20s
    cube 2224 (depth 0, 24 lits): UNSAT in 0.76s
    cube 2227 (depth 0, 24 lits): UNSAT in 0.04s
    cube 2230 (depth 0, 24 lits): UNSAT in 0.18s
    cube 2233 (depth 0, 24 lits): UNSAT in 0.15s
    cube 2236 (depth 0, 24 lits): UNSAT in 0.14s
    cube 2239 (depth 0, 24 lits): UNSAT in 0.20s
    cube 2242 (depth 0, 24 lits): UNSAT in 2.98s
    cube 2245 (depth 0, 24 lits): UNSAT in 0.89s
    cube 2248 (depth 0, 24 lits): UNSAT in 1.60s
    cube 2251 (depth 0, 24 lits): UNSAT in 0.45s
    cube 2254 (depth 0, 24 lits): UNSAT in 7.45s
    cube 2257 (depth 0, 24 lits): UNSAT in 4.98s
    cube 2260 (depth 0, 24 lits): UNSAT in 0.02s
    cube 2263 (depth 0, 24 lits): UNSAT in 0.01s
    cube 2266 (depth 0, 24 lits): UNSAT in 0.14s
    cube 2269 (depth 0, 24 lits): UNSAT in 0.06s
    cube 2272 (depth 0, 24 lits): UNSAT in 0.23s
    cube 2275 (depth 0, 24 lits): UNSAT in 0.09s
    cube 2278 (depth 0, 24 lits): UNSAT in 0.53s
    cube 2281 (depth 0, 24 lits): UNSAT in 0.24s
    cube 2284 (depth 0, 24 lits): UNSAT in 0.23s
    cube 2287 (depth 0, 24 lits): UNSAT in 0.20s
    cube 2290 (depth 0, 24 lits): UNSAT in 1.05s
    cube 2293 (depth 0, 24 lits): UNSAT in 0.02s
    cube 2296 (depth 0, 24 lits): UNSAT in 0.06s
    cube 2299 (depth 0, 24 lits): UNSAT in 0.02s
    cube 2302 (depth 0, 24 lits): UNSAT in 0.03s
    cube 2305 (depth 0, 24 lits): UNSAT in 0.36s
    cube 2308 (depth 0, 24 lits): UNSAT in 0.05s
    cube 2311 (depth 0, 24 lits): UNSAT in 0.04s
    cube 2314 (depth 0, 24 lits): UNSAT in 0.14s
    cube 2317 (depth 0, 24 lits): UNSAT in 0.18s
    cube 2320 (depth 0, 24 lits): UNSAT in 5.47s
    cube 2323 (depth 0, 23 lits): UNSAT in 0.01s
    cube 2326 (depth 0, 24 lits): UNSAT in 0.01s
    cube 2329 (depth 0, 24 lits): UNSAT in 0.07s
    cube 2332 (depth 0, 24 lits): UNSAT in 0.05s
    cube 2335 (depth 0, 24 lits): UNSAT in 0.03s
    cube 2338 (depth 0, 24 lits): UNSAT in 0.02s
    cube 2341 (depth 0, 24 lits): UNSAT in 0.16s
    cube 2344 (depth 0, 24 lits): UNSAT in 0.31s
    cube 2347 (depth 0, 24 lits): UNSAT in 0.11s
    cube 2350 (depth 0, 24 lits): UNSAT in 0.13s
    cube 2353 (depth 0, 24 lits): UNSAT in 13.04s
    cube 2356 (depth 0, 24 lits): UNSAT in 0.06s
    cube 2359 (depth 0, 24 lits): UNSAT in 0.06s
    cube 2362 (depth 0, 24 lits): UNSAT in 0.11s
    cube 2365 (depth 0, 24 lits): UNSAT in 0.86s
    cube 2368 (depth 0, 24 lits): UNSAT in 1.04s
    cube 2371 (depth 0, 24 lits): UNSAT in 0.73s
    cube 2374 (depth 0, 24 lits): UNSAT in 1.52s
    cube 2377 (depth 0, 24 lits): UNSAT in 38.48s
    cube 2380 (depth 0, 24 lits): UNSAT in 0.53s
    cube 2383 (depth 0, 24 lits): UNSAT in 12.53s
    cube 2386 (depth 0, 22 lits): UNSAT in 0.01s
    cube 2389 (depth 0, 24 lits): UNSAT in 0.01s
    cube 2392 (depth 0, 24 lits): UNSAT in 0.01s
    cube 2395 (depth 0, 24 lits): UNSAT in 0.01s
    cube 2398 (depth 0, 24 lits): UNSAT in 0.21s
    cube 2401 (depth 0, 24 lits): UNSAT in 0.01s
    cube 2404 (depth 0, 24 lits): UNSAT in 0.02s
    cube 2407 (depth 0, 24 lits): UNSAT in 0.01s
    cube 2410 (depth 0, 24 lits): UNSAT in 0.06s
    cube 2413 (depth 0, 24 lits): UNSAT in 0.08s
    cube 2416 (depth 0, 24 lits): UNSAT in 0.01s
    cube 2419 (depth 0, 24 lits): UNSAT in 0.01s
    cube 2422 (depth 0, 24 lits): UNSAT in 0.03s
    cube 2425 (depth 0, 24 lits): UNSAT in 0.02s
    cube 2428 (depth 0, 24 lits): UNSAT in 0.02s
    cube 2431 (depth 0, 24 lits): UNSAT in 0.02s
    cube 2434 (depth 0, 24 lits): UNSAT in 0.01s
    cube 2437 (depth 0, 24 lits): UNSAT in 0.11s
    cube 2440 (depth 0, 24 lits): UNSAT in 0.04s
    cube 2443 (depth 0, 24 lits): UNSAT in 0.07s
    cube 2446 (depth 0, 23 lits): UNSAT in 0.01s
    cube 2449 (depth 0, 24 lits): UNSAT in 0.01s
    cube 2452 (depth 0, 24 lits): UNSAT in 0.01s
    cube 2455 (depth 0, 24 lits): UNSAT in 0.01s
    cube 2458 (depth 0, 24 lits): UNSAT in 0.01s
    cube 2461 (depth 0, 24 lits): UNSAT in 0.08s
    cube 2464 (depth 0, 24 lits): UNSAT in 0.05s
    cube 2467 (depth 0, 24 lits): UNSAT in 0.03s
    cube 2470 (depth 0, 24 lits): UNSAT in 0.03s
    cube 2473 (depth 0, 24 lits): UNSAT in 0.19s
    cube 2476 (depth 0, 24 lits): UNSAT in 0.01s
    cube 2479 (depth 0, 24 lits): UNSAT in 0.03s
    cube 2482 (depth 0, 24 lits): UNSAT in 0.05s
    cube 2485 (depth 0, 24 lits): UNSAT in 0.31s
    cube 2488 (depth 0, 24 lits): UNSAT in 0.15s
    cube 2491 (depth 0, 24 lits): UNSAT in 0.06s
    cube 2494 (depth 0, 24 lits): UNSAT in 0.15s
    cube 2497 (depth 0, 24 lits): UNSAT in 2.17s
    cube 2500 (depth 0, 24 lits): UNSAT in 0.29s
    cube 2503 (depth 0, 24 lits): UNSAT in 7.08s
    cube 2506 (depth 0, 23 lits): UNSAT in 0.01s
    cube 2509 (depth 0, 23 lits): UNSAT in 0.01s
    cube 2512 (depth 0, 24 lits): UNSAT in 0.01s
    cube 2515 (depth 0, 24 lits): UNSAT in 0.06s
    cube 2518 (depth 0, 24 lits): UNSAT in 0.05s
    cube 2521 (depth 0, 24 lits): UNSAT in 0.01s
    cube 2524 (depth 0, 24 lits): UNSAT in 0.01s
    cube 2527 (depth 0, 24 lits): UNSAT in 0.06s
    cube 2530 (depth 0, 24 lits): UNSAT in 0.02s
    cube 2533 (depth 0, 24 lits): UNSAT in 0.02s
    cube 2536 (depth 0, 24 lits): UNSAT in 0.01s
    cube 2539 (depth 0, 24 lits): UNSAT in 0.02s
    cube 2542 (depth 0, 24 lits): UNSAT in 0.06s
    cube 2545 (depth 0, 24 lits): UNSAT in 0.05s
    cube 2548 (depth 0, 24 lits): UNSAT in 0.12s
    cube 2551 (depth 0, 24 lits): UNSAT in 0.03s
    cube 2554 (depth 0, 24 lits): UNSAT in 0.15s
    cube 2557 (depth 0, 24 lits): UNSAT in 0.16s
    cube 2560 (depth 0, 24 lits): UNSAT in 0.07s
    cube 2563 (depth 0, 24 lits): UNSAT in 0.60s
    cube 2566 (depth 0, 24 lits): UNSAT in 2.94s
    cube 2569 (depth 0, 24 lits): UNSAT in 0.03s
    cube 2572 (depth 0, 24 lits): UNSAT in 0.06s
    cube 2575 (depth 0, 24 lits): UNSAT in 0.10s
    cube 2578 (depth 0, 24 lits): UNSAT in 0.34s
    cube 2581 (depth 0, 24 lits): UNSAT in 0.28s
    cube 2584 (depth 0, 24 lits): UNSAT in 0.11s
    cube 2587 (depth 0, 24 lits): UNSAT in 0.05s
    cube 2590 (depth 0, 24 lits): UNSAT in 0.75s
    cube 2593 (depth 0, 24 lits): UNSAT in 0.78s
    cube 2596 (depth 0, 24 lits): UNSAT in 6.97s
    cube 2599 (depth 0, 24 lits): UNSAT in 0.02s
    cube 2602 (depth 0, 24 lits): UNSAT in 0.06s
    cube 2605 (depth 0, 24 lits): UNSAT in 0.18s
    cube 2608 (depth 0, 24 lits): UNSAT in 0.80s
    cube 2611 (depth 0, 24 lits): UNSAT in 0.60s
    cube 2614 (depth 0, 24 lits): UNSAT in 17.02s
    cube 2617 (depth 0, 24 lits): UNSAT in 0.94s
    cube 2620 (depth 0, 24 lits): UNSAT in 2.42s
    cube 2623 (depth 0, 24 lits): UNSAT in 0.26s
    cube 2626 (depth 0, 24 lits): UNSAT in 21.08s
    cube 2629 (depth 0, 24 lits): UNSAT in 37.13s
    cube 2632 (depth 0, 24 lits): UNSAT in 0.04s
    cube 2635 (depth 0, 24 lits): UNSAT in 0.01s
    cube 2638 (depth 0, 24 lits): UNSAT in 0.08s
    cube 2641 (depth 0, 24 lits): UNSAT in 0.04s
    cube 2644 (depth 0, 24 lits): UNSAT in 0.07s
    cube 2647 (depth 0, 24 lits): UNSAT in 0.01s
    cube 2650 (depth 0, 24 lits): UNSAT in 0.03s
    cube 2653 (depth 0, 24 lits): UNSAT in 0.04s
    cube 2656 (depth 0, 24 lits): UNSAT in 0.02s
    cube 2659 (depth 0, 24 lits): UNSAT in 0.30s
    cube 2662 (depth 0, 24 lits): UNSAT in 0.01s
    cube 2665 (depth 0, 24 lits): UNSAT in 0.19s
    cube 2668 (depth 0, 24 lits): UNSAT in 0.11s
    cube 2671 (depth 0, 24 lits): UNSAT in 0.05s
    cube 2674 (depth 0, 24 lits): UNSAT in 0.05s
    cube 2677 (depth 0, 24 lits): UNSAT in 0.35s
    cube 2680 (depth 0, 24 lits): UNSAT in 0.03s
    cube 2683 (depth 0, 24 lits): UNSAT in 0.08s
    cube 2686 (depth 0, 24 lits): UNSAT in 0.07s
    cube 2689 (depth 0, 24 lits): UNSAT in 2.41s
    cube 2692 (depth 0, 24 lits): UNSAT in 1.66s
    cube 2695 (depth 0, 24 lits): UNSAT in 0.31s
    cube 2698 (depth 0, 24 lits): UNSAT in 0.17s
    cube 2701 (depth 0, 24 lits): UNSAT in 2.57s
    cube 2704 (depth 0, 24 lits): UNSAT in 0.45s
    cube 2707 (depth 0, 24 lits): UNSAT in 0.22s
    cube 2710 (depth 0, 24 lits): UNSAT in 0.06s
    cube 2713 (depth 0, 24 lits): UNSAT in 0.29s
    cube 2716 (depth 0, 24 lits): UNSAT in 0.16s
    cube 2719 (depth 0, 24 lits): UNSAT in 1.68s
    cube 2722 (depth 0, 24 lits): UNSAT in 2.17s
    cube 2725 (depth 0, 24 lits): UNSAT in 65.78s
    cube 2728 (depth 0, 24 lits): UNSAT in 0.28s
    cube 2731 (depth 0, 24 lits): UNSAT in 0.33s
    cube 2734 (depth 0, 24 lits): UNSAT in 0.08s
    cube 2737 (depth 0, 24 lits): UNSAT in 2.18s
    cube 2740 (depth 0, 24 lits): UNSAT in 3.92s
    cube 2743 (depth 0, 24 lits): UNSAT in 0.38s
    cube 2746 (depth 0, 24 lits): UNSAT in 0.25s
    cube 2749 (depth 0, 24 lits): UNSAT in 37.05s
    cube 2752 (depth 0, 24 lits): UNSAT in 3.02s
    cube 2755 (depth 0, 24 lits): UNSAT in 34.52s
    cube 2758 (depth 0, 24 lits): UNSAT in 0.05s
    cube 2761 (depth 0, 24 lits): UNSAT in 0.30s
    cube 2764 (depth 0, 24 lits): UNSAT in 0.36s
    cube 2767 (depth 0, 24 lits): UNSAT in 0.17s
    cube 2770 (depth 0, 24 lits): UNSAT in 0.37s
    cube 2773 (depth 0, 24 lits): UNSAT in 2.89s
    cube 2776 (depth 0, 24 lits): UNSAT in 0.05s
    cube 2779 (depth 0, 24 lits): UNSAT in 0.16s
    cube 2782 (depth 0, 24 lits): UNSAT in 0.11s
    cube 2785 (depth 0, 24 lits): UNSAT in 3.84s
    cube 2788 (depth 0, 24 lits): UNSAT in 8.67s
    cube 2791 (depth 0, 24 lits): UNSAT in 0.15s
    cube 2794 (depth 0, 24 lits): UNSAT in 0.07s
    cube 2797 (depth 0, 24 lits): UNSAT in 1.18s
    cube 2800 (depth 0, 24 lits): UNSAT in 0.32s
    cube 2803 (depth 0, 24 lits): UNSAT in 0.59s
    cube 2806 (depth 0, 24 lits): UNSAT in 0.08s
    cube 2809 (depth 0, 24 lits): UNSAT in 7.89s
    cube 2812 (depth 0, 24 lits): UNSAT in 2.71s
    cube 2815 (depth 0, 24 lits): UNSAT in 4.32s
    cube 2818 (depth 0, 24 lits): UNSAT in 9.33s
    cube 2821 (depth 0, 24 lits): UNSAT in 1077.79s
    cube 2824 (depth 0, 24 lits): UNSAT in 0.43s
    cube 2827 (depth 0, 24 lits): UNSAT in 0.73s
    cube 2830 (depth 0, 24 lits): UNSAT in 0.31s
    cube 2833 (depth 0, 24 lits): UNSAT in 5.91s
    cube 2836 (depth 0, 24 lits): UNSAT in 8.63s
    cube 2839 (depth 0, 24 lits): UNSAT in 0.36s
    cube 2842 (depth 0, 24 lits): UNSAT in 0.27s
    cube 2845 (depth 0, 24 lits): UNSAT in 9.11s
    cube 2848 (depth 0, 24 lits): UNSAT in 4.64s
    cube 2851 (depth 0, 24 lits): UNSAT in 200.34s
    cube 2854 (depth 0, 24 lits): UNSAT in 0.34s
    cube 2857 (depth 0, 24 lits): UNSAT in 5.25s
    cube 2860 (depth 0, 24 lits): UNSAT in 4.05s
    cube 2863 (depth 0, 24 lits): UNSAT in 6.05s
    cube 2866 (depth 0, 24 lits): UNSAT in 2.23s
    cube 2869 (depth 0, 24 lits): TIMEOUT in 2400.10s
    cube 2869 TIMEOUT -> re-split into 891 sub-cubes (depth 1)
    cube 2869.0 (depth 1, 31 lits): UNSAT in 0.01s
    cube 2869.1 (depth 1, 33 lits): UNSAT in 0.01s
    cube 2869.2 (depth 1, 33 lits): UNSAT in 0.01s
    cube 2869.3 (depth 1, 32 lits): UNSAT in 0.01s
    cube 2869.4 (depth 1, 32 lits): UNSAT in 0.01s
    cube 2869.5 (depth 1, 33 lits): UNSAT in 0.01s
    cube 2869.6 (depth 1, 33 lits): UNSAT in 0.01s
    cube 2869.7 (depth 1, 33 lits): UNSAT in 0.01s
    cube 2869.8 (depth 1, 34 lits): UNSAT in 0.01s
    cube 2869.9 (depth 1, 34 lits): UNSAT in 0.01s
    cube 2869.10 (depth 1, 34 lits): UNSAT in 0.01s
    cube 2869.11 (depth 1, 34 lits): UNSAT in 0.01s
    cube 2869.12 (depth 1, 34 lits): UNSAT in 0.01s
    cube 2869.13 (depth 1, 34 lits): UNSAT in 0.01s
    cube 2869.14 (depth 1, 32 lits): UNSAT in 0.01s
    cube 2869.15 (depth 1, 32 lits): UNSAT in 0.01s
    cube 2869.16 (depth 1, 32 lits): UNSAT in 0.01s
    cube 2869.17 (depth 1, 32 lits): UNSAT in 0.02s
    cube 2869.18 (depth 1, 32 lits): UNSAT in 0.01s
    cube 2869.19 (depth 1, 34 lits): UNSAT in 0.01s
    cube 2869.20 (depth 1, 34 lits): UNSAT in 0.01s
    cube 2869.21 (depth 1, 34 lits): UNSAT in 0.02s
    cube 2869.22 (depth 1, 34 lits): UNSAT in 0.02s
    cube 2869.23 (depth 1, 33 lits): UNSAT in 0.01s
    cube 2869.24 (depth 1, 34 lits): UNSAT in 0.01s
    cube 2869.25 (depth 1, 34 lits): UNSAT in 0.02s
    cube 2869.26 (depth 1, 33 lits): UNSAT in 0.01s
    cube 2869.27 (depth 1, 34 lits): UNSAT in 0.02s
    cube 2869.28 (depth 1, 34 lits): UNSAT in 0.07s
    cube 2869.29 (depth 1, 32 lits): UNSAT in 0.01s
    cube 2869.30 (depth 1, 32 lits): UNSAT in 0.01s
    cube 2869.31 (depth 1, 32 lits): UNSAT in 0.01s
    cube 2869.32 (depth 1, 33 lits): UNSAT in 0.01s
    cube 2869.33 (depth 1, 33 lits): UNSAT in 0.02s
    cube 2869.34 (depth 1, 33 lits): UNSAT in 0.01s
    cube 2869.35 (depth 1, 33 lits): UNSAT in 0.01s
    cube 2869.36 (depth 1, 33 lits): UNSAT in 0.01s
    cube 2869.37 (depth 1, 34 lits): UNSAT in 0.01s
    cube 2869.38 (depth 1, 34 lits): UNSAT in 0.02s
    cube 2869.39 (depth 1, 34 lits): UNSAT in 0.02s
    cube 2869.40 (depth 1, 34 lits): UNSAT in 0.01s
    cube 2869.41 (depth 1, 34 lits): UNSAT in 0.01s
    cube 2869.42 (depth 1, 34 lits): UNSAT in 0.02s
    cube 2869.43 (depth 1, 34 lits): UNSAT in 0.02s
    cube 2869.44 (depth 1, 34 lits): UNSAT in 0.03s
    cube 2869.45 (depth 1, 34 lits): UNSAT in 0.04s
    cube 2869.46 (depth 1, 34 lits): UNSAT in 0.10s
    cube 2869.47 (depth 1, 34 lits): UNSAT in 0.01s
    cube 2869.48 (depth 1, 34 lits): UNSAT in 0.01s
    cube 2869.49 (depth 1, 34 lits): UNSAT in 0.02s
    cube 2869.50 (depth 1, 34 lits): UNSAT in 0.03s
    cube 2869.51 (depth 1, 34 lits): UNSAT in 0.02s
    cube 2869.52 (depth 1, 34 lits): UNSAT in 0.03s
    cube 2869.53 (depth 1, 34 lits): UNSAT in 0.05s
    cube 2869.54 (depth 1, 34 lits): UNSAT in 0.10s
    cube 2869.55 (depth 1, 34 lits): UNSAT in 0.01s
    cube 2869.56 (depth 1, 34 lits): UNSAT in 0.02s
    cube 2869.57 (depth 1, 34 lits): UNSAT in 0.01s
    cube 2869.58 (depth 1, 34 lits): UNSAT in 0.03s
    cube 2869.59 (depth 1, 34 lits): UNSAT in 0.01s
    cube 2869.60 (depth 1, 34 lits): UNSAT in 0.03s
    cube 2869.61 (depth 1, 34 lits): UNSAT in 0.03s
    cube 2869.62 (depth 1, 34 lits): UNSAT in 0.12s
    cube 2869.63 (depth 1, 33 lits): UNSAT in 0.01s
    cube 2869.64 (depth 1, 34 lits): UNSAT in 0.01s
    cube 2869.65 (depth 1, 34 lits): UNSAT in 0.01s
    cube 2869.66 (depth 1, 34 lits): UNSAT in 0.01s
    cube 2869.67 (depth 1, 34 lits): UNSAT in 0.01s
    cube 2869.68 (depth 1, 34 lits): UNSAT in 0.02s
    cube 2869.69 (depth 1, 34 lits): UNSAT in 0.03s
    cube 2869.70 (depth 1, 34 lits): UNSAT in 0.02s
    cube 2869.71 (depth 1, 34 lits): UNSAT in 0.03s
    cube 2869.72 (depth 1, 34 lits): UNSAT in 0.02s
    cube 2869.73 (depth 1, 34 lits): UNSAT in 0.02s
    cube 2869.74 (depth 1, 34 lits): UNSAT in 0.03s
    cube 2869.75 (depth 1, 34 lits): UNSAT in 0.17s
    cube 2869.76 (depth 1, 34 lits): UNSAT in 0.05s
    cube 2869.77 (depth 1, 34 lits): UNSAT in 0.10s
    cube 2869.78 (depth 1, 32 lits): UNSAT in 0.01s
    cube 2869.79 (depth 1, 33 lits): UNSAT in 0.01s
    cube 2869.80 (depth 1, 33 lits): UNSAT in 0.01s
    cube 2869.81 (depth 1, 31 lits): UNSAT in 0.02s
    cube 2869.82 (depth 1, 32 lits): UNSAT in 0.01s
    cube 2869.83 (depth 1, 34 lits): UNSAT in 0.01s
    cube 2869.84 (depth 1, 34 lits): UNSAT in 0.01s
    cube 2869.85 (depth 1, 34 lits): UNSAT in 0.01s
    cube 2869.86 (depth 1, 34 lits): UNSAT in 0.02s
    cube 2869.87 (depth 1, 34 lits): UNSAT in 0.01s
    cube 2869.88 (depth 1, 34 lits): UNSAT in 0.01s
    cube 2869.89 (depth 1, 34 lits): UNSAT in 0.01s
    cube 2869.90 (depth 1, 34 lits): UNSAT in 0.03s
    cube 2869.91 (depth 1, 34 lits): UNSAT in 0.01s
    cube 2869.92 (depth 1, 34 lits): UNSAT in 0.01s
    cube 2869.93 (depth 1, 34 lits): UNSAT in 0.02s
    cube 2869.94 (depth 1, 34 lits): UNSAT in 0.02s
    cube 2869.95 (depth 1, 32 lits): UNSAT in 0.01s
    cube 2869.96 (depth 1, 33 lits): UNSAT in 0.01s
    cube 2869.97 (depth 1, 34 lits): UNSAT in 0.01s
    cube 2869.98 (depth 1, 34 lits): UNSAT in 0.02s
    cube 2869.99 (depth 1, 34 lits): UNSAT in 0.01s
    cube 2869.100 (depth 1, 34 lits): UNSAT in 0.01s
    cube 2869.101 (depth 1, 34 lits): UNSAT in 0.01s
    cube 2869.102 (depth 1, 34 lits): UNSAT in 0.03s
    cube 2869.103 (depth 1, 34 lits): UNSAT in 0.01s
    cube 2869.104 (depth 1, 34 lits): UNSAT in 0.02s
    cube 2869.105 (depth 1, 34 lits): UNSAT in 0.02s
    cube 2869.106 (depth 1, 34 lits): UNSAT in 0.09s
    cube 2869.107 (depth 1, 34 lits): UNSAT in 0.01s
    cube 2869.108 (depth 1, 34 lits): UNSAT in 0.03s
    cube 2869.109 (depth 1, 34 lits): UNSAT in 0.02s
    cube 2869.110 (depth 1, 34 lits): UNSAT in 0.05s
    cube 2869.111 (depth 1, 34 lits): UNSAT in 0.02s
    cube 2869.112 (depth 1, 34 lits): UNSAT in 0.01s
    cube 2869.113 (depth 1, 34 lits): UNSAT in 0.02s
    cube 2869.114 (depth 1, 34 lits): UNSAT in 0.14s
    cube 2869.115 (depth 1, 33 lits): UNSAT in 0.01s
    cube 2869.116 (depth 1, 34 lits): UNSAT in 0.01s
    cube 2869.117 (depth 1, 34 lits): UNSAT in 0.04s
    cube 2869.118 (depth 1, 34 lits): UNSAT in 0.02s
    cube 2869.119 (depth 1, 34 lits): UNSAT in 0.02s
    cube 2869.120 (depth 1, 34 lits): UNSAT in 0.03s
    cube 2869.121 (depth 1, 34 lits): UNSAT in 0.06s
    cube 2869.122 (depth 1, 34 lits): UNSAT in 0.01s
    cube 2869.123 (depth 1, 34 lits): UNSAT in 0.01s
    cube 2869.124 (depth 1, 34 lits): UNSAT in 0.01s
    cube 2869.125 (depth 1, 34 lits): UNSAT in 0.02s
    cube 2869.126 (depth 1, 34 lits): UNSAT in 0.01s
    cube 2869.127 (depth 1, 34 lits): UNSAT in 0.02s
    cube 2869.128 (depth 1, 34 lits): UNSAT in 0.02s
    cube 2869.129 (depth 1, 34 lits): UNSAT in 0.06s
    cube 2869.130 (depth 1, 34 lits): UNSAT in 0.01s
    cube 2869.131 (depth 1, 34 lits): UNSAT in 0.02s
    cube 2869.132 (depth 1, 34 lits): UNSAT in 0.03s
    cube 2869.133 (depth 1, 34 lits): UNSAT in 0.05s
    cube 2869.134 (depth 1, 34 lits): UNSAT in 0.02s
    cube 2869.135 (depth 1, 34 lits): UNSAT in 0.08s
    cube 2869.136 (depth 1, 34 lits): UNSAT in 0.04s
    cube 2869.137 (depth 1, 34 lits): UNSAT in 0.21s
    cube 2869.138 (depth 1, 34 lits): UNSAT in 0.01s
    cube 2869.139 (depth 1, 34 lits): UNSAT in 0.01s
    cube 2869.140 (depth 1, 34 lits): UNSAT in 0.01s
    cube 2869.141 (depth 1, 34 lits): UNSAT in 0.02s
    cube 2869.142 (depth 1, 34 lits): UNSAT in 0.01s
    cube 2869.143 (depth 1, 34 lits): UNSAT in 0.02s
    cube 2869.144 (depth 1, 34 lits): UNSAT in 0.03s
    cube 2869.145 (depth 1, 34 lits): UNSAT in 0.17s
    cube 2869.146 (depth 1, 34 lits): UNSAT in 0.05s
    cube 2869.147 (depth 1, 34 lits): UNSAT in 0.14s
    cube 2869.148 (depth 1, 34 lits): UNSAT in 0.09s
    cube 2869.149 (depth 1, 34 lits): UNSAT in 0.20s
    cube 2869.150 (depth 1, 34 lits): UNSAT in 0.02s
    cube 2869.151 (depth 1, 34 lits): UNSAT in 0.06s
    cube 2869.152 (depth 1, 34 lits): UNSAT in 0.26s
    cube 2869.153 (depth 1, 34 lits): UNSAT in 0.26s
    cube 2869.154 (depth 1, 34 lits): UNSAT in 0.02s
    cube 2869.155 (depth 1, 34 lits): UNSAT in 0.03s
    cube 2869.156 (depth 1, 34 lits): UNSAT in 0.03s
    cube 2869.157 (depth 1, 34 lits): UNSAT in 0.06s
    cube 2869.158 (depth 1, 34 lits): UNSAT in 0.02s
    cube 2869.159 (depth 1, 34 lits): UNSAT in 0.06s
    cube 2869.160 (depth 1, 34 lits): UNSAT in 0.08s
    cube 2869.161 (depth 1, 34 lits): UNSAT in 0.20s
    cube 2869.162 (depth 1, 34 lits): UNSAT in 0.02s
    cube 2869.163 (depth 1, 34 lits): UNSAT in 0.04s
    cube 2869.164 (depth 1, 34 lits): UNSAT in 0.05s
    cube 2869.165 (depth 1, 34 lits): UNSAT in 0.12s
    cube 2869.166 (depth 1, 34 lits): UNSAT in 0.10s
    cube 2869.167 (depth 1, 34 lits): UNSAT in 0.27s
    cube 2869.168 (depth 1, 34 lits): UNSAT in 0.18s
    cube 2869.169 (depth 1, 34 lits): UNSAT in 2.66s
    cube 2869.170 (depth 1, 34 lits): UNSAT in 0.02s
    cube 2869.171 (depth 1, 34 lits): UNSAT in 0.10s
    cube 2869.172 (depth 1, 34 lits): UNSAT in 0.11s
    cube 2869.173 (depth 1, 34 lits): UNSAT in 0.38s
    cube 2869.174 (depth 1, 34 lits): UNSAT in 0.06s
    cube 2869.175 (depth 1, 34 lits): UNSAT in 0.13s
    cube 2869.176 (depth 1, 34 lits): UNSAT in 0.45s
    cube 2869.177 (depth 1, 34 lits): UNSAT in 1.67s
    cube 2869.178 (depth 1, 34 lits): UNSAT in 0.02s
    cube 2869.179 (depth 1, 34 lits): UNSAT in 0.10s
    cube 2869.180 (depth 1, 34 lits): UNSAT in 0.14s
    cube 2869.181 (depth 1, 34 lits): UNSAT in 0.26s
    cube 2869.182 (depth 1, 34 lits): UNSAT in 0.04s
    cube 2869.183 (depth 1, 34 lits): UNSAT in 0.14s
    cube 2869.184 (depth 1, 34 lits): UNSAT in 0.37s
    cube 2869.185 (depth 1, 34 lits): UNSAT in 1.86s
    cube 2869.186 (depth 1, 32 lits): UNSAT in 0.01s
    cube 2869.187 (depth 1, 32 lits): UNSAT in 0.01s
    cube 2869.188 (depth 1, 33 lits): UNSAT in 0.01s
    cube 2869.189 (depth 1, 34 lits): UNSAT in 0.01s
    cube 2869.190 (depth 1, 34 lits): UNSAT in 0.01s
    cube 2869.191 (depth 1, 34 lits): UNSAT in 0.01s
    cube 2869.192 (depth 1, 34 lits): UNSAT in 0.01s
    cube 2869.193 (depth 1, 34 lits): UNSAT in 0.01s
    cube 2869.194 (depth 1, 34 lits): UNSAT in 0.01s
    cube 2869.195 (depth 1, 32 lits): UNSAT in 0.01s
    cube 2869.196 (depth 1, 32 lits): UNSAT in 0.01s
    cube 2869.197 (depth 1, 33 lits): UNSAT in 0.01s
    cube 2869.198 (depth 1, 34 lits): UNSAT in 0.01s
    cube 2869.199 (depth 1, 34 lits): UNSAT in 0.01s
    cube 2869.200 (depth 1, 34 lits): UNSAT in 0.01s
    cube 2869.201 (depth 1, 34 lits): UNSAT in 0.01s
    cube 2869.202 (depth 1, 34 lits): UNSAT in 0.01s
    cube 2869.203 (depth 1, 34 lits): UNSAT in 0.01s
    cube 2869.204 (depth 1, 33 lits): UNSAT in 0.01s
    cube 2869.205 (depth 1, 33 lits): UNSAT in 0.01s
    cube 2869.206 (depth 1, 34 lits): UNSAT in 0.01s
    cube 2869.207 (depth 1, 34 lits): UNSAT in 0.01s
    cube 2869.208 (depth 1, 33 lits): UNSAT in 0.01s
    cube 2869.209 (depth 1, 34 lits): UNSAT in 0.01s
    cube 2869.210 (depth 1, 34 lits): UNSAT in 0.01s
    cube 2869.211 (depth 1, 34 lits): UNSAT in 0.01s
    cube 2869.212 (depth 1, 34 lits): UNSAT in 0.01s
    cube 2869.213 (depth 1, 34 lits): UNSAT in 0.01s
    cube 2869.214 (depth 1, 34 lits): UNSAT in 0.01s
    cube 2869.215 (depth 1, 33 lits): UNSAT in 0.01s
    cube 2869.216 (depth 1, 32 lits): UNSAT in 0.01s
    cube 2869.217 (depth 1, 34 lits): UNSAT in 0.01s
    cube 2869.218 (depth 1, 34 lits): UNSAT in 0.01s
    cube 2869.219 (depth 1, 33 lits): UNSAT in 0.01s
    cube 2869.220 (depth 1, 31 lits): UNSAT in 0.01s
    cube 2869.221 (depth 1, 32 lits): UNSAT in 0.01s
    cube 2869.222 (depth 1, 33 lits): UNSAT in 0.01s
    cube 2869.223 (depth 1, 34 lits): UNSAT in 0.01s
    cube 2869.224 (depth 1, 34 lits): UNSAT in 0.02s
    cube 2869.225 (depth 1, 34 lits): UNSAT in 0.01s
    cube 2869.226 (depth 1, 34 lits): UNSAT in 0.01s
    cube 2869.227 (depth 1, 34 lits): UNSAT in 0.01s
    cube 2869.228 (depth 1, 34 lits): UNSAT in 0.02s
    cube 2869.229 (depth 1, 34 lits): UNSAT in 0.01s
    cube 2869.230 (depth 1, 34 lits): UNSAT in 0.03s
    cube 2869.231 (depth 1, 34 lits): UNSAT in 0.02s
    cube 2869.232 (depth 1, 34 lits): UNSAT in 0.03s
    cube 2869.233 (depth 1, 34 lits): UNSAT in 0.01s
    cube 2869.234 (depth 1, 34 lits): UNSAT in 0.02s
    cube 2869.235 (depth 1, 34 lits): UNSAT in 0.02s
    cube 2869.236 (depth 1, 34 lits): UNSAT in 0.03s
    cube 2869.237 (depth 1, 34 lits): UNSAT in 0.01s
    cube 2869.238 (depth 1, 34 lits): UNSAT in 0.01s
    cube 2869.239 (depth 1, 34 lits): UNSAT in 0.03s
    cube 2869.240 (depth 1, 34 lits): UNSAT in 0.06s
    cube 2869.241 (depth 1, 34 lits): UNSAT in 0.02s
    cube 2869.242 (depth 1, 34 lits): UNSAT in 0.05s
    cube 2869.243 (depth 1, 34 lits): UNSAT in 0.01s
    cube 2869.244 (depth 1, 34 lits): UNSAT in 0.06s
    cube 2869.245 (depth 1, 34 lits): UNSAT in 0.04s
    cube 2869.246 (depth 1, 34 lits): UNSAT in 0.09s
    cube 2869.247 (depth 1, 34 lits): UNSAT in 0.08s
    cube 2869.248 (depth 1, 34 lits): UNSAT in 0.15s
    cube 2869.249 (depth 1, 34 lits): UNSAT in 0.01s
    cube 2869.250 (depth 1, 34 lits): UNSAT in 0.02s
    cube 2869.251 (depth 1, 34 lits): UNSAT in 0.01s
    cube 2869.252 (depth 1, 34 lits): UNSAT in 0.04s
    cube 2869.253 (depth 1, 34 lits): UNSAT in 0.02s
    cube 2869.254 (depth 1, 34 lits): UNSAT in 0.03s
    cube 2869.255 (depth 1, 34 lits): UNSAT in 0.02s
    cube 2869.256 (depth 1, 34 lits): UNSAT in 0.08s
    cube 2869.257 (depth 1, 34 lits): UNSAT in 0.02s
    cube 2869.258 (depth 1, 34 lits): UNSAT in 0.04s
    cube 2869.259 (depth 1, 34 lits): UNSAT in 0.03s
    cube 2869.260 (depth 1, 34 lits): UNSAT in 0.13s
    cube 2869.261 (depth 1, 34 lits): UNSAT in 0.02s
    cube 2869.262 (depth 1, 34 lits): UNSAT in 0.07s
    cube 2869.263 (depth 1, 34 lits): UNSAT in 0.02s
    cube 2869.264 (depth 1, 34 lits): UNSAT in 0.21s
    cube 2869.265 (depth 1, 34 lits): UNSAT in 0.02s
    cube 2869.266 (depth 1, 34 lits): UNSAT in 0.04s
    cube 2869.267 (depth 1, 34 lits): UNSAT in 0.03s
    cube 2869.268 (depth 1, 34 lits): UNSAT in 0.11s
    cube 2869.269 (depth 1, 34 lits): UNSAT in 0.03s
    cube 2869.270 (depth 1, 34 lits): UNSAT in 0.21s
    cube 2869.271 (depth 1, 34 lits): UNSAT in 0.10s
    cube 2869.272 (depth 1, 34 lits): UNSAT in 0.40s
    cube 2869.273 (depth 1, 34 lits): UNSAT in 0.03s
    cube 2869.274 (depth 1, 34 lits): UNSAT in 0.06s
    cube 2869.275 (depth 1, 34 lits): UNSAT in 0.07s
    cube 2869.276 (depth 1, 34 lits): UNSAT in 1.07s
    cube 2869.277 (depth 1, 34 lits): UNSAT in 0.03s
    cube 2869.278 (depth 1, 34 lits): UNSAT in 0.12s
    cube 2869.279 (depth 1, 34 lits): UNSAT in 0.20s
    cube 2869.280 (depth 1, 34 lits): UNSAT in 0.57s
    cube 2869.281 (depth 1, 32 lits): UNSAT in 0.01s
    cube 2869.282 (depth 1, 33 lits): UNSAT in 0.01s
    cube 2869.283 (depth 1, 34 lits): UNSAT in 0.01s
    cube 2869.284 (depth 1, 34 lits): UNSAT in 0.01s
    cube 2869.285 (depth 1, 32 lits): UNSAT in 0.01s
    cube 2869.286 (depth 1, 33 lits): UNSAT in 0.01s
    cube 2869.287 (depth 1, 34 lits): UNSAT in 0.02s
    cube 2869.288 (depth 1, 34 lits): UNSAT in 0.03s
    cube 2869.289 (depth 1, 32 lits): UNSAT in 0.01s
    cube 2869.290 (depth 1, 33 lits): UNSAT in 0.01s
    cube 2869.291 (depth 1, 34 lits): UNSAT in 0.02s
    cube 2869.292 (depth 1, 34 lits): UNSAT in 0.01s
    cube 2869.293 (depth 1, 33 lits): UNSAT in 0.01s
    cube 2869.294 (depth 1, 33 lits): UNSAT in 0.01s
    cube 2869.295 (depth 1, 33 lits): UNSAT in 0.01s
    cube 2869.296 (depth 1, 34 lits): UNSAT in 0.02s
    cube 2869.297 (depth 1, 34 lits): UNSAT in 0.03s
    cube 2869.298 (depth 1, 32 lits): UNSAT in 0.01s
    cube 2869.299 (depth 1, 33 lits): UNSAT in 0.01s
    cube 2869.300 (depth 1, 34 lits): UNSAT in 0.01s
    cube 2869.301 (depth 1, 34 lits): UNSAT in 0.05s
    cube 2869.302 (depth 1, 33 lits): UNSAT in 0.01s
    cube 2869.303 (depth 1, 34 lits): UNSAT in 0.02s
    cube 2869.304 (depth 1, 34 lits): UNSAT in 0.04s
    cube 2869.305 (depth 1, 34 lits): UNSAT in 0.02s
    cube 2869.306 (depth 1, 34 lits): UNSAT in 0.02s
    cube 2869.307 (depth 1, 34 lits): UNSAT in 0.01s
    cube 2869.308 (depth 1, 34 lits): UNSAT in 0.12s
    cube 2869.309 (depth 1, 34 lits): UNSAT in 0.02s
    cube 2869.310 (depth 1, 34 lits): UNSAT in 0.03s
    cube 2869.311 (depth 1, 34 lits): UNSAT in 0.02s
    cube 2869.312 (depth 1, 34 lits): UNSAT in 0.08s
    cube 2869.313 (depth 1, 34 lits): UNSAT in 0.02s
    cube 2869.314 (depth 1, 34 lits): UNSAT in 0.14s
    cube 2869.315 (depth 1, 34 lits): UNSAT in 0.17s
    cube 2869.316 (depth 1, 34 lits): UNSAT in 0.14s
    cube 2869.317 (depth 1, 34 lits): UNSAT in 0.02s
    cube 2869.318 (depth 1, 34 lits): UNSAT in 0.02s
    cube 2869.319 (depth 1, 34 lits): UNSAT in 0.10s
    cube 2869.320 (depth 1, 34 lits): UNSAT in 0.25s
    cube 2869.321 (depth 1, 34 lits): UNSAT in 0.03s
    cube 2869.322 (depth 1, 34 lits): UNSAT in 0.37s
    cube 2869.323 (depth 1, 34 lits): UNSAT in 0.06s
    cube 2869.324 (depth 1, 34 lits): UNSAT in 0.15s
    cube 2869.325 (depth 1, 34 lits): UNSAT in 0.01s
    cube 2869.326 (depth 1, 34 lits): UNSAT in 0.01s
    cube 2869.327 (depth 1, 34 lits): UNSAT in 0.02s
    cube 2869.328 (depth 1, 34 lits): UNSAT in 0.04s
    cube 2869.329 (depth 1, 34 lits): UNSAT in 0.03s
    cube 2869.330 (depth 1, 34 lits): UNSAT in 0.05s
    cube 2869.331 (depth 1, 34 lits): UNSAT in 0.04s
    cube 2869.332 (depth 1, 34 lits): UNSAT in 0.05s
    cube 2869.333 (depth 1, 34 lits): UNSAT in 0.03s
    cube 2869.334 (depth 1, 34 lits): UNSAT in 0.04s
    cube 2869.335 (depth 1, 34 lits): UNSAT in 0.05s
    cube 2869.336 (depth 1, 34 lits): UNSAT in 0.04s
    cube 2869.337 (depth 1, 34 lits): UNSAT in 0.06s
    cube 2869.338 (depth 1, 34 lits): UNSAT in 0.16s
    cube 2869.339 (depth 1, 34 lits): UNSAT in 0.07s
    cube 2869.340 (depth 1, 34 lits): UNSAT in 0.09s
    cube 2869.341 (depth 1, 34 lits): UNSAT in 0.01s
    cube 2869.342 (depth 1, 34 lits): UNSAT in 0.01s
    cube 2869.343 (depth 1, 34 lits): UNSAT in 0.03s
    cube 2869.344 (depth 1, 34 lits): UNSAT in 0.05s
    cube 2869.345 (depth 1, 34 lits): UNSAT in 0.03s
    cube 2869.346 (depth 1, 34 lits): UNSAT in 0.14s
    cube 2869.347 (depth 1, 34 lits): UNSAT in 0.07s
    cube 2869.348 (depth 1, 34 lits): UNSAT in 0.13s
    cube 2869.349 (depth 1, 34 lits): UNSAT in 0.17s
    cube 2869.350 (depth 1, 34 lits): UNSAT in 0.22s
    cube 2869.351 (depth 1, 34 lits): UNSAT in 0.29s
    cube 2869.352 (depth 1, 34 lits): UNSAT in 1.52s
    cube 2869.353 (depth 1, 34 lits): UNSAT in 0.31s
    cube 2869.354 (depth 1, 34 lits): UNSAT in 0.35s
    cube 2869.355 (depth 1, 34 lits): UNSAT in 1.78s
    cube 2869.356 (depth 1, 34 lits): UNSAT in 2.01s
    cube 2869.357 (depth 1, 34 lits): UNSAT in 0.01s
    cube 2869.358 (depth 1, 34 lits): UNSAT in 0.02s
    cube 2869.359 (depth 1, 34 lits): UNSAT in 0.01s
    cube 2869.360 (depth 1, 34 lits): UNSAT in 0.06s
    cube 2869.361 (depth 1, 34 lits): UNSAT in 0.01s
    cube 2869.362 (depth 1, 34 lits): UNSAT in 0.02s
    cube 2869.363 (depth 1, 34 lits): UNSAT in 0.02s
    cube 2869.364 (depth 1, 34 lits): UNSAT in 0.08s
    cube 2869.365 (depth 1, 34 lits): UNSAT in 0.05s
    cube 2869.366 (depth 1, 34 lits): UNSAT in 0.10s
    cube 2869.367 (depth 1, 34 lits): UNSAT in 0.08s
    cube 2869.368 (depth 1, 34 lits): UNSAT in 0.19s
    cube 2869.369 (depth 1, 34 lits): UNSAT in 0.05s
    cube 2869.370 (depth 1, 34 lits): UNSAT in 0.44s
    cube 2869.371 (depth 1, 34 lits): UNSAT in 0.21s
    cube 2869.372 (depth 1, 34 lits): UNSAT in 1.02s
    cube 2869.373 (depth 1, 34 lits): UNSAT in 0.03s
    cube 2869.374 (depth 1, 34 lits): UNSAT in 0.02s
    cube 2869.375 (depth 1, 34 lits): UNSAT in 0.06s
    cube 2869.376 (depth 1, 34 lits): UNSAT in 0.12s
    cube 2869.377 (depth 1, 34 lits): UNSAT in 0.04s
    cube 2869.378 (depth 1, 34 lits): UNSAT in 0.27s
    cube 2869.379 (depth 1, 34 lits): UNSAT in 0.44s
    cube 2869.380 (depth 1, 34 lits): UNSAT in 0.29s
    cube 2869.381 (depth 1, 34 lits): UNSAT in 0.04s
    cube 2869.382 (depth 1, 34 lits): UNSAT in 0.05s
    cube 2869.383 (depth 1, 34 lits): UNSAT in 0.03s
    cube 2869.384 (depth 1, 34 lits): UNSAT in 0.23s
    cube 2869.385 (depth 1, 34 lits): UNSAT in 0.16s
    cube 2869.386 (depth 1, 34 lits): UNSAT in 0.23s
    cube 2869.387 (depth 1, 34 lits): UNSAT in 0.65s
    cube 2869.388 (depth 1, 34 lits): UNSAT in 1.56s
    cube 2869.389 (depth 1, 34 lits): UNSAT in 0.01s
    cube 2869.390 (depth 1, 34 lits): UNSAT in 0.02s
    cube 2869.391 (depth 1, 34 lits): UNSAT in 0.01s
    cube 2869.392 (depth 1, 34 lits): UNSAT in 0.05s
    cube 2869.393 (depth 1, 34 lits): UNSAT in 0.02s
    cube 2869.394 (depth 1, 34 lits): UNSAT in 0.07s
    cube 2869.395 (depth 1, 34 lits): UNSAT in 0.08s
    cube 2869.396 (depth 1, 34 lits): UNSAT in 0.09s
    cube 2869.397 (depth 1, 34 lits): UNSAT in 0.01s
    cube 2869.398 (depth 1, 34 lits): UNSAT in 0.02s
    cube 2869.399 (depth 1, 34 lits): UNSAT in 0.01s
    cube 2869.400 (depth 1, 34 lits): UNSAT in 0.07s
    cube 2869.401 (depth 1, 34 lits): UNSAT in 0.02s
    cube 2869.402 (depth 1, 34 lits): UNSAT in 0.08s
    cube 2869.403 (depth 1, 34 lits): UNSAT in 0.11s
    cube 2869.404 (depth 1, 34 lits): UNSAT in 0.16s
    cube 2869.405 (depth 1, 34 lits): UNSAT in 0.03s
    cube 2869.406 (depth 1, 34 lits): UNSAT in 0.07s
    cube 2869.407 (depth 1, 34 lits): UNSAT in 0.12s
    cube 2869.408 (depth 1, 34 lits): UNSAT in 0.11s
    cube 2869.409 (depth 1, 34 lits): UNSAT in 0.07s
    cube 2869.410 (depth 1, 34 lits): UNSAT in 0.11s
    cube 2869.411 (depth 1, 34 lits): UNSAT in 0.06s
    cube 2869.412 (depth 1, 34 lits): UNSAT in 0.13s
    cube 2869.413 (depth 1, 34 lits): UNSAT in 0.03s
    cube 2869.414 (depth 1, 34 lits): UNSAT in 0.13s
    cube 2869.415 (depth 1, 34 lits): UNSAT in 0.11s
    cube 2869.416 (depth 1, 34 lits): UNSAT in 0.09s
    cube 2869.417 (depth 1, 34 lits): UNSAT in 0.03s
    cube 2869.418 (depth 1, 34 lits): UNSAT in 0.11s
    cube 2869.419 (depth 1, 34 lits): UNSAT in 0.07s
    cube 2869.420 (depth 1, 34 lits): UNSAT in 0.26s
    cube 2869.421 (depth 1, 34 lits): UNSAT in 0.02s
    cube 2869.422 (depth 1, 34 lits): UNSAT in 0.07s
    cube 2869.423 (depth 1, 34 lits): UNSAT in 0.08s
    cube 2869.424 (depth 1, 34 lits): UNSAT in 0.07s
    cube 2869.425 (depth 1, 34 lits): UNSAT in 0.14s
    cube 2869.426 (depth 1, 34 lits): UNSAT in 0.45s
    cube 2869.427 (depth 1, 34 lits): UNSAT in 0.15s
    cube 2869.428 (depth 1, 34 lits): UNSAT in 0.28s
    cube 2869.429 (depth 1, 34 lits): UNSAT in 0.08s
    cube 2869.430 (depth 1, 34 lits): UNSAT in 0.07s
    cube 2869.431 (depth 1, 34 lits): UNSAT in 0.11s
    cube 2869.432 (depth 1, 34 lits): UNSAT in 0.21s
    cube 2869.433 (depth 1, 34 lits): UNSAT in 0.08s
    cube 2869.434 (depth 1, 34 lits): UNSAT in 0.14s
    cube 2869.435 (depth 1, 34 lits): UNSAT in 0.11s
    cube 2869.436 (depth 1, 34 lits): UNSAT in 0.07s
    cube 2869.437 (depth 1, 34 lits): UNSAT in 0.10s
    cube 2869.438 (depth 1, 34 lits): UNSAT in 0.11s
    cube 2869.439 (depth 1, 34 lits): UNSAT in 0.10s
    cube 2869.440 (depth 1, 34 lits): UNSAT in 0.14s
    cube 2869.441 (depth 1, 34 lits): UNSAT in 0.09s
    cube 2869.442 (depth 1, 34 lits): UNSAT in 0.12s
    cube 2869.443 (depth 1, 34 lits): UNSAT in 0.30s
    cube 2869.444 (depth 1, 34 lits): UNSAT in 0.36s
    cube 2869.445 (depth 1, 34 lits): UNSAT in 0.13s
    cube 2869.446 (depth 1, 34 lits): UNSAT in 0.29s
    cube 2869.447 (depth 1, 34 lits): UNSAT in 0.54s
    cube 2869.448 (depth 1, 34 lits): UNSAT in 0.29s
    cube 2869.449 (depth 1, 34 lits): UNSAT in 0.11s
    cube 2869.450 (depth 1, 34 lits): UNSAT in 0.22s
    cube 2869.451 (depth 1, 34 lits): UNSAT in 0.51s
    cube 2869.452 (depth 1, 34 lits): UNSAT in 0.47s
    cube 2869.453 (depth 1, 34 lits): UNSAT in 0.01s
    cube 2869.454 (depth 1, 34 lits): UNSAT in 0.02s
    cube 2869.455 (depth 1, 34 lits): UNSAT in 0.01s
    cube 2869.456 (depth 1, 34 lits): UNSAT in 0.07s
    cube 2869.457 (depth 1, 34 lits): UNSAT in 0.07s
    cube 2869.458 (depth 1, 34 lits): UNSAT in 0.10s
    cube 2869.459 (depth 1, 34 lits): UNSAT in 0.02s
    cube 2869.460 (depth 1, 34 lits): UNSAT in 0.07s
    cube 2869.461 (depth 1, 34 lits): UNSAT in 0.14s
    cube 2869.462 (depth 1, 34 lits): UNSAT in 0.19s
    cube 2869.463 (depth 1, 34 lits): UNSAT in 0.14s
    cube 2869.464 (depth 1, 34 lits): UNSAT in 0.29s
    cube 2869.465 (depth 1, 34 lits): UNSAT in 0.13s
    cube 2869.466 (depth 1, 34 lits): UNSAT in 0.23s
    cube 2869.467 (depth 1, 34 lits): UNSAT in 0.23s
    cube 2869.468 (depth 1, 34 lits): UNSAT in 0.21s
    cube 2869.469 (depth 1, 34 lits): UNSAT in 0.02s
    cube 2869.470 (depth 1, 34 lits): UNSAT in 0.12s
    cube 2869.471 (depth 1, 34 lits): UNSAT in 0.12s
    cube 2869.472 (depth 1, 34 lits): UNSAT in 0.39s
    cube 2869.473 (depth 1, 34 lits): UNSAT in 0.03s
    cube 2869.474 (depth 1, 34 lits): UNSAT in 0.13s
    cube 2869.475 (depth 1, 34 lits): UNSAT in 0.16s
    cube 2869.476 (depth 1, 34 lits): UNSAT in 0.20s
    cube 2869.477 (depth 1, 34 lits): UNSAT in 0.12s
    cube 2869.478 (depth 1, 34 lits): UNSAT in 0.12s
    cube 2869.479 (depth 1, 34 lits): UNSAT in 0.17s
    cube 2869.480 (depth 1, 34 lits): UNSAT in 0.42s
    cube 2869.481 (depth 1, 34 lits): UNSAT in 0.13s
    cube 2869.482 (depth 1, 34 lits): UNSAT in 0.19s
    cube 2869.483 (depth 1, 34 lits): UNSAT in 0.14s
    cube 2869.484 (depth 1, 34 lits): UNSAT in 0.48s
    cube 2869.485 (depth 1, 34 lits): UNSAT in 0.05s
    cube 2869.486 (depth 1, 34 lits): UNSAT in 0.06s
    cube 2869.487 (depth 1, 34 lits): UNSAT in 0.02s
    cube 2869.488 (depth 1, 34 lits): UNSAT in 0.06s
    cube 2869.489 (depth 1, 34 lits): UNSAT in 0.07s
    cube 2869.490 (depth 1, 34 lits): UNSAT in 0.09s
    cube 2869.491 (depth 1, 34 lits): UNSAT in 0.10s
    cube 2869.492 (depth 1, 34 lits): UNSAT in 0.11s
    cube 2869.493 (depth 1, 34 lits): UNSAT in 0.08s
    cube 2869.494 (depth 1, 34 lits): UNSAT in 0.23s
    cube 2869.495 (depth 1, 34 lits): UNSAT in 0.24s
    cube 2869.496 (depth 1, 34 lits): UNSAT in 0.22s
    cube 2869.497 (depth 1, 34 lits): UNSAT in 0.19s
    cube 2869.498 (depth 1, 34 lits): UNSAT in 0.24s
    cube 2869.499 (depth 1, 34 lits): UNSAT in 0.13s
    cube 2869.500 (depth 1, 34 lits): UNSAT in 0.53s
    cube 2869.501 (depth 1, 34 lits): UNSAT in 0.02s
    cube 2869.502 (depth 1, 34 lits): UNSAT in 0.08s
    cube 2869.503 (depth 1, 34 lits): UNSAT in 0.26s
    cube 2869.504 (depth 1, 34 lits): UNSAT in 0.42s
    cube 2869.505 (depth 1, 34 lits): UNSAT in 0.16s
    cube 2869.506 (depth 1, 34 lits): UNSAT in 0.34s
    cube 2869.507 (depth 1, 34 lits): UNSAT in 0.11s
    cube 2869.508 (depth 1, 34 lits): UNSAT in 1.17s
    cube 2869.509 (depth 1, 34 lits): UNSAT in 0.08s
    cube 2869.510 (depth 1, 34 lits): UNSAT in 0.47s
    cube 2869.511 (depth 1, 34 lits): UNSAT in 0.18s
    cube 2869.512 (depth 1, 34 lits): UNSAT in 0.24s
    cube 2869.513 (depth 1, 34 lits): UNSAT in 0.06s
    cube 2869.514 (depth 1, 34 lits): UNSAT in 0.15s
    cube 2869.515 (depth 1, 34 lits): UNSAT in 0.44s
    cube 2869.516 (depth 1, 34 lits): UNSAT in 0.49s
    cube 2869.517 (depth 1, 34 lits): UNSAT in 0.01s
    cube 2869.518 (depth 1, 34 lits): UNSAT in 0.01s
    cube 2869.519 (depth 1, 34 lits): UNSAT in 0.01s
    cube 2869.520 (depth 1, 34 lits): UNSAT in 0.02s
    cube 2869.521 (depth 1, 34 lits): UNSAT in 0.01s
    cube 2869.522 (depth 1, 34 lits): UNSAT in 0.03s
    cube 2869.523 (depth 1, 34 lits): UNSAT in 0.02s
    cube 2869.524 (depth 1, 34 lits): UNSAT in 0.13s
    cube 2869.525 (depth 1, 34 lits): UNSAT in 0.03s
    cube 2869.526 (depth 1, 34 lits): UNSAT in 0.04s
    cube 2869.527 (depth 1, 34 lits): UNSAT in 0.02s
    cube 2869.528 (depth 1, 34 lits): UNSAT in 0.13s
    cube 2869.529 (depth 1, 34 lits): UNSAT in 0.05s
    cube 2869.530 (depth 1, 34 lits): UNSAT in 0.12s
    cube 2869.531 (depth 1, 34 lits): UNSAT in 0.14s
    cube 2869.532 (depth 1, 34 lits): UNSAT in 0.41s
    cube 2869.533 (depth 1, 34 lits): UNSAT in 0.01s
    cube 2869.534 (depth 1, 34 lits): UNSAT in 0.02s
    cube 2869.535 (depth 1, 34 lits): UNSAT in 0.03s
    cube 2869.536 (depth 1, 34 lits): UNSAT in 0.13s
    cube 2869.537 (depth 1, 34 lits): UNSAT in 0.11s
    cube 2869.538 (depth 1, 34 lits): UNSAT in 0.13s
    cube 2869.539 (depth 1, 34 lits): UNSAT in 0.13s
    cube 2869.540 (depth 1, 34 lits): UNSAT in 0.19s
    cube 2869.541 (depth 1, 34 lits): UNSAT in 0.12s
    cube 2869.542 (depth 1, 34 lits): UNSAT in 0.14s
    cube 2869.543 (depth 1, 34 lits): UNSAT in 0.12s
    cube 2869.544 (depth 1, 34 lits): UNSAT in 0.27s
    cube 2869.545 (depth 1, 34 lits): UNSAT in 0.13s
    cube 2869.546 (depth 1, 34 lits): UNSAT in 0.22s
    cube 2869.547 (depth 1, 34 lits): UNSAT in 0.40s
    cube 2869.548 (depth 1, 34 lits): UNSAT in 0.69s
    cube 2869.549 (depth 1, 34 lits): UNSAT in 0.01s
    cube 2869.550 (depth 1, 34 lits): UNSAT in 0.02s
    cube 2869.551 (depth 1, 34 lits): UNSAT in 0.03s
    cube 2869.552 (depth 1, 34 lits): UNSAT in 0.15s
    cube 2869.553 (depth 1, 34 lits): UNSAT in 0.04s
    cube 2869.554 (depth 1, 34 lits): UNSAT in 0.18s
    cube 2869.555 (depth 1, 34 lits): UNSAT in 0.42s
    cube 2869.556 (depth 1, 34 lits): UNSAT in 0.50s
    cube 2869.557 (depth 1, 34 lits): UNSAT in 0.07s
    cube 2869.558 (depth 1, 34 lits): UNSAT in 0.21s
    cube 2869.559 (depth 1, 34 lits): UNSAT in 0.25s
    cube 2869.560 (depth 1, 34 lits): UNSAT in 0.60s
    cube 2869.561 (depth 1, 34 lits): UNSAT in 0.40s
    cube 2869.562 (depth 1, 34 lits): UNSAT in 0.62s
    cube 2869.563 (depth 1, 34 lits): UNSAT in 0.47s
    cube 2869.564 (depth 1, 34 lits): UNSAT in 0.91s
    cube 2869.565 (depth 1, 34 lits): UNSAT in 0.06s
    cube 2869.566 (depth 1, 34 lits): UNSAT in 0.45s
    cube 2869.567 (depth 1, 34 lits): UNSAT in 0.19s
    cube 2869.568 (depth 1, 34 lits): UNSAT in 0.59s
    cube 2869.569 (depth 1, 34 lits): UNSAT in 0.64s
    cube 2869.570 (depth 1, 34 lits): UNSAT in 0.64s
    cube 2869.571 (depth 1, 34 lits): UNSAT in 0.31s
    cube 2869.572 (depth 1, 34 lits): UNSAT in 1.58s
    cube 2869.573 (depth 1, 34 lits): UNSAT in 0.16s
    cube 2869.574 (depth 1, 34 lits): UNSAT in 0.45s
    cube 2869.575 (depth 1, 34 lits): UNSAT in 0.33s
    cube 2869.576 (depth 1, 34 lits): UNSAT in 0.80s
    cube 2869.577 (depth 1, 34 lits): UNSAT in 0.43s
    cube 2869.578 (depth 1, 34 lits): UNSAT in 0.76s
    cube 2869.579 (depth 1, 34 lits): UNSAT in 1.38s
    cube 2869.580 (depth 1, 34 lits): UNSAT in 3.61s
    cube 2869.581 (depth 1, 34 lits): UNSAT in 0.08s
    cube 2869.582 (depth 1, 34 lits): UNSAT in 0.10s
    cube 2869.583 (depth 1, 34 lits): UNSAT in 0.13s
    cube 2869.584 (depth 1, 34 lits): UNSAT in 0.16s
    cube 2869.585 (depth 1, 34 lits): UNSAT in 0.03s
    cube 2869.586 (depth 1, 34 lits): UNSAT in 0.13s
    cube 2869.587 (depth 1, 34 lits): UNSAT in 0.16s
    cube 2869.588 (depth 1, 34 lits): UNSAT in 0.31s
    cube 2869.589 (depth 1, 34 lits): UNSAT in 0.06s
    cube 2869.590 (depth 1, 34 lits): UNSAT in 0.15s
    cube 2869.591 (depth 1, 34 lits): UNSAT in 0.24s
    cube 2869.592 (depth 1, 34 lits): UNSAT in 0.49s
    cube 2869.593 (depth 1, 34 lits): UNSAT in 0.47s
    cube 2869.594 (depth 1, 34 lits): UNSAT in 0.81s
    cube 2869.595 (depth 1, 34 lits): UNSAT in 0.53s
    cube 2869.596 (depth 1, 34 lits): UNSAT in 0.72s
    cube 2869.597 (depth 1, 34 lits): UNSAT in 0.02s
    cube 2869.598 (depth 1, 34 lits): UNSAT in 0.10s
    cube 2869.599 (depth 1, 34 lits): UNSAT in 0.25s
    cube 2869.600 (depth 1, 34 lits): UNSAT in 0.28s
    cube 2869.601 (depth 1, 34 lits): UNSAT in 0.21s
    cube 2869.602 (depth 1, 34 lits): UNSAT in 0.40s
    cube 2869.603 (depth 1, 34 lits): UNSAT in 0.61s
    cube 2869.604 (depth 1, 34 lits): UNSAT in 0.79s
    cube 2869.605 (depth 1, 34 lits): UNSAT in 0.09s
    cube 2869.606 (depth 1, 34 lits): UNSAT in 0.29s
    cube 2869.607 (depth 1, 34 lits): UNSAT in 0.36s
    cube 2869.608 (depth 1, 34 lits): UNSAT in 1.19s
    cube 2869.609 (depth 1, 34 lits): UNSAT in 0.39s
    cube 2869.610 (depth 1, 34 lits): UNSAT in 0.69s
    cube 2869.611 (depth 1, 34 lits): UNSAT in 0.68s
    cube 2869.612 (depth 1, 34 lits): UNSAT in 3.81s
    cube 2869.613 (depth 1, 34 lits): UNSAT in 0.03s
    cube 2869.614 (depth 1, 34 lits): UNSAT in 0.13s
    cube 2869.615 (depth 1, 34 lits): UNSAT in 0.19s
    cube 2869.616 (depth 1, 34 lits): UNSAT in 0.51s
    cube 2869.617 (depth 1, 34 lits): UNSAT in 0.12s
    cube 2869.618 (depth 1, 34 lits): UNSAT in 0.14s
    cube 2869.619 (depth 1, 34 lits): UNSAT in 0.13s
    cube 2869.620 (depth 1, 34 lits): UNSAT in 1.12s
    cube 2869.621 (depth 1, 34 lits): UNSAT in 0.13s
    cube 2869.622 (depth 1, 34 lits): UNSAT in 0.40s
    cube 2869.623 (depth 1, 34 lits): UNSAT in 0.30s
    cube 2869.624 (depth 1, 34 lits): UNSAT in 1.40s
    cube 2869.625 (depth 1, 34 lits): UNSAT in 0.25s
    cube 2869.626 (depth 1, 34 lits): UNSAT in 1.26s
    cube 2869.627 (depth 1, 34 lits): UNSAT in 1.18s
    cube 2869.628 (depth 1, 34 lits): UNSAT in 1.70s
    cube 2869.629 (depth 1, 34 lits): UNSAT in 0.19s
    cube 2869.630 (depth 1, 34 lits): UNSAT in 0.62s
    cube 2869.631 (depth 1, 34 lits): UNSAT in 0.80s
    cube 2869.632 (depth 1, 34 lits): UNSAT in 1.43s
    cube 2869.633 (depth 1, 34 lits): UNSAT in 0.31s
    cube 2869.634 (depth 1, 34 lits): UNSAT in 1.11s
    cube 2869.635 (depth 1, 34 lits): UNSAT in 1.86s
    cube 2869.636 (depth 1, 34 lits): UNSAT in 1.97s
    cube 2869.637 (depth 1, 34 lits): UNSAT in 0.35s
    cube 2869.638 (depth 1, 34 lits): UNSAT in 0.72s
    cube 2869.639 (depth 1, 34 lits): UNSAT in 1.29s
    cube 2869.640 (depth 1, 34 lits): UNSAT in 3.56s
    cube 2869.641 (depth 1, 34 lits): UNSAT in 0.79s
    cube 2869.642 (depth 1, 34 lits): UNSAT in 1.89s
    cube 2869.643 (depth 1, 34 lits): UNSAT in 1.52s
    cube 2869.644 (depth 1, 34 lits): UNSAT in 3.30s
    cube 2869.645 (depth 1, 34 lits): UNSAT in 0.01s
    cube 2869.646 (depth 1, 34 lits): UNSAT in 0.01s
    cube 2869.647 (depth 1, 34 lits): UNSAT in 0.01s
    cube 2869.648 (depth 1, 34 lits): UNSAT in 0.02s
    cube 2869.649 (depth 1, 34 lits): UNSAT in 0.02s
    cube 2869.650 (depth 1, 34 lits): UNSAT in 0.02s
    cube 2869.651 (depth 1, 34 lits): UNSAT in 0.01s
    cube 2869.652 (depth 1, 34 lits): UNSAT in 0.03s
    cube 2869.653 (depth 1, 34 lits): UNSAT in 0.01s
    cube 2869.654 (depth 1, 34 lits): UNSAT in 0.02s
    cube 2869.655 (depth 1, 34 lits): UNSAT in 0.02s
    cube 2869.656 (depth 1, 34 lits): UNSAT in 0.03s
    cube 2869.657 (depth 1, 34 lits): UNSAT in 0.01s
    cube 2869.658 (depth 1, 34 lits): UNSAT in 0.03s
    cube 2869.659 (depth 1, 34 lits): UNSAT in 0.02s
    cube 2869.660 (depth 1, 34 lits): UNSAT in 0.03s
    cube 2869.661 (depth 1, 34 lits): UNSAT in 0.01s
    cube 2869.662 (depth 1, 34 lits): UNSAT in 0.01s
    cube 2869.663 (depth 1, 34 lits): UNSAT in 0.01s
    cube 2869.664 (depth 1, 34 lits): UNSAT in 0.01s
    cube 2869.665 (depth 1, 34 lits): UNSAT in 0.01s
    cube 2869.666 (depth 1, 34 lits): UNSAT in 0.02s
    cube 2869.667 (depth 1, 34 lits): UNSAT in 0.02s
    cube 2869.668 (depth 1, 34 lits): UNSAT in 0.02s
    cube 2869.669 (depth 1, 34 lits): UNSAT in 0.01s
    cube 2869.670 (depth 1, 34 lits): UNSAT in 0.02s
    cube 2869.671 (depth 1, 34 lits): UNSAT in 0.02s
    cube 2869.672 (depth 1, 34 lits): UNSAT in 0.02s
    cube 2869.673 (depth 1, 34 lits): UNSAT in 0.03s
    cube 2869.674 (depth 1, 34 lits): UNSAT in 0.02s
    cube 2869.675 (depth 1, 34 lits): UNSAT in 0.05s
    cube 2869.676 (depth 1, 34 lits): UNSAT in 0.07s
    cube 2869.677 (depth 1, 34 lits): UNSAT in 0.01s
    cube 2869.678 (depth 1, 34 lits): UNSAT in 0.02s
    cube 2869.679 (depth 1, 33 lits): UNSAT in 0.02s
    cube 2869.680 (depth 1, 32 lits): UNSAT in 0.01s
    cube 2869.681 (depth 1, 34 lits): UNSAT in 0.01s
    cube 2869.682 (depth 1, 34 lits): UNSAT in 0.02s
    cube 2869.683 (depth 1, 34 lits): UNSAT in 0.01s
    cube 2869.684 (depth 1, 34 lits): UNSAT in 0.03s
    cube 2869.685 (depth 1, 33 lits): UNSAT in 0.01s
    cube 2869.686 (depth 1, 34 lits): UNSAT in 0.02s
    cube 2869.687 (depth 1, 34 lits): UNSAT in 0.05s
    cube 2869.688 (depth 1, 33 lits): UNSAT in 0.01s
    cube 2869.689 (depth 1, 33 lits): UNSAT in 0.01s
    cube 2869.690 (depth 1, 33 lits): UNSAT in 0.01s
    cube 2869.691 (depth 1, 33 lits): UNSAT in 0.02s
    cube 2869.692 (depth 1, 34 lits): UNSAT in 0.02s
    cube 2869.693 (depth 1, 34 lits): UNSAT in 0.07s
    cube 2869.694 (depth 1, 34 lits): UNSAT in 0.04s
    cube 2869.695 (depth 1, 34 lits): UNSAT in 0.22s
    cube 2869.696 (depth 1, 34 lits): UNSAT in 0.04s
    cube 2869.697 (depth 1, 34 lits): UNSAT in 0.11s
    cube 2869.698 (depth 1, 34 lits): UNSAT in 0.14s
    cube 2869.699 (depth 1, 34 lits): UNSAT in 0.23s
    cube 2869.700 (depth 1, 34 lits): UNSAT in 0.01s
    cube 2869.701 (depth 1, 34 lits): UNSAT in 0.01s
    cube 2869.702 (depth 1, 34 lits): UNSAT in 0.01s
    cube 2869.703 (depth 1, 34 lits): UNSAT in 0.02s
    cube 2869.704 (depth 1, 34 lits): UNSAT in 0.01s
    cube 2869.705 (depth 1, 34 lits): UNSAT in 0.06s
    cube 2869.706 (depth 1, 34 lits): UNSAT in 0.03s
    cube 2869.707 (depth 1, 34 lits): UNSAT in 0.07s
    cube 2869.708 (depth 1, 34 lits): UNSAT in 0.02s
    cube 2869.709 (depth 1, 34 lits): UNSAT in 0.03s
    cube 2869.710 (depth 1, 34 lits): UNSAT in 0.03s
    cube 2869.711 (depth 1, 34 lits): UNSAT in 0.05s
    cube 2869.712 (depth 1, 34 lits): UNSAT in 0.02s
    cube 2869.713 (depth 1, 34 lits): UNSAT in 0.03s
    cube 2869.714 (depth 1, 34 lits): UNSAT in 0.05s
    cube 2869.715 (depth 1, 34 lits): UNSAT in 0.05s
    cube 2869.716 (depth 1, 34 lits): UNSAT in 0.01s
    cube 2869.717 (depth 1, 34 lits): UNSAT in 0.01s
    cube 2869.718 (depth 1, 34 lits): UNSAT in 0.02s
    cube 2869.719 (depth 1, 34 lits): UNSAT in 0.04s
    cube 2869.720 (depth 1, 34 lits): UNSAT in 0.01s
    cube 2869.721 (depth 1, 34 lits): UNSAT in 0.03s
    cube 2869.722 (depth 1, 34 lits): UNSAT in 0.06s
    cube 2869.723 (depth 1, 34 lits): UNSAT in 0.23s
    cube 2869.724 (depth 1, 34 lits): UNSAT in 0.02s
    cube 2869.725 (depth 1, 34 lits): UNSAT in 0.02s
    cube 2869.726 (depth 1, 34 lits): UNSAT in 0.04s
    cube 2869.727 (depth 1, 34 lits): UNSAT in 0.20s
    cube 2869.728 (depth 1, 34 lits): UNSAT in 0.05s
    cube 2869.729 (depth 1, 34 lits): UNSAT in 0.20s
    cube 2869.730 (depth 1, 34 lits): UNSAT in 0.06s
    cube 2869.731 (depth 1, 34 lits): UNSAT in 0.38s
    cube 2869.732 (depth 1, 34 lits): UNSAT in 0.02s
    cube 2869.733 (depth 1, 34 lits): UNSAT in 0.01s
    cube 2869.734 (depth 1, 34 lits): UNSAT in 0.02s
    cube 2869.735 (depth 1, 34 lits): UNSAT in 0.03s
    cube 2869.736 (depth 1, 34 lits): UNSAT in 0.02s
    cube 2869.737 (depth 1, 34 lits): UNSAT in 0.05s
    cube 2869.738 (depth 1, 34 lits): UNSAT in 0.07s
    cube 2869.739 (depth 1, 34 lits): UNSAT in 0.10s
    cube 2869.740 (depth 1, 34 lits): UNSAT in 0.02s
    cube 2869.741 (depth 1, 34 lits): UNSAT in 0.04s
    cube 2869.742 (depth 1, 34 lits): UNSAT in 0.02s
    cube 2869.743 (depth 1, 34 lits): UNSAT in 0.06s
    cube 2869.744 (depth 1, 34 lits): UNSAT in 0.01s
    cube 2869.745 (depth 1, 34 lits): UNSAT in 0.05s
    cube 2869.746 (depth 1, 34 lits): UNSAT in 0.27s
    cube 2869.747 (depth 1, 34 lits): UNSAT in 0.94s
    cube 2869.748 (depth 1, 34 lits): UNSAT in 0.02s
    cube 2869.749 (depth 1, 34 lits): UNSAT in 0.10s
    cube 2869.750 (depth 1, 34 lits): UNSAT in 0.07s
    cube 2869.751 (depth 1, 34 lits): UNSAT in 0.18s
    cube 2869.752 (depth 1, 34 lits): UNSAT in 0.07s
    cube 2869.753 (depth 1, 34 lits): UNSAT in 0.34s
    cube 2869.754 (depth 1, 34 lits): UNSAT in 0.09s
    cube 2869.755 (depth 1, 34 lits): UNSAT in 0.23s
    cube 2869.756 (depth 1, 34 lits): UNSAT in 0.04s
    cube 2869.757 (depth 1, 34 lits): UNSAT in 0.13s
    cube 2869.758 (depth 1, 34 lits): UNSAT in 0.15s
    cube 2869.759 (depth 1, 34 lits): UNSAT in 1.22s
    cube 2869.760 (depth 1, 34 lits): UNSAT in 0.37s
    cube 2869.761 (depth 1, 34 lits): UNSAT in 1.47s
    cube 2869.762 (depth 1, 34 lits): UNSAT in 0.35s
    cube 2869.763 (depth 1, 34 lits): UNSAT in 0.84s
    cube 2869.764 (depth 1, 34 lits): UNSAT in 0.01s
    cube 2869.765 (depth 1, 34 lits): UNSAT in 0.01s
    cube 2869.766 (depth 1, 34 lits): UNSAT in 0.01s
    cube 2869.767 (depth 1, 34 lits): UNSAT in 0.02s
    cube 2869.768 (depth 1, 34 lits): UNSAT in 0.03s
    cube 2869.769 (depth 1, 34 lits): UNSAT in 0.04s
    cube 2869.770 (depth 1, 34 lits): UNSAT in 0.05s
    cube 2869.771 (depth 1, 34 lits): UNSAT in 0.10s
    cube 2869.772 (depth 1, 34 lits): UNSAT in 0.01s
    cube 2869.773 (depth 1, 34 lits): UNSAT in 0.02s
    cube 2869.774 (depth 1, 34 lits): UNSAT in 0.04s
    cube 2869.775 (depth 1, 34 lits): UNSAT in 0.06s
    cube 2869.776 (depth 1, 34 lits): UNSAT in 0.04s
    cube 2869.777 (depth 1, 34 lits): UNSAT in 0.10s
    cube 2869.778 (depth 1, 34 lits): UNSAT in 0.16s
    cube 2869.779 (depth 1, 34 lits): UNSAT in 0.19s
    cube 2869.780 (depth 1, 33 lits): UNSAT in 0.01s
    cube 2869.781 (depth 1, 34 lits): UNSAT in 0.01s
    cube 2869.782 (depth 1, 34 lits): UNSAT in 0.02s
    cube 2869.783 (depth 1, 34 lits): UNSAT in 0.02s
    cube 2869.784 (depth 1, 34 lits): UNSAT in 0.04s
    cube 2869.785 (depth 1, 34 lits): UNSAT in 0.07s
    cube 2869.786 (depth 1, 34 lits): UNSAT in 0.38s
    cube 2869.787 (depth 1, 34 lits): UNSAT in 0.02s
    cube 2869.788 (depth 1, 34 lits): UNSAT in 0.04s
    cube 2869.789 (depth 1, 34 lits): UNSAT in 0.10s
    cube 2869.790 (depth 1, 34 lits): UNSAT in 0.16s
    cube 2869.791 (depth 1, 34 lits): UNSAT in 0.11s
    cube 2869.792 (depth 1, 34 lits): UNSAT in 0.25s
    cube 2869.793 (depth 1, 34 lits): UNSAT in 0.75s
    cube 2869.794 (depth 1, 34 lits): UNSAT in 1.85s
    cube 2869.795 (depth 1, 34 lits): UNSAT in 0.01s
    cube 2869.796 (depth 1, 34 lits): UNSAT in 0.02s
    cube 2869.797 (depth 1, 34 lits): UNSAT in 0.02s
    cube 2869.798 (depth 1, 34 lits): UNSAT in 0.04s
    cube 2869.799 (depth 1, 34 lits): UNSAT in 0.02s
    cube 2869.800 (depth 1, 34 lits): UNSAT in 0.04s
    cube 2869.801 (depth 1, 34 lits): UNSAT in 0.03s
    cube 2869.802 (depth 1, 34 lits): UNSAT in 0.07s
    cube 2869.803 (depth 1, 34 lits): UNSAT in 0.02s
    cube 2869.804 (depth 1, 34 lits): UNSAT in 0.04s
    cube 2869.805 (depth 1, 34 lits): UNSAT in 0.05s
    cube 2869.806 (depth 1, 34 lits): UNSAT in 0.19s
    cube 2869.807 (depth 1, 34 lits): UNSAT in 0.03s
    cube 2869.808 (depth 1, 34 lits): UNSAT in 0.20s
    cube 2869.809 (depth 1, 34 lits): UNSAT in 0.11s
    cube 2869.810 (depth 1, 34 lits): UNSAT in 0.34s
    cube 2869.811 (depth 1, 34 lits): UNSAT in 0.02s
    cube 2869.812 (depth 1, 34 lits): UNSAT in 0.04s
    cube 2869.813 (depth 1, 34 lits): UNSAT in 0.02s
    cube 2869.814 (depth 1, 34 lits): UNSAT in 0.15s
    cube 2869.815 (depth 1, 34 lits): UNSAT in 0.07s
    cube 2869.816 (depth 1, 34 lits): UNSAT in 0.14s
    cube 2869.817 (depth 1, 34 lits): UNSAT in 0.16s
    cube 2869.818 (depth 1, 34 lits): UNSAT in 1.48s
    cube 2869.819 (depth 1, 34 lits): UNSAT in 0.18s
    cube 2869.820 (depth 1, 34 lits): UNSAT in 0.28s
    cube 2869.821 (depth 1, 34 lits): UNSAT in 0.52s
    cube 2869.822 (depth 1, 34 lits): UNSAT in 2.66s
    cube 2869.823 (depth 1, 34 lits): UNSAT in 0.39s
    cube 2869.824 (depth 1, 34 lits): UNSAT in 1.66s
    cube 2869.825 (depth 1, 34 lits): UNSAT in 5.38s
    cube 2869.826 (depth 1, 34 lits): UNSAT in 5.42s
    cube 2869.827 (depth 1, 34 lits): UNSAT in 0.02s
    cube 2869.828 (depth 1, 34 lits): UNSAT in 0.02s
    cube 2869.829 (depth 1, 34 lits): UNSAT in 0.03s
    cube 2869.830 (depth 1, 34 lits): UNSAT in 0.12s
    cube 2869.831 (depth 1, 34 lits): UNSAT in 0.04s
    cube 2869.832 (depth 1, 34 lits): UNSAT in 0.05s
    cube 2869.833 (depth 1, 34 lits): UNSAT in 0.08s
    cube 2869.834 (depth 1, 34 lits): UNSAT in 0.26s
    cube 2869.835 (depth 1, 34 lits): UNSAT in 0.02s
    cube 2869.836 (depth 1, 34 lits): UNSAT in 0.04s
    cube 2869.837 (depth 1, 34 lits): UNSAT in 0.11s
    cube 2869.838 (depth 1, 34 lits): UNSAT in 0.47s
    cube 2869.839 (depth 1, 34 lits): UNSAT in 0.11s
    cube 2869.840 (depth 1, 34 lits): UNSAT in 1.31s
    cube 2869.841 (depth 1, 34 lits): UNSAT in 0.97s
    cube 2869.842 (depth 1, 34 lits): UNSAT in 4.58s
    cube 2869.843 (depth 1, 34 lits): UNSAT in 0.04s
    cube 2869.844 (depth 1, 34 lits): UNSAT in 0.08s
    cube 2869.845 (depth 1, 34 lits): UNSAT in 0.09s
    cube 2869.846 (depth 1, 34 lits): UNSAT in 0.13s
    cube 2869.847 (depth 1, 34 lits): UNSAT in 0.03s
    cube 2869.848 (depth 1, 34 lits): UNSAT in 0.03s
    cube 2869.849 (depth 1, 34 lits): UNSAT in 0.22s
    cube 2869.850 (depth 1, 34 lits): UNSAT in 0.99s
    cube 2869.851 (depth 1, 34 lits): UNSAT in 0.07s
    cube 2869.852 (depth 1, 34 lits): UNSAT in 0.20s
    cube 2869.853 (depth 1, 34 lits): UNSAT in 0.15s
    cube 2869.854 (depth 1, 34 lits): UNSAT in 1.38s
    cube 2869.855 (depth 1, 34 lits): UNSAT in 0.29s
    cube 2869.856 (depth 1, 34 lits): UNSAT in 1.58s
    cube 2869.857 (depth 1, 34 lits): UNSAT in 3.06s
    cube 2869.858 (depth 1, 34 lits): UNSAT in 6.00s
    cube 2869.859 (depth 1, 34 lits): UNSAT in 0.02s
    cube 2869.860 (depth 1, 34 lits): UNSAT in 0.03s
    cube 2869.861 (depth 1, 34 lits): UNSAT in 0.04s
    cube 2869.862 (depth 1, 34 lits): UNSAT in 0.08s
    cube 2869.863 (depth 1, 34 lits): UNSAT in 0.05s
    cube 2869.864 (depth 1, 34 lits): UNSAT in 0.13s
    cube 2869.865 (depth 1, 34 lits): UNSAT in 0.14s
    cube 2869.866 (depth 1, 34 lits): UNSAT in 0.32s
    cube 2869.867 (depth 1, 34 lits): UNSAT in 0.05s
    cube 2869.868 (depth 1, 34 lits): UNSAT in 0.07s
    cube 2869.869 (depth 1, 34 lits): UNSAT in 0.05s
    cube 2869.870 (depth 1, 34 lits): UNSAT in 0.20s
    cube 2869.871 (depth 1, 34 lits): UNSAT in 0.12s
    cube 2869.872 (depth 1, 34 lits): UNSAT in 0.34s
    cube 2869.873 (depth 1, 34 lits): UNSAT in 0.28s
    cube 2869.874 (depth 1, 34 lits): UNSAT in 2.78s
    cube 2869.875 (depth 1, 34 lits): UNSAT in 0.03s
    cube 2869.876 (depth 1, 34 lits): UNSAT in 0.07s
    cube 2869.877 (depth 1, 34 lits): UNSAT in 0.05s
    cube 2869.878 (depth 1, 34 lits): UNSAT in 0.21s
    cube 2869.879 (depth 1, 34 lits): UNSAT in 0.06s
    cube 2869.880 (depth 1, 34 lits): UNSAT in 0.18s
    cube 2869.881 (depth 1, 34 lits): UNSAT in 0.53s
    cube 2869.882 (depth 1, 34 lits): UNSAT in 1.55s
    cube 2869.883 (depth 1, 34 lits): UNSAT in 0.06s
    cube 2869.884 (depth 1, 34 lits): UNSAT in 0.06s
    cube 2869.885 (depth 1, 34 lits): UNSAT in 0.37s
    cube 2869.886 (depth 1, 34 lits): UNSAT in 0.96s
    cube 2869.887 (depth 1, 34 lits): UNSAT in 0.23s
    cube 2869.888 (depth 1, 34 lits): UNSAT in 1.04s
    cube 2869.889 (depth 1, 34 lits): UNSAT in 1.18s
    cube 2869.890 (depth 1, 34 lits): UNSAT in 5.19s
    cube 2872 (depth 0, 24 lits): UNSAT in 6.83s
    cube 2875 (depth 0, 24 lits): UNSAT in 15.74s
    cube 2878 (depth 0, 24 lits): UNSAT in 22.96s
    cube 2881 (depth 0, 24 lits): TIMEOUT in 2400.06s
    cube 2881 TIMEOUT -> re-split into 987 sub-cubes (depth 1)
    cube 2881.0 (depth 1, 33 lits): UNSAT in 0.01s
    cube 2881.1 (depth 1, 33 lits): UNSAT in 0.01s
    cube 2881.2 (depth 1, 32 lits): UNSAT in 0.01s
    cube 2881.3 (depth 1, 33 lits): UNSAT in 0.01s
    cube 2881.4 (depth 1, 34 lits): UNSAT in 0.01s
    cube 2881.5 (depth 1, 34 lits): UNSAT in 0.02s
    cube 2881.6 (depth 1, 33 lits): UNSAT in 0.01s
    cube 2881.7 (depth 1, 34 lits): UNSAT in 0.01s
    cube 2881.8 (depth 1, 34 lits): UNSAT in 0.03s
    cube 2881.9 (depth 1, 31 lits): UNSAT in 0.02s
    cube 2881.10 (depth 1, 32 lits): UNSAT in 0.01s
    cube 2881.11 (depth 1, 33 lits): UNSAT in 0.02s
    cube 2881.12 (depth 1, 34 lits): UNSAT in 0.01s
    cube 2881.13 (depth 1, 34 lits): UNSAT in 0.03s
    cube 2881.14 (depth 1, 34 lits): UNSAT in 0.01s
    cube 2881.15 (depth 1, 34 lits): UNSAT in 0.01s
    cube 2881.16 (depth 1, 33 lits): UNSAT in 0.02s
    cube 2881.17 (depth 1, 33 lits): UNSAT in 0.01s
    cube 2881.18 (depth 1, 33 lits): UNSAT in 0.01s
    cube 2881.19 (depth 1, 33 lits): UNSAT in 0.01s
    cube 2881.20 (depth 1, 33 lits): UNSAT in 0.02s
    cube 2881.21 (depth 1, 34 lits): UNSAT in 0.02s
    cube 2881.22 (depth 1, 34 lits): UNSAT in 0.02s
    cube 2881.23 (depth 1, 34 lits): UNSAT in 0.03s
    cube 2881.24 (depth 1, 34 lits): UNSAT in 0.04s
    cube 2881.25 (depth 1, 34 lits): UNSAT in 0.01s
    cube 2881.26 (depth 1, 34 lits): UNSAT in 0.01s
    cube 2881.27 (depth 1, 34 lits): UNSAT in 0.03s
    cube 2881.28 (depth 1, 34 lits): UNSAT in 0.08s
    cube 2881.29 (depth 1, 34 lits): UNSAT in 0.01s
    cube 2881.30 (depth 1, 34 lits): UNSAT in 0.02s
    cube 2881.31 (depth 1, 34 lits): UNSAT in 0.10s
    cube 2881.32 (depth 1, 34 lits): UNSAT in 0.14s
    cube 2881.33 (depth 1, 34 lits): UNSAT in 0.01s
    cube 2881.34 (depth 1, 34 lits): UNSAT in 0.02s
    cube 2881.35 (depth 1, 34 lits): UNSAT in 0.01s
    cube 2881.36 (depth 1, 34 lits): UNSAT in 0.03s
    cube 2881.37 (depth 1, 34 lits): UNSAT in 0.01s
    cube 2881.38 (depth 1, 34 lits): UNSAT in 0.02s
    cube 2881.39 (depth 1, 34 lits): UNSAT in 0.04s
    cube 2881.40 (depth 1, 34 lits): UNSAT in 0.09s
    cube 2881.41 (depth 1, 33 lits): UNSAT in 0.01s
    cube 2881.42 (depth 1, 33 lits): UNSAT in 0.01s
    cube 2881.43 (depth 1, 34 lits): UNSAT in 0.01s
    cube 2881.44 (depth 1, 34 lits): UNSAT in 0.02s
    cube 2881.45 (depth 1, 34 lits): UNSAT in 0.01s
    cube 2881.46 (depth 1, 34 lits): UNSAT in 0.03s
    cube 2881.47 (depth 1, 33 lits): UNSAT in 0.01s
    cube 2881.48 (depth 1, 33 lits): UNSAT in 0.01s
    cube 2881.49 (depth 1, 34 lits): UNSAT in 0.01s
    cube 2881.50 (depth 1, 34 lits): UNSAT in 0.01s
    cube 2881.51 (depth 1, 34 lits): UNSAT in 0.02s
    cube 2881.52 (depth 1, 34 lits): UNSAT in 0.04s
    cube 2881.53 (depth 1, 34 lits): UNSAT in 0.02s
    cube 2881.54 (depth 1, 34 lits): UNSAT in 0.12s
    cube 2881.55 (depth 1, 34 lits): UNSAT in 0.03s
    cube 2881.56 (depth 1, 34 lits): UNSAT in 0.18s
    cube 2881.57 (depth 1, 34 lits): UNSAT in 0.02s
    cube 2881.58 (depth 1, 34 lits): UNSAT in 0.33s
    cube 2881.59 (depth 1, 34 lits): UNSAT in 0.12s
    cube 2881.60 (depth 1, 34 lits): UNSAT in 0.38s
    cube 2881.61 (depth 1, 34 lits): UNSAT in 0.01s
    cube 2881.62 (depth 1, 34 lits): UNSAT in 0.02s
    cube 2881.63 (depth 1, 34 lits): UNSAT in 0.03s
    cube 2881.64 (depth 1, 34 lits): UNSAT in 0.03s
    cube 2881.65 (depth 1, 34 lits): UNSAT in 0.03s
    cube 2881.66 (depth 1, 34 lits): UNSAT in 0.10s
    cube 2881.67 (depth 1, 34 lits): UNSAT in 0.08s
    cube 2881.68 (depth 1, 34 lits): UNSAT in 0.51s
    cube 2881.69 (depth 1, 34 lits): UNSAT in 0.01s
    cube 2881.70 (depth 1, 34 lits): UNSAT in 0.01s
    cube 2881.71 (depth 1, 34 lits): UNSAT in 0.01s
    cube 2881.72 (depth 1, 34 lits): UNSAT in 0.01s
    cube 2881.73 (depth 1, 32 lits): UNSAT in 0.01s
    cube 2881.74 (depth 1, 34 lits): UNSAT in 0.01s
    cube 2881.75 (depth 1, 34 lits): UNSAT in 0.01s
    cube 2881.76 (depth 1, 34 lits): UNSAT in 0.01s
    cube 2881.77 (depth 1, 34 lits): UNSAT in 0.01s
    cube 2881.78 (depth 1, 34 lits): UNSAT in 0.01s
    cube 2881.79 (depth 1, 34 lits): UNSAT in 0.01s
    cube 2881.80 (depth 1, 34 lits): UNSAT in 0.02s
    cube 2881.81 (depth 1, 34 lits): UNSAT in 0.04s
    cube 2881.82 (depth 1, 34 lits): UNSAT in 0.01s
    cube 2881.83 (depth 1, 34 lits): UNSAT in 0.02s
    cube 2881.84 (depth 1, 34 lits): UNSAT in 0.01s
    cube 2881.85 (depth 1, 34 lits): UNSAT in 0.02s
    cube 2881.86 (depth 1, 34 lits): UNSAT in 0.01s
    cube 2881.87 (depth 1, 34 lits): UNSAT in 0.01s
    cube 2881.88 (depth 1, 34 lits): UNSAT in 0.18s
    cube 2881.89 (depth 1, 34 lits): UNSAT in 0.11s
    cube 2881.90 (depth 1, 34 lits): UNSAT in 0.02s
    cube 2881.91 (depth 1, 34 lits): UNSAT in 0.03s
    cube 2881.92 (depth 1, 34 lits): UNSAT in 0.03s
    cube 2881.93 (depth 1, 34 lits): UNSAT in 0.07s
    cube 2881.94 (depth 1, 34 lits): UNSAT in 0.09s
    cube 2881.95 (depth 1, 34 lits): UNSAT in 0.08s
    cube 2881.96 (depth 1, 34 lits): UNSAT in 0.18s
    cube 2881.97 (depth 1, 34 lits): UNSAT in 0.27s
    cube 2881.98 (depth 1, 34 lits): UNSAT in 0.01s
    cube 2881.99 (depth 1, 34 lits): UNSAT in 0.01s
    cube 2881.100 (depth 1, 33 lits): UNSAT in 0.01s
    cube 2881.101 (depth 1, 33 lits): UNSAT in 0.01s
    cube 2881.102 (depth 1, 34 lits): UNSAT in 0.01s
    cube 2881.103 (depth 1, 34 lits): UNSAT in 0.01s
    cube 2881.104 (depth 1, 34 lits): UNSAT in 0.01s
    cube 2881.105 (depth 1, 34 lits): UNSAT in 0.03s
    cube 2881.106 (depth 1, 34 lits): UNSAT in 0.01s
    cube 2881.107 (depth 1, 34 lits): UNSAT in 0.03s
    cube 2881.108 (depth 1, 34 lits): UNSAT in 0.01s
    cube 2881.109 (depth 1, 34 lits): UNSAT in 0.02s
    cube 2881.110 (depth 1, 34 lits): UNSAT in 0.02s
    cube 2881.111 (depth 1, 34 lits): UNSAT in 0.03s
    cube 2881.112 (depth 1, 32 lits): UNSAT in 0.02s
    cube 2881.113 (depth 1, 34 lits): UNSAT in 0.01s
    cube 2881.114 (depth 1, 34 lits): UNSAT in 0.01s
    cube 2881.115 (depth 1, 34 lits): UNSAT in 0.02s
    cube 2881.116 (depth 1, 34 lits): UNSAT in 0.03s
    cube 2881.117 (depth 1, 34 lits): UNSAT in 0.01s
    cube 2881.118 (depth 1, 34 lits): UNSAT in 0.02s
    cube 2881.119 (depth 1, 34 lits): UNSAT in 0.02s
    cube 2881.120 (depth 1, 34 lits): UNSAT in 0.17s
    cube 2881.121 (depth 1, 34 lits): UNSAT in 0.02s
    cube 2881.122 (depth 1, 34 lits): UNSAT in 0.03s
    cube 2881.123 (depth 1, 34 lits): UNSAT in 0.04s
    cube 2881.124 (depth 1, 34 lits): UNSAT in 0.22s
    cube 2881.125 (depth 1, 34 lits): UNSAT in 0.01s
    cube 2881.126 (depth 1, 34 lits): UNSAT in 0.02s
    cube 2881.127 (depth 1, 34 lits): UNSAT in 0.03s
    cube 2881.128 (depth 1, 34 lits): UNSAT in 0.03s
    cube 2881.129 (depth 1, 34 lits): UNSAT in 0.02s
    cube 2881.130 (depth 1, 34 lits): UNSAT in 0.09s
    cube 2881.131 (depth 1, 34 lits): UNSAT in 0.03s
    cube 2881.132 (depth 1, 34 lits): UNSAT in 0.24s
    cube 2881.133 (depth 1, 34 lits): UNSAT in 0.03s
    cube 2881.134 (depth 1, 34 lits): UNSAT in 0.05s
    cube 2881.135 (depth 1, 34 lits): UNSAT in 0.09s
    cube 2881.136 (depth 1, 34 lits): UNSAT in 0.21s
    cube 2881.137 (depth 1, 34 lits): UNSAT in 0.21s
    cube 2881.138 (depth 1, 34 lits): UNSAT in 0.76s
    cube 2881.139 (depth 1, 34 lits): UNSAT in 0.47s
    cube 2881.140 (depth 1, 34 lits): UNSAT in 1.30s
    cube 2881.141 (depth 1, 34 lits): UNSAT in 0.02s
    cube 2881.142 (depth 1, 34 lits): UNSAT in 0.06s
    cube 2881.143 (depth 1, 34 lits): UNSAT in 0.09s
    cube 2881.144 (depth 1, 34 lits): UNSAT in 0.23s
    cube 2881.145 (depth 1, 34 lits): UNSAT in 0.09s
    cube 2881.146 (depth 1, 34 lits): UNSAT in 0.45s
    cube 2881.147 (depth 1, 34 lits): UNSAT in 0.46s
    cube 2881.148 (depth 1, 34 lits): UNSAT in 1.11s
    cube 2881.149 (depth 1, 34 lits): UNSAT in 0.07s
    cube 2881.150 (depth 1, 34 lits): UNSAT in 0.37s
    cube 2881.151 (depth 1, 34 lits): UNSAT in 0.38s
    cube 2881.152 (depth 1, 34 lits): UNSAT in 1.15s
    cube 2881.153 (depth 1, 34 lits): UNSAT in 0.49s
    cube 2881.154 (depth 1, 34 lits): UNSAT in 1.60s
    cube 2881.155 (depth 1, 34 lits): UNSAT in 1.41s
    cube 2881.156 (depth 1, 34 lits): UNSAT in 3.33s
    cube 2881.157 (depth 1, 34 lits): UNSAT in 0.01s
    cube 2881.158 (depth 1, 34 lits): UNSAT in 0.02s
    cube 2881.159 (depth 1, 34 lits): UNSAT in 0.03s
    cube 2881.160 (depth 1, 34 lits): UNSAT in 0.10s
    cube 2881.161 (depth 1, 34 lits): UNSAT in 0.03s
    cube 2881.162 (depth 1, 34 lits): UNSAT in 0.17s
    cube 2881.163 (depth 1, 34 lits): UNSAT in 0.20s
    cube 2881.164 (depth 1, 34 lits): UNSAT in 0.39s
    cube 2881.165 (depth 1, 34 lits): UNSAT in 0.03s
    cube 2881.166 (depth 1, 34 lits): UNSAT in 0.12s
    cube 2881.167 (depth 1, 34 lits): UNSAT in 0.10s
    cube 2881.168 (depth 1, 34 lits): UNSAT in 0.23s
    cube 2881.169 (depth 1, 34 lits): UNSAT in 0.15s
    cube 2881.170 (depth 1, 34 lits): UNSAT in 0.25s
    cube 2881.171 (depth 1, 34 lits): UNSAT in 0.32s
    cube 2881.172 (depth 1, 34 lits): UNSAT in 0.57s
    cube 2881.173 (depth 1, 34 lits): UNSAT in 0.03s
    cube 2881.174 (depth 1, 34 lits): UNSAT in 0.07s
    cube 2881.175 (depth 1, 34 lits): UNSAT in 0.10s
    cube 2881.176 (depth 1, 34 lits): UNSAT in 0.17s
    cube 2881.177 (depth 1, 34 lits): UNSAT in 0.16s
    cube 2881.178 (depth 1, 34 lits): UNSAT in 0.14s
    cube 2881.179 (depth 1, 34 lits): UNSAT in 0.11s
    cube 2881.180 (depth 1, 34 lits): UNSAT in 0.29s
    cube 2881.181 (depth 1, 34 lits): UNSAT in 0.28s
    cube 2881.182 (depth 1, 34 lits): UNSAT in 0.61s
    cube 2881.183 (depth 1, 34 lits): UNSAT in 0.67s
    cube 2881.184 (depth 1, 34 lits): UNSAT in 1.13s
    cube 2881.185 (depth 1, 34 lits): UNSAT in 0.24s
    cube 2881.186 (depth 1, 34 lits): UNSAT in 0.46s
    cube 2881.187 (depth 1, 34 lits): UNSAT in 0.66s
    cube 2881.188 (depth 1, 34 lits): UNSAT in 0.89s
    cube 2881.189 (depth 1, 34 lits): UNSAT in 0.03s
    cube 2881.190 (depth 1, 34 lits): UNSAT in 0.13s
    cube 2881.191 (depth 1, 34 lits): UNSAT in 0.13s
    cube 2881.192 (depth 1, 34 lits): UNSAT in 0.29s
    cube 2881.193 (depth 1, 34 lits): UNSAT in 0.08s
    cube 2881.194 (depth 1, 34 lits): UNSAT in 0.21s
    cube 2881.195 (depth 1, 34 lits): UNSAT in 0.19s
    cube 2881.196 (depth 1, 34 lits): UNSAT in 0.62s
    cube 2881.197 (depth 1, 34 lits): UNSAT in 0.25s
    cube 2881.198 (depth 1, 34 lits): UNSAT in 0.45s
    cube 2881.199 (depth 1, 34 lits): UNSAT in 0.33s
    cube 2881.200 (depth 1, 34 lits): UNSAT in 0.54s
    cube 2881.201 (depth 1, 34 lits): UNSAT in 0.33s
    cube 2881.202 (depth 1, 34 lits): UNSAT in 0.61s
    cube 2881.203 (depth 1, 34 lits): UNSAT in 0.47s
    cube 2881.204 (depth 1, 34 lits): UNSAT in 0.60s
    cube 2881.205 (depth 1, 34 lits): UNSAT in 0.04s
    cube 2881.206 (depth 1, 34 lits): UNSAT in 0.12s
    cube 2881.207 (depth 1, 34 lits): UNSAT in 0.33s
    cube 2881.208 (depth 1, 34 lits): UNSAT in 0.33s
    cube 2881.209 (depth 1, 34 lits): UNSAT in 0.17s
    cube 2881.210 (depth 1, 34 lits): UNSAT in 0.23s
    cube 2881.211 (depth 1, 34 lits): UNSAT in 0.18s
    cube 2881.212 (depth 1, 34 lits): UNSAT in 0.39s
    cube 2881.213 (depth 1, 34 lits): UNSAT in 0.36s
    cube 2881.214 (depth 1, 34 lits): UNSAT in 0.47s
    cube 2881.215 (depth 1, 34 lits): UNSAT in 0.78s
    cube 2881.216 (depth 1, 34 lits): UNSAT in 0.68s
    cube 2881.217 (depth 1, 34 lits): UNSAT in 0.57s
    cube 2881.218 (depth 1, 34 lits): UNSAT in 1.52s
    cube 2881.219 (depth 1, 34 lits): UNSAT in 1.50s
    cube 2881.220 (depth 1, 34 lits): UNSAT in 2.24s
    cube 2881.221 (depth 1, 33 lits): UNSAT in 0.01s
    cube 2881.222 (depth 1, 34 lits): UNSAT in 0.01s
    cube 2881.223 (depth 1, 34 lits): UNSAT in 0.01s
    cube 2881.224 (depth 1, 34 lits): UNSAT in 0.03s
    cube 2881.225 (depth 1, 34 lits): UNSAT in 0.03s
    cube 2881.226 (depth 1, 34 lits): UNSAT in 0.01s
    cube 2881.227 (depth 1, 34 lits): UNSAT in 0.07s
    cube 2881.228 (depth 1, 34 lits): UNSAT in 0.01s
    cube 2881.229 (depth 1, 34 lits): UNSAT in 0.01s
    cube 2881.230 (depth 1, 34 lits): UNSAT in 0.01s
    cube 2881.231 (depth 1, 34 lits): UNSAT in 0.03s
    cube 2881.232 (depth 1, 34 lits): UNSAT in 0.01s
    cube 2881.233 (depth 1, 34 lits): UNSAT in 0.03s
    cube 2881.234 (depth 1, 34 lits): UNSAT in 0.03s
    cube 2881.235 (depth 1, 34 lits): UNSAT in 0.21s
    cube 2881.236 (depth 1, 34 lits): UNSAT in 0.03s
    cube 2881.237 (depth 1, 34 lits): UNSAT in 0.10s
    cube 2881.238 (depth 1, 34 lits): UNSAT in 0.13s
    cube 2881.239 (depth 1, 34 lits): UNSAT in 0.23s
    cube 2881.240 (depth 1, 34 lits): UNSAT in 0.11s
    cube 2881.241 (depth 1, 34 lits): UNSAT in 0.21s
    cube 2881.242 (depth 1, 34 lits): UNSAT in 0.17s
    cube 2881.243 (depth 1, 34 lits): UNSAT in 0.14s
    cube 2881.244 (depth 1, 34 lits): UNSAT in 0.06s
    cube 2881.245 (depth 1, 34 lits): UNSAT in 0.18s
    cube 2881.246 (depth 1, 34 lits): UNSAT in 0.15s
    cube 2881.247 (depth 1, 34 lits): UNSAT in 0.21s
    cube 2881.248 (depth 1, 34 lits): UNSAT in 0.31s
    cube 2881.249 (depth 1, 34 lits): UNSAT in 0.47s
    cube 2881.250 (depth 1, 34 lits): UNSAT in 0.24s
    cube 2881.251 (depth 1, 34 lits): UNSAT in 0.64s
    cube 2881.252 (depth 1, 34 lits): UNSAT in 0.01s
    cube 2881.253 (depth 1, 34 lits): UNSAT in 0.02s
    cube 2881.254 (depth 1, 34 lits): UNSAT in 0.04s
    cube 2881.255 (depth 1, 34 lits): UNSAT in 0.10s
    cube 2881.256 (depth 1, 34 lits): UNSAT in 0.17s
    cube 2881.257 (depth 1, 34 lits): UNSAT in 0.24s
    cube 2881.258 (depth 1, 34 lits): UNSAT in 0.23s
    cube 2881.259 (depth 1, 34 lits): UNSAT in 0.38s
    cube 2881.260 (depth 1, 34 lits): UNSAT in 0.04s
    cube 2881.261 (depth 1, 34 lits): UNSAT in 0.18s
    cube 2881.262 (depth 1, 34 lits): UNSAT in 0.31s
    cube 2881.263 (depth 1, 34 lits): UNSAT in 0.59s
    cube 2881.264 (depth 1, 34 lits): UNSAT in 0.17s
    cube 2881.265 (depth 1, 34 lits): UNSAT in 0.35s
    cube 2881.266 (depth 1, 34 lits): UNSAT in 0.39s
    cube 2881.267 (depth 1, 34 lits): UNSAT in 0.23s
    cube 2881.268 (depth 1, 34 lits): UNSAT in 0.03s
    cube 2881.269 (depth 1, 34 lits): UNSAT in 0.14s
    cube 2881.270 (depth 1, 34 lits): UNSAT in 0.17s
    cube 2881.271 (depth 1, 34 lits): UNSAT in 0.36s
    cube 2881.272 (depth 1, 34 lits): UNSAT in 0.20s
    cube 2881.273 (depth 1, 34 lits): UNSAT in 0.19s
    cube 2881.274 (depth 1, 34 lits): UNSAT in 0.17s
    cube 2881.275 (depth 1, 34 lits): UNSAT in 0.21s
    cube 2881.276 (depth 1, 34 lits): UNSAT in 0.14s
    cube 2881.277 (depth 1, 34 lits): UNSAT in 0.35s
    cube 2881.278 (depth 1, 34 lits): UNSAT in 0.24s
    cube 2881.279 (depth 1, 34 lits): UNSAT in 0.24s
    cube 2881.280 (depth 1, 34 lits): UNSAT in 0.20s
    cube 2881.281 (depth 1, 34 lits): UNSAT in 0.50s
    cube 2881.282 (depth 1, 34 lits): UNSAT in 0.25s
    cube 2881.283 (depth 1, 34 lits): UNSAT in 0.31s
    cube 2881.284 (depth 1, 34 lits): UNSAT in 0.01s
    cube 2881.285 (depth 1, 34 lits): UNSAT in 0.03s
    cube 2881.286 (depth 1, 34 lits): UNSAT in 0.02s
    cube 2881.287 (depth 1, 34 lits): UNSAT in 0.08s
    cube 2881.288 (depth 1, 34 lits): UNSAT in 0.03s
    cube 2881.289 (depth 1, 34 lits): UNSAT in 0.14s
    cube 2881.290 (depth 1, 34 lits): UNSAT in 0.17s
    cube 2881.291 (depth 1, 34 lits): UNSAT in 0.39s
    cube 2881.292 (depth 1, 34 lits): UNSAT in 0.02s
    cube 2881.293 (depth 1, 34 lits): UNSAT in 0.04s
    cube 2881.294 (depth 1, 34 lits): UNSAT in 0.20s
    cube 2881.295 (depth 1, 34 lits): UNSAT in 0.19s
    cube 2881.296 (depth 1, 34 lits): UNSAT in 0.25s
    cube 2881.297 (depth 1, 34 lits): UNSAT in 0.48s
    cube 2881.298 (depth 1, 34 lits): UNSAT in 0.36s
    cube 2881.299 (depth 1, 34 lits): UNSAT in 0.54s
    cube 2881.300 (depth 1, 34 lits): UNSAT in 0.10s
    cube 2881.301 (depth 1, 34 lits): UNSAT in 0.15s
    cube 2881.302 (depth 1, 34 lits): UNSAT in 0.13s
    cube 2881.303 (depth 1, 34 lits): UNSAT in 0.20s
    cube 2881.304 (depth 1, 34 lits): UNSAT in 0.12s
    cube 2881.305 (depth 1, 34 lits): UNSAT in 0.21s
    cube 2881.306 (depth 1, 34 lits): UNSAT in 0.20s
    cube 2881.307 (depth 1, 34 lits): UNSAT in 0.33s
    cube 2881.308 (depth 1, 34 lits): UNSAT in 0.14s
    cube 2881.309 (depth 1, 34 lits): UNSAT in 0.28s
    cube 2881.310 (depth 1, 34 lits): UNSAT in 0.20s
    cube 2881.311 (depth 1, 34 lits): UNSAT in 0.31s
    cube 2881.312 (depth 1, 34 lits): UNSAT in 0.15s
    cube 2881.313 (depth 1, 34 lits): UNSAT in 0.15s
    cube 2881.314 (depth 1, 34 lits): UNSAT in 0.22s
    cube 2881.315 (depth 1, 34 lits): UNSAT in 0.49s
    cube 2881.316 (depth 1, 34 lits): UNSAT in 0.04s
    cube 2881.317 (depth 1, 34 lits): UNSAT in 0.19s
    cube 2881.318 (depth 1, 34 lits): UNSAT in 0.24s
    cube 2881.319 (depth 1, 34 lits): UNSAT in 0.34s
    cube 2881.320 (depth 1, 34 lits): UNSAT in 0.06s
    cube 2881.321 (depth 1, 34 lits): UNSAT in 0.22s
    cube 2881.322 (depth 1, 34 lits): UNSAT in 0.34s
    cube 2881.323 (depth 1, 34 lits): UNSAT in 0.96s
    cube 2881.324 (depth 1, 34 lits): UNSAT in 0.08s
    cube 2881.325 (depth 1, 34 lits): UNSAT in 0.16s
    cube 2881.326 (depth 1, 34 lits): UNSAT in 0.26s
    cube 2881.327 (depth 1, 34 lits): UNSAT in 0.44s
    cube 2881.328 (depth 1, 34 lits): UNSAT in 0.11s
    cube 2881.329 (depth 1, 34 lits): UNSAT in 0.44s
    cube 2881.330 (depth 1, 34 lits): UNSAT in 0.55s
    cube 2881.331 (depth 1, 34 lits): UNSAT in 0.82s
    cube 2881.332 (depth 1, 34 lits): UNSAT in 0.24s
    cube 2881.333 (depth 1, 34 lits): UNSAT in 0.43s
    cube 2881.334 (depth 1, 34 lits): UNSAT in 0.48s
    cube 2881.335 (depth 1, 34 lits): UNSAT in 0.71s
    cube 2881.336 (depth 1, 34 lits): UNSAT in 0.11s
    cube 2881.337 (depth 1, 34 lits): UNSAT in 0.26s
    cube 2881.338 (depth 1, 34 lits): UNSAT in 0.62s
    cube 2881.339 (depth 1, 34 lits): UNSAT in 1.39s
    cube 2881.340 (depth 1, 34 lits): UNSAT in 0.22s
    cube 2881.341 (depth 1, 34 lits): UNSAT in 0.97s
    cube 2881.342 (depth 1, 34 lits): UNSAT in 0.79s
    cube 2881.343 (depth 1, 34 lits): UNSAT in 1.76s
    cube 2881.344 (depth 1, 34 lits): UNSAT in 0.36s
    cube 2881.345 (depth 1, 34 lits): UNSAT in 0.65s
    cube 2881.346 (depth 1, 34 lits): UNSAT in 1.24s
    cube 2881.347 (depth 1, 34 lits): UNSAT in 2.40s
    cube 2881.348 (depth 1, 33 lits): UNSAT in 0.01s
    cube 2881.349 (depth 1, 34 lits): UNSAT in 0.01s
    cube 2881.350 (depth 1, 34 lits): UNSAT in 0.01s
    cube 2881.351 (depth 1, 34 lits): UNSAT in 0.01s
    cube 2881.352 (depth 1, 34 lits): UNSAT in 0.02s
    cube 2881.353 (depth 1, 34 lits): UNSAT in 0.01s
    cube 2881.354 (depth 1, 34 lits): UNSAT in 0.04s
    cube 2881.355 (depth 1, 34 lits): UNSAT in 0.02s
    cube 2881.356 (depth 1, 34 lits): UNSAT in 0.01s
    cube 2881.357 (depth 1, 34 lits): UNSAT in 0.01s
    cube 2881.358 (depth 1, 34 lits): UNSAT in 0.06s
    cube 2881.359 (depth 1, 34 lits): UNSAT in 0.01s
    cube 2881.360 (depth 1, 34 lits): UNSAT in 0.03s
    cube 2881.361 (depth 1, 34 lits): UNSAT in 0.07s
    cube 2881.362 (depth 1, 34 lits): UNSAT in 0.19s
    cube 2881.363 (depth 1, 34 lits): UNSAT in 0.01s
    cube 2881.364 (depth 1, 34 lits): UNSAT in 0.01s
    cube 2881.365 (depth 1, 34 lits): UNSAT in 0.01s
    cube 2881.366 (depth 1, 34 lits): UNSAT in 0.05s
    cube 2881.367 (depth 1, 34 lits): UNSAT in 0.02s
    cube 2881.368 (depth 1, 34 lits): UNSAT in 0.06s
    cube 2881.369 (depth 1, 34 lits): UNSAT in 0.05s
    cube 2881.370 (depth 1, 34 lits): UNSAT in 0.27s
    cube 2881.371 (depth 1, 34 lits): UNSAT in 0.04s
    cube 2881.372 (depth 1, 34 lits): UNSAT in 0.14s
    cube 2881.373 (depth 1, 34 lits): UNSAT in 0.24s
    cube 2881.374 (depth 1, 34 lits): UNSAT in 0.62s
    cube 2881.375 (depth 1, 34 lits): UNSAT in 0.23s
    cube 2881.376 (depth 1, 34 lits): UNSAT in 0.60s
    cube 2881.377 (depth 1, 34 lits): UNSAT in 0.44s
    cube 2881.378 (depth 1, 34 lits): UNSAT in 1.17s
    cube 2881.379 (depth 1, 34 lits): UNSAT in 0.02s
    cube 2881.380 (depth 1, 34 lits): UNSAT in 0.04s
    cube 2881.381 (depth 1, 34 lits): UNSAT in 0.04s
    cube 2881.382 (depth 1, 34 lits): UNSAT in 0.14s
    cube 2881.383 (depth 1, 34 lits): UNSAT in 0.04s
    cube 2881.384 (depth 1, 34 lits): UNSAT in 0.21s
    cube 2881.385 (depth 1, 34 lits): UNSAT in 0.23s
    cube 2881.386 (depth 1, 34 lits): UNSAT in 0.46s
    cube 2881.387 (depth 1, 34 lits): UNSAT in 0.04s
    cube 2881.388 (depth 1, 34 lits): UNSAT in 0.14s
    cube 2881.389 (depth 1, 34 lits): UNSAT in 0.36s
    cube 2881.390 (depth 1, 34 lits): UNSAT in 0.43s
    cube 2881.391 (depth 1, 34 lits): UNSAT in 0.26s
    cube 2881.392 (depth 1, 34 lits): UNSAT in 0.64s
    cube 2881.393 (depth 1, 34 lits): UNSAT in 0.69s
    cube 2881.394 (depth 1, 34 lits): UNSAT in 1.37s
    cube 2881.395 (depth 1, 34 lits): UNSAT in 0.02s
    cube 2881.396 (depth 1, 34 lits): UNSAT in 0.05s
    cube 2881.397 (depth 1, 34 lits): UNSAT in 0.06s
    cube 2881.398 (depth 1, 34 lits): UNSAT in 0.15s
    cube 2881.399 (depth 1, 34 lits): UNSAT in 0.03s
    cube 2881.400 (depth 1, 34 lits): UNSAT in 0.21s
    cube 2881.401 (depth 1, 34 lits): UNSAT in 0.33s
    cube 2881.402 (depth 1, 34 lits): UNSAT in 0.80s
    cube 2881.403 (depth 1, 34 lits): UNSAT in 0.12s
    cube 2881.404 (depth 1, 34 lits): UNSAT in 0.31s
    cube 2881.405 (depth 1, 34 lits): UNSAT in 0.67s
    cube 2881.406 (depth 1, 34 lits): UNSAT in 1.24s
    cube 2881.407 (depth 1, 34 lits): UNSAT in 0.43s
    cube 2881.408 (depth 1, 34 lits): UNSAT in 1.77s
    cube 2881.409 (depth 1, 34 lits): UNSAT in 0.66s
    cube 2881.410 (depth 1, 34 lits): UNSAT in 2.39s
    cube 2881.411 (depth 1, 34 lits): UNSAT in 0.02s
    cube 2881.412 (depth 1, 34 lits): UNSAT in 0.04s
    cube 2881.413 (depth 1, 34 lits): UNSAT in 0.11s
    cube 2881.414 (depth 1, 34 lits): UNSAT in 0.15s
    cube 2881.415 (depth 1, 34 lits): UNSAT in 0.14s
    cube 2881.416 (depth 1, 34 lits): UNSAT in 0.31s
    cube 2881.417 (depth 1, 34 lits): UNSAT in 0.44s
    cube 2881.418 (depth 1, 34 lits): UNSAT in 0.55s
    cube 2881.419 (depth 1, 34 lits): UNSAT in 0.05s
    cube 2881.420 (depth 1, 34 lits): UNSAT in 0.31s
    cube 2881.421 (depth 1, 34 lits): UNSAT in 0.32s
    cube 2881.422 (depth 1, 34 lits): UNSAT in 0.86s
    cube 2881.423 (depth 1, 34 lits): UNSAT in 0.39s
    cube 2881.424 (depth 1, 34 lits): UNSAT in 0.44s
    cube 2881.425 (depth 1, 34 lits): UNSAT in 0.72s
    cube 2881.426 (depth 1, 34 lits): UNSAT in 1.29s
    cube 2881.427 (depth 1, 34 lits): UNSAT in 0.01s
    cube 2881.428 (depth 1, 34 lits): UNSAT in 0.08s
    cube 2881.429 (depth 1, 34 lits): UNSAT in 0.05s
    cube 2881.430 (depth 1, 34 lits): UNSAT in 0.50s
    cube 2881.431 (depth 1, 34 lits): UNSAT in 0.14s
    cube 2881.432 (depth 1, 34 lits): UNSAT in 0.39s
    cube 2881.433 (depth 1, 34 lits): UNSAT in 0.42s
    cube 2881.434 (depth 1, 34 lits): UNSAT in 1.93s
    cube 2881.435 (depth 1, 34 lits): UNSAT in 0.09s
    cube 2881.436 (depth 1, 34 lits): UNSAT in 0.59s
    cube 2881.437 (depth 1, 34 lits): UNSAT in 0.60s
    cube 2881.438 (depth 1, 34 lits): UNSAT in 1.71s
    cube 2881.439 (depth 1, 34 lits): UNSAT in 1.79s
    cube 2881.440 (depth 1, 34 lits): UNSAT in 2.44s
    cube 2881.441 (depth 1, 34 lits): UNSAT in 0.61s
    cube 2881.442 (depth 1, 34 lits): UNSAT in 1.13s
    cube 2881.443 (depth 1, 34 lits): UNSAT in 0.04s
    cube 2881.444 (depth 1, 34 lits): UNSAT in 0.20s
    cube 2881.445 (depth 1, 34 lits): UNSAT in 0.36s
    cube 2881.446 (depth 1, 34 lits): UNSAT in 0.58s
    cube 2881.447 (depth 1, 34 lits): UNSAT in 0.15s
    cube 2881.448 (depth 1, 34 lits): UNSAT in 0.47s
    cube 2881.449 (depth 1, 34 lits): UNSAT in 0.51s
    cube 2881.450 (depth 1, 34 lits): UNSAT in 1.03s
    cube 2881.451 (depth 1, 34 lits): UNSAT in 0.10s
    cube 2881.452 (depth 1, 34 lits): UNSAT in 0.56s
    cube 2881.453 (depth 1, 34 lits): UNSAT in 0.28s
    cube 2881.454 (depth 1, 34 lits): UNSAT in 0.54s
    cube 2881.455 (depth 1, 34 lits): UNSAT in 0.45s
    cube 2881.456 (depth 1, 34 lits): UNSAT in 0.80s
    cube 2881.457 (depth 1, 34 lits): UNSAT in 0.79s
    cube 2881.458 (depth 1, 34 lits): UNSAT in 7.27s
    cube 2881.459 (depth 1, 34 lits): UNSAT in 0.45s
    cube 2881.460 (depth 1, 34 lits): UNSAT in 0.92s
    cube 2881.461 (depth 1, 34 lits): UNSAT in 1.20s
    cube 2881.462 (depth 1, 34 lits): UNSAT in 2.04s
    cube 2881.463 (depth 1, 34 lits): UNSAT in 0.30s
    cube 2881.464 (depth 1, 34 lits): UNSAT in 1.43s
    cube 2881.465 (depth 1, 34 lits): UNSAT in 0.42s
    cube 2881.466 (depth 1, 34 lits): UNSAT in 1.31s
    cube 2881.467 (depth 1, 34 lits): UNSAT in 0.17s
    cube 2881.468 (depth 1, 34 lits): UNSAT in 0.41s
    cube 2881.469 (depth 1, 34 lits): UNSAT in 0.39s
    cube 2881.470 (depth 1, 34 lits): UNSAT in 0.94s
    cube 2881.471 (depth 1, 34 lits): UNSAT in 0.34s
    cube 2881.472 (depth 1, 34 lits): UNSAT in 0.70s
    cube 2881.473 (depth 1, 34 lits): UNSAT in 0.69s
    cube 2881.474 (depth 1, 34 lits): UNSAT in 1.36s
    cube 2881.475 (depth 1, 34 lits): UNSAT in 0.02s
    cube 2881.476 (depth 1, 34 lits): UNSAT in 0.02s
    cube 2881.477 (depth 1, 34 lits): UNSAT in 0.02s
    cube 2881.478 (depth 1, 34 lits): UNSAT in 0.10s
    cube 2881.479 (depth 1, 34 lits): UNSAT in 0.14s
    cube 2881.480 (depth 1, 34 lits): UNSAT in 0.18s
    cube 2881.481 (depth 1, 34 lits): UNSAT in 0.21s
    cube 2881.482 (depth 1, 34 lits): UNSAT in 0.21s
    cube 2881.483 (depth 1, 34 lits): UNSAT in 0.07s
    cube 2881.484 (depth 1, 34 lits): UNSAT in 0.12s
    cube 2881.485 (depth 1, 34 lits): UNSAT in 0.11s
    cube 2881.486 (depth 1, 34 lits): UNSAT in 0.14s
    cube 2881.487 (depth 1, 34 lits): UNSAT in 0.19s
    cube 2881.488 (depth 1, 34 lits): UNSAT in 0.28s
    cube 2881.489 (depth 1, 34 lits): UNSAT in 0.17s
    cube 2881.490 (depth 1, 34 lits): UNSAT in 0.17s
    cube 2881.491 (depth 1, 34 lits): UNSAT in 0.03s
    cube 2881.492 (depth 1, 34 lits): UNSAT in 0.12s
    cube 2881.493 (depth 1, 34 lits): UNSAT in 0.12s
    cube 2881.494 (depth 1, 34 lits): UNSAT in 0.16s
    cube 2881.495 (depth 1, 34 lits): UNSAT in 0.14s
    cube 2881.496 (depth 1, 34 lits): UNSAT in 0.15s
    cube 2881.497 (depth 1, 34 lits): UNSAT in 0.08s
    cube 2881.498 (depth 1, 34 lits): UNSAT in 0.13s
    cube 2881.499 (depth 1, 34 lits): UNSAT in 0.08s
    cube 2881.500 (depth 1, 34 lits): UNSAT in 0.19s
    cube 2881.501 (depth 1, 34 lits): UNSAT in 0.11s
    cube 2881.502 (depth 1, 34 lits): UNSAT in 0.23s
    cube 2881.503 (depth 1, 34 lits): UNSAT in 0.06s
    cube 2881.504 (depth 1, 34 lits): UNSAT in 0.09s
    cube 2881.505 (depth 1, 34 lits): UNSAT in 0.11s
    cube 2881.506 (depth 1, 34 lits): UNSAT in 0.11s
    cube 2881.507 (depth 1, 34 lits): UNSAT in 0.05s
    cube 2881.508 (depth 1, 34 lits): UNSAT in 0.12s
    cube 2881.509 (depth 1, 34 lits): UNSAT in 0.14s
    cube 2881.510 (depth 1, 34 lits): UNSAT in 0.18s
    cube 2881.511 (depth 1, 34 lits): UNSAT in 0.18s
    cube 2881.512 (depth 1, 34 lits): UNSAT in 0.18s
    cube 2881.513 (depth 1, 34 lits): UNSAT in 0.30s
    cube 2881.514 (depth 1, 34 lits): UNSAT in 0.19s
    cube 2881.515 (depth 1, 34 lits): UNSAT in 0.04s
    cube 2881.516 (depth 1, 34 lits): UNSAT in 0.22s
    cube 2881.517 (depth 1, 34 lits): UNSAT in 0.28s
    cube 2881.518 (depth 1, 34 lits): UNSAT in 0.53s
    cube 2881.519 (depth 1, 34 lits): UNSAT in 0.23s
    cube 2881.520 (depth 1, 34 lits): UNSAT in 0.45s
    cube 2881.521 (depth 1, 34 lits): UNSAT in 0.43s
    cube 2881.522 (depth 1, 34 lits): UNSAT in 0.67s
    cube 2881.523 (depth 1, 34 lits): UNSAT in 0.19s
    cube 2881.524 (depth 1, 34 lits): UNSAT in 0.34s
    cube 2881.525 (depth 1, 34 lits): UNSAT in 0.26s
    cube 2881.526 (depth 1, 34 lits): UNSAT in 0.41s
    cube 2881.527 (depth 1, 34 lits): UNSAT in 0.21s
    cube 2881.528 (depth 1, 34 lits): UNSAT in 0.44s
    cube 2881.529 (depth 1, 34 lits): UNSAT in 0.28s
    cube 2881.530 (depth 1, 34 lits): UNSAT in 0.43s
    cube 2881.531 (depth 1, 34 lits): UNSAT in 0.19s
    cube 2881.532 (depth 1, 34 lits): UNSAT in 0.24s
    cube 2881.533 (depth 1, 34 lits): UNSAT in 0.17s
    cube 2881.534 (depth 1, 34 lits): UNSAT in 0.38s
    cube 2881.535 (depth 1, 34 lits): UNSAT in 0.48s
    cube 2881.536 (depth 1, 34 lits): UNSAT in 0.57s
    cube 2881.537 (depth 1, 34 lits): UNSAT in 0.69s
    cube 2881.538 (depth 1, 34 lits): UNSAT in 0.71s
    cube 2881.539 (depth 1, 34 lits): UNSAT in 0.04s
    cube 2881.540 (depth 1, 34 lits): UNSAT in 0.10s
    cube 2881.541 (depth 1, 34 lits): UNSAT in 0.20s
    cube 2881.542 (depth 1, 34 lits): UNSAT in 0.33s
    cube 2881.543 (depth 1, 34 lits): UNSAT in 0.17s
    cube 2881.544 (depth 1, 34 lits): UNSAT in 0.47s
    cube 2881.545 (depth 1, 34 lits): UNSAT in 0.42s
    cube 2881.546 (depth 1, 34 lits): UNSAT in 0.97s
    cube 2881.547 (depth 1, 34 lits): UNSAT in 0.17s
    cube 2881.548 (depth 1, 34 lits): UNSAT in 0.22s
    cube 2881.549 (depth 1, 34 lits): UNSAT in 0.45s
    cube 2881.550 (depth 1, 34 lits): UNSAT in 0.91s
    cube 2881.551 (depth 1, 34 lits): UNSAT in 0.33s
    cube 2881.552 (depth 1, 34 lits): UNSAT in 0.67s
    cube 2881.553 (depth 1, 34 lits): UNSAT in 0.68s
    cube 2881.554 (depth 1, 34 lits): UNSAT in 1.47s
    cube 2881.555 (depth 1, 34 lits): UNSAT in 0.06s
    cube 2881.556 (depth 1, 34 lits): UNSAT in 0.09s
    cube 2881.557 (depth 1, 34 lits): UNSAT in 0.11s
    cube 2881.558 (depth 1, 34 lits): UNSAT in 0.15s
    cube 2881.559 (depth 1, 34 lits): UNSAT in 0.12s
    cube 2881.560 (depth 1, 34 lits): UNSAT in 0.13s
    cube 2881.561 (depth 1, 34 lits): UNSAT in 0.20s
    cube 2881.562 (depth 1, 34 lits): UNSAT in 0.13s
    cube 2881.563 (depth 1, 34 lits): UNSAT in 0.14s
    cube 2881.564 (depth 1, 34 lits): UNSAT in 0.15s
    cube 2881.565 (depth 1, 34 lits): UNSAT in 0.20s
    cube 2881.566 (depth 1, 34 lits): UNSAT in 0.32s
    cube 2881.567 (depth 1, 34 lits): UNSAT in 0.38s
    cube 2881.568 (depth 1, 34 lits): UNSAT in 0.76s
    cube 2881.569 (depth 1, 34 lits): UNSAT in 0.70s
    cube 2881.570 (depth 1, 34 lits): UNSAT in 1.61s
    cube 2881.571 (depth 1, 34 lits): UNSAT in 0.03s
    cube 2881.572 (depth 1, 34 lits): UNSAT in 0.19s
    cube 2881.573 (depth 1, 34 lits): UNSAT in 0.26s
    cube 2881.574 (depth 1, 34 lits): UNSAT in 0.36s
    cube 2881.575 (depth 1, 34 lits): UNSAT in 0.19s
    cube 2881.576 (depth 1, 34 lits): UNSAT in 0.20s
    cube 2881.577 (depth 1, 34 lits): UNSAT in 0.22s
    cube 2881.578 (depth 1, 34 lits): UNSAT in 0.35s
    cube 2881.579 (depth 1, 34 lits): UNSAT in 0.16s
    cube 2881.580 (depth 1, 34 lits): UNSAT in 0.36s
    cube 2881.581 (depth 1, 34 lits): UNSAT in 0.59s
    cube 2881.582 (depth 1, 34 lits): UNSAT in 0.63s
    cube 2881.583 (depth 1, 34 lits): UNSAT in 0.39s
    cube 2881.584 (depth 1, 34 lits): UNSAT in 0.89s
    cube 2881.585 (depth 1, 34 lits): UNSAT in 0.46s
    cube 2881.586 (depth 1, 34 lits): UNSAT in 1.15s
    cube 2881.587 (depth 1, 34 lits): UNSAT in 0.27s
    cube 2881.588 (depth 1, 34 lits): UNSAT in 0.42s
    cube 2881.589 (depth 1, 34 lits): UNSAT in 0.23s
    cube 2881.590 (depth 1, 34 lits): UNSAT in 0.97s
    cube 2881.591 (depth 1, 34 lits): UNSAT in 0.24s
    cube 2881.592 (depth 1, 34 lits): UNSAT in 0.33s
    cube 2881.593 (depth 1, 34 lits): UNSAT in 0.87s
    cube 2881.594 (depth 1, 34 lits): UNSAT in 1.42s
    cube 2881.595 (depth 1, 34 lits): UNSAT in 0.49s
    cube 2881.596 (depth 1, 34 lits): UNSAT in 0.67s
    cube 2881.597 (depth 1, 34 lits): UNSAT in 0.51s
    cube 2881.598 (depth 1, 34 lits): UNSAT in 0.48s
    cube 2881.599 (depth 1, 34 lits): UNSAT in 0.74s
    cube 2881.600 (depth 1, 34 lits): UNSAT in 2.23s
    cube 2881.601 (depth 1, 34 lits): UNSAT in 4.69s
    cube 2881.602 (depth 1, 34 lits): UNSAT in 3.87s
    cube 2881.603 (depth 1, 34 lits): UNSAT in 0.02s
    cube 2881.604 (depth 1, 34 lits): UNSAT in 0.04s
    cube 2881.605 (depth 1, 34 lits): UNSAT in 0.02s
    cube 2881.606 (depth 1, 34 lits): UNSAT in 0.22s
    cube 2881.607 (depth 1, 34 lits): UNSAT in 0.03s
    cube 2881.608 (depth 1, 34 lits): UNSAT in 0.14s
    cube 2881.609 (depth 1, 34 lits): UNSAT in 0.04s
    cube 2881.610 (depth 1, 34 lits): UNSAT in 0.31s
    cube 2881.611 (depth 1, 34 lits): UNSAT in 0.20s
    cube 2881.612 (depth 1, 34 lits): UNSAT in 0.20s
    cube 2881.613 (depth 1, 34 lits): UNSAT in 0.37s
    cube 2881.614 (depth 1, 34 lits): UNSAT in 0.20s
    cube 2881.615 (depth 1, 34 lits): UNSAT in 0.21s
    cube 2881.616 (depth 1, 34 lits): UNSAT in 0.57s
    cube 2881.617 (depth 1, 34 lits): UNSAT in 0.33s
    cube 2881.618 (depth 1, 34 lits): UNSAT in 0.53s
    cube 2881.619 (depth 1, 34 lits): UNSAT in 0.04s
    cube 2881.620 (depth 1, 34 lits): UNSAT in 0.19s
    cube 2881.621 (depth 1, 34 lits): UNSAT in 0.19s
    cube 2881.622 (depth 1, 34 lits): UNSAT in 0.56s
    cube 2881.623 (depth 1, 34 lits): UNSAT in 0.21s
    cube 2881.624 (depth 1, 34 lits): UNSAT in 0.40s
    cube 2881.625 (depth 1, 34 lits): UNSAT in 0.59s
    cube 2881.626 (depth 1, 34 lits): UNSAT in 0.80s
    cube 2881.627 (depth 1, 34 lits): UNSAT in 0.28s
    cube 2881.628 (depth 1, 34 lits): UNSAT in 0.34s
    cube 2881.629 (depth 1, 34 lits): UNSAT in 0.28s
    cube 2881.630 (depth 1, 34 lits): UNSAT in 0.42s
    cube 2881.631 (depth 1, 34 lits): UNSAT in 0.43s
    cube 2881.632 (depth 1, 34 lits): UNSAT in 0.63s
    cube 2881.633 (depth 1, 34 lits): UNSAT in 0.65s
    cube 2881.634 (depth 1, 34 lits): UNSAT in 0.86s
    cube 2881.635 (depth 1, 34 lits): UNSAT in 0.18s
    cube 2881.636 (depth 1, 34 lits): UNSAT in 0.49s
    cube 2881.637 (depth 1, 34 lits): UNSAT in 0.31s
    cube 2881.638 (depth 1, 34 lits): UNSAT in 0.58s
    cube 2881.639 (depth 1, 34 lits): UNSAT in 0.22s
    cube 2881.640 (depth 1, 34 lits): UNSAT in 0.31s
    cube 2881.641 (depth 1, 34 lits): UNSAT in 0.38s
    cube 2881.642 (depth 1, 34 lits): UNSAT in 0.55s
    cube 2881.643 (depth 1, 34 lits): UNSAT in 0.43s
    cube 2881.644 (depth 1, 34 lits): UNSAT in 0.70s
    cube 2881.645 (depth 1, 34 lits): UNSAT in 0.30s
    cube 2881.646 (depth 1, 34 lits): UNSAT in 1.45s
    cube 2881.647 (depth 1, 34 lits): UNSAT in 0.17s
    cube 2881.648 (depth 1, 34 lits): UNSAT in 0.23s
    cube 2881.649 (depth 1, 34 lits): UNSAT in 0.84s
    cube 2881.650 (depth 1, 34 lits): UNSAT in 2.05s
    cube 2881.651 (depth 1, 34 lits): UNSAT in 0.18s
    cube 2881.652 (depth 1, 34 lits): UNSAT in 0.31s
    cube 2881.653 (depth 1, 34 lits): UNSAT in 0.21s
    cube 2881.654 (depth 1, 34 lits): UNSAT in 0.40s
    cube 2881.655 (depth 1, 34 lits): UNSAT in 0.36s
    cube 2881.656 (depth 1, 34 lits): UNSAT in 0.32s
    cube 2881.657 (depth 1, 34 lits): UNSAT in 0.42s
    cube 2881.658 (depth 1, 34 lits): UNSAT in 1.15s
    cube 2881.659 (depth 1, 34 lits): UNSAT in 0.77s
    cube 2881.660 (depth 1, 34 lits): UNSAT in 0.91s
    cube 2881.661 (depth 1, 34 lits): UNSAT in 0.34s
    cube 2881.662 (depth 1, 34 lits): UNSAT in 2.56s
    cube 2881.663 (depth 1, 34 lits): UNSAT in 1.23s
    cube 2881.664 (depth 1, 34 lits): UNSAT in 2.37s
    cube 2881.665 (depth 1, 34 lits): UNSAT in 2.97s
    cube 2881.666 (depth 1, 34 lits): UNSAT in 5.53s
    cube 2881.667 (depth 1, 34 lits): UNSAT in 0.01s
    cube 2881.668 (depth 1, 34 lits): UNSAT in 0.03s
    cube 2881.669 (depth 1, 34 lits): UNSAT in 0.02s
    cube 2881.670 (depth 1, 34 lits): UNSAT in 0.06s
    cube 2881.671 (depth 1, 34 lits): UNSAT in 0.03s
    cube 2881.672 (depth 1, 34 lits): UNSAT in 0.05s
    cube 2881.673 (depth 1, 34 lits): UNSAT in 0.04s
    cube 2881.674 (depth 1, 34 lits): UNSAT in 0.30s
    cube 2881.675 (depth 1, 34 lits): UNSAT in 0.05s
    cube 2881.676 (depth 1, 34 lits): UNSAT in 0.29s
    cube 2881.677 (depth 1, 34 lits): UNSAT in 0.28s
    cube 2881.678 (depth 1, 34 lits): UNSAT in 0.49s
    cube 2881.679 (depth 1, 34 lits): UNSAT in 0.21s
    cube 2881.680 (depth 1, 34 lits): UNSAT in 0.43s
    cube 2881.681 (depth 1, 34 lits): UNSAT in 0.39s
    cube 2881.682 (depth 1, 34 lits): UNSAT in 1.17s
    cube 2881.683 (depth 1, 34 lits): UNSAT in 0.13s
    cube 2881.684 (depth 1, 34 lits): UNSAT in 0.16s
    cube 2881.685 (depth 1, 34 lits): UNSAT in 0.07s
    cube 2881.686 (depth 1, 34 lits): UNSAT in 0.43s
    cube 2881.687 (depth 1, 34 lits): UNSAT in 0.27s
    cube 2881.688 (depth 1, 34 lits): UNSAT in 0.58s
    cube 2881.689 (depth 1, 34 lits): UNSAT in 0.90s
    cube 2881.690 (depth 1, 34 lits): UNSAT in 3.59s
    cube 2881.691 (depth 1, 34 lits): UNSAT in 0.52s
    cube 2881.692 (depth 1, 34 lits): UNSAT in 0.78s
    cube 2881.693 (depth 1, 34 lits): UNSAT in 0.47s
    cube 2881.694 (depth 1, 34 lits): UNSAT in 2.79s
    cube 2881.695 (depth 1, 34 lits): UNSAT in 0.51s
    cube 2881.696 (depth 1, 34 lits): UNSAT in 1.87s
    cube 2881.697 (depth 1, 34 lits): UNSAT in 1.59s
    cube 2881.698 (depth 1, 34 lits): UNSAT in 5.20s
    cube 2881.699 (depth 1, 34 lits): UNSAT in 0.14s
    cube 2881.700 (depth 1, 34 lits): UNSAT in 0.23s
    cube 2881.701 (depth 1, 34 lits): UNSAT in 0.19s
    cube 2881.702 (depth 1, 34 lits): UNSAT in 0.48s
    cube 2881.703 (depth 1, 34 lits): UNSAT in 0.37s
    cube 2881.704 (depth 1, 34 lits): UNSAT in 0.90s
    cube 2881.705 (depth 1, 34 lits): UNSAT in 0.56s
    cube 2881.706 (depth 1, 34 lits): UNSAT in 1.60s
    cube 2881.707 (depth 1, 34 lits): UNSAT in 0.34s
    cube 2881.708 (depth 1, 34 lits): UNSAT in 0.66s
    cube 2881.709 (depth 1, 34 lits): UNSAT in 0.40s
    cube 2881.710 (depth 1, 34 lits): UNSAT in 1.29s
    cube 2881.711 (depth 1, 34 lits): UNSAT in 1.12s
    cube 2881.712 (depth 1, 34 lits): UNSAT in 2.59s
    cube 2881.713 (depth 1, 34 lits): UNSAT in 2.59s
    cube 2881.714 (depth 1, 34 lits): UNSAT in 6.21s
    cube 2881.715 (depth 1, 34 lits): UNSAT in 0.13s
    cube 2881.716 (depth 1, 34 lits): UNSAT in 0.11s
    cube 2881.717 (depth 1, 34 lits): UNSAT in 0.15s
    cube 2881.718 (depth 1, 34 lits): UNSAT in 1.11s
    cube 2881.719 (depth 1, 34 lits): UNSAT in 0.43s
    cube 2881.720 (depth 1, 34 lits): UNSAT in 1.83s
    cube 2881.721 (depth 1, 34 lits): UNSAT in 1.55s
    cube 2881.722 (depth 1, 34 lits): UNSAT in 1.21s
    cube 2881.723 (depth 1, 34 lits): UNSAT in 0.56s
    cube 2881.724 (depth 1, 34 lits): UNSAT in 1.00s
    cube 2881.725 (depth 1, 34 lits): UNSAT in 1.61s
    cube 2881.726 (depth 1, 34 lits): UNSAT in 3.64s
    cube 2881.727 (depth 1, 34 lits): UNSAT in 2.37s
    cube 2881.728 (depth 1, 34 lits): UNSAT in 3.69s
    cube 2881.729 (depth 1, 34 lits): UNSAT in 9.38s
    cube 2881.730 (depth 1, 34 lits): UNSAT in 5.95s
    cube 2881.731 (depth 1, 34 lits): UNSAT in 0.03s
    cube 2881.732 (depth 1, 34 lits): UNSAT in 0.04s
    cube 2881.733 (depth 1, 34 lits): UNSAT in 0.02s
    cube 2881.734 (depth 1, 34 lits): UNSAT in 0.06s
    cube 2881.735 (depth 1, 34 lits): UNSAT in 0.01s
    cube 2881.736 (depth 1, 34 lits): UNSAT in 0.03s
    cube 2881.737 (depth 1, 34 lits): UNSAT in 0.03s
    cube 2881.738 (depth 1, 34 lits): UNSAT in 0.29s
    cube 2881.739 (depth 1, 34 lits): UNSAT in 0.04s
    cube 2881.740 (depth 1, 34 lits): UNSAT in 0.08s
    cube 2881.741 (depth 1, 34 lits): UNSAT in 0.08s
    cube 2881.742 (depth 1, 34 lits): UNSAT in 0.83s
    cube 2881.743 (depth 1, 34 lits): UNSAT in 0.71s
    cube 2881.744 (depth 1, 34 lits): UNSAT in 1.03s
    cube 2881.745 (depth 1, 34 lits): UNSAT in 1.22s
    cube 2881.746 (depth 1, 34 lits): UNSAT in 0.89s
    cube 2881.747 (depth 1, 34 lits): UNSAT in 0.05s
    cube 2881.748 (depth 1, 34 lits): UNSAT in 0.32s
    cube 2881.749 (depth 1, 34 lits): UNSAT in 0.25s
    cube 2881.750 (depth 1, 34 lits): UNSAT in 0.28s
    cube 2881.751 (depth 1, 34 lits): UNSAT in 0.13s
    cube 2881.752 (depth 1, 34 lits): UNSAT in 0.27s
    cube 2881.753 (depth 1, 34 lits): UNSAT in 0.26s
    cube 2881.754 (depth 1, 34 lits): UNSAT in 1.86s
    cube 2881.755 (depth 1, 34 lits): UNSAT in 0.05s
    cube 2881.756 (depth 1, 34 lits): UNSAT in 0.29s
    cube 2881.757 (depth 1, 34 lits): UNSAT in 0.66s
    cube 2881.758 (depth 1, 34 lits): UNSAT in 0.65s
    cube 2881.759 (depth 1, 34 lits): UNSAT in 0.31s
    cube 2881.760 (depth 1, 34 lits): UNSAT in 1.01s
    cube 2881.761 (depth 1, 34 lits): UNSAT in 0.58s
    cube 2881.762 (depth 1, 34 lits): UNSAT in 1.35s
    cube 2881.763 (depth 1, 34 lits): UNSAT in 0.02s
    cube 2881.764 (depth 1, 34 lits): UNSAT in 0.06s
    cube 2881.765 (depth 1, 34 lits): UNSAT in 0.05s
    cube 2881.766 (depth 1, 34 lits): UNSAT in 0.49s
    cube 2881.767 (depth 1, 34 lits): UNSAT in 0.14s
    cube 2881.768 (depth 1, 34 lits): UNSAT in 0.77s
    cube 2881.769 (depth 1, 34 lits): UNSAT in 0.50s
    cube 2881.770 (depth 1, 34 lits): UNSAT in 0.91s
    cube 2881.771 (depth 1, 34 lits): UNSAT in 0.23s
    cube 2881.772 (depth 1, 34 lits): UNSAT in 0.61s
    cube 2881.773 (depth 1, 34 lits): UNSAT in 0.31s
    cube 2881.774 (depth 1, 34 lits): UNSAT in 0.67s
    cube 2881.775 (depth 1, 34 lits): UNSAT in 0.30s
    cube 2881.776 (depth 1, 34 lits): UNSAT in 0.59s
    cube 2881.777 (depth 1, 34 lits): UNSAT in 0.87s
    cube 2881.778 (depth 1, 34 lits): UNSAT in 1.55s
    cube 2881.779 (depth 1, 34 lits): UNSAT in 0.05s
    cube 2881.780 (depth 1, 34 lits): UNSAT in 0.31s
    cube 2881.781 (depth 1, 34 lits): UNSAT in 0.49s
    cube 2881.782 (depth 1, 34 lits): UNSAT in 1.03s
    cube 2881.783 (depth 1, 34 lits): UNSAT in 0.21s
    cube 2881.784 (depth 1, 34 lits): UNSAT in 0.65s
    cube 2881.785 (depth 1, 34 lits): UNSAT in 0.70s
    cube 2881.786 (depth 1, 34 lits): UNSAT in 2.47s
    cube 2881.787 (depth 1, 34 lits): UNSAT in 1.39s
    cube 2881.788 (depth 1, 34 lits): UNSAT in 2.77s
    cube 2881.789 (depth 1, 34 lits): UNSAT in 1.69s
    cube 2881.790 (depth 1, 34 lits): UNSAT in 5.23s
    cube 2881.791 (depth 1, 34 lits): UNSAT in 1.73s
    cube 2881.792 (depth 1, 34 lits): UNSAT in 3.63s
    cube 2881.793 (depth 1, 34 lits): UNSAT in 3.10s
    cube 2881.794 (depth 1, 34 lits): UNSAT in 13.14s
    cube 2881.795 (depth 1, 34 lits): UNSAT in 0.06s
    cube 2881.796 (depth 1, 34 lits): UNSAT in 0.18s
    cube 2881.797 (depth 1, 34 lits): UNSAT in 0.15s
    cube 2881.798 (depth 1, 34 lits): UNSAT in 0.20s
    cube 2881.799 (depth 1, 34 lits): UNSAT in 0.23s
    cube 2881.800 (depth 1, 34 lits): UNSAT in 0.19s
    cube 2881.801 (depth 1, 34 lits): UNSAT in 0.29s
    cube 2881.802 (depth 1, 34 lits): UNSAT in 0.65s
    cube 2881.803 (depth 1, 34 lits): UNSAT in 0.14s
    cube 2881.804 (depth 1, 34 lits): UNSAT in 0.25s
    cube 2881.805 (depth 1, 34 lits): UNSAT in 0.36s
    cube 2881.806 (depth 1, 34 lits): UNSAT in 0.48s
    cube 2881.807 (depth 1, 34 lits): UNSAT in 0.47s
    cube 2881.808 (depth 1, 34 lits): UNSAT in 0.70s
    cube 2881.809 (depth 1, 34 lits): UNSAT in 1.02s
    cube 2881.810 (depth 1, 34 lits): UNSAT in 1.06s
    cube 2881.811 (depth 1, 34 lits): UNSAT in 0.19s
    cube 2881.812 (depth 1, 34 lits): UNSAT in 0.20s
    cube 2881.813 (depth 1, 34 lits): UNSAT in 0.47s
    cube 2881.814 (depth 1, 34 lits): UNSAT in 1.22s
    cube 2881.815 (depth 1, 34 lits): UNSAT in 0.60s
    cube 2881.816 (depth 1, 34 lits): UNSAT in 1.38s
    cube 2881.817 (depth 1, 34 lits): UNSAT in 1.03s
    cube 2881.818 (depth 1, 34 lits): UNSAT in 2.72s
    cube 2881.819 (depth 1, 34 lits): UNSAT in 0.35s
    cube 2881.820 (depth 1, 34 lits): UNSAT in 0.70s
    cube 2881.821 (depth 1, 34 lits): UNSAT in 0.74s
    cube 2881.822 (depth 1, 34 lits): UNSAT in 1.80s
    cube 2881.823 (depth 1, 34 lits): UNSAT in 0.40s
    cube 2881.824 (depth 1, 34 lits): UNSAT in 2.57s
    cube 2881.825 (depth 1, 34 lits): UNSAT in 3.63s
    cube 2881.826 (depth 1, 34 lits): UNSAT in 9.97s
    cube 2881.827 (depth 1, 34 lits): UNSAT in 0.03s
    cube 2881.828 (depth 1, 34 lits): UNSAT in 0.07s
    cube 2881.829 (depth 1, 34 lits): UNSAT in 0.07s
    cube 2881.830 (depth 1, 34 lits): UNSAT in 0.52s
    cube 2881.831 (depth 1, 34 lits): UNSAT in 0.13s
    cube 2881.832 (depth 1, 34 lits): UNSAT in 1.07s
    cube 2881.833 (depth 1, 34 lits): UNSAT in 0.63s
    cube 2881.834 (depth 1, 34 lits): UNSAT in 1.81s
    cube 2881.835 (depth 1, 34 lits): UNSAT in 0.12s
    cube 2881.836 (depth 1, 34 lits): UNSAT in 0.40s
    cube 2881.837 (depth 1, 34 lits): UNSAT in 0.41s
    cube 2881.838 (depth 1, 34 lits): UNSAT in 1.11s
    cube 2881.839 (depth 1, 34 lits): UNSAT in 0.35s
    cube 2881.840 (depth 1, 34 lits): UNSAT in 2.36s
    cube 2881.841 (depth 1, 34 lits): UNSAT in 3.02s
    cube 2881.842 (depth 1, 34 lits): UNSAT in 4.79s
    cube 2881.843 (depth 1, 34 lits): UNSAT in 0.07s
    cube 2881.844 (depth 1, 34 lits): UNSAT in 0.63s
    cube 2881.845 (depth 1, 34 lits): UNSAT in 0.79s
    cube 2881.846 (depth 1, 34 lits): UNSAT in 0.99s
    cube 2881.847 (depth 1, 34 lits): UNSAT in 2.40s
    cube 2881.848 (depth 1, 34 lits): UNSAT in 3.42s
    cube 2881.849 (depth 1, 34 lits): UNSAT in 4.19s
    cube 2881.850 (depth 1, 34 lits): UNSAT in 5.10s
    cube 2881.851 (depth 1, 34 lits): UNSAT in 0.74s
    cube 2881.852 (depth 1, 34 lits): UNSAT in 2.59s
    cube 2881.853 (depth 1, 34 lits): UNSAT in 1.81s
    cube 2881.854 (depth 1, 34 lits): UNSAT in 8.23s
    cube 2881.855 (depth 1, 34 lits): UNSAT in 2.49s
    cube 2881.856 (depth 1, 34 lits): UNSAT in 2.55s
    cube 2881.857 (depth 1, 34 lits): UNSAT in 1.80s
    cube 2881.858 (depth 1, 34 lits): UNSAT in 4.49s
    cube 2881.859 (depth 1, 34 lits): UNSAT in 0.01s
    cube 2881.860 (depth 1, 34 lits): UNSAT in 0.03s
    cube 2881.861 (depth 1, 34 lits): UNSAT in 0.05s
    cube 2881.862 (depth 1, 34 lits): UNSAT in 0.22s
    cube 2881.863 (depth 1, 34 lits): UNSAT in 0.04s
    cube 2881.864 (depth 1, 34 lits): UNSAT in 0.14s
    cube 2881.865 (depth 1, 34 lits): UNSAT in 0.33s
    cube 2881.866 (depth 1, 34 lits): UNSAT in 0.63s
    cube 2881.867 (depth 1, 34 lits): UNSAT in 0.02s
    cube 2881.868 (depth 1, 34 lits): UNSAT in 0.14s
    cube 2881.869 (depth 1, 34 lits): UNSAT in 0.15s
    cube 2881.870 (depth 1, 34 lits): UNSAT in 0.50s
    cube 2881.871 (depth 1, 34 lits): UNSAT in 0.39s
    cube 2881.872 (depth 1, 34 lits): UNSAT in 1.15s
    cube 2881.873 (depth 1, 34 lits): UNSAT in 0.76s
    cube 2881.874 (depth 1, 34 lits): UNSAT in 2.21s
    cube 2881.875 (depth 1, 34 lits): UNSAT in 0.07s
    cube 2881.876 (depth 1, 34 lits): UNSAT in 0.38s
    cube 2881.877 (depth 1, 34 lits): UNSAT in 0.50s
    cube 2881.878 (depth 1, 34 lits): UNSAT in 1.18s
    cube 2881.879 (depth 1, 34 lits): UNSAT in 0.34s
    cube 2881.880 (depth 1, 34 lits): UNSAT in 0.62s
    cube 2881.881 (depth 1, 34 lits): UNSAT in 0.65s
    cube 2881.882 (depth 1, 34 lits): UNSAT in 1.01s
    cube 2881.883 (depth 1, 34 lits): UNSAT in 0.63s
    cube 2881.884 (depth 1, 34 lits): UNSAT in 1.15s
    cube 2881.885 (depth 1, 34 lits): UNSAT in 0.86s
    cube 2881.886 (depth 1, 34 lits): UNSAT in 2.08s
    cube 2881.887 (depth 1, 34 lits): UNSAT in 1.24s
    cube 2881.888 (depth 1, 34 lits): UNSAT in 2.03s
    cube 2881.889 (depth 1, 34 lits): UNSAT in 1.11s
    cube 2881.890 (depth 1, 34 lits): UNSAT in 4.40s
    cube 2881.891 (depth 1, 34 lits): UNSAT in 0.16s
    cube 2881.892 (depth 1, 34 lits): UNSAT in 0.30s
    cube 2881.893 (depth 1, 34 lits): UNSAT in 0.46s
    cube 2881.894 (depth 1, 34 lits): UNSAT in 1.35s
    cube 2881.895 (depth 1, 34 lits): UNSAT in 0.28s
    cube 2881.896 (depth 1, 34 lits): UNSAT in 0.83s
    cube 2881.897 (depth 1, 34 lits): UNSAT in 0.61s
    cube 2881.898 (depth 1, 34 lits): UNSAT in 1.65s
    cube 2881.899 (depth 1, 34 lits): UNSAT in 0.76s
    cube 2881.900 (depth 1, 34 lits): UNSAT in 1.08s
    cube 2881.901 (depth 1, 34 lits): UNSAT in 0.51s
    cube 2881.902 (depth 1, 34 lits): UNSAT in 2.95s
    cube 2881.903 (depth 1, 34 lits): UNSAT in 0.38s
    cube 2881.904 (depth 1, 34 lits): UNSAT in 0.75s
    cube 2881.905 (depth 1, 34 lits): UNSAT in 2.58s
    cube 2881.906 (depth 1, 34 lits): UNSAT in 8.21s
    cube 2881.907 (depth 1, 34 lits): UNSAT in 0.22s
    cube 2881.908 (depth 1, 34 lits): UNSAT in 1.36s
    cube 2881.909 (depth 1, 34 lits): UNSAT in 1.54s
    cube 2881.910 (depth 1, 34 lits): UNSAT in 5.24s
    cube 2881.911 (depth 1, 34 lits): UNSAT in 2.17s
    cube 2881.912 (depth 1, 34 lits): UNSAT in 5.51s
    cube 2881.913 (depth 1, 34 lits): UNSAT in 5.75s
    cube 2881.914 (depth 1, 34 lits): UNSAT in 15.89s
    cube 2881.915 (depth 1, 34 lits): UNSAT in 1.32s
    cube 2881.916 (depth 1, 34 lits): UNSAT in 7.01s
    cube 2881.917 (depth 1, 34 lits): UNSAT in 2.17s
    cube 2881.918 (depth 1, 34 lits): UNSAT in 10.54s
    cube 2881.919 (depth 1, 34 lits): UNSAT in 4.71s
    cube 2881.920 (depth 1, 34 lits): UNSAT in 16.04s
    cube 2881.921 (depth 1, 34 lits): UNSAT in 23.03s
    cube 2881.922 (depth 1, 34 lits): UNSAT in 61.26s
    cube 2881.923 (depth 1, 34 lits): UNSAT in 0.18s
    cube 2881.924 (depth 1, 34 lits): UNSAT in 0.45s
    cube 2881.925 (depth 1, 34 lits): UNSAT in 0.57s
    cube 2881.926 (depth 1, 34 lits): UNSAT in 1.78s
    cube 2881.927 (depth 1, 34 lits): UNSAT in 0.33s
    cube 2881.928 (depth 1, 34 lits): UNSAT in 0.95s
    cube 2881.929 (depth 1, 34 lits): UNSAT in 0.55s
    cube 2881.930 (depth 1, 34 lits): UNSAT in 1.32s
    cube 2881.931 (depth 1, 34 lits): UNSAT in 0.24s
    cube 2881.932 (depth 1, 34 lits): UNSAT in 0.64s
    cube 2881.933 (depth 1, 34 lits): UNSAT in 0.92s
    cube 2881.934 (depth 1, 34 lits): UNSAT in 1.48s
    cube 2881.935 (depth 1, 34 lits): UNSAT in 1.73s
    cube 2881.936 (depth 1, 34 lits): UNSAT in 3.45s
    cube 2881.937 (depth 1, 34 lits): UNSAT in 3.47s
    cube 2881.938 (depth 1, 34 lits): UNSAT in 7.37s
    cube 2881.939 (depth 1, 34 lits): UNSAT in 0.68s
    cube 2881.940 (depth 1, 34 lits): UNSAT in 1.53s
    cube 2881.941 (depth 1, 34 lits): UNSAT in 2.50s
    cube 2881.942 (depth 1, 34 lits): UNSAT in 8.12s
    cube 2881.943 (depth 1, 34 lits): UNSAT in 2.11s
    cube 2881.944 (depth 1, 34 lits): UNSAT in 8.56s
    cube 2881.945 (depth 1, 34 lits): UNSAT in 1.70s
    cube 2881.946 (depth 1, 34 lits): UNSAT in 5.14s
    cube 2881.947 (depth 1, 34 lits): UNSAT in 0.76s
    cube 2881.948 (depth 1, 34 lits): UNSAT in 3.22s
    cube 2881.949 (depth 1, 34 lits): UNSAT in 2.41s
    cube 2881.950 (depth 1, 34 lits): UNSAT in 9.64s
    cube 2881.951 (depth 1, 34 lits): UNSAT in 2.30s
    cube 2881.952 (depth 1, 34 lits): UNSAT in 12.55s
    cube 2881.953 (depth 1, 34 lits): UNSAT in 3.08s
    cube 2881.954 (depth 1, 34 lits): UNSAT in 16.70s
    cube 2881.955 (depth 1, 34 lits): UNSAT in 0.17s
    cube 2881.956 (depth 1, 34 lits): UNSAT in 1.47s
    cube 2881.957 (depth 1, 34 lits): UNSAT in 1.40s
    cube 2881.958 (depth 1, 34 lits): UNSAT in 4.63s
    cube 2881.959 (depth 1, 34 lits): UNSAT in 1.11s
    cube 2881.960 (depth 1, 34 lits): UNSAT in 4.49s
    cube 2881.961 (depth 1, 34 lits): UNSAT in 3.64s
    cube 2881.962 (depth 1, 34 lits): UNSAT in 16.34s
    cube 2881.963 (depth 1, 34 lits): UNSAT in 0.64s
    cube 2881.964 (depth 1, 34 lits): UNSAT in 3.36s
    cube 2881.965 (depth 1, 34 lits): UNSAT in 3.80s
    cube 2881.966 (depth 1, 34 lits): UNSAT in 22.52s
    cube 2881.967 (depth 1, 34 lits): UNSAT in 4.45s
    cube 2881.968 (depth 1, 34 lits): UNSAT in 8.25s
    cube 2881.969 (depth 1, 34 lits): UNSAT in 24.01s
    cube 2881.970 (depth 1, 34 lits): UNSAT in 73.56s
    cube 2881.971 (depth 1, 34 lits): UNSAT in 1.00s
    cube 2881.972 (depth 1, 34 lits): UNSAT in 2.04s
    cube 2881.973 (depth 1, 34 lits): UNSAT in 1.82s
    cube 2881.974 (depth 1, 34 lits): UNSAT in 10.08s
    cube 2881.975 (depth 1, 34 lits): UNSAT in 2.24s
    cube 2881.976 (depth 1, 34 lits): UNSAT in 19.45s
    cube 2881.977 (depth 1, 34 lits): UNSAT in 25.21s
    cube 2881.978 (depth 1, 34 lits): UNSAT in 53.98s
    cube 2881.979 (depth 1, 34 lits): UNSAT in 2.59s
    cube 2881.980 (depth 1, 34 lits): UNSAT in 11.56s
    cube 2881.981 (depth 1, 34 lits): UNSAT in 19.05s
    cube 2881.982 (depth 1, 34 lits): UNSAT in 29.48s
    cube 2881.983 (depth 1, 34 lits): UNSAT in 1.92s
    cube 2881.984 (depth 1, 34 lits): UNSAT in 7.66s
    cube 2881.985 (depth 1, 34 lits): UNSAT in 12.74s
    cube 2881.986 (depth 1, 34 lits): UNSAT in 32.05s
    cube 2884 (depth 0, 24 lits): UNSAT in 53.14s
    cube 2887 (depth 0, 22 lits): UNSAT in 0.01s
    cube 2890 (depth 0, 24 lits): UNSAT in 0.01s
    cube 2893 (depth 0, 24 lits): UNSAT in 0.01s
    cube 2896 (depth 0, 22 lits): UNSAT in 0.01s
    cube 2899 (depth 0, 24 lits): UNSAT in 0.02s
    cube 2902 (depth 0, 24 lits): UNSAT in 0.01s
    cube 2905 (depth 0, 24 lits): UNSAT in 0.04s
    cube 2908 (depth 0, 24 lits): UNSAT in 0.01s
    cube 2911 (depth 0, 24 lits): UNSAT in 0.02s
    cube 2914 (depth 0, 24 lits): UNSAT in 0.01s
    cube 2917 (depth 0, 24 lits): UNSAT in 0.02s
    cube 2920 (depth 0, 24 lits): UNSAT in 0.02s
    cube 2923 (depth 0, 24 lits): UNSAT in 0.02s
    cube 2926 (depth 0, 24 lits): UNSAT in 0.09s
    cube 2929 (depth 0, 24 lits): UNSAT in 0.05s
    cube 2932 (depth 0, 24 lits): UNSAT in 0.03s
    cube 2935 (depth 0, 24 lits): UNSAT in 0.04s
    cube 2938 (depth 0, 24 lits): UNSAT in 0.80s
    cube 2941 (depth 0, 24 lits): UNSAT in 0.06s
    cube 2944 (depth 0, 24 lits): UNSAT in 0.10s
    cube 2947 (depth 0, 24 lits): UNSAT in 0.03s
    cube 2950 (depth 0, 24 lits): UNSAT in 0.16s
    cube 2953 (depth 0, 24 lits): UNSAT in 0.25s
    cube 2956 (depth 0, 24 lits): UNSAT in 0.10s
    cube 2959 (depth 0, 24 lits): UNSAT in 0.17s
    cube 2962 (depth 0, 24 lits): UNSAT in 1.05s
    cube 2965 (depth 0, 24 lits): UNSAT in 0.24s
    cube 2968 (depth 0, 24 lits): UNSAT in 0.58s
    cube 2971 (depth 0, 24 lits): UNSAT in 0.02s
    cube 2974 (depth 0, 24 lits): UNSAT in 0.06s
    cube 2977 (depth 0, 24 lits): UNSAT in 0.09s
    cube 2980 (depth 0, 24 lits): UNSAT in 0.05s
    cube 2983 (depth 0, 24 lits): UNSAT in 0.10s
    cube 2986 (depth 0, 24 lits): UNSAT in 1.32s
    cube 2989 (depth 0, 24 lits): UNSAT in 0.18s
    cube 2992 (depth 0, 24 lits): UNSAT in 0.26s
    cube 2995 (depth 0, 24 lits): UNSAT in 0.36s
    cube 2998 (depth 0, 24 lits): UNSAT in 4.10s
    cube 3001 (depth 0, 24 lits): UNSAT in 3.06s
    cube 3004 (depth 0, 24 lits): UNSAT in 0.01s
    cube 3007 (depth 0, 24 lits): UNSAT in 0.01s
    cube 3010 (depth 0, 24 lits): UNSAT in 0.02s
    cube 3013 (depth 0, 24 lits): UNSAT in 0.04s
    cube 3016 (depth 0, 24 lits): UNSAT in 0.03s
    cube 3019 (depth 0, 24 lits): UNSAT in 0.02s
    cube 3022 (depth 0, 24 lits): UNSAT in 0.02s
    cube 3025 (depth 0, 24 lits): UNSAT in 0.07s
    cube 3028 (depth 0, 24 lits): UNSAT in 0.02s
    cube 3031 (depth 0, 24 lits): UNSAT in 0.14s
    cube 3034 (depth 0, 24 lits): UNSAT in 0.01s
    cube 3037 (depth 0, 24 lits): UNSAT in 0.06s
    cube 3040 (depth 0, 24 lits): UNSAT in 0.04s
    cube 3043 (depth 0, 24 lits): UNSAT in 0.07s
    cube 3046 (depth 0, 24 lits): UNSAT in 0.17s
    cube 3049 (depth 0, 24 lits): UNSAT in 1.25s
    cube 3052 (depth 0, 24 lits): UNSAT in 0.02s
    cube 3055 (depth 0, 24 lits): UNSAT in 0.23s
    cube 3058 (depth 0, 24 lits): UNSAT in 0.11s
    cube 3061 (depth 0, 24 lits): UNSAT in 2.19s
    cube 3064 (depth 0, 24 lits): UNSAT in 0.74s
    cube 3067 (depth 0, 24 lits): UNSAT in 0.02s
    cube 3070 (depth 0, 24 lits): UNSAT in 0.03s
    cube 3073 (depth 0, 24 lits): UNSAT in 0.07s
    cube 3076 (depth 0, 24 lits): UNSAT in 0.06s
    cube 3079 (depth 0, 24 lits): UNSAT in 0.04s
    cube 3082 (depth 0, 24 lits): UNSAT in 0.02s
    cube 3085 (depth 0, 24 lits): UNSAT in 0.21s
    cube 3088 (depth 0, 24 lits): UNSAT in 0.20s
    cube 3091 (depth 0, 24 lits): UNSAT in 0.16s
    cube 3094 (depth 0, 24 lits): UNSAT in 0.25s
    cube 3097 (depth 0, 24 lits): UNSAT in 14.37s
    cube 3100 (depth 0, 24 lits): UNSAT in 0.02s
    cube 3103 (depth 0, 24 lits): UNSAT in 0.48s
    cube 3106 (depth 0, 24 lits): UNSAT in 0.03s
    cube 3109 (depth 0, 24 lits): UNSAT in 0.96s
    cube 3112 (depth 0, 24 lits): UNSAT in 1.38s
    cube 3115 (depth 0, 24 lits): UNSAT in 0.16s
    cube 3118 (depth 0, 24 lits): UNSAT in 0.15s
    cube 3121 (depth 0, 24 lits): UNSAT in 18.51s
    cube 3124 (depth 0, 24 lits): UNSAT in 6.83s
    cube 3127 (depth 0, 24 lits): UNSAT in 248.91s
    cube 3130 (depth 0, 24 lits): UNSAT in 0.02s
    cube 3133 (depth 0, 24 lits): UNSAT in 0.02s
    cube 3136 (depth 0, 24 lits): UNSAT in 0.01s
    cube 3139 (depth 0, 24 lits): UNSAT in 0.01s
    cube 3142 (depth 0, 24 lits): UNSAT in 0.03s
    cube 3145 (depth 0, 24 lits): UNSAT in 0.06s
    cube 3148 (depth 0, 24 lits): UNSAT in 0.02s
    cube 3151 (depth 0, 24 lits): UNSAT in 0.01s
    cube 3154 (depth 0, 24 lits): UNSAT in 0.03s
    cube 3157 (depth 0, 24 lits): UNSAT in 0.02s
    cube 3160 (depth 0, 24 lits): UNSAT in 0.12s
    cube 3163 (depth 0, 24 lits): UNSAT in 0.02s
    cube 3166 (depth 0, 24 lits): UNSAT in 0.04s
    cube 3169 (depth 0, 24 lits): UNSAT in 0.03s
    cube 3172 (depth 0, 24 lits): UNSAT in 0.05s
    cube 3175 (depth 0, 24 lits): UNSAT in 0.02s
    cube 3178 (depth 0, 24 lits): UNSAT in 0.03s
    cube 3181 (depth 0, 24 lits): UNSAT in 0.30s
    cube 3184 (depth 0, 24 lits): UNSAT in 0.18s
    cube 3187 (depth 0, 24 lits): UNSAT in 0.52s
    cube 3190 (depth 0, 24 lits): UNSAT in 0.20s
    cube 3193 (depth 0, 24 lits): UNSAT in 13.70s
    cube 3196 (depth 0, 24 lits): UNSAT in 0.06s
    cube 3199 (depth 0, 24 lits): UNSAT in 0.08s
    cube 3202 (depth 0, 24 lits): UNSAT in 0.05s
    cube 3205 (depth 0, 24 lits): UNSAT in 0.51s
    cube 3208 (depth 0, 24 lits): UNSAT in 0.75s
    cube 3211 (depth 0, 24 lits): UNSAT in 0.04s
    cube 3214 (depth 0, 24 lits): UNSAT in 0.05s
    cube 3217 (depth 0, 24 lits): UNSAT in 0.34s
    cube 3220 (depth 0, 24 lits): UNSAT in 0.17s
    cube 3223 (depth 0, 24 lits): UNSAT in 3.54s
    cube 3226 (depth 0, 24 lits): UNSAT in 0.02s
    cube 3229 (depth 0, 24 lits): UNSAT in 0.13s
    cube 3232 (depth 0, 24 lits): UNSAT in 0.23s
    cube 3235 (depth 0, 24 lits): UNSAT in 0.28s
    cube 3238 (depth 0, 24 lits): UNSAT in 0.33s
    cube 3241 (depth 0, 24 lits): UNSAT in 36.67s
    cube 3244 (depth 0, 24 lits): UNSAT in 0.43s
    cube 3247 (depth 0, 24 lits): UNSAT in 1.48s
    cube 3250 (depth 0, 24 lits): UNSAT in 0.25s
    cube 3253 (depth 0, 24 lits): UNSAT in 31.31s
    cube 3256 (depth 0, 24 lits): UNSAT in 35.83s
    cube 3259 (depth 0, 24 lits): UNSAT in 0.02s
    cube 3262 (depth 0, 24 lits): UNSAT in 0.01s
    cube 3265 (depth 0, 24 lits): UNSAT in 0.07s
    cube 3268 (depth 0, 24 lits): UNSAT in 0.06s
    cube 3271 (depth 0, 24 lits): UNSAT in 0.26s
    cube 3274 (depth 0, 24 lits): UNSAT in 0.02s
    cube 3277 (depth 0, 24 lits): UNSAT in 0.46s
    cube 3280 (depth 0, 24 lits): UNSAT in 0.37s
    cube 3283 (depth 0, 24 lits): UNSAT in 0.69s
    cube 3286 (depth 0, 24 lits): UNSAT in 0.40s
    cube 3289 (depth 0, 24 lits): UNSAT in 63.67s
    cube 3292 (depth 0, 24 lits): UNSAT in 0.30s
    cube 3295 (depth 0, 24 lits): UNSAT in 0.22s
    cube 3298 (depth 0, 24 lits): UNSAT in 0.02s
    cube 3301 (depth 0, 24 lits): UNSAT in 0.45s
    cube 3304 (depth 0, 24 lits): UNSAT in 3.54s
    cube 3307 (depth 0, 24 lits): UNSAT in 0.22s
    cube 3310 (depth 0, 24 lits): UNSAT in 0.44s
    cube 3313 (depth 0, 24 lits): UNSAT in 35.62s
    cube 3316 (depth 0, 24 lits): UNSAT in 5.45s
    cube 3319 (depth 0, 24 lits): UNSAT in 119.90s
    cube 3322 (depth 0, 24 lits): UNSAT in 0.09s
    cube 3325 (depth 0, 24 lits): UNSAT in 0.52s
    cube 3328 (depth 0, 24 lits): UNSAT in 0.12s
    cube 3331 (depth 0, 24 lits): UNSAT in 0.20s
    cube 3334 (depth 0, 24 lits): UNSAT in 1.57s
    cube 3337 (depth 0, 24 lits): UNSAT in 228.83s
    cube 3340 (depth 0, 24 lits): UNSAT in 0.34s
    cube 3343 (depth 0, 24 lits): UNSAT in 1.78s
    cube 3346 (depth 0, 24 lits): UNSAT in 0.36s
    cube 3349 (depth 0, 24 lits): UNSAT in 24.63s
    cube 3352 (depth 0, 24 lits): UNSAT in 91.39s
    cube 3355 (depth 0, 24 lits): UNSAT in 3.30s
    cube 3358 (depth 0, 24 lits): UNSAT in 1.55s
    cube 3361 (depth 0, 24 lits): UNSAT in 502.44s
    cube 3364 (depth 0, 24 lits): UNSAT in 6.07s
    cube 3367 (depth 0, 24 lits): UNSAT in 38.56s
    cube 3370 (depth 0, 24 lits): UNSAT in 0.54s
    cube 3373 (depth 0, 24 lits): UNSAT in 249.94s
    cube 3376 (depth 0, 24 lits): UNSAT in 90.21s
    cube 3379 (depth 0, 24 lits): UNSAT in 304.54s
    cube 3382 (depth 0, 24 lits): UNSAT in 855.05s
    cube 3385 (depth 0, 24 lits): TIMEOUT in 2400.10s
    cube 3385 TIMEOUT -> re-split into 938 sub-cubes (depth 1)
    cube 3385.0 (depth 1, 33 lits): UNSAT in 0.01s
    cube 3385.1 (depth 1, 33 lits): UNSAT in 0.01s
    cube 3385.2 (depth 1, 33 lits): UNSAT in 0.01s
    cube 3385.3 (depth 1, 34 lits): UNSAT in 0.01s
    cube 3385.4 (depth 1, 34 lits): UNSAT in 0.02s
    cube 3385.5 (depth 1, 34 lits): UNSAT in 0.01s
    cube 3385.6 (depth 1, 34 lits): UNSAT in 0.01s
    cube 3385.7 (depth 1, 34 lits): UNSAT in 0.01s
    cube 3385.8 (depth 1, 34 lits): UNSAT in 0.02s
    cube 3385.9 (depth 1, 34 lits): UNSAT in 0.01s
    cube 3385.10 (depth 1, 34 lits): UNSAT in 0.02s
    cube 3385.11 (depth 1, 34 lits): UNSAT in 0.02s
    cube 3385.12 (depth 1, 34 lits): UNSAT in 0.03s
    cube 3385.13 (depth 1, 34 lits): UNSAT in 0.01s
    cube 3385.14 (depth 1, 34 lits): UNSAT in 0.02s
    cube 3385.15 (depth 1, 34 lits): UNSAT in 0.02s
    cube 3385.16 (depth 1, 34 lits): UNSAT in 0.02s
    cube 3385.17 (depth 1, 34 lits): UNSAT in 0.02s
    cube 3385.18 (depth 1, 34 lits): UNSAT in 0.03s
    cube 3385.19 (depth 1, 34 lits): UNSAT in 0.03s
    cube 3385.20 (depth 1, 34 lits): UNSAT in 0.03s
    cube 3385.21 (depth 1, 34 lits): UNSAT in 0.03s
    cube 3385.22 (depth 1, 34 lits): UNSAT in 0.04s
    cube 3385.23 (depth 1, 34 lits): UNSAT in 0.04s
    cube 3385.24 (depth 1, 34 lits): UNSAT in 0.07s
    cube 3385.25 (depth 1, 34 lits): UNSAT in 0.05s
    cube 3385.26 (depth 1, 34 lits): UNSAT in 0.06s
    cube 3385.27 (depth 1, 34 lits): UNSAT in 0.03s
    cube 3385.28 (depth 1, 34 lits): UNSAT in 0.05s
    cube 3385.29 (depth 1, 34 lits): UNSAT in 0.01s
    cube 3385.30 (depth 1, 34 lits): UNSAT in 0.01s
    cube 3385.31 (depth 1, 34 lits): UNSAT in 0.01s
    cube 3385.32 (depth 1, 34 lits): UNSAT in 0.01s
    cube 3385.33 (depth 1, 34 lits): UNSAT in 0.01s
    cube 3385.34 (depth 1, 34 lits): UNSAT in 0.01s
    cube 3385.35 (depth 1, 34 lits): UNSAT in 0.01s
    cube 3385.36 (depth 1, 34 lits): UNSAT in 0.02s
    cube 3385.37 (depth 1, 33 lits): UNSAT in 0.01s
    cube 3385.38 (depth 1, 33 lits): UNSAT in 0.02s
    cube 3385.39 (depth 1, 34 lits): UNSAT in 0.04s
    cube 3385.40 (depth 1, 34 lits): UNSAT in 0.05s
    cube 3385.41 (depth 1, 34 lits): UNSAT in 0.10s
    cube 3385.42 (depth 1, 34 lits): UNSAT in 0.27s
    cube 3385.43 (depth 1, 34 lits): UNSAT in 0.01s
    cube 3385.44 (depth 1, 34 lits): UNSAT in 0.03s
    cube 3385.45 (depth 1, 34 lits): UNSAT in 0.03s
    cube 3385.46 (depth 1, 34 lits): UNSAT in 0.07s
    cube 3385.47 (depth 1, 34 lits): UNSAT in 0.02s
    cube 3385.48 (depth 1, 34 lits): UNSAT in 0.09s
    cube 3385.49 (depth 1, 34 lits): UNSAT in 0.06s
    cube 3385.50 (depth 1, 34 lits): UNSAT in 0.19s
    cube 3385.51 (depth 1, 34 lits): UNSAT in 0.04s
    cube 3385.52 (depth 1, 34 lits): UNSAT in 0.05s
    cube 3385.53 (depth 1, 34 lits): UNSAT in 0.05s
    cube 3385.54 (depth 1, 34 lits): UNSAT in 0.17s
    cube 3385.55 (depth 1, 34 lits): UNSAT in 0.15s
    cube 3385.56 (depth 1, 34 lits): UNSAT in 0.24s
    cube 3385.57 (depth 1, 34 lits): UNSAT in 0.14s
    cube 3385.58 (depth 1, 34 lits): UNSAT in 0.55s
    cube 3385.59 (depth 1, 33 lits): UNSAT in 0.01s
    cube 3385.60 (depth 1, 34 lits): UNSAT in 0.02s
    cube 3385.61 (depth 1, 34 lits): UNSAT in 0.03s
    cube 3385.62 (depth 1, 34 lits): UNSAT in 0.01s
    cube 3385.63 (depth 1, 34 lits): UNSAT in 0.02s
    cube 3385.64 (depth 1, 34 lits): UNSAT in 0.02s
    cube 3385.65 (depth 1, 34 lits): UNSAT in 0.04s
    cube 3385.66 (depth 1, 34 lits): UNSAT in 0.01s
    cube 3385.67 (depth 1, 34 lits): UNSAT in 0.02s
    cube 3385.68 (depth 1, 34 lits): UNSAT in 0.02s
    cube 3385.69 (depth 1, 34 lits): UNSAT in 0.04s
    cube 3385.70 (depth 1, 34 lits): UNSAT in 0.05s
    cube 3385.71 (depth 1, 34 lits): UNSAT in 0.08s
    cube 3385.72 (depth 1, 34 lits): UNSAT in 0.10s
    cube 3385.73 (depth 1, 34 lits): UNSAT in 0.13s
    cube 3385.74 (depth 1, 34 lits): UNSAT in 0.01s
    cube 3385.75 (depth 1, 34 lits): UNSAT in 0.01s
    cube 3385.76 (depth 1, 34 lits): UNSAT in 0.02s
    cube 3385.77 (depth 1, 34 lits): UNSAT in 0.02s
    cube 3385.78 (depth 1, 34 lits): UNSAT in 0.01s
    cube 3385.79 (depth 1, 34 lits): UNSAT in 0.02s
    cube 3385.80 (depth 1, 34 lits): UNSAT in 0.06s
    cube 3385.81 (depth 1, 34 lits): UNSAT in 0.12s
    cube 3385.82 (depth 1, 34 lits): UNSAT in 0.05s
    cube 3385.83 (depth 1, 34 lits): UNSAT in 0.08s
    cube 3385.84 (depth 1, 34 lits): UNSAT in 0.08s
    cube 3385.85 (depth 1, 34 lits): UNSAT in 0.14s
    cube 3385.86 (depth 1, 34 lits): UNSAT in 0.07s
    cube 3385.87 (depth 1, 34 lits): UNSAT in 0.12s
    cube 3385.88 (depth 1, 34 lits): UNSAT in 0.10s
    cube 3385.89 (depth 1, 34 lits): UNSAT in 0.27s
    cube 3385.90 (depth 1, 34 lits): UNSAT in 0.01s
    cube 3385.91 (depth 1, 34 lits): UNSAT in 0.02s
    cube 3385.92 (depth 1, 34 lits): UNSAT in 0.02s
    cube 3385.93 (depth 1, 34 lits): UNSAT in 0.04s
    cube 3385.94 (depth 1, 34 lits): UNSAT in 0.03s
    cube 3385.95 (depth 1, 34 lits): UNSAT in 0.09s
    cube 3385.96 (depth 1, 34 lits): UNSAT in 0.09s
    cube 3385.97 (depth 1, 34 lits): UNSAT in 0.11s
    cube 3385.98 (depth 1, 34 lits): UNSAT in 0.06s
    cube 3385.99 (depth 1, 34 lits): UNSAT in 0.11s
    cube 3385.100 (depth 1, 34 lits): UNSAT in 0.09s
    cube 3385.101 (depth 1, 34 lits): UNSAT in 0.19s
    cube 3385.102 (depth 1, 34 lits): UNSAT in 0.10s
    cube 3385.103 (depth 1, 34 lits): UNSAT in 0.15s
    cube 3385.104 (depth 1, 34 lits): UNSAT in 0.15s
    cube 3385.105 (depth 1, 34 lits): UNSAT in 0.25s
    cube 3385.106 (depth 1, 34 lits): UNSAT in 0.02s
    cube 3385.107 (depth 1, 34 lits): UNSAT in 0.10s
    cube 3385.108 (depth 1, 34 lits): UNSAT in 0.09s
    cube 3385.109 (depth 1, 34 lits): UNSAT in 0.21s
    cube 3385.110 (depth 1, 34 lits): UNSAT in 0.07s
    cube 3385.111 (depth 1, 34 lits): UNSAT in 0.13s
    cube 3385.112 (depth 1, 34 lits): UNSAT in 0.29s
    cube 3385.113 (depth 1, 34 lits): UNSAT in 0.47s
    cube 3385.114 (depth 1, 34 lits): UNSAT in 0.09s
    cube 3385.115 (depth 1, 34 lits): UNSAT in 0.17s
    cube 3385.116 (depth 1, 34 lits): UNSAT in 0.13s
    cube 3385.117 (depth 1, 34 lits): UNSAT in 0.51s
    cube 3385.118 (depth 1, 34 lits): UNSAT in 0.16s
    cube 3385.119 (depth 1, 34 lits): UNSAT in 0.24s
    cube 3385.120 (depth 1, 34 lits): UNSAT in 0.31s
    cube 3385.121 (depth 1, 34 lits): UNSAT in 1.23s
    cube 3385.122 (depth 1, 32 lits): UNSAT in 0.01s
    cube 3385.123 (depth 1, 32 lits): UNSAT in 0.01s
    cube 3385.124 (depth 1, 33 lits): UNSAT in 0.01s
    cube 3385.125 (depth 1, 34 lits): UNSAT in 0.01s
    cube 3385.126 (depth 1, 34 lits): UNSAT in 0.02s
    cube 3385.127 (depth 1, 33 lits): UNSAT in 0.01s
    cube 3385.128 (depth 1, 34 lits): UNSAT in 0.02s
    cube 3385.129 (depth 1, 34 lits): UNSAT in 0.01s
    cube 3385.130 (depth 1, 32 lits): UNSAT in 0.01s
    cube 3385.131 (depth 1, 34 lits): UNSAT in 0.01s
    cube 3385.132 (depth 1, 34 lits): UNSAT in 0.01s
    cube 3385.133 (depth 1, 34 lits): UNSAT in 0.01s
    cube 3385.134 (depth 1, 34 lits): UNSAT in 0.01s
    cube 3385.135 (depth 1, 34 lits): UNSAT in 0.01s
    cube 3385.136 (depth 1, 34 lits): UNSAT in 0.01s
    cube 3385.137 (depth 1, 34 lits): UNSAT in 0.02s
    cube 3385.138 (depth 1, 34 lits): UNSAT in 0.02s
    cube 3385.139 (depth 1, 34 lits): UNSAT in 0.01s
    cube 3385.140 (depth 1, 34 lits): UNSAT in 0.02s
    cube 3385.141 (depth 1, 34 lits): UNSAT in 0.04s
    cube 3385.142 (depth 1, 34 lits): UNSAT in 0.05s
    cube 3385.143 (depth 1, 32 lits): UNSAT in 0.01s
    cube 3385.144 (depth 1, 34 lits): UNSAT in 0.01s
    cube 3385.145 (depth 1, 34 lits): UNSAT in 0.01s
    cube 3385.146 (depth 1, 34 lits): UNSAT in 0.01s
    cube 3385.147 (depth 1, 34 lits): UNSAT in 0.02s
    cube 3385.148 (depth 1, 34 lits): UNSAT in 0.01s
    cube 3385.149 (depth 1, 34 lits): UNSAT in 0.01s
    cube 3385.150 (depth 1, 34 lits): UNSAT in 0.01s
    cube 3385.151 (depth 1, 34 lits): UNSAT in 0.02s
    cube 3385.152 (depth 1, 34 lits): UNSAT in 0.01s
    cube 3385.153 (depth 1, 34 lits): UNSAT in 0.02s
    cube 3385.154 (depth 1, 34 lits): UNSAT in 0.02s
    cube 3385.155 (depth 1, 34 lits): UNSAT in 0.03s
    cube 3385.156 (depth 1, 34 lits): UNSAT in 0.01s
    cube 3385.157 (depth 1, 34 lits): UNSAT in 0.01s
    cube 3385.158 (depth 1, 34 lits): UNSAT in 0.01s
    cube 3385.159 (depth 1, 34 lits): UNSAT in 0.01s
    cube 3385.160 (depth 1, 34 lits): UNSAT in 0.02s
    cube 3385.161 (depth 1, 34 lits): UNSAT in 0.02s
    cube 3385.162 (depth 1, 34 lits): UNSAT in 0.02s
    cube 3385.163 (depth 1, 34 lits): UNSAT in 0.02s
    cube 3385.164 (depth 1, 34 lits): UNSAT in 0.02s
    cube 3385.165 (depth 1, 34 lits): UNSAT in 0.03s
    cube 3385.166 (depth 1, 34 lits): UNSAT in 0.01s
    cube 3385.167 (depth 1, 34 lits): UNSAT in 0.04s
    cube 3385.168 (depth 1, 34 lits): UNSAT in 0.03s
    cube 3385.169 (depth 1, 34 lits): UNSAT in 0.06s
    cube 3385.170 (depth 1, 34 lits): UNSAT in 0.03s
    cube 3385.171 (depth 1, 34 lits): UNSAT in 0.07s
    cube 3385.172 (depth 1, 33 lits): UNSAT in 0.01s
    cube 3385.173 (depth 1, 34 lits): UNSAT in 0.01s
    cube 3385.174 (depth 1, 34 lits): UNSAT in 0.02s
    cube 3385.175 (depth 1, 33 lits): UNSAT in 0.01s
    cube 3385.176 (depth 1, 34 lits): UNSAT in 0.01s
    cube 3385.177 (depth 1, 34 lits): UNSAT in 0.01s
    cube 3385.178 (depth 1, 34 lits): UNSAT in 0.01s
    cube 3385.179 (depth 1, 34 lits): UNSAT in 0.02s
    cube 3385.180 (depth 1, 34 lits): UNSAT in 0.02s
    cube 3385.181 (depth 1, 34 lits): UNSAT in 0.03s
    cube 3385.182 (depth 1, 34 lits): UNSAT in 0.01s
    cube 3385.183 (depth 1, 34 lits): UNSAT in 0.01s
    cube 3385.184 (depth 1, 34 lits): UNSAT in 0.03s
    cube 3385.185 (depth 1, 34 lits): UNSAT in 0.12s
    cube 3385.186 (depth 1, 33 lits): UNSAT in 0.01s
    cube 3385.187 (depth 1, 34 lits): UNSAT in 0.01s
    cube 3385.188 (depth 1, 34 lits): UNSAT in 0.02s
    cube 3385.189 (depth 1, 34 lits): UNSAT in 0.01s
    cube 3385.190 (depth 1, 34 lits): UNSAT in 0.01s
    cube 3385.191 (depth 1, 34 lits): UNSAT in 0.02s
    cube 3385.192 (depth 1, 34 lits): UNSAT in 0.07s
    cube 3385.193 (depth 1, 34 lits): UNSAT in 0.01s
    cube 3385.194 (depth 1, 34 lits): UNSAT in 0.02s
    cube 3385.195 (depth 1, 34 lits): UNSAT in 0.01s
    cube 3385.196 (depth 1, 34 lits): UNSAT in 0.02s
    cube 3385.197 (depth 1, 34 lits): UNSAT in 0.03s
    cube 3385.198 (depth 1, 34 lits): UNSAT in 0.04s
    cube 3385.199 (depth 1, 34 lits): UNSAT in 0.01s
    cube 3385.200 (depth 1, 34 lits): UNSAT in 0.26s
    cube 3385.201 (depth 1, 33 lits): UNSAT in 0.01s
    cube 3385.202 (depth 1, 34 lits): UNSAT in 0.01s
    cube 3385.203 (depth 1, 34 lits): UNSAT in 0.02s
    cube 3385.204 (depth 1, 34 lits): UNSAT in 0.01s
    cube 3385.205 (depth 1, 34 lits): UNSAT in 0.02s
    cube 3385.206 (depth 1, 34 lits): UNSAT in 0.02s
    cube 3385.207 (depth 1, 34 lits): UNSAT in 0.05s
    cube 3385.208 (depth 1, 34 lits): UNSAT in 0.02s
    cube 3385.209 (depth 1, 34 lits): UNSAT in 0.05s
    cube 3385.210 (depth 1, 34 lits): UNSAT in 0.02s
    cube 3385.211 (depth 1, 34 lits): UNSAT in 0.11s
    cube 3385.212 (depth 1, 34 lits): UNSAT in 0.02s
    cube 3385.213 (depth 1, 34 lits): UNSAT in 0.05s
    cube 3385.214 (depth 1, 34 lits): UNSAT in 0.09s
    cube 3385.215 (depth 1, 34 lits): UNSAT in 0.87s
    cube 3385.216 (depth 1, 34 lits): UNSAT in 0.01s
    cube 3385.217 (depth 1, 34 lits): UNSAT in 0.04s
    cube 3385.218 (depth 1, 34 lits): UNSAT in 0.04s
    cube 3385.219 (depth 1, 34 lits): UNSAT in 0.12s
    cube 3385.220 (depth 1, 34 lits): UNSAT in 0.02s
    cube 3385.221 (depth 1, 34 lits): UNSAT in 0.08s
    cube 3385.222 (depth 1, 34 lits): UNSAT in 0.13s
    cube 3385.223 (depth 1, 34 lits): UNSAT in 1.32s
    cube 3385.224 (depth 1, 34 lits): UNSAT in 0.03s
    cube 3385.225 (depth 1, 34 lits): UNSAT in 0.12s
    cube 3385.226 (depth 1, 34 lits): UNSAT in 0.24s
    cube 3385.227 (depth 1, 34 lits): UNSAT in 2.95s
    cube 3385.228 (depth 1, 34 lits): UNSAT in 0.32s
    cube 3385.229 (depth 1, 34 lits): UNSAT in 1.19s
    cube 3385.230 (depth 1, 34 lits): UNSAT in 4.01s
    cube 3385.231 (depth 1, 34 lits): UNSAT in 10.66s
    cube 3385.232 (depth 1, 32 lits): UNSAT in 0.01s
    cube 3385.233 (depth 1, 33 lits): UNSAT in 0.01s
    cube 3385.234 (depth 1, 34 lits): UNSAT in 0.01s
    cube 3385.235 (depth 1, 34 lits): UNSAT in 0.01s
    cube 3385.236 (depth 1, 32 lits): UNSAT in 0.01s
    cube 3385.237 (depth 1, 34 lits): UNSAT in 0.01s
    cube 3385.238 (depth 1, 34 lits): UNSAT in 0.01s
    cube 3385.239 (depth 1, 33 lits): UNSAT in 0.02s
    cube 3385.240 (depth 1, 32 lits): UNSAT in 0.01s
    cube 3385.241 (depth 1, 32 lits): UNSAT in 0.01s
    cube 3385.242 (depth 1, 33 lits): UNSAT in 0.01s
    cube 3385.243 (depth 1, 34 lits): UNSAT in 0.01s
    cube 3385.244 (depth 1, 34 lits): UNSAT in 0.01s
    cube 3385.245 (depth 1, 34 lits): UNSAT in 0.01s
    cube 3385.246 (depth 1, 34 lits): UNSAT in 0.01s
    cube 3385.247 (depth 1, 34 lits): UNSAT in 0.01s
    cube 3385.248 (depth 1, 34 lits): UNSAT in 0.02s
    cube 3385.249 (depth 1, 33 lits): UNSAT in 0.01s
    cube 3385.250 (depth 1, 33 lits): UNSAT in 0.01s
    cube 3385.251 (depth 1, 32 lits): UNSAT in 0.01s
    cube 3385.252 (depth 1, 34 lits): UNSAT in 0.01s
    cube 3385.253 (depth 1, 34 lits): UNSAT in 0.01s
    cube 3385.254 (depth 1, 33 lits): UNSAT in 0.01s
    cube 3385.255 (depth 1, 34 lits): UNSAT in 0.01s
    cube 3385.256 (depth 1, 34 lits): UNSAT in 0.01s
    cube 3385.257 (depth 1, 34 lits): UNSAT in 0.02s
    cube 3385.258 (depth 1, 34 lits): UNSAT in 0.01s
    cube 3385.259 (depth 1, 34 lits): UNSAT in 0.01s
    cube 3385.260 (depth 1, 34 lits): UNSAT in 0.01s
    cube 3385.261 (depth 1, 34 lits): UNSAT in 0.02s
    cube 3385.262 (depth 1, 34 lits): UNSAT in 0.03s
    cube 3385.263 (depth 1, 33 lits): UNSAT in 0.01s
    cube 3385.264 (depth 1, 34 lits): UNSAT in 0.02s
    cube 3385.265 (depth 1, 34 lits): UNSAT in 0.05s
    cube 3385.266 (depth 1, 34 lits): UNSAT in 0.01s
    cube 3385.267 (depth 1, 34 lits): UNSAT in 0.01s
    cube 3385.268 (depth 1, 34 lits): UNSAT in 0.01s
    cube 3385.269 (depth 1, 34 lits): UNSAT in 0.01s
    cube 3385.270 (depth 1, 34 lits): UNSAT in 0.01s
    cube 3385.271 (depth 1, 34 lits): UNSAT in 0.03s
    cube 3385.272 (depth 1, 34 lits): UNSAT in 0.01s
    cube 3385.273 (depth 1, 34 lits): UNSAT in 0.02s
    cube 3385.274 (depth 1, 33 lits): UNSAT in 0.01s
    cube 3385.275 (depth 1, 33 lits): UNSAT in 0.01s
    cube 3385.276 (depth 1, 33 lits): UNSAT in 0.01s
    cube 3385.277 (depth 1, 34 lits): UNSAT in 0.01s
    cube 3385.278 (depth 1, 34 lits): UNSAT in 0.01s
    cube 3385.279 (depth 1, 34 lits): UNSAT in 0.01s
    cube 3385.280 (depth 1, 34 lits): UNSAT in 0.01s
    cube 3385.281 (depth 1, 34 lits): UNSAT in 0.01s
    cube 3385.282 (depth 1, 34 lits): UNSAT in 0.02s
    cube 3385.283 (depth 1, 34 lits): UNSAT in 0.01s
    cube 3385.284 (depth 1, 34 lits): UNSAT in 0.01s
    cube 3385.285 (depth 1, 34 lits): UNSAT in 0.02s
    cube 3385.286 (depth 1, 34 lits): UNSAT in 0.06s
    cube 3385.287 (depth 1, 32 lits): UNSAT in 0.01s
    cube 3385.288 (depth 1, 34 lits): UNSAT in 0.01s
    cube 3385.289 (depth 1, 34 lits): UNSAT in 0.01s
    cube 3385.290 (depth 1, 34 lits): UNSAT in 0.01s
    cube 3385.291 (depth 1, 34 lits): UNSAT in 0.02s
    cube 3385.292 (depth 1, 34 lits): UNSAT in 0.01s
    cube 3385.293 (depth 1, 34 lits): UNSAT in 0.02s
    cube 3385.294 (depth 1, 34 lits): UNSAT in 0.01s
    cube 3385.295 (depth 1, 34 lits): UNSAT in 0.02s
    cube 3385.296 (depth 1, 34 lits): UNSAT in 0.02s
    cube 3385.297 (depth 1, 34 lits): UNSAT in 0.04s
    cube 3385.298 (depth 1, 34 lits): UNSAT in 0.01s
    cube 3385.299 (depth 1, 34 lits): UNSAT in 0.03s
    cube 3385.300 (depth 1, 34 lits): UNSAT in 0.02s
    cube 3385.301 (depth 1, 34 lits): UNSAT in 0.03s
    cube 3385.302 (depth 1, 34 lits): UNSAT in 0.04s
    cube 3385.303 (depth 1, 34 lits): UNSAT in 0.05s
    cube 3385.304 (depth 1, 34 lits): UNSAT in 0.05s
    cube 3385.305 (depth 1, 34 lits): UNSAT in 0.08s
    cube 3385.306 (depth 1, 34 lits): UNSAT in 0.07s
    cube 3385.307 (depth 1, 34 lits): UNSAT in 0.14s
    cube 3385.308 (depth 1, 34 lits): UNSAT in 0.01s
    cube 3385.309 (depth 1, 34 lits): UNSAT in 0.04s
    cube 3385.310 (depth 1, 34 lits): UNSAT in 0.05s
    cube 3385.311 (depth 1, 34 lits): UNSAT in 0.07s
    cube 3385.312 (depth 1, 34 lits): UNSAT in 0.08s
    cube 3385.313 (depth 1, 34 lits): UNSAT in 0.13s
    cube 3385.314 (depth 1, 34 lits): UNSAT in 0.22s
    cube 3385.315 (depth 1, 34 lits): UNSAT in 0.44s
    cube 3385.316 (depth 1, 34 lits): UNSAT in 0.02s
    cube 3385.317 (depth 1, 34 lits): UNSAT in 0.04s
    cube 3385.318 (depth 1, 34 lits): UNSAT in 0.10s
    cube 3385.319 (depth 1, 34 lits): UNSAT in 0.45s
    cube 3385.320 (depth 1, 34 lits): UNSAT in 0.07s
    cube 3385.321 (depth 1, 34 lits): UNSAT in 0.15s
    cube 3385.322 (depth 1, 34 lits): UNSAT in 0.27s
    cube 3385.323 (depth 1, 34 lits): UNSAT in 0.97s
    cube 3385.324 (depth 1, 34 lits): UNSAT in 0.08s
    cube 3385.325 (depth 1, 34 lits): UNSAT in 0.53s
    cube 3385.326 (depth 1, 34 lits): UNSAT in 0.14s
    cube 3385.327 (depth 1, 34 lits): UNSAT in 0.67s
    cube 3385.328 (depth 1, 34 lits): UNSAT in 0.24s
    cube 3385.329 (depth 1, 34 lits): UNSAT in 1.40s
    cube 3385.330 (depth 1, 34 lits): UNSAT in 2.88s
    cube 3385.331 (depth 1, 34 lits): UNSAT in 0.56s
    cube 3385.332 (depth 1, 34 lits): UNSAT in 0.02s
    cube 3385.333 (depth 1, 34 lits): UNSAT in 0.09s
    cube 3385.334 (depth 1, 34 lits): UNSAT in 0.03s
    cube 3385.335 (depth 1, 34 lits): UNSAT in 0.28s
    cube 3385.336 (depth 1, 34 lits): UNSAT in 0.20s
    cube 3385.337 (depth 1, 34 lits): UNSAT in 0.33s
    cube 3385.338 (depth 1, 34 lits): UNSAT in 0.33s
    cube 3385.339 (depth 1, 34 lits): UNSAT in 0.39s
    cube 3385.340 (depth 1, 34 lits): UNSAT in 0.15s
    cube 3385.341 (depth 1, 34 lits): UNSAT in 0.33s
    cube 3385.342 (depth 1, 34 lits): UNSAT in 0.22s
    cube 3385.343 (depth 1, 34 lits): UNSAT in 0.31s
    cube 3385.344 (depth 1, 34 lits): UNSAT in 0.28s
    cube 3385.345 (depth 1, 34 lits): UNSAT in 0.39s
    cube 3385.346 (depth 1, 34 lits): UNSAT in 0.45s
    cube 3385.347 (depth 1, 34 lits): UNSAT in 0.70s
    cube 3385.348 (depth 1, 34 lits): UNSAT in 0.01s
    cube 3385.349 (depth 1, 34 lits): UNSAT in 0.02s
    cube 3385.350 (depth 1, 34 lits): UNSAT in 0.01s
    cube 3385.351 (depth 1, 34 lits): UNSAT in 0.03s
    cube 3385.352 (depth 1, 34 lits): UNSAT in 0.01s
    cube 3385.353 (depth 1, 34 lits): UNSAT in 0.06s
    cube 3385.354 (depth 1, 34 lits): UNSAT in 0.07s
    cube 3385.355 (depth 1, 34 lits): UNSAT in 0.96s
    cube 3385.356 (depth 1, 34 lits): UNSAT in 0.03s
    cube 3385.357 (depth 1, 34 lits): UNSAT in 0.83s
    cube 3385.358 (depth 1, 34 lits): UNSAT in 0.59s
    cube 3385.359 (depth 1, 34 lits): UNSAT in 1.33s
    cube 3385.360 (depth 1, 34 lits): UNSAT in 0.50s
    cube 3385.361 (depth 1, 34 lits): UNSAT in 1.15s
    cube 3385.362 (depth 1, 34 lits): UNSAT in 1.57s
    cube 3385.363 (depth 1, 34 lits): UNSAT in 1.83s
    cube 3385.364 (depth 1, 34 lits): UNSAT in 0.02s
    cube 3385.365 (depth 1, 34 lits): UNSAT in 0.22s
    cube 3385.366 (depth 1, 34 lits): UNSAT in 0.32s
    cube 3385.367 (depth 1, 34 lits): UNSAT in 0.19s
    cube 3385.368 (depth 1, 34 lits): UNSAT in 0.47s
    cube 3385.369 (depth 1, 34 lits): UNSAT in 0.45s
    cube 3385.370 (depth 1, 34 lits): UNSAT in 0.34s
    cube 3385.371 (depth 1, 34 lits): UNSAT in 1.15s
    cube 3385.372 (depth 1, 34 lits): UNSAT in 0.03s
    cube 3385.373 (depth 1, 34 lits): UNSAT in 0.78s
    cube 3385.374 (depth 1, 34 lits): UNSAT in 0.58s
    cube 3385.375 (depth 1, 34 lits): UNSAT in 1.54s
    cube 3385.376 (depth 1, 34 lits): UNSAT in 1.18s
    cube 3385.377 (depth 1, 34 lits): UNSAT in 2.76s
    cube 3385.378 (depth 1, 34 lits): UNSAT in 1.38s
    cube 3385.379 (depth 1, 34 lits): UNSAT in 5.65s
    cube 3385.380 (depth 1, 34 lits): UNSAT in 0.01s
    cube 3385.381 (depth 1, 34 lits): UNSAT in 0.04s
    cube 3385.382 (depth 1, 34 lits): UNSAT in 0.07s
    cube 3385.383 (depth 1, 34 lits): UNSAT in 1.02s
    cube 3385.384 (depth 1, 34 lits): UNSAT in 0.58s
    cube 3385.385 (depth 1, 34 lits): UNSAT in 2.45s
    cube 3385.386 (depth 1, 34 lits): UNSAT in 1.41s
    cube 3385.387 (depth 1, 34 lits): UNSAT in 3.35s
    cube 3385.388 (depth 1, 34 lits): UNSAT in 0.51s
    cube 3385.389 (depth 1, 34 lits): UNSAT in 1.01s
    cube 3385.390 (depth 1, 34 lits): UNSAT in 0.89s
    cube 3385.391 (depth 1, 34 lits): UNSAT in 0.98s
    cube 3385.392 (depth 1, 34 lits): UNSAT in 0.91s
    cube 3385.393 (depth 1, 34 lits): UNSAT in 1.07s
    cube 3385.394 (depth 1, 34 lits): UNSAT in 6.95s
    cube 3385.395 (depth 1, 34 lits): UNSAT in 4.32s
    cube 3385.396 (depth 1, 34 lits): UNSAT in 0.01s
    cube 3385.397 (depth 1, 34 lits): UNSAT in 0.01s
    cube 3385.398 (depth 1, 33 lits): UNSAT in 0.01s
    cube 3385.399 (depth 1, 33 lits): UNSAT in 0.01s
    cube 3385.400 (depth 1, 34 lits): UNSAT in 0.01s
    cube 3385.401 (depth 1, 34 lits): UNSAT in 0.02s
    cube 3385.402 (depth 1, 33 lits): UNSAT in 0.01s
    cube 3385.403 (depth 1, 34 lits): UNSAT in 0.01s
    cube 3385.404 (depth 1, 34 lits): UNSAT in 0.02s
    cube 3385.405 (depth 1, 33 lits): UNSAT in 0.01s
    cube 3385.406 (depth 1, 34 lits): UNSAT in 0.01s
    cube 3385.407 (depth 1, 34 lits): UNSAT in 0.01s
    cube 3385.408 (depth 1, 33 lits): UNSAT in 0.01s
    cube 3385.409 (depth 1, 34 lits): UNSAT in 0.01s
    cube 3385.410 (depth 1, 34 lits): UNSAT in 0.02s
    cube 3385.411 (depth 1, 34 lits): UNSAT in 0.05s
    cube 3385.412 (depth 1, 34 lits): UNSAT in 0.08s
    cube 3385.413 (depth 1, 34 lits): UNSAT in 0.08s
    cube 3385.414 (depth 1, 34 lits): UNSAT in 0.15s
    cube 3385.415 (depth 1, 34 lits): UNSAT in 0.05s
    cube 3385.416 (depth 1, 34 lits): UNSAT in 0.27s
    cube 3385.417 (depth 1, 34 lits): UNSAT in 0.11s
    cube 3385.418 (depth 1, 34 lits): UNSAT in 0.43s
    cube 3385.419 (depth 1, 34 lits): UNSAT in 0.07s
    cube 3385.420 (depth 1, 34 lits): UNSAT in 0.28s
    cube 3385.421 (depth 1, 34 lits): UNSAT in 1.32s
    cube 3385.422 (depth 1, 34 lits): UNSAT in 1.97s
    cube 3385.423 (depth 1, 34 lits): UNSAT in 0.01s
    cube 3385.424 (depth 1, 34 lits): UNSAT in 0.03s
    cube 3385.425 (depth 1, 34 lits): UNSAT in 0.05s
    cube 3385.426 (depth 1, 34 lits): UNSAT in 0.04s
    cube 3385.427 (depth 1, 34 lits): UNSAT in 0.03s
    cube 3385.428 (depth 1, 34 lits): UNSAT in 0.02s
    cube 3385.429 (depth 1, 34 lits): UNSAT in 0.10s
    cube 3385.430 (depth 1, 34 lits): UNSAT in 0.11s
    cube 3385.431 (depth 1, 34 lits): UNSAT in 0.12s
    cube 3385.432 (depth 1, 34 lits): UNSAT in 0.22s
    cube 3385.433 (depth 1, 34 lits): UNSAT in 0.04s
    cube 3385.434 (depth 1, 34 lits): UNSAT in 0.42s
    cube 3385.435 (depth 1, 34 lits): UNSAT in 0.11s
    cube 3385.436 (depth 1, 34 lits): UNSAT in 1.23s
    cube 3385.437 (depth 1, 34 lits): UNSAT in 3.35s
    cube 3385.438 (depth 1, 34 lits): UNSAT in 9.17s
    cube 3385.439 (depth 1, 34 lits): UNSAT in 0.02s
    cube 3385.440 (depth 1, 34 lits): UNSAT in 0.02s
    cube 3385.441 (depth 1, 34 lits): UNSAT in 0.03s
    cube 3385.442 (depth 1, 34 lits): UNSAT in 0.03s
    cube 3385.443 (depth 1, 34 lits): UNSAT in 0.04s
    cube 3385.444 (depth 1, 34 lits): UNSAT in 0.25s
    cube 3385.445 (depth 1, 34 lits): UNSAT in 0.15s
    cube 3385.446 (depth 1, 34 lits): UNSAT in 4.82s
    cube 3385.447 (depth 1, 34 lits): UNSAT in 0.02s
    cube 3385.448 (depth 1, 34 lits): UNSAT in 0.13s
    cube 3385.449 (depth 1, 34 lits): UNSAT in 0.33s
    cube 3385.450 (depth 1, 34 lits): UNSAT in 4.68s
    cube 3385.451 (depth 1, 34 lits): UNSAT in 0.12s
    cube 3385.452 (depth 1, 34 lits): UNSAT in 6.47s
    cube 3385.453 (depth 1, 34 lits): UNSAT in 7.09s
    cube 3385.454 (depth 1, 34 lits): UNSAT in 5.88s
    cube 3385.455 (depth 1, 31 lits): UNSAT in 0.01s
    cube 3385.456 (depth 1, 32 lits): UNSAT in 0.01s
    cube 3385.457 (depth 1, 34 lits): UNSAT in 0.01s
    cube 3385.458 (depth 1, 34 lits): UNSAT in 0.01s
    cube 3385.459 (depth 1, 33 lits): UNSAT in 0.02s
    cube 3385.460 (depth 1, 33 lits): UNSAT in 0.01s
    cube 3385.461 (depth 1, 34 lits): UNSAT in 0.01s
    cube 3385.462 (depth 1, 34 lits): UNSAT in 0.02s
    cube 3385.463 (depth 1, 33 lits): UNSAT in 0.01s
    cube 3385.464 (depth 1, 34 lits): UNSAT in 0.02s
    cube 3385.465 (depth 1, 34 lits): UNSAT in 0.02s
    cube 3385.466 (depth 1, 33 lits): UNSAT in 0.01s
    cube 3385.467 (depth 1, 34 lits): UNSAT in 0.02s
    cube 3385.468 (depth 1, 34 lits): UNSAT in 0.02s
    cube 3385.469 (depth 1, 34 lits): UNSAT in 0.02s
    cube 3385.470 (depth 1, 34 lits): UNSAT in 0.02s
    cube 3385.471 (depth 1, 34 lits): UNSAT in 0.02s
    cube 3385.472 (depth 1, 34 lits): UNSAT in 0.04s
    cube 3385.473 (depth 1, 33 lits): UNSAT in 0.01s
    cube 3385.474 (depth 1, 33 lits): UNSAT in 0.01s
    cube 3385.475 (depth 1, 33 lits): UNSAT in 0.01s
    cube 3385.476 (depth 1, 34 lits): UNSAT in 0.01s
    cube 3385.477 (depth 1, 34 lits): UNSAT in 0.02s
    cube 3385.478 (depth 1, 34 lits): UNSAT in 0.01s
    cube 3385.479 (depth 1, 34 lits): UNSAT in 0.01s
    cube 3385.480 (depth 1, 34 lits): UNSAT in 0.01s
    cube 3385.481 (depth 1, 34 lits): UNSAT in 0.02s
    cube 3385.482 (depth 1, 34 lits): UNSAT in 0.01s
    cube 3385.483 (depth 1, 34 lits): UNSAT in 0.02s
    cube 3385.484 (depth 1, 34 lits): UNSAT in 0.04s
    cube 3385.485 (depth 1, 34 lits): UNSAT in 0.02s
    cube 3385.486 (depth 1, 34 lits): UNSAT in 0.01s
    cube 3385.487 (depth 1, 34 lits): UNSAT in 0.01s
    cube 3385.488 (depth 1, 34 lits): UNSAT in 0.01s
    cube 3385.489 (depth 1, 34 lits): UNSAT in 0.03s
    cube 3385.490 (depth 1, 34 lits): UNSAT in 0.02s
    cube 3385.491 (depth 1, 34 lits): UNSAT in 0.01s
    cube 3385.492 (depth 1, 34 lits): UNSAT in 0.02s
    cube 3385.493 (depth 1, 34 lits): UNSAT in 0.02s
    cube 3385.494 (depth 1, 34 lits): UNSAT in 0.01s
    cube 3385.495 (depth 1, 34 lits): UNSAT in 0.01s
    cube 3385.496 (depth 1, 34 lits): UNSAT in 0.02s
    cube 3385.497 (depth 1, 34 lits): UNSAT in 0.01s
    cube 3385.498 (depth 1, 34 lits): UNSAT in 0.03s
    cube 3385.499 (depth 1, 34 lits): UNSAT in 0.07s
    cube 3385.500 (depth 1, 34 lits): UNSAT in 0.03s
    cube 3385.501 (depth 1, 34 lits): UNSAT in 0.02s
    cube 3385.502 (depth 1, 32 lits): UNSAT in 0.01s
    cube 3385.503 (depth 1, 33 lits): UNSAT in 0.01s
    cube 3385.504 (depth 1, 34 lits): UNSAT in 0.02s
    cube 3385.505 (depth 1, 34 lits): UNSAT in 0.02s
    cube 3385.506 (depth 1, 34 lits): UNSAT in 0.01s
    cube 3385.507 (depth 1, 34 lits): UNSAT in 0.01s
    cube 3385.508 (depth 1, 34 lits): UNSAT in 0.01s
    cube 3385.509 (depth 1, 34 lits): UNSAT in 0.02s
    cube 3385.510 (depth 1, 34 lits): UNSAT in 0.02s
    cube 3385.511 (depth 1, 34 lits): UNSAT in 0.02s
    cube 3385.512 (depth 1, 34 lits): UNSAT in 0.03s
    cube 3385.513 (depth 1, 34 lits): UNSAT in 0.02s
    cube 3385.514 (depth 1, 34 lits): UNSAT in 0.02s
    cube 3385.515 (depth 1, 34 lits): UNSAT in 0.02s
    cube 3385.516 (depth 1, 34 lits): UNSAT in 0.01s
    cube 3385.517 (depth 1, 34 lits): UNSAT in 0.03s
    cube 3385.518 (depth 1, 34 lits): UNSAT in 0.02s
    cube 3385.519 (depth 1, 34 lits): UNSAT in 0.01s
    cube 3385.520 (depth 1, 34 lits): UNSAT in 0.02s
    cube 3385.521 (depth 1, 34 lits): UNSAT in 0.04s
    cube 3385.522 (depth 1, 34 lits): UNSAT in 0.01s
    cube 3385.523 (depth 1, 34 lits): UNSAT in 0.03s
    cube 3385.524 (depth 1, 34 lits): UNSAT in 0.04s
    cube 3385.525 (depth 1, 34 lits): UNSAT in 0.06s
    cube 3385.526 (depth 1, 34 lits): UNSAT in 0.03s
    cube 3385.527 (depth 1, 34 lits): UNSAT in 0.04s
    cube 3385.528 (depth 1, 34 lits): UNSAT in 0.11s
    cube 3385.529 (depth 1, 34 lits): UNSAT in 0.17s
    cube 3385.530 (depth 1, 34 lits): UNSAT in 0.01s
    cube 3385.531 (depth 1, 34 lits): UNSAT in 0.02s
    cube 3385.532 (depth 1, 34 lits): UNSAT in 0.02s
    cube 3385.533 (depth 1, 34 lits): UNSAT in 0.01s
    cube 3385.534 (depth 1, 34 lits): UNSAT in 0.02s
    cube 3385.535 (depth 1, 34 lits): UNSAT in 0.03s
    cube 3385.536 (depth 1, 34 lits): UNSAT in 0.03s
    cube 3385.537 (depth 1, 34 lits): UNSAT in 0.04s
    cube 3385.538 (depth 1, 33 lits): UNSAT in 0.01s
    cube 3385.539 (depth 1, 34 lits): UNSAT in 0.01s
    cube 3385.540 (depth 1, 34 lits): UNSAT in 0.01s
    cube 3385.541 (depth 1, 34 lits): UNSAT in 0.03s
    cube 3385.542 (depth 1, 34 lits): UNSAT in 0.06s
    cube 3385.543 (depth 1, 34 lits): UNSAT in 0.04s
    cube 3385.544 (depth 1, 34 lits): UNSAT in 0.03s
    cube 3385.545 (depth 1, 34 lits): UNSAT in 0.02s
    cube 3385.546 (depth 1, 34 lits): UNSAT in 0.03s
    cube 3385.547 (depth 1, 34 lits): UNSAT in 0.02s
    cube 3385.548 (depth 1, 34 lits): UNSAT in 0.05s
    cube 3385.549 (depth 1, 34 lits): UNSAT in 0.04s
    cube 3385.550 (depth 1, 34 lits): UNSAT in 0.05s
    cube 3385.551 (depth 1, 34 lits): UNSAT in 0.09s
    cube 3385.552 (depth 1, 34 lits): UNSAT in 0.56s
    cube 3385.553 (depth 1, 34 lits): UNSAT in 0.02s
    cube 3385.554 (depth 1, 34 lits): UNSAT in 0.03s
    cube 3385.555 (depth 1, 34 lits): UNSAT in 0.11s
    cube 3385.556 (depth 1, 34 lits): UNSAT in 0.11s
    cube 3385.557 (depth 1, 34 lits): UNSAT in 0.07s
    cube 3385.558 (depth 1, 34 lits): UNSAT in 0.07s
    cube 3385.559 (depth 1, 34 lits): UNSAT in 0.23s
    cube 3385.560 (depth 1, 34 lits): UNSAT in 0.09s
    cube 3385.561 (depth 1, 34 lits): UNSAT in 0.01s
    cube 3385.562 (depth 1, 34 lits): UNSAT in 0.01s
    cube 3385.563 (depth 1, 34 lits): UNSAT in 0.01s
    cube 3385.564 (depth 1, 34 lits): UNSAT in 0.01s
    cube 3385.565 (depth 1, 34 lits): UNSAT in 0.01s
    cube 3385.566 (depth 1, 34 lits): UNSAT in 0.03s
    cube 3385.567 (depth 1, 34 lits): UNSAT in 0.02s
    cube 3385.568 (depth 1, 34 lits): UNSAT in 0.01s
    cube 3385.569 (depth 1, 34 lits): UNSAT in 0.01s
    cube 3385.570 (depth 1, 34 lits): UNSAT in 0.01s
    cube 3385.571 (depth 1, 34 lits): UNSAT in 0.02s
    cube 3385.572 (depth 1, 34 lits): UNSAT in 0.01s
    cube 3385.573 (depth 1, 34 lits): UNSAT in 0.01s
    cube 3385.574 (depth 1, 34 lits): UNSAT in 0.03s
    cube 3385.575 (depth 1, 34 lits): UNSAT in 0.03s
    cube 3385.576 (depth 1, 34 lits): UNSAT in 0.02s
    cube 3385.577 (depth 1, 33 lits): UNSAT in 0.01s
    cube 3385.578 (depth 1, 33 lits): UNSAT in 0.01s
    cube 3385.579 (depth 1, 34 lits): UNSAT in 0.01s
    cube 3385.580 (depth 1, 34 lits): UNSAT in 0.02s
    cube 3385.581 (depth 1, 34 lits): UNSAT in 0.03s
    cube 3385.582 (depth 1, 34 lits): UNSAT in 0.02s
    cube 3385.583 (depth 1, 34 lits): UNSAT in 0.02s
    cube 3385.584 (depth 1, 34 lits): UNSAT in 0.04s
    cube 3385.585 (depth 1, 34 lits): UNSAT in 0.01s
    cube 3385.586 (depth 1, 34 lits): UNSAT in 0.06s
    cube 3385.587 (depth 1, 34 lits): UNSAT in 0.02s
    cube 3385.588 (depth 1, 34 lits): UNSAT in 0.03s
    cube 3385.589 (depth 1, 34 lits): UNSAT in 0.05s
    cube 3385.590 (depth 1, 34 lits): UNSAT in 0.08s
    cube 3385.591 (depth 1, 33 lits): UNSAT in 0.02s
    cube 3385.592 (depth 1, 34 lits): UNSAT in 0.02s
    cube 3385.593 (depth 1, 34 lits): UNSAT in 0.02s
    cube 3385.594 (depth 1, 34 lits): UNSAT in 0.01s
    cube 3385.595 (depth 1, 34 lits): UNSAT in 0.02s
    cube 3385.596 (depth 1, 34 lits): UNSAT in 0.02s
    cube 3385.597 (depth 1, 34 lits): UNSAT in 0.05s
    cube 3385.598 (depth 1, 34 lits): UNSAT in 0.02s
    cube 3385.599 (depth 1, 34 lits): UNSAT in 0.01s
    cube 3385.600 (depth 1, 34 lits): UNSAT in 0.01s
    cube 3385.601 (depth 1, 34 lits): UNSAT in 0.05s
    cube 3385.602 (depth 1, 34 lits): UNSAT in 0.01s
    cube 3385.603 (depth 1, 34 lits): UNSAT in 0.02s
    cube 3385.604 (depth 1, 34 lits): UNSAT in 0.04s
    cube 3385.605 (depth 1, 34 lits): UNSAT in 0.04s
    cube 3385.606 (depth 1, 34 lits): UNSAT in 0.01s
    cube 3385.607 (depth 1, 34 lits): UNSAT in 0.01s
    cube 3385.608 (depth 1, 34 lits): UNSAT in 0.01s
    cube 3385.609 (depth 1, 34 lits): UNSAT in 0.01s
    cube 3385.610 (depth 1, 34 lits): UNSAT in 0.02s
    cube 3385.611 (depth 1, 34 lits): UNSAT in 0.02s
    cube 3385.612 (depth 1, 34 lits): UNSAT in 0.02s
    cube 3385.613 (depth 1, 34 lits): UNSAT in 0.04s
    cube 3385.614 (depth 1, 34 lits): UNSAT in 0.02s
    cube 3385.615 (depth 1, 34 lits): UNSAT in 0.05s
    cube 3385.616 (depth 1, 34 lits): UNSAT in 0.08s
    cube 3385.617 (depth 1, 34 lits): UNSAT in 0.54s
    cube 3385.618 (depth 1, 34 lits): UNSAT in 0.04s
    cube 3385.619 (depth 1, 34 lits): UNSAT in 0.07s
    cube 3385.620 (depth 1, 34 lits): UNSAT in 0.18s
    cube 3385.621 (depth 1, 34 lits): UNSAT in 0.54s
    cube 3385.622 (depth 1, 34 lits): UNSAT in 0.01s
    cube 3385.623 (depth 1, 34 lits): UNSAT in 0.01s
    cube 3385.624 (depth 1, 34 lits): UNSAT in 0.01s
    cube 3385.625 (depth 1, 34 lits): UNSAT in 0.02s
    cube 3385.626 (depth 1, 34 lits): UNSAT in 0.02s
    cube 3385.627 (depth 1, 34 lits): UNSAT in 0.01s
    cube 3385.628 (depth 1, 34 lits): UNSAT in 0.01s
    cube 3385.629 (depth 1, 34 lits): UNSAT in 0.01s
    cube 3385.630 (depth 1, 34 lits): UNSAT in 0.01s
    cube 3385.631 (depth 1, 34 lits): UNSAT in 0.02s
    cube 3385.632 (depth 1, 34 lits): UNSAT in 0.02s
    cube 3385.633 (depth 1, 34 lits): UNSAT in 0.03s
    cube 3385.634 (depth 1, 34 lits): UNSAT in 0.03s
    cube 3385.635 (depth 1, 34 lits): UNSAT in 0.03s
    cube 3385.636 (depth 1, 34 lits): UNSAT in 0.05s
    cube 3385.637 (depth 1, 34 lits): UNSAT in 0.06s
    cube 3385.638 (depth 1, 34 lits): UNSAT in 0.01s
    cube 3385.639 (depth 1, 34 lits): UNSAT in 0.02s
    cube 3385.640 (depth 1, 34 lits): UNSAT in 0.02s
    cube 3385.641 (depth 1, 34 lits): UNSAT in 0.03s
    cube 3385.642 (depth 1, 34 lits): UNSAT in 0.01s
    cube 3385.643 (depth 1, 34 lits): UNSAT in 0.02s
    cube 3385.644 (depth 1, 34 lits): UNSAT in 0.03s
    cube 3385.645 (depth 1, 34 lits): UNSAT in 0.01s
    cube 3385.646 (depth 1, 34 lits): UNSAT in 0.04s
    cube 3385.647 (depth 1, 34 lits): UNSAT in 0.02s
    cube 3385.648 (depth 1, 34 lits): UNSAT in 0.04s
    cube 3385.649 (depth 1, 34 lits): UNSAT in 0.13s
    cube 3385.650 (depth 1, 34 lits): UNSAT in 0.08s
    cube 3385.651 (depth 1, 34 lits): UNSAT in 0.12s
    cube 3385.652 (depth 1, 34 lits): UNSAT in 0.22s
    cube 3385.653 (depth 1, 34 lits): UNSAT in 1.47s
    cube 3385.654 (depth 1, 34 lits): UNSAT in 0.01s
    cube 3385.655 (depth 1, 34 lits): UNSAT in 0.13s
    cube 3385.656 (depth 1, 34 lits): UNSAT in 0.11s
    cube 3385.657 (depth 1, 34 lits): UNSAT in 0.33s
    cube 3385.658 (depth 1, 34 lits): UNSAT in 0.03s
    cube 3385.659 (depth 1, 34 lits): UNSAT in 0.12s
    cube 3385.660 (depth 1, 34 lits): UNSAT in 0.18s
    cube 3385.661 (depth 1, 34 lits): UNSAT in 0.81s
    cube 3385.662 (depth 1, 34 lits): UNSAT in 0.03s
    cube 3385.663 (depth 1, 34 lits): UNSAT in 0.18s
    cube 3385.664 (depth 1, 34 lits): UNSAT in 0.11s
    cube 3385.665 (depth 1, 34 lits): UNSAT in 0.26s
    cube 3385.666 (depth 1, 34 lits): UNSAT in 0.09s
    cube 3385.667 (depth 1, 34 lits): UNSAT in 0.65s
    cube 3385.668 (depth 1, 34 lits): UNSAT in 0.60s
    cube 3385.669 (depth 1, 34 lits): UNSAT in 2.49s
    cube 3385.670 (depth 1, 34 lits): UNSAT in 0.05s
    cube 3385.671 (depth 1, 34 lits): UNSAT in 0.15s
    cube 3385.672 (depth 1, 34 lits): UNSAT in 0.15s
    cube 3385.673 (depth 1, 34 lits): UNSAT in 1.05s
    cube 3385.674 (depth 1, 34 lits): UNSAT in 0.18s
    cube 3385.675 (depth 1, 34 lits): UNSAT in 0.58s
    cube 3385.676 (depth 1, 34 lits): UNSAT in 0.91s
    cube 3385.677 (depth 1, 34 lits): UNSAT in 10.89s
    cube 3385.678 (depth 1, 34 lits): UNSAT in 0.05s
    cube 3385.679 (depth 1, 34 lits): UNSAT in 0.31s
    cube 3385.680 (depth 1, 34 lits): UNSAT in 0.79s
    cube 3385.681 (depth 1, 34 lits): UNSAT in 4.41s
    cube 3385.682 (depth 1, 34 lits): UNSAT in 0.58s
    cube 3385.683 (depth 1, 34 lits): UNSAT in 5.93s
    cube 3385.684 (depth 1, 34 lits): UNSAT in 1.23s
    cube 3385.685 (depth 1, 34 lits): UNSAT in 5.88s
    cube 3385.686 (depth 1, 34 lits): UNSAT in 0.01s
    cube 3385.687 (depth 1, 34 lits): UNSAT in 0.01s
    cube 3385.688 (depth 1, 34 lits): UNSAT in 0.01s
    cube 3385.689 (depth 1, 34 lits): UNSAT in 0.02s
    cube 3385.690 (depth 1, 33 lits): UNSAT in 0.01s
    cube 3385.691 (depth 1, 34 lits): UNSAT in 0.02s
    cube 3385.692 (depth 1, 34 lits): UNSAT in 0.05s
    cube 3385.693 (depth 1, 34 lits): UNSAT in 0.02s
    cube 3385.694 (depth 1, 34 lits): UNSAT in 0.05s
    cube 3385.695 (depth 1, 34 lits): UNSAT in 0.06s
    cube 3385.696 (depth 1, 34 lits): UNSAT in 0.16s
    cube 3385.697 (depth 1, 34 lits): UNSAT in 0.02s
    cube 3385.698 (depth 1, 34 lits): UNSAT in 0.10s
    cube 3385.699 (depth 1, 34 lits): UNSAT in 0.09s
    cube 3385.700 (depth 1, 34 lits): UNSAT in 0.27s
    cube 3385.701 (depth 1, 34 lits): UNSAT in 0.01s
    cube 3385.702 (depth 1, 34 lits): UNSAT in 0.03s
    cube 3385.703 (depth 1, 34 lits): UNSAT in 0.01s
    cube 3385.704 (depth 1, 34 lits): UNSAT in 0.04s
    cube 3385.705 (depth 1, 34 lits): UNSAT in 0.03s
    cube 3385.706 (depth 1, 34 lits): UNSAT in 0.04s
    cube 3385.707 (depth 1, 34 lits): UNSAT in 0.09s
    cube 3385.708 (depth 1, 34 lits): UNSAT in 0.14s
    cube 3385.709 (depth 1, 34 lits): UNSAT in 0.02s
    cube 3385.710 (depth 1, 34 lits): UNSAT in 0.04s
    cube 3385.711 (depth 1, 34 lits): UNSAT in 0.07s
    cube 3385.712 (depth 1, 34 lits): UNSAT in 0.45s
    cube 3385.713 (depth 1, 34 lits): UNSAT in 0.02s
    cube 3385.714 (depth 1, 34 lits): UNSAT in 0.04s
    cube 3385.715 (depth 1, 34 lits): UNSAT in 0.46s
    cube 3385.716 (depth 1, 34 lits): UNSAT in 0.89s
    cube 3385.717 (depth 1, 34 lits): UNSAT in 0.01s
    cube 3385.718 (depth 1, 34 lits): UNSAT in 0.02s
    cube 3385.719 (depth 1, 34 lits): UNSAT in 0.01s
    cube 3385.720 (depth 1, 34 lits): UNSAT in 0.02s
    cube 3385.721 (depth 1, 33 lits): UNSAT in 0.02s
    cube 3385.722 (depth 1, 34 lits): UNSAT in 0.01s
    cube 3385.723 (depth 1, 34 lits): UNSAT in 0.02s
    cube 3385.724 (depth 1, 34 lits): UNSAT in 0.04s
    cube 3385.725 (depth 1, 34 lits): UNSAT in 0.07s
    cube 3385.726 (depth 1, 34 lits): UNSAT in 0.04s
    cube 3385.727 (depth 1, 34 lits): UNSAT in 0.12s
    cube 3385.728 (depth 1, 34 lits): UNSAT in 0.04s
    cube 3385.729 (depth 1, 34 lits): UNSAT in 0.23s
    cube 3385.730 (depth 1, 34 lits): UNSAT in 0.17s
    cube 3385.731 (depth 1, 34 lits): UNSAT in 0.61s
    cube 3385.732 (depth 1, 34 lits): UNSAT in 0.02s
    cube 3385.733 (depth 1, 34 lits): UNSAT in 0.05s
    cube 3385.734 (depth 1, 34 lits): UNSAT in 0.08s
    cube 3385.735 (depth 1, 34 lits): UNSAT in 0.21s
    cube 3385.736 (depth 1, 34 lits): UNSAT in 0.06s
    cube 3385.737 (depth 1, 34 lits): UNSAT in 0.23s
    cube 3385.738 (depth 1, 34 lits): UNSAT in 0.41s
    cube 3385.739 (depth 1, 34 lits): UNSAT in 1.12s
    cube 3385.740 (depth 1, 34 lits): UNSAT in 0.24s
    cube 3385.741 (depth 1, 34 lits): UNSAT in 0.88s
    cube 3385.742 (depth 1, 34 lits): UNSAT in 0.49s
    cube 3385.743 (depth 1, 34 lits): UNSAT in 4.46s
    cube 3385.744 (depth 1, 34 lits): UNSAT in 0.55s
    cube 3385.745 (depth 1, 34 lits): UNSAT in 6.24s
    cube 3385.746 (depth 1, 34 lits): UNSAT in 3.94s
    cube 3385.747 (depth 1, 34 lits): UNSAT in 16.56s
    cube 3385.748 (depth 1, 34 lits): UNSAT in 0.01s
    cube 3385.749 (depth 1, 34 lits): UNSAT in 0.01s
    cube 3385.750 (depth 1, 34 lits): UNSAT in 0.01s
    cube 3385.751 (depth 1, 34 lits): UNSAT in 0.02s
    cube 3385.752 (depth 1, 34 lits): UNSAT in 0.01s
    cube 3385.753 (depth 1, 34 lits): UNSAT in 0.02s
    cube 3385.754 (depth 1, 34 lits): UNSAT in 0.02s
    cube 3385.755 (depth 1, 34 lits): UNSAT in 0.04s
    cube 3385.756 (depth 1, 34 lits): UNSAT in 0.02s
    cube 3385.757 (depth 1, 34 lits): UNSAT in 0.04s
    cube 3385.758 (depth 1, 34 lits): UNSAT in 0.02s
    cube 3385.759 (depth 1, 34 lits): UNSAT in 0.12s
    cube 3385.760 (depth 1, 34 lits): UNSAT in 0.02s
    cube 3385.761 (depth 1, 34 lits): UNSAT in 0.05s
    cube 3385.762 (depth 1, 34 lits): UNSAT in 0.13s
    cube 3385.763 (depth 1, 34 lits): UNSAT in 0.21s
    cube 3385.764 (depth 1, 34 lits): UNSAT in 0.01s
    cube 3385.765 (depth 1, 34 lits): UNSAT in 0.01s
    cube 3385.766 (depth 1, 33 lits): UNSAT in 0.02s
    cube 3385.767 (depth 1, 34 lits): UNSAT in 0.01s
    cube 3385.768 (depth 1, 34 lits): UNSAT in 0.06s
    cube 3385.769 (depth 1, 34 lits): UNSAT in 0.07s
    cube 3385.770 (depth 1, 34 lits): UNSAT in 0.18s
    cube 3385.771 (depth 1, 34 lits): UNSAT in 0.02s
    cube 3385.772 (depth 1, 34 lits): UNSAT in 0.05s
    cube 3385.773 (depth 1, 34 lits): UNSAT in 0.09s
    cube 3385.774 (depth 1, 34 lits): UNSAT in 0.77s
    cube 3385.775 (depth 1, 34 lits): UNSAT in 0.06s
    cube 3385.776 (depth 1, 34 lits): UNSAT in 0.82s
    cube 3385.777 (depth 1, 34 lits): UNSAT in 0.65s
    cube 3385.778 (depth 1, 34 lits): UNSAT in 0.69s
    cube 3385.779 (depth 1, 34 lits): UNSAT in 0.01s
    cube 3385.780 (depth 1, 34 lits): UNSAT in 0.03s
    cube 3385.781 (depth 1, 34 lits): UNSAT in 0.05s
    cube 3385.782 (depth 1, 34 lits): UNSAT in 0.15s
    cube 3385.783 (depth 1, 34 lits): UNSAT in 0.06s
    cube 3385.784 (depth 1, 34 lits): UNSAT in 0.34s
    cube 3385.785 (depth 1, 34 lits): UNSAT in 0.09s
    cube 3385.786 (depth 1, 34 lits): UNSAT in 0.81s
    cube 3385.787 (depth 1, 34 lits): UNSAT in 0.04s
    cube 3385.788 (depth 1, 34 lits): UNSAT in 0.07s
    cube 3385.789 (depth 1, 34 lits): UNSAT in 0.18s
    cube 3385.790 (depth 1, 34 lits): UNSAT in 0.47s
    cube 3385.791 (depth 1, 34 lits): UNSAT in 0.23s
    cube 3385.792 (depth 1, 34 lits): UNSAT in 1.48s
    cube 3385.793 (depth 1, 34 lits): UNSAT in 1.34s
    cube 3385.794 (depth 1, 34 lits): UNSAT in 6.94s
    cube 3385.795 (depth 1, 34 lits): UNSAT in 0.03s
    cube 3385.796 (depth 1, 34 lits): UNSAT in 0.05s
    cube 3385.797 (depth 1, 34 lits): UNSAT in 0.03s
    cube 3385.798 (depth 1, 34 lits): UNSAT in 0.40s
    cube 3385.799 (depth 1, 34 lits): UNSAT in 0.34s
    cube 3385.800 (depth 1, 34 lits): UNSAT in 0.89s
    cube 3385.801 (depth 1, 34 lits): UNSAT in 0.48s
    cube 3385.802 (depth 1, 34 lits): UNSAT in 9.55s
    cube 3385.803 (depth 1, 34 lits): UNSAT in 0.19s
    cube 3385.804 (depth 1, 34 lits): UNSAT in 3.73s
    cube 3385.805 (depth 1, 34 lits): UNSAT in 0.96s
    cube 3385.806 (depth 1, 34 lits): UNSAT in 29.93s
    cube 3385.807 (depth 1, 34 lits): UNSAT in 11.73s
    cube 3385.808 (depth 1, 34 lits): UNSAT in 61.16s
    cube 3385.809 (depth 1, 34 lits): UNSAT in 16.89s
    cube 3385.810 (depth 1, 34 lits): UNSAT in 64.31s
    cube 3385.811 (depth 1, 34 lits): UNSAT in 0.01s
    cube 3385.812 (depth 1, 34 lits): UNSAT in 0.01s
    cube 3385.813 (depth 1, 34 lits): UNSAT in 0.01s
    cube 3385.814 (depth 1, 34 lits): UNSAT in 0.01s
    cube 3385.815 (depth 1, 33 lits): UNSAT in 0.01s
    cube 3385.816 (depth 1, 34 lits): UNSAT in 0.03s
    cube 3385.817 (depth 1, 34 lits): UNSAT in 0.18s
    cube 3385.818 (depth 1, 34 lits): UNSAT in 0.01s
    cube 3385.819 (depth 1, 34 lits): UNSAT in 0.02s
    cube 3385.820 (depth 1, 34 lits): UNSAT in 0.03s
    cube 3385.821 (depth 1, 34 lits): UNSAT in 0.02s
    cube 3385.822 (depth 1, 34 lits): UNSAT in 0.04s
    cube 3385.823 (depth 1, 34 lits): UNSAT in 0.20s
    cube 3385.824 (depth 1, 34 lits): UNSAT in 0.22s
    cube 3385.825 (depth 1, 34 lits): UNSAT in 0.35s
    cube 3385.826 (depth 1, 34 lits): UNSAT in 0.02s
    cube 3385.827 (depth 1, 34 lits): UNSAT in 0.02s
    cube 3385.828 (depth 1, 34 lits): UNSAT in 0.02s
    cube 3385.829 (depth 1, 34 lits): UNSAT in 0.03s
    cube 3385.830 (depth 1, 34 lits): UNSAT in 0.01s
    cube 3385.831 (depth 1, 34 lits): UNSAT in 0.04s
    cube 3385.832 (depth 1, 34 lits): UNSAT in 0.04s
    cube 3385.833 (depth 1, 34 lits): UNSAT in 0.28s
    cube 3385.834 (depth 1, 34 lits): UNSAT in 0.02s
    cube 3385.835 (depth 1, 34 lits): UNSAT in 0.06s
    cube 3385.836 (depth 1, 34 lits): UNSAT in 0.11s
    cube 3385.837 (depth 1, 34 lits): UNSAT in 0.83s
    cube 3385.838 (depth 1, 34 lits): UNSAT in 0.09s
    cube 3385.839 (depth 1, 34 lits): UNSAT in 0.93s
    cube 3385.840 (depth 1, 34 lits): UNSAT in 0.98s
    cube 3385.841 (depth 1, 34 lits): UNSAT in 5.39s
    cube 3385.842 (depth 1, 34 lits): UNSAT in 0.01s
    cube 3385.843 (depth 1, 34 lits): UNSAT in 0.03s
    cube 3385.844 (depth 1, 34 lits): UNSAT in 0.07s
    cube 3385.845 (depth 1, 34 lits): UNSAT in 0.27s
    cube 3385.846 (depth 1, 34 lits): UNSAT in 0.04s
    cube 3385.847 (depth 1, 34 lits): UNSAT in 0.57s
    cube 3385.848 (depth 1, 34 lits): UNSAT in 0.21s
    cube 3385.849 (depth 1, 34 lits): UNSAT in 1.28s
    cube 3385.850 (depth 1, 34 lits): UNSAT in 0.05s
    cube 3385.851 (depth 1, 34 lits): UNSAT in 0.12s
    cube 3385.852 (depth 1, 34 lits): UNSAT in 0.39s
    cube 3385.853 (depth 1, 34 lits): UNSAT in 1.56s
    cube 3385.854 (depth 1, 34 lits): UNSAT in 0.11s
    cube 3385.855 (depth 1, 34 lits): UNSAT in 0.73s
    cube 3385.856 (depth 1, 34 lits): UNSAT in 2.48s
    cube 3385.857 (depth 1, 34 lits): UNSAT in 10.85s
    cube 3385.858 (depth 1, 34 lits): UNSAT in 0.05s
    cube 3385.859 (depth 1, 34 lits): UNSAT in 0.12s
    cube 3385.860 (depth 1, 34 lits): UNSAT in 0.08s
    cube 3385.861 (depth 1, 34 lits): UNSAT in 0.32s
    cube 3385.862 (depth 1, 34 lits): UNSAT in 0.09s
    cube 3385.863 (depth 1, 34 lits): UNSAT in 0.16s
    cube 3385.864 (depth 1, 34 lits): UNSAT in 0.46s
    cube 3385.865 (depth 1, 34 lits): UNSAT in 2.28s
    cube 3385.866 (depth 1, 34 lits): UNSAT in 0.13s
    cube 3385.867 (depth 1, 34 lits): UNSAT in 0.93s
    cube 3385.868 (depth 1, 34 lits): UNSAT in 1.07s
    cube 3385.869 (depth 1, 34 lits): UNSAT in 3.26s
    cube 3385.870 (depth 1, 34 lits): UNSAT in 2.31s
    cube 3385.871 (depth 1, 34 lits): UNSAT in 11.12s
    cube 3385.872 (depth 1, 34 lits): UNSAT in 36.97s
    cube 3385.873 (depth 1, 34 lits): UNSAT in 119.24s
    cube 3385.874 (depth 1, 34 lits): UNSAT in 0.01s
    cube 3385.875 (depth 1, 34 lits): UNSAT in 0.02s
    cube 3385.876 (depth 1, 34 lits): UNSAT in 0.02s
    cube 3385.877 (depth 1, 34 lits): UNSAT in 0.07s
    cube 3385.878 (depth 1, 34 lits): UNSAT in 0.10s
    cube 3385.879 (depth 1, 34 lits): UNSAT in 0.13s
    cube 3385.880 (depth 1, 34 lits): UNSAT in 0.15s
    cube 3385.881 (depth 1, 34 lits): UNSAT in 1.20s
    cube 3385.882 (depth 1, 34 lits): UNSAT in 0.05s
    cube 3385.883 (depth 1, 34 lits): UNSAT in 0.14s
    cube 3385.884 (depth 1, 34 lits): UNSAT in 0.60s
    cube 3385.885 (depth 1, 34 lits): UNSAT in 2.02s
    cube 3385.886 (depth 1, 34 lits): UNSAT in 0.06s
    cube 3385.887 (depth 1, 34 lits): UNSAT in 0.33s
    cube 3385.888 (depth 1, 34 lits): UNSAT in 0.19s
    cube 3385.889 (depth 1, 34 lits): UNSAT in 0.35s
    cube 3385.890 (depth 1, 34 lits): UNSAT in 0.01s
    cube 3385.891 (depth 1, 34 lits): UNSAT in 0.04s
    cube 3385.892 (depth 1, 34 lits): UNSAT in 0.07s
    cube 3385.893 (depth 1, 34 lits): UNSAT in 0.13s
    cube 3385.894 (depth 1, 34 lits): UNSAT in 0.04s
    cube 3385.895 (depth 1, 34 lits): UNSAT in 0.14s
    cube 3385.896 (depth 1, 34 lits): UNSAT in 0.09s
    cube 3385.897 (depth 1, 34 lits): UNSAT in 0.32s
    cube 3385.898 (depth 1, 34 lits): UNSAT in 0.10s
    cube 3385.899 (depth 1, 34 lits): UNSAT in 0.38s
    cube 3385.900 (depth 1, 34 lits): UNSAT in 1.26s
    cube 3385.901 (depth 1, 34 lits): UNSAT in 1.30s
    cube 3385.902 (depth 1, 34 lits): UNSAT in 0.62s
    cube 3385.903 (depth 1, 34 lits): UNSAT in 3.08s
    cube 3385.904 (depth 1, 34 lits): UNSAT in 12.52s
    cube 3385.905 (depth 1, 34 lits): UNSAT in 26.03s
    cube 3385.906 (depth 1, 34 lits): UNSAT in 0.04s
    cube 3385.907 (depth 1, 34 lits): UNSAT in 0.10s
    cube 3385.908 (depth 1, 34 lits): UNSAT in 0.20s
    cube 3385.909 (depth 1, 34 lits): UNSAT in 0.62s
    cube 3385.910 (depth 1, 34 lits): UNSAT in 0.06s
    cube 3385.911 (depth 1, 34 lits): UNSAT in 0.06s
    cube 3385.912 (depth 1, 34 lits): UNSAT in 0.34s
    cube 3385.913 (depth 1, 34 lits): UNSAT in 1.11s
    cube 3385.914 (depth 1, 34 lits): UNSAT in 0.08s
    cube 3385.915 (depth 1, 34 lits): UNSAT in 0.31s
    cube 3385.916 (depth 1, 34 lits): UNSAT in 0.41s
    cube 3385.917 (depth 1, 34 lits): UNSAT in 1.64s
    cube 3385.918 (depth 1, 34 lits): UNSAT in 0.55s
    cube 3385.919 (depth 1, 34 lits): UNSAT in 1.24s
    cube 3385.920 (depth 1, 34 lits): UNSAT in 5.54s
    cube 3385.921 (depth 1, 34 lits): UNSAT in 153.54s
    cube 3385.922 (depth 1, 34 lits): UNSAT in 0.17s
    cube 3385.923 (depth 1, 34 lits): UNSAT in 1.34s
    cube 3385.924 (depth 1, 34 lits): UNSAT in 3.29s
    cube 3385.925 (depth 1, 34 lits): UNSAT in 19.85s
    cube 3385.926 (depth 1, 34 lits): UNSAT in 0.23s
    cube 3385.927 (depth 1, 34 lits): UNSAT in 3.74s
    cube 3385.928 (depth 1, 34 lits): UNSAT in 2.84s
