  shard 0/3 (round-robin): 1231 of 3691 cubes, per-cube cap 2400.0s, re-split depth 9
    cube 0 (depth 0, 21 lits): UNSAT in 0.02s
    cube 3 (depth 0, 23 lits): UNSAT in 0.01s
    cube 6 (depth 0, 24 lits): UNSAT in 0.02s
    cube 9 (depth 0, 24 lits): UNSAT in 0.01s
    cube 12 (depth 0, 24 lits): UNSAT in 0.01s
    cube 15 (depth 0, 23 lits): UNSAT in 0.01s
    cube 18 (depth 0, 24 lits): UNSAT in 0.01s
    cube 21 (depth 0, 24 lits): UNSAT in 0.01s
    cube 24 (depth 0, 24 lits): UNSAT in 0.06s
    cube 27 (depth 0, 24 lits): UNSAT in 0.02s
    cube 30 (depth 0, 23 lits): UNSAT in 0.01s
    cube 33 (depth 0, 24 lits): UNSAT in 0.01s
    cube 36 (depth 0, 24 lits): UNSAT in 0.02s
    cube 39 (depth 0, 24 lits): UNSAT in 0.02s
    cube 42 (depth 0, 24 lits): UNSAT in 0.01s
    cube 45 (depth 0, 24 lits): UNSAT in 0.06s
    cube 48 (depth 0, 23 lits): UNSAT in 0.01s
    cube 51 (depth 0, 24 lits): UNSAT in 0.02s
    cube 54 (depth 0, 24 lits): UNSAT in 0.03s
    cube 57 (depth 0, 24 lits): UNSAT in 0.01s
    cube 60 (depth 0, 24 lits): UNSAT in 0.18s
    cube 63 (depth 0, 24 lits): UNSAT in 0.01s
    cube 66 (depth 0, 24 lits): UNSAT in 0.09s
    cube 69 (depth 0, 24 lits): UNSAT in 0.03s
    cube 72 (depth 0, 24 lits): UNSAT in 0.06s
    cube 75 (depth 0, 24 lits): UNSAT in 0.06s
    cube 78 (depth 0, 22 lits): UNSAT in 0.01s
    cube 81 (depth 0, 23 lits): UNSAT in 0.01s
    cube 84 (depth 0, 23 lits): UNSAT in 0.02s
    cube 87 (depth 0, 24 lits): UNSAT in 0.02s
    cube 90 (depth 0, 24 lits): UNSAT in 0.04s
    cube 93 (depth 0, 23 lits): UNSAT in 0.02s
    cube 96 (depth 0, 24 lits): UNSAT in 0.01s
    cube 99 (depth 0, 24 lits): UNSAT in 0.04s
    cube 102 (depth 0, 24 lits): UNSAT in 0.04s
    cube 105 (depth 0, 24 lits): UNSAT in 0.02s
    cube 108 (depth 0, 24 lits): UNSAT in 0.03s
    cube 111 (depth 0, 24 lits): UNSAT in 0.02s
    cube 114 (depth 0, 24 lits): UNSAT in 0.07s
    cube 117 (depth 0, 24 lits): UNSAT in 0.07s
    cube 120 (depth 0, 24 lits): UNSAT in 0.02s
    cube 123 (depth 0, 24 lits): UNSAT in 0.02s
    cube 126 (depth 0, 24 lits): UNSAT in 0.05s
    cube 129 (depth 0, 24 lits): UNSAT in 0.04s
    cube 132 (depth 0, 24 lits): UNSAT in 0.02s
    cube 135 (depth 0, 24 lits): UNSAT in 0.01s
    cube 138 (depth 0, 24 lits): UNSAT in 0.04s
    cube 141 (depth 0, 24 lits): UNSAT in 0.04s
    cube 144 (depth 0, 24 lits): UNSAT in 0.04s
    cube 147 (depth 0, 24 lits): UNSAT in 0.12s
    cube 150 (depth 0, 24 lits): UNSAT in 0.34s
    cube 153 (depth 0, 24 lits): UNSAT in 0.02s
    cube 156 (depth 0, 24 lits): UNSAT in 0.02s
    cube 159 (depth 0, 24 lits): UNSAT in 0.02s
    cube 162 (depth 0, 24 lits): UNSAT in 0.09s
    cube 165 (depth 0, 24 lits): UNSAT in 0.14s
    cube 168 (depth 0, 24 lits): UNSAT in 0.02s
    cube 171 (depth 0, 24 lits): UNSAT in 0.03s
    cube 174 (depth 0, 24 lits): UNSAT in 0.12s
    cube 177 (depth 0, 24 lits): UNSAT in 0.10s
    cube 180 (depth 0, 24 lits): UNSAT in 0.32s
    cube 183 (depth 0, 23 lits): UNSAT in 0.01s
    cube 186 (depth 0, 23 lits): UNSAT in 0.01s
    cube 189 (depth 0, 22 lits): UNSAT in 0.02s
    cube 192 (depth 0, 24 lits): UNSAT in 0.01s
    cube 195 (depth 0, 24 lits): UNSAT in 0.02s
    cube 198 (depth 0, 24 lits): UNSAT in 0.04s
    cube 201 (depth 0, 24 lits): UNSAT in 0.02s
    cube 204 (depth 0, 24 lits): UNSAT in 0.02s
    cube 207 (depth 0, 24 lits): UNSAT in 0.03s
    cube 210 (depth 0, 24 lits): UNSAT in 0.01s
    cube 213 (depth 0, 24 lits): UNSAT in 0.03s
    cube 216 (depth 0, 23 lits): UNSAT in 0.02s
    cube 219 (depth 0, 24 lits): UNSAT in 0.02s
    cube 222 (depth 0, 24 lits): UNSAT in 0.06s
    cube 225 (depth 0, 24 lits): UNSAT in 0.02s
    cube 228 (depth 0, 24 lits): UNSAT in 0.02s
    cube 231 (depth 0, 22 lits): UNSAT in 0.01s
    cube 234 (depth 0, 24 lits): UNSAT in 0.02s
    cube 237 (depth 0, 24 lits): UNSAT in 0.02s
    cube 240 (depth 0, 24 lits): UNSAT in 0.09s
    cube 243 (depth 0, 24 lits): UNSAT in 0.01s
    cube 246 (depth 0, 24 lits): UNSAT in 0.02s
    cube 249 (depth 0, 24 lits): UNSAT in 0.02s
    cube 252 (depth 0, 24 lits): UNSAT in 0.03s
    cube 255 (depth 0, 24 lits): UNSAT in 0.05s
    cube 258 (depth 0, 24 lits): UNSAT in 0.28s
    cube 261 (depth 0, 24 lits): UNSAT in 0.04s
    cube 264 (depth 0, 24 lits): UNSAT in 0.02s
    cube 267 (depth 0, 24 lits): UNSAT in 0.02s
    cube 270 (depth 0, 24 lits): UNSAT in 0.05s
    cube 273 (depth 0, 24 lits): UNSAT in 0.26s
    cube 276 (depth 0, 24 lits): UNSAT in 0.03s
    cube 279 (depth 0, 24 lits): UNSAT in 0.02s
    cube 282 (depth 0, 24 lits): UNSAT in 0.01s
    cube 285 (depth 0, 24 lits): UNSAT in 0.09s
    cube 288 (depth 0, 24 lits): UNSAT in 0.42s
    cube 291 (depth 0, 24 lits): UNSAT in 0.01s
    cube 294 (depth 0, 22 lits): UNSAT in 0.02s
    cube 297 (depth 0, 24 lits): UNSAT in 0.02s
    cube 300 (depth 0, 24 lits): UNSAT in 0.01s
    cube 303 (depth 0, 24 lits): UNSAT in 0.02s
    cube 306 (depth 0, 24 lits): UNSAT in 0.02s
    cube 309 (depth 0, 24 lits): UNSAT in 0.02s
    cube 312 (depth 0, 24 lits): UNSAT in 0.02s
    cube 315 (depth 0, 24 lits): UNSAT in 0.04s
    cube 318 (depth 0, 24 lits): UNSAT in 0.04s
    cube 321 (depth 0, 24 lits): UNSAT in 0.02s
    cube 324 (depth 0, 24 lits): UNSAT in 0.02s
    cube 327 (depth 0, 24 lits): UNSAT in 0.03s
    cube 330 (depth 0, 24 lits): UNSAT in 0.07s
    cube 333 (depth 0, 24 lits): UNSAT in 0.04s
    cube 336 (depth 0, 24 lits): UNSAT in 0.02s
    cube 339 (depth 0, 24 lits): UNSAT in 0.03s
    cube 342 (depth 0, 24 lits): UNSAT in 0.29s
    cube 345 (depth 0, 24 lits): UNSAT in 0.02s
    cube 348 (depth 0, 24 lits): UNSAT in 0.02s
    cube 351 (depth 0, 24 lits): UNSAT in 0.02s
    cube 354 (depth 0, 24 lits): UNSAT in 0.04s
    cube 357 (depth 0, 24 lits): UNSAT in 0.04s
    cube 360 (depth 0, 24 lits): UNSAT in 0.02s
    cube 363 (depth 0, 24 lits): UNSAT in 0.05s
    cube 366 (depth 0, 24 lits): UNSAT in 0.03s
    cube 369 (depth 0, 24 lits): UNSAT in 0.13s
    cube 372 (depth 0, 24 lits): UNSAT in 0.50s
    cube 375 (depth 0, 24 lits): UNSAT in 0.08s
    cube 378 (depth 0, 24 lits): UNSAT in 0.12s
    cube 381 (depth 0, 24 lits): UNSAT in 0.64s
    cube 384 (depth 0, 24 lits): UNSAT in 0.09s
    cube 387 (depth 0, 24 lits): UNSAT in 0.21s
    cube 390 (depth 0, 24 lits): UNSAT in 0.05s
    cube 393 (depth 0, 24 lits): UNSAT in 0.25s
    cube 396 (depth 0, 24 lits): UNSAT in 0.14s
    cube 399 (depth 0, 24 lits): UNSAT in 0.53s
    cube 402 (depth 0, 24 lits): UNSAT in 0.56s
    cube 405 (depth 0, 24 lits): UNSAT in 15.83s
    cube 408 (depth 0, 24 lits): UNSAT in 0.01s
    cube 411 (depth 0, 23 lits): UNSAT in 0.01s
    cube 414 (depth 0, 24 lits): UNSAT in 0.01s
    cube 417 (depth 0, 24 lits): UNSAT in 0.02s
    cube 420 (depth 0, 24 lits): UNSAT in 0.02s
    cube 423 (depth 0, 22 lits): UNSAT in 0.01s
    cube 426 (depth 0, 23 lits): UNSAT in 0.02s
    cube 429 (depth 0, 24 lits): UNSAT in 0.02s
    cube 432 (depth 0, 24 lits): UNSAT in 0.02s
    cube 435 (depth 0, 24 lits): UNSAT in 0.01s
    cube 438 (depth 0, 24 lits): UNSAT in 0.02s
    cube 441 (depth 0, 24 lits): UNSAT in 0.03s
    cube 444 (depth 0, 24 lits): UNSAT in 0.02s
    cube 447 (depth 0, 24 lits): UNSAT in 0.02s
    cube 450 (depth 0, 24 lits): UNSAT in 0.04s
    cube 453 (depth 0, 23 lits): UNSAT in 0.02s
    cube 456 (depth 0, 24 lits): UNSAT in 0.01s
    cube 459 (depth 0, 24 lits): UNSAT in 0.03s
    cube 462 (depth 0, 22 lits): UNSAT in 0.02s
    cube 465 (depth 0, 24 lits): UNSAT in 0.02s
    cube 468 (depth 0, 22 lits): UNSAT in 0.02s
    cube 471 (depth 0, 24 lits): UNSAT in 0.02s
    cube 474 (depth 0, 24 lits): UNSAT in 0.01s
    cube 477 (depth 0, 24 lits): UNSAT in 0.01s
    cube 480 (depth 0, 24 lits): UNSAT in 0.02s
    cube 483 (depth 0, 24 lits): UNSAT in 0.04s
    cube 486 (depth 0, 24 lits): UNSAT in 0.03s
    cube 489 (depth 0, 24 lits): UNSAT in 0.02s
    cube 492 (depth 0, 23 lits): UNSAT in 0.01s
    cube 495 (depth 0, 24 lits): UNSAT in 0.01s
    cube 498 (depth 0, 24 lits): UNSAT in 0.02s
    cube 501 (depth 0, 22 lits): UNSAT in 0.01s
    cube 504 (depth 0, 23 lits): UNSAT in 0.01s
    cube 507 (depth 0, 23 lits): UNSAT in 0.01s
    cube 510 (depth 0, 23 lits): UNSAT in 0.02s
    cube 513 (depth 0, 23 lits): UNSAT in 0.01s
    cube 516 (depth 0, 23 lits): UNSAT in 0.01s
    cube 519 (depth 0, 22 lits): UNSAT in 0.01s
    cube 522 (depth 0, 24 lits): UNSAT in 0.01s
    cube 525 (depth 0, 24 lits): UNSAT in 0.01s
    cube 528 (depth 0, 24 lits): UNSAT in 0.02s
    cube 531 (depth 0, 24 lits): UNSAT in 0.02s
    cube 534 (depth 0, 24 lits): UNSAT in 0.01s
    cube 537 (depth 0, 24 lits): UNSAT in 0.02s
    cube 540 (depth 0, 24 lits): UNSAT in 0.02s
    cube 543 (depth 0, 24 lits): UNSAT in 0.02s
    cube 546 (depth 0, 24 lits): UNSAT in 0.03s
    cube 549 (depth 0, 24 lits): UNSAT in 0.03s
    cube 552 (depth 0, 24 lits): UNSAT in 0.03s
    cube 555 (depth 0, 24 lits): UNSAT in 0.09s
    cube 558 (depth 0, 24 lits): UNSAT in 0.02s
    cube 561 (depth 0, 24 lits): UNSAT in 0.07s
    cube 564 (depth 0, 24 lits): UNSAT in 0.04s
    cube 567 (depth 0, 24 lits): UNSAT in 0.22s
    cube 570 (depth 0, 24 lits): UNSAT in 0.04s
    cube 573 (depth 0, 24 lits): UNSAT in 0.02s
    cube 576 (depth 0, 24 lits): UNSAT in 0.02s
    cube 579 (depth 0, 23 lits): UNSAT in 0.02s
    cube 582 (depth 0, 24 lits): UNSAT in 0.02s
    cube 585 (depth 0, 24 lits): UNSAT in 0.01s
    cube 588 (depth 0, 23 lits): UNSAT in 0.01s
    cube 591 (depth 0, 24 lits): UNSAT in 0.01s
    cube 594 (depth 0, 24 lits): UNSAT in 0.02s
    cube 597 (depth 0, 24 lits): UNSAT in 0.02s
    cube 600 (depth 0, 24 lits): UNSAT in 0.01s
    cube 603 (depth 0, 24 lits): UNSAT in 0.01s
    cube 606 (depth 0, 24 lits): UNSAT in 0.01s
    cube 609 (depth 0, 24 lits): UNSAT in 0.15s
    cube 612 (depth 0, 24 lits): UNSAT in 0.06s
    cube 615 (depth 0, 24 lits): UNSAT in 0.08s
    cube 618 (depth 0, 24 lits): UNSAT in 0.02s
    cube 621 (depth 0, 24 lits): UNSAT in 0.02s
    cube 624 (depth 0, 24 lits): UNSAT in 0.04s
    cube 627 (depth 0, 24 lits): UNSAT in 0.03s
    cube 630 (depth 0, 24 lits): UNSAT in 0.06s
    cube 633 (depth 0, 24 lits): UNSAT in 0.02s
    cube 636 (depth 0, 24 lits): UNSAT in 0.03s
    cube 639 (depth 0, 24 lits): UNSAT in 0.03s
    cube 642 (depth 0, 24 lits): UNSAT in 0.02s
    cube 645 (depth 0, 24 lits): UNSAT in 0.07s
    cube 648 (depth 0, 24 lits): UNSAT in 0.86s
    cube 651 (depth 0, 24 lits): UNSAT in 0.03s
    cube 654 (depth 0, 24 lits): UNSAT in 0.08s
    cube 657 (depth 0, 24 lits): UNSAT in 0.02s
    cube 660 (depth 0, 24 lits): UNSAT in 0.07s
    cube 663 (depth 0, 24 lits): UNSAT in 0.19s
    cube 666 (depth 0, 24 lits): UNSAT in 0.03s
    cube 669 (depth 0, 24 lits): UNSAT in 0.05s
    cube 672 (depth 0, 24 lits): UNSAT in 1.27s
    cube 675 (depth 0, 24 lits): UNSAT in 0.10s
    cube 678 (depth 0, 24 lits): UNSAT in 2.30s
    cube 681 (depth 0, 23 lits): UNSAT in 0.01s
    cube 684 (depth 0, 24 lits): UNSAT in 0.02s
    cube 687 (depth 0, 24 lits): UNSAT in 0.02s
    cube 690 (depth 0, 24 lits): UNSAT in 0.02s
    cube 693 (depth 0, 24 lits): UNSAT in 0.01s
    cube 696 (depth 0, 24 lits): UNSAT in 0.06s
    cube 699 (depth 0, 24 lits): UNSAT in 0.04s
    cube 702 (depth 0, 24 lits): UNSAT in 0.12s
    cube 705 (depth 0, 24 lits): UNSAT in 0.04s
    cube 708 (depth 0, 24 lits): UNSAT in 1.16s
    cube 711 (depth 0, 24 lits): UNSAT in 0.01s
    cube 714 (depth 0, 24 lits): UNSAT in 0.01s
    cube 717 (depth 0, 24 lits): UNSAT in 0.01s
    cube 720 (depth 0, 24 lits): UNSAT in 0.02s
    cube 723 (depth 0, 24 lits): UNSAT in 0.44s
    cube 726 (depth 0, 24 lits): UNSAT in 0.05s
    cube 729 (depth 0, 24 lits): UNSAT in 0.07s
    cube 732 (depth 0, 24 lits): UNSAT in 3.79s
    cube 735 (depth 0, 24 lits): UNSAT in 0.81s
    cube 738 (depth 0, 24 lits): UNSAT in 4.56s
    cube 741 (depth 0, 24 lits): UNSAT in 0.02s
    cube 744 (depth 0, 24 lits): UNSAT in 0.09s
    cube 747 (depth 0, 24 lits): UNSAT in 0.12s
    cube 750 (depth 0, 24 lits): UNSAT in 0.21s
    cube 753 (depth 0, 24 lits): UNSAT in 0.09s
    cube 756 (depth 0, 24 lits): UNSAT in 8.77s
    cube 759 (depth 0, 24 lits): UNSAT in 0.22s
    cube 762 (depth 0, 24 lits): UNSAT in 0.15s
    cube 765 (depth 0, 24 lits): UNSAT in 0.13s
    cube 768 (depth 0, 24 lits): UNSAT in 2.33s
    cube 771 (depth 0, 24 lits): UNSAT in 0.96s
    cube 774 (depth 0, 24 lits): UNSAT in 0.02s
    cube 777 (depth 0, 24 lits): UNSAT in 0.04s
    cube 780 (depth 0, 24 lits): UNSAT in 1.01s
    cube 783 (depth 0, 24 lits): UNSAT in 0.15s
    cube 786 (depth 0, 24 lits): UNSAT in 2.00s
    cube 789 (depth 0, 24 lits): UNSAT in 0.12s
    cube 792 (depth 0, 24 lits): UNSAT in 1.74s
    cube 795 (depth 0, 24 lits): UNSAT in 3.84s
    cube 798 (depth 0, 24 lits): UNSAT in 7.30s
    cube 801 (depth 0, 24 lits): UNSAT in 4.29s
    cube 804 (depth 0, 24 lits): UNSAT in 189.08s
    cube 807 (depth 0, 21 lits): UNSAT in 0.02s
    cube 810 (depth 0, 23 lits): UNSAT in 0.01s
    cube 813 (depth 0, 24 lits): UNSAT in 0.01s
    cube 816 (depth 0, 24 lits): UNSAT in 0.02s
    cube 819 (depth 0, 24 lits): UNSAT in 0.01s
    cube 822 (depth 0, 23 lits): UNSAT in 0.01s
    cube 825 (depth 0, 21 lits): UNSAT in 0.01s
    cube 828 (depth 0, 23 lits): UNSAT in 0.01s
    cube 831 (depth 0, 23 lits): UNSAT in 0.01s
    cube 834 (depth 0, 23 lits): UNSAT in 0.01s
    cube 837 (depth 0, 23 lits): UNSAT in 0.01s
    cube 840 (depth 0, 24 lits): UNSAT in 0.01s
    cube 843 (depth 0, 24 lits): UNSAT in 0.12s
    cube 846 (depth 0, 23 lits): UNSAT in 0.01s
    cube 849 (depth 0, 24 lits): UNSAT in 0.02s
    cube 852 (depth 0, 24 lits): UNSAT in 0.01s
    cube 855 (depth 0, 23 lits): UNSAT in 0.01s
    cube 858 (depth 0, 24 lits): UNSAT in 0.05s
    cube 861 (depth 0, 24 lits): UNSAT in 0.04s
    cube 864 (depth 0, 24 lits): UNSAT in 0.01s
    cube 867 (depth 0, 24 lits): UNSAT in 0.01s
    cube 870 (depth 0, 24 lits): UNSAT in 0.01s
    cube 873 (depth 0, 24 lits): UNSAT in 0.01s
    cube 876 (depth 0, 24 lits): UNSAT in 0.02s
    cube 879 (depth 0, 24 lits): UNSAT in 0.02s
    cube 882 (depth 0, 24 lits): UNSAT in 0.02s
    cube 885 (depth 0, 24 lits): UNSAT in 0.01s
    cube 888 (depth 0, 24 lits): UNSAT in 0.14s
    cube 891 (depth 0, 24 lits): UNSAT in 0.02s
    cube 894 (depth 0, 24 lits): UNSAT in 0.02s
    cube 897 (depth 0, 24 lits): UNSAT in 0.06s
    cube 900 (depth 0, 24 lits): UNSAT in 0.11s
    cube 903 (depth 0, 24 lits): UNSAT in 0.35s
    cube 906 (depth 0, 24 lits): UNSAT in 0.02s
    cube 909 (depth 0, 24 lits): UNSAT in 0.05s
    cube 912 (depth 0, 24 lits): UNSAT in 0.01s
    cube 915 (depth 0, 24 lits): UNSAT in 0.04s
    cube 918 (depth 0, 24 lits): UNSAT in 0.08s
    cube 921 (depth 0, 24 lits): UNSAT in 0.07s
    cube 924 (depth 0, 24 lits): UNSAT in 0.08s
    cube 927 (depth 0, 24 lits): UNSAT in 0.73s
    cube 930 (depth 0, 24 lits): UNSAT in 0.20s
    cube 933 (depth 0, 24 lits): UNSAT in 0.98s
    cube 936 (depth 0, 23 lits): UNSAT in 0.01s
    cube 939 (depth 0, 24 lits): UNSAT in 0.01s
    cube 942 (depth 0, 24 lits): UNSAT in 0.05s
    cube 945 (depth 0, 24 lits): UNSAT in 0.01s
    cube 948 (depth 0, 24 lits): UNSAT in 0.03s
    cube 951 (depth 0, 24 lits): UNSAT in 0.02s
    cube 954 (depth 0, 24 lits): UNSAT in 0.04s
    cube 957 (depth 0, 24 lits): UNSAT in 0.02s
    cube 960 (depth 0, 24 lits): UNSAT in 0.03s
    cube 963 (depth 0, 24 lits): UNSAT in 0.05s
    cube 966 (depth 0, 22 lits): UNSAT in 0.02s
    cube 969 (depth 0, 24 lits): UNSAT in 0.01s
    cube 972 (depth 0, 24 lits): UNSAT in 0.03s
    cube 975 (depth 0, 24 lits): UNSAT in 0.02s
    cube 978 (depth 0, 24 lits): UNSAT in 0.42s
    cube 981 (depth 0, 24 lits): UNSAT in 0.16s
    cube 984 (depth 0, 24 lits): UNSAT in 0.08s
    cube 987 (depth 0, 24 lits): UNSAT in 0.39s
    cube 990 (depth 0, 24 lits): UNSAT in 0.75s
    cube 993 (depth 0, 24 lits): UNSAT in 0.02s
    cube 996 (depth 0, 23 lits): UNSAT in 0.02s
    cube 999 (depth 0, 24 lits): UNSAT in 0.02s
    cube 1002 (depth 0, 24 lits): UNSAT in 0.01s
    cube 1005 (depth 0, 23 lits): UNSAT in 0.01s
    cube 1008 (depth 0, 23 lits): UNSAT in 0.01s
    cube 1011 (depth 0, 24 lits): UNSAT in 0.01s
    cube 1014 (depth 0, 24 lits): UNSAT in 0.03s
    cube 1017 (depth 0, 24 lits): UNSAT in 0.02s
    cube 1020 (depth 0, 24 lits): UNSAT in 0.06s
    cube 1023 (depth 0, 24 lits): UNSAT in 0.02s
    cube 1026 (depth 0, 24 lits): UNSAT in 0.02s
    cube 1029 (depth 0, 24 lits): UNSAT in 0.04s
    cube 1032 (depth 0, 24 lits): UNSAT in 0.02s
    cube 1035 (depth 0, 24 lits): UNSAT in 0.06s
    cube 1038 (depth 0, 24 lits): UNSAT in 0.01s
    cube 1041 (depth 0, 24 lits): UNSAT in 0.19s
    cube 1044 (depth 0, 24 lits): UNSAT in 0.09s
    cube 1047 (depth 0, 24 lits): UNSAT in 0.02s
    cube 1050 (depth 0, 24 lits): UNSAT in 0.04s
    cube 1053 (depth 0, 24 lits): UNSAT in 0.02s
    cube 1056 (depth 0, 24 lits): UNSAT in 0.14s
    cube 1059 (depth 0, 24 lits): UNSAT in 0.06s
    cube 1062 (depth 0, 24 lits): UNSAT in 0.06s
    cube 1065 (depth 0, 24 lits): UNSAT in 0.02s
    cube 1068 (depth 0, 24 lits): UNSAT in 0.06s
    cube 1071 (depth 0, 24 lits): UNSAT in 0.08s
    cube 1074 (depth 0, 24 lits): UNSAT in 0.07s
    cube 1077 (depth 0, 24 lits): UNSAT in 0.02s
    cube 1080 (depth 0, 24 lits): UNSAT in 0.12s
    cube 1083 (depth 0, 24 lits): UNSAT in 0.06s
    cube 1086 (depth 0, 24 lits): UNSAT in 0.14s
    cube 1089 (depth 0, 24 lits): UNSAT in 0.02s
    cube 1092 (depth 0, 24 lits): UNSAT in 0.68s
    cube 1095 (depth 0, 24 lits): UNSAT in 0.05s
    cube 1098 (depth 0, 24 lits): UNSAT in 0.33s
    cube 1101 (depth 0, 24 lits): UNSAT in 0.08s
    cube 1104 (depth 0, 24 lits): UNSAT in 0.32s
    cube 1107 (depth 0, 24 lits): UNSAT in 2.17s
    cube 1110 (depth 0, 24 lits): UNSAT in 0.02s
    cube 1113 (depth 0, 24 lits): UNSAT in 0.04s
    cube 1116 (depth 0, 24 lits): UNSAT in 0.20s
    cube 1119 (depth 0, 24 lits): UNSAT in 0.02s
    cube 1122 (depth 0, 24 lits): UNSAT in 0.03s
    cube 1125 (depth 0, 24 lits): UNSAT in 0.03s
    cube 1128 (depth 0, 24 lits): UNSAT in 0.12s
    cube 1131 (depth 0, 24 lits): UNSAT in 0.18s
    cube 1134 (depth 0, 24 lits): UNSAT in 0.21s
    cube 1137 (depth 0, 24 lits): UNSAT in 0.02s
    cube 1140 (depth 0, 24 lits): UNSAT in 1.05s
    cube 1143 (depth 0, 24 lits): UNSAT in 0.06s
    cube 1146 (depth 0, 24 lits): UNSAT in 0.10s
    cube 1149 (depth 0, 24 lits): UNSAT in 0.03s
    cube 1152 (depth 0, 24 lits): UNSAT in 0.15s
    cube 1155 (depth 0, 24 lits): UNSAT in 0.85s
    cube 1158 (depth 0, 24 lits): UNSAT in 0.31s
    cube 1161 (depth 0, 24 lits): UNSAT in 0.11s
    cube 1164 (depth 0, 24 lits): UNSAT in 4.09s
    cube 1167 (depth 0, 24 lits): UNSAT in 0.47s
    cube 1170 (depth 0, 24 lits): UNSAT in 7.67s
    cube 1173 (depth 0, 24 lits): UNSAT in 0.02s
    cube 1176 (depth 0, 24 lits): UNSAT in 0.08s
    cube 1179 (depth 0, 24 lits): UNSAT in 0.42s
    cube 1182 (depth 0, 24 lits): UNSAT in 0.24s
    cube 1185 (depth 0, 24 lits): UNSAT in 0.22s
    cube 1188 (depth 0, 24 lits): UNSAT in 7.97s
    cube 1191 (depth 0, 24 lits): UNSAT in 0.12s
    cube 1194 (depth 0, 24 lits): UNSAT in 0.31s
    cube 1197 (depth 0, 24 lits): UNSAT in 0.05s
    cube 1200 (depth 0, 24 lits): UNSAT in 6.62s
    cube 1203 (depth 0, 24 lits): UNSAT in 3.25s
    cube 1206 (depth 0, 24 lits): UNSAT in 0.61s
    cube 1209 (depth 0, 24 lits): UNSAT in 0.11s
    cube 1212 (depth 0, 24 lits): UNSAT in 9.98s
    cube 1215 (depth 0, 24 lits): UNSAT in 1.14s
    cube 1218 (depth 0, 24 lits): UNSAT in 16.11s
    cube 1221 (depth 0, 24 lits): UNSAT in 0.04s
    cube 1224 (depth 0, 24 lits): UNSAT in 7.24s
    cube 1227 (depth 0, 24 lits): UNSAT in 8.18s
    cube 1230 (depth 0, 24 lits): UNSAT in 16.94s
    cube 1233 (depth 0, 24 lits): UNSAT in 20.04s
    cube 1236 (depth 0, 24 lits): UNSAT in 471.64s
    cube 1239 (depth 0, 24 lits): UNSAT in 0.01s
    cube 1242 (depth 0, 23 lits): UNSAT in 0.02s
    cube 1245 (depth 0, 23 lits): UNSAT in 0.01s
    cube 1248 (depth 0, 24 lits): UNSAT in 0.02s
    cube 1251 (depth 0, 24 lits): UNSAT in 0.02s
    cube 1254 (depth 0, 24 lits): UNSAT in 0.02s
    cube 1257 (depth 0, 23 lits): UNSAT in 0.01s
    cube 1260 (depth 0, 24 lits): UNSAT in 0.03s
    cube 1263 (depth 0, 24 lits): UNSAT in 0.07s
    cube 1266 (depth 0, 24 lits): UNSAT in 0.02s
    cube 1269 (depth 0, 24 lits): UNSAT in 0.03s
    cube 1272 (depth 0, 24 lits): UNSAT in 0.02s
    cube 1275 (depth 0, 24 lits): UNSAT in 0.02s
    cube 1278 (depth 0, 24 lits): UNSAT in 0.24s
    cube 1281 (depth 0, 24 lits): UNSAT in 0.03s
    cube 1284 (depth 0, 24 lits): UNSAT in 0.04s
    cube 1287 (depth 0, 24 lits): UNSAT in 0.02s
    cube 1290 (depth 0, 24 lits): UNSAT in 0.03s
    cube 1293 (depth 0, 24 lits): UNSAT in 0.15s
    cube 1296 (depth 0, 24 lits): UNSAT in 0.01s
    cube 1299 (depth 0, 24 lits): UNSAT in 0.01s
    cube 1302 (depth 0, 24 lits): UNSAT in 0.02s
    cube 1305 (depth 0, 24 lits): UNSAT in 0.01s
    cube 1308 (depth 0, 24 lits): UNSAT in 0.09s
    cube 1311 (depth 0, 24 lits): UNSAT in 0.02s
    cube 1314 (depth 0, 24 lits): UNSAT in 0.02s
    cube 1317 (depth 0, 24 lits): UNSAT in 0.02s
    cube 1320 (depth 0, 24 lits): UNSAT in 0.05s
    cube 1323 (depth 0, 24 lits): UNSAT in 0.15s
    cube 1326 (depth 0, 24 lits): UNSAT in 0.02s
    cube 1329 (depth 0, 24 lits): UNSAT in 0.01s
    cube 1332 (depth 0, 24 lits): UNSAT in 0.22s
    cube 1335 (depth 0, 24 lits): UNSAT in 0.07s
    cube 1338 (depth 0, 24 lits): UNSAT in 0.23s
    cube 1341 (depth 0, 24 lits): UNSAT in 0.04s
    cube 1344 (depth 0, 24 lits): UNSAT in 0.25s
    cube 1347 (depth 0, 24 lits): UNSAT in 0.67s
    cube 1350 (depth 0, 24 lits): UNSAT in 0.50s
    cube 1353 (depth 0, 24 lits): UNSAT in 0.56s
    cube 1356 (depth 0, 24 lits): UNSAT in 9.44s
    cube 1359 (depth 0, 24 lits): UNSAT in 0.01s
    cube 1362 (depth 0, 24 lits): UNSAT in 0.02s
    cube 1365 (depth 0, 24 lits): UNSAT in 0.02s
    cube 1368 (depth 0, 24 lits): UNSAT in 0.04s
    cube 1371 (depth 0, 24 lits): UNSAT in 0.02s
    cube 1374 (depth 0, 24 lits): UNSAT in 0.11s
    cube 1377 (depth 0, 24 lits): UNSAT in 0.02s
    cube 1380 (depth 0, 24 lits): UNSAT in 0.13s
    cube 1383 (depth 0, 24 lits): UNSAT in 0.26s
    cube 1386 (depth 0, 24 lits): UNSAT in 0.02s
    cube 1389 (depth 0, 24 lits): UNSAT in 0.03s
    cube 1392 (depth 0, 24 lits): UNSAT in 0.08s
    cube 1395 (depth 0, 24 lits): UNSAT in 0.02s
    cube 1398 (depth 0, 24 lits): UNSAT in 0.03s
    cube 1401 (depth 0, 24 lits): UNSAT in 0.02s
    cube 1404 (depth 0, 24 lits): UNSAT in 0.09s
    cube 1407 (depth 0, 24 lits): UNSAT in 0.09s
    cube 1410 (depth 0, 24 lits): UNSAT in 0.04s
    cube 1413 (depth 0, 24 lits): UNSAT in 0.02s
    cube 1416 (depth 0, 24 lits): UNSAT in 2.51s
    cube 1419 (depth 0, 24 lits): UNSAT in 0.03s
    cube 1422 (depth 0, 24 lits): UNSAT in 0.04s
    cube 1425 (depth 0, 24 lits): UNSAT in 0.02s
    cube 1428 (depth 0, 24 lits): UNSAT in 0.23s
    cube 1431 (depth 0, 24 lits): UNSAT in 0.45s
    cube 1434 (depth 0, 24 lits): UNSAT in 0.08s
    cube 1437 (depth 0, 24 lits): UNSAT in 0.16s
    cube 1440 (depth 0, 24 lits): UNSAT in 0.46s
    cube 1443 (depth 0, 24 lits): UNSAT in 0.06s
    cube 1446 (depth 0, 24 lits): UNSAT in 0.23s
    cube 1449 (depth 0, 24 lits): UNSAT in 0.10s
    cube 1452 (depth 0, 24 lits): UNSAT in 0.17s
    cube 1455 (depth 0, 24 lits): UNSAT in 1.24s
    cube 1458 (depth 0, 24 lits): UNSAT in 0.77s
    cube 1461 (depth 0, 24 lits): UNSAT in 0.59s
    cube 1464 (depth 0, 24 lits): UNSAT in 16.28s
    cube 1467 (depth 0, 24 lits): UNSAT in 0.52s
    cube 1470 (depth 0, 24 lits): UNSAT in 3.51s
    cube 1473 (depth 0, 24 lits): UNSAT in 1.81s
    cube 1476 (depth 0, 24 lits): UNSAT in 18.06s
    cube 1479 (depth 0, 24 lits): UNSAT in 94.48s
    cube 1482 (depth 0, 24 lits): UNSAT in 0.03s
    cube 1485 (depth 0, 24 lits): UNSAT in 0.03s
    cube 1488 (depth 0, 24 lits): UNSAT in 0.11s
    cube 1491 (depth 0, 24 lits): UNSAT in 0.03s
    cube 1494 (depth 0, 24 lits): UNSAT in 0.15s
    cube 1497 (depth 0, 24 lits): UNSAT in 0.05s
    cube 1500 (depth 0, 24 lits): UNSAT in 0.02s
    cube 1503 (depth 0, 24 lits): UNSAT in 0.61s
    cube 1506 (depth 0, 24 lits): UNSAT in 0.08s
    cube 1509 (depth 0, 24 lits): UNSAT in 0.44s
    cube 1512 (depth 0, 24 lits): UNSAT in 0.02s
    cube 1515 (depth 0, 24 lits): UNSAT in 0.04s
    cube 1518 (depth 0, 24 lits): UNSAT in 0.04s
    cube 1521 (depth 0, 24 lits): UNSAT in 0.12s
    cube 1524 (depth 0, 24 lits): UNSAT in 0.28s
    cube 1527 (depth 0, 24 lits): UNSAT in 4.35s
    cube 1530 (depth 0, 24 lits): UNSAT in 0.12s
    cube 1533 (depth 0, 24 lits): UNSAT in 0.23s
    cube 1536 (depth 0, 24 lits): UNSAT in 0.07s
    cube 1539 (depth 0, 24 lits): UNSAT in 3.54s
    cube 1542 (depth 0, 24 lits): UNSAT in 6.64s
    cube 1545 (depth 0, 24 lits): UNSAT in 0.02s
    cube 1548 (depth 0, 24 lits): UNSAT in 0.02s
    cube 1551 (depth 0, 24 lits): UNSAT in 0.06s
    cube 1554 (depth 0, 24 lits): UNSAT in 0.06s
    cube 1557 (depth 0, 24 lits): UNSAT in 0.18s
    cube 1560 (depth 0, 24 lits): UNSAT in 0.02s
    cube 1563 (depth 0, 24 lits): UNSAT in 0.05s
    cube 1566 (depth 0, 24 lits): UNSAT in 0.07s
    cube 1569 (depth 0, 24 lits): UNSAT in 0.08s
    cube 1572 (depth 0, 24 lits): UNSAT in 0.16s
    cube 1575 (depth 0, 24 lits): UNSAT in 5.34s
    cube 1578 (depth 0, 24 lits): UNSAT in 0.07s
    cube 1581 (depth 0, 24 lits): UNSAT in 0.05s
    cube 1584 (depth 0, 24 lits): UNSAT in 0.09s
    cube 1587 (depth 0, 24 lits): UNSAT in 1.41s
    cube 1590 (depth 0, 24 lits): UNSAT in 1.70s
    cube 1593 (depth 0, 24 lits): UNSAT in 0.98s
    cube 1596 (depth 0, 24 lits): UNSAT in 0.93s
    cube 1599 (depth 0, 24 lits): UNSAT in 85.60s
    cube 1602 (depth 0, 24 lits): UNSAT in 5.74s
    cube 1605 (depth 0, 24 lits): UNSAT in 89.55s
    cube 1608 (depth 0, 24 lits): UNSAT in 0.01s
    cube 1611 (depth 0, 24 lits): UNSAT in 0.02s
    cube 1614 (depth 0, 24 lits): UNSAT in 0.02s
    cube 1617 (depth 0, 24 lits): UNSAT in 0.07s
    cube 1620 (depth 0, 24 lits): UNSAT in 0.03s
    cube 1623 (depth 0, 24 lits): UNSAT in 0.44s
    cube 1626 (depth 0, 24 lits): UNSAT in 0.02s
    cube 1629 (depth 0, 24 lits): UNSAT in 0.08s
    cube 1632 (depth 0, 24 lits): UNSAT in 0.04s
    cube 1635 (depth 0, 24 lits): UNSAT in 0.53s
    cube 1638 (depth 0, 24 lits): UNSAT in 0.64s
    cube 1641 (depth 0, 24 lits): UNSAT in 0.04s
    cube 1644 (depth 0, 24 lits): UNSAT in 0.06s
    cube 1647 (depth 0, 24 lits): UNSAT in 1.20s
    cube 1650 (depth 0, 24 lits): UNSAT in 0.55s
    cube 1653 (depth 0, 24 lits): UNSAT in 1.02s
    cube 1656 (depth 0, 24 lits): UNSAT in 0.15s
    cube 1659 (depth 0, 24 lits): UNSAT in 3.55s
    cube 1662 (depth 0, 24 lits): UNSAT in 1.79s
    cube 1665 (depth 0, 24 lits): UNSAT in 5.31s
    cube 1668 (depth 0, 24 lits): UNSAT in 5.54s
    cube 1671 (depth 0, 24 lits): UNSAT in 1275.07s
    cube 1674 (depth 0, 24 lits): UNSAT in 0.13s
    cube 1677 (depth 0, 24 lits): UNSAT in 0.55s
    cube 1680 (depth 0, 24 lits): UNSAT in 0.09s
    cube 1683 (depth 0, 24 lits): UNSAT in 1.98s
    cube 1686 (depth 0, 24 lits): UNSAT in 5.19s
    cube 1689 (depth 0, 24 lits): UNSAT in 0.23s
    cube 1692 (depth 0, 24 lits): UNSAT in 1.05s
    cube 1695 (depth 0, 24 lits): UNSAT in 17.57s
    cube 1698 (depth 0, 24 lits): UNSAT in 3.53s
    cube 1701 (depth 0, 24 lits): UNSAT in 38.66s
    cube 1704 (depth 0, 24 lits): UNSAT in 0.15s
    cube 1707 (depth 0, 24 lits): UNSAT in 3.88s
    cube 1710 (depth 0, 24 lits): UNSAT in 5.61s
    cube 1713 (depth 0, 24 lits): UNSAT in 0.51s
    cube 1716 (depth 0, 24 lits): UNSAT in 0.80s
    cube 1719 (depth 0, 24 lits): TIMEOUT in 2400.10s
    cube 1719 TIMEOUT -> re-split into 867 sub-cubes (depth 1)
    cube 1719.0 (depth 1, 31 lits): UNSAT in 0.01s
    cube 1719.1 (depth 1, 33 lits): UNSAT in 0.01s
    cube 1719.2 (depth 1, 34 lits): UNSAT in 0.01s
    cube 1719.3 (depth 1, 34 lits): UNSAT in 0.01s
    cube 1719.4 (depth 1, 32 lits): UNSAT in 0.02s
    cube 1719.5 (depth 1, 30 lits): UNSAT in 0.02s
    cube 1719.6 (depth 1, 33 lits): UNSAT in 0.01s
    cube 1719.7 (depth 1, 34 lits): UNSAT in 0.01s
    cube 1719.8 (depth 1, 34 lits): UNSAT in 0.02s
    cube 1719.9 (depth 1, 32 lits): UNSAT in 0.02s
    cube 1719.10 (depth 1, 32 lits): UNSAT in 0.02s
    cube 1719.11 (depth 1, 33 lits): UNSAT in 0.01s
    cube 1719.12 (depth 1, 33 lits): UNSAT in 0.01s
    cube 1719.13 (depth 1, 33 lits): UNSAT in 0.01s
    cube 1719.14 (depth 1, 34 lits): UNSAT in 0.01s
    cube 1719.15 (depth 1, 34 lits): UNSAT in 0.02s
    cube 1719.16 (depth 1, 33 lits): UNSAT in 0.02s
    cube 1719.17 (depth 1, 34 lits): UNSAT in 0.02s
    cube 1719.18 (depth 1, 34 lits): UNSAT in 0.02s
    cube 1719.19 (depth 1, 33 lits): UNSAT in 0.01s
    cube 1719.20 (depth 1, 34 lits): UNSAT in 0.03s
    cube 1719.21 (depth 1, 34 lits): UNSAT in 0.02s
    cube 1719.22 (depth 1, 34 lits): UNSAT in 0.01s
    cube 1719.23 (depth 1, 34 lits): UNSAT in 0.02s
    cube 1719.24 (depth 1, 34 lits): UNSAT in 0.02s
    cube 1719.25 (depth 1, 34 lits): UNSAT in 0.02s
    cube 1719.26 (depth 1, 33 lits): UNSAT in 0.01s
    cube 1719.27 (depth 1, 33 lits): UNSAT in 0.01s
    cube 1719.28 (depth 1, 33 lits): UNSAT in 0.01s
    cube 1719.29 (depth 1, 33 lits): UNSAT in 0.02s
    cube 1719.30 (depth 1, 33 lits): UNSAT in 0.01s
    cube 1719.31 (depth 1, 33 lits): UNSAT in 0.02s
    cube 1719.32 (depth 1, 32 lits): UNSAT in 0.02s
    cube 1719.33 (depth 1, 31 lits): UNSAT in 0.01s
    cube 1719.34 (depth 1, 34 lits): UNSAT in 0.01s
    cube 1719.35 (depth 1, 34 lits): UNSAT in 0.01s
    cube 1719.36 (depth 1, 33 lits): UNSAT in 0.02s
    cube 1719.37 (depth 1, 33 lits): UNSAT in 0.01s
    cube 1719.38 (depth 1, 34 lits): UNSAT in 0.02s
    cube 1719.39 (depth 1, 34 lits): UNSAT in 0.02s
    cube 1719.40 (depth 1, 33 lits): UNSAT in 0.01s
    cube 1719.41 (depth 1, 34 lits): UNSAT in 0.01s
    cube 1719.42 (depth 1, 34 lits): UNSAT in 0.01s
    cube 1719.43 (depth 1, 34 lits): UNSAT in 0.01s
    cube 1719.44 (depth 1, 34 lits): UNSAT in 0.02s
    cube 1719.45 (depth 1, 34 lits): UNSAT in 0.02s
    cube 1719.46 (depth 1, 34 lits): UNSAT in 0.03s
    cube 1719.47 (depth 1, 33 lits): UNSAT in 0.01s
    cube 1719.48 (depth 1, 33 lits): UNSAT in 0.01s
    cube 1719.49 (depth 1, 34 lits): UNSAT in 0.03s
    cube 1719.50 (depth 1, 34 lits): UNSAT in 0.02s
    cube 1719.51 (depth 1, 34 lits): UNSAT in 0.02s
    cube 1719.52 (depth 1, 34 lits): UNSAT in 0.04s
    cube 1719.53 (depth 1, 34 lits): UNSAT in 0.01s
    cube 1719.54 (depth 1, 34 lits): UNSAT in 0.02s
    cube 1719.55 (depth 1, 33 lits): UNSAT in 0.02s
    cube 1719.56 (depth 1, 34 lits): UNSAT in 0.02s
    cube 1719.57 (depth 1, 34 lits): UNSAT in 0.04s
    cube 1719.58 (depth 1, 34 lits): UNSAT in 0.01s
    cube 1719.59 (depth 1, 34 lits): UNSAT in 0.03s
    cube 1719.60 (depth 1, 34 lits): UNSAT in 0.01s
    cube 1719.61 (depth 1, 34 lits): UNSAT in 0.02s
    cube 1719.62 (depth 1, 34 lits): UNSAT in 0.03s
    cube 1719.63 (depth 1, 34 lits): UNSAT in 0.02s
    cube 1719.64 (depth 1, 34 lits): UNSAT in 0.02s
    cube 1719.65 (depth 1, 34 lits): UNSAT in 0.02s
    cube 1719.66 (depth 1, 34 lits): UNSAT in 0.04s
    cube 1719.67 (depth 1, 34 lits): UNSAT in 0.06s
    cube 1719.68 (depth 1, 32 lits): UNSAT in 0.01s
    cube 1719.69 (depth 1, 33 lits): UNSAT in 0.01s
    cube 1719.70 (depth 1, 34 lits): UNSAT in 0.01s
    cube 1719.71 (depth 1, 34 lits): UNSAT in 0.02s
    cube 1719.72 (depth 1, 34 lits): UNSAT in 0.01s
    cube 1719.73 (depth 1, 34 lits): UNSAT in 0.01s
    cube 1719.74 (depth 1, 33 lits): UNSAT in 0.01s
    cube 1719.75 (depth 1, 34 lits): UNSAT in 0.01s
    cube 1719.76 (depth 1, 34 lits): UNSAT in 0.02s
    cube 1719.77 (depth 1, 34 lits): UNSAT in 0.02s
    cube 1719.78 (depth 1, 34 lits): UNSAT in 0.02s
    cube 1719.79 (depth 1, 33 lits): UNSAT in 0.01s
    cube 1719.80 (depth 1, 33 lits): UNSAT in 0.01s
    cube 1719.81 (depth 1, 34 lits): UNSAT in 0.02s
    cube 1719.82 (depth 1, 34 lits): UNSAT in 0.02s
    cube 1719.83 (depth 1, 34 lits): UNSAT in 0.02s
    cube 1719.84 (depth 1, 34 lits): UNSAT in 0.05s
    cube 1719.85 (depth 1, 34 lits): UNSAT in 0.01s
    cube 1719.86 (depth 1, 34 lits): UNSAT in 0.01s
    cube 1719.87 (depth 1, 33 lits): UNSAT in 0.02s
    cube 1719.88 (depth 1, 34 lits): UNSAT in 0.01s
    cube 1719.89 (depth 1, 34 lits): UNSAT in 0.02s
    cube 1719.90 (depth 1, 34 lits): UNSAT in 0.03s
    cube 1719.91 (depth 1, 34 lits): UNSAT in 0.03s
    cube 1719.92 (depth 1, 32 lits): UNSAT in 0.01s
    cube 1719.93 (depth 1, 32 lits): UNSAT in 0.01s
    cube 1719.94 (depth 1, 33 lits): UNSAT in 0.01s
    cube 1719.95 (depth 1, 34 lits): UNSAT in 0.02s
    cube 1719.96 (depth 1, 34 lits): UNSAT in 0.01s
    cube 1719.97 (depth 1, 33 lits): UNSAT in 0.02s
    cube 1719.98 (depth 1, 34 lits): UNSAT in 0.01s
    cube 1719.99 (depth 1, 34 lits): UNSAT in 0.02s
    cube 1719.100 (depth 1, 33 lits): UNSAT in 0.01s
    cube 1719.101 (depth 1, 34 lits): UNSAT in 0.01s
    cube 1719.102 (depth 1, 34 lits): UNSAT in 0.03s
    cube 1719.103 (depth 1, 34 lits): UNSAT in 0.02s
    cube 1719.104 (depth 1, 34 lits): UNSAT in 0.04s
    cube 1719.105 (depth 1, 34 lits): UNSAT in 0.03s
    cube 1719.106 (depth 1, 34 lits): UNSAT in 0.05s
    cube 1719.107 (depth 1, 34 lits): UNSAT in 0.02s
    cube 1719.108 (depth 1, 34 lits): UNSAT in 0.03s
    cube 1719.109 (depth 1, 34 lits): UNSAT in 0.03s
    cube 1719.110 (depth 1, 34 lits): UNSAT in 0.05s
    cube 1719.111 (depth 1, 34 lits): UNSAT in 0.05s
    cube 1719.112 (depth 1, 34 lits): UNSAT in 0.04s
    cube 1719.113 (depth 1, 34 lits): UNSAT in 0.02s
    cube 1719.114 (depth 1, 34 lits): UNSAT in 0.03s
    cube 1719.115 (depth 1, 32 lits): UNSAT in 0.01s
    cube 1719.116 (depth 1, 32 lits): UNSAT in 0.01s
    cube 1719.117 (depth 1, 33 lits): UNSAT in 0.01s
    cube 1719.118 (depth 1, 34 lits): UNSAT in 0.01s
    cube 1719.119 (depth 1, 34 lits): UNSAT in 0.02s
    cube 1719.120 (depth 1, 34 lits): UNSAT in 0.01s
    cube 1719.121 (depth 1, 34 lits): UNSAT in 0.02s
    cube 1719.122 (depth 1, 33 lits): UNSAT in 0.01s
    cube 1719.123 (depth 1, 33 lits): UNSAT in 0.01s
    cube 1719.124 (depth 1, 34 lits): UNSAT in 0.02s
    cube 1719.125 (depth 1, 34 lits): UNSAT in 0.02s
    cube 1719.126 (depth 1, 34 lits): UNSAT in 0.01s
    cube 1719.127 (depth 1, 34 lits): UNSAT in 0.01s
    cube 1719.128 (depth 1, 34 lits): UNSAT in 0.04s
    cube 1719.129 (depth 1, 34 lits): UNSAT in 0.12s
    cube 1719.130 (depth 1, 34 lits): UNSAT in 0.04s
    cube 1719.131 (depth 1, 34 lits): UNSAT in 0.03s
    cube 1719.132 (depth 1, 34 lits): UNSAT in 0.02s
    cube 1719.133 (depth 1, 34 lits): UNSAT in 0.03s
    cube 1719.134 (depth 1, 34 lits): UNSAT in 0.14s
    cube 1719.135 (depth 1, 34 lits): UNSAT in 0.19s
    cube 1719.136 (depth 1, 34 lits): UNSAT in 0.20s
    cube 1719.137 (depth 1, 34 lits): UNSAT in 0.23s
    cube 1719.138 (depth 1, 33 lits): UNSAT in 0.02s
    cube 1719.139 (depth 1, 33 lits): UNSAT in 0.01s
    cube 1719.140 (depth 1, 33 lits): UNSAT in 0.02s
    cube 1719.141 (depth 1, 34 lits): UNSAT in 0.02s
    cube 1719.142 (depth 1, 34 lits): UNSAT in 0.02s
    cube 1719.143 (depth 1, 34 lits): UNSAT in 0.02s
    cube 1719.144 (depth 1, 34 lits): UNSAT in 0.03s
    cube 1719.145 (depth 1, 34 lits): UNSAT in 0.02s
    cube 1719.146 (depth 1, 34 lits): UNSAT in 0.04s
    cube 1719.147 (depth 1, 34 lits): UNSAT in 0.03s
    cube 1719.148 (depth 1, 34 lits): UNSAT in 0.05s
    cube 1719.149 (depth 1, 34 lits): UNSAT in 0.02s
    cube 1719.150 (depth 1, 34 lits): UNSAT in 0.21s
    cube 1719.151 (depth 1, 34 lits): UNSAT in 0.02s
    cube 1719.152 (depth 1, 34 lits): UNSAT in 0.02s
    cube 1719.153 (depth 1, 34 lits): UNSAT in 0.02s
    cube 1719.154 (depth 1, 34 lits): UNSAT in 0.03s
    cube 1719.155 (depth 1, 34 lits): UNSAT in 0.02s
    cube 1719.156 (depth 1, 34 lits): UNSAT in 0.02s
    cube 1719.157 (depth 1, 34 lits): UNSAT in 0.02s
    cube 1719.158 (depth 1, 34 lits): UNSAT in 0.01s
    cube 1719.159 (depth 1, 34 lits): UNSAT in 0.02s
    cube 1719.160 (depth 1, 34 lits): UNSAT in 0.03s
    cube 1719.161 (depth 1, 34 lits): UNSAT in 0.24s
    cube 1719.162 (depth 1, 34 lits): UNSAT in 0.08s
    cube 1719.163 (depth 1, 34 lits): UNSAT in 0.13s
    cube 1719.164 (depth 1, 34 lits): UNSAT in 0.11s
    cube 1719.165 (depth 1, 34 lits): UNSAT in 0.24s
    cube 1719.166 (depth 1, 34 lits): UNSAT in 0.12s
    cube 1719.167 (depth 1, 33 lits): UNSAT in 0.01s
    cube 1719.168 (depth 1, 33 lits): UNSAT in 0.01s
    cube 1719.169 (depth 1, 33 lits): UNSAT in 0.01s
    cube 1719.170 (depth 1, 34 lits): UNSAT in 0.02s
    cube 1719.171 (depth 1, 34 lits): UNSAT in 0.01s
    cube 1719.172 (depth 1, 34 lits): UNSAT in 0.01s
    cube 1719.173 (depth 1, 34 lits): UNSAT in 0.01s
    cube 1719.174 (depth 1, 34 lits): UNSAT in 0.01s
    cube 1719.175 (depth 1, 34 lits): UNSAT in 0.03s
    cube 1719.176 (depth 1, 34 lits): UNSAT in 0.01s
    cube 1719.177 (depth 1, 34 lits): UNSAT in 0.01s
    cube 1719.178 (depth 1, 34 lits): UNSAT in 0.02s
    cube 1719.179 (depth 1, 34 lits): UNSAT in 0.02s
    cube 1719.180 (depth 1, 32 lits): UNSAT in 0.01s
    cube 1719.181 (depth 1, 34 lits): UNSAT in 0.01s
    cube 1719.182 (depth 1, 34 lits): UNSAT in 0.02s
    cube 1719.183 (depth 1, 34 lits): UNSAT in 0.02s
    cube 1719.184 (depth 1, 34 lits): UNSAT in 0.01s
    cube 1719.185 (depth 1, 34 lits): UNSAT in 0.02s
    cube 1719.186 (depth 1, 34 lits): UNSAT in 0.03s
    cube 1719.187 (depth 1, 34 lits): UNSAT in 0.02s
    cube 1719.188 (depth 1, 34 lits): UNSAT in 0.04s
    cube 1719.189 (depth 1, 34 lits): UNSAT in 0.02s
    cube 1719.190 (depth 1, 34 lits): UNSAT in 0.05s
    cube 1719.191 (depth 1, 34 lits): UNSAT in 0.04s
    cube 1719.192 (depth 1, 34 lits): UNSAT in 0.18s
    cube 1719.193 (depth 1, 32 lits): UNSAT in 0.01s
    cube 1719.194 (depth 1, 34 lits): UNSAT in 0.02s
    cube 1719.195 (depth 1, 34 lits): UNSAT in 0.02s
    cube 1719.196 (depth 1, 34 lits): UNSAT in 0.01s
    cube 1719.197 (depth 1, 34 lits): UNSAT in 0.02s
    cube 1719.198 (depth 1, 33 lits): UNSAT in 0.01s
    cube 1719.199 (depth 1, 34 lits): UNSAT in 0.02s
    cube 1719.200 (depth 1, 34 lits): UNSAT in 0.02s
    cube 1719.201 (depth 1, 34 lits): UNSAT in 0.01s
    cube 1719.202 (depth 1, 34 lits): UNSAT in 0.03s
    cube 1719.203 (depth 1, 34 lits): UNSAT in 0.05s
    cube 1719.204 (depth 1, 34 lits): UNSAT in 0.04s
    cube 1719.205 (depth 1, 34 lits): UNSAT in 0.01s
    cube 1719.206 (depth 1, 34 lits): UNSAT in 0.02s
    cube 1719.207 (depth 1, 34 lits): UNSAT in 0.01s
    cube 1719.208 (depth 1, 34 lits): UNSAT in 0.03s
    cube 1719.209 (depth 1, 34 lits): UNSAT in 0.02s
    cube 1719.210 (depth 1, 34 lits): UNSAT in 0.03s
    cube 1719.211 (depth 1, 34 lits): UNSAT in 0.05s
    cube 1719.212 (depth 1, 34 lits): UNSAT in 0.09s
    cube 1719.213 (depth 1, 33 lits): UNSAT in 0.01s
    cube 1719.214 (depth 1, 34 lits): UNSAT in 0.02s
    cube 1719.215 (depth 1, 34 lits): UNSAT in 0.04s
    cube 1719.216 (depth 1, 34 lits): UNSAT in 0.06s
    cube 1719.217 (depth 1, 34 lits): UNSAT in 0.31s
    cube 1719.218 (depth 1, 34 lits): UNSAT in 0.05s
    cube 1719.219 (depth 1, 34 lits): UNSAT in 0.45s
    cube 1719.220 (depth 1, 33 lits): UNSAT in 0.01s
    cube 1719.221 (depth 1, 33 lits): UNSAT in 0.01s
    cube 1719.222 (depth 1, 33 lits): UNSAT in 0.03s
    cube 1719.223 (depth 1, 34 lits): UNSAT in 0.02s
    cube 1719.224 (depth 1, 34 lits): UNSAT in 0.03s
    cube 1719.225 (depth 1, 34 lits): UNSAT in 0.01s
    cube 1719.226 (depth 1, 34 lits): UNSAT in 0.02s
    cube 1719.227 (depth 1, 34 lits): UNSAT in 0.02s
    cube 1719.228 (depth 1, 34 lits): UNSAT in 0.02s
    cube 1719.229 (depth 1, 34 lits): UNSAT in 0.02s
    cube 1719.230 (depth 1, 34 lits): UNSAT in 0.04s
    cube 1719.231 (depth 1, 34 lits): UNSAT in 0.07s
    cube 1719.232 (depth 1, 34 lits): UNSAT in 0.10s
    cube 1719.233 (depth 1, 33 lits): UNSAT in 0.01s
    cube 1719.234 (depth 1, 34 lits): UNSAT in 0.02s
    cube 1719.235 (depth 1, 34 lits): UNSAT in 0.02s
    cube 1719.236 (depth 1, 34 lits): UNSAT in 0.02s
    cube 1719.237 (depth 1, 34 lits): UNSAT in 0.02s
    cube 1719.238 (depth 1, 34 lits): UNSAT in 0.02s
    cube 1719.239 (depth 1, 34 lits): UNSAT in 0.03s
    cube 1719.240 (depth 1, 34 lits): UNSAT in 0.02s
    cube 1719.241 (depth 1, 34 lits): UNSAT in 0.05s
    cube 1719.242 (depth 1, 34 lits): UNSAT in 0.03s
    cube 1719.243 (depth 1, 34 lits): UNSAT in 0.09s
    cube 1719.244 (depth 1, 34 lits): UNSAT in 0.02s
    cube 1719.245 (depth 1, 34 lits): UNSAT in 0.11s
    cube 1719.246 (depth 1, 34 lits): UNSAT in 0.15s
    cube 1719.247 (depth 1, 34 lits): UNSAT in 0.44s
    cube 1719.248 (depth 1, 34 lits): UNSAT in 0.01s
    cube 1719.249 (depth 1, 34 lits): UNSAT in 0.01s
    cube 1719.250 (depth 1, 34 lits): UNSAT in 0.01s
    cube 1719.251 (depth 1, 34 lits): UNSAT in 0.02s
    cube 1719.252 (depth 1, 34 lits): UNSAT in 0.01s
    cube 1719.253 (depth 1, 34 lits): UNSAT in 0.02s
    cube 1719.254 (depth 1, 34 lits): UNSAT in 0.02s
    cube 1719.255 (depth 1, 34 lits): UNSAT in 0.03s
    cube 1719.256 (depth 1, 34 lits): UNSAT in 0.01s
    cube 1719.257 (depth 1, 34 lits): UNSAT in 0.02s
    cube 1719.258 (depth 1, 34 lits): UNSAT in 0.01s
    cube 1719.259 (depth 1, 34 lits): UNSAT in 0.02s
    cube 1719.260 (depth 1, 34 lits): UNSAT in 0.02s
    cube 1719.261 (depth 1, 34 lits): UNSAT in 0.01s
    cube 1719.262 (depth 1, 34 lits): UNSAT in 0.02s
    cube 1719.263 (depth 1, 34 lits): UNSAT in 0.02s
    cube 1719.264 (depth 1, 34 lits): UNSAT in 0.01s
    cube 1719.265 (depth 1, 34 lits): UNSAT in 0.01s
    cube 1719.266 (depth 1, 34 lits): UNSAT in 0.02s
    cube 1719.267 (depth 1, 34 lits): UNSAT in 0.02s
    cube 1719.268 (depth 1, 34 lits): UNSAT in 0.03s
    cube 1719.269 (depth 1, 34 lits): UNSAT in 0.05s
    cube 1719.270 (depth 1, 34 lits): UNSAT in 0.04s
    cube 1719.271 (depth 1, 34 lits): UNSAT in 0.11s
    cube 1719.272 (depth 1, 34 lits): UNSAT in 0.02s
    cube 1719.273 (depth 1, 34 lits): UNSAT in 0.03s
    cube 1719.274 (depth 1, 34 lits): UNSAT in 0.03s
    cube 1719.275 (depth 1, 34 lits): UNSAT in 0.07s
    cube 1719.276 (depth 1, 34 lits): UNSAT in 0.03s
    cube 1719.277 (depth 1, 34 lits): UNSAT in 0.05s
    cube 1719.278 (depth 1, 34 lits): UNSAT in 0.13s
    cube 1719.279 (depth 1, 34 lits): UNSAT in 0.14s
    cube 1719.280 (depth 1, 32 lits): UNSAT in 0.02s
    cube 1719.281 (depth 1, 33 lits): UNSAT in 0.01s
    cube 1719.282 (depth 1, 34 lits): UNSAT in 0.01s
    cube 1719.283 (depth 1, 34 lits): UNSAT in 0.04s
    cube 1719.284 (depth 1, 32 lits): UNSAT in 0.02s
    cube 1719.285 (depth 1, 33 lits): UNSAT in 0.01s
    cube 1719.286 (depth 1, 34 lits): UNSAT in 0.01s
    cube 1719.287 (depth 1, 34 lits): UNSAT in 0.02s
    cube 1719.288 (depth 1, 34 lits): UNSAT in 0.02s
    cube 1719.289 (depth 1, 34 lits): UNSAT in 0.02s
    cube 1719.290 (depth 1, 34 lits): UNSAT in 0.02s
    cube 1719.291 (depth 1, 34 lits): UNSAT in 0.02s
    cube 1719.292 (depth 1, 34 lits): UNSAT in 0.01s
    cube 1719.293 (depth 1, 34 lits): UNSAT in 0.02s
    cube 1719.294 (depth 1, 34 lits): UNSAT in 0.03s
    cube 1719.295 (depth 1, 34 lits): UNSAT in 0.02s
    cube 1719.296 (depth 1, 33 lits): UNSAT in 0.01s
    cube 1719.297 (depth 1, 34 lits): UNSAT in 0.01s
    cube 1719.298 (depth 1, 34 lits): UNSAT in 0.01s
    cube 1719.299 (depth 1, 34 lits): UNSAT in 0.02s
    cube 1719.300 (depth 1, 34 lits): UNSAT in 0.02s
    cube 1719.301 (depth 1, 34 lits): UNSAT in 0.02s
    cube 1719.302 (depth 1, 34 lits): UNSAT in 0.04s
    cube 1719.303 (depth 1, 34 lits): UNSAT in 0.01s
    cube 1719.304 (depth 1, 34 lits): UNSAT in 0.02s
    cube 1719.305 (depth 1, 34 lits): UNSAT in 0.01s
    cube 1719.306 (depth 1, 34 lits): UNSAT in 0.01s
    cube 1719.307 (depth 1, 33 lits): UNSAT in 0.01s
    cube 1719.308 (depth 1, 34 lits): UNSAT in 0.02s
    cube 1719.309 (depth 1, 34 lits): UNSAT in 0.02s
    cube 1719.310 (depth 1, 34 lits): UNSAT in 0.01s
    cube 1719.311 (depth 1, 34 lits): UNSAT in 0.01s
    cube 1719.312 (depth 1, 33 lits): UNSAT in 0.01s
    cube 1719.313 (depth 1, 34 lits): UNSAT in 0.01s
    cube 1719.314 (depth 1, 34 lits): UNSAT in 0.02s
    cube 1719.315 (depth 1, 34 lits): UNSAT in 0.03s
    cube 1719.316 (depth 1, 34 lits): UNSAT in 0.04s
    cube 1719.317 (depth 1, 34 lits): UNSAT in 0.02s
    cube 1719.318 (depth 1, 34 lits): UNSAT in 0.02s
    cube 1719.319 (depth 1, 34 lits): UNSAT in 0.02s
    cube 1719.320 (depth 1, 34 lits): UNSAT in 0.02s
    cube 1719.321 (depth 1, 34 lits): UNSAT in 0.02s
    cube 1719.322 (depth 1, 34 lits): UNSAT in 0.02s
    cube 1719.323 (depth 1, 34 lits): UNSAT in 0.09s
    cube 1719.324 (depth 1, 34 lits): UNSAT in 0.14s
    cube 1719.325 (depth 1, 34 lits): UNSAT in 0.01s
    cube 1719.326 (depth 1, 34 lits): UNSAT in 0.02s
    cube 1719.327 (depth 1, 34 lits): UNSAT in 0.04s
    cube 1719.328 (depth 1, 34 lits): UNSAT in 0.08s
    cube 1719.329 (depth 1, 34 lits): UNSAT in 0.08s
    cube 1719.330 (depth 1, 34 lits): UNSAT in 0.03s
    cube 1719.331 (depth 1, 34 lits): UNSAT in 0.02s
    cube 1719.332 (depth 1, 34 lits): UNSAT in 0.07s
    cube 1719.333 (depth 1, 34 lits): UNSAT in 0.01s
    cube 1719.334 (depth 1, 34 lits): UNSAT in 0.02s
    cube 1719.335 (depth 1, 34 lits): UNSAT in 0.02s
    cube 1719.336 (depth 1, 34 lits): UNSAT in 0.02s
    cube 1719.337 (depth 1, 34 lits): UNSAT in 0.02s
    cube 1719.338 (depth 1, 34 lits): UNSAT in 0.03s
    cube 1719.339 (depth 1, 34 lits): UNSAT in 0.02s
    cube 1719.340 (depth 1, 34 lits): UNSAT in 0.06s
    cube 1719.341 (depth 1, 34 lits): UNSAT in 0.02s
    cube 1719.342 (depth 1, 34 lits): UNSAT in 0.02s
    cube 1719.343 (depth 1, 34 lits): UNSAT in 0.04s
    cube 1719.344 (depth 1, 34 lits): UNSAT in 0.03s
    cube 1719.345 (depth 1, 34 lits): UNSAT in 0.01s
    cube 1719.346 (depth 1, 34 lits): UNSAT in 0.03s
    cube 1719.347 (depth 1, 34 lits): UNSAT in 0.02s
    cube 1719.348 (depth 1, 34 lits): UNSAT in 0.15s
    cube 1719.349 (depth 1, 34 lits): UNSAT in 0.04s
    cube 1719.350 (depth 1, 34 lits): UNSAT in 0.03s
    cube 1719.351 (depth 1, 34 lits): UNSAT in 0.01s
    cube 1719.352 (depth 1, 34 lits): UNSAT in 0.03s
    cube 1719.353 (depth 1, 34 lits): UNSAT in 0.02s
    cube 1719.354 (depth 1, 34 lits): UNSAT in 0.05s
    cube 1719.355 (depth 1, 34 lits): UNSAT in 0.08s
    cube 1719.356 (depth 1, 34 lits): UNSAT in 0.21s
    cube 1719.357 (depth 1, 34 lits): UNSAT in 0.02s
    cube 1719.358 (depth 1, 34 lits): UNSAT in 0.03s
    cube 1719.359 (depth 1, 34 lits): UNSAT in 0.06s
    cube 1719.360 (depth 1, 34 lits): UNSAT in 0.26s
    cube 1719.361 (depth 1, 34 lits): UNSAT in 0.06s
    cube 1719.362 (depth 1, 34 lits): UNSAT in 0.32s
    cube 1719.363 (depth 1, 34 lits): UNSAT in 0.14s
    cube 1719.364 (depth 1, 34 lits): UNSAT in 0.57s
    cube 1719.365 (depth 1, 34 lits): UNSAT in 0.02s
    cube 1719.366 (depth 1, 34 lits): UNSAT in 0.03s
    cube 1719.367 (depth 1, 34 lits): UNSAT in 0.03s
    cube 1719.368 (depth 1, 34 lits): UNSAT in 0.08s
    cube 1719.369 (depth 1, 34 lits): UNSAT in 0.03s
    cube 1719.370 (depth 1, 34 lits): UNSAT in 0.16s
    cube 1719.371 (depth 1, 34 lits): UNSAT in 0.07s
    cube 1719.372 (depth 1, 34 lits): UNSAT in 0.17s
    cube 1719.373 (depth 1, 34 lits): UNSAT in 0.04s
    cube 1719.374 (depth 1, 34 lits): UNSAT in 0.06s
    cube 1719.375 (depth 1, 34 lits): UNSAT in 0.15s
    cube 1719.376 (depth 1, 34 lits): UNSAT in 0.26s
    cube 1719.377 (depth 1, 34 lits): UNSAT in 0.08s
    cube 1719.378 (depth 1, 34 lits): UNSAT in 0.07s
    cube 1719.379 (depth 1, 34 lits): UNSAT in 0.17s
    cube 1719.380 (depth 1, 34 lits): UNSAT in 1.31s
    cube 1719.381 (depth 1, 34 lits): UNSAT in 0.03s
    cube 1719.382 (depth 1, 34 lits): UNSAT in 0.05s
    cube 1719.383 (depth 1, 34 lits): UNSAT in 0.18s
    cube 1719.384 (depth 1, 34 lits): UNSAT in 0.24s
    cube 1719.385 (depth 1, 34 lits): UNSAT in 0.17s
    cube 1719.386 (depth 1, 34 lits): UNSAT in 0.36s
    cube 1719.387 (depth 1, 34 lits): UNSAT in 0.44s
    cube 1719.388 (depth 1, 34 lits): UNSAT in 0.44s
    cube 1719.389 (depth 1, 34 lits): UNSAT in 0.23s
    cube 1719.390 (depth 1, 34 lits): UNSAT in 0.26s
    cube 1719.391 (depth 1, 34 lits): UNSAT in 0.28s
    cube 1719.392 (depth 1, 34 lits): UNSAT in 1.23s
    cube 1719.393 (depth 1, 34 lits): UNSAT in 0.36s
    cube 1719.394 (depth 1, 34 lits): UNSAT in 0.98s
    cube 1719.395 (depth 1, 34 lits): UNSAT in 3.29s
    cube 1719.396 (depth 1, 34 lits): UNSAT in 3.29s
    cube 1719.397 (depth 1, 32 lits): UNSAT in 0.02s
    cube 1719.398 (depth 1, 32 lits): UNSAT in 0.02s
    cube 1719.399 (depth 1, 32 lits): UNSAT in 0.01s
    cube 1719.400 (depth 1, 33 lits): UNSAT in 0.01s
    cube 1719.401 (depth 1, 33 lits): UNSAT in 0.02s
    cube 1719.402 (depth 1, 33 lits): UNSAT in 0.02s
    cube 1719.403 (depth 1, 34 lits): UNSAT in 0.01s
    cube 1719.404 (depth 1, 34 lits): UNSAT in 0.02s
    cube 1719.405 (depth 1, 34 lits): UNSAT in 0.02s
    cube 1719.406 (depth 1, 34 lits): UNSAT in 0.03s
    cube 1719.407 (depth 1, 34 lits): UNSAT in 0.03s
    cube 1719.408 (depth 1, 34 lits): UNSAT in 0.02s
    cube 1719.409 (depth 1, 34 lits): UNSAT in 0.01s
    cube 1719.410 (depth 1, 34 lits): UNSAT in 0.01s
    cube 1719.411 (depth 1, 34 lits): UNSAT in 0.01s
    cube 1719.412 (depth 1, 34 lits): UNSAT in 0.01s
    cube 1719.413 (depth 1, 34 lits): UNSAT in 0.02s
    cube 1719.414 (depth 1, 34 lits): UNSAT in 0.04s
    cube 1719.415 (depth 1, 34 lits): UNSAT in 0.03s
    cube 1719.416 (depth 1, 34 lits): UNSAT in 0.03s
    cube 1719.417 (depth 1, 33 lits): UNSAT in 0.01s
    cube 1719.418 (depth 1, 33 lits): UNSAT in 0.02s
    cube 1719.419 (depth 1, 34 lits): UNSAT in 0.01s
    cube 1719.420 (depth 1, 34 lits): UNSAT in 0.02s
    cube 1719.421 (depth 1, 34 lits): UNSAT in 0.01s
    cube 1719.422 (depth 1, 34 lits): UNSAT in 0.02s
    cube 1719.423 (depth 1, 34 lits): UNSAT in 0.01s
    cube 1719.424 (depth 1, 34 lits): UNSAT in 0.01s
    cube 1719.425 (depth 1, 34 lits): UNSAT in 0.02s
    cube 1719.426 (depth 1, 34 lits): UNSAT in 0.02s
    cube 1719.427 (depth 1, 34 lits): UNSAT in 0.01s
    cube 1719.428 (depth 1, 34 lits): UNSAT in 0.01s
    cube 1719.429 (depth 1, 34 lits): UNSAT in 0.04s
    cube 1719.430 (depth 1, 34 lits): UNSAT in 0.03s
    cube 1719.431 (depth 1, 32 lits): UNSAT in 0.02s
    cube 1719.432 (depth 1, 34 lits): UNSAT in 0.01s
    cube 1719.433 (depth 1, 34 lits): UNSAT in 0.02s
    cube 1719.434 (depth 1, 34 lits): UNSAT in 0.03s
    cube 1719.435 (depth 1, 34 lits): UNSAT in 0.03s
    cube 1719.436 (depth 1, 34 lits): UNSAT in 0.01s
    cube 1719.437 (depth 1, 34 lits): UNSAT in 0.03s
    cube 1719.438 (depth 1, 34 lits): UNSAT in 0.04s
    cube 1719.439 (depth 1, 34 lits): UNSAT in 0.02s
    cube 1719.440 (depth 1, 34 lits): UNSAT in 0.04s
    cube 1719.441 (depth 1, 34 lits): UNSAT in 0.09s
    cube 1719.442 (depth 1, 34 lits): UNSAT in 0.03s
    cube 1719.443 (depth 1, 34 lits): UNSAT in 0.03s
    cube 1719.444 (depth 1, 33 lits): UNSAT in 0.01s
    cube 1719.445 (depth 1, 33 lits): UNSAT in 0.02s
    cube 1719.446 (depth 1, 33 lits): UNSAT in 0.02s
    cube 1719.447 (depth 1, 34 lits): UNSAT in 0.02s
    cube 1719.448 (depth 1, 34 lits): UNSAT in 0.02s
    cube 1719.449 (depth 1, 32 lits): UNSAT in 0.02s
    cube 1719.450 (depth 1, 34 lits): UNSAT in 0.01s
    cube 1719.451 (depth 1, 34 lits): UNSAT in 0.02s
    cube 1719.452 (depth 1, 34 lits): UNSAT in 0.01s
    cube 1719.453 (depth 1, 34 lits): UNSAT in 0.02s
    cube 1719.454 (depth 1, 33 lits): UNSAT in 0.02s
    cube 1719.455 (depth 1, 34 lits): UNSAT in 0.02s
    cube 1719.456 (depth 1, 34 lits): UNSAT in 0.04s
    cube 1719.457 (depth 1, 34 lits): UNSAT in 0.01s
    cube 1719.458 (depth 1, 34 lits): UNSAT in 0.02s
    cube 1719.459 (depth 1, 34 lits): UNSAT in 0.01s
    cube 1719.460 (depth 1, 34 lits): UNSAT in 0.06s
    cube 1719.461 (depth 1, 34 lits): UNSAT in 0.02s
    cube 1719.462 (depth 1, 34 lits): UNSAT in 0.02s
    cube 1719.463 (depth 1, 34 lits): UNSAT in 0.02s
    cube 1719.464 (depth 1, 34 lits): UNSAT in 0.04s
    cube 1719.465 (depth 1, 34 lits): UNSAT in 0.05s
    cube 1719.466 (depth 1, 34 lits): UNSAT in 0.05s
    cube 1719.467 (depth 1, 34 lits): UNSAT in 0.04s
    cube 1719.468 (depth 1, 34 lits): UNSAT in 0.05s
    cube 1719.469 (depth 1, 34 lits): UNSAT in 0.01s
    cube 1719.470 (depth 1, 34 lits): UNSAT in 0.01s
    cube 1719.471 (depth 1, 33 lits): UNSAT in 0.01s
    cube 1719.472 (depth 1, 34 lits): UNSAT in 0.02s
    cube 1719.473 (depth 1, 34 lits): UNSAT in 0.01s
    cube 1719.474 (depth 1, 34 lits): UNSAT in 0.02s
    cube 1719.475 (depth 1, 34 lits): UNSAT in 0.03s
    cube 1719.476 (depth 1, 33 lits): UNSAT in 0.01s
    cube 1719.477 (depth 1, 34 lits): UNSAT in 0.02s
    cube 1719.478 (depth 1, 34 lits): UNSAT in 0.02s
    cube 1719.479 (depth 1, 34 lits): UNSAT in 0.04s
    cube 1719.480 (depth 1, 34 lits): UNSAT in 0.04s
    cube 1719.481 (depth 1, 34 lits): UNSAT in 0.05s
    cube 1719.482 (depth 1, 34 lits): UNSAT in 0.08s
    cube 1719.483 (depth 1, 34 lits): UNSAT in 0.01s
    cube 1719.484 (depth 1, 34 lits): UNSAT in 0.01s
    cube 1719.485 (depth 1, 34 lits): UNSAT in 0.02s
    cube 1719.486 (depth 1, 34 lits): UNSAT in 0.01s
    cube 1719.487 (depth 1, 34 lits): UNSAT in 0.01s
    cube 1719.488 (depth 1, 34 lits): UNSAT in 0.02s
    cube 1719.489 (depth 1, 34 lits): UNSAT in 0.05s
    cube 1719.490 (depth 1, 34 lits): UNSAT in 0.10s
    cube 1719.491 (depth 1, 34 lits): UNSAT in 0.03s
    cube 1719.492 (depth 1, 34 lits): UNSAT in 0.10s
    cube 1719.493 (depth 1, 34 lits): UNSAT in 0.11s
    cube 1719.494 (depth 1, 34 lits): UNSAT in 0.19s
    cube 1719.495 (depth 1, 34 lits): UNSAT in 0.14s
    cube 1719.496 (depth 1, 34 lits): UNSAT in 0.23s
    cube 1719.497 (depth 1, 34 lits): UNSAT in 0.75s
    cube 1719.498 (depth 1, 34 lits): UNSAT in 0.68s
    cube 1719.499 (depth 1, 32 lits): UNSAT in 0.01s
    cube 1719.500 (depth 1, 32 lits): UNSAT in 0.02s
    cube 1719.501 (depth 1, 32 lits): UNSAT in 0.01s
    cube 1719.502 (depth 1, 34 lits): UNSAT in 0.01s
    cube 1719.503 (depth 1, 34 lits): UNSAT in 0.02s
    cube 1719.504 (depth 1, 34 lits): UNSAT in 0.02s
    cube 1719.505 (depth 1, 34 lits): UNSAT in 0.02s
    cube 1719.506 (depth 1, 34 lits): UNSAT in 0.01s
    cube 1719.507 (depth 1, 34 lits): UNSAT in 0.02s
    cube 1719.508 (depth 1, 34 lits): UNSAT in 0.02s
    cube 1719.509 (depth 1, 34 lits): UNSAT in 0.02s
    cube 1719.510 (depth 1, 34 lits): UNSAT in 0.02s
    cube 1719.511 (depth 1, 34 lits): UNSAT in 0.02s
    cube 1719.512 (depth 1, 34 lits): UNSAT in 0.02s
    cube 1719.513 (depth 1, 34 lits): UNSAT in 0.04s
    cube 1719.514 (depth 1, 34 lits): UNSAT in 0.02s
    cube 1719.515 (depth 1, 34 lits): UNSAT in 0.03s
    cube 1719.516 (depth 1, 34 lits): UNSAT in 0.02s
    cube 1719.517 (depth 1, 34 lits): UNSAT in 0.03s
    cube 1719.518 (depth 1, 34 lits): UNSAT in 0.01s
    cube 1719.519 (depth 1, 34 lits): UNSAT in 0.03s
    cube 1719.520 (depth 1, 34 lits): UNSAT in 0.09s
    cube 1719.521 (depth 1, 34 lits): UNSAT in 0.11s
    cube 1719.522 (depth 1, 34 lits): UNSAT in 0.01s
    cube 1719.523 (depth 1, 34 lits): UNSAT in 0.02s
    cube 1719.524 (depth 1, 34 lits): UNSAT in 0.01s
    cube 1719.525 (depth 1, 34 lits): UNSAT in 0.02s
    cube 1719.526 (depth 1, 34 lits): UNSAT in 0.02s
    cube 1719.527 (depth 1, 34 lits): UNSAT in 0.02s
    cube 1719.528 (depth 1, 34 lits): UNSAT in 0.06s
    cube 1719.529 (depth 1, 34 lits): UNSAT in 0.13s
    cube 1719.530 (depth 1, 34 lits): UNSAT in 0.03s
    cube 1719.531 (depth 1, 34 lits): UNSAT in 0.02s
    cube 1719.532 (depth 1, 34 lits): UNSAT in 0.03s
    cube 1719.533 (depth 1, 34 lits): UNSAT in 0.19s
    cube 1719.534 (depth 1, 34 lits): UNSAT in 0.02s
    cube 1719.535 (depth 1, 34 lits): UNSAT in 0.03s
    cube 1719.536 (depth 1, 34 lits): UNSAT in 0.08s
    cube 1719.537 (depth 1, 34 lits): UNSAT in 0.32s
    cube 1719.538 (depth 1, 34 lits): UNSAT in 0.02s
    cube 1719.539 (depth 1, 34 lits): UNSAT in 0.02s
    cube 1719.540 (depth 1, 34 lits): UNSAT in 0.02s
    cube 1719.541 (depth 1, 34 lits): UNSAT in 0.03s
    cube 1719.542 (depth 1, 34 lits): UNSAT in 0.02s
    cube 1719.543 (depth 1, 34 lits): UNSAT in 0.03s
    cube 1719.544 (depth 1, 34 lits): UNSAT in 0.05s
    cube 1719.545 (depth 1, 34 lits): UNSAT in 0.34s
    cube 1719.546 (depth 1, 34 lits): UNSAT in 0.10s
    cube 1719.547 (depth 1, 34 lits): UNSAT in 0.17s
    cube 1719.548 (depth 1, 34 lits): UNSAT in 0.21s
    cube 1719.549 (depth 1, 34 lits): UNSAT in 0.71s
    cube 1719.550 (depth 1, 34 lits): UNSAT in 0.15s
    cube 1719.551 (depth 1, 34 lits): UNSAT in 0.42s
    cube 1719.552 (depth 1, 34 lits): UNSAT in 1.34s
    cube 1719.553 (depth 1, 34 lits): UNSAT in 2.63s
    cube 1719.554 (depth 1, 34 lits): UNSAT in 0.01s
    cube 1719.555 (depth 1, 34 lits): UNSAT in 0.02s
    cube 1719.556 (depth 1, 34 lits): UNSAT in 0.01s
    cube 1719.557 (depth 1, 34 lits): UNSAT in 0.01s
    cube 1719.558 (depth 1, 34 lits): UNSAT in 0.03s
    cube 1719.559 (depth 1, 34 lits): UNSAT in 0.02s
    cube 1719.560 (depth 1, 34 lits): UNSAT in 0.03s
    cube 1719.561 (depth 1, 34 lits): UNSAT in 0.03s
    cube 1719.562 (depth 1, 34 lits): UNSAT in 0.02s
    cube 1719.563 (depth 1, 34 lits): UNSAT in 0.04s
    cube 1719.564 (depth 1, 34 lits): UNSAT in 0.03s
    cube 1719.565 (depth 1, 34 lits): UNSAT in 0.11s
    cube 1719.566 (depth 1, 34 lits): UNSAT in 0.02s
    cube 1719.567 (depth 1, 34 lits): UNSAT in 0.07s
    cube 1719.568 (depth 1, 34 lits): UNSAT in 0.07s
    cube 1719.569 (depth 1, 34 lits): UNSAT in 0.26s
    cube 1719.570 (depth 1, 34 lits): UNSAT in 0.01s
    cube 1719.571 (depth 1, 34 lits): UNSAT in 0.02s
    cube 1719.572 (depth 1, 34 lits): UNSAT in 0.02s
    cube 1719.573 (depth 1, 34 lits): UNSAT in 0.02s
    cube 1719.574 (depth 1, 34 lits): UNSAT in 0.02s
    cube 1719.575 (depth 1, 34 lits): UNSAT in 0.03s
    cube 1719.576 (depth 1, 34 lits): UNSAT in 0.04s
    cube 1719.577 (depth 1, 34 lits): UNSAT in 0.08s
    cube 1719.578 (depth 1, 34 lits): UNSAT in 0.03s
    cube 1719.579 (depth 1, 34 lits): UNSAT in 0.05s
    cube 1719.580 (depth 1, 34 lits): UNSAT in 0.07s
    cube 1719.581 (depth 1, 34 lits): UNSAT in 0.07s
    cube 1719.582 (depth 1, 34 lits): UNSAT in 0.05s
    cube 1719.583 (depth 1, 34 lits): UNSAT in 0.13s
    cube 1719.584 (depth 1, 34 lits): UNSAT in 0.08s
    cube 1719.585 (depth 1, 34 lits): UNSAT in 0.66s
    cube 1719.586 (depth 1, 34 lits): UNSAT in 0.03s
    cube 1719.587 (depth 1, 34 lits): UNSAT in 0.07s
    cube 1719.588 (depth 1, 34 lits): UNSAT in 0.04s
    cube 1719.589 (depth 1, 34 lits): UNSAT in 0.18s
    cube 1719.590 (depth 1, 34 lits): UNSAT in 0.03s
    cube 1719.591 (depth 1, 34 lits): UNSAT in 0.13s
    cube 1719.592 (depth 1, 34 lits): UNSAT in 0.05s
    cube 1719.593 (depth 1, 34 lits): UNSAT in 0.31s
    cube 1719.594 (depth 1, 34 lits): UNSAT in 0.04s
    cube 1719.595 (depth 1, 34 lits): UNSAT in 0.05s
    cube 1719.596 (depth 1, 34 lits): UNSAT in 0.09s
    cube 1719.597 (depth 1, 34 lits): UNSAT in 0.16s
    cube 1719.598 (depth 1, 34 lits): UNSAT in 0.07s
    cube 1719.599 (depth 1, 34 lits): UNSAT in 0.36s
    cube 1719.600 (depth 1, 34 lits): UNSAT in 0.81s
    cube 1719.601 (depth 1, 34 lits): UNSAT in 1.80s
    cube 1719.602 (depth 1, 34 lits): UNSAT in 0.06s
    cube 1719.603 (depth 1, 34 lits): UNSAT in 0.13s
    cube 1719.604 (depth 1, 34 lits): UNSAT in 0.23s
    cube 1719.605 (depth 1, 34 lits): UNSAT in 0.79s
    cube 1719.606 (depth 1, 34 lits): UNSAT in 0.09s
    cube 1719.607 (depth 1, 34 lits): UNSAT in 0.34s
    cube 1719.608 (depth 1, 34 lits): UNSAT in 0.39s
    cube 1719.609 (depth 1, 34 lits): UNSAT in 0.57s
    cube 1719.610 (depth 1, 34 lits): UNSAT in 0.08s
    cube 1719.611 (depth 1, 34 lits): UNSAT in 0.17s
    cube 1719.612 (depth 1, 34 lits): UNSAT in 0.31s
    cube 1719.613 (depth 1, 34 lits): UNSAT in 1.25s
    cube 1719.614 (depth 1, 34 lits): UNSAT in 0.13s
    cube 1719.615 (depth 1, 34 lits): UNSAT in 0.16s
    cube 1719.616 (depth 1, 34 lits): UNSAT in 0.64s
    cube 1719.617 (depth 1, 34 lits): UNSAT in 2.14s
    cube 1719.618 (depth 1, 33 lits): UNSAT in 0.01s
    cube 1719.619 (depth 1, 33 lits): UNSAT in 0.01s
    cube 1719.620 (depth 1, 33 lits): UNSAT in 0.02s
    cube 1719.621 (depth 1, 34 lits): UNSAT in 0.01s
    cube 1719.622 (depth 1, 34 lits): UNSAT in 0.02s
    cube 1719.623 (depth 1, 33 lits): UNSAT in 0.01s
    cube 1719.624 (depth 1, 34 lits): UNSAT in 0.01s
    cube 1719.625 (depth 1, 34 lits): UNSAT in 0.01s
    cube 1719.626 (depth 1, 34 lits): UNSAT in 0.02s
    cube 1719.627 (depth 1, 34 lits): UNSAT in 0.02s
    cube 1719.628 (depth 1, 34 lits): UNSAT in 0.02s
    cube 1719.629 (depth 1, 34 lits): UNSAT in 0.07s
    cube 1719.630 (depth 1, 32 lits): UNSAT in 0.01s
    cube 1719.631 (depth 1, 34 lits): UNSAT in 0.01s
    cube 1719.632 (depth 1, 34 lits): UNSAT in 0.02s
    cube 1719.633 (depth 1, 34 lits): UNSAT in 0.02s
    cube 1719.634 (depth 1, 34 lits): UNSAT in 0.06s
    cube 1719.635 (depth 1, 34 lits): UNSAT in 0.01s
    cube 1719.636 (depth 1, 34 lits): UNSAT in 0.04s
    cube 1719.637 (depth 1, 34 lits): UNSAT in 0.02s
    cube 1719.638 (depth 1, 34 lits): UNSAT in 0.07s
    cube 1719.639 (depth 1, 34 lits): UNSAT in 0.02s
    cube 1719.640 (depth 1, 34 lits): UNSAT in 0.04s
    cube 1719.641 (depth 1, 34 lits): UNSAT in 0.10s
    cube 1719.642 (depth 1, 34 lits): UNSAT in 0.40s
    cube 1719.643 (depth 1, 34 lits): UNSAT in 0.02s
    cube 1719.644 (depth 1, 34 lits): UNSAT in 0.03s
    cube 1719.645 (depth 1, 34 lits): UNSAT in 0.04s
    cube 1719.646 (depth 1, 34 lits): UNSAT in 0.08s
    cube 1719.647 (depth 1, 34 lits): UNSAT in 0.02s
    cube 1719.648 (depth 1, 34 lits): UNSAT in 0.13s
    cube 1719.649 (depth 1, 34 lits): UNSAT in 0.06s
    cube 1719.650 (depth 1, 34 lits): UNSAT in 0.18s
    cube 1719.651 (depth 1, 34 lits): UNSAT in 0.02s
    cube 1719.652 (depth 1, 34 lits): UNSAT in 0.02s
    cube 1719.653 (depth 1, 34 lits): UNSAT in 0.04s
    cube 1719.654 (depth 1, 34 lits): UNSAT in 0.03s
    cube 1719.655 (depth 1, 34 lits): UNSAT in 0.02s
    cube 1719.656 (depth 1, 34 lits): UNSAT in 0.11s
    cube 1719.657 (depth 1, 34 lits): UNSAT in 0.11s
    cube 1719.658 (depth 1, 34 lits): UNSAT in 0.46s
    cube 1719.659 (depth 1, 34 lits): UNSAT in 0.03s
    cube 1719.660 (depth 1, 34 lits): UNSAT in 0.10s
    cube 1719.661 (depth 1, 34 lits): UNSAT in 0.06s
    cube 1719.662 (depth 1, 34 lits): UNSAT in 0.21s
    cube 1719.663 (depth 1, 34 lits): UNSAT in 0.03s
    cube 1719.664 (depth 1, 34 lits): UNSAT in 0.07s
    cube 1719.665 (depth 1, 34 lits): UNSAT in 0.07s
    cube 1719.666 (depth 1, 34 lits): UNSAT in 0.54s
    cube 1719.667 (depth 1, 34 lits): UNSAT in 0.11s
    cube 1719.668 (depth 1, 34 lits): UNSAT in 0.13s
    cube 1719.669 (depth 1, 34 lits): UNSAT in 0.15s
    cube 1719.670 (depth 1, 34 lits): UNSAT in 0.18s
    cube 1719.671 (depth 1, 34 lits): UNSAT in 0.14s
    cube 1719.672 (depth 1, 34 lits): UNSAT in 0.32s
    cube 1719.673 (depth 1, 34 lits): UNSAT in 0.30s
    cube 1719.674 (depth 1, 34 lits): UNSAT in 1.04s
    cube 1719.675 (depth 1, 34 lits): UNSAT in 0.02s
    cube 1719.676 (depth 1, 34 lits): UNSAT in 0.01s
    cube 1719.677 (depth 1, 34 lits): UNSAT in 0.01s
    cube 1719.678 (depth 1, 34 lits): UNSAT in 0.02s
    cube 1719.679 (depth 1, 34 lits): UNSAT in 0.03s
    cube 1719.680 (depth 1, 34 lits): UNSAT in 0.03s
    cube 1719.681 (depth 1, 34 lits): UNSAT in 0.01s
    cube 1719.682 (depth 1, 34 lits): UNSAT in 0.11s
    cube 1719.683 (depth 1, 34 lits): UNSAT in 0.02s
    cube 1719.684 (depth 1, 34 lits): UNSAT in 0.03s
    cube 1719.685 (depth 1, 34 lits): UNSAT in 0.02s
    cube 1719.686 (depth 1, 34 lits): UNSAT in 0.07s
    cube 1719.687 (depth 1, 34 lits): UNSAT in 0.03s
    cube 1719.688 (depth 1, 34 lits): UNSAT in 0.10s
    cube 1719.689 (depth 1, 34 lits): UNSAT in 0.13s
    cube 1719.690 (depth 1, 34 lits): UNSAT in 0.14s
    cube 1719.691 (depth 1, 34 lits): UNSAT in 0.02s
    cube 1719.692 (depth 1, 34 lits): UNSAT in 0.03s
    cube 1719.693 (depth 1, 34 lits): UNSAT in 0.03s
    cube 1719.694 (depth 1, 34 lits): UNSAT in 0.19s
    cube 1719.695 (depth 1, 34 lits): UNSAT in 0.04s
    cube 1719.696 (depth 1, 34 lits): UNSAT in 0.05s
    cube 1719.697 (depth 1, 34 lits): UNSAT in 0.04s
    cube 1719.698 (depth 1, 34 lits): UNSAT in 1.31s
    cube 1719.699 (depth 1, 34 lits): UNSAT in 0.02s
    cube 1719.700 (depth 1, 34 lits): UNSAT in 0.05s
    cube 1719.701 (depth 1, 34 lits): UNSAT in 0.13s
    cube 1719.702 (depth 1, 34 lits): UNSAT in 0.24s
    cube 1719.703 (depth 1, 34 lits): UNSAT in 0.18s
    cube 1719.704 (depth 1, 34 lits): UNSAT in 0.22s
    cube 1719.705 (depth 1, 34 lits): UNSAT in 0.11s
    cube 1719.706 (depth 1, 34 lits): UNSAT in 1.16s
    cube 1719.707 (depth 1, 34 lits): UNSAT in 0.02s
    cube 1719.708 (depth 1, 34 lits): UNSAT in 0.02s
    cube 1719.709 (depth 1, 34 lits): UNSAT in 0.03s
    cube 1719.710 (depth 1, 34 lits): UNSAT in 0.02s
    cube 1719.711 (depth 1, 34 lits): UNSAT in 0.02s
    cube 1719.712 (depth 1, 34 lits): UNSAT in 0.07s
    cube 1719.713 (depth 1, 34 lits): UNSAT in 0.12s
    cube 1719.714 (depth 1, 34 lits): UNSAT in 0.14s
    cube 1719.715 (depth 1, 34 lits): UNSAT in 0.03s
    cube 1719.716 (depth 1, 34 lits): UNSAT in 0.03s
    cube 1719.717 (depth 1, 34 lits): UNSAT in 0.03s
    cube 1719.718 (depth 1, 34 lits): UNSAT in 0.31s
    cube 1719.719 (depth 1, 34 lits): UNSAT in 0.36s
    cube 1719.720 (depth 1, 34 lits): UNSAT in 0.43s
    cube 1719.721 (depth 1, 34 lits): UNSAT in 0.33s
    cube 1719.722 (depth 1, 34 lits): UNSAT in 2.32s
    cube 1719.723 (depth 1, 34 lits): UNSAT in 0.04s
    cube 1719.724 (depth 1, 34 lits): UNSAT in 0.06s
    cube 1719.725 (depth 1, 34 lits): UNSAT in 0.03s
    cube 1719.726 (depth 1, 34 lits): UNSAT in 0.38s
    cube 1719.727 (depth 1, 34 lits): UNSAT in 0.07s
    cube 1719.728 (depth 1, 34 lits): UNSAT in 0.31s
    cube 1719.729 (depth 1, 34 lits): UNSAT in 0.14s
    cube 1719.730 (depth 1, 34 lits): UNSAT in 0.43s
    cube 1719.731 (depth 1, 34 lits): UNSAT in 0.08s
    cube 1719.732 (depth 1, 34 lits): UNSAT in 0.42s
    cube 1719.733 (depth 1, 34 lits): UNSAT in 0.42s
    cube 1719.734 (depth 1, 34 lits): UNSAT in 2.61s
    cube 1719.735 (depth 1, 34 lits): UNSAT in 0.20s
    cube 1719.736 (depth 1, 34 lits): UNSAT in 1.85s
    cube 1719.737 (depth 1, 34 lits): UNSAT in 7.45s
    cube 1719.738 (depth 1, 34 lits): UNSAT in 9.74s
    cube 1719.739 (depth 1, 34 lits): UNSAT in 0.02s
    cube 1719.740 (depth 1, 34 lits): UNSAT in 0.02s
    cube 1719.741 (depth 1, 34 lits): UNSAT in 0.02s
    cube 1719.742 (depth 1, 34 lits): UNSAT in 0.06s
    cube 1719.743 (depth 1, 34 lits): UNSAT in 0.02s
    cube 1719.744 (depth 1, 34 lits): UNSAT in 0.04s
    cube 1719.745 (depth 1, 34 lits): UNSAT in 0.07s
    cube 1719.746 (depth 1, 34 lits): UNSAT in 0.20s
    cube 1719.747 (depth 1, 34 lits): UNSAT in 0.02s
    cube 1719.748 (depth 1, 34 lits): UNSAT in 0.02s
    cube 1719.749 (depth 1, 34 lits): UNSAT in 0.09s
    cube 1719.750 (depth 1, 34 lits): UNSAT in 0.32s
    cube 1719.751 (depth 1, 34 lits): UNSAT in 0.16s
    cube 1719.752 (depth 1, 34 lits): UNSAT in 0.63s
    cube 1719.753 (depth 1, 34 lits): UNSAT in 0.24s
    cube 1719.754 (depth 1, 34 lits): UNSAT in 2.18s
    cube 1719.755 (depth 1, 34 lits): UNSAT in 0.05s
    cube 1719.756 (depth 1, 34 lits): UNSAT in 0.09s
    cube 1719.757 (depth 1, 34 lits): UNSAT in 0.02s
    cube 1719.758 (depth 1, 34 lits): UNSAT in 0.19s
    cube 1719.759 (depth 1, 34 lits): UNSAT in 0.03s
    cube 1719.760 (depth 1, 34 lits): UNSAT in 0.10s
    cube 1719.761 (depth 1, 34 lits): UNSAT in 0.07s
    cube 1719.762 (depth 1, 34 lits): UNSAT in 0.25s
    cube 1719.763 (depth 1, 34 lits): UNSAT in 0.05s
    cube 1719.764 (depth 1, 34 lits): UNSAT in 0.06s
    cube 1719.765 (depth 1, 34 lits): UNSAT in 0.04s
    cube 1719.766 (depth 1, 34 lits): UNSAT in 0.36s
    cube 1719.767 (depth 1, 34 lits): UNSAT in 0.14s
    cube 1719.768 (depth 1, 34 lits): UNSAT in 0.40s
    cube 1719.769 (depth 1, 34 lits): UNSAT in 0.41s
    cube 1719.770 (depth 1, 34 lits): UNSAT in 5.57s
    cube 1719.771 (depth 1, 34 lits): UNSAT in 0.02s
    cube 1719.772 (depth 1, 34 lits): UNSAT in 0.04s
    cube 1719.773 (depth 1, 34 lits): UNSAT in 0.05s
    cube 1719.774 (depth 1, 34 lits): UNSAT in 0.09s
    cube 1719.775 (depth 1, 34 lits): UNSAT in 0.05s
    cube 1719.776 (depth 1, 34 lits): UNSAT in 0.30s
    cube 1719.777 (depth 1, 34 lits): UNSAT in 0.18s
    cube 1719.778 (depth 1, 34 lits): UNSAT in 2.63s
    cube 1719.779 (depth 1, 34 lits): UNSAT in 0.05s
    cube 1719.780 (depth 1, 34 lits): UNSAT in 0.08s
    cube 1719.781 (depth 1, 34 lits): UNSAT in 0.11s
    cube 1719.782 (depth 1, 34 lits): UNSAT in 0.27s
    cube 1719.783 (depth 1, 34 lits): UNSAT in 0.12s
    cube 1719.784 (depth 1, 34 lits): UNSAT in 0.52s
    cube 1719.785 (depth 1, 34 lits): UNSAT in 0.13s
    cube 1719.786 (depth 1, 34 lits): UNSAT in 1.31s
    cube 1719.787 (depth 1, 34 lits): UNSAT in 0.03s
    cube 1719.788 (depth 1, 34 lits): UNSAT in 0.10s
    cube 1719.789 (depth 1, 34 lits): UNSAT in 0.08s
    cube 1719.790 (depth 1, 34 lits): UNSAT in 0.53s
    cube 1719.791 (depth 1, 34 lits): UNSAT in 0.23s
    cube 1719.792 (depth 1, 34 lits): UNSAT in 0.41s
    cube 1719.793 (depth 1, 34 lits): UNSAT in 0.26s
    cube 1719.794 (depth 1, 34 lits): UNSAT in 0.82s
    cube 1719.795 (depth 1, 34 lits): UNSAT in 0.08s
    cube 1719.796 (depth 1, 34 lits): UNSAT in 0.76s
    cube 1719.797 (depth 1, 34 lits): UNSAT in 0.60s
    cube 1719.798 (depth 1, 34 lits): UNSAT in 1.98s
    cube 1719.799 (depth 1, 34 lits): UNSAT in 0.93s
    cube 1719.800 (depth 1, 34 lits): UNSAT in 1.57s
    cube 1719.801 (depth 1, 34 lits): UNSAT in 3.76s
    cube 1719.802 (depth 1, 34 lits): UNSAT in 25.12s
    cube 1719.803 (depth 1, 34 lits): UNSAT in 0.03s
    cube 1719.804 (depth 1, 34 lits): UNSAT in 0.09s
    cube 1719.805 (depth 1, 34 lits): UNSAT in 0.10s
    cube 1719.806 (depth 1, 34 lits): UNSAT in 0.24s
    cube 1719.807 (depth 1, 34 lits): UNSAT in 0.03s
    cube 1719.808 (depth 1, 34 lits): UNSAT in 0.07s
    cube 1719.809 (depth 1, 34 lits): UNSAT in 0.16s
    cube 1719.810 (depth 1, 34 lits): UNSAT in 1.23s
    cube 1719.811 (depth 1, 34 lits): UNSAT in 0.02s
    cube 1719.812 (depth 1, 34 lits): UNSAT in 0.07s
    cube 1719.813 (depth 1, 34 lits): UNSAT in 0.16s
    cube 1719.814 (depth 1, 34 lits): UNSAT in 0.34s
    cube 1719.815 (depth 1, 34 lits): UNSAT in 0.13s
    cube 1719.816 (depth 1, 34 lits): UNSAT in 0.45s
    cube 1719.817 (depth 1, 34 lits): UNSAT in 1.21s
    cube 1719.818 (depth 1, 34 lits): UNSAT in 9.48s
    cube 1719.819 (depth 1, 34 lits): UNSAT in 0.09s
    cube 1719.820 (depth 1, 34 lits): UNSAT in 0.53s
    cube 1719.821 (depth 1, 34 lits): UNSAT in 0.18s
    cube 1719.822 (depth 1, 34 lits): UNSAT in 0.86s
    cube 1719.823 (depth 1, 34 lits): UNSAT in 0.24s
    cube 1719.824 (depth 1, 34 lits): UNSAT in 0.67s
    cube 1719.825 (depth 1, 34 lits): UNSAT in 0.48s
    cube 1719.826 (depth 1, 34 lits): UNSAT in 8.70s
    cube 1719.827 (depth 1, 34 lits): UNSAT in 0.14s
    cube 1719.828 (depth 1, 34 lits): UNSAT in 0.82s
    cube 1719.829 (depth 1, 34 lits): UNSAT in 1.10s
    cube 1719.830 (depth 1, 34 lits): UNSAT in 5.05s
    cube 1719.831 (depth 1, 34 lits): UNSAT in 1.35s
    cube 1719.832 (depth 1, 34 lits): UNSAT in 7.15s
    cube 1719.833 (depth 1, 34 lits): UNSAT in 2.46s
    cube 1719.834 (depth 1, 34 lits): UNSAT in 105.01s
    cube 1719.835 (depth 1, 34 lits): UNSAT in 0.02s
    cube 1719.836 (depth 1, 34 lits): UNSAT in 0.04s
    cube 1719.837 (depth 1, 34 lits): UNSAT in 0.04s
    cube 1719.838 (depth 1, 34 lits): UNSAT in 0.11s
    cube 1719.839 (depth 1, 34 lits): UNSAT in 0.05s
    cube 1719.840 (depth 1, 34 lits): UNSAT in 0.22s
    cube 1719.841 (depth 1, 34 lits): UNSAT in 0.23s
    cube 1719.842 (depth 1, 34 lits): UNSAT in 2.22s
    cube 1719.843 (depth 1, 34 lits): UNSAT in 0.03s
    cube 1719.844 (depth 1, 34 lits): UNSAT in 0.09s
    cube 1719.845 (depth 1, 34 lits): UNSAT in 0.18s
    cube 1719.846 (depth 1, 34 lits): UNSAT in 0.47s
    cube 1719.847 (depth 1, 34 lits): UNSAT in 0.15s
    cube 1719.848 (depth 1, 34 lits): UNSAT in 0.33s
    cube 1719.849 (depth 1, 34 lits): UNSAT in 1.23s
    cube 1719.850 (depth 1, 34 lits): UNSAT in 8.31s
    cube 1719.851 (depth 1, 34 lits): UNSAT in 0.09s
    cube 1719.852 (depth 1, 34 lits): UNSAT in 0.20s
    cube 1719.853 (depth 1, 34 lits): UNSAT in 0.44s
    cube 1719.854 (depth 1, 34 lits): UNSAT in 0.93s
    cube 1719.855 (depth 1, 34 lits): UNSAT in 0.27s
    cube 1719.856 (depth 1, 34 lits): UNSAT in 0.48s
    cube 1719.857 (depth 1, 34 lits): UNSAT in 0.58s
    cube 1719.858 (depth 1, 34 lits): UNSAT in 7.59s
    cube 1719.859 (depth 1, 34 lits): UNSAT in 0.09s
    cube 1719.860 (depth 1, 34 lits): UNSAT in 0.74s
    cube 1719.861 (depth 1, 34 lits): UNSAT in 1.18s
    cube 1719.862 (depth 1, 34 lits): UNSAT in 6.30s
    cube 1719.863 (depth 1, 34 lits): UNSAT in 0.58s
    cube 1719.864 (depth 1, 34 lits): UNSAT in 6.05s
    cube 1719.865 (depth 1, 34 lits): UNSAT in 2.08s
    cube 1719.866 (depth 1, 34 lits): UNSAT in 50.42s
    cube 1722 (depth 0, 24 lits): UNSAT in 3.83s
    cube 1725 (depth 0, 24 lits): UNSAT in 39.64s
    cube 1728 (depth 0, 24 lits): UNSAT in 0.92s
    cube 1731 (depth 0, 24 lits): UNSAT in 2148.07s
    cube 1734 (depth 0, 24 lits): UNSAT in 19.81s
    cube 1737 (depth 0, 21 lits): UNSAT in 0.02s
    cube 1740 (depth 0, 23 lits): UNSAT in 0.02s
    cube 1743 (depth 0, 22 lits): UNSAT in 0.01s
    cube 1746 (depth 0, 24 lits): UNSAT in 0.01s
    cube 1749 (depth 0, 24 lits): UNSAT in 0.02s
    cube 1752 (depth 0, 22 lits): UNSAT in 0.01s
    cube 1755 (depth 0, 24 lits): UNSAT in 0.02s
    cube 1758 (depth 0, 23 lits): UNSAT in 0.01s
    cube 1761 (depth 0, 24 lits): UNSAT in 0.03s
    cube 1764 (depth 0, 24 lits): UNSAT in 0.01s
    cube 1767 (depth 0, 24 lits): UNSAT in 0.01s
    cube 1770 (depth 0, 24 lits): UNSAT in 0.03s
    cube 1773 (depth 0, 24 lits): UNSAT in 0.04s
    cube 1776 (depth 0, 23 lits): UNSAT in 0.01s
    cube 1779 (depth 0, 24 lits): UNSAT in 0.02s
    cube 1782 (depth 0, 24 lits): UNSAT in 0.04s
    cube 1785 (depth 0, 24 lits): UNSAT in 0.14s
    cube 1788 (depth 0, 24 lits): UNSAT in 0.01s
    cube 1791 (depth 0, 24 lits): UNSAT in 0.02s
    cube 1794 (depth 0, 24 lits): UNSAT in 0.03s
    cube 1797 (depth 0, 24 lits): UNSAT in 0.03s
    cube 1800 (depth 0, 24 lits): UNSAT in 0.10s
    cube 1803 (depth 0, 24 lits): UNSAT in 0.01s
    cube 1806 (depth 0, 24 lits): UNSAT in 0.01s
    cube 1809 (depth 0, 24 lits): UNSAT in 0.02s
    cube 1812 (depth 0, 24 lits): UNSAT in 0.09s
    cube 1815 (depth 0, 24 lits): UNSAT in 0.14s
    cube 1818 (depth 0, 23 lits): UNSAT in 0.01s
    cube 1821 (depth 0, 24 lits): UNSAT in 0.01s
    cube 1824 (depth 0, 24 lits): UNSAT in 0.01s
    cube 1827 (depth 0, 24 lits): UNSAT in 0.02s
    cube 1830 (depth 0, 23 lits): UNSAT in 0.01s
    cube 1833 (depth 0, 23 lits): UNSAT in 0.01s
    cube 1836 (depth 0, 24 lits): UNSAT in 0.02s
    cube 1839 (depth 0, 22 lits): UNSAT in 0.02s
    cube 1842 (depth 0, 24 lits): UNSAT in 0.02s
    cube 1845 (depth 0, 24 lits): UNSAT in 0.02s
    cube 1848 (depth 0, 24 lits): UNSAT in 0.02s
    cube 1851 (depth 0, 24 lits): UNSAT in 0.02s
    cube 1854 (depth 0, 24 lits): UNSAT in 0.01s
    cube 1857 (depth 0, 24 lits): UNSAT in 0.09s
    cube 1860 (depth 0, 24 lits): UNSAT in 0.02s
    cube 1863 (depth 0, 24 lits): UNSAT in 0.04s
    cube 1866 (depth 0, 22 lits): UNSAT in 0.02s
    cube 1869 (depth 0, 24 lits): UNSAT in 0.02s
    cube 1872 (depth 0, 24 lits): UNSAT in 0.02s
    cube 1875 (depth 0, 24 lits): UNSAT in 0.02s
    cube 1878 (depth 0, 24 lits): UNSAT in 0.03s
    cube 1881 (depth 0, 24 lits): UNSAT in 0.03s
    cube 1884 (depth 0, 24 lits): UNSAT in 0.04s
    cube 1887 (depth 0, 24 lits): UNSAT in 0.04s
    cube 1890 (depth 0, 24 lits): UNSAT in 0.08s
    cube 1893 (depth 0, 24 lits): UNSAT in 0.14s
    cube 1896 (depth 0, 24 lits): UNSAT in 0.02s
    cube 1899 (depth 0, 24 lits): UNSAT in 0.02s
    cube 1902 (depth 0, 24 lits): UNSAT in 0.11s
    cube 1905 (depth 0, 24 lits): UNSAT in 0.02s
    cube 1908 (depth 0, 24 lits): UNSAT in 0.17s
    cube 1911 (depth 0, 24 lits): UNSAT in 0.02s
    cube 1914 (depth 0, 24 lits): UNSAT in 0.16s
    cube 1917 (depth 0, 24 lits): UNSAT in 0.12s
    cube 1920 (depth 0, 24 lits): UNSAT in 0.34s
    cube 1923 (depth 0, 24 lits): UNSAT in 0.37s
    cube 1926 (depth 0, 24 lits): UNSAT in 2.99s
    cube 1929 (depth 0, 23 lits): UNSAT in 0.01s
    cube 1932 (depth 0, 24 lits): UNSAT in 0.02s
    cube 1935 (depth 0, 24 lits): UNSAT in 0.01s
    cube 1938 (depth 0, 24 lits): UNSAT in 0.02s
    cube 1941 (depth 0, 24 lits): UNSAT in 0.01s
    cube 1944 (depth 0, 24 lits): UNSAT in 0.02s
    cube 1947 (depth 0, 24 lits): UNSAT in 0.02s
    cube 1950 (depth 0, 24 lits): UNSAT in 0.03s
    cube 1953 (depth 0, 24 lits): UNSAT in 0.01s
    cube 1956 (depth 0, 24 lits): UNSAT in 0.07s
    cube 1959 (depth 0, 23 lits): UNSAT in 0.02s
    cube 1962 (depth 0, 24 lits): UNSAT in 0.01s
    cube 1965 (depth 0, 24 lits): UNSAT in 0.02s
    cube 1968 (depth 0, 24 lits): UNSAT in 0.02s
    cube 1971 (depth 0, 24 lits): UNSAT in 0.03s
    cube 1974 (depth 0, 24 lits): UNSAT in 0.02s
    cube 1977 (depth 0, 24 lits): UNSAT in 0.10s
    cube 1980 (depth 0, 24 lits): UNSAT in 0.08s
    cube 1983 (depth 0, 22 lits): UNSAT in 0.02s
    cube 1986 (depth 0, 23 lits): UNSAT in 0.02s
    cube 1989 (depth 0, 24 lits): UNSAT in 0.02s
    cube 1992 (depth 0, 24 lits): UNSAT in 0.02s
    cube 1995 (depth 0, 24 lits): UNSAT in 0.02s
    cube 1998 (depth 0, 24 lits): UNSAT in 0.02s
    cube 2001 (depth 0, 24 lits): UNSAT in 0.25s
    cube 2004 (depth 0, 24 lits): UNSAT in 0.04s
    cube 2007 (depth 0, 24 lits): UNSAT in 0.16s
    cube 2010 (depth 0, 24 lits): UNSAT in 0.02s
    cube 2013 (depth 0, 24 lits): UNSAT in 0.07s
    cube 2016 (depth 0, 24 lits): UNSAT in 0.07s
    cube 2019 (depth 0, 24 lits): UNSAT in 0.04s
    cube 2022 (depth 0, 24 lits): UNSAT in 0.02s
    cube 2025 (depth 0, 24 lits): UNSAT in 0.23s
    cube 2028 (depth 0, 24 lits): UNSAT in 0.02s
    cube 2031 (depth 0, 24 lits): UNSAT in 0.12s
    cube 2034 (depth 0, 24 lits): UNSAT in 0.03s
    cube 2037 (depth 0, 24 lits): UNSAT in 0.36s
    cube 2040 (depth 0, 24 lits): UNSAT in 0.22s
    cube 2043 (depth 0, 24 lits): UNSAT in 0.03s
    cube 2046 (depth 0, 24 lits): UNSAT in 0.02s
    cube 2049 (depth 0, 24 lits): UNSAT in 0.07s
    cube 2052 (depth 0, 24 lits): UNSAT in 0.02s
    cube 2055 (depth 0, 24 lits): UNSAT in 0.09s
    cube 2058 (depth 0, 24 lits): UNSAT in 0.01s
    cube 2061 (depth 0, 24 lits): UNSAT in 0.14s
    cube 2064 (depth 0, 24 lits): UNSAT in 0.08s
    cube 2067 (depth 0, 24 lits): UNSAT in 0.04s
    cube 2070 (depth 0, 24 lits): UNSAT in 0.04s
    cube 2073 (depth 0, 24 lits): UNSAT in 1.14s
    cube 2076 (depth 0, 24 lits): UNSAT in 0.02s
    cube 2079 (depth 0, 24 lits): UNSAT in 0.06s
    cube 2082 (depth 0, 24 lits): UNSAT in 0.02s
    cube 2085 (depth 0, 24 lits): UNSAT in 0.02s
    cube 2088 (depth 0, 24 lits): UNSAT in 0.18s
    cube 2091 (depth 0, 24 lits): UNSAT in 0.03s
    cube 2094 (depth 0, 24 lits): UNSAT in 0.07s
    cube 2097 (depth 0, 24 lits): UNSAT in 0.47s
    cube 2100 (depth 0, 24 lits): UNSAT in 0.44s
    cube 2103 (depth 0, 24 lits): UNSAT in 0.28s
    cube 2106 (depth 0, 24 lits): UNSAT in 0.01s
    cube 2109 (depth 0, 24 lits): UNSAT in 0.04s
    cube 2112 (depth 0, 24 lits): UNSAT in 0.04s
    cube 2115 (depth 0, 24 lits): UNSAT in 0.02s
    cube 2118 (depth 0, 24 lits): UNSAT in 0.05s
    cube 2121 (depth 0, 24 lits): UNSAT in 0.11s
    cube 2124 (depth 0, 24 lits): UNSAT in 0.08s
    cube 2127 (depth 0, 24 lits): UNSAT in 0.02s
    cube 2130 (depth 0, 24 lits): UNSAT in 0.04s
    cube 2133 (depth 0, 24 lits): UNSAT in 0.17s
    cube 2136 (depth 0, 24 lits): UNSAT in 0.09s
    cube 2139 (depth 0, 24 lits): UNSAT in 0.17s
    cube 2142 (depth 0, 24 lits): UNSAT in 0.10s
    cube 2145 (depth 0, 24 lits): UNSAT in 0.31s
    cube 2148 (depth 0, 24 lits): UNSAT in 0.16s
    cube 2151 (depth 0, 24 lits): UNSAT in 0.70s
    cube 2154 (depth 0, 24 lits): UNSAT in 0.03s
    cube 2157 (depth 0, 24 lits): UNSAT in 0.06s
    cube 2160 (depth 0, 24 lits): UNSAT in 0.04s
    cube 2163 (depth 0, 24 lits): UNSAT in 0.24s
    cube 2166 (depth 0, 24 lits): UNSAT in 0.22s
    cube 2169 (depth 0, 24 lits): UNSAT in 2.98s
    cube 2172 (depth 0, 23 lits): UNSAT in 0.01s
    cube 2175 (depth 0, 23 lits): UNSAT in 0.01s
    cube 2178 (depth 0, 24 lits): UNSAT in 0.07s
    cube 2181 (depth 0, 24 lits): UNSAT in 0.06s
    cube 2184 (depth 0, 24 lits): UNSAT in 0.02s
    cube 2187 (depth 0, 24 lits): UNSAT in 0.02s
    cube 2190 (depth 0, 24 lits): UNSAT in 0.06s
    cube 2193 (depth 0, 24 lits): UNSAT in 0.02s
    cube 2196 (depth 0, 24 lits): UNSAT in 0.08s
    cube 2199 (depth 0, 24 lits): UNSAT in 0.01s
    cube 2202 (depth 0, 24 lits): UNSAT in 0.02s
    cube 2205 (depth 0, 24 lits): UNSAT in 0.02s
    cube 2208 (depth 0, 24 lits): UNSAT in 0.02s
    cube 2211 (depth 0, 24 lits): UNSAT in 0.04s
    cube 2214 (depth 0, 24 lits): UNSAT in 0.13s
    cube 2217 (depth 0, 24 lits): UNSAT in 0.02s
    cube 2220 (depth 0, 24 lits): UNSAT in 0.04s
    cube 2223 (depth 0, 24 lits): UNSAT in 0.08s
    cube 2226 (depth 0, 24 lits): UNSAT in 0.30s
    cube 2229 (depth 0, 24 lits): UNSAT in 0.46s
    cube 2232 (depth 0, 24 lits): UNSAT in 0.02s
    cube 2235 (depth 0, 24 lits): UNSAT in 0.06s
    cube 2238 (depth 0, 24 lits): UNSAT in 0.02s
    cube 2241 (depth 0, 24 lits): UNSAT in 0.04s
    cube 2244 (depth 0, 24 lits): UNSAT in 0.02s
    cube 2247 (depth 0, 24 lits): UNSAT in 0.01s
    cube 2250 (depth 0, 24 lits): UNSAT in 0.03s
    cube 2253 (depth 0, 24 lits): UNSAT in 0.03s
    cube 2256 (depth 0, 24 lits): UNSAT in 0.05s
    cube 2259 (depth 0, 24 lits): UNSAT in 0.06s
    cube 2262 (depth 0, 24 lits): UNSAT in 0.02s
    cube 2265 (depth 0, 24 lits): UNSAT in 0.01s
    cube 2268 (depth 0, 24 lits): UNSAT in 0.08s
    cube 2271 (depth 0, 24 lits): UNSAT in 0.09s
    cube 2274 (depth 0, 24 lits): UNSAT in 0.06s
    cube 2277 (depth 0, 24 lits): UNSAT in 0.02s
    cube 2280 (depth 0, 24 lits): UNSAT in 0.12s
    cube 2283 (depth 0, 24 lits): UNSAT in 0.15s
    cube 2286 (depth 0, 24 lits): UNSAT in 0.49s
    cube 2289 (depth 0, 24 lits): UNSAT in 0.29s
    cube 2292 (depth 0, 24 lits): UNSAT in 5.26s
    cube 2295 (depth 0, 24 lits): UNSAT in 0.02s
    cube 2298 (depth 0, 24 lits): UNSAT in 0.02s
    cube 2301 (depth 0, 24 lits): UNSAT in 0.01s
    cube 2304 (depth 0, 24 lits): UNSAT in 0.02s
    cube 2307 (depth 0, 24 lits): UNSAT in 0.01s
    cube 2310 (depth 0, 24 lits): UNSAT in 0.04s
    cube 2313 (depth 0, 24 lits): UNSAT in 0.05s
    cube 2316 (depth 0, 24 lits): UNSAT in 0.15s
    cube 2319 (depth 0, 24 lits): UNSAT in 0.03s
    cube 2322 (depth 0, 24 lits): UNSAT in 0.06s
    cube 2325 (depth 0, 24 lits): UNSAT in 0.03s
    cube 2328 (depth 0, 24 lits): UNSAT in 0.03s
    cube 2331 (depth 0, 24 lits): UNSAT in 0.05s
    cube 2334 (depth 0, 24 lits): UNSAT in 0.01s
    cube 2337 (depth 0, 24 lits): UNSAT in 0.18s
    cube 2340 (depth 0, 24 lits): UNSAT in 0.07s
    cube 2343 (depth 0, 24 lits): UNSAT in 0.05s
    cube 2346 (depth 0, 24 lits): UNSAT in 0.17s
    cube 2349 (depth 0, 24 lits): UNSAT in 0.69s
    cube 2352 (depth 0, 24 lits): UNSAT in 0.14s
    cube 2355 (depth 0, 24 lits): UNSAT in 0.02s
    cube 2358 (depth 0, 24 lits): UNSAT in 0.02s
    cube 2361 (depth 0, 24 lits): UNSAT in 0.02s
    cube 2364 (depth 0, 24 lits): UNSAT in 0.03s
    cube 2367 (depth 0, 24 lits): UNSAT in 0.16s
    cube 2370 (depth 0, 24 lits): UNSAT in 0.07s
    cube 2373 (depth 0, 24 lits): UNSAT in 0.11s
    cube 2376 (depth 0, 24 lits): UNSAT in 0.21s
    cube 2379 (depth 0, 24 lits): UNSAT in 0.10s
    cube 2382 (depth 0, 24 lits): UNSAT in 0.12s
    cube 2385 (depth 0, 24 lits): UNSAT in 0.92s
    cube 2388 (depth 0, 24 lits): UNSAT in 0.19s
    cube 2391 (depth 0, 24 lits): UNSAT in 0.59s
    cube 2394 (depth 0, 24 lits): UNSAT in 0.12s
    cube 2397 (depth 0, 24 lits): UNSAT in 1.36s
    cube 2400 (depth 0, 24 lits): UNSAT in 0.91s
    cube 2403 (depth 0, 24 lits): UNSAT in 0.10s
    cube 2406 (depth 0, 24 lits): UNSAT in 0.29s
    cube 2409 (depth 0, 24 lits): UNSAT in 0.37s
    cube 2412 (depth 0, 24 lits): UNSAT in 0.37s
    cube 2415 (depth 0, 24 lits): UNSAT in 3.59s
    cube 2418 (depth 0, 24 lits): UNSAT in 0.02s
    cube 2421 (depth 0, 24 lits): UNSAT in 0.08s
    cube 2424 (depth 0, 24 lits): UNSAT in 0.04s
    cube 2427 (depth 0, 24 lits): UNSAT in 0.08s
    cube 2430 (depth 0, 24 lits): UNSAT in 0.02s
    cube 2433 (depth 0, 24 lits): UNSAT in 0.45s
    cube 2436 (depth 0, 24 lits): UNSAT in 0.06s
    cube 2439 (depth 0, 24 lits): UNSAT in 0.13s
    cube 2442 (depth 0, 24 lits): UNSAT in 0.07s
    cube 2445 (depth 0, 24 lits): UNSAT in 0.20s
    cube 2448 (depth 0, 24 lits): UNSAT in 3.14s
    cube 2451 (depth 0, 24 lits): UNSAT in 0.03s
    cube 2454 (depth 0, 24 lits): UNSAT in 0.03s
    cube 2457 (depth 0, 24 lits): UNSAT in 0.40s
    cube 2460 (depth 0, 24 lits): UNSAT in 0.27s
    cube 2463 (depth 0, 24 lits): UNSAT in 2.08s
    cube 2466 (depth 0, 24 lits): UNSAT in 0.18s
    cube 2469 (depth 0, 24 lits): UNSAT in 1.39s
    cube 2472 (depth 0, 24 lits): UNSAT in 1.07s
    cube 2475 (depth 0, 24 lits): UNSAT in 0.93s
    cube 2478 (depth 0, 24 lits): UNSAT in 2.33s
    cube 2481 (depth 0, 24 lits): UNSAT in 43.16s
    cube 2484 (depth 0, 24 lits): UNSAT in 0.02s
    cube 2487 (depth 0, 24 lits): UNSAT in 0.08s
    cube 2490 (depth 0, 24 lits): UNSAT in 0.03s
    cube 2493 (depth 0, 24 lits): UNSAT in 0.21s
    cube 2496 (depth 0, 24 lits): UNSAT in 0.36s
    cube 2499 (depth 0, 24 lits): UNSAT in 0.11s
    cube 2502 (depth 0, 24 lits): UNSAT in 0.16s
    cube 2505 (depth 0, 24 lits): UNSAT in 3.09s
    cube 2508 (depth 0, 24 lits): UNSAT in 2.75s
    cube 2511 (depth 0, 24 lits): UNSAT in 2.52s
    cube 2514 (depth 0, 24 lits): UNSAT in 0.03s
    cube 2517 (depth 0, 24 lits): UNSAT in 0.37s
    cube 2520 (depth 0, 24 lits): UNSAT in 0.87s
    cube 2523 (depth 0, 24 lits): UNSAT in 0.64s
    cube 2526 (depth 0, 24 lits): UNSAT in 0.49s
    cube 2529 (depth 0, 24 lits): UNSAT in 5.83s
    cube 2532 (depth 0, 24 lits): UNSAT in 0.15s
    cube 2535 (depth 0, 24 lits): UNSAT in 1.73s
    cube 2538 (depth 0, 24 lits): UNSAT in 1.38s
    cube 2541 (depth 0, 24 lits): UNSAT in 28.55s
    cube 2544 (depth 0, 24 lits): UNSAT in 76.47s
    cube 2547 (depth 0, 23 lits): UNSAT in 0.02s
    cube 2550 (depth 0, 24 lits): UNSAT in 0.04s
    cube 2553 (depth 0, 24 lits): UNSAT in 0.05s
    cube 2556 (depth 0, 24 lits): UNSAT in 0.14s
    cube 2559 (depth 0, 24 lits): UNSAT in 1.74s
    cube 2562 (depth 0, 24 lits): UNSAT in 0.15s
    cube 2565 (depth 0, 24 lits): UNSAT in 1.25s
    cube 2568 (depth 0, 24 lits): UNSAT in 0.10s
    cube 2571 (depth 0, 24 lits): UNSAT in 3.80s
    cube 2574 (depth 0, 24 lits): UNSAT in 2.50s
    cube 2577 (depth 0, 24 lits): UNSAT in 0.10s
    cube 2580 (depth 0, 24 lits): UNSAT in 0.12s
    cube 2583 (depth 0, 24 lits): UNSAT in 2.68s
    cube 2586 (depth 0, 24 lits): UNSAT in 0.30s
    cube 2589 (depth 0, 24 lits): UNSAT in 1.81s
    cube 2592 (depth 0, 24 lits): UNSAT in 0.26s
    cube 2595 (depth 0, 24 lits): UNSAT in 3.75s
    cube 2598 (depth 0, 24 lits): UNSAT in 1.52s
    cube 2601 (depth 0, 24 lits): UNSAT in 1.02s
    cube 2604 (depth 0, 24 lits): UNSAT in 0.49s
    cube 2607 (depth 0, 24 lits): UNSAT in 444.90s
    cube 2610 (depth 0, 24 lits): UNSAT in 0.11s
    cube 2613 (depth 0, 24 lits): UNSAT in 0.20s
    cube 2616 (depth 0, 24 lits): UNSAT in 0.05s
    cube 2619 (depth 0, 24 lits): UNSAT in 0.70s
    cube 2622 (depth 0, 24 lits): UNSAT in 0.42s
    cube 2625 (depth 0, 24 lits): UNSAT in 0.10s
    cube 2628 (depth 0, 24 lits): UNSAT in 0.27s
    cube 2631 (depth 0, 24 lits): UNSAT in 4.00s
    cube 2634 (depth 0, 24 lits): UNSAT in 0.78s
    cube 2637 (depth 0, 24 lits): UNSAT in 16.18s
    cube 2640 (depth 0, 24 lits): UNSAT in 0.08s
    cube 2643 (depth 0, 24 lits): UNSAT in 3.16s
    cube 2646 (depth 0, 24 lits): UNSAT in 3.60s
    cube 2649 (depth 0, 24 lits): UNSAT in 5.59s
    cube 2652 (depth 0, 24 lits): UNSAT in 4.58s
    cube 2655 (depth 0, 24 lits): UNSAT in 42.51s
    cube 2658 (depth 0, 24 lits): UNSAT in 4.10s
    cube 2661 (depth 0, 24 lits): UNSAT in 20.69s
    cube 2664 (depth 0, 24 lits): UNSAT in 3.14s
    cube 2667 (depth 0, 24 lits): UNSAT in 1368.46s
    cube 2670 (depth 0, 24 lits): UNSAT in 53.73s
    cube 2673 (depth 0, 24 lits): UNSAT in 0.01s
    cube 2676 (depth 0, 24 lits): UNSAT in 0.02s
    cube 2679 (depth 0, 24 lits): UNSAT in 0.02s
    cube 2682 (depth 0, 24 lits): UNSAT in 0.05s
    cube 2685 (depth 0, 24 lits): UNSAT in 0.02s
    cube 2688 (depth 0, 24 lits): UNSAT in 0.02s
    cube 2691 (depth 0, 24 lits): UNSAT in 0.02s
    cube 2694 (depth 0, 24 lits): UNSAT in 0.03s
    cube 2697 (depth 0, 24 lits): UNSAT in 0.02s
    cube 2700 (depth 0, 24 lits): UNSAT in 0.03s
    cube 2703 (depth 0, 24 lits): UNSAT in 0.01s
    cube 2706 (depth 0, 24 lits): UNSAT in 0.06s
    cube 2709 (depth 0, 24 lits): UNSAT in 0.02s
    cube 2712 (depth 0, 24 lits): UNSAT in 0.04s
    cube 2715 (depth 0, 24 lits): UNSAT in 0.04s
    cube 2718 (depth 0, 24 lits): UNSAT in 4.45s
    cube 2721 (depth 0, 24 lits): UNSAT in 0.02s
    cube 2724 (depth 0, 24 lits): UNSAT in 0.04s
    cube 2727 (depth 0, 24 lits): UNSAT in 0.02s
    cube 2730 (depth 0, 24 lits): UNSAT in 0.20s
    cube 2733 (depth 0, 24 lits): UNSAT in 0.16s
    cube 2736 (depth 0, 24 lits): UNSAT in 0.02s
    cube 2739 (depth 0, 24 lits): UNSAT in 0.01s
    cube 2742 (depth 0, 24 lits): UNSAT in 0.03s
    cube 2745 (depth 0, 24 lits): UNSAT in 0.03s
    cube 2748 (depth 0, 24 lits): UNSAT in 0.06s
    cube 2751 (depth 0, 24 lits): UNSAT in 0.02s
    cube 2754 (depth 0, 24 lits): UNSAT in 0.04s
    cube 2757 (depth 0, 24 lits): UNSAT in 0.02s
    cube 2760 (depth 0, 24 lits): UNSAT in 0.04s
    cube 2763 (depth 0, 24 lits): UNSAT in 0.03s
    cube 2766 (depth 0, 24 lits): UNSAT in 0.37s
    cube 2769 (depth 0, 24 lits): UNSAT in 0.03s
    cube 2772 (depth 0, 24 lits): UNSAT in 0.16s
    cube 2775 (depth 0, 24 lits): UNSAT in 0.14s
    cube 2778 (depth 0, 24 lits): UNSAT in 0.16s
    cube 2781 (depth 0, 24 lits): UNSAT in 0.25s
    cube 2784 (depth 0, 24 lits): UNSAT in 0.11s
    cube 2787 (depth 0, 24 lits): UNSAT in 0.11s
    cube 2790 (depth 0, 24 lits): UNSAT in 0.39s
    cube 2793 (depth 0, 24 lits): UNSAT in 0.50s
    cube 2796 (depth 0, 24 lits): UNSAT in 0.54s
    cube 2799 (depth 0, 23 lits): UNSAT in 0.02s
    cube 2802 (depth 0, 23 lits): UNSAT in 0.02s
    cube 2805 (depth 0, 24 lits): UNSAT in 0.02s
    cube 2808 (depth 0, 24 lits): UNSAT in 0.09s
    cube 2811 (depth 0, 24 lits): UNSAT in 0.11s
    cube 2814 (depth 0, 24 lits): UNSAT in 0.02s
    cube 2817 (depth 0, 24 lits): UNSAT in 0.02s
    cube 2820 (depth 0, 24 lits): UNSAT in 0.04s
    cube 2823 (depth 0, 24 lits): UNSAT in 0.04s
    cube 2826 (depth 0, 24 lits): UNSAT in 0.17s
    cube 2829 (depth 0, 24 lits): UNSAT in 0.02s
    cube 2832 (depth 0, 24 lits): UNSAT in 0.12s
    cube 2835 (depth 0, 24 lits): UNSAT in 0.06s
    cube 2838 (depth 0, 24 lits): UNSAT in 0.09s
    cube 2841 (depth 0, 24 lits): UNSAT in 0.09s
    cube 2844 (depth 0, 24 lits): UNSAT in 0.70s
    cube 2847 (depth 0, 24 lits): UNSAT in 0.17s
    cube 2850 (depth 0, 24 lits): UNSAT in 0.31s
    cube 2853 (depth 0, 24 lits): UNSAT in 0.17s
    cube 2856 (depth 0, 24 lits): UNSAT in 0.80s
    cube 2859 (depth 0, 24 lits): UNSAT in 1.50s
    cube 2862 (depth 0, 24 lits): UNSAT in 0.14s
    cube 2865 (depth 0, 24 lits): UNSAT in 0.02s
    cube 2868 (depth 0, 24 lits): UNSAT in 0.48s
    cube 2871 (depth 0, 24 lits): UNSAT in 0.15s
    cube 2874 (depth 0, 24 lits): UNSAT in 1.31s
    cube 2877 (depth 0, 24 lits): UNSAT in 0.04s
    cube 2880 (depth 0, 24 lits): UNSAT in 0.37s
    cube 2883 (depth 0, 24 lits): UNSAT in 0.26s
    cube 2886 (depth 0, 24 lits): UNSAT in 0.40s
    cube 2889 (depth 0, 24 lits): UNSAT in 0.69s
    cube 2892 (depth 0, 24 lits): UNSAT in 25.32s
    cube 2895 (depth 0, 24 lits): UNSAT in 0.25s
    cube 2898 (depth 0, 24 lits): UNSAT in 1.14s
    cube 2901 (depth 0, 24 lits): UNSAT in 0.06s
    cube 2904 (depth 0, 24 lits): UNSAT in 4.02s
    cube 2907 (depth 0, 24 lits): UNSAT in 20.16s
    cube 2910 (depth 0, 24 lits): UNSAT in 0.72s
    cube 2913 (depth 0, 24 lits): UNSAT in 0.95s
    cube 2916 (depth 0, 24 lits): UNSAT in 47.29s
    cube 2919 (depth 0, 24 lits): UNSAT in 15.80s
    cube 2922 (depth 0, 24 lits): UNSAT in 123.62s
    cube 2925 (depth 0, 24 lits): UNSAT in 0.02s
    cube 2928 (depth 0, 24 lits): UNSAT in 0.02s
    cube 2931 (depth 0, 24 lits): UNSAT in 0.03s
    cube 2934 (depth 0, 24 lits): UNSAT in 0.03s
    cube 2937 (depth 0, 24 lits): UNSAT in 0.15s
    cube 2940 (depth 0, 24 lits): UNSAT in 0.11s
    cube 2943 (depth 0, 24 lits): UNSAT in 0.04s
    cube 2946 (depth 0, 24 lits): UNSAT in 0.30s
    cube 2949 (depth 0, 24 lits): UNSAT in 0.02s
    cube 2952 (depth 0, 24 lits): UNSAT in 0.23s
    cube 2955 (depth 0, 24 lits): UNSAT in 3.90s
    cube 2958 (depth 0, 24 lits): UNSAT in 0.04s
    cube 2961 (depth 0, 24 lits): UNSAT in 0.04s
    cube 2964 (depth 0, 24 lits): UNSAT in 0.37s
    cube 2967 (depth 0, 24 lits): UNSAT in 0.28s
    cube 2970 (depth 0, 24 lits): UNSAT in 0.19s
    cube 2973 (depth 0, 24 lits): UNSAT in 0.02s
    cube 2976 (depth 0, 24 lits): UNSAT in 0.16s
    cube 2979 (depth 0, 24 lits): UNSAT in 1.15s
    cube 2982 (depth 0, 24 lits): UNSAT in 0.56s
    cube 2985 (depth 0, 24 lits): UNSAT in 2.69s
    cube 2988 (depth 0, 24 lits): UNSAT in 23.38s
    cube 2991 (depth 0, 24 lits): UNSAT in 0.02s
    cube 2994 (depth 0, 24 lits): UNSAT in 0.03s
    cube 2997 (depth 0, 24 lits): UNSAT in 0.05s
    cube 3000 (depth 0, 24 lits): UNSAT in 0.28s
    cube 3003 (depth 0, 24 lits): UNSAT in 0.24s
    cube 3006 (depth 0, 24 lits): UNSAT in 0.19s
    cube 3009 (depth 0, 24 lits): UNSAT in 0.28s
    cube 3012 (depth 0, 24 lits): UNSAT in 6.21s
    cube 3015 (depth 0, 24 lits): UNSAT in 0.17s
    cube 3018 (depth 0, 24 lits): UNSAT in 2.29s
    cube 3021 (depth 0, 24 lits): UNSAT in 0.19s
    cube 3024 (depth 0, 24 lits): UNSAT in 2.47s
    cube 3027 (depth 0, 24 lits): UNSAT in 0.74s
    cube 3030 (depth 0, 24 lits): UNSAT in 0.20s
    cube 3033 (depth 0, 24 lits): UNSAT in 1.41s
    cube 3036 (depth 0, 24 lits): UNSAT in 11.71s
    cube 3039 (depth 0, 24 lits): UNSAT in 9.95s
    cube 3042 (depth 0, 24 lits): UNSAT in 3.48s
    cube 3045 (depth 0, 24 lits): UNSAT in 0.76s
    cube 3048 (depth 0, 24 lits): UNSAT in 135.87s
    cube 3051 (depth 0, 24 lits): UNSAT in 176.62s
    cube 3054 (depth 0, 24 lits): UNSAT in 0.06s
    cube 3057 (depth 0, 24 lits): UNSAT in 0.12s
    cube 3060 (depth 0, 24 lits): UNSAT in 0.93s
    cube 3063 (depth 0, 24 lits): UNSAT in 0.13s
    cube 3066 (depth 0, 24 lits): UNSAT in 0.44s
    cube 3069 (depth 0, 24 lits): UNSAT in 0.02s
    cube 3072 (depth 0, 24 lits): UNSAT in 0.54s
    cube 3075 (depth 0, 24 lits): UNSAT in 0.32s
    cube 3078 (depth 0, 24 lits): UNSAT in 0.17s
    cube 3081 (depth 0, 24 lits): UNSAT in 0.28s
    cube 3084 (depth 0, 24 lits): UNSAT in 24.36s
    cube 3087 (depth 0, 24 lits): UNSAT in 0.03s
    cube 3090 (depth 0, 24 lits): UNSAT in 0.15s
    cube 3093 (depth 0, 24 lits): UNSAT in 0.14s
    cube 3096 (depth 0, 24 lits): UNSAT in 1.64s
    cube 3099 (depth 0, 24 lits): UNSAT in 0.88s
    cube 3102 (depth 0, 24 lits): UNSAT in 0.15s
    cube 3105 (depth 0, 24 lits): UNSAT in 0.33s
    cube 3108 (depth 0, 24 lits): UNSAT in 8.23s
    cube 3111 (depth 0, 24 lits): UNSAT in 4.79s
    cube 3114 (depth 0, 24 lits): UNSAT in 75.26s
    cube 3117 (depth 0, 24 lits): UNSAT in 0.06s
    cube 3120 (depth 0, 24 lits): UNSAT in 0.18s
    cube 3123 (depth 0, 24 lits): UNSAT in 0.40s
    cube 3126 (depth 0, 24 lits): UNSAT in 0.46s
    cube 3129 (depth 0, 24 lits): UNSAT in 0.62s
    cube 3132 (depth 0, 24 lits): UNSAT in 36.00s
    cube 3135 (depth 0, 24 lits): UNSAT in 0.91s
    cube 3138 (depth 0, 24 lits): UNSAT in 1.24s
    cube 3141 (depth 0, 24 lits): UNSAT in 0.25s
    cube 3144 (depth 0, 24 lits): UNSAT in 40.08s
    cube 3147 (depth 0, 24 lits): UNSAT in 193.78s
    cube 3150 (depth 0, 24 lits): UNSAT in 0.41s
    cube 3153 (depth 0, 24 lits): UNSAT in 1.46s
    cube 3156 (depth 0, 24 lits): UNSAT in 30.20s
    cube 3159 (depth 0, 24 lits): UNSAT in 1.20s
    cube 3162 (depth 0, 24 lits): UNSAT in 30.39s
    cube 3165 (depth 0, 24 lits): UNSAT in 0.58s
    cube 3168 (depth 0, 24 lits): UNSAT in 35.60s
    cube 3171 (depth 0, 24 lits): UNSAT in 21.86s
    cube 3174 (depth 0, 24 lits): UNSAT in 134.96s
    cube 3177 (depth 0, 24 lits): UNSAT in 884.91s
    cube 3180 (depth 0, 24 lits): TIMEOUT in 2400.10s
    cube 3180 TIMEOUT -> re-split into 951 sub-cubes (depth 1)
    cube 3180.0 (depth 1, 33 lits): UNSAT in 0.01s
    cube 3180.1 (depth 1, 33 lits): UNSAT in 0.01s
    cube 3180.2 (depth 1, 33 lits): UNSAT in 0.01s
    cube 3180.3 (depth 1, 33 lits): UNSAT in 0.02s
    cube 3180.4 (depth 1, 33 lits): UNSAT in 0.02s
    cube 3180.5 (depth 1, 33 lits): UNSAT in 0.02s
    cube 3180.6 (depth 1, 34 lits): UNSAT in 0.01s
    cube 3180.7 (depth 1, 34 lits): UNSAT in 0.02s
    cube 3180.8 (depth 1, 34 lits): UNSAT in 0.03s
    cube 3180.9 (depth 1, 34 lits): UNSAT in 0.03s
    cube 3180.10 (depth 1, 32 lits): UNSAT in 0.01s
    cube 3180.11 (depth 1, 33 lits): UNSAT in 0.02s
    cube 3180.12 (depth 1, 33 lits): UNSAT in 0.01s
    cube 3180.13 (depth 1, 33 lits): UNSAT in 0.01s
    cube 3180.14 (depth 1, 33 lits): UNSAT in 0.02s
    cube 3180.15 (depth 1, 34 lits): UNSAT in 0.02s
    cube 3180.16 (depth 1, 34 lits): UNSAT in 0.03s
    cube 3180.17 (depth 1, 34 lits): UNSAT in 0.03s
    cube 3180.18 (depth 1, 34 lits): UNSAT in 0.05s
    cube 3180.19 (depth 1, 33 lits): UNSAT in 0.01s
    cube 3180.20 (depth 1, 34 lits): UNSAT in 0.01s
    cube 3180.21 (depth 1, 34 lits): UNSAT in 0.01s
    cube 3180.22 (depth 1, 33 lits): UNSAT in 0.01s
    cube 3180.23 (depth 1, 34 lits): UNSAT in 0.02s
    cube 3180.24 (depth 1, 34 lits): UNSAT in 0.02s
    cube 3180.25 (depth 1, 34 lits): UNSAT in 0.01s
    cube 3180.26 (depth 1, 34 lits): UNSAT in 0.02s
    cube 3180.27 (depth 1, 34 lits): UNSAT in 0.02s
    cube 3180.28 (depth 1, 34 lits): UNSAT in 0.05s
    cube 3180.29 (depth 1, 34 lits): UNSAT in 0.02s
    cube 3180.30 (depth 1, 34 lits): UNSAT in 0.02s
    cube 3180.31 (depth 1, 34 lits): UNSAT in 0.02s
    cube 3180.32 (depth 1, 34 lits): UNSAT in 0.03s
    cube 3180.33 (depth 1, 33 lits): UNSAT in 0.01s
    cube 3180.34 (depth 1, 33 lits): UNSAT in 0.02s
    cube 3180.35 (depth 1, 33 lits): UNSAT in 0.01s
    cube 3180.36 (depth 1, 34 lits): UNSAT in 0.05s
    cube 3180.37 (depth 1, 34 lits): UNSAT in 0.03s
    cube 3180.38 (depth 1, 34 lits): UNSAT in 0.02s
    cube 3180.39 (depth 1, 34 lits): UNSAT in 0.03s
    cube 3180.40 (depth 1, 34 lits): UNSAT in 0.03s
    cube 3180.41 (depth 1, 34 lits): UNSAT in 0.14s
    cube 3180.42 (depth 1, 34 lits): UNSAT in 0.06s
    cube 3180.43 (depth 1, 34 lits): UNSAT in 0.07s
    cube 3180.44 (depth 1, 34 lits): UNSAT in 0.12s
    cube 3180.45 (depth 1, 34 lits): UNSAT in 0.25s
    cube 3180.46 (depth 1, 33 lits): UNSAT in 0.01s
    cube 3180.47 (depth 1, 34 lits): UNSAT in 0.01s
    cube 3180.48 (depth 1, 34 lits): UNSAT in 0.01s
    cube 3180.49 (depth 1, 33 lits): UNSAT in 0.02s
    cube 3180.50 (depth 1, 34 lits): UNSAT in 0.01s
    cube 3180.51 (depth 1, 34 lits): UNSAT in 0.02s
    cube 3180.52 (depth 1, 33 lits): UNSAT in 0.02s
    cube 3180.53 (depth 1, 34 lits): UNSAT in 0.01s
    cube 3180.54 (depth 1, 34 lits): UNSAT in 0.02s
    cube 3180.55 (depth 1, 34 lits): UNSAT in 0.01s
    cube 3180.56 (depth 1, 34 lits): UNSAT in 0.02s
    cube 3180.57 (depth 1, 34 lits): UNSAT in 0.05s
    cube 3180.58 (depth 1, 34 lits): UNSAT in 0.09s
    cube 3180.59 (depth 1, 34 lits): UNSAT in 0.02s
    cube 3180.60 (depth 1, 34 lits): UNSAT in 0.02s
    cube 3180.61 (depth 1, 34 lits): UNSAT in 0.02s
    cube 3180.62 (depth 1, 34 lits): UNSAT in 0.02s
    cube 3180.63 (depth 1, 34 lits): UNSAT in 0.02s
    cube 3180.64 (depth 1, 34 lits): UNSAT in 0.04s
    cube 3180.65 (depth 1, 34 lits): UNSAT in 0.03s
    cube 3180.66 (depth 1, 34 lits): UNSAT in 0.08s
    cube 3180.67 (depth 1, 34 lits): UNSAT in 0.02s
    cube 3180.68 (depth 1, 34 lits): UNSAT in 0.04s
    cube 3180.69 (depth 1, 34 lits): UNSAT in 0.04s
    cube 3180.70 (depth 1, 34 lits): UNSAT in 0.06s
    cube 3180.71 (depth 1, 34 lits): UNSAT in 0.05s
    cube 3180.72 (depth 1, 34 lits): UNSAT in 0.15s
    cube 3180.73 (depth 1, 34 lits): UNSAT in 0.03s
    cube 3180.74 (depth 1, 34 lits): UNSAT in 0.49s
    cube 3180.75 (depth 1, 33 lits): UNSAT in 0.02s
    cube 3180.76 (depth 1, 34 lits): UNSAT in 0.01s
    cube 3180.77 (depth 1, 34 lits): UNSAT in 0.02s
    cube 3180.78 (depth 1, 34 lits): UNSAT in 0.03s
    cube 3180.79 (depth 1, 34 lits): UNSAT in 0.02s
    cube 3180.80 (depth 1, 34 lits): UNSAT in 0.02s
    cube 3180.81 (depth 1, 34 lits): UNSAT in 0.02s
    cube 3180.82 (depth 1, 34 lits): UNSAT in 0.03s
    cube 3180.83 (depth 1, 34 lits): UNSAT in 0.11s
    cube 3180.84 (depth 1, 34 lits): UNSAT in 0.02s
    cube 3180.85 (depth 1, 34 lits): UNSAT in 0.04s
    cube 3180.86 (depth 1, 34 lits): UNSAT in 0.03s
    cube 3180.87 (depth 1, 34 lits): UNSAT in 0.05s
    cube 3180.88 (depth 1, 34 lits): UNSAT in 0.14s
    cube 3180.89 (depth 1, 34 lits): UNSAT in 0.17s
    cube 3180.90 (depth 1, 34 lits): UNSAT in 0.02s
    cube 3180.91 (depth 1, 34 lits): UNSAT in 0.02s
    cube 3180.92 (depth 1, 34 lits): UNSAT in 0.03s
    cube 3180.93 (depth 1, 34 lits): UNSAT in 0.03s
    cube 3180.94 (depth 1, 34 lits): UNSAT in 0.02s
    cube 3180.95 (depth 1, 34 lits): UNSAT in 0.08s
    cube 3180.96 (depth 1, 34 lits): UNSAT in 0.09s
    cube 3180.97 (depth 1, 34 lits): UNSAT in 0.06s
    cube 3180.98 (depth 1, 34 lits): UNSAT in 0.07s
    cube 3180.99 (depth 1, 34 lits): UNSAT in 0.08s
    cube 3180.100 (depth 1, 34 lits): UNSAT in 0.04s
    cube 3180.101 (depth 1, 34 lits): UNSAT in 0.15s
    cube 3180.102 (depth 1, 34 lits): UNSAT in 0.03s
    cube 3180.103 (depth 1, 34 lits): UNSAT in 0.18s
    cube 3180.104 (depth 1, 34 lits): UNSAT in 0.12s
    cube 3180.105 (depth 1, 34 lits): UNSAT in 0.94s
    cube 3180.106 (depth 1, 32 lits): UNSAT in 0.01s
    cube 3180.107 (depth 1, 32 lits): UNSAT in 0.02s
    cube 3180.108 (depth 1, 34 lits): UNSAT in 0.01s
    cube 3180.109 (depth 1, 34 lits): UNSAT in 0.01s
    cube 3180.110 (depth 1, 34 lits): UNSAT in 0.01s
    cube 3180.111 (depth 1, 34 lits): UNSAT in 0.02s
    cube 3180.112 (depth 1, 34 lits): UNSAT in 0.01s
    cube 3180.113 (depth 1, 34 lits): UNSAT in 0.02s
    cube 3180.114 (depth 1, 34 lits): UNSAT in 0.02s
    cube 3180.115 (depth 1, 34 lits): UNSAT in 0.02s
    cube 3180.116 (depth 1, 34 lits): UNSAT in 0.01s
    cube 3180.117 (depth 1, 34 lits): UNSAT in 0.02s
    cube 3180.118 (depth 1, 34 lits): UNSAT in 0.01s
    cube 3180.119 (depth 1, 34 lits): UNSAT in 0.03s
    cube 3180.120 (depth 1, 34 lits): UNSAT in 0.02s
    cube 3180.121 (depth 1, 34 lits): UNSAT in 0.02s
    cube 3180.122 (depth 1, 34 lits): UNSAT in 0.03s
    cube 3180.123 (depth 1, 34 lits): UNSAT in 0.06s
    cube 3180.124 (depth 1, 34 lits): UNSAT in 0.02s
    cube 3180.125 (depth 1, 34 lits): UNSAT in 0.04s
    cube 3180.126 (depth 1, 34 lits): UNSAT in 0.02s
    cube 3180.127 (depth 1, 34 lits): UNSAT in 0.06s
    cube 3180.128 (depth 1, 34 lits): UNSAT in 0.02s
    cube 3180.129 (depth 1, 34 lits): UNSAT in 0.04s
    cube 3180.130 (depth 1, 34 lits): UNSAT in 0.07s
    cube 3180.131 (depth 1, 34 lits): UNSAT in 0.27s
    cube 3180.132 (depth 1, 34 lits): UNSAT in 0.01s
    cube 3180.133 (depth 1, 34 lits): UNSAT in 0.01s
    cube 3180.134 (depth 1, 34 lits): UNSAT in 0.02s
    cube 3180.135 (depth 1, 34 lits): UNSAT in 0.03s
    cube 3180.136 (depth 1, 34 lits): UNSAT in 0.02s
    cube 3180.137 (depth 1, 34 lits): UNSAT in 0.05s
    cube 3180.138 (depth 1, 34 lits): UNSAT in 0.04s
    cube 3180.139 (depth 1, 34 lits): UNSAT in 0.15s
    cube 3180.140 (depth 1, 34 lits): UNSAT in 0.01s
    cube 3180.141 (depth 1, 34 lits): UNSAT in 0.03s
    cube 3180.142 (depth 1, 34 lits): UNSAT in 0.02s
    cube 3180.143 (depth 1, 34 lits): UNSAT in 0.04s
    cube 3180.144 (depth 1, 34 lits): UNSAT in 0.04s
    cube 3180.145 (depth 1, 34 lits): UNSAT in 0.10s
    cube 3180.146 (depth 1, 34 lits): UNSAT in 0.11s
    cube 3180.147 (depth 1, 34 lits): UNSAT in 0.17s
    cube 3180.148 (depth 1, 34 lits): UNSAT in 0.02s
    cube 3180.149 (depth 1, 34 lits): UNSAT in 0.03s
    cube 3180.150 (depth 1, 34 lits): UNSAT in 0.05s
    cube 3180.151 (depth 1, 34 lits): UNSAT in 0.12s
    cube 3180.152 (depth 1, 34 lits): UNSAT in 0.05s
    cube 3180.153 (depth 1, 34 lits): UNSAT in 0.12s
    cube 3180.154 (depth 1, 34 lits): UNSAT in 0.10s
    cube 3180.155 (depth 1, 34 lits): UNSAT in 0.29s
    cube 3180.156 (depth 1, 34 lits): UNSAT in 0.04s
    cube 3180.157 (depth 1, 34 lits): UNSAT in 0.12s
    cube 3180.158 (depth 1, 34 lits): UNSAT in 0.06s
    cube 3180.159 (depth 1, 34 lits): UNSAT in 0.09s
    cube 3180.160 (depth 1, 34 lits): UNSAT in 0.04s
    cube 3180.161 (depth 1, 34 lits): UNSAT in 0.34s
    cube 3180.162 (depth 1, 34 lits): UNSAT in 0.62s
    cube 3180.163 (depth 1, 34 lits): UNSAT in 1.65s
    cube 3180.164 (depth 1, 34 lits): UNSAT in 0.02s
    cube 3180.165 (depth 1, 34 lits): UNSAT in 0.02s
    cube 3180.166 (depth 1, 34 lits): UNSAT in 0.02s
    cube 3180.167 (depth 1, 34 lits): UNSAT in 0.04s
    cube 3180.168 (depth 1, 34 lits): UNSAT in 0.03s
    cube 3180.169 (depth 1, 34 lits): UNSAT in 0.04s
    cube 3180.170 (depth 1, 34 lits): UNSAT in 0.03s
    cube 3180.171 (depth 1, 34 lits): UNSAT in 0.09s
    cube 3180.172 (depth 1, 34 lits): UNSAT in 0.01s
    cube 3180.173 (depth 1, 34 lits): UNSAT in 0.05s
    cube 3180.174 (depth 1, 34 lits): UNSAT in 0.08s
    cube 3180.175 (depth 1, 34 lits): UNSAT in 0.18s
    cube 3180.176 (depth 1, 34 lits): UNSAT in 0.03s
    cube 3180.177 (depth 1, 34 lits): UNSAT in 0.16s
    cube 3180.178 (depth 1, 34 lits): UNSAT in 0.26s
    cube 3180.179 (depth 1, 34 lits): UNSAT in 0.79s
    cube 3180.180 (depth 1, 34 lits): UNSAT in 0.01s
    cube 3180.181 (depth 1, 34 lits): UNSAT in 0.02s
    cube 3180.182 (depth 1, 34 lits): UNSAT in 0.09s
    cube 3180.183 (depth 1, 34 lits): UNSAT in 0.13s
    cube 3180.184 (depth 1, 34 lits): UNSAT in 0.06s
    cube 3180.185 (depth 1, 34 lits): UNSAT in 0.13s
    cube 3180.186 (depth 1, 34 lits): UNSAT in 0.25s
    cube 3180.187 (depth 1, 34 lits): UNSAT in 0.85s
    cube 3180.188 (depth 1, 34 lits): UNSAT in 0.02s
    cube 3180.189 (depth 1, 34 lits): UNSAT in 0.03s
    cube 3180.190 (depth 1, 34 lits): UNSAT in 0.11s
    cube 3180.191 (depth 1, 34 lits): UNSAT in 0.10s
    cube 3180.192 (depth 1, 34 lits): UNSAT in 0.06s
    cube 3180.193 (depth 1, 34 lits): UNSAT in 0.09s
    cube 3180.194 (depth 1, 34 lits): UNSAT in 0.39s
    cube 3180.195 (depth 1, 34 lits): UNSAT in 0.54s
    cube 3180.196 (depth 1, 34 lits): UNSAT in 0.04s
    cube 3180.197 (depth 1, 34 lits): UNSAT in 0.05s
    cube 3180.198 (depth 1, 34 lits): UNSAT in 0.04s
    cube 3180.199 (depth 1, 34 lits): UNSAT in 0.29s
    cube 3180.200 (depth 1, 34 lits): UNSAT in 0.04s
    cube 3180.201 (depth 1, 34 lits): UNSAT in 0.23s
    cube 3180.202 (depth 1, 34 lits): UNSAT in 0.17s
    cube 3180.203 (depth 1, 34 lits): UNSAT in 0.91s
    cube 3180.204 (depth 1, 34 lits): UNSAT in 0.09s
    cube 3180.205 (depth 1, 34 lits): UNSAT in 0.14s
    cube 3180.206 (depth 1, 34 lits): UNSAT in 0.23s
    cube 3180.207 (depth 1, 34 lits): UNSAT in 0.19s
    cube 3180.208 (depth 1, 34 lits): UNSAT in 0.15s
    cube 3180.209 (depth 1, 34 lits): UNSAT in 0.27s
    cube 3180.210 (depth 1, 34 lits): UNSAT in 0.20s
    cube 3180.211 (depth 1, 34 lits): UNSAT in 0.51s
    cube 3180.212 (depth 1, 34 lits): UNSAT in 0.12s
    cube 3180.213 (depth 1, 34 lits): UNSAT in 0.35s
    cube 3180.214 (depth 1, 34 lits): UNSAT in 0.67s
    cube 3180.215 (depth 1, 34 lits): UNSAT in 0.75s
    cube 3180.216 (depth 1, 34 lits): UNSAT in 0.12s
    cube 3180.217 (depth 1, 34 lits): UNSAT in 0.53s
    cube 3180.218 (depth 1, 34 lits): UNSAT in 0.30s
    cube 3180.219 (depth 1, 34 lits): UNSAT in 2.77s
    cube 3180.220 (depth 1, 34 lits): UNSAT in 0.17s
    cube 3180.221 (depth 1, 34 lits): UNSAT in 0.50s
    cube 3180.222 (depth 1, 34 lits): UNSAT in 0.74s
    cube 3180.223 (depth 1, 34 lits): UNSAT in 3.74s
    cube 3180.224 (depth 1, 34 lits): UNSAT in 1.74s
    cube 3180.225 (depth 1, 34 lits): UNSAT in 0.65s
    cube 3180.226 (depth 1, 34 lits): UNSAT in 1.54s
    cube 3180.227 (depth 1, 34 lits): UNSAT in 6.91s
    cube 3180.228 (depth 1, 33 lits): UNSAT in 0.01s
    cube 3180.229 (depth 1, 33 lits): UNSAT in 0.01s
    cube 3180.230 (depth 1, 33 lits): UNSAT in 0.01s
    cube 3180.231 (depth 1, 34 lits): UNSAT in 0.02s
    cube 3180.232 (depth 1, 34 lits): UNSAT in 0.02s
    cube 3180.233 (depth 1, 33 lits): UNSAT in 0.01s
    cube 3180.234 (depth 1, 34 lits): UNSAT in 0.02s
    cube 3180.235 (depth 1, 34 lits): UNSAT in 0.02s
    cube 3180.236 (depth 1, 34 lits): UNSAT in 0.02s
    cube 3180.237 (depth 1, 34 lits): UNSAT in 0.03s
    cube 3180.238 (depth 1, 34 lits): UNSAT in 0.03s
    cube 3180.239 (depth 1, 34 lits): UNSAT in 0.03s
    cube 3180.240 (depth 1, 34 lits): UNSAT in 0.01s
    cube 3180.241 (depth 1, 34 lits): UNSAT in 0.02s
    cube 3180.242 (depth 1, 34 lits): UNSAT in 0.02s
    cube 3180.243 (depth 1, 34 lits): UNSAT in 0.02s
    cube 3180.244 (depth 1, 34 lits): UNSAT in 0.02s
    cube 3180.245 (depth 1, 34 lits): UNSAT in 0.02s
    cube 3180.246 (depth 1, 34 lits): UNSAT in 0.02s
    cube 3180.247 (depth 1, 34 lits): UNSAT in 0.01s
    cube 3180.248 (depth 1, 34 lits): UNSAT in 0.01s
    cube 3180.249 (depth 1, 34 lits): UNSAT in 0.01s
    cube 3180.250 (depth 1, 34 lits): UNSAT in 0.02s
    cube 3180.251 (depth 1, 34 lits): UNSAT in 0.02s
    cube 3180.252 (depth 1, 34 lits): UNSAT in 0.01s
    cube 3180.253 (depth 1, 34 lits): UNSAT in 0.04s
    cube 3180.254 (depth 1, 34 lits): UNSAT in 0.01s
    cube 3180.255 (depth 1, 34 lits): UNSAT in 0.04s
    cube 3180.256 (depth 1, 32 lits): UNSAT in 0.02s
    cube 3180.257 (depth 1, 33 lits): UNSAT in 0.01s
    cube 3180.258 (depth 1, 33 lits): UNSAT in 0.02s
    cube 3180.259 (depth 1, 34 lits): UNSAT in 0.03s
    cube 3180.260 (depth 1, 34 lits): UNSAT in 0.02s
    cube 3180.261 (depth 1, 34 lits): UNSAT in 0.02s
    cube 3180.262 (depth 1, 34 lits): UNSAT in 0.06s
    cube 3180.263 (depth 1, 34 lits): UNSAT in 0.01s
    cube 3180.264 (depth 1, 34 lits): UNSAT in 0.02s
    cube 3180.265 (depth 1, 34 lits): UNSAT in 0.03s
    cube 3180.266 (depth 1, 34 lits): UNSAT in 0.06s
    cube 3180.267 (depth 1, 34 lits): UNSAT in 0.01s
    cube 3180.268 (depth 1, 34 lits): UNSAT in 0.02s
    cube 3180.269 (depth 1, 34 lits): UNSAT in 0.01s
    cube 3180.270 (depth 1, 34 lits): UNSAT in 0.03s
    cube 3180.271 (depth 1, 33 lits): UNSAT in 0.01s
    cube 3180.272 (depth 1, 34 lits): UNSAT in 0.05s
    cube 3180.273 (depth 1, 34 lits): UNSAT in 0.02s
    cube 3180.274 (depth 1, 34 lits): UNSAT in 0.04s
    cube 3180.275 (depth 1, 34 lits): UNSAT in 0.07s
    cube 3180.276 (depth 1, 34 lits): UNSAT in 0.08s
    cube 3180.277 (depth 1, 34 lits): UNSAT in 0.15s
    cube 3180.278 (depth 1, 34 lits): UNSAT in 0.40s
    cube 3180.279 (depth 1, 34 lits): UNSAT in 0.18s
    cube 3180.280 (depth 1, 34 lits): UNSAT in 0.05s
    cube 3180.281 (depth 1, 34 lits): UNSAT in 0.16s
    cube 3180.282 (depth 1, 34 lits): UNSAT in 0.02s
    cube 3180.283 (depth 1, 34 lits): UNSAT in 0.02s
    cube 3180.284 (depth 1, 34 lits): UNSAT in 0.02s
    cube 3180.285 (depth 1, 34 lits): UNSAT in 0.04s
    cube 3180.286 (depth 1, 34 lits): UNSAT in 0.02s
    cube 3180.287 (depth 1, 34 lits): UNSAT in 0.02s
    cube 3180.288 (depth 1, 34 lits): UNSAT in 0.06s
    cube 3180.289 (depth 1, 34 lits): UNSAT in 0.05s
    cube 3180.290 (depth 1, 34 lits): UNSAT in 0.02s
    cube 3180.291 (depth 1, 34 lits): UNSAT in 0.06s
    cube 3180.292 (depth 1, 34 lits): UNSAT in 0.05s
    cube 3180.293 (depth 1, 34 lits): UNSAT in 0.10s
    cube 3180.294 (depth 1, 34 lits): UNSAT in 0.03s
    cube 3180.295 (depth 1, 34 lits): UNSAT in 0.05s
    cube 3180.296 (depth 1, 34 lits): UNSAT in 0.05s
    cube 3180.297 (depth 1, 34 lits): UNSAT in 0.10s
    cube 3180.298 (depth 1, 33 lits): UNSAT in 0.01s
    cube 3180.299 (depth 1, 34 lits): UNSAT in 0.02s
    cube 3180.300 (depth 1, 34 lits): UNSAT in 0.03s
    cube 3180.301 (depth 1, 34 lits): UNSAT in 0.01s
    cube 3180.302 (depth 1, 34 lits): UNSAT in 0.02s
    cube 3180.303 (depth 1, 34 lits): UNSAT in 0.03s
    cube 3180.304 (depth 1, 34 lits): UNSAT in 0.06s
    cube 3180.305 (depth 1, 34 lits): UNSAT in 0.04s
    cube 3180.306 (depth 1, 34 lits): UNSAT in 0.09s
    cube 3180.307 (depth 1, 34 lits): UNSAT in 0.06s
    cube 3180.308 (depth 1, 34 lits): UNSAT in 0.21s
    cube 3180.309 (depth 1, 34 lits): UNSAT in 0.11s
    cube 3180.310 (depth 1, 34 lits): UNSAT in 0.20s
    cube 3180.311 (depth 1, 34 lits): UNSAT in 0.26s
    cube 3180.312 (depth 1, 34 lits): UNSAT in 1.32s
    cube 3180.313 (depth 1, 34 lits): UNSAT in 0.02s
    cube 3180.314 (depth 1, 34 lits): UNSAT in 0.07s
    cube 3180.315 (depth 1, 34 lits): UNSAT in 0.02s
    cube 3180.316 (depth 1, 34 lits): UNSAT in 0.11s
    cube 3180.317 (depth 1, 34 lits): UNSAT in 0.07s
    cube 3180.318 (depth 1, 34 lits): UNSAT in 0.10s
    cube 3180.319 (depth 1, 34 lits): UNSAT in 0.10s
    cube 3180.320 (depth 1, 34 lits): UNSAT in 0.27s
    cube 3180.321 (depth 1, 34 lits): UNSAT in 0.01s
    cube 3180.322 (depth 1, 34 lits): UNSAT in 0.05s
    cube 3180.323 (depth 1, 34 lits): UNSAT in 0.09s
    cube 3180.324 (depth 1, 34 lits): UNSAT in 0.17s
    cube 3180.325 (depth 1, 34 lits): UNSAT in 0.15s
    cube 3180.326 (depth 1, 34 lits): UNSAT in 0.21s
    cube 3180.327 (depth 1, 34 lits): UNSAT in 0.24s
    cube 3180.328 (depth 1, 34 lits): UNSAT in 0.13s
    cube 3180.329 (depth 1, 34 lits): UNSAT in 0.05s
    cube 3180.330 (depth 1, 34 lits): UNSAT in 0.34s
    cube 3180.331 (depth 1, 34 lits): UNSAT in 0.20s
    cube 3180.332 (depth 1, 34 lits): UNSAT in 0.43s
    cube 3180.333 (depth 1, 34 lits): UNSAT in 0.04s
    cube 3180.334 (depth 1, 34 lits): UNSAT in 0.31s
    cube 3180.335 (depth 1, 34 lits): UNSAT in 1.67s
    cube 3180.336 (depth 1, 34 lits): UNSAT in 0.67s
    cube 3180.337 (depth 1, 34 lits): UNSAT in 0.15s
    cube 3180.338 (depth 1, 34 lits): UNSAT in 0.43s
    cube 3180.339 (depth 1, 34 lits): UNSAT in 0.51s
    cube 3180.340 (depth 1, 34 lits): UNSAT in 3.11s
    cube 3180.341 (depth 1, 34 lits): UNSAT in 0.53s
    cube 3180.342 (depth 1, 34 lits): UNSAT in 0.95s
    cube 3180.343 (depth 1, 34 lits): UNSAT in 1.03s
    cube 3180.344 (depth 1, 34 lits): UNSAT in 8.15s
    cube 3180.345 (depth 1, 34 lits): UNSAT in 0.02s
    cube 3180.346 (depth 1, 34 lits): UNSAT in 0.02s
    cube 3180.347 (depth 1, 34 lits): UNSAT in 0.02s
    cube 3180.348 (depth 1, 34 lits): UNSAT in 0.04s
    cube 3180.349 (depth 1, 34 lits): UNSAT in 0.02s
    cube 3180.350 (depth 1, 34 lits): UNSAT in 0.02s
    cube 3180.351 (depth 1, 34 lits): UNSAT in 0.02s
    cube 3180.352 (depth 1, 34 lits): UNSAT in 0.06s
    cube 3180.353 (depth 1, 34 lits): UNSAT in 0.02s
    cube 3180.354 (depth 1, 34 lits): UNSAT in 0.03s
    cube 3180.355 (depth 1, 34 lits): UNSAT in 0.02s
    cube 3180.356 (depth 1, 34 lits): UNSAT in 0.04s
    cube 3180.357 (depth 1, 34 lits): UNSAT in 0.06s
    cube 3180.358 (depth 1, 34 lits): UNSAT in 0.12s
    cube 3180.359 (depth 1, 34 lits): UNSAT in 0.40s
    cube 3180.360 (depth 1, 34 lits): UNSAT in 0.47s
    cube 3180.361 (depth 1, 34 lits): UNSAT in 0.03s
    cube 3180.362 (depth 1, 34 lits): UNSAT in 0.06s
    cube 3180.363 (depth 1, 34 lits): UNSAT in 0.02s
    cube 3180.364 (depth 1, 34 lits): UNSAT in 0.11s
    cube 3180.365 (depth 1, 34 lits): UNSAT in 0.02s
    cube 3180.366 (depth 1, 34 lits): UNSAT in 0.14s
    cube 3180.367 (depth 1, 34 lits): UNSAT in 0.07s
    cube 3180.368 (depth 1, 34 lits): UNSAT in 0.37s
    cube 3180.369 (depth 1, 34 lits): UNSAT in 0.03s
    cube 3180.370 (depth 1, 34 lits): UNSAT in 0.06s
    cube 3180.371 (depth 1, 34 lits): UNSAT in 0.10s
    cube 3180.372 (depth 1, 34 lits): UNSAT in 0.39s
    cube 3180.373 (depth 1, 34 lits): UNSAT in 0.12s
    cube 3180.374 (depth 1, 34 lits): UNSAT in 0.66s
    cube 3180.375 (depth 1, 34 lits): UNSAT in 0.40s
    cube 3180.376 (depth 1, 34 lits): UNSAT in 2.34s
    cube 3180.377 (depth 1, 34 lits): UNSAT in 0.02s
    cube 3180.378 (depth 1, 34 lits): UNSAT in 0.06s
    cube 3180.379 (depth 1, 34 lits): UNSAT in 0.04s
    cube 3180.380 (depth 1, 34 lits): UNSAT in 0.13s
    cube 3180.381 (depth 1, 34 lits): UNSAT in 0.08s
    cube 3180.382 (depth 1, 34 lits): UNSAT in 0.07s
    cube 3180.383 (depth 1, 34 lits): UNSAT in 0.05s
    cube 3180.384 (depth 1, 34 lits): UNSAT in 0.16s
    cube 3180.385 (depth 1, 34 lits): UNSAT in 0.02s
    cube 3180.386 (depth 1, 34 lits): UNSAT in 0.06s
    cube 3180.387 (depth 1, 34 lits): UNSAT in 0.09s
    cube 3180.388 (depth 1, 34 lits): UNSAT in 0.52s
    cube 3180.389 (depth 1, 34 lits): UNSAT in 0.03s
    cube 3180.390 (depth 1, 34 lits): UNSAT in 0.13s
    cube 3180.391 (depth 1, 34 lits): UNSAT in 0.22s
    cube 3180.392 (depth 1, 34 lits): UNSAT in 1.32s
    cube 3180.393 (depth 1, 34 lits): UNSAT in 0.07s
    cube 3180.394 (depth 1, 34 lits): UNSAT in 0.19s
    cube 3180.395 (depth 1, 34 lits): UNSAT in 0.19s
    cube 3180.396 (depth 1, 34 lits): UNSAT in 0.40s
    cube 3180.397 (depth 1, 34 lits): UNSAT in 0.30s
    cube 3180.398 (depth 1, 34 lits): UNSAT in 1.91s
    cube 3180.399 (depth 1, 34 lits): UNSAT in 0.50s
    cube 3180.400 (depth 1, 34 lits): UNSAT in 3.56s
    cube 3180.401 (depth 1, 34 lits): UNSAT in 0.05s
    cube 3180.402 (depth 1, 34 lits): UNSAT in 0.21s
    cube 3180.403 (depth 1, 34 lits): UNSAT in 0.13s
    cube 3180.404 (depth 1, 34 lits): UNSAT in 1.60s
    cube 3180.405 (depth 1, 34 lits): UNSAT in 0.15s
    cube 3180.406 (depth 1, 34 lits): UNSAT in 1.37s
    cube 3180.407 (depth 1, 34 lits): UNSAT in 5.93s
    cube 3180.408 (depth 1, 34 lits): UNSAT in 8.27s
    cube 3180.409 (depth 1, 34 lits): UNSAT in 0.02s
    cube 3180.410 (depth 1, 34 lits): UNSAT in 0.06s
    cube 3180.411 (depth 1, 34 lits): UNSAT in 0.04s
    cube 3180.412 (depth 1, 34 lits): UNSAT in 0.10s
    cube 3180.413 (depth 1, 34 lits): UNSAT in 0.03s
    cube 3180.414 (depth 1, 34 lits): UNSAT in 0.14s
    cube 3180.415 (depth 1, 34 lits): UNSAT in 0.18s
    cube 3180.416 (depth 1, 34 lits): UNSAT in 0.52s
    cube 3180.417 (depth 1, 34 lits): UNSAT in 0.04s
    cube 3180.418 (depth 1, 34 lits): UNSAT in 0.23s
    cube 3180.419 (depth 1, 34 lits): UNSAT in 0.19s
    cube 3180.420 (depth 1, 34 lits): UNSAT in 0.52s
    cube 3180.421 (depth 1, 34 lits): UNSAT in 0.44s
    cube 3180.422 (depth 1, 34 lits): UNSAT in 0.51s
    cube 3180.423 (depth 1, 34 lits): UNSAT in 1.26s
    cube 3180.424 (depth 1, 34 lits): UNSAT in 10.26s
    cube 3180.425 (depth 1, 34 lits): UNSAT in 0.12s
    cube 3180.426 (depth 1, 34 lits): UNSAT in 0.74s
    cube 3180.427 (depth 1, 34 lits): UNSAT in 0.16s
    cube 3180.428 (depth 1, 34 lits): UNSAT in 2.11s
    cube 3180.429 (depth 1, 34 lits): UNSAT in 0.26s
    cube 3180.430 (depth 1, 34 lits): UNSAT in 2.94s
    cube 3180.431 (depth 1, 34 lits): UNSAT in 1.23s
    cube 3180.432 (depth 1, 34 lits): UNSAT in 10.10s
    cube 3180.433 (depth 1, 34 lits): UNSAT in 0.12s
    cube 3180.434 (depth 1, 34 lits): UNSAT in 0.61s
    cube 3180.435 (depth 1, 34 lits): UNSAT in 0.18s
    cube 3180.436 (depth 1, 34 lits): UNSAT in 1.05s
    cube 3180.437 (depth 1, 34 lits): UNSAT in 0.35s
    cube 3180.438 (depth 1, 34 lits): UNSAT in 3.25s
    cube 3180.439 (depth 1, 34 lits): UNSAT in 7.08s
    cube 3180.440 (depth 1, 34 lits): UNSAT in 114.94s
    cube 3180.441 (depth 1, 34 lits): UNSAT in 0.04s
    cube 3180.442 (depth 1, 34 lits): UNSAT in 0.06s
    cube 3180.443 (depth 1, 34 lits): UNSAT in 0.19s
    cube 3180.444 (depth 1, 34 lits): UNSAT in 0.86s
    cube 3180.445 (depth 1, 34 lits): UNSAT in 0.05s
    cube 3180.446 (depth 1, 34 lits): UNSAT in 0.33s
    cube 3180.447 (depth 1, 34 lits): UNSAT in 0.46s
    cube 3180.448 (depth 1, 34 lits): UNSAT in 4.55s
    cube 3180.449 (depth 1, 34 lits): UNSAT in 0.16s
    cube 3180.450 (depth 1, 34 lits): UNSAT in 0.51s
    cube 3180.451 (depth 1, 34 lits): UNSAT in 0.78s
    cube 3180.452 (depth 1, 34 lits): UNSAT in 0.87s
    cube 3180.453 (depth 1, 34 lits): UNSAT in 2.02s
    cube 3180.454 (depth 1, 34 lits): UNSAT in 7.22s
    cube 3180.455 (depth 1, 34 lits): UNSAT in 7.38s
    cube 3180.456 (depth 1, 34 lits): UNSAT in 26.95s
    cube 3180.457 (depth 1, 34 lits): UNSAT in 0.06s
    cube 3180.458 (depth 1, 34 lits): UNSAT in 0.52s
    cube 3180.459 (depth 1, 34 lits): UNSAT in 1.05s
    cube 3180.460 (depth 1, 34 lits): UNSAT in 4.08s
    cube 3180.461 (depth 1, 34 lits): UNSAT in 0.97s
    cube 3180.462 (depth 1, 34 lits): UNSAT in 3.26s
    cube 3180.463 (depth 1, 34 lits): UNSAT in 14.13s
    cube 3180.464 (depth 1, 34 lits): UNSAT in 387.18s
    cube 3180.465 (depth 1, 34 lits): UNSAT in 1.05s
    cube 3180.466 (depth 1, 34 lits): UNSAT in 2.95s
    cube 3180.467 (depth 1, 34 lits): UNSAT in 10.38s
    cube 3180.468 (depth 1, 34 lits): UNSAT in 169.39s
    cube 3180.469 (depth 1, 34 lits): UNSAT in 28.45s
    cube 3180.470 (depth 1, 34 lits): UNSAT in 111.69s
    cube 3180.471 (depth 1, 34 lits): UNSAT in 145.78s
    cube 3180.472 (depth 1, 34 lits): UNSAT in 206.33s
    cube 3180.473 (depth 1, 32 lits): UNSAT in 0.01s
    cube 3180.474 (depth 1, 32 lits): UNSAT in 0.01s
    cube 3180.475 (depth 1, 32 lits): UNSAT in 0.02s
    cube 3180.476 (depth 1, 34 lits): UNSAT in 0.01s
    cube 3180.477 (depth 1, 34 lits): UNSAT in 0.01s
    cube 3180.478 (depth 1, 34 lits): UNSAT in 0.01s
    cube 3180.479 (depth 1, 34 lits): UNSAT in 0.02s
    cube 3180.480 (depth 1, 33 lits): UNSAT in 0.01s
    cube 3180.481 (depth 1, 33 lits): UNSAT in 0.02s
    cube 3180.482 (depth 1, 34 lits): UNSAT in 0.01s
    cube 3180.483 (depth 1, 34 lits): UNSAT in 0.01s
    cube 3180.484 (depth 1, 34 lits): UNSAT in 0.01s
    cube 3180.485 (depth 1, 34 lits): UNSAT in 0.02s
    cube 3180.486 (depth 1, 34 lits): UNSAT in 0.01s
    cube 3180.487 (depth 1, 34 lits): UNSAT in 0.02s
    cube 3180.488 (depth 1, 34 lits): UNSAT in 0.02s
    cube 3180.489 (depth 1, 34 lits): UNSAT in 0.02s
    cube 3180.490 (depth 1, 34 lits): UNSAT in 0.01s
    cube 3180.491 (depth 1, 34 lits): UNSAT in 0.02s
    cube 3180.492 (depth 1, 34 lits): UNSAT in 0.08s
    cube 3180.493 (depth 1, 34 lits): UNSAT in 0.09s
    cube 3180.494 (depth 1, 33 lits): UNSAT in 0.02s
    cube 3180.495 (depth 1, 34 lits): UNSAT in 0.01s
    cube 3180.496 (depth 1, 34 lits): UNSAT in 0.02s
    cube 3180.497 (depth 1, 34 lits): UNSAT in 0.01s
    cube 3180.498 (depth 1, 34 lits): UNSAT in 0.02s
    cube 3180.499 (depth 1, 34 lits): UNSAT in 0.02s
    cube 3180.500 (depth 1, 34 lits): UNSAT in 0.04s
    cube 3180.501 (depth 1, 34 lits): UNSAT in 0.01s
    cube 3180.502 (depth 1, 34 lits): UNSAT in 0.02s
    cube 3180.503 (depth 1, 34 lits): UNSAT in 0.02s
    cube 3180.504 (depth 1, 34 lits): UNSAT in 0.03s
    cube 3180.505 (depth 1, 34 lits): UNSAT in 0.02s
    cube 3180.506 (depth 1, 34 lits): UNSAT in 0.08s
    cube 3180.507 (depth 1, 34 lits): UNSAT in 0.08s
    cube 3180.508 (depth 1, 34 lits): UNSAT in 0.16s
    cube 3180.509 (depth 1, 33 lits): UNSAT in 0.02s
    cube 3180.510 (depth 1, 33 lits): UNSAT in 0.02s
    cube 3180.511 (depth 1, 34 lits): UNSAT in 0.02s
    cube 3180.512 (depth 1, 34 lits): UNSAT in 0.02s
    cube 3180.513 (depth 1, 34 lits): UNSAT in 0.02s
    cube 3180.514 (depth 1, 34 lits): UNSAT in 0.03s
    cube 3180.515 (depth 1, 34 lits): UNSAT in 0.02s
    cube 3180.516 (depth 1, 34 lits): UNSAT in 0.03s
    cube 3180.517 (depth 1, 34 lits): UNSAT in 0.01s
    cube 3180.518 (depth 1, 34 lits): UNSAT in 0.05s
    cube 3180.519 (depth 1, 34 lits): UNSAT in 0.10s
    cube 3180.520 (depth 1, 34 lits): UNSAT in 0.11s
    cube 3180.521 (depth 1, 34 lits): UNSAT in 0.10s
    cube 3180.522 (depth 1, 34 lits): UNSAT in 0.36s
    cube 3180.523 (depth 1, 34 lits): UNSAT in 0.02s
    cube 3180.524 (depth 1, 34 lits): UNSAT in 0.02s
    cube 3180.525 (depth 1, 34 lits): UNSAT in 0.02s
    cube 3180.526 (depth 1, 34 lits): UNSAT in 0.02s
    cube 3180.527 (depth 1, 34 lits): UNSAT in 0.02s
    cube 3180.528 (depth 1, 34 lits): UNSAT in 0.02s
    cube 3180.529 (depth 1, 34 lits): UNSAT in 0.02s
    cube 3180.530 (depth 1, 34 lits): UNSAT in 0.05s
    cube 3180.531 (depth 1, 34 lits): UNSAT in 0.02s
    cube 3180.532 (depth 1, 34 lits): UNSAT in 0.02s
    cube 3180.533 (depth 1, 34 lits): UNSAT in 0.02s
    cube 3180.534 (depth 1, 34 lits): UNSAT in 0.04s
    cube 3180.535 (depth 1, 34 lits): UNSAT in 0.03s
    cube 3180.536 (depth 1, 34 lits): UNSAT in 0.05s
    cube 3180.537 (depth 1, 34 lits): UNSAT in 0.03s
    cube 3180.538 (depth 1, 34 lits): UNSAT in 0.10s
    cube 3180.539 (depth 1, 33 lits): UNSAT in 0.01s
    cube 3180.540 (depth 1, 34 lits): UNSAT in 0.02s
    cube 3180.541 (depth 1, 34 lits): UNSAT in 0.03s
    cube 3180.542 (depth 1, 34 lits): UNSAT in 0.02s
    cube 3180.543 (depth 1, 34 lits): UNSAT in 0.03s
    cube 3180.544 (depth 1, 34 lits): UNSAT in 0.03s
    cube 3180.545 (depth 1, 34 lits): UNSAT in 0.26s
    cube 3180.546 (depth 1, 34 lits): UNSAT in 0.02s
    cube 3180.547 (depth 1, 34 lits): UNSAT in 0.03s
    cube 3180.548 (depth 1, 34 lits): UNSAT in 0.04s
    cube 3180.549 (depth 1, 34 lits): UNSAT in 0.32s
    cube 3180.550 (depth 1, 34 lits): UNSAT in 0.15s
    cube 3180.551 (depth 1, 34 lits): UNSAT in 0.26s
    cube 3180.552 (depth 1, 34 lits): UNSAT in 0.18s
    cube 3180.553 (depth 1, 34 lits): UNSAT in 0.85s
    cube 3180.554 (depth 1, 32 lits): UNSAT in 0.02s
    cube 3180.555 (depth 1, 34 lits): UNSAT in 0.01s
    cube 3180.556 (depth 1, 34 lits): UNSAT in 0.02s
    cube 3180.557 (depth 1, 34 lits): UNSAT in 0.02s
    cube 3180.558 (depth 1, 34 lits): UNSAT in 0.05s
    cube 3180.559 (depth 1, 34 lits): UNSAT in 0.03s
    cube 3180.560 (depth 1, 34 lits): UNSAT in 0.02s
    cube 3180.561 (depth 1, 34 lits): UNSAT in 0.04s
    cube 3180.562 (depth 1, 34 lits): UNSAT in 0.03s
    cube 3180.563 (depth 1, 34 lits): UNSAT in 0.04s
    cube 3180.564 (depth 1, 34 lits): UNSAT in 0.08s
    cube 3180.565 (depth 1, 34 lits): UNSAT in 0.19s
    cube 3180.566 (depth 1, 34 lits): UNSAT in 0.29s
    cube 3180.567 (depth 1, 34 lits): UNSAT in 0.02s
    cube 3180.568 (depth 1, 34 lits): UNSAT in 0.03s
    cube 3180.569 (depth 1, 34 lits): UNSAT in 0.03s
    cube 3180.570 (depth 1, 34 lits): UNSAT in 0.15s
    cube 3180.571 (depth 1, 34 lits): UNSAT in 0.03s
    cube 3180.572 (depth 1, 34 lits): UNSAT in 0.10s
    cube 3180.573 (depth 1, 34 lits): UNSAT in 0.15s
    cube 3180.574 (depth 1, 34 lits): UNSAT in 0.46s
    cube 3180.575 (depth 1, 34 lits): UNSAT in 0.03s
    cube 3180.576 (depth 1, 34 lits): UNSAT in 0.09s
    cube 3180.577 (depth 1, 34 lits): UNSAT in 0.16s
    cube 3180.578 (depth 1, 34 lits): UNSAT in 0.43s
    cube 3180.579 (depth 1, 34 lits): UNSAT in 0.07s
    cube 3180.580 (depth 1, 34 lits): UNSAT in 0.36s
    cube 3180.581 (depth 1, 34 lits): UNSAT in 0.34s
    cube 3180.582 (depth 1, 34 lits): UNSAT in 1.61s
    cube 3180.583 (depth 1, 32 lits): UNSAT in 0.01s
    cube 3180.584 (depth 1, 33 lits): UNSAT in 0.01s
    cube 3180.585 (depth 1, 34 lits): UNSAT in 0.01s
    cube 3180.586 (depth 1, 34 lits): UNSAT in 0.02s
    cube 3180.587 (depth 1, 34 lits): UNSAT in 0.01s
    cube 3180.588 (depth 1, 34 lits): UNSAT in 0.03s
    cube 3180.589 (depth 1, 34 lits): UNSAT in 0.02s
    cube 3180.590 (depth 1, 34 lits): UNSAT in 0.06s
    cube 3180.591 (depth 1, 34 lits): UNSAT in 0.02s
    cube 3180.592 (depth 1, 34 lits): UNSAT in 0.03s
    cube 3180.593 (depth 1, 34 lits): UNSAT in 0.02s
    cube 3180.594 (depth 1, 34 lits): UNSAT in 0.04s
    cube 3180.595 (depth 1, 34 lits): UNSAT in 0.02s
    cube 3180.596 (depth 1, 34 lits): UNSAT in 0.03s
    cube 3180.597 (depth 1, 34 lits): UNSAT in 0.02s
    cube 3180.598 (depth 1, 34 lits): UNSAT in 0.02s
    cube 3180.599 (depth 1, 34 lits): UNSAT in 0.02s
    cube 3180.600 (depth 1, 34 lits): UNSAT in 0.03s
    cube 3180.601 (depth 1, 34 lits): UNSAT in 0.04s
    cube 3180.602 (depth 1, 34 lits): UNSAT in 0.15s
    cube 3180.603 (depth 1, 34 lits): UNSAT in 0.02s
    cube 3180.604 (depth 1, 34 lits): UNSAT in 0.02s
    cube 3180.605 (depth 1, 34 lits): UNSAT in 0.04s
    cube 3180.606 (depth 1, 34 lits): UNSAT in 0.04s
    cube 3180.607 (depth 1, 34 lits): UNSAT in 0.02s
    cube 3180.608 (depth 1, 34 lits): UNSAT in 0.04s
    cube 3180.609 (depth 1, 34 lits): UNSAT in 0.08s
    cube 3180.610 (depth 1, 34 lits): UNSAT in 0.27s
    cube 3180.611 (depth 1, 33 lits): UNSAT in 0.02s
    cube 3180.612 (depth 1, 34 lits): UNSAT in 0.02s
    cube 3180.613 (depth 1, 34 lits): UNSAT in 0.04s
    cube 3180.614 (depth 1, 34 lits): UNSAT in 0.01s
    cube 3180.615 (depth 1, 34 lits): UNSAT in 0.02s
    cube 3180.616 (depth 1, 34 lits): UNSAT in 0.04s
    cube 3180.617 (depth 1, 34 lits): UNSAT in 0.11s
    cube 3180.618 (depth 1, 34 lits): UNSAT in 0.05s
    cube 3180.619 (depth 1, 34 lits): UNSAT in 0.39s
    cube 3180.620 (depth 1, 34 lits): UNSAT in 0.07s
    cube 3180.621 (depth 1, 34 lits): UNSAT in 0.33s
    cube 3180.622 (depth 1, 34 lits): UNSAT in 0.06s
    cube 3180.623 (depth 1, 34 lits): UNSAT in 0.43s
    cube 3180.624 (depth 1, 34 lits): UNSAT in 0.25s
    cube 3180.625 (depth 1, 34 lits): UNSAT in 2.73s
    cube 3180.626 (depth 1, 34 lits): UNSAT in 0.02s
    cube 3180.627 (depth 1, 34 lits): UNSAT in 0.04s
    cube 3180.628 (depth 1, 34 lits): UNSAT in 0.03s
    cube 3180.629 (depth 1, 34 lits): UNSAT in 0.10s
    cube 3180.630 (depth 1, 34 lits): UNSAT in 0.09s
    cube 3180.631 (depth 1, 34 lits): UNSAT in 0.39s
    cube 3180.632 (depth 1, 34 lits): UNSAT in 0.26s
    cube 3180.633 (depth 1, 34 lits): UNSAT in 0.94s
    cube 3180.634 (depth 1, 34 lits): UNSAT in 0.04s
    cube 3180.635 (depth 1, 34 lits): UNSAT in 0.22s
    cube 3180.636 (depth 1, 34 lits): UNSAT in 0.14s
    cube 3180.637 (depth 1, 34 lits): UNSAT in 1.72s
    cube 3180.638 (depth 1, 34 lits): UNSAT in 0.11s
    cube 3180.639 (depth 1, 34 lits): UNSAT in 0.42s
    cube 3180.640 (depth 1, 34 lits): UNSAT in 0.38s
    cube 3180.641 (depth 1, 34 lits): UNSAT in 2.98s
    cube 3180.642 (depth 1, 33 lits): UNSAT in 0.03s
    cube 3180.643 (depth 1, 34 lits): UNSAT in 0.02s
    cube 3180.644 (depth 1, 34 lits): UNSAT in 0.04s
    cube 3180.645 (depth 1, 34 lits): UNSAT in 0.02s
    cube 3180.646 (depth 1, 34 lits): UNSAT in 0.03s
    cube 3180.647 (depth 1, 34 lits): UNSAT in 0.04s
    cube 3180.648 (depth 1, 34 lits): UNSAT in 0.06s
    cube 3180.649 (depth 1, 34 lits): UNSAT in 0.03s
    cube 3180.650 (depth 1, 34 lits): UNSAT in 0.11s
    cube 3180.651 (depth 1, 34 lits): UNSAT in 0.02s
    cube 3180.652 (depth 1, 34 lits): UNSAT in 0.08s
    cube 3180.653 (depth 1, 34 lits): UNSAT in 0.03s
    cube 3180.654 (depth 1, 34 lits): UNSAT in 0.10s
    cube 3180.655 (depth 1, 34 lits): UNSAT in 0.09s
    cube 3180.656 (depth 1, 34 lits): UNSAT in 0.79s
    cube 3180.657 (depth 1, 34 lits): UNSAT in 0.02s
    cube 3180.658 (depth 1, 34 lits): UNSAT in 0.06s
    cube 3180.659 (depth 1, 34 lits): UNSAT in 0.07s
    cube 3180.660 (depth 1, 34 lits): UNSAT in 0.21s
    cube 3180.661 (depth 1, 34 lits): UNSAT in 0.06s
    cube 3180.662 (depth 1, 34 lits): UNSAT in 0.08s
    cube 3180.663 (depth 1, 34 lits): UNSAT in 0.17s
    cube 3180.664 (depth 1, 34 lits): UNSAT in 0.52s
    cube 3180.665 (depth 1, 34 lits): UNSAT in 0.04s
    cube 3180.666 (depth 1, 34 lits): UNSAT in 0.06s
    cube 3180.667 (depth 1, 34 lits): UNSAT in 0.04s
    cube 3180.668 (depth 1, 34 lits): UNSAT in 0.09s
    cube 3180.669 (depth 1, 34 lits): UNSAT in 0.07s
    cube 3180.670 (depth 1, 34 lits): UNSAT in 0.28s
    cube 3180.671 (depth 1, 34 lits): UNSAT in 1.02s
    cube 3180.672 (depth 1, 34 lits): UNSAT in 8.89s
    cube 3180.673 (depth 1, 34 lits): UNSAT in 0.03s
    cube 3180.674 (depth 1, 34 lits): UNSAT in 0.04s
    cube 3180.675 (depth 1, 34 lits): UNSAT in 0.03s
    cube 3180.676 (depth 1, 34 lits): UNSAT in 0.10s
    cube 3180.677 (depth 1, 34 lits): UNSAT in 0.05s
    cube 3180.678 (depth 1, 34 lits): UNSAT in 0.08s
    cube 3180.679 (depth 1, 34 lits): UNSAT in 0.10s
    cube 3180.680 (depth 1, 34 lits): UNSAT in 0.40s
    cube 3180.681 (depth 1, 34 lits): UNSAT in 0.07s
    cube 3180.682 (depth 1, 34 lits): UNSAT in 0.31s
    cube 3180.683 (depth 1, 34 lits): UNSAT in 0.13s
    cube 3180.684 (depth 1, 34 lits): UNSAT in 1.35s
    cube 3180.685 (depth 1, 34 lits): UNSAT in 0.18s
    cube 3180.686 (depth 1, 34 lits): UNSAT in 1.31s
    cube 3180.687 (depth 1, 34 lits): UNSAT in 0.48s
    cube 3180.688 (depth 1, 34 lits): UNSAT in 4.79s
    cube 3180.689 (depth 1, 34 lits): UNSAT in 0.03s
    cube 3180.690 (depth 1, 34 lits): UNSAT in 0.13s
    cube 3180.691 (depth 1, 34 lits): UNSAT in 0.08s
    cube 3180.692 (depth 1, 34 lits): UNSAT in 0.48s
    cube 3180.693 (depth 1, 34 lits): UNSAT in 0.03s
    cube 3180.694 (depth 1, 34 lits): UNSAT in 0.39s
    cube 3180.695 (depth 1, 34 lits): UNSAT in 2.50s
    cube 3180.696 (depth 1, 34 lits): UNSAT in 3.77s
    cube 3180.697 (depth 1, 34 lits): UNSAT in 0.20s
    cube 3180.698 (depth 1, 34 lits): UNSAT in 0.56s
    cube 3180.699 (depth 1, 34 lits): UNSAT in 0.28s
    cube 3180.700 (depth 1, 34 lits): UNSAT in 4.64s
    cube 3180.701 (depth 1, 34 lits): UNSAT in 1.02s
    cube 3180.702 (depth 1, 34 lits): UNSAT in 14.86s
    cube 3180.703 (depth 1, 34 lits): UNSAT in 3.78s
    cube 3180.704 (depth 1, 34 lits): UNSAT in 40.44s
    cube 3180.705 (depth 1, 33 lits): UNSAT in 0.01s
    cube 3180.706 (depth 1, 33 lits): UNSAT in 0.02s
    cube 3180.707 (depth 1, 33 lits): UNSAT in 0.02s
    cube 3180.708 (depth 1, 34 lits): UNSAT in 0.02s
    cube 3180.709 (depth 1, 34 lits): UNSAT in 0.03s
    cube 3180.710 (depth 1, 33 lits): UNSAT in 0.01s
    cube 3180.711 (depth 1, 33 lits): UNSAT in 0.02s
    cube 3180.712 (depth 1, 34 lits): UNSAT in 0.02s
    cube 3180.713 (depth 1, 34 lits): UNSAT in 0.03s
    cube 3180.714 (depth 1, 34 lits): UNSAT in 0.02s
    cube 3180.715 (depth 1, 34 lits): UNSAT in 0.07s
    cube 3180.716 (depth 1, 32 lits): UNSAT in 0.02s
    cube 3180.717 (depth 1, 34 lits): UNSAT in 0.02s
    cube 3180.718 (depth 1, 34 lits): UNSAT in 0.02s
    cube 3180.719 (depth 1, 34 lits): UNSAT in 0.02s
    cube 3180.720 (depth 1, 34 lits): UNSAT in 0.04s
    cube 3180.721 (depth 1, 34 lits): UNSAT in 0.02s
    cube 3180.722 (depth 1, 34 lits): UNSAT in 0.02s
    cube 3180.723 (depth 1, 34 lits): UNSAT in 0.06s
    cube 3180.724 (depth 1, 34 lits): UNSAT in 0.04s
    cube 3180.725 (depth 1, 34 lits): UNSAT in 0.03s
    cube 3180.726 (depth 1, 34 lits): UNSAT in 0.10s
    cube 3180.727 (depth 1, 34 lits): UNSAT in 0.11s
    cube 3180.728 (depth 1, 34 lits): UNSAT in 0.46s
    cube 3180.729 (depth 1, 34 lits): UNSAT in 0.02s
    cube 3180.730 (depth 1, 34 lits): UNSAT in 0.03s
    cube 3180.731 (depth 1, 34 lits): UNSAT in 0.05s
    cube 3180.732 (depth 1, 34 lits): UNSAT in 0.06s
    cube 3180.733 (depth 1, 34 lits): UNSAT in 0.02s
    cube 3180.734 (depth 1, 34 lits): UNSAT in 0.02s
    cube 3180.735 (depth 1, 34 lits): UNSAT in 0.02s
    cube 3180.736 (depth 1, 34 lits): UNSAT in 0.13s
    cube 3180.737 (depth 1, 34 lits): UNSAT in 0.02s
    cube 3180.738 (depth 1, 34 lits): UNSAT in 0.04s
    cube 3180.739 (depth 1, 34 lits): UNSAT in 0.02s
    cube 3180.740 (depth 1, 34 lits): UNSAT in 0.19s
    cube 3180.741 (depth 1, 34 lits): UNSAT in 0.06s
    cube 3180.742 (depth 1, 34 lits): UNSAT in 0.07s
    cube 3180.743 (depth 1, 34 lits): UNSAT in 0.15s
    cube 3180.744 (depth 1, 34 lits): UNSAT in 0.55s
    cube 3180.745 (depth 1, 34 lits): UNSAT in 0.02s
    cube 3180.746 (depth 1, 34 lits): UNSAT in 0.08s
    cube 3180.747 (depth 1, 34 lits): UNSAT in 0.06s
    cube 3180.748 (depth 1, 34 lits): UNSAT in 0.16s
    cube 3180.749 (depth 1, 34 lits): UNSAT in 0.05s
    cube 3180.750 (depth 1, 34 lits): UNSAT in 0.19s
    cube 3180.751 (depth 1, 34 lits): UNSAT in 0.16s
    cube 3180.752 (depth 1, 34 lits): UNSAT in 0.60s
    cube 3180.753 (depth 1, 34 lits): UNSAT in 0.05s
    cube 3180.754 (depth 1, 34 lits): UNSAT in 0.09s
    cube 3180.755 (depth 1, 34 lits): UNSAT in 0.11s
    cube 3180.756 (depth 1, 34 lits): UNSAT in 0.22s
    cube 3180.757 (depth 1, 34 lits): UNSAT in 0.15s
    cube 3180.758 (depth 1, 34 lits): UNSAT in 0.35s
    cube 3180.759 (depth 1, 34 lits): UNSAT in 0.26s
    cube 3180.760 (depth 1, 34 lits): UNSAT in 1.55s
    cube 3180.761 (depth 1, 34 lits): UNSAT in 0.02s
    cube 3180.762 (depth 1, 34 lits): UNSAT in 0.03s
    cube 3180.763 (depth 1, 34 lits): UNSAT in 0.02s
    cube 3180.764 (depth 1, 34 lits): UNSAT in 0.03s
    cube 3180.765 (depth 1, 34 lits): UNSAT in 0.02s
    cube 3180.766 (depth 1, 34 lits): UNSAT in 0.04s
    cube 3180.767 (depth 1, 34 lits): UNSAT in 0.03s
    cube 3180.768 (depth 1, 34 lits): UNSAT in 0.10s
    cube 3180.769 (depth 1, 34 lits): UNSAT in 0.02s
    cube 3180.770 (depth 1, 34 lits): UNSAT in 0.02s
    cube 3180.771 (depth 1, 34 lits): UNSAT in 0.02s
    cube 3180.772 (depth 1, 34 lits): UNSAT in 0.07s
    cube 3180.773 (depth 1, 34 lits): UNSAT in 0.02s
    cube 3180.774 (depth 1, 34 lits): UNSAT in 0.06s
    cube 3180.775 (depth 1, 34 lits): UNSAT in 0.10s
    cube 3180.776 (depth 1, 34 lits): UNSAT in 0.75s
    cube 3180.777 (depth 1, 34 lits): UNSAT in 0.02s
    cube 3180.778 (depth 1, 34 lits): UNSAT in 0.03s
    cube 3180.779 (depth 1, 34 lits): UNSAT in 0.04s
    cube 3180.780 (depth 1, 34 lits): UNSAT in 0.10s
    cube 3180.781 (depth 1, 34 lits): UNSAT in 0.02s
    cube 3180.782 (depth 1, 34 lits): UNSAT in 0.03s
    cube 3180.783 (depth 1, 34 lits): UNSAT in 0.22s
    cube 3180.784 (depth 1, 34 lits): UNSAT in 0.60s
    cube 3180.785 (depth 1, 34 lits): UNSAT in 0.03s
    cube 3180.786 (depth 1, 34 lits): UNSAT in 0.10s
    cube 3180.787 (depth 1, 34 lits): UNSAT in 0.05s
    cube 3180.788 (depth 1, 34 lits): UNSAT in 0.65s
    cube 3180.789 (depth 1, 34 lits): UNSAT in 0.26s
    cube 3180.790 (depth 1, 34 lits): UNSAT in 0.82s
    cube 3180.791 (depth 1, 34 lits): UNSAT in 0.69s
    cube 3180.792 (depth 1, 34 lits): UNSAT in 4.94s
    cube 3180.793 (depth 1, 34 lits): UNSAT in 0.01s
    cube 3180.794 (depth 1, 34 lits): UNSAT in 0.03s
    cube 3180.795 (depth 1, 34 lits): UNSAT in 0.06s
    cube 3180.796 (depth 1, 34 lits): UNSAT in 0.15s
    cube 3180.797 (depth 1, 34 lits): UNSAT in 0.12s
    cube 3180.798 (depth 1, 34 lits): UNSAT in 0.42s
    cube 3180.799 (depth 1, 34 lits): UNSAT in 0.61s
    cube 3180.800 (depth 1, 34 lits): UNSAT in 2.08s
    cube 3180.801 (depth 1, 34 lits): UNSAT in 0.08s
    cube 3180.802 (depth 1, 34 lits): UNSAT in 0.12s
    cube 3180.803 (depth 1, 34 lits): UNSAT in 0.27s
    cube 3180.804 (depth 1, 34 lits): UNSAT in 2.07s
    cube 3180.805 (depth 1, 34 lits): UNSAT in 0.02s
    cube 3180.806 (depth 1, 34 lits): UNSAT in 0.23s
    cube 3180.807 (depth 1, 34 lits): UNSAT in 0.30s
    cube 3180.808 (depth 1, 34 lits): UNSAT in 2.15s
    cube 3180.809 (depth 1, 34 lits): UNSAT in 0.04s
    cube 3180.810 (depth 1, 34 lits): UNSAT in 0.24s
    cube 3180.811 (depth 1, 34 lits): UNSAT in 0.41s
    cube 3180.812 (depth 1, 34 lits): UNSAT in 1.57s
    cube 3180.813 (depth 1, 34 lits): UNSAT in 0.29s
    cube 3180.814 (depth 1, 34 lits): UNSAT in 0.43s
    cube 3180.815 (depth 1, 34 lits): UNSAT in 0.97s
    cube 3180.816 (depth 1, 34 lits): UNSAT in 1.73s
    cube 3180.817 (depth 1, 34 lits): UNSAT in 0.34s
    cube 3180.818 (depth 1, 34 lits): UNSAT in 0.84s
    cube 3180.819 (depth 1, 34 lits): UNSAT in 1.06s
    cube 3180.820 (depth 1, 34 lits): UNSAT in 5.05s
    cube 3180.821 (depth 1, 34 lits): UNSAT in 1.11s
    cube 3180.822 (depth 1, 34 lits): UNSAT in 8.81s
    cube 3180.823 (depth 1, 34 lits): UNSAT in 3.49s
    cube 3180.824 (depth 1, 34 lits): UNSAT in 14.20s
    cube 3180.825 (depth 1, 33 lits): UNSAT in 0.02s
    cube 3180.826 (depth 1, 34 lits): UNSAT in 0.02s
    cube 3180.827 (depth 1, 34 lits): UNSAT in 0.01s
    cube 3180.828 (depth 1, 34 lits): UNSAT in 0.02s
    cube 3180.829 (depth 1, 34 lits): UNSAT in 0.02s
    cube 3180.830 (depth 1, 34 lits): UNSAT in 0.01s
    cube 3180.831 (depth 1, 34 lits): UNSAT in 0.02s
    cube 3180.832 (depth 1, 34 lits): UNSAT in 0.02s
    cube 3180.833 (depth 1, 34 lits): UNSAT in 0.02s
    cube 3180.834 (depth 1, 34 lits): UNSAT in 0.02s
    cube 3180.835 (depth 1, 34 lits): UNSAT in 0.04s
    cube 3180.836 (depth 1, 34 lits): UNSAT in 0.02s
    cube 3180.837 (depth 1, 34 lits): UNSAT in 0.02s
    cube 3180.838 (depth 1, 34 lits): UNSAT in 0.02s
    cube 3180.839 (depth 1, 34 lits): UNSAT in 0.05s
    cube 3180.840 (depth 1, 34 lits): UNSAT in 0.01s
    cube 3180.841 (depth 1, 34 lits): UNSAT in 0.04s
    cube 3180.842 (depth 1, 34 lits): UNSAT in 0.03s
    cube 3180.843 (depth 1, 34 lits): UNSAT in 0.07s
    cube 3180.844 (depth 1, 34 lits): UNSAT in 0.03s
    cube 3180.845 (depth 1, 34 lits): UNSAT in 0.08s
    cube 3180.846 (depth 1, 34 lits): UNSAT in 0.11s
    cube 3180.847 (depth 1, 34 lits): UNSAT in 0.23s
    cube 3180.848 (depth 1, 34 lits): UNSAT in 0.02s
    cube 3180.849 (depth 1, 34 lits): UNSAT in 0.04s
    cube 3180.850 (depth 1, 34 lits): UNSAT in 0.05s
    cube 3180.851 (depth 1, 34 lits): UNSAT in 0.18s
    cube 3180.852 (depth 1, 34 lits): UNSAT in 0.11s
    cube 3180.853 (depth 1, 34 lits): UNSAT in 0.20s
    cube 3180.854 (depth 1, 34 lits): UNSAT in 0.21s
    cube 3180.855 (depth 1, 34 lits): UNSAT in 0.64s
    cube 3180.856 (depth 1, 34 lits): UNSAT in 0.02s
    cube 3180.857 (depth 1, 34 lits): UNSAT in 0.02s
    cube 3180.858 (depth 1, 33 lits): UNSAT in 0.01s
    cube 3180.859 (depth 1, 34 lits): UNSAT in 0.01s
    cube 3180.860 (depth 1, 34 lits): UNSAT in 0.01s
    cube 3180.861 (depth 1, 34 lits): UNSAT in 0.02s
    cube 3180.862 (depth 1, 34 lits): UNSAT in 0.02s
    cube 3180.863 (depth 1, 34 lits): UNSAT in 0.05s
    cube 3180.864 (depth 1, 34 lits): UNSAT in 0.03s
    cube 3180.865 (depth 1, 34 lits): UNSAT in 0.09s
    cube 3180.866 (depth 1, 34 lits): UNSAT in 0.33s
    cube 3180.867 (depth 1, 34 lits): UNSAT in 0.09s
    cube 3180.868 (depth 1, 34 lits): UNSAT in 0.08s
    cube 3180.869 (depth 1, 34 lits): UNSAT in 0.15s
    cube 3180.870 (depth 1, 34 lits): UNSAT in 0.53s
    cube 3180.871 (depth 1, 34 lits): UNSAT in 0.03s
    cube 3180.872 (depth 1, 34 lits): UNSAT in 0.02s
    cube 3180.873 (depth 1, 34 lits): UNSAT in 0.05s
    cube 3180.874 (depth 1, 34 lits): UNSAT in 0.03s
    cube 3180.875 (depth 1, 34 lits): UNSAT in 0.10s
    cube 3180.876 (depth 1, 34 lits): UNSAT in 0.18s
    cube 3180.877 (depth 1, 34 lits): UNSAT in 0.40s
    cube 3180.878 (depth 1, 34 lits): UNSAT in 1.85s
    cube 3180.879 (depth 1, 34 lits): UNSAT in 0.06s
    cube 3180.880 (depth 1, 34 lits): UNSAT in 0.27s
    cube 3180.881 (depth 1, 34 lits): UNSAT in 1.17s
    cube 3180.882 (depth 1, 34 lits): UNSAT in 4.92s
    cube 3180.883 (depth 1, 34 lits): UNSAT in 0.39s
    cube 3180.884 (depth 1, 34 lits): UNSAT in 4.62s
    cube 3180.885 (depth 1, 34 lits): UNSAT in 9.19s
    cube 3180.886 (depth 1, 34 lits): UNSAT in 53.63s
    cube 3180.887 (depth 1, 34 lits): UNSAT in 0.04s
    cube 3180.888 (depth 1, 34 lits): UNSAT in 0.06s
    cube 3180.889 (depth 1, 34 lits): UNSAT in 0.05s
    cube 3180.890 (depth 1, 34 lits): UNSAT in 0.32s
    cube 3180.891 (depth 1, 34 lits): UNSAT in 0.07s
    cube 3180.892 (depth 1, 34 lits): UNSAT in 0.51s
    cube 3180.893 (depth 1, 34 lits): UNSAT in 0.30s
    cube 3180.894 (depth 1, 34 lits): UNSAT in 1.65s
    cube 3180.895 (depth 1, 34 lits): UNSAT in 0.03s
    cube 3180.896 (depth 1, 34 lits): UNSAT in 0.06s
    cube 3180.897 (depth 1, 34 lits): UNSAT in 0.10s
    cube 3180.898 (depth 1, 34 lits): UNSAT in 0.35s
    cube 3180.899 (depth 1, 34 lits): UNSAT in 0.13s
    cube 3180.900 (depth 1, 34 lits): UNSAT in 0.53s
    cube 3180.901 (depth 1, 34 lits): UNSAT in 1.61s
    cube 3180.902 (depth 1, 34 lits): UNSAT in 10.84s
    cube 3180.903 (depth 1, 34 lits): UNSAT in 0.10s
    cube 3180.904 (depth 1, 34 lits): UNSAT in 0.29s
    cube 3180.905 (depth 1, 34 lits): UNSAT in 0.24s
    cube 3180.906 (depth 1, 34 lits): UNSAT in 0.74s
    cube 3180.907 (depth 1, 34 lits): UNSAT in 0.08s
    cube 3180.908 (depth 1, 34 lits): UNSAT in 0.48s
    cube 3180.909 (depth 1, 34 lits): UNSAT in 0.33s
    cube 3180.910 (depth 1, 34 lits): UNSAT in 2.03s
    cube 3180.911 (depth 1, 34 lits): UNSAT in 0.37s
    cube 3180.912 (depth 1, 34 lits): UNSAT in 2.35s
    cube 3180.913 (depth 1, 34 lits): UNSAT in 1.27s
    cube 3180.914 (depth 1, 34 lits): UNSAT in 8.45s
    cube 3180.915 (depth 1, 34 lits): UNSAT in 0.54s
    cube 3180.916 (depth 1, 34 lits): UNSAT in 2.37s
    cube 3180.917 (depth 1, 34 lits): UNSAT in 3.53s
    cube 3180.918 (depth 1, 34 lits): UNSAT in 53.77s
    cube 3180.919 (depth 1, 34 lits): UNSAT in 0.13s
    cube 3180.920 (depth 1, 34 lits): UNSAT in 0.28s
    cube 3180.921 (depth 1, 34 lits): UNSAT in 0.21s
    cube 3180.922 (depth 1, 34 lits): UNSAT in 1.06s
    cube 3180.923 (depth 1, 34 lits): UNSAT in 0.77s
    cube 3180.924 (depth 1, 34 lits): UNSAT in 1.73s
    cube 3180.925 (depth 1, 34 lits): UNSAT in 1.36s
    cube 3180.926 (depth 1, 34 lits): UNSAT in 14.82s
    cube 3180.927 (depth 1, 34 lits): UNSAT in 0.23s
    cube 3180.928 (depth 1, 34 lits): UNSAT in 3.03s
    cube 3180.929 (depth 1, 34 lits): UNSAT in 2.75s
    cube 3180.930 (depth 1, 34 lits): UNSAT in 22.08s
    cube 3180.931 (depth 1, 34 lits): UNSAT in 1.07s
    cube 3180.932 (depth 1, 34 lits): UNSAT in 1.12s
    cube 3180.933 (depth 1, 34 lits): UNSAT in 11.84s
    cube 3180.934 (depth 1, 34 lits): UNSAT in 348.84s
    cube 3180.935 (depth 1, 34 lits): UNSAT in 0.22s
    cube 3180.936 (depth 1, 34 lits): UNSAT in 1.06s
    cube 3180.937 (depth 1, 34 lits): UNSAT in 0.90s
    cube 3180.938 (depth 1, 34 lits): UNSAT in 29.54s
    cube 3180.939 (depth 1, 34 lits): UNSAT in 5.41s
    cube 3180.940 (depth 1, 34 lits): UNSAT in 45.79s
    cube 3180.941 (depth 1, 34 lits): UNSAT in 4.86s
    cube 3180.942 (depth 1, 34 lits): UNSAT in 567.85s
    cube 3180.943 (depth 1, 34 lits): UNSAT in 2.84s
    cube 3180.944 (depth 1, 34 lits): UNSAT in 6.15s
    cube 3180.945 (depth 1, 34 lits): UNSAT in 17.05s
    cube 3180.946 (depth 1, 34 lits): UNSAT in 64.10s
    cube 3180.947 (depth 1, 34 lits): UNSAT in 27.17s
    cube 3180.948 (depth 1, 34 lits): UNSAT in 717.78s
    cube 3180.949 (depth 1, 34 lits): UNSAT in 342.35s
    cube 3180.950 (depth 1, 34 lits): UNSAT in 344.23s
    cube 3183 (depth 0, 24 lits): UNSAT in 0.02s
    cube 3186 (depth 0, 24 lits): UNSAT in 0.02s
    cube 3189 (depth 0, 24 lits): UNSAT in 0.03s
    cube 3192 (depth 0, 24 lits): UNSAT in 0.04s
    cube 3195 (depth 0, 24 lits): UNSAT in 0.19s
    cube 3198 (depth 0, 24 lits): UNSAT in 0.03s
    cube 3201 (depth 0, 24 lits): UNSAT in 0.02s
    cube 3204 (depth 0, 24 lits): UNSAT in 0.02s
    cube 3207 (depth 0, 24 lits): UNSAT in 0.07s
    cube 3210 (depth 0, 24 lits): UNSAT in 0.16s
    cube 3213 (depth 0, 24 lits): UNSAT in 0.03s
    cube 3216 (depth 0, 24 lits): UNSAT in 0.02s
    cube 3219 (depth 0, 24 lits): UNSAT in 0.13s
    cube 3222 (depth 0, 24 lits): UNSAT in 0.04s
    cube 3225 (depth 0, 24 lits): UNSAT in 0.04s
    cube 3228 (depth 0, 24 lits): UNSAT in 0.03s
    cube 3231 (depth 0, 24 lits): UNSAT in 0.05s
    cube 3234 (depth 0, 24 lits): UNSAT in 0.04s
    cube 3237 (depth 0, 24 lits): UNSAT in 0.38s
    cube 3240 (depth 0, 24 lits): UNSAT in 0.21s
    cube 3243 (depth 0, 24 lits): UNSAT in 3.84s
    cube 3246 (depth 0, 24 lits): UNSAT in 0.02s
    cube 3249 (depth 0, 24 lits): UNSAT in 0.09s
    cube 3252 (depth 0, 24 lits): UNSAT in 0.03s
    cube 3255 (depth 0, 24 lits): UNSAT in 0.06s
    cube 3258 (depth 0, 24 lits): UNSAT in 0.14s
    cube 3261 (depth 0, 24 lits): UNSAT in 0.02s
    cube 3264 (depth 0, 24 lits): UNSAT in 0.04s
    cube 3267 (depth 0, 24 lits): UNSAT in 0.19s
    cube 3270 (depth 0, 24 lits): UNSAT in 0.06s
    cube 3273 (depth 0, 24 lits): UNSAT in 0.22s
    cube 3276 (depth 0, 24 lits): UNSAT in 0.03s
    cube 3279 (depth 0, 24 lits): UNSAT in 0.45s
    cube 3282 (depth 0, 24 lits): UNSAT in 0.13s
    cube 3285 (depth 0, 24 lits): UNSAT in 0.11s
    cube 3288 (depth 0, 24 lits): UNSAT in 0.36s
    cube 3291 (depth 0, 24 lits): UNSAT in 4.47s
    cube 3294 (depth 0, 24 lits): UNSAT in 0.18s
    cube 3297 (depth 0, 24 lits): UNSAT in 0.29s
    cube 3300 (depth 0, 24 lits): UNSAT in 0.26s
    cube 3303 (depth 0, 24 lits): UNSAT in 12.38s
    cube 3306 (depth 0, 24 lits): UNSAT in 23.67s
    cube 3309 (depth 0, 24 lits): UNSAT in 0.02s
    cube 3312 (depth 0, 24 lits): UNSAT in 0.02s
    cube 3315 (depth 0, 24 lits): UNSAT in 0.17s
    cube 3318 (depth 0, 24 lits): UNSAT in 0.04s
    cube 3321 (depth 0, 24 lits): UNSAT in 0.09s
    cube 3324 (depth 0, 24 lits): UNSAT in 0.02s
    cube 3327 (depth 0, 24 lits): UNSAT in 0.13s
    cube 3330 (depth 0, 24 lits): UNSAT in 0.19s
    cube 3333 (depth 0, 24 lits): UNSAT in 0.18s
    cube 3336 (depth 0, 24 lits): UNSAT in 0.70s
    cube 3339 (depth 0, 24 lits): UNSAT in 4.14s
    cube 3342 (depth 0, 24 lits): UNSAT in 0.11s
    cube 3345 (depth 0, 24 lits): UNSAT in 0.23s
    cube 3348 (depth 0, 24 lits): UNSAT in 0.14s
    cube 3351 (depth 0, 24 lits): UNSAT in 0.82s
    cube 3354 (depth 0, 24 lits): UNSAT in 4.92s
    cube 3357 (depth 0, 24 lits): UNSAT in 0.17s
    cube 3360 (depth 0, 24 lits): UNSAT in 0.10s
    cube 3363 (depth 0, 24 lits): UNSAT in 0.18s
    cube 3366 (depth 0, 24 lits): UNSAT in 1.91s
    cube 3369 (depth 0, 24 lits): UNSAT in 3.67s
    cube 3372 (depth 0, 24 lits): UNSAT in 0.26s
    cube 3375 (depth 0, 24 lits): UNSAT in 0.08s
    cube 3378 (depth 0, 24 lits): UNSAT in 0.69s
    cube 3381 (depth 0, 24 lits): UNSAT in 0.81s
    cube 3384 (depth 0, 24 lits): UNSAT in 0.39s
    cube 3387 (depth 0, 24 lits): UNSAT in 0.08s
    cube 3390 (depth 0, 24 lits): UNSAT in 1.73s
    cube 3393 (depth 0, 24 lits): UNSAT in 1.06s
    cube 3396 (depth 0, 24 lits): UNSAT in 0.55s
    cube 3399 (depth 0, 24 lits): UNSAT in 0.50s
    cube 3402 (depth 0, 24 lits): UNSAT in 11.55s
    cube 3405 (depth 0, 24 lits): UNSAT in 1.19s
    cube 3408 (depth 0, 24 lits): UNSAT in 1.36s
    cube 3411 (depth 0, 24 lits): UNSAT in 0.18s
    cube 3414 (depth 0, 24 lits): UNSAT in 8.21s
    cube 3417 (depth 0, 24 lits): UNSAT in 26.64s
    cube 3420 (depth 0, 24 lits): UNSAT in 1.96s
    cube 3423 (depth 0, 24 lits): UNSAT in 2.45s
    cube 3426 (depth 0, 24 lits): UNSAT in 237.70s
    cube 3429 (depth 0, 24 lits): UNSAT in 1.64s
    cube 3432 (depth 0, 24 lits): UNSAT in 231.90s
    cube 3435 (depth 0, 24 lits): UNSAT in 0.02s
    cube 3438 (depth 0, 24 lits): UNSAT in 0.10s
    cube 3441 (depth 0, 24 lits): UNSAT in 0.06s
    cube 3444 (depth 0, 24 lits): UNSAT in 0.04s
    cube 3447 (depth 0, 24 lits): UNSAT in 0.06s
    cube 3450 (depth 0, 24 lits): UNSAT in 2.26s
    cube 3453 (depth 0, 24 lits): UNSAT in 0.08s
    cube 3456 (depth 0, 24 lits): UNSAT in 0.71s
    cube 3459 (depth 0, 24 lits): UNSAT in 0.13s
    cube 3462 (depth 0, 24 lits): UNSAT in 1.31s
    cube 3465 (depth 0, 24 lits): UNSAT in 2.73s
    cube 3468 (depth 0, 24 lits): UNSAT in 0.15s
    cube 3471 (depth 0, 24 lits): UNSAT in 0.06s
    cube 3474 (depth 0, 24 lits): UNSAT in 2.52s
    cube 3477 (depth 0, 24 lits): UNSAT in 0.28s
    cube 3480 (depth 0, 24 lits): UNSAT in 3.69s
    cube 3483 (depth 0, 24 lits): UNSAT in 0.14s
    cube 3486 (depth 0, 24 lits): UNSAT in 1.28s
    cube 3489 (depth 0, 24 lits): UNSAT in 0.81s
    cube 3492 (depth 0, 24 lits): UNSAT in 0.52s
    cube 3495 (depth 0, 24 lits): UNSAT in 3.28s
    cube 3498 (depth 0, 24 lits): UNSAT in 226.06s
    cube 3501 (depth 0, 24 lits): UNSAT in 0.32s
    cube 3504 (depth 0, 24 lits): UNSAT in 0.27s
    cube 3507 (depth 0, 24 lits): UNSAT in 0.32s
    cube 3510 (depth 0, 24 lits): UNSAT in 17.10s
    cube 3513 (depth 0, 24 lits): UNSAT in 14.91s
    cube 3516 (depth 0, 24 lits): UNSAT in 0.34s
    cube 3519 (depth 0, 24 lits): UNSAT in 1.38s
    cube 3522 (depth 0, 24 lits): UNSAT in 104.54s
    cube 3525 (depth 0, 24 lits): UNSAT in 2.75s
    cube 3528 (depth 0, 24 lits): UNSAT in 48.19s
    cube 3531 (depth 0, 24 lits): UNSAT in 0.12s
    cube 3534 (depth 0, 24 lits): UNSAT in 3.35s
    cube 3537 (depth 0, 24 lits): UNSAT in 5.09s
    cube 3540 (depth 0, 24 lits): UNSAT in 0.75s
    cube 3543 (depth 0, 24 lits): UNSAT in 2.30s
    cube 3546 (depth 0, 24 lits): UNSAT in 83.32s
    cube 3549 (depth 0, 24 lits): UNSAT in 12.54s
    cube 3552 (depth 0, 24 lits): UNSAT in 10.99s
    cube 3555 (depth 0, 24 lits): UNSAT in 6.92s
    cube 3558 (depth 0, 24 lits): UNSAT in 333.40s
