  shard 1/24 (explicit): 1 of 4095 cubes, per-cube cap 1200.0s, re-split depth 9
    cube 4029 (depth 0, 12 lits): TIMEOUT in 1200.10s
    cube 4029 TIMEOUT -> re-split into 1017 sub-cubes (depth 1)
    cube 4029.0 (depth 1, 21 lits): UNSAT in 0.01s
    cube 4029.1 (depth 1, 21 lits): UNSAT in 0.01s
    cube 4029.2 (depth 1, 22 lits): UNSAT in 0.01s
    cube 4029.3 (depth 1, 22 lits): UNSAT in 0.03s
    cube 4029.4 (depth 1, 22 lits): UNSAT in 0.03s
    cube 4029.5 (depth 1, 22 lits): UNSAT in 0.08s
    cube 4029.6 (depth 1, 22 lits): UNSAT in 0.02s
    cube 4029.7 (depth 1, 22 lits): UNSAT in 0.02s
    cube 4029.8 (depth 1, 22 lits): UNSAT in 0.05s
    cube 4029.9 (depth 1, 22 lits): UNSAT in 0.14s
    cube 4029.10 (depth 1, 22 lits): UNSAT in 0.06s
    cube 4029.11 (depth 1, 22 lits): UNSAT in 0.21s
    cube 4029.12 (depth 1, 22 lits): UNSAT in 0.08s
    cube 4029.13 (depth 1, 22 lits): UNSAT in 0.35s
    cube 4029.14 (depth 1, 22 lits): UNSAT in 0.01s
    cube 4029.15 (depth 1, 22 lits): UNSAT in 0.02s
    cube 4029.16 (depth 1, 22 lits): UNSAT in 0.02s
    cube 4029.17 (depth 1, 22 lits): UNSAT in 0.03s
    cube 4029.18 (depth 1, 22 lits): UNSAT in 0.01s
    cube 4029.19 (depth 1, 22 lits): UNSAT in 0.01s
    cube 4029.20 (depth 1, 22 lits): UNSAT in 0.04s
    cube 4029.21 (depth 1, 22 lits): UNSAT in 0.09s
    cube 4029.22 (depth 1, 22 lits): UNSAT in 0.04s
    cube 4029.23 (depth 1, 22 lits): UNSAT in 0.12s
    cube 4029.24 (depth 1, 22 lits): UNSAT in 0.07s
    cube 4029.25 (depth 1, 22 lits): UNSAT in 0.15s
    cube 4029.26 (depth 1, 22 lits): UNSAT in 0.03s
    cube 4029.27 (depth 1, 22 lits): UNSAT in 0.05s
    cube 4029.28 (depth 1, 22 lits): UNSAT in 0.08s
    cube 4029.29 (depth 1, 22 lits): UNSAT in 0.23s
    cube 4029.30 (depth 1, 22 lits): UNSAT in 0.01s
    cube 4029.31 (depth 1, 22 lits): UNSAT in 0.02s
    cube 4029.32 (depth 1, 22 lits): UNSAT in 0.01s
    cube 4029.33 (depth 1, 22 lits): UNSAT in 0.04s
    cube 4029.34 (depth 1, 22 lits): UNSAT in 0.03s
    cube 4029.35 (depth 1, 22 lits): UNSAT in 0.09s
    cube 4029.36 (depth 1, 22 lits): UNSAT in 0.17s
    cube 4029.37 (depth 1, 22 lits): UNSAT in 0.12s
    cube 4029.38 (depth 1, 22 lits): UNSAT in 0.01s
    cube 4029.39 (depth 1, 22 lits): UNSAT in 0.01s
    cube 4029.40 (depth 1, 22 lits): UNSAT in 0.02s
    cube 4029.41 (depth 1, 22 lits): UNSAT in 0.02s
    cube 4029.42 (depth 1, 22 lits): UNSAT in 0.08s
    cube 4029.43 (depth 1, 22 lits): UNSAT in 0.08s
    cube 4029.44 (depth 1, 22 lits): UNSAT in 0.04s
    cube 4029.45 (depth 1, 22 lits): UNSAT in 0.24s
    cube 4029.46 (depth 1, 22 lits): UNSAT in 0.01s
    cube 4029.47 (depth 1, 22 lits): UNSAT in 0.01s
    cube 4029.48 (depth 1, 22 lits): UNSAT in 0.03s
    cube 4029.49 (depth 1, 22 lits): UNSAT in 0.09s
    cube 4029.50 (depth 1, 22 lits): UNSAT in 0.02s
    cube 4029.51 (depth 1, 22 lits): UNSAT in 0.19s
    cube 4029.52 (depth 1, 22 lits): UNSAT in 0.05s
    cube 4029.53 (depth 1, 22 lits): UNSAT in 0.09s
    cube 4029.54 (depth 1, 22 lits): UNSAT in 0.04s
    cube 4029.55 (depth 1, 22 lits): UNSAT in 0.25s
    cube 4029.56 (depth 1, 22 lits): UNSAT in 0.09s
    cube 4029.57 (depth 1, 22 lits): UNSAT in 0.18s
    cube 4029.58 (depth 1, 22 lits): UNSAT in 0.04s
    cube 4029.59 (depth 1, 22 lits): UNSAT in 0.15s
    cube 4029.60 (depth 1, 22 lits): UNSAT in 0.07s
    cube 4029.61 (depth 1, 22 lits): UNSAT in 0.82s
    cube 4029.62 (depth 1, 22 lits): UNSAT in 0.01s
    cube 4029.63 (depth 1, 22 lits): UNSAT in 0.02s
    cube 4029.64 (depth 1, 22 lits): UNSAT in 0.01s
    cube 4029.65 (depth 1, 22 lits): UNSAT in 0.01s
    cube 4029.66 (depth 1, 22 lits): UNSAT in 0.02s
    cube 4029.67 (depth 1, 22 lits): UNSAT in 0.03s
    cube 4029.68 (depth 1, 22 lits): UNSAT in 0.04s
    cube 4029.69 (depth 1, 22 lits): UNSAT in 0.10s
    cube 4029.70 (depth 1, 22 lits): UNSAT in 0.01s
    cube 4029.71 (depth 1, 22 lits): UNSAT in 0.02s
    cube 4029.72 (depth 1, 22 lits): UNSAT in 0.04s
    cube 4029.73 (depth 1, 22 lits): UNSAT in 0.10s
    cube 4029.74 (depth 1, 22 lits): UNSAT in 0.05s
    cube 4029.75 (depth 1, 22 lits): UNSAT in 0.06s
    cube 4029.76 (depth 1, 22 lits): UNSAT in 0.18s
    cube 4029.77 (depth 1, 22 lits): UNSAT in 0.75s
    cube 4029.78 (depth 1, 22 lits): UNSAT in 0.01s
    cube 4029.79 (depth 1, 22 lits): UNSAT in 0.02s
    cube 4029.80 (depth 1, 22 lits): UNSAT in 0.01s
    cube 4029.81 (depth 1, 22 lits): UNSAT in 0.07s
    cube 4029.82 (depth 1, 22 lits): UNSAT in 0.04s
    cube 4029.83 (depth 1, 22 lits): UNSAT in 0.08s
    cube 4029.84 (depth 1, 22 lits): UNSAT in 0.03s
    cube 4029.85 (depth 1, 22 lits): UNSAT in 0.38s
    cube 4029.86 (depth 1, 22 lits): UNSAT in 0.03s
    cube 4029.87 (depth 1, 22 lits): UNSAT in 0.08s
    cube 4029.88 (depth 1, 22 lits): UNSAT in 0.10s
    cube 4029.89 (depth 1, 22 lits): UNSAT in 0.46s
    cube 4029.90 (depth 1, 22 lits): UNSAT in 0.07s
    cube 4029.91 (depth 1, 22 lits): UNSAT in 0.37s
    cube 4029.92 (depth 1, 22 lits): UNSAT in 0.25s
    cube 4029.93 (depth 1, 22 lits): UNSAT in 0.74s
    cube 4029.94 (depth 1, 22 lits): UNSAT in 0.01s
    cube 4029.95 (depth 1, 22 lits): UNSAT in 0.02s
    cube 4029.96 (depth 1, 22 lits): UNSAT in 0.01s
    cube 4029.97 (depth 1, 22 lits): UNSAT in 0.09s
    cube 4029.98 (depth 1, 22 lits): UNSAT in 0.06s
    cube 4029.99 (depth 1, 22 lits): UNSAT in 0.15s
    cube 4029.100 (depth 1, 22 lits): UNSAT in 0.20s
    cube 4029.101 (depth 1, 22 lits): UNSAT in 0.36s
    cube 4029.102 (depth 1, 22 lits): UNSAT in 0.06s
    cube 4029.103 (depth 1, 22 lits): UNSAT in 0.21s
    cube 4029.104 (depth 1, 22 lits): UNSAT in 0.35s
    cube 4029.105 (depth 1, 22 lits): UNSAT in 0.44s
    cube 4029.106 (depth 1, 22 lits): UNSAT in 0.41s
    cube 4029.107 (depth 1, 22 lits): UNSAT in 0.47s
    cube 4029.108 (depth 1, 22 lits): UNSAT in 1.21s
    cube 4029.109 (depth 1, 22 lits): UNSAT in 7.62s
    cube 4029.110 (depth 1, 22 lits): UNSAT in 0.04s
    cube 4029.111 (depth 1, 22 lits): UNSAT in 0.50s
    cube 4029.112 (depth 1, 22 lits): UNSAT in 0.12s
    cube 4029.113 (depth 1, 22 lits): UNSAT in 1.67s
    cube 4029.114 (depth 1, 22 lits): UNSAT in 0.17s
    cube 4029.115 (depth 1, 22 lits): UNSAT in 1.60s
    cube 4029.116 (depth 1, 22 lits): UNSAT in 0.88s
    cube 4029.117 (depth 1, 22 lits): UNSAT in 8.30s
    cube 4029.118 (depth 1, 22 lits): UNSAT in 0.59s
    cube 4029.119 (depth 1, 22 lits): UNSAT in 3.60s
    cube 4029.120 (depth 1, 22 lits): UNSAT in 1.55s
    cube 4029.121 (depth 1, 22 lits): UNSAT in 10.38s
    cube 4029.122 (depth 1, 22 lits): UNSAT in 3.45s
    cube 4029.123 (depth 1, 22 lits): UNSAT in 8.56s
    cube 4029.124 (depth 1, 22 lits): UNSAT in 97.39s
    cube 4029.125 (depth 1, 22 lits): UNSAT in 74.14s
    cube 4029.126 (depth 1, 22 lits): UNSAT in 0.01s
    cube 4029.127 (depth 1, 22 lits): UNSAT in 0.01s
    cube 4029.128 (depth 1, 22 lits): UNSAT in 0.02s
    cube 4029.129 (depth 1, 22 lits): UNSAT in 0.04s
    cube 4029.130 (depth 1, 22 lits): UNSAT in 0.02s
    cube 4029.131 (depth 1, 22 lits): UNSAT in 0.04s
    cube 4029.132 (depth 1, 22 lits): UNSAT in 0.05s
    cube 4029.133 (depth 1, 22 lits): UNSAT in 0.05s
    cube 4029.134 (depth 1, 22 lits): UNSAT in 0.02s
    cube 4029.135 (depth 1, 22 lits): UNSAT in 0.02s
    cube 4029.136 (depth 1, 22 lits): UNSAT in 0.02s
    cube 4029.137 (depth 1, 22 lits): UNSAT in 0.13s
    cube 4029.138 (depth 1, 22 lits): UNSAT in 0.02s
    cube 4029.139 (depth 1, 22 lits): UNSAT in 0.08s
    cube 4029.140 (depth 1, 22 lits): UNSAT in 0.12s
    cube 4029.141 (depth 1, 22 lits): UNSAT in 0.31s
    cube 4029.142 (depth 1, 22 lits): UNSAT in 0.01s
    cube 4029.143 (depth 1, 22 lits): UNSAT in 0.04s
    cube 4029.144 (depth 1, 22 lits): UNSAT in 0.03s
    cube 4029.145 (depth 1, 22 lits): UNSAT in 0.15s
    cube 4029.146 (depth 1, 22 lits): UNSAT in 0.03s
    cube 4029.147 (depth 1, 22 lits): UNSAT in 0.07s
    cube 4029.148 (depth 1, 22 lits): UNSAT in 0.14s
    cube 4029.149 (depth 1, 22 lits): UNSAT in 0.58s
    cube 4029.150 (depth 1, 22 lits): UNSAT in 0.03s
    cube 4029.151 (depth 1, 22 lits): UNSAT in 0.07s
    cube 4029.152 (depth 1, 22 lits): UNSAT in 0.03s
    cube 4029.153 (depth 1, 22 lits): UNSAT in 0.23s
    cube 4029.154 (depth 1, 22 lits): UNSAT in 0.21s
    cube 4029.155 (depth 1, 22 lits): UNSAT in 0.59s
    cube 4029.156 (depth 1, 22 lits): UNSAT in 1.03s
    cube 4029.157 (depth 1, 22 lits): UNSAT in 7.56s
    cube 4029.158 (depth 1, 22 lits): UNSAT in 0.02s
    cube 4029.159 (depth 1, 22 lits): UNSAT in 0.02s
    cube 4029.160 (depth 1, 22 lits): UNSAT in 0.02s
    cube 4029.161 (depth 1, 22 lits): UNSAT in 0.07s
    cube 4029.162 (depth 1, 22 lits): UNSAT in 0.02s
    cube 4029.163 (depth 1, 22 lits): UNSAT in 0.03s
    cube 4029.164 (depth 1, 22 lits): UNSAT in 0.18s
    cube 4029.165 (depth 1, 22 lits): UNSAT in 0.40s
    cube 4029.166 (depth 1, 22 lits): UNSAT in 0.05s
    cube 4029.167 (depth 1, 22 lits): UNSAT in 0.21s
    cube 4029.168 (depth 1, 22 lits): UNSAT in 0.09s
    cube 4029.169 (depth 1, 22 lits): UNSAT in 0.16s
    cube 4029.170 (depth 1, 22 lits): UNSAT in 0.09s
    cube 4029.171 (depth 1, 22 lits): UNSAT in 0.13s
    cube 4029.172 (depth 1, 22 lits): UNSAT in 0.17s
    cube 4029.173 (depth 1, 22 lits): UNSAT in 0.81s
    cube 4029.174 (depth 1, 22 lits): UNSAT in 0.06s
    cube 4029.175 (depth 1, 22 lits): UNSAT in 0.11s
    cube 4029.176 (depth 1, 22 lits): UNSAT in 0.04s
    cube 4029.177 (depth 1, 22 lits): UNSAT in 0.34s
    cube 4029.178 (depth 1, 22 lits): UNSAT in 0.15s
    cube 4029.179 (depth 1, 22 lits): UNSAT in 0.29s
    cube 4029.180 (depth 1, 22 lits): UNSAT in 0.45s
    cube 4029.181 (depth 1, 22 lits): UNSAT in 0.68s
    cube 4029.182 (depth 1, 22 lits): UNSAT in 0.18s
    cube 4029.183 (depth 1, 22 lits): UNSAT in 0.79s
    cube 4029.184 (depth 1, 22 lits): UNSAT in 0.67s
    cube 4029.185 (depth 1, 22 lits): UNSAT in 3.75s
    cube 4029.186 (depth 1, 22 lits): UNSAT in 0.31s
    cube 4029.187 (depth 1, 22 lits): UNSAT in 1.78s
    cube 4029.188 (depth 1, 22 lits): UNSAT in 5.57s
    cube 4029.189 (depth 1, 22 lits): UNSAT in 30.19s
    cube 4029.190 (depth 1, 22 lits): UNSAT in 0.01s
    cube 4029.191 (depth 1, 22 lits): UNSAT in 0.05s
    cube 4029.192 (depth 1, 22 lits): UNSAT in 0.07s
    cube 4029.193 (depth 1, 22 lits): UNSAT in 0.24s
    cube 4029.194 (depth 1, 22 lits): UNSAT in 0.01s
    cube 4029.195 (depth 1, 22 lits): UNSAT in 0.01s
    cube 4029.196 (depth 1, 22 lits): UNSAT in 0.02s
    cube 4029.197 (depth 1, 22 lits): UNSAT in 0.07s
    cube 4029.198 (depth 1, 22 lits): UNSAT in 0.01s
    cube 4029.199 (depth 1, 22 lits): UNSAT in 0.03s
    cube 4029.200 (depth 1, 22 lits): UNSAT in 0.08s
    cube 4029.201 (depth 1, 22 lits): UNSAT in 0.07s
    cube 4029.202 (depth 1, 22 lits): UNSAT in 0.03s
    cube 4029.203 (depth 1, 22 lits): UNSAT in 0.07s
    cube 4029.204 (depth 1, 22 lits): UNSAT in 0.10s
    cube 4029.205 (depth 1, 22 lits): UNSAT in 0.25s
    cube 4029.206 (depth 1, 22 lits): UNSAT in 0.02s
    cube 4029.207 (depth 1, 22 lits): UNSAT in 0.09s
    cube 4029.208 (depth 1, 22 lits): UNSAT in 0.04s
    cube 4029.209 (depth 1, 22 lits): UNSAT in 0.19s
    cube 4029.210 (depth 1, 22 lits): UNSAT in 0.05s
    cube 4029.211 (depth 1, 22 lits): UNSAT in 0.26s
    cube 4029.212 (depth 1, 22 lits): UNSAT in 0.24s
    cube 4029.213 (depth 1, 22 lits): UNSAT in 0.71s
    cube 4029.214 (depth 1, 22 lits): UNSAT in 0.24s
    cube 4029.215 (depth 1, 22 lits): UNSAT in 0.42s
    cube 4029.216 (depth 1, 22 lits): UNSAT in 0.43s
    cube 4029.217 (depth 1, 22 lits): UNSAT in 3.40s
    cube 4029.218 (depth 1, 22 lits): UNSAT in 0.50s
    cube 4029.219 (depth 1, 22 lits): UNSAT in 1.34s
    cube 4029.220 (depth 1, 22 lits): UNSAT in 3.83s
    cube 4029.221 (depth 1, 22 lits): UNSAT in 20.55s
    cube 4029.222 (depth 1, 22 lits): UNSAT in 0.04s
    cube 4029.223 (depth 1, 22 lits): UNSAT in 0.07s
    cube 4029.224 (depth 1, 22 lits): UNSAT in 0.08s
    cube 4029.225 (depth 1, 22 lits): UNSAT in 0.37s
    cube 4029.226 (depth 1, 22 lits): UNSAT in 0.08s
    cube 4029.227 (depth 1, 22 lits): UNSAT in 0.11s
    cube 4029.228 (depth 1, 22 lits): UNSAT in 0.07s
    cube 4029.229 (depth 1, 22 lits): UNSAT in 0.78s
    cube 4029.230 (depth 1, 22 lits): UNSAT in 0.16s
    cube 4029.231 (depth 1, 22 lits): UNSAT in 0.84s
    cube 4029.232 (depth 1, 22 lits): UNSAT in 0.12s
    cube 4029.233 (depth 1, 22 lits): UNSAT in 1.26s
    cube 4029.234 (depth 1, 22 lits): UNSAT in 0.37s
    cube 4029.235 (depth 1, 22 lits): UNSAT in 1.42s
    cube 4029.236 (depth 1, 22 lits): UNSAT in 0.52s
    cube 4029.237 (depth 1, 22 lits): UNSAT in 13.43s
    cube 4029.238 (depth 1, 22 lits): UNSAT in 0.10s
    cube 4029.239 (depth 1, 22 lits): UNSAT in 2.33s
    cube 4029.240 (depth 1, 22 lits): UNSAT in 0.76s
    cube 4029.241 (depth 1, 22 lits): UNSAT in 6.48s
    cube 4029.242 (depth 1, 22 lits): UNSAT in 0.08s
    cube 4029.243 (depth 1, 22 lits): UNSAT in 1.44s
    cube 4029.244 (depth 1, 22 lits): UNSAT in 4.04s
    cube 4029.245 (depth 1, 22 lits): UNSAT in 72.59s
    cube 4029.246 (depth 1, 22 lits): UNSAT in 2.54s
    cube 4029.247 (depth 1, 22 lits): UNSAT in 6.38s
    cube 4029.248 (depth 1, 22 lits): UNSAT in 25.82s
    cube 4029.249 (depth 1, 22 lits): UNSAT in 219.58s
    cube 4029.250 (depth 1, 22 lits): UNSAT in 4.04s
    cube 4029.251 (depth 1, 22 lits): UNSAT in 98.59s
    cube 4029.252 (depth 1, 22 lits): UNSAT in 155.68s
    cube 4029.253 (depth 1, 22 lits): TIMEOUT in 1200.08s
    cube 4029.253 TIMEOUT -> re-split into 852 sub-cubes (depth 2)
    cube 4029.253.0 (depth 2, 29 lits): UNSAT in 0.01s
    cube 4029.253.1 (depth 2, 29 lits): UNSAT in 0.01s
    cube 4029.253.2 (depth 2, 29 lits): UNSAT in 0.01s
    cube 4029.253.3 (depth 2, 30 lits): UNSAT in 0.01s
    cube 4029.253.4 (depth 2, 30 lits): UNSAT in 0.01s
    cube 4029.253.5 (depth 2, 29 lits): UNSAT in 0.01s
    cube 4029.253.6 (depth 2, 30 lits): UNSAT in 0.01s
    cube 4029.253.7 (depth 2, 32 lits): UNSAT in 0.01s
    cube 4029.253.8 (depth 2, 32 lits): UNSAT in 0.01s
    cube 4029.253.9 (depth 2, 32 lits): UNSAT in 0.01s
    cube 4029.253.10 (depth 2, 32 lits): UNSAT in 0.02s
    cube 4029.253.11 (depth 2, 30 lits): UNSAT in 0.01s
    cube 4029.253.12 (depth 2, 30 lits): UNSAT in 0.01s
    cube 4029.253.13 (depth 2, 32 lits): UNSAT in 0.01s
    cube 4029.253.14 (depth 2, 32 lits): UNSAT in 0.01s
    cube 4029.253.15 (depth 2, 32 lits): UNSAT in 0.01s
    cube 4029.253.16 (depth 2, 32 lits): UNSAT in 0.01s
    cube 4029.253.17 (depth 2, 32 lits): UNSAT in 0.02s
    cube 4029.253.18 (depth 2, 32 lits): UNSAT in 0.02s
    cube 4029.253.19 (depth 2, 32 lits): UNSAT in 0.02s
    cube 4029.253.20 (depth 2, 32 lits): UNSAT in 0.02s
    cube 4029.253.21 (depth 2, 29 lits): UNSAT in 0.01s
    cube 4029.253.22 (depth 2, 30 lits): UNSAT in 0.01s
    cube 4029.253.23 (depth 2, 31 lits): UNSAT in 0.01s
    cube 4029.253.24 (depth 2, 31 lits): UNSAT in 0.01s
    cube 4029.253.25 (depth 2, 31 lits): UNSAT in 0.01s
    cube 4029.253.26 (depth 2, 31 lits): UNSAT in 0.01s
    cube 4029.253.27 (depth 2, 32 lits): UNSAT in 0.01s
    cube 4029.253.28 (depth 2, 32 lits): UNSAT in 0.01s
    cube 4029.253.29 (depth 2, 32 lits): UNSAT in 0.01s
    cube 4029.253.30 (depth 2, 32 lits): UNSAT in 0.02s
    cube 4029.253.31 (depth 2, 32 lits): UNSAT in 0.01s
    cube 4029.253.32 (depth 2, 32 lits): UNSAT in 0.01s
    cube 4029.253.33 (depth 2, 32 lits): UNSAT in 0.01s
    cube 4029.253.34 (depth 2, 32 lits): UNSAT in 0.01s
    cube 4029.253.35 (depth 2, 32 lits): UNSAT in 0.01s
    cube 4029.253.36 (depth 2, 32 lits): UNSAT in 0.02s
    cube 4029.253.37 (depth 2, 32 lits): UNSAT in 0.03s
    cube 4029.253.38 (depth 2, 32 lits): UNSAT in 0.04s
    cube 4029.253.39 (depth 2, 32 lits): UNSAT in 0.01s
    cube 4029.253.40 (depth 2, 32 lits): UNSAT in 0.01s
    cube 4029.253.41 (depth 2, 32 lits): UNSAT in 0.01s
    cube 4029.253.42 (depth 2, 32 lits): UNSAT in 0.02s
    cube 4029.253.43 (depth 2, 31 lits): UNSAT in 0.02s
    cube 4029.253.44 (depth 2, 32 lits): UNSAT in 0.02s
    cube 4029.253.45 (depth 2, 32 lits): UNSAT in 0.01s
    cube 4029.253.46 (depth 2, 32 lits): UNSAT in 0.01s
    cube 4029.253.47 (depth 2, 32 lits): UNSAT in 0.02s
    cube 4029.253.48 (depth 2, 32 lits): UNSAT in 0.02s
    cube 4029.253.49 (depth 2, 32 lits): UNSAT in 0.02s
    cube 4029.253.50 (depth 2, 32 lits): UNSAT in 0.02s
    cube 4029.253.51 (depth 2, 32 lits): UNSAT in 0.04s
    cube 4029.253.52 (depth 2, 32 lits): UNSAT in 0.02s
    cube 4029.253.53 (depth 2, 32 lits): UNSAT in 0.05s
    cube 4029.253.54 (depth 2, 32 lits): UNSAT in 0.01s
    cube 4029.253.55 (depth 2, 32 lits): UNSAT in 0.02s
    cube 4029.253.56 (depth 2, 32 lits): UNSAT in 0.02s
    cube 4029.253.57 (depth 2, 32 lits): UNSAT in 0.05s
    cube 4029.253.58 (depth 2, 32 lits): UNSAT in 0.02s
    cube 4029.253.59 (depth 2, 32 lits): UNSAT in 0.06s
    cube 4029.253.60 (depth 2, 32 lits): UNSAT in 0.10s
    cube 4029.253.61 (depth 2, 32 lits): UNSAT in 0.09s
    cube 4029.253.62 (depth 2, 32 lits): UNSAT in 0.02s
    cube 4029.253.63 (depth 2, 32 lits): UNSAT in 0.03s
    cube 4029.253.64 (depth 2, 32 lits): UNSAT in 0.09s
    cube 4029.253.65 (depth 2, 32 lits): UNSAT in 0.19s
    cube 4029.253.66 (depth 2, 32 lits): UNSAT in 0.03s
    cube 4029.253.67 (depth 2, 32 lits): UNSAT in 0.07s
    cube 4029.253.68 (depth 2, 32 lits): UNSAT in 0.16s
    cube 4029.253.69 (depth 2, 32 lits): UNSAT in 0.21s
    cube 4029.253.70 (depth 2, 29 lits): UNSAT in 0.01s
    cube 4029.253.71 (depth 2, 30 lits): UNSAT in 0.01s
    cube 4029.253.72 (depth 2, 31 lits): UNSAT in 0.01s
    cube 4029.253.73 (depth 2, 31 lits): UNSAT in 0.01s
    cube 4029.253.74 (depth 2, 31 lits): UNSAT in 0.01s
    cube 4029.253.75 (depth 2, 32 lits): UNSAT in 0.01s
    cube 4029.253.76 (depth 2, 32 lits): UNSAT in 0.02s
    cube 4029.253.77 (depth 2, 31 lits): UNSAT in 0.01s
    cube 4029.253.78 (depth 2, 32 lits): UNSAT in 0.01s
    cube 4029.253.79 (depth 2, 32 lits): UNSAT in 0.03s
    cube 4029.253.80 (depth 2, 30 lits): UNSAT in 0.01s
    cube 4029.253.81 (depth 2, 32 lits): UNSAT in 0.01s
    cube 4029.253.82 (depth 2, 32 lits): UNSAT in 0.01s
    cube 4029.253.83 (depth 2, 32 lits): UNSAT in 0.04s
    cube 4029.253.84 (depth 2, 32 lits): UNSAT in 0.07s
    cube 4029.253.85 (depth 2, 30 lits): UNSAT in 0.01s
    cube 4029.253.86 (depth 2, 32 lits): UNSAT in 0.01s
    cube 4029.253.87 (depth 2, 32 lits): UNSAT in 0.01s
    cube 4029.253.88 (depth 2, 32 lits): UNSAT in 0.01s
    cube 4029.253.89 (depth 2, 32 lits): UNSAT in 0.02s
    cube 4029.253.90 (depth 2, 32 lits): UNSAT in 0.01s
    cube 4029.253.91 (depth 2, 32 lits): UNSAT in 0.01s
    cube 4029.253.92 (depth 2, 32 lits): UNSAT in 0.02s
    cube 4029.253.93 (depth 2, 32 lits): UNSAT in 0.08s
    cube 4029.253.94 (depth 2, 32 lits): UNSAT in 0.02s
    cube 4029.253.95 (depth 2, 32 lits): UNSAT in 0.03s
    cube 4029.253.96 (depth 2, 32 lits): UNSAT in 0.07s
    cube 4029.253.97 (depth 2, 32 lits): UNSAT in 0.14s
    cube 4029.253.98 (depth 2, 32 lits): UNSAT in 0.01s
    cube 4029.253.99 (depth 2, 32 lits): UNSAT in 0.03s
    cube 4029.253.100 (depth 2, 32 lits): UNSAT in 0.04s
    cube 4029.253.101 (depth 2, 32 lits): UNSAT in 0.04s
    cube 4029.253.102 (depth 2, 32 lits): UNSAT in 0.01s
    cube 4029.253.103 (depth 2, 32 lits): UNSAT in 0.03s
    cube 4029.253.104 (depth 2, 32 lits): UNSAT in 0.05s
    cube 4029.253.105 (depth 2, 32 lits): UNSAT in 0.09s
    cube 4029.253.106 (depth 2, 32 lits): UNSAT in 0.02s
    cube 4029.253.107 (depth 2, 32 lits): UNSAT in 0.03s
    cube 4029.253.108 (depth 2, 32 lits): UNSAT in 0.03s
    cube 4029.253.109 (depth 2, 32 lits): UNSAT in 0.26s
    cube 4029.253.110 (depth 2, 32 lits): UNSAT in 0.03s
    cube 4029.253.111 (depth 2, 32 lits): UNSAT in 0.09s
    cube 4029.253.112 (depth 2, 32 lits): UNSAT in 0.17s
    cube 4029.253.113 (depth 2, 32 lits): UNSAT in 0.18s
    cube 4029.253.114 (depth 2, 32 lits): UNSAT in 0.01s
    cube 4029.253.115 (depth 2, 32 lits): UNSAT in 0.01s
    cube 4029.253.116 (depth 2, 32 lits): UNSAT in 0.01s
    cube 4029.253.117 (depth 2, 32 lits): UNSAT in 0.02s
    cube 4029.253.118 (depth 2, 32 lits): UNSAT in 0.01s
    cube 4029.253.119 (depth 2, 32 lits): UNSAT in 0.02s
    cube 4029.253.120 (depth 2, 32 lits): UNSAT in 0.03s
    cube 4029.253.121 (depth 2, 32 lits): UNSAT in 0.04s
    cube 4029.253.122 (depth 2, 32 lits): UNSAT in 0.01s
    cube 4029.253.123 (depth 2, 32 lits): UNSAT in 0.01s
    cube 4029.253.124 (depth 2, 32 lits): UNSAT in 0.01s
    cube 4029.253.125 (depth 2, 32 lits): UNSAT in 0.02s
    cube 4029.253.126 (depth 2, 32 lits): UNSAT in 0.01s
    cube 4029.253.127 (depth 2, 32 lits): UNSAT in 0.02s
    cube 4029.253.128 (depth 2, 32 lits): UNSAT in 0.02s
    cube 4029.253.129 (depth 2, 32 lits): UNSAT in 0.02s
    cube 4029.253.130 (depth 2, 32 lits): UNSAT in 0.01s
    cube 4029.253.131 (depth 2, 32 lits): UNSAT in 0.01s
    cube 4029.253.132 (depth 2, 32 lits): UNSAT in 0.02s
    cube 4029.253.133 (depth 2, 32 lits): UNSAT in 0.06s
    cube 4029.253.134 (depth 2, 32 lits): UNSAT in 0.01s
    cube 4029.253.135 (depth 2, 32 lits): UNSAT in 0.03s
    cube 4029.253.136 (depth 2, 32 lits): UNSAT in 0.07s
    cube 4029.253.137 (depth 2, 32 lits): UNSAT in 0.10s
    cube 4029.253.138 (depth 2, 32 lits): UNSAT in 0.02s
    cube 4029.253.139 (depth 2, 32 lits): UNSAT in 0.04s
    cube 4029.253.140 (depth 2, 32 lits): UNSAT in 0.05s
    cube 4029.253.141 (depth 2, 32 lits): UNSAT in 0.05s
    cube 4029.253.142 (depth 2, 32 lits): UNSAT in 0.05s
    cube 4029.253.143 (depth 2, 32 lits): UNSAT in 0.23s
    cube 4029.253.144 (depth 2, 32 lits): UNSAT in 0.08s
    cube 4029.253.145 (depth 2, 32 lits): UNSAT in 0.52s
    cube 4029.253.146 (depth 2, 32 lits): UNSAT in 0.01s
    cube 4029.253.147 (depth 2, 32 lits): UNSAT in 0.01s
    cube 4029.253.148 (depth 2, 32 lits): UNSAT in 0.01s
    cube 4029.253.149 (depth 2, 32 lits): UNSAT in 0.02s
    cube 4029.253.150 (depth 2, 32 lits): UNSAT in 0.03s
    cube 4029.253.151 (depth 2, 32 lits): UNSAT in 0.03s
    cube 4029.253.152 (depth 2, 32 lits): UNSAT in 0.05s
    cube 4029.253.153 (depth 2, 32 lits): UNSAT in 0.15s
    cube 4029.253.154 (depth 2, 32 lits): UNSAT in 0.02s
    cube 4029.253.155 (depth 2, 32 lits): UNSAT in 0.02s
    cube 4029.253.156 (depth 2, 32 lits): UNSAT in 0.06s
    cube 4029.253.157 (depth 2, 32 lits): UNSAT in 0.18s
    cube 4029.253.158 (depth 2, 32 lits): UNSAT in 0.04s
    cube 4029.253.159 (depth 2, 32 lits): UNSAT in 0.23s
    cube 4029.253.160 (depth 2, 32 lits): UNSAT in 0.10s
    cube 4029.253.161 (depth 2, 32 lits): UNSAT in 0.38s
    cube 4029.253.162 (depth 2, 32 lits): UNSAT in 0.02s
    cube 4029.253.163 (depth 2, 32 lits): UNSAT in 0.03s
    cube 4029.253.164 (depth 2, 32 lits): UNSAT in 0.02s
    cube 4029.253.165 (depth 2, 32 lits): UNSAT in 0.03s
    cube 4029.253.166 (depth 2, 32 lits): UNSAT in 0.02s
    cube 4029.253.167 (depth 2, 32 lits): UNSAT in 0.05s
    cube 4029.253.168 (depth 2, 32 lits): UNSAT in 0.12s
    cube 4029.253.169 (depth 2, 32 lits): UNSAT in 0.40s
    cube 4029.253.170 (depth 2, 32 lits): UNSAT in 0.03s
    cube 4029.253.171 (depth 2, 32 lits): UNSAT in 0.05s
    cube 4029.253.172 (depth 2, 32 lits): UNSAT in 0.10s
    cube 4029.253.173 (depth 2, 32 lits): UNSAT in 0.43s
    cube 4029.253.174 (depth 2, 32 lits): UNSAT in 0.18s
    cube 4029.253.175 (depth 2, 32 lits): UNSAT in 0.73s
    cube 4029.253.176 (depth 2, 32 lits): UNSAT in 0.34s
    cube 4029.253.177 (depth 2, 32 lits): UNSAT in 2.26s
    cube 4029.253.178 (depth 2, 30 lits): UNSAT in 0.01s
    cube 4029.253.179 (depth 2, 31 lits): UNSAT in 0.01s
    cube 4029.253.180 (depth 2, 31 lits): UNSAT in 0.01s
    cube 4029.253.181 (depth 2, 30 lits): UNSAT in 0.01s
    cube 4029.253.182 (depth 2, 31 lits): UNSAT in 0.01s
    cube 4029.253.183 (depth 2, 31 lits): UNSAT in 0.01s
    cube 4029.253.184 (depth 2, 30 lits): UNSAT in 0.01s
    cube 4029.253.185 (depth 2, 32 lits): UNSAT in 0.01s
    cube 4029.253.186 (depth 2, 32 lits): UNSAT in 0.02s
    cube 4029.253.187 (depth 2, 32 lits): UNSAT in 0.01s
    cube 4029.253.188 (depth 2, 32 lits): UNSAT in 0.02s
    cube 4029.253.189 (depth 2, 32 lits): UNSAT in 0.01s
    cube 4029.253.190 (depth 2, 32 lits): UNSAT in 0.02s
    cube 4029.253.191 (depth 2, 32 lits): UNSAT in 0.01s
    cube 4029.253.192 (depth 2, 32 lits): UNSAT in 0.02s
    cube 4029.253.193 (depth 2, 32 lits): UNSAT in 0.03s
    cube 4029.253.194 (depth 2, 32 lits): UNSAT in 0.02s
    cube 4029.253.195 (depth 2, 32 lits): UNSAT in 0.05s
    cube 4029.253.196 (depth 2, 32 lits): UNSAT in 0.10s
    cube 4029.253.197 (depth 2, 31 lits): UNSAT in 0.01s
    cube 4029.253.198 (depth 2, 32 lits): UNSAT in 0.01s
    cube 4029.253.199 (depth 2, 32 lits): UNSAT in 0.01s
    cube 4029.253.200 (depth 2, 31 lits): UNSAT in 0.01s
    cube 4029.253.201 (depth 2, 32 lits): UNSAT in 0.01s
    cube 4029.253.202 (depth 2, 32 lits): UNSAT in 0.01s
    cube 4029.253.203 (depth 2, 32 lits): UNSAT in 0.01s
    cube 4029.253.204 (depth 2, 32 lits): UNSAT in 0.01s
    cube 4029.253.205 (depth 2, 32 lits): UNSAT in 0.01s
    cube 4029.253.206 (depth 2, 32 lits): UNSAT in 0.02s
    cube 4029.253.207 (depth 2, 32 lits): UNSAT in 0.01s
    cube 4029.253.208 (depth 2, 32 lits): UNSAT in 0.03s
    cube 4029.253.209 (depth 2, 32 lits): UNSAT in 0.05s
    cube 4029.253.210 (depth 2, 32 lits): UNSAT in 0.04s
    cube 4029.253.211 (depth 2, 32 lits): UNSAT in 0.01s
    cube 4029.253.212 (depth 2, 32 lits): UNSAT in 0.01s
    cube 4029.253.213 (depth 2, 32 lits): UNSAT in 0.02s
    cube 4029.253.214 (depth 2, 32 lits): UNSAT in 0.02s
    cube 4029.253.215 (depth 2, 32 lits): UNSAT in 0.01s
    cube 4029.253.216 (depth 2, 32 lits): UNSAT in 0.02s
    cube 4029.253.217 (depth 2, 32 lits): UNSAT in 0.03s
    cube 4029.253.218 (depth 2, 32 lits): UNSAT in 0.09s
    cube 4029.253.219 (depth 2, 32 lits): UNSAT in 0.01s
    cube 4029.253.220 (depth 2, 32 lits): UNSAT in 0.03s
    cube 4029.253.221 (depth 2, 32 lits): UNSAT in 0.09s
    cube 4029.253.222 (depth 2, 32 lits): UNSAT in 0.14s
    cube 4029.253.223 (depth 2, 32 lits): UNSAT in 0.02s
    cube 4029.253.224 (depth 2, 32 lits): UNSAT in 0.03s
    cube 4029.253.225 (depth 2, 32 lits): UNSAT in 0.10s
    cube 4029.253.226 (depth 2, 32 lits): UNSAT in 0.25s
    cube 4029.253.227 (depth 2, 31 lits): UNSAT in 0.01s
    cube 4029.253.228 (depth 2, 32 lits): UNSAT in 0.01s
    cube 4029.253.229 (depth 2, 32 lits): UNSAT in 0.01s
    cube 4029.253.230 (depth 2, 32 lits): UNSAT in 0.01s
    cube 4029.253.231 (depth 2, 32 lits): UNSAT in 0.01s
    cube 4029.253.232 (depth 2, 32 lits): UNSAT in 0.01s
    cube 4029.253.233 (depth 2, 32 lits): UNSAT in 0.02s
    cube 4029.253.234 (depth 2, 32 lits): UNSAT in 0.02s
    cube 4029.253.235 (depth 2, 32 lits): UNSAT in 0.03s
    cube 4029.253.236 (depth 2, 32 lits): UNSAT in 0.02s
    cube 4029.253.237 (depth 2, 32 lits): UNSAT in 0.05s
    cube 4029.253.238 (depth 2, 32 lits): UNSAT in 0.02s
    cube 4029.253.239 (depth 2, 32 lits): UNSAT in 0.02s
    cube 4029.253.240 (depth 2, 32 lits): UNSAT in 0.03s
    cube 4029.253.241 (depth 2, 32 lits): UNSAT in 0.06s
    cube 4029.253.242 (depth 2, 32 lits): UNSAT in 0.01s
    cube 4029.253.243 (depth 2, 32 lits): UNSAT in 0.02s
    cube 4029.253.244 (depth 2, 32 lits): UNSAT in 0.03s
    cube 4029.253.245 (depth 2, 32 lits): UNSAT in 0.04s
    cube 4029.253.246 (depth 2, 32 lits): UNSAT in 0.01s
    cube 4029.253.247 (depth 2, 32 lits): UNSAT in 0.03s
    cube 4029.253.248 (depth 2, 32 lits): UNSAT in 0.03s
    cube 4029.253.249 (depth 2, 32 lits): UNSAT in 0.04s
    cube 4029.253.250 (depth 2, 32 lits): UNSAT in 0.02s
    cube 4029.253.251 (depth 2, 32 lits): UNSAT in 0.02s
    cube 4029.253.252 (depth 2, 32 lits): UNSAT in 0.01s
    cube 4029.253.253 (depth 2, 32 lits): UNSAT in 0.01s
    cube 4029.253.254 (depth 2, 32 lits): UNSAT in 0.03s
    cube 4029.253.255 (depth 2, 32 lits): UNSAT in 0.06s
    cube 4029.253.256 (depth 2, 32 lits): UNSAT in 0.10s
    cube 4029.253.257 (depth 2, 32 lits): UNSAT in 0.47s
    cube 4029.253.258 (depth 2, 32 lits): UNSAT in 0.01s
    cube 4029.253.259 (depth 2, 32 lits): UNSAT in 0.01s
    cube 4029.253.260 (depth 2, 31 lits): UNSAT in 0.01s
    cube 4029.253.261 (depth 2, 32 lits): UNSAT in 0.01s
    cube 4029.253.262 (depth 2, 32 lits): UNSAT in 0.01s
    cube 4029.253.263 (depth 2, 32 lits): UNSAT in 0.01s
    cube 4029.253.264 (depth 2, 32 lits): UNSAT in 0.02s
    cube 4029.253.265 (depth 2, 32 lits): UNSAT in 0.01s
    cube 4029.253.266 (depth 2, 32 lits): UNSAT in 0.01s
    cube 4029.253.267 (depth 2, 32 lits): UNSAT in 0.01s
    cube 4029.253.268 (depth 2, 32 lits): UNSAT in 0.01s
    cube 4029.253.269 (depth 2, 32 lits): UNSAT in 0.02s
    cube 4029.253.270 (depth 2, 32 lits): UNSAT in 0.02s
    cube 4029.253.271 (depth 2, 32 lits): UNSAT in 0.02s
    cube 4029.253.272 (depth 2, 32 lits): UNSAT in 0.02s
    cube 4029.253.273 (depth 2, 32 lits): UNSAT in 0.01s
    cube 4029.253.274 (depth 2, 32 lits): UNSAT in 0.01s
    cube 4029.253.275 (depth 2, 32 lits): UNSAT in 0.02s
    cube 4029.253.276 (depth 2, 32 lits): UNSAT in 0.06s
    cube 4029.253.277 (depth 2, 32 lits): UNSAT in 0.01s
    cube 4029.253.278 (depth 2, 32 lits): UNSAT in 0.03s
    cube 4029.253.279 (depth 2, 32 lits): UNSAT in 0.02s
    cube 4029.253.280 (depth 2, 32 lits): UNSAT in 0.07s
    cube 4029.253.281 (depth 2, 32 lits): UNSAT in 0.02s
    cube 4029.253.282 (depth 2, 32 lits): UNSAT in 0.02s
    cube 4029.253.283 (depth 2, 32 lits): UNSAT in 0.03s
    cube 4029.253.284 (depth 2, 32 lits): UNSAT in 0.06s
    cube 4029.253.285 (depth 2, 32 lits): UNSAT in 0.04s
    cube 4029.253.286 (depth 2, 32 lits): UNSAT in 0.07s
    cube 4029.253.287 (depth 2, 32 lits): UNSAT in 0.14s
    cube 4029.253.288 (depth 2, 32 lits): UNSAT in 0.37s
    cube 4029.253.289 (depth 2, 31 lits): UNSAT in 0.01s
    cube 4029.253.290 (depth 2, 31 lits): UNSAT in 0.01s
    cube 4029.253.291 (depth 2, 30 lits): UNSAT in 0.01s
    cube 4029.253.292 (depth 2, 31 lits): UNSAT in 0.01s
    cube 4029.253.293 (depth 2, 32 lits): UNSAT in 0.01s
    cube 4029.253.294 (depth 2, 32 lits): UNSAT in 0.02s
    cube 4029.253.295 (depth 2, 31 lits): UNSAT in 0.01s
    cube 4029.253.296 (depth 2, 32 lits): UNSAT in 0.02s
    cube 4029.253.297 (depth 2, 32 lits): UNSAT in 0.06s
    cube 4029.253.298 (depth 2, 30 lits): UNSAT in 0.01s
    cube 4029.253.299 (depth 2, 31 lits): UNSAT in 0.01s
    cube 4029.253.300 (depth 2, 32 lits): UNSAT in 0.02s
    cube 4029.253.301 (depth 2, 32 lits): UNSAT in 0.02s
    cube 4029.253.302 (depth 2, 32 lits): UNSAT in 0.01s
    cube 4029.253.303 (depth 2, 32 lits): UNSAT in 0.01s
    cube 4029.253.304 (depth 2, 32 lits): UNSAT in 0.01s
    cube 4029.253.305 (depth 2, 32 lits): UNSAT in 0.02s
    cube 4029.253.306 (depth 2, 32 lits): UNSAT in 0.01s
    cube 4029.253.307 (depth 2, 32 lits): UNSAT in 0.01s
    cube 4029.253.308 (depth 2, 32 lits): UNSAT in 0.02s
    cube 4029.253.309 (depth 2, 32 lits): UNSAT in 0.03s
    cube 4029.253.310 (depth 2, 32 lits): UNSAT in 0.01s
    cube 4029.253.311 (depth 2, 32 lits): UNSAT in 0.01s
    cube 4029.253.312 (depth 2, 32 lits): UNSAT in 0.01s
    cube 4029.253.313 (depth 2, 32 lits): UNSAT in 0.01s
    cube 4029.253.314 (depth 2, 31 lits): UNSAT in 0.01s
    cube 4029.253.315 (depth 2, 32 lits): UNSAT in 0.02s
    cube 4029.253.316 (depth 2, 32 lits): UNSAT in 0.02s
    cube 4029.253.317 (depth 2, 30 lits): UNSAT in 0.01s
    cube 4029.253.318 (depth 2, 32 lits): UNSAT in 0.01s
    cube 4029.253.319 (depth 2, 32 lits): UNSAT in 0.02s
    cube 4029.253.320 (depth 2, 32 lits): UNSAT in 0.02s
    cube 4029.253.321 (depth 2, 32 lits): UNSAT in 0.02s
    cube 4029.253.322 (depth 2, 32 lits): UNSAT in 0.01s
    cube 4029.253.323 (depth 2, 32 lits): UNSAT in 0.01s
    cube 4029.253.324 (depth 2, 32 lits): UNSAT in 0.02s
    cube 4029.253.325 (depth 2, 32 lits): UNSAT in 0.05s
    cube 4029.253.326 (depth 2, 32 lits): UNSAT in 0.01s
    cube 4029.253.327 (depth 2, 32 lits): UNSAT in 0.02s
    cube 4029.253.328 (depth 2, 32 lits): UNSAT in 0.03s
    cube 4029.253.329 (depth 2, 32 lits): UNSAT in 0.10s
    cube 4029.253.330 (depth 2, 32 lits): UNSAT in 0.03s
    cube 4029.253.331 (depth 2, 32 lits): UNSAT in 0.06s
    cube 4029.253.332 (depth 2, 32 lits): UNSAT in 0.02s
    cube 4029.253.333 (depth 2, 32 lits): UNSAT in 0.05s
    cube 4029.253.334 (depth 2, 32 lits): UNSAT in 0.05s
    cube 4029.253.335 (depth 2, 32 lits): UNSAT in 0.10s
    cube 4029.253.336 (depth 2, 32 lits): UNSAT in 0.21s
    cube 4029.253.337 (depth 2, 32 lits): UNSAT in 0.88s
    cube 4029.253.338 (depth 2, 32 lits): UNSAT in 0.01s
    cube 4029.253.339 (depth 2, 32 lits): UNSAT in 0.01s
    cube 4029.253.340 (depth 2, 32 lits): UNSAT in 0.02s
    cube 4029.253.341 (depth 2, 32 lits): UNSAT in 0.06s
    cube 4029.253.342 (depth 2, 32 lits): UNSAT in 0.03s
    cube 4029.253.343 (depth 2, 32 lits): UNSAT in 0.05s
    cube 4029.253.344 (depth 2, 32 lits): UNSAT in 0.03s
    cube 4029.253.345 (depth 2, 32 lits): UNSAT in 0.14s
    cube 4029.253.346 (depth 2, 32 lits): UNSAT in 0.01s
    cube 4029.253.347 (depth 2, 32 lits): UNSAT in 0.02s
    cube 4029.253.348 (depth 2, 32 lits): UNSAT in 0.03s
    cube 4029.253.349 (depth 2, 32 lits): UNSAT in 0.06s
    cube 4029.253.350 (depth 2, 32 lits): UNSAT in 0.07s
    cube 4029.253.351 (depth 2, 32 lits): UNSAT in 0.12s
    cube 4029.253.352 (depth 2, 32 lits): UNSAT in 0.06s
    cube 4029.253.353 (depth 2, 32 lits): UNSAT in 0.21s
    cube 4029.253.354 (depth 2, 32 lits): UNSAT in 0.02s
    cube 4029.253.355 (depth 2, 32 lits): UNSAT in 0.02s
    cube 4029.253.356 (depth 2, 32 lits): UNSAT in 0.02s
    cube 4029.253.357 (depth 2, 32 lits): UNSAT in 0.02s
    cube 4029.253.358 (depth 2, 32 lits): UNSAT in 0.02s
    cube 4029.253.359 (depth 2, 32 lits): UNSAT in 0.04s
    cube 4029.253.360 (depth 2, 32 lits): UNSAT in 0.05s
    cube 4029.253.361 (depth 2, 32 lits): UNSAT in 0.09s
    cube 4029.253.362 (depth 2, 32 lits): UNSAT in 0.04s
    cube 4029.253.363 (depth 2, 32 lits): UNSAT in 0.02s
    cube 4029.253.364 (depth 2, 32 lits): UNSAT in 0.03s
    cube 4029.253.365 (depth 2, 32 lits): UNSAT in 0.06s
    cube 4029.253.366 (depth 2, 32 lits): UNSAT in 0.08s
    cube 4029.253.367 (depth 2, 32 lits): UNSAT in 0.26s
    cube 4029.253.368 (depth 2, 32 lits): UNSAT in 0.44s
    cube 4029.253.369 (depth 2, 32 lits): UNSAT in 1.22s
    cube 4029.253.370 (depth 2, 32 lits): UNSAT in 0.01s
    cube 4029.253.371 (depth 2, 32 lits): UNSAT in 0.02s
    cube 4029.253.372 (depth 2, 32 lits): UNSAT in 0.02s
    cube 4029.253.373 (depth 2, 32 lits): UNSAT in 0.08s
    cube 4029.253.374 (depth 2, 32 lits): UNSAT in 0.03s
    cube 4029.253.375 (depth 2, 32 lits): UNSAT in 0.18s
    cube 4029.253.376 (depth 2, 32 lits): UNSAT in 0.12s
    cube 4029.253.377 (depth 2, 32 lits): UNSAT in 0.40s
    cube 4029.253.378 (depth 2, 32 lits): UNSAT in 0.09s
    cube 4029.253.379 (depth 2, 32 lits): UNSAT in 0.33s
    cube 4029.253.380 (depth 2, 32 lits): UNSAT in 0.11s
    cube 4029.253.381 (depth 2, 32 lits): UNSAT in 0.68s
    cube 4029.253.382 (depth 2, 32 lits): UNSAT in 0.04s
    cube 4029.253.383 (depth 2, 32 lits): UNSAT in 0.32s
    cube 4029.253.384 (depth 2, 32 lits): UNSAT in 1.41s
    cube 4029.253.385 (depth 2, 32 lits): UNSAT in 7.13s
    cube 4029.253.386 (depth 2, 32 lits): UNSAT in 0.03s
    cube 4029.253.387 (depth 2, 32 lits): UNSAT in 0.08s
    cube 4029.253.388 (depth 2, 32 lits): UNSAT in 0.10s
    cube 4029.253.389 (depth 2, 32 lits): UNSAT in 0.19s
    cube 4029.253.390 (depth 2, 32 lits): UNSAT in 0.04s
    cube 4029.253.391 (depth 2, 32 lits): UNSAT in 0.22s
    cube 4029.253.392 (depth 2, 32 lits): UNSAT in 0.88s
    cube 4029.253.393 (depth 2, 32 lits): UNSAT in 5.87s
    cube 4029.253.394 (depth 2, 32 lits): UNSAT in 0.12s
    cube 4029.253.395 (depth 2, 32 lits): UNSAT in 1.17s
    cube 4029.253.396 (depth 2, 32 lits): UNSAT in 0.84s
    cube 4029.253.397 (depth 2, 32 lits): UNSAT in 5.25s
    cube 4029.253.398 (depth 2, 32 lits): UNSAT in 1.88s
    cube 4029.253.399 (depth 2, 32 lits): UNSAT in 15.47s
    cube 4029.253.400 (depth 2, 32 lits): UNSAT in 39.16s
    cube 4029.253.401 (depth 2, 32 lits): UNSAT in 34.52s
    cube 4029.253.402 (depth 2, 29 lits): UNSAT in 0.01s
    cube 4029.253.403 (depth 2, 30 lits): UNSAT in 0.01s
    cube 4029.253.404 (depth 2, 30 lits): UNSAT in 0.01s
    cube 4029.253.405 (depth 2, 31 lits): UNSAT in 0.01s
    cube 4029.253.406 (depth 2, 32 lits): UNSAT in 0.01s
    cube 4029.253.407 (depth 2, 32 lits): UNSAT in 0.01s
    cube 4029.253.408 (depth 2, 32 lits): UNSAT in 0.01s
    cube 4029.253.409 (depth 2, 32 lits): UNSAT in 0.01s
    cube 4029.253.410 (depth 2, 32 lits): UNSAT in 0.01s
    cube 4029.253.411 (depth 2, 32 lits): UNSAT in 0.01s
    cube 4029.253.412 (depth 2, 32 lits): UNSAT in 0.01s
    cube 4029.253.413 (depth 2, 32 lits): UNSAT in 0.02s
    cube 4029.253.414 (depth 2, 32 lits): UNSAT in 0.01s
    cube 4029.253.415 (depth 2, 32 lits): UNSAT in 0.01s
    cube 4029.253.416 (depth 2, 32 lits): UNSAT in 0.02s
    cube 4029.253.417 (depth 2, 32 lits): UNSAT in 0.01s
    cube 4029.253.418 (depth 2, 32 lits): UNSAT in 0.02s
    cube 4029.253.419 (depth 2, 32 lits): UNSAT in 0.02s
    cube 4029.253.420 (depth 2, 31 lits): UNSAT in 0.01s
    cube 4029.253.421 (depth 2, 31 lits): UNSAT in 0.01s
    cube 4029.253.422 (depth 2, 31 lits): UNSAT in 0.01s
    cube 4029.253.423 (depth 2, 32 lits): UNSAT in 0.01s
    cube 4029.253.424 (depth 2, 32 lits): UNSAT in 0.01s
    cube 4029.253.425 (depth 2, 32 lits): UNSAT in 0.01s
    cube 4029.253.426 (depth 2, 32 lits): UNSAT in 0.02s
    cube 4029.253.427 (depth 2, 32 lits): UNSAT in 0.01s
    cube 4029.253.428 (depth 2, 32 lits): UNSAT in 0.05s
    cube 4029.253.429 (depth 2, 32 lits): UNSAT in 0.04s
    cube 4029.253.430 (depth 2, 32 lits): UNSAT in 0.02s
    cube 4029.253.431 (depth 2, 32 lits): UNSAT in 0.04s
    cube 4029.253.432 (depth 2, 32 lits): UNSAT in 0.11s
    cube 4029.253.433 (depth 2, 32 lits): UNSAT in 0.01s
    cube 4029.253.434 (depth 2, 32 lits): UNSAT in 0.03s
    cube 4029.253.435 (depth 2, 32 lits): UNSAT in 0.02s
    cube 4029.253.436 (depth 2, 32 lits): UNSAT in 0.03s
    cube 4029.253.437 (depth 2, 32 lits): UNSAT in 0.01s
    cube 4029.253.438 (depth 2, 32 lits): UNSAT in 0.02s
    cube 4029.253.439 (depth 2, 32 lits): UNSAT in 0.01s
    cube 4029.253.440 (depth 2, 32 lits): UNSAT in 0.03s
    cube 4029.253.441 (depth 2, 32 lits): UNSAT in 0.02s
    cube 4029.253.442 (depth 2, 32 lits): UNSAT in 0.03s
    cube 4029.253.443 (depth 2, 32 lits): UNSAT in 0.01s
    cube 4029.253.444 (depth 2, 32 lits): UNSAT in 0.05s
    cube 4029.253.445 (depth 2, 32 lits): UNSAT in 0.17s
    cube 4029.253.446 (depth 2, 32 lits): UNSAT in 0.06s
    cube 4029.253.447 (depth 2, 32 lits): UNSAT in 0.11s
    cube 4029.253.448 (depth 2, 32 lits): UNSAT in 0.64s
    cube 4029.253.449 (depth 2, 30 lits): UNSAT in 0.01s
    cube 4029.253.450 (depth 2, 32 lits): UNSAT in 0.01s
    cube 4029.253.451 (depth 2, 32 lits): UNSAT in 0.01s
    cube 4029.253.452 (depth 2, 32 lits): UNSAT in 0.01s
    cube 4029.253.453 (depth 2, 32 lits): UNSAT in 0.01s
    cube 4029.253.454 (depth 2, 32 lits): UNSAT in 0.01s
    cube 4029.253.455 (depth 2, 32 lits): UNSAT in 0.02s
    cube 4029.253.456 (depth 2, 32 lits): UNSAT in 0.01s
    cube 4029.253.457 (depth 2, 32 lits): UNSAT in 0.02s
    cube 4029.253.458 (depth 2, 32 lits): UNSAT in 0.01s
    cube 4029.253.459 (depth 2, 32 lits): UNSAT in 0.01s
    cube 4029.253.460 (depth 2, 32 lits): UNSAT in 0.01s
    cube 4029.253.461 (depth 2, 32 lits): UNSAT in 0.01s
    cube 4029.253.462 (depth 2, 32 lits): UNSAT in 0.01s
    cube 4029.253.463 (depth 2, 32 lits): UNSAT in 0.01s
    cube 4029.253.464 (depth 2, 32 lits): UNSAT in 0.01s
    cube 4029.253.465 (depth 2, 32 lits): UNSAT in 0.02s
    cube 4029.253.466 (depth 2, 32 lits): UNSAT in 0.02s
    cube 4029.253.467 (depth 2, 32 lits): UNSAT in 0.02s
    cube 4029.253.468 (depth 2, 32 lits): UNSAT in 0.02s
    cube 4029.253.469 (depth 2, 32 lits): UNSAT in 0.02s
    cube 4029.253.470 (depth 2, 32 lits): UNSAT in 0.01s
    cube 4029.253.471 (depth 2, 32 lits): UNSAT in 0.01s
    cube 4029.253.472 (depth 2, 32 lits): UNSAT in 0.02s
    cube 4029.253.473 (depth 2, 32 lits): UNSAT in 0.02s
    cube 4029.253.474 (depth 2, 32 lits): UNSAT in 0.03s
    cube 4029.253.475 (depth 2, 32 lits): UNSAT in 0.02s
    cube 4029.253.476 (depth 2, 32 lits): UNSAT in 0.03s
    cube 4029.253.477 (depth 2, 32 lits): UNSAT in 0.02s
    cube 4029.253.478 (depth 2, 32 lits): UNSAT in 0.01s
    cube 4029.253.479 (depth 2, 32 lits): UNSAT in 0.01s
    cube 4029.253.480 (depth 2, 32 lits): UNSAT in 0.01s
    cube 4029.253.481 (depth 2, 32 lits): UNSAT in 0.02s
    cube 4029.253.482 (depth 2, 32 lits): UNSAT in 0.01s
    cube 4029.253.483 (depth 2, 32 lits): UNSAT in 0.01s
    cube 4029.253.484 (depth 2, 32 lits): UNSAT in 0.01s
    cube 4029.253.485 (depth 2, 32 lits): UNSAT in 0.01s
    cube 4029.253.486 (depth 2, 32 lits): UNSAT in 0.01s
    cube 4029.253.487 (depth 2, 32 lits): UNSAT in 0.02s
    cube 4029.253.488 (depth 2, 32 lits): UNSAT in 0.02s
    cube 4029.253.489 (depth 2, 32 lits): UNSAT in 0.01s
    cube 4029.253.490 (depth 2, 32 lits): UNSAT in 0.02s
    cube 4029.253.491 (depth 2, 32 lits): UNSAT in 0.04s
    cube 4029.253.492 (depth 2, 32 lits): UNSAT in 0.03s
    cube 4029.253.493 (depth 2, 32 lits): UNSAT in 0.02s
    cube 4029.253.494 (depth 2, 32 lits): UNSAT in 0.01s
    cube 4029.253.495 (depth 2, 32 lits): UNSAT in 0.03s
    cube 4029.253.496 (depth 2, 32 lits): UNSAT in 0.03s
    cube 4029.253.497 (depth 2, 32 lits): UNSAT in 0.06s
    cube 4029.253.498 (depth 2, 32 lits): UNSAT in 0.03s
    cube 4029.253.499 (depth 2, 32 lits): UNSAT in 0.05s
    cube 4029.253.500 (depth 2, 32 lits): UNSAT in 0.05s
    cube 4029.253.501 (depth 2, 32 lits): UNSAT in 0.12s
    cube 4029.253.502 (depth 2, 32 lits): UNSAT in 0.05s
    cube 4029.253.503 (depth 2, 32 lits): UNSAT in 0.02s
    cube 4029.253.504 (depth 2, 32 lits): UNSAT in 0.14s
    cube 4029.253.505 (depth 2, 32 lits): UNSAT in 0.05s
    cube 4029.253.506 (depth 2, 32 lits): UNSAT in 0.03s
    cube 4029.253.507 (depth 2, 32 lits): UNSAT in 0.24s
    cube 4029.253.508 (depth 2, 32 lits): UNSAT in 0.25s
    cube 4029.253.509 (depth 2, 32 lits): UNSAT in 0.30s
    cube 4029.253.510 (depth 2, 31 lits): UNSAT in 0.01s
    cube 4029.253.511 (depth 2, 31 lits): UNSAT in 0.01s
    cube 4029.253.512 (depth 2, 31 lits): UNSAT in 0.01s
    cube 4029.253.513 (depth 2, 32 lits): UNSAT in 0.01s
    cube 4029.253.514 (depth 2, 32 lits): UNSAT in 0.01s
    cube 4029.253.515 (depth 2, 31 lits): UNSAT in 0.02s
    cube 4029.253.516 (depth 2, 31 lits): UNSAT in 0.01s
    cube 4029.253.517 (depth 2, 31 lits): UNSAT in 0.01s
    cube 4029.253.518 (depth 2, 32 lits): UNSAT in 0.01s
    cube 4029.253.519 (depth 2, 32 lits): UNSAT in 0.01s
    cube 4029.253.520 (depth 2, 32 lits): UNSAT in 0.01s
    cube 4029.253.521 (depth 2, 32 lits): UNSAT in 0.01s
    cube 4029.253.522 (depth 2, 32 lits): UNSAT in 0.01s
    cube 4029.253.523 (depth 2, 32 lits): UNSAT in 0.01s
    cube 4029.253.524 (depth 2, 31 lits): UNSAT in 0.01s
    cube 4029.253.525 (depth 2, 32 lits): UNSAT in 0.02s
    cube 4029.253.526 (depth 2, 32 lits): UNSAT in 0.05s
    cube 4029.253.527 (depth 2, 31 lits): UNSAT in 0.01s
    cube 4029.253.528 (depth 2, 32 lits): UNSAT in 0.01s
    cube 4029.253.529 (depth 2, 32 lits): UNSAT in 0.02s
    cube 4029.253.530 (depth 2, 31 lits): UNSAT in 0.01s
    cube 4029.253.531 (depth 2, 32 lits): UNSAT in 0.03s
    cube 4029.253.532 (depth 2, 32 lits): UNSAT in 0.04s
    cube 4029.253.533 (depth 2, 31 lits): UNSAT in 0.01s
    cube 4029.253.534 (depth 2, 32 lits): UNSAT in 0.01s
    cube 4029.253.535 (depth 2, 32 lits): UNSAT in 0.01s
    cube 4029.253.536 (depth 2, 32 lits): UNSAT in 0.01s
    cube 4029.253.537 (depth 2, 32 lits): UNSAT in 0.02s
    cube 4029.253.538 (depth 2, 32 lits): UNSAT in 0.01s
    cube 4029.253.539 (depth 2, 32 lits): UNSAT in 0.02s
    cube 4029.253.540 (depth 2, 32 lits): UNSAT in 0.01s
    cube 4029.253.541 (depth 2, 32 lits): UNSAT in 0.02s
    cube 4029.253.542 (depth 2, 32 lits): UNSAT in 0.01s
    cube 4029.253.543 (depth 2, 32 lits): UNSAT in 0.02s
    cube 4029.253.544 (depth 2, 32 lits): UNSAT in 0.02s
    cube 4029.253.545 (depth 2, 32 lits): UNSAT in 0.02s
    cube 4029.253.546 (depth 2, 32 lits): UNSAT in 0.08s
    cube 4029.253.547 (depth 2, 32 lits): UNSAT in 0.17s
    cube 4029.253.548 (depth 2, 32 lits): UNSAT in 0.01s
    cube 4029.253.549 (depth 2, 32 lits): UNSAT in 0.02s
    cube 4029.253.550 (depth 2, 32 lits): UNSAT in 0.01s
    cube 4029.253.551 (depth 2, 32 lits): UNSAT in 0.04s
    cube 4029.253.552 (depth 2, 32 lits): UNSAT in 0.01s
    cube 4029.253.553 (depth 2, 32 lits): UNSAT in 0.02s
    cube 4029.253.554 (depth 2, 32 lits): UNSAT in 0.03s
    cube 4029.253.555 (depth 2, 32 lits): UNSAT in 0.03s
    cube 4029.253.556 (depth 2, 32 lits): UNSAT in 0.01s
    cube 4029.253.557 (depth 2, 32 lits): UNSAT in 0.02s
    cube 4029.253.558 (depth 2, 32 lits): UNSAT in 0.03s
    cube 4029.253.559 (depth 2, 32 lits): UNSAT in 0.06s
    cube 4029.253.560 (depth 2, 32 lits): UNSAT in 0.08s
    cube 4029.253.561 (depth 2, 32 lits): UNSAT in 0.09s
    cube 4029.253.562 (depth 2, 32 lits): UNSAT in 0.04s
    cube 4029.253.563 (depth 2, 32 lits): UNSAT in 0.28s
    cube 4029.253.564 (depth 2, 31 lits): UNSAT in 0.01s
    cube 4029.253.565 (depth 2, 31 lits): UNSAT in 0.02s
    cube 4029.253.566 (depth 2, 32 lits): UNSAT in 0.01s
    cube 4029.253.567 (depth 2, 32 lits): UNSAT in 0.02s
    cube 4029.253.568 (depth 2, 32 lits): UNSAT in 0.02s
    cube 4029.253.569 (depth 2, 32 lits): UNSAT in 0.01s
    cube 4029.253.570 (depth 2, 32 lits): UNSAT in 0.03s
    cube 4029.253.571 (depth 2, 32 lits): UNSAT in 0.02s
    cube 4029.253.572 (depth 2, 32 lits): UNSAT in 0.02s
    cube 4029.253.573 (depth 2, 32 lits): UNSAT in 0.12s
    cube 4029.253.574 (depth 2, 32 lits): UNSAT in 0.03s
    cube 4029.253.575 (depth 2, 32 lits): UNSAT in 0.07s
    cube 4029.253.576 (depth 2, 32 lits): UNSAT in 0.08s
    cube 4029.253.577 (depth 2, 32 lits): UNSAT in 0.18s
    cube 4029.253.578 (depth 2, 32 lits): UNSAT in 0.01s
    cube 4029.253.579 (depth 2, 32 lits): UNSAT in 0.02s
    cube 4029.253.580 (depth 2, 32 lits): UNSAT in 0.02s
    cube 4029.253.581 (depth 2, 32 lits): UNSAT in 0.05s
    cube 4029.253.582 (depth 2, 32 lits): UNSAT in 0.02s
    cube 4029.253.583 (depth 2, 32 lits): UNSAT in 0.03s
    cube 4029.253.584 (depth 2, 32 lits): UNSAT in 0.07s
    cube 4029.253.585 (depth 2, 32 lits): UNSAT in 0.15s
    cube 4029.253.586 (depth 2, 32 lits): UNSAT in 0.03s
    cube 4029.253.587 (depth 2, 32 lits): UNSAT in 0.04s
    cube 4029.253.588 (depth 2, 32 lits): UNSAT in 0.07s
    cube 4029.253.589 (depth 2, 32 lits): UNSAT in 0.15s
    cube 4029.253.590 (depth 2, 32 lits): UNSAT in 0.03s
    cube 4029.253.591 (depth 2, 32 lits): UNSAT in 0.10s
    cube 4029.253.592 (depth 2, 32 lits): UNSAT in 0.16s
    cube 4029.253.593 (depth 2, 32 lits): UNSAT in 0.53s
    cube 4029.253.594 (depth 2, 32 lits): UNSAT in 0.01s
    cube 4029.253.595 (depth 2, 32 lits): UNSAT in 0.05s
    cube 4029.253.596 (depth 2, 32 lits): UNSAT in 0.03s
    cube 4029.253.597 (depth 2, 32 lits): UNSAT in 0.10s
    cube 4029.253.598 (depth 2, 32 lits): UNSAT in 0.04s
    cube 4029.253.599 (depth 2, 32 lits): UNSAT in 0.08s
    cube 4029.253.600 (depth 2, 32 lits): UNSAT in 0.20s
    cube 4029.253.601 (depth 2, 32 lits): UNSAT in 0.92s
    cube 4029.253.602 (depth 2, 32 lits): UNSAT in 0.04s
    cube 4029.253.603 (depth 2, 32 lits): UNSAT in 0.11s
    cube 4029.253.604 (depth 2, 32 lits): UNSAT in 0.13s
    cube 4029.253.605 (depth 2, 32 lits): UNSAT in 0.45s
    cube 4029.253.606 (depth 2, 32 lits): UNSAT in 0.10s
    cube 4029.253.607 (depth 2, 32 lits): UNSAT in 0.58s
    cube 4029.253.608 (depth 2, 32 lits): UNSAT in 0.27s
    cube 4029.253.609 (depth 2, 32 lits): UNSAT in 3.00s
    cube 4029.253.610 (depth 2, 32 lits): UNSAT in 0.04s
    cube 4029.253.611 (depth 2, 32 lits): UNSAT in 0.09s
    cube 4029.253.612 (depth 2, 32 lits): UNSAT in 0.10s
    cube 4029.253.613 (depth 2, 32 lits): UNSAT in 0.40s
    cube 4029.253.614 (depth 2, 32 lits): UNSAT in 0.17s
    cube 4029.253.615 (depth 2, 32 lits): UNSAT in 1.03s
    cube 4029.253.616 (depth 2, 32 lits): UNSAT in 0.92s
    cube 4029.253.617 (depth 2, 32 lits): UNSAT in 3.70s
    cube 4029.253.618 (depth 2, 32 lits): UNSAT in 0.10s
    cube 4029.253.619 (depth 2, 32 lits): UNSAT in 0.55s
    cube 4029.253.620 (depth 2, 32 lits): UNSAT in 1.88s
    cube 4029.253.621 (depth 2, 32 lits): UNSAT in 4.03s
    cube 4029.253.622 (depth 2, 32 lits): UNSAT in 0.82s
    cube 4029.253.623 (depth 2, 32 lits): UNSAT in 9.57s
    cube 4029.253.624 (depth 2, 32 lits): UNSAT in 13.57s
    cube 4029.253.625 (depth 2, 32 lits): UNSAT in 66.89s
    cube 4029.253.626 (depth 2, 30 lits): UNSAT in 0.01s
    cube 4029.253.627 (depth 2, 31 lits): UNSAT in 0.01s
    cube 4029.253.628 (depth 2, 32 lits): UNSAT in 0.01s
    cube 4029.253.629 (depth 2, 32 lits): UNSAT in 0.02s
    cube 4029.253.630 (depth 2, 32 lits): UNSAT in 0.01s
    cube 4029.253.631 (depth 2, 32 lits): UNSAT in 0.01s
    cube 4029.253.632 (depth 2, 32 lits): UNSAT in 0.01s
    cube 4029.253.633 (depth 2, 32 lits): UNSAT in 0.02s
    cube 4029.253.634 (depth 2, 31 lits): UNSAT in 0.01s
    cube 4029.253.635 (depth 2, 32 lits): UNSAT in 0.02s
    cube 4029.253.636 (depth 2, 32 lits): UNSAT in 0.05s
    cube 4029.253.637 (depth 2, 31 lits): UNSAT in 0.01s
    cube 4029.253.638 (depth 2, 31 lits): UNSAT in 0.02s
    cube 4029.253.639 (depth 2, 32 lits): UNSAT in 0.01s
    cube 4029.253.640 (depth 2, 32 lits): UNSAT in 0.02s
    cube 4029.253.641 (depth 2, 32 lits): UNSAT in 0.02s
    cube 4029.253.642 (depth 2, 32 lits): UNSAT in 0.04s
    cube 4029.253.643 (depth 2, 32 lits): UNSAT in 0.01s
    cube 4029.253.644 (depth 2, 32 lits): UNSAT in 0.01s
    cube 4029.253.645 (depth 2, 32 lits): UNSAT in 0.01s
    cube 4029.253.646 (depth 2, 32 lits): UNSAT in 0.03s
    cube 4029.253.647 (depth 2, 32 lits): UNSAT in 0.02s
    cube 4029.253.648 (depth 2, 32 lits): UNSAT in 0.05s
    cube 4029.253.649 (depth 2, 32 lits): UNSAT in 0.05s
    cube 4029.253.650 (depth 2, 32 lits): UNSAT in 0.24s
    cube 4029.253.651 (depth 2, 31 lits): UNSAT in 0.01s
    cube 4029.253.652 (depth 2, 31 lits): UNSAT in 0.02s
    cube 4029.253.653 (depth 2, 31 lits): UNSAT in 0.01s
    cube 4029.253.654 (depth 2, 32 lits): UNSAT in 0.01s
    cube 4029.253.655 (depth 2, 32 lits): UNSAT in 0.01s
    cube 4029.253.656 (depth 2, 32 lits): UNSAT in 0.01s
    cube 4029.253.657 (depth 2, 32 lits): UNSAT in 0.01s
    cube 4029.253.658 (depth 2, 32 lits): UNSAT in 0.02s
    cube 4029.253.659 (depth 2, 32 lits): UNSAT in 0.05s
    cube 4029.253.660 (depth 2, 32 lits): UNSAT in 0.01s
    cube 4029.253.661 (depth 2, 32 lits): UNSAT in 0.02s
    cube 4029.253.662 (depth 2, 32 lits): UNSAT in 0.03s
    cube 4029.253.663 (depth 2, 32 lits): UNSAT in 0.05s
    cube 4029.253.664 (depth 2, 31 lits): UNSAT in 0.01s
    cube 4029.253.665 (depth 2, 32 lits): UNSAT in 0.01s
    cube 4029.253.666 (depth 2, 32 lits): UNSAT in 0.01s
    cube 4029.253.667 (depth 2, 32 lits): UNSAT in 0.01s
    cube 4029.253.668 (depth 2, 32 lits): UNSAT in 0.02s
    cube 4029.253.669 (depth 2, 32 lits): UNSAT in 0.01s
    cube 4029.253.670 (depth 2, 32 lits): UNSAT in 0.02s
    cube 4029.253.671 (depth 2, 31 lits): UNSAT in 0.01s
    cube 4029.253.672 (depth 2, 32 lits): UNSAT in 0.01s
    cube 4029.253.673 (depth 2, 32 lits): UNSAT in 0.02s
    cube 4029.253.674 (depth 2, 32 lits): UNSAT in 0.07s
    cube 4029.253.675 (depth 2, 32 lits): UNSAT in 0.10s
    cube 4029.253.676 (depth 2, 32 lits): UNSAT in 0.07s
    cube 4029.253.677 (depth 2, 32 lits): UNSAT in 0.10s
    cube 4029.253.678 (depth 2, 30 lits): UNSAT in 0.01s
    cube 4029.253.679 (depth 2, 32 lits): UNSAT in 0.01s
    cube 4029.253.680 (depth 2, 32 lits): UNSAT in 0.01s
    cube 4029.253.681 (depth 2, 32 lits): UNSAT in 0.01s
    cube 4029.253.682 (depth 2, 32 lits): UNSAT in 0.03s
    cube 4029.253.683 (depth 2, 32 lits): UNSAT in 0.01s
    cube 4029.253.684 (depth 2, 32 lits): UNSAT in 0.02s
    cube 4029.253.685 (depth 2, 32 lits): UNSAT in 0.02s
    cube 4029.253.686 (depth 2, 32 lits): UNSAT in 0.03s
    cube 4029.253.687 (depth 2, 32 lits): UNSAT in 0.01s
    cube 4029.253.688 (depth 2, 32 lits): UNSAT in 0.02s
    cube 4029.253.689 (depth 2, 32 lits): UNSAT in 0.02s
    cube 4029.253.690 (depth 2, 32 lits): UNSAT in 0.03s
    cube 4029.253.691 (depth 2, 32 lits): UNSAT in 0.01s
    cube 4029.253.692 (depth 2, 32 lits): UNSAT in 0.01s
    cube 4029.253.693 (depth 2, 32 lits): UNSAT in 0.01s
    cube 4029.253.694 (depth 2, 32 lits): UNSAT in 0.02s
    cube 4029.253.695 (depth 2, 32 lits): UNSAT in 0.02s
    cube 4029.253.696 (depth 2, 32 lits): UNSAT in 0.04s
    cube 4029.253.697 (depth 2, 32 lits): UNSAT in 0.01s
    cube 4029.253.698 (depth 2, 32 lits): UNSAT in 0.03s
    cube 4029.253.699 (depth 2, 32 lits): UNSAT in 0.01s
    cube 4029.253.700 (depth 2, 32 lits): UNSAT in 0.02s
    cube 4029.253.701 (depth 2, 32 lits): UNSAT in 0.01s
    cube 4029.253.702 (depth 2, 32 lits): UNSAT in 0.02s
    cube 4029.253.703 (depth 2, 32 lits): UNSAT in 0.03s
    cube 4029.253.704 (depth 2, 32 lits): UNSAT in 0.04s
    cube 4029.253.705 (depth 2, 32 lits): UNSAT in 0.05s
    cube 4029.253.706 (depth 2, 32 lits): UNSAT in 0.10s
    cube 4029.253.707 (depth 2, 31 lits): UNSAT in 0.01s
    cube 4029.253.708 (depth 2, 32 lits): UNSAT in 0.01s
    cube 4029.253.709 (depth 2, 32 lits): UNSAT in 0.01s
    cube 4029.253.710 (depth 2, 32 lits): UNSAT in 0.01s
    cube 4029.253.711 (depth 2, 32 lits): UNSAT in 0.02s
    cube 4029.253.712 (depth 2, 32 lits): UNSAT in 0.02s
    cube 4029.253.713 (depth 2, 32 lits): UNSAT in 0.03s
    cube 4029.253.714 (depth 2, 32 lits): UNSAT in 0.01s
    cube 4029.253.715 (depth 2, 32 lits): UNSAT in 0.03s
    cube 4029.253.716 (depth 2, 32 lits): UNSAT in 0.03s
    cube 4029.253.717 (depth 2, 32 lits): UNSAT in 0.03s
    cube 4029.253.718 (depth 2, 32 lits): UNSAT in 0.04s
    cube 4029.253.719 (depth 2, 32 lits): UNSAT in 0.06s
    cube 4029.253.720 (depth 2, 32 lits): UNSAT in 0.03s
    cube 4029.253.721 (depth 2, 32 lits): UNSAT in 0.08s
    cube 4029.253.722 (depth 2, 32 lits): UNSAT in 0.01s
    cube 4029.253.723 (depth 2, 32 lits): UNSAT in 0.01s
    cube 4029.253.724 (depth 2, 32 lits): UNSAT in 0.02s
    cube 4029.253.725 (depth 2, 32 lits): UNSAT in 0.03s
    cube 4029.253.726 (depth 2, 32 lits): UNSAT in 0.02s
    cube 4029.253.727 (depth 2, 32 lits): UNSAT in 0.01s
    cube 4029.253.728 (depth 2, 32 lits): UNSAT in 0.02s
    cube 4029.253.729 (depth 2, 32 lits): UNSAT in 0.08s
    cube 4029.253.730 (depth 2, 32 lits): UNSAT in 0.02s
    cube 4029.253.731 (depth 2, 32 lits): UNSAT in 0.02s
    cube 4029.253.732 (depth 2, 32 lits): UNSAT in 0.02s
    cube 4029.253.733 (depth 2, 32 lits): UNSAT in 0.08s
    cube 4029.253.734 (depth 2, 32 lits): UNSAT in 0.04s
    cube 4029.253.735 (depth 2, 32 lits): UNSAT in 0.09s
    cube 4029.253.736 (depth 2, 32 lits): UNSAT in 0.07s
    cube 4029.253.737 (depth 2, 32 lits): UNSAT in 0.16s
    cube 4029.253.738 (depth 2, 32 lits): UNSAT in 0.01s
    cube 4029.253.739 (depth 2, 32 lits): UNSAT in 0.01s
    cube 4029.253.740 (depth 2, 31 lits): UNSAT in 0.01s
    cube 4029.253.741 (depth 2, 31 lits): UNSAT in 0.01s
    cube 4029.253.742 (depth 2, 32 lits): UNSAT in 0.01s
    cube 4029.253.743 (depth 2, 32 lits): UNSAT in 0.02s
    cube 4029.253.744 (depth 2, 31 lits): UNSAT in 0.01s
    cube 4029.253.745 (depth 2, 31 lits): UNSAT in 0.01s
    cube 4029.253.746 (depth 2, 32 lits): UNSAT in 0.01s
    cube 4029.253.747 (depth 2, 32 lits): UNSAT in 0.02s
    cube 4029.253.748 (depth 2, 32 lits): UNSAT in 0.01s
    cube 4029.253.749 (depth 2, 32 lits): UNSAT in 0.01s
    cube 4029.253.750 (depth 2, 30 lits): UNSAT in 0.01s
    cube 4029.253.751 (depth 2, 31 lits): UNSAT in 0.02s
    cube 4029.253.752 (depth 2, 32 lits): UNSAT in 0.01s
    cube 4029.253.753 (depth 2, 32 lits): UNSAT in 0.04s
    cube 4029.253.754 (depth 2, 32 lits): UNSAT in 0.01s
    cube 4029.253.755 (depth 2, 32 lits): UNSAT in 0.02s
    cube 4029.253.756 (depth 2, 32 lits): UNSAT in 0.01s
    cube 4029.253.757 (depth 2, 32 lits): UNSAT in 0.02s
    cube 4029.253.758 (depth 2, 32 lits): UNSAT in 0.03s
    cube 4029.253.759 (depth 2, 32 lits): UNSAT in 0.04s
    cube 4029.253.760 (depth 2, 32 lits): UNSAT in 0.08s
    cube 4029.253.761 (depth 2, 32 lits): UNSAT in 0.20s
    cube 4029.253.762 (depth 2, 30 lits): UNSAT in 0.01s
    cube 4029.253.763 (depth 2, 32 lits): UNSAT in 0.01s
    cube 4029.253.764 (depth 2, 32 lits): UNSAT in 0.01s
    cube 4029.253.765 (depth 2, 32 lits): UNSAT in 0.01s
    cube 4029.253.766 (depth 2, 32 lits): UNSAT in 0.02s
    cube 4029.253.767 (depth 2, 31 lits): UNSAT in 0.01s
    cube 4029.253.768 (depth 2, 31 lits): UNSAT in 0.02s
    cube 4029.253.769 (depth 2, 32 lits): UNSAT in 0.01s
    cube 4029.253.770 (depth 2, 32 lits): UNSAT in 0.01s
    cube 4029.253.771 (depth 2, 32 lits): UNSAT in 0.02s
    cube 4029.253.772 (depth 2, 32 lits): UNSAT in 0.06s
    cube 4029.253.773 (depth 2, 32 lits): UNSAT in 0.01s
    cube 4029.253.774 (depth 2, 32 lits): UNSAT in 0.01s
    cube 4029.253.775 (depth 2, 32 lits): UNSAT in 0.03s
    cube 4029.253.776 (depth 2, 32 lits): UNSAT in 0.03s
    cube 4029.253.777 (depth 2, 32 lits): UNSAT in 0.02s
    cube 4029.253.778 (depth 2, 32 lits): UNSAT in 0.03s
    cube 4029.253.779 (depth 2, 32 lits): UNSAT in 0.02s
    cube 4029.253.780 (depth 2, 32 lits): UNSAT in 0.07s
    cube 4029.253.781 (depth 2, 32 lits): UNSAT in 0.01s
    cube 4029.253.782 (depth 2, 32 lits): UNSAT in 0.02s
    cube 4029.253.783 (depth 2, 32 lits): UNSAT in 0.04s
    cube 4029.253.784 (depth 2, 32 lits): UNSAT in 0.03s
    cube 4029.253.785 (depth 2, 32 lits): UNSAT in 0.03s
    cube 4029.253.786 (depth 2, 32 lits): UNSAT in 0.03s
    cube 4029.253.787 (depth 2, 32 lits): UNSAT in 0.01s
    cube 4029.253.788 (depth 2, 32 lits): UNSAT in 0.26s
    cube 4029.253.789 (depth 2, 31 lits): UNSAT in 0.01s
    cube 4029.253.790 (depth 2, 32 lits): UNSAT in 0.01s
    cube 4029.253.791 (depth 2, 32 lits): UNSAT in 0.02s
    cube 4029.253.792 (depth 2, 32 lits): UNSAT in 0.01s
    cube 4029.253.793 (depth 2, 32 lits): UNSAT in 0.01s
    cube 4029.253.794 (depth 2, 32 lits): UNSAT in 0.01s
    cube 4029.253.795 (depth 2, 32 lits): UNSAT in 0.04s
    cube 4029.253.796 (depth 2, 32 lits): UNSAT in 0.02s
    cube 4029.253.797 (depth 2, 32 lits): UNSAT in 0.01s
    cube 4029.253.798 (depth 2, 32 lits): UNSAT in 0.03s
    cube 4029.253.799 (depth 2, 32 lits): UNSAT in 0.13s
    cube 4029.253.800 (depth 2, 32 lits): UNSAT in 0.02s
    cube 4029.253.801 (depth 2, 32 lits): UNSAT in 0.04s
    cube 4029.253.802 (depth 2, 32 lits): UNSAT in 0.04s
    cube 4029.253.803 (depth 2, 32 lits): UNSAT in 0.16s
    cube 4029.253.804 (depth 2, 32 lits): UNSAT in 0.02s
    cube 4029.253.805 (depth 2, 32 lits): UNSAT in 0.02s
    cube 4029.253.806 (depth 2, 32 lits): UNSAT in 0.02s
    cube 4029.253.807 (depth 2, 32 lits): UNSAT in 0.09s
    cube 4029.253.808 (depth 2, 32 lits): UNSAT in 0.03s
    cube 4029.253.809 (depth 2, 32 lits): UNSAT in 0.10s
    cube 4029.253.810 (depth 2, 32 lits): UNSAT in 0.04s
    cube 4029.253.811 (depth 2, 32 lits): UNSAT in 0.19s
    cube 4029.253.812 (depth 2, 32 lits): UNSAT in 0.01s
    cube 4029.253.813 (depth 2, 32 lits): UNSAT in 0.04s
    cube 4029.253.814 (depth 2, 32 lits): UNSAT in 0.02s
    cube 4029.253.815 (depth 2, 32 lits): UNSAT in 0.16s
    cube 4029.253.816 (depth 2, 32 lits): UNSAT in 0.04s
    cube 4029.253.817 (depth 2, 32 lits): UNSAT in 0.16s
    cube 4029.253.818 (depth 2, 32 lits): UNSAT in 0.02s
    cube 4029.253.819 (depth 2, 32 lits): UNSAT in 0.48s
    cube 4029.253.820 (depth 2, 32 lits): UNSAT in 0.01s
    cube 4029.253.821 (depth 2, 32 lits): UNSAT in 0.02s
    cube 4029.253.822 (depth 2, 32 lits): UNSAT in 0.04s
    cube 4029.253.823 (depth 2, 32 lits): UNSAT in 0.10s
    cube 4029.253.824 (depth 2, 32 lits): UNSAT in 0.03s
    cube 4029.253.825 (depth 2, 32 lits): UNSAT in 0.27s
    cube 4029.253.826 (depth 2, 32 lits): UNSAT in 0.11s
    cube 4029.253.827 (depth 2, 32 lits): UNSAT in 0.70s
    cube 4029.253.828 (depth 2, 32 lits): UNSAT in 0.05s
    cube 4029.253.829 (depth 2, 32 lits): UNSAT in 0.12s
    cube 4029.253.830 (depth 2, 32 lits): UNSAT in 0.11s
    cube 4029.253.831 (depth 2, 32 lits): UNSAT in 0.53s
    cube 4029.253.832 (depth 2, 32 lits): UNSAT in 0.35s
    cube 4029.253.833 (depth 2, 32 lits): UNSAT in 0.51s
    cube 4029.253.834 (depth 2, 32 lits): UNSAT in 0.76s
    cube 4029.253.835 (depth 2, 32 lits): UNSAT in 4.11s
    cube 4029.253.836 (depth 2, 32 lits): UNSAT in 0.02s
    cube 4029.253.837 (depth 2, 32 lits): UNSAT in 0.06s
    cube 4029.253.838 (depth 2, 32 lits): UNSAT in 0.09s
    cube 4029.253.839 (depth 2, 32 lits): UNSAT in 0.24s
    cube 4029.253.840 (depth 2, 32 lits): UNSAT in 0.09s
    cube 4029.253.841 (depth 2, 32 lits): UNSAT in 0.56s
    cube 4029.253.842 (depth 2, 32 lits): UNSAT in 0.48s
    cube 4029.253.843 (depth 2, 32 lits): UNSAT in 2.86s
    cube 4029.253.844 (depth 2, 32 lits): UNSAT in 0.11s
    cube 4029.253.845 (depth 2, 32 lits): UNSAT in 1.97s
    cube 4029.253.846 (depth 2, 32 lits): UNSAT in 0.67s
    cube 4029.253.847 (depth 2, 32 lits): UNSAT in 3.21s
    cube 4029.253.848 (depth 2, 32 lits): UNSAT in 2.00s
    cube 4029.253.849 (depth 2, 32 lits): UNSAT in 4.28s
    cube 4029.253.850 (depth 2, 32 lits): UNSAT in 7.37s
    cube 4029.253.851 (depth 2, 32 lits): UNSAT in 38.84s
    cube 4029.254 (depth 1, 22 lits): UNSAT in 0.01s
    cube 4029.255 (depth 1, 22 lits): UNSAT in 0.02s
    cube 4029.256 (depth 1, 22 lits): UNSAT in 0.02s
    cube 4029.257 (depth 1, 22 lits): UNSAT in 0.05s
    cube 4029.258 (depth 1, 22 lits): UNSAT in 0.02s
    cube 4029.259 (depth 1, 22 lits): UNSAT in 0.03s
    cube 4029.260 (depth 1, 22 lits): UNSAT in 0.04s
    cube 4029.261 (depth 1, 22 lits): UNSAT in 0.14s
    cube 4029.262 (depth 1, 21 lits): UNSAT in 0.02s
    cube 4029.263 (depth 1, 22 lits): UNSAT in 0.01s
    cube 4029.264 (depth 1, 22 lits): UNSAT in 0.04s
    cube 4029.265 (depth 1, 22 lits): UNSAT in 0.09s
    cube 4029.266 (depth 1, 22 lits): UNSAT in 0.37s
    cube 4029.267 (depth 1, 22 lits): UNSAT in 0.38s
    cube 4029.268 (depth 1, 22 lits): UNSAT in 1.37s
    cube 4029.269 (depth 1, 22 lits): UNSAT in 0.01s
    cube 4029.270 (depth 1, 22 lits): UNSAT in 0.03s
    cube 4029.271 (depth 1, 22 lits): UNSAT in 0.04s
    cube 4029.272 (depth 1, 22 lits): UNSAT in 0.06s
    cube 4029.273 (depth 1, 22 lits): UNSAT in 0.02s
    cube 4029.274 (depth 1, 22 lits): UNSAT in 0.06s
    cube 4029.275 (depth 1, 22 lits): UNSAT in 0.12s
    cube 4029.276 (depth 1, 22 lits): UNSAT in 0.40s
    cube 4029.277 (depth 1, 22 lits): UNSAT in 0.04s
    cube 4029.278 (depth 1, 22 lits): UNSAT in 0.17s
    cube 4029.279 (depth 1, 22 lits): UNSAT in 0.13s
    cube 4029.280 (depth 1, 22 lits): UNSAT in 0.50s
    cube 4029.281 (depth 1, 22 lits): UNSAT in 0.26s
    cube 4029.282 (depth 1, 22 lits): UNSAT in 0.56s
    cube 4029.283 (depth 1, 22 lits): UNSAT in 0.46s
    cube 4029.284 (depth 1, 22 lits): UNSAT in 3.04s
    cube 4029.285 (depth 1, 22 lits): UNSAT in 0.02s
    cube 4029.286 (depth 1, 22 lits): UNSAT in 0.05s
    cube 4029.287 (depth 1, 22 lits): UNSAT in 0.06s
    cube 4029.288 (depth 1, 22 lits): UNSAT in 0.15s
    cube 4029.289 (depth 1, 22 lits): UNSAT in 0.02s
    cube 4029.290 (depth 1, 22 lits): UNSAT in 0.08s
    cube 4029.291 (depth 1, 22 lits): UNSAT in 0.31s
    cube 4029.292 (depth 1, 22 lits): UNSAT in 1.04s
    cube 4029.293 (depth 1, 22 lits): UNSAT in 0.04s
    cube 4029.294 (depth 1, 22 lits): UNSAT in 0.14s
    cube 4029.295 (depth 1, 22 lits): UNSAT in 0.28s
    cube 4029.296 (depth 1, 22 lits): UNSAT in 0.83s
    cube 4029.297 (depth 1, 22 lits): UNSAT in 0.13s
    cube 4029.298 (depth 1, 22 lits): UNSAT in 0.40s
    cube 4029.299 (depth 1, 22 lits): UNSAT in 0.38s
    cube 4029.300 (depth 1, 22 lits): UNSAT in 3.12s
    cube 4029.301 (depth 1, 22 lits): UNSAT in 0.08s
    cube 4029.302 (depth 1, 22 lits): UNSAT in 0.17s
    cube 4029.303 (depth 1, 22 lits): UNSAT in 0.02s
    cube 4029.304 (depth 1, 22 lits): UNSAT in 0.82s
    cube 4029.305 (depth 1, 22 lits): UNSAT in 0.05s
    cube 4029.306 (depth 1, 22 lits): UNSAT in 0.18s
    cube 4029.307 (depth 1, 22 lits): UNSAT in 0.39s
    cube 4029.308 (depth 1, 22 lits): UNSAT in 1.84s
    cube 4029.309 (depth 1, 22 lits): UNSAT in 0.26s
    cube 4029.310 (depth 1, 22 lits): UNSAT in 0.66s
    cube 4029.311 (depth 1, 22 lits): UNSAT in 0.50s
    cube 4029.312 (depth 1, 22 lits): UNSAT in 4.08s
    cube 4029.313 (depth 1, 22 lits): UNSAT in 1.24s
    cube 4029.314 (depth 1, 22 lits): UNSAT in 4.31s
    cube 4029.315 (depth 1, 22 lits): UNSAT in 10.08s
    cube 4029.316 (depth 1, 22 lits): UNSAT in 186.40s
    cube 4029.317 (depth 1, 22 lits): UNSAT in 0.02s
    cube 4029.318 (depth 1, 22 lits): UNSAT in 0.02s
    cube 4029.319 (depth 1, 22 lits): UNSAT in 0.03s
    cube 4029.320 (depth 1, 22 lits): UNSAT in 0.06s
    cube 4029.321 (depth 1, 22 lits): UNSAT in 0.02s
    cube 4029.322 (depth 1, 22 lits): UNSAT in 0.05s
    cube 4029.323 (depth 1, 22 lits): UNSAT in 0.07s
    cube 4029.324 (depth 1, 22 lits): UNSAT in 0.14s
    cube 4029.325 (depth 1, 22 lits): UNSAT in 0.04s
    cube 4029.326 (depth 1, 22 lits): UNSAT in 0.06s
    cube 4029.327 (depth 1, 22 lits): UNSAT in 0.07s
    cube 4029.328 (depth 1, 22 lits): UNSAT in 0.28s
    cube 4029.329 (depth 1, 22 lits): UNSAT in 0.03s
    cube 4029.330 (depth 1, 22 lits): UNSAT in 0.12s
    cube 4029.331 (depth 1, 22 lits): UNSAT in 0.10s
    cube 4029.332 (depth 1, 22 lits): UNSAT in 1.38s
    cube 4029.333 (depth 1, 22 lits): UNSAT in 0.02s
    cube 4029.334 (depth 1, 22 lits): UNSAT in 0.06s
    cube 4029.335 (depth 1, 22 lits): UNSAT in 0.11s
    cube 4029.336 (depth 1, 22 lits): UNSAT in 0.24s
    cube 4029.337 (depth 1, 22 lits): UNSAT in 0.07s
    cube 4029.338 (depth 1, 22 lits): UNSAT in 0.32s
    cube 4029.339 (depth 1, 22 lits): UNSAT in 0.38s
    cube 4029.340 (depth 1, 22 lits): UNSAT in 2.39s
    cube 4029.341 (depth 1, 22 lits): UNSAT in 0.08s
    cube 4029.342 (depth 1, 22 lits): UNSAT in 0.26s
    cube 4029.343 (depth 1, 22 lits): UNSAT in 0.29s
    cube 4029.344 (depth 1, 22 lits): UNSAT in 1.23s
    cube 4029.345 (depth 1, 22 lits): UNSAT in 0.42s
    cube 4029.346 (depth 1, 22 lits): UNSAT in 2.04s
    cube 4029.347 (depth 1, 22 lits): UNSAT in 0.84s
    cube 4029.348 (depth 1, 22 lits): UNSAT in 6.63s
    cube 4029.349 (depth 1, 22 lits): UNSAT in 0.06s
    cube 4029.350 (depth 1, 22 lits): UNSAT in 0.14s
    cube 4029.351 (depth 1, 22 lits): UNSAT in 0.17s
    cube 4029.352 (depth 1, 22 lits): UNSAT in 1.25s
    cube 4029.353 (depth 1, 22 lits): UNSAT in 0.07s
    cube 4029.354 (depth 1, 22 lits): UNSAT in 0.79s
    cube 4029.355 (depth 1, 22 lits): UNSAT in 0.95s
    cube 4029.356 (depth 1, 22 lits): UNSAT in 2.16s
    cube 4029.357 (depth 1, 22 lits): UNSAT in 0.04s
    cube 4029.358 (depth 1, 22 lits): UNSAT in 0.28s
    cube 4029.359 (depth 1, 22 lits): UNSAT in 0.27s
    cube 4029.360 (depth 1, 22 lits): UNSAT in 5.34s
    cube 4029.361 (depth 1, 22 lits): UNSAT in 0.20s
    cube 4029.362 (depth 1, 22 lits): UNSAT in 1.26s
    cube 4029.363 (depth 1, 22 lits): UNSAT in 2.89s
    cube 4029.364 (depth 1, 22 lits): UNSAT in 36.66s
    cube 4029.365 (depth 1, 22 lits): UNSAT in 0.11s
    cube 4029.366 (depth 1, 22 lits): UNSAT in 0.84s
    cube 4029.367 (depth 1, 22 lits): UNSAT in 0.41s
    cube 4029.368 (depth 1, 22 lits): UNSAT in 7.18s
    cube 4029.369 (depth 1, 22 lits): UNSAT in 0.90s
    cube 4029.370 (depth 1, 22 lits): UNSAT in 18.80s
    cube 4029.371 (depth 1, 22 lits): UNSAT in 4.21s
    cube 4029.372 (depth 1, 22 lits): UNSAT in 112.89s
    cube 4029.373 (depth 1, 22 lits): UNSAT in 0.64s
    cube 4029.374 (depth 1, 22 lits): UNSAT in 9.18s
    cube 4029.375 (depth 1, 22 lits): UNSAT in 3.53s
    cube 4029.376 (depth 1, 22 lits): UNSAT in 138.39s
    cube 4029.377 (depth 1, 22 lits): UNSAT in 17.84s
    cube 4029.378 (depth 1, 22 lits): UNSAT in 345.42s
    cube 4029.379 (depth 1, 22 lits): UNSAT in 641.89s
    cube 4029.380 (depth 1, 22 lits): TIMEOUT in 1200.10s
    cube 4029.380 TIMEOUT -> re-split into 960 sub-cubes (depth 2)
    cube 4029.380.0 (depth 2, 32 lits): UNSAT in 0.01s
    cube 4029.380.1 (depth 2, 32 lits): UNSAT in 0.01s
    cube 4029.380.2 (depth 2, 32 lits): UNSAT in 0.02s
    cube 4029.380.3 (depth 2, 32 lits): UNSAT in 0.02s
    cube 4029.380.4 (depth 2, 32 lits): UNSAT in 0.02s
    cube 4029.380.5 (depth 2, 32 lits): UNSAT in 0.02s
    cube 4029.380.6 (depth 2, 32 lits): UNSAT in 0.02s
    cube 4029.380.7 (depth 2, 32 lits): UNSAT in 0.02s
    cube 4029.380.8 (depth 2, 32 lits): UNSAT in 0.02s
    cube 4029.380.9 (depth 2, 32 lits): UNSAT in 0.02s
    cube 4029.380.10 (depth 2, 32 lits): UNSAT in 0.02s
    cube 4029.380.11 (depth 2, 32 lits): UNSAT in 0.02s
    cube 4029.380.12 (depth 2, 32 lits): UNSAT in 0.01s
    cube 4029.380.13 (depth 2, 32 lits): UNSAT in 0.01s
    cube 4029.380.14 (depth 2, 32 lits): UNSAT in 0.01s
    cube 4029.380.15 (depth 2, 32 lits): UNSAT in 0.02s
    cube 4029.380.16 (depth 2, 32 lits): UNSAT in 0.01s
    cube 4029.380.17 (depth 2, 32 lits): UNSAT in 0.01s
    cube 4029.380.18 (depth 2, 32 lits): UNSAT in 0.01s
    cube 4029.380.19 (depth 2, 32 lits): UNSAT in 0.02s
    cube 4029.380.20 (depth 2, 32 lits): UNSAT in 0.02s
    cube 4029.380.21 (depth 2, 32 lits): UNSAT in 0.02s
    cube 4029.380.22 (depth 2, 32 lits): UNSAT in 0.03s
    cube 4029.380.23 (depth 2, 32 lits): UNSAT in 0.03s
    cube 4029.380.24 (depth 2, 32 lits): UNSAT in 0.02s
    cube 4029.380.25 (depth 2, 32 lits): UNSAT in 0.03s
    cube 4029.380.26 (depth 2, 32 lits): UNSAT in 0.03s
    cube 4029.380.27 (depth 2, 32 lits): UNSAT in 0.04s
    cube 4029.380.28 (depth 2, 32 lits): UNSAT in 0.02s
    cube 4029.380.29 (depth 2, 32 lits): UNSAT in 0.02s
    cube 4029.380.30 (depth 2, 32 lits): UNSAT in 0.02s
    cube 4029.380.31 (depth 2, 32 lits): UNSAT in 0.03s
    cube 4029.380.32 (depth 2, 32 lits): UNSAT in 0.01s
    cube 4029.380.33 (depth 2, 32 lits): UNSAT in 0.01s
    cube 4029.380.34 (depth 2, 32 lits): UNSAT in 0.01s
    cube 4029.380.35 (depth 2, 32 lits): UNSAT in 0.02s
    cube 4029.380.36 (depth 2, 32 lits): UNSAT in 0.01s
    cube 4029.380.37 (depth 2, 32 lits): UNSAT in 0.02s
    cube 4029.380.38 (depth 2, 32 lits): UNSAT in 0.02s
    cube 4029.380.39 (depth 2, 32 lits): UNSAT in 0.02s
    cube 4029.380.40 (depth 2, 32 lits): UNSAT in 0.02s
    cube 4029.380.41 (depth 2, 32 lits): UNSAT in 0.04s
    cube 4029.380.42 (depth 2, 32 lits): UNSAT in 0.06s
    cube 4029.380.43 (depth 2, 32 lits): UNSAT in 0.10s
    cube 4029.380.44 (depth 2, 32 lits): UNSAT in 0.03s
    cube 4029.380.45 (depth 2, 32 lits): UNSAT in 0.07s
    cube 4029.380.46 (depth 2, 32 lits): UNSAT in 0.10s
    cube 4029.380.47 (depth 2, 32 lits): UNSAT in 0.24s
    cube 4029.380.48 (depth 2, 32 lits): UNSAT in 0.02s
    cube 4029.380.49 (depth 2, 32 lits): UNSAT in 0.02s
    cube 4029.380.50 (depth 2, 32 lits): UNSAT in 0.02s
    cube 4029.380.51 (depth 2, 32 lits): UNSAT in 0.03s
    cube 4029.380.52 (depth 2, 32 lits): UNSAT in 0.03s
    cube 4029.380.53 (depth 2, 32 lits): UNSAT in 0.05s
    cube 4029.380.54 (depth 2, 32 lits): UNSAT in 0.03s
    cube 4029.380.55 (depth 2, 32 lits): UNSAT in 0.02s
    cube 4029.380.56 (depth 2, 32 lits): UNSAT in 0.02s
    cube 4029.380.57 (depth 2, 32 lits): UNSAT in 0.03s
    cube 4029.380.58 (depth 2, 32 lits): UNSAT in 0.03s
    cube 4029.380.59 (depth 2, 32 lits): UNSAT in 0.05s
    cube 4029.380.60 (depth 2, 32 lits): UNSAT in 0.03s
    cube 4029.380.61 (depth 2, 32 lits): UNSAT in 0.03s
    cube 4029.380.62 (depth 2, 32 lits): UNSAT in 0.03s
    cube 4029.380.63 (depth 2, 32 lits): UNSAT in 0.04s
    cube 4029.380.64 (depth 2, 32 lits): UNSAT in 0.01s
    cube 4029.380.65 (depth 2, 32 lits): UNSAT in 0.02s
    cube 4029.380.66 (depth 2, 32 lits): UNSAT in 0.02s
    cube 4029.380.67 (depth 2, 32 lits): UNSAT in 0.02s
    cube 4029.380.68 (depth 2, 32 lits): UNSAT in 0.01s
    cube 4029.380.69 (depth 2, 32 lits): UNSAT in 0.02s
    cube 4029.380.70 (depth 2, 32 lits): UNSAT in 0.02s
    cube 4029.380.71 (depth 2, 32 lits): UNSAT in 0.02s
    cube 4029.380.72 (depth 2, 32 lits): UNSAT in 0.01s
    cube 4029.380.73 (depth 2, 32 lits): UNSAT in 0.03s
    cube 4029.380.74 (depth 2, 32 lits): UNSAT in 0.04s
    cube 4029.380.75 (depth 2, 32 lits): UNSAT in 0.06s
    cube 4029.380.76 (depth 2, 32 lits): UNSAT in 0.04s
    cube 4029.380.77 (depth 2, 32 lits): UNSAT in 0.07s
    cube 4029.380.78 (depth 2, 32 lits): UNSAT in 0.06s
    cube 4029.380.79 (depth 2, 32 lits): UNSAT in 0.09s
    cube 4029.380.80 (depth 2, 32 lits): UNSAT in 0.01s
    cube 4029.380.81 (depth 2, 32 lits): UNSAT in 0.01s
    cube 4029.380.82 (depth 2, 32 lits): UNSAT in 0.03s
    cube 4029.380.83 (depth 2, 32 lits): UNSAT in 0.03s
    cube 4029.380.84 (depth 2, 32 lits): UNSAT in 0.02s
    cube 4029.380.85 (depth 2, 32 lits): UNSAT in 0.02s
    cube 4029.380.86 (depth 2, 32 lits): UNSAT in 0.02s
    cube 4029.380.87 (depth 2, 32 lits): UNSAT in 0.02s
    cube 4029.380.88 (depth 2, 32 lits): UNSAT in 0.03s
    cube 4029.380.89 (depth 2, 32 lits): UNSAT in 0.05s
    cube 4029.380.90 (depth 2, 32 lits): UNSAT in 0.03s
    cube 4029.380.91 (depth 2, 32 lits): UNSAT in 0.06s
    cube 4029.380.92 (depth 2, 32 lits): UNSAT in 0.04s
    cube 4029.380.93 (depth 2, 32 lits): UNSAT in 0.05s
    cube 4029.380.94 (depth 2, 32 lits): UNSAT in 0.02s
    cube 4029.380.95 (depth 2, 32 lits): UNSAT in 0.03s
    cube 4029.380.96 (depth 2, 32 lits): UNSAT in 0.03s
    cube 4029.380.97 (depth 2, 32 lits): UNSAT in 0.04s
    cube 4029.380.98 (depth 2, 32 lits): UNSAT in 0.04s
    cube 4029.380.99 (depth 2, 32 lits): UNSAT in 0.06s
    cube 4029.380.100 (depth 2, 32 lits): UNSAT in 0.03s
    cube 4029.380.101 (depth 2, 32 lits): UNSAT in 0.04s
    cube 4029.380.102 (depth 2, 32 lits): UNSAT in 0.03s
    cube 4029.380.103 (depth 2, 32 lits): UNSAT in 0.03s
    cube 4029.380.104 (depth 2, 32 lits): UNSAT in 0.04s
    cube 4029.380.105 (depth 2, 32 lits): UNSAT in 0.05s
    cube 4029.380.106 (depth 2, 32 lits): UNSAT in 0.03s
    cube 4029.380.107 (depth 2, 32 lits): UNSAT in 0.03s
    cube 4029.380.108 (depth 2, 32 lits): UNSAT in 0.07s
    cube 4029.380.109 (depth 2, 32 lits): UNSAT in 0.07s
    cube 4029.380.110 (depth 2, 32 lits): UNSAT in 0.04s
    cube 4029.380.111 (depth 2, 32 lits): UNSAT in 0.12s
    cube 4029.380.112 (depth 2, 32 lits): UNSAT in 0.01s
    cube 4029.380.113 (depth 2, 32 lits): UNSAT in 0.03s
    cube 4029.380.114 (depth 2, 32 lits): UNSAT in 0.02s
    cube 4029.380.115 (depth 2, 32 lits): UNSAT in 0.10s
    cube 4029.380.116 (depth 2, 32 lits): UNSAT in 0.03s
    cube 4029.380.117 (depth 2, 32 lits): UNSAT in 0.08s
    cube 4029.380.118 (depth 2, 32 lits): UNSAT in 0.04s
    cube 4029.380.119 (depth 2, 32 lits): UNSAT in 0.05s
    cube 4029.380.120 (depth 2, 32 lits): UNSAT in 0.04s
    cube 4029.380.121 (depth 2, 32 lits): UNSAT in 0.06s
    cube 4029.380.122 (depth 2, 32 lits): UNSAT in 0.04s
    cube 4029.380.123 (depth 2, 32 lits): UNSAT in 0.04s
    cube 4029.380.124 (depth 2, 32 lits): UNSAT in 0.12s
    cube 4029.380.125 (depth 2, 32 lits): UNSAT in 0.16s
    cube 4029.380.126 (depth 2, 32 lits): UNSAT in 0.11s
    cube 4029.380.127 (depth 2, 32 lits): UNSAT in 0.16s
    cube 4029.380.128 (depth 2, 31 lits): UNSAT in 0.01s
    cube 4029.380.129 (depth 2, 31 lits): UNSAT in 0.01s
    cube 4029.380.130 (depth 2, 31 lits): UNSAT in 0.01s
    cube 4029.380.131 (depth 2, 31 lits): UNSAT in 0.01s
    cube 4029.380.132 (depth 2, 32 lits): UNSAT in 0.01s
    cube 4029.380.133 (depth 2, 32 lits): UNSAT in 0.01s
    cube 4029.380.134 (depth 2, 31 lits): UNSAT in 0.01s
    cube 4029.380.135 (depth 2, 32 lits): UNSAT in 0.01s
    cube 4029.380.136 (depth 2, 32 lits): UNSAT in 0.01s
    cube 4029.380.137 (depth 2, 32 lits): UNSAT in 0.02s
    cube 4029.380.138 (depth 2, 32 lits): UNSAT in 0.03s
    cube 4029.380.139 (depth 2, 32 lits): UNSAT in 0.02s
    cube 4029.380.140 (depth 2, 32 lits): UNSAT in 0.02s
    cube 4029.380.141 (depth 2, 32 lits): UNSAT in 0.02s
    cube 4029.380.142 (depth 2, 32 lits): UNSAT in 0.02s
    cube 4029.380.143 (depth 2, 32 lits): UNSAT in 0.04s
    cube 4029.380.144 (depth 2, 32 lits): UNSAT in 0.05s
    cube 4029.380.145 (depth 2, 32 lits): UNSAT in 0.04s
    cube 4029.380.146 (depth 2, 32 lits): UNSAT in 0.05s
    cube 4029.380.147 (depth 2, 32 lits): UNSAT in 0.02s
    cube 4029.380.148 (depth 2, 32 lits): UNSAT in 0.04s
    cube 4029.380.149 (depth 2, 32 lits): UNSAT in 0.02s
    cube 4029.380.150 (depth 2, 32 lits): UNSAT in 0.03s
    cube 4029.380.151 (depth 2, 32 lits): UNSAT in 0.02s
    cube 4029.380.152 (depth 2, 32 lits): UNSAT in 0.02s
    cube 4029.380.153 (depth 2, 32 lits): UNSAT in 0.03s
    cube 4029.380.154 (depth 2, 32 lits): UNSAT in 0.03s
    cube 4029.380.155 (depth 2, 32 lits): UNSAT in 0.01s
    cube 4029.380.156 (depth 2, 32 lits): UNSAT in 0.01s
    cube 4029.380.157 (depth 2, 32 lits): UNSAT in 0.01s
    cube 4029.380.158 (depth 2, 32 lits): UNSAT in 0.03s
    cube 4029.380.159 (depth 2, 32 lits): UNSAT in 0.03s
    cube 4029.380.160 (depth 2, 32 lits): UNSAT in 0.03s
    cube 4029.380.161 (depth 2, 32 lits): UNSAT in 0.04s
    cube 4029.380.162 (depth 2, 32 lits): UNSAT in 0.06s
    cube 4029.380.163 (depth 2, 32 lits): UNSAT in 0.01s
    cube 4029.380.164 (depth 2, 32 lits): UNSAT in 0.03s
    cube 4029.380.165 (depth 2, 32 lits): UNSAT in 0.02s
    cube 4029.380.166 (depth 2, 32 lits): UNSAT in 0.03s
    cube 4029.380.167 (depth 2, 32 lits): UNSAT in 0.04s
    cube 4029.380.168 (depth 2, 32 lits): UNSAT in 0.07s
    cube 4029.380.169 (depth 2, 32 lits): UNSAT in 0.08s
    cube 4029.380.170 (depth 2, 32 lits): UNSAT in 0.08s
    cube 4029.380.171 (depth 2, 32 lits): UNSAT in 0.01s
    cube 4029.380.172 (depth 2, 32 lits): UNSAT in 0.01s
    cube 4029.380.173 (depth 2, 32 lits): UNSAT in 0.02s
    cube 4029.380.174 (depth 2, 32 lits): UNSAT in 0.02s
    cube 4029.380.175 (depth 2, 32 lits): UNSAT in 0.02s
    cube 4029.380.176 (depth 2, 32 lits): UNSAT in 0.04s
    cube 4029.380.177 (depth 2, 32 lits): UNSAT in 0.02s
    cube 4029.380.178 (depth 2, 32 lits): UNSAT in 0.07s
    cube 4029.380.179 (depth 2, 32 lits): UNSAT in 0.03s
    cube 4029.380.180 (depth 2, 32 lits): UNSAT in 0.06s
    cube 4029.380.181 (depth 2, 32 lits): UNSAT in 0.06s
    cube 4029.380.182 (depth 2, 32 lits): UNSAT in 0.15s
    cube 4029.380.183 (depth 2, 32 lits): UNSAT in 0.02s
    cube 4029.380.184 (depth 2, 32 lits): UNSAT in 0.12s
    cube 4029.380.185 (depth 2, 32 lits): UNSAT in 0.03s
    cube 4029.380.186 (depth 2, 32 lits): UNSAT in 0.10s
    cube 4029.380.187 (depth 2, 32 lits): UNSAT in 0.01s
    cube 4029.380.188 (depth 2, 32 lits): UNSAT in 0.02s
    cube 4029.380.189 (depth 2, 32 lits): UNSAT in 0.02s
    cube 4029.380.190 (depth 2, 32 lits): UNSAT in 0.03s
    cube 4029.380.191 (depth 2, 32 lits): UNSAT in 0.01s
    cube 4029.380.192 (depth 2, 32 lits): UNSAT in 0.02s
    cube 4029.380.193 (depth 2, 32 lits): UNSAT in 0.02s
    cube 4029.380.194 (depth 2, 32 lits): UNSAT in 0.02s
    cube 4029.380.195 (depth 2, 32 lits): UNSAT in 0.02s
    cube 4029.380.196 (depth 2, 32 lits): UNSAT in 0.03s
    cube 4029.380.197 (depth 2, 32 lits): UNSAT in 0.08s
    cube 4029.380.198 (depth 2, 32 lits): UNSAT in 0.11s
    cube 4029.380.199 (depth 2, 32 lits): UNSAT in 0.05s
    cube 4029.380.200 (depth 2, 32 lits): UNSAT in 0.09s
    cube 4029.380.201 (depth 2, 32 lits): UNSAT in 0.11s
    cube 4029.380.202 (depth 2, 32 lits): UNSAT in 0.20s
    cube 4029.380.203 (depth 2, 32 lits): UNSAT in 0.01s
    cube 4029.380.204 (depth 2, 32 lits): UNSAT in 0.01s
    cube 4029.380.205 (depth 2, 32 lits): UNSAT in 0.02s
    cube 4029.380.206 (depth 2, 32 lits): UNSAT in 0.10s
    cube 4029.380.207 (depth 2, 32 lits): UNSAT in 0.02s
    cube 4029.380.208 (depth 2, 32 lits): UNSAT in 0.11s
    cube 4029.380.209 (depth 2, 32 lits): UNSAT in 0.20s
    cube 4029.380.210 (depth 2, 32 lits): UNSAT in 0.29s
    cube 4029.380.211 (depth 2, 32 lits): UNSAT in 0.08s
    cube 4029.380.212 (depth 2, 32 lits): UNSAT in 0.11s
    cube 4029.380.213 (depth 2, 32 lits): UNSAT in 0.07s
    cube 4029.380.214 (depth 2, 32 lits): UNSAT in 0.10s
    cube 4029.380.215 (depth 2, 32 lits): UNSAT in 0.14s
    cube 4029.380.216 (depth 2, 32 lits): UNSAT in 0.29s
    cube 4029.380.217 (depth 2, 32 lits): UNSAT in 0.11s
    cube 4029.380.218 (depth 2, 32 lits): UNSAT in 0.34s
    cube 4029.380.219 (depth 2, 32 lits): UNSAT in 0.01s
    cube 4029.380.220 (depth 2, 32 lits): UNSAT in 0.01s
    cube 4029.380.221 (depth 2, 32 lits): UNSAT in 0.02s
    cube 4029.380.222 (depth 2, 32 lits): UNSAT in 0.06s
    cube 4029.380.223 (depth 2, 32 lits): UNSAT in 0.02s
    cube 4029.380.224 (depth 2, 32 lits): UNSAT in 0.10s
    cube 4029.380.225 (depth 2, 32 lits): UNSAT in 0.10s
    cube 4029.380.226 (depth 2, 32 lits): UNSAT in 0.13s
    cube 4029.380.227 (depth 2, 32 lits): UNSAT in 0.04s
    cube 4029.380.228 (depth 2, 32 lits): UNSAT in 0.09s
    cube 4029.380.229 (depth 2, 32 lits): UNSAT in 0.07s
    cube 4029.380.230 (depth 2, 32 lits): UNSAT in 0.18s
    cube 4029.380.231 (depth 2, 32 lits): UNSAT in 0.14s
    cube 4029.380.232 (depth 2, 32 lits): UNSAT in 0.33s
    cube 4029.380.233 (depth 2, 32 lits): UNSAT in 0.14s
    cube 4029.380.234 (depth 2, 32 lits): UNSAT in 0.55s
    cube 4029.380.235 (depth 2, 32 lits): UNSAT in 0.01s
    cube 4029.380.236 (depth 2, 32 lits): UNSAT in 0.02s
    cube 4029.380.237 (depth 2, 32 lits): UNSAT in 0.03s
    cube 4029.380.238 (depth 2, 32 lits): UNSAT in 0.12s
    cube 4029.380.239 (depth 2, 32 lits): UNSAT in 0.07s
    cube 4029.380.240 (depth 2, 32 lits): UNSAT in 0.13s
    cube 4029.380.241 (depth 2, 32 lits): UNSAT in 0.37s
    cube 4029.380.242 (depth 2, 32 lits): UNSAT in 0.18s
    cube 4029.380.243 (depth 2, 32 lits): UNSAT in 0.12s
    cube 4029.380.244 (depth 2, 32 lits): UNSAT in 0.16s
    cube 4029.380.245 (depth 2, 32 lits): UNSAT in 0.02s
    cube 4029.380.246 (depth 2, 32 lits): UNSAT in 0.07s
    cube 4029.380.247 (depth 2, 32 lits): UNSAT in 0.20s
    cube 4029.380.248 (depth 2, 32 lits): UNSAT in 0.46s
    cube 4029.380.249 (depth 2, 32 lits): UNSAT in 0.27s
    cube 4029.380.250 (depth 2, 32 lits): UNSAT in 0.31s
    cube 4029.380.251 (depth 2, 30 lits): UNSAT in 0.01s
    cube 4029.380.252 (depth 2, 32 lits): UNSAT in 0.01s
    cube 4029.380.253 (depth 2, 32 lits): UNSAT in 0.01s
    cube 4029.380.254 (depth 2, 31 lits): UNSAT in 0.01s
    cube 4029.380.255 (depth 2, 32 lits): UNSAT in 0.01s
    cube 4029.380.256 (depth 2, 32 lits): UNSAT in 0.01s
    cube 4029.380.257 (depth 2, 32 lits): UNSAT in 0.01s
    cube 4029.380.258 (depth 2, 32 lits): UNSAT in 0.02s
    cube 4029.380.259 (depth 2, 32 lits): UNSAT in 0.01s
    cube 4029.380.260 (depth 2, 32 lits): UNSAT in 0.01s
    cube 4029.380.261 (depth 2, 32 lits): UNSAT in 0.01s
    cube 4029.380.262 (depth 2, 32 lits): UNSAT in 0.01s
    cube 4029.380.263 (depth 2, 30 lits): UNSAT in 0.01s
    cube 4029.380.264 (depth 2, 31 lits): UNSAT in 0.01s
    cube 4029.380.265 (depth 2, 32 lits): UNSAT in 0.01s
    cube 4029.380.266 (depth 2, 32 lits): UNSAT in 0.01s
    cube 4029.380.267 (depth 2, 31 lits): UNSAT in 0.01s
    cube 4029.380.268 (depth 2, 32 lits): UNSAT in 0.01s
    cube 4029.380.269 (depth 2, 32 lits): UNSAT in 0.02s
    cube 4029.380.270 (depth 2, 32 lits): UNSAT in 0.01s
    cube 4029.380.271 (depth 2, 32 lits): UNSAT in 0.02s
    cube 4029.380.272 (depth 2, 32 lits): UNSAT in 0.01s
    cube 4029.380.273 (depth 2, 32 lits): UNSAT in 0.04s
    cube 4029.380.274 (depth 2, 30 lits): UNSAT in 0.01s
    cube 4029.380.275 (depth 2, 31 lits): UNSAT in 0.01s
    cube 4029.380.276 (depth 2, 31 lits): UNSAT in 0.01s
    cube 4029.380.277 (depth 2, 31 lits): UNSAT in 0.01s
    cube 4029.380.278 (depth 2, 32 lits): UNSAT in 0.01s
    cube 4029.380.279 (depth 2, 32 lits): UNSAT in 0.02s
    cube 4029.380.280 (depth 2, 32 lits): UNSAT in 0.01s
    cube 4029.380.281 (depth 2, 32 lits): UNSAT in 0.02s
    cube 4029.380.282 (depth 2, 32 lits): UNSAT in 0.03s
    cube 4029.380.283 (depth 2, 32 lits): UNSAT in 0.02s
    cube 4029.380.284 (depth 2, 31 lits): UNSAT in 0.01s
    cube 4029.380.285 (depth 2, 31 lits): UNSAT in 0.01s
    cube 4029.380.286 (depth 2, 32 lits): UNSAT in 0.01s
    cube 4029.380.287 (depth 2, 32 lits): UNSAT in 0.01s
    cube 4029.380.288 (depth 2, 31 lits): UNSAT in 0.01s
    cube 4029.380.289 (depth 2, 32 lits): UNSAT in 0.01s
    cube 4029.380.290 (depth 2, 32 lits): UNSAT in 0.02s
    cube 4029.380.291 (depth 2, 32 lits): UNSAT in 0.01s
    cube 4029.380.292 (depth 2, 32 lits): UNSAT in 0.01s
    cube 4029.380.293 (depth 2, 32 lits): UNSAT in 0.02s
    cube 4029.380.294 (depth 2, 32 lits): UNSAT in 0.02s
    cube 4029.380.295 (depth 2, 32 lits): UNSAT in 0.05s
    cube 4029.380.296 (depth 2, 32 lits): UNSAT in 0.09s
    cube 4029.380.297 (depth 2, 29 lits): UNSAT in 0.01s
    cube 4029.380.298 (depth 2, 32 lits): UNSAT in 0.01s
    cube 4029.380.299 (depth 2, 32 lits): UNSAT in 0.01s
    cube 4029.380.300 (depth 2, 31 lits): UNSAT in 0.01s
    cube 4029.380.301 (depth 2, 32 lits): UNSAT in 0.01s
    cube 4029.380.302 (depth 2, 32 lits): UNSAT in 0.01s
    cube 4029.380.303 (depth 2, 32 lits): UNSAT in 0.01s
    cube 4029.380.304 (depth 2, 32 lits): UNSAT in 0.01s
    cube 4029.380.305 (depth 2, 32 lits): UNSAT in 0.01s
    cube 4029.380.306 (depth 2, 32 lits): UNSAT in 0.01s
    cube 4029.380.307 (depth 2, 32 lits): UNSAT in 0.02s
    cube 4029.380.308 (depth 2, 32 lits): UNSAT in 0.02s
    cube 4029.380.309 (depth 2, 32 lits): UNSAT in 0.01s
    cube 4029.380.310 (depth 2, 32 lits): UNSAT in 0.02s
    cube 4029.380.311 (depth 2, 32 lits): UNSAT in 0.02s
    cube 4029.380.312 (depth 2, 32 lits): UNSAT in 0.04s
    cube 4029.380.313 (depth 2, 32 lits): UNSAT in 0.01s
    cube 4029.380.314 (depth 2, 32 lits): UNSAT in 0.01s
    cube 4029.380.315 (depth 2, 32 lits): UNSAT in 0.02s
    cube 4029.380.316 (depth 2, 32 lits): UNSAT in 0.06s
    cube 4029.380.317 (depth 2, 32 lits): UNSAT in 0.01s
    cube 4029.380.318 (depth 2, 32 lits): UNSAT in 0.02s
    cube 4029.380.319 (depth 2, 32 lits): UNSAT in 0.07s
    cube 4029.380.320 (depth 2, 32 lits): UNSAT in 0.06s
    cube 4029.380.321 (depth 2, 30 lits): UNSAT in 0.01s
    cube 4029.380.322 (depth 2, 32 lits): UNSAT in 0.01s
    cube 4029.380.323 (depth 2, 32 lits): UNSAT in 0.01s
    cube 4029.380.324 (depth 2, 32 lits): UNSAT in 0.01s
    cube 4029.380.325 (depth 2, 32 lits): UNSAT in 0.02s
    cube 4029.380.326 (depth 2, 31 lits): UNSAT in 0.01s
    cube 4029.380.327 (depth 2, 31 lits): UNSAT in 0.02s
    cube 4029.380.328 (depth 2, 31 lits): UNSAT in 0.02s
    cube 4029.380.329 (depth 2, 32 lits): UNSAT in 0.02s
    cube 4029.380.330 (depth 2, 32 lits): UNSAT in 0.03s
    cube 4029.380.331 (depth 2, 32 lits): UNSAT in 0.01s
    cube 4029.380.332 (depth 2, 32 lits): UNSAT in 0.01s
    cube 4029.380.333 (depth 2, 32 lits): UNSAT in 0.04s
    cube 4029.380.334 (depth 2, 32 lits): UNSAT in 0.03s
    cube 4029.380.335 (depth 2, 32 lits): UNSAT in 0.02s
    cube 4029.380.336 (depth 2, 32 lits): UNSAT in 0.06s
    cube 4029.380.337 (depth 2, 32 lits): UNSAT in 0.11s
    cube 4029.380.338 (depth 2, 32 lits): UNSAT in 0.22s
    cube 4029.380.339 (depth 2, 32 lits): UNSAT in 0.01s
    cube 4029.380.340 (depth 2, 32 lits): UNSAT in 0.04s
    cube 4029.380.341 (depth 2, 32 lits): UNSAT in 0.06s
    cube 4029.380.342 (depth 2, 32 lits): UNSAT in 0.16s
    cube 4029.380.343 (depth 2, 32 lits): UNSAT in 0.06s
    cube 4029.380.344 (depth 2, 32 lits): UNSAT in 0.20s
    cube 4029.380.345 (depth 2, 32 lits): UNSAT in 0.46s
    cube 4029.380.346 (depth 2, 32 lits): UNSAT in 0.47s
    cube 4029.380.347 (depth 2, 31 lits): UNSAT in 0.01s
    cube 4029.380.348 (depth 2, 31 lits): UNSAT in 0.01s
    cube 4029.380.349 (depth 2, 32 lits): UNSAT in 0.01s
    cube 4029.380.350 (depth 2, 32 lits): UNSAT in 0.02s
    cube 4029.380.351 (depth 2, 32 lits): UNSAT in 0.02s
    cube 4029.380.352 (depth 2, 32 lits): UNSAT in 0.02s
    cube 4029.380.353 (depth 2, 32 lits): UNSAT in 0.02s
    cube 4029.380.354 (depth 2, 32 lits): UNSAT in 0.02s
    cube 4029.380.355 (depth 2, 32 lits): UNSAT in 0.03s
    cube 4029.380.356 (depth 2, 32 lits): UNSAT in 0.02s
    cube 4029.380.357 (depth 2, 32 lits): UNSAT in 0.01s
    cube 4029.380.358 (depth 2, 32 lits): UNSAT in 0.02s
    cube 4029.380.359 (depth 2, 32 lits): UNSAT in 0.03s
    cube 4029.380.360 (depth 2, 32 lits): UNSAT in 0.04s
    cube 4029.380.361 (depth 2, 32 lits): UNSAT in 0.01s
    cube 4029.380.362 (depth 2, 32 lits): UNSAT in 0.02s
    cube 4029.380.363 (depth 2, 32 lits): UNSAT in 0.01s
    cube 4029.380.364 (depth 2, 32 lits): UNSAT in 0.02s
    cube 4029.380.365 (depth 2, 32 lits): UNSAT in 0.02s
    cube 4029.380.366 (depth 2, 32 lits): UNSAT in 0.04s
    cube 4029.380.367 (depth 2, 32 lits): UNSAT in 0.02s
    cube 4029.380.368 (depth 2, 32 lits): UNSAT in 0.08s
    cube 4029.380.369 (depth 2, 32 lits): UNSAT in 0.01s
    cube 4029.380.370 (depth 2, 32 lits): UNSAT in 0.01s
    cube 4029.380.371 (depth 2, 32 lits): UNSAT in 0.01s
    cube 4029.380.372 (depth 2, 32 lits): UNSAT in 0.01s
    cube 4029.380.373 (depth 2, 32 lits): UNSAT in 0.02s
    cube 4029.380.374 (depth 2, 32 lits): UNSAT in 0.03s
    cube 4029.380.375 (depth 2, 32 lits): UNSAT in 0.04s
    cube 4029.380.376 (depth 2, 32 lits): UNSAT in 0.14s
    cube 4029.380.377 (depth 2, 32 lits): UNSAT in 0.01s
    cube 4029.380.378 (depth 2, 32 lits): UNSAT in 0.01s
    cube 4029.380.379 (depth 2, 32 lits): UNSAT in 0.01s
    cube 4029.380.380 (depth 2, 32 lits): UNSAT in 0.01s
    cube 4029.380.381 (depth 2, 32 lits): UNSAT in 0.02s
    cube 4029.380.382 (depth 2, 32 lits): UNSAT in 0.02s
    cube 4029.380.383 (depth 2, 32 lits): UNSAT in 0.01s
    cube 4029.380.384 (depth 2, 32 lits): UNSAT in 0.13s
    cube 4029.380.385 (depth 2, 32 lits): UNSAT in 0.02s
    cube 4029.380.386 (depth 2, 32 lits): UNSAT in 0.03s
    cube 4029.380.387 (depth 2, 32 lits): UNSAT in 0.09s
    cube 4029.380.388 (depth 2, 32 lits): UNSAT in 0.18s
    cube 4029.380.389 (depth 2, 32 lits): UNSAT in 0.09s
    cube 4029.380.390 (depth 2, 32 lits): UNSAT in 0.23s
    cube 4029.380.391 (depth 2, 32 lits): UNSAT in 0.12s
    cube 4029.380.392 (depth 2, 32 lits): UNSAT in 0.27s
    cube 4029.380.393 (depth 2, 32 lits): UNSAT in 0.02s
    cube 4029.380.394 (depth 2, 32 lits): UNSAT in 0.03s
    cube 4029.380.395 (depth 2, 32 lits): UNSAT in 0.08s
    cube 4029.380.396 (depth 2, 32 lits): UNSAT in 0.05s
    cube 4029.380.397 (depth 2, 32 lits): UNSAT in 0.01s
    cube 4029.380.398 (depth 2, 32 lits): UNSAT in 0.12s
    cube 4029.380.399 (depth 2, 32 lits): UNSAT in 0.14s
    cube 4029.380.400 (depth 2, 32 lits): UNSAT in 0.23s
    cube 4029.380.401 (depth 2, 32 lits): UNSAT in 0.03s
    cube 4029.380.402 (depth 2, 32 lits): UNSAT in 0.13s
    cube 4029.380.403 (depth 2, 32 lits): UNSAT in 0.03s
    cube 4029.380.404 (depth 2, 32 lits): UNSAT in 0.66s
    cube 4029.380.405 (depth 2, 32 lits): UNSAT in 0.04s
    cube 4029.380.406 (depth 2, 32 lits): UNSAT in 0.72s
    cube 4029.380.407 (depth 2, 32 lits): UNSAT in 1.48s
    cube 4029.380.408 (depth 2, 32 lits): UNSAT in 2.61s
    cube 4029.380.409 (depth 2, 32 lits): UNSAT in 0.01s
    cube 4029.380.410 (depth 2, 32 lits): UNSAT in 0.02s
    cube 4029.380.411 (depth 2, 32 lits): UNSAT in 0.02s
    cube 4029.380.412 (depth 2, 32 lits): UNSAT in 0.05s
    cube 4029.380.413 (depth 2, 32 lits): UNSAT in 0.02s
    cube 4029.380.414 (depth 2, 32 lits): UNSAT in 0.02s
    cube 4029.380.415 (depth 2, 32 lits): UNSAT in 0.02s
    cube 4029.380.416 (depth 2, 32 lits): UNSAT in 0.07s
    cube 4029.380.417 (depth 2, 32 lits): UNSAT in 0.01s
    cube 4029.380.418 (depth 2, 32 lits): UNSAT in 0.01s
    cube 4029.380.419 (depth 2, 32 lits): UNSAT in 0.02s
    cube 4029.380.420 (depth 2, 32 lits): UNSAT in 0.04s
    cube 4029.380.421 (depth 2, 32 lits): UNSAT in 0.04s
    cube 4029.380.422 (depth 2, 32 lits): UNSAT in 0.05s
    cube 4029.380.423 (depth 2, 32 lits): UNSAT in 0.07s
    cube 4029.380.424 (depth 2, 32 lits): UNSAT in 0.21s
    cube 4029.380.425 (depth 2, 32 lits): UNSAT in 0.01s
    cube 4029.380.426 (depth 2, 32 lits): UNSAT in 0.02s
    cube 4029.380.427 (depth 2, 32 lits): UNSAT in 0.03s
    cube 4029.380.428 (depth 2, 32 lits): UNSAT in 0.02s
    cube 4029.380.429 (depth 2, 32 lits): UNSAT in 0.02s
    cube 4029.380.430 (depth 2, 32 lits): UNSAT in 0.03s
    cube 4029.380.431 (depth 2, 32 lits): UNSAT in 0.04s
    cube 4029.380.432 (depth 2, 32 lits): UNSAT in 0.12s
    cube 4029.380.433 (depth 2, 32 lits): UNSAT in 0.03s
    cube 4029.380.434 (depth 2, 32 lits): UNSAT in 0.07s
    cube 4029.380.435 (depth 2, 32 lits): UNSAT in 0.11s
    cube 4029.380.436 (depth 2, 32 lits): UNSAT in 0.24s
    cube 4029.380.437 (depth 2, 32 lits): UNSAT in 0.07s
    cube 4029.380.438 (depth 2, 32 lits): UNSAT in 0.20s
    cube 4029.380.439 (depth 2, 32 lits): UNSAT in 0.28s
    cube 4029.380.440 (depth 2, 32 lits): UNSAT in 3.95s
    cube 4029.380.441 (depth 2, 32 lits): UNSAT in 0.01s
    cube 4029.380.442 (depth 2, 32 lits): UNSAT in 0.02s
    cube 4029.380.443 (depth 2, 32 lits): UNSAT in 0.03s
    cube 4029.380.444 (depth 2, 32 lits): UNSAT in 0.03s
    cube 4029.380.445 (depth 2, 32 lits): UNSAT in 0.12s
    cube 4029.380.446 (depth 2, 32 lits): UNSAT in 0.18s
    cube 4029.380.447 (depth 2, 32 lits): UNSAT in 0.05s
    cube 4029.380.448 (depth 2, 32 lits): UNSAT in 0.18s
    cube 4029.380.449 (depth 2, 32 lits): UNSAT in 0.03s
    cube 4029.380.450 (depth 2, 32 lits): UNSAT in 0.06s
    cube 4029.380.451 (depth 2, 32 lits): UNSAT in 0.07s
    cube 4029.380.452 (depth 2, 32 lits): UNSAT in 0.35s
    cube 4029.380.453 (depth 2, 32 lits): UNSAT in 0.22s
    cube 4029.380.454 (depth 2, 32 lits): UNSAT in 0.57s
    cube 4029.380.455 (depth 2, 32 lits): UNSAT in 0.21s
    cube 4029.380.456 (depth 2, 32 lits): UNSAT in 3.13s
    cube 4029.380.457 (depth 2, 32 lits): UNSAT in 0.09s
    cube 4029.380.458 (depth 2, 32 lits): UNSAT in 0.08s
    cube 4029.380.459 (depth 2, 32 lits): UNSAT in 0.10s
    cube 4029.380.460 (depth 2, 32 lits): UNSAT in 0.19s
    cube 4029.380.461 (depth 2, 32 lits): UNSAT in 0.23s
    cube 4029.380.462 (depth 2, 32 lits): UNSAT in 1.08s
    cube 4029.380.463 (depth 2, 32 lits): UNSAT in 1.45s
    cube 4029.380.464 (depth 2, 32 lits): UNSAT in 7.22s
    cube 4029.380.465 (depth 2, 32 lits): UNSAT in 0.09s
    cube 4029.380.466 (depth 2, 32 lits): UNSAT in 0.24s
    cube 4029.380.467 (depth 2, 32 lits): UNSAT in 1.96s
    cube 4029.380.468 (depth 2, 32 lits): UNSAT in 17.75s
    cube 4029.380.469 (depth 2, 32 lits): UNSAT in 0.74s
    cube 4029.380.470 (depth 2, 32 lits): UNSAT in 28.74s
    cube 4029.380.471 (depth 2, 32 lits): UNSAT in 31.91s
    cube 4029.380.472 (depth 2, 32 lits): UNSAT in 52.39s
    cube 4029.380.473 (depth 2, 30 lits): UNSAT in 0.01s
    cube 4029.380.474 (depth 2, 30 lits): UNSAT in 0.01s
    cube 4029.380.475 (depth 2, 30 lits): UNSAT in 0.01s
    cube 4029.380.476 (depth 2, 31 lits): UNSAT in 0.02s
    cube 4029.380.477 (depth 2, 32 lits): UNSAT in 0.02s
    cube 4029.380.478 (depth 2, 32 lits): UNSAT in 0.01s
    cube 4029.380.479 (depth 2, 30 lits): UNSAT in 0.01s
    cube 4029.380.480 (depth 2, 31 lits): UNSAT in 0.01s
    cube 4029.380.481 (depth 2, 32 lits): UNSAT in 0.01s
    cube 4029.380.482 (depth 2, 32 lits): UNSAT in 0.01s
    cube 4029.380.483 (depth 2, 31 lits): UNSAT in 0.01s
    cube 4029.380.484 (depth 2, 32 lits): UNSAT in 0.02s
    cube 4029.380.485 (depth 2, 32 lits): UNSAT in 0.02s
    cube 4029.380.486 (depth 2, 32 lits): UNSAT in 0.01s
    cube 4029.380.487 (depth 2, 32 lits): UNSAT in 0.02s
    cube 4029.380.488 (depth 2, 32 lits): UNSAT in 0.03s
    cube 4029.380.489 (depth 2, 32 lits): UNSAT in 0.07s
    cube 4029.380.490 (depth 2, 31 lits): UNSAT in 0.01s
    cube 4029.380.491 (depth 2, 32 lits): UNSAT in 0.01s
    cube 4029.380.492 (depth 2, 32 lits): UNSAT in 0.01s
    cube 4029.380.493 (depth 2, 31 lits): UNSAT in 0.01s
    cube 4029.380.494 (depth 2, 31 lits): UNSAT in 0.01s
    cube 4029.380.495 (depth 2, 32 lits): UNSAT in 0.01s
    cube 4029.380.496 (depth 2, 32 lits): UNSAT in 0.01s
    cube 4029.380.497 (depth 2, 32 lits): UNSAT in 0.01s
    cube 4029.380.498 (depth 2, 32 lits): UNSAT in 0.02s
    cube 4029.380.499 (depth 2, 32 lits): UNSAT in 0.02s
    cube 4029.380.500 (depth 2, 32 lits): UNSAT in 0.01s
    cube 4029.380.501 (depth 2, 32 lits): UNSAT in 0.02s
    cube 4029.380.502 (depth 2, 32 lits): UNSAT in 0.05s
    cube 4029.380.503 (depth 2, 32 lits): UNSAT in 0.01s
    cube 4029.380.504 (depth 2, 32 lits): UNSAT in 0.01s
    cube 4029.380.505 (depth 2, 32 lits): UNSAT in 0.01s
    cube 4029.380.506 (depth 2, 32 lits): UNSAT in 0.02s
    cube 4029.380.507 (depth 2, 32 lits): UNSAT in 0.02s
    cube 4029.380.508 (depth 2, 32 lits): UNSAT in 0.04s
    cube 4029.380.509 (depth 2, 32 lits): UNSAT in 0.02s
    cube 4029.380.510 (depth 2, 32 lits): UNSAT in 0.02s
    cube 4029.380.511 (depth 2, 32 lits): UNSAT in 0.01s
    cube 4029.380.512 (depth 2, 32 lits): UNSAT in 0.01s
    cube 4029.380.513 (depth 2, 32 lits): UNSAT in 0.02s
    cube 4029.380.514 (depth 2, 32 lits): UNSAT in 0.03s
    cube 4029.380.515 (depth 2, 32 lits): UNSAT in 0.02s
    cube 4029.380.516 (depth 2, 32 lits): UNSAT in 0.03s
    cube 4029.380.517 (depth 2, 32 lits): UNSAT in 0.06s
    cube 4029.380.518 (depth 2, 32 lits): UNSAT in 0.08s
    cube 4029.380.519 (depth 2, 31 lits): UNSAT in 0.01s
    cube 4029.380.520 (depth 2, 32 lits): UNSAT in 0.01s
    cube 4029.380.521 (depth 2, 32 lits): UNSAT in 0.01s
    cube 4029.380.522 (depth 2, 32 lits): UNSAT in 0.01s
    cube 4029.380.523 (depth 2, 32 lits): UNSAT in 0.01s
    cube 4029.380.524 (depth 2, 32 lits): UNSAT in 0.02s
    cube 4029.380.525 (depth 2, 32 lits): UNSAT in 0.02s
    cube 4029.380.526 (depth 2, 31 lits): UNSAT in 0.01s
    cube 4029.380.527 (depth 2, 32 lits): UNSAT in 0.01s
    cube 4029.380.528 (depth 2, 32 lits): UNSAT in 0.02s
    cube 4029.380.529 (depth 2, 32 lits): UNSAT in 0.01s
    cube 4029.380.530 (depth 2, 32 lits): UNSAT in 0.02s
    cube 4029.380.531 (depth 2, 32 lits): UNSAT in 0.02s
    cube 4029.380.532 (depth 2, 32 lits): UNSAT in 0.02s
    cube 4029.380.533 (depth 2, 32 lits): UNSAT in 0.01s
    cube 4029.380.534 (depth 2, 32 lits): UNSAT in 0.01s
    cube 4029.380.535 (depth 2, 32 lits): UNSAT in 0.01s
    cube 4029.380.536 (depth 2, 32 lits): UNSAT in 0.01s
    cube 4029.380.537 (depth 2, 32 lits): UNSAT in 0.01s
    cube 4029.380.538 (depth 2, 32 lits): UNSAT in 0.02s
    cube 4029.380.539 (depth 2, 32 lits): UNSAT in 0.02s
    cube 4029.380.540 (depth 2, 32 lits): UNSAT in 0.02s
    cube 4029.380.541 (depth 2, 32 lits): UNSAT in 0.02s
    cube 4029.380.542 (depth 2, 32 lits): UNSAT in 0.02s
    cube 4029.380.543 (depth 2, 32 lits): UNSAT in 0.02s
    cube 4029.380.544 (depth 2, 32 lits): UNSAT in 0.04s
    cube 4029.380.545 (depth 2, 32 lits): UNSAT in 0.02s
    cube 4029.380.546 (depth 2, 32 lits): UNSAT in 0.03s
    cube 4029.380.547 (depth 2, 32 lits): UNSAT in 0.04s
    cube 4029.380.548 (depth 2, 32 lits): UNSAT in 0.09s
    cube 4029.380.549 (depth 2, 32 lits): UNSAT in 0.01s
    cube 4029.380.550 (depth 2, 32 lits): UNSAT in 0.01s
    cube 4029.380.551 (depth 2, 32 lits): UNSAT in 0.01s
    cube 4029.380.552 (depth 2, 32 lits): UNSAT in 0.02s
    cube 4029.380.553 (depth 2, 32 lits): UNSAT in 0.01s
    cube 4029.380.554 (depth 2, 32 lits): UNSAT in 0.02s
    cube 4029.380.555 (depth 2, 32 lits): UNSAT in 0.03s
    cube 4029.380.556 (depth 2, 32 lits): UNSAT in 0.11s
    cube 4029.380.557 (depth 2, 32 lits): UNSAT in 0.01s
    cube 4029.380.558 (depth 2, 32 lits): UNSAT in 0.03s
    cube 4029.380.559 (depth 2, 32 lits): UNSAT in 0.03s
    cube 4029.380.560 (depth 2, 32 lits): UNSAT in 0.03s
    cube 4029.380.561 (depth 2, 32 lits): UNSAT in 0.03s
    cube 4029.380.562 (depth 2, 32 lits): UNSAT in 0.04s
    cube 4029.380.563 (depth 2, 32 lits): UNSAT in 0.05s
    cube 4029.380.564 (depth 2, 32 lits): UNSAT in 0.25s
    cube 4029.380.565 (depth 2, 32 lits): UNSAT in 0.01s
    cube 4029.380.566 (depth 2, 32 lits): UNSAT in 0.02s
    cube 4029.380.567 (depth 2, 32 lits): UNSAT in 0.01s
    cube 4029.380.568 (depth 2, 32 lits): UNSAT in 0.05s
    cube 4029.380.569 (depth 2, 32 lits): UNSAT in 0.03s
    cube 4029.380.570 (depth 2, 32 lits): UNSAT in 0.08s
    cube 4029.380.571 (depth 2, 32 lits): UNSAT in 0.10s
    cube 4029.380.572 (depth 2, 32 lits): UNSAT in 0.10s
    cube 4029.380.573 (depth 2, 32 lits): UNSAT in 0.04s
    cube 4029.380.574 (depth 2, 32 lits): UNSAT in 0.19s
    cube 4029.380.575 (depth 2, 32 lits): UNSAT in 0.09s
    cube 4029.380.576 (depth 2, 32 lits): UNSAT in 0.50s
    cube 4029.380.577 (depth 2, 32 lits): UNSAT in 0.09s
    cube 4029.380.578 (depth 2, 32 lits): UNSAT in 0.73s
    cube 4029.380.579 (depth 2, 32 lits): UNSAT in 2.49s
    cube 4029.380.580 (depth 2, 32 lits): UNSAT in 2.59s
    cube 4029.380.581 (depth 2, 32 lits): UNSAT in 0.01s
    cube 4029.380.582 (depth 2, 32 lits): UNSAT in 0.01s
    cube 4029.380.583 (depth 2, 32 lits): UNSAT in 0.01s
    cube 4029.380.584 (depth 2, 32 lits): UNSAT in 0.01s
    cube 4029.380.585 (depth 2, 32 lits): UNSAT in 0.01s
    cube 4029.380.586 (depth 2, 32 lits): UNSAT in 0.02s
    cube 4029.380.587 (depth 2, 32 lits): UNSAT in 0.01s
    cube 4029.380.588 (depth 2, 32 lits): UNSAT in 0.03s
    cube 4029.380.589 (depth 2, 32 lits): UNSAT in 0.02s
    cube 4029.380.590 (depth 2, 32 lits): UNSAT in 0.02s
    cube 4029.380.591 (depth 2, 32 lits): UNSAT in 0.02s
    cube 4029.380.592 (depth 2, 32 lits): UNSAT in 0.02s
    cube 4029.380.593 (depth 2, 32 lits): UNSAT in 0.03s
    cube 4029.380.594 (depth 2, 32 lits): UNSAT in 0.04s
    cube 4029.380.595 (depth 2, 32 lits): UNSAT in 0.04s
    cube 4029.380.596 (depth 2, 32 lits): UNSAT in 0.04s
    cube 4029.380.597 (depth 2, 32 lits): UNSAT in 0.02s
    cube 4029.380.598 (depth 2, 32 lits): UNSAT in 0.02s
    cube 4029.380.599 (depth 2, 32 lits): UNSAT in 0.01s
    cube 4029.380.600 (depth 2, 32 lits): UNSAT in 0.01s
    cube 4029.380.601 (depth 2, 32 lits): UNSAT in 0.02s
    cube 4029.380.602 (depth 2, 32 lits): UNSAT in 0.02s
    cube 4029.380.603 (depth 2, 32 lits): UNSAT in 0.05s
    cube 4029.380.604 (depth 2, 32 lits): UNSAT in 0.08s
    cube 4029.380.605 (depth 2, 32 lits): UNSAT in 0.01s
    cube 4029.380.606 (depth 2, 32 lits): UNSAT in 0.02s
    cube 4029.380.607 (depth 2, 32 lits): UNSAT in 0.04s
    cube 4029.380.608 (depth 2, 32 lits): UNSAT in 0.03s
    cube 4029.380.609 (depth 2, 32 lits): UNSAT in 0.06s
    cube 4029.380.610 (depth 2, 32 lits): UNSAT in 0.06s
    cube 4029.380.611 (depth 2, 32 lits): UNSAT in 0.04s
    cube 4029.380.612 (depth 2, 32 lits): UNSAT in 0.09s
    cube 4029.380.613 (depth 2, 32 lits): UNSAT in 0.01s
    cube 4029.380.614 (depth 2, 32 lits): UNSAT in 0.01s
    cube 4029.380.615 (depth 2, 32 lits): UNSAT in 0.01s
    cube 4029.380.616 (depth 2, 32 lits): UNSAT in 0.02s
    cube 4029.380.617 (depth 2, 32 lits): UNSAT in 0.01s
    cube 4029.380.618 (depth 2, 32 lits): UNSAT in 0.03s
    cube 4029.380.619 (depth 2, 32 lits): UNSAT in 0.02s
    cube 4029.380.620 (depth 2, 32 lits): UNSAT in 0.18s
    cube 4029.380.621 (depth 2, 32 lits): UNSAT in 0.01s
    cube 4029.380.622 (depth 2, 32 lits): UNSAT in 0.02s
    cube 4029.380.623 (depth 2, 32 lits): UNSAT in 0.02s
    cube 4029.380.624 (depth 2, 32 lits): UNSAT in 0.05s
    cube 4029.380.625 (depth 2, 32 lits): UNSAT in 0.03s
    cube 4029.380.626 (depth 2, 32 lits): UNSAT in 0.02s
    cube 4029.380.627 (depth 2, 32 lits): UNSAT in 0.03s
    cube 4029.380.628 (depth 2, 32 lits): UNSAT in 0.23s
    cube 4029.380.629 (depth 2, 32 lits): UNSAT in 0.02s
    cube 4029.380.630 (depth 2, 32 lits): UNSAT in 0.02s
    cube 4029.380.631 (depth 2, 32 lits): UNSAT in 0.03s
    cube 4029.380.632 (depth 2, 32 lits): UNSAT in 0.05s
    cube 4029.380.633 (depth 2, 32 lits): UNSAT in 0.01s
    cube 4029.380.634 (depth 2, 32 lits): UNSAT in 0.03s
    cube 4029.380.635 (depth 2, 32 lits): UNSAT in 0.08s
    cube 4029.380.636 (depth 2, 32 lits): UNSAT in 0.09s
    cube 4029.380.637 (depth 2, 32 lits): UNSAT in 0.02s
    cube 4029.380.638 (depth 2, 32 lits): UNSAT in 0.04s
    cube 4029.380.639 (depth 2, 32 lits): UNSAT in 0.05s
    cube 4029.380.640 (depth 2, 32 lits): UNSAT in 0.13s
    cube 4029.380.641 (depth 2, 32 lits): UNSAT in 0.07s
    cube 4029.380.642 (depth 2, 32 lits): UNSAT in 0.43s
    cube 4029.380.643 (depth 2, 32 lits): UNSAT in 0.61s
    cube 4029.380.644 (depth 2, 32 lits): UNSAT in 2.45s
    cube 4029.380.645 (depth 2, 32 lits): UNSAT in 0.01s
    cube 4029.380.646 (depth 2, 32 lits): UNSAT in 0.01s
    cube 4029.380.647 (depth 2, 32 lits): UNSAT in 0.02s
    cube 4029.380.648 (depth 2, 32 lits): UNSAT in 0.02s
    cube 4029.380.649 (depth 2, 32 lits): UNSAT in 0.02s
    cube 4029.380.650 (depth 2, 32 lits): UNSAT in 0.04s
    cube 4029.380.651 (depth 2, 32 lits): UNSAT in 0.09s
    cube 4029.380.652 (depth 2, 32 lits): UNSAT in 0.24s
    cube 4029.380.653 (depth 2, 32 lits): UNSAT in 0.02s
    cube 4029.380.654 (depth 2, 32 lits): UNSAT in 0.05s
    cube 4029.380.655 (depth 2, 32 lits): UNSAT in 0.14s
    cube 4029.380.656 (depth 2, 32 lits): UNSAT in 0.37s
    cube 4029.380.657 (depth 2, 32 lits): UNSAT in 0.05s
    cube 4029.380.658 (depth 2, 32 lits): UNSAT in 0.14s
    cube 4029.380.659 (depth 2, 32 lits): UNSAT in 0.21s
    cube 4029.380.660 (depth 2, 32 lits): UNSAT in 0.95s
    cube 4029.380.661 (depth 2, 32 lits): UNSAT in 0.03s
    cube 4029.380.662 (depth 2, 32 lits): UNSAT in 0.06s
    cube 4029.380.663 (depth 2, 32 lits): UNSAT in 0.05s
    cube 4029.380.664 (depth 2, 32 lits): UNSAT in 0.12s
    cube 4029.380.665 (depth 2, 32 lits): UNSAT in 0.05s
    cube 4029.380.666 (depth 2, 32 lits): UNSAT in 0.09s
    cube 4029.380.667 (depth 2, 32 lits): UNSAT in 0.19s
    cube 4029.380.668 (depth 2, 32 lits): UNSAT in 0.34s
    cube 4029.380.669 (depth 2, 32 lits): UNSAT in 0.02s
    cube 4029.380.670 (depth 2, 32 lits): UNSAT in 0.03s
    cube 4029.380.671 (depth 2, 32 lits): UNSAT in 0.07s
    cube 4029.380.672 (depth 2, 32 lits): UNSAT in 0.28s
    cube 4029.380.673 (depth 2, 32 lits): UNSAT in 0.16s
    cube 4029.380.674 (depth 2, 32 lits): UNSAT in 0.14s
    cube 4029.380.675 (depth 2, 32 lits): UNSAT in 0.99s
    cube 4029.380.676 (depth 2, 32 lits): UNSAT in 16.24s
    cube 4029.380.677 (depth 2, 32 lits): UNSAT in 0.02s
    cube 4029.380.678 (depth 2, 32 lits): UNSAT in 0.03s
    cube 4029.380.679 (depth 2, 32 lits): UNSAT in 0.02s
    cube 4029.380.680 (depth 2, 32 lits): UNSAT in 0.07s
    cube 4029.380.681 (depth 2, 32 lits): UNSAT in 0.03s
    cube 4029.380.682 (depth 2, 32 lits): UNSAT in 0.06s
    cube 4029.380.683 (depth 2, 32 lits): UNSAT in 0.04s
    cube 4029.380.684 (depth 2, 32 lits): UNSAT in 0.23s
    cube 4029.380.685 (depth 2, 32 lits): UNSAT in 0.01s
    cube 4029.380.686 (depth 2, 32 lits): UNSAT in 0.02s
    cube 4029.380.687 (depth 2, 32 lits): UNSAT in 0.03s
    cube 4029.380.688 (depth 2, 32 lits): UNSAT in 0.09s
    cube 4029.380.689 (depth 2, 32 lits): UNSAT in 0.05s
    cube 4029.380.690 (depth 2, 32 lits): UNSAT in 0.22s
    cube 4029.380.691 (depth 2, 32 lits): UNSAT in 0.28s
    cube 4029.380.692 (depth 2, 32 lits): UNSAT in 5.14s
    cube 4029.380.693 (depth 2, 32 lits): UNSAT in 0.02s
    cube 4029.380.694 (depth 2, 32 lits): UNSAT in 0.09s
    cube 4029.380.695 (depth 2, 32 lits): UNSAT in 0.06s
    cube 4029.380.696 (depth 2, 32 lits): UNSAT in 0.26s
    cube 4029.380.697 (depth 2, 32 lits): UNSAT in 0.10s
    cube 4029.380.698 (depth 2, 32 lits): UNSAT in 0.18s
    cube 4029.380.699 (depth 2, 32 lits): UNSAT in 0.44s
    cube 4029.380.700 (depth 2, 32 lits): UNSAT in 7.65s
    cube 4029.380.701 (depth 2, 32 lits): UNSAT in 0.21s
    cube 4029.380.702 (depth 2, 32 lits): UNSAT in 1.40s
    cube 4029.380.703 (depth 2, 32 lits): UNSAT in 1.09s
    cube 4029.380.704 (depth 2, 32 lits): UNSAT in 7.72s
    cube 4029.380.705 (depth 2, 32 lits): UNSAT in 0.54s
    cube 4029.380.706 (depth 2, 32 lits): UNSAT in 3.48s
    cube 4029.380.707 (depth 2, 32 lits): UNSAT in 9.73s
    cube 4029.380.708 (depth 2, 32 lits): UNSAT in 49.01s
    cube 4029.380.709 (depth 2, 31 lits): UNSAT in 0.01s
    cube 4029.380.710 (depth 2, 31 lits): UNSAT in 0.01s
    cube 4029.380.711 (depth 2, 32 lits): UNSAT in 0.01s
    cube 4029.380.712 (depth 2, 32 lits): UNSAT in 0.01s
    cube 4029.380.713 (depth 2, 32 lits): UNSAT in 0.02s
    cube 4029.380.714 (depth 2, 32 lits): UNSAT in 0.02s
    cube 4029.380.715 (depth 2, 32 lits): UNSAT in 0.01s
    cube 4029.380.716 (depth 2, 32 lits): UNSAT in 0.02s
    cube 4029.380.717 (depth 2, 32 lits): UNSAT in 0.02s
    cube 4029.380.718 (depth 2, 32 lits): UNSAT in 0.04s
    cube 4029.380.719 (depth 2, 32 lits): UNSAT in 0.01s
    cube 4029.380.720 (depth 2, 32 lits): UNSAT in 0.04s
    cube 4029.380.721 (depth 2, 32 lits): UNSAT in 0.03s
    cube 4029.380.722 (depth 2, 32 lits): UNSAT in 0.15s
    cube 4029.380.723 (depth 2, 32 lits): UNSAT in 0.01s
    cube 4029.380.724 (depth 2, 32 lits): UNSAT in 0.02s
    cube 4029.380.725 (depth 2, 32 lits): UNSAT in 0.01s
    cube 4029.380.726 (depth 2, 32 lits): UNSAT in 0.05s
    cube 4029.380.727 (depth 2, 32 lits): UNSAT in 0.02s
    cube 4029.380.728 (depth 2, 32 lits): UNSAT in 0.03s
    cube 4029.380.729 (depth 2, 32 lits): UNSAT in 0.03s
    cube 4029.380.730 (depth 2, 32 lits): UNSAT in 0.13s
    cube 4029.380.731 (depth 2, 32 lits): UNSAT in 0.04s
    cube 4029.380.732 (depth 2, 32 lits): UNSAT in 0.11s
    cube 4029.380.733 (depth 2, 32 lits): UNSAT in 0.05s
    cube 4029.380.734 (depth 2, 32 lits): UNSAT in 0.24s
    cube 4029.380.735 (depth 2, 32 lits): UNSAT in 0.07s
    cube 4029.380.736 (depth 2, 32 lits): UNSAT in 0.17s
    cube 4029.380.737 (depth 2, 32 lits): UNSAT in 0.19s
    cube 4029.380.738 (depth 2, 32 lits): UNSAT in 0.82s
    cube 4029.380.739 (depth 2, 32 lits): UNSAT in 0.01s
    cube 4029.380.740 (depth 2, 32 lits): UNSAT in 0.01s
    cube 4029.380.741 (depth 2, 32 lits): UNSAT in 0.05s
    cube 4029.380.742 (depth 2, 32 lits): UNSAT in 0.08s
    cube 4029.380.743 (depth 2, 32 lits): UNSAT in 0.07s
    cube 4029.380.744 (depth 2, 32 lits): UNSAT in 0.08s
    cube 4029.380.745 (depth 2, 32 lits): UNSAT in 0.05s
    cube 4029.380.746 (depth 2, 32 lits): UNSAT in 0.23s
    cube 4029.380.747 (depth 2, 32 lits): UNSAT in 0.01s
    cube 4029.380.748 (depth 2, 32 lits): UNSAT in 0.03s
    cube 4029.380.749 (depth 2, 32 lits): UNSAT in 0.06s
    cube 4029.380.750 (depth 2, 32 lits): UNSAT in 0.11s
    cube 4029.380.751 (depth 2, 32 lits): UNSAT in 0.07s
    cube 4029.380.752 (depth 2, 32 lits): UNSAT in 0.25s
    cube 4029.380.753 (depth 2, 32 lits): UNSAT in 0.20s
    cube 4029.380.754 (depth 2, 32 lits): UNSAT in 0.91s
    cube 4029.380.755 (depth 2, 32 lits): UNSAT in 0.01s
    cube 4029.380.756 (depth 2, 32 lits): UNSAT in 0.04s
    cube 4029.380.757 (depth 2, 32 lits): UNSAT in 0.02s
    cube 4029.380.758 (depth 2, 32 lits): UNSAT in 0.16s
    cube 4029.380.759 (depth 2, 32 lits): UNSAT in 0.12s
    cube 4029.380.760 (depth 2, 32 lits): UNSAT in 0.24s
    cube 4029.380.761 (depth 2, 32 lits): UNSAT in 0.33s
    cube 4029.380.762 (depth 2, 32 lits): UNSAT in 0.36s
    cube 4029.380.763 (depth 2, 32 lits): UNSAT in 0.08s
    cube 4029.380.764 (depth 2, 32 lits): UNSAT in 0.09s
    cube 4029.380.765 (depth 2, 32 lits): UNSAT in 0.29s
    cube 4029.380.766 (depth 2, 32 lits): UNSAT in 0.75s
    cube 4029.380.767 (depth 2, 32 lits): UNSAT in 1.11s
    cube 4029.380.768 (depth 2, 32 lits): UNSAT in 2.12s
    cube 4029.380.769 (depth 2, 32 lits): UNSAT in 1.68s
    cube 4029.380.770 (depth 2, 32 lits): UNSAT in 12.89s
    cube 4029.380.771 (depth 2, 32 lits): UNSAT in 0.02s
    cube 4029.380.772 (depth 2, 32 lits): UNSAT in 0.02s
    cube 4029.380.773 (depth 2, 32 lits): UNSAT in 0.02s
    cube 4029.380.774 (depth 2, 32 lits): UNSAT in 0.04s
    cube 4029.380.775 (depth 2, 32 lits): UNSAT in 0.04s
    cube 4029.380.776 (depth 2, 32 lits): UNSAT in 0.09s
    cube 4029.380.777 (depth 2, 32 lits): UNSAT in 0.09s
    cube 4029.380.778 (depth 2, 32 lits): UNSAT in 0.20s
    cube 4029.380.779 (depth 2, 32 lits): UNSAT in 0.02s
    cube 4029.380.780 (depth 2, 32 lits): UNSAT in 0.03s
    cube 4029.380.781 (depth 2, 32 lits): UNSAT in 0.07s
    cube 4029.380.782 (depth 2, 32 lits): UNSAT in 0.35s
    cube 4029.380.783 (depth 2, 32 lits): UNSAT in 0.09s
    cube 4029.380.784 (depth 2, 32 lits): UNSAT in 0.29s
    cube 4029.380.785 (depth 2, 32 lits): UNSAT in 0.14s
    cube 4029.380.786 (depth 2, 32 lits): UNSAT in 0.53s
    cube 4029.380.787 (depth 2, 32 lits): UNSAT in 0.01s
    cube 4029.380.788 (depth 2, 32 lits): UNSAT in 0.02s
    cube 4029.380.789 (depth 2, 32 lits): UNSAT in 0.03s
    cube 4029.380.790 (depth 2, 32 lits): UNSAT in 0.07s
    cube 4029.380.791 (depth 2, 32 lits): UNSAT in 0.06s
    cube 4029.380.792 (depth 2, 32 lits): UNSAT in 0.22s
    cube 4029.380.793 (depth 2, 32 lits): UNSAT in 0.44s
    cube 4029.380.794 (depth 2, 32 lits): UNSAT in 0.34s
    cube 4029.380.795 (depth 2, 32 lits): UNSAT in 0.03s
    cube 4029.380.796 (depth 2, 32 lits): UNSAT in 0.12s
    cube 4029.380.797 (depth 2, 32 lits): UNSAT in 0.12s
    cube 4029.380.798 (depth 2, 32 lits): UNSAT in 0.20s
    cube 4029.380.799 (depth 2, 32 lits): UNSAT in 0.11s
    cube 4029.380.800 (depth 2, 32 lits): UNSAT in 0.38s
    cube 4029.380.801 (depth 2, 32 lits): UNSAT in 0.54s
    cube 4029.380.802 (depth 2, 32 lits): UNSAT in 9.27s
    cube 4029.380.803 (depth 2, 32 lits): UNSAT in 0.01s
    cube 4029.380.804 (depth 2, 32 lits): UNSAT in 0.03s
    cube 4029.380.805 (depth 2, 32 lits): UNSAT in 0.03s
    cube 4029.380.806 (depth 2, 32 lits): UNSAT in 0.06s
    cube 4029.380.807 (depth 2, 32 lits): UNSAT in 0.01s
    cube 4029.380.808 (depth 2, 32 lits): UNSAT in 0.02s
    cube 4029.380.809 (depth 2, 32 lits): UNSAT in 0.04s
    cube 4029.380.810 (depth 2, 32 lits): UNSAT in 0.18s
    cube 4029.380.811 (depth 2, 32 lits): UNSAT in 0.03s
    cube 4029.380.812 (depth 2, 32 lits): UNSAT in 0.08s
    cube 4029.380.813 (depth 2, 32 lits): UNSAT in 0.07s
    cube 4029.380.814 (depth 2, 32 lits): UNSAT in 0.28s
    cube 4029.380.815 (depth 2, 32 lits): UNSAT in 0.08s
    cube 4029.380.816 (depth 2, 32 lits): UNSAT in 0.52s
    cube 4029.380.817 (depth 2, 32 lits): UNSAT in 0.12s
    cube 4029.380.818 (depth 2, 32 lits): UNSAT in 1.57s
    cube 4029.380.819 (depth 2, 32 lits): UNSAT in 0.07s
    cube 4029.380.820 (depth 2, 32 lits): UNSAT in 0.17s
    cube 4029.380.821 (depth 2, 32 lits): UNSAT in 0.12s
    cube 4029.380.822 (depth 2, 32 lits): UNSAT in 2.31s
    cube 4029.380.823 (depth 2, 32 lits): UNSAT in 0.13s
    cube 4029.380.824 (depth 2, 32 lits): UNSAT in 0.91s
    cube 4029.380.825 (depth 2, 32 lits): UNSAT in 0.62s
    cube 4029.380.826 (depth 2, 32 lits): UNSAT in 11.56s
    cube 4029.380.827 (depth 2, 32 lits): UNSAT in 0.06s
    cube 4029.380.828 (depth 2, 32 lits): UNSAT in 0.34s
    cube 4029.380.829 (depth 2, 32 lits): UNSAT in 0.54s
    cube 4029.380.830 (depth 2, 32 lits): UNSAT in 5.70s
    cube 4029.380.831 (depth 2, 32 lits): UNSAT in 1.02s
    cube 4029.380.832 (depth 2, 32 lits): UNSAT in 6.86s
    cube 4029.380.833 (depth 2, 32 lits): UNSAT in 15.14s
    cube 4029.380.834 (depth 2, 32 lits): UNSAT in 256.21s
    cube 4029.380.835 (depth 2, 31 lits): UNSAT in 0.01s
    cube 4029.380.836 (depth 2, 32 lits): UNSAT in 0.01s
    cube 4029.380.837 (depth 2, 32 lits): UNSAT in 0.02s
    cube 4029.380.838 (depth 2, 32 lits): UNSAT in 0.01s
    cube 4029.380.839 (depth 2, 32 lits): UNSAT in 0.02s
    cube 4029.380.840 (depth 2, 32 lits): UNSAT in 0.02s
    cube 4029.380.841 (depth 2, 32 lits): UNSAT in 0.03s
    cube 4029.380.842 (depth 2, 31 lits): UNSAT in 0.01s
    cube 4029.380.843 (depth 2, 32 lits): UNSAT in 0.02s
    cube 4029.380.844 (depth 2, 32 lits): UNSAT in 0.06s
    cube 4029.380.845 (depth 2, 32 lits): UNSAT in 0.02s
    cube 4029.380.846 (depth 2, 32 lits): UNSAT in 0.04s
    cube 4029.380.847 (depth 2, 32 lits): UNSAT in 0.05s
    cube 4029.380.848 (depth 2, 32 lits): UNSAT in 0.14s
    cube 4029.380.849 (depth 2, 32 lits): UNSAT in 0.01s
    cube 4029.380.850 (depth 2, 32 lits): UNSAT in 0.02s
    cube 4029.380.851 (depth 2, 32 lits): UNSAT in 0.02s
    cube 4029.380.852 (depth 2, 32 lits): UNSAT in 0.07s
    cube 4029.380.853 (depth 2, 32 lits): UNSAT in 0.04s
    cube 4029.380.854 (depth 2, 32 lits): UNSAT in 0.03s
    cube 4029.380.855 (depth 2, 32 lits): UNSAT in 0.03s
    cube 4029.380.856 (depth 2, 32 lits): UNSAT in 0.15s
    cube 4029.380.857 (depth 2, 32 lits): UNSAT in 0.05s
    cube 4029.380.858 (depth 2, 32 lits): UNSAT in 0.09s
    cube 4029.380.859 (depth 2, 32 lits): UNSAT in 0.08s
    cube 4029.380.860 (depth 2, 32 lits): UNSAT in 0.22s
    cube 4029.380.861 (depth 2, 32 lits): UNSAT in 0.06s
    cube 4029.380.862 (depth 2, 32 lits): UNSAT in 0.20s
    cube 4029.380.863 (depth 2, 32 lits): UNSAT in 0.19s
    cube 4029.380.864 (depth 2, 32 lits): UNSAT in 0.83s
    cube 4029.380.865 (depth 2, 32 lits): UNSAT in 0.01s
    cube 4029.380.866 (depth 2, 32 lits): UNSAT in 0.01s
    cube 4029.380.867 (depth 2, 32 lits): UNSAT in 0.01s
    cube 4029.380.868 (depth 2, 32 lits): UNSAT in 0.02s
    cube 4029.380.869 (depth 2, 32 lits): UNSAT in 0.01s
    cube 4029.380.870 (depth 2, 32 lits): UNSAT in 0.02s
    cube 4029.380.871 (depth 2, 32 lits): UNSAT in 0.06s
    cube 4029.380.872 (depth 2, 32 lits): UNSAT in 0.31s
    cube 4029.380.873 (depth 2, 32 lits): UNSAT in 0.01s
    cube 4029.380.874 (depth 2, 32 lits): UNSAT in 0.03s
    cube 4029.380.875 (depth 2, 32 lits): UNSAT in 0.04s
    cube 4029.380.876 (depth 2, 32 lits): UNSAT in 0.05s
    cube 4029.380.877 (depth 2, 32 lits): UNSAT in 0.04s
    cube 4029.380.878 (depth 2, 32 lits): UNSAT in 0.17s
    cube 4029.380.879 (depth 2, 32 lits): UNSAT in 0.09s
    cube 4029.380.880 (depth 2, 32 lits): UNSAT in 0.33s
    cube 4029.380.881 (depth 2, 32 lits): UNSAT in 0.03s
    cube 4029.380.882 (depth 2, 32 lits): UNSAT in 0.05s
    cube 4029.380.883 (depth 2, 32 lits): UNSAT in 0.02s
    cube 4029.380.884 (depth 2, 32 lits): UNSAT in 0.11s
    cube 4029.380.885 (depth 2, 32 lits): UNSAT in 0.06s
    cube 4029.380.886 (depth 2, 32 lits): UNSAT in 0.75s
    cube 4029.380.887 (depth 2, 32 lits): UNSAT in 0.32s
    cube 4029.380.888 (depth 2, 32 lits): UNSAT in 0.32s
    cube 4029.380.889 (depth 2, 32 lits): UNSAT in 0.20s
    cube 4029.380.890 (depth 2, 32 lits): UNSAT in 0.45s
    cube 4029.380.891 (depth 2, 32 lits): UNSAT in 0.17s
    cube 4029.380.892 (depth 2, 32 lits): UNSAT in 1.14s
    cube 4029.380.893 (depth 2, 32 lits): UNSAT in 0.49s
    cube 4029.380.894 (depth 2, 32 lits): UNSAT in 0.98s
    cube 4029.380.895 (depth 2, 32 lits): UNSAT in 1.24s
    cube 4029.380.896 (depth 2, 32 lits): UNSAT in 22.23s
    cube 4029.380.897 (depth 2, 31 lits): UNSAT in 0.01s
    cube 4029.380.898 (depth 2, 32 lits): UNSAT in 0.01s
    cube 4029.380.899 (depth 2, 32 lits): UNSAT in 0.02s
    cube 4029.380.900 (depth 2, 32 lits): UNSAT in 0.01s
    cube 4029.380.901 (depth 2, 32 lits): UNSAT in 0.02s
    cube 4029.380.902 (depth 2, 32 lits): UNSAT in 0.02s
    cube 4029.380.903 (depth 2, 32 lits): UNSAT in 0.09s
    cube 4029.380.904 (depth 2, 32 lits): UNSAT in 0.01s
    cube 4029.380.905 (depth 2, 32 lits): UNSAT in 0.04s
    cube 4029.380.906 (depth 2, 32 lits): UNSAT in 0.02s
    cube 4029.380.907 (depth 2, 32 lits): UNSAT in 0.06s
    cube 4029.380.908 (depth 2, 32 lits): UNSAT in 0.02s
    cube 4029.380.909 (depth 2, 32 lits): UNSAT in 0.03s
    cube 4029.380.910 (depth 2, 32 lits): UNSAT in 0.07s
    cube 4029.380.911 (depth 2, 32 lits): UNSAT in 0.17s
    cube 4029.380.912 (depth 2, 32 lits): UNSAT in 0.02s
    cube 4029.380.913 (depth 2, 32 lits): UNSAT in 0.05s
    cube 4029.380.914 (depth 2, 32 lits): UNSAT in 0.02s
    cube 4029.380.915 (depth 2, 32 lits): UNSAT in 0.07s
    cube 4029.380.916 (depth 2, 32 lits): UNSAT in 0.03s
    cube 4029.380.917 (depth 2, 32 lits): UNSAT in 0.07s
    cube 4029.380.918 (depth 2, 32 lits): UNSAT in 0.08s
    cube 4029.380.919 (depth 2, 32 lits): UNSAT in 0.24s
    cube 4029.380.920 (depth 2, 32 lits): UNSAT in 0.02s
    cube 4029.380.921 (depth 2, 32 lits): UNSAT in 0.15s
    cube 4029.380.922 (depth 2, 32 lits): UNSAT in 0.07s
    cube 4029.380.923 (depth 2, 32 lits): UNSAT in 0.63s
    cube 4029.380.924 (depth 2, 32 lits): UNSAT in 0.13s
    cube 4029.380.925 (depth 2, 32 lits): UNSAT in 0.34s
    cube 4029.380.926 (depth 2, 32 lits): UNSAT in 1.41s
    cube 4029.380.927 (depth 2, 32 lits): UNSAT in 8.70s
    cube 4029.380.928 (depth 2, 32 lits): UNSAT in 0.02s
    cube 4029.380.929 (depth 2, 32 lits): UNSAT in 0.04s
    cube 4029.380.930 (depth 2, 32 lits): UNSAT in 0.08s
    cube 4029.380.931 (depth 2, 32 lits): UNSAT in 0.09s
    cube 4029.380.932 (depth 2, 32 lits): UNSAT in 0.08s
    cube 4029.380.933 (depth 2, 32 lits): UNSAT in 0.17s
    cube 4029.380.934 (depth 2, 32 lits): UNSAT in 0.08s
    cube 4029.380.935 (depth 2, 32 lits): UNSAT in 0.11s
    cube 4029.380.936 (depth 2, 32 lits): UNSAT in 0.04s
    cube 4029.380.937 (depth 2, 32 lits): UNSAT in 0.14s
    cube 4029.380.938 (depth 2, 32 lits): UNSAT in 0.11s
    cube 4029.380.939 (depth 2, 32 lits): UNSAT in 0.37s
    cube 4029.380.940 (depth 2, 32 lits): UNSAT in 0.19s
    cube 4029.380.941 (depth 2, 32 lits): UNSAT in 0.51s
    cube 4029.380.942 (depth 2, 32 lits): UNSAT in 0.31s
    cube 4029.380.943 (depth 2, 32 lits): UNSAT in 4.08s
    cube 4029.380.944 (depth 2, 32 lits): UNSAT in 0.02s
    cube 4029.380.945 (depth 2, 32 lits): UNSAT in 0.10s
    cube 4029.380.946 (depth 2, 32 lits): UNSAT in 0.11s
    cube 4029.380.947 (depth 2, 32 lits): UNSAT in 0.36s
    cube 4029.380.948 (depth 2, 32 lits): UNSAT in 0.06s
    cube 4029.380.949 (depth 2, 32 lits): UNSAT in 0.14s
    cube 4029.380.950 (depth 2, 32 lits): UNSAT in 0.85s
    cube 4029.380.951 (depth 2, 32 lits): UNSAT in 6.94s
    cube 4029.380.952 (depth 2, 32 lits): UNSAT in 0.11s
    cube 4029.380.953 (depth 2, 32 lits): UNSAT in 0.95s
    cube 4029.380.954 (depth 2, 32 lits): UNSAT in 0.30s
    cube 4029.380.955 (depth 2, 32 lits): UNSAT in 14.26s
    cube 4029.380.956 (depth 2, 32 lits): UNSAT in 1.77s
    cube 4029.380.957 (depth 2, 32 lits): UNSAT in 11.45s
    cube 4029.380.958 (depth 2, 32 lits): UNSAT in 11.85s
    cube 4029.380.959 (depth 2, 32 lits): UNSAT in 362.96s
    cube 4029.381 (depth 1, 22 lits): UNSAT in 0.01s
    cube 4029.382 (depth 1, 22 lits): UNSAT in 0.04s
    cube 4029.383 (depth 1, 22 lits): UNSAT in 0.09s
    cube 4029.384 (depth 1, 22 lits): UNSAT in 0.35s
    cube 4029.385 (depth 1, 22 lits): UNSAT in 0.08s
    cube 4029.386 (depth 1, 22 lits): UNSAT in 0.22s
    cube 4029.387 (depth 1, 22 lits): UNSAT in 0.14s
    cube 4029.388 (depth 1, 22 lits): UNSAT in 1.08s
    cube 4029.389 (depth 1, 22 lits): UNSAT in 0.08s
    cube 4029.390 (depth 1, 22 lits): UNSAT in 0.09s
    cube 4029.391 (depth 1, 22 lits): UNSAT in 0.23s
    cube 4029.392 (depth 1, 22 lits): UNSAT in 0.39s
    cube 4029.393 (depth 1, 22 lits): UNSAT in 0.28s
    cube 4029.394 (depth 1, 22 lits): UNSAT in 1.36s
    cube 4029.395 (depth 1, 22 lits): UNSAT in 1.43s
    cube 4029.396 (depth 1, 22 lits): UNSAT in 4.80s
    cube 4029.397 (depth 1, 22 lits): UNSAT in 0.04s
    cube 4029.398 (depth 1, 22 lits): UNSAT in 0.06s
    cube 4029.399 (depth 1, 22 lits): UNSAT in 0.06s
    cube 4029.400 (depth 1, 22 lits): UNSAT in 0.19s
    cube 4029.401 (depth 1, 22 lits): UNSAT in 0.20s
    cube 4029.402 (depth 1, 22 lits): UNSAT in 0.88s
    cube 4029.403 (depth 1, 22 lits): UNSAT in 1.09s
    cube 4029.404 (depth 1, 22 lits): UNSAT in 6.34s
    cube 4029.405 (depth 1, 22 lits): UNSAT in 0.12s
    cube 4029.406 (depth 1, 22 lits): UNSAT in 0.83s
    cube 4029.407 (depth 1, 22 lits): UNSAT in 0.38s
    cube 4029.408 (depth 1, 22 lits): UNSAT in 2.91s
    cube 4029.409 (depth 1, 22 lits): UNSAT in 0.58s
    cube 4029.410 (depth 1, 22 lits): UNSAT in 2.88s
    cube 4029.411 (depth 1, 22 lits): UNSAT in 8.18s
    cube 4029.412 (depth 1, 22 lits): UNSAT in 164.91s
    cube 4029.413 (depth 1, 22 lits): UNSAT in 0.06s
    cube 4029.414 (depth 1, 22 lits): UNSAT in 0.26s
    cube 4029.415 (depth 1, 22 lits): UNSAT in 0.08s
    cube 4029.416 (depth 1, 22 lits): UNSAT in 0.18s
    cube 4029.417 (depth 1, 22 lits): UNSAT in 0.70s
    cube 4029.418 (depth 1, 22 lits): UNSAT in 1.16s
    cube 4029.419 (depth 1, 22 lits): UNSAT in 0.59s
    cube 4029.420 (depth 1, 22 lits): UNSAT in 3.22s
    cube 4029.421 (depth 1, 22 lits): UNSAT in 0.03s
    cube 4029.422 (depth 1, 22 lits): UNSAT in 0.10s
    cube 4029.423 (depth 1, 22 lits): UNSAT in 0.18s
    cube 4029.424 (depth 1, 22 lits): UNSAT in 0.27s
    cube 4029.425 (depth 1, 22 lits): UNSAT in 0.42s
    cube 4029.426 (depth 1, 22 lits): UNSAT in 1.06s
    cube 4029.427 (depth 1, 22 lits): UNSAT in 1.94s
    cube 4029.428 (depth 1, 22 lits): UNSAT in 41.96s
    cube 4029.429 (depth 1, 22 lits): UNSAT in 0.04s
    cube 4029.430 (depth 1, 22 lits): UNSAT in 0.15s
    cube 4029.431 (depth 1, 22 lits): UNSAT in 0.05s
    cube 4029.432 (depth 1, 22 lits): UNSAT in 3.26s
    cube 4029.433 (depth 1, 22 lits): UNSAT in 0.28s
    cube 4029.434 (depth 1, 22 lits): UNSAT in 2.97s
    cube 4029.435 (depth 1, 22 lits): UNSAT in 1.67s
    cube 4029.436 (depth 1, 22 lits): UNSAT in 17.02s
    cube 4029.437 (depth 1, 22 lits): UNSAT in 0.54s
    cube 4029.438 (depth 1, 22 lits): UNSAT in 1.68s
    cube 4029.439 (depth 1, 22 lits): UNSAT in 3.11s
    cube 4029.440 (depth 1, 22 lits): UNSAT in 63.02s
    cube 4029.441 (depth 1, 22 lits): UNSAT in 1.71s
    cube 4029.442 (depth 1, 22 lits): UNSAT in 88.69s
    cube 4029.443 (depth 1, 22 lits): UNSAT in 364.78s
    cube 4029.444 (depth 1, 22 lits): TIMEOUT in 1200.08s
    cube 4029.444 TIMEOUT -> re-split into 885 sub-cubes (depth 2)
    cube 4029.444.0 (depth 2, 31 lits): UNSAT in 0.01s
    cube 4029.444.1 (depth 2, 31 lits): UNSAT in 0.01s
    cube 4029.444.2 (depth 2, 31 lits): UNSAT in 0.01s
    cube 4029.444.3 (depth 2, 32 lits): UNSAT in 0.01s
    cube 4029.444.4 (depth 2, 32 lits): UNSAT in 0.01s
    cube 4029.444.5 (depth 2, 30 lits): UNSAT in 0.01s
    cube 4029.444.6 (depth 2, 30 lits): UNSAT in 0.01s
    cube 4029.444.7 (depth 2, 30 lits): UNSAT in 0.01s
    cube 4029.444.8 (depth 2, 30 lits): UNSAT in 0.01s
    cube 4029.444.9 (depth 2, 31 lits): UNSAT in 0.01s
    cube 4029.444.10 (depth 2, 32 lits): UNSAT in 0.01s
    cube 4029.444.11 (depth 2, 32 lits): UNSAT in 0.01s
    cube 4029.444.12 (depth 2, 31 lits): UNSAT in 0.01s
    cube 4029.444.13 (depth 2, 32 lits): UNSAT in 0.01s
    cube 4029.444.14 (depth 2, 32 lits): UNSAT in 0.01s
    cube 4029.444.15 (depth 2, 30 lits): UNSAT in 0.01s
    cube 4029.444.16 (depth 2, 31 lits): UNSAT in 0.01s
    cube 4029.444.17 (depth 2, 32 lits): UNSAT in 0.01s
    cube 4029.444.18 (depth 2, 32 lits): UNSAT in 0.01s
    cube 4029.444.19 (depth 2, 31 lits): UNSAT in 0.01s
    cube 4029.444.20 (depth 2, 31 lits): UNSAT in 0.01s
    cube 4029.444.21 (depth 2, 31 lits): UNSAT in 0.01s
    cube 4029.444.22 (depth 2, 32 lits): UNSAT in 0.01s
    cube 4029.444.23 (depth 2, 32 lits): UNSAT in 0.01s
    cube 4029.444.24 (depth 2, 30 lits): UNSAT in 0.01s
    cube 4029.444.25 (depth 2, 30 lits): UNSAT in 0.01s
    cube 4029.444.26 (depth 2, 32 lits): UNSAT in 0.01s
    cube 4029.444.27 (depth 2, 32 lits): UNSAT in 0.01s
    cube 4029.444.28 (depth 2, 32 lits): UNSAT in 0.01s
    cube 4029.444.29 (depth 2, 32 lits): UNSAT in 0.01s
    cube 4029.444.30 (depth 2, 32 lits): UNSAT in 0.02s
    cube 4029.444.31 (depth 2, 32 lits): UNSAT in 0.02s
    cube 4029.444.32 (depth 2, 32 lits): UNSAT in 0.01s
    cube 4029.444.33 (depth 2, 32 lits): UNSAT in 0.02s
    cube 4029.444.34 (depth 2, 31 lits): UNSAT in 0.01s
    cube 4029.444.35 (depth 2, 31 lits): UNSAT in 0.01s
    cube 4029.444.36 (depth 2, 31 lits): UNSAT in 0.01s
    cube 4029.444.37 (depth 2, 31 lits): UNSAT in 0.01s
    cube 4029.444.38 (depth 2, 32 lits): UNSAT in 0.01s
    cube 4029.444.39 (depth 2, 32 lits): UNSAT in 0.01s
    cube 4029.444.40 (depth 2, 31 lits): UNSAT in 0.01s
    cube 4029.444.41 (depth 2, 32 lits): UNSAT in 0.01s
    cube 4029.444.42 (depth 2, 32 lits): UNSAT in 0.01s
    cube 4029.444.43 (depth 2, 31 lits): UNSAT in 0.01s
    cube 4029.444.44 (depth 2, 31 lits): UNSAT in 0.01s
    cube 4029.444.45 (depth 2, 31 lits): UNSAT in 0.01s
    cube 4029.444.46 (depth 2, 31 lits): UNSAT in 0.01s
    cube 4029.444.47 (depth 2, 32 lits): UNSAT in 0.01s
    cube 4029.444.48 (depth 2, 32 lits): UNSAT in 0.02s
    cube 4029.444.49 (depth 2, 31 lits): UNSAT in 0.01s
    cube 4029.444.50 (depth 2, 32 lits): UNSAT in 0.02s
    cube 4029.444.51 (depth 2, 32 lits): UNSAT in 0.02s
    cube 4029.444.52 (depth 2, 32 lits): UNSAT in 0.01s
    cube 4029.444.53 (depth 2, 32 lits): UNSAT in 0.01s
    cube 4029.444.54 (depth 2, 32 lits): UNSAT in 0.01s
    cube 4029.444.55 (depth 2, 32 lits): UNSAT in 0.01s
    cube 4029.444.56 (depth 2, 31 lits): UNSAT in 0.01s
    cube 4029.444.57 (depth 2, 31 lits): UNSAT in 0.01s
    cube 4029.444.58 (depth 2, 31 lits): UNSAT in 0.01s
    cube 4029.444.59 (depth 2, 32 lits): UNSAT in 0.01s
    cube 4029.444.60 (depth 2, 32 lits): UNSAT in 0.01s
    cube 4029.444.61 (depth 2, 32 lits): UNSAT in 0.01s
    cube 4029.444.62 (depth 2, 32 lits): UNSAT in 0.01s
    cube 4029.444.63 (depth 2, 31 lits): UNSAT in 0.01s
    cube 4029.444.64 (depth 2, 32 lits): UNSAT in 0.01s
    cube 4029.444.65 (depth 2, 32 lits): UNSAT in 0.01s
    cube 4029.444.66 (depth 2, 32 lits): UNSAT in 0.02s
    cube 4029.444.67 (depth 2, 32 lits): UNSAT in 0.01s
    cube 4029.444.68 (depth 2, 31 lits): UNSAT in 0.01s
    cube 4029.444.69 (depth 2, 32 lits): UNSAT in 0.01s
    cube 4029.444.70 (depth 2, 32 lits): UNSAT in 0.01s
    cube 4029.444.71 (depth 2, 31 lits): UNSAT in 0.01s
    cube 4029.444.72 (depth 2, 32 lits): UNSAT in 0.02s
    cube 4029.444.73 (depth 2, 32 lits): UNSAT in 0.01s
    cube 4029.444.74 (depth 2, 32 lits): UNSAT in 0.01s
    cube 4029.444.75 (depth 2, 32 lits): UNSAT in 0.01s
    cube 4029.444.76 (depth 2, 32 lits): UNSAT in 0.02s
    cube 4029.444.77 (depth 2, 32 lits): UNSAT in 0.02s
    cube 4029.444.78 (depth 2, 32 lits): UNSAT in 0.02s
    cube 4029.444.79 (depth 2, 32 lits): UNSAT in 0.03s
    cube 4029.444.80 (depth 2, 32 lits): UNSAT in 0.04s
    cube 4029.444.81 (depth 2, 32 lits): UNSAT in 0.12s
    cube 4029.444.82 (depth 2, 29 lits): UNSAT in 0.01s
    cube 4029.444.83 (depth 2, 30 lits): UNSAT in 0.01s
    cube 4029.444.84 (depth 2, 31 lits): UNSAT in 0.01s
    cube 4029.444.85 (depth 2, 32 lits): UNSAT in 0.01s
    cube 4029.444.86 (depth 2, 32 lits): UNSAT in 0.01s
    cube 4029.444.87 (depth 2, 30 lits): UNSAT in 0.01s
    cube 4029.444.88 (depth 2, 32 lits): UNSAT in 0.01s
    cube 4029.444.89 (depth 2, 32 lits): UNSAT in 0.01s
    cube 4029.444.90 (depth 2, 31 lits): UNSAT in 0.01s
    cube 4029.444.91 (depth 2, 31 lits): UNSAT in 0.01s
    cube 4029.444.92 (depth 2, 32 lits): UNSAT in 0.01s
    cube 4029.444.93 (depth 2, 32 lits): UNSAT in 0.02s
    cube 4029.444.94 (depth 2, 32 lits): UNSAT in 0.01s
    cube 4029.444.95 (depth 2, 32 lits): UNSAT in 0.01s
    cube 4029.444.96 (depth 2, 32 lits): UNSAT in 0.01s
    cube 4029.444.97 (depth 2, 32 lits): UNSAT in 0.01s
    cube 4029.444.98 (depth 2, 32 lits): UNSAT in 0.01s
    cube 4029.444.99 (depth 2, 32 lits): UNSAT in 0.01s
    cube 4029.444.100 (depth 2, 31 lits): UNSAT in 0.01s
    cube 4029.444.101 (depth 2, 32 lits): UNSAT in 0.01s
    cube 4029.444.102 (depth 2, 32 lits): UNSAT in 0.01s
    cube 4029.444.103 (depth 2, 32 lits): UNSAT in 0.01s
    cube 4029.444.104 (depth 2, 32 lits): UNSAT in 0.02s
    cube 4029.444.105 (depth 2, 30 lits): UNSAT in 0.01s
    cube 4029.444.106 (depth 2, 32 lits): UNSAT in 0.02s
    cube 4029.444.107 (depth 2, 32 lits): UNSAT in 0.03s
    cube 4029.444.108 (depth 2, 32 lits): UNSAT in 0.05s
    cube 4029.444.109 (depth 2, 32 lits): UNSAT in 0.02s
    cube 4029.444.110 (depth 2, 31 lits): UNSAT in 0.01s
    cube 4029.444.111 (depth 2, 32 lits): UNSAT in 0.01s
    cube 4029.444.112 (depth 2, 32 lits): UNSAT in 0.02s
    cube 4029.444.113 (depth 2, 31 lits): UNSAT in 0.01s
    cube 4029.444.114 (depth 2, 32 lits): UNSAT in 0.01s
    cube 4029.444.115 (depth 2, 32 lits): UNSAT in 0.01s
    cube 4029.444.116 (depth 2, 32 lits): UNSAT in 0.02s
    cube 4029.444.117 (depth 2, 32 lits): UNSAT in 0.02s
    cube 4029.444.118 (depth 2, 32 lits): UNSAT in 0.02s
    cube 4029.444.119 (depth 2, 32 lits): UNSAT in 0.04s
    cube 4029.444.120 (depth 2, 32 lits): UNSAT in 0.02s
    cube 4029.444.121 (depth 2, 32 lits): UNSAT in 0.03s
    cube 4029.444.122 (depth 2, 32 lits): UNSAT in 0.09s
    cube 4029.444.123 (depth 2, 32 lits): UNSAT in 0.05s
    cube 4029.444.124 (depth 2, 31 lits): UNSAT in 0.01s
    cube 4029.444.125 (depth 2, 32 lits): UNSAT in 0.01s
    cube 4029.444.126 (depth 2, 32 lits): UNSAT in 0.02s
    cube 4029.444.127 (depth 2, 32 lits): UNSAT in 0.02s
    cube 4029.444.128 (depth 2, 32 lits): UNSAT in 0.02s
    cube 4029.444.129 (depth 2, 32 lits): UNSAT in 0.02s
    cube 4029.444.130 (depth 2, 32 lits): UNSAT in 0.02s
    cube 4029.444.131 (depth 2, 31 lits): UNSAT in 0.01s
    cube 4029.444.132 (depth 2, 32 lits): UNSAT in 0.01s
    cube 4029.444.133 (depth 2, 32 lits): UNSAT in 0.02s
    cube 4029.444.134 (depth 2, 32 lits): UNSAT in 0.01s
    cube 4029.444.135 (depth 2, 32 lits): UNSAT in 0.01s
    cube 4029.444.136 (depth 2, 32 lits): UNSAT in 0.02s
    cube 4029.444.137 (depth 2, 32 lits): UNSAT in 0.02s
    cube 4029.444.138 (depth 2, 32 lits): UNSAT in 0.01s
    cube 4029.444.139 (depth 2, 32 lits): UNSAT in 0.01s
    cube 4029.444.140 (depth 2, 32 lits): UNSAT in 0.01s
    cube 4029.444.141 (depth 2, 32 lits): UNSAT in 0.02s
    cube 4029.444.142 (depth 2, 32 lits): UNSAT in 0.01s
    cube 4029.444.143 (depth 2, 32 lits): UNSAT in 0.02s
    cube 4029.444.144 (depth 2, 32 lits): UNSAT in 0.01s
    cube 4029.444.145 (depth 2, 32 lits): UNSAT in 0.03s
    cube 4029.444.146 (depth 2, 32 lits): UNSAT in 0.01s
    cube 4029.444.147 (depth 2, 32 lits): UNSAT in 0.02s
    cube 4029.444.148 (depth 2, 32 lits): UNSAT in 0.01s
    cube 4029.444.149 (depth 2, 32 lits): UNSAT in 0.02s
    cube 4029.444.150 (depth 2, 32 lits): UNSAT in 0.04s
    cube 4029.444.151 (depth 2, 32 lits): UNSAT in 0.03s
    cube 4029.444.152 (depth 2, 32 lits): UNSAT in 0.03s
    cube 4029.444.153 (depth 2, 32 lits): UNSAT in 0.21s
    cube 4029.444.154 (depth 2, 31 lits): UNSAT in 0.02s
    cube 4029.444.155 (depth 2, 32 lits): UNSAT in 0.03s
    cube 4029.444.156 (depth 2, 32 lits): UNSAT in 0.04s
    cube 4029.444.157 (depth 2, 32 lits): UNSAT in 0.01s
    cube 4029.444.158 (depth 2, 32 lits): UNSAT in 0.04s
    cube 4029.444.159 (depth 2, 32 lits): UNSAT in 0.01s
    cube 4029.444.160 (depth 2, 32 lits): UNSAT in 0.04s
    cube 4029.444.161 (depth 2, 32 lits): UNSAT in 0.01s
    cube 4029.444.162 (depth 2, 32 lits): UNSAT in 0.01s
    cube 4029.444.163 (depth 2, 32 lits): UNSAT in 0.02s
    cube 4029.444.164 (depth 2, 32 lits): UNSAT in 0.05s
    cube 4029.444.165 (depth 2, 32 lits): UNSAT in 0.02s
    cube 4029.444.166 (depth 2, 32 lits): UNSAT in 0.03s
    cube 4029.444.167 (depth 2, 32 lits): UNSAT in 0.01s
    cube 4029.444.168 (depth 2, 32 lits): UNSAT in 0.04s
    cube 4029.444.169 (depth 2, 32 lits): UNSAT in 0.02s
    cube 4029.444.170 (depth 2, 32 lits): UNSAT in 0.05s
    cube 4029.444.171 (depth 2, 32 lits): UNSAT in 0.03s
    cube 4029.444.172 (depth 2, 32 lits): UNSAT in 0.11s
    cube 4029.444.173 (depth 2, 32 lits): UNSAT in 0.03s
    cube 4029.444.174 (depth 2, 32 lits): UNSAT in 0.08s
    cube 4029.444.175 (depth 2, 32 lits): UNSAT in 0.07s
    cube 4029.444.176 (depth 2, 32 lits): UNSAT in 0.18s
    cube 4029.444.177 (depth 2, 32 lits): UNSAT in 0.02s
    cube 4029.444.178 (depth 2, 32 lits): UNSAT in 0.06s
    cube 4029.444.179 (depth 2, 32 lits): UNSAT in 0.06s
    cube 4029.444.180 (depth 2, 32 lits): UNSAT in 0.13s
    cube 4029.444.181 (depth 2, 32 lits): UNSAT in 0.07s
    cube 4029.444.182 (depth 2, 32 lits): UNSAT in 0.22s
    cube 4029.444.183 (depth 2, 32 lits): UNSAT in 0.74s
    cube 4029.444.184 (depth 2, 32 lits): UNSAT in 0.71s
    cube 4029.444.185 (depth 2, 30 lits): UNSAT in 0.01s
    cube 4029.444.186 (depth 2, 31 lits): UNSAT in 0.01s
    cube 4029.444.187 (depth 2, 32 lits): UNSAT in 0.01s
    cube 4029.444.188 (depth 2, 32 lits): UNSAT in 0.01s
    cube 4029.444.189 (depth 2, 30 lits): UNSAT in 0.01s
    cube 4029.444.190 (depth 2, 31 lits): UNSAT in 0.01s
    cube 4029.444.191 (depth 2, 32 lits): UNSAT in 0.01s
    cube 4029.444.192 (depth 2, 32 lits): UNSAT in 0.02s
    cube 4029.444.193 (depth 2, 31 lits): UNSAT in 0.01s
    cube 4029.444.194 (depth 2, 31 lits): UNSAT in 0.01s
    cube 4029.444.195 (depth 2, 31 lits): UNSAT in 0.01s
    cube 4029.444.196 (depth 2, 32 lits): UNSAT in 0.02s
    cube 4029.444.197 (depth 2, 32 lits): UNSAT in 0.02s
    cube 4029.444.198 (depth 2, 31 lits): UNSAT in 0.01s
    cube 4029.444.199 (depth 2, 32 lits): UNSAT in 0.01s
    cube 4029.444.200 (depth 2, 32 lits): UNSAT in 0.02s
    cube 4029.444.201 (depth 2, 32 lits): UNSAT in 0.01s
    cube 4029.444.202 (depth 2, 32 lits): UNSAT in 0.03s
    cube 4029.444.203 (depth 2, 32 lits): UNSAT in 0.02s
    cube 4029.444.204 (depth 2, 32 lits): UNSAT in 0.06s
    cube 4029.444.205 (depth 2, 32 lits): UNSAT in 0.01s
    cube 4029.444.206 (depth 2, 32 lits): UNSAT in 0.01s
    cube 4029.444.207 (depth 2, 32 lits): UNSAT in 0.01s
    cube 4029.444.208 (depth 2, 32 lits): UNSAT in 0.02s
    cube 4029.444.209 (depth 2, 32 lits): UNSAT in 0.02s
    cube 4029.444.210 (depth 2, 32 lits): UNSAT in 0.03s
    cube 4029.444.211 (depth 2, 32 lits): UNSAT in 0.02s
    cube 4029.444.212 (depth 2, 32 lits): UNSAT in 0.05s
    cube 4029.444.213 (depth 2, 31 lits): UNSAT in 0.01s
    cube 4029.444.214 (depth 2, 32 lits): UNSAT in 0.02s
    cube 4029.444.215 (depth 2, 32 lits): UNSAT in 0.02s
    cube 4029.444.216 (depth 2, 32 lits): UNSAT in 0.01s
    cube 4029.444.217 (depth 2, 32 lits): UNSAT in 0.02s
    cube 4029.444.218 (depth 2, 32 lits): UNSAT in 0.02s
    cube 4029.444.219 (depth 2, 32 lits): UNSAT in 0.06s
    cube 4029.444.220 (depth 2, 32 lits): UNSAT in 0.01s
    cube 4029.444.221 (depth 2, 32 lits): UNSAT in 0.02s
    cube 4029.444.222 (depth 2, 32 lits): UNSAT in 0.02s
    cube 4029.444.223 (depth 2, 32 lits): UNSAT in 0.06s
    cube 4029.444.224 (depth 2, 32 lits): UNSAT in 0.01s
    cube 4029.444.225 (depth 2, 32 lits): UNSAT in 0.02s
    cube 4029.444.226 (depth 2, 32 lits): UNSAT in 0.02s
    cube 4029.444.227 (depth 2, 32 lits): UNSAT in 0.08s
    cube 4029.444.228 (depth 2, 32 lits): UNSAT in 0.01s
    cube 4029.444.229 (depth 2, 32 lits): UNSAT in 0.02s
    cube 4029.444.230 (depth 2, 32 lits): UNSAT in 0.01s
    cube 4029.444.231 (depth 2, 32 lits): UNSAT in 0.02s
    cube 4029.444.232 (depth 2, 32 lits): UNSAT in 0.03s
    cube 4029.444.233 (depth 2, 32 lits): UNSAT in 0.08s
    cube 4029.444.234 (depth 2, 32 lits): UNSAT in 0.07s
    cube 4029.444.235 (depth 2, 32 lits): UNSAT in 0.31s
    cube 4029.444.236 (depth 2, 30 lits): UNSAT in 0.01s
    cube 4029.444.237 (depth 2, 31 lits): UNSAT in 0.01s
    cube 4029.444.238 (depth 2, 32 lits): UNSAT in 0.01s
    cube 4029.444.239 (depth 2, 32 lits): UNSAT in 0.02s
    cube 4029.444.240 (depth 2, 32 lits): UNSAT in 0.01s
    cube 4029.444.241 (depth 2, 32 lits): UNSAT in 0.01s
    cube 4029.444.242 (depth 2, 32 lits): UNSAT in 0.01s
    cube 4029.444.243 (depth 2, 32 lits): UNSAT in 0.01s
    cube 4029.444.244 (depth 2, 32 lits): UNSAT in 0.01s
    cube 4029.444.245 (depth 2, 32 lits): UNSAT in 0.01s
    cube 4029.444.246 (depth 2, 32 lits): UNSAT in 0.04s
    cube 4029.444.247 (depth 2, 32 lits): UNSAT in 0.08s
    cube 4029.444.248 (depth 2, 32 lits): UNSAT in 0.01s
    cube 4029.444.249 (depth 2, 32 lits): UNSAT in 0.02s
    cube 4029.444.250 (depth 2, 32 lits): UNSAT in 0.01s
    cube 4029.444.251 (depth 2, 32 lits): UNSAT in 0.03s
    cube 4029.444.252 (depth 2, 32 lits): UNSAT in 0.01s
    cube 4029.444.253 (depth 2, 32 lits): UNSAT in 0.02s
    cube 4029.444.254 (depth 2, 32 lits): UNSAT in 0.04s
    cube 4029.444.255 (depth 2, 32 lits): UNSAT in 0.07s
    cube 4029.444.256 (depth 2, 32 lits): UNSAT in 0.01s
    cube 4029.444.257 (depth 2, 32 lits): UNSAT in 0.01s
    cube 4029.444.258 (depth 2, 32 lits): UNSAT in 0.02s
    cube 4029.444.259 (depth 2, 32 lits): UNSAT in 0.02s
    cube 4029.444.260 (depth 2, 32 lits): UNSAT in 0.03s
    cube 4029.444.261 (depth 2, 32 lits): UNSAT in 0.08s
    cube 4029.444.262 (depth 2, 32 lits): UNSAT in 0.08s
    cube 4029.444.263 (depth 2, 32 lits): UNSAT in 0.14s
    cube 4029.444.264 (depth 2, 31 lits): UNSAT in 0.01s
    cube 4029.444.265 (depth 2, 32 lits): UNSAT in 0.01s
    cube 4029.444.266 (depth 2, 32 lits): UNSAT in 0.02s
    cube 4029.444.267 (depth 2, 32 lits): UNSAT in 0.01s
    cube 4029.444.268 (depth 2, 32 lits): UNSAT in 0.01s
    cube 4029.444.269 (depth 2, 32 lits): UNSAT in 0.02s
    cube 4029.444.270 (depth 2, 32 lits): UNSAT in 0.09s
    cube 4029.444.271 (depth 2, 32 lits): UNSAT in 0.01s
    cube 4029.444.272 (depth 2, 32 lits): UNSAT in 0.02s
    cube 4029.444.273 (depth 2, 32 lits): UNSAT in 0.02s
    cube 4029.444.274 (depth 2, 32 lits): UNSAT in 0.03s
    cube 4029.444.275 (depth 2, 32 lits): UNSAT in 0.01s
    cube 4029.444.276 (depth 2, 32 lits): UNSAT in 0.04s
    cube 4029.444.277 (depth 2, 32 lits): UNSAT in 0.02s
    cube 4029.444.278 (depth 2, 32 lits): UNSAT in 0.26s
    cube 4029.444.279 (depth 2, 32 lits): UNSAT in 0.01s
    cube 4029.444.280 (depth 2, 32 lits): UNSAT in 0.02s
    cube 4029.444.281 (depth 2, 32 lits): UNSAT in 0.01s
    cube 4029.444.282 (depth 2, 32 lits): UNSAT in 0.08s
    cube 4029.444.283 (depth 2, 32 lits): UNSAT in 0.02s
    cube 4029.444.284 (depth 2, 32 lits): UNSAT in 0.15s
    cube 4029.444.285 (depth 2, 32 lits): UNSAT in 0.08s
    cube 4029.444.286 (depth 2, 32 lits): UNSAT in 0.18s
    cube 4029.444.287 (depth 2, 32 lits): UNSAT in 0.02s
    cube 4029.444.288 (depth 2, 32 lits): UNSAT in 0.03s
    cube 4029.444.289 (depth 2, 32 lits): UNSAT in 0.09s
    cube 4029.444.290 (depth 2, 32 lits): UNSAT in 0.22s
    cube 4029.444.291 (depth 2, 32 lits): UNSAT in 0.05s
    cube 4029.444.292 (depth 2, 32 lits): UNSAT in 0.35s
    cube 4029.444.293 (depth 2, 32 lits): UNSAT in 0.05s
    cube 4029.444.294 (depth 2, 32 lits): UNSAT in 0.12s
    cube 4029.444.295 (depth 2, 31 lits): UNSAT in 0.01s
    cube 4029.444.296 (depth 2, 31 lits): UNSAT in 0.01s
    cube 4029.444.297 (depth 2, 31 lits): UNSAT in 0.01s
    cube 4029.444.298 (depth 2, 31 lits): UNSAT in 0.01s
    cube 4029.444.299 (depth 2, 31 lits): UNSAT in 0.01s
    cube 4029.444.300 (depth 2, 32 lits): UNSAT in 0.01s
    cube 4029.444.301 (depth 2, 32 lits): UNSAT in 0.02s
    cube 4029.444.302 (depth 2, 32 lits): UNSAT in 0.01s
    cube 4029.444.303 (depth 2, 32 lits): UNSAT in 0.01s
    cube 4029.444.304 (depth 2, 32 lits): UNSAT in 0.01s
    cube 4029.444.305 (depth 2, 32 lits): UNSAT in 0.03s
    cube 4029.444.306 (depth 2, 32 lits): UNSAT in 0.01s
    cube 4029.444.307 (depth 2, 32 lits): UNSAT in 0.01s
    cube 4029.444.308 (depth 2, 31 lits): UNSAT in 0.01s
    cube 4029.444.309 (depth 2, 31 lits): UNSAT in 0.01s
    cube 4029.444.310 (depth 2, 32 lits): UNSAT in 0.01s
    cube 4029.444.311 (depth 2, 32 lits): UNSAT in 0.04s
    cube 4029.444.312 (depth 2, 32 lits): UNSAT in 0.01s
    cube 4029.444.313 (depth 2, 32 lits): UNSAT in 0.01s
    cube 4029.444.314 (depth 2, 32 lits): UNSAT in 0.01s
    cube 4029.444.315 (depth 2, 32 lits): UNSAT in 0.01s
    cube 4029.444.316 (depth 2, 32 lits): UNSAT in 0.01s
    cube 4029.444.317 (depth 2, 32 lits): UNSAT in 0.02s
    cube 4029.444.318 (depth 2, 32 lits): UNSAT in 0.02s
    cube 4029.444.319 (depth 2, 32 lits): UNSAT in 0.06s
    cube 4029.444.320 (depth 2, 32 lits): UNSAT in 0.01s
    cube 4029.444.321 (depth 2, 32 lits): UNSAT in 0.01s
    cube 4029.444.322 (depth 2, 32 lits): UNSAT in 0.01s
    cube 4029.444.323 (depth 2, 32 lits): UNSAT in 0.03s
    cube 4029.444.324 (depth 2, 32 lits): UNSAT in 0.02s
    cube 4029.444.325 (depth 2, 32 lits): UNSAT in 0.05s
    cube 4029.444.326 (depth 2, 32 lits): UNSAT in 0.04s
    cube 4029.444.327 (depth 2, 32 lits): UNSAT in 0.18s
    cube 4029.444.328 (depth 2, 32 lits): UNSAT in 0.02s
    cube 4029.444.329 (depth 2, 32 lits): UNSAT in 0.03s
    cube 4029.444.330 (depth 2, 32 lits): UNSAT in 0.11s
    cube 4029.444.331 (depth 2, 32 lits): UNSAT in 0.16s
    cube 4029.444.332 (depth 2, 32 lits): UNSAT in 0.02s
    cube 4029.444.333 (depth 2, 32 lits): UNSAT in 0.07s
    cube 4029.444.334 (depth 2, 32 lits): UNSAT in 0.10s
    cube 4029.444.335 (depth 2, 32 lits): UNSAT in 0.36s
    cube 4029.444.336 (depth 2, 32 lits): UNSAT in 0.03s
    cube 4029.444.337 (depth 2, 32 lits): UNSAT in 0.02s
    cube 4029.444.338 (depth 2, 32 lits): UNSAT in 0.13s
    cube 4029.444.339 (depth 2, 32 lits): UNSAT in 0.05s
    cube 4029.444.340 (depth 2, 32 lits): UNSAT in 0.04s
    cube 4029.444.341 (depth 2, 32 lits): UNSAT in 0.17s
    cube 4029.444.342 (depth 2, 32 lits): UNSAT in 0.05s
    cube 4029.444.343 (depth 2, 32 lits): UNSAT in 0.28s
    cube 4029.444.344 (depth 2, 32 lits): UNSAT in 0.01s
    cube 4029.444.345 (depth 2, 32 lits): UNSAT in 0.05s
    cube 4029.444.346 (depth 2, 32 lits): UNSAT in 0.34s
    cube 4029.444.347 (depth 2, 32 lits): UNSAT in 0.27s
    cube 4029.444.348 (depth 2, 32 lits): UNSAT in 0.07s
    cube 4029.444.349 (depth 2, 32 lits): UNSAT in 0.23s
    cube 4029.444.350 (depth 2, 32 lits): UNSAT in 0.72s
    cube 4029.444.351 (depth 2, 32 lits): UNSAT in 1.32s
    cube 4029.444.352 (depth 2, 32 lits): UNSAT in 0.01s
    cube 4029.444.353 (depth 2, 32 lits): UNSAT in 0.02s
    cube 4029.444.354 (depth 2, 32 lits): UNSAT in 0.01s
    cube 4029.444.355 (depth 2, 32 lits): UNSAT in 0.03s
    cube 4029.444.356 (depth 2, 32 lits): UNSAT in 0.02s
    cube 4029.444.357 (depth 2, 32 lits): UNSAT in 0.03s
    cube 4029.444.358 (depth 2, 32 lits): UNSAT in 0.08s
    cube 4029.444.359 (depth 2, 32 lits): UNSAT in 0.11s
    cube 4029.444.360 (depth 2, 32 lits): UNSAT in 0.03s
    cube 4029.444.361 (depth 2, 32 lits): UNSAT in 0.03s
    cube 4029.444.362 (depth 2, 32 lits): UNSAT in 0.09s
    cube 4029.444.363 (depth 2, 32 lits): UNSAT in 0.14s
    cube 4029.444.364 (depth 2, 32 lits): UNSAT in 0.02s
    cube 4029.444.365 (depth 2, 32 lits): UNSAT in 0.07s
    cube 4029.444.366 (depth 2, 32 lits): UNSAT in 0.09s
    cube 4029.444.367 (depth 2, 32 lits): UNSAT in 0.70s
    cube 4029.444.368 (depth 2, 32 lits): UNSAT in 0.01s
    cube 4029.444.369 (depth 2, 32 lits): UNSAT in 0.01s
    cube 4029.444.370 (depth 2, 32 lits): UNSAT in 0.03s
    cube 4029.444.371 (depth 2, 32 lits): UNSAT in 0.06s
    cube 4029.444.372 (depth 2, 32 lits): UNSAT in 0.02s
    cube 4029.444.373 (depth 2, 32 lits): UNSAT in 0.15s
    cube 4029.444.374 (depth 2, 32 lits): UNSAT in 0.05s
    cube 4029.444.375 (depth 2, 32 lits): UNSAT in 0.34s
    cube 4029.444.376 (depth 2, 32 lits): UNSAT in 0.02s
    cube 4029.444.377 (depth 2, 32 lits): UNSAT in 0.05s
    cube 4029.444.378 (depth 2, 32 lits): UNSAT in 0.10s
    cube 4029.444.379 (depth 2, 32 lits): UNSAT in 0.18s
    cube 4029.444.380 (depth 2, 32 lits): UNSAT in 0.11s
    cube 4029.444.381 (depth 2, 32 lits): UNSAT in 0.58s
    cube 4029.444.382 (depth 2, 32 lits): UNSAT in 0.53s
    cube 4029.444.383 (depth 2, 32 lits): UNSAT in 1.33s
    cube 4029.444.384 (depth 2, 32 lits): UNSAT in 0.02s
    cube 4029.444.385 (depth 2, 32 lits): UNSAT in 0.09s
    cube 4029.444.386 (depth 2, 32 lits): UNSAT in 0.05s
    cube 4029.444.387 (depth 2, 32 lits): UNSAT in 0.11s
    cube 4029.444.388 (depth 2, 32 lits): UNSAT in 0.03s
    cube 4029.444.389 (depth 2, 32 lits): UNSAT in 0.19s
    cube 4029.444.390 (depth 2, 32 lits): UNSAT in 0.12s
    cube 4029.444.391 (depth 2, 32 lits): UNSAT in 0.90s
    cube 4029.444.392 (depth 2, 32 lits): UNSAT in 0.07s
    cube 4029.444.393 (depth 2, 32 lits): UNSAT in 0.32s
    cube 4029.444.394 (depth 2, 32 lits): UNSAT in 0.09s
    cube 4029.444.395 (depth 2, 32 lits): UNSAT in 1.75s
    cube 4029.444.396 (depth 2, 32 lits): UNSAT in 0.25s
    cube 4029.444.397 (depth 2, 32 lits): UNSAT in 1.04s
    cube 4029.444.398 (depth 2, 32 lits): UNSAT in 1.22s
    cube 4029.444.399 (depth 2, 32 lits): UNSAT in 3.72s
    cube 4029.444.400 (depth 2, 32 lits): UNSAT in 0.10s
    cube 4029.444.401 (depth 2, 32 lits): UNSAT in 0.20s
    cube 4029.444.402 (depth 2, 32 lits): UNSAT in 1.03s
    cube 4029.444.403 (depth 2, 32 lits): UNSAT in 3.90s
    cube 4029.444.404 (depth 2, 32 lits): UNSAT in 0.18s
    cube 4029.444.405 (depth 2, 32 lits): UNSAT in 2.20s
    cube 4029.444.406 (depth 2, 32 lits): UNSAT in 2.36s
    cube 4029.444.407 (depth 2, 32 lits): UNSAT in 11.30s
    cube 4029.444.408 (depth 2, 32 lits): UNSAT in 0.16s
    cube 4029.444.409 (depth 2, 32 lits): UNSAT in 1.37s
    cube 4029.444.410 (depth 2, 32 lits): UNSAT in 1.48s
    cube 4029.444.411 (depth 2, 32 lits): UNSAT in 14.71s
    cube 4029.444.412 (depth 2, 32 lits): UNSAT in 1.39s
    cube 4029.444.413 (depth 2, 32 lits): UNSAT in 15.35s
    cube 4029.444.414 (depth 2, 32 lits): UNSAT in 2.76s
    cube 4029.444.415 (depth 2, 32 lits): UNSAT in 26.49s
    cube 4029.444.416 (depth 2, 29 lits): UNSAT in 0.01s
    cube 4029.444.417 (depth 2, 31 lits): UNSAT in 0.01s
    cube 4029.444.418 (depth 2, 32 lits): UNSAT in 0.01s
    cube 4029.444.419 (depth 2, 32 lits): UNSAT in 0.01s
    cube 4029.444.420 (depth 2, 31 lits): UNSAT in 0.01s
    cube 4029.444.421 (depth 2, 32 lits): UNSAT in 0.01s
    cube 4029.444.422 (depth 2, 32 lits): UNSAT in 0.01s
    cube 4029.444.423 (depth 2, 32 lits): UNSAT in 0.01s
    cube 4029.444.424 (depth 2, 32 lits): UNSAT in 0.01s
    cube 4029.444.425 (depth 2, 31 lits): UNSAT in 0.01s
    cube 4029.444.426 (depth 2, 31 lits): UNSAT in 0.01s
    cube 4029.444.427 (depth 2, 32 lits): UNSAT in 0.01s
    cube 4029.444.428 (depth 2, 32 lits): UNSAT in 0.02s
    cube 4029.444.429 (depth 2, 32 lits): UNSAT in 0.01s
    cube 4029.444.430 (depth 2, 32 lits): UNSAT in 0.01s
    cube 4029.444.431 (depth 2, 32 lits): UNSAT in 0.01s
    cube 4029.444.432 (depth 2, 32 lits): UNSAT in 0.03s
    cube 4029.444.433 (depth 2, 32 lits): UNSAT in 0.01s
    cube 4029.444.434 (depth 2, 32 lits): UNSAT in 0.01s
    cube 4029.444.435 (depth 2, 32 lits): UNSAT in 0.02s
    cube 4029.444.436 (depth 2, 32 lits): UNSAT in 0.04s
    cube 4029.444.437 (depth 2, 30 lits): UNSAT in 0.01s
    cube 4029.444.438 (depth 2, 31 lits): UNSAT in 0.01s
    cube 4029.444.439 (depth 2, 32 lits): UNSAT in 0.01s
    cube 4029.444.440 (depth 2, 32 lits): UNSAT in 0.01s
    cube 4029.444.441 (depth 2, 31 lits): UNSAT in 0.01s
    cube 4029.444.442 (depth 2, 32 lits): UNSAT in 0.01s
    cube 4029.444.443 (depth 2, 32 lits): UNSAT in 0.02s
    cube 4029.444.444 (depth 2, 32 lits): UNSAT in 0.01s
    cube 4029.444.445 (depth 2, 32 lits): UNSAT in 0.02s
    cube 4029.444.446 (depth 2, 32 lits): UNSAT in 0.02s
    cube 4029.444.447 (depth 2, 32 lits): UNSAT in 0.05s
    cube 4029.444.448 (depth 2, 30 lits): UNSAT in 0.01s
    cube 4029.444.449 (depth 2, 32 lits): UNSAT in 0.01s
    cube 4029.444.450 (depth 2, 32 lits): UNSAT in 0.01s
    cube 4029.444.451 (depth 2, 32 lits): UNSAT in 0.02s
    cube 4029.444.452 (depth 2, 32 lits): UNSAT in 0.02s
    cube 4029.444.453 (depth 2, 32 lits): UNSAT in 0.02s
    cube 4029.444.454 (depth 2, 32 lits): UNSAT in 0.02s
    cube 4029.444.455 (depth 2, 32 lits): UNSAT in 0.02s
    cube 4029.444.456 (depth 2, 32 lits): UNSAT in 0.03s
    cube 4029.444.457 (depth 2, 32 lits): UNSAT in 0.01s
    cube 4029.444.458 (depth 2, 32 lits): UNSAT in 0.02s
    cube 4029.444.459 (depth 2, 32 lits): UNSAT in 0.08s
    cube 4029.444.460 (depth 2, 32 lits): UNSAT in 0.11s
    cube 4029.444.461 (depth 2, 29 lits): UNSAT in 0.02s
    cube 4029.444.462 (depth 2, 30 lits): UNSAT in 0.01s
    cube 4029.444.463 (depth 2, 31 lits): UNSAT in 0.01s
    cube 4029.444.464 (depth 2, 32 lits): UNSAT in 0.01s
    cube 4029.444.465 (depth 2, 32 lits): UNSAT in 0.02s
    cube 4029.444.466 (depth 2, 30 lits): UNSAT in 0.01s
    cube 4029.444.467 (depth 2, 30 lits): UNSAT in 0.01s
    cube 4029.444.468 (depth 2, 32 lits): UNSAT in 0.01s
    cube 4029.444.469 (depth 2, 32 lits): UNSAT in 0.02s
    cube 4029.444.470 (depth 2, 32 lits): UNSAT in 0.02s
    cube 4029.444.471 (depth 2, 32 lits): UNSAT in 0.02s
    cube 4029.444.472 (depth 2, 32 lits): UNSAT in 0.01s
    cube 4029.444.473 (depth 2, 32 lits): UNSAT in 0.02s
    cube 4029.444.474 (depth 2, 32 lits): UNSAT in 0.04s
    cube 4029.444.475 (depth 2, 32 lits): UNSAT in 0.01s
    cube 4029.444.476 (depth 2, 32 lits): UNSAT in 0.01s
    cube 4029.444.477 (depth 2, 32 lits): UNSAT in 0.01s
    cube 4029.444.478 (depth 2, 32 lits): UNSAT in 0.01s
    cube 4029.444.479 (depth 2, 32 lits): UNSAT in 0.02s
    cube 4029.444.480 (depth 2, 31 lits): UNSAT in 0.01s
    cube 4029.444.481 (depth 2, 32 lits): UNSAT in 0.02s
    cube 4029.444.482 (depth 2, 32 lits): UNSAT in 0.03s
    cube 4029.444.483 (depth 2, 32 lits): UNSAT in 0.01s
    cube 4029.444.484 (depth 2, 32 lits): UNSAT in 0.02s
    cube 4029.444.485 (depth 2, 32 lits): UNSAT in 0.01s
    cube 4029.444.486 (depth 2, 32 lits): UNSAT in 0.03s
    cube 4029.444.487 (depth 2, 32 lits): UNSAT in 0.01s
    cube 4029.444.488 (depth 2, 32 lits): UNSAT in 0.04s
    cube 4029.444.489 (depth 2, 32 lits): UNSAT in 0.08s
    cube 4029.444.490 (depth 2, 32 lits): UNSAT in 0.12s
    cube 4029.444.491 (depth 2, 32 lits): UNSAT in 0.02s
    cube 4029.444.492 (depth 2, 32 lits): UNSAT in 0.02s
    cube 4029.444.493 (depth 2, 32 lits): UNSAT in 0.01s
    cube 4029.444.494 (depth 2, 32 lits): UNSAT in 0.04s
    cube 4029.444.495 (depth 2, 32 lits): UNSAT in 0.06s
    cube 4029.444.496 (depth 2, 32 lits): UNSAT in 0.02s
    cube 4029.444.497 (depth 2, 32 lits): UNSAT in 0.06s
    cube 4029.444.498 (depth 2, 32 lits): UNSAT in 0.19s
    cube 4029.444.499 (depth 2, 32 lits): UNSAT in 0.02s
    cube 4029.444.500 (depth 2, 32 lits): UNSAT in 0.06s
    cube 4029.444.501 (depth 2, 32 lits): UNSAT in 0.06s
    cube 4029.444.502 (depth 2, 32 lits): UNSAT in 0.38s
    cube 4029.444.503 (depth 2, 32 lits): UNSAT in 0.08s
    cube 4029.444.504 (depth 2, 32 lits): UNSAT in 0.39s
    cube 4029.444.505 (depth 2, 32 lits): UNSAT in 0.64s
    cube 4029.444.506 (depth 2, 32 lits): UNSAT in 0.87s
    cube 4029.444.507 (depth 2, 32 lits): UNSAT in 0.01s
    cube 4029.444.508 (depth 2, 32 lits): UNSAT in 0.01s
    cube 4029.444.509 (depth 2, 32 lits): UNSAT in 0.01s
    cube 4029.444.510 (depth 2, 32 lits): UNSAT in 0.01s
    cube 4029.444.511 (depth 2, 32 lits): UNSAT in 0.01s
    cube 4029.444.512 (depth 2, 32 lits): UNSAT in 0.01s
    cube 4029.444.513 (depth 2, 32 lits): UNSAT in 0.02s
    cube 4029.444.514 (depth 2, 32 lits): UNSAT in 0.03s
    cube 4029.444.515 (depth 2, 32 lits): UNSAT in 0.01s
    cube 4029.444.516 (depth 2, 32 lits): UNSAT in 0.02s
    cube 4029.444.517 (depth 2, 32 lits): UNSAT in 0.02s
    cube 4029.444.518 (depth 2, 32 lits): UNSAT in 0.03s
    cube 4029.444.519 (depth 2, 32 lits): UNSAT in 0.02s
    cube 4029.444.520 (depth 2, 32 lits): UNSAT in 0.04s
    cube 4029.444.521 (depth 2, 32 lits): UNSAT in 0.04s
    cube 4029.444.522 (depth 2, 32 lits): UNSAT in 0.12s
    cube 4029.444.523 (depth 2, 32 lits): UNSAT in 0.01s
    cube 4029.444.524 (depth 2, 32 lits): UNSAT in 0.01s
    cube 4029.444.525 (depth 2, 32 lits): UNSAT in 0.02s
    cube 4029.444.526 (depth 2, 32 lits): UNSAT in 0.02s
    cube 4029.444.527 (depth 2, 32 lits): UNSAT in 0.01s
    cube 4029.444.528 (depth 2, 32 lits): UNSAT in 0.02s
    cube 4029.444.529 (depth 2, 32 lits): UNSAT in 0.03s
    cube 4029.444.530 (depth 2, 32 lits): UNSAT in 0.10s
    cube 4029.444.531 (depth 2, 32 lits): UNSAT in 0.01s
    cube 4029.444.532 (depth 2, 32 lits): UNSAT in 0.01s
    cube 4029.444.533 (depth 2, 32 lits): UNSAT in 0.03s
    cube 4029.444.534 (depth 2, 32 lits): UNSAT in 0.06s
    cube 4029.444.535 (depth 2, 32 lits): UNSAT in 0.02s
    cube 4029.444.536 (depth 2, 32 lits): UNSAT in 0.03s
    cube 4029.444.537 (depth 2, 32 lits): UNSAT in 0.10s
    cube 4029.444.538 (depth 2, 32 lits): UNSAT in 0.20s
    cube 4029.444.539 (depth 2, 32 lits): UNSAT in 0.01s
    cube 4029.444.540 (depth 2, 32 lits): UNSAT in 0.01s
    cube 4029.444.541 (depth 2, 32 lits): UNSAT in 0.01s
    cube 4029.444.542 (depth 2, 32 lits): UNSAT in 0.01s
    cube 4029.444.543 (depth 2, 32 lits): UNSAT in 0.02s
    cube 4029.444.544 (depth 2, 32 lits): UNSAT in 0.07s
    cube 4029.444.545 (depth 2, 32 lits): UNSAT in 0.04s
    cube 4029.444.546 (depth 2, 32 lits): UNSAT in 0.25s
    cube 4029.444.547 (depth 2, 32 lits): UNSAT in 0.01s
    cube 4029.444.548 (depth 2, 32 lits): UNSAT in 0.04s
    cube 4029.444.549 (depth 2, 32 lits): UNSAT in 0.03s
    cube 4029.444.550 (depth 2, 32 lits): UNSAT in 0.03s
    cube 4029.444.551 (depth 2, 32 lits): UNSAT in 0.03s
    cube 4029.444.552 (depth 2, 32 lits): UNSAT in 0.08s
    cube 4029.444.553 (depth 2, 32 lits): UNSAT in 0.11s
    cube 4029.444.554 (depth 2, 32 lits): UNSAT in 1.23s
    cube 4029.444.555 (depth 2, 32 lits): UNSAT in 0.01s
    cube 4029.444.556 (depth 2, 32 lits): UNSAT in 0.02s
    cube 4029.444.557 (depth 2, 32 lits): UNSAT in 0.01s
    cube 4029.444.558 (depth 2, 32 lits): UNSAT in 0.04s
    cube 4029.444.559 (depth 2, 32 lits): UNSAT in 0.01s
    cube 4029.444.560 (depth 2, 32 lits): UNSAT in 0.03s
    cube 4029.444.561 (depth 2, 32 lits): UNSAT in 0.05s
    cube 4029.444.562 (depth 2, 32 lits): UNSAT in 0.17s
    cube 4029.444.563 (depth 2, 32 lits): UNSAT in 0.04s
    cube 4029.444.564 (depth 2, 32 lits): UNSAT in 0.14s
    cube 4029.444.565 (depth 2, 32 lits): UNSAT in 0.09s
    cube 4029.444.566 (depth 2, 32 lits): UNSAT in 1.23s
    cube 4029.444.567 (depth 2, 32 lits): UNSAT in 0.21s
    cube 4029.444.568 (depth 2, 32 lits): UNSAT in 1.33s
    cube 4029.444.569 (depth 2, 32 lits): UNSAT in 1.79s
    cube 4029.444.570 (depth 2, 32 lits): UNSAT in 3.34s
    cube 4029.444.571 (depth 2, 32 lits): UNSAT in 0.01s
    cube 4029.444.572 (depth 2, 32 lits): UNSAT in 0.02s
    cube 4029.444.573 (depth 2, 32 lits): UNSAT in 0.02s
    cube 4029.444.574 (depth 2, 32 lits): UNSAT in 0.04s
    cube 4029.444.575 (depth 2, 32 lits): UNSAT in 0.01s
    cube 4029.444.576 (depth 2, 32 lits): UNSAT in 0.02s
    cube 4029.444.577 (depth 2, 32 lits): UNSAT in 0.03s
    cube 4029.444.578 (depth 2, 32 lits): UNSAT in 0.07s
    cube 4029.444.579 (depth 2, 32 lits): UNSAT in 0.02s
    cube 4029.444.580 (depth 2, 32 lits): UNSAT in 0.03s
    cube 4029.444.581 (depth 2, 32 lits): UNSAT in 0.03s
    cube 4029.444.582 (depth 2, 32 lits): UNSAT in 0.04s
    cube 4029.444.583 (depth 2, 32 lits): UNSAT in 0.02s
    cube 4029.444.584 (depth 2, 32 lits): UNSAT in 0.09s
    cube 4029.444.585 (depth 2, 32 lits): UNSAT in 0.07s
    cube 4029.444.586 (depth 2, 32 lits): UNSAT in 0.16s
    cube 4029.444.587 (depth 2, 32 lits): UNSAT in 0.02s
    cube 4029.444.588 (depth 2, 32 lits): UNSAT in 0.02s
    cube 4029.444.589 (depth 2, 32 lits): UNSAT in 0.03s
    cube 4029.444.590 (depth 2, 32 lits): UNSAT in 0.03s
    cube 4029.444.591 (depth 2, 32 lits): UNSAT in 0.01s
    cube 4029.444.592 (depth 2, 32 lits): UNSAT in 0.04s
    cube 4029.444.593 (depth 2, 32 lits): UNSAT in 0.04s
    cube 4029.444.594 (depth 2, 32 lits): UNSAT in 0.15s
    cube 4029.444.595 (depth 2, 32 lits): UNSAT in 0.02s
    cube 4029.444.596 (depth 2, 32 lits): UNSAT in 0.11s
    cube 4029.444.597 (depth 2, 32 lits): UNSAT in 0.10s
    cube 4029.444.598 (depth 2, 32 lits): UNSAT in 0.22s
    cube 4029.444.599 (depth 2, 32 lits): UNSAT in 0.23s
    cube 4029.444.600 (depth 2, 32 lits): UNSAT in 0.65s
    cube 4029.444.601 (depth 2, 32 lits): UNSAT in 0.49s
    cube 4029.444.602 (depth 2, 32 lits): UNSAT in 1.87s
    cube 4029.444.603 (depth 2, 32 lits): UNSAT in 0.03s
    cube 4029.444.604 (depth 2, 32 lits): UNSAT in 0.06s
    cube 4029.444.605 (depth 2, 32 lits): UNSAT in 0.04s
    cube 4029.444.606 (depth 2, 32 lits): UNSAT in 0.17s
    cube 4029.444.607 (depth 2, 32 lits): UNSAT in 0.03s
    cube 4029.444.608 (depth 2, 32 lits): UNSAT in 0.11s
    cube 4029.444.609 (depth 2, 32 lits): UNSAT in 0.17s
    cube 4029.444.610 (depth 2, 32 lits): UNSAT in 0.42s
    cube 4029.444.611 (depth 2, 32 lits): UNSAT in 0.03s
    cube 4029.444.612 (depth 2, 32 lits): UNSAT in 0.13s
    cube 4029.444.613 (depth 2, 32 lits): UNSAT in 0.02s
    cube 4029.444.614 (depth 2, 32 lits): UNSAT in 0.16s
    cube 4029.444.615 (depth 2, 32 lits): UNSAT in 0.04s
    cube 4029.444.616 (depth 2, 32 lits): UNSAT in 0.20s
    cube 4029.444.617 (depth 2, 32 lits): UNSAT in 0.44s
    cube 4029.444.618 (depth 2, 32 lits): UNSAT in 4.10s
    cube 4029.444.619 (depth 2, 32 lits): UNSAT in 0.05s
    cube 4029.444.620 (depth 2, 32 lits): UNSAT in 0.17s
    cube 4029.444.621 (depth 2, 32 lits): UNSAT in 0.14s
    cube 4029.444.622 (depth 2, 32 lits): UNSAT in 0.63s
    cube 4029.444.623 (depth 2, 32 lits): UNSAT in 0.12s
    cube 4029.444.624 (depth 2, 32 lits): UNSAT in 0.74s
    cube 4029.444.625 (depth 2, 32 lits): UNSAT in 0.33s
    cube 4029.444.626 (depth 2, 32 lits): UNSAT in 7.43s
    cube 4029.444.627 (depth 2, 32 lits): UNSAT in 0.53s
    cube 4029.444.628 (depth 2, 32 lits): UNSAT in 1.73s
    cube 4029.444.629 (depth 2, 32 lits): UNSAT in 1.65s
    cube 4029.444.630 (depth 2, 32 lits): UNSAT in 13.17s
    cube 4029.444.631 (depth 2, 32 lits): UNSAT in 2.73s
    cube 4029.444.632 (depth 2, 32 lits): UNSAT in 21.49s
    cube 4029.444.633 (depth 2, 32 lits): UNSAT in 29.06s
    cube 4029.444.634 (depth 2, 32 lits): UNSAT in 32.39s
    cube 4029.444.635 (depth 2, 32 lits): UNSAT in 0.01s
    cube 4029.444.636 (depth 2, 32 lits): UNSAT in 0.01s
    cube 4029.444.637 (depth 2, 32 lits): UNSAT in 0.01s
    cube 4029.444.638 (depth 2, 32 lits): UNSAT in 0.02s
    cube 4029.444.639 (depth 2, 32 lits): UNSAT in 0.01s
    cube 4029.444.640 (depth 2, 32 lits): UNSAT in 0.01s
    cube 4029.444.641 (depth 2, 32 lits): UNSAT in 0.01s
    cube 4029.444.642 (depth 2, 32 lits): UNSAT in 0.03s
    cube 4029.444.643 (depth 2, 31 lits): UNSAT in 0.01s
    cube 4029.444.644 (depth 2, 31 lits): UNSAT in 0.02s
    cube 4029.444.645 (depth 2, 32 lits): UNSAT in 0.02s
    cube 4029.444.646 (depth 2, 32 lits): UNSAT in 0.03s
    cube 4029.444.647 (depth 2, 32 lits): UNSAT in 0.03s
    cube 4029.444.648 (depth 2, 32 lits): UNSAT in 0.04s
    cube 4029.444.649 (depth 2, 32 lits): UNSAT in 0.02s
    cube 4029.444.650 (depth 2, 32 lits): UNSAT in 0.04s
    cube 4029.444.651 (depth 2, 32 lits): UNSAT in 0.02s
    cube 4029.444.652 (depth 2, 32 lits): UNSAT in 0.08s
    cube 4029.444.653 (depth 2, 32 lits): UNSAT in 0.02s
    cube 4029.444.654 (depth 2, 32 lits): UNSAT in 0.09s
    cube 4029.444.655 (depth 2, 32 lits): UNSAT in 0.08s
    cube 4029.444.656 (depth 2, 32 lits): UNSAT in 0.20s
    cube 4029.444.657 (depth 2, 32 lits): UNSAT in 0.03s
    cube 4029.444.658 (depth 2, 32 lits): UNSAT in 0.03s
    cube 4029.444.659 (depth 2, 32 lits): UNSAT in 0.03s
    cube 4029.444.660 (depth 2, 32 lits): UNSAT in 0.10s
    cube 4029.444.661 (depth 2, 32 lits): UNSAT in 0.02s
    cube 4029.444.662 (depth 2, 32 lits): UNSAT in 0.16s
    cube 4029.444.663 (depth 2, 32 lits): UNSAT in 0.27s
    cube 4029.444.664 (depth 2, 32 lits): UNSAT in 1.54s
    cube 4029.444.665 (depth 2, 32 lits): UNSAT in 0.02s
    cube 4029.444.666 (depth 2, 32 lits): UNSAT in 0.03s
    cube 4029.444.667 (depth 2, 32 lits): UNSAT in 0.03s
    cube 4029.444.668 (depth 2, 32 lits): UNSAT in 0.12s
    cube 4029.444.669 (depth 2, 32 lits): UNSAT in 0.03s
    cube 4029.444.670 (depth 2, 32 lits): UNSAT in 0.07s
    cube 4029.444.671 (depth 2, 32 lits): UNSAT in 0.06s
    cube 4029.444.672 (depth 2, 32 lits): UNSAT in 0.63s
    cube 4029.444.673 (depth 2, 32 lits): UNSAT in 0.03s
    cube 4029.444.674 (depth 2, 32 lits): UNSAT in 0.03s
    cube 4029.444.675 (depth 2, 32 lits): UNSAT in 0.06s
    cube 4029.444.676 (depth 2, 32 lits): UNSAT in 0.11s
    cube 4029.444.677 (depth 2, 32 lits): UNSAT in 0.04s
    cube 4029.444.678 (depth 2, 32 lits): UNSAT in 0.17s
    cube 4029.444.679 (depth 2, 32 lits): UNSAT in 0.47s
    cube 4029.444.680 (depth 2, 32 lits): UNSAT in 1.03s
    cube 4029.444.681 (depth 2, 32 lits): UNSAT in 0.03s
    cube 4029.444.682 (depth 2, 32 lits): UNSAT in 0.18s
    cube 4029.444.683 (depth 2, 32 lits): UNSAT in 0.11s
    cube 4029.444.684 (depth 2, 32 lits): UNSAT in 0.29s
    cube 4029.444.685 (depth 2, 32 lits): UNSAT in 0.07s
    cube 4029.444.686 (depth 2, 32 lits): UNSAT in 0.22s
    cube 4029.444.687 (depth 2, 32 lits): UNSAT in 0.48s
    cube 4029.444.688 (depth 2, 32 lits): UNSAT in 2.42s
    cube 4029.444.689 (depth 2, 32 lits): UNSAT in 0.15s
    cube 4029.444.690 (depth 2, 32 lits): UNSAT in 0.66s
    cube 4029.444.691 (depth 2, 32 lits): UNSAT in 1.30s
    cube 4029.444.692 (depth 2, 32 lits): UNSAT in 1.61s
    cube 4029.444.693 (depth 2, 32 lits): UNSAT in 0.30s
    cube 4029.444.694 (depth 2, 32 lits): UNSAT in 1.73s
    cube 4029.444.695 (depth 2, 32 lits): UNSAT in 0.85s
    cube 4029.444.696 (depth 2, 32 lits): UNSAT in 14.40s
    cube 4029.444.697 (depth 2, 32 lits): UNSAT in 0.01s
    cube 4029.444.698 (depth 2, 32 lits): UNSAT in 0.02s
    cube 4029.444.699 (depth 2, 32 lits): UNSAT in 0.02s
    cube 4029.444.700 (depth 2, 32 lits): UNSAT in 0.02s
    cube 4029.444.701 (depth 2, 32 lits): UNSAT in 0.03s
    cube 4029.444.702 (depth 2, 32 lits): UNSAT in 0.05s
    cube 4029.444.703 (depth 2, 32 lits): UNSAT in 0.02s
    cube 4029.444.704 (depth 2, 32 lits): UNSAT in 0.10s
    cube 4029.444.705 (depth 2, 32 lits): UNSAT in 0.01s
    cube 4029.444.706 (depth 2, 32 lits): UNSAT in 0.05s
    cube 4029.444.707 (depth 2, 32 lits): UNSAT in 0.04s
    cube 4029.444.708 (depth 2, 32 lits): UNSAT in 0.08s
    cube 4029.444.709 (depth 2, 32 lits): UNSAT in 0.08s
    cube 4029.444.710 (depth 2, 32 lits): UNSAT in 0.06s
    cube 4029.444.711 (depth 2, 32 lits): UNSAT in 0.08s
    cube 4029.444.712 (depth 2, 32 lits): UNSAT in 0.35s
    cube 4029.444.713 (depth 2, 32 lits): UNSAT in 0.01s
    cube 4029.444.714 (depth 2, 32 lits): UNSAT in 0.01s
    cube 4029.444.715 (depth 2, 32 lits): UNSAT in 0.02s
    cube 4029.444.716 (depth 2, 32 lits): UNSAT in 0.09s
    cube 4029.444.717 (depth 2, 32 lits): UNSAT in 0.03s
    cube 4029.444.718 (depth 2, 32 lits): UNSAT in 0.04s
    cube 4029.444.719 (depth 2, 32 lits): UNSAT in 0.07s
    cube 4029.444.720 (depth 2, 32 lits): UNSAT in 0.31s
    cube 4029.444.721 (depth 2, 32 lits): UNSAT in 0.04s
    cube 4029.444.722 (depth 2, 32 lits): UNSAT in 0.22s
    cube 4029.444.723 (depth 2, 32 lits): UNSAT in 0.11s
    cube 4029.444.724 (depth 2, 32 lits): UNSAT in 0.47s
    cube 4029.444.725 (depth 2, 32 lits): UNSAT in 0.03s
    cube 4029.444.726 (depth 2, 32 lits): UNSAT in 0.17s
    cube 4029.444.727 (depth 2, 32 lits): UNSAT in 0.44s
    cube 4029.444.728 (depth 2, 32 lits): UNSAT in 3.45s
    cube 4029.444.729 (depth 2, 32 lits): UNSAT in 0.02s
    cube 4029.444.730 (depth 2, 32 lits): UNSAT in 0.02s
    cube 4029.444.731 (depth 2, 32 lits): UNSAT in 0.12s
    cube 4029.444.732 (depth 2, 32 lits): UNSAT in 0.15s
    cube 4029.444.733 (depth 2, 32 lits): UNSAT in 0.05s
    cube 4029.444.734 (depth 2, 32 lits): UNSAT in 0.20s
    cube 4029.444.735 (depth 2, 32 lits): UNSAT in 0.21s
    cube 4029.444.736 (depth 2, 32 lits): UNSAT in 0.51s
    cube 4029.444.737 (depth 2, 32 lits): UNSAT in 0.03s
    cube 4029.444.738 (depth 2, 32 lits): UNSAT in 0.09s
    cube 4029.444.739 (depth 2, 32 lits): UNSAT in 0.08s
    cube 4029.444.740 (depth 2, 32 lits): UNSAT in 0.45s
    cube 4029.444.741 (depth 2, 32 lits): UNSAT in 0.20s
    cube 4029.444.742 (depth 2, 32 lits): UNSAT in 0.27s
    cube 4029.444.743 (depth 2, 32 lits): UNSAT in 0.49s
    cube 4029.444.744 (depth 2, 32 lits): UNSAT in 7.08s
    cube 4029.444.745 (depth 2, 32 lits): UNSAT in 0.10s
    cube 4029.444.746 (depth 2, 32 lits): UNSAT in 0.21s
    cube 4029.444.747 (depth 2, 32 lits): UNSAT in 0.14s
    cube 4029.444.748 (depth 2, 32 lits): UNSAT in 1.45s
    cube 4029.444.749 (depth 2, 32 lits): UNSAT in 0.12s
    cube 4029.444.750 (depth 2, 32 lits): UNSAT in 0.43s
    cube 4029.444.751 (depth 2, 32 lits): UNSAT in 0.23s
    cube 4029.444.752 (depth 2, 32 lits): UNSAT in 9.65s
    cube 4029.444.753 (depth 2, 32 lits): UNSAT in 0.43s
    cube 4029.444.754 (depth 2, 32 lits): UNSAT in 3.11s
    cube 4029.444.755 (depth 2, 32 lits): UNSAT in 0.48s
    cube 4029.444.756 (depth 2, 32 lits): UNSAT in 15.23s
    cube 4029.444.757 (depth 2, 32 lits): UNSAT in 2.25s
    cube 4029.444.758 (depth 2, 32 lits): UNSAT in 15.68s
    cube 4029.444.759 (depth 2, 32 lits): UNSAT in 109.36s
    cube 4029.444.760 (depth 2, 32 lits): UNSAT in 1064.97s
    cube 4029.444.761 (depth 2, 31 lits): UNSAT in 0.01s
    cube 4029.444.762 (depth 2, 31 lits): UNSAT in 0.01s
    cube 4029.444.763 (depth 2, 32 lits): UNSAT in 0.01s
    cube 4029.444.764 (depth 2, 32 lits): UNSAT in 0.03s
    cube 4029.444.765 (depth 2, 32 lits): UNSAT in 0.01s
    cube 4029.444.766 (depth 2, 32 lits): UNSAT in 0.02s
    cube 4029.444.767 (depth 2, 32 lits): UNSAT in 0.02s
    cube 4029.444.768 (depth 2, 32 lits): UNSAT in 0.01s
    cube 4029.444.769 (depth 2, 32 lits): UNSAT in 0.01s
    cube 4029.444.770 (depth 2, 32 lits): UNSAT in 0.04s
    cube 4029.444.771 (depth 2, 32 lits): UNSAT in 0.01s
    cube 4029.444.772 (depth 2, 32 lits): UNSAT in 0.03s
    cube 4029.444.773 (depth 2, 32 lits): UNSAT in 0.03s
    cube 4029.444.774 (depth 2, 32 lits): UNSAT in 0.06s
    cube 4029.444.775 (depth 2, 32 lits): UNSAT in 0.01s
    cube 4029.444.776 (depth 2, 32 lits): UNSAT in 0.01s
    cube 4029.444.777 (depth 2, 32 lits): UNSAT in 0.02s
    cube 4029.444.778 (depth 2, 32 lits): UNSAT in 0.03s
    cube 4029.444.779 (depth 2, 32 lits): UNSAT in 0.03s
    cube 4029.444.780 (depth 2, 32 lits): UNSAT in 0.05s
    cube 4029.444.781 (depth 2, 32 lits): UNSAT in 0.04s
    cube 4029.444.782 (depth 2, 32 lits): UNSAT in 0.16s
    cube 4029.444.783 (depth 2, 32 lits): UNSAT in 0.01s
    cube 4029.444.784 (depth 2, 32 lits): UNSAT in 0.02s
    cube 4029.444.785 (depth 2, 32 lits): UNSAT in 0.03s
    cube 4029.444.786 (depth 2, 32 lits): UNSAT in 0.04s
    cube 4029.444.787 (depth 2, 32 lits): UNSAT in 0.04s
    cube 4029.444.788 (depth 2, 32 lits): UNSAT in 0.12s
    cube 4029.444.789 (depth 2, 32 lits): UNSAT in 0.35s
    cube 4029.444.790 (depth 2, 32 lits): UNSAT in 2.16s
    cube 4029.444.791 (depth 2, 31 lits): UNSAT in 0.01s
    cube 4029.444.792 (depth 2, 32 lits): UNSAT in 0.01s
    cube 4029.444.793 (depth 2, 32 lits): UNSAT in 0.05s
    cube 4029.444.794 (depth 2, 32 lits): UNSAT in 0.02s
    cube 4029.444.795 (depth 2, 32 lits): UNSAT in 0.03s
    cube 4029.444.796 (depth 2, 32 lits): UNSAT in 0.05s
    cube 4029.444.797 (depth 2, 32 lits): UNSAT in 0.12s
    cube 4029.444.798 (depth 2, 32 lits): UNSAT in 0.01s
    cube 4029.444.799 (depth 2, 32 lits): UNSAT in 0.05s
    cube 4029.444.800 (depth 2, 32 lits): UNSAT in 0.02s
    cube 4029.444.801 (depth 2, 32 lits): UNSAT in 0.11s
    cube 4029.444.802 (depth 2, 32 lits): UNSAT in 0.08s
    cube 4029.444.803 (depth 2, 32 lits): UNSAT in 0.31s
    cube 4029.444.804 (depth 2, 32 lits): UNSAT in 0.26s
    cube 4029.444.805 (depth 2, 32 lits): UNSAT in 0.99s
    cube 4029.444.806 (depth 2, 32 lits): UNSAT in 0.04s
    cube 4029.444.807 (depth 2, 32 lits): UNSAT in 0.09s
    cube 4029.444.808 (depth 2, 32 lits): UNSAT in 0.09s
    cube 4029.444.809 (depth 2, 32 lits): UNSAT in 0.36s
    cube 4029.444.810 (depth 2, 32 lits): UNSAT in 0.08s
    cube 4029.444.811 (depth 2, 32 lits): UNSAT in 0.24s
    cube 4029.444.812 (depth 2, 32 lits): UNSAT in 0.23s
    cube 4029.444.813 (depth 2, 32 lits): UNSAT in 1.11s
    cube 4029.444.814 (depth 2, 32 lits): UNSAT in 0.08s
    cube 4029.444.815 (depth 2, 32 lits): UNSAT in 0.75s
    cube 4029.444.816 (depth 2, 32 lits): UNSAT in 0.62s
    cube 4029.444.817 (depth 2, 32 lits): UNSAT in 1.50s
    cube 4029.444.818 (depth 2, 32 lits): UNSAT in 0.24s
    cube 4029.444.819 (depth 2, 32 lits): UNSAT in 0.99s
    cube 4029.444.820 (depth 2, 32 lits): UNSAT in 0.48s
    cube 4029.444.821 (depth 2, 32 lits): UNSAT in 6.01s
    cube 4029.444.822 (depth 2, 31 lits): UNSAT in 0.01s
    cube 4029.444.823 (depth 2, 32 lits): UNSAT in 0.01s
    cube 4029.444.824 (depth 2, 32 lits): UNSAT in 0.02s
    cube 4029.444.825 (depth 2, 32 lits): UNSAT in 0.01s
    cube 4029.444.826 (depth 2, 32 lits): UNSAT in 0.04s
    cube 4029.444.827 (depth 2, 32 lits): UNSAT in 0.06s
    cube 4029.444.828 (depth 2, 32 lits): UNSAT in 0.10s
    cube 4029.444.829 (depth 2, 32 lits): UNSAT in 0.03s
    cube 4029.444.830 (depth 2, 32 lits): UNSAT in 0.08s
    cube 4029.444.831 (depth 2, 32 lits): UNSAT in 0.02s
    cube 4029.444.832 (depth 2, 32 lits): UNSAT in 0.09s
    cube 4029.444.833 (depth 2, 32 lits): UNSAT in 0.02s
    cube 4029.444.834 (depth 2, 32 lits): UNSAT in 0.12s
    cube 4029.444.835 (depth 2, 32 lits): UNSAT in 0.14s
    cube 4029.444.836 (depth 2, 32 lits): UNSAT in 0.42s
    cube 4029.444.837 (depth 2, 32 lits): UNSAT in 0.03s
    cube 4029.444.838 (depth 2, 32 lits): UNSAT in 0.03s
    cube 4029.444.839 (depth 2, 32 lits): UNSAT in 0.04s
    cube 4029.444.840 (depth 2, 32 lits): UNSAT in 0.06s
    cube 4029.444.841 (depth 2, 32 lits): UNSAT in 0.01s
    cube 4029.444.842 (depth 2, 32 lits): UNSAT in 0.10s
    cube 4029.444.843 (depth 2, 32 lits): UNSAT in 0.05s
    cube 4029.444.844 (depth 2, 32 lits): UNSAT in 0.31s
    cube 4029.444.845 (depth 2, 32 lits): UNSAT in 0.03s
    cube 4029.444.846 (depth 2, 32 lits): UNSAT in 0.08s
    cube 4029.444.847 (depth 2, 32 lits): UNSAT in 0.06s
    cube 4029.444.848 (depth 2, 32 lits): UNSAT in 0.39s
    cube 4029.444.849 (depth 2, 32 lits): UNSAT in 0.11s
    cube 4029.444.850 (depth 2, 32 lits): UNSAT in 0.48s
    cube 4029.444.851 (depth 2, 32 lits): UNSAT in 0.17s
    cube 4029.444.852 (depth 2, 32 lits): UNSAT in 1.57s
    cube 4029.444.853 (depth 2, 32 lits): UNSAT in 0.01s
    cube 4029.444.854 (depth 2, 32 lits): UNSAT in 0.05s
    cube 4029.444.855 (depth 2, 32 lits): UNSAT in 0.02s
    cube 4029.444.856 (depth 2, 32 lits): UNSAT in 0.09s
    cube 4029.444.857 (depth 2, 32 lits): UNSAT in 0.05s
    cube 4029.444.858 (depth 2, 32 lits): UNSAT in 0.09s
    cube 4029.444.859 (depth 2, 32 lits): UNSAT in 0.10s
    cube 4029.444.860 (depth 2, 32 lits): UNSAT in 0.32s
    cube 4029.444.861 (depth 2, 32 lits): UNSAT in 0.04s
    cube 4029.444.862 (depth 2, 32 lits): UNSAT in 0.23s
    cube 4029.444.863 (depth 2, 32 lits): UNSAT in 0.09s
    cube 4029.444.864 (depth 2, 32 lits): UNSAT in 1.18s
    cube 4029.444.865 (depth 2, 32 lits): UNSAT in 0.27s
    cube 4029.444.866 (depth 2, 32 lits): UNSAT in 1.37s
    cube 4029.444.867 (depth 2, 32 lits): UNSAT in 0.36s
    cube 4029.444.868 (depth 2, 32 lits): UNSAT in 6.01s
    cube 4029.444.869 (depth 2, 32 lits): UNSAT in 0.11s
    cube 4029.444.870 (depth 2, 32 lits): UNSAT in 0.15s
    cube 4029.444.871 (depth 2, 32 lits): UNSAT in 0.15s
    cube 4029.444.872 (depth 2, 32 lits): UNSAT in 0.28s
    cube 4029.444.873 (depth 2, 32 lits): UNSAT in 0.07s
    cube 4029.444.874 (depth 2, 32 lits): UNSAT in 0.29s
    cube 4029.444.875 (depth 2, 32 lits): UNSAT in 0.23s
    cube 4029.444.876 (depth 2, 32 lits): UNSAT in 4.57s
    cube 4029.444.877 (depth 2, 32 lits): UNSAT in 0.21s
    cube 4029.444.878 (depth 2, 32 lits): UNSAT in 0.80s
    cube 4029.444.879 (depth 2, 32 lits): UNSAT in 0.42s
    cube 4029.444.880 (depth 2, 32 lits): UNSAT in 4.53s
    cube 4029.444.881 (depth 2, 32 lits): UNSAT in 1.49s
    cube 4029.444.882 (depth 2, 32 lits): UNSAT in 17.50s
    cube 4029.444.883 (depth 2, 32 lits): UNSAT in 45.16s
    cube 4029.444.884 (depth 2, 32 lits): UNSAT in 367.10s
    cube 4029.445 (depth 1, 22 lits): UNSAT in 0.02s
    cube 4029.446 (depth 1, 22 lits): UNSAT in 0.13s
    cube 4029.447 (depth 1, 22 lits): UNSAT in 0.10s
    cube 4029.448 (depth 1, 22 lits): UNSAT in 0.31s
    cube 4029.449 (depth 1, 22 lits): UNSAT in 0.06s
    cube 4029.450 (depth 1, 22 lits): UNSAT in 0.40s
    cube 4029.451 (depth 1, 22 lits): UNSAT in 0.82s
    cube 4029.452 (depth 1, 22 lits): UNSAT in 2.10s
    cube 4029.453 (depth 1, 22 lits): UNSAT in 0.06s
    cube 4029.454 (depth 1, 22 lits): UNSAT in 0.30s
    cube 4029.455 (depth 1, 22 lits): UNSAT in 0.12s
    cube 4029.456 (depth 1, 22 lits): UNSAT in 0.85s
    cube 4029.457 (depth 1, 22 lits): UNSAT in 0.05s
    cube 4029.458 (depth 1, 22 lits): UNSAT in 0.98s
    cube 4029.459 (depth 1, 22 lits): UNSAT in 3.15s
    cube 4029.460 (depth 1, 22 lits): UNSAT in 34.12s
    cube 4029.461 (depth 1, 22 lits): UNSAT in 0.07s
    cube 4029.462 (depth 1, 22 lits): UNSAT in 0.22s
    cube 4029.463 (depth 1, 22 lits): UNSAT in 0.24s
    cube 4029.464 (depth 1, 22 lits): UNSAT in 0.88s
    cube 4029.465 (depth 1, 22 lits): UNSAT in 0.35s
    cube 4029.466 (depth 1, 22 lits): UNSAT in 0.91s
    cube 4029.467 (depth 1, 22 lits): UNSAT in 2.65s
    cube 4029.468 (depth 1, 22 lits): UNSAT in 27.12s
    cube 4029.469 (depth 1, 22 lits): UNSAT in 0.08s
    cube 4029.470 (depth 1, 22 lits): UNSAT in 0.13s
    cube 4029.471 (depth 1, 22 lits): UNSAT in 0.61s
    cube 4029.472 (depth 1, 22 lits): UNSAT in 4.08s
    cube 4029.473 (depth 1, 22 lits): UNSAT in 0.80s
    cube 4029.474 (depth 1, 22 lits): UNSAT in 5.69s
    cube 4029.475 (depth 1, 22 lits): UNSAT in 25.39s
    cube 4029.476 (depth 1, 22 lits): UNSAT in 237.16s
    cube 4029.477 (depth 1, 22 lits): UNSAT in 0.42s
    cube 4029.478 (depth 1, 22 lits): UNSAT in 3.29s
    cube 4029.479 (depth 1, 22 lits): UNSAT in 0.60s
    cube 4029.480 (depth 1, 22 lits): UNSAT in 5.87s
    cube 4029.481 (depth 1, 22 lits): UNSAT in 0.16s
    cube 4029.482 (depth 1, 22 lits): UNSAT in 4.37s
    cube 4029.483 (depth 1, 22 lits): UNSAT in 2.02s
    cube 4029.484 (depth 1, 22 lits): UNSAT in 136.98s
    cube 4029.485 (depth 1, 22 lits): UNSAT in 0.52s
    cube 4029.486 (depth 1, 22 lits): UNSAT in 5.08s
    cube 4029.487 (depth 1, 22 lits): UNSAT in 2.17s
    cube 4029.488 (depth 1, 22 lits): UNSAT in 78.71s
    cube 4029.489 (depth 1, 22 lits): UNSAT in 0.88s
    cube 4029.490 (depth 1, 22 lits): UNSAT in 6.71s
    cube 4029.491 (depth 1, 22 lits): UNSAT in 24.85s
    cube 4029.492 (depth 1, 22 lits): TIMEOUT in 1200.05s
    cube 4029.492 TIMEOUT -> re-split into 774 sub-cubes (depth 2)
    cube 4029.492.0 (depth 2, 28 lits): UNSAT in 0.01s
    cube 4029.492.1 (depth 2, 30 lits): UNSAT in 0.01s
    cube 4029.492.2 (depth 2, 31 lits): UNSAT in 0.01s
    cube 4029.492.3 (depth 2, 32 lits): UNSAT in 0.01s
    cube 4029.492.4 (depth 2, 32 lits): UNSAT in 0.01s
    cube 4029.492.5 (depth 2, 30 lits): UNSAT in 0.01s
    cube 4029.492.6 (depth 2, 31 lits): UNSAT in 0.01s
    cube 4029.492.7 (depth 2, 31 lits): UNSAT in 0.01s
    cube 4029.492.8 (depth 2, 30 lits): UNSAT in 0.01s
    cube 4029.492.9 (depth 2, 31 lits): UNSAT in 0.01s
    cube 4029.492.10 (depth 2, 31 lits): UNSAT in 0.01s
    cube 4029.492.11 (depth 2, 31 lits): UNSAT in 0.01s
    cube 4029.492.12 (depth 2, 31 lits): UNSAT in 0.01s
    cube 4029.492.13 (depth 2, 32 lits): UNSAT in 0.01s
    cube 4029.492.14 (depth 2, 32 lits): UNSAT in 0.01s
    cube 4029.492.15 (depth 2, 31 lits): UNSAT in 0.01s
    cube 4029.492.16 (depth 2, 30 lits): UNSAT in 0.01s
    cube 4029.492.17 (depth 2, 32 lits): UNSAT in 0.01s
    cube 4029.492.18 (depth 2, 32 lits): UNSAT in 0.01s
    cube 4029.492.19 (depth 2, 31 lits): UNSAT in 0.01s
    cube 4029.492.20 (depth 2, 31 lits): UNSAT in 0.01s
    cube 4029.492.21 (depth 2, 32 lits): UNSAT in 0.01s
    cube 4029.492.22 (depth 2, 32 lits): UNSAT in 0.02s
    cube 4029.492.23 (depth 2, 32 lits): UNSAT in 0.01s
    cube 4029.492.24 (depth 2, 32 lits): UNSAT in 0.02s
    cube 4029.492.25 (depth 2, 32 lits): UNSAT in 0.02s
    cube 4029.492.26 (depth 2, 32 lits): UNSAT in 0.03s
    cube 4029.492.27 (depth 2, 30 lits): UNSAT in 0.01s
    cube 4029.492.28 (depth 2, 31 lits): UNSAT in 0.01s
    cube 4029.492.29 (depth 2, 31 lits): UNSAT in 0.01s
    cube 4029.492.30 (depth 2, 31 lits): UNSAT in 0.01s
    cube 4029.492.31 (depth 2, 32 lits): UNSAT in 0.01s
    cube 4029.492.32 (depth 2, 32 lits): UNSAT in 0.01s
    cube 4029.492.33 (depth 2, 31 lits): UNSAT in 0.01s
    cube 4029.492.34 (depth 2, 32 lits): UNSAT in 0.01s
    cube 4029.492.35 (depth 2, 32 lits): UNSAT in 0.01s
    cube 4029.492.36 (depth 2, 31 lits): UNSAT in 0.01s
    cube 4029.492.37 (depth 2, 31 lits): UNSAT in 0.01s
    cube 4029.492.38 (depth 2, 32 lits): UNSAT in 0.01s
    cube 4029.492.39 (depth 2, 32 lits): UNSAT in 0.01s
    cube 4029.492.40 (depth 2, 32 lits): UNSAT in 0.01s
    cube 4029.492.41 (depth 2, 32 lits): UNSAT in 0.02s
    cube 4029.492.42 (depth 2, 32 lits): UNSAT in 0.01s
    cube 4029.492.43 (depth 2, 32 lits): UNSAT in 0.01s
    cube 4029.492.44 (depth 2, 32 lits): UNSAT in 0.01s
    cube 4029.492.45 (depth 2, 32 lits): UNSAT in 0.02s
    cube 4029.492.46 (depth 2, 32 lits): UNSAT in 0.01s
    cube 4029.492.47 (depth 2, 32 lits): UNSAT in 0.02s
    cube 4029.492.48 (depth 2, 32 lits): UNSAT in 0.02s
    cube 4029.492.49 (depth 2, 32 lits): UNSAT in 0.02s
    cube 4029.492.50 (depth 2, 32 lits): UNSAT in 0.01s
    cube 4029.492.51 (depth 2, 32 lits): UNSAT in 0.01s
    cube 4029.492.52 (depth 2, 31 lits): UNSAT in 0.01s
    cube 4029.492.53 (depth 2, 32 lits): UNSAT in 0.01s
    cube 4029.492.54 (depth 2, 32 lits): UNSAT in 0.02s
    cube 4029.492.55 (depth 2, 32 lits): UNSAT in 0.01s
    cube 4029.492.56 (depth 2, 32 lits): UNSAT in 0.02s
    cube 4029.492.57 (depth 2, 31 lits): UNSAT in 0.01s
    cube 4029.492.58 (depth 2, 32 lits): UNSAT in 0.01s
    cube 4029.492.59 (depth 2, 32 lits): UNSAT in 0.03s
    cube 4029.492.60 (depth 2, 32 lits): UNSAT in 0.02s
    cube 4029.492.61 (depth 2, 32 lits): UNSAT in 0.04s
    cube 4029.492.62 (depth 2, 32 lits): UNSAT in 0.02s
    cube 4029.492.63 (depth 2, 32 lits): UNSAT in 0.03s
    cube 4029.492.64 (depth 2, 31 lits): UNSAT in 0.01s
    cube 4029.492.65 (depth 2, 32 lits): UNSAT in 0.01s
    cube 4029.492.66 (depth 2, 32 lits): UNSAT in 0.01s
    cube 4029.492.67 (depth 2, 32 lits): UNSAT in 0.01s
    cube 4029.492.68 (depth 2, 32 lits): UNSAT in 0.04s
    cube 4029.492.69 (depth 2, 32 lits): UNSAT in 0.03s
    cube 4029.492.70 (depth 2, 32 lits): UNSAT in 0.02s
    cube 4029.492.71 (depth 2, 32 lits): UNSAT in 0.02s
    cube 4029.492.72 (depth 2, 32 lits): UNSAT in 0.03s
    cube 4029.492.73 (depth 2, 32 lits): UNSAT in 0.02s
    cube 4029.492.74 (depth 2, 32 lits): UNSAT in 0.02s
    cube 4029.492.75 (depth 2, 32 lits): UNSAT in 0.02s
    cube 4029.492.76 (depth 2, 32 lits): UNSAT in 0.03s
    cube 4029.492.77 (depth 2, 32 lits): UNSAT in 0.04s
    cube 4029.492.78 (depth 2, 32 lits): UNSAT in 0.12s
    cube 4029.492.79 (depth 2, 29 lits): UNSAT in 0.01s
    cube 4029.492.80 (depth 2, 29 lits): UNSAT in 0.01s
    cube 4029.492.81 (depth 2, 31 lits): UNSAT in 0.01s
    cube 4029.492.82 (depth 2, 31 lits): UNSAT in 0.01s
    cube 4029.492.83 (depth 2, 31 lits): UNSAT in 0.01s
    cube 4029.492.84 (depth 2, 31 lits): UNSAT in 0.01s
    cube 4029.492.85 (depth 2, 31 lits): UNSAT in 0.01s
    cube 4029.492.86 (depth 2, 31 lits): UNSAT in 0.01s
    cube 4029.492.87 (depth 2, 30 lits): UNSAT in 0.01s
    cube 4029.492.88 (depth 2, 29 lits): UNSAT in 0.01s
    cube 4029.492.89 (depth 2, 30 lits): UNSAT in 0.01s
    cube 4029.492.90 (depth 2, 31 lits): UNSAT in 0.01s
    cube 4029.492.91 (depth 2, 32 lits): UNSAT in 0.01s
    cube 4029.492.92 (depth 2, 32 lits): UNSAT in 0.01s
    cube 4029.492.93 (depth 2, 32 lits): UNSAT in 0.01s
    cube 4029.492.94 (depth 2, 32 lits): UNSAT in 0.01s
    cube 4029.492.95 (depth 2, 32 lits): UNSAT in 0.01s
    cube 4029.492.96 (depth 2, 32 lits): UNSAT in 0.01s
    cube 4029.492.97 (depth 2, 32 lits): UNSAT in 0.01s
    cube 4029.492.98 (depth 2, 32 lits): UNSAT in 0.01s
    cube 4029.492.99 (depth 2, 32 lits): UNSAT in 0.01s
    cube 4029.492.100 (depth 2, 32 lits): UNSAT in 0.02s
    cube 4029.492.101 (depth 2, 32 lits): UNSAT in 0.01s
    cube 4029.492.102 (depth 2, 32 lits): UNSAT in 0.01s
    cube 4029.492.103 (depth 2, 32 lits): UNSAT in 0.02s
    cube 4029.492.104 (depth 2, 32 lits): UNSAT in 0.02s
    cube 4029.492.105 (depth 2, 32 lits): UNSAT in 0.03s
    cube 4029.492.106 (depth 2, 32 lits): UNSAT in 0.09s
    cube 4029.492.107 (depth 2, 32 lits): UNSAT in 0.07s
    cube 4029.492.108 (depth 2, 32 lits): UNSAT in 0.10s
    cube 4029.492.109 (depth 2, 30 lits): UNSAT in 0.01s
    cube 4029.492.110 (depth 2, 30 lits): UNSAT in 0.02s
    cube 4029.492.111 (depth 2, 31 lits): UNSAT in 0.01s
    cube 4029.492.112 (depth 2, 32 lits): UNSAT in 0.01s
    cube 4029.492.113 (depth 2, 32 lits): UNSAT in 0.01s
    cube 4029.492.114 (depth 2, 32 lits): UNSAT in 0.01s
    cube 4029.492.115 (depth 2, 32 lits): UNSAT in 0.01s
    cube 4029.492.116 (depth 2, 32 lits): UNSAT in 0.01s
    cube 4029.492.117 (depth 2, 32 lits): UNSAT in 0.01s
    cube 4029.492.118 (depth 2, 31 lits): UNSAT in 0.01s
    cube 4029.492.119 (depth 2, 31 lits): UNSAT in 0.01s
    cube 4029.492.120 (depth 2, 32 lits): UNSAT in 0.01s
    cube 4029.492.121 (depth 2, 32 lits): UNSAT in 0.01s
    cube 4029.492.122 (depth 2, 32 lits): UNSAT in 0.01s
    cube 4029.492.123 (depth 2, 32 lits): UNSAT in 0.03s
    cube 4029.492.124 (depth 2, 31 lits): UNSAT in 0.01s
    cube 4029.492.125 (depth 2, 32 lits): UNSAT in 0.01s
    cube 4029.492.126 (depth 2, 32 lits): UNSAT in 0.02s
    cube 4029.492.127 (depth 2, 32 lits): UNSAT in 0.02s
    cube 4029.492.128 (depth 2, 32 lits): UNSAT in 0.02s
    cube 4029.492.129 (depth 2, 32 lits): UNSAT in 0.02s
    cube 4029.492.130 (depth 2, 32 lits): UNSAT in 0.03s
    cube 4029.492.131 (depth 2, 31 lits): UNSAT in 0.01s
    cube 4029.492.132 (depth 2, 32 lits): UNSAT in 0.01s
    cube 4029.492.133 (depth 2, 32 lits): UNSAT in 0.01s
    cube 4029.492.134 (depth 2, 32 lits): UNSAT in 0.01s
    cube 4029.492.135 (depth 2, 32 lits): UNSAT in 0.02s
    cube 4029.492.136 (depth 2, 32 lits): UNSAT in 0.01s
    cube 4029.492.137 (depth 2, 32 lits): UNSAT in 0.01s
    cube 4029.492.138 (depth 2, 31 lits): UNSAT in 0.01s
    cube 4029.492.139 (depth 2, 32 lits): UNSAT in 0.01s
    cube 4029.492.140 (depth 2, 32 lits): UNSAT in 0.02s
    cube 4029.492.141 (depth 2, 32 lits): UNSAT in 0.01s
    cube 4029.492.142 (depth 2, 32 lits): UNSAT in 0.01s
    cube 4029.492.143 (depth 2, 32 lits): UNSAT in 0.02s
    cube 4029.492.144 (depth 2, 32 lits): UNSAT in 0.05s
    cube 4029.492.145 (depth 2, 32 lits): UNSAT in 0.02s
    cube 4029.492.146 (depth 2, 32 lits): UNSAT in 0.02s
    cube 4029.492.147 (depth 2, 32 lits): UNSAT in 0.04s
    cube 4029.492.148 (depth 2, 32 lits): UNSAT in 0.04s
    cube 4029.492.149 (depth 2, 32 lits): UNSAT in 0.02s
    cube 4029.492.150 (depth 2, 32 lits): UNSAT in 0.04s
    cube 4029.492.151 (depth 2, 32 lits): UNSAT in 0.04s
    cube 4029.492.152 (depth 2, 32 lits): UNSAT in 0.08s
    cube 4029.492.153 (depth 2, 32 lits): UNSAT in 0.02s
    cube 4029.492.154 (depth 2, 32 lits): UNSAT in 0.05s
    cube 4029.492.155 (depth 2, 32 lits): UNSAT in 0.03s
    cube 4029.492.156 (depth 2, 32 lits): UNSAT in 0.03s
    cube 4029.492.157 (depth 2, 32 lits): UNSAT in 0.01s
    cube 4029.492.158 (depth 2, 32 lits): UNSAT in 0.07s
    cube 4029.492.159 (depth 2, 32 lits): UNSAT in 0.30s
    cube 4029.492.160 (depth 2, 32 lits): UNSAT in 0.23s
    cube 4029.492.161 (depth 2, 28 lits): UNSAT in 0.01s
    cube 4029.492.162 (depth 2, 29 lits): UNSAT in 0.01s
    cube 4029.492.163 (depth 2, 30 lits): UNSAT in 0.01s
    cube 4029.492.164 (depth 2, 32 lits): UNSAT in 0.01s
    cube 4029.492.165 (depth 2, 32 lits): UNSAT in 0.01s
    cube 4029.492.166 (depth 2, 31 lits): UNSAT in 0.02s
    cube 4029.492.167 (depth 2, 29 lits): UNSAT in 0.01s
    cube 4029.492.168 (depth 2, 30 lits): UNSAT in 0.01s
    cube 4029.492.169 (depth 2, 30 lits): UNSAT in 0.01s
    cube 4029.492.170 (depth 2, 30 lits): UNSAT in 0.01s
    cube 4029.492.171 (depth 2, 32 lits): UNSAT in 0.01s
    cube 4029.492.172 (depth 2, 32 lits): UNSAT in 0.02s
    cube 4029.492.173 (depth 2, 31 lits): UNSAT in 0.01s
    cube 4029.492.174 (depth 2, 31 lits): UNSAT in 0.01s
    cube 4029.492.175 (depth 2, 31 lits): UNSAT in 0.01s
    cube 4029.492.176 (depth 2, 32 lits): UNSAT in 0.01s
    cube 4029.492.177 (depth 2, 32 lits): UNSAT in 0.01s
    cube 4029.492.178 (depth 2, 32 lits): UNSAT in 0.01s
    cube 4029.492.179 (depth 2, 32 lits): UNSAT in 0.01s
    cube 4029.492.180 (depth 2, 30 lits): UNSAT in 0.01s
    cube 4029.492.181 (depth 2, 31 lits): UNSAT in 0.01s
    cube 4029.492.182 (depth 2, 31 lits): UNSAT in 0.01s
    cube 4029.492.183 (depth 2, 31 lits): UNSAT in 0.01s
    cube 4029.492.184 (depth 2, 32 lits): UNSAT in 0.01s
    cube 4029.492.185 (depth 2, 32 lits): UNSAT in 0.01s
    cube 4029.492.186 (depth 2, 32 lits): UNSAT in 0.01s
    cube 4029.492.187 (depth 2, 32 lits): UNSAT in 0.01s
    cube 4029.492.188 (depth 2, 32 lits): UNSAT in 0.01s
    cube 4029.492.189 (depth 2, 32 lits): UNSAT in 0.02s
    cube 4029.492.190 (depth 2, 31 lits): UNSAT in 0.01s
    cube 4029.492.191 (depth 2, 32 lits): UNSAT in 0.01s
    cube 4029.492.192 (depth 2, 32 lits): UNSAT in 0.01s
    cube 4029.492.193 (depth 2, 30 lits): UNSAT in 0.01s
    cube 4029.492.194 (depth 2, 32 lits): UNSAT in 0.01s
    cube 4029.492.195 (depth 2, 32 lits): UNSAT in 0.01s
    cube 4029.492.196 (depth 2, 32 lits): UNSAT in 0.01s
    cube 4029.492.197 (depth 2, 32 lits): UNSAT in 0.02s
    cube 4029.492.198 (depth 2, 32 lits): UNSAT in 0.01s
    cube 4029.492.199 (depth 2, 32 lits): UNSAT in 0.02s
    cube 4029.492.200 (depth 2, 32 lits): UNSAT in 0.03s
    cube 4029.492.201 (depth 2, 32 lits): UNSAT in 0.03s
    cube 4029.492.202 (depth 2, 32 lits): UNSAT in 0.01s
    cube 4029.492.203 (depth 2, 32 lits): UNSAT in 0.01s
    cube 4029.492.204 (depth 2, 32 lits): UNSAT in 0.01s
    cube 4029.492.205 (depth 2, 32 lits): UNSAT in 0.02s
    cube 4029.492.206 (depth 2, 32 lits): UNSAT in 0.01s
    cube 4029.492.207 (depth 2, 32 lits): UNSAT in 0.03s
    cube 4029.492.208 (depth 2, 32 lits): UNSAT in 0.02s
    cube 4029.492.209 (depth 2, 32 lits): UNSAT in 0.04s
    cube 4029.492.210 (depth 2, 32 lits): UNSAT in 0.01s
    cube 4029.492.211 (depth 2, 32 lits): UNSAT in 0.01s
    cube 4029.492.212 (depth 2, 32 lits): UNSAT in 0.01s
    cube 4029.492.213 (depth 2, 32 lits): UNSAT in 0.03s
    cube 4029.492.214 (depth 2, 32 lits): UNSAT in 0.02s
    cube 4029.492.215 (depth 2, 32 lits): UNSAT in 0.03s
    cube 4029.492.216 (depth 2, 32 lits): UNSAT in 0.05s
    cube 4029.492.217 (depth 2, 32 lits): UNSAT in 0.14s
    cube 4029.492.218 (depth 2, 32 lits): UNSAT in 0.01s
    cube 4029.492.219 (depth 2, 32 lits): UNSAT in 0.02s
    cube 4029.492.220 (depth 2, 32 lits): UNSAT in 0.01s
    cube 4029.492.221 (depth 2, 32 lits): UNSAT in 0.02s
    cube 4029.492.222 (depth 2, 32 lits): UNSAT in 0.02s
    cube 4029.492.223 (depth 2, 32 lits): UNSAT in 0.03s
    cube 4029.492.224 (depth 2, 32 lits): UNSAT in 0.04s
    cube 4029.492.225 (depth 2, 32 lits): UNSAT in 0.13s
    cube 4029.492.226 (depth 2, 32 lits): UNSAT in 0.02s
    cube 4029.492.227 (depth 2, 32 lits): UNSAT in 0.15s
    cube 4029.492.228 (depth 2, 32 lits): UNSAT in 0.10s
    cube 4029.492.229 (depth 2, 32 lits): UNSAT in 0.18s
    cube 4029.492.230 (depth 2, 32 lits): UNSAT in 0.17s
    cube 4029.492.231 (depth 2, 32 lits): UNSAT in 0.71s
    cube 4029.492.232 (depth 2, 32 lits): UNSAT in 0.23s
    cube 4029.492.233 (depth 2, 32 lits): UNSAT in 0.76s
    cube 4029.492.234 (depth 2, 29 lits): UNSAT in 0.01s
    cube 4029.492.235 (depth 2, 31 lits): UNSAT in 0.01s
    cube 4029.492.236 (depth 2, 31 lits): UNSAT in 0.02s
    cube 4029.492.237 (depth 2, 31 lits): UNSAT in 0.01s
    cube 4029.492.238 (depth 2, 31 lits): UNSAT in 0.01s
    cube 4029.492.239 (depth 2, 30 lits): UNSAT in 0.01s
    cube 4029.492.240 (depth 2, 30 lits): UNSAT in 0.01s
    cube 4029.492.241 (depth 2, 31 lits): UNSAT in 0.01s
    cube 4029.492.242 (depth 2, 31 lits): UNSAT in 0.01s
    cube 4029.492.243 (depth 2, 32 lits): UNSAT in 0.01s
    cube 4029.492.244 (depth 2, 32 lits): UNSAT in 0.02s
    cube 4029.492.245 (depth 2, 32 lits): UNSAT in 0.02s
    cube 4029.492.246 (depth 2, 32 lits): UNSAT in 0.02s
    cube 4029.492.247 (depth 2, 31 lits): UNSAT in 0.01s
    cube 4029.492.248 (depth 2, 31 lits): UNSAT in 0.01s
    cube 4029.492.249 (depth 2, 30 lits): UNSAT in 0.01s
    cube 4029.492.250 (depth 2, 31 lits): UNSAT in 0.01s
    cube 4029.492.251 (depth 2, 32 lits): UNSAT in 0.01s
    cube 4029.492.252 (depth 2, 32 lits): UNSAT in 0.02s
    cube 4029.492.253 (depth 2, 32 lits): UNSAT in 0.02s
    cube 4029.492.254 (depth 2, 32 lits): UNSAT in 0.02s
    cube 4029.492.255 (depth 2, 32 lits): UNSAT in 0.06s
    cube 4029.492.256 (depth 2, 32 lits): UNSAT in 0.09s
    cube 4029.492.257 (depth 2, 32 lits): UNSAT in 0.02s
    cube 4029.492.258 (depth 2, 32 lits): UNSAT in 0.02s
    cube 4029.492.259 (depth 2, 32 lits): UNSAT in 0.01s
    cube 4029.492.260 (depth 2, 32 lits): UNSAT in 0.02s
    cube 4029.492.261 (depth 2, 32 lits): UNSAT in 0.02s
    cube 4029.492.262 (depth 2, 32 lits): UNSAT in 0.07s
    cube 4029.492.263 (depth 2, 32 lits): UNSAT in 0.07s
    cube 4029.492.264 (depth 2, 32 lits): UNSAT in 0.10s
    cube 4029.492.265 (depth 2, 32 lits): UNSAT in 0.01s
    cube 4029.492.266 (depth 2, 32 lits): UNSAT in 0.02s
    cube 4029.492.267 (depth 2, 32 lits): UNSAT in 0.02s
    cube 4029.492.268 (depth 2, 32 lits): UNSAT in 0.01s
    cube 4029.492.269 (depth 2, 32 lits): UNSAT in 0.08s
    cube 4029.492.270 (depth 2, 32 lits): UNSAT in 0.14s
    cube 4029.492.271 (depth 2, 32 lits): UNSAT in 0.16s
    cube 4029.492.272 (depth 2, 32 lits): UNSAT in 0.56s
    cube 4029.492.273 (depth 2, 30 lits): UNSAT in 0.01s
    cube 4029.492.274 (depth 2, 32 lits): UNSAT in 0.01s
    cube 4029.492.275 (depth 2, 32 lits): UNSAT in 0.01s
    cube 4029.492.276 (depth 2, 32 lits): UNSAT in 0.01s
    cube 4029.492.277 (depth 2, 32 lits): UNSAT in 0.01s
    cube 4029.492.278 (depth 2, 32 lits): UNSAT in 0.01s
    cube 4029.492.279 (depth 2, 32 lits): UNSAT in 0.01s
    cube 4029.492.280 (depth 2, 32 lits): UNSAT in 0.02s
    cube 4029.492.281 (depth 2, 32 lits): UNSAT in 0.03s
    cube 4029.492.282 (depth 2, 32 lits): UNSAT in 0.01s
    cube 4029.492.283 (depth 2, 32 lits): UNSAT in 0.01s
    cube 4029.492.284 (depth 2, 32 lits): UNSAT in 0.02s
    cube 4029.492.285 (depth 2, 32 lits): UNSAT in 0.08s
    cube 4029.492.286 (depth 2, 32 lits): UNSAT in 0.01s
    cube 4029.492.287 (depth 2, 32 lits): UNSAT in 0.02s
    cube 4029.492.288 (depth 2, 32 lits): UNSAT in 0.01s
    cube 4029.492.289 (depth 2, 32 lits): UNSAT in 0.02s
    cube 4029.492.290 (depth 2, 32 lits): UNSAT in 0.03s
    cube 4029.492.291 (depth 2, 32 lits): UNSAT in 0.02s
    cube 4029.492.292 (depth 2, 32 lits): UNSAT in 0.01s
    cube 4029.492.293 (depth 2, 32 lits): UNSAT in 0.02s
    cube 4029.492.294 (depth 2, 32 lits): UNSAT in 0.01s
    cube 4029.492.295 (depth 2, 32 lits): UNSAT in 0.02s
    cube 4029.492.296 (depth 2, 32 lits): UNSAT in 0.02s
    cube 4029.492.297 (depth 2, 32 lits): UNSAT in 0.09s
    cube 4029.492.298 (depth 2, 32 lits): UNSAT in 0.04s
    cube 4029.492.299 (depth 2, 32 lits): UNSAT in 0.09s
    cube 4029.492.300 (depth 2, 32 lits): UNSAT in 0.03s
    cube 4029.492.301 (depth 2, 32 lits): UNSAT in 0.05s
    cube 4029.492.302 (depth 2, 31 lits): UNSAT in 0.01s
    cube 4029.492.303 (depth 2, 32 lits): UNSAT in 0.01s
    cube 4029.492.304 (depth 2, 32 lits): UNSAT in 0.01s
    cube 4029.492.305 (depth 2, 32 lits): UNSAT in 0.01s
    cube 4029.492.306 (depth 2, 32 lits): UNSAT in 0.02s
    cube 4029.492.307 (depth 2, 32 lits): UNSAT in 0.02s
    cube 4029.492.308 (depth 2, 32 lits): UNSAT in 0.03s
    cube 4029.492.309 (depth 2, 32 lits): UNSAT in 0.02s
    cube 4029.492.310 (depth 2, 32 lits): UNSAT in 0.03s
    cube 4029.492.311 (depth 2, 32 lits): UNSAT in 0.02s
    cube 4029.492.312 (depth 2, 32 lits): UNSAT in 0.11s
    cube 4029.492.313 (depth 2, 32 lits): UNSAT in 0.04s
    cube 4029.492.314 (depth 2, 32 lits): UNSAT in 0.13s
    cube 4029.492.315 (depth 2, 32 lits): UNSAT in 0.04s
    cube 4029.492.316 (depth 2, 32 lits): UNSAT in 0.17s
    cube 4029.492.317 (depth 2, 32 lits): UNSAT in 0.01s
    cube 4029.492.318 (depth 2, 32 lits): UNSAT in 0.03s
    cube 4029.492.319 (depth 2, 32 lits): UNSAT in 0.02s
    cube 4029.492.320 (depth 2, 32 lits): UNSAT in 0.09s
    cube 4029.492.321 (depth 2, 32 lits): UNSAT in 0.05s
    cube 4029.492.322 (depth 2, 32 lits): UNSAT in 0.05s
    cube 4029.492.323 (depth 2, 32 lits): UNSAT in 0.18s
    cube 4029.492.324 (depth 2, 32 lits): UNSAT in 0.33s
    cube 4029.492.325 (depth 2, 32 lits): UNSAT in 0.06s
    cube 4029.492.326 (depth 2, 32 lits): UNSAT in 0.11s
    cube 4029.492.327 (depth 2, 32 lits): UNSAT in 0.22s
    cube 4029.492.328 (depth 2, 32 lits): UNSAT in 1.52s
    cube 4029.492.329 (depth 2, 32 lits): UNSAT in 0.53s
    cube 4029.492.330 (depth 2, 32 lits): UNSAT in 1.88s
    cube 4029.492.331 (depth 2, 32 lits): UNSAT in 2.13s
    cube 4029.492.332 (depth 2, 32 lits): UNSAT in 1.85s
    cube 4029.492.333 (depth 2, 29 lits): UNSAT in 0.01s
    cube 4029.492.334 (depth 2, 30 lits): UNSAT in 0.01s
    cube 4029.492.335 (depth 2, 30 lits): UNSAT in 0.01s
    cube 4029.492.336 (depth 2, 30 lits): UNSAT in 0.01s
    cube 4029.492.337 (depth 2, 30 lits): UNSAT in 0.01s
    cube 4029.492.338 (depth 2, 30 lits): UNSAT in 0.01s
    cube 4029.492.339 (depth 2, 31 lits): UNSAT in 0.01s
    cube 4029.492.340 (depth 2, 31 lits): UNSAT in 0.01s
    cube 4029.492.341 (depth 2, 30 lits): UNSAT in 0.01s
    cube 4029.492.342 (depth 2, 31 lits): UNSAT in 0.01s
    cube 4029.492.343 (depth 2, 31 lits): UNSAT in 0.01s
    cube 4029.492.344 (depth 2, 30 lits): UNSAT in 0.01s
    cube 4029.492.345 (depth 2, 31 lits): UNSAT in 0.01s
    cube 4029.492.346 (depth 2, 31 lits): UNSAT in 0.01s
    cube 4029.492.347 (depth 2, 31 lits): UNSAT in 0.01s
    cube 4029.492.348 (depth 2, 32 lits): UNSAT in 0.01s
    cube 4029.492.349 (depth 2, 32 lits): UNSAT in 0.02s
    cube 4029.492.350 (depth 2, 32 lits): UNSAT in 0.01s
    cube 4029.492.351 (depth 2, 32 lits): UNSAT in 0.01s
    cube 4029.492.352 (depth 2, 32 lits): UNSAT in 0.01s
    cube 4029.492.353 (depth 2, 32 lits): UNSAT in 0.02s
    cube 4029.492.354 (depth 2, 32 lits): UNSAT in 0.01s
    cube 4029.492.355 (depth 2, 32 lits): UNSAT in 0.01s
    cube 4029.492.356 (depth 2, 32 lits): UNSAT in 0.02s
    cube 4029.492.357 (depth 2, 32 lits): UNSAT in 0.02s
    cube 4029.492.358 (depth 2, 32 lits): UNSAT in 0.01s
    cube 4029.492.359 (depth 2, 32 lits): UNSAT in 0.01s
    cube 4029.492.360 (depth 2, 32 lits): UNSAT in 0.01s
    cube 4029.492.361 (depth 2, 32 lits): UNSAT in 0.03s
    cube 4029.492.362 (depth 2, 30 lits): UNSAT in 0.01s
    cube 4029.492.363 (depth 2, 30 lits): UNSAT in 0.01s
    cube 4029.492.364 (depth 2, 31 lits): UNSAT in 0.01s
    cube 4029.492.365 (depth 2, 31 lits): UNSAT in 0.01s
    cube 4029.492.366 (depth 2, 31 lits): UNSAT in 0.01s
    cube 4029.492.367 (depth 2, 31 lits): UNSAT in 0.01s
    cube 4029.492.368 (depth 2, 31 lits): UNSAT in 0.01s
    cube 4029.492.369 (depth 2, 31 lits): UNSAT in 0.01s
    cube 4029.492.370 (depth 2, 30 lits): UNSAT in 0.01s
    cube 4029.492.371 (depth 2, 31 lits): UNSAT in 0.01s
    cube 4029.492.372 (depth 2, 31 lits): UNSAT in 0.01s
    cube 4029.492.373 (depth 2, 31 lits): UNSAT in 0.01s
    cube 4029.492.374 (depth 2, 31 lits): UNSAT in 0.01s
    cube 4029.492.375 (depth 2, 31 lits): UNSAT in 0.01s
    cube 4029.492.376 (depth 2, 31 lits): UNSAT in 0.01s
    cube 4029.492.377 (depth 2, 31 lits): UNSAT in 0.01s
    cube 4029.492.378 (depth 2, 32 lits): UNSAT in 0.01s
    cube 4029.492.379 (depth 2, 32 lits): UNSAT in 0.01s
    cube 4029.492.380 (depth 2, 32 lits): UNSAT in 0.01s
    cube 4029.492.381 (depth 2, 32 lits): UNSAT in 0.01s
    cube 4029.492.382 (depth 2, 32 lits): UNSAT in 0.02s
    cube 4029.492.383 (depth 2, 32 lits): UNSAT in 0.03s
    cube 4029.492.384 (depth 2, 32 lits): UNSAT in 0.01s
    cube 4029.492.385 (depth 2, 32 lits): UNSAT in 0.01s
    cube 4029.492.386 (depth 2, 32 lits): UNSAT in 0.02s
    cube 4029.492.387 (depth 2, 32 lits): UNSAT in 0.01s
    cube 4029.492.388 (depth 2, 32 lits): UNSAT in 0.01s
    cube 4029.492.389 (depth 2, 32 lits): UNSAT in 0.01s
    cube 4029.492.390 (depth 2, 31 lits): UNSAT in 0.01s
    cube 4029.492.391 (depth 2, 32 lits): UNSAT in 0.01s
    cube 4029.492.392 (depth 2, 32 lits): UNSAT in 0.01s
    cube 4029.492.393 (depth 2, 32 lits): UNSAT in 0.02s
    cube 4029.492.394 (depth 2, 32 lits): UNSAT in 0.02s
    cube 4029.492.395 (depth 2, 32 lits): UNSAT in 0.02s
    cube 4029.492.396 (depth 2, 32 lits): UNSAT in 0.02s
    cube 4029.492.397 (depth 2, 32 lits): UNSAT in 0.03s
    cube 4029.492.398 (depth 2, 32 lits): UNSAT in 0.06s
    cube 4029.492.399 (depth 2, 32 lits): UNSAT in 0.08s
    cube 4029.492.400 (depth 2, 32 lits): UNSAT in 0.11s
    cube 4029.492.401 (depth 2, 32 lits): UNSAT in 0.03s
    cube 4029.492.402 (depth 2, 32 lits): UNSAT in 0.06s
    cube 4029.492.403 (depth 2, 31 lits): UNSAT in 0.01s
    cube 4029.492.404 (depth 2, 31 lits): UNSAT in 0.01s
    cube 4029.492.405 (depth 2, 32 lits): UNSAT in 0.01s
    cube 4029.492.406 (depth 2, 32 lits): UNSAT in 0.02s
    cube 4029.492.407 (depth 2, 32 lits): UNSAT in 0.02s
    cube 4029.492.408 (depth 2, 32 lits): UNSAT in 0.02s
    cube 4029.492.409 (depth 2, 32 lits): UNSAT in 0.01s
    cube 4029.492.410 (depth 2, 32 lits): UNSAT in 0.01s
    cube 4029.492.411 (depth 2, 32 lits): UNSAT in 0.01s
    cube 4029.492.412 (depth 2, 32 lits): UNSAT in 0.04s
    cube 4029.492.413 (depth 2, 32 lits): UNSAT in 0.02s
    cube 4029.492.414 (depth 2, 32 lits): UNSAT in 0.06s
    cube 4029.492.415 (depth 2, 32 lits): UNSAT in 0.05s
    cube 4029.492.416 (depth 2, 32 lits): UNSAT in 0.23s
    cube 4029.492.417 (depth 2, 31 lits): UNSAT in 0.01s
    cube 4029.492.418 (depth 2, 32 lits): UNSAT in 0.02s
    cube 4029.492.419 (depth 2, 32 lits): UNSAT in 0.02s
    cube 4029.492.420 (depth 2, 32 lits): UNSAT in 0.01s
    cube 4029.492.421 (depth 2, 32 lits): UNSAT in 0.02s
    cube 4029.492.422 (depth 2, 32 lits): UNSAT in 0.03s
    cube 4029.492.423 (depth 2, 32 lits): UNSAT in 0.04s
    cube 4029.492.424 (depth 2, 32 lits): UNSAT in 0.02s
    cube 4029.492.425 (depth 2, 32 lits): UNSAT in 0.02s
    cube 4029.492.426 (depth 2, 32 lits): UNSAT in 0.02s
    cube 4029.492.427 (depth 2, 32 lits): UNSAT in 0.08s
    cube 4029.492.428 (depth 2, 32 lits): UNSAT in 0.12s
    cube 4029.492.429 (depth 2, 32 lits): UNSAT in 0.18s
    cube 4029.492.430 (depth 2, 32 lits): UNSAT in 0.15s
    cube 4029.492.431 (depth 2, 32 lits): UNSAT in 0.66s
    cube 4029.492.432 (depth 2, 30 lits): UNSAT in 0.01s
    cube 4029.492.433 (depth 2, 32 lits): UNSAT in 0.01s
    cube 4029.492.434 (depth 2, 32 lits): UNSAT in 0.01s
    cube 4029.492.435 (depth 2, 32 lits): UNSAT in 0.01s
    cube 4029.492.436 (depth 2, 32 lits): UNSAT in 0.02s
    cube 4029.492.437 (depth 2, 31 lits): UNSAT in 0.01s
    cube 4029.492.438 (depth 2, 32 lits): UNSAT in 0.01s
    cube 4029.492.439 (depth 2, 32 lits): UNSAT in 0.02s
    cube 4029.492.440 (depth 2, 32 lits): UNSAT in 0.02s
    cube 4029.492.441 (depth 2, 32 lits): UNSAT in 0.05s
    cube 4029.492.442 (depth 2, 32 lits): UNSAT in 0.10s
    cube 4029.492.443 (depth 2, 32 lits): UNSAT in 0.14s
    cube 4029.492.444 (depth 2, 32 lits): UNSAT in 0.02s
    cube 4029.492.445 (depth 2, 32 lits): UNSAT in 0.04s
    cube 4029.492.446 (depth 2, 32 lits): UNSAT in 0.04s
    cube 4029.492.447 (depth 2, 32 lits): UNSAT in 0.21s
    cube 4029.492.448 (depth 2, 32 lits): UNSAT in 0.03s
    cube 4029.492.449 (depth 2, 32 lits): UNSAT in 0.03s
    cube 4029.492.450 (depth 2, 32 lits): UNSAT in 0.09s
    cube 4029.492.451 (depth 2, 32 lits): UNSAT in 0.62s
    cube 4029.492.452 (depth 2, 32 lits): UNSAT in 0.03s
    cube 4029.492.453 (depth 2, 32 lits): UNSAT in 0.04s
    cube 4029.492.454 (depth 2, 32 lits): UNSAT in 0.01s
    cube 4029.492.455 (depth 2, 32 lits): UNSAT in 0.24s
    cube 4029.492.456 (depth 2, 32 lits): UNSAT in 0.04s
    cube 4029.492.457 (depth 2, 32 lits): UNSAT in 0.12s
    cube 4029.492.458 (depth 2, 32 lits): UNSAT in 0.37s
    cube 4029.492.459 (depth 2, 32 lits): UNSAT in 1.75s
    cube 4029.492.460 (depth 2, 32 lits): UNSAT in 0.02s
    cube 4029.492.461 (depth 2, 32 lits): UNSAT in 0.02s
    cube 4029.492.462 (depth 2, 32 lits): UNSAT in 0.01s
    cube 4029.492.463 (depth 2, 32 lits): UNSAT in 0.03s
    cube 4029.492.464 (depth 2, 32 lits): UNSAT in 0.02s
    cube 4029.492.465 (depth 2, 32 lits): UNSAT in 0.04s
    cube 4029.492.466 (depth 2, 32 lits): UNSAT in 0.03s
    cube 4029.492.467 (depth 2, 32 lits): UNSAT in 0.05s
    cube 4029.492.468 (depth 2, 32 lits): UNSAT in 0.01s
    cube 4029.492.469 (depth 2, 32 lits): UNSAT in 0.02s
    cube 4029.492.470 (depth 2, 32 lits): UNSAT in 0.02s
    cube 4029.492.471 (depth 2, 32 lits): UNSAT in 0.06s
    cube 4029.492.472 (depth 2, 32 lits): UNSAT in 0.02s
    cube 4029.492.473 (depth 2, 32 lits): UNSAT in 0.07s
    cube 4029.492.474 (depth 2, 32 lits): UNSAT in 0.08s
    cube 4029.492.475 (depth 2, 32 lits): UNSAT in 0.26s
    cube 4029.492.476 (depth 2, 32 lits): UNSAT in 0.03s
    cube 4029.492.477 (depth 2, 32 lits): UNSAT in 0.14s
    cube 4029.492.478 (depth 2, 32 lits): UNSAT in 0.03s
    cube 4029.492.479 (depth 2, 32 lits): UNSAT in 0.09s
    cube 4029.492.480 (depth 2, 32 lits): UNSAT in 0.06s
    cube 4029.492.481 (depth 2, 32 lits): UNSAT in 0.06s
    cube 4029.492.482 (depth 2, 32 lits): UNSAT in 0.18s
    cube 4029.492.483 (depth 2, 32 lits): UNSAT in 0.61s
    cube 4029.492.484 (depth 2, 32 lits): UNSAT in 0.13s
    cube 4029.492.485 (depth 2, 32 lits): UNSAT in 0.23s
    cube 4029.492.486 (depth 2, 32 lits): UNSAT in 0.44s
    cube 4029.492.487 (depth 2, 32 lits): UNSAT in 1.31s
    cube 4029.492.488 (depth 2, 32 lits): UNSAT in 0.28s
    cube 4029.492.489 (depth 2, 32 lits): UNSAT in 0.18s
    cube 4029.492.490 (depth 2, 32 lits): UNSAT in 0.16s
    cube 4029.492.491 (depth 2, 32 lits): UNSAT in 5.99s
    cube 4029.492.492 (depth 2, 32 lits): UNSAT in 0.01s
    cube 4029.492.493 (depth 2, 32 lits): UNSAT in 0.02s
    cube 4029.492.494 (depth 2, 32 lits): UNSAT in 0.02s
    cube 4029.492.495 (depth 2, 32 lits): UNSAT in 0.05s
    cube 4029.492.496 (depth 2, 32 lits): UNSAT in 0.02s
    cube 4029.492.497 (depth 2, 32 lits): UNSAT in 0.02s
    cube 4029.492.498 (depth 2, 32 lits): UNSAT in 0.02s
    cube 4029.492.499 (depth 2, 32 lits): UNSAT in 0.04s
    cube 4029.492.500 (depth 2, 32 lits): UNSAT in 0.01s
    cube 4029.492.501 (depth 2, 32 lits): UNSAT in 0.03s
    cube 4029.492.502 (depth 2, 32 lits): UNSAT in 0.03s
    cube 4029.492.503 (depth 2, 32 lits): UNSAT in 0.07s
    cube 4029.492.504 (depth 2, 32 lits): UNSAT in 0.03s
    cube 4029.492.505 (depth 2, 32 lits): UNSAT in 0.06s
    cube 4029.492.506 (depth 2, 32 lits): UNSAT in 0.05s
    cube 4029.492.507 (depth 2, 32 lits): UNSAT in 0.22s
    cube 4029.492.508 (depth 2, 32 lits): UNSAT in 0.01s
    cube 4029.492.509 (depth 2, 32 lits): UNSAT in 0.03s
    cube 4029.492.510 (depth 2, 32 lits): UNSAT in 0.03s
    cube 4029.492.511 (depth 2, 32 lits): UNSAT in 0.11s
    cube 4029.492.512 (depth 2, 32 lits): UNSAT in 0.02s
    cube 4029.492.513 (depth 2, 32 lits): UNSAT in 0.08s
    cube 4029.492.514 (depth 2, 32 lits): UNSAT in 0.11s
    cube 4029.492.515 (depth 2, 32 lits): UNSAT in 0.26s
    cube 4029.492.516 (depth 2, 32 lits): UNSAT in 0.03s
    cube 4029.492.517 (depth 2, 32 lits): UNSAT in 0.09s
    cube 4029.492.518 (depth 2, 32 lits): UNSAT in 0.09s
    cube 4029.492.519 (depth 2, 32 lits): UNSAT in 0.26s
    cube 4029.492.520 (depth 2, 32 lits): UNSAT in 0.08s
    cube 4029.492.521 (depth 2, 32 lits): UNSAT in 0.10s
    cube 4029.492.522 (depth 2, 32 lits): UNSAT in 1.48s
    cube 4029.492.523 (depth 2, 32 lits): UNSAT in 2.66s
    cube 4029.492.524 (depth 2, 31 lits): UNSAT in 0.01s
    cube 4029.492.525 (depth 2, 32 lits): UNSAT in 0.01s
    cube 4029.492.526 (depth 2, 32 lits): UNSAT in 0.01s
    cube 4029.492.527 (depth 2, 32 lits): UNSAT in 0.01s
    cube 4029.492.528 (depth 2, 32 lits): UNSAT in 0.02s
    cube 4029.492.529 (depth 2, 32 lits): UNSAT in 0.02s
    cube 4029.492.530 (depth 2, 32 lits): UNSAT in 0.02s
    cube 4029.492.531 (depth 2, 32 lits): UNSAT in 0.01s
    cube 4029.492.532 (depth 2, 32 lits): UNSAT in 0.02s
    cube 4029.492.533 (depth 2, 32 lits): UNSAT in 0.01s
    cube 4029.492.534 (depth 2, 32 lits): UNSAT in 0.03s
    cube 4029.492.535 (depth 2, 32 lits): UNSAT in 0.02s
    cube 4029.492.536 (depth 2, 32 lits): UNSAT in 0.04s
    cube 4029.492.537 (depth 2, 32 lits): UNSAT in 0.02s
    cube 4029.492.538 (depth 2, 32 lits): UNSAT in 0.02s
    cube 4029.492.539 (depth 2, 31 lits): UNSAT in 0.01s
    cube 4029.492.540 (depth 2, 32 lits): UNSAT in 0.01s
    cube 4029.492.541 (depth 2, 32 lits): UNSAT in 0.01s
    cube 4029.492.542 (depth 2, 31 lits): UNSAT in 0.01s
    cube 4029.492.543 (depth 2, 32 lits): UNSAT in 0.01s
    cube 4029.492.544 (depth 2, 32 lits): UNSAT in 0.02s
    cube 4029.492.545 (depth 2, 32 lits): UNSAT in 0.04s
    cube 4029.492.546 (depth 2, 32 lits): UNSAT in 0.08s
    cube 4029.492.547 (depth 2, 32 lits): UNSAT in 0.17s
    cube 4029.492.548 (depth 2, 32 lits): UNSAT in 0.34s
    cube 4029.492.549 (depth 2, 32 lits): UNSAT in 0.04s
    cube 4029.492.550 (depth 2, 32 lits): UNSAT in 0.13s
    cube 4029.492.551 (depth 2, 32 lits): UNSAT in 0.32s
    cube 4029.492.552 (depth 2, 32 lits): UNSAT in 1.17s
    cube 4029.492.553 (depth 2, 32 lits): UNSAT in 0.01s
    cube 4029.492.554 (depth 2, 32 lits): UNSAT in 0.01s
    cube 4029.492.555 (depth 2, 32 lits): UNSAT in 0.01s
    cube 4029.492.556 (depth 2, 32 lits): UNSAT in 0.02s
    cube 4029.492.557 (depth 2, 31 lits): UNSAT in 0.02s
    cube 4029.492.558 (depth 2, 32 lits): UNSAT in 0.02s
    cube 4029.492.559 (depth 2, 32 lits): UNSAT in 0.02s
    cube 4029.492.560 (depth 2, 32 lits): UNSAT in 0.01s
    cube 4029.492.561 (depth 2, 32 lits): UNSAT in 0.01s
    cube 4029.492.562 (depth 2, 32 lits): UNSAT in 0.02s
    cube 4029.492.563 (depth 2, 32 lits): UNSAT in 0.04s
    cube 4029.492.564 (depth 2, 32 lits): UNSAT in 0.03s
    cube 4029.492.565 (depth 2, 32 lits): UNSAT in 0.03s
    cube 4029.492.566 (depth 2, 32 lits): UNSAT in 0.04s
    cube 4029.492.567 (depth 2, 32 lits): UNSAT in 0.21s
    cube 4029.492.568 (depth 2, 32 lits): UNSAT in 0.01s
    cube 4029.492.569 (depth 2, 32 lits): UNSAT in 0.02s
    cube 4029.492.570 (depth 2, 32 lits): UNSAT in 0.01s
    cube 4029.492.571 (depth 2, 32 lits): UNSAT in 0.02s
    cube 4029.492.572 (depth 2, 32 lits): UNSAT in 0.01s
    cube 4029.492.573 (depth 2, 32 lits): UNSAT in 0.08s
    cube 4029.492.574 (depth 2, 32 lits): UNSAT in 0.03s
    cube 4029.492.575 (depth 2, 32 lits): UNSAT in 0.13s
    cube 4029.492.576 (depth 2, 32 lits): UNSAT in 0.02s
    cube 4029.492.577 (depth 2, 32 lits): UNSAT in 0.17s
    cube 4029.492.578 (depth 2, 32 lits): UNSAT in 0.08s
    cube 4029.492.579 (depth 2, 32 lits): UNSAT in 0.23s
    cube 4029.492.580 (depth 2, 32 lits): UNSAT in 0.04s
    cube 4029.492.581 (depth 2, 32 lits): UNSAT in 0.17s
    cube 4029.492.582 (depth 2, 32 lits): UNSAT in 0.25s
    cube 4029.492.583 (depth 2, 32 lits): UNSAT in 0.94s
    cube 4029.492.584 (depth 2, 31 lits): UNSAT in 0.01s
    cube 4029.492.585 (depth 2, 32 lits): UNSAT in 0.02s
    cube 4029.492.586 (depth 2, 32 lits): UNSAT in 0.05s
    cube 4029.492.587 (depth 2, 32 lits): UNSAT in 0.01s
    cube 4029.492.588 (depth 2, 32 lits): UNSAT in 0.02s
    cube 4029.492.589 (depth 2, 32 lits): UNSAT in 0.02s
    cube 4029.492.590 (depth 2, 32 lits): UNSAT in 0.06s
    cube 4029.492.591 (depth 2, 32 lits): UNSAT in 0.04s
    cube 4029.492.592 (depth 2, 32 lits): UNSAT in 0.09s
    cube 4029.492.593 (depth 2, 32 lits): UNSAT in 0.05s
    cube 4029.492.594 (depth 2, 32 lits): UNSAT in 0.30s
    cube 4029.492.595 (depth 2, 32 lits): UNSAT in 0.03s
    cube 4029.492.596 (depth 2, 32 lits): UNSAT in 0.07s
    cube 4029.492.597 (depth 2, 32 lits): UNSAT in 0.05s
    cube 4029.492.598 (depth 2, 32 lits): UNSAT in 0.67s
    cube 4029.492.599 (depth 2, 32 lits): UNSAT in 0.03s
    cube 4029.492.600 (depth 2, 32 lits): UNSAT in 0.03s
    cube 4029.492.601 (depth 2, 32 lits): UNSAT in 0.04s
    cube 4029.492.602 (depth 2, 32 lits): UNSAT in 0.05s
    cube 4029.492.603 (depth 2, 32 lits): UNSAT in 0.02s
    cube 4029.492.604 (depth 2, 32 lits): UNSAT in 0.02s
    cube 4029.492.605 (depth 2, 32 lits): UNSAT in 0.01s
    cube 4029.492.606 (depth 2, 32 lits): UNSAT in 0.01s
    cube 4029.492.607 (depth 2, 32 lits): UNSAT in 0.02s
    cube 4029.492.608 (depth 2, 32 lits): UNSAT in 0.05s
    cube 4029.492.609 (depth 2, 32 lits): UNSAT in 0.02s
    cube 4029.492.610 (depth 2, 32 lits): UNSAT in 0.02s
    cube 4029.492.611 (depth 2, 32 lits): UNSAT in 0.33s
    cube 4029.492.612 (depth 2, 32 lits): UNSAT in 0.18s
    cube 4029.492.613 (depth 2, 32 lits): UNSAT in 0.22s
    cube 4029.492.614 (depth 2, 32 lits): UNSAT in 0.57s
    cube 4029.492.615 (depth 2, 31 lits): UNSAT in 0.01s
    cube 4029.492.616 (depth 2, 32 lits): UNSAT in 0.01s
    cube 4029.492.617 (depth 2, 32 lits): UNSAT in 0.02s
    cube 4029.492.618 (depth 2, 32 lits): UNSAT in 0.01s
    cube 4029.492.619 (depth 2, 32 lits): UNSAT in 0.03s
    cube 4029.492.620 (depth 2, 32 lits): UNSAT in 0.02s
    cube 4029.492.621 (depth 2, 32 lits): UNSAT in 0.01s
    cube 4029.492.622 (depth 2, 32 lits): UNSAT in 0.02s
    cube 4029.492.623 (depth 2, 32 lits): UNSAT in 0.01s
    cube 4029.492.624 (depth 2, 32 lits): UNSAT in 0.02s
    cube 4029.492.625 (depth 2, 32 lits): UNSAT in 0.03s
    cube 4029.492.626 (depth 2, 32 lits): UNSAT in 0.02s
    cube 4029.492.627 (depth 2, 32 lits): UNSAT in 0.04s
    cube 4029.492.628 (depth 2, 32 lits): UNSAT in 0.07s
    cube 4029.492.629 (depth 2, 32 lits): UNSAT in 0.31s
    cube 4029.492.630 (depth 2, 32 lits): UNSAT in 0.03s
    cube 4029.492.631 (depth 2, 32 lits): UNSAT in 0.16s
    cube 4029.492.632 (depth 2, 32 lits): UNSAT in 0.10s
    cube 4029.492.633 (depth 2, 32 lits): UNSAT in 0.19s
    cube 4029.492.634 (depth 2, 32 lits): UNSAT in 0.16s
    cube 4029.492.635 (depth 2, 32 lits): UNSAT in 0.30s
    cube 4029.492.636 (depth 2, 32 lits): UNSAT in 0.13s
    cube 4029.492.637 (depth 2, 32 lits): UNSAT in 1.03s
    cube 4029.492.638 (depth 2, 32 lits): UNSAT in 0.10s
    cube 4029.492.639 (depth 2, 32 lits): UNSAT in 0.31s
    cube 4029.492.640 (depth 2, 32 lits): UNSAT in 0.29s
    cube 4029.492.641 (depth 2, 32 lits): UNSAT in 7.50s
    cube 4029.492.642 (depth 2, 32 lits): UNSAT in 0.30s
    cube 4029.492.643 (depth 2, 32 lits): UNSAT in 11.44s
    cube 4029.492.644 (depth 2, 32 lits): UNSAT in 26.75s
    cube 4029.492.645 (depth 2, 32 lits): UNSAT in 12.78s
    cube 4029.492.646 (depth 2, 32 lits): UNSAT in 0.01s
    cube 4029.492.647 (depth 2, 32 lits): UNSAT in 0.01s
    cube 4029.492.648 (depth 2, 32 lits): UNSAT in 0.01s
    cube 4029.492.649 (depth 2, 32 lits): UNSAT in 0.02s
    cube 4029.492.650 (depth 2, 32 lits): UNSAT in 0.01s
    cube 4029.492.651 (depth 2, 32 lits): UNSAT in 0.01s
    cube 4029.492.652 (depth 2, 32 lits): UNSAT in 0.01s
    cube 4029.492.653 (depth 2, 32 lits): UNSAT in 0.03s
    cube 4029.492.654 (depth 2, 32 lits): UNSAT in 0.01s
    cube 4029.492.655 (depth 2, 32 lits): UNSAT in 0.03s
    cube 4029.492.656 (depth 2, 32 lits): UNSAT in 0.02s
    cube 4029.492.657 (depth 2, 32 lits): UNSAT in 0.06s
    cube 4029.492.658 (depth 2, 32 lits): UNSAT in 0.02s
    cube 4029.492.659 (depth 2, 32 lits): UNSAT in 0.05s
    cube 4029.492.660 (depth 2, 32 lits): UNSAT in 0.12s
    cube 4029.492.661 (depth 2, 32 lits): UNSAT in 0.32s
    cube 4029.492.662 (depth 2, 32 lits): UNSAT in 0.02s
    cube 4029.492.663 (depth 2, 32 lits): UNSAT in 0.05s
    cube 4029.492.664 (depth 2, 32 lits): UNSAT in 0.02s
    cube 4029.492.665 (depth 2, 32 lits): UNSAT in 0.03s
    cube 4029.492.666 (depth 2, 32 lits): UNSAT in 0.08s
    cube 4029.492.667 (depth 2, 32 lits): UNSAT in 0.14s
    cube 4029.492.668 (depth 2, 32 lits): UNSAT in 0.19s
    cube 4029.492.669 (depth 2, 32 lits): UNSAT in 0.86s
    cube 4029.492.670 (depth 2, 32 lits): UNSAT in 0.03s
    cube 4029.492.671 (depth 2, 32 lits): UNSAT in 0.07s
    cube 4029.492.672 (depth 2, 32 lits): UNSAT in 0.05s
    cube 4029.492.673 (depth 2, 32 lits): UNSAT in 0.18s
    cube 4029.492.674 (depth 2, 32 lits): UNSAT in 0.03s
    cube 4029.492.675 (depth 2, 32 lits): UNSAT in 0.50s
    cube 4029.492.676 (depth 2, 32 lits): UNSAT in 0.33s
    cube 4029.492.677 (depth 2, 32 lits): UNSAT in 1.11s
    cube 4029.492.678 (depth 2, 32 lits): UNSAT in 0.01s
    cube 4029.492.679 (depth 2, 32 lits): UNSAT in 0.01s
    cube 4029.492.680 (depth 2, 32 lits): UNSAT in 0.02s
    cube 4029.492.681 (depth 2, 32 lits): UNSAT in 0.06s
    cube 4029.492.682 (depth 2, 32 lits): UNSAT in 0.02s
    cube 4029.492.683 (depth 2, 32 lits): UNSAT in 0.03s
    cube 4029.492.684 (depth 2, 32 lits): UNSAT in 0.03s
    cube 4029.492.685 (depth 2, 32 lits): UNSAT in 0.02s
    cube 4029.492.686 (depth 2, 32 lits): UNSAT in 0.08s
    cube 4029.492.687 (depth 2, 32 lits): UNSAT in 0.16s
    cube 4029.492.688 (depth 2, 32 lits): UNSAT in 0.11s
    cube 4029.492.689 (depth 2, 32 lits): UNSAT in 0.49s
    cube 4029.492.690 (depth 2, 32 lits): UNSAT in 0.09s
    cube 4029.492.691 (depth 2, 32 lits): UNSAT in 0.98s
    cube 4029.492.692 (depth 2, 32 lits): UNSAT in 0.34s
    cube 4029.492.693 (depth 2, 32 lits): UNSAT in 3.00s
    cube 4029.492.694 (depth 2, 32 lits): UNSAT in 0.02s
    cube 4029.492.695 (depth 2, 32 lits): UNSAT in 0.07s
    cube 4029.492.696 (depth 2, 32 lits): UNSAT in 0.03s
    cube 4029.492.697 (depth 2, 32 lits): UNSAT in 0.03s
    cube 4029.492.698 (depth 2, 32 lits): UNSAT in 0.08s
    cube 4029.492.699 (depth 2, 32 lits): UNSAT in 0.27s
    cube 4029.492.700 (depth 2, 32 lits): UNSAT in 0.04s
    cube 4029.492.701 (depth 2, 32 lits): UNSAT in 1.67s
    cube 4029.492.702 (depth 2, 32 lits): UNSAT in 0.03s
    cube 4029.492.703 (depth 2, 32 lits): UNSAT in 0.05s
    cube 4029.492.704 (depth 2, 32 lits): UNSAT in 0.08s
    cube 4029.492.705 (depth 2, 32 lits): UNSAT in 0.83s
    cube 4029.492.706 (depth 2, 32 lits): UNSAT in 0.10s
    cube 4029.492.707 (depth 2, 32 lits): UNSAT in 3.10s
    cube 4029.492.708 (depth 2, 32 lits): UNSAT in 10.09s
    cube 4029.492.709 (depth 2, 32 lits): UNSAT in 35.15s
    cube 4029.492.710 (depth 2, 32 lits): UNSAT in 0.01s
    cube 4029.492.711 (depth 2, 32 lits): UNSAT in 0.02s
    cube 4029.492.712 (depth 2, 32 lits): UNSAT in 0.02s
    cube 4029.492.713 (depth 2, 32 lits): UNSAT in 0.05s
    cube 4029.492.714 (depth 2, 32 lits): UNSAT in 0.04s
    cube 4029.492.715 (depth 2, 32 lits): UNSAT in 0.08s
    cube 4029.492.716 (depth 2, 32 lits): UNSAT in 0.08s
    cube 4029.492.717 (depth 2, 32 lits): UNSAT in 0.53s
    cube 4029.492.718 (depth 2, 32 lits): UNSAT in 0.03s
    cube 4029.492.719 (depth 2, 32 lits): UNSAT in 0.19s
    cube 4029.492.720 (depth 2, 32 lits): UNSAT in 0.10s
    cube 4029.492.721 (depth 2, 32 lits): UNSAT in 0.28s
    cube 4029.492.722 (depth 2, 32 lits): UNSAT in 0.06s
    cube 4029.492.723 (depth 2, 32 lits): UNSAT in 0.12s
    cube 4029.492.724 (depth 2, 32 lits): UNSAT in 0.28s
    cube 4029.492.725 (depth 2, 32 lits): UNSAT in 4.52s
    cube 4029.492.726 (depth 2, 32 lits): UNSAT in 0.04s
    cube 4029.492.727 (depth 2, 32 lits): UNSAT in 0.05s
    cube 4029.492.728 (depth 2, 32 lits): UNSAT in 0.07s
    cube 4029.492.729 (depth 2, 32 lits): UNSAT in 0.56s
    cube 4029.492.730 (depth 2, 32 lits): UNSAT in 0.04s
    cube 4029.492.731 (depth 2, 32 lits): UNSAT in 0.14s
    cube 4029.492.732 (depth 2, 32 lits): UNSAT in 0.12s
    cube 4029.492.733 (depth 2, 32 lits): UNSAT in 1.32s
    cube 4029.492.734 (depth 2, 32 lits): UNSAT in 0.02s
    cube 4029.492.735 (depth 2, 32 lits): UNSAT in 0.03s
    cube 4029.492.736 (depth 2, 32 lits): UNSAT in 0.25s
    cube 4029.492.737 (depth 2, 32 lits): UNSAT in 1.23s
    cube 4029.492.738 (depth 2, 32 lits): UNSAT in 0.21s
    cube 4029.492.739 (depth 2, 32 lits): UNSAT in 0.66s
    cube 4029.492.740 (depth 2, 32 lits): UNSAT in 2.31s
    cube 4029.492.741 (depth 2, 32 lits): UNSAT in 23.45s
    cube 4029.492.742 (depth 2, 32 lits): UNSAT in 0.03s
    cube 4029.492.743 (depth 2, 32 lits): UNSAT in 0.05s
    cube 4029.492.744 (depth 2, 32 lits): UNSAT in 0.06s
    cube 4029.492.745 (depth 2, 32 lits): UNSAT in 0.26s
    cube 4029.492.746 (depth 2, 32 lits): UNSAT in 0.19s
    cube 4029.492.747 (depth 2, 32 lits): UNSAT in 0.51s
    cube 4029.492.748 (depth 2, 32 lits): UNSAT in 0.59s
    cube 4029.492.749 (depth 2, 32 lits): UNSAT in 3.16s
    cube 4029.492.750 (depth 2, 32 lits): UNSAT in 0.08s
    cube 4029.492.751 (depth 2, 32 lits): UNSAT in 0.06s
    cube 4029.492.752 (depth 2, 32 lits): UNSAT in 0.27s
    cube 4029.492.753 (depth 2, 32 lits): UNSAT in 3.19s
    cube 4029.492.754 (depth 2, 32 lits): UNSAT in 1.15s
    cube 4029.492.755 (depth 2, 32 lits): UNSAT in 3.17s
    cube 4029.492.756 (depth 2, 32 lits): UNSAT in 1.19s
    cube 4029.492.757 (depth 2, 32 lits): UNSAT in 42.36s
    cube 4029.492.758 (depth 2, 32 lits): UNSAT in 0.04s
    cube 4029.492.759 (depth 2, 32 lits): UNSAT in 0.05s
    cube 4029.492.760 (depth 2, 32 lits): UNSAT in 0.10s
    cube 4029.492.761 (depth 2, 32 lits): UNSAT in 0.47s
    cube 4029.492.762 (depth 2, 32 lits): UNSAT in 0.25s
    cube 4029.492.763 (depth 2, 32 lits): UNSAT in 1.27s
    cube 4029.492.764 (depth 2, 32 lits): UNSAT in 0.12s
    cube 4029.492.765 (depth 2, 32 lits): UNSAT in 10.68s
    cube 4029.492.766 (depth 2, 32 lits): UNSAT in 0.81s
    cube 4029.492.767 (depth 2, 32 lits): UNSAT in 0.60s
    cube 4029.492.768 (depth 2, 32 lits): UNSAT in 0.21s
    cube 4029.492.769 (depth 2, 32 lits): UNSAT in 3.68s
    cube 4029.492.770 (depth 2, 32 lits): UNSAT in 0.28s
    cube 4029.492.771 (depth 2, 32 lits): UNSAT in 0.66s
    cube 4029.492.772 (depth 2, 32 lits): UNSAT in 21.95s
    cube 4029.492.773 (depth 2, 32 lits): UNSAT in 126.38s
    cube 4029.493 (depth 1, 22 lits): UNSAT in 0.07s
    cube 4029.494 (depth 1, 22 lits): UNSAT in 1.89s
    cube 4029.495 (depth 1, 22 lits): UNSAT in 5.27s
    cube 4029.496 (depth 1, 22 lits): UNSAT in 54.00s
    cube 4029.497 (depth 1, 22 lits): UNSAT in 1.26s
    cube 4029.498 (depth 1, 22 lits): UNSAT in 11.31s
    cube 4029.499 (depth 1, 22 lits): UNSAT in 10.97s
    cube 4029.500 (depth 1, 22 lits): TIMEOUT in 1200.10s
    cube 4029.500 TIMEOUT -> re-split into 773 sub-cubes (depth 2)
    cube 4029.500.0 (depth 2, 28 lits): UNSAT in 0.01s
    cube 4029.500.1 (depth 2, 28 lits): UNSAT in 0.01s
    cube 4029.500.2 (depth 2, 29 lits): UNSAT in 0.01s
    cube 4029.500.3 (depth 2, 31 lits): UNSAT in 0.01s
    cube 4029.500.4 (depth 2, 31 lits): UNSAT in 0.01s
    cube 4029.500.5 (depth 2, 30 lits): UNSAT in 0.01s
    cube 4029.500.6 (depth 2, 29 lits): UNSAT in 0.01s
    cube 4029.500.7 (depth 2, 29 lits): UNSAT in 0.01s
    cube 4029.500.8 (depth 2, 27 lits): UNSAT in 0.01s
    cube 4029.500.9 (depth 2, 31 lits): UNSAT in 0.01s
    cube 4029.500.10 (depth 2, 31 lits): UNSAT in 0.01s
    cube 4029.500.11 (depth 2, 30 lits): UNSAT in 0.01s
    cube 4029.500.12 (depth 2, 29 lits): UNSAT in 0.01s
    cube 4029.500.13 (depth 2, 32 lits): UNSAT in 0.01s
    cube 4029.500.14 (depth 2, 32 lits): UNSAT in 0.01s
    cube 4029.500.15 (depth 2, 31 lits): UNSAT in 0.01s
    cube 4029.500.16 (depth 2, 30 lits): UNSAT in 0.01s
    cube 4029.500.17 (depth 2, 31 lits): UNSAT in 0.01s
    cube 4029.500.18 (depth 2, 31 lits): UNSAT in 0.01s
    cube 4029.500.19 (depth 2, 30 lits): UNSAT in 0.01s
    cube 4029.500.20 (depth 2, 30 lits): UNSAT in 0.01s
    cube 4029.500.21 (depth 2, 30 lits): UNSAT in 0.01s
    cube 4029.500.22 (depth 2, 30 lits): UNSAT in 0.01s
    cube 4029.500.23 (depth 2, 31 lits): UNSAT in 0.01s
    cube 4029.500.24 (depth 2, 32 lits): UNSAT in 0.01s
    cube 4029.500.25 (depth 2, 32 lits): UNSAT in 0.01s
    cube 4029.500.26 (depth 2, 29 lits): UNSAT in 0.01s
    cube 4029.500.27 (depth 2, 29 lits): UNSAT in 0.02s
    cube 4029.500.28 (depth 2, 31 lits): UNSAT in 0.01s
    cube 4029.500.29 (depth 2, 31 lits): UNSAT in 0.01s
    cube 4029.500.30 (depth 2, 30 lits): UNSAT in 0.01s
    cube 4029.500.31 (depth 2, 31 lits): UNSAT in 0.01s
    cube 4029.500.32 (depth 2, 32 lits): UNSAT in 0.01s
    cube 4029.500.33 (depth 2, 32 lits): UNSAT in 0.02s
    cube 4029.500.34 (depth 2, 31 lits): UNSAT in 0.01s
    cube 4029.500.35 (depth 2, 32 lits): UNSAT in 0.01s
    cube 4029.500.36 (depth 2, 32 lits): UNSAT in 0.02s
    cube 4029.500.37 (depth 2, 32 lits): UNSAT in 0.01s
    cube 4029.500.38 (depth 2, 32 lits): UNSAT in 0.01s
    cube 4029.500.39 (depth 2, 32 lits): UNSAT in 0.01s
    cube 4029.500.40 (depth 2, 32 lits): UNSAT in 0.02s
    cube 4029.500.41 (depth 2, 32 lits): UNSAT in 0.01s
    cube 4029.500.42 (depth 2, 32 lits): UNSAT in 0.03s
    cube 4029.500.43 (depth 2, 32 lits): UNSAT in 0.03s
    cube 4029.500.44 (depth 2, 32 lits): UNSAT in 0.07s
    cube 4029.500.45 (depth 2, 32 lits): UNSAT in 0.01s
    cube 4029.500.46 (depth 2, 32 lits): UNSAT in 0.02s
    cube 4029.500.47 (depth 2, 32 lits): UNSAT in 0.01s
    cube 4029.500.48 (depth 2, 32 lits): UNSAT in 0.02s
    cube 4029.500.49 (depth 2, 32 lits): UNSAT in 0.02s
    cube 4029.500.50 (depth 2, 32 lits): UNSAT in 0.02s
    cube 4029.500.51 (depth 2, 32 lits): UNSAT in 0.03s
    cube 4029.500.52 (depth 2, 32 lits): UNSAT in 0.02s
    cube 4029.500.53 (depth 2, 31 lits): UNSAT in 0.01s
    cube 4029.500.54 (depth 2, 32 lits): UNSAT in 0.01s
    cube 4029.500.55 (depth 2, 32 lits): UNSAT in 0.01s
    cube 4029.500.56 (depth 2, 32 lits): UNSAT in 0.01s
    cube 4029.500.57 (depth 2, 32 lits): UNSAT in 0.01s
    cube 4029.500.58 (depth 2, 32 lits): UNSAT in 0.01s
    cube 4029.500.59 (depth 2, 32 lits): UNSAT in 0.02s
    cube 4029.500.60 (depth 2, 32 lits): UNSAT in 0.01s
    cube 4029.500.61 (depth 2, 32 lits): UNSAT in 0.01s
    cube 4029.500.62 (depth 2, 32 lits): UNSAT in 0.02s
    cube 4029.500.63 (depth 2, 32 lits): UNSAT in 0.02s
    cube 4029.500.64 (depth 2, 31 lits): UNSAT in 0.01s
    cube 4029.500.65 (depth 2, 32 lits): UNSAT in 0.02s
    cube 4029.500.66 (depth 2, 32 lits): UNSAT in 0.12s
    cube 4029.500.67 (depth 2, 31 lits): UNSAT in 0.01s
    cube 4029.500.68 (depth 2, 32 lits): UNSAT in 0.01s
    cube 4029.500.69 (depth 2, 32 lits): UNSAT in 0.01s
    cube 4029.500.70 (depth 2, 32 lits): UNSAT in 0.02s
    cube 4029.500.71 (depth 2, 32 lits): UNSAT in 0.11s
    cube 4029.500.72 (depth 2, 32 lits): UNSAT in 0.05s
    cube 4029.500.73 (depth 2, 32 lits): UNSAT in 0.11s
    cube 4029.500.74 (depth 2, 32 lits): UNSAT in 0.01s
    cube 4029.500.75 (depth 2, 32 lits): UNSAT in 0.02s
    cube 4029.500.76 (depth 2, 32 lits): UNSAT in 0.03s
    cube 4029.500.77 (depth 2, 32 lits): UNSAT in 0.03s
    cube 4029.500.78 (depth 2, 32 lits): UNSAT in 0.02s
    cube 4029.500.79 (depth 2, 32 lits): UNSAT in 0.03s
    cube 4029.500.80 (depth 2, 32 lits): UNSAT in 0.04s
    cube 4029.500.81 (depth 2, 32 lits): UNSAT in 0.09s
    cube 4029.500.82 (depth 2, 32 lits): UNSAT in 0.01s
    cube 4029.500.83 (depth 2, 32 lits): UNSAT in 0.01s
    cube 4029.500.84 (depth 2, 32 lits): UNSAT in 0.02s
    cube 4029.500.85 (depth 2, 32 lits): UNSAT in 0.02s
    cube 4029.500.86 (depth 2, 32 lits): UNSAT in 0.02s
    cube 4029.500.87 (depth 2, 32 lits): UNSAT in 0.03s
    cube 4029.500.88 (depth 2, 32 lits): UNSAT in 0.03s
    cube 4029.500.89 (depth 2, 32 lits): UNSAT in 0.04s
    cube 4029.500.90 (depth 2, 32 lits): UNSAT in 0.01s
    cube 4029.500.91 (depth 2, 32 lits): UNSAT in 0.02s
    cube 4029.500.92 (depth 2, 32 lits): UNSAT in 0.02s
    cube 4029.500.93 (depth 2, 32 lits): UNSAT in 0.02s
    cube 4029.500.94 (depth 2, 32 lits): UNSAT in 0.02s
    cube 4029.500.95 (depth 2, 32 lits): UNSAT in 0.02s
    cube 4029.500.96 (depth 2, 32 lits): UNSAT in 0.06s
    cube 4029.500.97 (depth 2, 32 lits): UNSAT in 0.07s
    cube 4029.500.98 (depth 2, 32 lits): UNSAT in 0.02s
    cube 4029.500.99 (depth 2, 32 lits): UNSAT in 0.02s
    cube 4029.500.100 (depth 2, 32 lits): UNSAT in 0.03s
    cube 4029.500.101 (depth 2, 32 lits): UNSAT in 0.10s
    cube 4029.500.102 (depth 2, 32 lits): UNSAT in 0.02s
    cube 4029.500.103 (depth 2, 32 lits): UNSAT in 0.04s
    cube 4029.500.104 (depth 2, 32 lits): UNSAT in 0.05s
    cube 4029.500.105 (depth 2, 32 lits): UNSAT in 0.37s
    cube 4029.500.106 (depth 2, 32 lits): UNSAT in 0.01s
    cube 4029.500.107 (depth 2, 32 lits): UNSAT in 0.03s
    cube 4029.500.108 (depth 2, 32 lits): UNSAT in 0.03s
    cube 4029.500.109 (depth 2, 32 lits): UNSAT in 0.13s
    cube 4029.500.110 (depth 2, 32 lits): UNSAT in 0.02s
    cube 4029.500.111 (depth 2, 32 lits): UNSAT in 0.20s
    cube 4029.500.112 (depth 2, 32 lits): UNSAT in 0.05s
    cube 4029.500.113 (depth 2, 32 lits): UNSAT in 0.13s
    cube 4029.500.114 (depth 2, 31 lits): UNSAT in 0.01s
    cube 4029.500.115 (depth 2, 31 lits): UNSAT in 0.01s
    cube 4029.500.116 (depth 2, 30 lits): UNSAT in 0.01s
    cube 4029.500.117 (depth 2, 32 lits): UNSAT in 0.01s
    cube 4029.500.118 (depth 2, 32 lits): UNSAT in 0.01s
    cube 4029.500.119 (depth 2, 32 lits): UNSAT in 0.01s
    cube 4029.500.120 (depth 2, 32 lits): UNSAT in 0.01s
    cube 4029.500.121 (depth 2, 32 lits): UNSAT in 0.01s
    cube 4029.500.122 (depth 2, 32 lits): UNSAT in 0.02s
    cube 4029.500.123 (depth 2, 32 lits): UNSAT in 0.02s
    cube 4029.500.124 (depth 2, 32 lits): UNSAT in 0.02s
    cube 4029.500.125 (depth 2, 30 lits): UNSAT in 0.01s
    cube 4029.500.126 (depth 2, 30 lits): UNSAT in 0.01s
    cube 4029.500.127 (depth 2, 30 lits): UNSAT in 0.01s
    cube 4029.500.128 (depth 2, 32 lits): UNSAT in 0.01s
    cube 4029.500.129 (depth 2, 32 lits): UNSAT in 0.02s
    cube 4029.500.130 (depth 2, 32 lits): UNSAT in 0.01s
    cube 4029.500.131 (depth 2, 32 lits): UNSAT in 0.02s
    cube 4029.500.132 (depth 2, 30 lits): UNSAT in 0.01s
    cube 4029.500.133 (depth 2, 32 lits): UNSAT in 0.01s
    cube 4029.500.134 (depth 2, 32 lits): UNSAT in 0.01s
    cube 4029.500.135 (depth 2, 32 lits): UNSAT in 0.01s
    cube 4029.500.136 (depth 2, 32 lits): UNSAT in 0.02s
    cube 4029.500.137 (depth 2, 30 lits): UNSAT in 0.01s
    cube 4029.500.138 (depth 2, 32 lits): UNSAT in 0.02s
    cube 4029.500.139 (depth 2, 32 lits): UNSAT in 0.02s
    cube 4029.500.140 (depth 2, 32 lits): UNSAT in 0.02s
    cube 4029.500.141 (depth 2, 32 lits): UNSAT in 0.02s
    cube 4029.500.142 (depth 2, 32 lits): UNSAT in 0.01s
    cube 4029.500.143 (depth 2, 32 lits): UNSAT in 0.01s
    cube 4029.500.144 (depth 2, 32 lits): UNSAT in 0.01s
    cube 4029.500.145 (depth 2, 32 lits): UNSAT in 0.01s
    cube 4029.500.146 (depth 2, 32 lits): UNSAT in 0.01s
    cube 4029.500.147 (depth 2, 32 lits): UNSAT in 0.01s
    cube 4029.500.148 (depth 2, 32 lits): UNSAT in 0.01s
    cube 4029.500.149 (depth 2, 32 lits): UNSAT in 0.01s
    cube 4029.500.150 (depth 2, 32 lits): UNSAT in 0.01s
    cube 4029.500.151 (depth 2, 32 lits): UNSAT in 0.01s
    cube 4029.500.152 (depth 2, 32 lits): UNSAT in 0.02s
    cube 4029.500.153 (depth 2, 32 lits): UNSAT in 0.03s
    cube 4029.500.154 (depth 2, 32 lits): UNSAT in 0.01s
    cube 4029.500.155 (depth 2, 32 lits): UNSAT in 0.02s
    cube 4029.500.156 (depth 2, 32 lits): UNSAT in 0.01s
    cube 4029.500.157 (depth 2, 32 lits): UNSAT in 0.02s
    cube 4029.500.158 (depth 2, 32 lits): UNSAT in 0.01s
    cube 4029.500.159 (depth 2, 32 lits): UNSAT in 0.02s
    cube 4029.500.160 (depth 2, 32 lits): UNSAT in 0.01s
    cube 4029.500.161 (depth 2, 32 lits): UNSAT in 0.02s
    cube 4029.500.162 (depth 2, 32 lits): UNSAT in 0.01s
    cube 4029.500.163 (depth 2, 32 lits): UNSAT in 0.02s
    cube 4029.500.164 (depth 2, 32 lits): UNSAT in 0.01s
    cube 4029.500.165 (depth 2, 32 lits): UNSAT in 0.02s
    cube 4029.500.166 (depth 2, 32 lits): UNSAT in 0.01s
    cube 4029.500.167 (depth 2, 32 lits): UNSAT in 0.02s
    cube 4029.500.168 (depth 2, 32 lits): UNSAT in 0.03s
    cube 4029.500.169 (depth 2, 32 lits): UNSAT in 0.02s
    cube 4029.500.170 (depth 2, 32 lits): UNSAT in 0.01s
    cube 4029.500.171 (depth 2, 32 lits): UNSAT in 0.02s
    cube 4029.500.172 (depth 2, 32 lits): UNSAT in 0.02s
    cube 4029.500.173 (depth 2, 32 lits): UNSAT in 0.05s
    cube 4029.500.174 (depth 2, 31 lits): UNSAT in 0.01s
    cube 4029.500.175 (depth 2, 32 lits): UNSAT in 0.01s
    cube 4029.500.176 (depth 2, 32 lits): UNSAT in 0.02s
    cube 4029.500.177 (depth 2, 32 lits): UNSAT in 0.01s
    cube 4029.500.178 (depth 2, 32 lits): UNSAT in 0.02s
    cube 4029.500.179 (depth 2, 32 lits): UNSAT in 0.02s
    cube 4029.500.180 (depth 2, 32 lits): UNSAT in 0.03s
    cube 4029.500.181 (depth 2, 32 lits): UNSAT in 0.01s
    cube 4029.500.182 (depth 2, 32 lits): UNSAT in 0.02s
    cube 4029.500.183 (depth 2, 32 lits): UNSAT in 0.02s
    cube 4029.500.184 (depth 2, 32 lits): UNSAT in 0.02s
    cube 4029.500.185 (depth 2, 32 lits): UNSAT in 0.04s
    cube 4029.500.186 (depth 2, 32 lits): UNSAT in 0.31s
    cube 4029.500.187 (depth 2, 32 lits): UNSAT in 0.11s
    cube 4029.500.188 (depth 2, 32 lits): UNSAT in 0.27s
    cube 4029.500.189 (depth 2, 32 lits): UNSAT in 0.01s
    cube 4029.500.190 (depth 2, 32 lits): UNSAT in 0.01s
    cube 4029.500.191 (depth 2, 32 lits): UNSAT in 0.02s
    cube 4029.500.192 (depth 2, 32 lits): UNSAT in 0.04s
    cube 4029.500.193 (depth 2, 32 lits): UNSAT in 0.02s
    cube 4029.500.194 (depth 2, 32 lits): UNSAT in 0.07s
    cube 4029.500.195 (depth 2, 32 lits): UNSAT in 0.06s
    cube 4029.500.196 (depth 2, 32 lits): UNSAT in 0.03s
    cube 4029.500.197 (depth 2, 32 lits): UNSAT in 0.08s
    cube 4029.500.198 (depth 2, 32 lits): UNSAT in 0.19s
    cube 4029.500.199 (depth 2, 32 lits): UNSAT in 0.06s
    cube 4029.500.200 (depth 2, 32 lits): UNSAT in 0.23s
    cube 4029.500.201 (depth 2, 32 lits): UNSAT in 0.06s
    cube 4029.500.202 (depth 2, 32 lits): UNSAT in 0.10s
    cube 4029.500.203 (depth 2, 32 lits): UNSAT in 0.20s
    cube 4029.500.204 (depth 2, 32 lits): UNSAT in 0.36s
    cube 4029.500.205 (depth 2, 32 lits): UNSAT in 0.02s
    cube 4029.500.206 (depth 2, 32 lits): UNSAT in 0.06s
    cube 4029.500.207 (depth 2, 32 lits): UNSAT in 0.10s
    cube 4029.500.208 (depth 2, 32 lits): UNSAT in 0.30s
    cube 4029.500.209 (depth 2, 32 lits): UNSAT in 0.02s
    cube 4029.500.210 (depth 2, 32 lits): UNSAT in 0.07s
    cube 4029.500.211 (depth 2, 32 lits): UNSAT in 0.06s
    cube 4029.500.212 (depth 2, 32 lits): UNSAT in 1.52s
    cube 4029.500.213 (depth 2, 32 lits): UNSAT in 0.17s
    cube 4029.500.214 (depth 2, 32 lits): UNSAT in 0.23s
    cube 4029.500.215 (depth 2, 32 lits): UNSAT in 0.30s
    cube 4029.500.216 (depth 2, 32 lits): UNSAT in 0.62s
    cube 4029.500.217 (depth 2, 32 lits): UNSAT in 0.14s
    cube 4029.500.218 (depth 2, 32 lits): UNSAT in 0.26s
    cube 4029.500.219 (depth 2, 32 lits): UNSAT in 0.04s
    cube 4029.500.220 (depth 2, 32 lits): UNSAT in 0.85s
    cube 4029.500.221 (depth 2, 30 lits): UNSAT in 0.01s
    cube 4029.500.222 (depth 2, 32 lits): UNSAT in 0.01s
    cube 4029.500.223 (depth 2, 32 lits): UNSAT in 0.02s
    cube 4029.500.224 (depth 2, 32 lits): UNSAT in 0.01s
    cube 4029.500.225 (depth 2, 32 lits): UNSAT in 0.03s
    cube 4029.500.226 (depth 2, 32 lits): UNSAT in 0.01s
    cube 4029.500.227 (depth 2, 32 lits): UNSAT in 0.01s
    cube 4029.500.228 (depth 2, 32 lits): UNSAT in 0.01s
    cube 4029.500.229 (depth 2, 32 lits): UNSAT in 0.01s
    cube 4029.500.230 (depth 2, 32 lits): UNSAT in 0.02s
    cube 4029.500.231 (depth 2, 32 lits): UNSAT in 0.02s
    cube 4029.500.232 (depth 2, 32 lits): UNSAT in 0.02s
    cube 4029.500.233 (depth 2, 32 lits): UNSAT in 0.02s
    cube 4029.500.234 (depth 2, 30 lits): UNSAT in 0.01s
    cube 4029.500.235 (depth 2, 31 lits): UNSAT in 0.01s
    cube 4029.500.236 (depth 2, 32 lits): UNSAT in 0.02s
    cube 4029.500.237 (depth 2, 32 lits): UNSAT in 0.02s
    cube 4029.500.238 (depth 2, 32 lits): UNSAT in 0.02s
    cube 4029.500.239 (depth 2, 32 lits): UNSAT in 0.01s
    cube 4029.500.240 (depth 2, 32 lits): UNSAT in 0.02s
    cube 4029.500.241 (depth 2, 32 lits): UNSAT in 0.07s
    cube 4029.500.242 (depth 2, 31 lits): UNSAT in 0.01s
    cube 4029.500.243 (depth 2, 32 lits): UNSAT in 0.03s
    cube 4029.500.244 (depth 2, 32 lits): UNSAT in 0.06s
    cube 4029.500.245 (depth 2, 32 lits): UNSAT in 0.01s
    cube 4029.500.246 (depth 2, 32 lits): UNSAT in 0.02s
    cube 4029.500.247 (depth 2, 32 lits): UNSAT in 0.03s
    cube 4029.500.248 (depth 2, 32 lits): UNSAT in 0.03s
    cube 4029.500.249 (depth 2, 32 lits): UNSAT in 0.02s
    cube 4029.500.250 (depth 2, 32 lits): UNSAT in 0.02s
    cube 4029.500.251 (depth 2, 32 lits): UNSAT in 0.04s
    cube 4029.500.252 (depth 2, 32 lits): UNSAT in 0.05s
    cube 4029.500.253 (depth 2, 32 lits): UNSAT in 0.02s
    cube 4029.500.254 (depth 2, 32 lits): UNSAT in 0.02s
    cube 4029.500.255 (depth 2, 32 lits): UNSAT in 0.02s
    cube 4029.500.256 (depth 2, 32 lits): UNSAT in 0.03s
    cube 4029.500.257 (depth 2, 32 lits): UNSAT in 0.07s
    cube 4029.500.258 (depth 2, 32 lits): UNSAT in 0.24s
    cube 4029.500.259 (depth 2, 32 lits): UNSAT in 0.09s
    cube 4029.500.260 (depth 2, 32 lits): UNSAT in 0.26s
    cube 4029.500.261 (depth 2, 32 lits): UNSAT in 0.02s
    cube 4029.500.262 (depth 2, 32 lits): UNSAT in 0.15s
    cube 4029.500.263 (depth 2, 32 lits): UNSAT in 0.04s
    cube 4029.500.264 (depth 2, 32 lits): UNSAT in 0.23s
    cube 4029.500.265 (depth 2, 32 lits): UNSAT in 0.03s
    cube 4029.500.266 (depth 2, 32 lits): UNSAT in 0.09s
    cube 4029.500.267 (depth 2, 32 lits): UNSAT in 0.22s
    cube 4029.500.268 (depth 2, 32 lits): UNSAT in 0.47s
    cube 4029.500.269 (depth 2, 32 lits): UNSAT in 0.10s
    cube 4029.500.270 (depth 2, 32 lits): UNSAT in 0.14s
    cube 4029.500.271 (depth 2, 32 lits): UNSAT in 0.08s
    cube 4029.500.272 (depth 2, 32 lits): UNSAT in 1.13s
    cube 4029.500.273 (depth 2, 32 lits): UNSAT in 0.28s
    cube 4029.500.274 (depth 2, 32 lits): UNSAT in 1.38s
    cube 4029.500.275 (depth 2, 32 lits): UNSAT in 0.23s
    cube 4029.500.276 (depth 2, 32 lits): UNSAT in 0.56s
    cube 4029.500.277 (depth 2, 32 lits): UNSAT in 0.01s
    cube 4029.500.278 (depth 2, 32 lits): UNSAT in 0.01s
    cube 4029.500.279 (depth 2, 32 lits): UNSAT in 0.01s
    cube 4029.500.280 (depth 2, 32 lits): UNSAT in 0.03s
    cube 4029.500.281 (depth 2, 31 lits): UNSAT in 0.01s
    cube 4029.500.282 (depth 2, 32 lits): UNSAT in 0.02s
    cube 4029.500.283 (depth 2, 32 lits): UNSAT in 0.03s
    cube 4029.500.284 (depth 2, 32 lits): UNSAT in 0.02s
    cube 4029.500.285 (depth 2, 32 lits): UNSAT in 0.01s
    cube 4029.500.286 (depth 2, 32 lits): UNSAT in 0.02s
    cube 4029.500.287 (depth 2, 32 lits): UNSAT in 0.04s
    cube 4029.500.288 (depth 2, 32 lits): UNSAT in 0.02s
    cube 4029.500.289 (depth 2, 32 lits): UNSAT in 0.02s
    cube 4029.500.290 (depth 2, 32 lits): UNSAT in 0.01s
    cube 4029.500.291 (depth 2, 32 lits): UNSAT in 0.07s
    cube 4029.500.292 (depth 2, 32 lits): UNSAT in 0.02s
    cube 4029.500.293 (depth 2, 32 lits): UNSAT in 0.03s
    cube 4029.500.294 (depth 2, 32 lits): UNSAT in 0.07s
    cube 4029.500.295 (depth 2, 32 lits): UNSAT in 0.12s
    cube 4029.500.296 (depth 2, 32 lits): UNSAT in 0.02s
    cube 4029.500.297 (depth 2, 32 lits): UNSAT in 0.03s
    cube 4029.500.298 (depth 2, 32 lits): UNSAT in 0.04s
    cube 4029.500.299 (depth 2, 32 lits): UNSAT in 0.51s
    cube 4029.500.300 (depth 2, 32 lits): UNSAT in 0.03s
    cube 4029.500.301 (depth 2, 32 lits): UNSAT in 0.12s
    cube 4029.500.302 (depth 2, 32 lits): UNSAT in 0.27s
    cube 4029.500.303 (depth 2, 32 lits): UNSAT in 0.57s
    cube 4029.500.304 (depth 2, 32 lits): UNSAT in 0.26s
    cube 4029.500.305 (depth 2, 32 lits): UNSAT in 0.98s
    cube 4029.500.306 (depth 2, 32 lits): UNSAT in 1.22s
    cube 4029.500.307 (depth 2, 32 lits): UNSAT in 1.69s
    cube 4029.500.308 (depth 2, 31 lits): UNSAT in 0.01s
    cube 4029.500.309 (depth 2, 32 lits): UNSAT in 0.01s
    cube 4029.500.310 (depth 2, 32 lits): UNSAT in 0.05s
    cube 4029.500.311 (depth 2, 32 lits): UNSAT in 0.01s
    cube 4029.500.312 (depth 2, 32 lits): UNSAT in 0.01s
    cube 4029.500.313 (depth 2, 32 lits): UNSAT in 0.02s
    cube 4029.500.314 (depth 2, 32 lits): UNSAT in 0.05s
    cube 4029.500.315 (depth 2, 32 lits): UNSAT in 0.01s
    cube 4029.500.316 (depth 2, 32 lits): UNSAT in 0.02s
    cube 4029.500.317 (depth 2, 32 lits): UNSAT in 0.02s
    cube 4029.500.318 (depth 2, 32 lits): UNSAT in 0.05s
    cube 4029.500.319 (depth 2, 32 lits): UNSAT in 0.02s
    cube 4029.500.320 (depth 2, 32 lits): UNSAT in 0.02s
    cube 4029.500.321 (depth 2, 32 lits): UNSAT in 0.07s
    cube 4029.500.322 (depth 2, 32 lits): UNSAT in 0.07s
    cube 4029.500.323 (depth 2, 32 lits): UNSAT in 0.04s
    cube 4029.500.324 (depth 2, 32 lits): UNSAT in 0.04s
    cube 4029.500.325 (depth 2, 32 lits): UNSAT in 0.08s
    cube 4029.500.326 (depth 2, 32 lits): UNSAT in 0.20s
    cube 4029.500.327 (depth 2, 32 lits): UNSAT in 0.05s
    cube 4029.500.328 (depth 2, 32 lits): UNSAT in 0.19s
    cube 4029.500.329 (depth 2, 32 lits): UNSAT in 0.04s
    cube 4029.500.330 (depth 2, 32 lits): UNSAT in 0.74s
    cube 4029.500.331 (depth 2, 32 lits): UNSAT in 0.05s
    cube 4029.500.332 (depth 2, 32 lits): UNSAT in 0.26s
    cube 4029.500.333 (depth 2, 32 lits): UNSAT in 0.35s
    cube 4029.500.334 (depth 2, 32 lits): UNSAT in 0.54s
    cube 4029.500.335 (depth 2, 32 lits): UNSAT in 0.26s
    cube 4029.500.336 (depth 2, 32 lits): UNSAT in 2.09s
    cube 4029.500.337 (depth 2, 32 lits): UNSAT in 1.81s
    cube 4029.500.338 (depth 2, 32 lits): UNSAT in 7.07s
    cube 4029.500.339 (depth 2, 29 lits): UNSAT in 0.01s
    cube 4029.500.340 (depth 2, 31 lits): UNSAT in 0.01s
    cube 4029.500.341 (depth 2, 31 lits): UNSAT in 0.01s
    cube 4029.500.342 (depth 2, 31 lits): UNSAT in 0.01s
    cube 4029.500.343 (depth 2, 32 lits): UNSAT in 0.01s
    cube 4029.500.344 (depth 2, 32 lits): UNSAT in 0.01s
    cube 4029.500.345 (depth 2, 28 lits): UNSAT in 0.02s
    cube 4029.500.346 (depth 2, 29 lits): UNSAT in 0.01s
    cube 4029.500.347 (depth 2, 31 lits): UNSAT in 0.01s
    cube 4029.500.348 (depth 2, 32 lits): UNSAT in 0.01s
    cube 4029.500.349 (depth 2, 32 lits): UNSAT in 0.02s
    cube 4029.500.350 (depth 2, 32 lits): UNSAT in 0.01s
    cube 4029.500.351 (depth 2, 32 lits): UNSAT in 0.01s
    cube 4029.500.352 (depth 2, 32 lits): UNSAT in 0.01s
    cube 4029.500.353 (depth 2, 32 lits): UNSAT in 0.02s
    cube 4029.500.354 (depth 2, 32 lits): UNSAT in 0.01s
    cube 4029.500.355 (depth 2, 32 lits): UNSAT in 0.01s
    cube 4029.500.356 (depth 2, 31 lits): UNSAT in 0.01s
    cube 4029.500.357 (depth 2, 31 lits): UNSAT in 0.01s
    cube 4029.500.358 (depth 2, 31 lits): UNSAT in 0.01s
    cube 4029.500.359 (depth 2, 32 lits): UNSAT in 0.01s
    cube 4029.500.360 (depth 2, 32 lits): UNSAT in 0.01s
    cube 4029.500.361 (depth 2, 32 lits): UNSAT in 0.01s
    cube 4029.500.362 (depth 2, 32 lits): UNSAT in 0.02s
    cube 4029.500.363 (depth 2, 32 lits): UNSAT in 0.02s
    cube 4029.500.364 (depth 2, 32 lits): UNSAT in 0.02s
    cube 4029.500.365 (depth 2, 32 lits): UNSAT in 0.02s
    cube 4029.500.366 (depth 2, 32 lits): UNSAT in 0.02s
    cube 4029.500.367 (depth 2, 30 lits): UNSAT in 0.01s
    cube 4029.500.368 (depth 2, 30 lits): UNSAT in 0.01s
    cube 4029.500.369 (depth 2, 31 lits): UNSAT in 0.01s
    cube 4029.500.370 (depth 2, 32 lits): UNSAT in 0.01s
    cube 4029.500.371 (depth 2, 32 lits): UNSAT in 0.01s
    cube 4029.500.372 (depth 2, 32 lits): UNSAT in 0.01s
    cube 4029.500.373 (depth 2, 32 lits): UNSAT in 0.02s
    cube 4029.500.374 (depth 2, 32 lits): UNSAT in 0.01s
    cube 4029.500.375 (depth 2, 32 lits): UNSAT in 0.01s
    cube 4029.500.376 (depth 2, 32 lits): UNSAT in 0.01s
    cube 4029.500.377 (depth 2, 32 lits): UNSAT in 0.02s
    cube 4029.500.378 (depth 2, 32 lits): UNSAT in 0.01s
    cube 4029.500.379 (depth 2, 32 lits): UNSAT in 0.02s
    cube 4029.500.380 (depth 2, 32 lits): UNSAT in 0.01s
    cube 4029.500.381 (depth 2, 32 lits): UNSAT in 0.02s
    cube 4029.500.382 (depth 2, 32 lits): UNSAT in 0.03s
    cube 4029.500.383 (depth 2, 32 lits): UNSAT in 0.03s
    cube 4029.500.384 (depth 2, 32 lits): UNSAT in 0.01s
    cube 4029.500.385 (depth 2, 32 lits): UNSAT in 0.02s
    cube 4029.500.386 (depth 2, 32 lits): UNSAT in 0.02s
    cube 4029.500.387 (depth 2, 32 lits): UNSAT in 0.03s
    cube 4029.500.388 (depth 2, 32 lits): UNSAT in 0.02s
    cube 4029.500.389 (depth 2, 32 lits): UNSAT in 0.02s
    cube 4029.500.390 (depth 2, 32 lits): UNSAT in 0.02s
    cube 4029.500.391 (depth 2, 32 lits): UNSAT in 0.07s
    cube 4029.500.392 (depth 2, 31 lits): UNSAT in 0.01s
    cube 4029.500.393 (depth 2, 32 lits): UNSAT in 0.01s
    cube 4029.500.394 (depth 2, 32 lits): UNSAT in 0.01s
    cube 4029.500.395 (depth 2, 32 lits): UNSAT in 0.01s
    cube 4029.500.396 (depth 2, 32 lits): UNSAT in 0.03s
    cube 4029.500.397 (depth 2, 32 lits): UNSAT in 0.02s
    cube 4029.500.398 (depth 2, 32 lits): UNSAT in 0.02s
    cube 4029.500.399 (depth 2, 32 lits): UNSAT in 0.01s
    cube 4029.500.400 (depth 2, 32 lits): UNSAT in 0.02s
    cube 4029.500.401 (depth 2, 32 lits): UNSAT in 0.01s
    cube 4029.500.402 (depth 2, 32 lits): UNSAT in 0.03s
    cube 4029.500.403 (depth 2, 32 lits): UNSAT in 0.01s
    cube 4029.500.404 (depth 2, 32 lits): UNSAT in 0.01s
    cube 4029.500.405 (depth 2, 32 lits): UNSAT in 0.01s
    cube 4029.500.406 (depth 2, 32 lits): UNSAT in 0.02s
    cube 4029.500.407 (depth 2, 31 lits): UNSAT in 0.01s
    cube 4029.500.408 (depth 2, 32 lits): UNSAT in 0.01s
    cube 4029.500.409 (depth 2, 32 lits): UNSAT in 0.03s
    cube 4029.500.410 (depth 2, 32 lits): UNSAT in 0.01s
    cube 4029.500.411 (depth 2, 32 lits): UNSAT in 0.01s
    cube 4029.500.412 (depth 2, 32 lits): UNSAT in 0.02s
    cube 4029.500.413 (depth 2, 32 lits): UNSAT in 0.04s
    cube 4029.500.414 (depth 2, 32 lits): UNSAT in 0.01s
    cube 4029.500.415 (depth 2, 32 lits): UNSAT in 0.02s
    cube 4029.500.416 (depth 2, 32 lits): UNSAT in 0.03s
    cube 4029.500.417 (depth 2, 32 lits): UNSAT in 0.03s
    cube 4029.500.418 (depth 2, 32 lits): UNSAT in 0.03s
    cube 4029.500.419 (depth 2, 32 lits): UNSAT in 0.13s
    cube 4029.500.420 (depth 2, 32 lits): UNSAT in 0.22s
    cube 4029.500.421 (depth 2, 32 lits): UNSAT in 0.04s
    cube 4029.500.422 (depth 2, 31 lits): UNSAT in 0.01s
    cube 4029.500.423 (depth 2, 31 lits): UNSAT in 0.01s
    cube 4029.500.424 (depth 2, 30 lits): UNSAT in 0.01s
    cube 4029.500.425 (depth 2, 32 lits): UNSAT in 0.01s
    cube 4029.500.426 (depth 2, 32 lits): UNSAT in 0.01s
    cube 4029.500.427 (depth 2, 32 lits): UNSAT in 0.01s
    cube 4029.500.428 (depth 2, 32 lits): UNSAT in 0.02s
    cube 4029.500.429 (depth 2, 32 lits): UNSAT in 0.01s
    cube 4029.500.430 (depth 2, 32 lits): UNSAT in 0.02s
    cube 4029.500.431 (depth 2, 32 lits): UNSAT in 0.02s
    cube 4029.500.432 (depth 2, 32 lits): UNSAT in 0.01s
    cube 4029.500.433 (depth 2, 31 lits): UNSAT in 0.01s
    cube 4029.500.434 (depth 2, 32 lits): UNSAT in 0.01s
    cube 4029.500.435 (depth 2, 32 lits): UNSAT in 0.02s
    cube 4029.500.436 (depth 2, 32 lits): UNSAT in 0.01s
    cube 4029.500.437 (depth 2, 32 lits): UNSAT in 0.03s
    cube 4029.500.438 (depth 2, 32 lits): UNSAT in 0.02s
    cube 4029.500.439 (depth 2, 32 lits): UNSAT in 0.02s
    cube 4029.500.440 (depth 2, 32 lits): UNSAT in 0.01s
    cube 4029.500.441 (depth 2, 32 lits): UNSAT in 0.02s
    cube 4029.500.442 (depth 2, 32 lits): UNSAT in 0.01s
    cube 4029.500.443 (depth 2, 32 lits): UNSAT in 0.03s
    cube 4029.500.444 (depth 2, 32 lits): UNSAT in 0.01s
    cube 4029.500.445 (depth 2, 32 lits): UNSAT in 0.02s
    cube 4029.500.446 (depth 2, 31 lits): UNSAT in 0.01s
    cube 4029.500.447 (depth 2, 30 lits): UNSAT in 0.01s
    cube 4029.500.448 (depth 2, 30 lits): UNSAT in 0.01s
    cube 4029.500.449 (depth 2, 32 lits): UNSAT in 0.02s
    cube 4029.500.450 (depth 2, 32 lits): UNSAT in 0.02s
    cube 4029.500.451 (depth 2, 32 lits): UNSAT in 0.03s
    cube 4029.500.452 (depth 2, 32 lits): UNSAT in 0.03s
    cube 4029.500.453 (depth 2, 32 lits): UNSAT in 0.02s
    cube 4029.500.454 (depth 2, 32 lits): UNSAT in 0.01s
    cube 4029.500.455 (depth 2, 32 lits): UNSAT in 0.05s
    cube 4029.500.456 (depth 2, 32 lits): UNSAT in 0.16s
    cube 4029.500.457 (depth 2, 31 lits): UNSAT in 0.01s
    cube 4029.500.458 (depth 2, 32 lits): UNSAT in 0.01s
    cube 4029.500.459 (depth 2, 32 lits): UNSAT in 0.02s
    cube 4029.500.460 (depth 2, 32 lits): UNSAT in 0.01s
    cube 4029.500.461 (depth 2, 32 lits): UNSAT in 0.03s
    cube 4029.500.462 (depth 2, 32 lits): UNSAT in 0.01s
    cube 4029.500.463 (depth 2, 32 lits): UNSAT in 0.05s
    cube 4029.500.464 (depth 2, 32 lits): UNSAT in 0.02s
    cube 4029.500.465 (depth 2, 32 lits): UNSAT in 0.03s
    cube 4029.500.466 (depth 2, 32 lits): UNSAT in 0.02s
    cube 4029.500.467 (depth 2, 32 lits): UNSAT in 0.18s
    cube 4029.500.468 (depth 2, 32 lits): UNSAT in 0.01s
    cube 4029.500.469 (depth 2, 32 lits): UNSAT in 0.04s
    cube 4029.500.470 (depth 2, 32 lits): UNSAT in 0.09s
    cube 4029.500.471 (depth 2, 32 lits): UNSAT in 0.19s
    cube 4029.500.472 (depth 2, 32 lits): UNSAT in 0.01s
    cube 4029.500.473 (depth 2, 32 lits): UNSAT in 0.01s
    cube 4029.500.474 (depth 2, 31 lits): UNSAT in 0.02s
    cube 4029.500.475 (depth 2, 32 lits): UNSAT in 0.02s
    cube 4029.500.476 (depth 2, 32 lits): UNSAT in 0.05s
    cube 4029.500.477 (depth 2, 32 lits): UNSAT in 0.05s
    cube 4029.500.478 (depth 2, 32 lits): UNSAT in 0.11s
    cube 4029.500.479 (depth 2, 32 lits): UNSAT in 0.03s
    cube 4029.500.480 (depth 2, 32 lits): UNSAT in 0.03s
    cube 4029.500.481 (depth 2, 32 lits): UNSAT in 0.06s
    cube 4029.500.482 (depth 2, 32 lits): UNSAT in 0.07s
    cube 4029.500.483 (depth 2, 32 lits): UNSAT in 0.10s
    cube 4029.500.484 (depth 2, 32 lits): UNSAT in 0.19s
    cube 4029.500.485 (depth 2, 32 lits): UNSAT in 0.07s
    cube 4029.500.486 (depth 2, 32 lits): UNSAT in 0.22s
    cube 4029.500.487 (depth 2, 31 lits): UNSAT in 0.02s
    cube 4029.500.488 (depth 2, 32 lits): UNSAT in 0.01s
    cube 4029.500.489 (depth 2, 32 lits): UNSAT in 0.06s
    cube 4029.500.490 (depth 2, 32 lits): UNSAT in 0.04s
    cube 4029.500.491 (depth 2, 32 lits): UNSAT in 0.05s
    cube 4029.500.492 (depth 2, 32 lits): UNSAT in 0.13s
    cube 4029.500.493 (depth 2, 32 lits): UNSAT in 0.14s
    cube 4029.500.494 (depth 2, 32 lits): UNSAT in 0.06s
    cube 4029.500.495 (depth 2, 32 lits): UNSAT in 0.07s
    cube 4029.500.496 (depth 2, 32 lits): UNSAT in 0.25s
    cube 4029.500.497 (depth 2, 32 lits): UNSAT in 1.00s
    cube 4029.500.498 (depth 2, 32 lits): UNSAT in 0.24s
    cube 4029.500.499 (depth 2, 32 lits): UNSAT in 1.58s
    cube 4029.500.500 (depth 2, 32 lits): UNSAT in 1.77s
    cube 4029.500.501 (depth 2, 32 lits): UNSAT in 7.02s
    cube 4029.500.502 (depth 2, 32 lits): UNSAT in 0.02s
    cube 4029.500.503 (depth 2, 32 lits): UNSAT in 0.04s
    cube 4029.500.504 (depth 2, 32 lits): UNSAT in 0.02s
    cube 4029.500.505 (depth 2, 32 lits): UNSAT in 0.07s
    cube 4029.500.506 (depth 2, 32 lits): UNSAT in 0.05s
    cube 4029.500.507 (depth 2, 32 lits): UNSAT in 0.11s
    cube 4029.500.508 (depth 2, 32 lits): UNSAT in 0.03s
    cube 4029.500.509 (depth 2, 32 lits): UNSAT in 0.67s
    cube 4029.500.510 (depth 2, 32 lits): UNSAT in 0.01s
    cube 4029.500.511 (depth 2, 32 lits): UNSAT in 0.11s
    cube 4029.500.512 (depth 2, 32 lits): UNSAT in 0.12s
    cube 4029.500.513 (depth 2, 32 lits): UNSAT in 0.39s
    cube 4029.500.514 (depth 2, 32 lits): UNSAT in 0.04s
    cube 4029.500.515 (depth 2, 32 lits): UNSAT in 0.12s
    cube 4029.500.516 (depth 2, 32 lits): UNSAT in 0.32s
    cube 4029.500.517 (depth 2, 32 lits): UNSAT in 5.03s
    cube 4029.500.518 (depth 2, 32 lits): UNSAT in 0.03s
    cube 4029.500.519 (depth 2, 32 lits): UNSAT in 0.10s
    cube 4029.500.520 (depth 2, 32 lits): UNSAT in 0.10s
    cube 4029.500.521 (depth 2, 32 lits): UNSAT in 0.68s
    cube 4029.500.522 (depth 2, 32 lits): UNSAT in 0.26s
    cube 4029.500.523 (depth 2, 32 lits): UNSAT in 0.94s
    cube 4029.500.524 (depth 2, 32 lits): UNSAT in 0.70s
    cube 4029.500.525 (depth 2, 32 lits): UNSAT in 2.51s
    cube 4029.500.526 (depth 2, 32 lits): UNSAT in 0.13s
    cube 4029.500.527 (depth 2, 32 lits): UNSAT in 1.07s
    cube 4029.500.528 (depth 2, 32 lits): UNSAT in 0.91s
    cube 4029.500.529 (depth 2, 32 lits): UNSAT in 2.43s
    cube 4029.500.530 (depth 2, 32 lits): UNSAT in 2.01s
    cube 4029.500.531 (depth 2, 32 lits): UNSAT in 5.25s
    cube 4029.500.532 (depth 2, 32 lits): UNSAT in 1.71s
    cube 4029.500.533 (depth 2, 32 lits): UNSAT in 4.34s
    cube 4029.500.534 (depth 2, 30 lits): UNSAT in 0.01s
    cube 4029.500.535 (depth 2, 32 lits): UNSAT in 0.01s
    cube 4029.500.536 (depth 2, 32 lits): UNSAT in 0.01s
    cube 4029.500.537 (depth 2, 31 lits): UNSAT in 0.01s
    cube 4029.500.538 (depth 2, 31 lits): UNSAT in 0.01s
    cube 4029.500.539 (depth 2, 31 lits): UNSAT in 0.01s
    cube 4029.500.540 (depth 2, 32 lits): UNSAT in 0.01s
    cube 4029.500.541 (depth 2, 32 lits): UNSAT in 0.01s
    cube 4029.500.542 (depth 2, 32 lits): UNSAT in 0.02s
    cube 4029.500.543 (depth 2, 32 lits): UNSAT in 0.02s
    cube 4029.500.544 (depth 2, 31 lits): UNSAT in 0.01s
    cube 4029.500.545 (depth 2, 32 lits): UNSAT in 0.01s
    cube 4029.500.546 (depth 2, 32 lits): UNSAT in 0.01s
    cube 4029.500.547 (depth 2, 30 lits): UNSAT in 0.01s
    cube 4029.500.548 (depth 2, 32 lits): UNSAT in 0.01s
    cube 4029.500.549 (depth 2, 32 lits): UNSAT in 0.01s
    cube 4029.500.550 (depth 2, 32 lits): UNSAT in 0.02s
    cube 4029.500.551 (depth 2, 32 lits): UNSAT in 0.01s
    cube 4029.500.552 (depth 2, 32 lits): UNSAT in 0.01s
    cube 4029.500.553 (depth 2, 32 lits): UNSAT in 0.01s
    cube 4029.500.554 (depth 2, 32 lits): UNSAT in 0.01s
    cube 4029.500.555 (depth 2, 32 lits): UNSAT in 0.02s
    cube 4029.500.556 (depth 2, 32 lits): UNSAT in 0.01s
    cube 4029.500.557 (depth 2, 32 lits): UNSAT in 0.01s
    cube 4029.500.558 (depth 2, 31 lits): UNSAT in 0.01s
    cube 4029.500.559 (depth 2, 32 lits): UNSAT in 0.01s
    cube 4029.500.560 (depth 2, 32 lits): UNSAT in 0.01s
    cube 4029.500.561 (depth 2, 31 lits): UNSAT in 0.01s
    cube 4029.500.562 (depth 2, 32 lits): UNSAT in 0.01s
    cube 4029.500.563 (depth 2, 32 lits): UNSAT in 0.01s
    cube 4029.500.564 (depth 2, 32 lits): UNSAT in 0.02s
    cube 4029.500.565 (depth 2, 32 lits): UNSAT in 0.02s
    cube 4029.500.566 (depth 2, 32 lits): UNSAT in 0.01s
    cube 4029.500.567 (depth 2, 32 lits): UNSAT in 0.01s
    cube 4029.500.568 (depth 2, 32 lits): UNSAT in 0.01s
    cube 4029.500.569 (depth 2, 32 lits): UNSAT in 0.02s
    cube 4029.500.570 (depth 2, 32 lits): UNSAT in 0.01s
    cube 4029.500.571 (depth 2, 32 lits): UNSAT in 0.01s
    cube 4029.500.572 (depth 2, 32 lits): UNSAT in 0.02s
    cube 4029.500.573 (depth 2, 32 lits): UNSAT in 0.03s
    cube 4029.500.574 (depth 2, 32 lits): UNSAT in 0.03s
    cube 4029.500.575 (depth 2, 32 lits): UNSAT in 0.02s
    cube 4029.500.576 (depth 2, 32 lits): UNSAT in 0.02s
    cube 4029.500.577 (depth 2, 32 lits): UNSAT in 0.09s
    cube 4029.500.578 (depth 2, 32 lits): UNSAT in 0.02s
    cube 4029.500.579 (depth 2, 32 lits): UNSAT in 0.02s
    cube 4029.500.580 (depth 2, 32 lits): UNSAT in 0.03s
    cube 4029.500.581 (depth 2, 32 lits): UNSAT in 0.05s
    cube 4029.500.582 (depth 2, 32 lits): UNSAT in 0.04s
    cube 4029.500.583 (depth 2, 32 lits): UNSAT in 0.03s
    cube 4029.500.584 (depth 2, 32 lits): UNSAT in 0.04s
    cube 4029.500.585 (depth 2, 32 lits): UNSAT in 0.07s
    cube 4029.500.586 (depth 2, 31 lits): UNSAT in 0.01s
    cube 4029.500.587 (depth 2, 32 lits): UNSAT in 0.01s
    cube 4029.500.588 (depth 2, 32 lits): UNSAT in 0.01s
    cube 4029.500.589 (depth 2, 32 lits): UNSAT in 0.01s
    cube 4029.500.590 (depth 2, 32 lits): UNSAT in 0.01s
    cube 4029.500.591 (depth 2, 32 lits): UNSAT in 0.01s
    cube 4029.500.592 (depth 2, 32 lits): UNSAT in 0.01s
    cube 4029.500.593 (depth 2, 32 lits): UNSAT in 0.01s
    cube 4029.500.594 (depth 2, 32 lits): UNSAT in 0.01s
    cube 4029.500.595 (depth 2, 31 lits): UNSAT in 0.01s
    cube 4029.500.596 (depth 2, 32 lits): UNSAT in 0.04s
    cube 4029.500.597 (depth 2, 32 lits): UNSAT in 0.07s
    cube 4029.500.598 (depth 2, 32 lits): UNSAT in 0.01s
    cube 4029.500.599 (depth 2, 32 lits): UNSAT in 0.16s
    cube 4029.500.600 (depth 2, 32 lits): UNSAT in 0.01s
    cube 4029.500.601 (depth 2, 32 lits): UNSAT in 0.01s
    cube 4029.500.602 (depth 2, 32 lits): UNSAT in 0.02s
    cube 4029.500.603 (depth 2, 32 lits): UNSAT in 0.03s
    cube 4029.500.604 (depth 2, 32 lits): UNSAT in 0.02s
    cube 4029.500.605 (depth 2, 32 lits): UNSAT in 0.02s
    cube 4029.500.606 (depth 2, 32 lits): UNSAT in 0.03s
    cube 4029.500.607 (depth 2, 32 lits): UNSAT in 0.02s
    cube 4029.500.608 (depth 2, 32 lits): UNSAT in 0.02s
    cube 4029.500.609 (depth 2, 32 lits): UNSAT in 0.04s
    cube 4029.500.610 (depth 2, 32 lits): UNSAT in 0.02s
    cube 4029.500.611 (depth 2, 32 lits): UNSAT in 0.07s
    cube 4029.500.612 (depth 2, 32 lits): UNSAT in 0.04s
    cube 4029.500.613 (depth 2, 32 lits): UNSAT in 0.05s
    cube 4029.500.614 (depth 2, 32 lits): UNSAT in 0.04s
    cube 4029.500.615 (depth 2, 32 lits): UNSAT in 0.35s
    cube 4029.500.616 (depth 2, 32 lits): UNSAT in 0.01s
    cube 4029.500.617 (depth 2, 32 lits): UNSAT in 0.02s
    cube 4029.500.618 (depth 2, 32 lits): UNSAT in 0.02s
    cube 4029.500.619 (depth 2, 32 lits): UNSAT in 0.02s
    cube 4029.500.620 (depth 2, 32 lits): UNSAT in 0.02s
    cube 4029.500.621 (depth 2, 32 lits): UNSAT in 0.04s
    cube 4029.500.622 (depth 2, 32 lits): UNSAT in 0.04s
    cube 4029.500.623 (depth 2, 32 lits): UNSAT in 0.13s
    cube 4029.500.624 (depth 2, 32 lits): UNSAT in 0.05s
    cube 4029.500.625 (depth 2, 32 lits): UNSAT in 0.07s
    cube 4029.500.626 (depth 2, 32 lits): UNSAT in 0.06s
    cube 4029.500.627 (depth 2, 32 lits): UNSAT in 0.15s
    cube 4029.500.628 (depth 2, 32 lits): UNSAT in 0.02s
    cube 4029.500.629 (depth 2, 32 lits): UNSAT in 0.12s
    cube 4029.500.630 (depth 2, 32 lits): UNSAT in 0.07s
    cube 4029.500.631 (depth 2, 32 lits): UNSAT in 0.18s
    cube 4029.500.632 (depth 2, 32 lits): UNSAT in 0.03s
    cube 4029.500.633 (depth 2, 32 lits): UNSAT in 0.04s
    cube 4029.500.634 (depth 2, 32 lits): UNSAT in 0.11s
    cube 4029.500.635 (depth 2, 32 lits): UNSAT in 0.06s
    cube 4029.500.636 (depth 2, 32 lits): UNSAT in 0.03s
    cube 4029.500.637 (depth 2, 32 lits): UNSAT in 0.07s
    cube 4029.500.638 (depth 2, 32 lits): UNSAT in 0.17s
    cube 4029.500.639 (depth 2, 32 lits): UNSAT in 1.04s
    cube 4029.500.640 (depth 2, 32 lits): UNSAT in 0.21s
    cube 4029.500.641 (depth 2, 32 lits): UNSAT in 0.32s
    cube 4029.500.642 (depth 2, 32 lits): UNSAT in 0.39s
    cube 4029.500.643 (depth 2, 32 lits): UNSAT in 1.04s
    cube 4029.500.644 (depth 2, 32 lits): UNSAT in 0.27s
    cube 4029.500.645 (depth 2, 32 lits): UNSAT in 1.25s
    cube 4029.500.646 (depth 2, 32 lits): UNSAT in 0.37s
    cube 4029.500.647 (depth 2, 32 lits): UNSAT in 1.56s
    cube 4029.500.648 (depth 2, 31 lits): UNSAT in 0.01s
    cube 4029.500.649 (depth 2, 31 lits): UNSAT in 0.01s
    cube 4029.500.650 (depth 2, 32 lits): UNSAT in 0.02s
    cube 4029.500.651 (depth 2, 32 lits): UNSAT in 0.02s
    cube 4029.500.652 (depth 2, 32 lits): UNSAT in 0.01s
    cube 4029.500.653 (depth 2, 32 lits): UNSAT in 0.05s
    cube 4029.500.654 (depth 2, 32 lits): UNSAT in 0.01s
    cube 4029.500.655 (depth 2, 32 lits): UNSAT in 0.02s
    cube 4029.500.656 (depth 2, 32 lits): UNSAT in 0.03s
    cube 4029.500.657 (depth 2, 32 lits): UNSAT in 0.05s
    cube 4029.500.658 (depth 2, 32 lits): UNSAT in 0.02s
    cube 4029.500.659 (depth 2, 32 lits): UNSAT in 0.05s
    cube 4029.500.660 (depth 2, 32 lits): UNSAT in 0.07s
    cube 4029.500.661 (depth 2, 32 lits): UNSAT in 0.21s
    cube 4029.500.662 (depth 2, 32 lits): UNSAT in 0.02s
    cube 4029.500.663 (depth 2, 32 lits): UNSAT in 0.02s
    cube 4029.500.664 (depth 2, 32 lits): UNSAT in 0.02s
    cube 4029.500.665 (depth 2, 32 lits): UNSAT in 0.04s
    cube 4029.500.666 (depth 2, 32 lits): UNSAT in 0.01s
    cube 4029.500.667 (depth 2, 32 lits): UNSAT in 0.05s
    cube 4029.500.668 (depth 2, 32 lits): UNSAT in 0.07s
    cube 4029.500.669 (depth 2, 32 lits): UNSAT in 0.07s
    cube 4029.500.670 (depth 2, 32 lits): UNSAT in 0.01s
    cube 4029.500.671 (depth 2, 32 lits): UNSAT in 0.01s
    cube 4029.500.672 (depth 2, 32 lits): UNSAT in 0.02s
    cube 4029.500.673 (depth 2, 32 lits): UNSAT in 0.05s
    cube 4029.500.674 (depth 2, 32 lits): UNSAT in 0.04s
    cube 4029.500.675 (depth 2, 32 lits): UNSAT in 0.02s
    cube 4029.500.676 (depth 2, 32 lits): UNSAT in 0.07s
    cube 4029.500.677 (depth 2, 32 lits): UNSAT in 0.06s
    cube 4029.500.678 (depth 2, 31 lits): UNSAT in 0.01s
    cube 4029.500.679 (depth 2, 32 lits): UNSAT in 0.01s
    cube 4029.500.680 (depth 2, 32 lits): UNSAT in 0.02s
    cube 4029.500.681 (depth 2, 32 lits): UNSAT in 0.02s
    cube 4029.500.682 (depth 2, 32 lits): UNSAT in 0.02s
    cube 4029.500.683 (depth 2, 32 lits): UNSAT in 0.01s
    cube 4029.500.684 (depth 2, 32 lits): UNSAT in 0.02s
    cube 4029.500.685 (depth 2, 32 lits): UNSAT in 0.02s
    cube 4029.500.686 (depth 2, 32 lits): UNSAT in 0.02s
    cube 4029.500.687 (depth 2, 32 lits): UNSAT in 0.01s
    cube 4029.500.688 (depth 2, 32 lits): UNSAT in 0.07s
    cube 4029.500.689 (depth 2, 32 lits): UNSAT in 0.02s
    cube 4029.500.690 (depth 2, 32 lits): UNSAT in 0.02s
    cube 4029.500.691 (depth 2, 32 lits): UNSAT in 0.16s
    cube 4029.500.692 (depth 2, 32 lits): UNSAT in 0.64s
    cube 4029.500.693 (depth 2, 32 lits): UNSAT in 0.03s
    cube 4029.500.694 (depth 2, 32 lits): UNSAT in 0.02s
    cube 4029.500.695 (depth 2, 32 lits): UNSAT in 0.02s
    cube 4029.500.696 (depth 2, 32 lits): UNSAT in 0.10s
    cube 4029.500.697 (depth 2, 32 lits): UNSAT in 0.06s
    cube 4029.500.698 (depth 2, 32 lits): UNSAT in 0.41s
    cube 4029.500.699 (depth 2, 32 lits): UNSAT in 0.92s
    cube 4029.500.700 (depth 2, 32 lits): UNSAT in 0.74s
    cube 4029.500.701 (depth 2, 32 lits): UNSAT in 0.12s
    cube 4029.500.702 (depth 2, 32 lits): UNSAT in 1.05s
    cube 4029.500.703 (depth 2, 32 lits): UNSAT in 0.67s
    cube 4029.500.704 (depth 2, 32 lits): UNSAT in 1.53s
    cube 4029.500.705 (depth 2, 32 lits): UNSAT in 0.58s
    cube 4029.500.706 (depth 2, 32 lits): UNSAT in 6.29s
    cube 4029.500.707 (depth 2, 32 lits): UNSAT in 6.61s
    cube 4029.500.708 (depth 2, 32 lits): UNSAT in 6.42s
    cube 4029.500.709 (depth 2, 32 lits): UNSAT in 0.02s
    cube 4029.500.710 (depth 2, 32 lits): UNSAT in 0.04s
    cube 4029.500.711 (depth 2, 32 lits): UNSAT in 0.02s
    cube 4029.500.712 (depth 2, 32 lits): UNSAT in 0.04s
    cube 4029.500.713 (depth 2, 32 lits): UNSAT in 0.08s
    cube 4029.500.714 (depth 2, 32 lits): UNSAT in 0.08s
    cube 4029.500.715 (depth 2, 32 lits): UNSAT in 0.22s
    cube 4029.500.716 (depth 2, 32 lits): UNSAT in 0.14s
    cube 4029.500.717 (depth 2, 32 lits): UNSAT in 0.03s
    cube 4029.500.718 (depth 2, 32 lits): UNSAT in 0.03s
    cube 4029.500.719 (depth 2, 32 lits): UNSAT in 0.01s
    cube 4029.500.720 (depth 2, 32 lits): UNSAT in 0.02s
    cube 4029.500.721 (depth 2, 32 lits): UNSAT in 0.04s
    cube 4029.500.722 (depth 2, 32 lits): UNSAT in 0.13s
    cube 4029.500.723 (depth 2, 32 lits): UNSAT in 0.04s
    cube 4029.500.724 (depth 2, 32 lits): UNSAT in 0.05s
    cube 4029.500.725 (depth 2, 32 lits): UNSAT in 0.01s
    cube 4029.500.726 (depth 2, 32 lits): UNSAT in 0.02s
    cube 4029.500.727 (depth 2, 32 lits): UNSAT in 0.02s
    cube 4029.500.728 (depth 2, 32 lits): UNSAT in 0.08s
    cube 4029.500.729 (depth 2, 32 lits): UNSAT in 0.02s
    cube 4029.500.730 (depth 2, 32 lits): UNSAT in 0.02s
    cube 4029.500.731 (depth 2, 32 lits): UNSAT in 0.03s
    cube 4029.500.732 (depth 2, 32 lits): UNSAT in 0.85s
    cube 4029.500.733 (depth 2, 32 lits): UNSAT in 0.03s
    cube 4029.500.734 (depth 2, 32 lits): UNSAT in 0.05s
    cube 4029.500.735 (depth 2, 32 lits): UNSAT in 0.17s
    cube 4029.500.736 (depth 2, 32 lits): UNSAT in 1.15s
    cube 4029.500.737 (depth 2, 32 lits): UNSAT in 0.07s
    cube 4029.500.738 (depth 2, 32 lits): UNSAT in 3.84s
    cube 4029.500.739 (depth 2, 32 lits): UNSAT in 8.31s
    cube 4029.500.740 (depth 2, 32 lits): UNSAT in 13.58s
    cube 4029.500.741 (depth 2, 32 lits): UNSAT in 0.02s
    cube 4029.500.742 (depth 2, 32 lits): UNSAT in 0.04s
    cube 4029.500.743 (depth 2, 32 lits): UNSAT in 0.04s
    cube 4029.500.744 (depth 2, 32 lits): UNSAT in 0.18s
    cube 4029.500.745 (depth 2, 32 lits): UNSAT in 0.06s
    cube 4029.500.746 (depth 2, 32 lits): UNSAT in 0.34s
    cube 4029.500.747 (depth 2, 32 lits): UNSAT in 0.10s
    cube 4029.500.748 (depth 2, 32 lits): UNSAT in 0.38s
    cube 4029.500.749 (depth 2, 32 lits): UNSAT in 0.16s
    cube 4029.500.750 (depth 2, 32 lits): UNSAT in 0.66s
    cube 4029.500.751 (depth 2, 32 lits): UNSAT in 1.04s
    cube 4029.500.752 (depth 2, 32 lits): UNSAT in 1.59s
    cube 4029.500.753 (depth 2, 32 lits): UNSAT in 0.41s
    cube 4029.500.754 (depth 2, 32 lits): UNSAT in 3.59s
    cube 4029.500.755 (depth 2, 32 lits): UNSAT in 11.78s
    cube 4029.500.756 (depth 2, 32 lits): UNSAT in 14.21s
    cube 4029.500.757 (depth 2, 32 lits): UNSAT in 0.03s
    cube 4029.500.758 (depth 2, 32 lits): UNSAT in 0.05s
    cube 4029.500.759 (depth 2, 32 lits): UNSAT in 0.10s
    cube 4029.500.760 (depth 2, 32 lits): UNSAT in 0.19s
    cube 4029.500.761 (depth 2, 32 lits): UNSAT in 0.04s
    cube 4029.500.762 (depth 2, 32 lits): UNSAT in 0.20s
    cube 4029.500.763 (depth 2, 32 lits): UNSAT in 0.05s
    cube 4029.500.764 (depth 2, 32 lits): UNSAT in 0.45s
    cube 4029.500.765 (depth 2, 32 lits): UNSAT in 0.02s
    cube 4029.500.766 (depth 2, 32 lits): UNSAT in 0.14s
    cube 4029.500.767 (depth 2, 32 lits): UNSAT in 0.20s
    cube 4029.500.768 (depth 2, 32 lits): UNSAT in 0.23s
    cube 4029.500.769 (depth 2, 32 lits): UNSAT in 2.00s
    cube 4029.500.770 (depth 2, 32 lits): UNSAT in 4.34s
    cube 4029.500.771 (depth 2, 32 lits): UNSAT in 5.13s
    cube 4029.500.772 (depth 2, 32 lits): UNSAT in 38.51s
    cube 4029.501 (depth 1, 22 lits): UNSAT in 2.89s
    cube 4029.502 (depth 1, 22 lits): UNSAT in 315.89s
    cube 4029.503 (depth 1, 22 lits): UNSAT in 395.27s
    cube 4029.504 (depth 1, 22 lits): TIMEOUT in 1200.03s
    cube 4029.504 TIMEOUT -> re-split into 877 sub-cubes (depth 2)
    cube 4029.504.0 (depth 2, 28 lits): UNSAT in 0.01s
    cube 4029.504.1 (depth 2, 30 lits): UNSAT in 0.01s
    cube 4029.504.2 (depth 2, 30 lits): UNSAT in 0.01s
    cube 4029.504.3 (depth 2, 30 lits): UNSAT in 0.01s
    cube 4029.504.4 (depth 2, 32 lits): UNSAT in 0.01s
    cube 4029.504.5 (depth 2, 32 lits): UNSAT in 0.02s
    cube 4029.504.6 (depth 2, 31 lits): UNSAT in 0.02s
    cube 4029.504.7 (depth 2, 29 lits): UNSAT in 0.01s
    cube 4029.504.8 (depth 2, 30 lits): UNSAT in 0.01s
    cube 4029.504.9 (depth 2, 31 lits): UNSAT in 0.01s
    cube 4029.504.10 (depth 2, 31 lits): UNSAT in 0.01s
    cube 4029.504.11 (depth 2, 32 lits): UNSAT in 0.01s
    cube 4029.504.12 (depth 2, 32 lits): UNSAT in 0.01s
    cube 4029.504.13 (depth 2, 31 lits): UNSAT in 0.01s
    cube 4029.504.14 (depth 2, 30 lits): UNSAT in 0.01s
    cube 4029.504.15 (depth 2, 31 lits): UNSAT in 0.01s
    cube 4029.504.16 (depth 2, 31 lits): UNSAT in 0.01s
    cube 4029.504.17 (depth 2, 32 lits): UNSAT in 0.01s
    cube 4029.504.18 (depth 2, 32 lits): UNSAT in 0.02s
    cube 4029.504.19 (depth 2, 32 lits): UNSAT in 0.03s
    cube 4029.504.20 (depth 2, 32 lits): UNSAT in 0.03s
    cube 4029.504.21 (depth 2, 30 lits): UNSAT in 0.01s
    cube 4029.504.22 (depth 2, 31 lits): UNSAT in 0.01s
    cube 4029.504.23 (depth 2, 32 lits): UNSAT in 0.01s
    cube 4029.504.24 (depth 2, 32 lits): UNSAT in 0.01s
    cube 4029.504.25 (depth 2, 30 lits): UNSAT in 0.01s
    cube 4029.504.26 (depth 2, 30 lits): UNSAT in 0.01s
    cube 4029.504.27 (depth 2, 31 lits): UNSAT in 0.01s
    cube 4029.504.28 (depth 2, 31 lits): UNSAT in 0.01s
    cube 4029.504.29 (depth 2, 31 lits): UNSAT in 0.01s
    cube 4029.504.30 (depth 2, 32 lits): UNSAT in 0.01s
    cube 4029.504.31 (depth 2, 32 lits): UNSAT in 0.02s
    cube 4029.504.32 (depth 2, 31 lits): UNSAT in 0.01s
    cube 4029.504.33 (depth 2, 32 lits): UNSAT in 0.01s
    cube 4029.504.34 (depth 2, 32 lits): UNSAT in 0.02s
    cube 4029.504.35 (depth 2, 31 lits): UNSAT in 0.01s
    cube 4029.504.36 (depth 2, 32 lits): UNSAT in 0.02s
    cube 4029.504.37 (depth 2, 32 lits): UNSAT in 0.03s
    cube 4029.504.38 (depth 2, 32 lits): UNSAT in 0.01s
    cube 4029.504.39 (depth 2, 32 lits): UNSAT in 0.01s
    cube 4029.504.40 (depth 2, 31 lits): UNSAT in 0.02s
    cube 4029.504.41 (depth 2, 32 lits): UNSAT in 0.01s
    cube 4029.504.42 (depth 2, 32 lits): UNSAT in 0.02s
    cube 4029.504.43 (depth 2, 32 lits): UNSAT in 0.02s
    cube 4029.504.44 (depth 2, 32 lits): UNSAT in 0.02s
    cube 4029.504.45 (depth 2, 31 lits): UNSAT in 0.01s
    cube 4029.504.46 (depth 2, 32 lits): UNSAT in 0.01s
    cube 4029.504.47 (depth 2, 32 lits): UNSAT in 0.02s
    cube 4029.504.48 (depth 2, 31 lits): UNSAT in 0.01s
    cube 4029.504.49 (depth 2, 31 lits): UNSAT in 0.01s
    cube 4029.504.50 (depth 2, 32 lits): UNSAT in 0.01s
    cube 4029.504.51 (depth 2, 32 lits): UNSAT in 0.01s
    cube 4029.504.52 (depth 2, 32 lits): UNSAT in 0.02s
    cube 4029.504.53 (depth 2, 32 lits): UNSAT in 0.02s
    cube 4029.504.54 (depth 2, 32 lits): UNSAT in 0.01s
    cube 4029.504.55 (depth 2, 32 lits): UNSAT in 0.02s
    cube 4029.504.56 (depth 2, 32 lits): UNSAT in 0.02s
    cube 4029.504.57 (depth 2, 32 lits): UNSAT in 0.03s
    cube 4029.504.58 (depth 2, 32 lits): UNSAT in 0.01s
    cube 4029.504.59 (depth 2, 32 lits): UNSAT in 0.03s
    cube 4029.504.60 (depth 2, 32 lits): UNSAT in 0.01s
    cube 4029.504.61 (depth 2, 32 lits): UNSAT in 0.01s
    cube 4029.504.62 (depth 2, 32 lits): UNSAT in 0.03s
    cube 4029.504.63 (depth 2, 32 lits): UNSAT in 0.06s
    cube 4029.504.64 (depth 2, 32 lits): UNSAT in 0.02s
    cube 4029.504.65 (depth 2, 32 lits): UNSAT in 0.04s
    cube 4029.504.66 (depth 2, 29 lits): UNSAT in 0.01s
    cube 4029.504.67 (depth 2, 30 lits): UNSAT in 0.01s
    cube 4029.504.68 (depth 2, 32 lits): UNSAT in 0.01s
    cube 4029.504.69 (depth 2, 32 lits): UNSAT in 0.01s
    cube 4029.504.70 (depth 2, 32 lits): UNSAT in 0.01s
    cube 4029.504.71 (depth 2, 32 lits): UNSAT in 0.02s
    cube 4029.504.72 (depth 2, 31 lits): UNSAT in 0.01s
    cube 4029.504.73 (depth 2, 32 lits): UNSAT in 0.01s
    cube 4029.504.74 (depth 2, 32 lits): UNSAT in 0.01s
    cube 4029.504.75 (depth 2, 32 lits): UNSAT in 0.01s
    cube 4029.504.76 (depth 2, 32 lits): UNSAT in 0.01s
    cube 4029.504.77 (depth 2, 32 lits): UNSAT in 0.01s
    cube 4029.504.78 (depth 2, 32 lits): UNSAT in 0.02s
    cube 4029.504.79 (depth 2, 32 lits): UNSAT in 0.01s
    cube 4029.504.80 (depth 2, 32 lits): UNSAT in 0.01s
    cube 4029.504.81 (depth 2, 32 lits): UNSAT in 0.01s
    cube 4029.504.82 (depth 2, 32 lits): UNSAT in 0.02s
    cube 4029.504.83 (depth 2, 32 lits): UNSAT in 0.01s
    cube 4029.504.84 (depth 2, 32 lits): UNSAT in 0.02s
    cube 4029.504.85 (depth 2, 32 lits): UNSAT in 0.02s
    cube 4029.504.86 (depth 2, 32 lits): UNSAT in 0.04s
    cube 4029.504.87 (depth 2, 30 lits): UNSAT in 0.01s
    cube 4029.504.88 (depth 2, 32 lits): UNSAT in 0.01s
    cube 4029.504.89 (depth 2, 32 lits): UNSAT in 0.01s
    cube 4029.504.90 (depth 2, 32 lits): UNSAT in 0.01s
    cube 4029.504.91 (depth 2, 32 lits): UNSAT in 0.03s
    cube 4029.504.92 (depth 2, 30 lits): UNSAT in 0.02s
    cube 4029.504.93 (depth 2, 31 lits): UNSAT in 0.01s
    cube 4029.504.94 (depth 2, 32 lits): UNSAT in 0.02s
    cube 4029.504.95 (depth 2, 32 lits): UNSAT in 0.02s
    cube 4029.504.96 (depth 2, 31 lits): UNSAT in 0.01s
    cube 4029.504.97 (depth 2, 31 lits): UNSAT in 0.01s
    cube 4029.504.98 (depth 2, 32 lits): UNSAT in 0.01s
    cube 4029.504.99 (depth 2, 32 lits): UNSAT in 0.02s
    cube 4029.504.100 (depth 2, 32 lits): UNSAT in 0.02s
    cube 4029.504.101 (depth 2, 32 lits): UNSAT in 0.04s
    cube 4029.504.102 (depth 2, 32 lits): UNSAT in 0.01s
    cube 4029.504.103 (depth 2, 32 lits): UNSAT in 0.02s
    cube 4029.504.104 (depth 2, 32 lits): UNSAT in 0.01s
    cube 4029.504.105 (depth 2, 32 lits): UNSAT in 0.01s
    cube 4029.504.106 (depth 2, 32 lits): UNSAT in 0.01s
    cube 4029.504.107 (depth 2, 32 lits): UNSAT in 0.03s
    cube 4029.504.108 (depth 2, 32 lits): UNSAT in 0.04s
    cube 4029.504.109 (depth 2, 32 lits): UNSAT in 0.06s
    cube 4029.504.110 (depth 2, 31 lits): UNSAT in 0.01s
    cube 4029.504.111 (depth 2, 32 lits): UNSAT in 0.02s
    cube 4029.504.112 (depth 2, 32 lits): UNSAT in 0.02s
    cube 4029.504.113 (depth 2, 32 lits): UNSAT in 0.01s
    cube 4029.504.114 (depth 2, 32 lits): UNSAT in 0.01s
    cube 4029.504.115 (depth 2, 32 lits): UNSAT in 0.01s
    cube 4029.504.116 (depth 2, 32 lits): UNSAT in 0.04s
    cube 4029.504.117 (depth 2, 32 lits): UNSAT in 0.03s
    cube 4029.504.118 (depth 2, 32 lits): UNSAT in 0.02s
    cube 4029.504.119 (depth 2, 32 lits): UNSAT in 0.04s
    cube 4029.504.120 (depth 2, 32 lits): UNSAT in 0.06s
    cube 4029.504.121 (depth 2, 32 lits): UNSAT in 0.04s
    cube 4029.504.122 (depth 2, 32 lits): UNSAT in 0.04s
    cube 4029.504.123 (depth 2, 32 lits): UNSAT in 0.05s
    cube 4029.504.124 (depth 2, 32 lits): UNSAT in 0.10s
    cube 4029.504.125 (depth 2, 32 lits): UNSAT in 0.01s
    cube 4029.504.126 (depth 2, 32 lits): UNSAT in 0.02s
    cube 4029.504.127 (depth 2, 32 lits): UNSAT in 0.01s
    cube 4029.504.128 (depth 2, 32 lits): UNSAT in 0.02s
    cube 4029.504.129 (depth 2, 32 lits): UNSAT in 0.01s
    cube 4029.504.130 (depth 2, 32 lits): UNSAT in 0.01s
    cube 4029.504.131 (depth 2, 32 lits): UNSAT in 0.02s
    cube 4029.504.132 (depth 2, 32 lits): UNSAT in 0.07s
    cube 4029.504.133 (depth 2, 32 lits): UNSAT in 0.03s
    cube 4029.504.134 (depth 2, 32 lits): UNSAT in 0.06s
    cube 4029.504.135 (depth 2, 32 lits): UNSAT in 0.08s
    cube 4029.504.136 (depth 2, 32 lits): UNSAT in 0.09s
    cube 4029.504.137 (depth 2, 32 lits): UNSAT in 0.05s
    cube 4029.504.138 (depth 2, 32 lits): UNSAT in 0.18s
    cube 4029.504.139 (depth 2, 32 lits): UNSAT in 0.21s
    cube 4029.504.140 (depth 2, 32 lits): UNSAT in 0.29s
    cube 4029.504.141 (depth 2, 32 lits): UNSAT in 0.01s
    cube 4029.504.142 (depth 2, 32 lits): UNSAT in 0.01s
    cube 4029.504.143 (depth 2, 32 lits): UNSAT in 0.01s
    cube 4029.504.144 (depth 2, 32 lits): UNSAT in 0.02s
    cube 4029.504.145 (depth 2, 32 lits): UNSAT in 0.01s
    cube 4029.504.146 (depth 2, 32 lits): UNSAT in 0.03s
    cube 4029.504.147 (depth 2, 32 lits): UNSAT in 0.02s
    cube 4029.504.148 (depth 2, 32 lits): UNSAT in 0.03s
    cube 4029.504.149 (depth 2, 32 lits): UNSAT in 0.01s
    cube 4029.504.150 (depth 2, 32 lits): UNSAT in 0.02s
    cube 4029.504.151 (depth 2, 32 lits): UNSAT in 0.01s
    cube 4029.504.152 (depth 2, 32 lits): UNSAT in 0.04s
    cube 4029.504.153 (depth 2, 32 lits): UNSAT in 0.01s
    cube 4029.504.154 (depth 2, 32 lits): UNSAT in 0.03s
    cube 4029.504.155 (depth 2, 32 lits): UNSAT in 0.04s
    cube 4029.504.156 (depth 2, 32 lits): UNSAT in 0.14s
    cube 4029.504.157 (depth 2, 32 lits): UNSAT in 0.03s
    cube 4029.504.158 (depth 2, 32 lits): UNSAT in 0.04s
    cube 4029.504.159 (depth 2, 32 lits): UNSAT in 0.05s
    cube 4029.504.160 (depth 2, 32 lits): UNSAT in 0.09s
    cube 4029.504.161 (depth 2, 32 lits): UNSAT in 0.03s
    cube 4029.504.162 (depth 2, 32 lits): UNSAT in 0.06s
    cube 4029.504.163 (depth 2, 32 lits): UNSAT in 0.07s
    cube 4029.504.164 (depth 2, 32 lits): UNSAT in 0.08s
    cube 4029.504.165 (depth 2, 32 lits): UNSAT in 0.06s
    cube 4029.504.166 (depth 2, 32 lits): UNSAT in 0.05s
    cube 4029.504.167 (depth 2, 32 lits): UNSAT in 0.09s
    cube 4029.504.168 (depth 2, 32 lits): UNSAT in 0.32s
    cube 4029.504.169 (depth 2, 32 lits): UNSAT in 0.07s
    cube 4029.504.170 (depth 2, 32 lits): UNSAT in 0.06s
    cube 4029.504.171 (depth 2, 32 lits): UNSAT in 0.25s
    cube 4029.504.172 (depth 2, 32 lits): UNSAT in 0.23s
    cube 4029.504.173 (depth 2, 31 lits): UNSAT in 0.01s
    cube 4029.504.174 (depth 2, 32 lits): UNSAT in 0.01s
    cube 4029.504.175 (depth 2, 32 lits): UNSAT in 0.01s
    cube 4029.504.176 (depth 2, 32 lits): UNSAT in 0.01s
    cube 4029.504.177 (depth 2, 32 lits): UNSAT in 0.01s
    cube 4029.504.178 (depth 2, 32 lits): UNSAT in 0.02s
    cube 4029.504.179 (depth 2, 32 lits): UNSAT in 0.02s
    cube 4029.504.180 (depth 2, 32 lits): UNSAT in 0.01s
    cube 4029.504.181 (depth 2, 32 lits): UNSAT in 0.01s
    cube 4029.504.182 (depth 2, 32 lits): UNSAT in 0.01s
    cube 4029.504.183 (depth 2, 32 lits): UNSAT in 0.02s
    cube 4029.504.184 (depth 2, 32 lits): UNSAT in 0.01s
    cube 4029.504.185 (depth 2, 32 lits): UNSAT in 0.02s
    cube 4029.504.186 (depth 2, 32 lits): UNSAT in 0.03s
    cube 4029.504.187 (depth 2, 32 lits): UNSAT in 0.03s
    cube 4029.504.188 (depth 2, 31 lits): UNSAT in 0.01s
    cube 4029.504.189 (depth 2, 31 lits): UNSAT in 0.01s
    cube 4029.504.190 (depth 2, 32 lits): UNSAT in 0.01s
    cube 4029.504.191 (depth 2, 32 lits): UNSAT in 0.01s
    cube 4029.504.192 (depth 2, 32 lits): UNSAT in 0.01s
    cube 4029.504.193 (depth 2, 32 lits): UNSAT in 0.02s
    cube 4029.504.194 (depth 2, 32 lits): UNSAT in 0.02s
    cube 4029.504.195 (depth 2, 32 lits): UNSAT in 0.01s
    cube 4029.504.196 (depth 2, 32 lits): UNSAT in 0.03s
    cube 4029.504.197 (depth 2, 32 lits): UNSAT in 0.04s
    cube 4029.504.198 (depth 2, 32 lits): UNSAT in 0.03s
    cube 4029.504.199 (depth 2, 32 lits): UNSAT in 0.11s
    cube 4029.504.200 (depth 2, 32 lits): UNSAT in 0.05s
    cube 4029.504.201 (depth 2, 32 lits): UNSAT in 0.16s
    cube 4029.504.202 (depth 2, 31 lits): UNSAT in 0.01s
    cube 4029.504.203 (depth 2, 32 lits): UNSAT in 0.01s
    cube 4029.504.204 (depth 2, 32 lits): UNSAT in 0.02s
    cube 4029.504.205 (depth 2, 31 lits): UNSAT in 0.01s
    cube 4029.504.206 (depth 2, 32 lits): UNSAT in 0.01s
    cube 4029.504.207 (depth 2, 32 lits): UNSAT in 0.02s
    cube 4029.504.208 (depth 2, 32 lits): UNSAT in 0.01s
    cube 4029.504.209 (depth 2, 32 lits): UNSAT in 0.02s
    cube 4029.504.210 (depth 2, 32 lits): UNSAT in 0.01s
    cube 4029.504.211 (depth 2, 32 lits): UNSAT in 0.05s
    cube 4029.504.212 (depth 2, 32 lits): UNSAT in 0.02s
    cube 4029.504.213 (depth 2, 32 lits): UNSAT in 0.01s
    cube 4029.504.214 (depth 2, 32 lits): UNSAT in 0.01s
    cube 4029.504.215 (depth 2, 32 lits): UNSAT in 0.10s
    cube 4029.504.216 (depth 2, 31 lits): UNSAT in 0.01s
    cube 4029.504.217 (depth 2, 32 lits): UNSAT in 0.01s
    cube 4029.504.218 (depth 2, 32 lits): UNSAT in 0.02s
    cube 4029.504.219 (depth 2, 32 lits): UNSAT in 0.02s
    cube 4029.504.220 (depth 2, 32 lits): UNSAT in 0.03s
    cube 4029.504.221 (depth 2, 32 lits): UNSAT in 0.02s
    cube 4029.504.222 (depth 2, 32 lits): UNSAT in 0.04s
    cube 4029.504.223 (depth 2, 32 lits): UNSAT in 0.02s
    cube 4029.504.224 (depth 2, 32 lits): UNSAT in 0.03s
    cube 4029.504.225 (depth 2, 32 lits): UNSAT in 0.02s
    cube 4029.504.226 (depth 2, 32 lits): UNSAT in 0.05s
    cube 4029.504.227 (depth 2, 32 lits): UNSAT in 0.03s
    cube 4029.504.228 (depth 2, 32 lits): UNSAT in 0.11s
    cube 4029.504.229 (depth 2, 32 lits): UNSAT in 0.08s
    cube 4029.504.230 (depth 2, 32 lits): UNSAT in 0.11s
    cube 4029.504.231 (depth 2, 30 lits): UNSAT in 0.01s
    cube 4029.504.232 (depth 2, 30 lits): UNSAT in 0.01s
    cube 4029.504.233 (depth 2, 30 lits): UNSAT in 0.01s
    cube 4029.504.234 (depth 2, 32 lits): UNSAT in 0.01s
    cube 4029.504.235 (depth 2, 32 lits): UNSAT in 0.01s
    cube 4029.504.236 (depth 2, 32 lits): UNSAT in 0.02s
    cube 4029.504.237 (depth 2, 32 lits): UNSAT in 0.02s
    cube 4029.504.238 (depth 2, 32 lits): UNSAT in 0.01s
    cube 4029.504.239 (depth 2, 32 lits): UNSAT in 0.01s
    cube 4029.504.240 (depth 2, 32 lits): UNSAT in 0.01s
    cube 4029.504.241 (depth 2, 32 lits): UNSAT in 0.03s
    cube 4029.504.242 (depth 2, 32 lits): UNSAT in 0.02s
    cube 4029.504.243 (depth 2, 32 lits): UNSAT in 0.04s
    cube 4029.504.244 (depth 2, 32 lits): UNSAT in 0.03s
    cube 4029.504.245 (depth 2, 32 lits): UNSAT in 0.04s
    cube 4029.504.246 (depth 2, 32 lits): UNSAT in 0.01s
    cube 4029.504.247 (depth 2, 32 lits): UNSAT in 0.01s
    cube 4029.504.248 (depth 2, 32 lits): UNSAT in 0.02s
    cube 4029.504.249 (depth 2, 32 lits): UNSAT in 0.02s
    cube 4029.504.250 (depth 2, 32 lits): UNSAT in 0.03s
    cube 4029.504.251 (depth 2, 32 lits): UNSAT in 0.07s
    cube 4029.504.252 (depth 2, 32 lits): UNSAT in 0.02s
    cube 4029.504.253 (depth 2, 32 lits): UNSAT in 0.07s
    cube 4029.504.254 (depth 2, 30 lits): UNSAT in 0.01s
    cube 4029.504.255 (depth 2, 30 lits): UNSAT in 0.02s
    cube 4029.504.256 (depth 2, 32 lits): UNSAT in 0.01s
    cube 4029.504.257 (depth 2, 32 lits): UNSAT in 0.03s
    cube 4029.504.258 (depth 2, 32 lits): UNSAT in 0.03s
    cube 4029.504.259 (depth 2, 32 lits): UNSAT in 0.02s
    cube 4029.504.260 (depth 2, 32 lits): UNSAT in 0.02s
    cube 4029.504.261 (depth 2, 32 lits): UNSAT in 0.03s
    cube 4029.504.262 (depth 2, 32 lits): UNSAT in 0.03s
    cube 4029.504.263 (depth 2, 32 lits): UNSAT in 0.03s
    cube 4029.504.264 (depth 2, 32 lits): UNSAT in 0.01s
    cube 4029.504.265 (depth 2, 32 lits): UNSAT in 0.02s
    cube 4029.504.266 (depth 2, 32 lits): UNSAT in 0.02s
    cube 4029.504.267 (depth 2, 32 lits): UNSAT in 0.02s
    cube 4029.504.268 (depth 2, 32 lits): UNSAT in 0.02s
    cube 4029.504.269 (depth 2, 32 lits): UNSAT in 0.03s
    cube 4029.504.270 (depth 2, 32 lits): UNSAT in 0.12s
    cube 4029.504.271 (depth 2, 32 lits): UNSAT in 0.35s
    cube 4029.504.272 (depth 2, 32 lits): UNSAT in 0.02s
    cube 4029.504.273 (depth 2, 32 lits): UNSAT in 0.02s
    cube 4029.504.274 (depth 2, 32 lits): UNSAT in 0.10s
    cube 4029.504.275 (depth 2, 32 lits): UNSAT in 0.18s
    cube 4029.504.276 (depth 2, 32 lits): UNSAT in 0.10s
    cube 4029.504.277 (depth 2, 32 lits): UNSAT in 0.18s
    cube 4029.504.278 (depth 2, 32 lits): UNSAT in 0.04s
    cube 4029.504.279 (depth 2, 32 lits): UNSAT in 0.64s
    cube 4029.504.280 (depth 2, 32 lits): UNSAT in 0.01s
    cube 4029.504.281 (depth 2, 32 lits): UNSAT in 0.01s
    cube 4029.504.282 (depth 2, 32 lits): UNSAT in 0.02s
    cube 4029.504.283 (depth 2, 32 lits): UNSAT in 0.01s
    cube 4029.504.284 (depth 2, 32 lits): UNSAT in 0.01s
    cube 4029.504.285 (depth 2, 32 lits): UNSAT in 0.02s
    cube 4029.504.286 (depth 2, 32 lits): UNSAT in 0.01s
    cube 4029.504.287 (depth 2, 32 lits): UNSAT in 0.03s
    cube 4029.504.288 (depth 2, 32 lits): UNSAT in 0.01s
    cube 4029.504.289 (depth 2, 32 lits): UNSAT in 0.03s
    cube 4029.504.290 (depth 2, 32 lits): UNSAT in 0.02s
    cube 4029.504.291 (depth 2, 32 lits): UNSAT in 0.03s
    cube 4029.504.292 (depth 2, 32 lits): UNSAT in 0.02s
    cube 4029.504.293 (depth 2, 32 lits): UNSAT in 0.02s
    cube 4029.504.294 (depth 2, 32 lits): UNSAT in 0.02s
    cube 4029.504.295 (depth 2, 32 lits): UNSAT in 0.06s
    cube 4029.504.296 (depth 2, 32 lits): UNSAT in 0.01s
    cube 4029.504.297 (depth 2, 32 lits): UNSAT in 0.02s
    cube 4029.504.298 (depth 2, 32 lits): UNSAT in 0.01s
    cube 4029.504.299 (depth 2, 32 lits): UNSAT in 0.02s
    cube 4029.504.300 (depth 2, 32 lits): UNSAT in 0.01s
    cube 4029.504.301 (depth 2, 32 lits): UNSAT in 0.02s
    cube 4029.504.302 (depth 2, 32 lits): UNSAT in 0.02s
    cube 4029.504.303 (depth 2, 32 lits): UNSAT in 0.04s
    cube 4029.504.304 (depth 2, 32 lits): UNSAT in 0.02s
    cube 4029.504.305 (depth 2, 32 lits): UNSAT in 0.03s
    cube 4029.504.306 (depth 2, 32 lits): UNSAT in 0.08s
    cube 4029.504.307 (depth 2, 32 lits): UNSAT in 0.08s
    cube 4029.504.308 (depth 2, 32 lits): UNSAT in 0.03s
    cube 4029.504.309 (depth 2, 32 lits): UNSAT in 0.05s
    cube 4029.504.310 (depth 2, 32 lits): UNSAT in 0.07s
    cube 4029.504.311 (depth 2, 32 lits): UNSAT in 0.69s
    cube 4029.504.312 (depth 2, 31 lits): UNSAT in 0.01s
    cube 4029.504.313 (depth 2, 32 lits): UNSAT in 0.01s
    cube 4029.504.314 (depth 2, 32 lits): UNSAT in 0.02s
    cube 4029.504.315 (depth 2, 32 lits): UNSAT in 0.01s
    cube 4029.504.316 (depth 2, 32 lits): UNSAT in 0.01s
    cube 4029.504.317 (depth 2, 32 lits): UNSAT in 0.01s
    cube 4029.504.318 (depth 2, 32 lits): UNSAT in 0.04s
    cube 4029.504.319 (depth 2, 32 lits): UNSAT in 0.01s
    cube 4029.504.320 (depth 2, 32 lits): UNSAT in 0.03s
    cube 4029.504.321 (depth 2, 32 lits): UNSAT in 0.01s
    cube 4029.504.322 (depth 2, 32 lits): UNSAT in 0.01s
    cube 4029.504.323 (depth 2, 32 lits): UNSAT in 0.02s
    cube 4029.504.324 (depth 2, 32 lits): UNSAT in 0.10s
    cube 4029.504.325 (depth 2, 32 lits): UNSAT in 0.08s
    cube 4029.504.326 (depth 2, 32 lits): UNSAT in 0.15s
    cube 4029.504.327 (depth 2, 32 lits): UNSAT in 0.01s
    cube 4029.504.328 (depth 2, 32 lits): UNSAT in 0.02s
    cube 4029.504.329 (depth 2, 32 lits): UNSAT in 0.01s
    cube 4029.504.330 (depth 2, 32 lits): UNSAT in 0.04s
    cube 4029.504.331 (depth 2, 32 lits): UNSAT in 0.03s
    cube 4029.504.332 (depth 2, 32 lits): UNSAT in 0.03s
    cube 4029.504.333 (depth 2, 32 lits): UNSAT in 0.03s
    cube 4029.504.334 (depth 2, 32 lits): UNSAT in 0.19s
    cube 4029.504.335 (depth 2, 32 lits): UNSAT in 0.02s
    cube 4029.504.336 (depth 2, 32 lits): UNSAT in 0.05s
    cube 4029.504.337 (depth 2, 32 lits): UNSAT in 0.03s
    cube 4029.504.338 (depth 2, 32 lits): UNSAT in 0.09s
    cube 4029.504.339 (depth 2, 32 lits): UNSAT in 0.10s
    cube 4029.504.340 (depth 2, 32 lits): UNSAT in 0.85s
    cube 4029.504.341 (depth 2, 32 lits): UNSAT in 0.27s
    cube 4029.504.342 (depth 2, 32 lits): UNSAT in 2.73s
    cube 4029.504.343 (depth 2, 32 lits): UNSAT in 0.02s
    cube 4029.504.344 (depth 2, 32 lits): UNSAT in 0.03s
    cube 4029.504.345 (depth 2, 32 lits): UNSAT in 0.03s
    cube 4029.504.346 (depth 2, 32 lits): UNSAT in 0.19s
    cube 4029.504.347 (depth 2, 32 lits): UNSAT in 0.04s
    cube 4029.504.348 (depth 2, 32 lits): UNSAT in 0.04s
    cube 4029.504.349 (depth 2, 32 lits): UNSAT in 0.11s
    cube 4029.504.350 (depth 2, 32 lits): UNSAT in 0.78s
    cube 4029.504.351 (depth 2, 32 lits): UNSAT in 0.04s
    cube 4029.504.352 (depth 2, 32 lits): UNSAT in 0.05s
    cube 4029.504.353 (depth 2, 32 lits): UNSAT in 0.08s
    cube 4029.504.354 (depth 2, 32 lits): UNSAT in 0.25s
    cube 4029.504.355 (depth 2, 32 lits): UNSAT in 0.02s
    cube 4029.504.356 (depth 2, 32 lits): UNSAT in 0.15s
    cube 4029.504.357 (depth 2, 32 lits): UNSAT in 0.06s
    cube 4029.504.358 (depth 2, 32 lits): UNSAT in 1.68s
    cube 4029.504.359 (depth 2, 32 lits): UNSAT in 0.01s
    cube 4029.504.360 (depth 2, 32 lits): UNSAT in 0.02s
    cube 4029.504.361 (depth 2, 32 lits): UNSAT in 0.02s
    cube 4029.504.362 (depth 2, 32 lits): UNSAT in 0.07s
    cube 4029.504.363 (depth 2, 32 lits): UNSAT in 0.02s
    cube 4029.504.364 (depth 2, 32 lits): UNSAT in 0.07s
    cube 4029.504.365 (depth 2, 32 lits): UNSAT in 0.05s
    cube 4029.504.366 (depth 2, 32 lits): UNSAT in 0.62s
    cube 4029.504.367 (depth 2, 32 lits): UNSAT in 0.02s
    cube 4029.504.368 (depth 2, 32 lits): UNSAT in 0.04s
    cube 4029.504.369 (depth 2, 32 lits): UNSAT in 0.02s
    cube 4029.504.370 (depth 2, 32 lits): UNSAT in 0.24s
    cube 4029.504.371 (depth 2, 32 lits): UNSAT in 0.10s
    cube 4029.504.372 (depth 2, 32 lits): UNSAT in 1.09s
    cube 4029.504.373 (depth 2, 32 lits): UNSAT in 1.16s
    cube 4029.504.374 (depth 2, 32 lits): UNSAT in 10.14s
    cube 4029.504.375 (depth 2, 32 lits): UNSAT in 0.03s
    cube 4029.504.376 (depth 2, 32 lits): UNSAT in 0.16s
    cube 4029.504.377 (depth 2, 32 lits): UNSAT in 0.08s
    cube 4029.504.378 (depth 2, 32 lits): UNSAT in 0.63s
    cube 4029.504.379 (depth 2, 32 lits): UNSAT in 0.11s
    cube 4029.504.380 (depth 2, 32 lits): UNSAT in 0.58s
    cube 4029.504.381 (depth 2, 32 lits): UNSAT in 0.47s
    cube 4029.504.382 (depth 2, 32 lits): UNSAT in 1.70s
    cube 4029.504.383 (depth 2, 32 lits): UNSAT in 0.03s
    cube 4029.504.384 (depth 2, 32 lits): UNSAT in 0.12s
    cube 4029.504.385 (depth 2, 32 lits): UNSAT in 0.17s
    cube 4029.504.386 (depth 2, 32 lits): UNSAT in 0.73s
    cube 4029.504.387 (depth 2, 32 lits): UNSAT in 0.13s
    cube 4029.504.388 (depth 2, 32 lits): UNSAT in 1.54s
    cube 4029.504.389 (depth 2, 32 lits): UNSAT in 0.31s
    cube 4029.504.390 (depth 2, 32 lits): UNSAT in 16.56s
    cube 4029.504.391 (depth 2, 32 lits): UNSAT in 0.04s
    cube 4029.504.392 (depth 2, 32 lits): UNSAT in 0.09s
    cube 4029.504.393 (depth 2, 32 lits): UNSAT in 0.08s
    cube 4029.504.394 (depth 2, 32 lits): UNSAT in 0.29s
    cube 4029.504.395 (depth 2, 32 lits): UNSAT in 0.17s
    cube 4029.504.396 (depth 2, 32 lits): UNSAT in 1.46s
    cube 4029.504.397 (depth 2, 32 lits): UNSAT in 1.33s
    cube 4029.504.398 (depth 2, 32 lits): UNSAT in 12.00s
    cube 4029.504.399 (depth 2, 32 lits): UNSAT in 0.02s
    cube 4029.504.400 (depth 2, 32 lits): UNSAT in 0.10s
    cube 4029.504.401 (depth 2, 32 lits): UNSAT in 0.19s
    cube 4029.504.402 (depth 2, 32 lits): UNSAT in 1.27s
    cube 4029.504.403 (depth 2, 32 lits): UNSAT in 0.11s
    cube 4029.504.404 (depth 2, 32 lits): UNSAT in 0.58s
    cube 4029.504.405 (depth 2, 32 lits): UNSAT in 0.81s
    cube 4029.504.406 (depth 2, 32 lits): UNSAT in 6.45s
    cube 4029.504.407 (depth 2, 30 lits): UNSAT in 0.01s
    cube 4029.504.408 (depth 2, 30 lits): UNSAT in 0.01s
    cube 4029.504.409 (depth 2, 30 lits): UNSAT in 0.01s
    cube 4029.504.410 (depth 2, 32 lits): UNSAT in 0.01s
    cube 4029.504.411 (depth 2, 32 lits): UNSAT in 0.01s
    cube 4029.504.412 (depth 2, 32 lits): UNSAT in 0.01s
    cube 4029.504.413 (depth 2, 32 lits): UNSAT in 0.02s
    cube 4029.504.414 (depth 2, 31 lits): UNSAT in 0.01s
    cube 4029.504.415 (depth 2, 31 lits): UNSAT in 0.01s
    cube 4029.504.416 (depth 2, 31 lits): UNSAT in 0.02s
    cube 4029.504.417 (depth 2, 32 lits): UNSAT in 0.02s
    cube 4029.504.418 (depth 2, 32 lits): UNSAT in 0.02s
    cube 4029.504.419 (depth 2, 32 lits): UNSAT in 0.01s
    cube 4029.504.420 (depth 2, 32 lits): UNSAT in 0.01s
    cube 4029.504.421 (depth 2, 31 lits): UNSAT in 0.01s
    cube 4029.504.422 (depth 2, 32 lits): UNSAT in 0.01s
    cube 4029.504.423 (depth 2, 32 lits): UNSAT in 0.01s
    cube 4029.504.424 (depth 2, 32 lits): UNSAT in 0.03s
    cube 4029.504.425 (depth 2, 32 lits): UNSAT in 0.04s
    cube 4029.504.426 (depth 2, 32 lits): UNSAT in 0.02s
    cube 4029.504.427 (depth 2, 32 lits): UNSAT in 0.02s
    cube 4029.504.428 (depth 2, 32 lits): UNSAT in 0.02s
    cube 4029.504.429 (depth 2, 32 lits): UNSAT in 0.02s
    cube 4029.504.430 (depth 2, 32 lits): UNSAT in 0.01s
    cube 4029.504.431 (depth 2, 32 lits): UNSAT in 0.02s
    cube 4029.504.432 (depth 2, 32 lits): UNSAT in 0.02s
    cube 4029.504.433 (depth 2, 32 lits): UNSAT in 0.02s
    cube 4029.504.434 (depth 2, 32 lits): UNSAT in 0.02s
    cube 4029.504.435 (depth 2, 32 lits): UNSAT in 0.03s
    cube 4029.504.436 (depth 2, 32 lits): UNSAT in 0.02s
    cube 4029.504.437 (depth 2, 32 lits): UNSAT in 0.02s
    cube 4029.504.438 (depth 2, 32 lits): UNSAT in 0.03s
    cube 4029.504.439 (depth 2, 32 lits): UNSAT in 0.04s
    cube 4029.504.440 (depth 2, 32 lits): UNSAT in 0.05s
    cube 4029.504.441 (depth 2, 32 lits): UNSAT in 0.06s
    cube 4029.504.442 (depth 2, 32 lits): UNSAT in 0.01s
    cube 4029.504.443 (depth 2, 32 lits): UNSAT in 0.02s
    cube 4029.504.444 (depth 2, 32 lits): UNSAT in 0.06s
    cube 4029.504.445 (depth 2, 32 lits): UNSAT in 0.07s
    cube 4029.504.446 (depth 2, 32 lits): UNSAT in 0.02s
    cube 4029.504.447 (depth 2, 32 lits): UNSAT in 0.06s
    cube 4029.504.448 (depth 2, 32 lits): UNSAT in 0.05s
    cube 4029.504.449 (depth 2, 32 lits): UNSAT in 0.14s
    cube 4029.504.450 (depth 2, 32 lits): UNSAT in 0.03s
    cube 4029.504.451 (depth 2, 32 lits): UNSAT in 0.09s
    cube 4029.504.452 (depth 2, 32 lits): UNSAT in 0.04s
    cube 4029.504.453 (depth 2, 32 lits): UNSAT in 0.08s
    cube 4029.504.454 (depth 2, 32 lits): UNSAT in 0.04s
    cube 4029.504.455 (depth 2, 32 lits): UNSAT in 0.07s
    cube 4029.504.456 (depth 2, 32 lits): UNSAT in 0.09s
    cube 4029.504.457 (depth 2, 32 lits): UNSAT in 0.15s
    cube 4029.504.458 (depth 2, 32 lits): UNSAT in 0.01s
    cube 4029.504.459 (depth 2, 32 lits): UNSAT in 0.01s
    cube 4029.504.460 (depth 2, 32 lits): UNSAT in 0.01s
    cube 4029.504.461 (depth 2, 32 lits): UNSAT in 0.02s
    cube 4029.504.462 (depth 2, 31 lits): UNSAT in 0.01s
    cube 4029.504.463 (depth 2, 32 lits): UNSAT in 0.01s
    cube 4029.504.464 (depth 2, 32 lits): UNSAT in 0.02s
    cube 4029.504.465 (depth 2, 31 lits): UNSAT in 0.01s
    cube 4029.504.466 (depth 2, 32 lits): UNSAT in 0.01s
    cube 4029.504.467 (depth 2, 32 lits): UNSAT in 0.02s
    cube 4029.504.468 (depth 2, 32 lits): UNSAT in 0.03s
    cube 4029.504.469 (depth 2, 32 lits): UNSAT in 0.03s
    cube 4029.504.470 (depth 2, 32 lits): UNSAT in 0.04s
    cube 4029.504.471 (depth 2, 32 lits): UNSAT in 0.06s
    cube 4029.504.472 (depth 2, 32 lits): UNSAT in 0.01s
    cube 4029.504.473 (depth 2, 32 lits): UNSAT in 0.01s
    cube 4029.504.474 (depth 2, 32 lits): UNSAT in 0.01s
    cube 4029.504.475 (depth 2, 32 lits): UNSAT in 0.02s
    cube 4029.504.476 (depth 2, 32 lits): UNSAT in 0.01s
    cube 4029.504.477 (depth 2, 32 lits): UNSAT in 0.04s
    cube 4029.504.478 (depth 2, 32 lits): UNSAT in 0.02s
    cube 4029.504.479 (depth 2, 32 lits): UNSAT in 0.05s
    cube 4029.504.480 (depth 2, 32 lits): UNSAT in 0.02s
    cube 4029.504.481 (depth 2, 32 lits): UNSAT in 0.03s
    cube 4029.504.482 (depth 2, 32 lits): UNSAT in 0.01s
    cube 4029.504.483 (depth 2, 32 lits): UNSAT in 0.03s
    cube 4029.504.484 (depth 2, 32 lits): UNSAT in 0.02s
    cube 4029.504.485 (depth 2, 32 lits): UNSAT in 0.05s
    cube 4029.504.486 (depth 2, 32 lits): UNSAT in 0.08s
    cube 4029.504.487 (depth 2, 32 lits): UNSAT in 0.10s
    cube 4029.504.488 (depth 2, 32 lits): UNSAT in 0.01s
    cube 4029.504.489 (depth 2, 32 lits): UNSAT in 0.01s
    cube 4029.504.490 (depth 2, 32 lits): UNSAT in 0.03s
    cube 4029.504.491 (depth 2, 32 lits): UNSAT in 0.04s
    cube 4029.504.492 (depth 2, 32 lits): UNSAT in 0.02s
    cube 4029.504.493 (depth 2, 32 lits): UNSAT in 0.03s
    cube 4029.504.494 (depth 2, 32 lits): UNSAT in 0.04s
    cube 4029.504.495 (depth 2, 32 lits): UNSAT in 0.12s
    cube 4029.504.496 (depth 2, 32 lits): UNSAT in 0.03s
    cube 4029.504.497 (depth 2, 32 lits): UNSAT in 0.05s
    cube 4029.504.498 (depth 2, 32 lits): UNSAT in 0.05s
    cube 4029.504.499 (depth 2, 32 lits): UNSAT in 0.14s
    cube 4029.504.500 (depth 2, 32 lits): UNSAT in 0.08s
    cube 4029.504.501 (depth 2, 32 lits): UNSAT in 0.12s
    cube 4029.504.502 (depth 2, 32 lits): UNSAT in 0.17s
    cube 4029.504.503 (depth 2, 32 lits): UNSAT in 0.29s
    cube 4029.504.504 (depth 2, 32 lits): UNSAT in 0.02s
    cube 4029.504.505 (depth 2, 32 lits): UNSAT in 0.04s
    cube 4029.504.506 (depth 2, 32 lits): UNSAT in 0.03s
    cube 4029.504.507 (depth 2, 32 lits): UNSAT in 0.08s
    cube 4029.504.508 (depth 2, 32 lits): UNSAT in 0.06s
    cube 4029.504.509 (depth 2, 32 lits): UNSAT in 0.21s
    cube 4029.504.510 (depth 2, 32 lits): UNSAT in 0.17s
    cube 4029.504.511 (depth 2, 32 lits): UNSAT in 0.21s
    cube 4029.504.512 (depth 2, 32 lits): UNSAT in 0.04s
    cube 4029.504.513 (depth 2, 32 lits): UNSAT in 0.08s
    cube 4029.504.514 (depth 2, 32 lits): UNSAT in 0.07s
    cube 4029.504.515 (depth 2, 32 lits): UNSAT in 0.18s
    cube 4029.504.516 (depth 2, 32 lits): UNSAT in 0.11s
    cube 4029.504.517 (depth 2, 32 lits): UNSAT in 0.65s
    cube 4029.504.518 (depth 2, 32 lits): UNSAT in 0.51s
    cube 4029.504.519 (depth 2, 32 lits): UNSAT in 0.59s
    cube 4029.504.520 (depth 2, 31 lits): UNSAT in 0.01s
    cube 4029.504.521 (depth 2, 32 lits): UNSAT in 0.01s
    cube 4029.504.522 (depth 2, 32 lits): UNSAT in 0.02s
    cube 4029.504.523 (depth 2, 32 lits): UNSAT in 0.01s
    cube 4029.504.524 (depth 2, 32 lits): UNSAT in 0.02s
    cube 4029.504.525 (depth 2, 32 lits): UNSAT in 0.03s
    cube 4029.504.526 (depth 2, 32 lits): UNSAT in 0.04s
    cube 4029.504.527 (depth 2, 31 lits): UNSAT in 0.01s
    cube 4029.504.528 (depth 2, 32 lits): UNSAT in 0.01s
    cube 4029.504.529 (depth 2, 32 lits): UNSAT in 0.02s
    cube 4029.504.530 (depth 2, 32 lits): UNSAT in 0.02s
    cube 4029.504.531 (depth 2, 32 lits): UNSAT in 0.02s
    cube 4029.504.532 (depth 2, 32 lits): UNSAT in 0.03s
    cube 4029.504.533 (depth 2, 32 lits): UNSAT in 0.18s
    cube 4029.504.534 (depth 2, 32 lits): UNSAT in 0.01s
    cube 4029.504.535 (depth 2, 32 lits): UNSAT in 0.02s
    cube 4029.504.536 (depth 2, 32 lits): UNSAT in 0.02s
    cube 4029.504.537 (depth 2, 32 lits): UNSAT in 0.04s
    cube 4029.504.538 (depth 2, 32 lits): UNSAT in 0.03s
    cube 4029.504.539 (depth 2, 32 lits): UNSAT in 0.02s
    cube 4029.504.540 (depth 2, 32 lits): UNSAT in 0.02s
    cube 4029.504.541 (depth 2, 32 lits): UNSAT in 0.12s
    cube 4029.504.542 (depth 2, 32 lits): UNSAT in 0.01s
    cube 4029.504.543 (depth 2, 32 lits): UNSAT in 0.04s
    cube 4029.504.544 (depth 2, 32 lits): UNSAT in 0.02s
    cube 4029.504.545 (depth 2, 32 lits): UNSAT in 0.15s
    cube 4029.504.546 (depth 2, 32 lits): UNSAT in 0.07s
    cube 4029.504.547 (depth 2, 32 lits): UNSAT in 0.28s
    cube 4029.504.548 (depth 2, 32 lits): UNSAT in 0.41s
    cube 4029.504.549 (depth 2, 32 lits): UNSAT in 0.73s
    cube 4029.504.550 (depth 2, 32 lits): UNSAT in 0.01s
    cube 4029.504.551 (depth 2, 32 lits): UNSAT in 0.01s
    cube 4029.504.552 (depth 2, 32 lits): UNSAT in 0.01s
    cube 4029.504.553 (depth 2, 32 lits): UNSAT in 0.02s
    cube 4029.504.554 (depth 2, 32 lits): UNSAT in 0.01s
    cube 4029.504.555 (depth 2, 32 lits): UNSAT in 0.01s
    cube 4029.504.556 (depth 2, 32 lits): UNSAT in 0.02s
    cube 4029.504.557 (depth 2, 32 lits): UNSAT in 0.02s
    cube 4029.504.558 (depth 2, 31 lits): UNSAT in 0.01s
    cube 4029.504.559 (depth 2, 32 lits): UNSAT in 0.01s
    cube 4029.504.560 (depth 2, 32 lits): UNSAT in 0.06s
    cube 4029.504.561 (depth 2, 32 lits): UNSAT in 0.03s
    cube 4029.504.562 (depth 2, 32 lits): UNSAT in 0.07s
    cube 4029.504.563 (depth 2, 32 lits): UNSAT in 0.02s
    cube 4029.504.564 (depth 2, 32 lits): UNSAT in 0.04s
    cube 4029.504.565 (depth 2, 32 lits): UNSAT in 0.02s
    cube 4029.504.566 (depth 2, 32 lits): UNSAT in 0.04s
    cube 4029.504.567 (depth 2, 32 lits): UNSAT in 0.08s
    cube 4029.504.568 (depth 2, 32 lits): UNSAT in 0.15s
    cube 4029.504.569 (depth 2, 32 lits): UNSAT in 0.05s
    cube 4029.504.570 (depth 2, 32 lits): UNSAT in 0.09s
    cube 4029.504.571 (depth 2, 32 lits): UNSAT in 0.11s
    cube 4029.504.572 (depth 2, 32 lits): UNSAT in 0.27s
    cube 4029.504.573 (depth 2, 32 lits): UNSAT in 0.02s
    cube 4029.504.574 (depth 2, 32 lits): UNSAT in 0.07s
    cube 4029.504.575 (depth 2, 32 lits): UNSAT in 0.09s
    cube 4029.504.576 (depth 2, 32 lits): UNSAT in 0.46s
    cube 4029.504.577 (depth 2, 32 lits): UNSAT in 0.46s
    cube 4029.504.578 (depth 2, 32 lits): UNSAT in 0.47s
    cube 4029.504.579 (depth 2, 32 lits): UNSAT in 0.70s
    cube 4029.504.580 (depth 2, 32 lits): UNSAT in 0.85s
    cube 4029.504.581 (depth 2, 32 lits): UNSAT in 0.01s
    cube 4029.504.582 (depth 2, 32 lits): UNSAT in 0.02s
    cube 4029.504.583 (depth 2, 32 lits): UNSAT in 0.01s
    cube 4029.504.584 (depth 2, 32 lits): UNSAT in 0.02s
    cube 4029.504.585 (depth 2, 32 lits): UNSAT in 0.01s
    cube 4029.504.586 (depth 2, 32 lits): UNSAT in 0.02s
    cube 4029.504.587 (depth 2, 32 lits): UNSAT in 0.03s
    cube 4029.504.588 (depth 2, 32 lits): UNSAT in 0.06s
    cube 4029.504.589 (depth 2, 32 lits): UNSAT in 0.02s
    cube 4029.504.590 (depth 2, 32 lits): UNSAT in 0.06s
    cube 4029.504.591 (depth 2, 32 lits): UNSAT in 0.01s
    cube 4029.504.592 (depth 2, 32 lits): UNSAT in 0.03s
    cube 4029.504.593 (depth 2, 32 lits): UNSAT in 0.02s
    cube 4029.504.594 (depth 2, 32 lits): UNSAT in 0.17s
    cube 4029.504.595 (depth 2, 32 lits): UNSAT in 0.11s
    cube 4029.504.596 (depth 2, 32 lits): UNSAT in 0.25s
    cube 4029.504.597 (depth 2, 32 lits): UNSAT in 0.02s
    cube 4029.504.598 (depth 2, 32 lits): UNSAT in 0.02s
    cube 4029.504.599 (depth 2, 32 lits): UNSAT in 0.02s
    cube 4029.504.600 (depth 2, 32 lits): UNSAT in 0.16s
    cube 4029.504.601 (depth 2, 32 lits): UNSAT in 0.03s
    cube 4029.504.602 (depth 2, 32 lits): UNSAT in 0.05s
    cube 4029.504.603 (depth 2, 32 lits): UNSAT in 0.08s
    cube 4029.504.604 (depth 2, 32 lits): UNSAT in 0.30s
    cube 4029.504.605 (depth 2, 32 lits): UNSAT in 0.02s
    cube 4029.504.606 (depth 2, 32 lits): UNSAT in 0.05s
    cube 4029.504.607 (depth 2, 32 lits): UNSAT in 0.05s
    cube 4029.504.608 (depth 2, 32 lits): UNSAT in 0.14s
    cube 4029.504.609 (depth 2, 32 lits): UNSAT in 0.23s
    cube 4029.504.610 (depth 2, 32 lits): UNSAT in 1.13s
    cube 4029.504.611 (depth 2, 32 lits): UNSAT in 0.41s
    cube 4029.504.612 (depth 2, 32 lits): UNSAT in 5.91s
    cube 4029.504.613 (depth 2, 32 lits): UNSAT in 0.01s
    cube 4029.504.614 (depth 2, 32 lits): UNSAT in 0.02s
    cube 4029.504.615 (depth 2, 32 lits): UNSAT in 0.03s
    cube 4029.504.616 (depth 2, 32 lits): UNSAT in 0.24s
    cube 4029.504.617 (depth 2, 32 lits): UNSAT in 0.03s
    cube 4029.504.618 (depth 2, 32 lits): UNSAT in 0.12s
    cube 4029.504.619 (depth 2, 32 lits): UNSAT in 0.11s
    cube 4029.504.620 (depth 2, 32 lits): UNSAT in 0.84s
    cube 4029.504.621 (depth 2, 32 lits): UNSAT in 0.05s
    cube 4029.504.622 (depth 2, 32 lits): UNSAT in 0.36s
    cube 4029.504.623 (depth 2, 32 lits): UNSAT in 0.10s
    cube 4029.504.624 (depth 2, 32 lits): UNSAT in 1.13s
    cube 4029.504.625 (depth 2, 32 lits): UNSAT in 0.14s
    cube 4029.504.626 (depth 2, 32 lits): UNSAT in 0.50s
    cube 4029.504.627 (depth 2, 32 lits): UNSAT in 2.24s
    cube 4029.504.628 (depth 2, 32 lits): UNSAT in 11.70s
    cube 4029.504.629 (depth 2, 32 lits): UNSAT in 0.09s
    cube 4029.504.630 (depth 2, 32 lits): UNSAT in 0.51s
    cube 4029.504.631 (depth 2, 32 lits): UNSAT in 0.39s
    cube 4029.504.632 (depth 2, 32 lits): UNSAT in 2.63s
    cube 4029.504.633 (depth 2, 32 lits): UNSAT in 0.12s
    cube 4029.504.634 (depth 2, 32 lits): UNSAT in 0.53s
    cube 4029.504.635 (depth 2, 32 lits): UNSAT in 1.64s
    cube 4029.504.636 (depth 2, 32 lits): UNSAT in 22.35s
    cube 4029.504.637 (depth 2, 32 lits): UNSAT in 0.64s
    cube 4029.504.638 (depth 2, 32 lits): UNSAT in 3.54s
    cube 4029.504.639 (depth 2, 32 lits): UNSAT in 1.89s
    cube 4029.504.640 (depth 2, 32 lits): UNSAT in 25.31s
    cube 4029.504.641 (depth 2, 32 lits): UNSAT in 1.45s
    cube 4029.504.642 (depth 2, 32 lits): UNSAT in 47.90s
    cube 4029.504.643 (depth 2, 32 lits): UNSAT in 1.35s
    cube 4029.504.644 (depth 2, 32 lits): UNSAT in 26.85s
    cube 4029.504.645 (depth 2, 30 lits): UNSAT in 0.01s
    cube 4029.504.646 (depth 2, 31 lits): UNSAT in 0.01s
    cube 4029.504.647 (depth 2, 31 lits): UNSAT in 0.01s
    cube 4029.504.648 (depth 2, 31 lits): UNSAT in 0.01s
    cube 4029.504.649 (depth 2, 31 lits): UNSAT in 0.01s
    cube 4029.504.650 (depth 2, 32 lits): UNSAT in 0.01s
    cube 4029.504.651 (depth 2, 32 lits): UNSAT in 0.01s
    cube 4029.504.652 (depth 2, 32 lits): UNSAT in 0.01s
    cube 4029.504.653 (depth 2, 32 lits): UNSAT in 0.01s
    cube 4029.504.654 (depth 2, 30 lits): UNSAT in 0.01s
    cube 4029.504.655 (depth 2, 32 lits): UNSAT in 0.01s
    cube 4029.504.656 (depth 2, 32 lits): UNSAT in 0.02s
    cube 4029.504.657 (depth 2, 32 lits): UNSAT in 0.01s
    cube 4029.504.658 (depth 2, 32 lits): UNSAT in 0.02s
    cube 4029.504.659 (depth 2, 32 lits): UNSAT in 0.01s
    cube 4029.504.660 (depth 2, 32 lits): UNSAT in 0.01s
    cube 4029.504.661 (depth 2, 32 lits): UNSAT in 0.01s
    cube 4029.504.662 (depth 2, 32 lits): UNSAT in 0.02s
    cube 4029.504.663 (depth 2, 31 lits): UNSAT in 0.01s
    cube 4029.504.664 (depth 2, 32 lits): UNSAT in 0.03s
    cube 4029.504.665 (depth 2, 32 lits): UNSAT in 0.04s
    cube 4029.504.666 (depth 2, 31 lits): UNSAT in 0.01s
    cube 4029.504.667 (depth 2, 32 lits): UNSAT in 0.01s
    cube 4029.504.668 (depth 2, 32 lits): UNSAT in 0.01s
    cube 4029.504.669 (depth 2, 30 lits): UNSAT in 0.02s
    cube 4029.504.670 (depth 2, 32 lits): UNSAT in 0.01s
    cube 4029.504.671 (depth 2, 32 lits): UNSAT in 0.02s
    cube 4029.504.672 (depth 2, 32 lits): UNSAT in 0.01s
    cube 4029.504.673 (depth 2, 32 lits): UNSAT in 0.02s
    cube 4029.504.674 (depth 2, 32 lits): UNSAT in 0.01s
    cube 4029.504.675 (depth 2, 32 lits): UNSAT in 0.02s
    cube 4029.504.676 (depth 2, 32 lits): UNSAT in 0.04s
    cube 4029.504.677 (depth 2, 32 lits): UNSAT in 0.08s
    cube 4029.504.678 (depth 2, 32 lits): UNSAT in 0.01s
    cube 4029.504.679 (depth 2, 32 lits): UNSAT in 0.02s
    cube 4029.504.680 (depth 2, 32 lits): UNSAT in 0.01s
    cube 4029.504.681 (depth 2, 32 lits): UNSAT in 0.02s
    cube 4029.504.682 (depth 2, 32 lits): UNSAT in 0.03s
    cube 4029.504.683 (depth 2, 32 lits): UNSAT in 0.03s
    cube 4029.504.684 (depth 2, 32 lits): UNSAT in 0.03s
    cube 4029.504.685 (depth 2, 32 lits): UNSAT in 0.04s
    cube 4029.504.686 (depth 2, 32 lits): UNSAT in 0.01s
    cube 4029.504.687 (depth 2, 32 lits): UNSAT in 0.01s
    cube 4029.504.688 (depth 2, 32 lits): UNSAT in 0.08s
    cube 4029.504.689 (depth 2, 32 lits): UNSAT in 0.04s
    cube 4029.504.690 (depth 2, 32 lits): UNSAT in 0.04s
    cube 4029.504.691 (depth 2, 32 lits): UNSAT in 0.05s
    cube 4029.504.692 (depth 2, 32 lits): UNSAT in 0.10s
    cube 4029.504.693 (depth 2, 32 lits): UNSAT in 0.49s
    cube 4029.504.694 (depth 2, 32 lits): UNSAT in 0.01s
    cube 4029.504.695 (depth 2, 32 lits): UNSAT in 0.01s
    cube 4029.504.696 (depth 2, 32 lits): UNSAT in 0.01s
    cube 4029.504.697 (depth 2, 32 lits): UNSAT in 0.01s
    cube 4029.504.698 (depth 2, 32 lits): UNSAT in 0.01s
    cube 4029.504.699 (depth 2, 32 lits): UNSAT in 0.01s
    cube 4029.504.700 (depth 2, 32 lits): UNSAT in 0.01s
    cube 4029.504.701 (depth 2, 32 lits): UNSAT in 0.02s
    cube 4029.504.702 (depth 2, 32 lits): UNSAT in 0.01s
    cube 4029.504.703 (depth 2, 32 lits): UNSAT in 0.01s
    cube 4029.504.704 (depth 2, 32 lits): UNSAT in 0.03s
    cube 4029.504.705 (depth 2, 32 lits): UNSAT in 0.02s
    cube 4029.504.706 (depth 2, 32 lits): UNSAT in 0.02s
    cube 4029.504.707 (depth 2, 32 lits): UNSAT in 0.03s
    cube 4029.504.708 (depth 2, 32 lits): UNSAT in 0.03s
    cube 4029.504.709 (depth 2, 32 lits): UNSAT in 0.03s
    cube 4029.504.710 (depth 2, 32 lits): UNSAT in 0.01s
    cube 4029.504.711 (depth 2, 32 lits): UNSAT in 0.01s
    cube 4029.504.712 (depth 2, 32 lits): UNSAT in 0.01s
    cube 4029.504.713 (depth 2, 32 lits): UNSAT in 0.02s
    cube 4029.504.714 (depth 2, 32 lits): UNSAT in 0.01s
    cube 4029.504.715 (depth 2, 32 lits): UNSAT in 0.02s
    cube 4029.504.716 (depth 2, 32 lits): UNSAT in 0.03s
    cube 4029.504.717 (depth 2, 32 lits): UNSAT in 0.06s
    cube 4029.504.718 (depth 2, 32 lits): UNSAT in 0.02s
    cube 4029.504.719 (depth 2, 32 lits): UNSAT in 0.03s
    cube 4029.504.720 (depth 2, 32 lits): UNSAT in 0.04s
    cube 4029.504.721 (depth 2, 32 lits): UNSAT in 0.05s
    cube 4029.504.722 (depth 2, 32 lits): UNSAT in 0.02s
    cube 4029.504.723 (depth 2, 32 lits): UNSAT in 0.02s
    cube 4029.504.724 (depth 2, 32 lits): UNSAT in 0.06s
    cube 4029.504.725 (depth 2, 32 lits): UNSAT in 0.04s
    cube 4029.504.726 (depth 2, 32 lits): UNSAT in 0.01s
    cube 4029.504.727 (depth 2, 32 lits): UNSAT in 0.02s
    cube 4029.504.728 (depth 2, 32 lits): UNSAT in 0.03s
    cube 4029.504.729 (depth 2, 32 lits): UNSAT in 0.04s
    cube 4029.504.730 (depth 2, 32 lits): UNSAT in 0.02s
    cube 4029.504.731 (depth 2, 32 lits): UNSAT in 0.05s
    cube 4029.504.732 (depth 2, 32 lits): UNSAT in 0.04s
    cube 4029.504.733 (depth 2, 32 lits): UNSAT in 0.06s
    cube 4029.504.734 (depth 2, 32 lits): UNSAT in 0.02s
    cube 4029.504.735 (depth 2, 32 lits): UNSAT in 0.05s
    cube 4029.504.736 (depth 2, 32 lits): UNSAT in 0.04s
    cube 4029.504.737 (depth 2, 32 lits): UNSAT in 0.06s
    cube 4029.504.738 (depth 2, 31 lits): UNSAT in 0.01s
    cube 4029.504.739 (depth 2, 32 lits): UNSAT in 0.02s
    cube 4029.504.740 (depth 2, 32 lits): UNSAT in 0.08s
    cube 4029.504.741 (depth 2, 32 lits): UNSAT in 0.02s
    cube 4029.504.742 (depth 2, 32 lits): UNSAT in 0.02s
    cube 4029.504.743 (depth 2, 32 lits): UNSAT in 0.02s
    cube 4029.504.744 (depth 2, 32 lits): UNSAT in 0.12s
    cube 4029.504.745 (depth 2, 32 lits): UNSAT in 0.05s
    cube 4029.504.746 (depth 2, 32 lits): UNSAT in 0.13s
    cube 4029.504.747 (depth 2, 32 lits): UNSAT in 0.14s
    cube 4029.504.748 (depth 2, 32 lits): UNSAT in 0.38s
    cube 4029.504.749 (depth 2, 32 lits): UNSAT in 0.03s
    cube 4029.504.750 (depth 2, 32 lits): UNSAT in 0.07s
    cube 4029.504.751 (depth 2, 32 lits): UNSAT in 0.06s
    cube 4029.504.752 (depth 2, 32 lits): UNSAT in 0.17s
    cube 4029.504.753 (depth 2, 32 lits): UNSAT in 0.22s
    cube 4029.504.754 (depth 2, 32 lits): UNSAT in 0.20s
    cube 4029.504.755 (depth 2, 32 lits): UNSAT in 0.53s
    cube 4029.504.756 (depth 2, 32 lits): UNSAT in 0.21s
    cube 4029.504.757 (depth 2, 31 lits): UNSAT in 0.01s
    cube 4029.504.758 (depth 2, 32 lits): UNSAT in 0.01s
    cube 4029.504.759 (depth 2, 32 lits): UNSAT in 0.01s
    cube 4029.504.760 (depth 2, 31 lits): UNSAT in 0.01s
    cube 4029.504.761 (depth 2, 32 lits): UNSAT in 0.01s
    cube 4029.504.762 (depth 2, 32 lits): UNSAT in 0.02s
    cube 4029.504.763 (depth 2, 32 lits): UNSAT in 0.01s
    cube 4029.504.764 (depth 2, 32 lits): UNSAT in 0.02s
    cube 4029.504.765 (depth 2, 32 lits): UNSAT in 0.02s
    cube 4029.504.766 (depth 2, 32 lits): UNSAT in 0.03s
    cube 4029.504.767 (depth 2, 32 lits): UNSAT in 0.01s
    cube 4029.504.768 (depth 2, 32 lits): UNSAT in 0.05s
    cube 4029.504.769 (depth 2, 32 lits): UNSAT in 0.05s
    cube 4029.504.770 (depth 2, 32 lits): UNSAT in 0.05s
    cube 4029.504.771 (depth 2, 31 lits): UNSAT in 0.02s
    cube 4029.504.772 (depth 2, 32 lits): UNSAT in 0.01s
    cube 4029.504.773 (depth 2, 32 lits): UNSAT in 0.02s
    cube 4029.504.774 (depth 2, 32 lits): UNSAT in 0.01s
    cube 4029.504.775 (depth 2, 32 lits): UNSAT in 0.01s
    cube 4029.504.776 (depth 2, 32 lits): UNSAT in 0.01s
    cube 4029.504.777 (depth 2, 32 lits): UNSAT in 0.03s
    cube 4029.504.778 (depth 2, 32 lits): UNSAT in 0.01s
    cube 4029.504.779 (depth 2, 32 lits): UNSAT in 0.01s
    cube 4029.504.780 (depth 2, 32 lits): UNSAT in 0.01s
    cube 4029.504.781 (depth 2, 32 lits): UNSAT in 0.03s
    cube 4029.504.782 (depth 2, 32 lits): UNSAT in 0.03s
    cube 4029.504.783 (depth 2, 32 lits): UNSAT in 0.05s
    cube 4029.504.784 (depth 2, 32 lits): UNSAT in 0.11s
    cube 4029.504.785 (depth 2, 32 lits): UNSAT in 0.34s
    cube 4029.504.786 (depth 2, 30 lits): UNSAT in 0.01s
    cube 4029.504.787 (depth 2, 31 lits): UNSAT in 0.01s
    cube 4029.504.788 (depth 2, 31 lits): UNSAT in 0.01s
    cube 4029.504.789 (depth 2, 32 lits): UNSAT in 0.02s
    cube 4029.504.790 (depth 2, 32 lits): UNSAT in 0.01s
    cube 4029.504.791 (depth 2, 32 lits): UNSAT in 0.02s
    cube 4029.504.792 (depth 2, 32 lits): UNSAT in 0.02s
    cube 4029.504.793 (depth 2, 32 lits): UNSAT in 0.04s
    cube 4029.504.794 (depth 2, 32 lits): UNSAT in 0.03s
    cube 4029.504.795 (depth 2, 32 lits): UNSAT in 0.06s
    cube 4029.504.796 (depth 2, 32 lits): UNSAT in 0.09s
    cube 4029.504.797 (depth 2, 32 lits): UNSAT in 0.01s
    cube 4029.504.798 (depth 2, 32 lits): UNSAT in 0.02s
    cube 4029.504.799 (depth 2, 32 lits): UNSAT in 0.04s
    cube 4029.504.800 (depth 2, 32 lits): UNSAT in 0.09s
    cube 4029.504.801 (depth 2, 32 lits): UNSAT in 0.06s
    cube 4029.504.802 (depth 2, 32 lits): UNSAT in 0.19s
    cube 4029.504.803 (depth 2, 32 lits): UNSAT in 0.17s
    cube 4029.504.804 (depth 2, 32 lits): UNSAT in 0.30s
    cube 4029.504.805 (depth 2, 32 lits): UNSAT in 0.02s
    cube 4029.504.806 (depth 2, 32 lits): UNSAT in 0.07s
    cube 4029.504.807 (depth 2, 32 lits): UNSAT in 0.07s
    cube 4029.504.808 (depth 2, 32 lits): UNSAT in 0.50s
    cube 4029.504.809 (depth 2, 32 lits): UNSAT in 0.38s
    cube 4029.504.810 (depth 2, 32 lits): UNSAT in 0.73s
    cube 4029.504.811 (depth 2, 32 lits): UNSAT in 0.86s
    cube 4029.504.812 (depth 2, 32 lits): UNSAT in 0.50s
    cube 4029.504.813 (depth 2, 32 lits): UNSAT in 0.01s
    cube 4029.504.814 (depth 2, 32 lits): UNSAT in 0.01s
    cube 4029.504.815 (depth 2, 32 lits): UNSAT in 0.01s
    cube 4029.504.816 (depth 2, 32 lits): UNSAT in 0.02s
    cube 4029.504.817 (depth 2, 32 lits): UNSAT in 0.01s
    cube 4029.504.818 (depth 2, 32 lits): UNSAT in 0.02s
    cube 4029.504.819 (depth 2, 32 lits): UNSAT in 0.02s
    cube 4029.504.820 (depth 2, 32 lits): UNSAT in 0.07s
    cube 4029.504.821 (depth 2, 32 lits): UNSAT in 0.01s
    cube 4029.504.822 (depth 2, 32 lits): UNSAT in 0.06s
    cube 4029.504.823 (depth 2, 32 lits): UNSAT in 0.01s
    cube 4029.504.824 (depth 2, 32 lits): UNSAT in 0.03s
    cube 4029.504.825 (depth 2, 32 lits): UNSAT in 0.02s
    cube 4029.504.826 (depth 2, 32 lits): UNSAT in 0.17s
    cube 4029.504.827 (depth 2, 32 lits): UNSAT in 0.15s
    cube 4029.504.828 (depth 2, 32 lits): UNSAT in 0.33s
    cube 4029.504.829 (depth 2, 32 lits): UNSAT in 0.01s
    cube 4029.504.830 (depth 2, 32 lits): UNSAT in 0.02s
    cube 4029.504.831 (depth 2, 32 lits): UNSAT in 0.02s
    cube 4029.504.832 (depth 2, 32 lits): UNSAT in 0.17s
    cube 4029.504.833 (depth 2, 32 lits): UNSAT in 0.03s
    cube 4029.504.834 (depth 2, 32 lits): UNSAT in 0.04s
    cube 4029.504.835 (depth 2, 32 lits): UNSAT in 0.09s
    cube 4029.504.836 (depth 2, 32 lits): UNSAT in 0.20s
    cube 4029.504.837 (depth 2, 32 lits): UNSAT in 0.03s
    cube 4029.504.838 (depth 2, 32 lits): UNSAT in 0.06s
    cube 4029.504.839 (depth 2, 32 lits): UNSAT in 0.05s
    cube 4029.504.840 (depth 2, 32 lits): UNSAT in 0.18s
    cube 4029.504.841 (depth 2, 32 lits): UNSAT in 0.26s
    cube 4029.504.842 (depth 2, 32 lits): UNSAT in 1.26s
    cube 4029.504.843 (depth 2, 32 lits): UNSAT in 0.65s
    cube 4029.504.844 (depth 2, 32 lits): UNSAT in 4.18s
    cube 4029.504.845 (depth 2, 32 lits): UNSAT in 0.02s
    cube 4029.504.846 (depth 2, 32 lits): UNSAT in 0.02s
    cube 4029.504.847 (depth 2, 32 lits): UNSAT in 0.02s
    cube 4029.504.848 (depth 2, 32 lits): UNSAT in 0.08s
    cube 4029.504.849 (depth 2, 32 lits): UNSAT in 0.03s
    cube 4029.504.850 (depth 2, 32 lits): UNSAT in 0.38s
    cube 4029.504.851 (depth 2, 32 lits): UNSAT in 0.14s
    cube 4029.504.852 (depth 2, 32 lits): UNSAT in 0.93s
    cube 4029.504.853 (depth 2, 32 lits): UNSAT in 0.05s
    cube 4029.504.854 (depth 2, 32 lits): UNSAT in 0.11s
    cube 4029.504.855 (depth 2, 32 lits): UNSAT in 0.15s
    cube 4029.504.856 (depth 2, 32 lits): UNSAT in 0.31s
    cube 4029.504.857 (depth 2, 32 lits): UNSAT in 0.09s
    cube 4029.504.858 (depth 2, 32 lits): UNSAT in 0.99s
    cube 4029.504.859 (depth 2, 32 lits): UNSAT in 1.25s
    cube 4029.504.860 (depth 2, 32 lits): UNSAT in 7.79s
    cube 4029.504.861 (depth 2, 32 lits): UNSAT in 0.08s
    cube 4029.504.862 (depth 2, 32 lits): UNSAT in 0.14s
    cube 4029.504.863 (depth 2, 32 lits): UNSAT in 0.10s
    cube 4029.504.864 (depth 2, 32 lits): UNSAT in 0.49s
    cube 4029.504.865 (depth 2, 32 lits): UNSAT in 0.20s
    cube 4029.504.866 (depth 2, 32 lits): UNSAT in 1.64s
    cube 4029.504.867 (depth 2, 32 lits): UNSAT in 2.97s
    cube 4029.504.868 (depth 2, 32 lits): UNSAT in 30.42s
    cube 4029.504.869 (depth 2, 32 lits): UNSAT in 0.87s
    cube 4029.504.870 (depth 2, 32 lits): UNSAT in 3.70s
    cube 4029.504.871 (depth 2, 32 lits): UNSAT in 1.08s
    cube 4029.504.872 (depth 2, 32 lits): UNSAT in 22.64s
    cube 4029.504.873 (depth 2, 32 lits): UNSAT in 2.34s
    cube 4029.504.874 (depth 2, 32 lits): UNSAT in 18.90s
    cube 4029.504.875 (depth 2, 32 lits): UNSAT in 5.92s
    cube 4029.504.876 (depth 2, 32 lits): UNSAT in 29.47s
    cube 4029.505 (depth 1, 22 lits): UNSAT in 141.36s
    cube 4029.506 (depth 1, 22 lits): TIMEOUT in 1200.10s
    cube 4029.506 TIMEOUT -> re-split into 805 sub-cubes (depth 2)
    cube 4029.506.0 (depth 2, 29 lits): UNSAT in 0.01s
    cube 4029.506.1 (depth 2, 30 lits): UNSAT in 0.01s
    cube 4029.506.2 (depth 2, 31 lits): UNSAT in 0.01s
    cube 4029.506.3 (depth 2, 32 lits): UNSAT in 0.01s
    cube 4029.506.4 (depth 2, 32 lits): UNSAT in 0.01s
    cube 4029.506.5 (depth 2, 31 lits): UNSAT in 0.01s
    cube 4029.506.6 (depth 2, 31 lits): UNSAT in 0.01s
    cube 4029.506.7 (depth 2, 30 lits): UNSAT in 0.01s
    cube 4029.506.8 (depth 2, 31 lits): UNSAT in 0.01s
    cube 4029.506.9 (depth 2, 32 lits): UNSAT in 0.01s
    cube 4029.506.10 (depth 2, 32 lits): UNSAT in 0.01s
    cube 4029.506.11 (depth 2, 32 lits): UNSAT in 0.01s
    cube 4029.506.12 (depth 2, 32 lits): UNSAT in 0.01s
    cube 4029.506.13 (depth 2, 32 lits): UNSAT in 0.02s
    cube 4029.506.14 (depth 2, 32 lits): UNSAT in 0.04s
    cube 4029.506.15 (depth 2, 31 lits): UNSAT in 0.01s
    cube 4029.506.16 (depth 2, 31 lits): UNSAT in 0.01s
    cube 4029.506.17 (depth 2, 31 lits): UNSAT in 0.01s
    cube 4029.506.18 (depth 2, 31 lits): UNSAT in 0.01s
    cube 4029.506.19 (depth 2, 31 lits): UNSAT in 0.01s
    cube 4029.506.20 (depth 2, 31 lits): UNSAT in 0.01s
    cube 4029.506.21 (depth 2, 30 lits): UNSAT in 0.01s
    cube 4029.506.22 (depth 2, 31 lits): UNSAT in 0.01s
    cube 4029.506.23 (depth 2, 32 lits): UNSAT in 0.01s
    cube 4029.506.24 (depth 2, 32 lits): UNSAT in 0.02s
    cube 4029.506.25 (depth 2, 31 lits): UNSAT in 0.01s
    cube 4029.506.26 (depth 2, 32 lits): UNSAT in 0.01s
    cube 4029.506.27 (depth 2, 32 lits): UNSAT in 0.02s
    cube 4029.506.28 (depth 2, 31 lits): UNSAT in 0.01s
    cube 4029.506.29 (depth 2, 32 lits): UNSAT in 0.01s
    cube 4029.506.30 (depth 2, 32 lits): UNSAT in 0.02s
    cube 4029.506.31 (depth 2, 31 lits): UNSAT in 0.01s
    cube 4029.506.32 (depth 2, 32 lits): UNSAT in 0.02s
    cube 4029.506.33 (depth 2, 32 lits): UNSAT in 0.02s
    cube 4029.506.34 (depth 2, 29 lits): UNSAT in 0.01s
    cube 4029.506.35 (depth 2, 30 lits): UNSAT in 0.01s
    cube 4029.506.36 (depth 2, 31 lits): UNSAT in 0.01s
    cube 4029.506.37 (depth 2, 31 lits): UNSAT in 0.01s
    cube 4029.506.38 (depth 2, 29 lits): UNSAT in 0.01s
    cube 4029.506.39 (depth 2, 30 lits): UNSAT in 0.01s
    cube 4029.506.40 (depth 2, 31 lits): UNSAT in 0.01s
    cube 4029.506.41 (depth 2, 32 lits): UNSAT in 0.01s
    cube 4029.506.42 (depth 2, 32 lits): UNSAT in 0.01s
    cube 4029.506.43 (depth 2, 29 lits): UNSAT in 0.01s
    cube 4029.506.44 (depth 2, 31 lits): UNSAT in 0.01s
    cube 4029.506.45 (depth 2, 32 lits): UNSAT in 0.01s
    cube 4029.506.46 (depth 2, 32 lits): UNSAT in 0.01s
    cube 4029.506.47 (depth 2, 31 lits): UNSAT in 0.01s
    cube 4029.506.48 (depth 2, 32 lits): UNSAT in 0.01s
    cube 4029.506.49 (depth 2, 32 lits): UNSAT in 0.01s
    cube 4029.506.50 (depth 2, 32 lits): UNSAT in 0.01s
    cube 4029.506.51 (depth 2, 32 lits): UNSAT in 0.01s
    cube 4029.506.52 (depth 2, 32 lits): UNSAT in 0.01s
    cube 4029.506.53 (depth 2, 32 lits): UNSAT in 0.02s
    cube 4029.506.54 (depth 2, 32 lits): UNSAT in 0.01s
    cube 4029.506.55 (depth 2, 32 lits): UNSAT in 0.01s
    cube 4029.506.56 (depth 2, 32 lits): UNSAT in 0.01s
    cube 4029.506.57 (depth 2, 32 lits): UNSAT in 0.01s
    cube 4029.506.58 (depth 2, 31 lits): UNSAT in 0.01s
    cube 4029.506.59 (depth 2, 32 lits): UNSAT in 0.01s
    cube 4029.506.60 (depth 2, 32 lits): UNSAT in 0.01s
    cube 4029.506.61 (depth 2, 32 lits): UNSAT in 0.01s
    cube 4029.506.62 (depth 2, 32 lits): UNSAT in 0.02s
    cube 4029.506.63 (depth 2, 32 lits): UNSAT in 0.03s
    cube 4029.506.64 (depth 2, 32 lits): UNSAT in 0.06s
    cube 4029.506.65 (depth 2, 30 lits): UNSAT in 0.01s
    cube 4029.506.66 (depth 2, 30 lits): UNSAT in 0.01s
    cube 4029.506.67 (depth 2, 30 lits): UNSAT in 0.01s
    cube 4029.506.68 (depth 2, 30 lits): UNSAT in 0.01s
    cube 4029.506.69 (depth 2, 29 lits): UNSAT in 0.01s
    cube 4029.506.70 (depth 2, 31 lits): UNSAT in 0.01s
    cube 4029.506.71 (depth 2, 31 lits): UNSAT in 0.01s
    cube 4029.506.72 (depth 2, 31 lits): UNSAT in 0.01s
    cube 4029.506.73 (depth 2, 31 lits): UNSAT in 0.01s
    cube 4029.506.74 (depth 2, 31 lits): UNSAT in 0.01s
    cube 4029.506.75 (depth 2, 32 lits): UNSAT in 0.01s
    cube 4029.506.76 (depth 2, 32 lits): UNSAT in 0.01s
    cube 4029.506.77 (depth 2, 32 lits): UNSAT in 0.01s
    cube 4029.506.78 (depth 2, 32 lits): UNSAT in 0.01s
    cube 4029.506.79 (depth 2, 32 lits): UNSAT in 0.01s
    cube 4029.506.80 (depth 2, 32 lits): UNSAT in 0.02s
    cube 4029.506.81 (depth 2, 31 lits): UNSAT in 0.01s
    cube 4029.506.82 (depth 2, 32 lits): UNSAT in 0.01s
    cube 4029.506.83 (depth 2, 32 lits): UNSAT in 0.01s
    cube 4029.506.84 (depth 2, 32 lits): UNSAT in 0.01s
    cube 4029.506.85 (depth 2, 32 lits): UNSAT in 0.02s
    cube 4029.506.86 (depth 2, 31 lits): UNSAT in 0.01s
    cube 4029.506.87 (depth 2, 32 lits): UNSAT in 0.01s
    cube 4029.506.88 (depth 2, 32 lits): UNSAT in 0.01s
    cube 4029.506.89 (depth 2, 32 lits): UNSAT in 0.01s
    cube 4029.506.90 (depth 2, 32 lits): UNSAT in 0.02s
    cube 4029.506.91 (depth 2, 31 lits): UNSAT in 0.01s
    cube 4029.506.92 (depth 2, 32 lits): UNSAT in 0.01s
    cube 4029.506.93 (depth 2, 32 lits): UNSAT in 0.03s
    cube 4029.506.94 (depth 2, 32 lits): UNSAT in 0.01s
    cube 4029.506.95 (depth 2, 32 lits): UNSAT in 0.02s
    cube 4029.506.96 (depth 2, 32 lits): UNSAT in 0.01s
    cube 4029.506.97 (depth 2, 32 lits): UNSAT in 0.03s
    cube 4029.506.98 (depth 2, 32 lits): UNSAT in 0.03s
    cube 4029.506.99 (depth 2, 32 lits): UNSAT in 0.04s
    cube 4029.506.100 (depth 2, 32 lits): UNSAT in 0.05s
    cube 4029.506.101 (depth 2, 32 lits): UNSAT in 0.04s
    cube 4029.506.102 (depth 2, 30 lits): UNSAT in 0.01s
    cube 4029.506.103 (depth 2, 30 lits): UNSAT in 0.01s
    cube 4029.506.104 (depth 2, 30 lits): UNSAT in 0.01s
    cube 4029.506.105 (depth 2, 30 lits): UNSAT in 0.02s
    cube 4029.506.106 (depth 2, 31 lits): UNSAT in 0.01s
    cube 4029.506.107 (depth 2, 31 lits): UNSAT in 0.01s
    cube 4029.506.108 (depth 2, 32 lits): UNSAT in 0.01s
    cube 4029.506.109 (depth 2, 32 lits): UNSAT in 0.01s
    cube 4029.506.110 (depth 2, 32 lits): UNSAT in 0.02s
    cube 4029.506.111 (depth 2, 32 lits): UNSAT in 0.02s
    cube 4029.506.112 (depth 2, 31 lits): UNSAT in 0.01s
    cube 4029.506.113 (depth 2, 32 lits): UNSAT in 0.01s
    cube 4029.506.114 (depth 2, 32 lits): UNSAT in 0.02s
    cube 4029.506.115 (depth 2, 32 lits): UNSAT in 0.01s
    cube 4029.506.116 (depth 2, 32 lits): UNSAT in 0.02s
    cube 4029.506.117 (depth 2, 32 lits): UNSAT in 0.02s
    cube 4029.506.118 (depth 2, 32 lits): UNSAT in 0.02s
    cube 4029.506.119 (depth 2, 30 lits): UNSAT in 0.01s
    cube 4029.506.120 (depth 2, 32 lits): UNSAT in 0.01s
    cube 4029.506.121 (depth 2, 32 lits): UNSAT in 0.01s
    cube 4029.506.122 (depth 2, 32 lits): UNSAT in 0.01s
    cube 4029.506.123 (depth 2, 32 lits): UNSAT in 0.02s
    cube 4029.506.124 (depth 2, 32 lits): UNSAT in 0.01s
    cube 4029.506.125 (depth 2, 32 lits): UNSAT in 0.01s
    cube 4029.506.126 (depth 2, 31 lits): UNSAT in 0.01s
    cube 4029.506.127 (depth 2, 32 lits): UNSAT in 0.02s
    cube 4029.506.128 (depth 2, 32 lits): UNSAT in 0.02s
    cube 4029.506.129 (depth 2, 32 lits): UNSAT in 0.02s
    cube 4029.506.130 (depth 2, 32 lits): UNSAT in 0.07s
    cube 4029.506.131 (depth 2, 32 lits): UNSAT in 0.01s
    cube 4029.506.132 (depth 2, 32 lits): UNSAT in 0.01s
    cube 4029.506.133 (depth 2, 32 lits): UNSAT in 0.01s
    cube 4029.506.134 (depth 2, 32 lits): UNSAT in 0.03s
    cube 4029.506.135 (depth 2, 32 lits): UNSAT in 0.02s
    cube 4029.506.136 (depth 2, 32 lits): UNSAT in 0.02s
    cube 4029.506.137 (depth 2, 32 lits): UNSAT in 0.02s
    cube 4029.506.138 (depth 2, 32 lits): UNSAT in 0.10s
    cube 4029.506.139 (depth 2, 32 lits): UNSAT in 0.02s
    cube 4029.506.140 (depth 2, 32 lits): UNSAT in 0.02s
    cube 4029.506.141 (depth 2, 32 lits): UNSAT in 0.04s
    cube 4029.506.142 (depth 2, 32 lits): UNSAT in 0.05s
    cube 4029.506.143 (depth 2, 32 lits): UNSAT in 0.02s
    cube 4029.506.144 (depth 2, 32 lits): UNSAT in 0.11s
    cube 4029.506.145 (depth 2, 32 lits): UNSAT in 0.09s
    cube 4029.506.146 (depth 2, 32 lits): UNSAT in 0.27s
    cube 4029.506.147 (depth 2, 30 lits): UNSAT in 0.01s
    cube 4029.506.148 (depth 2, 32 lits): UNSAT in 0.01s
    cube 4029.506.149 (depth 2, 32 lits): UNSAT in 0.01s
    cube 4029.506.150 (depth 2, 31 lits): UNSAT in 0.01s
    cube 4029.506.151 (depth 2, 30 lits): UNSAT in 0.01s
    cube 4029.506.152 (depth 2, 30 lits): UNSAT in 0.01s
    cube 4029.506.153 (depth 2, 31 lits): UNSAT in 0.01s
    cube 4029.506.154 (depth 2, 32 lits): UNSAT in 0.01s
    cube 4029.506.155 (depth 2, 32 lits): UNSAT in 0.01s
    cube 4029.506.156 (depth 2, 30 lits): UNSAT in 0.01s
    cube 4029.506.157 (depth 2, 31 lits): UNSAT in 0.01s
    cube 4029.506.158 (depth 2, 32 lits): UNSAT in 0.01s
    cube 4029.506.159 (depth 2, 32 lits): UNSAT in 0.01s
    cube 4029.506.160 (depth 2, 32 lits): UNSAT in 0.01s
    cube 4029.506.161 (depth 2, 32 lits): UNSAT in 0.01s
    cube 4029.506.162 (depth 2, 32 lits): UNSAT in 0.01s
    cube 4029.506.163 (depth 2, 32 lits): UNSAT in 0.02s
    cube 4029.506.164 (depth 2, 31 lits): UNSAT in 0.01s
    cube 4029.506.165 (depth 2, 31 lits): UNSAT in 0.01s
    cube 4029.506.166 (depth 2, 30 lits): UNSAT in 0.01s
    cube 4029.506.167 (depth 2, 32 lits): UNSAT in 0.01s
    cube 4029.506.168 (depth 2, 32 lits): UNSAT in 0.01s
    cube 4029.506.169 (depth 2, 31 lits): UNSAT in 0.01s
    cube 4029.506.170 (depth 2, 30 lits): UNSAT in 0.01s
    cube 4029.506.171 (depth 2, 32 lits): UNSAT in 0.01s
    cube 4029.506.172 (depth 2, 32 lits): UNSAT in 0.01s
    cube 4029.506.173 (depth 2, 32 lits): UNSAT in 0.01s
    cube 4029.506.174 (depth 2, 32 lits): UNSAT in 0.02s
    cube 4029.506.175 (depth 2, 32 lits): UNSAT in 0.01s
    cube 4029.506.176 (depth 2, 32 lits): UNSAT in 0.02s
    cube 4029.506.177 (depth 2, 32 lits): UNSAT in 0.02s
    cube 4029.506.178 (depth 2, 32 lits): UNSAT in 0.02s
    cube 4029.506.179 (depth 2, 32 lits): UNSAT in 0.01s
    cube 4029.506.180 (depth 2, 32 lits): UNSAT in 0.01s
    cube 4029.506.181 (depth 2, 32 lits): UNSAT in 0.01s
    cube 4029.506.182 (depth 2, 32 lits): UNSAT in 0.01s
    cube 4029.506.183 (depth 2, 31 lits): UNSAT in 0.01s
    cube 4029.506.184 (depth 2, 32 lits): UNSAT in 0.02s
    cube 4029.506.185 (depth 2, 32 lits): UNSAT in 0.02s
    cube 4029.506.186 (depth 2, 32 lits): UNSAT in 0.01s
    cube 4029.506.187 (depth 2, 32 lits): UNSAT in 0.01s
    cube 4029.506.188 (depth 2, 32 lits): UNSAT in 0.01s
    cube 4029.506.189 (depth 2, 32 lits): UNSAT in 0.02s
    cube 4029.506.190 (depth 2, 32 lits): UNSAT in 0.01s
    cube 4029.506.191 (depth 2, 32 lits): UNSAT in 0.02s
    cube 4029.506.192 (depth 2, 32 lits): UNSAT in 0.02s
    cube 4029.506.193 (depth 2, 32 lits): UNSAT in 0.02s
    cube 4029.506.194 (depth 2, 32 lits): UNSAT in 0.01s
    cube 4029.506.195 (depth 2, 32 lits): UNSAT in 0.02s
    cube 4029.506.196 (depth 2, 32 lits): UNSAT in 0.02s
    cube 4029.506.197 (depth 2, 32 lits): UNSAT in 0.02s
    cube 4029.506.198 (depth 2, 32 lits): UNSAT in 0.02s
    cube 4029.506.199 (depth 2, 32 lits): UNSAT in 0.03s
    cube 4029.506.200 (depth 2, 32 lits): UNSAT in 0.01s
    cube 4029.506.201 (depth 2, 32 lits): UNSAT in 0.04s
    cube 4029.506.202 (depth 2, 31 lits): UNSAT in 0.01s
    cube 4029.506.203 (depth 2, 32 lits): UNSAT in 0.01s
    cube 4029.506.204 (depth 2, 32 lits): UNSAT in 0.01s
    cube 4029.506.205 (depth 2, 32 lits): UNSAT in 0.01s
    cube 4029.506.206 (depth 2, 32 lits): UNSAT in 0.02s
    cube 4029.506.207 (depth 2, 32 lits): UNSAT in 0.01s
    cube 4029.506.208 (depth 2, 32 lits): UNSAT in 0.02s
    cube 4029.506.209 (depth 2, 32 lits): UNSAT in 0.01s
    cube 4029.506.210 (depth 2, 32 lits): UNSAT in 0.01s
    cube 4029.506.211 (depth 2, 32 lits): UNSAT in 0.02s
    cube 4029.506.212 (depth 2, 32 lits): UNSAT in 0.03s
    cube 4029.506.213 (depth 2, 32 lits): UNSAT in 0.02s
    cube 4029.506.214 (depth 2, 32 lits): UNSAT in 0.02s
    cube 4029.506.215 (depth 2, 32 lits): UNSAT in 0.04s
    cube 4029.506.216 (depth 2, 32 lits): UNSAT in 0.07s
    cube 4029.506.217 (depth 2, 32 lits): UNSAT in 0.01s
    cube 4029.506.218 (depth 2, 32 lits): UNSAT in 0.01s
    cube 4029.506.219 (depth 2, 32 lits): UNSAT in 0.01s
    cube 4029.506.220 (depth 2, 32 lits): UNSAT in 0.02s
    cube 4029.506.221 (depth 2, 32 lits): UNSAT in 0.02s
    cube 4029.506.222 (depth 2, 32 lits): UNSAT in 0.01s
    cube 4029.506.223 (depth 2, 32 lits): UNSAT in 0.02s
    cube 4029.506.224 (depth 2, 32 lits): UNSAT in 0.03s
    cube 4029.506.225 (depth 2, 32 lits): UNSAT in 0.01s
    cube 4029.506.226 (depth 2, 32 lits): UNSAT in 0.02s
    cube 4029.506.227 (depth 2, 32 lits): UNSAT in 0.02s
    cube 4029.506.228 (depth 2, 32 lits): UNSAT in 0.03s
    cube 4029.506.229 (depth 2, 32 lits): UNSAT in 0.01s
    cube 4029.506.230 (depth 2, 32 lits): UNSAT in 0.04s
    cube 4029.506.231 (depth 2, 32 lits): UNSAT in 0.02s
    cube 4029.506.232 (depth 2, 32 lits): UNSAT in 0.09s
    cube 4029.506.233 (depth 2, 31 lits): UNSAT in 0.01s
    cube 4029.506.234 (depth 2, 32 lits): UNSAT in 0.01s
    cube 4029.506.235 (depth 2, 32 lits): UNSAT in 0.02s
    cube 4029.506.236 (depth 2, 32 lits): UNSAT in 0.02s
    cube 4029.506.237 (depth 2, 32 lits): UNSAT in 0.01s
    cube 4029.506.238 (depth 2, 32 lits): UNSAT in 0.05s
    cube 4029.506.239 (depth 2, 32 lits): UNSAT in 0.05s
    cube 4029.506.240 (depth 2, 32 lits): UNSAT in 0.02s
    cube 4029.506.241 (depth 2, 32 lits): UNSAT in 0.04s
    cube 4029.506.242 (depth 2, 32 lits): UNSAT in 0.04s
    cube 4029.506.243 (depth 2, 32 lits): UNSAT in 0.08s
    cube 4029.506.244 (depth 2, 32 lits): UNSAT in 0.08s
    cube 4029.506.245 (depth 2, 32 lits): UNSAT in 0.25s
    cube 4029.506.246 (depth 2, 32 lits): UNSAT in 0.35s
    cube 4029.506.247 (depth 2, 32 lits): UNSAT in 1.37s
    cube 4029.506.248 (depth 2, 31 lits): UNSAT in 0.01s
    cube 4029.506.249 (depth 2, 32 lits): UNSAT in 0.01s
    cube 4029.506.250 (depth 2, 32 lits): UNSAT in 0.02s
    cube 4029.506.251 (depth 2, 32 lits): UNSAT in 0.01s
    cube 4029.506.252 (depth 2, 32 lits): UNSAT in 0.02s
    cube 4029.506.253 (depth 2, 32 lits): UNSAT in 0.01s
    cube 4029.506.254 (depth 2, 32 lits): UNSAT in 0.03s
    cube 4029.506.255 (depth 2, 32 lits): UNSAT in 0.01s
    cube 4029.506.256 (depth 2, 32 lits): UNSAT in 0.01s
    cube 4029.506.257 (depth 2, 32 lits): UNSAT in 0.02s
    cube 4029.506.258 (depth 2, 32 lits): UNSAT in 0.02s
    cube 4029.506.259 (depth 2, 32 lits): UNSAT in 0.01s
    cube 4029.506.260 (depth 2, 32 lits): UNSAT in 0.02s
    cube 4029.506.261 (depth 2, 32 lits): UNSAT in 0.02s
    cube 4029.506.262 (depth 2, 32 lits): UNSAT in 0.03s
    cube 4029.506.263 (depth 2, 32 lits): UNSAT in 0.01s
    cube 4029.506.264 (depth 2, 32 lits): UNSAT in 0.01s
    cube 4029.506.265 (depth 2, 32 lits): UNSAT in 0.01s
    cube 4029.506.266 (depth 2, 32 lits): UNSAT in 0.03s
    cube 4029.506.267 (depth 2, 32 lits): UNSAT in 0.01s
    cube 4029.506.268 (depth 2, 32 lits): UNSAT in 0.03s
    cube 4029.506.269 (depth 2, 32 lits): UNSAT in 0.02s
    cube 4029.506.270 (depth 2, 32 lits): UNSAT in 0.05s
    cube 4029.506.271 (depth 2, 32 lits): UNSAT in 0.01s
    cube 4029.506.272 (depth 2, 32 lits): UNSAT in 0.01s
    cube 4029.506.273 (depth 2, 32 lits): UNSAT in 0.01s
    cube 4029.506.274 (depth 2, 32 lits): UNSAT in 0.03s
    cube 4029.506.275 (depth 2, 32 lits): UNSAT in 0.03s
    cube 4029.506.276 (depth 2, 32 lits): UNSAT in 0.04s
    cube 4029.506.277 (depth 2, 32 lits): UNSAT in 0.05s
    cube 4029.506.278 (depth 2, 32 lits): UNSAT in 0.09s
    cube 4029.506.279 (depth 2, 31 lits): UNSAT in 0.01s
    cube 4029.506.280 (depth 2, 32 lits): UNSAT in 0.01s
    cube 4029.506.281 (depth 2, 32 lits): UNSAT in 0.01s
    cube 4029.506.282 (depth 2, 31 lits): UNSAT in 0.01s
    cube 4029.506.283 (depth 2, 32 lits): UNSAT in 0.02s
    cube 4029.506.284 (depth 2, 32 lits): UNSAT in 0.03s
    cube 4029.506.285 (depth 2, 32 lits): UNSAT in 0.01s
    cube 4029.506.286 (depth 2, 32 lits): UNSAT in 0.02s
    cube 4029.506.287 (depth 2, 31 lits): UNSAT in 0.02s
    cube 4029.506.288 (depth 2, 32 lits): UNSAT in 0.01s
    cube 4029.506.289 (depth 2, 32 lits): UNSAT in 0.03s
    cube 4029.506.290 (depth 2, 32 lits): UNSAT in 0.02s
    cube 4029.506.291 (depth 2, 32 lits): UNSAT in 0.08s
    cube 4029.506.292 (depth 2, 32 lits): UNSAT in 0.01s
    cube 4029.506.293 (depth 2, 32 lits): UNSAT in 0.03s
    cube 4029.506.294 (depth 2, 32 lits): UNSAT in 0.03s
    cube 4029.506.295 (depth 2, 32 lits): UNSAT in 0.04s
    cube 4029.506.296 (depth 2, 32 lits): UNSAT in 0.04s
    cube 4029.506.297 (depth 2, 32 lits): UNSAT in 0.04s
    cube 4029.506.298 (depth 2, 32 lits): UNSAT in 0.15s
    cube 4029.506.299 (depth 2, 32 lits): UNSAT in 0.20s
    cube 4029.506.300 (depth 2, 32 lits): UNSAT in 0.03s
    cube 4029.506.301 (depth 2, 32 lits): UNSAT in 0.12s
    cube 4029.506.302 (depth 2, 32 lits): UNSAT in 0.11s
    cube 4029.506.303 (depth 2, 32 lits): UNSAT in 0.16s
    cube 4029.506.304 (depth 2, 32 lits): UNSAT in 0.05s
    cube 4029.506.305 (depth 2, 32 lits): UNSAT in 0.18s
    cube 4029.506.306 (depth 2, 32 lits): UNSAT in 0.19s
    cube 4029.506.307 (depth 2, 32 lits): UNSAT in 1.67s
    cube 4029.506.308 (depth 2, 32 lits): UNSAT in 0.01s
    cube 4029.506.309 (depth 2, 32 lits): UNSAT in 0.01s
    cube 4029.506.310 (depth 2, 32 lits): UNSAT in 0.01s
    cube 4029.506.311 (depth 2, 32 lits): UNSAT in 0.02s
    cube 4029.506.312 (depth 2, 32 lits): UNSAT in 0.02s
    cube 4029.506.313 (depth 2, 32 lits): UNSAT in 0.02s
    cube 4029.506.314 (depth 2, 32 lits): UNSAT in 0.01s
    cube 4029.506.315 (depth 2, 32 lits): UNSAT in 0.03s
    cube 4029.506.316 (depth 2, 32 lits): UNSAT in 0.01s
    cube 4029.506.317 (depth 2, 32 lits): UNSAT in 0.01s
    cube 4029.506.318 (depth 2, 32 lits): UNSAT in 0.01s
    cube 4029.506.319 (depth 2, 32 lits): UNSAT in 0.02s
    cube 4029.506.320 (depth 2, 32 lits): UNSAT in 0.05s
    cube 4029.506.321 (depth 2, 32 lits): UNSAT in 0.16s
    cube 4029.506.322 (depth 2, 32 lits): UNSAT in 0.11s
    cube 4029.506.323 (depth 2, 32 lits): UNSAT in 0.17s
    cube 4029.506.324 (depth 2, 32 lits): UNSAT in 0.03s
    cube 4029.506.325 (depth 2, 32 lits): UNSAT in 0.04s
    cube 4029.506.326 (depth 2, 32 lits): UNSAT in 0.06s
    cube 4029.506.327 (depth 2, 32 lits): UNSAT in 0.19s
    cube 4029.506.328 (depth 2, 32 lits): UNSAT in 0.07s
    cube 4029.506.329 (depth 2, 32 lits): UNSAT in 0.10s
    cube 4029.506.330 (depth 2, 32 lits): UNSAT in 0.07s
    cube 4029.506.331 (depth 2, 32 lits): UNSAT in 0.62s
    cube 4029.506.332 (depth 2, 32 lits): UNSAT in 0.10s
    cube 4029.506.333 (depth 2, 32 lits): UNSAT in 0.17s
    cube 4029.506.334 (depth 2, 32 lits): UNSAT in 0.06s
    cube 4029.506.335 (depth 2, 32 lits): UNSAT in 0.28s
    cube 4029.506.336 (depth 2, 32 lits): UNSAT in 0.10s
    cube 4029.506.337 (depth 2, 32 lits): UNSAT in 0.21s
    cube 4029.506.338 (depth 2, 32 lits): UNSAT in 0.27s
    cube 4029.506.339 (depth 2, 32 lits): UNSAT in 2.00s
    cube 4029.506.340 (depth 2, 32 lits): UNSAT in 0.02s
    cube 4029.506.341 (depth 2, 32 lits): UNSAT in 0.04s
    cube 4029.506.342 (depth 2, 32 lits): UNSAT in 0.03s
    cube 4029.506.343 (depth 2, 32 lits): UNSAT in 0.11s
    cube 4029.506.344 (depth 2, 32 lits): UNSAT in 0.07s
    cube 4029.506.345 (depth 2, 32 lits): UNSAT in 0.21s
    cube 4029.506.346 (depth 2, 32 lits): UNSAT in 0.08s
    cube 4029.506.347 (depth 2, 32 lits): UNSAT in 0.59s
    cube 4029.506.348 (depth 2, 32 lits): UNSAT in 0.02s
    cube 4029.506.349 (depth 2, 32 lits): UNSAT in 0.07s
    cube 4029.506.350 (depth 2, 32 lits): UNSAT in 0.13s
    cube 4029.506.351 (depth 2, 32 lits): UNSAT in 0.22s
    cube 4029.506.352 (depth 2, 32 lits): UNSAT in 0.11s
    cube 4029.506.353 (depth 2, 32 lits): UNSAT in 0.32s
    cube 4029.506.354 (depth 2, 32 lits): UNSAT in 0.32s
    cube 4029.506.355 (depth 2, 32 lits): UNSAT in 5.68s
    cube 4029.506.356 (depth 2, 32 lits): UNSAT in 0.09s
    cube 4029.506.357 (depth 2, 32 lits): UNSAT in 0.22s
    cube 4029.506.358 (depth 2, 32 lits): UNSAT in 0.07s
    cube 4029.506.359 (depth 2, 32 lits): UNSAT in 0.52s
    cube 4029.506.360 (depth 2, 32 lits): UNSAT in 0.05s
    cube 4029.506.361 (depth 2, 32 lits): UNSAT in 0.22s
    cube 4029.506.362 (depth 2, 32 lits): UNSAT in 0.40s
    cube 4029.506.363 (depth 2, 32 lits): UNSAT in 3.03s
    cube 4029.506.364 (depth 2, 32 lits): UNSAT in 0.09s
    cube 4029.506.365 (depth 2, 32 lits): UNSAT in 0.74s
    cube 4029.506.366 (depth 2, 32 lits): UNSAT in 0.62s
    cube 4029.506.367 (depth 2, 32 lits): UNSAT in 5.50s
    cube 4029.506.368 (depth 2, 32 lits): UNSAT in 1.15s
    cube 4029.506.369 (depth 2, 32 lits): UNSAT in 5.27s
    cube 4029.506.370 (depth 2, 32 lits): UNSAT in 0.84s
    cube 4029.506.371 (depth 2, 32 lits): UNSAT in 10.04s
    cube 4029.506.372 (depth 2, 29 lits): UNSAT in 0.01s
    cube 4029.506.373 (depth 2, 29 lits): UNSAT in 0.01s
    cube 4029.506.374 (depth 2, 29 lits): UNSAT in 0.01s
    cube 4029.506.375 (depth 2, 31 lits): UNSAT in 0.01s
    cube 4029.506.376 (depth 2, 31 lits): UNSAT in 0.01s
    cube 4029.506.377 (depth 2, 31 lits): UNSAT in 0.01s
    cube 4029.506.378 (depth 2, 32 lits): UNSAT in 0.01s
    cube 4029.506.379 (depth 2, 32 lits): UNSAT in 0.01s
    cube 4029.506.380 (depth 2, 30 lits): UNSAT in 0.01s
    cube 4029.506.381 (depth 2, 30 lits): UNSAT in 0.01s
    cube 4029.506.382 (depth 2, 31 lits): UNSAT in 0.01s
    cube 4029.506.383 (depth 2, 31 lits): UNSAT in 0.01s
    cube 4029.506.384 (depth 2, 31 lits): UNSAT in 0.01s
    cube 4029.506.385 (depth 2, 32 lits): UNSAT in 0.01s
    cube 4029.506.386 (depth 2, 32 lits): UNSAT in 0.01s
    cube 4029.506.387 (depth 2, 32 lits): UNSAT in 0.01s
    cube 4029.506.388 (depth 2, 32 lits): UNSAT in 0.01s
    cube 4029.506.389 (depth 2, 32 lits): UNSAT in 0.01s
    cube 4029.506.390 (depth 2, 32 lits): UNSAT in 0.01s
    cube 4029.506.391 (depth 2, 31 lits): UNSAT in 0.01s
    cube 4029.506.392 (depth 2, 32 lits): UNSAT in 0.02s
    cube 4029.506.393 (depth 2, 32 lits): UNSAT in 0.01s
    cube 4029.506.394 (depth 2, 30 lits): UNSAT in 0.02s
    cube 4029.506.395 (depth 2, 32 lits): UNSAT in 0.01s
    cube 4029.506.396 (depth 2, 32 lits): UNSAT in 0.02s
    cube 4029.506.397 (depth 2, 32 lits): UNSAT in 0.01s
    cube 4029.506.398 (depth 2, 32 lits): UNSAT in 0.02s
    cube 4029.506.399 (depth 2, 31 lits): UNSAT in 0.01s
    cube 4029.506.400 (depth 2, 32 lits): UNSAT in 0.01s
    cube 4029.506.401 (depth 2, 32 lits): UNSAT in 0.01s
    cube 4029.506.402 (depth 2, 31 lits): UNSAT in 0.01s
    cube 4029.506.403 (depth 2, 31 lits): UNSAT in 0.01s
    cube 4029.506.404 (depth 2, 30 lits): UNSAT in 0.01s
    cube 4029.506.405 (depth 2, 31 lits): UNSAT in 0.01s
    cube 4029.506.406 (depth 2, 32 lits): UNSAT in 0.01s
    cube 4029.506.407 (depth 2, 32 lits): UNSAT in 0.01s
    cube 4029.506.408 (depth 2, 29 lits): UNSAT in 0.01s
    cube 4029.506.409 (depth 2, 31 lits): UNSAT in 0.01s
    cube 4029.506.410 (depth 2, 31 lits): UNSAT in 0.01s
    cube 4029.506.411 (depth 2, 32 lits): UNSAT in 0.01s
    cube 4029.506.412 (depth 2, 32 lits): UNSAT in 0.04s
    cube 4029.506.413 (depth 2, 32 lits): UNSAT in 0.02s
    cube 4029.506.414 (depth 2, 32 lits): UNSAT in 0.03s
    cube 4029.506.415 (depth 2, 30 lits): UNSAT in 0.01s
    cube 4029.506.416 (depth 2, 32 lits): UNSAT in 0.01s
    cube 4029.506.417 (depth 2, 32 lits): UNSAT in 0.01s
    cube 4029.506.418 (depth 2, 32 lits): UNSAT in 0.01s
    cube 4029.506.419 (depth 2, 32 lits): UNSAT in 0.01s
    cube 4029.506.420 (depth 2, 32 lits): UNSAT in 0.01s
    cube 4029.506.421 (depth 2, 32 lits): UNSAT in 0.02s
    cube 4029.506.422 (depth 2, 32 lits): UNSAT in 0.01s
    cube 4029.506.423 (depth 2, 32 lits): UNSAT in 0.02s
    cube 4029.506.424 (depth 2, 31 lits): UNSAT in 0.01s
    cube 4029.506.425 (depth 2, 32 lits): UNSAT in 0.01s
    cube 4029.506.426 (depth 2, 32 lits): UNSAT in 0.01s
    cube 4029.506.427 (depth 2, 32 lits): UNSAT in 0.01s
    cube 4029.506.428 (depth 2, 32 lits): UNSAT in 0.01s
    cube 4029.506.429 (depth 2, 31 lits): UNSAT in 0.01s
    cube 4029.506.430 (depth 2, 32 lits): UNSAT in 0.01s
    cube 4029.506.431 (depth 2, 32 lits): UNSAT in 0.03s
    cube 4029.506.432 (depth 2, 32 lits): UNSAT in 0.02s
    cube 4029.506.433 (depth 2, 32 lits): UNSAT in 0.04s
    cube 4029.506.434 (depth 2, 32 lits): UNSAT in 0.02s
    cube 4029.506.435 (depth 2, 32 lits): UNSAT in 0.02s
    cube 4029.506.436 (depth 2, 32 lits): UNSAT in 0.05s
    cube 4029.506.437 (depth 2, 32 lits): UNSAT in 0.04s
    cube 4029.506.438 (depth 2, 32 lits): UNSAT in 0.03s
    cube 4029.506.439 (depth 2, 32 lits): UNSAT in 0.01s
    cube 4029.506.440 (depth 2, 32 lits): UNSAT in 0.01s
    cube 4029.506.441 (depth 2, 32 lits): UNSAT in 0.03s
    cube 4029.506.442 (depth 2, 31 lits): UNSAT in 0.01s
    cube 4029.506.443 (depth 2, 31 lits): UNSAT in 0.01s
    cube 4029.506.444 (depth 2, 31 lits): UNSAT in 0.01s
    cube 4029.506.445 (depth 2, 31 lits): UNSAT in 0.01s
    cube 4029.506.446 (depth 2, 30 lits): UNSAT in 0.02s
    cube 4029.506.447 (depth 2, 31 lits): UNSAT in 0.01s
    cube 4029.506.448 (depth 2, 32 lits): UNSAT in 0.01s
    cube 4029.506.449 (depth 2, 32 lits): UNSAT in 0.02s
    cube 4029.506.450 (depth 2, 31 lits): UNSAT in 0.01s
    cube 4029.506.451 (depth 2, 31 lits): UNSAT in 0.01s
    cube 4029.506.452 (depth 2, 31 lits): UNSAT in 0.01s
    cube 4029.506.453 (depth 2, 32 lits): UNSAT in 0.02s
    cube 4029.506.454 (depth 2, 32 lits): UNSAT in 0.02s
    cube 4029.506.455 (depth 2, 32 lits): UNSAT in 0.01s
    cube 4029.506.456 (depth 2, 32 lits): UNSAT in 0.02s
    cube 4029.506.457 (depth 2, 32 lits): UNSAT in 0.01s
    cube 4029.506.458 (depth 2, 32 lits): UNSAT in 0.02s
    cube 4029.506.459 (depth 2, 32 lits): UNSAT in 0.02s
    cube 4029.506.460 (depth 2, 32 lits): UNSAT in 0.03s
    cube 4029.506.461 (depth 2, 32 lits): UNSAT in 0.04s
    cube 4029.506.462 (depth 2, 32 lits): UNSAT in 0.08s
    cube 4029.506.463 (depth 2, 32 lits): UNSAT in 0.01s
    cube 4029.506.464 (depth 2, 32 lits): UNSAT in 0.01s
    cube 4029.506.465 (depth 2, 32 lits): UNSAT in 0.01s
    cube 4029.506.466 (depth 2, 32 lits): UNSAT in 0.01s
    cube 4029.506.467 (depth 2, 32 lits): UNSAT in 0.01s
    cube 4029.506.468 (depth 2, 32 lits): UNSAT in 0.02s
    cube 4029.506.469 (depth 2, 32 lits): UNSAT in 0.02s
    cube 4029.506.470 (depth 2, 32 lits): UNSAT in 0.02s
    cube 4029.506.471 (depth 2, 32 lits): UNSAT in 0.01s
    cube 4029.506.472 (depth 2, 32 lits): UNSAT in 0.01s
    cube 4029.506.473 (depth 2, 32 lits): UNSAT in 0.01s
    cube 4029.506.474 (depth 2, 32 lits): UNSAT in 0.02s
    cube 4029.506.475 (depth 2, 32 lits): UNSAT in 0.02s
    cube 4029.506.476 (depth 2, 32 lits): UNSAT in 0.03s
    cube 4029.506.477 (depth 2, 32 lits): UNSAT in 0.06s
    cube 4029.506.478 (depth 2, 32 lits): UNSAT in 0.13s
    cube 4029.506.479 (depth 2, 32 lits): UNSAT in 0.01s
    cube 4029.506.480 (depth 2, 32 lits): UNSAT in 0.01s
    cube 4029.506.481 (depth 2, 32 lits): UNSAT in 0.01s
    cube 4029.506.482 (depth 2, 32 lits): UNSAT in 0.02s
    cube 4029.506.483 (depth 2, 32 lits): UNSAT in 0.01s
    cube 4029.506.484 (depth 2, 32 lits): UNSAT in 0.03s
    cube 4029.506.485 (depth 2, 32 lits): UNSAT in 0.01s
    cube 4029.506.486 (depth 2, 32 lits): UNSAT in 0.10s
    cube 4029.506.487 (depth 2, 32 lits): UNSAT in 0.01s
    cube 4029.506.488 (depth 2, 32 lits): UNSAT in 0.03s
    cube 4029.506.489 (depth 2, 32 lits): UNSAT in 0.02s
    cube 4029.506.490 (depth 2, 32 lits): UNSAT in 0.09s
    cube 4029.506.491 (depth 2, 32 lits): UNSAT in 0.04s
    cube 4029.506.492 (depth 2, 32 lits): UNSAT in 0.11s
    cube 4029.506.493 (depth 2, 32 lits): UNSAT in 0.14s
    cube 4029.506.494 (depth 2, 32 lits): UNSAT in 0.29s
    cube 4029.506.495 (depth 2, 31 lits): UNSAT in 0.01s
    cube 4029.506.496 (depth 2, 32 lits): UNSAT in 0.02s
    cube 4029.506.497 (depth 2, 32 lits): UNSAT in 0.02s
    cube 4029.506.498 (depth 2, 32 lits): UNSAT in 0.01s
    cube 4029.506.499 (depth 2, 32 lits): UNSAT in 0.02s
    cube 4029.506.500 (depth 2, 32 lits): UNSAT in 0.03s
    cube 4029.506.501 (depth 2, 32 lits): UNSAT in 0.02s
    cube 4029.506.502 (depth 2, 32 lits): UNSAT in 0.01s
    cube 4029.506.503 (depth 2, 32 lits): UNSAT in 0.01s
    cube 4029.506.504 (depth 2, 32 lits): UNSAT in 0.01s
    cube 4029.506.505 (depth 2, 32 lits): UNSAT in 0.02s
    cube 4029.506.506 (depth 2, 32 lits): UNSAT in 0.01s
    cube 4029.506.507 (depth 2, 32 lits): UNSAT in 0.01s
    cube 4029.506.508 (depth 2, 32 lits): UNSAT in 0.03s
    cube 4029.506.509 (depth 2, 32 lits): UNSAT in 0.06s
    cube 4029.506.510 (depth 2, 32 lits): UNSAT in 0.01s
    cube 4029.506.511 (depth 2, 32 lits): UNSAT in 0.01s
    cube 4029.506.512 (depth 2, 32 lits): UNSAT in 0.01s
    cube 4029.506.513 (depth 2, 32 lits): UNSAT in 0.02s
    cube 4029.506.514 (depth 2, 32 lits): UNSAT in 0.02s
    cube 4029.506.515 (depth 2, 32 lits): UNSAT in 0.03s
    cube 4029.506.516 (depth 2, 32 lits): UNSAT in 0.03s
    cube 4029.506.517 (depth 2, 32 lits): UNSAT in 0.05s
    cube 4029.506.518 (depth 2, 32 lits): UNSAT in 0.01s
    cube 4029.506.519 (depth 2, 32 lits): UNSAT in 0.01s
    cube 4029.506.520 (depth 2, 32 lits): UNSAT in 0.02s
    cube 4029.506.521 (depth 2, 32 lits): UNSAT in 0.02s
    cube 4029.506.522 (depth 2, 32 lits): UNSAT in 0.06s
    cube 4029.506.523 (depth 2, 32 lits): UNSAT in 0.08s
    cube 4029.506.524 (depth 2, 32 lits): UNSAT in 0.11s
    cube 4029.506.525 (depth 2, 32 lits): UNSAT in 0.19s
    cube 4029.506.526 (depth 2, 32 lits): UNSAT in 0.01s
    cube 4029.506.527 (depth 2, 32 lits): UNSAT in 0.01s
    cube 4029.506.528 (depth 2, 32 lits): UNSAT in 0.01s
    cube 4029.506.529 (depth 2, 32 lits): UNSAT in 0.01s
    cube 4029.506.530 (depth 2, 31 lits): UNSAT in 0.01s
    cube 4029.506.531 (depth 2, 32 lits): UNSAT in 0.01s
    cube 4029.506.532 (depth 2, 32 lits): UNSAT in 0.02s
    cube 4029.506.533 (depth 2, 32 lits): UNSAT in 0.02s
    cube 4029.506.534 (depth 2, 32 lits): UNSAT in 0.03s
    cube 4029.506.535 (depth 2, 32 lits): UNSAT in 0.10s
    cube 4029.506.536 (depth 2, 32 lits): UNSAT in 0.12s
    cube 4029.506.537 (depth 2, 32 lits): UNSAT in 0.07s
    cube 4029.506.538 (depth 2, 32 lits): UNSAT in 0.20s
    cube 4029.506.539 (depth 2, 32 lits): UNSAT in 0.06s
    cube 4029.506.540 (depth 2, 32 lits): UNSAT in 0.18s
    cube 4029.506.541 (depth 2, 32 lits): UNSAT in 0.02s
    cube 4029.506.542 (depth 2, 32 lits): UNSAT in 0.02s
    cube 4029.506.543 (depth 2, 32 lits): UNSAT in 0.05s
    cube 4029.506.544 (depth 2, 32 lits): UNSAT in 0.17s
    cube 4029.506.545 (depth 2, 32 lits): UNSAT in 0.07s
    cube 4029.506.546 (depth 2, 32 lits): UNSAT in 0.10s
    cube 4029.506.547 (depth 2, 32 lits): UNSAT in 0.14s
    cube 4029.506.548 (depth 2, 32 lits): UNSAT in 2.56s
    cube 4029.506.549 (depth 2, 32 lits): UNSAT in 0.03s
    cube 4029.506.550 (depth 2, 32 lits): UNSAT in 0.20s
    cube 4029.506.551 (depth 2, 32 lits): UNSAT in 0.51s
    cube 4029.506.552 (depth 2, 32 lits): UNSAT in 0.85s
    cube 4029.506.553 (depth 2, 32 lits): UNSAT in 0.19s
    cube 4029.506.554 (depth 2, 32 lits): UNSAT in 2.84s
    cube 4029.506.555 (depth 2, 32 lits): UNSAT in 0.72s
    cube 4029.506.556 (depth 2, 32 lits): UNSAT in 6.10s
    cube 4029.506.557 (depth 2, 32 lits): UNSAT in 0.01s
    cube 4029.506.558 (depth 2, 32 lits): UNSAT in 0.01s
    cube 4029.506.559 (depth 2, 32 lits): UNSAT in 0.01s
    cube 4029.506.560 (depth 2, 32 lits): UNSAT in 0.01s
    cube 4029.506.561 (depth 2, 32 lits): UNSAT in 0.01s
    cube 4029.506.562 (depth 2, 32 lits): UNSAT in 0.01s
    cube 4029.506.563 (depth 2, 32 lits): UNSAT in 0.01s
    cube 4029.506.564 (depth 2, 32 lits): UNSAT in 0.02s
    cube 4029.506.565 (depth 2, 31 lits): UNSAT in 0.01s
    cube 4029.506.566 (depth 2, 32 lits): UNSAT in 0.01s
    cube 4029.506.567 (depth 2, 32 lits): UNSAT in 0.01s
    cube 4029.506.568 (depth 2, 32 lits): UNSAT in 0.01s
    cube 4029.506.569 (depth 2, 32 lits): UNSAT in 0.01s
    cube 4029.506.570 (depth 2, 32 lits): UNSAT in 0.01s
    cube 4029.506.571 (depth 2, 32 lits): UNSAT in 0.02s
    cube 4029.506.572 (depth 2, 31 lits): UNSAT in 0.01s
    cube 4029.506.573 (depth 2, 32 lits): UNSAT in 0.01s
    cube 4029.506.574 (depth 2, 32 lits): UNSAT in 0.01s
    cube 4029.506.575 (depth 2, 32 lits): UNSAT in 0.01s
    cube 4029.506.576 (depth 2, 32 lits): UNSAT in 0.01s
    cube 4029.506.577 (depth 2, 32 lits): UNSAT in 0.02s
    cube 4029.506.578 (depth 2, 32 lits): UNSAT in 0.01s
    cube 4029.506.579 (depth 2, 32 lits): UNSAT in 0.01s
    cube 4029.506.580 (depth 2, 32 lits): UNSAT in 0.04s
    cube 4029.506.581 (depth 2, 32 lits): UNSAT in 0.02s
    cube 4029.506.582 (depth 2, 32 lits): UNSAT in 0.07s
    cube 4029.506.583 (depth 2, 32 lits): UNSAT in 0.03s
    cube 4029.506.584 (depth 2, 32 lits): UNSAT in 0.06s
    cube 4029.506.585 (depth 2, 32 lits): UNSAT in 0.09s
    cube 4029.506.586 (depth 2, 32 lits): UNSAT in 0.06s
    cube 4029.506.587 (depth 2, 32 lits): UNSAT in 0.01s
    cube 4029.506.588 (depth 2, 32 lits): UNSAT in 0.02s
    cube 4029.506.589 (depth 2, 32 lits): UNSAT in 0.01s
    cube 4029.506.590 (depth 2, 32 lits): UNSAT in 0.01s
    cube 4029.506.591 (depth 2, 32 lits): UNSAT in 0.02s
    cube 4029.506.592 (depth 2, 32 lits): UNSAT in 0.03s
    cube 4029.506.593 (depth 2, 32 lits): UNSAT in 0.02s
    cube 4029.506.594 (depth 2, 32 lits): UNSAT in 0.02s
    cube 4029.506.595 (depth 2, 32 lits): UNSAT in 0.01s
    cube 4029.506.596 (depth 2, 32 lits): UNSAT in 0.01s
    cube 4029.506.597 (depth 2, 32 lits): UNSAT in 0.02s
    cube 4029.506.598 (depth 2, 32 lits): UNSAT in 0.04s
    cube 4029.506.599 (depth 2, 32 lits): UNSAT in 0.02s
    cube 4029.506.600 (depth 2, 32 lits): UNSAT in 0.02s
    cube 4029.506.601 (depth 2, 32 lits): UNSAT in 0.02s
    cube 4029.506.602 (depth 2, 32 lits): UNSAT in 0.04s
    cube 4029.506.603 (depth 2, 32 lits): UNSAT in 0.01s
    cube 4029.506.604 (depth 2, 32 lits): UNSAT in 0.02s
    cube 4029.506.605 (depth 2, 32 lits): UNSAT in 0.01s
    cube 4029.506.606 (depth 2, 32 lits): UNSAT in 0.01s
    cube 4029.506.607 (depth 2, 32 lits): UNSAT in 0.01s
    cube 4029.506.608 (depth 2, 32 lits): UNSAT in 0.02s
    cube 4029.506.609 (depth 2, 32 lits): UNSAT in 0.02s
    cube 4029.506.610 (depth 2, 32 lits): UNSAT in 0.04s
    cube 4029.506.611 (depth 2, 32 lits): UNSAT in 0.01s
    cube 4029.506.612 (depth 2, 32 lits): UNSAT in 0.01s
    cube 4029.506.613 (depth 2, 32 lits): UNSAT in 0.02s
    cube 4029.506.614 (depth 2, 32 lits): UNSAT in 0.05s
    cube 4029.506.615 (depth 2, 32 lits): UNSAT in 0.02s
    cube 4029.506.616 (depth 2, 32 lits): UNSAT in 0.02s
    cube 4029.506.617 (depth 2, 32 lits): UNSAT in 0.02s
    cube 4029.506.618 (depth 2, 32 lits): UNSAT in 0.05s
    cube 4029.506.619 (depth 2, 31 lits): UNSAT in 0.01s
    cube 4029.506.620 (depth 2, 32 lits): UNSAT in 0.01s
    cube 4029.506.621 (depth 2, 32 lits): UNSAT in 0.02s
    cube 4029.506.622 (depth 2, 31 lits): UNSAT in 0.01s
    cube 4029.506.623 (depth 2, 32 lits): UNSAT in 0.01s
    cube 4029.506.624 (depth 2, 32 lits): UNSAT in 0.02s
    cube 4029.506.625 (depth 2, 30 lits): UNSAT in 0.01s
    cube 4029.506.626 (depth 2, 32 lits): UNSAT in 0.01s
    cube 4029.506.627 (depth 2, 32 lits): UNSAT in 0.02s
    cube 4029.506.628 (depth 2, 32 lits): UNSAT in 0.01s
    cube 4029.506.629 (depth 2, 32 lits): UNSAT in 0.05s
    cube 4029.506.630 (depth 2, 32 lits): UNSAT in 0.01s
    cube 4029.506.631 (depth 2, 32 lits): UNSAT in 0.02s
    cube 4029.506.632 (depth 2, 32 lits): UNSAT in 0.02s
    cube 4029.506.633 (depth 2, 32 lits): UNSAT in 0.02s
    cube 4029.506.634 (depth 2, 32 lits): UNSAT in 0.02s
    cube 4029.506.635 (depth 2, 32 lits): UNSAT in 0.02s
    cube 4029.506.636 (depth 2, 32 lits): UNSAT in 0.02s
    cube 4029.506.637 (depth 2, 32 lits): UNSAT in 0.06s
    cube 4029.506.638 (depth 2, 32 lits): UNSAT in 0.02s
    cube 4029.506.639 (depth 2, 32 lits): UNSAT in 0.03s
    cube 4029.506.640 (depth 2, 32 lits): UNSAT in 0.03s
    cube 4029.506.641 (depth 2, 32 lits): UNSAT in 0.04s
    cube 4029.506.642 (depth 2, 32 lits): UNSAT in 0.02s
    cube 4029.506.643 (depth 2, 32 lits): UNSAT in 0.06s
    cube 4029.506.644 (depth 2, 32 lits): UNSAT in 0.03s
    cube 4029.506.645 (depth 2, 32 lits): UNSAT in 0.10s
    cube 4029.506.646 (depth 2, 32 lits): UNSAT in 0.01s
    cube 4029.506.647 (depth 2, 32 lits): UNSAT in 0.02s
    cube 4029.506.648 (depth 2, 32 lits): UNSAT in 0.03s
    cube 4029.506.649 (depth 2, 32 lits): UNSAT in 0.08s
    cube 4029.506.650 (depth 2, 32 lits): UNSAT in 0.03s
    cube 4029.506.651 (depth 2, 32 lits): UNSAT in 0.07s
    cube 4029.506.652 (depth 2, 32 lits): UNSAT in 0.08s
    cube 4029.506.653 (depth 2, 32 lits): UNSAT in 0.36s
    cube 4029.506.654 (depth 2, 32 lits): UNSAT in 0.03s
    cube 4029.506.655 (depth 2, 32 lits): UNSAT in 0.08s
    cube 4029.506.656 (depth 2, 32 lits): UNSAT in 0.14s
    cube 4029.506.657 (depth 2, 32 lits): UNSAT in 0.13s
    cube 4029.506.658 (depth 2, 32 lits): UNSAT in 0.08s
    cube 4029.506.659 (depth 2, 32 lits): UNSAT in 0.16s
    cube 4029.506.660 (depth 2, 32 lits): UNSAT in 0.43s
    cube 4029.506.661 (depth 2, 32 lits): UNSAT in 1.35s
    cube 4029.506.662 (depth 2, 32 lits): UNSAT in 0.02s
    cube 4029.506.663 (depth 2, 32 lits): UNSAT in 0.02s
    cube 4029.506.664 (depth 2, 32 lits): UNSAT in 0.08s
    cube 4029.506.665 (depth 2, 32 lits): UNSAT in 0.19s
    cube 4029.506.666 (depth 2, 32 lits): UNSAT in 0.06s
    cube 4029.506.667 (depth 2, 32 lits): UNSAT in 0.15s
    cube 4029.506.668 (depth 2, 32 lits): UNSAT in 0.14s
    cube 4029.506.669 (depth 2, 32 lits): UNSAT in 0.32s
    cube 4029.506.670 (depth 2, 32 lits): UNSAT in 0.12s
    cube 4029.506.671 (depth 2, 32 lits): UNSAT in 0.18s
    cube 4029.506.672 (depth 2, 32 lits): UNSAT in 0.46s
    cube 4029.506.673 (depth 2, 32 lits): UNSAT in 1.32s
    cube 4029.506.674 (depth 2, 32 lits): UNSAT in 0.18s
    cube 4029.506.675 (depth 2, 32 lits): UNSAT in 1.16s
    cube 4029.506.676 (depth 2, 32 lits): UNSAT in 2.82s
    cube 4029.506.677 (depth 2, 32 lits): UNSAT in 6.87s
    cube 4029.506.678 (depth 2, 32 lits): UNSAT in 0.01s
    cube 4029.506.679 (depth 2, 32 lits): UNSAT in 0.01s
    cube 4029.506.680 (depth 2, 32 lits): UNSAT in 0.01s
    cube 4029.506.681 (depth 2, 32 lits): UNSAT in 0.01s
    cube 4029.506.682 (depth 2, 32 lits): UNSAT in 0.01s
    cube 4029.506.683 (depth 2, 32 lits): UNSAT in 0.03s
    cube 4029.506.684 (depth 2, 32 lits): UNSAT in 0.02s
    cube 4029.506.685 (depth 2, 32 lits): UNSAT in 0.05s
    cube 4029.506.686 (depth 2, 32 lits): UNSAT in 0.01s
    cube 4029.506.687 (depth 2, 32 lits): UNSAT in 0.05s
    cube 4029.506.688 (depth 2, 32 lits): UNSAT in 0.01s
    cube 4029.506.689 (depth 2, 32 lits): UNSAT in 0.03s
    cube 4029.506.690 (depth 2, 32 lits): UNSAT in 0.02s
    cube 4029.506.691 (depth 2, 32 lits): UNSAT in 0.05s
    cube 4029.506.692 (depth 2, 32 lits): UNSAT in 0.02s
    cube 4029.506.693 (depth 2, 32 lits): UNSAT in 0.03s
    cube 4029.506.694 (depth 2, 32 lits): UNSAT in 0.02s
    cube 4029.506.695 (depth 2, 32 lits): UNSAT in 0.05s
    cube 4029.506.696 (depth 2, 32 lits): UNSAT in 0.03s
    cube 4029.506.697 (depth 2, 32 lits): UNSAT in 0.08s
    cube 4029.506.698 (depth 2, 32 lits): UNSAT in 0.02s
    cube 4029.506.699 (depth 2, 32 lits): UNSAT in 0.05s
    cube 4029.506.700 (depth 2, 32 lits): UNSAT in 0.07s
    cube 4029.506.701 (depth 2, 32 lits): UNSAT in 0.25s
    cube 4029.506.702 (depth 2, 31 lits): UNSAT in 0.01s
    cube 4029.506.703 (depth 2, 32 lits): UNSAT in 0.02s
    cube 4029.506.704 (depth 2, 32 lits): UNSAT in 0.06s
    cube 4029.506.705 (depth 2, 32 lits): UNSAT in 0.01s
    cube 4029.506.706 (depth 2, 32 lits): UNSAT in 0.12s
    cube 4029.506.707 (depth 2, 32 lits): UNSAT in 0.26s
    cube 4029.506.708 (depth 2, 32 lits): UNSAT in 0.42s
    cube 4029.506.709 (depth 2, 32 lits): UNSAT in 0.01s
    cube 4029.506.710 (depth 2, 32 lits): UNSAT in 0.02s
    cube 4029.506.711 (depth 2, 32 lits): UNSAT in 0.02s
    cube 4029.506.712 (depth 2, 32 lits): UNSAT in 0.03s
    cube 4029.506.713 (depth 2, 32 lits): UNSAT in 0.02s
    cube 4029.506.714 (depth 2, 32 lits): UNSAT in 0.09s
    cube 4029.506.715 (depth 2, 32 lits): UNSAT in 0.03s
    cube 4029.506.716 (depth 2, 32 lits): UNSAT in 0.15s
    cube 4029.506.717 (depth 2, 32 lits): UNSAT in 0.02s
    cube 4029.506.718 (depth 2, 32 lits): UNSAT in 0.02s
    cube 4029.506.719 (depth 2, 32 lits): UNSAT in 0.03s
    cube 4029.506.720 (depth 2, 32 lits): UNSAT in 0.06s
    cube 4029.506.721 (depth 2, 32 lits): UNSAT in 0.20s
    cube 4029.506.722 (depth 2, 32 lits): UNSAT in 0.42s
    cube 4029.506.723 (depth 2, 32 lits): UNSAT in 0.12s
    cube 4029.506.724 (depth 2, 32 lits): UNSAT in 2.13s
    cube 4029.506.725 (depth 2, 32 lits): UNSAT in 0.01s
    cube 4029.506.726 (depth 2, 32 lits): UNSAT in 0.03s
    cube 4029.506.727 (depth 2, 32 lits): UNSAT in 0.05s
    cube 4029.506.728 (depth 2, 32 lits): UNSAT in 0.07s
    cube 4029.506.729 (depth 2, 32 lits): UNSAT in 0.02s
    cube 4029.506.730 (depth 2, 32 lits): UNSAT in 0.03s
    cube 4029.506.731 (depth 2, 32 lits): UNSAT in 0.09s
    cube 4029.506.732 (depth 2, 32 lits): UNSAT in 1.38s
    cube 4029.506.733 (depth 2, 32 lits): UNSAT in 0.01s
    cube 4029.506.734 (depth 2, 32 lits): UNSAT in 0.05s
    cube 4029.506.735 (depth 2, 32 lits): UNSAT in 0.69s
    cube 4029.506.736 (depth 2, 32 lits): UNSAT in 1.11s
    cube 4029.506.737 (depth 2, 32 lits): UNSAT in 0.17s
    cube 4029.506.738 (depth 2, 32 lits): UNSAT in 2.67s
    cube 4029.506.739 (depth 2, 32 lits): UNSAT in 2.50s
    cube 4029.506.740 (depth 2, 32 lits): UNSAT in 11.83s
    cube 4029.506.741 (depth 2, 32 lits): UNSAT in 0.02s
    cube 4029.506.742 (depth 2, 32 lits): UNSAT in 0.03s
    cube 4029.506.743 (depth 2, 32 lits): UNSAT in 0.03s
    cube 4029.506.744 (depth 2, 32 lits): UNSAT in 0.04s
    cube 4029.506.745 (depth 2, 32 lits): UNSAT in 0.03s
    cube 4029.506.746 (depth 2, 32 lits): UNSAT in 0.22s
    cube 4029.506.747 (depth 2, 32 lits): UNSAT in 0.05s
    cube 4029.506.748 (depth 2, 32 lits): UNSAT in 0.76s
    cube 4029.506.749 (depth 2, 32 lits): UNSAT in 0.07s
    cube 4029.506.750 (depth 2, 32 lits): UNSAT in 0.59s
    cube 4029.506.751 (depth 2, 32 lits): UNSAT in 0.29s
    cube 4029.506.752 (depth 2, 32 lits): UNSAT in 0.78s
    cube 4029.506.753 (depth 2, 32 lits): UNSAT in 0.11s
    cube 4029.506.754 (depth 2, 32 lits): UNSAT in 0.56s
    cube 4029.506.755 (depth 2, 32 lits): UNSAT in 0.39s
    cube 4029.506.756 (depth 2, 32 lits): UNSAT in 6.45s
    cube 4029.506.757 (depth 2, 32 lits): UNSAT in 0.04s
    cube 4029.506.758 (depth 2, 32 lits): UNSAT in 0.11s
    cube 4029.506.759 (depth 2, 32 lits): UNSAT in 0.07s
    cube 4029.506.760 (depth 2, 32 lits): UNSAT in 0.12s
    cube 4029.506.761 (depth 2, 32 lits): UNSAT in 0.07s
    cube 4029.506.762 (depth 2, 32 lits): UNSAT in 0.10s
    cube 4029.506.763 (depth 2, 32 lits): UNSAT in 0.20s
    cube 4029.506.764 (depth 2, 32 lits): UNSAT in 0.61s
    cube 4029.506.765 (depth 2, 32 lits): UNSAT in 0.05s
    cube 4029.506.766 (depth 2, 32 lits): UNSAT in 0.28s
    cube 4029.506.767 (depth 2, 32 lits): UNSAT in 0.68s
    cube 4029.506.768 (depth 2, 32 lits): UNSAT in 2.62s
    cube 4029.506.769 (depth 2, 32 lits): UNSAT in 0.14s
    cube 4029.506.770 (depth 2, 32 lits): UNSAT in 8.88s
    cube 4029.506.771 (depth 2, 32 lits): UNSAT in 4.79s
    cube 4029.506.772 (depth 2, 32 lits): UNSAT in 50.79s
    cube 4029.506.773 (depth 2, 32 lits): UNSAT in 0.02s
    cube 4029.506.774 (depth 2, 32 lits): UNSAT in 0.06s
    cube 4029.506.775 (depth 2, 32 lits): UNSAT in 0.15s
    cube 4029.506.776 (depth 2, 32 lits): UNSAT in 0.17s
    cube 4029.506.777 (depth 2, 32 lits): UNSAT in 0.11s
    cube 4029.506.778 (depth 2, 32 lits): UNSAT in 0.33s
    cube 4029.506.779 (depth 2, 32 lits): UNSAT in 0.24s
    cube 4029.506.780 (depth 2, 32 lits): UNSAT in 3.65s
    cube 4029.506.781 (depth 2, 32 lits): UNSAT in 0.03s
    cube 4029.506.782 (depth 2, 32 lits): UNSAT in 0.17s
    cube 4029.506.783 (depth 2, 32 lits): UNSAT in 0.04s
    cube 4029.506.784 (depth 2, 32 lits): UNSAT in 2.07s
    cube 4029.506.785 (depth 2, 32 lits): UNSAT in 0.06s
    cube 4029.506.786 (depth 2, 32 lits): UNSAT in 0.32s
    cube 4029.506.787 (depth 2, 32 lits): UNSAT in 1.87s
    cube 4029.506.788 (depth 2, 32 lits): UNSAT in 12.34s
    cube 4029.506.789 (depth 2, 32 lits): UNSAT in 0.06s
    cube 4029.506.790 (depth 2, 32 lits): UNSAT in 0.46s
    cube 4029.506.791 (depth 2, 32 lits): UNSAT in 0.13s
    cube 4029.506.792 (depth 2, 32 lits): UNSAT in 1.29s
    cube 4029.506.793 (depth 2, 32 lits): UNSAT in 0.76s
    cube 4029.506.794 (depth 2, 32 lits): UNSAT in 2.50s
    cube 4029.506.795 (depth 2, 32 lits): UNSAT in 3.97s
    cube 4029.506.796 (depth 2, 32 lits): UNSAT in 12.61s
    cube 4029.506.797 (depth 2, 32 lits): UNSAT in 0.10s
    cube 4029.506.798 (depth 2, 32 lits): UNSAT in 0.23s
    cube 4029.506.799 (depth 2, 32 lits): UNSAT in 1.58s
    cube 4029.506.800 (depth 2, 32 lits): UNSAT in 19.58s
    cube 4029.506.801 (depth 2, 32 lits): UNSAT in 0.50s
    cube 4029.506.802 (depth 2, 32 lits): UNSAT in 14.28s
    cube 4029.506.803 (depth 2, 32 lits): UNSAT in 5.18s
    cube 4029.506.804 (depth 2, 32 lits): UNSAT in 10.55s
    cube 4029.507 (depth 1, 22 lits): TIMEOUT in 1200.02s
    cube 4029.507 TIMEOUT -> re-split into 806 sub-cubes (depth 2)
    cube 4029.507.0 (depth 2, 29 lits): UNSAT in 0.01s
    cube 4029.507.1 (depth 2, 31 lits): UNSAT in 0.01s
    cube 4029.507.2 (depth 2, 31 lits): UNSAT in 0.01s
    cube 4029.507.3 (depth 2, 30 lits): UNSAT in 0.02s
    cube 4029.507.4 (depth 2, 31 lits): UNSAT in 0.01s
    cube 4029.507.5 (depth 2, 31 lits): UNSAT in 0.01s
    cube 4029.507.6 (depth 2, 31 lits): UNSAT in 0.01s
    cube 4029.507.7 (depth 2, 31 lits): UNSAT in 0.01s
    cube 4029.507.8 (depth 2, 31 lits): UNSAT in 0.01s
    cube 4029.507.9 (depth 2, 32 lits): UNSAT in 0.01s
    cube 4029.507.10 (depth 2, 32 lits): UNSAT in 0.01s
    cube 4029.507.11 (depth 2, 31 lits): UNSAT in 0.01s
    cube 4029.507.12 (depth 2, 31 lits): UNSAT in 0.01s
    cube 4029.507.13 (depth 2, 30 lits): UNSAT in 0.01s
    cube 4029.507.14 (depth 2, 31 lits): UNSAT in 0.01s
    cube 4029.507.15 (depth 2, 31 lits): UNSAT in 0.01s
    cube 4029.507.16 (depth 2, 31 lits): UNSAT in 0.01s
    cube 4029.507.17 (depth 2, 31 lits): UNSAT in 0.01s
    cube 4029.507.18 (depth 2, 30 lits): UNSAT in 0.01s
    cube 4029.507.19 (depth 2, 30 lits): UNSAT in 0.01s
    cube 4029.507.20 (depth 2, 30 lits): UNSAT in 0.01s
    cube 4029.507.21 (depth 2, 32 lits): UNSAT in 0.01s
    cube 4029.507.22 (depth 2, 32 lits): UNSAT in 0.01s
    cube 4029.507.23 (depth 2, 32 lits): UNSAT in 0.01s
    cube 4029.507.24 (depth 2, 32 lits): UNSAT in 0.01s
    cube 4029.507.25 (depth 2, 32 lits): UNSAT in 0.01s
    cube 4029.507.26 (depth 2, 32 lits): UNSAT in 0.01s
    cube 4029.507.27 (depth 2, 32 lits): UNSAT in 0.01s
    cube 4029.507.28 (depth 2, 32 lits): UNSAT in 0.02s
    cube 4029.507.29 (depth 2, 30 lits): UNSAT in 0.01s
    cube 4029.507.30 (depth 2, 31 lits): UNSAT in 0.01s
    cube 4029.507.31 (depth 2, 31 lits): UNSAT in 0.01s
    cube 4029.507.32 (depth 2, 30 lits): UNSAT in 0.01s
    cube 4029.507.33 (depth 2, 31 lits): UNSAT in 0.01s
    cube 4029.507.34 (depth 2, 31 lits): UNSAT in 0.02s
    cube 4029.507.35 (depth 2, 30 lits): UNSAT in 0.01s
    cube 4029.507.36 (depth 2, 30 lits): UNSAT in 0.02s
    cube 4029.507.37 (depth 2, 31 lits): UNSAT in 0.01s
    cube 4029.507.38 (depth 2, 32 lits): UNSAT in 0.02s
    cube 4029.507.39 (depth 2, 32 lits): UNSAT in 0.02s
    cube 4029.507.40 (depth 2, 31 lits): UNSAT in 0.01s
    cube 4029.507.41 (depth 2, 32 lits): UNSAT in 0.01s
    cube 4029.507.42 (depth 2, 32 lits): UNSAT in 0.01s
    cube 4029.507.43 (depth 2, 31 lits): UNSAT in 0.01s
    cube 4029.507.44 (depth 2, 31 lits): UNSAT in 0.01s
    cube 4029.507.45 (depth 2, 32 lits): UNSAT in 0.01s
    cube 4029.507.46 (depth 2, 32 lits): UNSAT in 0.01s
    cube 4029.507.47 (depth 2, 32 lits): UNSAT in 0.01s
    cube 4029.507.48 (depth 2, 32 lits): UNSAT in 0.02s
    cube 4029.507.49 (depth 2, 31 lits): UNSAT in 0.01s
    cube 4029.507.50 (depth 2, 32 lits): UNSAT in 0.01s
    cube 4029.507.51 (depth 2, 32 lits): UNSAT in 0.01s
    cube 4029.507.52 (depth 2, 32 lits): UNSAT in 0.01s
    cube 4029.507.53 (depth 2, 32 lits): UNSAT in 0.01s
    cube 4029.507.54 (depth 2, 32 lits): UNSAT in 0.02s
    cube 4029.507.55 (depth 2, 32 lits): UNSAT in 0.02s
    cube 4029.507.56 (depth 2, 32 lits): UNSAT in 0.01s
    cube 4029.507.57 (depth 2, 32 lits): UNSAT in 0.01s
    cube 4029.507.58 (depth 2, 32 lits): UNSAT in 0.01s
    cube 4029.507.59 (depth 2, 32 lits): UNSAT in 0.02s
    cube 4029.507.60 (depth 2, 32 lits): UNSAT in 0.01s
    cube 4029.507.61 (depth 2, 32 lits): UNSAT in 0.01s
    cube 4029.507.62 (depth 2, 31 lits): UNSAT in 0.02s
    cube 4029.507.63 (depth 2, 32 lits): UNSAT in 0.01s
    cube 4029.507.64 (depth 2, 32 lits): UNSAT in 0.02s
    cube 4029.507.65 (depth 2, 32 lits): UNSAT in 0.02s
    cube 4029.507.66 (depth 2, 32 lits): UNSAT in 0.02s
    cube 4029.507.67 (depth 2, 32 lits): UNSAT in 0.01s
    cube 4029.507.68 (depth 2, 32 lits): UNSAT in 0.01s
    cube 4029.507.69 (depth 2, 32 lits): UNSAT in 0.02s
    cube 4029.507.70 (depth 2, 32 lits): UNSAT in 0.02s
    cube 4029.507.71 (depth 2, 31 lits): UNSAT in 0.01s
    cube 4029.507.72 (depth 2, 31 lits): UNSAT in 0.01s
    cube 4029.507.73 (depth 2, 32 lits): UNSAT in 0.01s
    cube 4029.507.74 (depth 2, 32 lits): UNSAT in 0.01s
    cube 4029.507.75 (depth 2, 32 lits): UNSAT in 0.01s
    cube 4029.507.76 (depth 2, 32 lits): UNSAT in 0.02s
    cube 4029.507.77 (depth 2, 32 lits): UNSAT in 0.02s
    cube 4029.507.78 (depth 2, 32 lits): UNSAT in 0.01s
    cube 4029.507.79 (depth 2, 32 lits): UNSAT in 0.01s
    cube 4029.507.80 (depth 2, 32 lits): UNSAT in 0.02s
    cube 4029.507.81 (depth 2, 32 lits): UNSAT in 0.02s
    cube 4029.507.82 (depth 2, 32 lits): UNSAT in 0.02s
    cube 4029.507.83 (depth 2, 32 lits): UNSAT in 0.02s
    cube 4029.507.84 (depth 2, 32 lits): UNSAT in 0.02s
    cube 4029.507.85 (depth 2, 32 lits): UNSAT in 0.01s
    cube 4029.507.86 (depth 2, 32 lits): UNSAT in 0.01s
    cube 4029.507.87 (depth 2, 32 lits): UNSAT in 0.01s
    cube 4029.507.88 (depth 2, 32 lits): UNSAT in 0.02s
    cube 4029.507.89 (depth 2, 31 lits): UNSAT in 0.01s
    cube 4029.507.90 (depth 2, 32 lits): UNSAT in 0.01s
    cube 4029.507.91 (depth 2, 32 lits): UNSAT in 0.03s
    cube 4029.507.92 (depth 2, 32 lits): UNSAT in 0.01s
    cube 4029.507.93 (depth 2, 32 lits): UNSAT in 0.02s
    cube 4029.507.94 (depth 2, 32 lits): UNSAT in 0.01s
    cube 4029.507.95 (depth 2, 32 lits): UNSAT in 0.02s
    cube 4029.507.96 (depth 2, 32 lits): UNSAT in 0.01s
    cube 4029.507.97 (depth 2, 32 lits): UNSAT in 0.02s
    cube 4029.507.98 (depth 2, 32 lits): UNSAT in 0.01s
    cube 4029.507.99 (depth 2, 32 lits): UNSAT in 0.02s
    cube 4029.507.100 (depth 2, 31 lits): UNSAT in 0.01s
    cube 4029.507.101 (depth 2, 31 lits): UNSAT in 0.01s
    cube 4029.507.102 (depth 2, 31 lits): UNSAT in 0.01s
    cube 4029.507.103 (depth 2, 32 lits): UNSAT in 0.01s
    cube 4029.507.104 (depth 2, 32 lits): UNSAT in 0.02s
    cube 4029.507.105 (depth 2, 32 lits): UNSAT in 0.01s
    cube 4029.507.106 (depth 2, 32 lits): UNSAT in 0.02s
    cube 4029.507.107 (depth 2, 32 lits): UNSAT in 0.01s
    cube 4029.507.108 (depth 2, 32 lits): UNSAT in 0.02s
    cube 4029.507.109 (depth 2, 32 lits): UNSAT in 0.01s
    cube 4029.507.110 (depth 2, 32 lits): UNSAT in 0.02s
    cube 4029.507.111 (depth 2, 32 lits): UNSAT in 0.01s
    cube 4029.507.112 (depth 2, 32 lits): UNSAT in 0.03s
    cube 4029.507.113 (depth 2, 32 lits): UNSAT in 0.01s
    cube 4029.507.114 (depth 2, 32 lits): UNSAT in 0.01s
    cube 4029.507.115 (depth 2, 32 lits): UNSAT in 0.02s
    cube 4029.507.116 (depth 2, 32 lits): UNSAT in 0.04s
    cube 4029.507.117 (depth 2, 32 lits): UNSAT in 0.02s
    cube 4029.507.118 (depth 2, 32 lits): UNSAT in 0.02s
    cube 4029.507.119 (depth 2, 32 lits): UNSAT in 0.02s
    cube 4029.507.120 (depth 2, 32 lits): UNSAT in 0.04s
    cube 4029.507.121 (depth 2, 32 lits): UNSAT in 0.01s
    cube 4029.507.122 (depth 2, 32 lits): UNSAT in 0.03s
    cube 4029.507.123 (depth 2, 32 lits): UNSAT in 0.02s
    cube 4029.507.124 (depth 2, 32 lits): UNSAT in 0.02s
    cube 4029.507.125 (depth 2, 32 lits): UNSAT in 0.05s
    cube 4029.507.126 (depth 2, 32 lits): UNSAT in 0.07s
    cube 4029.507.127 (depth 2, 32 lits): UNSAT in 0.03s
    cube 4029.507.128 (depth 2, 32 lits): UNSAT in 0.05s
    cube 4029.507.129 (depth 2, 32 lits): UNSAT in 0.01s
    cube 4029.507.130 (depth 2, 32 lits): UNSAT in 0.01s
    cube 4029.507.131 (depth 2, 32 lits): UNSAT in 0.01s
    cube 4029.507.132 (depth 2, 32 lits): UNSAT in 0.01s
    cube 4029.507.133 (depth 2, 32 lits): UNSAT in 0.02s
    cube 4029.507.134 (depth 2, 32 lits): UNSAT in 0.02s
    cube 4029.507.135 (depth 2, 32 lits): UNSAT in 0.02s
    cube 4029.507.136 (depth 2, 32 lits): UNSAT in 0.02s
    cube 4029.507.137 (depth 2, 32 lits): UNSAT in 0.02s
    cube 4029.507.138 (depth 2, 32 lits): UNSAT in 0.02s
    cube 4029.507.139 (depth 2, 32 lits): UNSAT in 0.03s
    cube 4029.507.140 (depth 2, 32 lits): UNSAT in 0.04s
    cube 4029.507.141 (depth 2, 32 lits): UNSAT in 0.02s
    cube 4029.507.142 (depth 2, 32 lits): UNSAT in 0.04s
    cube 4029.507.143 (depth 2, 32 lits): UNSAT in 0.02s
    cube 4029.507.144 (depth 2, 32 lits): UNSAT in 0.04s
    cube 4029.507.145 (depth 2, 32 lits): UNSAT in 0.01s
    cube 4029.507.146 (depth 2, 32 lits): UNSAT in 0.02s
    cube 4029.507.147 (depth 2, 32 lits): UNSAT in 0.02s
    cube 4029.507.148 (depth 2, 32 lits): UNSAT in 0.02s
    cube 4029.507.149 (depth 2, 32 lits): UNSAT in 0.03s
    cube 4029.507.150 (depth 2, 32 lits): UNSAT in 0.04s
    cube 4029.507.151 (depth 2, 32 lits): UNSAT in 0.02s
    cube 4029.507.152 (depth 2, 32 lits): UNSAT in 0.06s
    cube 4029.507.153 (depth 2, 32 lits): UNSAT in 0.02s
    cube 4029.507.154 (depth 2, 32 lits): UNSAT in 0.02s
    cube 4029.507.155 (depth 2, 32 lits): UNSAT in 0.05s
    cube 4029.507.156 (depth 2, 32 lits): UNSAT in 0.10s
    cube 4029.507.157 (depth 2, 32 lits): UNSAT in 0.02s
    cube 4029.507.158 (depth 2, 32 lits): UNSAT in 0.03s
    cube 4029.507.159 (depth 2, 32 lits): UNSAT in 0.03s
    cube 4029.507.160 (depth 2, 32 lits): UNSAT in 0.18s
    cube 4029.507.161 (depth 2, 32 lits): UNSAT in 0.01s
    cube 4029.507.162 (depth 2, 32 lits): UNSAT in 0.01s
    cube 4029.507.163 (depth 2, 32 lits): UNSAT in 0.02s
    cube 4029.507.164 (depth 2, 32 lits): UNSAT in 0.02s
    cube 4029.507.165 (depth 2, 32 lits): UNSAT in 0.02s
    cube 4029.507.166 (depth 2, 32 lits): UNSAT in 0.03s
    cube 4029.507.167 (depth 2, 32 lits): UNSAT in 0.03s
    cube 4029.507.168 (depth 2, 32 lits): UNSAT in 0.06s
    cube 4029.507.169 (depth 2, 32 lits): UNSAT in 0.02s
    cube 4029.507.170 (depth 2, 32 lits): UNSAT in 0.02s
    cube 4029.507.171 (depth 2, 32 lits): UNSAT in 0.03s
    cube 4029.507.172 (depth 2, 32 lits): UNSAT in 0.04s
    cube 4029.507.173 (depth 2, 32 lits): UNSAT in 0.02s
    cube 4029.507.174 (depth 2, 32 lits): UNSAT in 0.03s
    cube 4029.507.175 (depth 2, 32 lits): UNSAT in 0.05s
    cube 4029.507.176 (depth 2, 32 lits): UNSAT in 0.22s
    cube 4029.507.177 (depth 2, 32 lits): UNSAT in 0.01s
    cube 4029.507.178 (depth 2, 32 lits): UNSAT in 0.01s
    cube 4029.507.179 (depth 2, 32 lits): UNSAT in 0.02s
    cube 4029.507.180 (depth 2, 32 lits): UNSAT in 0.03s
    cube 4029.507.181 (depth 2, 32 lits): UNSAT in 0.02s
    cube 4029.507.182 (depth 2, 32 lits): UNSAT in 0.03s
    cube 4029.507.183 (depth 2, 32 lits): UNSAT in 0.02s
    cube 4029.507.184 (depth 2, 32 lits): UNSAT in 0.05s
    cube 4029.507.185 (depth 2, 32 lits): UNSAT in 0.01s
    cube 4029.507.186 (depth 2, 32 lits): UNSAT in 0.03s
    cube 4029.507.187 (depth 2, 32 lits): UNSAT in 0.11s
    cube 4029.507.188 (depth 2, 32 lits): UNSAT in 0.10s
    cube 4029.507.189 (depth 2, 32 lits): UNSAT in 0.04s
    cube 4029.507.190 (depth 2, 32 lits): UNSAT in 0.17s
    cube 4029.507.191 (depth 2, 32 lits): UNSAT in 0.06s
    cube 4029.507.192 (depth 2, 32 lits): UNSAT in 0.21s
    cube 4029.507.193 (depth 2, 29 lits): UNSAT in 0.01s
    cube 4029.507.194 (depth 2, 32 lits): UNSAT in 0.01s
    cube 4029.507.195 (depth 2, 32 lits): UNSAT in 0.01s
    cube 4029.507.196 (depth 2, 31 lits): UNSAT in 0.01s
    cube 4029.507.197 (depth 2, 30 lits): UNSAT in 0.01s
    cube 4029.507.198 (depth 2, 31 lits): UNSAT in 0.01s
    cube 4029.507.199 (depth 2, 31 lits): UNSAT in 0.01s
    cube 4029.507.200 (depth 2, 30 lits): UNSAT in 0.02s
    cube 4029.507.201 (depth 2, 30 lits): UNSAT in 0.01s
    cube 4029.507.202 (depth 2, 30 lits): UNSAT in 0.01s
    cube 4029.507.203 (depth 2, 29 lits): UNSAT in 0.01s
    cube 4029.507.204 (depth 2, 31 lits): UNSAT in 0.01s
    cube 4029.507.205 (depth 2, 32 lits): UNSAT in 0.01s
    cube 4029.507.206 (depth 2, 32 lits): UNSAT in 0.01s
    cube 4029.507.207 (depth 2, 31 lits): UNSAT in 0.01s
    cube 4029.507.208 (depth 2, 31 lits): UNSAT in 0.02s
    cube 4029.507.209 (depth 2, 31 lits): UNSAT in 0.01s
    cube 4029.507.210 (depth 2, 32 lits): UNSAT in 0.01s
    cube 4029.507.211 (depth 2, 32 lits): UNSAT in 0.02s
    cube 4029.507.212 (depth 2, 31 lits): UNSAT in 0.01s
    cube 4029.507.213 (depth 2, 32 lits): UNSAT in 0.01s
    cube 4029.507.214 (depth 2, 32 lits): UNSAT in 0.02s
    cube 4029.507.215 (depth 2, 32 lits): UNSAT in 0.01s
    cube 4029.507.216 (depth 2, 32 lits): UNSAT in 0.01s
    cube 4029.507.217 (depth 2, 32 lits): UNSAT in 0.01s
    cube 4029.507.218 (depth 2, 32 lits): UNSAT in 0.02s
    cube 4029.507.219 (depth 2, 32 lits): UNSAT in 0.02s
    cube 4029.507.220 (depth 2, 32 lits): UNSAT in 0.04s
    cube 4029.507.221 (depth 2, 32 lits): UNSAT in 0.04s
    cube 4029.507.222 (depth 2, 32 lits): UNSAT in 0.02s
    cube 4029.507.223 (depth 2, 29 lits): UNSAT in 0.01s
    cube 4029.507.224 (depth 2, 29 lits): UNSAT in 0.01s
    cube 4029.507.225 (depth 2, 30 lits): UNSAT in 0.01s
    cube 4029.507.226 (depth 2, 30 lits): UNSAT in 0.01s
    cube 4029.507.227 (depth 2, 30 lits): UNSAT in 0.01s
    cube 4029.507.228 (depth 2, 31 lits): UNSAT in 0.01s
    cube 4029.507.229 (depth 2, 32 lits): UNSAT in 0.02s
    cube 4029.507.230 (depth 2, 32 lits): UNSAT in 0.02s
    cube 4029.507.231 (depth 2, 31 lits): UNSAT in 0.01s
    cube 4029.507.232 (depth 2, 31 lits): UNSAT in 0.01s
    cube 4029.507.233 (depth 2, 32 lits): UNSAT in 0.01s
    cube 4029.507.234 (depth 2, 32 lits): UNSAT in 0.02s
    cube 4029.507.235 (depth 2, 32 lits): UNSAT in 0.01s
    cube 4029.507.236 (depth 2, 32 lits): UNSAT in 0.03s
    cube 4029.507.237 (depth 2, 32 lits): UNSAT in 0.01s
    cube 4029.507.238 (depth 2, 32 lits): UNSAT in 0.01s
    cube 4029.507.239 (depth 2, 31 lits): UNSAT in 0.01s
    cube 4029.507.240 (depth 2, 32 lits): UNSAT in 0.01s
    cube 4029.507.241 (depth 2, 32 lits): UNSAT in 0.02s
    cube 4029.507.242 (depth 2, 32 lits): UNSAT in 0.02s
    cube 4029.507.243 (depth 2, 32 lits): UNSAT in 0.03s
    cube 4029.507.244 (depth 2, 32 lits): UNSAT in 0.01s
    cube 4029.507.245 (depth 2, 32 lits): UNSAT in 0.02s
    cube 4029.507.246 (depth 2, 32 lits): UNSAT in 0.03s
    cube 4029.507.247 (depth 2, 32 lits): UNSAT in 0.02s
    cube 4029.507.248 (depth 2, 32 lits): UNSAT in 0.01s
    cube 4029.507.249 (depth 2, 32 lits): UNSAT in 0.02s
    cube 4029.507.250 (depth 2, 32 lits): UNSAT in 0.04s
    cube 4029.507.251 (depth 2, 32 lits): UNSAT in 0.02s
    cube 4029.507.252 (depth 2, 32 lits): UNSAT in 0.02s
    cube 4029.507.253 (depth 2, 32 lits): UNSAT in 0.03s
    cube 4029.507.254 (depth 2, 32 lits): UNSAT in 0.02s
    cube 4029.507.255 (depth 2, 32 lits): UNSAT in 0.09s
    cube 4029.507.256 (depth 2, 32 lits): UNSAT in 0.04s
    cube 4029.507.257 (depth 2, 32 lits): UNSAT in 0.08s
    cube 4029.507.258 (depth 2, 32 lits): UNSAT in 0.10s
    cube 4029.507.259 (depth 2, 32 lits): UNSAT in 0.30s
    cube 4029.507.260 (depth 2, 31 lits): UNSAT in 0.01s
    cube 4029.507.261 (depth 2, 32 lits): UNSAT in 0.01s
    cube 4029.507.262 (depth 2, 32 lits): UNSAT in 0.01s
    cube 4029.507.263 (depth 2, 32 lits): UNSAT in 0.01s
    cube 4029.507.264 (depth 2, 32 lits): UNSAT in 0.02s
    cube 4029.507.265 (depth 2, 32 lits): UNSAT in 0.01s
    cube 4029.507.266 (depth 2, 32 lits): UNSAT in 0.02s
    cube 4029.507.267 (depth 2, 32 lits): UNSAT in 0.01s
    cube 4029.507.268 (depth 2, 32 lits): UNSAT in 0.02s
    cube 4029.507.269 (depth 2, 32 lits): UNSAT in 0.02s
    cube 4029.507.270 (depth 2, 32 lits): UNSAT in 0.04s
    cube 4029.507.271 (depth 2, 32 lits): UNSAT in 0.01s
    cube 4029.507.272 (depth 2, 32 lits): UNSAT in 0.04s
    cube 4029.507.273 (depth 2, 32 lits): UNSAT in 0.05s
    cube 4029.507.274 (depth 2, 32 lits): UNSAT in 0.04s
    cube 4029.507.275 (depth 2, 30 lits): UNSAT in 0.02s
    cube 4029.507.276 (depth 2, 31 lits): UNSAT in 0.01s
    cube 4029.507.277 (depth 2, 32 lits): UNSAT in 0.01s
    cube 4029.507.278 (depth 2, 32 lits): UNSAT in 0.02s
    cube 4029.507.279 (depth 2, 32 lits): UNSAT in 0.01s
    cube 4029.507.280 (depth 2, 32 lits): UNSAT in 0.01s
    cube 4029.507.281 (depth 2, 32 lits): UNSAT in 0.02s
    cube 4029.507.282 (depth 2, 32 lits): UNSAT in 0.05s
    cube 4029.507.283 (depth 2, 32 lits): UNSAT in 0.02s
    cube 4029.507.284 (depth 2, 32 lits): UNSAT in 0.03s
    cube 4029.507.285 (depth 2, 32 lits): UNSAT in 0.05s
    cube 4029.507.286 (depth 2, 32 lits): UNSAT in 0.02s
    cube 4029.507.287 (depth 2, 31 lits): UNSAT in 0.01s
    cube 4029.507.288 (depth 2, 31 lits): UNSAT in 0.01s
    cube 4029.507.289 (depth 2, 32 lits): UNSAT in 0.01s
    cube 4029.507.290 (depth 2, 32 lits): UNSAT in 0.01s
    cube 4029.507.291 (depth 2, 32 lits): UNSAT in 0.01s
    cube 4029.507.292 (depth 2, 32 lits): UNSAT in 0.01s
    cube 4029.507.293 (depth 2, 31 lits): UNSAT in 0.01s
    cube 4029.507.294 (depth 2, 32 lits): UNSAT in 0.01s
    cube 4029.507.295 (depth 2, 32 lits): UNSAT in 0.01s
    cube 4029.507.296 (depth 2, 32 lits): UNSAT in 0.01s
    cube 4029.507.297 (depth 2, 32 lits): UNSAT in 0.01s
    cube 4029.507.298 (depth 2, 32 lits): UNSAT in 0.01s
    cube 4029.507.299 (depth 2, 32 lits): UNSAT in 0.04s
    cube 4029.507.300 (depth 2, 31 lits): UNSAT in 0.01s
    cube 4029.507.301 (depth 2, 32 lits): UNSAT in 0.01s
    cube 4029.507.302 (depth 2, 32 lits): UNSAT in 0.02s
    cube 4029.507.303 (depth 2, 32 lits): UNSAT in 0.01s
    cube 4029.507.304 (depth 2, 32 lits): UNSAT in 0.02s
    cube 4029.507.305 (depth 2, 32 lits): UNSAT in 0.02s
    cube 4029.507.306 (depth 2, 32 lits): UNSAT in 0.03s
    cube 4029.507.307 (depth 2, 32 lits): UNSAT in 0.01s
    cube 4029.507.308 (depth 2, 32 lits): UNSAT in 0.02s
    cube 4029.507.309 (depth 2, 32 lits): UNSAT in 0.02s
    cube 4029.507.310 (depth 2, 32 lits): UNSAT in 0.03s
    cube 4029.507.311 (depth 2, 32 lits): UNSAT in 0.04s
    cube 4029.507.312 (depth 2, 32 lits): UNSAT in 0.07s
    cube 4029.507.313 (depth 2, 32 lits): UNSAT in 0.05s
    cube 4029.507.314 (depth 2, 32 lits): UNSAT in 0.07s
    cube 4029.507.315 (depth 2, 32 lits): UNSAT in 0.02s
    cube 4029.507.316 (depth 2, 32 lits): UNSAT in 0.02s
    cube 4029.507.317 (depth 2, 32 lits): UNSAT in 0.02s
    cube 4029.507.318 (depth 2, 32 lits): UNSAT in 0.02s
    cube 4029.507.319 (depth 2, 32 lits): UNSAT in 0.02s
    cube 4029.507.320 (depth 2, 32 lits): UNSAT in 0.03s
    cube 4029.507.321 (depth 2, 32 lits): UNSAT in 0.04s
    cube 4029.507.322 (depth 2, 32 lits): UNSAT in 0.10s
    cube 4029.507.323 (depth 2, 32 lits): UNSAT in 0.02s
    cube 4029.507.324 (depth 2, 32 lits): UNSAT in 0.03s
    cube 4029.507.325 (depth 2, 32 lits): UNSAT in 0.02s
    cube 4029.507.326 (depth 2, 32 lits): UNSAT in 0.05s
    cube 4029.507.327 (depth 2, 32 lits): UNSAT in 0.03s
    cube 4029.507.328 (depth 2, 32 lits): UNSAT in 0.08s
    cube 4029.507.329 (depth 2, 32 lits): UNSAT in 0.10s
    cube 4029.507.330 (depth 2, 32 lits): UNSAT in 0.14s
    cube 4029.507.331 (depth 2, 32 lits): UNSAT in 0.01s
    cube 4029.507.332 (depth 2, 32 lits): UNSAT in 0.01s
    cube 4029.507.333 (depth 2, 32 lits): UNSAT in 0.01s
    cube 4029.507.334 (depth 2, 32 lits): UNSAT in 0.02s
    cube 4029.507.335 (depth 2, 32 lits): UNSAT in 0.01s
    cube 4029.507.336 (depth 2, 32 lits): UNSAT in 0.02s
    cube 4029.507.337 (depth 2, 32 lits): UNSAT in 0.02s
    cube 4029.507.338 (depth 2, 32 lits): UNSAT in 0.06s
    cube 4029.507.339 (depth 2, 32 lits): UNSAT in 0.02s
    cube 4029.507.340 (depth 2, 32 lits): UNSAT in 0.03s
    cube 4029.507.341 (depth 2, 32 lits): UNSAT in 0.02s
    cube 4029.507.342 (depth 2, 32 lits): UNSAT in 0.07s
    cube 4029.507.343 (depth 2, 32 lits): UNSAT in 0.04s
    cube 4029.507.344 (depth 2, 32 lits): UNSAT in 0.09s
    cube 4029.507.345 (depth 2, 32 lits): UNSAT in 0.16s
    cube 4029.507.346 (depth 2, 32 lits): UNSAT in 0.11s
    cube 4029.507.347 (depth 2, 31 lits): UNSAT in 0.01s
    cube 4029.507.348 (depth 2, 32 lits): UNSAT in 0.04s
    cube 4029.507.349 (depth 2, 32 lits): UNSAT in 0.04s
    cube 4029.507.350 (depth 2, 32 lits): UNSAT in 0.02s
    cube 4029.507.351 (depth 2, 32 lits): UNSAT in 0.05s
    cube 4029.507.352 (depth 2, 32 lits): UNSAT in 0.05s
    cube 4029.507.353 (depth 2, 32 lits): UNSAT in 0.18s
    cube 4029.507.354 (depth 2, 32 lits): UNSAT in 0.02s
    cube 4029.507.355 (depth 2, 32 lits): UNSAT in 0.02s
    cube 4029.507.356 (depth 2, 32 lits): UNSAT in 0.02s
    cube 4029.507.357 (depth 2, 32 lits): UNSAT in 0.03s
    cube 4029.507.358 (depth 2, 32 lits): UNSAT in 0.03s
    cube 4029.507.359 (depth 2, 32 lits): UNSAT in 0.07s
    cube 4029.507.360 (depth 2, 32 lits): UNSAT in 0.10s
    cube 4029.507.361 (depth 2, 32 lits): UNSAT in 0.21s
    cube 4029.507.362 (depth 2, 32 lits): UNSAT in 0.01s
    cube 4029.507.363 (depth 2, 32 lits): UNSAT in 0.02s
    cube 4029.507.364 (depth 2, 32 lits): UNSAT in 0.07s
    cube 4029.507.365 (depth 2, 32 lits): UNSAT in 0.15s
    cube 4029.507.366 (depth 2, 32 lits): UNSAT in 0.03s
    cube 4029.507.367 (depth 2, 32 lits): UNSAT in 0.05s
    cube 4029.507.368 (depth 2, 32 lits): UNSAT in 0.10s
    cube 4029.507.369 (depth 2, 32 lits): UNSAT in 0.16s
    cube 4029.507.370 (depth 2, 32 lits): UNSAT in 0.07s
    cube 4029.507.371 (depth 2, 32 lits): UNSAT in 0.12s
    cube 4029.507.372 (depth 2, 32 lits): UNSAT in 0.26s
    cube 4029.507.373 (depth 2, 32 lits): UNSAT in 1.06s
    cube 4029.507.374 (depth 2, 32 lits): UNSAT in 0.09s
    cube 4029.507.375 (depth 2, 32 lits): UNSAT in 0.36s
    cube 4029.507.376 (depth 2, 32 lits): UNSAT in 0.33s
    cube 4029.507.377 (depth 2, 32 lits): UNSAT in 1.49s
    cube 4029.507.378 (depth 2, 30 lits): UNSAT in 0.01s
    cube 4029.507.379 (depth 2, 30 lits): UNSAT in 0.01s
    cube 4029.507.380 (depth 2, 29 lits): UNSAT in 0.01s
    cube 4029.507.381 (depth 2, 30 lits): UNSAT in 0.01s
    cube 4029.507.382 (depth 2, 31 lits): UNSAT in 0.01s
    cube 4029.507.383 (depth 2, 31 lits): UNSAT in 0.01s
    cube 4029.507.384 (depth 2, 30 lits): UNSAT in 0.02s
    cube 4029.507.385 (depth 2, 32 lits): UNSAT in 0.01s
    cube 4029.507.386 (depth 2, 32 lits): UNSAT in 0.01s
    cube 4029.507.387 (depth 2, 32 lits): UNSAT in 0.01s
    cube 4029.507.388 (depth 2, 32 lits): UNSAT in 0.01s
    cube 4029.507.389 (depth 2, 30 lits): UNSAT in 0.01s
    cube 4029.507.390 (depth 2, 31 lits): UNSAT in 0.01s
    cube 4029.507.391 (depth 2, 31 lits): UNSAT in 0.01s
    cube 4029.507.392 (depth 2, 31 lits): UNSAT in 0.01s
    cube 4029.507.393 (depth 2, 31 lits): UNSAT in 0.01s
    cube 4029.507.394 (depth 2, 31 lits): UNSAT in 0.01s
    cube 4029.507.395 (depth 2, 32 lits): UNSAT in 0.01s
    cube 4029.507.396 (depth 2, 32 lits): UNSAT in 0.02s
    cube 4029.507.397 (depth 2, 31 lits): UNSAT in 0.01s
    cube 4029.507.398 (depth 2, 31 lits): UNSAT in 0.01s
    cube 4029.507.399 (depth 2, 30 lits): UNSAT in 0.01s
    cube 4029.507.400 (depth 2, 32 lits): UNSAT in 0.01s
    cube 4029.507.401 (depth 2, 32 lits): UNSAT in 0.02s
    cube 4029.507.402 (depth 2, 32 lits): UNSAT in 0.02s
    cube 4029.507.403 (depth 2, 32 lits): UNSAT in 0.02s
    cube 4029.507.404 (depth 2, 32 lits): UNSAT in 0.02s
    cube 4029.507.405 (depth 2, 32 lits): UNSAT in 0.04s
    cube 4029.507.406 (depth 2, 32 lits): UNSAT in 0.05s
    cube 4029.507.407 (depth 2, 32 lits): UNSAT in 0.03s
    cube 4029.507.408 (depth 2, 29 lits): UNSAT in 0.01s
    cube 4029.507.409 (depth 2, 30 lits): UNSAT in 0.01s
    cube 4029.507.410 (depth 2, 30 lits): UNSAT in 0.02s
    cube 4029.507.411 (depth 2, 30 lits): UNSAT in 0.01s
    cube 4029.507.412 (depth 2, 30 lits): UNSAT in 0.02s
    cube 4029.507.413 (depth 2, 30 lits): UNSAT in 0.01s
    cube 4029.507.414 (depth 2, 32 lits): UNSAT in 0.01s
    cube 4029.507.415 (depth 2, 32 lits): UNSAT in 0.01s
    cube 4029.507.416 (depth 2, 32 lits): UNSAT in 0.02s
    cube 4029.507.417 (depth 2, 32 lits): UNSAT in 0.02s
    cube 4029.507.418 (depth 2, 32 lits): UNSAT in 0.01s
    cube 4029.507.419 (depth 2, 32 lits): UNSAT in 0.01s
    cube 4029.507.420 (depth 2, 31 lits): UNSAT in 0.02s
    cube 4029.507.421 (depth 2, 31 lits): UNSAT in 0.01s
    cube 4029.507.422 (depth 2, 32 lits): UNSAT in 0.01s
    cube 4029.507.423 (depth 2, 32 lits): UNSAT in 0.02s
    cube 4029.507.424 (depth 2, 32 lits): UNSAT in 0.01s
    cube 4029.507.425 (depth 2, 32 lits): UNSAT in 0.01s
    cube 4029.507.426 (depth 2, 32 lits): UNSAT in 0.02s
    cube 4029.507.427 (depth 2, 32 lits): UNSAT in 0.02s
    cube 4029.507.428 (depth 2, 32 lits): UNSAT in 0.02s
    cube 4029.507.429 (depth 2, 32 lits): UNSAT in 0.03s
    cube 4029.507.430 (depth 2, 32 lits): UNSAT in 0.01s
    cube 4029.507.431 (depth 2, 32 lits): UNSAT in 0.06s
    cube 4029.507.432 (depth 2, 32 lits): UNSAT in 0.01s
    cube 4029.507.433 (depth 2, 32 lits): UNSAT in 0.01s
    cube 4029.507.434 (depth 2, 32 lits): UNSAT in 0.01s
    cube 4029.507.435 (depth 2, 32 lits): UNSAT in 0.02s
    cube 4029.507.436 (depth 2, 31 lits): UNSAT in 0.02s
    cube 4029.507.437 (depth 2, 32 lits): UNSAT in 0.02s
    cube 4029.507.438 (depth 2, 32 lits): UNSAT in 0.02s
    cube 4029.507.439 (depth 2, 32 lits): UNSAT in 0.01s
    cube 4029.507.440 (depth 2, 32 lits): UNSAT in 0.05s
    cube 4029.507.441 (depth 2, 32 lits): UNSAT in 0.02s
    cube 4029.507.442 (depth 2, 32 lits): UNSAT in 0.06s
    cube 4029.507.443 (depth 2, 32 lits): UNSAT in 0.06s
    cube 4029.507.444 (depth 2, 32 lits): UNSAT in 0.12s
    cube 4029.507.445 (depth 2, 32 lits): UNSAT in 0.08s
    cube 4029.507.446 (depth 2, 32 lits): UNSAT in 0.22s
    cube 4029.507.447 (depth 2, 30 lits): UNSAT in 0.01s
    cube 4029.507.448 (depth 2, 31 lits): UNSAT in 0.01s
    cube 4029.507.449 (depth 2, 31 lits): UNSAT in 0.01s
    cube 4029.507.450 (depth 2, 29 lits): UNSAT in 0.01s
    cube 4029.507.451 (depth 2, 31 lits): UNSAT in 0.01s
    cube 4029.507.452 (depth 2, 32 lits): UNSAT in 0.01s
    cube 4029.507.453 (depth 2, 32 lits): UNSAT in 0.02s
    cube 4029.507.454 (depth 2, 31 lits): UNSAT in 0.01s
    cube 4029.507.455 (depth 2, 31 lits): UNSAT in 0.02s
    cube 4029.507.456 (depth 2, 32 lits): UNSAT in 0.01s
    cube 4029.507.457 (depth 2, 32 lits): UNSAT in 0.02s
    cube 4029.507.458 (depth 2, 32 lits): UNSAT in 0.02s
    cube 4029.507.459 (depth 2, 32 lits): UNSAT in 0.02s
    cube 4029.507.460 (depth 2, 31 lits): UNSAT in 0.01s
    cube 4029.507.461 (depth 2, 32 lits): UNSAT in 0.02s
    cube 4029.507.462 (depth 2, 32 lits): UNSAT in 0.07s
    cube 4029.507.463 (depth 2, 32 lits): UNSAT in 0.01s
    cube 4029.507.464 (depth 2, 32 lits): UNSAT in 0.01s
    cube 4029.507.465 (depth 2, 32 lits): UNSAT in 0.01s
    cube 4029.507.466 (depth 2, 32 lits): UNSAT in 0.02s
    cube 4029.507.467 (depth 2, 32 lits): UNSAT in 0.01s
    cube 4029.507.468 (depth 2, 32 lits): UNSAT in 0.02s
    cube 4029.507.469 (depth 2, 32 lits): UNSAT in 0.02s
    cube 4029.507.470 (depth 2, 32 lits): UNSAT in 0.02s
    cube 4029.507.471 (depth 2, 32 lits): UNSAT in 0.02s
    cube 4029.507.472 (depth 2, 32 lits): UNSAT in 0.02s
    cube 4029.507.473 (depth 2, 32 lits): UNSAT in 0.03s
    cube 4029.507.474 (depth 2, 32 lits): UNSAT in 0.05s
    cube 4029.507.475 (depth 2, 32 lits): UNSAT in 0.02s
    cube 4029.507.476 (depth 2, 32 lits): UNSAT in 0.07s
    cube 4029.507.477 (depth 2, 32 lits): UNSAT in 0.08s
    cube 4029.507.478 (depth 2, 32 lits): UNSAT in 0.08s
    cube 4029.507.479 (depth 2, 32 lits): UNSAT in 0.01s
    cube 4029.507.480 (depth 2, 32 lits): UNSAT in 0.02s
    cube 4029.507.481 (depth 2, 32 lits): UNSAT in 0.02s
    cube 4029.507.482 (depth 2, 32 lits): UNSAT in 0.05s
    cube 4029.507.483 (depth 2, 32 lits): UNSAT in 0.02s
    cube 4029.507.484 (depth 2, 32 lits): UNSAT in 0.07s
    cube 4029.507.485 (depth 2, 32 lits): UNSAT in 0.04s
    cube 4029.507.486 (depth 2, 32 lits): UNSAT in 0.14s
    cube 4029.507.487 (depth 2, 32 lits): UNSAT in 0.02s
    cube 4029.507.488 (depth 2, 32 lits): UNSAT in 0.04s
    cube 4029.507.489 (depth 2, 32 lits): UNSAT in 0.12s
    cube 4029.507.490 (depth 2, 32 lits): UNSAT in 0.23s
    cube 4029.507.491 (depth 2, 32 lits): UNSAT in 0.04s
    cube 4029.507.492 (depth 2, 32 lits): UNSAT in 0.46s
    cube 4029.507.493 (depth 2, 32 lits): UNSAT in 0.49s
    cube 4029.507.494 (depth 2, 32 lits): UNSAT in 0.99s
    cube 4029.507.495 (depth 2, 32 lits): UNSAT in 0.01s
    cube 4029.507.496 (depth 2, 32 lits): UNSAT in 0.02s
    cube 4029.507.497 (depth 2, 32 lits): UNSAT in 0.01s
    cube 4029.507.498 (depth 2, 32 lits): UNSAT in 0.03s
    cube 4029.507.499 (depth 2, 32 lits): UNSAT in 0.03s
    cube 4029.507.500 (depth 2, 32 lits): UNSAT in 0.06s
    cube 4029.507.501 (depth 2, 32 lits): UNSAT in 0.02s
    cube 4029.507.502 (depth 2, 32 lits): UNSAT in 0.11s
    cube 4029.507.503 (depth 2, 32 lits): UNSAT in 0.02s
    cube 4029.507.504 (depth 2, 32 lits): UNSAT in 0.03s
    cube 4029.507.505 (depth 2, 32 lits): UNSAT in 0.01s
    cube 4029.507.506 (depth 2, 32 lits): UNSAT in 0.02s
    cube 4029.507.507 (depth 2, 32 lits): UNSAT in 0.03s
    cube 4029.507.508 (depth 2, 32 lits): UNSAT in 0.04s
    cube 4029.507.509 (depth 2, 32 lits): UNSAT in 0.18s
    cube 4029.507.510 (depth 2, 32 lits): UNSAT in 0.46s
    cube 4029.507.511 (depth 2, 32 lits): UNSAT in 0.02s
    cube 4029.507.512 (depth 2, 32 lits): UNSAT in 0.05s
    cube 4029.507.513 (depth 2, 32 lits): UNSAT in 0.04s
    cube 4029.507.514 (depth 2, 32 lits): UNSAT in 0.23s
    cube 4029.507.515 (depth 2, 32 lits): UNSAT in 0.03s
    cube 4029.507.516 (depth 2, 32 lits): UNSAT in 0.13s
    cube 4029.507.517 (depth 2, 32 lits): UNSAT in 0.04s
    cube 4029.507.518 (depth 2, 32 lits): UNSAT in 0.46s
    cube 4029.507.519 (depth 2, 32 lits): UNSAT in 0.07s
    cube 4029.507.520 (depth 2, 32 lits): UNSAT in 0.10s
    cube 4029.507.521 (depth 2, 32 lits): UNSAT in 0.23s
    cube 4029.507.522 (depth 2, 32 lits): UNSAT in 0.74s
    cube 4029.507.523 (depth 2, 32 lits): UNSAT in 0.07s
    cube 4029.507.524 (depth 2, 32 lits): UNSAT in 0.25s
    cube 4029.507.525 (depth 2, 32 lits): UNSAT in 0.54s
    cube 4029.507.526 (depth 2, 32 lits): UNSAT in 2.66s
    cube 4029.507.527 (depth 2, 32 lits): UNSAT in 0.01s
    cube 4029.507.528 (depth 2, 32 lits): UNSAT in 0.02s
    cube 4029.507.529 (depth 2, 32 lits): UNSAT in 0.02s
    cube 4029.507.530 (depth 2, 32 lits): UNSAT in 0.04s
    cube 4029.507.531 (depth 2, 32 lits): UNSAT in 0.03s
    cube 4029.507.532 (depth 2, 32 lits): UNSAT in 0.06s
    cube 4029.507.533 (depth 2, 32 lits): UNSAT in 0.03s
    cube 4029.507.534 (depth 2, 32 lits): UNSAT in 0.15s
    cube 4029.507.535 (depth 2, 32 lits): UNSAT in 0.03s
    cube 4029.507.536 (depth 2, 32 lits): UNSAT in 0.07s
    cube 4029.507.537 (depth 2, 32 lits): UNSAT in 0.14s
    cube 4029.507.538 (depth 2, 32 lits): UNSAT in 0.45s
    cube 4029.507.539 (depth 2, 32 lits): UNSAT in 0.10s
    cube 4029.507.540 (depth 2, 32 lits): UNSAT in 0.42s
    cube 4029.507.541 (depth 2, 32 lits): UNSAT in 0.25s
    cube 4029.507.542 (depth 2, 32 lits): UNSAT in 2.49s
    cube 4029.507.543 (depth 2, 32 lits): UNSAT in 0.07s
    cube 4029.507.544 (depth 2, 32 lits): UNSAT in 0.23s
    cube 4029.507.545 (depth 2, 32 lits): UNSAT in 0.11s
    cube 4029.507.546 (depth 2, 32 lits): UNSAT in 0.89s
    cube 4029.507.547 (depth 2, 32 lits): UNSAT in 0.30s
    cube 4029.507.548 (depth 2, 32 lits): UNSAT in 0.65s
    cube 4029.507.549 (depth 2, 32 lits): UNSAT in 0.70s
    cube 4029.507.550 (depth 2, 32 lits): UNSAT in 4.67s
    cube 4029.507.551 (depth 2, 32 lits): UNSAT in 0.19s
    cube 4029.507.552 (depth 2, 32 lits): UNSAT in 0.43s
    cube 4029.507.553 (depth 2, 32 lits): UNSAT in 0.85s
    cube 4029.507.554 (depth 2, 32 lits): UNSAT in 7.46s
    cube 4029.507.555 (depth 2, 32 lits): UNSAT in 0.63s
    cube 4029.507.556 (depth 2, 32 lits): UNSAT in 11.32s
    cube 4029.507.557 (depth 2, 32 lits): UNSAT in 13.97s
    cube 4029.507.558 (depth 2, 32 lits): UNSAT in 77.96s
    cube 4029.507.559 (depth 2, 31 lits): UNSAT in 0.01s
    cube 4029.507.560 (depth 2, 31 lits): UNSAT in 0.01s
    cube 4029.507.561 (depth 2, 31 lits): UNSAT in 0.01s
    cube 4029.507.562 (depth 2, 32 lits): UNSAT in 0.01s
    cube 4029.507.563 (depth 2, 32 lits): UNSAT in 0.02s
    cube 4029.507.564 (depth 2, 31 lits): UNSAT in 0.01s
    cube 4029.507.565 (depth 2, 32 lits): UNSAT in 0.03s
    cube 4029.507.566 (depth 2, 32 lits): UNSAT in 0.02s
    cube 4029.507.567 (depth 2, 32 lits): UNSAT in 0.01s
    cube 4029.507.568 (depth 2, 32 lits): UNSAT in 0.02s
    cube 4029.507.569 (depth 2, 32 lits): UNSAT in 0.02s
    cube 4029.507.570 (depth 2, 32 lits): UNSAT in 0.07s
    cube 4029.507.571 (depth 2, 32 lits): UNSAT in 0.01s
    cube 4029.507.572 (depth 2, 32 lits): UNSAT in 0.03s
    cube 4029.507.573 (depth 2, 32 lits): UNSAT in 0.01s
    cube 4029.507.574 (depth 2, 32 lits): UNSAT in 0.01s
    cube 4029.507.575 (depth 2, 32 lits): UNSAT in 0.02s
    cube 4029.507.576 (depth 2, 32 lits): UNSAT in 0.04s
    cube 4029.507.577 (depth 2, 32 lits): UNSAT in 0.03s
    cube 4029.507.578 (depth 2, 32 lits): UNSAT in 0.08s
    cube 4029.507.579 (depth 2, 32 lits): UNSAT in 0.01s
    cube 4029.507.580 (depth 2, 32 lits): UNSAT in 0.02s
    cube 4029.507.581 (depth 2, 32 lits): UNSAT in 0.02s
    cube 4029.507.582 (depth 2, 32 lits): UNSAT in 0.04s
    cube 4029.507.583 (depth 2, 32 lits): UNSAT in 0.03s
    cube 4029.507.584 (depth 2, 32 lits): UNSAT in 0.11s
    cube 4029.507.585 (depth 2, 32 lits): UNSAT in 0.14s
    cube 4029.507.586 (depth 2, 32 lits): UNSAT in 0.34s
    cube 4029.507.587 (depth 2, 31 lits): UNSAT in 0.01s
    cube 4029.507.588 (depth 2, 32 lits): UNSAT in 0.01s
    cube 4029.507.589 (depth 2, 32 lits): UNSAT in 0.01s
    cube 4029.507.590 (depth 2, 32 lits): UNSAT in 0.01s
    cube 4029.507.591 (depth 2, 32 lits): UNSAT in 0.02s
    cube 4029.507.592 (depth 2, 32 lits): UNSAT in 0.02s
    cube 4029.507.593 (depth 2, 32 lits): UNSAT in 0.02s
    cube 4029.507.594 (depth 2, 31 lits): UNSAT in 0.01s
    cube 4029.507.595 (depth 2, 32 lits): UNSAT in 0.01s
    cube 4029.507.596 (depth 2, 32 lits): UNSAT in 0.03s
    cube 4029.507.597 (depth 2, 32 lits): UNSAT in 0.02s
    cube 4029.507.598 (depth 2, 32 lits): UNSAT in 0.15s
    cube 4029.507.599 (depth 2, 32 lits): UNSAT in 0.04s
    cube 4029.507.600 (depth 2, 32 lits): UNSAT in 0.17s
    cube 4029.507.601 (depth 2, 32 lits): UNSAT in 0.02s
    cube 4029.507.602 (depth 2, 32 lits): UNSAT in 0.05s
    cube 4029.507.603 (depth 2, 32 lits): UNSAT in 0.03s
    cube 4029.507.604 (depth 2, 32 lits): UNSAT in 0.09s
    cube 4029.507.605 (depth 2, 32 lits): UNSAT in 0.02s
    cube 4029.507.606 (depth 2, 32 lits): UNSAT in 0.04s
    cube 4029.507.607 (depth 2, 32 lits): UNSAT in 0.13s
    cube 4029.507.608 (depth 2, 32 lits): UNSAT in 0.14s
    cube 4029.507.609 (depth 2, 32 lits): UNSAT in 0.03s
    cube 4029.507.610 (depth 2, 32 lits): UNSAT in 0.11s
    cube 4029.507.611 (depth 2, 32 lits): UNSAT in 0.08s
    cube 4029.507.612 (depth 2, 32 lits): UNSAT in 0.22s
    cube 4029.507.613 (depth 2, 32 lits): UNSAT in 0.05s
    cube 4029.507.614 (depth 2, 32 lits): UNSAT in 0.07s
    cube 4029.507.615 (depth 2, 32 lits): UNSAT in 0.23s
    cube 4029.507.616 (depth 2, 32 lits): UNSAT in 0.76s
    cube 4029.507.617 (depth 2, 31 lits): UNSAT in 0.01s
    cube 4029.507.618 (depth 2, 31 lits): UNSAT in 0.01s
    cube 4029.507.619 (depth 2, 32 lits): UNSAT in 0.01s
    cube 4029.507.620 (depth 2, 32 lits): UNSAT in 0.01s
    cube 4029.507.621 (depth 2, 32 lits): UNSAT in 0.01s
    cube 4029.507.622 (depth 2, 32 lits): UNSAT in 0.01s
    cube 4029.507.623 (depth 2, 32 lits): UNSAT in 0.01s
    cube 4029.507.624 (depth 2, 32 lits): UNSAT in 0.01s
    cube 4029.507.625 (depth 2, 32 lits): UNSAT in 0.01s
    cube 4029.507.626 (depth 2, 32 lits): UNSAT in 0.02s
    cube 4029.507.627 (depth 2, 32 lits): UNSAT in 0.01s
    cube 4029.507.628 (depth 2, 32 lits): UNSAT in 0.01s
    cube 4029.507.629 (depth 2, 31 lits): UNSAT in 0.01s
    cube 4029.507.630 (depth 2, 32 lits): UNSAT in 0.01s
    cube 4029.507.631 (depth 2, 32 lits): UNSAT in 0.02s
    cube 4029.507.632 (depth 2, 32 lits): UNSAT in 0.01s
    cube 4029.507.633 (depth 2, 32 lits): UNSAT in 0.06s
    cube 4029.507.634 (depth 2, 32 lits): UNSAT in 0.01s
    cube 4029.507.635 (depth 2, 32 lits): UNSAT in 0.05s
    cube 4029.507.636 (depth 2, 32 lits): UNSAT in 0.14s
    cube 4029.507.637 (depth 2, 32 lits): UNSAT in 0.07s
    cube 4029.507.638 (depth 2, 32 lits): UNSAT in 0.01s
    cube 4029.507.639 (depth 2, 32 lits): UNSAT in 0.04s
    cube 4029.507.640 (depth 2, 32 lits): UNSAT in 0.02s
    cube 4029.507.641 (depth 2, 32 lits): UNSAT in 0.16s
    cube 4029.507.642 (depth 2, 32 lits): UNSAT in 0.06s
    cube 4029.507.643 (depth 2, 32 lits): UNSAT in 0.10s
    cube 4029.507.644 (depth 2, 32 lits): UNSAT in 0.16s
    cube 4029.507.645 (depth 2, 32 lits): UNSAT in 0.48s
    cube 4029.507.646 (depth 2, 32 lits): UNSAT in 0.01s
    cube 4029.507.647 (depth 2, 32 lits): UNSAT in 0.04s
    cube 4029.507.648 (depth 2, 32 lits): UNSAT in 0.03s
    cube 4029.507.649 (depth 2, 32 lits): UNSAT in 0.07s
    cube 4029.507.650 (depth 2, 32 lits): UNSAT in 0.01s
    cube 4029.507.651 (depth 2, 32 lits): UNSAT in 0.02s
    cube 4029.507.652 (depth 2, 32 lits): UNSAT in 0.09s
    cube 4029.507.653 (depth 2, 32 lits): UNSAT in 0.71s
    cube 4029.507.654 (depth 2, 32 lits): UNSAT in 0.05s
    cube 4029.507.655 (depth 2, 32 lits): UNSAT in 0.17s
    cube 4029.507.656 (depth 2, 32 lits): UNSAT in 0.13s
    cube 4029.507.657 (depth 2, 32 lits): UNSAT in 0.10s
    cube 4029.507.658 (depth 2, 32 lits): UNSAT in 0.04s
    cube 4029.507.659 (depth 2, 32 lits): UNSAT in 0.30s
    cube 4029.507.660 (depth 2, 32 lits): UNSAT in 0.18s
    cube 4029.507.661 (depth 2, 32 lits): UNSAT in 0.88s
    cube 4029.507.662 (depth 2, 32 lits): UNSAT in 0.08s
    cube 4029.507.663 (depth 2, 32 lits): UNSAT in 0.20s
    cube 4029.507.664 (depth 2, 32 lits): UNSAT in 0.06s
    cube 4029.507.665 (depth 2, 32 lits): UNSAT in 0.98s
    cube 4029.507.666 (depth 2, 32 lits): UNSAT in 0.17s
    cube 4029.507.667 (depth 2, 32 lits): UNSAT in 0.39s
    cube 4029.507.668 (depth 2, 32 lits): UNSAT in 0.17s
    cube 4029.507.669 (depth 2, 32 lits): UNSAT in 2.22s
    cube 4029.507.670 (depth 2, 32 lits): UNSAT in 0.43s
    cube 4029.507.671 (depth 2, 32 lits): UNSAT in 1.67s
    cube 4029.507.672 (depth 2, 32 lits): UNSAT in 0.36s
    cube 4029.507.673 (depth 2, 32 lits): UNSAT in 4.83s
    cube 4029.507.674 (depth 2, 32 lits): UNSAT in 1.24s
    cube 4029.507.675 (depth 2, 32 lits): UNSAT in 2.89s
    cube 4029.507.676 (depth 2, 32 lits): UNSAT in 7.57s
    cube 4029.507.677 (depth 2, 32 lits): UNSAT in 42.61s
    cube 4029.507.678 (depth 2, 32 lits): UNSAT in 0.01s
    cube 4029.507.679 (depth 2, 32 lits): UNSAT in 0.02s
    cube 4029.507.680 (depth 2, 32 lits): UNSAT in 0.02s
    cube 4029.507.681 (depth 2, 32 lits): UNSAT in 0.03s
    cube 4029.507.682 (depth 2, 32 lits): UNSAT in 0.04s
    cube 4029.507.683 (depth 2, 32 lits): UNSAT in 0.08s
    cube 4029.507.684 (depth 2, 32 lits): UNSAT in 0.07s
    cube 4029.507.685 (depth 2, 32 lits): UNSAT in 0.17s
    cube 4029.507.686 (depth 2, 32 lits): UNSAT in 0.01s
    cube 4029.507.687 (depth 2, 32 lits): UNSAT in 0.03s
    cube 4029.507.688 (depth 2, 32 lits): UNSAT in 0.06s
    cube 4029.507.689 (depth 2, 32 lits): UNSAT in 0.29s
    cube 4029.507.690 (depth 2, 32 lits): UNSAT in 0.06s
    cube 4029.507.691 (depth 2, 32 lits): UNSAT in 0.13s
    cube 4029.507.692 (depth 2, 32 lits): UNSAT in 0.03s
    cube 4029.507.693 (depth 2, 32 lits): UNSAT in 0.91s
    cube 4029.507.694 (depth 2, 32 lits): UNSAT in 0.01s
    cube 4029.507.695 (depth 2, 32 lits): UNSAT in 0.03s
    cube 4029.507.696 (depth 2, 32 lits): UNSAT in 0.05s
    cube 4029.507.697 (depth 2, 32 lits): UNSAT in 0.14s
    cube 4029.507.698 (depth 2, 32 lits): UNSAT in 0.03s
    cube 4029.507.699 (depth 2, 32 lits): UNSAT in 0.10s
    cube 4029.507.700 (depth 2, 32 lits): UNSAT in 0.08s
    cube 4029.507.701 (depth 2, 32 lits): UNSAT in 0.57s
    cube 4029.507.702 (depth 2, 32 lits): UNSAT in 0.08s
    cube 4029.507.703 (depth 2, 32 lits): UNSAT in 0.12s
    cube 4029.507.704 (depth 2, 32 lits): UNSAT in 0.18s
    cube 4029.507.705 (depth 2, 32 lits): UNSAT in 0.66s
    cube 4029.507.706 (depth 2, 32 lits): UNSAT in 0.07s
    cube 4029.507.707 (depth 2, 32 lits): UNSAT in 0.72s
    cube 4029.507.708 (depth 2, 32 lits): UNSAT in 0.28s
    cube 4029.507.709 (depth 2, 32 lits): UNSAT in 3.19s
    cube 4029.507.710 (depth 2, 32 lits): UNSAT in 0.02s
    cube 4029.507.711 (depth 2, 32 lits): UNSAT in 0.01s
    cube 4029.507.712 (depth 2, 32 lits): UNSAT in 0.02s
    cube 4029.507.713 (depth 2, 32 lits): UNSAT in 0.03s
    cube 4029.507.714 (depth 2, 32 lits): UNSAT in 0.02s
    cube 4029.507.715 (depth 2, 32 lits): UNSAT in 0.04s
    cube 4029.507.716 (depth 2, 32 lits): UNSAT in 0.03s
    cube 4029.507.717 (depth 2, 32 lits): UNSAT in 0.08s
    cube 4029.507.718 (depth 2, 32 lits): UNSAT in 0.02s
    cube 4029.507.719 (depth 2, 32 lits): UNSAT in 0.05s
    cube 4029.507.720 (depth 2, 32 lits): UNSAT in 0.06s
    cube 4029.507.721 (depth 2, 32 lits): UNSAT in 0.05s
    cube 4029.507.722 (depth 2, 32 lits): UNSAT in 0.08s
    cube 4029.507.723 (depth 2, 32 lits): UNSAT in 0.09s
    cube 4029.507.724 (depth 2, 32 lits): UNSAT in 0.67s
    cube 4029.507.725 (depth 2, 32 lits): UNSAT in 0.53s
    cube 4029.507.726 (depth 2, 32 lits): UNSAT in 0.01s
    cube 4029.507.727 (depth 2, 32 lits): UNSAT in 0.03s
    cube 4029.507.728 (depth 2, 32 lits): UNSAT in 0.03s
    cube 4029.507.729 (depth 2, 32 lits): UNSAT in 0.05s
    cube 4029.507.730 (depth 2, 32 lits): UNSAT in 0.07s
    cube 4029.507.731 (depth 2, 32 lits): UNSAT in 0.03s
    cube 4029.507.732 (depth 2, 32 lits): UNSAT in 0.05s
    cube 4029.507.733 (depth 2, 32 lits): UNSAT in 0.50s
    cube 4029.507.734 (depth 2, 32 lits): UNSAT in 0.25s
    cube 4029.507.735 (depth 2, 32 lits): UNSAT in 0.62s
    cube 4029.507.736 (depth 2, 32 lits): UNSAT in 0.12s
    cube 4029.507.737 (depth 2, 32 lits): UNSAT in 2.00s
    cube 4029.507.738 (depth 2, 32 lits): UNSAT in 2.27s
    cube 4029.507.739 (depth 2, 32 lits): UNSAT in 7.87s
    cube 4029.507.740 (depth 2, 32 lits): UNSAT in 7.61s
    cube 4029.507.741 (depth 2, 32 lits): UNSAT in 33.16s
    cube 4029.507.742 (depth 2, 32 lits): UNSAT in 0.02s
    cube 4029.507.743 (depth 2, 32 lits): UNSAT in 0.03s
    cube 4029.507.744 (depth 2, 32 lits): UNSAT in 0.04s
    cube 4029.507.745 (depth 2, 32 lits): UNSAT in 0.16s
    cube 4029.507.746 (depth 2, 32 lits): UNSAT in 0.03s
    cube 4029.507.747 (depth 2, 32 lits): UNSAT in 0.07s
    cube 4029.507.748 (depth 2, 32 lits): UNSAT in 0.14s
    cube 4029.507.749 (depth 2, 32 lits): UNSAT in 0.52s
    cube 4029.507.750 (depth 2, 32 lits): UNSAT in 0.06s
    cube 4029.507.751 (depth 2, 32 lits): UNSAT in 0.11s
    cube 4029.507.752 (depth 2, 32 lits): UNSAT in 0.31s
    cube 4029.507.753 (depth 2, 32 lits): UNSAT in 0.81s
    cube 4029.507.754 (depth 2, 32 lits): UNSAT in 0.13s
    cube 4029.507.755 (depth 2, 32 lits): UNSAT in 0.96s
    cube 4029.507.756 (depth 2, 32 lits): UNSAT in 0.55s
    cube 4029.507.757 (depth 2, 32 lits): UNSAT in 4.55s
    cube 4029.507.758 (depth 2, 32 lits): UNSAT in 0.03s
    cube 4029.507.759 (depth 2, 32 lits): UNSAT in 0.04s
    cube 4029.507.760 (depth 2, 32 lits): UNSAT in 0.03s
    cube 4029.507.761 (depth 2, 32 lits): UNSAT in 0.12s
    cube 4029.507.762 (depth 2, 32 lits): UNSAT in 0.05s
    cube 4029.507.763 (depth 2, 32 lits): UNSAT in 0.10s
    cube 4029.507.764 (depth 2, 32 lits): UNSAT in 0.41s
    cube 4029.507.765 (depth 2, 32 lits): UNSAT in 4.29s
    cube 4029.507.766 (depth 2, 32 lits): UNSAT in 0.19s
    cube 4029.507.767 (depth 2, 32 lits): UNSAT in 0.66s
    cube 4029.507.768 (depth 2, 32 lits): UNSAT in 0.32s
    cube 4029.507.769 (depth 2, 32 lits): UNSAT in 2.28s
    cube 4029.507.770 (depth 2, 32 lits): UNSAT in 1.32s
    cube 4029.507.771 (depth 2, 32 lits): UNSAT in 8.62s
    cube 4029.507.772 (depth 2, 32 lits): UNSAT in 10.50s
