  shard 1/3 (round-robin): 1325 of 3974 cubes, per-cube cap 2400.0s, re-split depth 9
    cube 1 (depth 0, 22 lits): UNSAT in 0.02s
    cube 4 (depth 0, 24 lits): UNSAT in 0.01s
    cube 7 (depth 0, 23 lits): UNSAT in 0.01s
    cube 10 (depth 0, 24 lits): UNSAT in 0.01s
    cube 13 (depth 0, 24 lits): UNSAT in 0.02s
    cube 16 (depth 0, 24 lits): UNSAT in 0.04s
    cube 19 (depth 0, 22 lits): UNSAT in 0.01s
    cube 22 (depth 0, 23 lits): UNSAT in 0.01s
    cube 25 (depth 0, 23 lits): UNSAT in 0.01s
    cube 28 (depth 0, 24 lits): UNSAT in 0.02s
    cube 31 (depth 0, 24 lits): UNSAT in 0.03s
    cube 34 (depth 0, 24 lits): UNSAT in 0.02s
    cube 37 (depth 0, 24 lits): UNSAT in 0.03s
    cube 40 (depth 0, 23 lits): UNSAT in 0.01s
    cube 43 (depth 0, 22 lits): UNSAT in 0.02s
    cube 46 (depth 0, 24 lits): UNSAT in 0.03s
    cube 49 (depth 0, 24 lits): UNSAT in 0.02s
    cube 52 (depth 0, 24 lits): UNSAT in 0.01s
    cube 55 (depth 0, 24 lits): UNSAT in 0.04s
    cube 58 (depth 0, 24 lits): UNSAT in 0.02s
    cube 61 (depth 0, 24 lits): UNSAT in 0.06s
    cube 64 (depth 0, 23 lits): UNSAT in 0.01s
    cube 67 (depth 0, 23 lits): UNSAT in 0.01s
    cube 70 (depth 0, 24 lits): UNSAT in 0.02s
    cube 73 (depth 0, 24 lits): UNSAT in 0.02s
    cube 76 (depth 0, 24 lits): UNSAT in 0.02s
    cube 79 (depth 0, 24 lits): UNSAT in 0.03s
    cube 82 (depth 0, 24 lits): UNSAT in 0.03s
    cube 85 (depth 0, 24 lits): UNSAT in 0.08s
    cube 88 (depth 0, 24 lits): UNSAT in 0.56s
    cube 91 (depth 0, 23 lits): UNSAT in 0.01s
    cube 94 (depth 0, 24 lits): UNSAT in 0.02s
    cube 97 (depth 0, 23 lits): UNSAT in 0.01s
    cube 100 (depth 0, 22 lits): UNSAT in 0.02s
    cube 103 (depth 0, 24 lits): UNSAT in 0.02s
    cube 106 (depth 0, 23 lits): UNSAT in 0.01s
    cube 109 (depth 0, 23 lits): UNSAT in 0.02s
    cube 112 (depth 0, 24 lits): UNSAT in 0.02s
    cube 115 (depth 0, 24 lits): UNSAT in 0.03s
    cube 118 (depth 0, 24 lits): UNSAT in 0.02s
    cube 121 (depth 0, 24 lits): UNSAT in 0.01s
    cube 124 (depth 0, 24 lits): UNSAT in 0.02s
    cube 127 (depth 0, 24 lits): UNSAT in 0.08s
    cube 130 (depth 0, 24 lits): UNSAT in 0.12s
    cube 133 (depth 0, 23 lits): UNSAT in 0.01s
    cube 136 (depth 0, 23 lits): UNSAT in 0.02s
    cube 139 (depth 0, 24 lits): UNSAT in 0.01s
    cube 142 (depth 0, 24 lits): UNSAT in 0.03s
    cube 145 (depth 0, 24 lits): UNSAT in 0.01s
    cube 148 (depth 0, 24 lits): UNSAT in 0.03s
    cube 151 (depth 0, 24 lits): UNSAT in 0.05s
    cube 154 (depth 0, 24 lits): UNSAT in 0.15s
    cube 157 (depth 0, 24 lits): UNSAT in 0.05s
    cube 160 (depth 0, 24 lits): UNSAT in 0.02s
    cube 163 (depth 0, 24 lits): UNSAT in 0.03s
    cube 166 (depth 0, 24 lits): UNSAT in 0.31s
    cube 169 (depth 0, 24 lits): UNSAT in 0.02s
    cube 172 (depth 0, 24 lits): UNSAT in 0.25s
    cube 175 (depth 0, 24 lits): UNSAT in 0.03s
    cube 178 (depth 0, 24 lits): UNSAT in 0.08s
    cube 181 (depth 0, 24 lits): UNSAT in 0.22s
    cube 184 (depth 0, 24 lits): UNSAT in 0.67s
    cube 187 (depth 0, 24 lits): UNSAT in 0.11s
    cube 190 (depth 0, 24 lits): UNSAT in 7.88s
    cube 193 (depth 0, 23 lits): UNSAT in 0.01s
    cube 196 (depth 0, 24 lits): UNSAT in 0.01s
    cube 199 (depth 0, 24 lits): UNSAT in 0.03s
    cube 202 (depth 0, 24 lits): UNSAT in 0.01s
    cube 205 (depth 0, 24 lits): UNSAT in 0.03s
    cube 208 (depth 0, 24 lits): UNSAT in 0.02s
    cube 211 (depth 0, 24 lits): UNSAT in 0.03s
    cube 214 (depth 0, 24 lits): UNSAT in 0.04s
    cube 217 (depth 0, 24 lits): UNSAT in 0.02s
    cube 220 (depth 0, 24 lits): UNSAT in 0.03s
    cube 223 (depth 0, 24 lits): UNSAT in 0.02s
    cube 226 (depth 0, 24 lits): UNSAT in 0.02s
    cube 229 (depth 0, 24 lits): UNSAT in 0.01s
    cube 232 (depth 0, 24 lits): UNSAT in 0.04s
    cube 235 (depth 0, 24 lits): UNSAT in 0.02s
    cube 238 (depth 0, 24 lits): UNSAT in 0.10s
    cube 241 (depth 0, 24 lits): UNSAT in 0.13s
    cube 244 (depth 0, 23 lits): UNSAT in 0.02s
    cube 247 (depth 0, 24 lits): UNSAT in 0.02s
    cube 250 (depth 0, 24 lits): UNSAT in 0.02s
    cube 253 (depth 0, 24 lits): UNSAT in 0.02s
    cube 256 (depth 0, 24 lits): UNSAT in 0.11s
    cube 259 (depth 0, 24 lits): UNSAT in 0.03s
    cube 262 (depth 0, 24 lits): UNSAT in 0.03s
    cube 265 (depth 0, 24 lits): UNSAT in 0.07s
    cube 268 (depth 0, 24 lits): UNSAT in 0.20s
    cube 271 (depth 0, 24 lits): UNSAT in 0.11s
    cube 274 (depth 0, 24 lits): UNSAT in 0.05s
    cube 277 (depth 0, 24 lits): UNSAT in 0.02s
    cube 280 (depth 0, 24 lits): UNSAT in 0.09s
    cube 283 (depth 0, 24 lits): UNSAT in 0.03s
    cube 286 (depth 0, 24 lits): UNSAT in 0.09s
    cube 289 (depth 0, 24 lits): UNSAT in 0.05s
    cube 292 (depth 0, 24 lits): UNSAT in 0.47s
    cube 295 (depth 0, 24 lits): UNSAT in 0.19s
    cube 298 (depth 0, 24 lits): UNSAT in 0.27s
    cube 301 (depth 0, 24 lits): UNSAT in 0.40s
    cube 304 (depth 0, 24 lits): UNSAT in 2.65s
    cube 307 (depth 0, 24 lits): UNSAT in 0.02s
    cube 310 (depth 0, 24 lits): UNSAT in 0.02s
    cube 313 (depth 0, 24 lits): UNSAT in 0.03s
    cube 316 (depth 0, 24 lits): UNSAT in 0.02s
    cube 319 (depth 0, 24 lits): UNSAT in 0.52s
    cube 322 (depth 0, 24 lits): UNSAT in 0.03s
    cube 325 (depth 0, 24 lits): UNSAT in 0.05s
    cube 328 (depth 0, 24 lits): UNSAT in 0.02s
    cube 331 (depth 0, 24 lits): UNSAT in 0.17s
    cube 334 (depth 0, 24 lits): UNSAT in 0.09s
    cube 337 (depth 0, 24 lits): UNSAT in 0.02s
    cube 340 (depth 0, 24 lits): UNSAT in 0.03s
    cube 343 (depth 0, 24 lits): UNSAT in 0.16s
    cube 346 (depth 0, 24 lits): UNSAT in 0.02s
    cube 349 (depth 0, 24 lits): UNSAT in 0.07s
    cube 352 (depth 0, 24 lits): UNSAT in 0.01s
    cube 355 (depth 0, 24 lits): UNSAT in 0.02s
    cube 358 (depth 0, 24 lits): UNSAT in 0.15s
    cube 361 (depth 0, 24 lits): UNSAT in 0.03s
    cube 364 (depth 0, 24 lits): UNSAT in 0.08s
    cube 367 (depth 0, 24 lits): UNSAT in 1.25s
    cube 370 (depth 0, 24 lits): UNSAT in 0.06s
    cube 373 (depth 0, 24 lits): UNSAT in 0.02s
    cube 376 (depth 0, 24 lits): UNSAT in 0.04s
    cube 379 (depth 0, 24 lits): UNSAT in 0.08s
    cube 382 (depth 0, 24 lits): UNSAT in 0.17s
    cube 385 (depth 0, 24 lits): UNSAT in 0.04s
    cube 388 (depth 0, 24 lits): UNSAT in 0.02s
    cube 391 (depth 0, 24 lits): UNSAT in 0.29s
    cube 394 (depth 0, 24 lits): UNSAT in 0.45s
    cube 397 (depth 0, 24 lits): UNSAT in 0.46s
    cube 400 (depth 0, 24 lits): UNSAT in 0.02s
    cube 403 (depth 0, 24 lits): UNSAT in 0.04s
    cube 406 (depth 0, 24 lits): UNSAT in 0.24s
    cube 409 (depth 0, 24 lits): UNSAT in 0.13s
    cube 412 (depth 0, 24 lits): UNSAT in 0.73s
    cube 415 (depth 0, 24 lits): UNSAT in 6.89s
    cube 418 (depth 0, 24 lits): UNSAT in 0.31s
    cube 421 (depth 0, 24 lits): UNSAT in 2.87s
    cube 424 (depth 0, 24 lits): UNSAT in 0.90s
    cube 427 (depth 0, 24 lits): UNSAT in 46.19s
    cube 430 (depth 0, 24 lits): UNSAT in 62.48s
    cube 433 (depth 0, 24 lits): UNSAT in 0.01s
    cube 436 (depth 0, 24 lits): UNSAT in 0.02s
    cube 439 (depth 0, 23 lits): UNSAT in 0.01s
    cube 442 (depth 0, 24 lits): UNSAT in 0.01s
    cube 445 (depth 0, 24 lits): UNSAT in 0.03s
    cube 448 (depth 0, 24 lits): UNSAT in 0.01s
    cube 451 (depth 0, 24 lits): UNSAT in 0.02s
    cube 454 (depth 0, 24 lits): UNSAT in 0.03s
    cube 457 (depth 0, 24 lits): UNSAT in 0.01s
    cube 460 (depth 0, 24 lits): UNSAT in 0.09s
    cube 463 (depth 0, 24 lits): UNSAT in 0.01s
    cube 466 (depth 0, 24 lits): UNSAT in 0.03s
    cube 469 (depth 0, 24 lits): UNSAT in 0.02s
    cube 472 (depth 0, 24 lits): UNSAT in 0.04s
    cube 475 (depth 0, 24 lits): UNSAT in 0.06s
    cube 478 (depth 0, 24 lits): UNSAT in 0.03s
    cube 481 (depth 0, 24 lits): UNSAT in 0.03s
    cube 484 (depth 0, 24 lits): UNSAT in 0.10s
    cube 487 (depth 0, 24 lits): UNSAT in 0.06s
    cube 490 (depth 0, 24 lits): UNSAT in 0.41s
    cube 493 (depth 0, 24 lits): UNSAT in 0.01s
    cube 496 (depth 0, 24 lits): UNSAT in 0.01s
    cube 499 (depth 0, 24 lits): UNSAT in 0.02s
    cube 502 (depth 0, 24 lits): UNSAT in 0.02s
    cube 505 (depth 0, 24 lits): UNSAT in 0.04s
    cube 508 (depth 0, 23 lits): UNSAT in 0.02s
    cube 511 (depth 0, 24 lits): UNSAT in 0.02s
    cube 514 (depth 0, 24 lits): UNSAT in 0.06s
    cube 517 (depth 0, 24 lits): UNSAT in 0.02s
    cube 520 (depth 0, 24 lits): UNSAT in 0.06s
    cube 523 (depth 0, 24 lits): UNSAT in 0.01s
    cube 526 (depth 0, 24 lits): UNSAT in 0.05s
    cube 529 (depth 0, 24 lits): UNSAT in 0.03s
    cube 532 (depth 0, 24 lits): UNSAT in 0.06s
    cube 535 (depth 0, 24 lits): UNSAT in 0.20s
    cube 538 (depth 0, 24 lits): UNSAT in 3.15s
    cube 541 (depth 0, 24 lits): UNSAT in 0.03s
    cube 544 (depth 0, 24 lits): UNSAT in 0.07s
    cube 547 (depth 0, 24 lits): UNSAT in 0.05s
    cube 550 (depth 0, 24 lits): UNSAT in 1.39s
    cube 553 (depth 0, 24 lits): UNSAT in 1.78s
    cube 556 (depth 0, 23 lits): UNSAT in 0.01s
    cube 559 (depth 0, 22 lits): UNSAT in 0.01s
    cube 562 (depth 0, 24 lits): UNSAT in 0.03s
    cube 565 (depth 0, 24 lits): UNSAT in 0.01s
    cube 568 (depth 0, 24 lits): UNSAT in 0.04s
    cube 571 (depth 0, 24 lits): UNSAT in 0.25s
    cube 574 (depth 0, 24 lits): UNSAT in 0.08s
    cube 577 (depth 0, 24 lits): UNSAT in 0.12s
    cube 580 (depth 0, 24 lits): UNSAT in 0.02s
    cube 583 (depth 0, 24 lits): UNSAT in 0.02s
    cube 586 (depth 0, 24 lits): UNSAT in 0.04s
    cube 589 (depth 0, 24 lits): UNSAT in 0.01s
    cube 592 (depth 0, 24 lits): UNSAT in 0.09s
    cube 595 (depth 0, 24 lits): UNSAT in 0.25s
    cube 598 (depth 0, 24 lits): UNSAT in 0.07s
    cube 601 (depth 0, 24 lits): UNSAT in 0.30s
    cube 604 (depth 0, 24 lits): UNSAT in 0.08s
    cube 607 (depth 0, 24 lits): UNSAT in 0.68s
    cube 610 (depth 0, 24 lits): UNSAT in 1.71s
    cube 613 (depth 0, 22 lits): UNSAT in 0.01s
    cube 616 (depth 0, 24 lits): UNSAT in 0.04s
    cube 619 (depth 0, 24 lits): UNSAT in 0.05s
    cube 622 (depth 0, 24 lits): UNSAT in 0.02s
    cube 625 (depth 0, 24 lits): UNSAT in 0.06s
    cube 628 (depth 0, 24 lits): UNSAT in 0.18s
    cube 631 (depth 0, 24 lits): UNSAT in 0.10s
    cube 634 (depth 0, 24 lits): UNSAT in 0.24s
    cube 637 (depth 0, 24 lits): UNSAT in 14.04s
    cube 640 (depth 0, 24 lits): UNSAT in 0.19s
    cube 643 (depth 0, 24 lits): UNSAT in 0.36s
    cube 646 (depth 0, 24 lits): UNSAT in 0.16s
    cube 649 (depth 0, 24 lits): UNSAT in 1.00s
    cube 652 (depth 0, 24 lits): UNSAT in 3.32s
    cube 655 (depth 0, 24 lits): UNSAT in 0.45s
    cube 658 (depth 0, 24 lits): UNSAT in 0.29s
    cube 661 (depth 0, 24 lits): UNSAT in 29.46s
    cube 664 (depth 0, 24 lits): UNSAT in 1.15s
    cube 667 (depth 0, 24 lits): UNSAT in 82.60s
    cube 670 (depth 0, 24 lits): UNSAT in 0.01s
    cube 673 (depth 0, 24 lits): UNSAT in 0.08s
    cube 676 (depth 0, 24 lits): UNSAT in 0.04s
    cube 679 (depth 0, 24 lits): UNSAT in 0.05s
    cube 682 (depth 0, 24 lits): UNSAT in 0.11s
    cube 685 (depth 0, 24 lits): UNSAT in 1.82s
    cube 688 (depth 0, 24 lits): UNSAT in 0.05s
    cube 691 (depth 0, 24 lits): UNSAT in 0.14s
    cube 694 (depth 0, 24 lits): UNSAT in 0.04s
    cube 697 (depth 0, 24 lits): UNSAT in 0.06s
    cube 700 (depth 0, 24 lits): UNSAT in 4.66s
    cube 703 (depth 0, 24 lits): UNSAT in 0.02s
    cube 706 (depth 0, 24 lits): UNSAT in 0.04s
    cube 709 (depth 0, 24 lits): UNSAT in 0.02s
    cube 712 (depth 0, 24 lits): UNSAT in 0.19s
    cube 715 (depth 0, 24 lits): UNSAT in 0.26s
    cube 718 (depth 0, 24 lits): UNSAT in 0.35s
    cube 721 (depth 0, 24 lits): UNSAT in 0.15s
    cube 724 (depth 0, 24 lits): UNSAT in 3.25s
    cube 727 (depth 0, 24 lits): UNSAT in 0.74s
    cube 730 (depth 0, 24 lits): UNSAT in 2.52s
    cube 733 (depth 0, 24 lits): UNSAT in 0.03s
    cube 736 (depth 0, 24 lits): UNSAT in 0.24s
    cube 739 (depth 0, 24 lits): UNSAT in 0.10s
    cube 742 (depth 0, 24 lits): UNSAT in 0.09s
    cube 745 (depth 0, 24 lits): UNSAT in 0.24s
    cube 748 (depth 0, 24 lits): UNSAT in 7.83s
    cube 751 (depth 0, 24 lits): UNSAT in 0.13s
    cube 754 (depth 0, 24 lits): UNSAT in 0.28s
    cube 757 (depth 0, 24 lits): UNSAT in 0.12s
    cube 760 (depth 0, 24 lits): UNSAT in 4.08s
    cube 763 (depth 0, 24 lits): UNSAT in 3.17s
    cube 766 (depth 0, 24 lits): UNSAT in 0.08s
    cube 769 (depth 0, 24 lits): UNSAT in 0.05s
    cube 772 (depth 0, 24 lits): UNSAT in 1.47s
    cube 775 (depth 0, 24 lits): UNSAT in 0.12s
    cube 778 (depth 0, 24 lits): UNSAT in 0.87s
    cube 781 (depth 0, 24 lits): UNSAT in 0.03s
    cube 784 (depth 0, 24 lits): UNSAT in 1.67s
    cube 787 (depth 0, 24 lits): UNSAT in 1.08s
    cube 790 (depth 0, 24 lits): UNSAT in 5.62s
    cube 793 (depth 0, 24 lits): UNSAT in 5.58s
    cube 796 (depth 0, 24 lits): UNSAT in 1563.60s
    cube 799 (depth 0, 24 lits): UNSAT in 0.03s
    cube 802 (depth 0, 24 lits): UNSAT in 0.07s
    cube 805 (depth 0, 24 lits): UNSAT in 0.03s
    cube 808 (depth 0, 24 lits): UNSAT in 1.13s
    cube 811 (depth 0, 24 lits): UNSAT in 0.46s
    cube 814 (depth 0, 24 lits): UNSAT in 0.12s
    cube 817 (depth 0, 24 lits): UNSAT in 0.16s
    cube 820 (depth 0, 24 lits): UNSAT in 3.11s
    cube 823 (depth 0, 24 lits): UNSAT in 0.42s
    cube 826 (depth 0, 24 lits): UNSAT in 4.42s
    cube 829 (depth 0, 24 lits): UNSAT in 0.04s
    cube 832 (depth 0, 24 lits): UNSAT in 0.63s
    cube 835 (depth 0, 24 lits): UNSAT in 0.69s
    cube 838 (depth 0, 24 lits): UNSAT in 0.40s
    cube 841 (depth 0, 24 lits): UNSAT in 0.39s
    cube 844 (depth 0, 24 lits): UNSAT in 66.27s
    cube 847 (depth 0, 24 lits): UNSAT in 0.16s
    cube 850 (depth 0, 24 lits): UNSAT in 0.62s
    cube 853 (depth 0, 24 lits): UNSAT in 0.48s
    cube 856 (depth 0, 24 lits): UNSAT in 123.23s
    cube 859 (depth 0, 24 lits): UNSAT in 185.75s
    cube 862 (depth 0, 24 lits): UNSAT in 0.20s
    cube 865 (depth 0, 24 lits): UNSAT in 0.08s
    cube 868 (depth 0, 24 lits): UNSAT in 3.88s
    cube 871 (depth 0, 24 lits): UNSAT in 1.03s
    cube 874 (depth 0, 24 lits): UNSAT in 0.55s
    cube 877 (depth 0, 24 lits): UNSAT in 0.23s
    cube 880 (depth 0, 24 lits): UNSAT in 4.34s
    cube 883 (depth 0, 24 lits): UNSAT in 1.61s
    cube 886 (depth 0, 24 lits): UNSAT in 1.62s
    cube 889 (depth 0, 24 lits): UNSAT in 3.22s
    cube 892 (depth 0, 24 lits): UNSAT in 231.31s
    cube 895 (depth 0, 24 lits): UNSAT in 0.46s
    cube 898 (depth 0, 24 lits): UNSAT in 0.58s
    cube 901 (depth 0, 24 lits): UNSAT in 0.44s
    cube 904 (depth 0, 24 lits): UNSAT in 18.40s
    cube 907 (depth 0, 24 lits): UNSAT in 47.73s
    cube 910 (depth 0, 24 lits): UNSAT in 2.55s
    cube 913 (depth 0, 24 lits): UNSAT in 10.63s
    cube 916 (depth 0, 24 lits): UNSAT in 121.69s
    cube 919 (depth 0, 24 lits): UNSAT in 6.98s
    cube 922 (depth 0, 24 lits): UNSAT in 1184.75s
    cube 925 (depth 0, 23 lits): UNSAT in 0.01s
    cube 928 (depth 0, 23 lits): UNSAT in 0.01s
    cube 931 (depth 0, 23 lits): UNSAT in 0.01s
    cube 934 (depth 0, 24 lits): UNSAT in 0.01s
    cube 937 (depth 0, 24 lits): UNSAT in 0.04s
    cube 940 (depth 0, 24 lits): UNSAT in 0.01s
    cube 943 (depth 0, 24 lits): UNSAT in 0.01s
    cube 946 (depth 0, 24 lits): UNSAT in 0.02s
    cube 949 (depth 0, 24 lits): UNSAT in 0.05s
    cube 952 (depth 0, 24 lits): UNSAT in 0.14s
    cube 955 (depth 0, 24 lits): UNSAT in 0.02s
    cube 958 (depth 0, 24 lits): UNSAT in 0.01s
    cube 961 (depth 0, 24 lits): UNSAT in 0.17s
    cube 964 (depth 0, 24 lits): UNSAT in 0.07s
    cube 967 (depth 0, 24 lits): UNSAT in 0.20s
    cube 970 (depth 0, 24 lits): UNSAT in 0.02s
    cube 973 (depth 0, 24 lits): UNSAT in 0.10s
    cube 976 (depth 0, 24 lits): UNSAT in 0.24s
    cube 979 (depth 0, 24 lits): UNSAT in 0.40s
    cube 982 (depth 0, 24 lits): UNSAT in 0.62s
    cube 985 (depth 0, 24 lits): UNSAT in 16.74s
    cube 988 (depth 0, 24 lits): UNSAT in 0.02s
    cube 991 (depth 0, 24 lits): UNSAT in 0.03s
    cube 994 (depth 0, 24 lits): UNSAT in 0.02s
    cube 997 (depth 0, 24 lits): UNSAT in 0.07s
    cube 1000 (depth 0, 24 lits): UNSAT in 0.08s
    cube 1003 (depth 0, 24 lits): UNSAT in 0.06s
    cube 1006 (depth 0, 24 lits): UNSAT in 0.04s
    cube 1009 (depth 0, 24 lits): UNSAT in 0.19s
    cube 1012 (depth 0, 24 lits): UNSAT in 0.46s
    cube 1015 (depth 0, 24 lits): UNSAT in 0.37s
    cube 1018 (depth 0, 24 lits): UNSAT in 0.02s
    cube 1021 (depth 0, 24 lits): UNSAT in 0.10s
    cube 1024 (depth 0, 24 lits): UNSAT in 0.58s
    cube 1027 (depth 0, 24 lits): UNSAT in 0.10s
    cube 1030 (depth 0, 24 lits): UNSAT in 0.15s
    cube 1033 (depth 0, 24 lits): UNSAT in 4.36s
    cube 1036 (depth 0, 24 lits): UNSAT in 0.10s
    cube 1039 (depth 0, 24 lits): UNSAT in 0.19s
    cube 1042 (depth 0, 24 lits): UNSAT in 0.13s
    cube 1045 (depth 0, 24 lits): UNSAT in 6.45s
    cube 1048 (depth 0, 24 lits): UNSAT in 7.61s
    cube 1051 (depth 0, 24 lits): UNSAT in 0.02s
    cube 1054 (depth 0, 23 lits): UNSAT in 0.02s
    cube 1057 (depth 0, 24 lits): UNSAT in 0.02s
    cube 1060 (depth 0, 24 lits): UNSAT in 0.03s
    cube 1063 (depth 0, 24 lits): UNSAT in 0.04s
    cube 1066 (depth 0, 24 lits): UNSAT in 0.02s
    cube 1069 (depth 0, 24 lits): UNSAT in 0.04s
    cube 1072 (depth 0, 24 lits): UNSAT in 0.21s
    cube 1075 (depth 0, 24 lits): UNSAT in 0.08s
    cube 1078 (depth 0, 24 lits): UNSAT in 0.72s
    cube 1081 (depth 0, 23 lits): UNSAT in 0.02s
    cube 1084 (depth 0, 24 lits): UNSAT in 0.03s
    cube 1087 (depth 0, 24 lits): UNSAT in 0.24s
    cube 1090 (depth 0, 24 lits): UNSAT in 0.07s
    cube 1093 (depth 0, 24 lits): UNSAT in 0.19s
    cube 1096 (depth 0, 24 lits): UNSAT in 0.03s
    cube 1099 (depth 0, 24 lits): UNSAT in 0.55s
    cube 1102 (depth 0, 24 lits): UNSAT in 0.45s
    cube 1105 (depth 0, 24 lits): UNSAT in 0.36s
    cube 1108 (depth 0, 24 lits): UNSAT in 0.50s
    cube 1111 (depth 0, 24 lits): UNSAT in 27.38s
    cube 1114 (depth 0, 24 lits): UNSAT in 0.02s
    cube 1117 (depth 0, 24 lits): UNSAT in 0.03s
    cube 1120 (depth 0, 24 lits): UNSAT in 0.05s
    cube 1123 (depth 0, 24 lits): UNSAT in 0.92s
    cube 1126 (depth 0, 24 lits): UNSAT in 0.40s
    cube 1129 (depth 0, 24 lits): UNSAT in 0.12s
    cube 1132 (depth 0, 24 lits): UNSAT in 0.09s
    cube 1135 (depth 0, 24 lits): UNSAT in 2.47s
    cube 1138 (depth 0, 24 lits): UNSAT in 0.06s
    cube 1141 (depth 0, 24 lits): UNSAT in 1.46s
    cube 1144 (depth 0, 24 lits): UNSAT in 0.10s
    cube 1147 (depth 0, 24 lits): UNSAT in 0.71s
    cube 1150 (depth 0, 24 lits): UNSAT in 0.26s
    cube 1153 (depth 0, 24 lits): UNSAT in 0.08s
    cube 1156 (depth 0, 24 lits): UNSAT in 0.24s
    cube 1159 (depth 0, 24 lits): UNSAT in 27.87s
    cube 1162 (depth 0, 24 lits): UNSAT in 0.71s
    cube 1165 (depth 0, 24 lits): UNSAT in 0.51s
    cube 1168 (depth 0, 24 lits): UNSAT in 0.52s
    cube 1171 (depth 0, 24 lits): UNSAT in 22.06s
    cube 1174 (depth 0, 24 lits): UNSAT in 109.67s
    cube 1177 (depth 0, 23 lits): UNSAT in 0.02s
    cube 1180 (depth 0, 24 lits): UNSAT in 0.02s
    cube 1183 (depth 0, 24 lits): UNSAT in 0.02s
    cube 1186 (depth 0, 23 lits): UNSAT in 0.02s
    cube 1189 (depth 0, 24 lits): UNSAT in 0.01s
    cube 1192 (depth 0, 24 lits): UNSAT in 0.05s
    cube 1195 (depth 0, 24 lits): UNSAT in 0.02s
    cube 1198 (depth 0, 24 lits): UNSAT in 0.01s
    cube 1201 (depth 0, 24 lits): UNSAT in 0.03s
    cube 1204 (depth 0, 24 lits): UNSAT in 0.04s
    cube 1207 (depth 0, 24 lits): UNSAT in 0.08s
    cube 1210 (depth 0, 24 lits): UNSAT in 0.21s
    cube 1213 (depth 0, 24 lits): UNSAT in 0.07s
    cube 1216 (depth 0, 24 lits): UNSAT in 1.45s
    cube 1219 (depth 0, 24 lits): UNSAT in 0.02s
    cube 1222 (depth 0, 24 lits): UNSAT in 0.12s
    cube 1225 (depth 0, 24 lits): UNSAT in 0.09s
    cube 1228 (depth 0, 24 lits): UNSAT in 2.31s
    cube 1231 (depth 0, 24 lits): UNSAT in 2.35s
    cube 1234 (depth 0, 24 lits): UNSAT in 0.02s
    cube 1237 (depth 0, 24 lits): UNSAT in 0.02s
    cube 1240 (depth 0, 24 lits): UNSAT in 0.16s
    cube 1243 (depth 0, 24 lits): UNSAT in 0.03s
    cube 1246 (depth 0, 24 lits): UNSAT in 0.10s
    cube 1249 (depth 0, 23 lits): UNSAT in 0.02s
    cube 1252 (depth 0, 23 lits): UNSAT in 0.01s
    cube 1255 (depth 0, 24 lits): UNSAT in 0.03s
    cube 1258 (depth 0, 24 lits): UNSAT in 0.31s
    cube 1261 (depth 0, 24 lits): UNSAT in 0.49s
    cube 1264 (depth 0, 24 lits): UNSAT in 0.10s
    cube 1267 (depth 0, 24 lits): UNSAT in 0.05s
    cube 1270 (depth 0, 24 lits): UNSAT in 0.82s
    cube 1273 (depth 0, 24 lits): UNSAT in 0.09s
    cube 1276 (depth 0, 24 lits): UNSAT in 0.87s
    cube 1279 (depth 0, 24 lits): UNSAT in 0.03s
    cube 1282 (depth 0, 24 lits): UNSAT in 0.31s
    cube 1285 (depth 0, 24 lits): UNSAT in 0.70s
    cube 1288 (depth 0, 24 lits): UNSAT in 1.14s
    cube 1291 (depth 0, 24 lits): UNSAT in 1.48s
    cube 1294 (depth 0, 24 lits): UNSAT in 21.01s
    cube 1297 (depth 0, 24 lits): UNSAT in 0.05s
    cube 1300 (depth 0, 24 lits): UNSAT in 0.02s
    cube 1303 (depth 0, 24 lits): UNSAT in 0.04s
    cube 1306 (depth 0, 24 lits): UNSAT in 0.04s
    cube 1309 (depth 0, 24 lits): UNSAT in 0.52s
    cube 1312 (depth 0, 24 lits): UNSAT in 0.06s
    cube 1315 (depth 0, 24 lits): UNSAT in 0.29s
    cube 1318 (depth 0, 24 lits): UNSAT in 0.09s
    cube 1321 (depth 0, 24 lits): UNSAT in 0.35s
    cube 1324 (depth 0, 24 lits): UNSAT in 0.81s
    cube 1327 (depth 0, 24 lits): UNSAT in 0.07s
    cube 1330 (depth 0, 24 lits): UNSAT in 0.06s
    cube 1333 (depth 0, 24 lits): UNSAT in 1.09s
    cube 1336 (depth 0, 24 lits): UNSAT in 0.20s
    cube 1339 (depth 0, 24 lits): UNSAT in 0.76s
    cube 1342 (depth 0, 24 lits): UNSAT in 0.08s
    cube 1345 (depth 0, 24 lits): UNSAT in 0.36s
    cube 1348 (depth 0, 24 lits): UNSAT in 1.31s
    cube 1351 (depth 0, 24 lits): UNSAT in 0.55s
    cube 1354 (depth 0, 24 lits): UNSAT in 1.32s
    cube 1357 (depth 0, 24 lits): UNSAT in 118.62s
    cube 1360 (depth 0, 24 lits): UNSAT in 0.14s
    cube 1363 (depth 0, 24 lits): UNSAT in 0.77s
    cube 1366 (depth 0, 24 lits): UNSAT in 0.12s
    cube 1369 (depth 0, 24 lits): UNSAT in 2.05s
    cube 1372 (depth 0, 24 lits): UNSAT in 0.69s
    cube 1375 (depth 0, 24 lits): UNSAT in 0.26s
    cube 1378 (depth 0, 24 lits): UNSAT in 0.59s
    cube 1381 (depth 0, 24 lits): UNSAT in 22.08s
    cube 1384 (depth 0, 24 lits): UNSAT in 2.44s
    cube 1387 (depth 0, 24 lits): UNSAT in 14.93s
    cube 1390 (depth 0, 24 lits): UNSAT in 0.14s
    cube 1393 (depth 0, 24 lits): UNSAT in 1.31s
    cube 1396 (depth 0, 24 lits): UNSAT in 2.55s
    cube 1399 (depth 0, 24 lits): UNSAT in 0.26s
    cube 1402 (depth 0, 24 lits): UNSAT in 1.73s
    cube 1405 (depth 0, 24 lits): UNSAT in 85.18s
    cube 1408 (depth 0, 24 lits): UNSAT in 3.05s
    cube 1411 (depth 0, 24 lits): UNSAT in 1.61s
    cube 1414 (depth 0, 24 lits): UNSAT in 8.25s
    cube 1417 (depth 0, 24 lits): UNSAT in 492.91s
    cube 1420 (depth 0, 24 lits): UNSAT in 166.68s
    cube 1423 (depth 0, 24 lits): UNSAT in 0.02s
    cube 1426 (depth 0, 24 lits): UNSAT in 0.02s
    cube 1429 (depth 0, 24 lits): UNSAT in 0.27s
    cube 1432 (depth 0, 24 lits): UNSAT in 0.11s
    cube 1435 (depth 0, 24 lits): UNSAT in 0.16s
    cube 1438 (depth 0, 24 lits): UNSAT in 0.03s
    cube 1441 (depth 0, 24 lits): UNSAT in 0.23s
    cube 1444 (depth 0, 24 lits): UNSAT in 0.28s
    cube 1447 (depth 0, 24 lits): UNSAT in 0.33s
    cube 1450 (depth 0, 24 lits): UNSAT in 0.28s
    cube 1453 (depth 0, 24 lits): UNSAT in 27.89s
    cube 1456 (depth 0, 24 lits): UNSAT in 0.07s
    cube 1459 (depth 0, 24 lits): UNSAT in 0.36s
    cube 1462 (depth 0, 24 lits): UNSAT in 0.04s
    cube 1465 (depth 0, 24 lits): UNSAT in 0.42s
    cube 1468 (depth 0, 24 lits): UNSAT in 0.52s
    cube 1471 (depth 0, 24 lits): UNSAT in 0.04s
    cube 1474 (depth 0, 24 lits): UNSAT in 0.26s
    cube 1477 (depth 0, 24 lits): UNSAT in 2.04s
    cube 1480 (depth 0, 24 lits): UNSAT in 0.75s
    cube 1483 (depth 0, 24 lits): UNSAT in 10.11s
    cube 1486 (depth 0, 24 lits): UNSAT in 0.01s
    cube 1489 (depth 0, 24 lits): UNSAT in 0.07s
    cube 1492 (depth 0, 24 lits): UNSAT in 0.07s
    cube 1495 (depth 0, 24 lits): UNSAT in 0.02s
    cube 1498 (depth 0, 24 lits): UNSAT in 0.15s
    cube 1501 (depth 0, 24 lits): UNSAT in 2.12s
    cube 1504 (depth 0, 24 lits): UNSAT in 0.06s
    cube 1507 (depth 0, 24 lits): UNSAT in 0.68s
    cube 1510 (depth 0, 24 lits): UNSAT in 0.07s
    cube 1513 (depth 0, 24 lits): UNSAT in 3.40s
    cube 1516 (depth 0, 24 lits): UNSAT in 19.10s
    cube 1519 (depth 0, 24 lits): UNSAT in 0.10s
    cube 1522 (depth 0, 24 lits): UNSAT in 0.12s
    cube 1525 (depth 0, 24 lits): UNSAT in 3.13s
    cube 1528 (depth 0, 24 lits): UNSAT in 0.02s
    cube 1531 (depth 0, 24 lits): UNSAT in 7.81s
    cube 1534 (depth 0, 24 lits): UNSAT in 0.18s
    cube 1537 (depth 0, 24 lits): UNSAT in 9.76s
    cube 1540 (depth 0, 24 lits): UNSAT in 8.87s
    cube 1543 (depth 0, 24 lits): UNSAT in 1.45s
    cube 1546 (depth 0, 24 lits): UNSAT in 18.35s
    cube 1549 (depth 0, 24 lits): TIMEOUT in 2400.09s
    cube 1549 TIMEOUT -> re-split into 866 sub-cubes (depth 1)
    cube 1549.0 (depth 1, 32 lits): UNSAT in 0.01s
    cube 1549.1 (depth 1, 32 lits): UNSAT in 0.01s
    cube 1549.2 (depth 1, 32 lits): UNSAT in 0.01s
    cube 1549.3 (depth 1, 34 lits): UNSAT in 0.01s
    cube 1549.4 (depth 1, 34 lits): UNSAT in 0.01s
    cube 1549.5 (depth 1, 34 lits): UNSAT in 0.02s
    cube 1549.6 (depth 1, 34 lits): UNSAT in 0.02s
    cube 1549.7 (depth 1, 32 lits): UNSAT in 0.01s
    cube 1549.8 (depth 1, 33 lits): UNSAT in 0.01s
    cube 1549.9 (depth 1, 34 lits): UNSAT in 0.02s
    cube 1549.10 (depth 1, 34 lits): UNSAT in 0.02s
    cube 1549.11 (depth 1, 34 lits): UNSAT in 0.01s
    cube 1549.12 (depth 1, 34 lits): UNSAT in 0.01s
    cube 1549.13 (depth 1, 34 lits): UNSAT in 0.01s
    cube 1549.14 (depth 1, 34 lits): UNSAT in 0.02s
    cube 1549.15 (depth 1, 34 lits): UNSAT in 0.02s
    cube 1549.16 (depth 1, 34 lits): UNSAT in 0.04s
    cube 1549.17 (depth 1, 34 lits): UNSAT in 0.02s
    cube 1549.18 (depth 1, 34 lits): UNSAT in 0.04s
    cube 1549.19 (depth 1, 32 lits): UNSAT in 0.01s
    cube 1549.20 (depth 1, 32 lits): UNSAT in 0.02s
    cube 1549.21 (depth 1, 34 lits): UNSAT in 0.01s
    cube 1549.22 (depth 1, 34 lits): UNSAT in 0.02s
    cube 1549.23 (depth 1, 34 lits): UNSAT in 0.01s
    cube 1549.24 (depth 1, 34 lits): UNSAT in 0.02s
    cube 1549.25 (depth 1, 34 lits): UNSAT in 0.01s
    cube 1549.26 (depth 1, 34 lits): UNSAT in 0.03s
    cube 1549.27 (depth 1, 34 lits): UNSAT in 0.02s
    cube 1549.28 (depth 1, 34 lits): UNSAT in 0.05s
    cube 1549.29 (depth 1, 33 lits): UNSAT in 0.01s
    cube 1549.30 (depth 1, 34 lits): UNSAT in 0.02s
    cube 1549.31 (depth 1, 34 lits): UNSAT in 0.02s
    cube 1549.32 (depth 1, 34 lits): UNSAT in 0.01s
    cube 1549.33 (depth 1, 34 lits): UNSAT in 0.02s
    cube 1549.34 (depth 1, 34 lits): UNSAT in 0.03s
    cube 1549.35 (depth 1, 34 lits): UNSAT in 0.04s
    cube 1549.36 (depth 1, 34 lits): UNSAT in 0.01s
    cube 1549.37 (depth 1, 34 lits): UNSAT in 0.02s
    cube 1549.38 (depth 1, 34 lits): UNSAT in 0.03s
    cube 1549.39 (depth 1, 34 lits): UNSAT in 0.03s
    cube 1549.40 (depth 1, 34 lits): UNSAT in 0.02s
    cube 1549.41 (depth 1, 34 lits): UNSAT in 0.05s
    cube 1549.42 (depth 1, 34 lits): UNSAT in 0.07s
    cube 1549.43 (depth 1, 34 lits): UNSAT in 0.05s
    cube 1549.44 (depth 1, 33 lits): UNSAT in 0.01s
    cube 1549.45 (depth 1, 33 lits): UNSAT in 0.01s
    cube 1549.46 (depth 1, 33 lits): UNSAT in 0.01s
    cube 1549.47 (depth 1, 33 lits): UNSAT in 0.01s
    cube 1549.48 (depth 1, 34 lits): UNSAT in 0.01s
    cube 1549.49 (depth 1, 34 lits): UNSAT in 0.02s
    cube 1549.50 (depth 1, 33 lits): UNSAT in 0.02s
    cube 1549.51 (depth 1, 34 lits): UNSAT in 0.01s
    cube 1549.52 (depth 1, 34 lits): UNSAT in 0.02s
    cube 1549.53 (depth 1, 33 lits): UNSAT in 0.02s
    cube 1549.54 (depth 1, 34 lits): UNSAT in 0.01s
    cube 1549.55 (depth 1, 34 lits): UNSAT in 0.02s
    cube 1549.56 (depth 1, 33 lits): UNSAT in 0.02s
    cube 1549.57 (depth 1, 33 lits): UNSAT in 0.01s
    cube 1549.58 (depth 1, 34 lits): UNSAT in 0.02s
    cube 1549.59 (depth 1, 34 lits): UNSAT in 0.02s
    cube 1549.60 (depth 1, 34 lits): UNSAT in 0.01s
    cube 1549.61 (depth 1, 34 lits): UNSAT in 0.02s
    cube 1549.62 (depth 1, 34 lits): UNSAT in 0.02s
    cube 1549.63 (depth 1, 34 lits): UNSAT in 0.03s
    cube 1549.64 (depth 1, 34 lits): UNSAT in 0.02s
    cube 1549.65 (depth 1, 34 lits): UNSAT in 0.03s
    cube 1549.66 (depth 1, 34 lits): UNSAT in 0.03s
    cube 1549.67 (depth 1, 34 lits): UNSAT in 0.05s
    cube 1549.68 (depth 1, 32 lits): UNSAT in 0.01s
    cube 1549.69 (depth 1, 33 lits): UNSAT in 0.02s
    cube 1549.70 (depth 1, 34 lits): UNSAT in 0.02s
    cube 1549.71 (depth 1, 34 lits): UNSAT in 0.02s
    cube 1549.72 (depth 1, 33 lits): UNSAT in 0.01s
    cube 1549.73 (depth 1, 34 lits): UNSAT in 0.02s
    cube 1549.74 (depth 1, 34 lits): UNSAT in 0.02s
    cube 1549.75 (depth 1, 33 lits): UNSAT in 0.02s
    cube 1549.76 (depth 1, 34 lits): UNSAT in 0.02s
    cube 1549.77 (depth 1, 34 lits): UNSAT in 0.07s
    cube 1549.78 (depth 1, 34 lits): UNSAT in 0.01s
    cube 1549.79 (depth 1, 34 lits): UNSAT in 0.02s
    cube 1549.80 (depth 1, 34 lits): UNSAT in 0.01s
    cube 1549.81 (depth 1, 34 lits): UNSAT in 0.02s
    cube 1549.82 (depth 1, 34 lits): UNSAT in 0.02s
    cube 1549.83 (depth 1, 34 lits): UNSAT in 0.03s
    cube 1549.84 (depth 1, 34 lits): UNSAT in 0.02s
    cube 1549.85 (depth 1, 34 lits): UNSAT in 0.04s
    cube 1549.86 (depth 1, 34 lits): UNSAT in 0.02s
    cube 1549.87 (depth 1, 34 lits): UNSAT in 0.02s
    cube 1549.88 (depth 1, 34 lits): UNSAT in 0.02s
    cube 1549.89 (depth 1, 34 lits): UNSAT in 0.03s
    cube 1549.90 (depth 1, 34 lits): UNSAT in 0.02s
    cube 1549.91 (depth 1, 34 lits): UNSAT in 0.03s
    cube 1549.92 (depth 1, 34 lits): UNSAT in 0.02s
    cube 1549.93 (depth 1, 34 lits): UNSAT in 0.17s
    cube 1549.94 (depth 1, 31 lits): UNSAT in 0.01s
    cube 1549.95 (depth 1, 33 lits): UNSAT in 0.01s
    cube 1549.96 (depth 1, 33 lits): UNSAT in 0.01s
    cube 1549.97 (depth 1, 33 lits): UNSAT in 0.02s
    cube 1549.98 (depth 1, 33 lits): UNSAT in 0.02s
    cube 1549.99 (depth 1, 33 lits): UNSAT in 0.01s
    cube 1549.100 (depth 1, 33 lits): UNSAT in 0.01s
    cube 1549.101 (depth 1, 34 lits): UNSAT in 0.01s
    cube 1549.102 (depth 1, 34 lits): UNSAT in 0.01s
    cube 1549.103 (depth 1, 33 lits): UNSAT in 0.02s
    cube 1549.104 (depth 1, 34 lits): UNSAT in 0.01s
    cube 1549.105 (depth 1, 34 lits): UNSAT in 0.02s
    cube 1549.106 (depth 1, 34 lits): UNSAT in 0.02s
    cube 1549.107 (depth 1, 34 lits): UNSAT in 0.02s
    cube 1549.108 (depth 1, 34 lits): UNSAT in 0.03s
    cube 1549.109 (depth 1, 34 lits): UNSAT in 0.03s
    cube 1549.110 (depth 1, 34 lits): UNSAT in 0.02s
    cube 1549.111 (depth 1, 34 lits): UNSAT in 0.02s
    cube 1549.112 (depth 1, 33 lits): UNSAT in 0.01s
    cube 1549.113 (depth 1, 34 lits): UNSAT in 0.01s
    cube 1549.114 (depth 1, 34 lits): UNSAT in 0.02s
    cube 1549.115 (depth 1, 34 lits): UNSAT in 0.01s
    cube 1549.116 (depth 1, 34 lits): UNSAT in 0.02s
    cube 1549.117 (depth 1, 34 lits): UNSAT in 0.01s
    cube 1549.118 (depth 1, 34 lits): UNSAT in 0.02s
    cube 1549.119 (depth 1, 34 lits): UNSAT in 0.01s
    cube 1549.120 (depth 1, 34 lits): UNSAT in 0.02s
    cube 1549.121 (depth 1, 34 lits): UNSAT in 0.02s
    cube 1549.122 (depth 1, 34 lits): UNSAT in 0.03s
    cube 1549.123 (depth 1, 34 lits): UNSAT in 0.02s
    cube 1549.124 (depth 1, 34 lits): UNSAT in 0.03s
    cube 1549.125 (depth 1, 34 lits): UNSAT in 0.02s
    cube 1549.126 (depth 1, 34 lits): UNSAT in 0.02s
    cube 1549.127 (depth 1, 34 lits): UNSAT in 0.01s
    cube 1549.128 (depth 1, 34 lits): UNSAT in 0.02s
    cube 1549.129 (depth 1, 34 lits): UNSAT in 0.02s
    cube 1549.130 (depth 1, 34 lits): UNSAT in 0.02s
    cube 1549.131 (depth 1, 34 lits): UNSAT in 0.01s
    cube 1549.132 (depth 1, 34 lits): UNSAT in 0.02s
    cube 1549.133 (depth 1, 34 lits): UNSAT in 0.02s
    cube 1549.134 (depth 1, 34 lits): UNSAT in 0.04s
    cube 1549.135 (depth 1, 34 lits): UNSAT in 0.01s
    cube 1549.136 (depth 1, 34 lits): UNSAT in 0.02s
    cube 1549.137 (depth 1, 34 lits): UNSAT in 0.02s
    cube 1549.138 (depth 1, 34 lits): UNSAT in 0.03s
    cube 1549.139 (depth 1, 34 lits): UNSAT in 0.02s
    cube 1549.140 (depth 1, 34 lits): UNSAT in 0.06s
    cube 1549.141 (depth 1, 34 lits): UNSAT in 0.05s
    cube 1549.142 (depth 1, 34 lits): UNSAT in 0.17s
    cube 1549.143 (depth 1, 32 lits): UNSAT in 0.01s
    cube 1549.144 (depth 1, 34 lits): UNSAT in 0.01s
    cube 1549.145 (depth 1, 34 lits): UNSAT in 0.02s
    cube 1549.146 (depth 1, 34 lits): UNSAT in 0.02s
    cube 1549.147 (depth 1, 34 lits): UNSAT in 0.02s
    cube 1549.148 (depth 1, 34 lits): UNSAT in 0.01s
    cube 1549.149 (depth 1, 34 lits): UNSAT in 0.02s
    cube 1549.150 (depth 1, 34 lits): UNSAT in 0.01s
    cube 1549.151 (depth 1, 34 lits): UNSAT in 0.02s
    cube 1549.152 (depth 1, 34 lits): UNSAT in 0.01s
    cube 1549.153 (depth 1, 34 lits): UNSAT in 0.01s
    cube 1549.154 (depth 1, 34 lits): UNSAT in 0.02s
    cube 1549.155 (depth 1, 34 lits): UNSAT in 0.05s
    cube 1549.156 (depth 1, 33 lits): UNSAT in 0.01s
    cube 1549.157 (depth 1, 34 lits): UNSAT in 0.01s
    cube 1549.158 (depth 1, 34 lits): UNSAT in 0.02s
    cube 1549.159 (depth 1, 34 lits): UNSAT in 0.02s
    cube 1549.160 (depth 1, 34 lits): UNSAT in 0.02s
    cube 1549.161 (depth 1, 34 lits): UNSAT in 0.02s
    cube 1549.162 (depth 1, 34 lits): UNSAT in 0.04s
    cube 1549.163 (depth 1, 34 lits): UNSAT in 0.02s
    cube 1549.164 (depth 1, 34 lits): UNSAT in 0.04s
    cube 1549.165 (depth 1, 34 lits): UNSAT in 0.05s
    cube 1549.166 (depth 1, 34 lits): UNSAT in 0.09s
    cube 1549.167 (depth 1, 34 lits): UNSAT in 0.04s
    cube 1549.168 (depth 1, 34 lits): UNSAT in 0.07s
    cube 1549.169 (depth 1, 34 lits): UNSAT in 0.11s
    cube 1549.170 (depth 1, 34 lits): UNSAT in 0.82s
    cube 1549.171 (depth 1, 34 lits): UNSAT in 0.01s
    cube 1549.172 (depth 1, 34 lits): UNSAT in 0.02s
    cube 1549.173 (depth 1, 34 lits): UNSAT in 0.02s
    cube 1549.174 (depth 1, 34 lits): UNSAT in 0.04s
    cube 1549.175 (depth 1, 34 lits): UNSAT in 0.01s
    cube 1549.176 (depth 1, 34 lits): UNSAT in 0.04s
    cube 1549.177 (depth 1, 34 lits): UNSAT in 0.02s
    cube 1549.178 (depth 1, 34 lits): UNSAT in 0.06s
    cube 1549.179 (depth 1, 34 lits): UNSAT in 0.02s
    cube 1549.180 (depth 1, 34 lits): UNSAT in 0.02s
    cube 1549.181 (depth 1, 34 lits): UNSAT in 0.02s
    cube 1549.182 (depth 1, 34 lits): UNSAT in 0.06s
    cube 1549.183 (depth 1, 34 lits): UNSAT in 0.04s
    cube 1549.184 (depth 1, 34 lits): UNSAT in 0.09s
    cube 1549.185 (depth 1, 34 lits): UNSAT in 0.05s
    cube 1549.186 (depth 1, 34 lits): UNSAT in 0.11s
    cube 1549.187 (depth 1, 34 lits): UNSAT in 0.02s
    cube 1549.188 (depth 1, 34 lits): UNSAT in 0.04s
    cube 1549.189 (depth 1, 34 lits): UNSAT in 0.04s
    cube 1549.190 (depth 1, 34 lits): UNSAT in 0.07s
    cube 1549.191 (depth 1, 34 lits): UNSAT in 0.07s
    cube 1549.192 (depth 1, 34 lits): UNSAT in 0.12s
    cube 1549.193 (depth 1, 34 lits): UNSAT in 0.12s
    cube 1549.194 (depth 1, 34 lits): UNSAT in 0.21s
    cube 1549.195 (depth 1, 34 lits): UNSAT in 0.05s
    cube 1549.196 (depth 1, 34 lits): UNSAT in 0.06s
    cube 1549.197 (depth 1, 34 lits): UNSAT in 0.06s
    cube 1549.198 (depth 1, 34 lits): UNSAT in 0.58s
    cube 1549.199 (depth 1, 34 lits): UNSAT in 0.14s
    cube 1549.200 (depth 1, 34 lits): UNSAT in 0.26s
    cube 1549.201 (depth 1, 34 lits): UNSAT in 0.58s
    cube 1549.202 (depth 1, 34 lits): UNSAT in 3.06s
    cube 1549.203 (depth 1, 32 lits): UNSAT in 0.01s
    cube 1549.204 (depth 1, 32 lits): UNSAT in 0.02s
    cube 1549.205 (depth 1, 32 lits): UNSAT in 0.02s
    cube 1549.206 (depth 1, 32 lits): UNSAT in 0.01s
    cube 1549.207 (depth 1, 32 lits): UNSAT in 0.02s
    cube 1549.208 (depth 1, 34 lits): UNSAT in 0.01s
    cube 1549.209 (depth 1, 34 lits): UNSAT in 0.02s
    cube 1549.210 (depth 1, 34 lits): UNSAT in 0.02s
    cube 1549.211 (depth 1, 34 lits): UNSAT in 0.03s
    cube 1549.212 (depth 1, 32 lits): UNSAT in 0.01s
    cube 1549.213 (depth 1, 34 lits): UNSAT in 0.01s
    cube 1549.214 (depth 1, 34 lits): UNSAT in 0.02s
    cube 1549.215 (depth 1, 34 lits): UNSAT in 0.02s
    cube 1549.216 (depth 1, 34 lits): UNSAT in 0.04s
    cube 1549.217 (depth 1, 32 lits): UNSAT in 0.02s
    cube 1549.218 (depth 1, 34 lits): UNSAT in 0.01s
    cube 1549.219 (depth 1, 34 lits): UNSAT in 0.02s
    cube 1549.220 (depth 1, 33 lits): UNSAT in 0.02s
    cube 1549.221 (depth 1, 34 lits): UNSAT in 0.02s
    cube 1549.222 (depth 1, 34 lits): UNSAT in 0.02s
    cube 1549.223 (depth 1, 34 lits): UNSAT in 0.01s
    cube 1549.224 (depth 1, 34 lits): UNSAT in 0.01s
    cube 1549.225 (depth 1, 34 lits): UNSAT in 0.02s
    cube 1549.226 (depth 1, 34 lits): UNSAT in 0.02s
    cube 1549.227 (depth 1, 34 lits): UNSAT in 0.02s
    cube 1549.228 (depth 1, 34 lits): UNSAT in 0.02s
    cube 1549.229 (depth 1, 34 lits): UNSAT in 0.01s
    cube 1549.230 (depth 1, 34 lits): UNSAT in 0.02s
    cube 1549.231 (depth 1, 34 lits): UNSAT in 0.01s
    cube 1549.232 (depth 1, 34 lits): UNSAT in 0.02s
    cube 1549.233 (depth 1, 34 lits): UNSAT in 0.01s
    cube 1549.234 (depth 1, 34 lits): UNSAT in 0.02s
    cube 1549.235 (depth 1, 34 lits): UNSAT in 0.02s
    cube 1549.236 (depth 1, 34 lits): UNSAT in 0.03s
    cube 1549.237 (depth 1, 34 lits): UNSAT in 0.01s
    cube 1549.238 (depth 1, 34 lits): UNSAT in 0.02s
    cube 1549.239 (depth 1, 34 lits): UNSAT in 0.02s
    cube 1549.240 (depth 1, 34 lits): UNSAT in 0.02s
    cube 1549.241 (depth 1, 34 lits): UNSAT in 0.01s
    cube 1549.242 (depth 1, 34 lits): UNSAT in 0.02s
    cube 1549.243 (depth 1, 34 lits): UNSAT in 0.02s
    cube 1549.244 (depth 1, 34 lits): UNSAT in 0.03s
    cube 1549.245 (depth 1, 33 lits): UNSAT in 0.01s
    cube 1549.246 (depth 1, 33 lits): UNSAT in 0.01s
    cube 1549.247 (depth 1, 33 lits): UNSAT in 0.01s
    cube 1549.248 (depth 1, 34 lits): UNSAT in 0.02s
    cube 1549.249 (depth 1, 34 lits): UNSAT in 0.02s
    cube 1549.250 (depth 1, 33 lits): UNSAT in 0.01s
    cube 1549.251 (depth 1, 34 lits): UNSAT in 0.02s
    cube 1549.252 (depth 1, 34 lits): UNSAT in 0.02s
    cube 1549.253 (depth 1, 34 lits): UNSAT in 0.02s
    cube 1549.254 (depth 1, 34 lits): UNSAT in 0.02s
    cube 1549.255 (depth 1, 34 lits): UNSAT in 0.04s
    cube 1549.256 (depth 1, 34 lits): UNSAT in 0.02s
    cube 1549.257 (depth 1, 33 lits): UNSAT in 0.01s
    cube 1549.258 (depth 1, 34 lits): UNSAT in 0.02s
    cube 1549.259 (depth 1, 34 lits): UNSAT in 0.02s
    cube 1549.260 (depth 1, 34 lits): UNSAT in 0.01s
    cube 1549.261 (depth 1, 34 lits): UNSAT in 0.03s
    cube 1549.262 (depth 1, 34 lits): UNSAT in 0.02s
    cube 1549.263 (depth 1, 34 lits): UNSAT in 0.04s
    cube 1549.264 (depth 1, 33 lits): UNSAT in 0.02s
    cube 1549.265 (depth 1, 34 lits): UNSAT in 0.02s
    cube 1549.266 (depth 1, 34 lits): UNSAT in 0.04s
    cube 1549.267 (depth 1, 34 lits): UNSAT in 0.02s
    cube 1549.268 (depth 1, 34 lits): UNSAT in 0.04s
    cube 1549.269 (depth 1, 34 lits): UNSAT in 0.07s
    cube 1549.270 (depth 1, 34 lits): UNSAT in 0.09s
    cube 1549.271 (depth 1, 34 lits): UNSAT in 0.01s
    cube 1549.272 (depth 1, 34 lits): UNSAT in 0.01s
    cube 1549.273 (depth 1, 33 lits): UNSAT in 0.02s
    cube 1549.274 (depth 1, 33 lits): UNSAT in 0.02s
    cube 1549.275 (depth 1, 34 lits): UNSAT in 0.01s
    cube 1549.276 (depth 1, 34 lits): UNSAT in 0.02s
    cube 1549.277 (depth 1, 33 lits): UNSAT in 0.01s
    cube 1549.278 (depth 1, 34 lits): UNSAT in 0.02s
    cube 1549.279 (depth 1, 34 lits): UNSAT in 0.02s
    cube 1549.280 (depth 1, 34 lits): UNSAT in 0.01s
    cube 1549.281 (depth 1, 34 lits): UNSAT in 0.02s
    cube 1549.282 (depth 1, 34 lits): UNSAT in 0.02s
    cube 1549.283 (depth 1, 34 lits): UNSAT in 0.06s
    cube 1549.284 (depth 1, 34 lits): UNSAT in 0.02s
    cube 1549.285 (depth 1, 34 lits): UNSAT in 0.02s
    cube 1549.286 (depth 1, 34 lits): UNSAT in 0.01s
    cube 1549.287 (depth 1, 34 lits): UNSAT in 0.02s
    cube 1549.288 (depth 1, 34 lits): UNSAT in 0.03s
    cube 1549.289 (depth 1, 34 lits): UNSAT in 0.05s
    cube 1549.290 (depth 1, 34 lits): UNSAT in 0.10s
    cube 1549.291 (depth 1, 34 lits): UNSAT in 0.27s
    cube 1549.292 (depth 1, 34 lits): UNSAT in 0.02s
    cube 1549.293 (depth 1, 34 lits): UNSAT in 0.03s
    cube 1549.294 (depth 1, 34 lits): UNSAT in 0.06s
    cube 1549.295 (depth 1, 34 lits): UNSAT in 0.19s
    cube 1549.296 (depth 1, 34 lits): UNSAT in 0.05s
    cube 1549.297 (depth 1, 34 lits): UNSAT in 0.27s
    cube 1549.298 (depth 1, 34 lits): UNSAT in 0.42s
    cube 1549.299 (depth 1, 34 lits): UNSAT in 1.13s
    cube 1549.300 (depth 1, 33 lits): UNSAT in 0.01s
    cube 1549.301 (depth 1, 34 lits): UNSAT in 0.01s
    cube 1549.302 (depth 1, 34 lits): UNSAT in 0.02s
    cube 1549.303 (depth 1, 33 lits): UNSAT in 0.02s
    cube 1549.304 (depth 1, 34 lits): UNSAT in 0.02s
    cube 1549.305 (depth 1, 34 lits): UNSAT in 0.03s
    cube 1549.306 (depth 1, 33 lits): UNSAT in 0.01s
    cube 1549.307 (depth 1, 34 lits): UNSAT in 0.02s
    cube 1549.308 (depth 1, 34 lits): UNSAT in 0.03s
    cube 1549.309 (depth 1, 34 lits): UNSAT in 0.01s
    cube 1549.310 (depth 1, 34 lits): UNSAT in 0.02s
    cube 1549.311 (depth 1, 34 lits): UNSAT in 0.02s
    cube 1549.312 (depth 1, 34 lits): UNSAT in 0.02s
    cube 1549.313 (depth 1, 32 lits): UNSAT in 0.01s
    cube 1549.314 (depth 1, 34 lits): UNSAT in 0.02s
    cube 1549.315 (depth 1, 34 lits): UNSAT in 0.02s
    cube 1549.316 (depth 1, 34 lits): UNSAT in 0.01s
    cube 1549.317 (depth 1, 34 lits): UNSAT in 0.03s
    cube 1549.318 (depth 1, 34 lits): UNSAT in 0.02s
    cube 1549.319 (depth 1, 34 lits): UNSAT in 0.02s
    cube 1549.320 (depth 1, 34 lits): UNSAT in 0.03s
    cube 1549.321 (depth 1, 34 lits): UNSAT in 0.04s
    cube 1549.322 (depth 1, 34 lits): UNSAT in 0.05s
    cube 1549.323 (depth 1, 34 lits): UNSAT in 0.06s
    cube 1549.324 (depth 1, 34 lits): UNSAT in 0.07s
    cube 1549.325 (depth 1, 34 lits): UNSAT in 0.20s
    cube 1549.326 (depth 1, 33 lits): UNSAT in 0.01s
    cube 1549.327 (depth 1, 34 lits): UNSAT in 0.02s
    cube 1549.328 (depth 1, 34 lits): UNSAT in 0.02s
    cube 1549.329 (depth 1, 34 lits): UNSAT in 0.02s
    cube 1549.330 (depth 1, 34 lits): UNSAT in 0.01s
    cube 1549.331 (depth 1, 34 lits): UNSAT in 0.01s
    cube 1549.332 (depth 1, 34 lits): UNSAT in 0.02s
    cube 1549.333 (depth 1, 34 lits): UNSAT in 0.02s
    cube 1549.334 (depth 1, 34 lits): UNSAT in 0.02s
    cube 1549.335 (depth 1, 34 lits): UNSAT in 0.02s
    cube 1549.336 (depth 1, 34 lits): UNSAT in 0.03s
    cube 1549.337 (depth 1, 34 lits): UNSAT in 0.04s
    cube 1549.338 (depth 1, 34 lits): UNSAT in 0.04s
    cube 1549.339 (depth 1, 34 lits): UNSAT in 0.04s
    cube 1549.340 (depth 1, 34 lits): UNSAT in 0.10s
    cube 1549.341 (depth 1, 34 lits): UNSAT in 0.02s
    cube 1549.342 (depth 1, 34 lits): UNSAT in 0.02s
    cube 1549.343 (depth 1, 34 lits): UNSAT in 0.06s
    cube 1549.344 (depth 1, 34 lits): UNSAT in 0.12s
    cube 1549.345 (depth 1, 34 lits): UNSAT in 0.03s
    cube 1549.346 (depth 1, 34 lits): UNSAT in 0.06s
    cube 1549.347 (depth 1, 34 lits): UNSAT in 0.04s
    cube 1549.348 (depth 1, 34 lits): UNSAT in 0.13s
    cube 1549.349 (depth 1, 34 lits): UNSAT in 0.04s
    cube 1549.350 (depth 1, 34 lits): UNSAT in 0.07s
    cube 1549.351 (depth 1, 34 lits): UNSAT in 0.09s
    cube 1549.352 (depth 1, 34 lits): UNSAT in 0.46s
    cube 1549.353 (depth 1, 34 lits): UNSAT in 0.20s
    cube 1549.354 (depth 1, 34 lits): UNSAT in 0.39s
    cube 1549.355 (depth 1, 34 lits): UNSAT in 0.66s
    cube 1549.356 (depth 1, 34 lits): UNSAT in 2.46s
    cube 1549.357 (depth 1, 32 lits): UNSAT in 0.02s
    cube 1549.358 (depth 1, 33 lits): UNSAT in 0.01s
    cube 1549.359 (depth 1, 34 lits): UNSAT in 0.02s
    cube 1549.360 (depth 1, 34 lits): UNSAT in 0.06s
    cube 1549.361 (depth 1, 34 lits): UNSAT in 0.02s
    cube 1549.362 (depth 1, 34 lits): UNSAT in 0.03s
    cube 1549.363 (depth 1, 34 lits): UNSAT in 0.02s
    cube 1549.364 (depth 1, 34 lits): UNSAT in 0.08s
    cube 1549.365 (depth 1, 34 lits): UNSAT in 0.02s
    cube 1549.366 (depth 1, 34 lits): UNSAT in 0.08s
    cube 1549.367 (depth 1, 34 lits): UNSAT in 0.20s
    cube 1549.368 (depth 1, 34 lits): UNSAT in 0.49s
    cube 1549.369 (depth 1, 34 lits): UNSAT in 0.02s
    cube 1549.370 (depth 1, 34 lits): UNSAT in 0.03s
    cube 1549.371 (depth 1, 34 lits): UNSAT in 0.04s
    cube 1549.372 (depth 1, 34 lits): UNSAT in 0.11s
    cube 1549.373 (depth 1, 34 lits): UNSAT in 0.03s
    cube 1549.374 (depth 1, 34 lits): UNSAT in 0.08s
    cube 1549.375 (depth 1, 34 lits): UNSAT in 0.05s
    cube 1549.376 (depth 1, 34 lits): UNSAT in 0.28s
    cube 1549.377 (depth 1, 34 lits): UNSAT in 0.04s
    cube 1549.378 (depth 1, 34 lits): UNSAT in 0.15s
    cube 1549.379 (depth 1, 34 lits): UNSAT in 0.09s
    cube 1549.380 (depth 1, 34 lits): UNSAT in 0.84s
    cube 1549.381 (depth 1, 34 lits): UNSAT in 0.16s
    cube 1549.382 (depth 1, 34 lits): UNSAT in 1.32s
    cube 1549.383 (depth 1, 34 lits): UNSAT in 1.68s
    cube 1549.384 (depth 1, 34 lits): UNSAT in 5.19s
    cube 1549.385 (depth 1, 33 lits): UNSAT in 0.02s
    cube 1549.386 (depth 1, 34 lits): UNSAT in 0.02s
    cube 1549.387 (depth 1, 34 lits): UNSAT in 0.05s
    cube 1549.388 (depth 1, 34 lits): UNSAT in 0.03s
    cube 1549.389 (depth 1, 34 lits): UNSAT in 0.09s
    cube 1549.390 (depth 1, 34 lits): UNSAT in 0.05s
    cube 1549.391 (depth 1, 34 lits): UNSAT in 0.22s
    cube 1549.392 (depth 1, 34 lits): UNSAT in 0.01s
    cube 1549.393 (depth 1, 34 lits): UNSAT in 0.03s
    cube 1549.394 (depth 1, 34 lits): UNSAT in 0.07s
    cube 1549.395 (depth 1, 34 lits): UNSAT in 0.18s
    cube 1549.396 (depth 1, 34 lits): UNSAT in 0.04s
    cube 1549.397 (depth 1, 34 lits): UNSAT in 0.44s
    cube 1549.398 (depth 1, 34 lits): UNSAT in 0.91s
    cube 1549.399 (depth 1, 34 lits): UNSAT in 2.49s
    cube 1549.400 (depth 1, 34 lits): UNSAT in 0.07s
    cube 1549.401 (depth 1, 34 lits): UNSAT in 0.14s
    cube 1549.402 (depth 1, 34 lits): UNSAT in 0.14s
    cube 1549.403 (depth 1, 34 lits): UNSAT in 0.36s
    cube 1549.404 (depth 1, 34 lits): UNSAT in 0.12s
    cube 1549.405 (depth 1, 34 lits): UNSAT in 0.27s
    cube 1549.406 (depth 1, 34 lits): UNSAT in 0.51s
    cube 1549.407 (depth 1, 34 lits): UNSAT in 7.02s
    cube 1549.408 (depth 1, 34 lits): UNSAT in 0.26s
    cube 1549.409 (depth 1, 34 lits): UNSAT in 0.42s
    cube 1549.410 (depth 1, 34 lits): UNSAT in 2.04s
    cube 1549.411 (depth 1, 34 lits): UNSAT in 7.76s
    cube 1549.412 (depth 1, 34 lits): UNSAT in 2.31s
    cube 1549.413 (depth 1, 34 lits): UNSAT in 36.33s
    cube 1549.414 (depth 1, 34 lits): UNSAT in 0.79s
    cube 1549.415 (depth 1, 34 lits): UNSAT in 23.65s
    cube 1549.416 (depth 1, 32 lits): UNSAT in 0.01s
    cube 1549.417 (depth 1, 32 lits): UNSAT in 0.01s
    cube 1549.418 (depth 1, 32 lits): UNSAT in 0.01s
    cube 1549.419 (depth 1, 32 lits): UNSAT in 0.01s
    cube 1549.420 (depth 1, 32 lits): UNSAT in 0.02s
    cube 1549.421 (depth 1, 34 lits): UNSAT in 0.01s
    cube 1549.422 (depth 1, 34 lits): UNSAT in 0.01s
    cube 1549.423 (depth 1, 33 lits): UNSAT in 0.01s
    cube 1549.424 (depth 1, 34 lits): UNSAT in 0.01s
    cube 1549.425 (depth 1, 34 lits): UNSAT in 0.01s
    cube 1549.426 (depth 1, 34 lits): UNSAT in 0.01s
    cube 1549.427 (depth 1, 34 lits): UNSAT in 0.02s
    cube 1549.428 (depth 1, 34 lits): UNSAT in 0.01s
    cube 1549.429 (depth 1, 34 lits): UNSAT in 0.02s
    cube 1549.430 (depth 1, 34 lits): UNSAT in 0.02s
    cube 1549.431 (depth 1, 34 lits): UNSAT in 0.02s
    cube 1549.432 (depth 1, 32 lits): UNSAT in 0.01s
    cube 1549.433 (depth 1, 32 lits): UNSAT in 0.02s
    cube 1549.434 (depth 1, 33 lits): UNSAT in 0.01s
    cube 1549.435 (depth 1, 33 lits): UNSAT in 0.02s
    cube 1549.436 (depth 1, 34 lits): UNSAT in 0.01s
    cube 1549.437 (depth 1, 34 lits): UNSAT in 0.01s
    cube 1549.438 (depth 1, 34 lits): UNSAT in 0.02s
    cube 1549.439 (depth 1, 34 lits): UNSAT in 0.02s
    cube 1549.440 (depth 1, 33 lits): UNSAT in 0.01s
    cube 1549.441 (depth 1, 33 lits): UNSAT in 0.01s
    cube 1549.442 (depth 1, 32 lits): UNSAT in 0.01s
    cube 1549.443 (depth 1, 33 lits): UNSAT in 0.01s
    cube 1549.444 (depth 1, 33 lits): UNSAT in 0.02s
    cube 1549.445 (depth 1, 34 lits): UNSAT in 0.01s
    cube 1549.446 (depth 1, 34 lits): UNSAT in 0.02s
    cube 1549.447 (depth 1, 34 lits): UNSAT in 0.02s
    cube 1549.448 (depth 1, 34 lits): UNSAT in 0.04s
    cube 1549.449 (depth 1, 32 lits): UNSAT in 0.01s
    cube 1549.450 (depth 1, 33 lits): UNSAT in 0.01s
    cube 1549.451 (depth 1, 34 lits): UNSAT in 0.01s
    cube 1549.452 (depth 1, 34 lits): UNSAT in 0.02s
    cube 1549.453 (depth 1, 33 lits): UNSAT in 0.02s
    cube 1549.454 (depth 1, 34 lits): UNSAT in 0.01s
    cube 1549.455 (depth 1, 34 lits): UNSAT in 0.02s
    cube 1549.456 (depth 1, 34 lits): UNSAT in 0.01s
    cube 1549.457 (depth 1, 34 lits): UNSAT in 0.01s
    cube 1549.458 (depth 1, 34 lits): UNSAT in 0.02s
    cube 1549.459 (depth 1, 34 lits): UNSAT in 0.04s
    cube 1549.460 (depth 1, 34 lits): UNSAT in 0.01s
    cube 1549.461 (depth 1, 34 lits): UNSAT in 0.01s
    cube 1549.462 (depth 1, 34 lits): UNSAT in 0.02s
    cube 1549.463 (depth 1, 34 lits): UNSAT in 0.02s
    cube 1549.464 (depth 1, 34 lits): UNSAT in 0.01s
    cube 1549.465 (depth 1, 34 lits): UNSAT in 0.02s
    cube 1549.466 (depth 1, 34 lits): UNSAT in 0.02s
    cube 1549.467 (depth 1, 34 lits): UNSAT in 0.05s
    cube 1549.468 (depth 1, 34 lits): UNSAT in 0.01s
    cube 1549.469 (depth 1, 34 lits): UNSAT in 0.02s
    cube 1549.470 (depth 1, 34 lits): UNSAT in 0.02s
    cube 1549.471 (depth 1, 34 lits): UNSAT in 0.06s
    cube 1549.472 (depth 1, 34 lits): UNSAT in 0.02s
    cube 1549.473 (depth 1, 34 lits): UNSAT in 0.04s
    cube 1549.474 (depth 1, 34 lits): UNSAT in 0.05s
    cube 1549.475 (depth 1, 34 lits): UNSAT in 0.12s
    cube 1549.476 (depth 1, 34 lits): UNSAT in 0.01s
    cube 1549.477 (depth 1, 34 lits): UNSAT in 0.02s
    cube 1549.478 (depth 1, 34 lits): UNSAT in 0.01s
    cube 1549.479 (depth 1, 34 lits): UNSAT in 0.02s
    cube 1549.480 (depth 1, 34 lits): UNSAT in 0.01s
    cube 1549.481 (depth 1, 34 lits): UNSAT in 0.02s
    cube 1549.482 (depth 1, 34 lits): UNSAT in 0.02s
    cube 1549.483 (depth 1, 34 lits): UNSAT in 0.02s
    cube 1549.484 (depth 1, 33 lits): UNSAT in 0.01s
    cube 1549.485 (depth 1, 34 lits): UNSAT in 0.02s
    cube 1549.486 (depth 1, 34 lits): UNSAT in 0.02s
    cube 1549.487 (depth 1, 34 lits): UNSAT in 0.02s
    cube 1549.488 (depth 1, 34 lits): UNSAT in 0.05s
    cube 1549.489 (depth 1, 34 lits): UNSAT in 0.02s
    cube 1549.490 (depth 1, 34 lits): UNSAT in 0.11s
    cube 1549.491 (depth 1, 34 lits): UNSAT in 0.01s
    cube 1549.492 (depth 1, 34 lits): UNSAT in 0.03s
    cube 1549.493 (depth 1, 34 lits): UNSAT in 0.02s
    cube 1549.494 (depth 1, 34 lits): UNSAT in 0.03s
    cube 1549.495 (depth 1, 34 lits): UNSAT in 0.03s
    cube 1549.496 (depth 1, 34 lits): UNSAT in 0.03s
    cube 1549.497 (depth 1, 34 lits): UNSAT in 0.02s
    cube 1549.498 (depth 1, 34 lits): UNSAT in 0.08s
    cube 1549.499 (depth 1, 34 lits): UNSAT in 0.02s
    cube 1549.500 (depth 1, 34 lits): UNSAT in 0.06s
    cube 1549.501 (depth 1, 34 lits): UNSAT in 0.04s
    cube 1549.502 (depth 1, 34 lits): UNSAT in 0.13s
    cube 1549.503 (depth 1, 34 lits): UNSAT in 0.13s
    cube 1549.504 (depth 1, 34 lits): UNSAT in 0.20s
    cube 1549.505 (depth 1, 34 lits): UNSAT in 0.23s
    cube 1549.506 (depth 1, 34 lits): UNSAT in 0.49s
    cube 1549.507 (depth 1, 33 lits): UNSAT in 0.01s
    cube 1549.508 (depth 1, 34 lits): UNSAT in 0.01s
    cube 1549.509 (depth 1, 34 lits): UNSAT in 0.02s
    cube 1549.510 (depth 1, 33 lits): UNSAT in 0.01s
    cube 1549.511 (depth 1, 34 lits): UNSAT in 0.01s
    cube 1549.512 (depth 1, 34 lits): UNSAT in 0.02s
    cube 1549.513 (depth 1, 34 lits): UNSAT in 0.01s
    cube 1549.514 (depth 1, 34 lits): UNSAT in 0.01s
    cube 1549.515 (depth 1, 34 lits): UNSAT in 0.02s
    cube 1549.516 (depth 1, 34 lits): UNSAT in 0.02s
    cube 1549.517 (depth 1, 34 lits): UNSAT in 0.02s
    cube 1549.518 (depth 1, 34 lits): UNSAT in 0.02s
    cube 1549.519 (depth 1, 34 lits): UNSAT in 0.02s
    cube 1549.520 (depth 1, 34 lits): UNSAT in 0.02s
    cube 1549.521 (depth 1, 34 lits): UNSAT in 0.01s
    cube 1549.522 (depth 1, 34 lits): UNSAT in 0.01s
    cube 1549.523 (depth 1, 34 lits): UNSAT in 0.02s
    cube 1549.524 (depth 1, 34 lits): UNSAT in 0.03s
    cube 1549.525 (depth 1, 34 lits): UNSAT in 0.02s
    cube 1549.526 (depth 1, 34 lits): UNSAT in 0.02s
    cube 1549.527 (depth 1, 34 lits): UNSAT in 0.03s
    cube 1549.528 (depth 1, 34 lits): UNSAT in 0.06s
    cube 1549.529 (depth 1, 34 lits): UNSAT in 0.02s
    cube 1549.530 (depth 1, 34 lits): UNSAT in 0.02s
    cube 1549.531 (depth 1, 34 lits): UNSAT in 0.03s
    cube 1549.532 (depth 1, 34 lits): UNSAT in 0.04s
    cube 1549.533 (depth 1, 34 lits): UNSAT in 0.03s
    cube 1549.534 (depth 1, 34 lits): UNSAT in 0.17s
    cube 1549.535 (depth 1, 34 lits): UNSAT in 0.06s
    cube 1549.536 (depth 1, 34 lits): UNSAT in 0.23s
    cube 1549.537 (depth 1, 33 lits): UNSAT in 0.01s
    cube 1549.538 (depth 1, 34 lits): UNSAT in 0.01s
    cube 1549.539 (depth 1, 34 lits): UNSAT in 0.02s
    cube 1549.540 (depth 1, 33 lits): UNSAT in 0.01s
    cube 1549.541 (depth 1, 34 lits): UNSAT in 0.01s
    cube 1549.542 (depth 1, 34 lits): UNSAT in 0.03s
    cube 1549.543 (depth 1, 34 lits): UNSAT in 0.01s
    cube 1549.544 (depth 1, 34 lits): UNSAT in 0.01s
    cube 1549.545 (depth 1, 34 lits): UNSAT in 0.02s
    cube 1549.546 (depth 1, 34 lits): UNSAT in 0.03s
    cube 1549.547 (depth 1, 34 lits): UNSAT in 0.01s
    cube 1549.548 (depth 1, 34 lits): UNSAT in 0.02s
    cube 1549.549 (depth 1, 34 lits): UNSAT in 0.02s
    cube 1549.550 (depth 1, 34 lits): UNSAT in 0.03s
    cube 1549.551 (depth 1, 34 lits): UNSAT in 0.02s
    cube 1549.552 (depth 1, 34 lits): UNSAT in 0.02s
    cube 1549.553 (depth 1, 34 lits): UNSAT in 0.03s
    cube 1549.554 (depth 1, 34 lits): UNSAT in 0.07s
    cube 1549.555 (depth 1, 34 lits): UNSAT in 0.03s
    cube 1549.556 (depth 1, 34 lits): UNSAT in 0.03s
    cube 1549.557 (depth 1, 34 lits): UNSAT in 0.03s
    cube 1549.558 (depth 1, 34 lits): UNSAT in 0.07s
    cube 1549.559 (depth 1, 34 lits): UNSAT in 0.02s
    cube 1549.560 (depth 1, 34 lits): UNSAT in 0.04s
    cube 1549.561 (depth 1, 34 lits): UNSAT in 0.02s
    cube 1549.562 (depth 1, 34 lits): UNSAT in 0.06s
    cube 1549.563 (depth 1, 34 lits): UNSAT in 0.07s
    cube 1549.564 (depth 1, 34 lits): UNSAT in 0.18s
    cube 1549.565 (depth 1, 34 lits): UNSAT in 0.22s
    cube 1549.566 (depth 1, 34 lits): UNSAT in 0.68s
    cube 1549.567 (depth 1, 33 lits): UNSAT in 0.01s
    cube 1549.568 (depth 1, 33 lits): UNSAT in 0.02s
    cube 1549.569 (depth 1, 34 lits): UNSAT in 0.02s
    cube 1549.570 (depth 1, 34 lits): UNSAT in 0.02s
    cube 1549.571 (depth 1, 34 lits): UNSAT in 0.02s
    cube 1549.572 (depth 1, 34 lits): UNSAT in 0.05s
    cube 1549.573 (depth 1, 34 lits): UNSAT in 0.01s
    cube 1549.574 (depth 1, 34 lits): UNSAT in 0.01s
    cube 1549.575 (depth 1, 34 lits): UNSAT in 0.02s
    cube 1549.576 (depth 1, 34 lits): UNSAT in 0.02s
    cube 1549.577 (depth 1, 34 lits): UNSAT in 0.01s
    cube 1549.578 (depth 1, 34 lits): UNSAT in 0.03s
    cube 1549.579 (depth 1, 34 lits): UNSAT in 0.03s
    cube 1549.580 (depth 1, 34 lits): UNSAT in 0.09s
    cube 1549.581 (depth 1, 33 lits): UNSAT in 0.02s
    cube 1549.582 (depth 1, 34 lits): UNSAT in 0.02s
    cube 1549.583 (depth 1, 34 lits): UNSAT in 0.04s
    cube 1549.584 (depth 1, 34 lits): UNSAT in 0.06s
    cube 1549.585 (depth 1, 34 lits): UNSAT in 0.16s
    cube 1549.586 (depth 1, 34 lits): UNSAT in 0.13s
    cube 1549.587 (depth 1, 34 lits): UNSAT in 0.90s
    cube 1549.588 (depth 1, 34 lits): UNSAT in 0.02s
    cube 1549.589 (depth 1, 34 lits): UNSAT in 0.03s
    cube 1549.590 (depth 1, 34 lits): UNSAT in 0.08s
    cube 1549.591 (depth 1, 34 lits): UNSAT in 0.15s
    cube 1549.592 (depth 1, 34 lits): UNSAT in 0.16s
    cube 1549.593 (depth 1, 34 lits): UNSAT in 0.72s
    cube 1549.594 (depth 1, 34 lits): UNSAT in 1.33s
    cube 1549.595 (depth 1, 34 lits): UNSAT in 5.17s
    cube 1549.596 (depth 1, 34 lits): UNSAT in 0.01s
    cube 1549.597 (depth 1, 34 lits): UNSAT in 0.02s
    cube 1549.598 (depth 1, 34 lits): UNSAT in 0.03s
    cube 1549.599 (depth 1, 34 lits): UNSAT in 0.17s
    cube 1549.600 (depth 1, 34 lits): UNSAT in 0.05s
    cube 1549.601 (depth 1, 34 lits): UNSAT in 0.10s
    cube 1549.602 (depth 1, 34 lits): UNSAT in 0.09s
    cube 1549.603 (depth 1, 34 lits): UNSAT in 0.77s
    cube 1549.604 (depth 1, 34 lits): UNSAT in 0.02s
    cube 1549.605 (depth 1, 34 lits): UNSAT in 0.05s
    cube 1549.606 (depth 1, 34 lits): UNSAT in 0.03s
    cube 1549.607 (depth 1, 34 lits): UNSAT in 0.11s
    cube 1549.608 (depth 1, 34 lits): UNSAT in 0.07s
    cube 1549.609 (depth 1, 34 lits): UNSAT in 0.14s
    cube 1549.610 (depth 1, 34 lits): UNSAT in 0.34s
    cube 1549.611 (depth 1, 34 lits): UNSAT in 4.17s
    cube 1549.612 (depth 1, 34 lits): UNSAT in 0.04s
    cube 1549.613 (depth 1, 34 lits): UNSAT in 0.20s
    cube 1549.614 (depth 1, 34 lits): UNSAT in 0.10s
    cube 1549.615 (depth 1, 34 lits): UNSAT in 0.79s
    cube 1549.616 (depth 1, 34 lits): UNSAT in 0.23s
    cube 1549.617 (depth 1, 34 lits): UNSAT in 1.95s
    cube 1549.618 (depth 1, 34 lits): UNSAT in 1.60s
    cube 1549.619 (depth 1, 34 lits): UNSAT in 7.70s
    cube 1549.620 (depth 1, 34 lits): UNSAT in 0.45s
    cube 1549.621 (depth 1, 34 lits): UNSAT in 2.64s
    cube 1549.622 (depth 1, 34 lits): UNSAT in 1.75s
    cube 1549.623 (depth 1, 34 lits): UNSAT in 9.80s
    cube 1549.624 (depth 1, 34 lits): UNSAT in 0.62s
    cube 1549.625 (depth 1, 34 lits): UNSAT in 14.77s
    cube 1549.626 (depth 1, 34 lits): UNSAT in 13.82s
    cube 1549.627 (depth 1, 34 lits): UNSAT in 105.83s
    cube 1549.628 (depth 1, 33 lits): UNSAT in 0.01s
    cube 1549.629 (depth 1, 34 lits): UNSAT in 0.02s
    cube 1549.630 (depth 1, 34 lits): UNSAT in 0.01s
    cube 1549.631 (depth 1, 34 lits): UNSAT in 0.01s
    cube 1549.632 (depth 1, 34 lits): UNSAT in 0.01s
    cube 1549.633 (depth 1, 34 lits): UNSAT in 0.03s
    cube 1549.634 (depth 1, 34 lits): UNSAT in 0.03s
    cube 1549.635 (depth 1, 34 lits): UNSAT in 0.01s
    cube 1549.636 (depth 1, 34 lits): UNSAT in 0.02s
    cube 1549.637 (depth 1, 34 lits): UNSAT in 0.01s
    cube 1549.638 (depth 1, 34 lits): UNSAT in 0.04s
    cube 1549.639 (depth 1, 34 lits): UNSAT in 0.02s
    cube 1549.640 (depth 1, 34 lits): UNSAT in 0.02s
    cube 1549.641 (depth 1, 34 lits): UNSAT in 0.02s
    cube 1549.642 (depth 1, 34 lits): UNSAT in 0.05s
    cube 1549.643 (depth 1, 34 lits): UNSAT in 0.01s
    cube 1549.644 (depth 1, 34 lits): UNSAT in 0.02s
    cube 1549.645 (depth 1, 34 lits): UNSAT in 0.02s
    cube 1549.646 (depth 1, 34 lits): UNSAT in 0.03s
    cube 1549.647 (depth 1, 34 lits): UNSAT in 0.01s
    cube 1549.648 (depth 1, 34 lits): UNSAT in 0.03s
    cube 1549.649 (depth 1, 34 lits): UNSAT in 0.04s
    cube 1549.650 (depth 1, 34 lits): UNSAT in 0.10s
    cube 1549.651 (depth 1, 34 lits): UNSAT in 0.02s
    cube 1549.652 (depth 1, 34 lits): UNSAT in 0.06s
    cube 1549.653 (depth 1, 34 lits): UNSAT in 0.05s
    cube 1549.654 (depth 1, 34 lits): UNSAT in 0.40s
    cube 1549.655 (depth 1, 34 lits): UNSAT in 0.03s
    cube 1549.656 (depth 1, 34 lits): UNSAT in 0.12s
    cube 1549.657 (depth 1, 34 lits): UNSAT in 0.14s
    cube 1549.658 (depth 1, 34 lits): UNSAT in 0.76s
    cube 1549.659 (depth 1, 33 lits): UNSAT in 0.02s
    cube 1549.660 (depth 1, 34 lits): UNSAT in 0.02s
    cube 1549.661 (depth 1, 34 lits): UNSAT in 0.06s
    cube 1549.662 (depth 1, 34 lits): UNSAT in 0.01s
    cube 1549.663 (depth 1, 34 lits): UNSAT in 0.02s
    cube 1549.664 (depth 1, 34 lits): UNSAT in 0.03s
    cube 1549.665 (depth 1, 34 lits): UNSAT in 0.21s
    cube 1549.666 (depth 1, 34 lits): UNSAT in 0.02s
    cube 1549.667 (depth 1, 34 lits): UNSAT in 0.03s
    cube 1549.668 (depth 1, 34 lits): UNSAT in 0.03s
    cube 1549.669 (depth 1, 34 lits): UNSAT in 0.12s
    cube 1549.670 (depth 1, 34 lits): UNSAT in 0.02s
    cube 1549.671 (depth 1, 34 lits): UNSAT in 0.09s
    cube 1549.672 (depth 1, 34 lits): UNSAT in 0.13s
    cube 1549.673 (depth 1, 34 lits): UNSAT in 0.46s
    cube 1549.674 (depth 1, 34 lits): UNSAT in 0.01s
    cube 1549.675 (depth 1, 34 lits): UNSAT in 0.02s
    cube 1549.676 (depth 1, 34 lits): UNSAT in 0.06s
    cube 1549.677 (depth 1, 34 lits): UNSAT in 0.22s
    cube 1549.678 (depth 1, 34 lits): UNSAT in 0.03s
    cube 1549.679 (depth 1, 34 lits): UNSAT in 0.12s
    cube 1549.680 (depth 1, 34 lits): UNSAT in 0.14s
    cube 1549.681 (depth 1, 34 lits): UNSAT in 0.37s
    cube 1549.682 (depth 1, 34 lits): UNSAT in 0.03s
    cube 1549.683 (depth 1, 34 lits): UNSAT in 0.10s
    cube 1549.684 (depth 1, 34 lits): UNSAT in 0.20s
    cube 1549.685 (depth 1, 34 lits): UNSAT in 0.80s
    cube 1549.686 (depth 1, 34 lits): UNSAT in 0.32s
    cube 1549.687 (depth 1, 34 lits): UNSAT in 1.27s
    cube 1549.688 (depth 1, 34 lits): UNSAT in 1.04s
    cube 1549.689 (depth 1, 34 lits): UNSAT in 7.73s
    cube 1549.690 (depth 1, 34 lits): UNSAT in 0.02s
    cube 1549.691 (depth 1, 34 lits): UNSAT in 0.01s
    cube 1549.692 (depth 1, 34 lits): UNSAT in 0.02s
    cube 1549.693 (depth 1, 34 lits): UNSAT in 0.03s
    cube 1549.694 (depth 1, 34 lits): UNSAT in 0.01s
    cube 1549.695 (depth 1, 34 lits): UNSAT in 0.02s
    cube 1549.696 (depth 1, 34 lits): UNSAT in 0.01s
    cube 1549.697 (depth 1, 34 lits): UNSAT in 0.02s
    cube 1549.698 (depth 1, 34 lits): UNSAT in 0.02s
    cube 1549.699 (depth 1, 34 lits): UNSAT in 0.02s
    cube 1549.700 (depth 1, 34 lits): UNSAT in 0.04s
    cube 1549.701 (depth 1, 34 lits): UNSAT in 0.07s
    cube 1549.702 (depth 1, 34 lits): UNSAT in 0.02s
    cube 1549.703 (depth 1, 34 lits): UNSAT in 0.02s
    cube 1549.704 (depth 1, 34 lits): UNSAT in 0.02s
    cube 1549.705 (depth 1, 34 lits): UNSAT in 0.11s
    cube 1549.706 (depth 1, 34 lits): UNSAT in 0.01s
    cube 1549.707 (depth 1, 34 lits): UNSAT in 0.01s
    cube 1549.708 (depth 1, 34 lits): UNSAT in 0.01s
    cube 1549.709 (depth 1, 34 lits): UNSAT in 0.02s
    cube 1549.710 (depth 1, 34 lits): UNSAT in 0.03s
    cube 1549.711 (depth 1, 34 lits): UNSAT in 0.06s
    cube 1549.712 (depth 1, 34 lits): UNSAT in 0.04s
    cube 1549.713 (depth 1, 34 lits): UNSAT in 0.19s
    cube 1549.714 (depth 1, 34 lits): UNSAT in 0.04s
    cube 1549.715 (depth 1, 34 lits): UNSAT in 0.06s
    cube 1549.716 (depth 1, 34 lits): UNSAT in 0.02s
    cube 1549.717 (depth 1, 34 lits): UNSAT in 0.31s
    cube 1549.718 (depth 1, 34 lits): UNSAT in 0.26s
    cube 1549.719 (depth 1, 34 lits): UNSAT in 0.87s
    cube 1549.720 (depth 1, 34 lits): UNSAT in 0.47s
    cube 1549.721 (depth 1, 34 lits): UNSAT in 4.14s
    cube 1549.722 (depth 1, 34 lits): UNSAT in 0.02s
    cube 1549.723 (depth 1, 34 lits): UNSAT in 0.03s
    cube 1549.724 (depth 1, 34 lits): UNSAT in 0.02s
    cube 1549.725 (depth 1, 34 lits): UNSAT in 0.06s
    cube 1549.726 (depth 1, 34 lits): UNSAT in 0.02s
    cube 1549.727 (depth 1, 34 lits): UNSAT in 0.03s
    cube 1549.728 (depth 1, 34 lits): UNSAT in 0.02s
    cube 1549.729 (depth 1, 34 lits): UNSAT in 0.17s
    cube 1549.730 (depth 1, 34 lits): UNSAT in 0.02s
    cube 1549.731 (depth 1, 34 lits): UNSAT in 0.06s
    cube 1549.732 (depth 1, 34 lits): UNSAT in 0.05s
    cube 1549.733 (depth 1, 34 lits): UNSAT in 0.29s
    cube 1549.734 (depth 1, 34 lits): UNSAT in 0.03s
    cube 1549.735 (depth 1, 34 lits): UNSAT in 0.07s
    cube 1549.736 (depth 1, 34 lits): UNSAT in 0.35s
    cube 1549.737 (depth 1, 34 lits): UNSAT in 1.41s
    cube 1549.738 (depth 1, 34 lits): UNSAT in 0.01s
    cube 1549.739 (depth 1, 34 lits): UNSAT in 0.07s
    cube 1549.740 (depth 1, 34 lits): UNSAT in 0.04s
    cube 1549.741 (depth 1, 34 lits): UNSAT in 0.14s
    cube 1549.742 (depth 1, 34 lits): UNSAT in 0.04s
    cube 1549.743 (depth 1, 34 lits): UNSAT in 0.15s
    cube 1549.744 (depth 1, 34 lits): UNSAT in 0.09s
    cube 1549.745 (depth 1, 34 lits): UNSAT in 1.58s
    cube 1549.746 (depth 1, 34 lits): UNSAT in 0.09s
    cube 1549.747 (depth 1, 34 lits): UNSAT in 0.30s
    cube 1549.748 (depth 1, 34 lits): UNSAT in 0.43s
    cube 1549.749 (depth 1, 34 lits): UNSAT in 4.92s
    cube 1549.750 (depth 1, 34 lits): UNSAT in 0.15s
    cube 1549.751 (depth 1, 34 lits): UNSAT in 4.17s
    cube 1549.752 (depth 1, 34 lits): UNSAT in 5.79s
    cube 1549.753 (depth 1, 34 lits): UNSAT in 41.51s
    cube 1549.754 (depth 1, 33 lits): UNSAT in 0.01s
    cube 1549.755 (depth 1, 34 lits): UNSAT in 0.01s
    cube 1549.756 (depth 1, 34 lits): UNSAT in 0.02s
    cube 1549.757 (depth 1, 32 lits): UNSAT in 0.02s
    cube 1549.758 (depth 1, 32 lits): UNSAT in 0.02s
    cube 1549.759 (depth 1, 33 lits): UNSAT in 0.01s
    cube 1549.760 (depth 1, 34 lits): UNSAT in 0.01s
    cube 1549.761 (depth 1, 34 lits): UNSAT in 0.02s
    cube 1549.762 (depth 1, 32 lits): UNSAT in 0.01s
    cube 1549.763 (depth 1, 32 lits): UNSAT in 0.02s
    cube 1549.764 (depth 1, 34 lits): UNSAT in 0.01s
    cube 1549.765 (depth 1, 34 lits): UNSAT in 0.02s
    cube 1549.766 (depth 1, 34 lits): UNSAT in 0.02s
    cube 1549.767 (depth 1, 34 lits): UNSAT in 0.03s
    cube 1549.768 (depth 1, 34 lits): UNSAT in 0.03s
    cube 1549.769 (depth 1, 34 lits): UNSAT in 0.05s
    cube 1549.770 (depth 1, 34 lits): UNSAT in 0.05s
    cube 1549.771 (depth 1, 34 lits): UNSAT in 0.15s
    cube 1549.772 (depth 1, 34 lits): UNSAT in 0.01s
    cube 1549.773 (depth 1, 34 lits): UNSAT in 0.02s
    cube 1549.774 (depth 1, 34 lits): UNSAT in 0.02s
    cube 1549.775 (depth 1, 34 lits): UNSAT in 0.02s
    cube 1549.776 (depth 1, 34 lits): UNSAT in 0.01s
    cube 1549.777 (depth 1, 34 lits): UNSAT in 0.02s
    cube 1549.778 (depth 1, 34 lits): UNSAT in 0.02s
    cube 1549.779 (depth 1, 34 lits): UNSAT in 0.05s
    cube 1549.780 (depth 1, 34 lits): UNSAT in 0.01s
    cube 1549.781 (depth 1, 34 lits): UNSAT in 0.02s
    cube 1549.782 (depth 1, 34 lits): UNSAT in 0.03s
    cube 1549.783 (depth 1, 34 lits): UNSAT in 0.04s
    cube 1549.784 (depth 1, 34 lits): UNSAT in 0.01s
    cube 1549.785 (depth 1, 34 lits): UNSAT in 0.04s
    cube 1549.786 (depth 1, 34 lits): UNSAT in 0.05s
    cube 1549.787 (depth 1, 34 lits): UNSAT in 0.17s
    cube 1549.788 (depth 1, 34 lits): UNSAT in 0.02s
    cube 1549.789 (depth 1, 34 lits): UNSAT in 0.02s
    cube 1549.790 (depth 1, 34 lits): UNSAT in 0.02s
    cube 1549.791 (depth 1, 34 lits): UNSAT in 0.02s
    cube 1549.792 (depth 1, 34 lits): UNSAT in 0.04s
    cube 1549.793 (depth 1, 34 lits): UNSAT in 0.03s
    cube 1549.794 (depth 1, 34 lits): UNSAT in 0.06s
    cube 1549.795 (depth 1, 34 lits): UNSAT in 0.09s
    cube 1549.796 (depth 1, 34 lits): UNSAT in 0.02s
    cube 1549.797 (depth 1, 34 lits): UNSAT in 0.04s
    cube 1549.798 (depth 1, 34 lits): UNSAT in 0.04s
    cube 1549.799 (depth 1, 34 lits): UNSAT in 0.22s
    cube 1549.800 (depth 1, 34 lits): UNSAT in 0.02s
    cube 1549.801 (depth 1, 34 lits): UNSAT in 0.12s
    cube 1549.802 (depth 1, 34 lits): UNSAT in 0.08s
    cube 1549.803 (depth 1, 34 lits): UNSAT in 0.54s
    cube 1549.804 (depth 1, 33 lits): UNSAT in 0.01s
    cube 1549.805 (depth 1, 34 lits): UNSAT in 0.02s
    cube 1549.806 (depth 1, 34 lits): UNSAT in 0.02s
    cube 1549.807 (depth 1, 34 lits): UNSAT in 0.01s
    cube 1549.808 (depth 1, 34 lits): UNSAT in 0.02s
    cube 1549.809 (depth 1, 34 lits): UNSAT in 0.03s
    cube 1549.810 (depth 1, 34 lits): UNSAT in 0.04s
    cube 1549.811 (depth 1, 33 lits): UNSAT in 0.01s
    cube 1549.812 (depth 1, 34 lits): UNSAT in 0.01s
    cube 1549.813 (depth 1, 34 lits): UNSAT in 0.04s
    cube 1549.814 (depth 1, 34 lits): UNSAT in 0.02s
    cube 1549.815 (depth 1, 34 lits): UNSAT in 0.07s
    cube 1549.816 (depth 1, 34 lits): UNSAT in 0.08s
    cube 1549.817 (depth 1, 34 lits): UNSAT in 0.11s
    cube 1549.818 (depth 1, 34 lits): UNSAT in 0.01s
    cube 1549.819 (depth 1, 34 lits): UNSAT in 0.02s
    cube 1549.820 (depth 1, 34 lits): UNSAT in 0.02s
    cube 1549.821 (depth 1, 34 lits): UNSAT in 0.05s
    cube 1549.822 (depth 1, 34 lits): UNSAT in 0.01s
    cube 1549.823 (depth 1, 34 lits): UNSAT in 0.05s
    cube 1549.824 (depth 1, 34 lits): UNSAT in 0.04s
    cube 1549.825 (depth 1, 34 lits): UNSAT in 0.09s
    cube 1549.826 (depth 1, 34 lits): UNSAT in 0.04s
    cube 1549.827 (depth 1, 34 lits): UNSAT in 0.05s
    cube 1549.828 (depth 1, 34 lits): UNSAT in 0.02s
    cube 1549.829 (depth 1, 34 lits): UNSAT in 0.10s
    cube 1549.830 (depth 1, 34 lits): UNSAT in 0.03s
    cube 1549.831 (depth 1, 34 lits): UNSAT in 0.65s
    cube 1549.832 (depth 1, 34 lits): UNSAT in 0.52s
    cube 1549.833 (depth 1, 34 lits): UNSAT in 2.50s
    cube 1549.834 (depth 1, 34 lits): UNSAT in 0.02s
    cube 1549.835 (depth 1, 34 lits): UNSAT in 0.02s
    cube 1549.836 (depth 1, 34 lits): UNSAT in 0.02s
    cube 1549.837 (depth 1, 34 lits): UNSAT in 0.08s
    cube 1549.838 (depth 1, 34 lits): UNSAT in 0.03s
    cube 1549.839 (depth 1, 34 lits): UNSAT in 0.04s
    cube 1549.840 (depth 1, 34 lits): UNSAT in 0.08s
    cube 1549.841 (depth 1, 34 lits): UNSAT in 0.14s
    cube 1549.842 (depth 1, 34 lits): UNSAT in 0.03s
    cube 1549.843 (depth 1, 34 lits): UNSAT in 0.10s
    cube 1549.844 (depth 1, 34 lits): UNSAT in 0.08s
    cube 1549.845 (depth 1, 34 lits): UNSAT in 0.24s
    cube 1549.846 (depth 1, 34 lits): UNSAT in 0.03s
    cube 1549.847 (depth 1, 34 lits): UNSAT in 0.16s
    cube 1549.848 (depth 1, 34 lits): UNSAT in 0.14s
    cube 1549.849 (depth 1, 34 lits): UNSAT in 0.69s
    cube 1549.850 (depth 1, 34 lits): UNSAT in 0.03s
    cube 1549.851 (depth 1, 34 lits): UNSAT in 0.05s
    cube 1549.852 (depth 1, 34 lits): UNSAT in 0.03s
    cube 1549.853 (depth 1, 34 lits): UNSAT in 0.24s
    cube 1549.854 (depth 1, 34 lits): UNSAT in 0.03s
    cube 1549.855 (depth 1, 34 lits): UNSAT in 0.07s
    cube 1549.856 (depth 1, 34 lits): UNSAT in 0.29s
    cube 1549.857 (depth 1, 34 lits): UNSAT in 1.84s
    cube 1549.858 (depth 1, 34 lits): UNSAT in 0.07s
    cube 1549.859 (depth 1, 34 lits): UNSAT in 0.48s
    cube 1549.860 (depth 1, 34 lits): UNSAT in 1.14s
    cube 1549.861 (depth 1, 34 lits): UNSAT in 4.49s
    cube 1549.862 (depth 1, 34 lits): UNSAT in 0.43s
    cube 1549.863 (depth 1, 34 lits): UNSAT in 3.58s
    cube 1549.864 (depth 1, 34 lits): UNSAT in 14.25s
    cube 1549.865 (depth 1, 34 lits): UNSAT in 22.12s
    cube 1552 (depth 0, 24 lits): UNSAT in 0.03s
    cube 1555 (depth 0, 24 lits): UNSAT in 0.15s
    cube 1558 (depth 0, 24 lits): UNSAT in 0.06s
    cube 1561 (depth 0, 24 lits): UNSAT in 0.68s
    cube 1564 (depth 0, 24 lits): UNSAT in 0.75s
    cube 1567 (depth 0, 24 lits): UNSAT in 0.04s
    cube 1570 (depth 0, 24 lits): UNSAT in 0.12s
    cube 1573 (depth 0, 24 lits): UNSAT in 1.36s
    cube 1576 (depth 0, 24 lits): UNSAT in 0.06s
    cube 1579 (depth 0, 24 lits): UNSAT in 1.99s
    cube 1582 (depth 0, 24 lits): UNSAT in 0.04s
    cube 1585 (depth 0, 24 lits): UNSAT in 0.21s
    cube 1588 (depth 0, 24 lits): UNSAT in 0.35s
    cube 1591 (depth 0, 24 lits): UNSAT in 0.36s
    cube 1594 (depth 0, 24 lits): UNSAT in 0.04s
    cube 1597 (depth 0, 24 lits): UNSAT in 25.33s
    cube 1600 (depth 0, 24 lits): UNSAT in 0.09s
    cube 1603 (depth 0, 24 lits): UNSAT in 2.00s
    cube 1606 (depth 0, 24 lits): UNSAT in 0.51s
    cube 1609 (depth 0, 24 lits): UNSAT in 16.48s
    cube 1612 (depth 0, 24 lits): UNSAT in 24.88s
    cube 1615 (depth 0, 24 lits): UNSAT in 0.06s
    cube 1618 (depth 0, 24 lits): UNSAT in 0.04s
    cube 1621 (depth 0, 24 lits): UNSAT in 2.69s
    cube 1624 (depth 0, 24 lits): UNSAT in 0.26s
    cube 1627 (depth 0, 24 lits): UNSAT in 4.49s
    cube 1630 (depth 0, 24 lits): UNSAT in 0.12s
    cube 1633 (depth 0, 24 lits): UNSAT in 6.63s
    cube 1636 (depth 0, 24 lits): UNSAT in 7.06s
    cube 1639 (depth 0, 24 lits): UNSAT in 2.23s
    cube 1642 (depth 0, 24 lits): UNSAT in 1.16s
    cube 1645 (depth 0, 24 lits): UNSAT in 1494.58s
    cube 1648 (depth 0, 24 lits): UNSAT in 0.42s
    cube 1651 (depth 0, 24 lits): UNSAT in 6.35s
    cube 1654 (depth 0, 24 lits): UNSAT in 3.08s
    cube 1657 (depth 0, 24 lits): UNSAT in 108.26s
    cube 1660 (depth 0, 24 lits): UNSAT in 16.48s
    cube 1663 (depth 0, 24 lits): UNSAT in 11.74s
    cube 1666 (depth 0, 24 lits): UNSAT in 6.31s
    cube 1669 (depth 0, 24 lits): UNSAT in 2381.92s
    cube 1672 (depth 0, 24 lits): UNSAT in 20.62s
    cube 1675 (depth 0, 24 lits): TIMEOUT in 2400.10s
    cube 1675 TIMEOUT -> re-split into 864 sub-cubes (depth 1)
    cube 1675.0 (depth 1, 29 lits): UNSAT in 0.02s
    cube 1675.1 (depth 1, 29 lits): UNSAT in 0.02s
    cube 1675.2 (depth 1, 31 lits): UNSAT in 0.01s
    cube 1675.3 (depth 1, 32 lits): UNSAT in 0.01s
    cube 1675.4 (depth 1, 34 lits): UNSAT in 0.01s
    cube 1675.5 (depth 1, 34 lits): UNSAT in 0.02s
    cube 1675.6 (depth 1, 34 lits): UNSAT in 0.01s
    cube 1675.7 (depth 1, 34 lits): UNSAT in 0.02s
    cube 1675.8 (depth 1, 33 lits): UNSAT in 0.01s
    cube 1675.9 (depth 1, 33 lits): UNSAT in 0.01s
    cube 1675.10 (depth 1, 34 lits): UNSAT in 0.01s
    cube 1675.11 (depth 1, 34 lits): UNSAT in 0.01s
    cube 1675.12 (depth 1, 34 lits): UNSAT in 0.02s
    cube 1675.13 (depth 1, 34 lits): UNSAT in 0.02s
    cube 1675.14 (depth 1, 33 lits): UNSAT in 0.02s
    cube 1675.15 (depth 1, 34 lits): UNSAT in 0.02s
    cube 1675.16 (depth 1, 34 lits): UNSAT in 0.03s
    cube 1675.17 (depth 1, 34 lits): UNSAT in 0.02s
    cube 1675.18 (depth 1, 34 lits): UNSAT in 0.02s
    cube 1675.19 (depth 1, 34 lits): UNSAT in 0.01s
    cube 1675.20 (depth 1, 34 lits): UNSAT in 0.03s
    cube 1675.21 (depth 1, 34 lits): UNSAT in 0.01s
    cube 1675.22 (depth 1, 34 lits): UNSAT in 0.01s
    cube 1675.23 (depth 1, 34 lits): UNSAT in 0.01s
    cube 1675.24 (depth 1, 34 lits): UNSAT in 0.01s
    cube 1675.25 (depth 1, 34 lits): UNSAT in 0.01s
    cube 1675.26 (depth 1, 34 lits): UNSAT in 0.02s
    cube 1675.27 (depth 1, 34 lits): UNSAT in 0.02s
    cube 1675.28 (depth 1, 34 lits): UNSAT in 0.01s
    cube 1675.29 (depth 1, 33 lits): UNSAT in 0.02s
    cube 1675.30 (depth 1, 33 lits): UNSAT in 0.02s
    cube 1675.31 (depth 1, 34 lits): UNSAT in 0.01s
    cube 1675.32 (depth 1, 34 lits): UNSAT in 0.02s
    cube 1675.33 (depth 1, 34 lits): UNSAT in 0.02s
    cube 1675.34 (depth 1, 34 lits): UNSAT in 0.01s
    cube 1675.35 (depth 1, 34 lits): UNSAT in 0.02s
    cube 1675.36 (depth 1, 34 lits): UNSAT in 0.02s
    cube 1675.37 (depth 1, 34 lits): UNSAT in 0.02s
    cube 1675.38 (depth 1, 34 lits): UNSAT in 0.02s
    cube 1675.39 (depth 1, 34 lits): UNSAT in 0.01s
    cube 1675.40 (depth 1, 34 lits): UNSAT in 0.02s
    cube 1675.41 (depth 1, 34 lits): UNSAT in 0.02s
    cube 1675.42 (depth 1, 34 lits): UNSAT in 0.04s
    cube 1675.43 (depth 1, 34 lits): UNSAT in 0.02s
    cube 1675.44 (depth 1, 34 lits): UNSAT in 0.01s
    cube 1675.45 (depth 1, 34 lits): UNSAT in 0.02s
    cube 1675.46 (depth 1, 34 lits): UNSAT in 0.04s
    cube 1675.47 (depth 1, 33 lits): UNSAT in 0.02s
    cube 1675.48 (depth 1, 34 lits): UNSAT in 0.03s
    cube 1675.49 (depth 1, 34 lits): UNSAT in 0.04s
    cube 1675.50 (depth 1, 31 lits): UNSAT in 0.01s
    cube 1675.51 (depth 1, 31 lits): UNSAT in 0.02s
    cube 1675.52 (depth 1, 32 lits): UNSAT in 0.01s
    cube 1675.53 (depth 1, 33 lits): UNSAT in 0.02s
    cube 1675.54 (depth 1, 33 lits): UNSAT in 0.02s
    cube 1675.55 (depth 1, 34 lits): UNSAT in 0.02s
    cube 1675.56 (depth 1, 34 lits): UNSAT in 0.02s
    cube 1675.57 (depth 1, 34 lits): UNSAT in 0.04s
    cube 1675.58 (depth 1, 34 lits): UNSAT in 0.05s
    cube 1675.59 (depth 1, 34 lits): UNSAT in 0.02s
    cube 1675.60 (depth 1, 34 lits): UNSAT in 0.05s
    cube 1675.61 (depth 1, 34 lits): UNSAT in 0.05s
    cube 1675.62 (depth 1, 34 lits): UNSAT in 0.05s
    cube 1675.63 (depth 1, 34 lits): UNSAT in 0.01s
    cube 1675.64 (depth 1, 34 lits): UNSAT in 0.02s
    cube 1675.65 (depth 1, 34 lits): UNSAT in 0.01s
    cube 1675.66 (depth 1, 34 lits): UNSAT in 0.01s
    cube 1675.67 (depth 1, 34 lits): UNSAT in 0.02s
    cube 1675.68 (depth 1, 34 lits): UNSAT in 0.02s
    cube 1675.69 (depth 1, 34 lits): UNSAT in 0.02s
    cube 1675.70 (depth 1, 34 lits): UNSAT in 0.02s
    cube 1675.71 (depth 1, 34 lits): UNSAT in 0.02s
    cube 1675.72 (depth 1, 34 lits): UNSAT in 0.02s
    cube 1675.73 (depth 1, 34 lits): UNSAT in 0.02s
    cube 1675.74 (depth 1, 34 lits): UNSAT in 0.04s
    cube 1675.75 (depth 1, 34 lits): UNSAT in 0.02s
    cube 1675.76 (depth 1, 34 lits): UNSAT in 0.03s
    cube 1675.77 (depth 1, 34 lits): UNSAT in 0.04s
    cube 1675.78 (depth 1, 34 lits): UNSAT in 0.03s
    cube 1675.79 (depth 1, 34 lits): UNSAT in 0.01s
    cube 1675.80 (depth 1, 34 lits): UNSAT in 0.02s
    cube 1675.81 (depth 1, 33 lits): UNSAT in 0.02s
    cube 1675.82 (depth 1, 34 lits): UNSAT in 0.02s
    cube 1675.83 (depth 1, 34 lits): UNSAT in 0.01s
    cube 1675.84 (depth 1, 34 lits): UNSAT in 0.02s
    cube 1675.85 (depth 1, 34 lits): UNSAT in 0.02s
    cube 1675.86 (depth 1, 34 lits): UNSAT in 0.02s
    cube 1675.87 (depth 1, 34 lits): UNSAT in 0.03s
    cube 1675.88 (depth 1, 34 lits): UNSAT in 0.05s
    cube 1675.89 (depth 1, 34 lits): UNSAT in 0.03s
    cube 1675.90 (depth 1, 34 lits): UNSAT in 0.01s
    cube 1675.91 (depth 1, 34 lits): UNSAT in 0.02s
    cube 1675.92 (depth 1, 34 lits): UNSAT in 0.05s
    cube 1675.93 (depth 1, 34 lits): UNSAT in 0.04s
    cube 1675.94 (depth 1, 32 lits): UNSAT in 0.01s
    cube 1675.95 (depth 1, 33 lits): UNSAT in 0.01s
    cube 1675.96 (depth 1, 33 lits): UNSAT in 0.02s
    cube 1675.97 (depth 1, 34 lits): UNSAT in 0.01s
    cube 1675.98 (depth 1, 34 lits): UNSAT in 0.01s
    cube 1675.99 (depth 1, 34 lits): UNSAT in 0.02s
    cube 1675.100 (depth 1, 34 lits): UNSAT in 0.02s
    cube 1675.101 (depth 1, 33 lits): UNSAT in 0.02s
    cube 1675.102 (depth 1, 34 lits): UNSAT in 0.02s
    cube 1675.103 (depth 1, 34 lits): UNSAT in 0.01s
    cube 1675.104 (depth 1, 33 lits): UNSAT in 0.01s
    cube 1675.105 (depth 1, 34 lits): UNSAT in 0.02s
    cube 1675.106 (depth 1, 34 lits): UNSAT in 0.02s
    cube 1675.107 (depth 1, 33 lits): UNSAT in 0.02s
    cube 1675.108 (depth 1, 33 lits): UNSAT in 0.02s
    cube 1675.109 (depth 1, 34 lits): UNSAT in 0.02s
    cube 1675.110 (depth 1, 34 lits): UNSAT in 0.02s
    cube 1675.111 (depth 1, 34 lits): UNSAT in 0.02s
    cube 1675.112 (depth 1, 34 lits): UNSAT in 0.02s
    cube 1675.113 (depth 1, 34 lits): UNSAT in 0.03s
    cube 1675.114 (depth 1, 34 lits): UNSAT in 0.03s
    cube 1675.115 (depth 1, 34 lits): UNSAT in 0.03s
    cube 1675.116 (depth 1, 34 lits): UNSAT in 0.05s
    cube 1675.117 (depth 1, 34 lits): UNSAT in 0.01s
    cube 1675.118 (depth 1, 34 lits): UNSAT in 0.02s
    cube 1675.119 (depth 1, 33 lits): UNSAT in 0.02s
    cube 1675.120 (depth 1, 34 lits): UNSAT in 0.02s
    cube 1675.121 (depth 1, 34 lits): UNSAT in 0.03s
    cube 1675.122 (depth 1, 34 lits): UNSAT in 0.02s
    cube 1675.123 (depth 1, 34 lits): UNSAT in 0.04s
    cube 1675.124 (depth 1, 34 lits): UNSAT in 0.02s
    cube 1675.125 (depth 1, 34 lits): UNSAT in 0.02s
    cube 1675.126 (depth 1, 33 lits): UNSAT in 0.02s
    cube 1675.127 (depth 1, 34 lits): UNSAT in 0.03s
    cube 1675.128 (depth 1, 34 lits): UNSAT in 0.10s
    cube 1675.129 (depth 1, 34 lits): UNSAT in 0.02s
    cube 1675.130 (depth 1, 34 lits): UNSAT in 0.03s
    cube 1675.131 (depth 1, 34 lits): UNSAT in 0.02s
    cube 1675.132 (depth 1, 34 lits): UNSAT in 0.04s
    cube 1675.133 (depth 1, 34 lits): UNSAT in 0.02s
    cube 1675.134 (depth 1, 34 lits): UNSAT in 0.04s
    cube 1675.135 (depth 1, 34 lits): UNSAT in 0.01s
    cube 1675.136 (depth 1, 34 lits): UNSAT in 0.06s
    cube 1675.137 (depth 1, 34 lits): UNSAT in 0.02s
    cube 1675.138 (depth 1, 34 lits): UNSAT in 0.03s
    cube 1675.139 (depth 1, 34 lits): UNSAT in 0.02s
    cube 1675.140 (depth 1, 34 lits): UNSAT in 0.04s
    cube 1675.141 (depth 1, 34 lits): UNSAT in 0.27s
    cube 1675.142 (depth 1, 34 lits): UNSAT in 0.12s
    cube 1675.143 (depth 1, 34 lits): UNSAT in 0.12s
    cube 1675.144 (depth 1, 34 lits): UNSAT in 0.19s
    cube 1675.145 (depth 1, 34 lits): UNSAT in 0.10s
    cube 1675.146 (depth 1, 34 lits): UNSAT in 0.29s
    cube 1675.147 (depth 1, 33 lits): UNSAT in 0.01s
    cube 1675.148 (depth 1, 33 lits): UNSAT in 0.01s
    cube 1675.149 (depth 1, 33 lits): UNSAT in 0.01s
    cube 1675.150 (depth 1, 33 lits): UNSAT in 0.02s
    cube 1675.151 (depth 1, 34 lits): UNSAT in 0.01s
    cube 1675.152 (depth 1, 34 lits): UNSAT in 0.01s
    cube 1675.153 (depth 1, 34 lits): UNSAT in 0.02s
    cube 1675.154 (depth 1, 34 lits): UNSAT in 0.02s
    cube 1675.155 (depth 1, 34 lits): UNSAT in 0.01s
    cube 1675.156 (depth 1, 34 lits): UNSAT in 0.02s
    cube 1675.157 (depth 1, 34 lits): UNSAT in 0.02s
    cube 1675.158 (depth 1, 34 lits): UNSAT in 0.02s
    cube 1675.159 (depth 1, 32 lits): UNSAT in 0.02s
    cube 1675.160 (depth 1, 34 lits): UNSAT in 0.02s
    cube 1675.161 (depth 1, 34 lits): UNSAT in 0.02s
    cube 1675.162 (depth 1, 33 lits): UNSAT in 0.02s
    cube 1675.163 (depth 1, 33 lits): UNSAT in 0.01s
    cube 1675.164 (depth 1, 33 lits): UNSAT in 0.02s
    cube 1675.165 (depth 1, 34 lits): UNSAT in 0.01s
    cube 1675.166 (depth 1, 34 lits): UNSAT in 0.02s
    cube 1675.167 (depth 1, 33 lits): UNSAT in 0.02s
    cube 1675.168 (depth 1, 33 lits): UNSAT in 0.01s
    cube 1675.169 (depth 1, 33 lits): UNSAT in 0.02s
    cube 1675.170 (depth 1, 34 lits): UNSAT in 0.01s
    cube 1675.171 (depth 1, 34 lits): UNSAT in 0.01s
    cube 1675.172 (depth 1, 34 lits): UNSAT in 0.02s
    cube 1675.173 (depth 1, 34 lits): UNSAT in 0.02s
    cube 1675.174 (depth 1, 33 lits): UNSAT in 0.01s
    cube 1675.175 (depth 1, 34 lits): UNSAT in 0.01s
    cube 1675.176 (depth 1, 34 lits): UNSAT in 0.02s
    cube 1675.177 (depth 1, 34 lits): UNSAT in 0.02s
    cube 1675.178 (depth 1, 34 lits): UNSAT in 0.02s
    cube 1675.179 (depth 1, 34 lits): UNSAT in 0.02s
    cube 1675.180 (depth 1, 34 lits): UNSAT in 0.01s
    cube 1675.181 (depth 1, 33 lits): UNSAT in 0.02s
    cube 1675.182 (depth 1, 34 lits): UNSAT in 0.02s
    cube 1675.183 (depth 1, 34 lits): UNSAT in 0.02s
    cube 1675.184 (depth 1, 34 lits): UNSAT in 0.02s
    cube 1675.185 (depth 1, 34 lits): UNSAT in 0.01s
    cube 1675.186 (depth 1, 34 lits): UNSAT in 0.02s
    cube 1675.187 (depth 1, 34 lits): UNSAT in 0.03s
    cube 1675.188 (depth 1, 34 lits): UNSAT in 0.01s
    cube 1675.189 (depth 1, 34 lits): UNSAT in 0.01s
    cube 1675.190 (depth 1, 33 lits): UNSAT in 0.01s
    cube 1675.191 (depth 1, 34 lits): UNSAT in 0.02s
    cube 1675.192 (depth 1, 34 lits): UNSAT in 0.02s
    cube 1675.193 (depth 1, 34 lits): UNSAT in 0.03s
    cube 1675.194 (depth 1, 34 lits): UNSAT in 0.06s
    cube 1675.195 (depth 1, 33 lits): UNSAT in 0.02s
    cube 1675.196 (depth 1, 33 lits): UNSAT in 0.02s
    cube 1675.197 (depth 1, 34 lits): UNSAT in 0.02s
    cube 1675.198 (depth 1, 34 lits): UNSAT in 0.01s
    cube 1675.199 (depth 1, 34 lits): UNSAT in 0.02s
    cube 1675.200 (depth 1, 34 lits): UNSAT in 0.03s
    cube 1675.201 (depth 1, 34 lits): UNSAT in 0.02s
    cube 1675.202 (depth 1, 34 lits): UNSAT in 0.03s
    cube 1675.203 (depth 1, 34 lits): UNSAT in 0.05s
    cube 1675.204 (depth 1, 34 lits): UNSAT in 0.05s
    cube 1675.205 (depth 1, 34 lits): UNSAT in 0.01s
    cube 1675.206 (depth 1, 34 lits): UNSAT in 0.02s
    cube 1675.207 (depth 1, 34 lits): UNSAT in 0.01s
    cube 1675.208 (depth 1, 34 lits): UNSAT in 0.14s
    cube 1675.209 (depth 1, 33 lits): UNSAT in 0.02s
    cube 1675.210 (depth 1, 34 lits): UNSAT in 0.02s
    cube 1675.211 (depth 1, 34 lits): UNSAT in 0.04s
    cube 1675.212 (depth 1, 34 lits): UNSAT in 0.01s
    cube 1675.213 (depth 1, 34 lits): UNSAT in 0.03s
    cube 1675.214 (depth 1, 34 lits): UNSAT in 0.03s
    cube 1675.215 (depth 1, 34 lits): UNSAT in 0.04s
    cube 1675.216 (depth 1, 34 lits): UNSAT in 0.02s
    cube 1675.217 (depth 1, 34 lits): UNSAT in 0.04s
    cube 1675.218 (depth 1, 34 lits): UNSAT in 0.06s
    cube 1675.219 (depth 1, 34 lits): UNSAT in 0.10s
    cube 1675.220 (depth 1, 34 lits): UNSAT in 0.03s
    cube 1675.221 (depth 1, 34 lits): UNSAT in 0.13s
    cube 1675.222 (depth 1, 34 lits): UNSAT in 0.16s
    cube 1675.223 (depth 1, 34 lits): UNSAT in 0.17s
    cube 1675.224 (depth 1, 33 lits): UNSAT in 0.02s
    cube 1675.225 (depth 1, 34 lits): UNSAT in 0.01s
    cube 1675.226 (depth 1, 34 lits): UNSAT in 0.02s
    cube 1675.227 (depth 1, 34 lits): UNSAT in 0.01s
    cube 1675.228 (depth 1, 34 lits): UNSAT in 0.02s
    cube 1675.229 (depth 1, 34 lits): UNSAT in 0.02s
    cube 1675.230 (depth 1, 34 lits): UNSAT in 0.09s
    cube 1675.231 (depth 1, 33 lits): UNSAT in 0.02s
    cube 1675.232 (depth 1, 34 lits): UNSAT in 0.03s
    cube 1675.233 (depth 1, 34 lits): UNSAT in 0.04s
    cube 1675.234 (depth 1, 34 lits): UNSAT in 0.03s
    cube 1675.235 (depth 1, 34 lits): UNSAT in 0.02s
    cube 1675.236 (depth 1, 34 lits): UNSAT in 0.06s
    cube 1675.237 (depth 1, 34 lits): UNSAT in 0.10s
    cube 1675.238 (depth 1, 34 lits): UNSAT in 0.02s
    cube 1675.239 (depth 1, 34 lits): UNSAT in 0.02s
    cube 1675.240 (depth 1, 34 lits): UNSAT in 0.01s
    cube 1675.241 (depth 1, 34 lits): UNSAT in 0.02s
    cube 1675.242 (depth 1, 34 lits): UNSAT in 0.02s
    cube 1675.243 (depth 1, 34 lits): UNSAT in 0.02s
    cube 1675.244 (depth 1, 33 lits): UNSAT in 0.01s
    cube 1675.245 (depth 1, 34 lits): UNSAT in 0.04s
    cube 1675.246 (depth 1, 34 lits): UNSAT in 0.04s
    cube 1675.247 (depth 1, 34 lits): UNSAT in 0.02s
    cube 1675.248 (depth 1, 34 lits): UNSAT in 0.13s
    cube 1675.249 (depth 1, 34 lits): UNSAT in 0.02s
    cube 1675.250 (depth 1, 34 lits): UNSAT in 0.03s
    cube 1675.251 (depth 1, 34 lits): UNSAT in 0.06s
    cube 1675.252 (depth 1, 34 lits): UNSAT in 0.18s
    cube 1675.253 (depth 1, 32 lits): UNSAT in 0.02s
    cube 1675.254 (depth 1, 33 lits): UNSAT in 0.02s
    cube 1675.255 (depth 1, 34 lits): UNSAT in 0.01s
    cube 1675.256 (depth 1, 34 lits): UNSAT in 0.02s
    cube 1675.257 (depth 1, 33 lits): UNSAT in 0.01s
    cube 1675.258 (depth 1, 34 lits): UNSAT in 0.01s
    cube 1675.259 (depth 1, 34 lits): UNSAT in 0.03s
    cube 1675.260 (depth 1, 34 lits): UNSAT in 0.01s
    cube 1675.261 (depth 1, 34 lits): UNSAT in 0.02s
    cube 1675.262 (depth 1, 34 lits): UNSAT in 0.03s
    cube 1675.263 (depth 1, 34 lits): UNSAT in 0.07s
    cube 1675.264 (depth 1, 34 lits): UNSAT in 0.02s
    cube 1675.265 (depth 1, 34 lits): UNSAT in 0.03s
    cube 1675.266 (depth 1, 34 lits): UNSAT in 0.02s
    cube 1675.267 (depth 1, 34 lits): UNSAT in 0.05s
    cube 1675.268 (depth 1, 34 lits): UNSAT in 0.02s
    cube 1675.269 (depth 1, 34 lits): UNSAT in 0.04s
    cube 1675.270 (depth 1, 34 lits): UNSAT in 0.01s
    cube 1675.271 (depth 1, 34 lits): UNSAT in 0.07s
    cube 1675.272 (depth 1, 34 lits): UNSAT in 0.02s
    cube 1675.273 (depth 1, 34 lits): UNSAT in 0.04s
    cube 1675.274 (depth 1, 34 lits): UNSAT in 0.04s
    cube 1675.275 (depth 1, 34 lits): UNSAT in 0.15s
    cube 1675.276 (depth 1, 34 lits): UNSAT in 0.05s
    cube 1675.277 (depth 1, 34 lits): UNSAT in 0.10s
    cube 1675.278 (depth 1, 34 lits): UNSAT in 0.23s
    cube 1675.279 (depth 1, 34 lits): UNSAT in 0.11s
    cube 1675.280 (depth 1, 34 lits): UNSAT in 0.01s
    cube 1675.281 (depth 1, 34 lits): UNSAT in 0.01s
    cube 1675.282 (depth 1, 33 lits): UNSAT in 0.02s
    cube 1675.283 (depth 1, 34 lits): UNSAT in 0.02s
    cube 1675.284 (depth 1, 34 lits): UNSAT in 0.02s
    cube 1675.285 (depth 1, 34 lits): UNSAT in 0.01s
    cube 1675.286 (depth 1, 34 lits): UNSAT in 0.04s
    cube 1675.287 (depth 1, 34 lits): UNSAT in 0.01s
    cube 1675.288 (depth 1, 34 lits): UNSAT in 0.02s
    cube 1675.289 (depth 1, 34 lits): UNSAT in 0.02s
    cube 1675.290 (depth 1, 34 lits): UNSAT in 0.02s
    cube 1675.291 (depth 1, 34 lits): UNSAT in 0.01s
    cube 1675.292 (depth 1, 34 lits): UNSAT in 0.02s
    cube 1675.293 (depth 1, 34 lits): UNSAT in 0.02s
    cube 1675.294 (depth 1, 34 lits): UNSAT in 0.03s
    cube 1675.295 (depth 1, 34 lits): UNSAT in 0.02s
    cube 1675.296 (depth 1, 34 lits): UNSAT in 0.01s
    cube 1675.297 (depth 1, 34 lits): UNSAT in 0.01s
    cube 1675.298 (depth 1, 34 lits): UNSAT in 0.02s
    cube 1675.299 (depth 1, 34 lits): UNSAT in 0.01s
    cube 1675.300 (depth 1, 34 lits): UNSAT in 0.02s
    cube 1675.301 (depth 1, 34 lits): UNSAT in 0.01s
    cube 1675.302 (depth 1, 34 lits): UNSAT in 0.02s
    cube 1675.303 (depth 1, 34 lits): UNSAT in 0.01s
    cube 1675.304 (depth 1, 34 lits): UNSAT in 0.03s
    cube 1675.305 (depth 1, 34 lits): UNSAT in 0.04s
    cube 1675.306 (depth 1, 34 lits): UNSAT in 0.11s
    cube 1675.307 (depth 1, 34 lits): UNSAT in 0.02s
    cube 1675.308 (depth 1, 34 lits): UNSAT in 0.03s
    cube 1675.309 (depth 1, 34 lits): UNSAT in 0.14s
    cube 1675.310 (depth 1, 34 lits): UNSAT in 0.13s
    cube 1675.311 (depth 1, 34 lits): UNSAT in 0.02s
    cube 1675.312 (depth 1, 34 lits): UNSAT in 0.02s
    cube 1675.313 (depth 1, 34 lits): UNSAT in 0.03s
    cube 1675.314 (depth 1, 34 lits): UNSAT in 0.04s
    cube 1675.315 (depth 1, 33 lits): UNSAT in 0.02s
    cube 1675.316 (depth 1, 34 lits): UNSAT in 0.02s
    cube 1675.317 (depth 1, 34 lits): UNSAT in 0.02s
    cube 1675.318 (depth 1, 34 lits): UNSAT in 0.04s
    cube 1675.319 (depth 1, 34 lits): UNSAT in 0.15s
    cube 1675.320 (depth 1, 34 lits): UNSAT in 0.02s
    cube 1675.321 (depth 1, 34 lits): UNSAT in 0.06s
    cube 1675.322 (depth 1, 34 lits): UNSAT in 0.04s
    cube 1675.323 (depth 1, 34 lits): UNSAT in 0.22s
    cube 1675.324 (depth 1, 34 lits): UNSAT in 0.04s
    cube 1675.325 (depth 1, 34 lits): UNSAT in 0.09s
    cube 1675.326 (depth 1, 34 lits): UNSAT in 0.01s
    cube 1675.327 (depth 1, 34 lits): UNSAT in 0.02s
    cube 1675.328 (depth 1, 34 lits): UNSAT in 0.02s
    cube 1675.329 (depth 1, 34 lits): UNSAT in 0.01s
    cube 1675.330 (depth 1, 34 lits): UNSAT in 0.03s
    cube 1675.331 (depth 1, 34 lits): UNSAT in 0.03s
    cube 1675.332 (depth 1, 34 lits): UNSAT in 0.01s
    cube 1675.333 (depth 1, 34 lits): UNSAT in 0.05s
    cube 1675.334 (depth 1, 34 lits): UNSAT in 0.01s
    cube 1675.335 (depth 1, 34 lits): UNSAT in 0.02s
    cube 1675.336 (depth 1, 33 lits): UNSAT in 0.02s
    cube 1675.337 (depth 1, 34 lits): UNSAT in 0.05s
    cube 1675.338 (depth 1, 34 lits): UNSAT in 0.16s
    cube 1675.339 (depth 1, 34 lits): UNSAT in 0.40s
    cube 1675.340 (depth 1, 34 lits): UNSAT in 0.55s
    cube 1675.341 (depth 1, 34 lits): UNSAT in 0.02s
    cube 1675.342 (depth 1, 34 lits): UNSAT in 0.03s
    cube 1675.343 (depth 1, 34 lits): UNSAT in 0.03s
    cube 1675.344 (depth 1, 34 lits): UNSAT in 0.06s
    cube 1675.345 (depth 1, 34 lits): UNSAT in 0.04s
    cube 1675.346 (depth 1, 34 lits): UNSAT in 0.14s
    cube 1675.347 (depth 1, 34 lits): UNSAT in 0.16s
    cube 1675.348 (depth 1, 34 lits): UNSAT in 0.74s
    cube 1675.349 (depth 1, 34 lits): UNSAT in 0.04s
    cube 1675.350 (depth 1, 34 lits): UNSAT in 0.05s
    cube 1675.351 (depth 1, 34 lits): UNSAT in 0.04s
    cube 1675.352 (depth 1, 34 lits): UNSAT in 0.11s
    cube 1675.353 (depth 1, 34 lits): UNSAT in 0.15s
    cube 1675.354 (depth 1, 34 lits): UNSAT in 0.38s
    cube 1675.355 (depth 1, 34 lits): UNSAT in 0.20s
    cube 1675.356 (depth 1, 34 lits): UNSAT in 1.35s
    cube 1675.357 (depth 1, 34 lits): UNSAT in 0.01s
    cube 1675.358 (depth 1, 34 lits): UNSAT in 0.08s
    cube 1675.359 (depth 1, 34 lits): UNSAT in 0.14s
    cube 1675.360 (depth 1, 34 lits): UNSAT in 0.21s
    cube 1675.361 (depth 1, 34 lits): UNSAT in 0.10s
    cube 1675.362 (depth 1, 34 lits): UNSAT in 0.21s
    cube 1675.363 (depth 1, 34 lits): UNSAT in 0.48s
    cube 1675.364 (depth 1, 34 lits): UNSAT in 2.20s
    cube 1675.365 (depth 1, 34 lits): UNSAT in 0.04s
    cube 1675.366 (depth 1, 34 lits): UNSAT in 0.30s
    cube 1675.367 (depth 1, 34 lits): UNSAT in 0.05s
    cube 1675.368 (depth 1, 34 lits): UNSAT in 0.27s
    cube 1675.369 (depth 1, 34 lits): UNSAT in 0.15s
    cube 1675.370 (depth 1, 34 lits): UNSAT in 0.27s
    cube 1675.371 (depth 1, 34 lits): UNSAT in 0.79s
    cube 1675.372 (depth 1, 34 lits): UNSAT in 0.69s
    cube 1675.373 (depth 1, 34 lits): UNSAT in 0.01s
    cube 1675.374 (depth 1, 34 lits): UNSAT in 0.02s
    cube 1675.375 (depth 1, 34 lits): UNSAT in 0.02s
    cube 1675.376 (depth 1, 34 lits): UNSAT in 0.02s
    cube 1675.377 (depth 1, 34 lits): UNSAT in 0.02s
    cube 1675.378 (depth 1, 34 lits): UNSAT in 0.03s
    cube 1675.379 (depth 1, 34 lits): UNSAT in 0.03s
    cube 1675.380 (depth 1, 34 lits): UNSAT in 0.05s
    cube 1675.381 (depth 1, 33 lits): UNSAT in 0.02s
    cube 1675.382 (depth 1, 34 lits): UNSAT in 0.02s
    cube 1675.383 (depth 1, 34 lits): UNSAT in 0.03s
    cube 1675.384 (depth 1, 34 lits): UNSAT in 0.02s
    cube 1675.385 (depth 1, 34 lits): UNSAT in 0.02s
    cube 1675.386 (depth 1, 34 lits): UNSAT in 0.02s
    cube 1675.387 (depth 1, 34 lits): UNSAT in 0.05s
    cube 1675.388 (depth 1, 32 lits): UNSAT in 0.02s
    cube 1675.389 (depth 1, 34 lits): UNSAT in 0.01s
    cube 1675.390 (depth 1, 34 lits): UNSAT in 0.02s
    cube 1675.391 (depth 1, 34 lits): UNSAT in 0.02s
    cube 1675.392 (depth 1, 34 lits): UNSAT in 0.02s
    cube 1675.393 (depth 1, 34 lits): UNSAT in 0.01s
    cube 1675.394 (depth 1, 34 lits): UNSAT in 0.02s
    cube 1675.395 (depth 1, 34 lits): UNSAT in 0.02s
    cube 1675.396 (depth 1, 34 lits): UNSAT in 0.02s
    cube 1675.397 (depth 1, 34 lits): UNSAT in 0.03s
    cube 1675.398 (depth 1, 34 lits): UNSAT in 0.05s
    cube 1675.399 (depth 1, 34 lits): UNSAT in 0.07s
    cube 1675.400 (depth 1, 34 lits): UNSAT in 0.07s
    cube 1675.401 (depth 1, 33 lits): UNSAT in 0.02s
    cube 1675.402 (depth 1, 34 lits): UNSAT in 0.01s
    cube 1675.403 (depth 1, 34 lits): UNSAT in 0.03s
    cube 1675.404 (depth 1, 34 lits): UNSAT in 0.02s
    cube 1675.405 (depth 1, 34 lits): UNSAT in 0.03s
    cube 1675.406 (depth 1, 34 lits): UNSAT in 0.03s
    cube 1675.407 (depth 1, 34 lits): UNSAT in 0.07s
    cube 1675.408 (depth 1, 34 lits): UNSAT in 0.02s
    cube 1675.409 (depth 1, 34 lits): UNSAT in 0.03s
    cube 1675.410 (depth 1, 34 lits): UNSAT in 0.01s
    cube 1675.411 (depth 1, 34 lits): UNSAT in 0.03s
    cube 1675.412 (depth 1, 34 lits): UNSAT in 0.05s
    cube 1675.413 (depth 1, 34 lits): UNSAT in 0.07s
    cube 1675.414 (depth 1, 34 lits): UNSAT in 0.10s
    cube 1675.415 (depth 1, 34 lits): UNSAT in 0.11s
    cube 1675.416 (depth 1, 34 lits): UNSAT in 0.03s
    cube 1675.417 (depth 1, 34 lits): UNSAT in 0.04s
    cube 1675.418 (depth 1, 34 lits): UNSAT in 0.06s
    cube 1675.419 (depth 1, 34 lits): UNSAT in 0.13s
    cube 1675.420 (depth 1, 34 lits): UNSAT in 0.03s
    cube 1675.421 (depth 1, 34 lits): UNSAT in 0.06s
    cube 1675.422 (depth 1, 34 lits): UNSAT in 0.04s
    cube 1675.423 (depth 1, 34 lits): UNSAT in 0.21s
    cube 1675.424 (depth 1, 34 lits): UNSAT in 0.03s
    cube 1675.425 (depth 1, 34 lits): UNSAT in 0.04s
    cube 1675.426 (depth 1, 34 lits): UNSAT in 0.02s
    cube 1675.427 (depth 1, 34 lits): UNSAT in 0.12s
    cube 1675.428 (depth 1, 34 lits): UNSAT in 0.14s
    cube 1675.429 (depth 1, 34 lits): UNSAT in 0.41s
    cube 1675.430 (depth 1, 34 lits): UNSAT in 0.22s
    cube 1675.431 (depth 1, 34 lits): UNSAT in 1.00s
    cube 1675.432 (depth 1, 34 lits): UNSAT in 0.02s
    cube 1675.433 (depth 1, 34 lits): UNSAT in 0.03s
    cube 1675.434 (depth 1, 34 lits): UNSAT in 0.04s
    cube 1675.435 (depth 1, 34 lits): UNSAT in 0.07s
    cube 1675.436 (depth 1, 34 lits): UNSAT in 0.02s
    cube 1675.437 (depth 1, 34 lits): UNSAT in 0.06s
    cube 1675.438 (depth 1, 34 lits): UNSAT in 0.09s
    cube 1675.439 (depth 1, 34 lits): UNSAT in 0.10s
    cube 1675.440 (depth 1, 34 lits): UNSAT in 0.01s
    cube 1675.441 (depth 1, 34 lits): UNSAT in 0.02s
    cube 1675.442 (depth 1, 34 lits): UNSAT in 0.02s
    cube 1675.443 (depth 1, 34 lits): UNSAT in 0.06s
    cube 1675.444 (depth 1, 34 lits): UNSAT in 0.02s
    cube 1675.445 (depth 1, 34 lits): UNSAT in 0.04s
    cube 1675.446 (depth 1, 34 lits): UNSAT in 0.02s
    cube 1675.447 (depth 1, 34 lits): UNSAT in 0.10s
    cube 1675.448 (depth 1, 34 lits): UNSAT in 0.02s
    cube 1675.449 (depth 1, 34 lits): UNSAT in 0.03s
    cube 1675.450 (depth 1, 34 lits): UNSAT in 0.03s
    cube 1675.451 (depth 1, 34 lits): UNSAT in 0.08s
    cube 1675.452 (depth 1, 34 lits): UNSAT in 0.03s
    cube 1675.453 (depth 1, 34 lits): UNSAT in 0.04s
    cube 1675.454 (depth 1, 34 lits): UNSAT in 0.05s
    cube 1675.455 (depth 1, 34 lits): UNSAT in 0.14s
    cube 1675.456 (depth 1, 34 lits): UNSAT in 0.03s
    cube 1675.457 (depth 1, 34 lits): UNSAT in 0.02s
    cube 1675.458 (depth 1, 34 lits): UNSAT in 0.02s
    cube 1675.459 (depth 1, 34 lits): UNSAT in 0.07s
    cube 1675.460 (depth 1, 34 lits): UNSAT in 0.03s
    cube 1675.461 (depth 1, 34 lits): UNSAT in 0.04s
    cube 1675.462 (depth 1, 34 lits): UNSAT in 0.16s
    cube 1675.463 (depth 1, 34 lits): UNSAT in 0.15s
    cube 1675.464 (depth 1, 34 lits): UNSAT in 0.01s
    cube 1675.465 (depth 1, 34 lits): UNSAT in 0.02s
    cube 1675.466 (depth 1, 34 lits): UNSAT in 0.02s
    cube 1675.467 (depth 1, 34 lits): UNSAT in 0.02s
    cube 1675.468 (depth 1, 34 lits): UNSAT in 0.03s
    cube 1675.469 (depth 1, 34 lits): UNSAT in 0.03s
    cube 1675.470 (depth 1, 34 lits): UNSAT in 0.03s
    cube 1675.471 (depth 1, 34 lits): UNSAT in 0.08s
    cube 1675.472 (depth 1, 34 lits): UNSAT in 0.02s
    cube 1675.473 (depth 1, 34 lits): UNSAT in 0.04s
    cube 1675.474 (depth 1, 34 lits): UNSAT in 0.07s
    cube 1675.475 (depth 1, 34 lits): UNSAT in 0.17s
    cube 1675.476 (depth 1, 34 lits): UNSAT in 0.06s
    cube 1675.477 (depth 1, 34 lits): UNSAT in 0.21s
    cube 1675.478 (depth 1, 34 lits): UNSAT in 0.08s
    cube 1675.479 (depth 1, 34 lits): UNSAT in 0.36s
    cube 1675.480 (depth 1, 33 lits): UNSAT in 0.02s
    cube 1675.481 (depth 1, 34 lits): UNSAT in 0.02s
    cube 1675.482 (depth 1, 34 lits): UNSAT in 0.03s
    cube 1675.483 (depth 1, 34 lits): UNSAT in 0.02s
    cube 1675.484 (depth 1, 34 lits): UNSAT in 0.03s
    cube 1675.485 (depth 1, 34 lits): UNSAT in 0.04s
    cube 1675.486 (depth 1, 34 lits): UNSAT in 0.28s
    cube 1675.487 (depth 1, 34 lits): UNSAT in 0.03s
    cube 1675.488 (depth 1, 34 lits): UNSAT in 0.05s
    cube 1675.489 (depth 1, 34 lits): UNSAT in 0.04s
    cube 1675.490 (depth 1, 34 lits): UNSAT in 0.11s
    cube 1675.491 (depth 1, 34 lits): UNSAT in 0.14s
    cube 1675.492 (depth 1, 34 lits): UNSAT in 0.46s
    cube 1675.493 (depth 1, 34 lits): UNSAT in 0.30s
    cube 1675.494 (depth 1, 34 lits): UNSAT in 0.48s
    cube 1675.495 (depth 1, 34 lits): UNSAT in 0.02s
    cube 1675.496 (depth 1, 34 lits): UNSAT in 0.02s
    cube 1675.497 (depth 1, 34 lits): UNSAT in 0.02s
    cube 1675.498 (depth 1, 34 lits): UNSAT in 0.02s
    cube 1675.499 (depth 1, 34 lits): UNSAT in 0.02s
    cube 1675.500 (depth 1, 34 lits): UNSAT in 0.04s
    cube 1675.501 (depth 1, 34 lits): UNSAT in 0.02s
    cube 1675.502 (depth 1, 34 lits): UNSAT in 0.03s
    cube 1675.503 (depth 1, 34 lits): UNSAT in 0.01s
    cube 1675.504 (depth 1, 34 lits): UNSAT in 0.03s
    cube 1675.505 (depth 1, 34 lits): UNSAT in 0.05s
    cube 1675.506 (depth 1, 34 lits): UNSAT in 0.09s
    cube 1675.507 (depth 1, 34 lits): UNSAT in 0.01s
    cube 1675.508 (depth 1, 34 lits): UNSAT in 0.02s
    cube 1675.509 (depth 1, 34 lits): UNSAT in 0.09s
    cube 1675.510 (depth 1, 34 lits): UNSAT in 0.18s
    cube 1675.511 (depth 1, 34 lits): UNSAT in 0.02s
    cube 1675.512 (depth 1, 34 lits): UNSAT in 0.03s
    cube 1675.513 (depth 1, 34 lits): UNSAT in 0.02s
    cube 1675.514 (depth 1, 34 lits): UNSAT in 0.05s
    cube 1675.515 (depth 1, 34 lits): UNSAT in 0.02s
    cube 1675.516 (depth 1, 34 lits): UNSAT in 0.05s
    cube 1675.517 (depth 1, 34 lits): UNSAT in 0.05s
    cube 1675.518 (depth 1, 34 lits): UNSAT in 0.07s
    cube 1675.519 (depth 1, 34 lits): UNSAT in 0.02s
    cube 1675.520 (depth 1, 34 lits): UNSAT in 0.09s
    cube 1675.521 (depth 1, 34 lits): UNSAT in 0.17s
    cube 1675.522 (depth 1, 34 lits): UNSAT in 0.45s
    cube 1675.523 (depth 1, 34 lits): UNSAT in 0.05s
    cube 1675.524 (depth 1, 34 lits): UNSAT in 0.73s
    cube 1675.525 (depth 1, 34 lits): UNSAT in 0.19s
    cube 1675.526 (depth 1, 34 lits): UNSAT in 3.61s
    cube 1675.527 (depth 1, 34 lits): UNSAT in 0.02s
    cube 1675.528 (depth 1, 34 lits): UNSAT in 0.02s
    cube 1675.529 (depth 1, 34 lits): UNSAT in 0.03s
    cube 1675.530 (depth 1, 34 lits): UNSAT in 0.03s
    cube 1675.531 (depth 1, 34 lits): UNSAT in 0.02s
    cube 1675.532 (depth 1, 34 lits): UNSAT in 0.05s
    cube 1675.533 (depth 1, 34 lits): UNSAT in 0.05s
    cube 1675.534 (depth 1, 34 lits): UNSAT in 0.10s
    cube 1675.535 (depth 1, 34 lits): UNSAT in 0.02s
    cube 1675.536 (depth 1, 34 lits): UNSAT in 0.02s
    cube 1675.537 (depth 1, 34 lits): UNSAT in 0.03s
    cube 1675.538 (depth 1, 34 lits): UNSAT in 0.26s
    cube 1675.539 (depth 1, 34 lits): UNSAT in 0.06s
    cube 1675.540 (depth 1, 34 lits): UNSAT in 0.15s
    cube 1675.541 (depth 1, 34 lits): UNSAT in 0.37s
    cube 1675.542 (depth 1, 34 lits): UNSAT in 0.62s
    cube 1675.543 (depth 1, 34 lits): UNSAT in 0.02s
    cube 1675.544 (depth 1, 34 lits): UNSAT in 0.04s
    cube 1675.545 (depth 1, 34 lits): UNSAT in 0.05s
    cube 1675.546 (depth 1, 34 lits): UNSAT in 0.08s
    cube 1675.547 (depth 1, 34 lits): UNSAT in 0.03s
    cube 1675.548 (depth 1, 34 lits): UNSAT in 0.07s
    cube 1675.549 (depth 1, 34 lits): UNSAT in 0.07s
    cube 1675.550 (depth 1, 34 lits): UNSAT in 1.28s
    cube 1675.551 (depth 1, 34 lits): UNSAT in 0.04s
    cube 1675.552 (depth 1, 34 lits): UNSAT in 0.07s
    cube 1675.553 (depth 1, 34 lits): UNSAT in 0.06s
    cube 1675.554 (depth 1, 34 lits): UNSAT in 1.27s
    cube 1675.555 (depth 1, 34 lits): UNSAT in 1.24s
    cube 1675.556 (depth 1, 34 lits): UNSAT in 3.18s
    cube 1675.557 (depth 1, 34 lits): UNSAT in 4.63s
    cube 1675.558 (depth 1, 34 lits): UNSAT in 14.35s
    cube 1675.559 (depth 1, 32 lits): UNSAT in 0.02s
    cube 1675.560 (depth 1, 34 lits): UNSAT in 0.02s
    cube 1675.561 (depth 1, 34 lits): UNSAT in 0.02s
    cube 1675.562 (depth 1, 34 lits): UNSAT in 0.02s
    cube 1675.563 (depth 1, 34 lits): UNSAT in 0.02s
    cube 1675.564 (depth 1, 34 lits): UNSAT in 0.01s
    cube 1675.565 (depth 1, 34 lits): UNSAT in 0.02s
    cube 1675.566 (depth 1, 34 lits): UNSAT in 0.01s
    cube 1675.567 (depth 1, 34 lits): UNSAT in 0.03s
    cube 1675.568 (depth 1, 34 lits): UNSAT in 0.03s
    cube 1675.569 (depth 1, 34 lits): UNSAT in 0.04s
    cube 1675.570 (depth 1, 34 lits): UNSAT in 0.02s
    cube 1675.571 (depth 1, 34 lits): UNSAT in 0.06s
    cube 1675.572 (depth 1, 33 lits): UNSAT in 0.02s
    cube 1675.573 (depth 1, 34 lits): UNSAT in 0.02s
    cube 1675.574 (depth 1, 34 lits): UNSAT in 0.02s
    cube 1675.575 (depth 1, 34 lits): UNSAT in 0.03s
    cube 1675.576 (depth 1, 34 lits): UNSAT in 0.05s
    cube 1675.577 (depth 1, 34 lits): UNSAT in 0.04s
    cube 1675.578 (depth 1, 34 lits): UNSAT in 0.09s
    cube 1675.579 (depth 1, 34 lits): UNSAT in 0.03s
    cube 1675.580 (depth 1, 34 lits): UNSAT in 0.06s
    cube 1675.581 (depth 1, 34 lits): UNSAT in 0.03s
    cube 1675.582 (depth 1, 34 lits): UNSAT in 0.04s
    cube 1675.583 (depth 1, 34 lits): UNSAT in 0.29s
    cube 1675.584 (depth 1, 34 lits): UNSAT in 0.14s
    cube 1675.585 (depth 1, 34 lits): UNSAT in 0.12s
    cube 1675.586 (depth 1, 34 lits): UNSAT in 0.84s
    cube 1675.587 (depth 1, 34 lits): UNSAT in 0.02s
    cube 1675.588 (depth 1, 34 lits): UNSAT in 0.02s
    cube 1675.589 (depth 1, 34 lits): UNSAT in 0.03s
    cube 1675.590 (depth 1, 34 lits): UNSAT in 0.06s
    cube 1675.591 (depth 1, 34 lits): UNSAT in 0.02s
    cube 1675.592 (depth 1, 34 lits): UNSAT in 0.10s
    cube 1675.593 (depth 1, 34 lits): UNSAT in 0.09s
    cube 1675.594 (depth 1, 34 lits): UNSAT in 0.29s
    cube 1675.595 (depth 1, 34 lits): UNSAT in 0.03s
    cube 1675.596 (depth 1, 34 lits): UNSAT in 0.06s
    cube 1675.597 (depth 1, 34 lits): UNSAT in 0.20s
    cube 1675.598 (depth 1, 34 lits): UNSAT in 0.20s
    cube 1675.599 (depth 1, 34 lits): UNSAT in 0.02s
    cube 1675.600 (depth 1, 34 lits): UNSAT in 0.07s
    cube 1675.601 (depth 1, 34 lits): UNSAT in 0.30s
    cube 1675.602 (depth 1, 34 lits): UNSAT in 3.28s
    cube 1675.603 (depth 1, 34 lits): UNSAT in 0.02s
    cube 1675.604 (depth 1, 34 lits): UNSAT in 0.09s
    cube 1675.605 (depth 1, 34 lits): UNSAT in 0.07s
    cube 1675.606 (depth 1, 34 lits): UNSAT in 0.16s
    cube 1675.607 (depth 1, 34 lits): UNSAT in 0.20s
    cube 1675.608 (depth 1, 34 lits): UNSAT in 0.16s
    cube 1675.609 (depth 1, 34 lits): UNSAT in 0.58s
    cube 1675.610 (depth 1, 34 lits): UNSAT in 2.04s
    cube 1675.611 (depth 1, 34 lits): UNSAT in 0.07s
    cube 1675.612 (depth 1, 34 lits): UNSAT in 0.25s
    cube 1675.613 (depth 1, 34 lits): UNSAT in 0.18s
    cube 1675.614 (depth 1, 34 lits): UNSAT in 1.13s
    cube 1675.615 (depth 1, 34 lits): UNSAT in 0.78s
    cube 1675.616 (depth 1, 34 lits): UNSAT in 2.73s
    cube 1675.617 (depth 1, 34 lits): UNSAT in 0.11s
    cube 1675.618 (depth 1, 34 lits): UNSAT in 2.31s
    cube 1675.619 (depth 1, 34 lits): UNSAT in 0.01s
    cube 1675.620 (depth 1, 34 lits): UNSAT in 0.01s
    cube 1675.621 (depth 1, 34 lits): UNSAT in 0.01s
    cube 1675.622 (depth 1, 34 lits): UNSAT in 0.01s
    cube 1675.623 (depth 1, 34 lits): UNSAT in 0.01s
    cube 1675.624 (depth 1, 34 lits): UNSAT in 0.01s
    cube 1675.625 (depth 1, 34 lits): UNSAT in 0.02s
    cube 1675.626 (depth 1, 34 lits): UNSAT in 0.02s
    cube 1675.627 (depth 1, 34 lits): UNSAT in 0.01s
    cube 1675.628 (depth 1, 34 lits): UNSAT in 0.02s
    cube 1675.629 (depth 1, 34 lits): UNSAT in 0.02s
    cube 1675.630 (depth 1, 34 lits): UNSAT in 0.02s
    cube 1675.631 (depth 1, 34 lits): UNSAT in 0.02s
    cube 1675.632 (depth 1, 34 lits): UNSAT in 0.02s
    cube 1675.633 (depth 1, 34 lits): UNSAT in 0.03s
    cube 1675.634 (depth 1, 34 lits): UNSAT in 0.12s
    cube 1675.635 (depth 1, 33 lits): UNSAT in 0.01s
    cube 1675.636 (depth 1, 33 lits): UNSAT in 0.02s
    cube 1675.637 (depth 1, 33 lits): UNSAT in 0.01s
    cube 1675.638 (depth 1, 34 lits): UNSAT in 0.01s
    cube 1675.639 (depth 1, 34 lits): UNSAT in 0.02s
    cube 1675.640 (depth 1, 33 lits): UNSAT in 0.02s
    cube 1675.641 (depth 1, 34 lits): UNSAT in 0.01s
    cube 1675.642 (depth 1, 34 lits): UNSAT in 0.02s
    cube 1675.643 (depth 1, 34 lits): UNSAT in 0.01s
    cube 1675.644 (depth 1, 34 lits): UNSAT in 0.02s
    cube 1675.645 (depth 1, 34 lits): UNSAT in 0.02s
    cube 1675.646 (depth 1, 34 lits): UNSAT in 0.05s
    cube 1675.647 (depth 1, 34 lits): UNSAT in 0.02s
    cube 1675.648 (depth 1, 34 lits): UNSAT in 0.02s
    cube 1675.649 (depth 1, 34 lits): UNSAT in 0.02s
    cube 1675.650 (depth 1, 34 lits): UNSAT in 0.03s
    cube 1675.651 (depth 1, 34 lits): UNSAT in 0.02s
    cube 1675.652 (depth 1, 34 lits): UNSAT in 0.02s
    cube 1675.653 (depth 1, 34 lits): UNSAT in 0.04s
    cube 1675.654 (depth 1, 34 lits): UNSAT in 0.07s
    cube 1675.655 (depth 1, 34 lits): UNSAT in 0.01s
    cube 1675.656 (depth 1, 34 lits): UNSAT in 0.02s
    cube 1675.657 (depth 1, 34 lits): UNSAT in 0.01s
    cube 1675.658 (depth 1, 34 lits): UNSAT in 0.02s
    cube 1675.659 (depth 1, 34 lits): UNSAT in 0.02s
    cube 1675.660 (depth 1, 34 lits): UNSAT in 0.02s
    cube 1675.661 (depth 1, 34 lits): UNSAT in 0.01s
    cube 1675.662 (depth 1, 34 lits): UNSAT in 0.02s
    cube 1675.663 (depth 1, 34 lits): UNSAT in 0.01s
    cube 1675.664 (depth 1, 34 lits): UNSAT in 0.03s
    cube 1675.665 (depth 1, 34 lits): UNSAT in 0.02s
    cube 1675.666 (depth 1, 34 lits): UNSAT in 0.03s
    cube 1675.667 (depth 1, 34 lits): UNSAT in 0.01s
    cube 1675.668 (depth 1, 34 lits): UNSAT in 0.02s
    cube 1675.669 (depth 1, 34 lits): UNSAT in 0.01s
    cube 1675.670 (depth 1, 34 lits): UNSAT in 0.03s
    cube 1675.671 (depth 1, 34 lits): UNSAT in 0.01s
    cube 1675.672 (depth 1, 34 lits): UNSAT in 0.03s
    cube 1675.673 (depth 1, 34 lits): UNSAT in 0.04s
    cube 1675.674 (depth 1, 34 lits): UNSAT in 0.05s
    cube 1675.675 (depth 1, 34 lits): UNSAT in 0.26s
    cube 1675.676 (depth 1, 34 lits): UNSAT in 0.09s
    cube 1675.677 (depth 1, 34 lits): UNSAT in 0.26s
    cube 1675.678 (depth 1, 34 lits): UNSAT in 0.33s
    cube 1675.679 (depth 1, 33 lits): UNSAT in 0.01s
    cube 1675.680 (depth 1, 34 lits): UNSAT in 0.01s
    cube 1675.681 (depth 1, 34 lits): UNSAT in 0.02s
    cube 1675.682 (depth 1, 33 lits): UNSAT in 0.02s
    cube 1675.683 (depth 1, 33 lits): UNSAT in 0.02s
    cube 1675.684 (depth 1, 33 lits): UNSAT in 0.01s
    cube 1675.685 (depth 1, 33 lits): UNSAT in 0.02s
    cube 1675.686 (depth 1, 34 lits): UNSAT in 0.01s
    cube 1675.687 (depth 1, 34 lits): UNSAT in 0.05s
    cube 1675.688 (depth 1, 34 lits): UNSAT in 0.04s
    cube 1675.689 (depth 1, 34 lits): UNSAT in 0.09s
    cube 1675.690 (depth 1, 34 lits): UNSAT in 0.02s
    cube 1675.691 (depth 1, 34 lits): UNSAT in 0.04s
    cube 1675.692 (depth 1, 34 lits): UNSAT in 0.03s
    cube 1675.693 (depth 1, 34 lits): UNSAT in 0.04s
    cube 1675.694 (depth 1, 34 lits): UNSAT in 0.04s
    cube 1675.695 (depth 1, 34 lits): UNSAT in 0.03s
    cube 1675.696 (depth 1, 34 lits): UNSAT in 0.04s
    cube 1675.697 (depth 1, 34 lits): UNSAT in 0.10s
    cube 1675.698 (depth 1, 34 lits): UNSAT in 0.03s
    cube 1675.699 (depth 1, 34 lits): UNSAT in 0.04s
    cube 1675.700 (depth 1, 34 lits): UNSAT in 0.05s
    cube 1675.701 (depth 1, 34 lits): UNSAT in 0.11s
    cube 1675.702 (depth 1, 34 lits): UNSAT in 0.04s
    cube 1675.703 (depth 1, 34 lits): UNSAT in 0.24s
    cube 1675.704 (depth 1, 34 lits): UNSAT in 0.17s
    cube 1675.705 (depth 1, 34 lits): UNSAT in 0.59s
    cube 1675.706 (depth 1, 34 lits): UNSAT in 0.02s
    cube 1675.707 (depth 1, 34 lits): UNSAT in 0.03s
    cube 1675.708 (depth 1, 34 lits): UNSAT in 0.03s
    cube 1675.709 (depth 1, 34 lits): UNSAT in 0.03s
    cube 1675.710 (depth 1, 34 lits): UNSAT in 0.05s
    cube 1675.711 (depth 1, 34 lits): UNSAT in 0.13s
    cube 1675.712 (depth 1, 34 lits): UNSAT in 0.02s
    cube 1675.713 (depth 1, 34 lits): UNSAT in 0.08s
    cube 1675.714 (depth 1, 34 lits): UNSAT in 0.04s
    cube 1675.715 (depth 1, 34 lits): UNSAT in 0.11s
    cube 1675.716 (depth 1, 34 lits): UNSAT in 0.05s
    cube 1675.717 (depth 1, 34 lits): UNSAT in 0.47s
    cube 1675.718 (depth 1, 34 lits): UNSAT in 0.08s
    cube 1675.719 (depth 1, 34 lits): UNSAT in 0.17s
    cube 1675.720 (depth 1, 34 lits): UNSAT in 0.06s
    cube 1675.721 (depth 1, 34 lits): UNSAT in 0.22s
    cube 1675.722 (depth 1, 34 lits): UNSAT in 0.02s
    cube 1675.723 (depth 1, 34 lits): UNSAT in 0.06s
    cube 1675.724 (depth 1, 34 lits): UNSAT in 0.03s
    cube 1675.725 (depth 1, 34 lits): UNSAT in 0.41s
    cube 1675.726 (depth 1, 34 lits): UNSAT in 0.09s
    cube 1675.727 (depth 1, 34 lits): UNSAT in 1.05s
    cube 1675.728 (depth 1, 34 lits): UNSAT in 0.75s
    cube 1675.729 (depth 1, 34 lits): UNSAT in 11.70s
    cube 1675.730 (depth 1, 34 lits): UNSAT in 0.03s
    cube 1675.731 (depth 1, 34 lits): UNSAT in 0.06s
    cube 1675.732 (depth 1, 34 lits): UNSAT in 0.02s
    cube 1675.733 (depth 1, 34 lits): UNSAT in 0.81s
    cube 1675.734 (depth 1, 34 lits): UNSAT in 0.29s
    cube 1675.735 (depth 1, 34 lits): UNSAT in 2.04s
    cube 1675.736 (depth 1, 34 lits): UNSAT in 0.25s
    cube 1675.737 (depth 1, 34 lits): UNSAT in 1.15s
    cube 1675.738 (depth 1, 34 lits): UNSAT in 0.02s
    cube 1675.739 (depth 1, 34 lits): UNSAT in 0.02s
    cube 1675.740 (depth 1, 34 lits): UNSAT in 0.02s
    cube 1675.741 (depth 1, 34 lits): UNSAT in 0.03s
    cube 1675.742 (depth 1, 34 lits): UNSAT in 0.02s
    cube 1675.743 (depth 1, 34 lits): UNSAT in 0.02s
    cube 1675.744 (depth 1, 34 lits): UNSAT in 0.02s
    cube 1675.745 (depth 1, 34 lits): UNSAT in 0.02s
    cube 1675.746 (depth 1, 34 lits): UNSAT in 0.03s
    cube 1675.747 (depth 1, 34 lits): UNSAT in 0.13s
    cube 1675.748 (depth 1, 34 lits): UNSAT in 0.05s
    cube 1675.749 (depth 1, 34 lits): UNSAT in 0.24s
    cube 1675.750 (depth 1, 34 lits): UNSAT in 0.03s
    cube 1675.751 (depth 1, 34 lits): UNSAT in 0.14s
    cube 1675.752 (depth 1, 34 lits): UNSAT in 0.25s
    cube 1675.753 (depth 1, 34 lits): UNSAT in 1.40s
    cube 1675.754 (depth 1, 34 lits): UNSAT in 0.02s
    cube 1675.755 (depth 1, 34 lits): UNSAT in 0.03s
    cube 1675.756 (depth 1, 34 lits): UNSAT in 0.08s
    cube 1675.757 (depth 1, 34 lits): UNSAT in 0.14s
    cube 1675.758 (depth 1, 34 lits): UNSAT in 0.02s
    cube 1675.759 (depth 1, 34 lits): UNSAT in 0.04s
    cube 1675.760 (depth 1, 34 lits): UNSAT in 0.25s
    cube 1675.761 (depth 1, 34 lits): UNSAT in 0.71s
    cube 1675.762 (depth 1, 34 lits): UNSAT in 0.03s
    cube 1675.763 (depth 1, 34 lits): UNSAT in 0.23s
    cube 1675.764 (depth 1, 34 lits): UNSAT in 0.13s
    cube 1675.765 (depth 1, 34 lits): UNSAT in 0.44s
    cube 1675.766 (depth 1, 34 lits): UNSAT in 0.06s
    cube 1675.767 (depth 1, 34 lits): UNSAT in 0.31s
    cube 1675.768 (depth 1, 34 lits): UNSAT in 0.93s
    cube 1675.769 (depth 1, 34 lits): UNSAT in 2.78s
    cube 1675.770 (depth 1, 34 lits): UNSAT in 0.02s
    cube 1675.771 (depth 1, 34 lits): UNSAT in 0.02s
    cube 1675.772 (depth 1, 34 lits): UNSAT in 0.02s
    cube 1675.773 (depth 1, 34 lits): UNSAT in 0.07s
    cube 1675.774 (depth 1, 34 lits): UNSAT in 0.05s
    cube 1675.775 (depth 1, 34 lits): UNSAT in 0.03s
    cube 1675.776 (depth 1, 34 lits): UNSAT in 0.03s
    cube 1675.777 (depth 1, 34 lits): UNSAT in 0.16s
    cube 1675.778 (depth 1, 34 lits): UNSAT in 0.03s
    cube 1675.779 (depth 1, 34 lits): UNSAT in 0.09s
    cube 1675.780 (depth 1, 34 lits): UNSAT in 0.18s
    cube 1675.781 (depth 1, 34 lits): UNSAT in 0.18s
    cube 1675.782 (depth 1, 34 lits): UNSAT in 0.11s
    cube 1675.783 (depth 1, 34 lits): UNSAT in 0.13s
    cube 1675.784 (depth 1, 34 lits): UNSAT in 0.72s
    cube 1675.785 (depth 1, 34 lits): UNSAT in 0.43s
    cube 1675.786 (depth 1, 34 lits): UNSAT in 0.03s
    cube 1675.787 (depth 1, 34 lits): UNSAT in 0.05s
    cube 1675.788 (depth 1, 34 lits): UNSAT in 0.05s
    cube 1675.789 (depth 1, 34 lits): UNSAT in 0.20s
    cube 1675.790 (depth 1, 34 lits): UNSAT in 0.04s
    cube 1675.791 (depth 1, 34 lits): UNSAT in 0.05s
    cube 1675.792 (depth 1, 34 lits): UNSAT in 0.28s
    cube 1675.793 (depth 1, 34 lits): UNSAT in 1.57s
    cube 1675.794 (depth 1, 34 lits): UNSAT in 0.13s
    cube 1675.795 (depth 1, 34 lits): UNSAT in 0.33s
    cube 1675.796 (depth 1, 34 lits): UNSAT in 0.23s
    cube 1675.797 (depth 1, 34 lits): UNSAT in 1.94s
    cube 1675.798 (depth 1, 34 lits): UNSAT in 0.29s
    cube 1675.799 (depth 1, 34 lits): UNSAT in 0.74s
    cube 1675.800 (depth 1, 34 lits): UNSAT in 1.61s
    cube 1675.801 (depth 1, 34 lits): UNSAT in 8.03s
    cube 1675.802 (depth 1, 34 lits): UNSAT in 0.01s
    cube 1675.803 (depth 1, 34 lits): UNSAT in 0.04s
    cube 1675.804 (depth 1, 34 lits): UNSAT in 0.02s
    cube 1675.805 (depth 1, 34 lits): UNSAT in 0.04s
    cube 1675.806 (depth 1, 34 lits): UNSAT in 0.02s
    cube 1675.807 (depth 1, 34 lits): UNSAT in 0.03s
    cube 1675.808 (depth 1, 34 lits): UNSAT in 0.02s
    cube 1675.809 (depth 1, 34 lits): UNSAT in 0.07s
    cube 1675.810 (depth 1, 34 lits): UNSAT in 0.03s
    cube 1675.811 (depth 1, 34 lits): UNSAT in 0.02s
    cube 1675.812 (depth 1, 34 lits): UNSAT in 0.03s
    cube 1675.813 (depth 1, 34 lits): UNSAT in 0.08s
    cube 1675.814 (depth 1, 34 lits): UNSAT in 0.08s
    cube 1675.815 (depth 1, 34 lits): UNSAT in 0.19s
    cube 1675.816 (depth 1, 34 lits): UNSAT in 0.11s
    cube 1675.817 (depth 1, 34 lits): UNSAT in 0.36s
    cube 1675.818 (depth 1, 34 lits): UNSAT in 0.02s
    cube 1675.819 (depth 1, 34 lits): UNSAT in 0.03s
    cube 1675.820 (depth 1, 34 lits): UNSAT in 0.03s
    cube 1675.821 (depth 1, 34 lits): UNSAT in 0.03s
    cube 1675.822 (depth 1, 34 lits): UNSAT in 0.04s
    cube 1675.823 (depth 1, 34 lits): UNSAT in 0.05s
    cube 1675.824 (depth 1, 34 lits): UNSAT in 0.15s
    cube 1675.825 (depth 1, 34 lits): UNSAT in 0.21s
    cube 1675.826 (depth 1, 34 lits): UNSAT in 0.03s
    cube 1675.827 (depth 1, 34 lits): UNSAT in 0.04s
    cube 1675.828 (depth 1, 34 lits): UNSAT in 0.13s
    cube 1675.829 (depth 1, 34 lits): UNSAT in 0.23s
    cube 1675.830 (depth 1, 34 lits): UNSAT in 0.06s
    cube 1675.831 (depth 1, 34 lits): UNSAT in 0.39s
    cube 1675.832 (depth 1, 34 lits): UNSAT in 0.72s
    cube 1675.833 (depth 1, 34 lits): UNSAT in 1.11s
    cube 1675.834 (depth 1, 33 lits): UNSAT in 0.02s
    cube 1675.835 (depth 1, 33 lits): UNSAT in 0.02s
    cube 1675.836 (depth 1, 34 lits): UNSAT in 0.03s
    cube 1675.837 (depth 1, 34 lits): UNSAT in 0.03s
    cube 1675.838 (depth 1, 34 lits): UNSAT in 0.03s
    cube 1675.839 (depth 1, 34 lits): UNSAT in 0.06s
    cube 1675.840 (depth 1, 34 lits): UNSAT in 0.02s
    cube 1675.841 (depth 1, 34 lits): UNSAT in 0.03s
    cube 1675.842 (depth 1, 34 lits): UNSAT in 0.12s
    cube 1675.843 (depth 1, 34 lits): UNSAT in 0.42s
    cube 1675.844 (depth 1, 34 lits): UNSAT in 0.03s
    cube 1675.845 (depth 1, 34 lits): UNSAT in 0.14s
    cube 1675.846 (depth 1, 34 lits): UNSAT in 0.63s
    cube 1675.847 (depth 1, 34 lits): UNSAT in 2.03s
    cube 1675.848 (depth 1, 34 lits): UNSAT in 0.03s
    cube 1675.849 (depth 1, 34 lits): UNSAT in 0.08s
    cube 1675.850 (depth 1, 34 lits): UNSAT in 0.09s
    cube 1675.851 (depth 1, 34 lits): UNSAT in 0.69s
    cube 1675.852 (depth 1, 34 lits): UNSAT in 0.42s
    cube 1675.853 (depth 1, 34 lits): UNSAT in 0.64s
    cube 1675.854 (depth 1, 34 lits): UNSAT in 0.40s
    cube 1675.855 (depth 1, 34 lits): UNSAT in 1.98s
    cube 1675.856 (depth 1, 34 lits): UNSAT in 0.02s
    cube 1675.857 (depth 1, 34 lits): UNSAT in 0.03s
    cube 1675.858 (depth 1, 34 lits): UNSAT in 0.13s
    cube 1675.859 (depth 1, 34 lits): UNSAT in 0.69s
    cube 1675.860 (depth 1, 34 lits): UNSAT in 0.39s
    cube 1675.861 (depth 1, 34 lits): UNSAT in 3.73s
    cube 1675.862 (depth 1, 34 lits): UNSAT in 4.87s
    cube 1675.863 (depth 1, 34 lits): UNSAT in 2.56s
    cube 1678 (depth 0, 24 lits): UNSAT in 0.02s
    cube 1681 (depth 0, 24 lits): UNSAT in 0.27s
    cube 1684 (depth 0, 24 lits): UNSAT in 0.30s
    cube 1687 (depth 0, 24 lits): UNSAT in 0.41s
    cube 1690 (depth 0, 24 lits): UNSAT in 0.61s
    cube 1693 (depth 0, 24 lits): UNSAT in 30.87s
    cube 1696 (depth 0, 24 lits): UNSAT in 0.14s
    cube 1699 (depth 0, 24 lits): UNSAT in 1.24s
    cube 1702 (depth 0, 24 lits): UNSAT in 0.19s
    cube 1705 (depth 0, 24 lits): UNSAT in 7.61s
    cube 1708 (depth 0, 24 lits): UNSAT in 36.45s
    cube 1711 (depth 0, 24 lits): UNSAT in 0.36s
    cube 1714 (depth 0, 24 lits): UNSAT in 0.22s
    cube 1717 (depth 0, 24 lits): UNSAT in 12.63s
    cube 1720 (depth 0, 24 lits): UNSAT in 0.83s
    cube 1723 (depth 0, 24 lits): UNSAT in 20.59s
    cube 1726 (depth 0, 24 lits): UNSAT in 0.22s
    cube 1729 (depth 0, 24 lits): UNSAT in 3.27s
    cube 1732 (depth 0, 24 lits): UNSAT in 1.96s
    cube 1735 (depth 0, 24 lits): UNSAT in 18.42s
    cube 1738 (depth 0, 24 lits): UNSAT in 4.16s
    cube 1741 (depth 0, 24 lits): TIMEOUT in 2400.10s
    cube 1741 TIMEOUT -> re-split into 875 sub-cubes (depth 1)
    cube 1741.0 (depth 1, 31 lits): UNSAT in 0.01s
    cube 1741.1 (depth 1, 32 lits): UNSAT in 0.01s
    cube 1741.2 (depth 1, 33 lits): UNSAT in 0.01s
    cube 1741.3 (depth 1, 33 lits): UNSAT in 0.02s
    cube 1741.4 (depth 1, 32 lits): UNSAT in 0.01s
    cube 1741.5 (depth 1, 34 lits): UNSAT in 0.01s
    cube 1741.6 (depth 1, 34 lits): UNSAT in 0.01s
    cube 1741.7 (depth 1, 33 lits): UNSAT in 0.01s
    cube 1741.8 (depth 1, 34 lits): UNSAT in 0.01s
    cube 1741.9 (depth 1, 34 lits): UNSAT in 0.02s
    cube 1741.10 (depth 1, 33 lits): UNSAT in 0.01s
    cube 1741.11 (depth 1, 33 lits): UNSAT in 0.01s
    cube 1741.12 (depth 1, 34 lits): UNSAT in 0.02s
    cube 1741.13 (depth 1, 34 lits): UNSAT in 0.02s
    cube 1741.14 (depth 1, 31 lits): UNSAT in 0.02s
    cube 1741.15 (depth 1, 32 lits): UNSAT in 0.02s
    cube 1741.16 (depth 1, 34 lits): UNSAT in 0.01s
    cube 1741.17 (depth 1, 34 lits): UNSAT in 0.02s
    cube 1741.18 (depth 1, 34 lits): UNSAT in 0.01s
    cube 1741.19 (depth 1, 34 lits): UNSAT in 0.03s
    cube 1741.20 (depth 1, 32 lits): UNSAT in 0.02s
    cube 1741.21 (depth 1, 33 lits): UNSAT in 0.02s
    cube 1741.22 (depth 1, 34 lits): UNSAT in 0.02s
    cube 1741.23 (depth 1, 34 lits): UNSAT in 0.03s
    cube 1741.24 (depth 1, 34 lits): UNSAT in 0.01s
    cube 1741.25 (depth 1, 34 lits): UNSAT in 0.02s
    cube 1741.26 (depth 1, 34 lits): UNSAT in 0.02s
    cube 1741.27 (depth 1, 34 lits): UNSAT in 0.03s
    cube 1741.28 (depth 1, 34 lits): UNSAT in 0.02s
    cube 1741.29 (depth 1, 34 lits): UNSAT in 0.05s
    cube 1741.30 (depth 1, 34 lits): UNSAT in 0.07s
    cube 1741.31 (depth 1, 34 lits): UNSAT in 0.12s
    cube 1741.32 (depth 1, 33 lits): UNSAT in 0.01s
    cube 1741.33 (depth 1, 33 lits): UNSAT in 0.01s
    cube 1741.34 (depth 1, 32 lits): UNSAT in 0.01s
    cube 1741.35 (depth 1, 33 lits): UNSAT in 0.01s
    cube 1741.36 (depth 1, 33 lits): UNSAT in 0.02s
    cube 1741.37 (depth 1, 34 lits): UNSAT in 0.01s
    cube 1741.38 (depth 1, 34 lits): UNSAT in 0.02s
    cube 1741.39 (depth 1, 33 lits): UNSAT in 0.01s
    cube 1741.40 (depth 1, 32 lits): UNSAT in 0.01s
    cube 1741.41 (depth 1, 33 lits): UNSAT in 0.01s
    cube 1741.42 (depth 1, 34 lits): UNSAT in 0.02s
    cube 1741.43 (depth 1, 34 lits): UNSAT in 0.02s
    cube 1741.44 (depth 1, 34 lits): UNSAT in 0.01s
    cube 1741.45 (depth 1, 34 lits): UNSAT in 0.02s
    cube 1741.46 (depth 1, 34 lits): UNSAT in 0.02s
    cube 1741.47 (depth 1, 34 lits): UNSAT in 0.03s
    cube 1741.48 (depth 1, 34 lits): UNSAT in 0.02s
    cube 1741.49 (depth 1, 34 lits): UNSAT in 0.07s
    cube 1741.50 (depth 1, 34 lits): UNSAT in 0.03s
    cube 1741.51 (depth 1, 34 lits): UNSAT in 0.07s
    cube 1741.52 (depth 1, 32 lits): UNSAT in 0.02s
    cube 1741.53 (depth 1, 34 lits): UNSAT in 0.01s
    cube 1741.54 (depth 1, 34 lits): UNSAT in 0.01s
    cube 1741.55 (depth 1, 33 lits): UNSAT in 0.01s
    cube 1741.56 (depth 1, 33 lits): UNSAT in 0.02s
    cube 1741.57 (depth 1, 34 lits): UNSAT in 0.01s
    cube 1741.58 (depth 1, 34 lits): UNSAT in 0.01s
    cube 1741.59 (depth 1, 34 lits): UNSAT in 0.01s
    cube 1741.60 (depth 1, 34 lits): UNSAT in 0.02s
    cube 1741.61 (depth 1, 34 lits): UNSAT in 0.02s
    cube 1741.62 (depth 1, 34 lits): UNSAT in 0.02s
    cube 1741.63 (depth 1, 34 lits): UNSAT in 0.02s
    cube 1741.64 (depth 1, 34 lits): UNSAT in 0.02s
    cube 1741.65 (depth 1, 34 lits): UNSAT in 0.02s
    cube 1741.66 (depth 1, 34 lits): UNSAT in 0.02s
    cube 1741.67 (depth 1, 34 lits): UNSAT in 0.05s
    cube 1741.68 (depth 1, 34 lits): UNSAT in 0.04s
    cube 1741.69 (depth 1, 34 lits): UNSAT in 0.02s
    cube 1741.70 (depth 1, 34 lits): UNSAT in 0.04s
    cube 1741.71 (depth 1, 34 lits): UNSAT in 0.02s
    cube 1741.72 (depth 1, 34 lits): UNSAT in 0.06s
    cube 1741.73 (depth 1, 34 lits): UNSAT in 0.05s
    cube 1741.74 (depth 1, 34 lits): UNSAT in 0.06s
    cube 1741.75 (depth 1, 34 lits): UNSAT in 0.02s
    cube 1741.76 (depth 1, 34 lits): UNSAT in 0.05s
    cube 1741.77 (depth 1, 34 lits): UNSAT in 0.05s
    cube 1741.78 (depth 1, 34 lits): UNSAT in 0.20s
    cube 1741.79 (depth 1, 30 lits): UNSAT in 0.02s
    cube 1741.80 (depth 1, 31 lits): UNSAT in 0.02s
    cube 1741.81 (depth 1, 34 lits): UNSAT in 0.01s
    cube 1741.82 (depth 1, 34 lits): UNSAT in 0.02s
    cube 1741.83 (depth 1, 34 lits): UNSAT in 0.02s
    cube 1741.84 (depth 1, 34 lits): UNSAT in 0.02s
    cube 1741.85 (depth 1, 34 lits): UNSAT in 0.02s
    cube 1741.86 (depth 1, 34 lits): UNSAT in 0.02s
    cube 1741.87 (depth 1, 34 lits): UNSAT in 0.03s
    cube 1741.88 (depth 1, 34 lits): UNSAT in 0.11s
    cube 1741.89 (depth 1, 33 lits): UNSAT in 0.01s
    cube 1741.90 (depth 1, 33 lits): UNSAT in 0.02s
    cube 1741.91 (depth 1, 33 lits): UNSAT in 0.01s
    cube 1741.92 (depth 1, 34 lits): UNSAT in 0.02s
    cube 1741.93 (depth 1, 34 lits): UNSAT in 0.03s
    cube 1741.94 (depth 1, 33 lits): UNSAT in 0.01s
    cube 1741.95 (depth 1, 34 lits): UNSAT in 0.01s
    cube 1741.96 (depth 1, 34 lits): UNSAT in 0.03s
    cube 1741.97 (depth 1, 33 lits): UNSAT in 0.02s
    cube 1741.98 (depth 1, 34 lits): UNSAT in 0.02s
    cube 1741.99 (depth 1, 34 lits): UNSAT in 0.10s
    cube 1741.100 (depth 1, 34 lits): UNSAT in 0.01s
    cube 1741.101 (depth 1, 34 lits): UNSAT in 0.01s
    cube 1741.102 (depth 1, 34 lits): UNSAT in 0.02s
    cube 1741.103 (depth 1, 34 lits): UNSAT in 0.02s
    cube 1741.104 (depth 1, 34 lits): UNSAT in 0.02s
    cube 1741.105 (depth 1, 34 lits): UNSAT in 0.02s
    cube 1741.106 (depth 1, 34 lits): UNSAT in 0.01s
    cube 1741.107 (depth 1, 34 lits): UNSAT in 0.04s
    cube 1741.108 (depth 1, 34 lits): UNSAT in 0.02s
    cube 1741.109 (depth 1, 34 lits): UNSAT in 0.02s
    cube 1741.110 (depth 1, 34 lits): UNSAT in 0.03s
    cube 1741.111 (depth 1, 34 lits): UNSAT in 0.06s
    cube 1741.112 (depth 1, 34 lits): UNSAT in 0.02s
    cube 1741.113 (depth 1, 34 lits): UNSAT in 0.04s
    cube 1741.114 (depth 1, 34 lits): UNSAT in 0.03s
    cube 1741.115 (depth 1, 34 lits): UNSAT in 0.11s
    cube 1741.116 (depth 1, 32 lits): UNSAT in 0.01s
    cube 1741.117 (depth 1, 33 lits): UNSAT in 0.01s
    cube 1741.118 (depth 1, 33 lits): UNSAT in 0.02s
    cube 1741.119 (depth 1, 33 lits): UNSAT in 0.01s
    cube 1741.120 (depth 1, 34 lits): UNSAT in 0.02s
    cube 1741.121 (depth 1, 34 lits): UNSAT in 0.02s
    cube 1741.122 (depth 1, 34 lits): UNSAT in 0.01s
    cube 1741.123 (depth 1, 34 lits): UNSAT in 0.02s
    cube 1741.124 (depth 1, 34 lits): UNSAT in 0.02s
    cube 1741.125 (depth 1, 34 lits): UNSAT in 0.05s
    cube 1741.126 (depth 1, 34 lits): UNSAT in 0.01s
    cube 1741.127 (depth 1, 34 lits): UNSAT in 0.01s
    cube 1741.128 (depth 1, 34 lits): UNSAT in 0.02s
    cube 1741.129 (depth 1, 34 lits): UNSAT in 0.03s
    cube 1741.130 (depth 1, 33 lits): UNSAT in 0.01s
    cube 1741.131 (depth 1, 34 lits): UNSAT in 0.03s
    cube 1741.132 (depth 1, 34 lits): UNSAT in 0.05s
    cube 1741.133 (depth 1, 34 lits): UNSAT in 0.02s
    cube 1741.134 (depth 1, 34 lits): UNSAT in 0.03s
    cube 1741.135 (depth 1, 34 lits): UNSAT in 0.06s
    cube 1741.136 (depth 1, 34 lits): UNSAT in 0.08s
    cube 1741.137 (depth 1, 34 lits): UNSAT in 0.02s
    cube 1741.138 (depth 1, 34 lits): UNSAT in 0.07s
    cube 1741.139 (depth 1, 34 lits): UNSAT in 0.06s
    cube 1741.140 (depth 1, 34 lits): UNSAT in 0.13s
    cube 1741.141 (depth 1, 34 lits): UNSAT in 0.01s
    cube 1741.142 (depth 1, 34 lits): UNSAT in 0.02s
    cube 1741.143 (depth 1, 34 lits): UNSAT in 0.02s
    cube 1741.144 (depth 1, 34 lits): UNSAT in 0.02s
    cube 1741.145 (depth 1, 33 lits): UNSAT in 0.02s
    cube 1741.146 (depth 1, 34 lits): UNSAT in 0.01s
    cube 1741.147 (depth 1, 34 lits): UNSAT in 0.02s
    cube 1741.148 (depth 1, 34 lits): UNSAT in 0.01s
    cube 1741.149 (depth 1, 34 lits): UNSAT in 0.04s
    cube 1741.150 (depth 1, 34 lits): UNSAT in 0.03s
    cube 1741.151 (depth 1, 34 lits): UNSAT in 0.07s
    cube 1741.152 (depth 1, 34 lits): UNSAT in 0.05s
    cube 1741.153 (depth 1, 34 lits): UNSAT in 0.25s
    cube 1741.154 (depth 1, 34 lits): UNSAT in 0.46s
    cube 1741.155 (depth 1, 34 lits): UNSAT in 0.42s
    cube 1741.156 (depth 1, 34 lits): UNSAT in 0.03s
    cube 1741.157 (depth 1, 34 lits): UNSAT in 0.07s
    cube 1741.158 (depth 1, 34 lits): UNSAT in 0.03s
    cube 1741.159 (depth 1, 34 lits): UNSAT in 0.07s
    cube 1741.160 (depth 1, 34 lits): UNSAT in 0.09s
    cube 1741.161 (depth 1, 34 lits): UNSAT in 0.07s
    cube 1741.162 (depth 1, 34 lits): UNSAT in 0.04s
    cube 1741.163 (depth 1, 34 lits): UNSAT in 0.47s
    cube 1741.164 (depth 1, 34 lits): UNSAT in 0.11s
    cube 1741.165 (depth 1, 34 lits): UNSAT in 0.11s
    cube 1741.166 (depth 1, 34 lits): UNSAT in 0.12s
    cube 1741.167 (depth 1, 34 lits): UNSAT in 0.45s
    cube 1741.168 (depth 1, 34 lits): UNSAT in 0.45s
    cube 1741.169 (depth 1, 34 lits): UNSAT in 0.89s
    cube 1741.170 (depth 1, 34 lits): UNSAT in 1.74s
    cube 1741.171 (depth 1, 34 lits): UNSAT in 4.00s
    cube 1741.172 (depth 1, 32 lits): UNSAT in 0.01s
    cube 1741.173 (depth 1, 34 lits): UNSAT in 0.01s
    cube 1741.174 (depth 1, 34 lits): UNSAT in 0.02s
    cube 1741.175 (depth 1, 33 lits): UNSAT in 0.02s
    cube 1741.176 (depth 1, 33 lits): UNSAT in 0.02s
    cube 1741.177 (depth 1, 33 lits): UNSAT in 0.01s
    cube 1741.178 (depth 1, 34 lits): UNSAT in 0.01s
    cube 1741.179 (depth 1, 34 lits): UNSAT in 0.01s
    cube 1741.180 (depth 1, 34 lits): UNSAT in 0.02s
    cube 1741.181 (depth 1, 34 lits): UNSAT in 0.03s
    cube 1741.182 (depth 1, 32 lits): UNSAT in 0.02s
    cube 1741.183 (depth 1, 32 lits): UNSAT in 0.02s
    cube 1741.184 (depth 1, 32 lits): UNSAT in 0.01s
    cube 1741.185 (depth 1, 34 lits): UNSAT in 0.02s
    cube 1741.186 (depth 1, 34 lits): UNSAT in 0.01s
    cube 1741.187 (depth 1, 34 lits): UNSAT in 0.03s
    cube 1741.188 (depth 1, 34 lits): UNSAT in 0.03s
    cube 1741.189 (depth 1, 34 lits): UNSAT in 0.01s
    cube 1741.190 (depth 1, 34 lits): UNSAT in 0.02s
    cube 1741.191 (depth 1, 33 lits): UNSAT in 0.02s
    cube 1741.192 (depth 1, 34 lits): UNSAT in 0.01s
    cube 1741.193 (depth 1, 34 lits): UNSAT in 0.02s
    cube 1741.194 (depth 1, 34 lits): UNSAT in 0.02s
    cube 1741.195 (depth 1, 34 lits): UNSAT in 0.03s
    cube 1741.196 (depth 1, 33 lits): UNSAT in 0.01s
    cube 1741.197 (depth 1, 34 lits): UNSAT in 0.01s
    cube 1741.198 (depth 1, 34 lits): UNSAT in 0.02s
    cube 1741.199 (depth 1, 34 lits): UNSAT in 0.02s
    cube 1741.200 (depth 1, 34 lits): UNSAT in 0.02s
    cube 1741.201 (depth 1, 34 lits): UNSAT in 0.03s
    cube 1741.202 (depth 1, 34 lits): UNSAT in 0.03s
    cube 1741.203 (depth 1, 34 lits): UNSAT in 0.01s
    cube 1741.204 (depth 1, 34 lits): UNSAT in 0.01s
    cube 1741.205 (depth 1, 34 lits): UNSAT in 0.01s
    cube 1741.206 (depth 1, 34 lits): UNSAT in 0.02s
    cube 1741.207 (depth 1, 34 lits): UNSAT in 0.01s
    cube 1741.208 (depth 1, 34 lits): UNSAT in 0.02s
    cube 1741.209 (depth 1, 34 lits): UNSAT in 0.02s
    cube 1741.210 (depth 1, 34 lits): UNSAT in 0.02s
    cube 1741.211 (depth 1, 34 lits): UNSAT in 0.01s
    cube 1741.212 (depth 1, 34 lits): UNSAT in 0.02s
    cube 1741.213 (depth 1, 34 lits): UNSAT in 0.01s
    cube 1741.214 (depth 1, 34 lits): UNSAT in 0.10s
    cube 1741.215 (depth 1, 34 lits): UNSAT in 0.01s
    cube 1741.216 (depth 1, 34 lits): UNSAT in 0.06s
    cube 1741.217 (depth 1, 34 lits): UNSAT in 0.05s
    cube 1741.218 (depth 1, 34 lits): UNSAT in 0.07s
    cube 1741.219 (depth 1, 33 lits): UNSAT in 0.01s
    cube 1741.220 (depth 1, 34 lits): UNSAT in 0.02s
    cube 1741.221 (depth 1, 34 lits): UNSAT in 0.02s
    cube 1741.222 (depth 1, 34 lits): UNSAT in 0.02s
    cube 1741.223 (depth 1, 34 lits): UNSAT in 0.01s
    cube 1741.224 (depth 1, 34 lits): UNSAT in 0.02s
    cube 1741.225 (depth 1, 34 lits): UNSAT in 0.02s
    cube 1741.226 (depth 1, 33 lits): UNSAT in 0.02s
    cube 1741.227 (depth 1, 34 lits): UNSAT in 0.01s
    cube 1741.228 (depth 1, 34 lits): UNSAT in 0.02s
    cube 1741.229 (depth 1, 34 lits): UNSAT in 0.02s
    cube 1741.230 (depth 1, 34 lits): UNSAT in 0.03s
    cube 1741.231 (depth 1, 34 lits): UNSAT in 0.02s
    cube 1741.232 (depth 1, 34 lits): UNSAT in 0.06s
    cube 1741.233 (depth 1, 33 lits): UNSAT in 0.02s
    cube 1741.234 (depth 1, 34 lits): UNSAT in 0.01s
    cube 1741.235 (depth 1, 34 lits): UNSAT in 0.02s
    cube 1741.236 (depth 1, 34 lits): UNSAT in 0.01s
    cube 1741.237 (depth 1, 34 lits): UNSAT in 0.02s
    cube 1741.238 (depth 1, 34 lits): UNSAT in 0.03s
    cube 1741.239 (depth 1, 34 lits): UNSAT in 0.02s
    cube 1741.240 (depth 1, 34 lits): UNSAT in 0.02s
    cube 1741.241 (depth 1, 34 lits): UNSAT in 0.03s
    cube 1741.242 (depth 1, 34 lits): UNSAT in 0.03s
    cube 1741.243 (depth 1, 34 lits): UNSAT in 0.04s
    cube 1741.244 (depth 1, 34 lits): UNSAT in 0.02s
    cube 1741.245 (depth 1, 34 lits): UNSAT in 0.02s
    cube 1741.246 (depth 1, 34 lits): UNSAT in 0.04s
    cube 1741.247 (depth 1, 34 lits): UNSAT in 0.11s
    cube 1741.248 (depth 1, 32 lits): UNSAT in 0.01s
    cube 1741.249 (depth 1, 34 lits): UNSAT in 0.01s
    cube 1741.250 (depth 1, 34 lits): UNSAT in 0.01s
    cube 1741.251 (depth 1, 34 lits): UNSAT in 0.01s
    cube 1741.252 (depth 1, 34 lits): UNSAT in 0.02s
    cube 1741.253 (depth 1, 34 lits): UNSAT in 0.02s
    cube 1741.254 (depth 1, 34 lits): UNSAT in 0.02s
    cube 1741.255 (depth 1, 34 lits): UNSAT in 0.04s
    cube 1741.256 (depth 1, 34 lits): UNSAT in 0.05s
    cube 1741.257 (depth 1, 34 lits): UNSAT in 0.02s
    cube 1741.258 (depth 1, 34 lits): UNSAT in 0.05s
    cube 1741.259 (depth 1, 34 lits): UNSAT in 0.05s
    cube 1741.260 (depth 1, 34 lits): UNSAT in 0.15s
    cube 1741.261 (depth 1, 34 lits): UNSAT in 0.02s
    cube 1741.262 (depth 1, 34 lits): UNSAT in 0.03s
    cube 1741.263 (depth 1, 34 lits): UNSAT in 0.02s
    cube 1741.264 (depth 1, 34 lits): UNSAT in 0.04s
    cube 1741.265 (depth 1, 34 lits): UNSAT in 0.07s
    cube 1741.266 (depth 1, 34 lits): UNSAT in 0.14s
    cube 1741.267 (depth 1, 34 lits): UNSAT in 0.07s
    cube 1741.268 (depth 1, 34 lits): UNSAT in 0.21s
    cube 1741.269 (depth 1, 34 lits): UNSAT in 0.03s
    cube 1741.270 (depth 1, 34 lits): UNSAT in 0.06s
    cube 1741.271 (depth 1, 34 lits): UNSAT in 0.04s
    cube 1741.272 (depth 1, 34 lits): UNSAT in 0.08s
    cube 1741.273 (depth 1, 34 lits): UNSAT in 0.08s
    cube 1741.274 (depth 1, 34 lits): UNSAT in 0.10s
    cube 1741.275 (depth 1, 34 lits): UNSAT in 0.07s
    cube 1741.276 (depth 1, 34 lits): UNSAT in 0.27s
    cube 1741.277 (depth 1, 32 lits): UNSAT in 0.02s
    cube 1741.278 (depth 1, 34 lits): UNSAT in 0.01s
    cube 1741.279 (depth 1, 34 lits): UNSAT in 0.02s
    cube 1741.280 (depth 1, 33 lits): UNSAT in 0.02s
    cube 1741.281 (depth 1, 34 lits): UNSAT in 0.01s
    cube 1741.282 (depth 1, 34 lits): UNSAT in 0.02s
    cube 1741.283 (depth 1, 33 lits): UNSAT in 0.01s
    cube 1741.284 (depth 1, 33 lits): UNSAT in 0.02s
    cube 1741.285 (depth 1, 34 lits): UNSAT in 0.02s
    cube 1741.286 (depth 1, 34 lits): UNSAT in 0.02s
    cube 1741.287 (depth 1, 34 lits): UNSAT in 0.01s
    cube 1741.288 (depth 1, 34 lits): UNSAT in 0.02s
    cube 1741.289 (depth 1, 34 lits): UNSAT in 0.02s
    cube 1741.290 (depth 1, 34 lits): UNSAT in 0.05s
    cube 1741.291 (depth 1, 34 lits): UNSAT in 0.02s
    cube 1741.292 (depth 1, 34 lits): UNSAT in 0.07s
    cube 1741.293 (depth 1, 34 lits): UNSAT in 0.05s
    cube 1741.294 (depth 1, 34 lits): UNSAT in 0.07s
    cube 1741.295 (depth 1, 34 lits): UNSAT in 0.02s
    cube 1741.296 (depth 1, 34 lits): UNSAT in 0.03s
    cube 1741.297 (depth 1, 34 lits): UNSAT in 0.04s
    cube 1741.298 (depth 1, 34 lits): UNSAT in 0.04s
    cube 1741.299 (depth 1, 34 lits): UNSAT in 0.02s
    cube 1741.300 (depth 1, 34 lits): UNSAT in 0.06s
    cube 1741.301 (depth 1, 34 lits): UNSAT in 0.04s
    cube 1741.302 (depth 1, 34 lits): UNSAT in 0.27s
    cube 1741.303 (depth 1, 33 lits): UNSAT in 0.02s
    cube 1741.304 (depth 1, 34 lits): UNSAT in 0.02s
    cube 1741.305 (depth 1, 34 lits): UNSAT in 0.03s
    cube 1741.306 (depth 1, 33 lits): UNSAT in 0.02s
    cube 1741.307 (depth 1, 34 lits): UNSAT in 0.02s
    cube 1741.308 (depth 1, 34 lits): UNSAT in 0.06s
    cube 1741.309 (depth 1, 34 lits): UNSAT in 0.02s
    cube 1741.310 (depth 1, 34 lits): UNSAT in 0.04s
    cube 1741.311 (depth 1, 34 lits): UNSAT in 0.02s
    cube 1741.312 (depth 1, 34 lits): UNSAT in 0.07s
    cube 1741.313 (depth 1, 34 lits): UNSAT in 0.03s
    cube 1741.314 (depth 1, 34 lits): UNSAT in 0.07s
    cube 1741.315 (depth 1, 34 lits): UNSAT in 0.09s
    cube 1741.316 (depth 1, 34 lits): UNSAT in 0.33s
    cube 1741.317 (depth 1, 34 lits): UNSAT in 0.02s
    cube 1741.318 (depth 1, 34 lits): UNSAT in 0.04s
    cube 1741.319 (depth 1, 34 lits): UNSAT in 0.03s
    cube 1741.320 (depth 1, 34 lits): UNSAT in 0.04s
    cube 1741.321 (depth 1, 34 lits): UNSAT in 0.02s
    cube 1741.322 (depth 1, 34 lits): UNSAT in 0.06s
    cube 1741.323 (depth 1, 34 lits): UNSAT in 0.05s
    cube 1741.324 (depth 1, 34 lits): UNSAT in 0.19s
    cube 1741.325 (depth 1, 34 lits): UNSAT in 0.02s
    cube 1741.326 (depth 1, 34 lits): UNSAT in 0.07s
    cube 1741.327 (depth 1, 34 lits): UNSAT in 0.13s
    cube 1741.328 (depth 1, 34 lits): UNSAT in 0.14s
    cube 1741.329 (depth 1, 34 lits): UNSAT in 0.04s
    cube 1741.330 (depth 1, 34 lits): UNSAT in 0.09s
    cube 1741.331 (depth 1, 34 lits): UNSAT in 1.02s
    cube 1741.332 (depth 1, 34 lits): UNSAT in 0.53s
    cube 1741.333 (depth 1, 34 lits): UNSAT in 0.01s
    cube 1741.334 (depth 1, 34 lits): UNSAT in 0.02s
    cube 1741.335 (depth 1, 34 lits): UNSAT in 0.02s
    cube 1741.336 (depth 1, 34 lits): UNSAT in 0.03s
    cube 1741.337 (depth 1, 34 lits): UNSAT in 0.02s
    cube 1741.338 (depth 1, 34 lits): UNSAT in 0.03s
    cube 1741.339 (depth 1, 34 lits): UNSAT in 0.02s
    cube 1741.340 (depth 1, 34 lits): UNSAT in 0.10s
    cube 1741.341 (depth 1, 34 lits): UNSAT in 0.02s
    cube 1741.342 (depth 1, 34 lits): UNSAT in 0.04s
    cube 1741.343 (depth 1, 34 lits): UNSAT in 0.02s
    cube 1741.344 (depth 1, 34 lits): UNSAT in 0.04s
    cube 1741.345 (depth 1, 34 lits): UNSAT in 0.03s
    cube 1741.346 (depth 1, 34 lits): UNSAT in 0.05s
    cube 1741.347 (depth 1, 34 lits): UNSAT in 0.07s
    cube 1741.348 (depth 1, 34 lits): UNSAT in 0.37s
    cube 1741.349 (depth 1, 34 lits): UNSAT in 0.01s
    cube 1741.350 (depth 1, 34 lits): UNSAT in 0.03s
    cube 1741.351 (depth 1, 34 lits): UNSAT in 0.04s
    cube 1741.352 (depth 1, 34 lits): UNSAT in 0.07s
    cube 1741.353 (depth 1, 34 lits): UNSAT in 0.04s
    cube 1741.354 (depth 1, 34 lits): UNSAT in 0.08s
    cube 1741.355 (depth 1, 34 lits): UNSAT in 0.12s
    cube 1741.356 (depth 1, 34 lits): UNSAT in 0.40s
    cube 1741.357 (depth 1, 34 lits): UNSAT in 0.03s
    cube 1741.358 (depth 1, 34 lits): UNSAT in 0.06s
    cube 1741.359 (depth 1, 34 lits): UNSAT in 0.20s
    cube 1741.360 (depth 1, 34 lits): UNSAT in 0.57s
    cube 1741.361 (depth 1, 34 lits): UNSAT in 0.33s
    cube 1741.362 (depth 1, 34 lits): UNSAT in 1.24s
    cube 1741.363 (depth 1, 34 lits): UNSAT in 0.34s
    cube 1741.364 (depth 1, 34 lits): UNSAT in 0.80s
    cube 1741.365 (depth 1, 34 lits): UNSAT in 0.03s
    cube 1741.366 (depth 1, 34 lits): UNSAT in 0.08s
    cube 1741.367 (depth 1, 34 lits): UNSAT in 0.07s
    cube 1741.368 (depth 1, 34 lits): UNSAT in 0.08s
    cube 1741.369 (depth 1, 34 lits): UNSAT in 0.07s
    cube 1741.370 (depth 1, 34 lits): UNSAT in 0.17s
    cube 1741.371 (depth 1, 34 lits): UNSAT in 0.09s
    cube 1741.372 (depth 1, 34 lits): UNSAT in 1.03s
    cube 1741.373 (depth 1, 34 lits): UNSAT in 0.05s
    cube 1741.374 (depth 1, 34 lits): UNSAT in 0.16s
    cube 1741.375 (depth 1, 34 lits): UNSAT in 0.11s
    cube 1741.376 (depth 1, 34 lits): UNSAT in 0.30s
    cube 1741.377 (depth 1, 34 lits): UNSAT in 0.13s
    cube 1741.378 (depth 1, 34 lits): UNSAT in 0.35s
    cube 1741.379 (depth 1, 34 lits): UNSAT in 0.55s
    cube 1741.380 (depth 1, 34 lits): UNSAT in 2.91s
    cube 1741.381 (depth 1, 34 lits): UNSAT in 0.04s
    cube 1741.382 (depth 1, 34 lits): UNSAT in 0.07s
    cube 1741.383 (depth 1, 34 lits): UNSAT in 0.12s
    cube 1741.384 (depth 1, 34 lits): UNSAT in 0.25s
    cube 1741.385 (depth 1, 34 lits): UNSAT in 0.15s
    cube 1741.386 (depth 1, 34 lits): UNSAT in 0.59s
    cube 1741.387 (depth 1, 34 lits): UNSAT in 0.36s
    cube 1741.388 (depth 1, 34 lits): UNSAT in 3.07s
    cube 1741.389 (depth 1, 34 lits): UNSAT in 0.07s
    cube 1741.390 (depth 1, 34 lits): UNSAT in 0.28s
    cube 1741.391 (depth 1, 34 lits): UNSAT in 1.23s
    cube 1741.392 (depth 1, 34 lits): UNSAT in 4.31s
    cube 1741.393 (depth 1, 34 lits): UNSAT in 0.49s
    cube 1741.394 (depth 1, 34 lits): UNSAT in 5.28s
    cube 1741.395 (depth 1, 34 lits): UNSAT in 8.91s
    cube 1741.396 (depth 1, 34 lits): UNSAT in 9.64s
    cube 1741.397 (depth 1, 32 lits): UNSAT in 0.01s
    cube 1741.398 (depth 1, 32 lits): UNSAT in 0.02s
    cube 1741.399 (depth 1, 32 lits): UNSAT in 0.01s
    cube 1741.400 (depth 1, 33 lits): UNSAT in 0.02s
    cube 1741.401 (depth 1, 34 lits): UNSAT in 0.02s
    cube 1741.402 (depth 1, 34 lits): UNSAT in 0.06s
    cube 1741.403 (depth 1, 32 lits): UNSAT in 0.02s
    cube 1741.404 (depth 1, 33 lits): UNSAT in 0.02s
    cube 1741.405 (depth 1, 34 lits): UNSAT in 0.02s
    cube 1741.406 (depth 1, 34 lits): UNSAT in 0.02s
    cube 1741.407 (depth 1, 33 lits): UNSAT in 0.01s
    cube 1741.408 (depth 1, 34 lits): UNSAT in 0.01s
    cube 1741.409 (depth 1, 34 lits): UNSAT in 0.02s
    cube 1741.410 (depth 1, 34 lits): UNSAT in 0.02s
    cube 1741.411 (depth 1, 34 lits): UNSAT in 0.03s
    cube 1741.412 (depth 1, 34 lits): UNSAT in 0.03s
    cube 1741.413 (depth 1, 34 lits): UNSAT in 0.09s
    cube 1741.414 (depth 1, 34 lits): UNSAT in 0.01s
    cube 1741.415 (depth 1, 34 lits): UNSAT in 0.02s
    cube 1741.416 (depth 1, 34 lits): UNSAT in 0.02s
    cube 1741.417 (depth 1, 34 lits): UNSAT in 0.08s
    cube 1741.418 (depth 1, 34 lits): UNSAT in 0.02s
    cube 1741.419 (depth 1, 34 lits): UNSAT in 0.13s
    cube 1741.420 (depth 1, 34 lits): UNSAT in 0.23s
    cube 1741.421 (depth 1, 34 lits): UNSAT in 0.21s
    cube 1741.422 (depth 1, 34 lits): UNSAT in 0.02s
    cube 1741.423 (depth 1, 34 lits): UNSAT in 0.06s
    cube 1741.424 (depth 1, 34 lits): UNSAT in 0.02s
    cube 1741.425 (depth 1, 34 lits): UNSAT in 0.20s
    cube 1741.426 (depth 1, 34 lits): UNSAT in 0.06s
    cube 1741.427 (depth 1, 34 lits): UNSAT in 0.13s
    cube 1741.428 (depth 1, 34 lits): UNSAT in 0.18s
    cube 1741.429 (depth 1, 34 lits): UNSAT in 0.53s
    cube 1741.430 (depth 1, 34 lits): UNSAT in 0.02s
    cube 1741.431 (depth 1, 34 lits): UNSAT in 0.03s
    cube 1741.432 (depth 1, 34 lits): UNSAT in 0.04s
    cube 1741.433 (depth 1, 34 lits): UNSAT in 0.07s
    cube 1741.434 (depth 1, 34 lits): UNSAT in 0.02s
    cube 1741.435 (depth 1, 34 lits): UNSAT in 0.04s
    cube 1741.436 (depth 1, 34 lits): UNSAT in 0.12s
    cube 1741.437 (depth 1, 34 lits): UNSAT in 0.41s
    cube 1741.438 (depth 1, 34 lits): UNSAT in 0.03s
    cube 1741.439 (depth 1, 34 lits): UNSAT in 0.08s
    cube 1741.440 (depth 1, 34 lits): UNSAT in 0.04s
    cube 1741.441 (depth 1, 34 lits): UNSAT in 0.51s
    cube 1741.442 (depth 1, 34 lits): UNSAT in 0.17s
    cube 1741.443 (depth 1, 34 lits): UNSAT in 0.76s
    cube 1741.444 (depth 1, 34 lits): UNSAT in 0.79s
    cube 1741.445 (depth 1, 34 lits): UNSAT in 1.90s
    cube 1741.446 (depth 1, 33 lits): UNSAT in 0.01s
    cube 1741.447 (depth 1, 34 lits): UNSAT in 0.01s
    cube 1741.448 (depth 1, 34 lits): UNSAT in 0.02s
    cube 1741.449 (depth 1, 34 lits): UNSAT in 0.01s
    cube 1741.450 (depth 1, 34 lits): UNSAT in 0.02s
    cube 1741.451 (depth 1, 34 lits): UNSAT in 0.02s
    cube 1741.452 (depth 1, 34 lits): UNSAT in 0.04s
    cube 1741.453 (depth 1, 34 lits): UNSAT in 0.01s
    cube 1741.454 (depth 1, 34 lits): UNSAT in 0.01s
    cube 1741.455 (depth 1, 34 lits): UNSAT in 0.01s
    cube 1741.456 (depth 1, 34 lits): UNSAT in 0.02s
    cube 1741.457 (depth 1, 34 lits): UNSAT in 0.02s
    cube 1741.458 (depth 1, 34 lits): UNSAT in 0.02s
    cube 1741.459 (depth 1, 34 lits): UNSAT in 0.02s
    cube 1741.460 (depth 1, 34 lits): UNSAT in 0.13s
    cube 1741.461 (depth 1, 34 lits): UNSAT in 0.01s
    cube 1741.462 (depth 1, 34 lits): UNSAT in 0.02s
    cube 1741.463 (depth 1, 33 lits): UNSAT in 0.01s
    cube 1741.464 (depth 1, 34 lits): UNSAT in 0.02s
    cube 1741.465 (depth 1, 34 lits): UNSAT in 0.02s
    cube 1741.466 (depth 1, 34 lits): UNSAT in 0.03s
    cube 1741.467 (depth 1, 34 lits): UNSAT in 0.04s
    cube 1741.468 (depth 1, 34 lits): UNSAT in 0.01s
    cube 1741.469 (depth 1, 34 lits): UNSAT in 0.03s
    cube 1741.470 (depth 1, 34 lits): UNSAT in 0.03s
    cube 1741.471 (depth 1, 34 lits): UNSAT in 0.03s
    cube 1741.472 (depth 1, 34 lits): UNSAT in 0.02s
    cube 1741.473 (depth 1, 34 lits): UNSAT in 0.03s
    cube 1741.474 (depth 1, 34 lits): UNSAT in 0.04s
    cube 1741.475 (depth 1, 34 lits): UNSAT in 0.14s
    cube 1741.476 (depth 1, 34 lits): UNSAT in 0.01s
    cube 1741.477 (depth 1, 34 lits): UNSAT in 0.02s
    cube 1741.478 (depth 1, 34 lits): UNSAT in 0.02s
    cube 1741.479 (depth 1, 34 lits): UNSAT in 0.03s
    cube 1741.480 (depth 1, 34 lits): UNSAT in 0.02s
    cube 1741.481 (depth 1, 34 lits): UNSAT in 0.04s
    cube 1741.482 (depth 1, 34 lits): UNSAT in 0.06s
    cube 1741.483 (depth 1, 34 lits): UNSAT in 0.18s
    cube 1741.484 (depth 1, 34 lits): UNSAT in 0.02s
    cube 1741.485 (depth 1, 34 lits): UNSAT in 0.04s
    cube 1741.486 (depth 1, 34 lits): UNSAT in 0.07s
    cube 1741.487 (depth 1, 34 lits): UNSAT in 0.11s
    cube 1741.488 (depth 1, 34 lits): UNSAT in 0.04s
    cube 1741.489 (depth 1, 34 lits): UNSAT in 0.08s
    cube 1741.490 (depth 1, 34 lits): UNSAT in 0.14s
    cube 1741.491 (depth 1, 34 lits): UNSAT in 0.73s
    cube 1741.492 (depth 1, 34 lits): UNSAT in 0.03s
    cube 1741.493 (depth 1, 34 lits): UNSAT in 0.04s
    cube 1741.494 (depth 1, 34 lits): UNSAT in 0.06s
    cube 1741.495 (depth 1, 34 lits): UNSAT in 0.12s
    cube 1741.496 (depth 1, 34 lits): UNSAT in 0.08s
    cube 1741.497 (depth 1, 34 lits): UNSAT in 0.13s
    cube 1741.498 (depth 1, 34 lits): UNSAT in 0.08s
    cube 1741.499 (depth 1, 34 lits): UNSAT in 0.31s
    cube 1741.500 (depth 1, 34 lits): UNSAT in 0.05s
    cube 1741.501 (depth 1, 34 lits): UNSAT in 0.13s
    cube 1741.502 (depth 1, 34 lits): UNSAT in 0.06s
    cube 1741.503 (depth 1, 34 lits): UNSAT in 0.41s
    cube 1741.504 (depth 1, 34 lits): UNSAT in 0.12s
    cube 1741.505 (depth 1, 34 lits): UNSAT in 0.70s
    cube 1741.506 (depth 1, 34 lits): UNSAT in 0.44s
    cube 1741.507 (depth 1, 34 lits): UNSAT in 3.48s
    cube 1741.508 (depth 1, 31 lits): UNSAT in 0.02s
    cube 1741.509 (depth 1, 34 lits): UNSAT in 0.01s
    cube 1741.510 (depth 1, 34 lits): UNSAT in 0.02s
    cube 1741.511 (depth 1, 34 lits): UNSAT in 0.01s
    cube 1741.512 (depth 1, 34 lits): UNSAT in 0.03s
    cube 1741.513 (depth 1, 34 lits): UNSAT in 0.01s
    cube 1741.514 (depth 1, 34 lits): UNSAT in 0.03s
    cube 1741.515 (depth 1, 34 lits): UNSAT in 0.04s
    cube 1741.516 (depth 1, 34 lits): UNSAT in 0.05s
    cube 1741.517 (depth 1, 34 lits): UNSAT in 0.01s
    cube 1741.518 (depth 1, 34 lits): UNSAT in 0.02s
    cube 1741.519 (depth 1, 33 lits): UNSAT in 0.02s
    cube 1741.520 (depth 1, 34 lits): UNSAT in 0.02s
    cube 1741.521 (depth 1, 34 lits): UNSAT in 0.02s
    cube 1741.522 (depth 1, 34 lits): UNSAT in 0.03s
    cube 1741.523 (depth 1, 34 lits): UNSAT in 0.04s
    cube 1741.524 (depth 1, 34 lits): UNSAT in 0.02s
    cube 1741.525 (depth 1, 34 lits): UNSAT in 0.04s
    cube 1741.526 (depth 1, 34 lits): UNSAT in 0.02s
    cube 1741.527 (depth 1, 34 lits): UNSAT in 0.06s
    cube 1741.528 (depth 1, 34 lits): UNSAT in 0.02s
    cube 1741.529 (depth 1, 34 lits): UNSAT in 0.08s
    cube 1741.530 (depth 1, 34 lits): UNSAT in 0.03s
    cube 1741.531 (depth 1, 34 lits): UNSAT in 0.13s
    cube 1741.532 (depth 1, 34 lits): UNSAT in 0.02s
    cube 1741.533 (depth 1, 34 lits): UNSAT in 0.02s
    cube 1741.534 (depth 1, 34 lits): UNSAT in 0.02s
    cube 1741.535 (depth 1, 34 lits): UNSAT in 0.02s
    cube 1741.536 (depth 1, 34 lits): UNSAT in 0.02s
    cube 1741.537 (depth 1, 34 lits): UNSAT in 0.06s
    cube 1741.538 (depth 1, 34 lits): UNSAT in 0.02s
    cube 1741.539 (depth 1, 34 lits): UNSAT in 0.06s
    cube 1741.540 (depth 1, 34 lits): UNSAT in 0.01s
    cube 1741.541 (depth 1, 34 lits): UNSAT in 0.02s
    cube 1741.542 (depth 1, 34 lits): UNSAT in 0.02s
    cube 1741.543 (depth 1, 34 lits): UNSAT in 0.09s
    cube 1741.544 (depth 1, 34 lits): UNSAT in 0.02s
    cube 1741.545 (depth 1, 34 lits): UNSAT in 0.03s
    cube 1741.546 (depth 1, 34 lits): UNSAT in 0.06s
    cube 1741.547 (depth 1, 34 lits): UNSAT in 0.21s
    cube 1741.548 (depth 1, 34 lits): UNSAT in 0.03s
    cube 1741.549 (depth 1, 34 lits): UNSAT in 0.06s
    cube 1741.550 (depth 1, 34 lits): UNSAT in 0.03s
    cube 1741.551 (depth 1, 34 lits): UNSAT in 0.14s
    cube 1741.552 (depth 1, 34 lits): UNSAT in 0.06s
    cube 1741.553 (depth 1, 34 lits): UNSAT in 0.13s
    cube 1741.554 (depth 1, 34 lits): UNSAT in 0.26s
    cube 1741.555 (depth 1, 34 lits): UNSAT in 0.36s
    cube 1741.556 (depth 1, 34 lits): UNSAT in 0.08s
    cube 1741.557 (depth 1, 34 lits): UNSAT in 0.16s
    cube 1741.558 (depth 1, 34 lits): UNSAT in 0.12s
    cube 1741.559 (depth 1, 34 lits): UNSAT in 0.80s
    cube 1741.560 (depth 1, 34 lits): UNSAT in 0.18s
    cube 1741.561 (depth 1, 34 lits): UNSAT in 1.30s
    cube 1741.562 (depth 1, 34 lits): UNSAT in 0.96s
    cube 1741.563 (depth 1, 34 lits): UNSAT in 6.03s
    cube 1741.564 (depth 1, 34 lits): UNSAT in 0.02s
    cube 1741.565 (depth 1, 34 lits): UNSAT in 0.02s
    cube 1741.566 (depth 1, 34 lits): UNSAT in 0.02s
    cube 1741.567 (depth 1, 34 lits): UNSAT in 0.03s
    cube 1741.568 (depth 1, 34 lits): UNSAT in 0.01s
    cube 1741.569 (depth 1, 34 lits): UNSAT in 0.03s
    cube 1741.570 (depth 1, 34 lits): UNSAT in 0.15s
    cube 1741.571 (depth 1, 34 lits): UNSAT in 0.25s
    cube 1741.572 (depth 1, 34 lits): UNSAT in 0.02s
    cube 1741.573 (depth 1, 34 lits): UNSAT in 0.06s
    cube 1741.574 (depth 1, 34 lits): UNSAT in 0.06s
    cube 1741.575 (depth 1, 34 lits): UNSAT in 0.33s
    cube 1741.576 (depth 1, 34 lits): UNSAT in 0.09s
    cube 1741.577 (depth 1, 34 lits): UNSAT in 0.22s
    cube 1741.578 (depth 1, 34 lits): UNSAT in 0.19s
    cube 1741.579 (depth 1, 34 lits): UNSAT in 3.34s
    cube 1741.580 (depth 1, 34 lits): UNSAT in 0.01s
    cube 1741.581 (depth 1, 34 lits): UNSAT in 0.02s
    cube 1741.582 (depth 1, 34 lits): UNSAT in 0.03s
    cube 1741.583 (depth 1, 34 lits): UNSAT in 0.18s
    cube 1741.584 (depth 1, 34 lits): UNSAT in 0.03s
    cube 1741.585 (depth 1, 34 lits): UNSAT in 0.09s
    cube 1741.586 (depth 1, 34 lits): UNSAT in 0.08s
    cube 1741.587 (depth 1, 34 lits): UNSAT in 0.34s
    cube 1741.588 (depth 1, 34 lits): UNSAT in 0.04s
    cube 1741.589 (depth 1, 34 lits): UNSAT in 0.08s
    cube 1741.590 (depth 1, 34 lits): UNSAT in 0.20s
    cube 1741.591 (depth 1, 34 lits): UNSAT in 1.29s
    cube 1741.592 (depth 1, 34 lits): UNSAT in 0.58s
    cube 1741.593 (depth 1, 34 lits): UNSAT in 3.90s
    cube 1741.594 (depth 1, 34 lits): UNSAT in 2.46s
    cube 1741.595 (depth 1, 34 lits): UNSAT in 11.29s
    cube 1741.596 (depth 1, 34 lits): UNSAT in 0.05s
    cube 1741.597 (depth 1, 34 lits): UNSAT in 0.12s
    cube 1741.598 (depth 1, 34 lits): UNSAT in 0.03s
    cube 1741.599 (depth 1, 34 lits): UNSAT in 0.11s
    cube 1741.600 (depth 1, 34 lits): UNSAT in 0.04s
    cube 1741.601 (depth 1, 34 lits): UNSAT in 0.20s
    cube 1741.602 (depth 1, 34 lits): UNSAT in 0.50s
    cube 1741.603 (depth 1, 34 lits): UNSAT in 0.53s
    cube 1741.604 (depth 1, 34 lits): UNSAT in 0.03s
    cube 1741.605 (depth 1, 34 lits): UNSAT in 0.05s
    cube 1741.606 (depth 1, 34 lits): UNSAT in 0.10s
    cube 1741.607 (depth 1, 34 lits): UNSAT in 0.16s
    cube 1741.608 (depth 1, 34 lits): UNSAT in 0.35s
    cube 1741.609 (depth 1, 34 lits): UNSAT in 0.36s
    cube 1741.610 (depth 1, 34 lits): UNSAT in 2.43s
    cube 1741.611 (depth 1, 34 lits): UNSAT in 3.43s
    cube 1741.612 (depth 1, 34 lits): UNSAT in 0.02s
    cube 1741.613 (depth 1, 34 lits): UNSAT in 0.04s
    cube 1741.614 (depth 1, 34 lits): UNSAT in 0.09s
    cube 1741.615 (depth 1, 34 lits): UNSAT in 0.54s
    cube 1741.616 (depth 1, 34 lits): UNSAT in 0.14s
    cube 1741.617 (depth 1, 34 lits): UNSAT in 0.44s
    cube 1741.618 (depth 1, 34 lits): UNSAT in 0.52s
    cube 1741.619 (depth 1, 34 lits): UNSAT in 5.31s
    cube 1741.620 (depth 1, 34 lits): UNSAT in 0.09s
    cube 1741.621 (depth 1, 34 lits): UNSAT in 0.32s
    cube 1741.622 (depth 1, 34 lits): UNSAT in 1.01s
    cube 1741.623 (depth 1, 34 lits): UNSAT in 7.21s
    cube 1741.624 (depth 1, 34 lits): UNSAT in 0.88s
    cube 1741.625 (depth 1, 34 lits): UNSAT in 4.02s
    cube 1741.626 (depth 1, 34 lits): UNSAT in 3.83s
    cube 1741.627 (depth 1, 34 lits): UNSAT in 22.22s
    cube 1741.628 (depth 1, 32 lits): UNSAT in 0.02s
    cube 1741.629 (depth 1, 33 lits): UNSAT in 0.02s
    cube 1741.630 (depth 1, 34 lits): UNSAT in 0.02s
    cube 1741.631 (depth 1, 34 lits): UNSAT in 0.04s
    cube 1741.632 (depth 1, 33 lits): UNSAT in 0.02s
    cube 1741.633 (depth 1, 34 lits): UNSAT in 0.02s
    cube 1741.634 (depth 1, 34 lits): UNSAT in 0.02s
    cube 1741.635 (depth 1, 34 lits): UNSAT in 0.02s
    cube 1741.636 (depth 1, 34 lits): UNSAT in 0.02s
    cube 1741.637 (depth 1, 34 lits): UNSAT in 0.01s
    cube 1741.638 (depth 1, 34 lits): UNSAT in 0.08s
    cube 1741.639 (depth 1, 34 lits): UNSAT in 0.01s
    cube 1741.640 (depth 1, 34 lits): UNSAT in 0.02s
    cube 1741.641 (depth 1, 34 lits): UNSAT in 0.02s
    cube 1741.642 (depth 1, 34 lits): UNSAT in 0.04s
    cube 1741.643 (depth 1, 34 lits): UNSAT in 0.03s
    cube 1741.644 (depth 1, 34 lits): UNSAT in 0.12s
    cube 1741.645 (depth 1, 34 lits): UNSAT in 0.08s
    cube 1741.646 (depth 1, 34 lits): UNSAT in 0.34s
    cube 1741.647 (depth 1, 34 lits): UNSAT in 0.02s
    cube 1741.648 (depth 1, 34 lits): UNSAT in 0.02s
    cube 1741.649 (depth 1, 34 lits): UNSAT in 0.03s
    cube 1741.650 (depth 1, 34 lits): UNSAT in 0.13s
    cube 1741.651 (depth 1, 34 lits): UNSAT in 0.06s
    cube 1741.652 (depth 1, 34 lits): UNSAT in 0.65s
    cube 1741.653 (depth 1, 34 lits): UNSAT in 0.54s
    cube 1741.654 (depth 1, 34 lits): UNSAT in 1.27s
    cube 1741.655 (depth 1, 33 lits): UNSAT in 0.01s
    cube 1741.656 (depth 1, 34 lits): UNSAT in 0.01s
    cube 1741.657 (depth 1, 34 lits): UNSAT in 0.02s
    cube 1741.658 (depth 1, 34 lits): UNSAT in 0.02s
    cube 1741.659 (depth 1, 34 lits): UNSAT in 0.03s
    cube 1741.660 (depth 1, 34 lits): UNSAT in 0.02s
    cube 1741.661 (depth 1, 34 lits): UNSAT in 0.03s
    cube 1741.662 (depth 1, 33 lits): UNSAT in 0.01s
    cube 1741.663 (depth 1, 34 lits): UNSAT in 0.02s
    cube 1741.664 (depth 1, 34 lits): UNSAT in 0.03s
    cube 1741.665 (depth 1, 34 lits): UNSAT in 0.02s
    cube 1741.666 (depth 1, 34 lits): UNSAT in 0.04s
    cube 1741.667 (depth 1, 34 lits): UNSAT in 0.07s
    cube 1741.668 (depth 1, 34 lits): UNSAT in 0.21s
    cube 1741.669 (depth 1, 34 lits): UNSAT in 0.02s
    cube 1741.670 (depth 1, 34 lits): UNSAT in 0.03s
    cube 1741.671 (depth 1, 34 lits): UNSAT in 0.05s
    cube 1741.672 (depth 1, 34 lits): UNSAT in 0.08s
    cube 1741.673 (depth 1, 34 lits): UNSAT in 0.03s
    cube 1741.674 (depth 1, 34 lits): UNSAT in 0.07s
    cube 1741.675 (depth 1, 34 lits): UNSAT in 0.06s
    cube 1741.676 (depth 1, 34 lits): UNSAT in 0.56s
    cube 1741.677 (depth 1, 34 lits): UNSAT in 0.04s
    cube 1741.678 (depth 1, 34 lits): UNSAT in 0.20s
    cube 1741.679 (depth 1, 34 lits): UNSAT in 0.37s
    cube 1741.680 (depth 1, 34 lits): UNSAT in 0.55s
    cube 1741.681 (depth 1, 34 lits): UNSAT in 0.12s
    cube 1741.682 (depth 1, 34 lits): UNSAT in 0.81s
    cube 1741.683 (depth 1, 34 lits): UNSAT in 0.52s
    cube 1741.684 (depth 1, 34 lits): UNSAT in 3.21s
    cube 1741.685 (depth 1, 33 lits): UNSAT in 0.01s
    cube 1741.686 (depth 1, 34 lits): UNSAT in 0.01s
    cube 1741.687 (depth 1, 34 lits): UNSAT in 0.02s
    cube 1741.688 (depth 1, 34 lits): UNSAT in 0.01s
    cube 1741.689 (depth 1, 34 lits): UNSAT in 0.03s
    cube 1741.690 (depth 1, 34 lits): UNSAT in 0.04s
    cube 1741.691 (depth 1, 34 lits): UNSAT in 0.04s
    cube 1741.692 (depth 1, 34 lits): UNSAT in 0.01s
    cube 1741.693 (depth 1, 34 lits): UNSAT in 0.03s
    cube 1741.694 (depth 1, 34 lits): UNSAT in 0.03s
    cube 1741.695 (depth 1, 34 lits): UNSAT in 0.05s
    cube 1741.696 (depth 1, 34 lits): UNSAT in 0.02s
    cube 1741.697 (depth 1, 34 lits): UNSAT in 0.03s
    cube 1741.698 (depth 1, 34 lits): UNSAT in 0.13s
    cube 1741.699 (depth 1, 34 lits): UNSAT in 0.28s
    cube 1741.700 (depth 1, 34 lits): UNSAT in 0.02s
    cube 1741.701 (depth 1, 34 lits): UNSAT in 0.01s
    cube 1741.702 (depth 1, 34 lits): UNSAT in 0.02s
    cube 1741.703 (depth 1, 34 lits): UNSAT in 0.03s
    cube 1741.704 (depth 1, 34 lits): UNSAT in 0.04s
    cube 1741.705 (depth 1, 34 lits): UNSAT in 0.03s
    cube 1741.706 (depth 1, 34 lits): UNSAT in 0.09s
    cube 1741.707 (depth 1, 34 lits): UNSAT in 0.17s
    cube 1741.708 (depth 1, 34 lits): UNSAT in 0.06s
    cube 1741.709 (depth 1, 34 lits): UNSAT in 0.16s
    cube 1741.710 (depth 1, 34 lits): UNSAT in 0.02s
    cube 1741.711 (depth 1, 34 lits): UNSAT in 0.41s
    cube 1741.712 (depth 1, 34 lits): UNSAT in 0.10s
    cube 1741.713 (depth 1, 34 lits): UNSAT in 0.64s
    cube 1741.714 (depth 1, 34 lits): UNSAT in 0.51s
    cube 1741.715 (depth 1, 34 lits): UNSAT in 1.36s
    cube 1741.716 (depth 1, 34 lits): UNSAT in 0.02s
    cube 1741.717 (depth 1, 34 lits): UNSAT in 0.03s
    cube 1741.718 (depth 1, 34 lits): UNSAT in 0.01s
    cube 1741.719 (depth 1, 34 lits): UNSAT in 0.05s
    cube 1741.720 (depth 1, 34 lits): UNSAT in 0.03s
    cube 1741.721 (depth 1, 34 lits): UNSAT in 0.07s
    cube 1741.722 (depth 1, 34 lits): UNSAT in 0.05s
    cube 1741.723 (depth 1, 34 lits): UNSAT in 0.16s
    cube 1741.724 (depth 1, 34 lits): UNSAT in 0.02s
    cube 1741.725 (depth 1, 34 lits): UNSAT in 0.04s
    cube 1741.726 (depth 1, 34 lits): UNSAT in 0.06s
    cube 1741.727 (depth 1, 34 lits): UNSAT in 0.44s
    cube 1741.728 (depth 1, 34 lits): UNSAT in 0.07s
    cube 1741.729 (depth 1, 34 lits): UNSAT in 0.16s
    cube 1741.730 (depth 1, 34 lits): UNSAT in 0.47s
    cube 1741.731 (depth 1, 34 lits): UNSAT in 3.02s
    cube 1741.732 (depth 1, 34 lits): UNSAT in 0.02s
    cube 1741.733 (depth 1, 34 lits): UNSAT in 0.03s
    cube 1741.734 (depth 1, 34 lits): UNSAT in 0.04s
    cube 1741.735 (depth 1, 34 lits): UNSAT in 0.13s
    cube 1741.736 (depth 1, 34 lits): UNSAT in 0.16s
    cube 1741.737 (depth 1, 34 lits): UNSAT in 0.20s
    cube 1741.738 (depth 1, 34 lits): UNSAT in 0.37s
    cube 1741.739 (depth 1, 34 lits): UNSAT in 1.64s
    cube 1741.740 (depth 1, 34 lits): UNSAT in 0.24s
    cube 1741.741 (depth 1, 34 lits): UNSAT in 0.84s
    cube 1741.742 (depth 1, 34 lits): UNSAT in 1.25s
    cube 1741.743 (depth 1, 34 lits): UNSAT in 3.11s
    cube 1741.744 (depth 1, 34 lits): UNSAT in 0.91s
    cube 1741.745 (depth 1, 34 lits): UNSAT in 9.09s
    cube 1741.746 (depth 1, 34 lits): UNSAT in 7.08s
    cube 1741.747 (depth 1, 34 lits): UNSAT in 28.80s
    cube 1741.748 (depth 1, 34 lits): UNSAT in 0.01s
    cube 1741.749 (depth 1, 34 lits): UNSAT in 0.01s
    cube 1741.750 (depth 1, 34 lits): UNSAT in 0.02s
    cube 1741.751 (depth 1, 34 lits): UNSAT in 0.02s
    cube 1741.752 (depth 1, 34 lits): UNSAT in 0.01s
    cube 1741.753 (depth 1, 34 lits): UNSAT in 0.02s
    cube 1741.754 (depth 1, 34 lits): UNSAT in 0.02s
    cube 1741.755 (depth 1, 34 lits): UNSAT in 0.04s
    cube 1741.756 (depth 1, 34 lits): UNSAT in 0.04s
    cube 1741.757 (depth 1, 34 lits): UNSAT in 0.05s
    cube 1741.758 (depth 1, 34 lits): UNSAT in 0.06s
    cube 1741.759 (depth 1, 34 lits): UNSAT in 0.18s
    cube 1741.760 (depth 1, 34 lits): UNSAT in 0.08s
    cube 1741.761 (depth 1, 34 lits): UNSAT in 0.38s
    cube 1741.762 (depth 1, 34 lits): UNSAT in 0.86s
    cube 1741.763 (depth 1, 34 lits): UNSAT in 0.98s
    cube 1741.764 (depth 1, 34 lits): UNSAT in 0.02s
    cube 1741.765 (depth 1, 34 lits): UNSAT in 0.04s
    cube 1741.766 (depth 1, 34 lits): UNSAT in 0.09s
    cube 1741.767 (depth 1, 34 lits): UNSAT in 0.05s
    cube 1741.768 (depth 1, 34 lits): UNSAT in 0.04s
    cube 1741.769 (depth 1, 34 lits): UNSAT in 0.08s
    cube 1741.770 (depth 1, 34 lits): UNSAT in 0.04s
    cube 1741.771 (depth 1, 34 lits): UNSAT in 0.19s
    cube 1741.772 (depth 1, 34 lits): UNSAT in 0.06s
    cube 1741.773 (depth 1, 34 lits): UNSAT in 0.08s
    cube 1741.774 (depth 1, 34 lits): UNSAT in 0.03s
    cube 1741.775 (depth 1, 34 lits): UNSAT in 0.22s
    cube 1741.776 (depth 1, 34 lits): UNSAT in 0.04s
    cube 1741.777 (depth 1, 34 lits): UNSAT in 0.49s
    cube 1741.778 (depth 1, 34 lits): UNSAT in 0.78s
    cube 1741.779 (depth 1, 34 lits): UNSAT in 7.03s
    cube 1741.780 (depth 1, 34 lits): UNSAT in 0.02s
    cube 1741.781 (depth 1, 34 lits): UNSAT in 0.06s
    cube 1741.782 (depth 1, 34 lits): UNSAT in 0.05s
    cube 1741.783 (depth 1, 34 lits): UNSAT in 0.12s
    cube 1741.784 (depth 1, 34 lits): UNSAT in 0.05s
    cube 1741.785 (depth 1, 34 lits): UNSAT in 0.12s
    cube 1741.786 (depth 1, 34 lits): UNSAT in 0.11s
    cube 1741.787 (depth 1, 34 lits): UNSAT in 0.38s
    cube 1741.788 (depth 1, 34 lits): UNSAT in 0.05s
    cube 1741.789 (depth 1, 34 lits): UNSAT in 0.11s
    cube 1741.790 (depth 1, 34 lits): UNSAT in 0.04s
    cube 1741.791 (depth 1, 34 lits): UNSAT in 0.09s
    cube 1741.792 (depth 1, 34 lits): UNSAT in 0.17s
    cube 1741.793 (depth 1, 34 lits): UNSAT in 0.18s
    cube 1741.794 (depth 1, 34 lits): UNSAT in 0.33s
    cube 1741.795 (depth 1, 34 lits): UNSAT in 2.71s
    cube 1741.796 (depth 1, 34 lits): UNSAT in 0.04s
    cube 1741.797 (depth 1, 34 lits): UNSAT in 0.04s
    cube 1741.798 (depth 1, 34 lits): UNSAT in 0.03s
    cube 1741.799 (depth 1, 34 lits): UNSAT in 0.24s
    cube 1741.800 (depth 1, 34 lits): UNSAT in 0.06s
    cube 1741.801 (depth 1, 34 lits): UNSAT in 0.36s
    cube 1741.802 (depth 1, 34 lits): UNSAT in 0.14s
    cube 1741.803 (depth 1, 34 lits): UNSAT in 2.92s
    cube 1741.804 (depth 1, 34 lits): UNSAT in 0.18s
    cube 1741.805 (depth 1, 34 lits): UNSAT in 0.95s
    cube 1741.806 (depth 1, 34 lits): UNSAT in 0.40s
    cube 1741.807 (depth 1, 34 lits): UNSAT in 3.02s
    cube 1741.808 (depth 1, 34 lits): UNSAT in 0.75s
    cube 1741.809 (depth 1, 34 lits): UNSAT in 4.51s
    cube 1741.810 (depth 1, 34 lits): UNSAT in 3.91s
    cube 1741.811 (depth 1, 34 lits): UNSAT in 27.72s
    cube 1741.812 (depth 1, 34 lits): UNSAT in 0.02s
    cube 1741.813 (depth 1, 34 lits): UNSAT in 0.02s
    cube 1741.814 (depth 1, 34 lits): UNSAT in 0.01s
    cube 1741.815 (depth 1, 34 lits): UNSAT in 0.03s
    cube 1741.816 (depth 1, 33 lits): UNSAT in 0.02s
    cube 1741.817 (depth 1, 34 lits): UNSAT in 0.02s
    cube 1741.818 (depth 1, 34 lits): UNSAT in 0.09s
    cube 1741.819 (depth 1, 34 lits): UNSAT in 0.01s
    cube 1741.820 (depth 1, 34 lits): UNSAT in 0.02s
    cube 1741.821 (depth 1, 34 lits): UNSAT in 0.02s
    cube 1741.822 (depth 1, 34 lits): UNSAT in 0.02s
    cube 1741.823 (depth 1, 34 lits): UNSAT in 0.05s
    cube 1741.824 (depth 1, 34 lits): UNSAT in 0.11s
    cube 1741.825 (depth 1, 34 lits): UNSAT in 0.16s
    cube 1741.826 (depth 1, 34 lits): UNSAT in 0.22s
    cube 1741.827 (depth 1, 34 lits): UNSAT in 0.02s
    cube 1741.828 (depth 1, 34 lits): UNSAT in 0.01s
    cube 1741.829 (depth 1, 34 lits): UNSAT in 0.09s
    cube 1741.830 (depth 1, 34 lits): UNSAT in 0.09s
    cube 1741.831 (depth 1, 34 lits): UNSAT in 0.02s
    cube 1741.832 (depth 1, 34 lits): UNSAT in 0.04s
    cube 1741.833 (depth 1, 34 lits): UNSAT in 0.02s
    cube 1741.834 (depth 1, 34 lits): UNSAT in 0.11s
    cube 1741.835 (depth 1, 34 lits): UNSAT in 0.10s
    cube 1741.836 (depth 1, 34 lits): UNSAT in 0.12s
    cube 1741.837 (depth 1, 34 lits): UNSAT in 0.21s
    cube 1741.838 (depth 1, 34 lits): UNSAT in 0.29s
    cube 1741.839 (depth 1, 34 lits): UNSAT in 0.08s
    cube 1741.840 (depth 1, 34 lits): UNSAT in 0.37s
    cube 1741.841 (depth 1, 34 lits): UNSAT in 1.28s
    cube 1741.842 (depth 1, 34 lits): UNSAT in 6.69s
    cube 1741.843 (depth 1, 34 lits): UNSAT in 0.02s
    cube 1741.844 (depth 1, 34 lits): UNSAT in 0.04s
    cube 1741.845 (depth 1, 34 lits): UNSAT in 0.03s
    cube 1741.846 (depth 1, 34 lits): UNSAT in 0.08s
    cube 1741.847 (depth 1, 34 lits): UNSAT in 0.02s
    cube 1741.848 (depth 1, 34 lits): UNSAT in 0.09s
    cube 1741.849 (depth 1, 34 lits): UNSAT in 0.04s
    cube 1741.850 (depth 1, 34 lits): UNSAT in 0.17s
    cube 1741.851 (depth 1, 34 lits): UNSAT in 0.03s
    cube 1741.852 (depth 1, 34 lits): UNSAT in 0.06s
    cube 1741.853 (depth 1, 34 lits): UNSAT in 0.21s
    cube 1741.854 (depth 1, 34 lits): UNSAT in 0.27s
    cube 1741.855 (depth 1, 34 lits): UNSAT in 0.11s
    cube 1741.856 (depth 1, 34 lits): UNSAT in 0.44s
    cube 1741.857 (depth 1, 34 lits): UNSAT in 0.29s
    cube 1741.858 (depth 1, 34 lits): UNSAT in 3.30s
    cube 1741.859 (depth 1, 34 lits): UNSAT in 0.03s
    cube 1741.860 (depth 1, 34 lits): UNSAT in 0.08s
    cube 1741.861 (depth 1, 34 lits): UNSAT in 0.12s
    cube 1741.862 (depth 1, 34 lits): UNSAT in 0.41s
    cube 1741.863 (depth 1, 34 lits): UNSAT in 0.16s
    cube 1741.864 (depth 1, 34 lits): UNSAT in 0.49s
    cube 1741.865 (depth 1, 34 lits): UNSAT in 0.22s
    cube 1741.866 (depth 1, 34 lits): UNSAT in 1.99s
    cube 1741.867 (depth 1, 34 lits): UNSAT in 0.07s
    cube 1741.868 (depth 1, 34 lits): UNSAT in 1.07s
    cube 1741.869 (depth 1, 34 lits): UNSAT in 0.57s
    cube 1741.870 (depth 1, 34 lits): UNSAT in 6.78s
    cube 1741.871 (depth 1, 34 lits): UNSAT in 0.83s
    cube 1741.872 (depth 1, 34 lits): UNSAT in 8.00s
    cube 1741.873 (depth 1, 34 lits): UNSAT in 4.40s
    cube 1741.874 (depth 1, 34 lits): UNSAT in 53.96s
    cube 1744 (depth 0, 24 lits): UNSAT in 0.21s
    cube 1747 (depth 0, 24 lits): UNSAT in 2.10s
    cube 1750 (depth 0, 24 lits): UNSAT in 0.04s
    cube 1753 (depth 0, 24 lits): UNSAT in 1.34s
    cube 1756 (depth 0, 24 lits): UNSAT in 4.85s
    cube 1759 (depth 0, 24 lits): UNSAT in 1.61s
    cube 1762 (depth 0, 24 lits): UNSAT in 0.43s
    cube 1765 (depth 0, 24 lits): UNSAT in 32.14s
    cube 1768 (depth 0, 24 lits): UNSAT in 1.90s
    cube 1771 (depth 0, 24 lits): UNSAT in 17.97s
    cube 1774 (depth 0, 24 lits): UNSAT in 0.21s
    cube 1777 (depth 0, 24 lits): UNSAT in 5.53s
    cube 1780 (depth 0, 24 lits): UNSAT in 2.41s
    cube 1783 (depth 0, 24 lits): UNSAT in 1.94s
    cube 1786 (depth 0, 24 lits): UNSAT in 25.84s
    cube 1789 (depth 0, 24 lits): TIMEOUT in 2400.10s
    cube 1789 TIMEOUT -> re-split into 871 sub-cubes (depth 1)
    cube 1789.0 (depth 1, 31 lits): UNSAT in 0.02s
    cube 1789.1 (depth 1, 32 lits): UNSAT in 0.01s
    cube 1789.2 (depth 1, 33 lits): UNSAT in 0.01s
    cube 1789.3 (depth 1, 34 lits): UNSAT in 0.01s
    cube 1789.4 (depth 1, 34 lits): UNSAT in 0.02s
    cube 1789.5 (depth 1, 32 lits): UNSAT in 0.01s
    cube 1789.6 (depth 1, 34 lits): UNSAT in 0.01s
    cube 1789.7 (depth 1, 34 lits): UNSAT in 0.02s
    cube 1789.8 (depth 1, 33 lits): UNSAT in 0.02s
    cube 1789.9 (depth 1, 33 lits): UNSAT in 0.02s
    cube 1789.10 (depth 1, 34 lits): UNSAT in 0.01s
    cube 1789.11 (depth 1, 34 lits): UNSAT in 0.02s
    cube 1789.12 (depth 1, 33 lits): UNSAT in 0.02s
    cube 1789.13 (depth 1, 34 lits): UNSAT in 0.02s
    cube 1789.14 (depth 1, 34 lits): UNSAT in 0.02s
    cube 1789.15 (depth 1, 31 lits): UNSAT in 0.02s
    cube 1789.16 (depth 1, 34 lits): UNSAT in 0.01s
    cube 1789.17 (depth 1, 34 lits): UNSAT in 0.02s
    cube 1789.18 (depth 1, 34 lits): UNSAT in 0.01s
    cube 1789.19 (depth 1, 34 lits): UNSAT in 0.02s
    cube 1789.20 (depth 1, 33 lits): UNSAT in 0.01s
    cube 1789.21 (depth 1, 34 lits): UNSAT in 0.02s
    cube 1789.22 (depth 1, 34 lits): UNSAT in 0.02s
    cube 1789.23 (depth 1, 32 lits): UNSAT in 0.02s
    cube 1789.24 (depth 1, 34 lits): UNSAT in 0.01s
    cube 1789.25 (depth 1, 34 lits): UNSAT in 0.02s
    cube 1789.26 (depth 1, 34 lits): UNSAT in 0.02s
    cube 1789.27 (depth 1, 34 lits): UNSAT in 0.04s
    cube 1789.28 (depth 1, 34 lits): UNSAT in 0.01s
    cube 1789.29 (depth 1, 34 lits): UNSAT in 0.03s
    cube 1789.30 (depth 1, 34 lits): UNSAT in 0.02s
    cube 1789.31 (depth 1, 34 lits): UNSAT in 0.02s
    cube 1789.32 (depth 1, 34 lits): UNSAT in 0.02s
    cube 1789.33 (depth 1, 34 lits): UNSAT in 0.02s
    cube 1789.34 (depth 1, 34 lits): UNSAT in 0.03s
    cube 1789.35 (depth 1, 34 lits): UNSAT in 0.06s
    cube 1789.36 (depth 1, 31 lits): UNSAT in 0.01s
    cube 1789.37 (depth 1, 32 lits): UNSAT in 0.02s
    cube 1789.38 (depth 1, 34 lits): UNSAT in 0.01s
    cube 1789.39 (depth 1, 34 lits): UNSAT in 0.02s
    cube 1789.40 (depth 1, 33 lits): UNSAT in 0.02s
    cube 1789.41 (depth 1, 33 lits): UNSAT in 0.01s
    cube 1789.42 (depth 1, 33 lits): UNSAT in 0.01s
    cube 1789.43 (depth 1, 34 lits): UNSAT in 0.01s
    cube 1789.44 (depth 1, 34 lits): UNSAT in 0.01s
    cube 1789.45 (depth 1, 34 lits): UNSAT in 0.02s
    cube 1789.46 (depth 1, 34 lits): UNSAT in 0.02s
    cube 1789.47 (depth 1, 34 lits): UNSAT in 0.01s
    cube 1789.48 (depth 1, 34 lits): UNSAT in 0.02s
    cube 1789.49 (depth 1, 34 lits): UNSAT in 0.02s
    cube 1789.50 (depth 1, 34 lits): UNSAT in 0.02s
    cube 1789.51 (depth 1, 34 lits): UNSAT in 0.03s
    cube 1789.52 (depth 1, 34 lits): UNSAT in 0.04s
    cube 1789.53 (depth 1, 34 lits): UNSAT in 0.04s
    cube 1789.54 (depth 1, 34 lits): UNSAT in 0.03s
    cube 1789.55 (depth 1, 33 lits): UNSAT in 0.02s
    cube 1789.56 (depth 1, 33 lits): UNSAT in 0.02s
    cube 1789.57 (depth 1, 33 lits): UNSAT in 0.02s
    cube 1789.58 (depth 1, 34 lits): UNSAT in 0.04s
    cube 1789.59 (depth 1, 34 lits): UNSAT in 0.05s
    cube 1789.60 (depth 1, 34 lits): UNSAT in 0.02s
    cube 1789.61 (depth 1, 34 lits): UNSAT in 0.02s
    cube 1789.62 (depth 1, 34 lits): UNSAT in 0.03s
    cube 1789.63 (depth 1, 34 lits): UNSAT in 0.04s
    cube 1789.64 (depth 1, 34 lits): UNSAT in 0.03s
    cube 1789.65 (depth 1, 34 lits): UNSAT in 0.04s
    cube 1789.66 (depth 1, 34 lits): UNSAT in 0.02s
    cube 1789.67 (depth 1, 34 lits): UNSAT in 0.03s
    cube 1789.68 (depth 1, 34 lits): UNSAT in 0.01s
    cube 1789.69 (depth 1, 34 lits): UNSAT in 0.02s
    cube 1789.70 (depth 1, 34 lits): UNSAT in 0.01s
    cube 1789.71 (depth 1, 34 lits): UNSAT in 0.01s
    cube 1789.72 (depth 1, 34 lits): UNSAT in 0.02s
    cube 1789.73 (depth 1, 34 lits): UNSAT in 0.02s
    cube 1789.74 (depth 1, 34 lits): UNSAT in 0.03s
    cube 1789.75 (depth 1, 34 lits): UNSAT in 0.04s
    cube 1789.76 (depth 1, 34 lits): UNSAT in 0.02s
    cube 1789.77 (depth 1, 34 lits): UNSAT in 0.03s
    cube 1789.78 (depth 1, 34 lits): UNSAT in 0.04s
    cube 1789.79 (depth 1, 34 lits): UNSAT in 0.06s
    cube 1789.80 (depth 1, 34 lits): UNSAT in 0.05s
    cube 1789.81 (depth 1, 34 lits): UNSAT in 0.10s
    cube 1789.82 (depth 1, 34 lits): UNSAT in 0.15s
    cube 1789.83 (depth 1, 34 lits): UNSAT in 0.18s
    cube 1789.84 (depth 1, 32 lits): UNSAT in 0.01s
    cube 1789.85 (depth 1, 34 lits): UNSAT in 0.01s
    cube 1789.86 (depth 1, 34 lits): UNSAT in 0.02s
    cube 1789.87 (depth 1, 34 lits): UNSAT in 0.02s
    cube 1789.88 (depth 1, 34 lits): UNSAT in 0.02s
    cube 1789.89 (depth 1, 34 lits): UNSAT in 0.01s
    cube 1789.90 (depth 1, 34 lits): UNSAT in 0.02s
    cube 1789.91 (depth 1, 34 lits): UNSAT in 0.02s
    cube 1789.92 (depth 1, 34 lits): UNSAT in 0.03s
    cube 1789.93 (depth 1, 34 lits): UNSAT in 0.01s
    cube 1789.94 (depth 1, 34 lits): UNSAT in 0.01s
    cube 1789.95 (depth 1, 34 lits): UNSAT in 0.02s
    cube 1789.96 (depth 1, 34 lits): UNSAT in 0.03s
    cube 1789.97 (depth 1, 34 lits): UNSAT in 0.01s
    cube 1789.98 (depth 1, 34 lits): UNSAT in 0.02s
    cube 1789.99 (depth 1, 34 lits): UNSAT in 0.01s
    cube 1789.100 (depth 1, 34 lits): UNSAT in 0.01s
    cube 1789.101 (depth 1, 34 lits): UNSAT in 0.02s
    cube 1789.102 (depth 1, 34 lits): UNSAT in 0.02s
    cube 1789.103 (depth 1, 34 lits): UNSAT in 0.02s
    cube 1789.104 (depth 1, 34 lits): UNSAT in 0.03s
    cube 1789.105 (depth 1, 34 lits): UNSAT in 0.02s
    cube 1789.106 (depth 1, 34 lits): UNSAT in 0.02s
    cube 1789.107 (depth 1, 34 lits): UNSAT in 0.02s
    cube 1789.108 (depth 1, 34 lits): UNSAT in 0.03s
    cube 1789.109 (depth 1, 34 lits): UNSAT in 0.02s
    cube 1789.110 (depth 1, 34 lits): UNSAT in 0.02s
    cube 1789.111 (depth 1, 34 lits): UNSAT in 0.03s
    cube 1789.112 (depth 1, 34 lits): UNSAT in 0.03s
    cube 1789.113 (depth 1, 34 lits): UNSAT in 0.01s
    cube 1789.114 (depth 1, 34 lits): UNSAT in 0.01s
    cube 1789.115 (depth 1, 34 lits): UNSAT in 0.01s
    cube 1789.116 (depth 1, 34 lits): UNSAT in 0.02s
    cube 1789.117 (depth 1, 33 lits): UNSAT in 0.02s
    cube 1789.118 (depth 1, 33 lits): UNSAT in 0.02s
    cube 1789.119 (depth 1, 34 lits): UNSAT in 0.01s
    cube 1789.120 (depth 1, 34 lits): UNSAT in 0.02s
    cube 1789.121 (depth 1, 34 lits): UNSAT in 0.03s
    cube 1789.122 (depth 1, 34 lits): UNSAT in 0.02s
    cube 1789.123 (depth 1, 34 lits): UNSAT in 0.02s
    cube 1789.124 (depth 1, 34 lits): UNSAT in 0.06s
    cube 1789.125 (depth 1, 34 lits): UNSAT in 0.03s
    cube 1789.126 (depth 1, 34 lits): UNSAT in 0.05s
    cube 1789.127 (depth 1, 34 lits): UNSAT in 0.01s
    cube 1789.128 (depth 1, 34 lits): UNSAT in 0.02s
    cube 1789.129 (depth 1, 34 lits): UNSAT in 0.03s
    cube 1789.130 (depth 1, 34 lits): UNSAT in 0.04s
    cube 1789.131 (depth 1, 34 lits): UNSAT in 0.03s
    cube 1789.132 (depth 1, 34 lits): UNSAT in 0.04s
    cube 1789.133 (depth 1, 34 lits): UNSAT in 0.05s
    cube 1789.134 (depth 1, 34 lits): UNSAT in 0.08s
    cube 1789.135 (depth 1, 34 lits): UNSAT in 0.02s
    cube 1789.136 (depth 1, 34 lits): UNSAT in 0.03s
    cube 1789.137 (depth 1, 34 lits): UNSAT in 0.05s
    cube 1789.138 (depth 1, 34 lits): UNSAT in 0.04s
    cube 1789.139 (depth 1, 34 lits): UNSAT in 0.05s
    cube 1789.140 (depth 1, 34 lits): UNSAT in 0.05s
    cube 1789.141 (depth 1, 34 lits): UNSAT in 0.15s
    cube 1789.142 (depth 1, 34 lits): UNSAT in 0.35s
    cube 1789.143 (depth 1, 33 lits): UNSAT in 0.01s
    cube 1789.144 (depth 1, 33 lits): UNSAT in 0.01s
    cube 1789.145 (depth 1, 34 lits): UNSAT in 0.01s
    cube 1789.146 (depth 1, 34 lits): UNSAT in 0.02s
    cube 1789.147 (depth 1, 34 lits): UNSAT in 0.02s
    cube 1789.148 (depth 1, 34 lits): UNSAT in 0.02s
    cube 1789.149 (depth 1, 34 lits): UNSAT in 0.01s
    cube 1789.150 (depth 1, 34 lits): UNSAT in 0.02s
    cube 1789.151 (depth 1, 34 lits): UNSAT in 0.02s
    cube 1789.152 (depth 1, 34 lits): UNSAT in 0.02s
    cube 1789.153 (depth 1, 34 lits): UNSAT in 0.02s
    cube 1789.154 (depth 1, 34 lits): UNSAT in 0.07s
    cube 1789.155 (depth 1, 34 lits): UNSAT in 0.06s
    cube 1789.156 (depth 1, 34 lits): UNSAT in 0.11s
    cube 1789.157 (depth 1, 33 lits): UNSAT in 0.02s
    cube 1789.158 (depth 1, 34 lits): UNSAT in 0.02s
    cube 1789.159 (depth 1, 34 lits): UNSAT in 0.05s
    cube 1789.160 (depth 1, 34 lits): UNSAT in 0.01s
    cube 1789.161 (depth 1, 34 lits): UNSAT in 0.03s
    cube 1789.162 (depth 1, 34 lits): UNSAT in 0.06s
    cube 1789.163 (depth 1, 34 lits): UNSAT in 0.21s
    cube 1789.164 (depth 1, 34 lits): UNSAT in 0.02s
    cube 1789.165 (depth 1, 34 lits): UNSAT in 0.03s
    cube 1789.166 (depth 1, 34 lits): UNSAT in 0.03s
    cube 1789.167 (depth 1, 34 lits): UNSAT in 0.10s
    cube 1789.168 (depth 1, 34 lits): UNSAT in 0.06s
    cube 1789.169 (depth 1, 34 lits): UNSAT in 0.21s
    cube 1789.170 (depth 1, 34 lits): UNSAT in 0.22s
    cube 1789.171 (depth 1, 34 lits): UNSAT in 0.21s
    cube 1789.172 (depth 1, 34 lits): UNSAT in 0.01s
    cube 1789.173 (depth 1, 34 lits): UNSAT in 0.02s
    cube 1789.174 (depth 1, 34 lits): UNSAT in 0.02s
    cube 1789.175 (depth 1, 34 lits): UNSAT in 0.02s
    cube 1789.176 (depth 1, 34 lits): UNSAT in 0.02s
    cube 1789.177 (depth 1, 34 lits): UNSAT in 0.02s
    cube 1789.178 (depth 1, 33 lits): UNSAT in 0.02s
    cube 1789.179 (depth 1, 34 lits): UNSAT in 0.01s
    cube 1789.180 (depth 1, 34 lits): UNSAT in 0.02s
    cube 1789.181 (depth 1, 34 lits): UNSAT in 0.02s
    cube 1789.182 (depth 1, 34 lits): UNSAT in 0.07s
    cube 1789.183 (depth 1, 34 lits): UNSAT in 0.04s
    cube 1789.184 (depth 1, 34 lits): UNSAT in 0.07s
    cube 1789.185 (depth 1, 34 lits): UNSAT in 0.06s
    cube 1789.186 (depth 1, 34 lits): UNSAT in 0.03s
    cube 1789.187 (depth 1, 34 lits): UNSAT in 0.02s
    cube 1789.188 (depth 1, 34 lits): UNSAT in 0.04s
    cube 1789.189 (depth 1, 34 lits): UNSAT in 0.02s
    cube 1789.190 (depth 1, 34 lits): UNSAT in 0.03s
    cube 1789.191 (depth 1, 34 lits): UNSAT in 0.02s
    cube 1789.192 (depth 1, 34 lits): UNSAT in 0.03s
    cube 1789.193 (depth 1, 34 lits): UNSAT in 0.08s
    cube 1789.194 (depth 1, 34 lits): UNSAT in 0.22s
    cube 1789.195 (depth 1, 34 lits): UNSAT in 0.03s
    cube 1789.196 (depth 1, 34 lits): UNSAT in 0.04s
    cube 1789.197 (depth 1, 34 lits): UNSAT in 0.09s
    cube 1789.198 (depth 1, 34 lits): UNSAT in 0.24s
    cube 1789.199 (depth 1, 34 lits): UNSAT in 0.16s
    cube 1789.200 (depth 1, 34 lits): UNSAT in 0.32s
    cube 1789.201 (depth 1, 34 lits): UNSAT in 0.28s
    cube 1789.202 (depth 1, 34 lits): UNSAT in 0.79s
    cube 1789.203 (depth 1, 33 lits): UNSAT in 0.01s
    cube 1789.204 (depth 1, 33 lits): UNSAT in 0.02s
    cube 1789.205 (depth 1, 32 lits): UNSAT in 0.02s
    cube 1789.206 (depth 1, 33 lits): UNSAT in 0.01s
    cube 1789.207 (depth 1, 34 lits): UNSAT in 0.02s
    cube 1789.208 (depth 1, 34 lits): UNSAT in 0.02s
    cube 1789.209 (depth 1, 32 lits): UNSAT in 0.01s
    cube 1789.210 (depth 1, 32 lits): UNSAT in 0.02s
    cube 1789.211 (depth 1, 32 lits): UNSAT in 0.02s
    cube 1789.212 (depth 1, 32 lits): UNSAT in 0.01s
    cube 1789.213 (depth 1, 34 lits): UNSAT in 0.01s
    cube 1789.214 (depth 1, 34 lits): UNSAT in 0.01s
    cube 1789.215 (depth 1, 34 lits): UNSAT in 0.02s
    cube 1789.216 (depth 1, 34 lits): UNSAT in 0.01s
    cube 1789.217 (depth 1, 31 lits): UNSAT in 0.01s
    cube 1789.218 (depth 1, 31 lits): UNSAT in 0.02s
    cube 1789.219 (depth 1, 33 lits): UNSAT in 0.01s
    cube 1789.220 (depth 1, 34 lits): UNSAT in 0.01s
    cube 1789.221 (depth 1, 34 lits): UNSAT in 0.01s
    cube 1789.222 (depth 1, 32 lits): UNSAT in 0.02s
    cube 1789.223 (depth 1, 33 lits): UNSAT in 0.01s
    cube 1789.224 (depth 1, 33 lits): UNSAT in 0.02s
    cube 1789.225 (depth 1, 33 lits): UNSAT in 0.01s
    cube 1789.226 (depth 1, 34 lits): UNSAT in 0.02s
    cube 1789.227 (depth 1, 34 lits): UNSAT in 0.01s
    cube 1789.228 (depth 1, 32 lits): UNSAT in 0.01s
    cube 1789.229 (depth 1, 32 lits): UNSAT in 0.02s
    cube 1789.230 (depth 1, 34 lits): UNSAT in 0.01s
    cube 1789.231 (depth 1, 34 lits): UNSAT in 0.02s
    cube 1789.232 (depth 1, 33 lits): UNSAT in 0.02s
    cube 1789.233 (depth 1, 34 lits): UNSAT in 0.01s
    cube 1789.234 (depth 1, 34 lits): UNSAT in 0.02s
    cube 1789.235 (depth 1, 34 lits): UNSAT in 0.02s
    cube 1789.236 (depth 1, 34 lits): UNSAT in 0.02s
    cube 1789.237 (depth 1, 34 lits): UNSAT in 0.01s
    cube 1789.238 (depth 1, 34 lits): UNSAT in 0.02s
    cube 1789.239 (depth 1, 34 lits): UNSAT in 0.02s
    cube 1789.240 (depth 1, 34 lits): UNSAT in 0.03s
    cube 1789.241 (depth 1, 34 lits): UNSAT in 0.02s
    cube 1789.242 (depth 1, 34 lits): UNSAT in 0.02s
    cube 1789.243 (depth 1, 34 lits): UNSAT in 0.03s
    cube 1789.244 (depth 1, 34 lits): UNSAT in 0.04s
    cube 1789.245 (depth 1, 34 lits): UNSAT in 0.02s
    cube 1789.246 (depth 1, 34 lits): UNSAT in 0.03s
    cube 1789.247 (depth 1, 34 lits): UNSAT in 0.03s
    cube 1789.248 (depth 1, 34 lits): UNSAT in 0.03s
    cube 1789.249 (depth 1, 34 lits): UNSAT in 0.03s
    cube 1789.250 (depth 1, 34 lits): UNSAT in 0.03s
    cube 1789.251 (depth 1, 34 lits): UNSAT in 0.03s
    cube 1789.252 (depth 1, 34 lits): UNSAT in 0.04s
    cube 1789.253 (depth 1, 33 lits): UNSAT in 0.02s
    cube 1789.254 (depth 1, 33 lits): UNSAT in 0.01s
    cube 1789.255 (depth 1, 34 lits): UNSAT in 0.02s
    cube 1789.256 (depth 1, 34 lits): UNSAT in 0.02s
    cube 1789.257 (depth 1, 34 lits): UNSAT in 0.02s
    cube 1789.258 (depth 1, 34 lits): UNSAT in 0.03s
    cube 1789.259 (depth 1, 34 lits): UNSAT in 0.01s
    cube 1789.260 (depth 1, 34 lits): UNSAT in 0.03s
    cube 1789.261 (depth 1, 34 lits): UNSAT in 0.02s
    cube 1789.262 (depth 1, 34 lits): UNSAT in 0.04s
    cube 1789.263 (depth 1, 34 lits): UNSAT in 0.01s
    cube 1789.264 (depth 1, 34 lits): UNSAT in 0.02s
    cube 1789.265 (depth 1, 34 lits): UNSAT in 0.04s
    cube 1789.266 (depth 1, 34 lits): UNSAT in 0.03s
    cube 1789.267 (depth 1, 34 lits): UNSAT in 0.02s
    cube 1789.268 (depth 1, 34 lits): UNSAT in 0.02s
    cube 1789.269 (depth 1, 34 lits): UNSAT in 0.02s
    cube 1789.270 (depth 1, 34 lits): UNSAT in 0.03s
    cube 1789.271 (depth 1, 34 lits): UNSAT in 0.02s
    cube 1789.272 (depth 1, 34 lits): UNSAT in 0.02s
    cube 1789.273 (depth 1, 34 lits): UNSAT in 0.02s
    cube 1789.274 (depth 1, 34 lits): UNSAT in 0.05s
    cube 1789.275 (depth 1, 34 lits): UNSAT in 0.02s
    cube 1789.276 (depth 1, 34 lits): UNSAT in 0.05s
    cube 1789.277 (depth 1, 34 lits): UNSAT in 0.02s
    cube 1789.278 (depth 1, 34 lits): UNSAT in 0.04s
    cube 1789.279 (depth 1, 34 lits): UNSAT in 0.02s
    cube 1789.280 (depth 1, 34 lits): UNSAT in 0.03s
    cube 1789.281 (depth 1, 34 lits): UNSAT in 0.03s
    cube 1789.282 (depth 1, 34 lits): UNSAT in 0.06s
    cube 1789.283 (depth 1, 33 lits): UNSAT in 0.01s
    cube 1789.284 (depth 1, 33 lits): UNSAT in 0.01s
    cube 1789.285 (depth 1, 34 lits): UNSAT in 0.01s
    cube 1789.286 (depth 1, 34 lits): UNSAT in 0.02s
    cube 1789.287 (depth 1, 34 lits): UNSAT in 0.02s
    cube 1789.288 (depth 1, 34 lits): UNSAT in 0.03s
    cube 1789.289 (depth 1, 33 lits): UNSAT in 0.01s
    cube 1789.290 (depth 1, 34 lits): UNSAT in 0.01s
    cube 1789.291 (depth 1, 34 lits): UNSAT in 0.02s
    cube 1789.292 (depth 1, 34 lits): UNSAT in 0.02s
    cube 1789.293 (depth 1, 34 lits): UNSAT in 0.01s
    cube 1789.294 (depth 1, 34 lits): UNSAT in 0.01s
    cube 1789.295 (depth 1, 34 lits): UNSAT in 0.02s
    cube 1789.296 (depth 1, 34 lits): UNSAT in 0.02s
    cube 1789.297 (depth 1, 34 lits): UNSAT in 0.02s
    cube 1789.298 (depth 1, 34 lits): UNSAT in 0.03s
    cube 1789.299 (depth 1, 34 lits): UNSAT in 0.02s
    cube 1789.300 (depth 1, 34 lits): UNSAT in 0.02s
    cube 1789.301 (depth 1, 34 lits): UNSAT in 0.02s
    cube 1789.302 (depth 1, 34 lits): UNSAT in 0.02s
    cube 1789.303 (depth 1, 34 lits): UNSAT in 0.02s
    cube 1789.304 (depth 1, 34 lits): UNSAT in 0.01s
    cube 1789.305 (depth 1, 34 lits): UNSAT in 0.02s
    cube 1789.306 (depth 1, 34 lits): UNSAT in 0.01s
    cube 1789.307 (depth 1, 34 lits): UNSAT in 0.03s
    cube 1789.308 (depth 1, 34 lits): UNSAT in 0.03s
    cube 1789.309 (depth 1, 34 lits): UNSAT in 0.04s
    cube 1789.310 (depth 1, 34 lits): UNSAT in 0.02s
    cube 1789.311 (depth 1, 34 lits): UNSAT in 0.05s
    cube 1789.312 (depth 1, 32 lits): UNSAT in 0.01s
    cube 1789.313 (depth 1, 34 lits): UNSAT in 0.01s
    cube 1789.314 (depth 1, 34 lits): UNSAT in 0.02s
    cube 1789.315 (depth 1, 34 lits): UNSAT in 0.01s
    cube 1789.316 (depth 1, 34 lits): UNSAT in 0.02s
    cube 1789.317 (depth 1, 34 lits): UNSAT in 0.02s
    cube 1789.318 (depth 1, 34 lits): UNSAT in 0.02s
    cube 1789.319 (depth 1, 34 lits): UNSAT in 0.02s
    cube 1789.320 (depth 1, 34 lits): UNSAT in 0.02s
    cube 1789.321 (depth 1, 34 lits): UNSAT in 0.02s
    cube 1789.322 (depth 1, 34 lits): UNSAT in 0.02s
    cube 1789.323 (depth 1, 34 lits): UNSAT in 0.01s
    cube 1789.324 (depth 1, 34 lits): UNSAT in 0.06s
    cube 1789.325 (depth 1, 34 lits): UNSAT in 0.03s
    cube 1789.326 (depth 1, 34 lits): UNSAT in 0.04s
    cube 1789.327 (depth 1, 34 lits): UNSAT in 0.04s
    cube 1789.328 (depth 1, 34 lits): UNSAT in 0.07s
    cube 1789.329 (depth 1, 34 lits): UNSAT in 0.03s
    cube 1789.330 (depth 1, 34 lits): UNSAT in 0.03s
    cube 1789.331 (depth 1, 34 lits): UNSAT in 0.09s
    cube 1789.332 (depth 1, 34 lits): UNSAT in 0.11s
    cube 1789.333 (depth 1, 34 lits): UNSAT in 0.03s
    cube 1789.334 (depth 1, 34 lits): UNSAT in 0.06s
    cube 1789.335 (depth 1, 34 lits): UNSAT in 0.04s
    cube 1789.336 (depth 1, 34 lits): UNSAT in 0.08s
    cube 1789.337 (depth 1, 34 lits): UNSAT in 0.03s
    cube 1789.338 (depth 1, 34 lits): UNSAT in 0.08s
    cube 1789.339 (depth 1, 34 lits): UNSAT in 0.20s
    cube 1789.340 (depth 1, 34 lits): UNSAT in 0.23s
    cube 1789.341 (depth 1, 33 lits): UNSAT in 0.02s
    cube 1789.342 (depth 1, 34 lits): UNSAT in 0.02s
    cube 1789.343 (depth 1, 34 lits): UNSAT in 0.01s
    cube 1789.344 (depth 1, 34 lits): UNSAT in 0.01s
    cube 1789.345 (depth 1, 34 lits): UNSAT in 0.02s
    cube 1789.346 (depth 1, 34 lits): UNSAT in 0.02s
    cube 1789.347 (depth 1, 34 lits): UNSAT in 0.03s
    cube 1789.348 (depth 1, 33 lits): UNSAT in 0.02s
    cube 1789.349 (depth 1, 33 lits): UNSAT in 0.02s
    cube 1789.350 (depth 1, 34 lits): UNSAT in 0.01s
    cube 1789.351 (depth 1, 34 lits): UNSAT in 0.02s
    cube 1789.352 (depth 1, 33 lits): UNSAT in 0.01s
    cube 1789.353 (depth 1, 34 lits): UNSAT in 0.02s
    cube 1789.354 (depth 1, 34 lits): UNSAT in 0.03s
    cube 1789.355 (depth 1, 34 lits): UNSAT in 0.03s
    cube 1789.356 (depth 1, 34 lits): UNSAT in 0.02s
    cube 1789.357 (depth 1, 34 lits): UNSAT in 0.03s
    cube 1789.358 (depth 1, 34 lits): UNSAT in 0.07s
    cube 1789.359 (depth 1, 34 lits): UNSAT in 0.04s
    cube 1789.360 (depth 1, 34 lits): UNSAT in 0.07s
    cube 1789.361 (depth 1, 34 lits): UNSAT in 0.02s
    cube 1789.362 (depth 1, 34 lits): UNSAT in 0.03s
    cube 1789.363 (depth 1, 34 lits): UNSAT in 0.09s
    cube 1789.364 (depth 1, 34 lits): UNSAT in 0.12s
    cube 1789.365 (depth 1, 34 lits): UNSAT in 0.03s
    cube 1789.366 (depth 1, 34 lits): UNSAT in 0.09s
    cube 1789.367 (depth 1, 34 lits): UNSAT in 0.08s
    cube 1789.368 (depth 1, 34 lits): UNSAT in 0.11s
    cube 1789.369 (depth 1, 34 lits): UNSAT in 0.02s
    cube 1789.370 (depth 1, 34 lits): UNSAT in 0.02s
    cube 1789.371 (depth 1, 34 lits): UNSAT in 0.03s
    cube 1789.372 (depth 1, 34 lits): UNSAT in 0.04s
    cube 1789.373 (depth 1, 34 lits): UNSAT in 0.02s
    cube 1789.374 (depth 1, 34 lits): UNSAT in 0.03s
    cube 1789.375 (depth 1, 34 lits): UNSAT in 0.02s
    cube 1789.376 (depth 1, 34 lits): UNSAT in 0.02s
    cube 1789.377 (depth 1, 34 lits): UNSAT in 0.04s
    cube 1789.378 (depth 1, 34 lits): UNSAT in 0.08s
    cube 1789.379 (depth 1, 34 lits): UNSAT in 0.09s
    cube 1789.380 (depth 1, 34 lits): UNSAT in 0.28s
    cube 1789.381 (depth 1, 34 lits): UNSAT in 0.03s
    cube 1789.382 (depth 1, 34 lits): UNSAT in 0.10s
    cube 1789.383 (depth 1, 34 lits): UNSAT in 0.10s
    cube 1789.384 (depth 1, 34 lits): UNSAT in 0.26s
    cube 1789.385 (depth 1, 34 lits): UNSAT in 0.02s
    cube 1789.386 (depth 1, 34 lits): UNSAT in 0.05s
    cube 1789.387 (depth 1, 34 lits): UNSAT in 0.07s
    cube 1789.388 (depth 1, 34 lits): UNSAT in 0.14s
    cube 1789.389 (depth 1, 34 lits): UNSAT in 0.03s
    cube 1789.390 (depth 1, 34 lits): UNSAT in 0.11s
    cube 1789.391 (depth 1, 34 lits): UNSAT in 0.12s
    cube 1789.392 (depth 1, 34 lits): UNSAT in 0.46s
    cube 1789.393 (depth 1, 34 lits): UNSAT in 0.08s
    cube 1789.394 (depth 1, 34 lits): UNSAT in 0.40s
    cube 1789.395 (depth 1, 34 lits): UNSAT in 0.44s
    cube 1789.396 (depth 1, 34 lits): UNSAT in 0.60s
    cube 1789.397 (depth 1, 34 lits): UNSAT in 0.26s
    cube 1789.398 (depth 1, 34 lits): UNSAT in 1.63s
    cube 1789.399 (depth 1, 34 lits): UNSAT in 0.16s
    cube 1789.400 (depth 1, 34 lits): UNSAT in 2.09s
    cube 1789.401 (depth 1, 32 lits): UNSAT in 0.02s
    cube 1789.402 (depth 1, 32 lits): UNSAT in 0.02s
    cube 1789.403 (depth 1, 32 lits): UNSAT in 0.02s
    cube 1789.404 (depth 1, 33 lits): UNSAT in 0.02s
    cube 1789.405 (depth 1, 33 lits): UNSAT in 0.02s
    cube 1789.406 (depth 1, 34 lits): UNSAT in 0.01s
    cube 1789.407 (depth 1, 34 lits): UNSAT in 0.02s
    cube 1789.408 (depth 1, 34 lits): UNSAT in 0.02s
    cube 1789.409 (depth 1, 34 lits): UNSAT in 0.02s
    cube 1789.410 (depth 1, 34 lits): UNSAT in 0.01s
    cube 1789.411 (depth 1, 34 lits): UNSAT in 0.02s
    cube 1789.412 (depth 1, 33 lits): UNSAT in 0.02s
    cube 1789.413 (depth 1, 34 lits): UNSAT in 0.02s
    cube 1789.414 (depth 1, 34 lits): UNSAT in 0.02s
    cube 1789.415 (depth 1, 34 lits): UNSAT in 0.02s
    cube 1789.416 (depth 1, 34 lits): UNSAT in 0.02s
    cube 1789.417 (depth 1, 34 lits): UNSAT in 0.02s
    cube 1789.418 (depth 1, 34 lits): UNSAT in 0.03s
    cube 1789.419 (depth 1, 34 lits): UNSAT in 0.02s
    cube 1789.420 (depth 1, 34 lits): UNSAT in 0.04s
    cube 1789.421 (depth 1, 33 lits): UNSAT in 0.02s
    cube 1789.422 (depth 1, 34 lits): UNSAT in 0.02s
    cube 1789.423 (depth 1, 34 lits): UNSAT in 0.01s
    cube 1789.424 (depth 1, 34 lits): UNSAT in 0.02s
    cube 1789.425 (depth 1, 34 lits): UNSAT in 0.02s
    cube 1789.426 (depth 1, 34 lits): UNSAT in 0.02s
    cube 1789.427 (depth 1, 34 lits): UNSAT in 0.03s
    cube 1789.428 (depth 1, 34 lits): UNSAT in 0.02s
    cube 1789.429 (depth 1, 34 lits): UNSAT in 0.01s
    cube 1789.430 (depth 1, 34 lits): UNSAT in 0.01s
    cube 1789.431 (depth 1, 34 lits): UNSAT in 0.02s
    cube 1789.432 (depth 1, 34 lits): UNSAT in 0.02s
    cube 1789.433 (depth 1, 34 lits): UNSAT in 0.03s
    cube 1789.434 (depth 1, 34 lits): UNSAT in 0.03s
    cube 1789.435 (depth 1, 34 lits): UNSAT in 0.03s
    cube 1789.436 (depth 1, 34 lits): UNSAT in 0.02s
    cube 1789.437 (depth 1, 34 lits): UNSAT in 0.02s
    cube 1789.438 (depth 1, 34 lits): UNSAT in 0.01s
    cube 1789.439 (depth 1, 34 lits): UNSAT in 0.06s
    cube 1789.440 (depth 1, 34 lits): UNSAT in 0.01s
    cube 1789.441 (depth 1, 34 lits): UNSAT in 0.02s
    cube 1789.442 (depth 1, 34 lits): UNSAT in 0.02s
    cube 1789.443 (depth 1, 34 lits): UNSAT in 0.10s
    cube 1789.444 (depth 1, 34 lits): UNSAT in 0.04s
    cube 1789.445 (depth 1, 34 lits): UNSAT in 0.10s
    cube 1789.446 (depth 1, 34 lits): UNSAT in 0.02s
    cube 1789.447 (depth 1, 34 lits): UNSAT in 0.09s
    cube 1789.448 (depth 1, 34 lits): UNSAT in 0.04s
    cube 1789.449 (depth 1, 34 lits): UNSAT in 0.08s
    cube 1789.450 (depth 1, 34 lits): UNSAT in 0.05s
    cube 1789.451 (depth 1, 34 lits): UNSAT in 0.13s
    cube 1789.452 (depth 1, 33 lits): UNSAT in 0.01s
    cube 1789.453 (depth 1, 34 lits): UNSAT in 0.02s
    cube 1789.454 (depth 1, 34 lits): UNSAT in 0.02s
    cube 1789.455 (depth 1, 33 lits): UNSAT in 0.02s
    cube 1789.456 (depth 1, 33 lits): UNSAT in 0.02s
    cube 1789.457 (depth 1, 33 lits): UNSAT in 0.01s
    cube 1789.458 (depth 1, 33 lits): UNSAT in 0.02s
    cube 1789.459 (depth 1, 34 lits): UNSAT in 0.01s
    cube 1789.460 (depth 1, 34 lits): UNSAT in 0.02s
    cube 1789.461 (depth 1, 34 lits): UNSAT in 0.04s
    cube 1789.462 (depth 1, 34 lits): UNSAT in 0.05s
    cube 1789.463 (depth 1, 33 lits): UNSAT in 0.01s
    cube 1789.464 (depth 1, 34 lits): UNSAT in 0.02s
    cube 1789.465 (depth 1, 34 lits): UNSAT in 0.02s
    cube 1789.466 (depth 1, 33 lits): UNSAT in 0.01s
    cube 1789.467 (depth 1, 34 lits): UNSAT in 0.02s
    cube 1789.468 (depth 1, 34 lits): UNSAT in 0.03s
    cube 1789.469 (depth 1, 34 lits): UNSAT in 0.02s
    cube 1789.470 (depth 1, 34 lits): UNSAT in 0.02s
    cube 1789.471 (depth 1, 34 lits): UNSAT in 0.02s
    cube 1789.472 (depth 1, 34 lits): UNSAT in 0.06s
    cube 1789.473 (depth 1, 34 lits): UNSAT in 0.05s
    cube 1789.474 (depth 1, 34 lits): UNSAT in 0.18s
    cube 1789.475 (depth 1, 34 lits): UNSAT in 0.24s
    cube 1789.476 (depth 1, 34 lits): UNSAT in 0.27s
    cube 1789.477 (depth 1, 34 lits): UNSAT in 0.01s
    cube 1789.478 (depth 1, 34 lits): UNSAT in 0.02s
    cube 1789.479 (depth 1, 34 lits): UNSAT in 0.02s
    cube 1789.480 (depth 1, 34 lits): UNSAT in 0.03s
    cube 1789.481 (depth 1, 34 lits): UNSAT in 0.02s
    cube 1789.482 (depth 1, 34 lits): UNSAT in 0.05s
    cube 1789.483 (depth 1, 34 lits): UNSAT in 0.05s
    cube 1789.484 (depth 1, 34 lits): UNSAT in 0.10s
    cube 1789.485 (depth 1, 34 lits): UNSAT in 0.02s
    cube 1789.486 (depth 1, 34 lits): UNSAT in 0.06s
    cube 1789.487 (depth 1, 34 lits): UNSAT in 0.06s
    cube 1789.488 (depth 1, 34 lits): UNSAT in 0.16s
    cube 1789.489 (depth 1, 34 lits): UNSAT in 0.02s
    cube 1789.490 (depth 1, 34 lits): UNSAT in 0.03s
    cube 1789.491 (depth 1, 34 lits): UNSAT in 0.03s
    cube 1789.492 (depth 1, 34 lits): UNSAT in 0.14s
    cube 1789.493 (depth 1, 34 lits): UNSAT in 0.01s
    cube 1789.494 (depth 1, 34 lits): UNSAT in 0.02s
    cube 1789.495 (depth 1, 34 lits): UNSAT in 0.02s
    cube 1789.496 (depth 1, 34 lits): UNSAT in 0.03s
    cube 1789.497 (depth 1, 34 lits): UNSAT in 0.03s
    cube 1789.498 (depth 1, 34 lits): UNSAT in 0.03s
    cube 1789.499 (depth 1, 34 lits): UNSAT in 0.10s
    cube 1789.500 (depth 1, 34 lits): UNSAT in 0.32s
    cube 1789.501 (depth 1, 34 lits): UNSAT in 0.03s
    cube 1789.502 (depth 1, 34 lits): UNSAT in 0.12s
    cube 1789.503 (depth 1, 34 lits): UNSAT in 0.10s
    cube 1789.504 (depth 1, 34 lits): UNSAT in 0.78s
    cube 1789.505 (depth 1, 34 lits): UNSAT in 0.09s
    cube 1789.506 (depth 1, 34 lits): UNSAT in 1.09s
    cube 1789.507 (depth 1, 34 lits): UNSAT in 0.90s
    cube 1789.508 (depth 1, 34 lits): UNSAT in 1.22s
    cube 1789.509 (depth 1, 32 lits): UNSAT in 0.02s
    cube 1789.510 (depth 1, 33 lits): UNSAT in 0.02s
    cube 1789.511 (depth 1, 34 lits): UNSAT in 0.03s
    cube 1789.512 (depth 1, 34 lits): UNSAT in 0.02s
    cube 1789.513 (depth 1, 33 lits): UNSAT in 0.02s
    cube 1789.514 (depth 1, 33 lits): UNSAT in 0.02s
    cube 1789.515 (depth 1, 32 lits): UNSAT in 0.02s
    cube 1789.516 (depth 1, 33 lits): UNSAT in 0.01s
    cube 1789.517 (depth 1, 33 lits): UNSAT in 0.01s
    cube 1789.518 (depth 1, 34 lits): UNSAT in 0.02s
    cube 1789.519 (depth 1, 34 lits): UNSAT in 0.02s
    cube 1789.520 (depth 1, 33 lits): UNSAT in 0.02s
    cube 1789.521 (depth 1, 33 lits): UNSAT in 0.01s
    cube 1789.522 (depth 1, 34 lits): UNSAT in 0.01s
    cube 1789.523 (depth 1, 34 lits): UNSAT in 0.03s
    cube 1789.524 (depth 1, 34 lits): UNSAT in 0.01s
    cube 1789.525 (depth 1, 34 lits): UNSAT in 0.02s
    cube 1789.526 (depth 1, 34 lits): UNSAT in 0.05s
    cube 1789.527 (depth 1, 34 lits): UNSAT in 0.12s
    cube 1789.528 (depth 1, 34 lits): UNSAT in 0.02s
    cube 1789.529 (depth 1, 34 lits): UNSAT in 0.02s
    cube 1789.530 (depth 1, 34 lits): UNSAT in 0.03s
    cube 1789.531 (depth 1, 34 lits): UNSAT in 0.03s
    cube 1789.532 (depth 1, 34 lits): UNSAT in 0.03s
    cube 1789.533 (depth 1, 34 lits): UNSAT in 0.05s
    cube 1789.534 (depth 1, 34 lits): UNSAT in 0.03s
    cube 1789.535 (depth 1, 34 lits): UNSAT in 0.08s
    cube 1789.536 (depth 1, 34 lits): UNSAT in 0.02s
    cube 1789.537 (depth 1, 34 lits): UNSAT in 0.03s
    cube 1789.538 (depth 1, 34 lits): UNSAT in 0.02s
    cube 1789.539 (depth 1, 34 lits): UNSAT in 0.09s
    cube 1789.540 (depth 1, 34 lits): UNSAT in 0.04s
    cube 1789.541 (depth 1, 34 lits): UNSAT in 0.04s
    cube 1789.542 (depth 1, 34 lits): UNSAT in 0.15s
    cube 1789.543 (depth 1, 34 lits): UNSAT in 0.45s
    cube 1789.544 (depth 1, 34 lits): UNSAT in 0.02s
    cube 1789.545 (depth 1, 34 lits): UNSAT in 0.02s
    cube 1789.546 (depth 1, 34 lits): UNSAT in 0.04s
    cube 1789.547 (depth 1, 34 lits): UNSAT in 0.04s
    cube 1789.548 (depth 1, 34 lits): UNSAT in 0.04s
    cube 1789.549 (depth 1, 34 lits): UNSAT in 0.13s
    cube 1789.550 (depth 1, 34 lits): UNSAT in 0.22s
    cube 1789.551 (depth 1, 34 lits): UNSAT in 0.32s
    cube 1789.552 (depth 1, 34 lits): UNSAT in 0.04s
    cube 1789.553 (depth 1, 34 lits): UNSAT in 0.12s
    cube 1789.554 (depth 1, 34 lits): UNSAT in 0.05s
    cube 1789.555 (depth 1, 34 lits): UNSAT in 0.48s
    cube 1789.556 (depth 1, 34 lits): UNSAT in 0.17s
    cube 1789.557 (depth 1, 34 lits): UNSAT in 0.48s
    cube 1789.558 (depth 1, 34 lits): UNSAT in 0.14s
    cube 1789.559 (depth 1, 34 lits): UNSAT in 0.74s
    cube 1789.560 (depth 1, 34 lits): UNSAT in 0.01s
    cube 1789.561 (depth 1, 34 lits): UNSAT in 0.01s
    cube 1789.562 (depth 1, 34 lits): UNSAT in 0.02s
    cube 1789.563 (depth 1, 34 lits): UNSAT in 0.02s
    cube 1789.564 (depth 1, 34 lits): UNSAT in 0.01s
    cube 1789.565 (depth 1, 34 lits): UNSAT in 0.02s
    cube 1789.566 (depth 1, 34 lits): UNSAT in 0.02s
    cube 1789.567 (depth 1, 34 lits): UNSAT in 0.02s
    cube 1789.568 (depth 1, 34 lits): UNSAT in 0.02s
    cube 1789.569 (depth 1, 34 lits): UNSAT in 0.03s
    cube 1789.570 (depth 1, 34 lits): UNSAT in 0.02s
    cube 1789.571 (depth 1, 34 lits): UNSAT in 0.02s
    cube 1789.572 (depth 1, 34 lits): UNSAT in 0.02s
    cube 1789.573 (depth 1, 34 lits): UNSAT in 0.01s
    cube 1789.574 (depth 1, 34 lits): UNSAT in 0.03s
    cube 1789.575 (depth 1, 34 lits): UNSAT in 0.03s
    cube 1789.576 (depth 1, 34 lits): UNSAT in 0.03s
    cube 1789.577 (depth 1, 34 lits): UNSAT in 0.06s
    cube 1789.578 (depth 1, 34 lits): UNSAT in 0.05s
    cube 1789.579 (depth 1, 34 lits): UNSAT in 0.09s
    cube 1789.580 (depth 1, 34 lits): UNSAT in 0.03s
    cube 1789.581 (depth 1, 34 lits): UNSAT in 0.02s
    cube 1789.582 (depth 1, 34 lits): UNSAT in 0.03s
    cube 1789.583 (depth 1, 34 lits): UNSAT in 0.09s
    cube 1789.584 (depth 1, 33 lits): UNSAT in 0.01s
    cube 1789.585 (depth 1, 34 lits): UNSAT in 0.02s
    cube 1789.586 (depth 1, 34 lits): UNSAT in 0.02s
    cube 1789.587 (depth 1, 34 lits): UNSAT in 0.02s
    cube 1789.588 (depth 1, 34 lits): UNSAT in 0.04s
    cube 1789.589 (depth 1, 34 lits): UNSAT in 0.18s
    cube 1789.590 (depth 1, 34 lits): UNSAT in 0.62s
    cube 1789.591 (depth 1, 33 lits): UNSAT in 0.01s
    cube 1789.592 (depth 1, 34 lits): UNSAT in 0.03s
    cube 1789.593 (depth 1, 34 lits): UNSAT in 0.02s
    cube 1789.594 (depth 1, 34 lits): UNSAT in 0.02s
    cube 1789.595 (depth 1, 34 lits): UNSAT in 0.02s
    cube 1789.596 (depth 1, 34 lits): UNSAT in 0.04s
    cube 1789.597 (depth 1, 34 lits): UNSAT in 0.12s
    cube 1789.598 (depth 1, 34 lits): UNSAT in 0.02s
    cube 1789.599 (depth 1, 34 lits): UNSAT in 0.08s
    cube 1789.600 (depth 1, 34 lits): UNSAT in 0.09s
    cube 1789.601 (depth 1, 34 lits): UNSAT in 0.30s
    cube 1789.602 (depth 1, 34 lits): UNSAT in 0.10s
    cube 1789.603 (depth 1, 34 lits): UNSAT in 0.22s
    cube 1789.604 (depth 1, 34 lits): UNSAT in 0.39s
    cube 1789.605 (depth 1, 34 lits): UNSAT in 1.05s
    cube 1789.606 (depth 1, 34 lits): UNSAT in 0.02s
    cube 1789.607 (depth 1, 34 lits): UNSAT in 0.03s
    cube 1789.608 (depth 1, 34 lits): UNSAT in 0.08s
    cube 1789.609 (depth 1, 34 lits): UNSAT in 0.10s
    cube 1789.610 (depth 1, 34 lits): UNSAT in 0.04s
    cube 1789.611 (depth 1, 34 lits): UNSAT in 0.05s
    cube 1789.612 (depth 1, 34 lits): UNSAT in 0.23s
    cube 1789.613 (depth 1, 34 lits): UNSAT in 0.64s
    cube 1789.614 (depth 1, 34 lits): UNSAT in 0.06s
    cube 1789.615 (depth 1, 34 lits): UNSAT in 0.21s
    cube 1789.616 (depth 1, 34 lits): UNSAT in 0.08s
    cube 1789.617 (depth 1, 34 lits): UNSAT in 0.76s
    cube 1789.618 (depth 1, 34 lits): UNSAT in 0.58s
    cube 1789.619 (depth 1, 34 lits): UNSAT in 2.37s
    cube 1789.620 (depth 1, 34 lits): UNSAT in 2.75s
    cube 1789.621 (depth 1, 34 lits): UNSAT in 2.63s
    cube 1789.622 (depth 1, 32 lits): UNSAT in 0.01s
    cube 1789.623 (depth 1, 33 lits): UNSAT in 0.02s
    cube 1789.624 (depth 1, 33 lits): UNSAT in 0.02s
    cube 1789.625 (depth 1, 34 lits): UNSAT in 0.02s
    cube 1789.626 (depth 1, 34 lits): UNSAT in 0.02s
    cube 1789.627 (depth 1, 34 lits): UNSAT in 0.02s
    cube 1789.628 (depth 1, 34 lits): UNSAT in 0.04s
    cube 1789.629 (depth 1, 34 lits): UNSAT in 0.02s
    cube 1789.630 (depth 1, 34 lits): UNSAT in 0.03s
    cube 1789.631 (depth 1, 34 lits): UNSAT in 0.07s
    cube 1789.632 (depth 1, 34 lits): UNSAT in 0.12s
    cube 1789.633 (depth 1, 33 lits): UNSAT in 0.02s
    cube 1789.634 (depth 1, 34 lits): UNSAT in 0.01s
    cube 1789.635 (depth 1, 34 lits): UNSAT in 0.02s
    cube 1789.636 (depth 1, 34 lits): UNSAT in 0.02s
    cube 1789.637 (depth 1, 34 lits): UNSAT in 0.03s
    cube 1789.638 (depth 1, 34 lits): UNSAT in 0.05s
    cube 1789.639 (depth 1, 34 lits): UNSAT in 0.21s
    cube 1789.640 (depth 1, 34 lits): UNSAT in 0.01s
    cube 1789.641 (depth 1, 34 lits): UNSAT in 0.02s
    cube 1789.642 (depth 1, 34 lits): UNSAT in 0.02s
    cube 1789.643 (depth 1, 34 lits): UNSAT in 0.11s
    cube 1789.644 (depth 1, 34 lits): UNSAT in 0.03s
    cube 1789.645 (depth 1, 34 lits): UNSAT in 0.21s
    cube 1789.646 (depth 1, 34 lits): UNSAT in 0.25s
    cube 1789.647 (depth 1, 34 lits): UNSAT in 0.49s
    cube 1789.648 (depth 1, 34 lits): UNSAT in 0.02s
    cube 1789.649 (depth 1, 34 lits): UNSAT in 0.04s
    cube 1789.650 (depth 1, 34 lits): UNSAT in 0.02s
    cube 1789.651 (depth 1, 34 lits): UNSAT in 0.05s
    cube 1789.652 (depth 1, 34 lits): UNSAT in 0.02s
    cube 1789.653 (depth 1, 34 lits): UNSAT in 0.03s
    cube 1789.654 (depth 1, 34 lits): UNSAT in 0.04s
    cube 1789.655 (depth 1, 34 lits): UNSAT in 0.10s
    cube 1789.656 (depth 1, 34 lits): UNSAT in 0.02s
    cube 1789.657 (depth 1, 34 lits): UNSAT in 0.02s
    cube 1789.658 (depth 1, 34 lits): UNSAT in 0.04s
    cube 1789.659 (depth 1, 34 lits): UNSAT in 0.02s
    cube 1789.660 (depth 1, 34 lits): UNSAT in 0.08s
    cube 1789.661 (depth 1, 34 lits): UNSAT in 0.14s
    cube 1789.662 (depth 1, 34 lits): UNSAT in 0.26s
    cube 1789.663 (depth 1, 34 lits): UNSAT in 0.45s
    cube 1789.664 (depth 1, 34 lits): UNSAT in 0.02s
    cube 1789.665 (depth 1, 34 lits): UNSAT in 0.02s
    cube 1789.666 (depth 1, 34 lits): UNSAT in 0.03s
    cube 1789.667 (depth 1, 34 lits): UNSAT in 0.06s
    cube 1789.668 (depth 1, 34 lits): UNSAT in 0.05s
    cube 1789.669 (depth 1, 34 lits): UNSAT in 0.09s
    cube 1789.670 (depth 1, 34 lits): UNSAT in 0.09s
    cube 1789.671 (depth 1, 34 lits): UNSAT in 0.22s
    cube 1789.672 (depth 1, 34 lits): UNSAT in 0.03s
    cube 1789.673 (depth 1, 34 lits): UNSAT in 0.11s
    cube 1789.674 (depth 1, 34 lits): UNSAT in 0.05s
    cube 1789.675 (depth 1, 34 lits): UNSAT in 0.44s
    cube 1789.676 (depth 1, 34 lits): UNSAT in 0.25s
    cube 1789.677 (depth 1, 34 lits): UNSAT in 1.22s
    cube 1789.678 (depth 1, 34 lits): UNSAT in 0.85s
    cube 1789.679 (depth 1, 34 lits): UNSAT in 1.27s
    cube 1789.680 (depth 1, 34 lits): UNSAT in 0.01s
    cube 1789.681 (depth 1, 34 lits): UNSAT in 0.02s
    cube 1789.682 (depth 1, 34 lits): UNSAT in 0.01s
    cube 1789.683 (depth 1, 34 lits): UNSAT in 0.03s
    cube 1789.684 (depth 1, 34 lits): UNSAT in 0.02s
    cube 1789.685 (depth 1, 34 lits): UNSAT in 0.01s
    cube 1789.686 (depth 1, 33 lits): UNSAT in 0.02s
    cube 1789.687 (depth 1, 34 lits): UNSAT in 0.01s
    cube 1789.688 (depth 1, 34 lits): UNSAT in 0.02s
    cube 1789.689 (depth 1, 34 lits): UNSAT in 0.02s
    cube 1789.690 (depth 1, 34 lits): UNSAT in 0.06s
    cube 1789.691 (depth 1, 34 lits): UNSAT in 0.02s
    cube 1789.692 (depth 1, 34 lits): UNSAT in 0.03s
    cube 1789.693 (depth 1, 34 lits): UNSAT in 0.02s
    cube 1789.694 (depth 1, 34 lits): UNSAT in 0.18s
    cube 1789.695 (depth 1, 34 lits): UNSAT in 0.02s
    cube 1789.696 (depth 1, 34 lits): UNSAT in 0.02s
    cube 1789.697 (depth 1, 34 lits): UNSAT in 0.03s
    cube 1789.698 (depth 1, 34 lits): UNSAT in 0.03s
    cube 1789.699 (depth 1, 34 lits): UNSAT in 0.02s
    cube 1789.700 (depth 1, 34 lits): UNSAT in 0.02s
    cube 1789.701 (depth 1, 34 lits): UNSAT in 0.02s
    cube 1789.702 (depth 1, 34 lits): UNSAT in 0.05s
    cube 1789.703 (depth 1, 34 lits): UNSAT in 0.01s
    cube 1789.704 (depth 1, 34 lits): UNSAT in 0.04s
    cube 1789.705 (depth 1, 34 lits): UNSAT in 0.03s
    cube 1789.706 (depth 1, 34 lits): UNSAT in 0.12s
    cube 1789.707 (depth 1, 34 lits): UNSAT in 0.02s
    cube 1789.708 (depth 1, 34 lits): UNSAT in 0.11s
    cube 1789.709 (depth 1, 34 lits): UNSAT in 0.09s
    cube 1789.710 (depth 1, 34 lits): UNSAT in 1.32s
    cube 1789.711 (depth 1, 34 lits): UNSAT in 0.02s
    cube 1789.712 (depth 1, 34 lits): UNSAT in 0.02s
    cube 1789.713 (depth 1, 34 lits): UNSAT in 0.03s
    cube 1789.714 (depth 1, 34 lits): UNSAT in 0.03s
    cube 1789.715 (depth 1, 34 lits): UNSAT in 0.06s
    cube 1789.716 (depth 1, 34 lits): UNSAT in 0.02s
    cube 1789.717 (depth 1, 34 lits): UNSAT in 0.05s
    cube 1789.718 (depth 1, 34 lits): UNSAT in 0.07s
    cube 1789.719 (depth 1, 34 lits): UNSAT in 0.02s
    cube 1789.720 (depth 1, 34 lits): UNSAT in 0.04s
    cube 1789.721 (depth 1, 34 lits): UNSAT in 0.03s
    cube 1789.722 (depth 1, 34 lits): UNSAT in 0.11s
    cube 1789.723 (depth 1, 34 lits): UNSAT in 0.07s
    cube 1789.724 (depth 1, 34 lits): UNSAT in 0.27s
    cube 1789.725 (depth 1, 34 lits): UNSAT in 0.31s
    cube 1789.726 (depth 1, 34 lits): UNSAT in 0.46s
    cube 1789.727 (depth 1, 34 lits): UNSAT in 0.01s
    cube 1789.728 (depth 1, 34 lits): UNSAT in 0.13s
    cube 1789.729 (depth 1, 34 lits): UNSAT in 0.12s
    cube 1789.730 (depth 1, 34 lits): UNSAT in 0.29s
    cube 1789.731 (depth 1, 34 lits): UNSAT in 0.06s
    cube 1789.732 (depth 1, 34 lits): UNSAT in 0.27s
    cube 1789.733 (depth 1, 34 lits): UNSAT in 0.28s
    cube 1789.734 (depth 1, 34 lits): UNSAT in 0.97s
    cube 1789.735 (depth 1, 34 lits): UNSAT in 0.14s
    cube 1789.736 (depth 1, 34 lits): UNSAT in 0.35s
    cube 1789.737 (depth 1, 34 lits): UNSAT in 0.14s
    cube 1789.738 (depth 1, 34 lits): UNSAT in 1.20s
    cube 1789.739 (depth 1, 34 lits): UNSAT in 0.14s
    cube 1789.740 (depth 1, 34 lits): UNSAT in 1.43s
    cube 1789.741 (depth 1, 34 lits): UNSAT in 1.99s
    cube 1789.742 (depth 1, 34 lits): UNSAT in 4.26s
    cube 1789.743 (depth 1, 34 lits): UNSAT in 0.01s
    cube 1789.744 (depth 1, 34 lits): UNSAT in 0.02s
    cube 1789.745 (depth 1, 34 lits): UNSAT in 0.04s
    cube 1789.746 (depth 1, 34 lits): UNSAT in 0.04s
    cube 1789.747 (depth 1, 34 lits): UNSAT in 0.02s
    cube 1789.748 (depth 1, 34 lits): UNSAT in 0.03s
    cube 1789.749 (depth 1, 34 lits): UNSAT in 0.02s
    cube 1789.750 (depth 1, 34 lits): UNSAT in 0.09s
    cube 1789.751 (depth 1, 34 lits): UNSAT in 0.02s
    cube 1789.752 (depth 1, 34 lits): UNSAT in 0.02s
    cube 1789.753 (depth 1, 34 lits): UNSAT in 0.02s
    cube 1789.754 (depth 1, 34 lits): UNSAT in 0.06s
    cube 1789.755 (depth 1, 34 lits): UNSAT in 0.14s
    cube 1789.756 (depth 1, 34 lits): UNSAT in 0.34s
    cube 1789.757 (depth 1, 34 lits): UNSAT in 0.12s
    cube 1789.758 (depth 1, 34 lits): UNSAT in 0.83s
    cube 1789.759 (depth 1, 34 lits): UNSAT in 0.02s
    cube 1789.760 (depth 1, 34 lits): UNSAT in 0.03s
    cube 1789.761 (depth 1, 34 lits): UNSAT in 0.04s
    cube 1789.762 (depth 1, 34 lits): UNSAT in 0.08s
    cube 1789.763 (depth 1, 34 lits): UNSAT in 0.08s
    cube 1789.764 (depth 1, 34 lits): UNSAT in 0.09s
    cube 1789.765 (depth 1, 34 lits): UNSAT in 0.02s
    cube 1789.766 (depth 1, 34 lits): UNSAT in 0.11s
    cube 1789.767 (depth 1, 34 lits): UNSAT in 0.07s
    cube 1789.768 (depth 1, 34 lits): UNSAT in 0.13s
    cube 1789.769 (depth 1, 34 lits): UNSAT in 0.12s
    cube 1789.770 (depth 1, 34 lits): UNSAT in 0.90s
    cube 1789.771 (depth 1, 34 lits): UNSAT in 0.26s
    cube 1789.772 (depth 1, 34 lits): UNSAT in 0.25s
    cube 1789.773 (depth 1, 34 lits): UNSAT in 0.23s
    cube 1789.774 (depth 1, 34 lits): UNSAT in 2.05s
    cube 1789.775 (depth 1, 34 lits): UNSAT in 0.03s
    cube 1789.776 (depth 1, 34 lits): UNSAT in 0.07s
    cube 1789.777 (depth 1, 34 lits): UNSAT in 0.11s
    cube 1789.778 (depth 1, 34 lits): UNSAT in 0.27s
    cube 1789.779 (depth 1, 34 lits): UNSAT in 0.03s
    cube 1789.780 (depth 1, 34 lits): UNSAT in 0.06s
    cube 1789.781 (depth 1, 34 lits): UNSAT in 0.15s
    cube 1789.782 (depth 1, 34 lits): UNSAT in 0.77s
    cube 1789.783 (depth 1, 34 lits): UNSAT in 0.03s
    cube 1789.784 (depth 1, 34 lits): UNSAT in 0.09s
    cube 1789.785 (depth 1, 34 lits): UNSAT in 0.18s
    cube 1789.786 (depth 1, 34 lits): UNSAT in 0.29s
    cube 1789.787 (depth 1, 34 lits): UNSAT in 0.11s
    cube 1789.788 (depth 1, 34 lits): UNSAT in 0.52s
    cube 1789.789 (depth 1, 34 lits): UNSAT in 0.55s
    cube 1789.790 (depth 1, 34 lits): UNSAT in 1.49s
    cube 1789.791 (depth 1, 34 lits): UNSAT in 0.01s
    cube 1789.792 (depth 1, 34 lits): UNSAT in 0.02s
    cube 1789.793 (depth 1, 34 lits): UNSAT in 0.03s
    cube 1789.794 (depth 1, 34 lits): UNSAT in 0.07s
    cube 1789.795 (depth 1, 34 lits): UNSAT in 0.03s
    cube 1789.796 (depth 1, 34 lits): UNSAT in 0.08s
    cube 1789.797 (depth 1, 34 lits): UNSAT in 0.08s
    cube 1789.798 (depth 1, 34 lits): UNSAT in 1.10s
    cube 1789.799 (depth 1, 34 lits): UNSAT in 0.03s
    cube 1789.800 (depth 1, 34 lits): UNSAT in 0.27s
    cube 1789.801 (depth 1, 34 lits): UNSAT in 0.45s
    cube 1789.802 (depth 1, 34 lits): UNSAT in 0.80s
    cube 1789.803 (depth 1, 34 lits): UNSAT in 1.35s
    cube 1789.804 (depth 1, 34 lits): UNSAT in 1.53s
    cube 1789.805 (depth 1, 34 lits): UNSAT in 1.73s
    cube 1789.806 (depth 1, 34 lits): UNSAT in 21.96s
    cube 1789.807 (depth 1, 34 lits): UNSAT in 0.02s
    cube 1789.808 (depth 1, 34 lits): UNSAT in 0.02s
    cube 1789.809 (depth 1, 34 lits): UNSAT in 0.02s
    cube 1789.810 (depth 1, 34 lits): UNSAT in 0.07s
    cube 1789.811 (depth 1, 34 lits): UNSAT in 0.01s
    cube 1789.812 (depth 1, 34 lits): UNSAT in 0.04s
    cube 1789.813 (depth 1, 34 lits): UNSAT in 0.16s
    cube 1789.814 (depth 1, 34 lits): UNSAT in 0.09s
    cube 1789.815 (depth 1, 34 lits): UNSAT in 0.02s
    cube 1789.816 (depth 1, 34 lits): UNSAT in 0.10s
    cube 1789.817 (depth 1, 34 lits): UNSAT in 0.02s
    cube 1789.818 (depth 1, 34 lits): UNSAT in 0.09s
    cube 1789.819 (depth 1, 34 lits): UNSAT in 0.16s
    cube 1789.820 (depth 1, 34 lits): UNSAT in 0.29s
    cube 1789.821 (depth 1, 34 lits): UNSAT in 0.31s
    cube 1789.822 (depth 1, 34 lits): UNSAT in 1.55s
    cube 1789.823 (depth 1, 34 lits): UNSAT in 0.02s
    cube 1789.824 (depth 1, 34 lits): UNSAT in 0.08s
    cube 1789.825 (depth 1, 34 lits): UNSAT in 0.05s
    cube 1789.826 (depth 1, 34 lits): UNSAT in 0.14s
    cube 1789.827 (depth 1, 34 lits): UNSAT in 0.05s
    cube 1789.828 (depth 1, 34 lits): UNSAT in 0.07s
    cube 1789.829 (depth 1, 34 lits): UNSAT in 0.35s
    cube 1789.830 (depth 1, 34 lits): UNSAT in 0.33s
    cube 1789.831 (depth 1, 34 lits): UNSAT in 0.08s
    cube 1789.832 (depth 1, 34 lits): UNSAT in 0.19s
    cube 1789.833 (depth 1, 34 lits): UNSAT in 0.29s
    cube 1789.834 (depth 1, 34 lits): UNSAT in 0.60s
    cube 1789.835 (depth 1, 34 lits): UNSAT in 0.10s
    cube 1789.836 (depth 1, 34 lits): UNSAT in 0.61s
    cube 1789.837 (depth 1, 34 lits): UNSAT in 2.50s
    cube 1789.838 (depth 1, 34 lits): UNSAT in 7.98s
    cube 1789.839 (depth 1, 34 lits): UNSAT in 0.02s
    cube 1789.840 (depth 1, 34 lits): UNSAT in 0.04s
    cube 1789.841 (depth 1, 34 lits): UNSAT in 0.04s
    cube 1789.842 (depth 1, 34 lits): UNSAT in 0.06s
    cube 1789.843 (depth 1, 34 lits): UNSAT in 0.07s
    cube 1789.844 (depth 1, 34 lits): UNSAT in 0.11s
    cube 1789.845 (depth 1, 34 lits): UNSAT in 0.11s
    cube 1789.846 (depth 1, 34 lits): UNSAT in 0.07s
    cube 1789.847 (depth 1, 34 lits): UNSAT in 0.02s
    cube 1789.848 (depth 1, 34 lits): UNSAT in 0.03s
    cube 1789.849 (depth 1, 34 lits): UNSAT in 0.04s
    cube 1789.850 (depth 1, 34 lits): UNSAT in 0.13s
    cube 1789.851 (depth 1, 34 lits): UNSAT in 0.18s
    cube 1789.852 (depth 1, 34 lits): UNSAT in 0.48s
    cube 1789.853 (depth 1, 34 lits): UNSAT in 0.58s
    cube 1789.854 (depth 1, 34 lits): UNSAT in 1.40s
    cube 1789.855 (depth 1, 34 lits): UNSAT in 0.07s
    cube 1789.856 (depth 1, 34 lits): UNSAT in 0.08s
    cube 1789.857 (depth 1, 34 lits): UNSAT in 0.08s
    cube 1789.858 (depth 1, 34 lits): UNSAT in 0.65s
    cube 1789.859 (depth 1, 34 lits): UNSAT in 0.32s
    cube 1789.860 (depth 1, 34 lits): UNSAT in 1.22s
    cube 1789.861 (depth 1, 34 lits): UNSAT in 2.78s
    cube 1789.862 (depth 1, 34 lits): UNSAT in 7.55s
    cube 1789.863 (depth 1, 34 lits): UNSAT in 0.02s
    cube 1789.864 (depth 1, 34 lits): UNSAT in 0.10s
    cube 1789.865 (depth 1, 34 lits): UNSAT in 0.36s
    cube 1789.866 (depth 1, 34 lits): UNSAT in 0.82s
    cube 1789.867 (depth 1, 34 lits): UNSAT in 0.21s
    cube 1789.868 (depth 1, 34 lits): UNSAT in 1.97s
    cube 1789.869 (depth 1, 34 lits): UNSAT in 2.28s
    cube 1789.870 (depth 1, 34 lits): UNSAT in 6.48s
    cube 1792 (depth 0, 24 lits): UNSAT in 3.66s
    cube 1795 (depth 0, 24 lits): UNSAT in 26.81s
    cube 1798 (depth 0, 24 lits): UNSAT in 25.33s
