  shard 2/4 (round-robin): 922 of 3688 cubes, per-cube cap 600.0s, re-split depth 7
    cube 2 (depth 0, 24 lits): UNSAT in 0.01s
    cube 6 (depth 0, 23 lits): UNSAT in 0.01s
    cube 10 (depth 0, 24 lits): UNSAT in 0.02s
    cube 14 (depth 0, 21 lits): UNSAT in 0.02s
    cube 18 (depth 0, 23 lits): UNSAT in 0.02s
    cube 22 (depth 0, 24 lits): UNSAT in 0.02s
    cube 26 (depth 0, 24 lits): UNSAT in 0.01s
    cube 30 (depth 0, 24 lits): UNSAT in 0.03s
    cube 34 (depth 0, 23 lits): UNSAT in 0.01s
    cube 38 (depth 0, 24 lits): UNSAT in 0.02s
    cube 42 (depth 0, 24 lits): UNSAT in 0.01s
    cube 46 (depth 0, 24 lits): UNSAT in 0.02s
    cube 50 (depth 0, 24 lits): UNSAT in 0.03s
    cube 54 (depth 0, 23 lits): UNSAT in 0.02s
    cube 58 (depth 0, 23 lits): UNSAT in 0.02s
    cube 62 (depth 0, 23 lits): UNSAT in 0.01s
    cube 66 (depth 0, 24 lits): UNSAT in 0.02s
    cube 70 (depth 0, 24 lits): UNSAT in 0.02s
    cube 74 (depth 0, 23 lits): UNSAT in 0.01s
    cube 78 (depth 0, 24 lits): UNSAT in 0.02s
    cube 82 (depth 0, 24 lits): UNSAT in 0.01s
    cube 86 (depth 0, 24 lits): UNSAT in 0.02s
    cube 90 (depth 0, 24 lits): UNSAT in 0.06s
    cube 94 (depth 0, 24 lits): UNSAT in 0.02s
    cube 98 (depth 0, 24 lits): UNSAT in 0.01s
    cube 102 (depth 0, 24 lits): UNSAT in 0.03s
    cube 106 (depth 0, 24 lits): UNSAT in 0.02s
    cube 110 (depth 0, 24 lits): UNSAT in 0.02s
    cube 114 (depth 0, 24 lits): UNSAT in 0.01s
    cube 118 (depth 0, 24 lits): UNSAT in 0.02s
    cube 122 (depth 0, 24 lits): UNSAT in 0.11s
    cube 126 (depth 0, 24 lits): UNSAT in 0.02s
    cube 130 (depth 0, 24 lits): UNSAT in 0.04s
    cube 134 (depth 0, 24 lits): UNSAT in 0.02s
    cube 138 (depth 0, 24 lits): UNSAT in 0.02s
    cube 142 (depth 0, 24 lits): UNSAT in 0.01s
    cube 146 (depth 0, 24 lits): UNSAT in 0.09s
    cube 150 (depth 0, 24 lits): UNSAT in 0.02s
    cube 154 (depth 0, 24 lits): UNSAT in 0.03s
    cube 158 (depth 0, 24 lits): UNSAT in 0.03s
    cube 162 (depth 0, 24 lits): UNSAT in 0.02s
    cube 166 (depth 0, 24 lits): UNSAT in 0.03s
    cube 170 (depth 0, 24 lits): UNSAT in 0.02s
    cube 174 (depth 0, 24 lits): UNSAT in 0.14s
    cube 178 (depth 0, 22 lits): UNSAT in 0.01s
    cube 182 (depth 0, 24 lits): UNSAT in 0.02s
    cube 186 (depth 0, 24 lits): UNSAT in 0.02s
    cube 190 (depth 0, 24 lits): UNSAT in 0.02s
    cube 194 (depth 0, 24 lits): UNSAT in 0.01s
    cube 198 (depth 0, 24 lits): UNSAT in 0.01s
    cube 202 (depth 0, 24 lits): UNSAT in 0.01s
    cube 206 (depth 0, 24 lits): UNSAT in 0.01s
    cube 210 (depth 0, 24 lits): UNSAT in 0.01s
    cube 214 (depth 0, 24 lits): UNSAT in 0.01s
    cube 218 (depth 0, 24 lits): UNSAT in 0.02s
    cube 222 (depth 0, 24 lits): UNSAT in 0.03s
    cube 226 (depth 0, 24 lits): UNSAT in 0.02s
    cube 230 (depth 0, 24 lits): UNSAT in 0.01s
    cube 234 (depth 0, 24 lits): UNSAT in 0.02s
    cube 238 (depth 0, 24 lits): UNSAT in 0.01s
    cube 242 (depth 0, 24 lits): UNSAT in 0.02s
    cube 246 (depth 0, 24 lits): UNSAT in 0.01s
    cube 250 (depth 0, 24 lits): UNSAT in 0.02s
    cube 254 (depth 0, 24 lits): UNSAT in 0.02s
    cube 258 (depth 0, 24 lits): UNSAT in 0.01s
    cube 262 (depth 0, 24 lits): UNSAT in 0.02s
    cube 266 (depth 0, 24 lits): UNSAT in 0.01s
    cube 270 (depth 0, 23 lits): UNSAT in 0.01s
    cube 274 (depth 0, 24 lits): UNSAT in 0.01s
    cube 278 (depth 0, 24 lits): UNSAT in 0.03s
    cube 282 (depth 0, 24 lits): UNSAT in 0.15s
    cube 286 (depth 0, 24 lits): UNSAT in 0.25s
    cube 290 (depth 0, 23 lits): UNSAT in 0.01s
    cube 294 (depth 0, 23 lits): UNSAT in 0.01s
    cube 298 (depth 0, 24 lits): UNSAT in 0.02s
    cube 302 (depth 0, 24 lits): UNSAT in 0.01s
    cube 306 (depth 0, 24 lits): UNSAT in 0.01s
    cube 310 (depth 0, 24 lits): UNSAT in 0.01s
    cube 314 (depth 0, 24 lits): UNSAT in 0.02s
    cube 318 (depth 0, 24 lits): UNSAT in 0.02s
    cube 322 (depth 0, 24 lits): UNSAT in 0.01s
    cube 326 (depth 0, 24 lits): UNSAT in 0.02s
    cube 330 (depth 0, 24 lits): UNSAT in 0.01s
    cube 334 (depth 0, 24 lits): UNSAT in 0.04s
    cube 338 (depth 0, 24 lits): UNSAT in 0.06s
    cube 342 (depth 0, 24 lits): UNSAT in 0.06s
    cube 346 (depth 0, 24 lits): UNSAT in 0.01s
    cube 350 (depth 0, 24 lits): UNSAT in 0.02s
    cube 354 (depth 0, 24 lits): UNSAT in 0.03s
    cube 358 (depth 0, 24 lits): UNSAT in 0.07s
    cube 362 (depth 0, 24 lits): UNSAT in 0.02s
    cube 366 (depth 0, 24 lits): UNSAT in 0.06s
    cube 370 (depth 0, 24 lits): UNSAT in 0.02s
    cube 374 (depth 0, 24 lits): UNSAT in 0.09s
    cube 378 (depth 0, 24 lits): UNSAT in 0.01s
    cube 382 (depth 0, 24 lits): UNSAT in 0.06s
    cube 386 (depth 0, 24 lits): UNSAT in 0.02s
    cube 390 (depth 0, 24 lits): UNSAT in 0.39s
    cube 394 (depth 0, 24 lits): UNSAT in 0.02s
    cube 398 (depth 0, 24 lits): UNSAT in 0.03s
    cube 402 (depth 0, 24 lits): UNSAT in 0.16s
    cube 406 (depth 0, 24 lits): UNSAT in 0.60s
    cube 410 (depth 0, 21 lits): UNSAT in 0.01s
    cube 414 (depth 0, 23 lits): UNSAT in 0.01s
    cube 418 (depth 0, 22 lits): UNSAT in 0.01s
    cube 422 (depth 0, 24 lits): UNSAT in 0.02s
    cube 426 (depth 0, 22 lits): UNSAT in 0.02s
    cube 430 (depth 0, 24 lits): UNSAT in 0.01s
    cube 434 (depth 0, 22 lits): UNSAT in 0.01s
    cube 438 (depth 0, 23 lits): UNSAT in 0.01s
    cube 442 (depth 0, 24 lits): UNSAT in 0.01s
    cube 446 (depth 0, 24 lits): UNSAT in 0.03s
    cube 450 (depth 0, 24 lits): UNSAT in 0.02s
    cube 454 (depth 0, 24 lits): UNSAT in 0.02s
    cube 458 (depth 0, 23 lits): UNSAT in 0.02s
    cube 462 (depth 0, 24 lits): UNSAT in 0.02s
    cube 466 (depth 0, 24 lits): UNSAT in 0.02s
    cube 470 (depth 0, 24 lits): UNSAT in 0.01s
    cube 474 (depth 0, 24 lits): UNSAT in 0.12s
    cube 478 (depth 0, 23 lits): UNSAT in 0.02s
    cube 482 (depth 0, 24 lits): UNSAT in 0.02s
    cube 486 (depth 0, 24 lits): UNSAT in 0.02s
    cube 490 (depth 0, 24 lits): UNSAT in 0.01s
    cube 494 (depth 0, 24 lits): UNSAT in 0.01s
    cube 498 (depth 0, 22 lits): UNSAT in 0.02s
    cube 502 (depth 0, 23 lits): UNSAT in 0.02s
    cube 506 (depth 0, 24 lits): UNSAT in 0.02s
    cube 510 (depth 0, 24 lits): UNSAT in 0.02s
    cube 514 (depth 0, 24 lits): UNSAT in 0.04s
    cube 518 (depth 0, 23 lits): UNSAT in 0.01s
    cube 522 (depth 0, 24 lits): UNSAT in 0.01s
    cube 526 (depth 0, 24 lits): UNSAT in 0.03s
    cube 530 (depth 0, 24 lits): UNSAT in 0.02s
    cube 534 (depth 0, 24 lits): UNSAT in 0.02s
    cube 538 (depth 0, 24 lits): UNSAT in 0.04s
    cube 542 (depth 0, 24 lits): UNSAT in 0.15s
    cube 546 (depth 0, 24 lits): UNSAT in 0.01s
    cube 550 (depth 0, 24 lits): UNSAT in 0.03s
    cube 554 (depth 0, 24 lits): UNSAT in 0.04s
    cube 558 (depth 0, 24 lits): UNSAT in 0.08s
    cube 562 (depth 0, 24 lits): UNSAT in 0.04s
    cube 566 (depth 0, 24 lits): UNSAT in 0.20s
    cube 570 (depth 0, 24 lits): UNSAT in 0.37s
    cube 574 (depth 0, 24 lits): UNSAT in 1.45s
    cube 578 (depth 0, 24 lits): UNSAT in 0.02s
    cube 582 (depth 0, 24 lits): UNSAT in 0.02s
    cube 586 (depth 0, 24 lits): UNSAT in 0.01s
    cube 590 (depth 0, 24 lits): UNSAT in 0.02s
    cube 594 (depth 0, 24 lits): UNSAT in 0.02s
    cube 598 (depth 0, 24 lits): UNSAT in 0.02s
    cube 602 (depth 0, 24 lits): UNSAT in 0.01s
    cube 606 (depth 0, 24 lits): UNSAT in 0.03s
    cube 610 (depth 0, 24 lits): UNSAT in 0.01s
    cube 614 (depth 0, 24 lits): UNSAT in 0.04s
    cube 618 (depth 0, 24 lits): UNSAT in 0.03s
    cube 622 (depth 0, 24 lits): UNSAT in 0.10s
    cube 626 (depth 0, 24 lits): UNSAT in 0.02s
    cube 630 (depth 0, 24 lits): UNSAT in 0.07s
    cube 634 (depth 0, 24 lits): UNSAT in 0.02s
    cube 638 (depth 0, 24 lits): UNSAT in 0.04s
    cube 642 (depth 0, 24 lits): UNSAT in 0.02s
    cube 646 (depth 0, 24 lits): UNSAT in 0.03s
    cube 650 (depth 0, 24 lits): UNSAT in 0.10s
    cube 654 (depth 0, 24 lits): UNSAT in 0.13s
    cube 658 (depth 0, 24 lits): UNSAT in 0.01s
    cube 662 (depth 0, 24 lits): UNSAT in 0.07s
    cube 666 (depth 0, 24 lits): UNSAT in 0.21s
    cube 670 (depth 0, 24 lits): UNSAT in 0.16s
    cube 674 (depth 0, 24 lits): UNSAT in 0.03s
    cube 678 (depth 0, 24 lits): UNSAT in 0.07s
    cube 682 (depth 0, 24 lits): UNSAT in 0.04s
    cube 686 (depth 0, 24 lits): UNSAT in 1.28s
    cube 690 (depth 0, 24 lits): UNSAT in 0.17s
    cube 694 (depth 0, 24 lits): UNSAT in 0.94s
    cube 698 (depth 0, 24 lits): UNSAT in 1.32s
    cube 702 (depth 0, 24 lits): UNSAT in 7.36s
    cube 706 (depth 0, 24 lits): UNSAT in 0.02s
    cube 710 (depth 0, 23 lits): UNSAT in 0.01s
    cube 714 (depth 0, 24 lits): UNSAT in 0.04s
    cube 718 (depth 0, 24 lits): UNSAT in 0.02s
    cube 722 (depth 0, 24 lits): UNSAT in 0.02s
    cube 726 (depth 0, 24 lits): UNSAT in 0.05s
    cube 730 (depth 0, 24 lits): UNSAT in 0.55s
    cube 734 (depth 0, 24 lits): UNSAT in 0.03s
    cube 738 (depth 0, 24 lits): UNSAT in 0.06s
    cube 742 (depth 0, 24 lits): UNSAT in 0.05s
    cube 746 (depth 0, 24 lits): UNSAT in 0.11s
    cube 750 (depth 0, 24 lits): UNSAT in 0.05s
    cube 754 (depth 0, 24 lits): UNSAT in 0.12s
    cube 758 (depth 0, 24 lits): UNSAT in 0.31s
    cube 762 (depth 0, 24 lits): UNSAT in 4.93s
    cube 766 (depth 0, 24 lits): UNSAT in 0.04s
    cube 770 (depth 0, 24 lits): UNSAT in 0.03s
    cube 774 (depth 0, 24 lits): UNSAT in 0.03s
    cube 778 (depth 0, 24 lits): UNSAT in 0.14s
    cube 782 (depth 0, 24 lits): UNSAT in 0.10s
    cube 786 (depth 0, 24 lits): UNSAT in 0.62s
    cube 790 (depth 0, 24 lits): UNSAT in 0.50s
    cube 794 (depth 0, 24 lits): UNSAT in 1.95s
    cube 798 (depth 0, 24 lits): UNSAT in 0.05s
    cube 802 (depth 0, 24 lits): UNSAT in 0.17s
    cube 806 (depth 0, 24 lits): UNSAT in 0.13s
    cube 810 (depth 0, 24 lits): UNSAT in 3.67s
    cube 814 (depth 0, 24 lits): UNSAT in 0.31s
    cube 818 (depth 0, 24 lits): UNSAT in 6.73s
    cube 822 (depth 0, 24 lits): UNSAT in 1.00s
    cube 826 (depth 0, 24 lits): UNSAT in 5.04s
    cube 830 (depth 0, 22 lits): UNSAT in 0.01s
    cube 834 (depth 0, 24 lits): UNSAT in 0.02s
    cube 838 (depth 0, 23 lits): UNSAT in 0.01s
    cube 842 (depth 0, 24 lits): UNSAT in 0.02s
    cube 846 (depth 0, 24 lits): UNSAT in 0.03s
    cube 850 (depth 0, 24 lits): UNSAT in 0.02s
    cube 854 (depth 0, 24 lits): UNSAT in 0.04s
    cube 858 (depth 0, 24 lits): UNSAT in 0.08s
    cube 862 (depth 0, 24 lits): UNSAT in 0.02s
    cube 866 (depth 0, 23 lits): UNSAT in 0.01s
    cube 870 (depth 0, 23 lits): UNSAT in 0.02s
    cube 874 (depth 0, 24 lits): UNSAT in 0.02s
    cube 878 (depth 0, 24 lits): UNSAT in 0.05s
    cube 882 (depth 0, 24 lits): UNSAT in 0.08s
    cube 886 (depth 0, 24 lits): UNSAT in 0.03s
    cube 890 (depth 0, 24 lits): UNSAT in 0.12s
    cube 894 (depth 0, 24 lits): UNSAT in 0.06s
    cube 898 (depth 0, 24 lits): UNSAT in 0.08s
    cube 902 (depth 0, 24 lits): UNSAT in 0.08s
    cube 906 (depth 0, 24 lits): UNSAT in 0.40s
    cube 910 (depth 0, 23 lits): UNSAT in 0.01s
    cube 914 (depth 0, 24 lits): UNSAT in 0.01s
    cube 918 (depth 0, 23 lits): UNSAT in 0.02s
    cube 922 (depth 0, 24 lits): UNSAT in 0.02s
    cube 926 (depth 0, 24 lits): UNSAT in 0.02s
    cube 930 (depth 0, 22 lits): UNSAT in 0.01s
    cube 934 (depth 0, 24 lits): UNSAT in 0.02s
    cube 938 (depth 0, 24 lits): UNSAT in 0.02s
    cube 942 (depth 0, 24 lits): UNSAT in 0.03s
    cube 946 (depth 0, 24 lits): UNSAT in 0.02s
    cube 950 (depth 0, 24 lits): UNSAT in 0.02s
    cube 954 (depth 0, 24 lits): UNSAT in 0.02s
    cube 958 (depth 0, 23 lits): UNSAT in 0.02s
    cube 962 (depth 0, 24 lits): UNSAT in 0.02s
    cube 966 (depth 0, 24 lits): UNSAT in 0.01s
    cube 970 (depth 0, 24 lits): UNSAT in 0.02s
    cube 974 (depth 0, 24 lits): UNSAT in 0.02s
    cube 978 (depth 0, 24 lits): UNSAT in 0.03s
    cube 982 (depth 0, 24 lits): UNSAT in 0.04s
    cube 986 (depth 0, 24 lits): UNSAT in 0.13s
    cube 990 (depth 0, 24 lits): UNSAT in 0.04s
    cube 994 (depth 0, 24 lits): UNSAT in 0.08s
    cube 998 (depth 0, 24 lits): UNSAT in 0.05s
    cube 1002 (depth 0, 24 lits): UNSAT in 0.16s
    cube 1006 (depth 0, 22 lits): UNSAT in 0.02s
    cube 1010 (depth 0, 23 lits): UNSAT in 0.01s
    cube 1014 (depth 0, 24 lits): UNSAT in 0.04s
    cube 1018 (depth 0, 24 lits): UNSAT in 0.02s
    cube 1022 (depth 0, 24 lits): UNSAT in 0.02s
    cube 1026 (depth 0, 24 lits): UNSAT in 0.01s
    cube 1030 (depth 0, 24 lits): UNSAT in 0.03s
    cube 1034 (depth 0, 24 lits): UNSAT in 0.02s
    cube 1038 (depth 0, 24 lits): UNSAT in 0.03s
    cube 1042 (depth 0, 24 lits): UNSAT in 0.01s
    cube 1046 (depth 0, 24 lits): UNSAT in 0.03s
    cube 1050 (depth 0, 24 lits): UNSAT in 0.04s
    cube 1054 (depth 0, 24 lits): UNSAT in 0.11s
    cube 1058 (depth 0, 24 lits): UNSAT in 0.03s
    cube 1062 (depth 0, 24 lits): UNSAT in 0.02s
    cube 1066 (depth 0, 24 lits): UNSAT in 0.01s
    cube 1070 (depth 0, 24 lits): UNSAT in 0.03s
    cube 1074 (depth 0, 24 lits): UNSAT in 0.06s
    cube 1078 (depth 0, 24 lits): UNSAT in 0.01s
    cube 1082 (depth 0, 24 lits): UNSAT in 0.02s
    cube 1086 (depth 0, 23 lits): UNSAT in 0.01s
    cube 1090 (depth 0, 24 lits): UNSAT in 0.09s
    cube 1094 (depth 0, 24 lits): UNSAT in 0.03s
    cube 1098 (depth 0, 24 lits): UNSAT in 0.03s
    cube 1102 (depth 0, 24 lits): UNSAT in 0.10s
    cube 1106 (depth 0, 24 lits): UNSAT in 0.63s
    cube 1110 (depth 0, 24 lits): UNSAT in 0.02s
    cube 1114 (depth 0, 24 lits): UNSAT in 0.02s
    cube 1118 (depth 0, 24 lits): UNSAT in 0.04s
    cube 1122 (depth 0, 24 lits): UNSAT in 0.03s
    cube 1126 (depth 0, 24 lits): UNSAT in 0.02s
    cube 1130 (depth 0, 24 lits): UNSAT in 0.02s
    cube 1134 (depth 0, 24 lits): UNSAT in 0.04s
    cube 1138 (depth 0, 24 lits): UNSAT in 0.18s
    cube 1142 (depth 0, 24 lits): UNSAT in 0.02s
    cube 1146 (depth 0, 24 lits): UNSAT in 0.02s
    cube 1150 (depth 0, 24 lits): UNSAT in 0.02s
    cube 1154 (depth 0, 24 lits): UNSAT in 0.07s
    cube 1158 (depth 0, 24 lits): UNSAT in 0.03s
    cube 1162 (depth 0, 24 lits): UNSAT in 0.28s
    cube 1166 (depth 0, 24 lits): UNSAT in 0.08s
    cube 1170 (depth 0, 24 lits): UNSAT in 1.25s
    cube 1174 (depth 0, 24 lits): UNSAT in 0.02s
    cube 1178 (depth 0, 24 lits): UNSAT in 0.09s
    cube 1182 (depth 0, 24 lits): UNSAT in 0.08s
    cube 1186 (depth 0, 24 lits): UNSAT in 0.56s
    cube 1190 (depth 0, 24 lits): UNSAT in 0.05s
    cube 1194 (depth 0, 24 lits): UNSAT in 0.13s
    cube 1198 (depth 0, 24 lits): UNSAT in 0.15s
    cube 1202 (depth 0, 24 lits): UNSAT in 0.75s
    cube 1206 (depth 0, 24 lits): UNSAT in 0.06s
    cube 1210 (depth 0, 24 lits): UNSAT in 0.03s
    cube 1214 (depth 0, 24 lits): UNSAT in 0.08s
    cube 1218 (depth 0, 24 lits): UNSAT in 1.32s
    cube 1222 (depth 0, 24 lits): UNSAT in 0.10s
    cube 1226 (depth 0, 24 lits): UNSAT in 1.37s
    cube 1230 (depth 0, 24 lits): UNSAT in 0.41s
    cube 1234 (depth 0, 24 lits): UNSAT in 0.52s
    cube 1238 (depth 0, 24 lits): UNSAT in 0.02s
    cube 1242 (depth 0, 23 lits): UNSAT in 0.02s
    cube 1246 (depth 0, 24 lits): UNSAT in 0.01s
    cube 1250 (depth 0, 24 lits): UNSAT in 0.02s
    cube 1254 (depth 0, 24 lits): UNSAT in 0.02s
    cube 1258 (depth 0, 24 lits): UNSAT in 0.02s
    cube 1262 (depth 0, 22 lits): UNSAT in 0.02s
    cube 1266 (depth 0, 23 lits): UNSAT in 0.02s
    cube 1270 (depth 0, 24 lits): UNSAT in 0.01s
    cube 1274 (depth 0, 24 lits): UNSAT in 0.03s
    cube 1278 (depth 0, 24 lits): UNSAT in 0.03s
    cube 1282 (depth 0, 24 lits): UNSAT in 0.01s
    cube 1286 (depth 0, 24 lits): UNSAT in 0.02s
    cube 1290 (depth 0, 23 lits): UNSAT in 0.02s
    cube 1294 (depth 0, 24 lits): UNSAT in 0.03s
    cube 1298 (depth 0, 24 lits): UNSAT in 0.03s
    cube 1302 (depth 0, 24 lits): UNSAT in 0.15s
    cube 1306 (depth 0, 24 lits): UNSAT in 0.09s
    cube 1310 (depth 0, 24 lits): UNSAT in 0.48s
    cube 1314 (depth 0, 24 lits): UNSAT in 0.02s
    cube 1318 (depth 0, 24 lits): UNSAT in 0.08s
    cube 1322 (depth 0, 24 lits): UNSAT in 0.14s
    cube 1326 (depth 0, 24 lits): UNSAT in 0.88s
    cube 1330 (depth 0, 24 lits): UNSAT in 0.05s
    cube 1334 (depth 0, 24 lits): UNSAT in 0.83s
    cube 1338 (depth 0, 24 lits): UNSAT in 1.57s
    cube 1342 (depth 0, 24 lits): UNSAT in 11.51s
    cube 1346 (depth 0, 24 lits): UNSAT in 0.05s
    cube 1350 (depth 0, 24 lits): UNSAT in 0.09s
    cube 1354 (depth 0, 24 lits): UNSAT in 0.02s
    cube 1358 (depth 0, 24 lits): UNSAT in 0.14s
    cube 1362 (depth 0, 24 lits): UNSAT in 0.10s
    cube 1366 (depth 0, 24 lits): UNSAT in 0.05s
    cube 1370 (depth 0, 24 lits): UNSAT in 0.02s
    cube 1374 (depth 0, 24 lits): UNSAT in 0.27s
    cube 1378 (depth 0, 24 lits): UNSAT in 0.02s
    cube 1382 (depth 0, 24 lits): UNSAT in 0.09s
    cube 1386 (depth 0, 24 lits): UNSAT in 0.04s
    cube 1390 (depth 0, 24 lits): UNSAT in 0.01s
    cube 1394 (depth 0, 24 lits): UNSAT in 0.05s
    cube 1398 (depth 0, 24 lits): UNSAT in 0.03s
    cube 1402 (depth 0, 24 lits): UNSAT in 0.20s
    cube 1406 (depth 0, 24 lits): UNSAT in 0.02s
    cube 1410 (depth 0, 24 lits): UNSAT in 0.02s
    cube 1414 (depth 0, 24 lits): UNSAT in 0.07s
    cube 1418 (depth 0, 24 lits): UNSAT in 0.12s
    cube 1422 (depth 0, 24 lits): UNSAT in 0.02s
    cube 1426 (depth 0, 24 lits): UNSAT in 0.04s
    cube 1430 (depth 0, 24 lits): UNSAT in 0.15s
    cube 1434 (depth 0, 24 lits): UNSAT in 0.09s
    cube 1438 (depth 0, 24 lits): UNSAT in 0.03s
    cube 1442 (depth 0, 24 lits): UNSAT in 0.03s
    cube 1446 (depth 0, 24 lits): UNSAT in 0.05s
    cube 1450 (depth 0, 24 lits): UNSAT in 0.09s
    cube 1454 (depth 0, 24 lits): UNSAT in 0.12s
    cube 1458 (depth 0, 24 lits): UNSAT in 0.12s
    cube 1462 (depth 0, 24 lits): UNSAT in 0.65s
    cube 1466 (depth 0, 24 lits): UNSAT in 2.25s
    cube 1470 (depth 0, 23 lits): UNSAT in 0.01s
    cube 1474 (depth 0, 24 lits): UNSAT in 0.03s
    cube 1478 (depth 0, 24 lits): UNSAT in 0.02s
    cube 1482 (depth 0, 24 lits): UNSAT in 0.02s
    cube 1486 (depth 0, 24 lits): UNSAT in 0.03s
    cube 1490 (depth 0, 24 lits): UNSAT in 0.04s
    cube 1494 (depth 0, 24 lits): UNSAT in 0.31s
    cube 1498 (depth 0, 24 lits): UNSAT in 0.02s
    cube 1502 (depth 0, 24 lits): UNSAT in 0.03s
    cube 1506 (depth 0, 24 lits): UNSAT in 0.05s
    cube 1510 (depth 0, 24 lits): UNSAT in 0.09s
    cube 1514 (depth 0, 23 lits): UNSAT in 0.02s
    cube 1518 (depth 0, 24 lits): UNSAT in 0.18s
    cube 1522 (depth 0, 24 lits): UNSAT in 0.24s
    cube 1526 (depth 0, 24 lits): UNSAT in 1.53s
    cube 1530 (depth 0, 24 lits): UNSAT in 0.02s
    cube 1534 (depth 0, 24 lits): UNSAT in 0.03s
    cube 1538 (depth 0, 24 lits): UNSAT in 0.05s
    cube 1542 (depth 0, 24 lits): UNSAT in 0.41s
    cube 1546 (depth 0, 24 lits): UNSAT in 0.02s
    cube 1550 (depth 0, 24 lits): UNSAT in 0.09s
    cube 1554 (depth 0, 24 lits): UNSAT in 0.18s
    cube 1558 (depth 0, 24 lits): UNSAT in 0.94s
    cube 1562 (depth 0, 24 lits): UNSAT in 0.09s
    cube 1566 (depth 0, 24 lits): UNSAT in 0.20s
    cube 1570 (depth 0, 24 lits): UNSAT in 0.11s
    cube 1574 (depth 0, 24 lits): UNSAT in 0.49s
    cube 1578 (depth 0, 24 lits): UNSAT in 0.17s
    cube 1582 (depth 0, 24 lits): UNSAT in 1.23s
    cube 1586 (depth 0, 24 lits): UNSAT in 1.72s
    cube 1590 (depth 0, 24 lits): UNSAT in 16.06s
    cube 1594 (depth 0, 24 lits): UNSAT in 0.03s
    cube 1598 (depth 0, 24 lits): UNSAT in 0.16s
    cube 1602 (depth 0, 24 lits): UNSAT in 0.04s
    cube 1606 (depth 0, 24 lits): UNSAT in 0.13s
    cube 1610 (depth 0, 24 lits): UNSAT in 0.05s
    cube 1614 (depth 0, 24 lits): UNSAT in 0.14s
    cube 1618 (depth 0, 24 lits): UNSAT in 0.20s
    cube 1622 (depth 0, 24 lits): UNSAT in 1.27s
    cube 1626 (depth 0, 24 lits): UNSAT in 0.04s
    cube 1630 (depth 0, 24 lits): UNSAT in 0.79s
    cube 1634 (depth 0, 24 lits): UNSAT in 2.10s
    cube 1638 (depth 0, 24 lits): UNSAT in 0.56s
    cube 1642 (depth 0, 24 lits): UNSAT in 0.66s
    cube 1646 (depth 0, 24 lits): UNSAT in 4.17s
    cube 1650 (depth 0, 24 lits): UNSAT in 3.94s
    cube 1654 (depth 0, 24 lits): UNSAT in 0.94s
    cube 1658 (depth 0, 24 lits): UNSAT in 0.10s
    cube 1662 (depth 0, 24 lits): UNSAT in 0.15s
    cube 1666 (depth 0, 24 lits): UNSAT in 0.49s
    cube 1670 (depth 0, 24 lits): UNSAT in 1.42s
    cube 1674 (depth 0, 24 lits): UNSAT in 1.37s
    cube 1678 (depth 0, 24 lits): UNSAT in 0.06s
    cube 1682 (depth 0, 24 lits): UNSAT in 0.28s
    cube 1686 (depth 0, 24 lits): UNSAT in 10.92s
    cube 1690 (depth 0, 24 lits): UNSAT in 1.11s
    cube 1694 (depth 0, 24 lits): UNSAT in 0.53s
    cube 1698 (depth 0, 24 lits): UNSAT in 4.78s
    cube 1702 (depth 0, 24 lits): UNSAT in 13.06s
    cube 1706 (depth 0, 24 lits): UNSAT in 3.92s
    cube 1710 (depth 0, 24 lits): UNSAT in 6.73s
    cube 1714 (depth 0, 24 lits): UNSAT in 28.41s
    cube 1718 (depth 0, 24 lits): UNSAT in 41.56s
    cube 1722 (depth 0, 23 lits): UNSAT in 0.01s
    cube 1726 (depth 0, 24 lits): UNSAT in 0.01s
    cube 1730 (depth 0, 24 lits): UNSAT in 0.02s
    cube 1734 (depth 0, 24 lits): UNSAT in 0.01s
    cube 1738 (depth 0, 23 lits): UNSAT in 0.01s
    cube 1742 (depth 0, 24 lits): UNSAT in 0.02s
    cube 1746 (depth 0, 24 lits): UNSAT in 0.02s
    cube 1750 (depth 0, 24 lits): UNSAT in 0.01s
    cube 1754 (depth 0, 24 lits): UNSAT in 0.02s
    cube 1758 (depth 0, 24 lits): UNSAT in 0.02s
    cube 1762 (depth 0, 24 lits): UNSAT in 0.06s
    cube 1766 (depth 0, 23 lits): UNSAT in 0.02s
    cube 1770 (depth 0, 24 lits): UNSAT in 0.02s
    cube 1774 (depth 0, 24 lits): UNSAT in 0.02s
    cube 1778 (depth 0, 24 lits): UNSAT in 0.02s
    cube 1782 (depth 0, 24 lits): UNSAT in 0.01s
    cube 1786 (depth 0, 24 lits): UNSAT in 0.03s
    cube 1790 (depth 0, 24 lits): UNSAT in 0.02s
    cube 1794 (depth 0, 24 lits): UNSAT in 0.02s
    cube 1798 (depth 0, 24 lits): UNSAT in 0.04s
    cube 1802 (depth 0, 24 lits): UNSAT in 0.06s
    cube 1806 (depth 0, 24 lits): UNSAT in 0.15s
    cube 1810 (depth 0, 24 lits): UNSAT in 0.12s
    cube 1814 (depth 0, 24 lits): UNSAT in 0.27s
    cube 1818 (depth 0, 24 lits): UNSAT in 1.81s
    cube 1822 (depth 0, 24 lits): UNSAT in 8.10s
    cube 1826 (depth 0, 24 lits): UNSAT in 0.02s
    cube 1830 (depth 0, 24 lits): UNSAT in 0.05s
    cube 1834 (depth 0, 24 lits): UNSAT in 0.02s
    cube 1838 (depth 0, 24 lits): UNSAT in 0.04s
    cube 1842 (depth 0, 24 lits): UNSAT in 0.04s
    cube 1846 (depth 0, 24 lits): UNSAT in 0.12s
    cube 1850 (depth 0, 24 lits): UNSAT in 0.01s
    cube 1854 (depth 0, 24 lits): UNSAT in 0.02s
    cube 1858 (depth 0, 24 lits): UNSAT in 0.06s
    cube 1862 (depth 0, 24 lits): UNSAT in 0.30s
    cube 1866 (depth 0, 24 lits): UNSAT in 0.03s
    cube 1870 (depth 0, 24 lits): UNSAT in 0.43s
    cube 1874 (depth 0, 24 lits): UNSAT in 0.11s
    cube 1878 (depth 0, 24 lits): UNSAT in 1.20s
    cube 1882 (depth 0, 24 lits): UNSAT in 0.06s
    cube 1886 (depth 0, 24 lits): UNSAT in 0.28s
    cube 1890 (depth 0, 24 lits): UNSAT in 0.12s
    cube 1894 (depth 0, 24 lits): UNSAT in 0.68s
    cube 1898 (depth 0, 24 lits): UNSAT in 0.03s
    cube 1902 (depth 0, 24 lits): UNSAT in 0.02s
    cube 1906 (depth 0, 24 lits): UNSAT in 0.06s
    cube 1910 (depth 0, 24 lits): UNSAT in 0.02s
    cube 1914 (depth 0, 24 lits): UNSAT in 0.03s
    cube 1918 (depth 0, 24 lits): UNSAT in 0.02s
    cube 1922 (depth 0, 24 lits): UNSAT in 0.04s
    cube 1926 (depth 0, 24 lits): UNSAT in 0.04s
    cube 1930 (depth 0, 24 lits): UNSAT in 0.17s
    cube 1934 (depth 0, 24 lits): UNSAT in 0.10s
    cube 1938 (depth 0, 24 lits): UNSAT in 0.50s
    cube 1942 (depth 0, 23 lits): UNSAT in 0.01s
    cube 1946 (depth 0, 24 lits): UNSAT in 0.02s
    cube 1950 (depth 0, 24 lits): UNSAT in 0.02s
    cube 1954 (depth 0, 24 lits): UNSAT in 0.02s
    cube 1958 (depth 0, 24 lits): UNSAT in 0.03s
    cube 1962 (depth 0, 24 lits): UNSAT in 0.03s
    cube 1966 (depth 0, 24 lits): UNSAT in 0.04s
    cube 1970 (depth 0, 24 lits): UNSAT in 0.07s
    cube 1974 (depth 0, 24 lits): UNSAT in 0.02s
    cube 1978 (depth 0, 24 lits): UNSAT in 0.01s
    cube 1982 (depth 0, 24 lits): UNSAT in 0.04s
    cube 1986 (depth 0, 24 lits): UNSAT in 0.06s
    cube 1990 (depth 0, 24 lits): UNSAT in 0.04s
    cube 1994 (depth 0, 24 lits): UNSAT in 0.07s
    cube 1998 (depth 0, 24 lits): UNSAT in 0.09s
    cube 2002 (depth 0, 24 lits): UNSAT in 0.12s
    cube 2006 (depth 0, 24 lits): UNSAT in 0.02s
    cube 2010 (depth 0, 24 lits): UNSAT in 0.03s
    cube 2014 (depth 0, 24 lits): UNSAT in 0.06s
    cube 2018 (depth 0, 24 lits): UNSAT in 0.04s
    cube 2022 (depth 0, 24 lits): UNSAT in 0.05s
    cube 2026 (depth 0, 24 lits): UNSAT in 0.23s
    cube 2030 (depth 0, 24 lits): UNSAT in 0.13s
    cube 2034 (depth 0, 24 lits): UNSAT in 0.71s
    cube 2038 (depth 0, 24 lits): UNSAT in 0.03s
    cube 2042 (depth 0, 24 lits): UNSAT in 0.09s
    cube 2046 (depth 0, 24 lits): UNSAT in 0.26s
    cube 2050 (depth 0, 24 lits): UNSAT in 0.93s
    cube 2054 (depth 0, 24 lits): UNSAT in 0.06s
    cube 2058 (depth 0, 24 lits): UNSAT in 0.73s
    cube 2062 (depth 0, 24 lits): UNSAT in 1.93s
    cube 2066 (depth 0, 24 lits): UNSAT in 4.62s
    cube 2070 (depth 0, 24 lits): UNSAT in 0.02s
    cube 2074 (depth 0, 24 lits): UNSAT in 0.03s
    cube 2078 (depth 0, 24 lits): UNSAT in 0.02s
    cube 2082 (depth 0, 24 lits): UNSAT in 0.05s
    cube 2086 (depth 0, 24 lits): UNSAT in 0.02s
    cube 2090 (depth 0, 24 lits): UNSAT in 0.05s
    cube 2094 (depth 0, 24 lits): UNSAT in 0.03s
    cube 2098 (depth 0, 24 lits): UNSAT in 0.35s
    cube 2102 (depth 0, 24 lits): UNSAT in 0.02s
    cube 2106 (depth 0, 24 lits): UNSAT in 0.14s
    cube 2110 (depth 0, 24 lits): UNSAT in 0.06s
    cube 2114 (depth 0, 24 lits): UNSAT in 0.24s
    cube 2118 (depth 0, 24 lits): UNSAT in 0.01s
    cube 2122 (depth 0, 24 lits): UNSAT in 0.26s
    cube 2126 (depth 0, 24 lits): UNSAT in 0.28s
    cube 2130 (depth 0, 24 lits): UNSAT in 0.80s
    cube 2134 (depth 0, 24 lits): UNSAT in 0.04s
    cube 2138 (depth 0, 24 lits): UNSAT in 0.06s
    cube 2142 (depth 0, 24 lits): UNSAT in 0.19s
    cube 2146 (depth 0, 24 lits): UNSAT in 1.09s
    cube 2150 (depth 0, 24 lits): UNSAT in 0.12s
    cube 2154 (depth 0, 24 lits): UNSAT in 0.23s
    cube 2158 (depth 0, 24 lits): UNSAT in 0.15s
    cube 2162 (depth 0, 24 lits): UNSAT in 0.22s
    cube 2166 (depth 0, 24 lits): UNSAT in 0.44s
    cube 2170 (depth 0, 24 lits): UNSAT in 0.36s
    cube 2174 (depth 0, 24 lits): UNSAT in 1.54s
    cube 2178 (depth 0, 24 lits): UNSAT in 0.59s
    cube 2182 (depth 0, 24 lits): UNSAT in 1.28s
    cube 2186 (depth 0, 24 lits): UNSAT in 7.78s
    cube 2190 (depth 0, 24 lits): UNSAT in 1.81s
    cube 2194 (depth 0, 24 lits): UNSAT in 106.68s
    cube 2198 (depth 0, 23 lits): UNSAT in 0.02s
    cube 2202 (depth 0, 24 lits): UNSAT in 0.01s
    cube 2206 (depth 0, 24 lits): UNSAT in 0.01s
    cube 2210 (depth 0, 23 lits): UNSAT in 0.01s
    cube 2214 (depth 0, 23 lits): UNSAT in 0.02s
    cube 2218 (depth 0, 24 lits): UNSAT in 0.02s
    cube 2222 (depth 0, 24 lits): UNSAT in 0.02s
    cube 2226 (depth 0, 23 lits): UNSAT in 0.01s
    cube 2230 (depth 0, 24 lits): UNSAT in 0.02s
    cube 2234 (depth 0, 24 lits): UNSAT in 0.01s
    cube 2238 (depth 0, 24 lits): UNSAT in 0.04s
    cube 2242 (depth 0, 24 lits): UNSAT in 0.01s
    cube 2246 (depth 0, 24 lits): UNSAT in 0.02s
    cube 2250 (depth 0, 24 lits): UNSAT in 0.02s
    cube 2254 (depth 0, 24 lits): UNSAT in 0.02s
    cube 2258 (depth 0, 24 lits): UNSAT in 0.02s
    cube 2262 (depth 0, 24 lits): UNSAT in 0.03s
    cube 2266 (depth 0, 24 lits): UNSAT in 0.05s
    cube 2270 (depth 0, 24 lits): UNSAT in 0.05s
    cube 2274 (depth 0, 24 lits): UNSAT in 0.15s
    cube 2278 (depth 0, 24 lits): UNSAT in 0.02s
    cube 2282 (depth 0, 24 lits): UNSAT in 0.03s
    cube 2286 (depth 0, 24 lits): UNSAT in 0.15s
    cube 2290 (depth 0, 24 lits): UNSAT in 0.04s
    cube 2294 (depth 0, 24 lits): UNSAT in 0.04s
    cube 2298 (depth 0, 24 lits): UNSAT in 0.06s
    cube 2302 (depth 0, 24 lits): UNSAT in 0.03s
    cube 2306 (depth 0, 24 lits): UNSAT in 0.63s
    cube 2310 (depth 0, 24 lits): UNSAT in 0.02s
    cube 2314 (depth 0, 24 lits): UNSAT in 0.02s
    cube 2318 (depth 0, 24 lits): UNSAT in 0.07s
    cube 2322 (depth 0, 24 lits): UNSAT in 0.02s
    cube 2326 (depth 0, 24 lits): UNSAT in 0.02s
    cube 2330 (depth 0, 24 lits): UNSAT in 0.02s
    cube 2334 (depth 0, 23 lits): UNSAT in 0.01s
    cube 2338 (depth 0, 24 lits): UNSAT in 0.03s
    cube 2342 (depth 0, 23 lits): UNSAT in 0.02s
    cube 2346 (depth 0, 24 lits): UNSAT in 0.05s
    cube 2350 (depth 0, 24 lits): UNSAT in 0.07s
    cube 2354 (depth 0, 24 lits): UNSAT in 0.19s
    cube 2358 (depth 0, 24 lits): UNSAT in 0.36s
    cube 2362 (depth 0, 24 lits): UNSAT in 0.37s
    cube 2366 (depth 0, 24 lits): UNSAT in 0.03s
    cube 2370 (depth 0, 24 lits): UNSAT in 0.04s
    cube 2374 (depth 0, 24 lits): UNSAT in 0.09s
    cube 2378 (depth 0, 24 lits): UNSAT in 0.03s
    cube 2382 (depth 0, 24 lits): UNSAT in 0.03s
    cube 2386 (depth 0, 24 lits): UNSAT in 0.09s
    cube 2390 (depth 0, 24 lits): UNSAT in 0.23s
    cube 2394 (depth 0, 24 lits): UNSAT in 0.45s
    cube 2398 (depth 0, 24 lits): UNSAT in 0.20s
    cube 2402 (depth 0, 24 lits): UNSAT in 0.08s
    cube 2406 (depth 0, 24 lits): UNSAT in 0.97s
    cube 2410 (depth 0, 24 lits): UNSAT in 0.19s
    cube 2414 (depth 0, 24 lits): UNSAT in 0.23s
    cube 2418 (depth 0, 24 lits): UNSAT in 2.02s
    cube 2422 (depth 0, 24 lits): UNSAT in 1.57s
    cube 2426 (depth 0, 24 lits): UNSAT in 0.02s
    cube 2430 (depth 0, 24 lits): UNSAT in 0.01s
    cube 2434 (depth 0, 24 lits): UNSAT in 0.03s
    cube 2438 (depth 0, 23 lits): UNSAT in 0.02s
    cube 2442 (depth 0, 24 lits): UNSAT in 0.03s
    cube 2446 (depth 0, 24 lits): UNSAT in 0.04s
    cube 2450 (depth 0, 24 lits): UNSAT in 0.05s
    cube 2454 (depth 0, 24 lits): UNSAT in 0.04s
    cube 2458 (depth 0, 24 lits): UNSAT in 0.07s
    cube 2462 (depth 0, 24 lits): UNSAT in 0.13s
    cube 2466 (depth 0, 24 lits): UNSAT in 0.24s
    cube 2470 (depth 0, 24 lits): UNSAT in 0.02s
    cube 2474 (depth 0, 24 lits): UNSAT in 0.15s
    cube 2478 (depth 0, 24 lits): UNSAT in 0.78s
    cube 2482 (depth 0, 24 lits): UNSAT in 3.83s
    cube 2486 (depth 0, 24 lits): UNSAT in 0.02s
    cube 2490 (depth 0, 24 lits): UNSAT in 0.03s
    cube 2494 (depth 0, 24 lits): UNSAT in 0.04s
    cube 2498 (depth 0, 24 lits): UNSAT in 0.08s
    cube 2502 (depth 0, 24 lits): UNSAT in 0.07s
    cube 2506 (depth 0, 24 lits): UNSAT in 0.25s
    cube 2510 (depth 0, 24 lits): UNSAT in 0.08s
    cube 2514 (depth 0, 24 lits): UNSAT in 0.71s
    cube 2518 (depth 0, 24 lits): UNSAT in 0.36s
    cube 2522 (depth 0, 24 lits): UNSAT in 0.97s
    cube 2526 (depth 0, 24 lits): UNSAT in 0.16s
    cube 2530 (depth 0, 24 lits): UNSAT in 1.53s
    cube 2534 (depth 0, 24 lits): UNSAT in 0.24s
    cube 2538 (depth 0, 24 lits): UNSAT in 0.46s
    cube 2542 (depth 0, 24 lits): UNSAT in 1.09s
    cube 2546 (depth 0, 24 lits): UNSAT in 33.92s
    cube 2550 (depth 0, 22 lits): UNSAT in 0.02s
    cube 2554 (depth 0, 24 lits): UNSAT in 0.06s
    cube 2558 (depth 0, 24 lits): UNSAT in 1.03s
    cube 2562 (depth 0, 24 lits): UNSAT in 0.11s
    cube 2566 (depth 0, 24 lits): UNSAT in 0.95s
    cube 2570 (depth 0, 24 lits): UNSAT in 0.06s
    cube 2574 (depth 0, 24 lits): UNSAT in 2.26s
    cube 2578 (depth 0, 24 lits): UNSAT in 0.29s
    cube 2582 (depth 0, 24 lits): UNSAT in 8.11s
    cube 2586 (depth 0, 24 lits): UNSAT in 2.25s
    cube 2590 (depth 0, 24 lits): UNSAT in 36.83s
    cube 2594 (depth 0, 24 lits): UNSAT in 0.11s
    cube 2598 (depth 0, 24 lits): UNSAT in 2.83s
    cube 2602 (depth 0, 24 lits): UNSAT in 8.02s
    cube 2606 (depth 0, 24 lits): UNSAT in 4.34s
    cube 2610 (depth 0, 24 lits): UNSAT in 0.05s
    cube 2614 (depth 0, 24 lits): UNSAT in 0.54s
    cube 2618 (depth 0, 24 lits): UNSAT in 0.53s
    cube 2622 (depth 0, 24 lits): UNSAT in 3.88s
    cube 2626 (depth 0, 24 lits): UNSAT in 3.04s
    cube 2630 (depth 0, 24 lits): UNSAT in 22.01s
    cube 2634 (depth 0, 24 lits): UNSAT in 2.14s
    cube 2638 (depth 0, 24 lits): UNSAT in 16.04s
    cube 2642 (depth 0, 24 lits): UNSAT in 1.66s
    cube 2646 (depth 0, 24 lits): UNSAT in 6.99s
    cube 2650 (depth 0, 24 lits): UNSAT in 7.97s
    cube 2654 (depth 0, 24 lits): UNSAT in 24.98s
    cube 2658 (depth 0, 24 lits): UNSAT in 10.09s
    cube 2662 (depth 0, 24 lits): UNSAT in 61.37s
    cube 2666 (depth 0, 24 lits): UNSAT in 59.10s
    cube 2670 (depth 0, 24 lits): UNSAT in 49.94s
    cube 2674 (depth 0, 23 lits): UNSAT in 0.02s
    cube 2678 (depth 0, 24 lits): UNSAT in 0.02s
    cube 2682 (depth 0, 24 lits): UNSAT in 0.06s
    cube 2686 (depth 0, 24 lits): UNSAT in 0.03s
    cube 2690 (depth 0, 24 lits): UNSAT in 0.03s
    cube 2694 (depth 0, 24 lits): UNSAT in 0.05s
    cube 2698 (depth 0, 24 lits): UNSAT in 0.56s
    cube 2702 (depth 0, 24 lits): UNSAT in 0.02s
    cube 2706 (depth 0, 24 lits): UNSAT in 0.02s
    cube 2710 (depth 0, 24 lits): UNSAT in 0.19s
    cube 2714 (depth 0, 24 lits): UNSAT in 0.16s
    cube 2718 (depth 0, 24 lits): UNSAT in 0.02s
    cube 2722 (depth 0, 24 lits): UNSAT in 0.18s
    cube 2726 (depth 0, 24 lits): UNSAT in 0.20s
    cube 2730 (depth 0, 24 lits): UNSAT in 1.89s
    cube 2734 (depth 0, 24 lits): UNSAT in 0.02s
    cube 2738 (depth 0, 24 lits): UNSAT in 0.02s
    cube 2742 (depth 0, 24 lits): UNSAT in 0.04s
    cube 2746 (depth 0, 24 lits): UNSAT in 0.14s
    cube 2750 (depth 0, 24 lits): UNSAT in 0.04s
    cube 2754 (depth 0, 24 lits): UNSAT in 0.06s
    cube 2758 (depth 0, 24 lits): UNSAT in 0.13s
    cube 2762 (depth 0, 24 lits): UNSAT in 1.22s
    cube 2766 (depth 0, 24 lits): UNSAT in 0.02s
    cube 2770 (depth 0, 24 lits): UNSAT in 0.07s
    cube 2774 (depth 0, 24 lits): UNSAT in 0.28s
    cube 2778 (depth 0, 24 lits): UNSAT in 1.77s
    cube 2782 (depth 0, 24 lits): UNSAT in 0.95s
    cube 2786 (depth 0, 24 lits): UNSAT in 0.84s
    cube 2790 (depth 0, 24 lits): UNSAT in 1.19s
    cube 2794 (depth 0, 24 lits): UNSAT in 127.87s
    cube 2798 (depth 0, 24 lits): UNSAT in 0.02s
    cube 2802 (depth 0, 24 lits): UNSAT in 0.03s
    cube 2806 (depth 0, 24 lits): UNSAT in 0.13s
    cube 2810 (depth 0, 24 lits): UNSAT in 0.10s
    cube 2814 (depth 0, 24 lits): UNSAT in 0.06s
    cube 2818 (depth 0, 24 lits): UNSAT in 0.18s
    cube 2822 (depth 0, 24 lits): UNSAT in 0.13s
    cube 2826 (depth 0, 24 lits): UNSAT in 2.34s
    cube 2830 (depth 0, 24 lits): UNSAT in 0.05s
    cube 2834 (depth 0, 24 lits): UNSAT in 0.15s
    cube 2838 (depth 0, 24 lits): UNSAT in 0.27s
    cube 2842 (depth 0, 24 lits): UNSAT in 1.30s
    cube 2846 (depth 0, 24 lits): UNSAT in 0.35s
    cube 2850 (depth 0, 24 lits): UNSAT in 25.33s
    cube 2854 (depth 0, 24 lits): UNSAT in 2.00s
    cube 2858 (depth 0, 24 lits): UNSAT in 126.55s
    cube 2862 (depth 0, 24 lits): UNSAT in 0.02s
    cube 2866 (depth 0, 24 lits): UNSAT in 0.03s
    cube 2870 (depth 0, 24 lits): UNSAT in 0.13s
    cube 2874 (depth 0, 24 lits): UNSAT in 0.02s
    cube 2878 (depth 0, 24 lits): UNSAT in 0.05s
    cube 2882 (depth 0, 24 lits): UNSAT in 0.09s
    cube 2886 (depth 0, 24 lits): UNSAT in 0.20s
    cube 2890 (depth 0, 24 lits): UNSAT in 0.16s
    cube 2894 (depth 0, 24 lits): UNSAT in 0.14s
    cube 2898 (depth 0, 24 lits): UNSAT in 0.12s
    cube 2902 (depth 0, 24 lits): UNSAT in 0.27s
    cube 2906 (depth 0, 24 lits): UNSAT in 0.38s
    cube 2910 (depth 0, 24 lits): UNSAT in 0.69s
    cube 2914 (depth 0, 24 lits): UNSAT in 0.52s
    cube 2918 (depth 0, 24 lits): UNSAT in 27.36s
    cube 2922 (depth 0, 24 lits): UNSAT in 0.01s
    cube 2926 (depth 0, 24 lits): UNSAT in 0.03s
    cube 2930 (depth 0, 24 lits): UNSAT in 0.02s
    cube 2934 (depth 0, 24 lits): UNSAT in 0.04s
    cube 2938 (depth 0, 24 lits): UNSAT in 0.01s
    cube 2942 (depth 0, 24 lits): UNSAT in 0.02s
    cube 2946 (depth 0, 24 lits): UNSAT in 0.08s
    cube 2950 (depth 0, 24 lits): UNSAT in 0.04s
    cube 2954 (depth 0, 24 lits): UNSAT in 0.05s
    cube 2958 (depth 0, 24 lits): UNSAT in 0.06s
    cube 2962 (depth 0, 24 lits): UNSAT in 0.02s
    cube 2966 (depth 0, 24 lits): UNSAT in 0.05s
    cube 2970 (depth 0, 24 lits): UNSAT in 0.09s
    cube 2974 (depth 0, 24 lits): UNSAT in 0.08s
    cube 2978 (depth 0, 24 lits): UNSAT in 0.11s
    cube 2982 (depth 0, 24 lits): UNSAT in 1.41s
    cube 2986 (depth 0, 24 lits): UNSAT in 0.01s
    cube 2990 (depth 0, 24 lits): UNSAT in 0.04s
    cube 2994 (depth 0, 24 lits): UNSAT in 0.17s
    cube 2998 (depth 0, 24 lits): UNSAT in 0.18s
    cube 3002 (depth 0, 24 lits): UNSAT in 0.26s
    cube 3006 (depth 0, 24 lits): UNSAT in 0.22s
    cube 3010 (depth 0, 24 lits): UNSAT in 1.91s
    cube 3014 (depth 0, 24 lits): UNSAT in 1.72s
    cube 3018 (depth 0, 24 lits): UNSAT in 0.07s
    cube 3022 (depth 0, 24 lits): UNSAT in 0.38s
    cube 3026 (depth 0, 24 lits): UNSAT in 0.40s
    cube 3030 (depth 0, 24 lits): UNSAT in 6.87s
    cube 3034 (depth 0, 24 lits): UNSAT in 0.33s
    cube 3038 (depth 0, 24 lits): UNSAT in 9.06s
    cube 3042 (depth 0, 24 lits): UNSAT in 3.49s
    cube 3046 (depth 0, 24 lits): UNSAT in 12.16s
    cube 3050 (depth 0, 24 lits): UNSAT in 0.03s
    cube 3054 (depth 0, 24 lits): UNSAT in 0.16s
    cube 3058 (depth 0, 24 lits): UNSAT in 0.18s
    cube 3062 (depth 0, 24 lits): UNSAT in 0.27s
    cube 3066 (depth 0, 24 lits): UNSAT in 0.07s
    cube 3070 (depth 0, 24 lits): UNSAT in 0.48s
    cube 3074 (depth 0, 24 lits): UNSAT in 0.21s
    cube 3078 (depth 0, 24 lits): UNSAT in 0.44s
    cube 3082 (depth 0, 24 lits): UNSAT in 0.05s
    cube 3086 (depth 0, 24 lits): UNSAT in 0.88s
    cube 3090 (depth 0, 24 lits): UNSAT in 0.48s
    cube 3094 (depth 0, 24 lits): UNSAT in 3.00s
    cube 3098 (depth 0, 24 lits): UNSAT in 0.54s
    cube 3102 (depth 0, 24 lits): UNSAT in 14.63s
    cube 3106 (depth 0, 24 lits): UNSAT in 4.07s
    cube 3110 (depth 0, 24 lits): UNSAT in 20.75s
    cube 3114 (depth 0, 24 lits): UNSAT in 0.11s
    cube 3118 (depth 0, 24 lits): UNSAT in 0.61s
    cube 3122 (depth 0, 24 lits): UNSAT in 0.28s
    cube 3126 (depth 0, 24 lits): UNSAT in 1.80s
    cube 3130 (depth 0, 24 lits): UNSAT in 4.39s
    cube 3134 (depth 0, 24 lits): UNSAT in 13.35s
    cube 3138 (depth 0, 24 lits): UNSAT in 17.90s
    cube 3142 (depth 0, 24 lits): UNSAT in 79.29s
    cube 3146 (depth 0, 24 lits): UNSAT in 0.52s
    cube 3150 (depth 0, 24 lits): UNSAT in 3.73s
    cube 3154 (depth 0, 24 lits): UNSAT in 7.24s
    cube 3158 (depth 0, 24 lits): UNSAT in 286.72s
    cube 3162 (depth 0, 24 lits): UNSAT in 2.04s
    cube 3166 (depth 0, 24 lits): UNSAT in 31.18s
    cube 3170 (depth 0, 24 lits): UNSAT in 38.21s
    cube 3174 (depth 0, 24 lits): TIMEOUT in 600.02s
    cube 3174 TIMEOUT -> re-split into 244 sub-cubes (depth 1)
    cube 3174.0 (depth 1, 30 lits): UNSAT in 0.01s
    cube 3174.1 (depth 1, 31 lits): UNSAT in 0.02s
    cube 3174.2 (depth 1, 31 lits): UNSAT in 0.02s
    cube 3174.3 (depth 1, 32 lits): UNSAT in 0.01s
    cube 3174.4 (depth 1, 32 lits): UNSAT in 0.02s
    cube 3174.5 (depth 1, 32 lits): UNSAT in 0.02s
    cube 3174.6 (depth 1, 32 lits): UNSAT in 0.03s
    cube 3174.7 (depth 1, 32 lits): UNSAT in 0.02s
    cube 3174.8 (depth 1, 32 lits): UNSAT in 0.07s
    cube 3174.9 (depth 1, 32 lits): UNSAT in 0.07s
    cube 3174.10 (depth 1, 32 lits): UNSAT in 0.15s
    cube 3174.11 (depth 1, 32 lits): UNSAT in 0.01s
    cube 3174.12 (depth 1, 32 lits): UNSAT in 0.01s
    cube 3174.13 (depth 1, 31 lits): UNSAT in 0.02s
    cube 3174.14 (depth 1, 32 lits): UNSAT in 0.01s
    cube 3174.15 (depth 1, 32 lits): UNSAT in 0.04s
    cube 3174.16 (depth 1, 32 lits): UNSAT in 0.07s
    cube 3174.17 (depth 1, 32 lits): UNSAT in 0.14s
    cube 3174.18 (depth 1, 32 lits): UNSAT in 0.03s
    cube 3174.19 (depth 1, 32 lits): UNSAT in 0.04s
    cube 3174.20 (depth 1, 32 lits): UNSAT in 0.02s
    cube 3174.21 (depth 1, 32 lits): UNSAT in 0.11s
    cube 3174.22 (depth 1, 32 lits): UNSAT in 0.06s
    cube 3174.23 (depth 1, 32 lits): UNSAT in 0.35s
    cube 3174.24 (depth 1, 32 lits): UNSAT in 0.20s
    cube 3174.25 (depth 1, 32 lits): UNSAT in 0.71s
    cube 3174.26 (depth 1, 31 lits): UNSAT in 0.01s
    cube 3174.27 (depth 1, 31 lits): UNSAT in 0.02s
    cube 3174.28 (depth 1, 31 lits): UNSAT in 0.02s
    cube 3174.29 (depth 1, 32 lits): UNSAT in 0.01s
    cube 3174.30 (depth 1, 32 lits): UNSAT in 0.02s
    cube 3174.31 (depth 1, 32 lits): UNSAT in 0.01s
    cube 3174.32 (depth 1, 32 lits): UNSAT in 0.03s
    cube 3174.33 (depth 1, 32 lits): UNSAT in 0.01s
    cube 3174.34 (depth 1, 32 lits): UNSAT in 0.05s
    cube 3174.35 (depth 1, 32 lits): UNSAT in 0.02s
    cube 3174.36 (depth 1, 32 lits): UNSAT in 0.10s
    cube 3174.37 (depth 1, 32 lits): UNSAT in 0.06s
    cube 3174.38 (depth 1, 32 lits): UNSAT in 0.42s
    cube 3174.39 (depth 1, 32 lits): UNSAT in 0.04s
    cube 3174.40 (depth 1, 32 lits): UNSAT in 0.06s
    cube 3174.41 (depth 1, 32 lits): UNSAT in 0.02s
    cube 3174.42 (depth 1, 32 lits): UNSAT in 0.08s
    cube 3174.43 (depth 1, 32 lits): UNSAT in 0.02s
    cube 3174.44 (depth 1, 32 lits): UNSAT in 0.11s
    cube 3174.45 (depth 1, 32 lits): UNSAT in 0.05s
    cube 3174.46 (depth 1, 32 lits): UNSAT in 0.27s
    cube 3174.47 (depth 1, 32 lits): UNSAT in 0.09s
    cube 3174.48 (depth 1, 32 lits): UNSAT in 0.06s
    cube 3174.49 (depth 1, 32 lits): UNSAT in 0.09s
    cube 3174.50 (depth 1, 32 lits): UNSAT in 0.66s
    cube 3174.51 (depth 1, 32 lits): UNSAT in 0.18s
    cube 3174.52 (depth 1, 32 lits): UNSAT in 0.14s
    cube 3174.53 (depth 1, 32 lits): UNSAT in 0.79s
    cube 3174.54 (depth 1, 32 lits): UNSAT in 1.35s
    cube 3174.55 (depth 1, 32 lits): UNSAT in 0.02s
    cube 3174.56 (depth 1, 32 lits): UNSAT in 0.02s
    cube 3174.57 (depth 1, 32 lits): UNSAT in 0.02s
    cube 3174.58 (depth 1, 32 lits): UNSAT in 0.05s
    cube 3174.59 (depth 1, 32 lits): UNSAT in 0.02s
    cube 3174.60 (depth 1, 32 lits): UNSAT in 0.03s
    cube 3174.61 (depth 1, 32 lits): UNSAT in 0.04s
    cube 3174.62 (depth 1, 32 lits): UNSAT in 0.13s
    cube 3174.63 (depth 1, 32 lits): UNSAT in 0.02s
    cube 3174.64 (depth 1, 32 lits): UNSAT in 0.03s
    cube 3174.65 (depth 1, 32 lits): UNSAT in 0.05s
    cube 3174.66 (depth 1, 32 lits): UNSAT in 0.14s
    cube 3174.67 (depth 1, 32 lits): UNSAT in 0.02s
    cube 3174.68 (depth 1, 32 lits): UNSAT in 0.10s
    cube 3174.69 (depth 1, 32 lits): UNSAT in 0.07s
    cube 3174.70 (depth 1, 32 lits): UNSAT in 0.21s
    cube 3174.71 (depth 1, 31 lits): UNSAT in 0.02s
    cube 3174.72 (depth 1, 32 lits): UNSAT in 0.02s
    cube 3174.73 (depth 1, 32 lits): UNSAT in 0.06s
    cube 3174.74 (depth 1, 32 lits): UNSAT in 0.04s
    cube 3174.75 (depth 1, 32 lits): UNSAT in 0.13s
    cube 3174.76 (depth 1, 32 lits): UNSAT in 0.43s
    cube 3174.77 (depth 1, 32 lits): UNSAT in 1.32s
    cube 3174.78 (depth 1, 32 lits): UNSAT in 0.03s
    cube 3174.79 (depth 1, 32 lits): UNSAT in 0.09s
    cube 3174.80 (depth 1, 32 lits): UNSAT in 0.14s
    cube 3174.81 (depth 1, 32 lits): UNSAT in 0.69s
    cube 3174.82 (depth 1, 32 lits): UNSAT in 0.20s
    cube 3174.83 (depth 1, 32 lits): UNSAT in 1.02s
    cube 3174.84 (depth 1, 32 lits): UNSAT in 1.99s
    cube 3174.85 (depth 1, 32 lits): UNSAT in 1.56s
    cube 3174.86 (depth 1, 31 lits): UNSAT in 0.02s
    cube 3174.87 (depth 1, 32 lits): UNSAT in 0.03s
    cube 3174.88 (depth 1, 32 lits): UNSAT in 0.04s
    cube 3174.89 (depth 1, 32 lits): UNSAT in 0.02s
    cube 3174.90 (depth 1, 32 lits): UNSAT in 0.03s
    cube 3174.91 (depth 1, 32 lits): UNSAT in 0.03s
    cube 3174.92 (depth 1, 32 lits): UNSAT in 0.07s
    cube 3174.93 (depth 1, 32 lits): UNSAT in 0.03s
    cube 3174.94 (depth 1, 32 lits): UNSAT in 0.07s
    cube 3174.95 (depth 1, 32 lits): UNSAT in 0.09s
    cube 3174.96 (depth 1, 32 lits): UNSAT in 0.12s
    cube 3174.97 (depth 1, 32 lits): UNSAT in 0.26s
    cube 3174.98 (depth 1, 32 lits): UNSAT in 0.23s
    cube 3174.99 (depth 1, 32 lits): UNSAT in 0.30s
    cube 3174.100 (depth 1, 32 lits): UNSAT in 1.98s
    cube 3174.101 (depth 1, 32 lits): UNSAT in 0.02s
    cube 3174.102 (depth 1, 32 lits): UNSAT in 0.02s
    cube 3174.103 (depth 1, 32 lits): UNSAT in 0.04s
    cube 3174.104 (depth 1, 32 lits): UNSAT in 0.27s
    cube 3174.105 (depth 1, 32 lits): UNSAT in 0.04s
    cube 3174.106 (depth 1, 32 lits): UNSAT in 0.39s
    cube 3174.107 (depth 1, 32 lits): UNSAT in 0.47s
    cube 3174.108 (depth 1, 32 lits): UNSAT in 1.70s
    cube 3174.109 (depth 1, 32 lits): UNSAT in 0.17s
    cube 3174.110 (depth 1, 32 lits): UNSAT in 0.20s
    cube 3174.111 (depth 1, 32 lits): UNSAT in 0.94s
    cube 3174.112 (depth 1, 32 lits): UNSAT in 0.76s
    cube 3174.113 (depth 1, 32 lits): UNSAT in 0.45s
    cube 3174.114 (depth 1, 32 lits): UNSAT in 0.98s
    cube 3174.115 (depth 1, 32 lits): UNSAT in 1.75s
    cube 3174.116 (depth 1, 32 lits): UNSAT in 3.65s
    cube 3174.117 (depth 1, 31 lits): UNSAT in 0.02s
    cube 3174.118 (depth 1, 32 lits): UNSAT in 0.02s
    cube 3174.119 (depth 1, 32 lits): UNSAT in 0.02s
    cube 3174.120 (depth 1, 32 lits): UNSAT in 0.03s
    cube 3174.121 (depth 1, 32 lits): UNSAT in 0.04s
    cube 3174.122 (depth 1, 32 lits): UNSAT in 0.06s
    cube 3174.123 (depth 1, 32 lits): UNSAT in 0.07s
    cube 3174.124 (depth 1, 32 lits): UNSAT in 0.02s
    cube 3174.125 (depth 1, 32 lits): UNSAT in 0.02s
    cube 3174.126 (depth 1, 32 lits): UNSAT in 0.02s
    cube 3174.127 (depth 1, 32 lits): UNSAT in 0.14s
    cube 3174.128 (depth 1, 32 lits): UNSAT in 0.03s
    cube 3174.129 (depth 1, 32 lits): UNSAT in 0.03s
    cube 3174.130 (depth 1, 32 lits): UNSAT in 0.10s
    cube 3174.131 (depth 1, 32 lits): UNSAT in 0.25s
    cube 3174.132 (depth 1, 32 lits): UNSAT in 0.03s
    cube 3174.133 (depth 1, 32 lits): UNSAT in 0.03s
    cube 3174.134 (depth 1, 32 lits): UNSAT in 0.14s
    cube 3174.135 (depth 1, 32 lits): UNSAT in 0.35s
    cube 3174.136 (depth 1, 32 lits): UNSAT in 0.02s
    cube 3174.137 (depth 1, 32 lits): UNSAT in 0.04s
    cube 3174.138 (depth 1, 32 lits): UNSAT in 0.04s
    cube 3174.139 (depth 1, 32 lits): UNSAT in 0.17s
    cube 3174.140 (depth 1, 32 lits): UNSAT in 0.01s
    cube 3174.141 (depth 1, 32 lits): UNSAT in 0.02s
    cube 3174.142 (depth 1, 32 lits): UNSAT in 0.10s
    cube 3174.143 (depth 1, 32 lits): UNSAT in 0.23s
    cube 3174.144 (depth 1, 32 lits): UNSAT in 0.03s
    cube 3174.145 (depth 1, 32 lits): UNSAT in 0.26s
    cube 3174.146 (depth 1, 32 lits): UNSAT in 0.22s
    cube 3174.147 (depth 1, 32 lits): UNSAT in 0.98s
    cube 3174.148 (depth 1, 32 lits): UNSAT in 0.03s
    cube 3174.149 (depth 1, 32 lits): UNSAT in 0.04s
    cube 3174.150 (depth 1, 32 lits): UNSAT in 0.04s
    cube 3174.151 (depth 1, 32 lits): UNSAT in 0.13s
    cube 3174.152 (depth 1, 32 lits): UNSAT in 0.03s
    cube 3174.153 (depth 1, 32 lits): UNSAT in 0.04s
    cube 3174.154 (depth 1, 32 lits): UNSAT in 0.03s
    cube 3174.155 (depth 1, 32 lits): UNSAT in 0.09s
    cube 3174.156 (depth 1, 32 lits): UNSAT in 0.04s
    cube 3174.157 (depth 1, 32 lits): UNSAT in 0.09s
    cube 3174.158 (depth 1, 32 lits): UNSAT in 0.07s
    cube 3174.159 (depth 1, 32 lits): UNSAT in 0.18s
    cube 3174.160 (depth 1, 32 lits): UNSAT in 0.17s
    cube 3174.161 (depth 1, 32 lits): UNSAT in 0.46s
    cube 3174.162 (depth 1, 32 lits): UNSAT in 0.88s
    cube 3174.163 (depth 1, 32 lits): UNSAT in 2.25s
    cube 3174.164 (depth 1, 32 lits): UNSAT in 0.02s
    cube 3174.165 (depth 1, 32 lits): UNSAT in 0.03s
    cube 3174.166 (depth 1, 32 lits): UNSAT in 0.08s
    cube 3174.167 (depth 1, 32 lits): UNSAT in 0.14s
    cube 3174.168 (depth 1, 32 lits): UNSAT in 0.07s
    cube 3174.169 (depth 1, 32 lits): UNSAT in 0.33s
    cube 3174.170 (depth 1, 32 lits): UNSAT in 0.41s
    cube 3174.171 (depth 1, 32 lits): UNSAT in 0.92s
    cube 3174.172 (depth 1, 32 lits): UNSAT in 0.05s
    cube 3174.173 (depth 1, 32 lits): UNSAT in 0.17s
    cube 3174.174 (depth 1, 32 lits): UNSAT in 0.37s
    cube 3174.175 (depth 1, 32 lits): UNSAT in 1.13s
    cube 3174.176 (depth 1, 32 lits): UNSAT in 2.01s
    cube 3174.177 (depth 1, 32 lits): UNSAT in 5.56s
    cube 3174.178 (depth 1, 32 lits): UNSAT in 0.24s
    cube 3174.179 (depth 1, 32 lits): UNSAT in 2.13s
    cube 3174.180 (depth 1, 32 lits): UNSAT in 0.03s
    cube 3174.181 (depth 1, 32 lits): UNSAT in 0.16s
    cube 3174.182 (depth 1, 32 lits): UNSAT in 0.10s
    cube 3174.183 (depth 1, 32 lits): UNSAT in 0.16s
    cube 3174.184 (depth 1, 32 lits): UNSAT in 0.03s
    cube 3174.185 (depth 1, 32 lits): UNSAT in 0.06s
    cube 3174.186 (depth 1, 32 lits): UNSAT in 0.17s
    cube 3174.187 (depth 1, 32 lits): UNSAT in 0.94s
    cube 3174.188 (depth 1, 32 lits): UNSAT in 0.01s
    cube 3174.189 (depth 1, 32 lits): UNSAT in 0.05s
    cube 3174.190 (depth 1, 32 lits): UNSAT in 0.04s
    cube 3174.191 (depth 1, 32 lits): UNSAT in 0.17s
    cube 3174.192 (depth 1, 32 lits): UNSAT in 0.05s
    cube 3174.193 (depth 1, 32 lits): UNSAT in 0.25s
    cube 3174.194 (depth 1, 32 lits): UNSAT in 2.18s
    cube 3174.195 (depth 1, 32 lits): UNSAT in 2.92s
    cube 3174.196 (depth 1, 32 lits): UNSAT in 0.02s
    cube 3174.197 (depth 1, 32 lits): UNSAT in 0.05s
    cube 3174.198 (depth 1, 32 lits): UNSAT in 0.04s
    cube 3174.199 (depth 1, 32 lits): UNSAT in 0.24s
    cube 3174.200 (depth 1, 32 lits): UNSAT in 0.07s
    cube 3174.201 (depth 1, 32 lits): UNSAT in 0.15s
    cube 3174.202 (depth 1, 32 lits): UNSAT in 0.33s
    cube 3174.203 (depth 1, 32 lits): UNSAT in 3.24s
    cube 3174.204 (depth 1, 32 lits): UNSAT in 0.57s
    cube 3174.205 (depth 1, 32 lits): UNSAT in 0.77s
    cube 3174.206 (depth 1, 32 lits): UNSAT in 0.46s
    cube 3174.207 (depth 1, 32 lits): UNSAT in 6.28s
    cube 3174.208 (depth 1, 32 lits): UNSAT in 0.23s
    cube 3174.209 (depth 1, 32 lits): UNSAT in 1.28s
    cube 3174.210 (depth 1, 32 lits): UNSAT in 2.50s
    cube 3174.211 (depth 1, 32 lits): UNSAT in 7.66s
    cube 3174.212 (depth 1, 32 lits): UNSAT in 0.02s
    cube 3174.213 (depth 1, 32 lits): UNSAT in 0.05s
    cube 3174.214 (depth 1, 32 lits): UNSAT in 0.02s
    cube 3174.215 (depth 1, 32 lits): UNSAT in 0.12s
    cube 3174.216 (depth 1, 32 lits): UNSAT in 0.11s
    cube 3174.217 (depth 1, 32 lits): UNSAT in 0.09s
    cube 3174.218 (depth 1, 32 lits): UNSAT in 0.17s
    cube 3174.219 (depth 1, 32 lits): UNSAT in 0.80s
    cube 3174.220 (depth 1, 32 lits): UNSAT in 0.03s
    cube 3174.221 (depth 1, 32 lits): UNSAT in 0.12s
    cube 3174.222 (depth 1, 32 lits): UNSAT in 0.51s
    cube 3174.223 (depth 1, 32 lits): UNSAT in 2.22s
    cube 3174.224 (depth 1, 32 lits): UNSAT in 1.07s
    cube 3174.225 (depth 1, 32 lits): UNSAT in 0.71s
    cube 3174.226 (depth 1, 32 lits): UNSAT in 0.84s
    cube 3174.227 (depth 1, 32 lits): UNSAT in 5.15s
    cube 3174.228 (depth 1, 32 lits): UNSAT in 0.23s
    cube 3174.229 (depth 1, 32 lits): UNSAT in 0.76s
    cube 3174.230 (depth 1, 32 lits): UNSAT in 0.68s
    cube 3174.231 (depth 1, 32 lits): UNSAT in 5.38s
    cube 3174.232 (depth 1, 32 lits): UNSAT in 0.19s
    cube 3174.233 (depth 1, 32 lits): UNSAT in 1.55s
    cube 3174.234 (depth 1, 32 lits): UNSAT in 1.39s
    cube 3174.235 (depth 1, 32 lits): UNSAT in 5.62s
    cube 3174.236 (depth 1, 32 lits): UNSAT in 0.07s
    cube 3174.237 (depth 1, 32 lits): UNSAT in 0.17s
    cube 3174.238 (depth 1, 32 lits): UNSAT in 0.27s
    cube 3174.239 (depth 1, 32 lits): UNSAT in 2.07s
    cube 3174.240 (depth 1, 32 lits): UNSAT in 0.23s
    cube 3174.241 (depth 1, 32 lits): UNSAT in 2.34s
    cube 3174.242 (depth 1, 32 lits): UNSAT in 2.20s
    cube 3174.243 (depth 1, 32 lits): UNSAT in 1.41s
    cube 3178 (depth 0, 24 lits): UNSAT in 0.02s
    cube 3182 (depth 0, 24 lits): UNSAT in 0.07s
    cube 3186 (depth 0, 24 lits): UNSAT in 0.14s
    cube 3190 (depth 0, 24 lits): UNSAT in 0.75s
    cube 3194 (depth 0, 24 lits): UNSAT in 0.18s
    cube 3198 (depth 0, 24 lits): UNSAT in 0.89s
    cube 3202 (depth 0, 24 lits): UNSAT in 0.28s
    cube 3206 (depth 0, 24 lits): UNSAT in 2.44s
    cube 3210 (depth 0, 24 lits): UNSAT in 0.04s
    cube 3214 (depth 0, 24 lits): UNSAT in 0.14s
    cube 3218 (depth 0, 24 lits): UNSAT in 0.67s
    cube 3222 (depth 0, 24 lits): UNSAT in 1.66s
    cube 3226 (depth 0, 24 lits): UNSAT in 0.08s
    cube 3230 (depth 0, 24 lits): UNSAT in 3.69s
    cube 3234 (depth 0, 24 lits): UNSAT in 4.07s
    cube 3238 (depth 0, 24 lits): UNSAT in 12.31s
    cube 3242 (depth 0, 24 lits): UNSAT in 0.26s
    cube 3246 (depth 0, 24 lits): UNSAT in 0.15s
    cube 3250 (depth 0, 24 lits): UNSAT in 0.09s
    cube 3254 (depth 0, 24 lits): UNSAT in 0.41s
    cube 3258 (depth 0, 24 lits): UNSAT in 0.32s
    cube 3262 (depth 0, 24 lits): UNSAT in 0.75s
    cube 3266 (depth 0, 24 lits): UNSAT in 0.29s
    cube 3270 (depth 0, 24 lits): UNSAT in 4.32s
    cube 3274 (depth 0, 24 lits): UNSAT in 0.15s
    cube 3278 (depth 0, 24 lits): UNSAT in 1.71s
    cube 3282 (depth 0, 24 lits): UNSAT in 3.56s
    cube 3286 (depth 0, 24 lits): UNSAT in 9.37s
    cube 3290 (depth 0, 24 lits): UNSAT in 1.25s
    cube 3294 (depth 0, 24 lits): UNSAT in 3.96s
    cube 3298 (depth 0, 24 lits): UNSAT in 5.45s
    cube 3302 (depth 0, 24 lits): UNSAT in 474.87s
    cube 3306 (depth 0, 24 lits): UNSAT in 0.06s
    cube 3310 (depth 0, 24 lits): UNSAT in 0.04s
    cube 3314 (depth 0, 24 lits): UNSAT in 0.02s
    cube 3318 (depth 0, 24 lits): UNSAT in 6.35s
    cube 3322 (depth 0, 24 lits): UNSAT in 0.05s
    cube 3326 (depth 0, 24 lits): UNSAT in 0.32s
    cube 3330 (depth 0, 24 lits): UNSAT in 0.55s
    cube 3334 (depth 0, 24 lits): UNSAT in 6.35s
    cube 3338 (depth 0, 24 lits): UNSAT in 0.06s
    cube 3342 (depth 0, 24 lits): UNSAT in 1.81s
    cube 3346 (depth 0, 24 lits): UNSAT in 0.28s
    cube 3350 (depth 0, 24 lits): UNSAT in 1.08s
    cube 3354 (depth 0, 24 lits): UNSAT in 0.50s
    cube 3358 (depth 0, 24 lits): UNSAT in 5.79s
    cube 3362 (depth 0, 24 lits): UNSAT in 19.21s
    cube 3366 (depth 0, 24 lits): UNSAT in 19.28s
    cube 3370 (depth 0, 24 lits): UNSAT in 0.14s
    cube 3374 (depth 0, 24 lits): UNSAT in 0.67s
    cube 3378 (depth 0, 24 lits): UNSAT in 0.47s
    cube 3382 (depth 0, 24 lits): UNSAT in 2.08s
    cube 3386 (depth 0, 24 lits): UNSAT in 7.04s
    cube 3390 (depth 0, 24 lits): UNSAT in 3.00s
    cube 3394 (depth 0, 24 lits): UNSAT in 5.76s
    cube 3398 (depth 0, 24 lits): UNSAT in 72.39s
    cube 3402 (depth 0, 24 lits): UNSAT in 0.86s
    cube 3406 (depth 0, 24 lits): UNSAT in 0.51s
    cube 3410 (depth 0, 24 lits): UNSAT in 137.22s
    cube 3414 (depth 0, 24 lits): UNSAT in 98.25s
    cube 3418 (depth 0, 24 lits): UNSAT in 4.31s
    cube 3422 (depth 0, 24 lits): UNSAT in 72.11s
    cube 3426 (depth 0, 24 lits): UNSAT in 45.94s
    cube 3430 (depth 0, 24 lits): TIMEOUT in 600.04s
    cube 3430 TIMEOUT -> re-split into 254 sub-cubes (depth 1)
    cube 3430.0 (depth 1, 31 lits): UNSAT in 0.01s
    cube 3430.1 (depth 1, 31 lits): UNSAT in 0.02s
    cube 3430.2 (depth 1, 32 lits): UNSAT in 0.02s
    cube 3430.3 (depth 1, 32 lits): UNSAT in 0.03s
    cube 3430.4 (depth 1, 32 lits): UNSAT in 0.02s
    cube 3430.5 (depth 1, 32 lits): UNSAT in 0.04s
    cube 3430.6 (depth 1, 32 lits): UNSAT in 0.03s
    cube 3430.7 (depth 1, 32 lits): UNSAT in 0.03s
    cube 3430.8 (depth 1, 32 lits): UNSAT in 0.05s
    cube 3430.9 (depth 1, 32 lits): UNSAT in 0.09s
    cube 3430.10 (depth 1, 32 lits): UNSAT in 0.02s
    cube 3430.11 (depth 1, 32 lits): UNSAT in 0.04s
    cube 3430.12 (depth 1, 32 lits): UNSAT in 0.10s
    cube 3430.13 (depth 1, 32 lits): UNSAT in 0.21s
    cube 3430.14 (depth 1, 32 lits): UNSAT in 0.02s
    cube 3430.15 (depth 1, 32 lits): UNSAT in 0.05s
    cube 3430.16 (depth 1, 32 lits): UNSAT in 0.03s
    cube 3430.17 (depth 1, 32 lits): UNSAT in 0.06s
    cube 3430.18 (depth 1, 32 lits): UNSAT in 0.03s
    cube 3430.19 (depth 1, 32 lits): UNSAT in 0.04s
    cube 3430.20 (depth 1, 32 lits): UNSAT in 0.07s
    cube 3430.21 (depth 1, 32 lits): UNSAT in 0.17s
    cube 3430.22 (depth 1, 32 lits): UNSAT in 0.02s
    cube 3430.23 (depth 1, 32 lits): UNSAT in 0.03s
    cube 3430.24 (depth 1, 32 lits): UNSAT in 0.05s
    cube 3430.25 (depth 1, 32 lits): UNSAT in 0.12s
    cube 3430.26 (depth 1, 32 lits): UNSAT in 0.03s
    cube 3430.27 (depth 1, 32 lits): UNSAT in 0.09s
    cube 3430.28 (depth 1, 32 lits): UNSAT in 0.10s
    cube 3430.29 (depth 1, 32 lits): UNSAT in 0.12s
    cube 3430.30 (depth 1, 32 lits): UNSAT in 0.01s
    cube 3430.31 (depth 1, 32 lits): UNSAT in 0.02s
    cube 3430.32 (depth 1, 32 lits): UNSAT in 0.02s
    cube 3430.33 (depth 1, 32 lits): UNSAT in 0.01s
    cube 3430.34 (depth 1, 32 lits): UNSAT in 0.05s
    cube 3430.35 (depth 1, 32 lits): UNSAT in 0.05s
    cube 3430.36 (depth 1, 32 lits): UNSAT in 0.05s
    cube 3430.37 (depth 1, 32 lits): UNSAT in 0.23s
    cube 3430.38 (depth 1, 32 lits): UNSAT in 0.02s
    cube 3430.39 (depth 1, 32 lits): UNSAT in 0.03s
    cube 3430.40 (depth 1, 32 lits): UNSAT in 0.02s
    cube 3430.41 (depth 1, 32 lits): UNSAT in 0.06s
    cube 3430.42 (depth 1, 32 lits): UNSAT in 0.09s
    cube 3430.43 (depth 1, 32 lits): UNSAT in 0.04s
    cube 3430.44 (depth 1, 32 lits): UNSAT in 0.58s
    cube 3430.45 (depth 1, 32 lits): UNSAT in 0.49s
    cube 3430.46 (depth 1, 32 lits): UNSAT in 0.02s
    cube 3430.47 (depth 1, 32 lits): UNSAT in 0.06s
    cube 3430.48 (depth 1, 32 lits): UNSAT in 0.02s
    cube 3430.49 (depth 1, 32 lits): UNSAT in 0.12s
    cube 3430.50 (depth 1, 32 lits): UNSAT in 0.05s
    cube 3430.51 (depth 1, 32 lits): UNSAT in 0.13s
    cube 3430.52 (depth 1, 32 lits): UNSAT in 0.14s
    cube 3430.53 (depth 1, 32 lits): UNSAT in 0.19s
    cube 3430.54 (depth 1, 32 lits): UNSAT in 0.09s
    cube 3430.55 (depth 1, 32 lits): UNSAT in 0.10s
    cube 3430.56 (depth 1, 32 lits): UNSAT in 0.39s
    cube 3430.57 (depth 1, 32 lits): UNSAT in 0.88s
    cube 3430.58 (depth 1, 32 lits): UNSAT in 0.21s
    cube 3430.59 (depth 1, 32 lits): UNSAT in 0.89s
    cube 3430.60 (depth 1, 32 lits): UNSAT in 2.36s
    cube 3430.61 (depth 1, 32 lits): UNSAT in 10.29s
    cube 3430.62 (depth 1, 32 lits): UNSAT in 0.08s
    cube 3430.63 (depth 1, 32 lits): UNSAT in 0.14s
    cube 3430.64 (depth 1, 32 lits): UNSAT in 0.22s
    cube 3430.65 (depth 1, 32 lits): UNSAT in 0.33s
    cube 3430.66 (depth 1, 32 lits): UNSAT in 0.02s
    cube 3430.67 (depth 1, 32 lits): UNSAT in 0.07s
    cube 3430.68 (depth 1, 32 lits): UNSAT in 0.06s
    cube 3430.69 (depth 1, 32 lits): UNSAT in 0.35s
    cube 3430.70 (depth 1, 32 lits): UNSAT in 0.01s
    cube 3430.71 (depth 1, 32 lits): UNSAT in 0.03s
    cube 3430.72 (depth 1, 32 lits): UNSAT in 0.02s
    cube 3430.73 (depth 1, 32 lits): UNSAT in 0.11s
    cube 3430.74 (depth 1, 32 lits): UNSAT in 0.04s
    cube 3430.75 (depth 1, 32 lits): UNSAT in 0.15s
    cube 3430.76 (depth 1, 32 lits): UNSAT in 0.23s
    cube 3430.77 (depth 1, 32 lits): UNSAT in 1.22s
    cube 3430.78 (depth 1, 32 lits): UNSAT in 0.04s
    cube 3430.79 (depth 1, 32 lits): UNSAT in 0.12s
    cube 3430.80 (depth 1, 32 lits): UNSAT in 0.12s
    cube 3430.81 (depth 1, 32 lits): UNSAT in 0.19s
    cube 3430.82 (depth 1, 32 lits): UNSAT in 0.16s
    cube 3430.83 (depth 1, 32 lits): UNSAT in 0.43s
    cube 3430.84 (depth 1, 32 lits): UNSAT in 0.13s
    cube 3430.85 (depth 1, 32 lits): UNSAT in 0.75s
    cube 3430.86 (depth 1, 32 lits): UNSAT in 0.10s
    cube 3430.87 (depth 1, 32 lits): UNSAT in 0.36s
    cube 3430.88 (depth 1, 32 lits): UNSAT in 0.47s
    cube 3430.89 (depth 1, 32 lits): UNSAT in 0.73s
    cube 3430.90 (depth 1, 32 lits): UNSAT in 0.22s
    cube 3430.91 (depth 1, 32 lits): UNSAT in 0.88s
    cube 3430.92 (depth 1, 32 lits): UNSAT in 1.12s
    cube 3430.93 (depth 1, 32 lits): UNSAT in 4.87s
    cube 3430.94 (depth 1, 32 lits): UNSAT in 0.02s
    cube 3430.95 (depth 1, 32 lits): UNSAT in 0.04s
    cube 3430.96 (depth 1, 32 lits): UNSAT in 0.05s
    cube 3430.97 (depth 1, 32 lits): UNSAT in 0.16s
    cube 3430.98 (depth 1, 32 lits): UNSAT in 0.02s
    cube 3430.99 (depth 1, 32 lits): UNSAT in 0.14s
    cube 3430.100 (depth 1, 32 lits): UNSAT in 0.40s
    cube 3430.101 (depth 1, 32 lits): UNSAT in 2.77s
    cube 3430.102 (depth 1, 32 lits): UNSAT in 0.03s
    cube 3430.103 (depth 1, 32 lits): UNSAT in 0.15s
    cube 3430.104 (depth 1, 32 lits): UNSAT in 0.21s
    cube 3430.105 (depth 1, 32 lits): UNSAT in 0.47s
    cube 3430.106 (depth 1, 32 lits): UNSAT in 0.14s
    cube 3430.107 (depth 1, 32 lits): UNSAT in 0.53s
    cube 3430.108 (depth 1, 32 lits): UNSAT in 0.11s
    cube 3430.109 (depth 1, 32 lits): UNSAT in 1.44s
    cube 3430.110 (depth 1, 32 lits): UNSAT in 0.07s
    cube 3430.111 (depth 1, 32 lits): UNSAT in 0.12s
    cube 3430.112 (depth 1, 32 lits): UNSAT in 0.09s
    cube 3430.113 (depth 1, 32 lits): UNSAT in 0.54s
    cube 3430.114 (depth 1, 32 lits): UNSAT in 0.57s
    cube 3430.115 (depth 1, 32 lits): UNSAT in 1.66s
    cube 3430.116 (depth 1, 32 lits): UNSAT in 0.53s
    cube 3430.117 (depth 1, 32 lits): UNSAT in 1.39s
    cube 3430.118 (depth 1, 32 lits): UNSAT in 0.37s
    cube 3430.119 (depth 1, 32 lits): UNSAT in 1.47s
    cube 3430.120 (depth 1, 32 lits): UNSAT in 1.43s
    cube 3430.121 (depth 1, 32 lits): UNSAT in 9.58s
    cube 3430.122 (depth 1, 32 lits): UNSAT in 0.61s
    cube 3430.123 (depth 1, 32 lits): UNSAT in 2.58s
    cube 3430.124 (depth 1, 32 lits): UNSAT in 7.27s
    cube 3430.125 (depth 1, 32 lits): UNSAT in 20.32s
    cube 3430.126 (depth 1, 32 lits): UNSAT in 0.02s
    cube 3430.127 (depth 1, 32 lits): UNSAT in 0.03s
    cube 3430.128 (depth 1, 32 lits): UNSAT in 0.02s
    cube 3430.129 (depth 1, 32 lits): UNSAT in 0.03s
    cube 3430.130 (depth 1, 32 lits): UNSAT in 0.02s
    cube 3430.131 (depth 1, 32 lits): UNSAT in 0.05s
    cube 3430.132 (depth 1, 32 lits): UNSAT in 0.11s
    cube 3430.133 (depth 1, 32 lits): UNSAT in 0.14s
    cube 3430.134 (depth 1, 32 lits): UNSAT in 0.03s
    cube 3430.135 (depth 1, 32 lits): UNSAT in 0.04s
    cube 3430.136 (depth 1, 32 lits): UNSAT in 0.06s
    cube 3430.137 (depth 1, 32 lits): UNSAT in 0.10s
    cube 3430.138 (depth 1, 32 lits): UNSAT in 0.01s
    cube 3430.139 (depth 1, 32 lits): UNSAT in 0.08s
    cube 3430.140 (depth 1, 32 lits): UNSAT in 0.08s
    cube 3430.141 (depth 1, 32 lits): UNSAT in 0.49s
    cube 3430.142 (depth 1, 32 lits): UNSAT in 0.02s
    cube 3430.143 (depth 1, 32 lits): UNSAT in 0.04s
    cube 3430.144 (depth 1, 32 lits): UNSAT in 0.15s
    cube 3430.145 (depth 1, 32 lits): UNSAT in 0.23s
    cube 3430.146 (depth 1, 32 lits): UNSAT in 0.03s
    cube 3430.147 (depth 1, 32 lits): UNSAT in 0.08s
    cube 3430.148 (depth 1, 32 lits): UNSAT in 0.11s
    cube 3430.149 (depth 1, 32 lits): UNSAT in 0.41s
    cube 3430.150 (depth 1, 32 lits): UNSAT in 0.04s
    cube 3430.151 (depth 1, 32 lits): UNSAT in 0.66s
    cube 3430.152 (depth 1, 32 lits): UNSAT in 0.71s
    cube 3430.153 (depth 1, 32 lits): UNSAT in 1.10s
    cube 3430.154 (depth 1, 32 lits): UNSAT in 0.21s
    cube 3430.155 (depth 1, 32 lits): UNSAT in 1.88s
    cube 3430.156 (depth 1, 32 lits): UNSAT in 1.34s
    cube 3430.157 (depth 1, 32 lits): UNSAT in 10.36s
    cube 3430.158 (depth 1, 32 lits): UNSAT in 0.02s
    cube 3430.159 (depth 1, 32 lits): UNSAT in 0.06s
    cube 3430.160 (depth 1, 32 lits): UNSAT in 0.08s
    cube 3430.161 (depth 1, 32 lits): UNSAT in 0.08s
    cube 3430.162 (depth 1, 32 lits): UNSAT in 0.13s
    cube 3430.163 (depth 1, 32 lits): UNSAT in 0.41s
    cube 3430.164 (depth 1, 32 lits): UNSAT in 0.50s
    cube 3430.165 (depth 1, 32 lits): UNSAT in 1.32s
    cube 3430.166 (depth 1, 32 lits): UNSAT in 0.02s
    cube 3430.167 (depth 1, 32 lits): UNSAT in 0.04s
    cube 3430.168 (depth 1, 32 lits): UNSAT in 0.47s
    cube 3430.169 (depth 1, 32 lits): UNSAT in 1.18s
    cube 3430.170 (depth 1, 32 lits): UNSAT in 0.32s
    cube 3430.171 (depth 1, 32 lits): UNSAT in 0.44s
    cube 3430.172 (depth 1, 32 lits): UNSAT in 0.78s
    cube 3430.173 (depth 1, 32 lits): UNSAT in 2.44s
    cube 3430.174 (depth 1, 32 lits): UNSAT in 0.09s
    cube 3430.175 (depth 1, 32 lits): UNSAT in 0.10s
    cube 3430.176 (depth 1, 32 lits): UNSAT in 0.12s
    cube 3430.177 (depth 1, 32 lits): UNSAT in 0.39s
    cube 3430.178 (depth 1, 32 lits): UNSAT in 0.12s
    cube 3430.179 (depth 1, 32 lits): UNSAT in 1.48s
    cube 3430.180 (depth 1, 32 lits): UNSAT in 0.48s
    cube 3430.181 (depth 1, 32 lits): UNSAT in 1.27s
    cube 3430.182 (depth 1, 32 lits): UNSAT in 1.08s
    cube 3430.183 (depth 1, 32 lits): UNSAT in 1.16s
    cube 3430.184 (depth 1, 32 lits): UNSAT in 8.40s
    cube 3430.185 (depth 1, 32 lits): UNSAT in 7.83s
    cube 3430.186 (depth 1, 32 lits): UNSAT in 2.48s
    cube 3430.187 (depth 1, 32 lits): UNSAT in 9.04s
    cube 3430.188 (depth 1, 32 lits): UNSAT in 1.92s
    cube 3430.189 (depth 1, 32 lits): UNSAT in 30.49s
    cube 3430.190 (depth 1, 32 lits): UNSAT in 0.02s
    cube 3430.191 (depth 1, 32 lits): UNSAT in 0.04s
    cube 3430.192 (depth 1, 32 lits): UNSAT in 0.08s
    cube 3430.193 (depth 1, 32 lits): UNSAT in 0.10s
    cube 3430.194 (depth 1, 32 lits): UNSAT in 0.05s
    cube 3430.195 (depth 1, 32 lits): UNSAT in 0.17s
    cube 3430.196 (depth 1, 32 lits): UNSAT in 1.06s
    cube 3430.197 (depth 1, 32 lits): UNSAT in 2.96s
    cube 3430.198 (depth 1, 32 lits): UNSAT in 0.25s
    cube 3430.199 (depth 1, 32 lits): UNSAT in 1.15s
    cube 3430.200 (depth 1, 32 lits): UNSAT in 0.22s
    cube 3430.201 (depth 1, 32 lits): UNSAT in 2.72s
    cube 3430.202 (depth 1, 32 lits): UNSAT in 0.32s
    cube 3430.203 (depth 1, 32 lits): UNSAT in 2.01s
    cube 3430.204 (depth 1, 32 lits): UNSAT in 6.10s
    cube 3430.205 (depth 1, 32 lits): UNSAT in 18.00s
    cube 3430.206 (depth 1, 32 lits): UNSAT in 0.13s
    cube 3430.207 (depth 1, 32 lits): UNSAT in 0.36s
    cube 3430.208 (depth 1, 32 lits): UNSAT in 0.25s
    cube 3430.209 (depth 1, 32 lits): UNSAT in 1.28s
    cube 3430.210 (depth 1, 32 lits): UNSAT in 0.15s
    cube 3430.211 (depth 1, 32 lits): UNSAT in 0.40s
    cube 3430.212 (depth 1, 32 lits): UNSAT in 0.43s
    cube 3430.213 (depth 1, 32 lits): UNSAT in 1.02s
    cube 3430.214 (depth 1, 32 lits): UNSAT in 0.25s
    cube 3430.215 (depth 1, 32 lits): UNSAT in 0.42s
    cube 3430.216 (depth 1, 32 lits): UNSAT in 0.41s
    cube 3430.217 (depth 1, 32 lits): UNSAT in 2.95s
    cube 3430.218 (depth 1, 32 lits): UNSAT in 0.25s
    cube 3430.219 (depth 1, 32 lits): UNSAT in 4.08s
    cube 3430.220 (depth 1, 32 lits): UNSAT in 1.56s
    cube 3430.221 (depth 1, 32 lits): UNSAT in 7.39s
    cube 3430.222 (depth 1, 32 lits): UNSAT in 0.32s
    cube 3430.223 (depth 1, 32 lits): UNSAT in 1.43s
    cube 3430.224 (depth 1, 32 lits): UNSAT in 0.87s
    cube 3430.225 (depth 1, 32 lits): UNSAT in 0.87s
    cube 3430.226 (depth 1, 32 lits): UNSAT in 0.64s
    cube 3430.227 (depth 1, 32 lits): UNSAT in 2.25s
    cube 3430.228 (depth 1, 32 lits): UNSAT in 1.53s
    cube 3430.229 (depth 1, 32 lits): UNSAT in 13.40s
    cube 3430.230 (depth 1, 32 lits): UNSAT in 0.58s
    cube 3430.231 (depth 1, 32 lits): UNSAT in 9.91s
    cube 3430.232 (depth 1, 32 lits): UNSAT in 2.59s
    cube 3430.233 (depth 1, 32 lits): UNSAT in 24.75s
    cube 3430.234 (depth 1, 32 lits): UNSAT in 0.39s
    cube 3430.235 (depth 1, 32 lits): UNSAT in 3.57s
    cube 3430.236 (depth 1, 32 lits): UNSAT in 2.54s
    cube 3430.237 (depth 1, 32 lits): UNSAT in 9.31s
    cube 3430.238 (depth 1, 32 lits): UNSAT in 0.09s
    cube 3430.239 (depth 1, 32 lits): UNSAT in 0.21s
    cube 3430.240 (depth 1, 32 lits): UNSAT in 0.15s
    cube 3430.241 (depth 1, 32 lits): UNSAT in 0.81s
    cube 3430.242 (depth 1, 32 lits): UNSAT in 0.36s
    cube 3430.243 (depth 1, 32 lits): UNSAT in 0.63s
    cube 3430.244 (depth 1, 32 lits): UNSAT in 0.72s
    cube 3430.245 (depth 1, 32 lits): UNSAT in 2.30s
    cube 3430.246 (depth 1, 32 lits): UNSAT in 0.51s
    cube 3430.247 (depth 1, 32 lits): UNSAT in 0.32s
    cube 3430.248 (depth 1, 32 lits): UNSAT in 0.73s
    cube 3430.249 (depth 1, 32 lits): UNSAT in 6.85s
    cube 3430.250 (depth 1, 32 lits): UNSAT in 0.31s
    cube 3430.251 (depth 1, 32 lits): UNSAT in 2.93s
    cube 3430.252 (depth 1, 32 lits): UNSAT in 2.23s
    cube 3430.253 (depth 1, 32 lits): UNSAT in 5.82s
    cube 3434 (depth 0, 24 lits): UNSAT in 0.04s
    cube 3438 (depth 0, 24 lits): UNSAT in 0.11s
    cube 3442 (depth 0, 24 lits): UNSAT in 0.14s
    cube 3446 (depth 0, 24 lits): UNSAT in 0.37s
    cube 3450 (depth 0, 24 lits): UNSAT in 0.14s
    cube 3454 (depth 0, 24 lits): UNSAT in 0.66s
    cube 3458 (depth 0, 24 lits): UNSAT in 5.72s
    cube 3462 (depth 0, 24 lits): UNSAT in 45.60s
    cube 3466 (depth 0, 24 lits): UNSAT in 0.46s
    cube 3470 (depth 0, 24 lits): UNSAT in 1.16s
    cube 3474 (depth 0, 24 lits): UNSAT in 0.99s
    cube 3478 (depth 0, 24 lits): UNSAT in 8.32s
    cube 3482 (depth 0, 24 lits): UNSAT in 2.87s
    cube 3486 (depth 0, 24 lits): UNSAT in 9.55s
    cube 3490 (depth 0, 24 lits): UNSAT in 3.41s
    cube 3494 (depth 0, 24 lits): UNSAT in 558.59s
    cube 3498 (depth 0, 24 lits): UNSAT in 0.15s
    cube 3502 (depth 0, 24 lits): UNSAT in 0.23s
    cube 3506 (depth 0, 24 lits): UNSAT in 0.58s
    cube 3510 (depth 0, 24 lits): UNSAT in 3.19s
    cube 3514 (depth 0, 24 lits): UNSAT in 0.34s
    cube 3518 (depth 0, 24 lits): UNSAT in 0.68s
    cube 3522 (depth 0, 24 lits): UNSAT in 4.52s
    cube 3526 (depth 0, 24 lits): UNSAT in 21.48s
    cube 3530 (depth 0, 24 lits): UNSAT in 1.10s
    cube 3534 (depth 0, 24 lits): UNSAT in 2.32s
    cube 3538 (depth 0, 24 lits): UNSAT in 3.91s
    cube 3542 (depth 0, 24 lits): UNSAT in 90.03s
    cube 3546 (depth 0, 24 lits): UNSAT in 7.00s
    cube 3550 (depth 0, 24 lits): TIMEOUT in 600.10s
    cube 3550 TIMEOUT -> re-split into 236 sub-cubes (depth 1)
    cube 3550.0 (depth 1, 30 lits): UNSAT in 0.01s
    cube 3550.1 (depth 1, 30 lits): UNSAT in 0.01s
    cube 3550.2 (depth 1, 30 lits): UNSAT in 0.02s
    cube 3550.3 (depth 1, 32 lits): UNSAT in 0.01s
    cube 3550.4 (depth 1, 32 lits): UNSAT in 0.01s
    cube 3550.5 (depth 1, 32 lits): UNSAT in 0.01s
    cube 3550.6 (depth 1, 32 lits): UNSAT in 0.02s
    cube 3550.7 (depth 1, 31 lits): UNSAT in 0.01s
    cube 3550.8 (depth 1, 32 lits): UNSAT in 0.01s
    cube 3550.9 (depth 1, 32 lits): UNSAT in 0.02s
    cube 3550.10 (depth 1, 31 lits): UNSAT in 0.02s
    cube 3550.11 (depth 1, 32 lits): UNSAT in 0.02s
    cube 3550.12 (depth 1, 32 lits): UNSAT in 0.03s
    cube 3550.13 (depth 1, 32 lits): UNSAT in 0.01s
    cube 3550.14 (depth 1, 32 lits): UNSAT in 0.02s
    cube 3550.15 (depth 1, 32 lits): UNSAT in 0.02s
    cube 3550.16 (depth 1, 32 lits): UNSAT in 0.04s
    cube 3550.17 (depth 1, 31 lits): UNSAT in 0.02s
    cube 3550.18 (depth 1, 32 lits): UNSAT in 0.02s
    cube 3550.19 (depth 1, 32 lits): UNSAT in 0.06s
    cube 3550.20 (depth 1, 31 lits): UNSAT in 0.02s
    cube 3550.21 (depth 1, 32 lits): UNSAT in 0.02s
    cube 3550.22 (depth 1, 32 lits): UNSAT in 0.02s
    cube 3550.23 (depth 1, 32 lits): UNSAT in 0.02s
    cube 3550.24 (depth 1, 32 lits): UNSAT in 0.02s
    cube 3550.25 (depth 1, 32 lits): UNSAT in 0.01s
    cube 3550.26 (depth 1, 32 lits): UNSAT in 0.05s
    cube 3550.27 (depth 1, 32 lits): UNSAT in 0.02s
    cube 3550.28 (depth 1, 32 lits): UNSAT in 0.04s
    cube 3550.29 (depth 1, 32 lits): UNSAT in 0.03s
    cube 3550.30 (depth 1, 32 lits): UNSAT in 0.07s
    cube 3550.31 (depth 1, 32 lits): UNSAT in 0.03s
    cube 3550.32 (depth 1, 32 lits): UNSAT in 0.04s
    cube 3550.33 (depth 1, 32 lits): UNSAT in 0.03s
    cube 3550.34 (depth 1, 32 lits): UNSAT in 0.16s
    cube 3550.35 (depth 1, 32 lits): UNSAT in 0.01s
    cube 3550.36 (depth 1, 32 lits): UNSAT in 0.02s
    cube 3550.37 (depth 1, 32 lits): UNSAT in 0.01s
    cube 3550.38 (depth 1, 32 lits): UNSAT in 0.01s
    cube 3550.39 (depth 1, 32 lits): UNSAT in 0.03s
    cube 3550.40 (depth 1, 32 lits): UNSAT in 0.02s
    cube 3550.41 (depth 1, 32 lits): UNSAT in 0.04s
    cube 3550.42 (depth 1, 32 lits): UNSAT in 0.04s
    cube 3550.43 (depth 1, 32 lits): UNSAT in 0.02s
    cube 3550.44 (depth 1, 32 lits): UNSAT in 0.02s
    cube 3550.45 (depth 1, 32 lits): UNSAT in 0.02s
    cube 3550.46 (depth 1, 32 lits): UNSAT in 0.06s
    cube 3550.47 (depth 1, 32 lits): UNSAT in 0.02s
    cube 3550.48 (depth 1, 32 lits): UNSAT in 0.11s
    cube 3550.49 (depth 1, 32 lits): UNSAT in 0.18s
    cube 3550.50 (depth 1, 32 lits): UNSAT in 0.10s
    cube 3550.51 (depth 1, 30 lits): UNSAT in 0.01s
    cube 3550.52 (depth 1, 32 lits): UNSAT in 0.02s
    cube 3550.53 (depth 1, 32 lits): UNSAT in 0.02s
    cube 3550.54 (depth 1, 32 lits): UNSAT in 0.02s
    cube 3550.55 (depth 1, 32 lits): UNSAT in 0.02s
    cube 3550.56 (depth 1, 32 lits): UNSAT in 0.01s
    cube 3550.57 (depth 1, 32 lits): UNSAT in 0.03s
    cube 3550.58 (depth 1, 32 lits): UNSAT in 0.02s
    cube 3550.59 (depth 1, 32 lits): UNSAT in 0.02s
    cube 3550.60 (depth 1, 32 lits): UNSAT in 0.02s
    cube 3550.61 (depth 1, 32 lits): UNSAT in 0.03s
    cube 3550.62 (depth 1, 32 lits): UNSAT in 0.03s
    cube 3550.63 (depth 1, 32 lits): UNSAT in 0.15s
    cube 3550.64 (depth 1, 32 lits): UNSAT in 0.01s
    cube 3550.65 (depth 1, 32 lits): UNSAT in 0.03s
    cube 3550.66 (depth 1, 32 lits): UNSAT in 0.01s
    cube 3550.67 (depth 1, 32 lits): UNSAT in 0.03s
    cube 3550.68 (depth 1, 32 lits): UNSAT in 0.02s
    cube 3550.69 (depth 1, 32 lits): UNSAT in 0.03s
    cube 3550.70 (depth 1, 32 lits): UNSAT in 0.04s
    cube 3550.71 (depth 1, 32 lits): UNSAT in 0.61s
    cube 3550.72 (depth 1, 32 lits): UNSAT in 0.02s
    cube 3550.73 (depth 1, 32 lits): UNSAT in 0.05s
    cube 3550.74 (depth 1, 32 lits): UNSAT in 0.12s
    cube 3550.75 (depth 1, 32 lits): UNSAT in 0.40s
    cube 3550.76 (depth 1, 32 lits): UNSAT in 0.03s
    cube 3550.77 (depth 1, 32 lits): UNSAT in 0.08s
    cube 3550.78 (depth 1, 32 lits): UNSAT in 0.16s
    cube 3550.79 (depth 1, 32 lits): UNSAT in 0.39s
    cube 3550.80 (depth 1, 32 lits): UNSAT in 0.02s
    cube 3550.81 (depth 1, 32 lits): UNSAT in 0.04s
    cube 3550.82 (depth 1, 32 lits): UNSAT in 0.02s
    cube 3550.83 (depth 1, 32 lits): UNSAT in 0.05s
    cube 3550.84 (depth 1, 32 lits): UNSAT in 0.01s
    cube 3550.85 (depth 1, 32 lits): UNSAT in 0.03s
    cube 3550.86 (depth 1, 32 lits): UNSAT in 0.04s
    cube 3550.87 (depth 1, 32 lits): UNSAT in 0.56s
    cube 3550.88 (depth 1, 32 lits): UNSAT in 0.02s
    cube 3550.89 (depth 1, 32 lits): UNSAT in 0.04s
    cube 3550.90 (depth 1, 32 lits): UNSAT in 0.06s
    cube 3550.91 (depth 1, 32 lits): UNSAT in 0.32s
    cube 3550.92 (depth 1, 32 lits): UNSAT in 0.20s
    cube 3550.93 (depth 1, 32 lits): UNSAT in 0.25s
    cube 3550.94 (depth 1, 32 lits): UNSAT in 0.23s
    cube 3550.95 (depth 1, 32 lits): UNSAT in 1.00s
    cube 3550.96 (depth 1, 32 lits): UNSAT in 0.02s
    cube 3550.97 (depth 1, 32 lits): UNSAT in 0.05s
    cube 3550.98 (depth 1, 32 lits): UNSAT in 0.09s
    cube 3550.99 (depth 1, 32 lits): UNSAT in 0.27s
    cube 3550.100 (depth 1, 32 lits): UNSAT in 0.08s
    cube 3550.101 (depth 1, 32 lits): UNSAT in 0.35s
    cube 3550.102 (depth 1, 32 lits): UNSAT in 0.20s
    cube 3550.103 (depth 1, 32 lits): UNSAT in 0.61s
    cube 3550.104 (depth 1, 32 lits): UNSAT in 0.70s
    cube 3550.105 (depth 1, 32 lits): UNSAT in 2.01s
    cube 3550.106 (depth 1, 32 lits): UNSAT in 1.04s
    cube 3550.107 (depth 1, 32 lits): UNSAT in 9.42s
    cube 3550.108 (depth 1, 32 lits): UNSAT in 0.77s
    cube 3550.109 (depth 1, 32 lits): UNSAT in 5.77s
    cube 3550.110 (depth 1, 32 lits): UNSAT in 5.73s
    cube 3550.111 (depth 1, 32 lits): UNSAT in 42.21s
    cube 3550.112 (depth 1, 31 lits): UNSAT in 0.01s
    cube 3550.113 (depth 1, 32 lits): UNSAT in 0.01s
    cube 3550.114 (depth 1, 32 lits): UNSAT in 0.02s
    cube 3550.115 (depth 1, 32 lits): UNSAT in 0.02s
    cube 3550.116 (depth 1, 32 lits): UNSAT in 0.02s
    cube 3550.117 (depth 1, 32 lits): UNSAT in 0.02s
    cube 3550.118 (depth 1, 32 lits): UNSAT in 0.03s
    cube 3550.119 (depth 1, 32 lits): UNSAT in 0.01s
    cube 3550.120 (depth 1, 32 lits): UNSAT in 0.02s
    cube 3550.121 (depth 1, 32 lits): UNSAT in 0.02s
    cube 3550.122 (depth 1, 32 lits): UNSAT in 0.03s
    cube 3550.123 (depth 1, 32 lits): UNSAT in 0.02s
    cube 3550.124 (depth 1, 32 lits): UNSAT in 0.03s
    cube 3550.125 (depth 1, 32 lits): UNSAT in 0.02s
    cube 3550.126 (depth 1, 32 lits): UNSAT in 0.03s
    cube 3550.127 (depth 1, 31 lits): UNSAT in 0.02s
    cube 3550.128 (depth 1, 32 lits): UNSAT in 0.02s
    cube 3550.129 (depth 1, 32 lits): UNSAT in 0.02s
    cube 3550.130 (depth 1, 32 lits): UNSAT in 0.03s
    cube 3550.131 (depth 1, 32 lits): UNSAT in 0.03s
    cube 3550.132 (depth 1, 32 lits): UNSAT in 0.03s
    cube 3550.133 (depth 1, 32 lits): UNSAT in 0.04s
    cube 3550.134 (depth 1, 32 lits): UNSAT in 0.02s
    cube 3550.135 (depth 1, 32 lits): UNSAT in 0.03s
    cube 3550.136 (depth 1, 32 lits): UNSAT in 0.05s
    cube 3550.137 (depth 1, 32 lits): UNSAT in 0.05s
    cube 3550.138 (depth 1, 32 lits): UNSAT in 0.04s
    cube 3550.139 (depth 1, 32 lits): UNSAT in 0.05s
    cube 3550.140 (depth 1, 32 lits): UNSAT in 0.04s
    cube 3550.141 (depth 1, 32 lits): UNSAT in 0.23s
    cube 3550.142 (depth 1, 32 lits): UNSAT in 0.02s
    cube 3550.143 (depth 1, 32 lits): UNSAT in 0.02s
    cube 3550.144 (depth 1, 32 lits): UNSAT in 0.02s
    cube 3550.145 (depth 1, 32 lits): UNSAT in 0.08s
    cube 3550.146 (depth 1, 32 lits): UNSAT in 0.03s
    cube 3550.147 (depth 1, 32 lits): UNSAT in 0.08s
    cube 3550.148 (depth 1, 32 lits): UNSAT in 0.04s
    cube 3550.149 (depth 1, 32 lits): UNSAT in 0.69s
    cube 3550.150 (depth 1, 32 lits): UNSAT in 0.02s
    cube 3550.151 (depth 1, 32 lits): UNSAT in 0.04s
    cube 3550.152 (depth 1, 32 lits): UNSAT in 0.10s
    cube 3550.153 (depth 1, 32 lits): UNSAT in 0.30s
    cube 3550.154 (depth 1, 32 lits): UNSAT in 0.07s
    cube 3550.155 (depth 1, 32 lits): UNSAT in 0.10s
    cube 3550.156 (depth 1, 32 lits): UNSAT in 0.16s
    cube 3550.157 (depth 1, 32 lits): UNSAT in 0.99s
    cube 3550.158 (depth 1, 32 lits): UNSAT in 0.03s
    cube 3550.159 (depth 1, 32 lits): UNSAT in 0.11s
    cube 3550.160 (depth 1, 32 lits): UNSAT in 0.06s
    cube 3550.161 (depth 1, 32 lits): UNSAT in 1.06s
    cube 3550.162 (depth 1, 32 lits): UNSAT in 0.07s
    cube 3550.163 (depth 1, 32 lits): UNSAT in 0.15s
    cube 3550.164 (depth 1, 32 lits): UNSAT in 0.60s
    cube 3550.165 (depth 1, 32 lits): UNSAT in 0.87s
    cube 3550.166 (depth 1, 32 lits): UNSAT in 0.16s
    cube 3550.167 (depth 1, 32 lits): UNSAT in 0.17s
    cube 3550.168 (depth 1, 32 lits): UNSAT in 0.11s
    cube 3550.169 (depth 1, 32 lits): UNSAT in 2.42s
    cube 3550.170 (depth 1, 32 lits): UNSAT in 0.53s
    cube 3550.171 (depth 1, 32 lits): UNSAT in 4.85s
    cube 3550.172 (depth 1, 32 lits): UNSAT in 3.73s
    cube 3550.173 (depth 1, 32 lits): UNSAT in 4.03s
    cube 3550.174 (depth 1, 31 lits): UNSAT in 0.02s
    cube 3550.175 (depth 1, 31 lits): UNSAT in 0.02s
    cube 3550.176 (depth 1, 32 lits): UNSAT in 0.02s
    cube 3550.177 (depth 1, 32 lits): UNSAT in 0.04s
    cube 3550.178 (depth 1, 32 lits): UNSAT in 0.02s
    cube 3550.179 (depth 1, 32 lits): UNSAT in 0.06s
    cube 3550.180 (depth 1, 32 lits): UNSAT in 0.02s
    cube 3550.181 (depth 1, 32 lits): UNSAT in 0.07s
    cube 3550.182 (depth 1, 32 lits): UNSAT in 0.05s
    cube 3550.183 (depth 1, 32 lits): UNSAT in 0.08s
    cube 3550.184 (depth 1, 32 lits): UNSAT in 0.09s
    cube 3550.185 (depth 1, 32 lits): UNSAT in 0.15s
    cube 3550.186 (depth 1, 32 lits): UNSAT in 0.24s
    cube 3550.187 (depth 1, 32 lits): UNSAT in 0.69s
    cube 3550.188 (depth 1, 32 lits): UNSAT in 0.01s
    cube 3550.189 (depth 1, 32 lits): UNSAT in 0.01s
    cube 3550.190 (depth 1, 32 lits): UNSAT in 0.03s
    cube 3550.191 (depth 1, 32 lits): UNSAT in 0.02s
    cube 3550.192 (depth 1, 32 lits): UNSAT in 0.03s
    cube 3550.193 (depth 1, 32 lits): UNSAT in 0.16s
    cube 3550.194 (depth 1, 32 lits): UNSAT in 0.05s
    cube 3550.195 (depth 1, 32 lits): UNSAT in 0.24s
    cube 3550.196 (depth 1, 32 lits): UNSAT in 0.03s
    cube 3550.197 (depth 1, 32 lits): UNSAT in 0.06s
    cube 3550.198 (depth 1, 32 lits): UNSAT in 0.15s
    cube 3550.199 (depth 1, 32 lits): UNSAT in 0.17s
    cube 3550.200 (depth 1, 32 lits): UNSAT in 0.04s
    cube 3550.201 (depth 1, 32 lits): UNSAT in 0.06s
    cube 3550.202 (depth 1, 32 lits): UNSAT in 0.46s
    cube 3550.203 (depth 1, 32 lits): UNSAT in 2.32s
    cube 3550.204 (depth 1, 32 lits): UNSAT in 0.02s
    cube 3550.205 (depth 1, 32 lits): UNSAT in 0.04s
    cube 3550.206 (depth 1, 32 lits): UNSAT in 0.05s
    cube 3550.207 (depth 1, 32 lits): UNSAT in 0.36s
    cube 3550.208 (depth 1, 32 lits): UNSAT in 0.03s
    cube 3550.209 (depth 1, 32 lits): UNSAT in 0.10s
    cube 3550.210 (depth 1, 32 lits): UNSAT in 0.11s
    cube 3550.211 (depth 1, 32 lits): UNSAT in 0.58s
    cube 3550.212 (depth 1, 32 lits): UNSAT in 0.02s
    cube 3550.213 (depth 1, 32 lits): UNSAT in 0.09s
    cube 3550.214 (depth 1, 32 lits): UNSAT in 0.10s
    cube 3550.215 (depth 1, 32 lits): UNSAT in 0.36s
    cube 3550.216 (depth 1, 32 lits): UNSAT in 0.21s
    cube 3550.217 (depth 1, 32 lits): UNSAT in 0.53s
    cube 3550.218 (depth 1, 32 lits): UNSAT in 0.55s
    cube 3550.219 (depth 1, 32 lits): UNSAT in 3.04s
    cube 3550.220 (depth 1, 32 lits): UNSAT in 0.08s
    cube 3550.221 (depth 1, 32 lits): UNSAT in 0.26s
    cube 3550.222 (depth 1, 32 lits): UNSAT in 0.15s
    cube 3550.223 (depth 1, 32 lits): UNSAT in 1.67s
    cube 3550.224 (depth 1, 32 lits): UNSAT in 0.31s
    cube 3550.225 (depth 1, 32 lits): UNSAT in 0.36s
    cube 3550.226 (depth 1, 32 lits): UNSAT in 0.27s
    cube 3550.227 (depth 1, 32 lits): UNSAT in 3.43s
    cube 3550.228 (depth 1, 32 lits): UNSAT in 0.07s
    cube 3550.229 (depth 1, 32 lits): UNSAT in 1.01s
    cube 3550.230 (depth 1, 32 lits): UNSAT in 0.63s
    cube 3550.231 (depth 1, 32 lits): UNSAT in 3.35s
    cube 3550.232 (depth 1, 32 lits): UNSAT in 0.94s
    cube 3550.233 (depth 1, 32 lits): UNSAT in 6.00s
    cube 3550.234 (depth 1, 32 lits): UNSAT in 11.94s
    cube 3550.235 (depth 1, 32 lits): UNSAT in 7.99s
    cube 3554 (depth 0, 24 lits): UNSAT in 79.08s
    cube 3558 (depth 0, 24 lits): TIMEOUT in 600.10s
    cube 3558 TIMEOUT -> re-split into 249 sub-cubes (depth 1)
    cube 3558.0 (depth 1, 32 lits): UNSAT in 0.01s
    cube 3558.1 (depth 1, 32 lits): UNSAT in 0.02s
    cube 3558.2 (depth 1, 32 lits): UNSAT in 0.02s
    cube 3558.3 (depth 1, 32 lits): UNSAT in 0.04s
    cube 3558.4 (depth 1, 32 lits): UNSAT in 0.02s
    cube 3558.5 (depth 1, 32 lits): UNSAT in 0.03s
    cube 3558.6 (depth 1, 32 lits): UNSAT in 0.03s
    cube 3558.7 (depth 1, 32 lits): UNSAT in 0.08s
    cube 3558.8 (depth 1, 32 lits): UNSAT in 0.02s
    cube 3558.9 (depth 1, 32 lits): UNSAT in 0.03s
    cube 3558.10 (depth 1, 32 lits): UNSAT in 0.04s
    cube 3558.11 (depth 1, 32 lits): UNSAT in 0.06s
    cube 3558.12 (depth 1, 32 lits): UNSAT in 0.06s
    cube 3558.13 (depth 1, 32 lits): UNSAT in 0.09s
    cube 3558.14 (depth 1, 32 lits): UNSAT in 0.12s
    cube 3558.15 (depth 1, 32 lits): UNSAT in 0.17s
    cube 3558.16 (depth 1, 32 lits): UNSAT in 0.02s
    cube 3558.17 (depth 1, 32 lits): UNSAT in 0.04s
    cube 3558.18 (depth 1, 32 lits): UNSAT in 0.03s
    cube 3558.19 (depth 1, 32 lits): UNSAT in 0.05s
    cube 3558.20 (depth 1, 32 lits): UNSAT in 0.02s
    cube 3558.21 (depth 1, 32 lits): UNSAT in 0.03s
    cube 3558.22 (depth 1, 32 lits): UNSAT in 0.05s
    cube 3558.23 (depth 1, 32 lits): UNSAT in 0.20s
    cube 3558.24 (depth 1, 32 lits): UNSAT in 0.02s
    cube 3558.25 (depth 1, 32 lits): UNSAT in 0.06s
    cube 3558.26 (depth 1, 32 lits): UNSAT in 0.07s
    cube 3558.27 (depth 1, 32 lits): UNSAT in 0.41s
    cube 3558.28 (depth 1, 32 lits): UNSAT in 0.04s
    cube 3558.29 (depth 1, 32 lits): UNSAT in 0.07s
    cube 3558.30 (depth 1, 32 lits): UNSAT in 0.27s
    cube 3558.31 (depth 1, 32 lits): UNSAT in 0.59s
    cube 3558.32 (depth 1, 32 lits): UNSAT in 0.02s
    cube 3558.33 (depth 1, 32 lits): UNSAT in 0.03s
    cube 3558.34 (depth 1, 32 lits): UNSAT in 0.02s
    cube 3558.35 (depth 1, 32 lits): UNSAT in 0.04s
    cube 3558.36 (depth 1, 32 lits): UNSAT in 0.02s
    cube 3558.37 (depth 1, 32 lits): UNSAT in 0.02s
    cube 3558.38 (depth 1, 32 lits): UNSAT in 0.03s
    cube 3558.39 (depth 1, 32 lits): UNSAT in 0.10s
    cube 3558.40 (depth 1, 32 lits): UNSAT in 0.03s
    cube 3558.41 (depth 1, 32 lits): UNSAT in 0.04s
    cube 3558.42 (depth 1, 32 lits): UNSAT in 0.05s
    cube 3558.43 (depth 1, 32 lits): UNSAT in 0.08s
    cube 3558.44 (depth 1, 32 lits): UNSAT in 0.05s
    cube 3558.45 (depth 1, 32 lits): UNSAT in 0.08s
    cube 3558.46 (depth 1, 32 lits): UNSAT in 0.16s
    cube 3558.47 (depth 1, 32 lits): UNSAT in 0.18s
    cube 3558.48 (depth 1, 32 lits): UNSAT in 0.02s
    cube 3558.49 (depth 1, 32 lits): UNSAT in 0.06s
    cube 3558.50 (depth 1, 32 lits): UNSAT in 0.05s
    cube 3558.51 (depth 1, 32 lits): UNSAT in 0.35s
    cube 3558.52 (depth 1, 32 lits): UNSAT in 0.04s
    cube 3558.53 (depth 1, 32 lits): UNSAT in 0.27s
    cube 3558.54 (depth 1, 32 lits): UNSAT in 0.21s
    cube 3558.55 (depth 1, 32 lits): UNSAT in 1.79s
    cube 3558.56 (depth 1, 32 lits): UNSAT in 0.06s
    cube 3558.57 (depth 1, 32 lits): UNSAT in 0.23s
    cube 3558.58 (depth 1, 32 lits): UNSAT in 0.47s
    cube 3558.59 (depth 1, 32 lits): UNSAT in 0.87s
    cube 3558.60 (depth 1, 32 lits): UNSAT in 0.16s
    cube 3558.61 (depth 1, 32 lits): UNSAT in 0.52s
    cube 3558.62 (depth 1, 32 lits): UNSAT in 0.98s
    cube 3558.63 (depth 1, 32 lits): UNSAT in 5.06s
    cube 3558.64 (depth 1, 30 lits): UNSAT in 0.02s
    cube 3558.65 (depth 1, 32 lits): UNSAT in 0.02s
    cube 3558.66 (depth 1, 32 lits): UNSAT in 0.06s
    cube 3558.67 (depth 1, 32 lits): UNSAT in 0.02s
    cube 3558.68 (depth 1, 32 lits): UNSAT in 0.08s
    cube 3558.69 (depth 1, 32 lits): UNSAT in 0.04s
    cube 3558.70 (depth 1, 32 lits): UNSAT in 0.06s
    cube 3558.71 (depth 1, 32 lits): UNSAT in 0.09s
    cube 3558.72 (depth 1, 32 lits): UNSAT in 0.25s
    cube 3558.73 (depth 1, 32 lits): UNSAT in 0.02s
    cube 3558.74 (depth 1, 32 lits): UNSAT in 0.08s
    cube 3558.75 (depth 1, 32 lits): UNSAT in 0.04s
    cube 3558.76 (depth 1, 32 lits): UNSAT in 0.12s
    cube 3558.77 (depth 1, 32 lits): UNSAT in 0.03s
    cube 3558.78 (depth 1, 32 lits): UNSAT in 0.06s
    cube 3558.79 (depth 1, 32 lits): UNSAT in 0.03s
    cube 3558.80 (depth 1, 32 lits): UNSAT in 0.15s
    cube 3558.81 (depth 1, 32 lits): UNSAT in 0.03s
    cube 3558.82 (depth 1, 32 lits): UNSAT in 0.09s
    cube 3558.83 (depth 1, 32 lits): UNSAT in 0.12s
    cube 3558.84 (depth 1, 32 lits): UNSAT in 0.34s
    cube 3558.85 (depth 1, 32 lits): UNSAT in 0.05s
    cube 3558.86 (depth 1, 32 lits): UNSAT in 0.26s
    cube 3558.87 (depth 1, 32 lits): UNSAT in 0.22s
    cube 3558.88 (depth 1, 32 lits): UNSAT in 0.74s
    cube 3558.89 (depth 1, 32 lits): UNSAT in 0.36s
    cube 3558.90 (depth 1, 32 lits): UNSAT in 1.79s
    cube 3558.91 (depth 1, 32 lits): UNSAT in 0.56s
    cube 3558.92 (depth 1, 32 lits): UNSAT in 7.11s
    cube 3558.93 (depth 1, 32 lits): UNSAT in 0.02s
    cube 3558.94 (depth 1, 32 lits): UNSAT in 0.04s
    cube 3558.95 (depth 1, 32 lits): UNSAT in 0.13s
    cube 3558.96 (depth 1, 32 lits): UNSAT in 0.15s
    cube 3558.97 (depth 1, 32 lits): UNSAT in 0.03s
    cube 3558.98 (depth 1, 32 lits): UNSAT in 0.09s
    cube 3558.99 (depth 1, 32 lits): UNSAT in 0.10s
    cube 3558.100 (depth 1, 32 lits): UNSAT in 0.54s
    cube 3558.101 (depth 1, 32 lits): UNSAT in 0.03s
    cube 3558.102 (depth 1, 32 lits): UNSAT in 0.07s
    cube 3558.103 (depth 1, 32 lits): UNSAT in 0.27s
    cube 3558.104 (depth 1, 32 lits): UNSAT in 0.23s
    cube 3558.105 (depth 1, 32 lits): UNSAT in 0.05s
    cube 3558.106 (depth 1, 32 lits): UNSAT in 0.10s
    cube 3558.107 (depth 1, 32 lits): UNSAT in 0.37s
    cube 3558.108 (depth 1, 32 lits): UNSAT in 0.75s
    cube 3558.109 (depth 1, 32 lits): UNSAT in 0.04s
    cube 3558.110 (depth 1, 32 lits): UNSAT in 0.09s
    cube 3558.111 (depth 1, 32 lits): UNSAT in 0.18s
    cube 3558.112 (depth 1, 32 lits): UNSAT in 0.57s
    cube 3558.113 (depth 1, 32 lits): UNSAT in 0.32s
    cube 3558.114 (depth 1, 32 lits): UNSAT in 0.30s
    cube 3558.115 (depth 1, 32 lits): UNSAT in 0.27s
    cube 3558.116 (depth 1, 32 lits): UNSAT in 1.49s
    cube 3558.117 (depth 1, 32 lits): UNSAT in 0.19s
    cube 3558.118 (depth 1, 32 lits): UNSAT in 0.80s
    cube 3558.119 (depth 1, 32 lits): UNSAT in 0.54s
    cube 3558.120 (depth 1, 32 lits): UNSAT in 1.20s
    cube 3558.121 (depth 1, 32 lits): UNSAT in 2.92s
    cube 3558.122 (depth 1, 32 lits): UNSAT in 5.90s
    cube 3558.123 (depth 1, 32 lits): UNSAT in 7.20s
    cube 3558.124 (depth 1, 32 lits): UNSAT in 35.72s
    cube 3558.125 (depth 1, 30 lits): UNSAT in 0.02s
    cube 3558.126 (depth 1, 31 lits): UNSAT in 0.02s
    cube 3558.127 (depth 1, 32 lits): UNSAT in 0.03s
    cube 3558.128 (depth 1, 32 lits): UNSAT in 0.08s
    cube 3558.129 (depth 1, 32 lits): UNSAT in 0.02s
    cube 3558.130 (depth 1, 32 lits): UNSAT in 0.05s
    cube 3558.131 (depth 1, 32 lits): UNSAT in 0.04s
    cube 3558.132 (depth 1, 32 lits): UNSAT in 0.10s
    cube 3558.133 (depth 1, 32 lits): UNSAT in 0.02s
    cube 3558.134 (depth 1, 32 lits): UNSAT in 0.04s
    cube 3558.135 (depth 1, 32 lits): UNSAT in 0.08s
    cube 3558.136 (depth 1, 32 lits): UNSAT in 0.11s
    cube 3558.137 (depth 1, 32 lits): UNSAT in 0.01s
    cube 3558.138 (depth 1, 32 lits): UNSAT in 0.03s
    cube 3558.139 (depth 1, 32 lits): UNSAT in 0.02s
    cube 3558.140 (depth 1, 32 lits): UNSAT in 0.04s
    cube 3558.141 (depth 1, 32 lits): UNSAT in 0.01s
    cube 3558.142 (depth 1, 32 lits): UNSAT in 0.04s
    cube 3558.143 (depth 1, 32 lits): UNSAT in 0.01s
    cube 3558.144 (depth 1, 32 lits): UNSAT in 0.04s
    cube 3558.145 (depth 1, 32 lits): UNSAT in 0.08s
    cube 3558.146 (depth 1, 32 lits): UNSAT in 0.07s
    cube 3558.147 (depth 1, 32 lits): UNSAT in 0.03s
    cube 3558.148 (depth 1, 32 lits): UNSAT in 0.24s
    cube 3558.149 (depth 1, 32 lits): UNSAT in 0.14s
    cube 3558.150 (depth 1, 32 lits): UNSAT in 0.36s
    cube 3558.151 (depth 1, 32 lits): UNSAT in 0.45s
    cube 3558.152 (depth 1, 32 lits): UNSAT in 2.03s
    cube 3558.153 (depth 1, 32 lits): UNSAT in 0.02s
    cube 3558.154 (depth 1, 32 lits): UNSAT in 0.02s
    cube 3558.155 (depth 1, 32 lits): UNSAT in 0.05s
    cube 3558.156 (depth 1, 32 lits): UNSAT in 0.16s
    cube 3558.157 (depth 1, 32 lits): UNSAT in 0.05s
    cube 3558.158 (depth 1, 32 lits): UNSAT in 0.31s
    cube 3558.159 (depth 1, 32 lits): UNSAT in 0.17s
    cube 3558.160 (depth 1, 32 lits): UNSAT in 0.73s
    cube 3558.161 (depth 1, 32 lits): UNSAT in 0.02s
    cube 3558.162 (depth 1, 32 lits): UNSAT in 0.24s
    cube 3558.163 (depth 1, 32 lits): UNSAT in 0.08s
    cube 3558.164 (depth 1, 32 lits): UNSAT in 0.39s
    cube 3558.165 (depth 1, 32 lits): UNSAT in 0.43s
    cube 3558.166 (depth 1, 32 lits): UNSAT in 1.21s
    cube 3558.167 (depth 1, 32 lits): UNSAT in 0.70s
    cube 3558.168 (depth 1, 32 lits): UNSAT in 1.83s
    cube 3558.169 (depth 1, 32 lits): UNSAT in 0.07s
    cube 3558.170 (depth 1, 32 lits): UNSAT in 0.04s
    cube 3558.171 (depth 1, 32 lits): UNSAT in 0.11s
    cube 3558.172 (depth 1, 32 lits): UNSAT in 0.17s
    cube 3558.173 (depth 1, 32 lits): UNSAT in 0.10s
    cube 3558.174 (depth 1, 32 lits): UNSAT in 0.18s
    cube 3558.175 (depth 1, 32 lits): UNSAT in 0.31s
    cube 3558.176 (depth 1, 32 lits): UNSAT in 0.36s
    cube 3558.177 (depth 1, 32 lits): UNSAT in 0.16s
    cube 3558.178 (depth 1, 32 lits): UNSAT in 0.46s
    cube 3558.179 (depth 1, 32 lits): UNSAT in 0.58s
    cube 3558.180 (depth 1, 32 lits): UNSAT in 0.80s
    cube 3558.181 (depth 1, 32 lits): UNSAT in 1.18s
    cube 3558.182 (depth 1, 32 lits): UNSAT in 4.46s
    cube 3558.183 (depth 1, 32 lits): UNSAT in 0.69s
    cube 3558.184 (depth 1, 32 lits): UNSAT in 8.48s
    cube 3558.185 (depth 1, 32 lits): UNSAT in 0.03s
    cube 3558.186 (depth 1, 32 lits): UNSAT in 0.04s
    cube 3558.187 (depth 1, 32 lits): UNSAT in 0.03s
    cube 3558.188 (depth 1, 32 lits): UNSAT in 0.10s
    cube 3558.189 (depth 1, 32 lits): UNSAT in 0.06s
    cube 3558.190 (depth 1, 32 lits): UNSAT in 0.26s
    cube 3558.191 (depth 1, 32 lits): UNSAT in 0.35s
    cube 3558.192 (depth 1, 32 lits): UNSAT in 2.81s
    cube 3558.193 (depth 1, 32 lits): UNSAT in 0.07s
    cube 3558.194 (depth 1, 32 lits): UNSAT in 0.18s
    cube 3558.195 (depth 1, 32 lits): UNSAT in 0.29s
    cube 3558.196 (depth 1, 32 lits): UNSAT in 1.46s
    cube 3558.197 (depth 1, 32 lits): UNSAT in 0.26s
    cube 3558.198 (depth 1, 32 lits): UNSAT in 1.32s
    cube 3558.199 (depth 1, 32 lits): UNSAT in 2.55s
    cube 3558.200 (depth 1, 32 lits): UNSAT in 8.66s
    cube 3558.201 (depth 1, 32 lits): UNSAT in 0.04s
    cube 3558.202 (depth 1, 32 lits): UNSAT in 0.14s
    cube 3558.203 (depth 1, 32 lits): UNSAT in 0.18s
    cube 3558.204 (depth 1, 32 lits): UNSAT in 0.66s
    cube 3558.205 (depth 1, 32 lits): UNSAT in 0.03s
    cube 3558.206 (depth 1, 32 lits): UNSAT in 0.21s
    cube 3558.207 (depth 1, 32 lits): UNSAT in 0.22s
    cube 3558.208 (depth 1, 32 lits): UNSAT in 1.03s
    cube 3558.209 (depth 1, 32 lits): UNSAT in 0.10s
    cube 3558.210 (depth 1, 32 lits): UNSAT in 0.61s
    cube 3558.211 (depth 1, 32 lits): UNSAT in 0.28s
    cube 3558.212 (depth 1, 32 lits): UNSAT in 1.43s
    cube 3558.213 (depth 1, 32 lits): UNSAT in 0.23s
    cube 3558.214 (depth 1, 32 lits): UNSAT in 0.64s
    cube 3558.215 (depth 1, 32 lits): UNSAT in 0.75s
    cube 3558.216 (depth 1, 32 lits): UNSAT in 2.71s
    cube 3558.217 (depth 1, 32 lits): UNSAT in 0.02s
    cube 3558.218 (depth 1, 32 lits): UNSAT in 0.05s
    cube 3558.219 (depth 1, 32 lits): UNSAT in 0.08s
    cube 3558.220 (depth 1, 32 lits): UNSAT in 0.32s
    cube 3558.221 (depth 1, 32 lits): UNSAT in 0.63s
    cube 3558.222 (depth 1, 32 lits): UNSAT in 1.61s
    cube 3558.223 (depth 1, 32 lits): UNSAT in 0.38s
    cube 3558.224 (depth 1, 32 lits): UNSAT in 4.77s
    cube 3558.225 (depth 1, 32 lits): UNSAT in 0.46s
    cube 3558.226 (depth 1, 32 lits): UNSAT in 2.78s
    cube 3558.227 (depth 1, 32 lits): UNSAT in 0.83s
    cube 3558.228 (depth 1, 32 lits): UNSAT in 8.70s
    cube 3558.229 (depth 1, 32 lits): UNSAT in 1.00s
    cube 3558.230 (depth 1, 32 lits): UNSAT in 8.35s
    cube 3558.231 (depth 1, 32 lits): UNSAT in 2.07s
    cube 3558.232 (depth 1, 32 lits): UNSAT in 22.43s
    cube 3558.233 (depth 1, 32 lits): UNSAT in 0.12s
    cube 3558.234 (depth 1, 32 lits): UNSAT in 0.46s
    cube 3558.235 (depth 1, 32 lits): UNSAT in 1.06s
    cube 3558.236 (depth 1, 32 lits): UNSAT in 4.32s
    cube 3558.237 (depth 1, 32 lits): UNSAT in 0.15s
    cube 3558.238 (depth 1, 32 lits): UNSAT in 0.57s
    cube 3558.239 (depth 1, 32 lits): UNSAT in 0.86s
    cube 3558.240 (depth 1, 32 lits): UNSAT in 12.28s
    cube 3558.241 (depth 1, 32 lits): UNSAT in 0.30s
    cube 3558.242 (depth 1, 32 lits): UNSAT in 1.31s
    cube 3558.243 (depth 1, 32 lits): UNSAT in 0.33s
    cube 3558.244 (depth 1, 32 lits): UNSAT in 7.40s
    cube 3558.245 (depth 1, 32 lits): UNSAT in 0.79s
    cube 3558.246 (depth 1, 32 lits): UNSAT in 3.82s
    cube 3558.247 (depth 1, 32 lits): UNSAT in 1.57s
    cube 3558.248 (depth 1, 32 lits): UNSAT in 16.54s
    cube 3562 (depth 0, 24 lits): UNSAT in 0.21s
    cube 3566 (depth 0, 24 lits): UNSAT in 2.02s
    cube 3570 (depth 0, 24 lits): UNSAT in 1.85s
    cube 3574 (depth 0, 24 lits): UNSAT in 8.52s
    cube 3578 (depth 0, 24 lits): UNSAT in 7.69s
    cube 3582 (depth 0, 24 lits): UNSAT in 24.13s
    cube 3586 (depth 0, 24 lits): UNSAT in 3.87s
    cube 3590 (depth 0, 24 lits): UNSAT in 365.21s
    cube 3594 (depth 0, 24 lits): UNSAT in 2.26s
    cube 3598 (depth 0, 24 lits): UNSAT in 3.60s
    cube 3602 (depth 0, 24 lits): UNSAT in 3.96s
    cube 3606 (depth 0, 24 lits): UNSAT in 42.84s
    cube 3610 (depth 0, 24 lits): UNSAT in 4.64s
    cube 3614 (depth 0, 24 lits): TIMEOUT in 600.10s
    cube 3614 TIMEOUT -> re-split into 236 sub-cubes (depth 1)
    cube 3614.0 (depth 1, 30 lits): UNSAT in 0.02s
    cube 3614.1 (depth 1, 31 lits): UNSAT in 0.01s
    cube 3614.2 (depth 1, 32 lits): UNSAT in 0.01s
    cube 3614.3 (depth 1, 32 lits): UNSAT in 0.03s
    cube 3614.4 (depth 1, 32 lits): UNSAT in 0.01s
    cube 3614.5 (depth 1, 32 lits): UNSAT in 0.01s
    cube 3614.6 (depth 1, 32 lits): UNSAT in 0.01s
    cube 3614.7 (depth 1, 32 lits): UNSAT in 0.01s
    cube 3614.8 (depth 1, 31 lits): UNSAT in 0.01s
    cube 3614.9 (depth 1, 32 lits): UNSAT in 0.02s
    cube 3614.10 (depth 1, 32 lits): UNSAT in 0.03s
    cube 3614.11 (depth 1, 31 lits): UNSAT in 0.01s
    cube 3614.12 (depth 1, 32 lits): UNSAT in 0.01s
    cube 3614.13 (depth 1, 32 lits): UNSAT in 0.02s
    cube 3614.14 (depth 1, 32 lits): UNSAT in 0.01s
    cube 3614.15 (depth 1, 32 lits): UNSAT in 0.02s
    cube 3614.16 (depth 1, 32 lits): UNSAT in 0.02s
    cube 3614.17 (depth 1, 32 lits): UNSAT in 0.02s
    cube 3614.18 (depth 1, 32 lits): UNSAT in 0.01s
    cube 3614.19 (depth 1, 32 lits): UNSAT in 0.02s
    cube 3614.20 (depth 1, 32 lits): UNSAT in 0.02s
    cube 3614.21 (depth 1, 32 lits): UNSAT in 0.03s
    cube 3614.22 (depth 1, 32 lits): UNSAT in 0.01s
    cube 3614.23 (depth 1, 32 lits): UNSAT in 0.02s
    cube 3614.24 (depth 1, 32 lits): UNSAT in 0.14s
    cube 3614.25 (depth 1, 32 lits): UNSAT in 0.54s
    cube 3614.26 (depth 1, 30 lits): UNSAT in 0.01s
    cube 3614.27 (depth 1, 32 lits): UNSAT in 0.01s
    cube 3614.28 (depth 1, 32 lits): UNSAT in 0.02s
    cube 3614.29 (depth 1, 32 lits): UNSAT in 0.01s
    cube 3614.30 (depth 1, 32 lits): UNSAT in 0.02s
    cube 3614.31 (depth 1, 32 lits): UNSAT in 0.01s
    cube 3614.32 (depth 1, 32 lits): UNSAT in 0.02s
    cube 3614.33 (depth 1, 32 lits): UNSAT in 0.02s
    cube 3614.34 (depth 1, 32 lits): UNSAT in 0.02s
    cube 3614.35 (depth 1, 32 lits): UNSAT in 0.02s
    cube 3614.36 (depth 1, 32 lits): UNSAT in 0.03s
    cube 3614.37 (depth 1, 32 lits): UNSAT in 0.03s
    cube 3614.38 (depth 1, 32 lits): UNSAT in 0.02s
    cube 3614.39 (depth 1, 32 lits): UNSAT in 0.02s
    cube 3614.40 (depth 1, 32 lits): UNSAT in 0.02s
    cube 3614.41 (depth 1, 32 lits): UNSAT in 0.02s
    cube 3614.42 (depth 1, 32 lits): UNSAT in 0.02s
    cube 3614.43 (depth 1, 32 lits): UNSAT in 0.03s
    cube 3614.44 (depth 1, 32 lits): UNSAT in 0.09s
    cube 3614.45 (depth 1, 32 lits): UNSAT in 0.05s
    cube 3614.46 (depth 1, 32 lits): UNSAT in 0.41s
    cube 3614.47 (depth 1, 32 lits): UNSAT in 0.02s
    cube 3614.48 (depth 1, 32 lits): UNSAT in 0.06s
    cube 3614.49 (depth 1, 32 lits): UNSAT in 0.03s
    cube 3614.50 (depth 1, 32 lits): UNSAT in 0.13s
    cube 3614.51 (depth 1, 32 lits): UNSAT in 0.06s
    cube 3614.52 (depth 1, 32 lits): UNSAT in 0.13s
    cube 3614.53 (depth 1, 32 lits): UNSAT in 0.18s
    cube 3614.54 (depth 1, 32 lits): UNSAT in 1.58s
    cube 3614.55 (depth 1, 31 lits): UNSAT in 0.01s
    cube 3614.56 (depth 1, 31 lits): UNSAT in 0.02s
    cube 3614.57 (depth 1, 32 lits): UNSAT in 0.01s
    cube 3614.58 (depth 1, 32 lits): UNSAT in 0.01s
    cube 3614.59 (depth 1, 32 lits): UNSAT in 0.02s
    cube 3614.60 (depth 1, 32 lits): UNSAT in 0.02s
    cube 3614.61 (depth 1, 32 lits): UNSAT in 0.01s
    cube 3614.62 (depth 1, 32 lits): UNSAT in 0.02s
    cube 3614.63 (depth 1, 32 lits): UNSAT in 0.02s
    cube 3614.64 (depth 1, 32 lits): UNSAT in 0.03s
    cube 3614.65 (depth 1, 32 lits): UNSAT in 0.02s
    cube 3614.66 (depth 1, 32 lits): UNSAT in 0.03s
    cube 3614.67 (depth 1, 32 lits): UNSAT in 0.02s
    cube 3614.68 (depth 1, 32 lits): UNSAT in 0.08s
    cube 3614.69 (depth 1, 31 lits): UNSAT in 0.01s
    cube 3614.70 (depth 1, 32 lits): UNSAT in 0.02s
    cube 3614.71 (depth 1, 32 lits): UNSAT in 0.02s
    cube 3614.72 (depth 1, 32 lits): UNSAT in 0.02s
    cube 3614.73 (depth 1, 32 lits): UNSAT in 0.02s
    cube 3614.74 (depth 1, 32 lits): UNSAT in 0.02s
    cube 3614.75 (depth 1, 32 lits): UNSAT in 0.02s
    cube 3614.76 (depth 1, 32 lits): UNSAT in 0.02s
    cube 3614.77 (depth 1, 32 lits): UNSAT in 0.03s
    cube 3614.78 (depth 1, 32 lits): UNSAT in 0.03s
    cube 3614.79 (depth 1, 32 lits): UNSAT in 0.06s
    cube 3614.80 (depth 1, 32 lits): UNSAT in 0.02s
    cube 3614.81 (depth 1, 32 lits): UNSAT in 0.08s
    cube 3614.82 (depth 1, 32 lits): UNSAT in 0.13s
    cube 3614.83 (depth 1, 32 lits): UNSAT in 0.85s
    cube 3614.84 (depth 1, 32 lits): UNSAT in 0.01s
    cube 3614.85 (depth 1, 32 lits): UNSAT in 0.02s
    cube 3614.86 (depth 1, 32 lits): UNSAT in 0.01s
    cube 3614.87 (depth 1, 32 lits): UNSAT in 0.05s
    cube 3614.88 (depth 1, 32 lits): UNSAT in 0.02s
    cube 3614.89 (depth 1, 32 lits): UNSAT in 0.04s
    cube 3614.90 (depth 1, 32 lits): UNSAT in 0.04s
    cube 3614.91 (depth 1, 32 lits): UNSAT in 0.24s
    cube 3614.92 (depth 1, 32 lits): UNSAT in 0.01s
    cube 3614.93 (depth 1, 32 lits): UNSAT in 0.06s
    cube 3614.94 (depth 1, 32 lits): UNSAT in 0.04s
    cube 3614.95 (depth 1, 32 lits): UNSAT in 0.14s
    cube 3614.96 (depth 1, 32 lits): UNSAT in 0.15s
    cube 3614.97 (depth 1, 32 lits): UNSAT in 0.26s
    cube 3614.98 (depth 1, 32 lits): UNSAT in 0.13s
    cube 3614.99 (depth 1, 32 lits): UNSAT in 0.64s
    cube 3614.100 (depth 1, 32 lits): UNSAT in 0.02s
    cube 3614.101 (depth 1, 32 lits): UNSAT in 0.02s
    cube 3614.102 (depth 1, 32 lits): UNSAT in 0.02s
    cube 3614.103 (depth 1, 32 lits): UNSAT in 0.04s
    cube 3614.104 (depth 1, 32 lits): UNSAT in 0.03s
    cube 3614.105 (depth 1, 32 lits): UNSAT in 0.15s
    cube 3614.106 (depth 1, 32 lits): UNSAT in 0.13s
    cube 3614.107 (depth 1, 32 lits): UNSAT in 0.86s
    cube 3614.108 (depth 1, 32 lits): UNSAT in 0.10s
    cube 3614.109 (depth 1, 32 lits): UNSAT in 0.61s
    cube 3614.110 (depth 1, 32 lits): UNSAT in 0.17s
    cube 3614.111 (depth 1, 32 lits): UNSAT in 2.72s
    cube 3614.112 (depth 1, 32 lits): UNSAT in 0.31s
    cube 3614.113 (depth 1, 32 lits): UNSAT in 2.72s
    cube 3614.114 (depth 1, 32 lits): UNSAT in 3.88s
    cube 3614.115 (depth 1, 32 lits): UNSAT in 11.40s
    cube 3614.116 (depth 1, 31 lits): UNSAT in 0.02s
    cube 3614.117 (depth 1, 31 lits): UNSAT in 0.01s
    cube 3614.118 (depth 1, 32 lits): UNSAT in 0.01s
    cube 3614.119 (depth 1, 32 lits): UNSAT in 0.02s
    cube 3614.120 (depth 1, 32 lits): UNSAT in 0.02s
    cube 3614.121 (depth 1, 32 lits): UNSAT in 0.06s
    cube 3614.122 (depth 1, 32 lits): UNSAT in 0.02s
    cube 3614.123 (depth 1, 32 lits): UNSAT in 0.04s
    cube 3614.124 (depth 1, 32 lits): UNSAT in 0.02s
    cube 3614.125 (depth 1, 32 lits): UNSAT in 0.07s
    cube 3614.126 (depth 1, 32 lits): UNSAT in 0.02s
    cube 3614.127 (depth 1, 32 lits): UNSAT in 0.09s
    cube 3614.128 (depth 1, 32 lits): UNSAT in 0.11s
    cube 3614.129 (depth 1, 32 lits): UNSAT in 0.17s
    cube 3614.130 (depth 1, 30 lits): UNSAT in 0.02s
    cube 3614.131 (depth 1, 31 lits): UNSAT in 0.02s
    cube 3614.132 (depth 1, 32 lits): UNSAT in 0.01s
    cube 3614.133 (depth 1, 32 lits): UNSAT in 0.03s
    cube 3614.134 (depth 1, 32 lits): UNSAT in 0.01s
    cube 3614.135 (depth 1, 32 lits): UNSAT in 0.03s
    cube 3614.136 (depth 1, 32 lits): UNSAT in 0.03s
    cube 3614.137 (depth 1, 32 lits): UNSAT in 0.04s
    cube 3614.138 (depth 1, 32 lits): UNSAT in 0.09s
    cube 3614.139 (depth 1, 32 lits): UNSAT in 0.29s
    cube 3614.140 (depth 1, 32 lits): UNSAT in 0.14s
    cube 3614.141 (depth 1, 32 lits): UNSAT in 0.68s
    cube 3614.142 (depth 1, 31 lits): UNSAT in 0.02s
    cube 3614.143 (depth 1, 32 lits): UNSAT in 0.01s
    cube 3614.144 (depth 1, 32 lits): UNSAT in 0.02s
    cube 3614.145 (depth 1, 32 lits): UNSAT in 0.01s
    cube 3614.146 (depth 1, 32 lits): UNSAT in 0.04s
    cube 3614.147 (depth 1, 32 lits): UNSAT in 0.04s
    cube 3614.148 (depth 1, 32 lits): UNSAT in 0.05s
    cube 3614.149 (depth 1, 31 lits): UNSAT in 0.01s
    cube 3614.150 (depth 1, 32 lits): UNSAT in 0.03s
    cube 3614.151 (depth 1, 32 lits): UNSAT in 0.03s
    cube 3614.152 (depth 1, 32 lits): UNSAT in 0.02s
    cube 3614.153 (depth 1, 32 lits): UNSAT in 0.07s
    cube 3614.154 (depth 1, 32 lits): UNSAT in 0.03s
    cube 3614.155 (depth 1, 32 lits): UNSAT in 0.04s
    cube 3614.156 (depth 1, 32 lits): UNSAT in 0.02s
    cube 3614.157 (depth 1, 32 lits): UNSAT in 0.02s
    cube 3614.158 (depth 1, 32 lits): UNSAT in 0.04s
    cube 3614.159 (depth 1, 32 lits): UNSAT in 0.12s
    cube 3614.160 (depth 1, 32 lits): UNSAT in 0.04s
    cube 3614.161 (depth 1, 32 lits): UNSAT in 0.03s
    cube 3614.162 (depth 1, 32 lits): UNSAT in 0.04s
    cube 3614.163 (depth 1, 32 lits): UNSAT in 0.31s
    cube 3614.164 (depth 1, 32 lits): UNSAT in 0.02s
    cube 3614.165 (depth 1, 32 lits): UNSAT in 0.08s
    cube 3614.166 (depth 1, 32 lits): UNSAT in 0.08s
    cube 3614.167 (depth 1, 32 lits): UNSAT in 0.71s
    cube 3614.168 (depth 1, 32 lits): UNSAT in 0.16s
    cube 3614.169 (depth 1, 32 lits): UNSAT in 0.32s
    cube 3614.170 (depth 1, 32 lits): UNSAT in 0.61s
    cube 3614.171 (depth 1, 32 lits): UNSAT in 1.83s
    cube 3614.172 (depth 1, 32 lits): UNSAT in 0.01s
    cube 3614.173 (depth 1, 32 lits): UNSAT in 0.01s
    cube 3614.174 (depth 1, 32 lits): UNSAT in 0.01s
    cube 3614.175 (depth 1, 32 lits): UNSAT in 0.02s
    cube 3614.176 (depth 1, 32 lits): UNSAT in 0.01s
    cube 3614.177 (depth 1, 32 lits): UNSAT in 0.02s
    cube 3614.178 (depth 1, 32 lits): UNSAT in 0.03s
    cube 3614.179 (depth 1, 32 lits): UNSAT in 0.12s
    cube 3614.180 (depth 1, 32 lits): UNSAT in 0.02s
    cube 3614.181 (depth 1, 32 lits): UNSAT in 0.11s
    cube 3614.182 (depth 1, 32 lits): UNSAT in 0.04s
    cube 3614.183 (depth 1, 32 lits): UNSAT in 0.36s
    cube 3614.184 (depth 1, 32 lits): UNSAT in 0.03s
    cube 3614.185 (depth 1, 32 lits): UNSAT in 0.04s
    cube 3614.186 (depth 1, 32 lits): UNSAT in 0.32s
    cube 3614.187 (depth 1, 32 lits): UNSAT in 1.14s
    cube 3614.188 (depth 1, 32 lits): UNSAT in 0.02s
    cube 3614.189 (depth 1, 32 lits): UNSAT in 0.02s
    cube 3614.190 (depth 1, 32 lits): UNSAT in 0.05s
    cube 3614.191 (depth 1, 32 lits): UNSAT in 0.16s
    cube 3614.192 (depth 1, 32 lits): UNSAT in 0.03s
    cube 3614.193 (depth 1, 32 lits): UNSAT in 0.09s
    cube 3614.194 (depth 1, 32 lits): UNSAT in 0.11s
    cube 3614.195 (depth 1, 32 lits): UNSAT in 1.55s
    cube 3614.196 (depth 1, 32 lits): UNSAT in 0.29s
    cube 3614.197 (depth 1, 32 lits): UNSAT in 0.71s
    cube 3614.198 (depth 1, 32 lits): UNSAT in 0.12s
    cube 3614.199 (depth 1, 32 lits): UNSAT in 1.51s
    cube 3614.200 (depth 1, 32 lits): UNSAT in 1.35s
    cube 3614.201 (depth 1, 32 lits): UNSAT in 4.48s
    cube 3614.202 (depth 1, 32 lits): UNSAT in 6.86s
    cube 3614.203 (depth 1, 32 lits): UNSAT in 9.82s
    cube 3614.204 (depth 1, 32 lits): UNSAT in 0.04s
    cube 3614.205 (depth 1, 32 lits): UNSAT in 0.04s
    cube 3614.206 (depth 1, 32 lits): UNSAT in 0.16s
    cube 3614.207 (depth 1, 32 lits): UNSAT in 0.76s
    cube 3614.208 (depth 1, 32 lits): UNSAT in 0.08s
    cube 3614.209 (depth 1, 32 lits): UNSAT in 0.34s
    cube 3614.210 (depth 1, 32 lits): UNSAT in 0.33s
    cube 3614.211 (depth 1, 32 lits): UNSAT in 2.39s
    cube 3614.212 (depth 1, 32 lits): UNSAT in 0.03s
    cube 3614.213 (depth 1, 32 lits): UNSAT in 0.06s
    cube 3614.214 (depth 1, 32 lits): UNSAT in 0.06s
    cube 3614.215 (depth 1, 32 lits): UNSAT in 0.22s
    cube 3614.216 (depth 1, 32 lits): UNSAT in 0.15s
    cube 3614.217 (depth 1, 32 lits): UNSAT in 0.64s
    cube 3614.218 (depth 1, 32 lits): UNSAT in 0.77s
    cube 3614.219 (depth 1, 32 lits): UNSAT in 7.24s
    cube 3614.220 (depth 1, 32 lits): UNSAT in 0.04s
    cube 3614.221 (depth 1, 32 lits): UNSAT in 0.20s
    cube 3614.222 (depth 1, 32 lits): UNSAT in 0.13s
    cube 3614.223 (depth 1, 32 lits): UNSAT in 1.01s
    cube 3614.224 (depth 1, 32 lits): UNSAT in 0.13s
    cube 3614.225 (depth 1, 32 lits): UNSAT in 0.41s
    cube 3614.226 (depth 1, 32 lits): UNSAT in 2.03s
    cube 3614.227 (depth 1, 32 lits): UNSAT in 11.46s
    cube 3614.228 (depth 1, 32 lits): UNSAT in 1.00s
    cube 3614.229 (depth 1, 32 lits): UNSAT in 6.05s
    cube 3614.230 (depth 1, 32 lits): UNSAT in 2.59s
    cube 3614.231 (depth 1, 32 lits): UNSAT in 39.22s
    cube 3614.232 (depth 1, 32 lits): UNSAT in 2.55s
    cube 3614.233 (depth 1, 32 lits): UNSAT in 26.45s
    cube 3614.234 (depth 1, 32 lits): UNSAT in 25.80s
    cube 3614.235 (depth 1, 32 lits): UNSAT in 51.97s
    cube 3618 (depth 0, 24 lits): TIMEOUT in 600.10s
    cube 3618 TIMEOUT -> re-split into 250 sub-cubes (depth 1)
    cube 3618.0 (depth 1, 31 lits): UNSAT in 0.01s
    cube 3618.1 (depth 1, 32 lits): UNSAT in 0.01s
    cube 3618.2 (depth 1, 32 lits): UNSAT in 0.02s
    cube 3618.3 (depth 1, 32 lits): UNSAT in 0.01s
    cube 3618.4 (depth 1, 32 lits): UNSAT in 0.02s
    cube 3618.5 (depth 1, 32 lits): UNSAT in 0.01s
    cube 3618.6 (depth 1, 32 lits): UNSAT in 0.04s
    cube 3618.7 (depth 1, 31 lits): UNSAT in 0.02s
    cube 3618.8 (depth 1, 32 lits): UNSAT in 0.01s
    cube 3618.9 (depth 1, 32 lits): UNSAT in 0.02s
    cube 3618.10 (depth 1, 32 lits): UNSAT in 0.02s
    cube 3618.11 (depth 1, 32 lits): UNSAT in 0.03s
    cube 3618.12 (depth 1, 32 lits): UNSAT in 0.04s
    cube 3618.13 (depth 1, 32 lits): UNSAT in 0.11s
    cube 3618.14 (depth 1, 32 lits): UNSAT in 0.01s
    cube 3618.15 (depth 1, 32 lits): UNSAT in 0.02s
    cube 3618.16 (depth 1, 32 lits): UNSAT in 0.01s
    cube 3618.17 (depth 1, 32 lits): UNSAT in 0.03s
    cube 3618.18 (depth 1, 32 lits): UNSAT in 0.02s
    cube 3618.19 (depth 1, 32 lits): UNSAT in 0.02s
    cube 3618.20 (depth 1, 32 lits): UNSAT in 0.05s
    cube 3618.21 (depth 1, 32 lits): UNSAT in 0.10s
    cube 3618.22 (depth 1, 32 lits): UNSAT in 0.03s
    cube 3618.23 (depth 1, 32 lits): UNSAT in 0.04s
    cube 3618.24 (depth 1, 32 lits): UNSAT in 0.02s
    cube 3618.25 (depth 1, 32 lits): UNSAT in 0.20s
    cube 3618.26 (depth 1, 32 lits): UNSAT in 0.04s
    cube 3618.27 (depth 1, 32 lits): UNSAT in 0.11s
    cube 3618.28 (depth 1, 32 lits): UNSAT in 0.10s
    cube 3618.29 (depth 1, 32 lits): UNSAT in 0.83s
    cube 3618.30 (depth 1, 32 lits): UNSAT in 0.02s
    cube 3618.31 (depth 1, 32 lits): UNSAT in 0.02s
    cube 3618.32 (depth 1, 32 lits): UNSAT in 0.02s
    cube 3618.33 (depth 1, 32 lits): UNSAT in 0.05s
    cube 3618.34 (depth 1, 32 lits): UNSAT in 0.02s
    cube 3618.35 (depth 1, 32 lits): UNSAT in 0.02s
    cube 3618.36 (depth 1, 32 lits): UNSAT in 0.03s
    cube 3618.37 (depth 1, 32 lits): UNSAT in 0.09s
    cube 3618.38 (depth 1, 32 lits): UNSAT in 0.02s
    cube 3618.39 (depth 1, 32 lits): UNSAT in 0.03s
    cube 3618.40 (depth 1, 32 lits): UNSAT in 0.03s
    cube 3618.41 (depth 1, 32 lits): UNSAT in 0.04s
    cube 3618.42 (depth 1, 32 lits): UNSAT in 0.03s
    cube 3618.43 (depth 1, 32 lits): UNSAT in 0.05s
    cube 3618.44 (depth 1, 32 lits): UNSAT in 0.15s
    cube 3618.45 (depth 1, 32 lits): UNSAT in 0.20s
    cube 3618.46 (depth 1, 32 lits): UNSAT in 0.01s
    cube 3618.47 (depth 1, 32 lits): UNSAT in 0.02s
    cube 3618.48 (depth 1, 32 lits): UNSAT in 0.02s
    cube 3618.49 (depth 1, 32 lits): UNSAT in 0.04s
    cube 3618.50 (depth 1, 32 lits): UNSAT in 0.03s
    cube 3618.51 (depth 1, 32 lits): UNSAT in 0.03s
    cube 3618.52 (depth 1, 32 lits): UNSAT in 0.03s
    cube 3618.53 (depth 1, 32 lits): UNSAT in 0.19s
    cube 3618.54 (depth 1, 32 lits): UNSAT in 0.04s
    cube 3618.55 (depth 1, 32 lits): UNSAT in 0.07s
    cube 3618.56 (depth 1, 32 lits): UNSAT in 0.09s
    cube 3618.57 (depth 1, 32 lits): UNSAT in 0.14s
    cube 3618.58 (depth 1, 32 lits): UNSAT in 0.09s
    cube 3618.59 (depth 1, 32 lits): UNSAT in 0.26s
    cube 3618.60 (depth 1, 32 lits): UNSAT in 0.19s
    cube 3618.61 (depth 1, 32 lits): UNSAT in 0.99s
    cube 3618.62 (depth 1, 31 lits): UNSAT in 0.02s
    cube 3618.63 (depth 1, 32 lits): UNSAT in 0.02s
    cube 3618.64 (depth 1, 32 lits): UNSAT in 0.04s
    cube 3618.65 (depth 1, 32 lits): UNSAT in 0.02s
    cube 3618.66 (depth 1, 32 lits): UNSAT in 0.03s
    cube 3618.67 (depth 1, 32 lits): UNSAT in 0.02s
    cube 3618.68 (depth 1, 32 lits): UNSAT in 0.07s
    cube 3618.69 (depth 1, 32 lits): UNSAT in 0.02s
    cube 3618.70 (depth 1, 32 lits): UNSAT in 0.02s
    cube 3618.71 (depth 1, 32 lits): UNSAT in 0.04s
    cube 3618.72 (depth 1, 32 lits): UNSAT in 0.06s
    cube 3618.73 (depth 1, 32 lits): UNSAT in 0.03s
    cube 3618.74 (depth 1, 32 lits): UNSAT in 0.09s
    cube 3618.75 (depth 1, 32 lits): UNSAT in 0.13s
    cube 3618.76 (depth 1, 32 lits): UNSAT in 0.46s
    cube 3618.77 (depth 1, 32 lits): UNSAT in 0.04s
    cube 3618.78 (depth 1, 32 lits): UNSAT in 0.08s
    cube 3618.79 (depth 1, 32 lits): UNSAT in 0.15s
    cube 3618.80 (depth 1, 32 lits): UNSAT in 0.23s
    cube 3618.81 (depth 1, 32 lits): UNSAT in 0.03s
    cube 3618.82 (depth 1, 32 lits): UNSAT in 0.29s
    cube 3618.83 (depth 1, 32 lits): UNSAT in 0.20s
    cube 3618.84 (depth 1, 32 lits): UNSAT in 0.35s
    cube 3618.85 (depth 1, 32 lits): UNSAT in 0.03s
    cube 3618.86 (depth 1, 32 lits): UNSAT in 0.06s
    cube 3618.87 (depth 1, 32 lits): UNSAT in 0.03s
    cube 3618.88 (depth 1, 32 lits): UNSAT in 0.15s
    cube 3618.89 (depth 1, 32 lits): UNSAT in 0.28s
    cube 3618.90 (depth 1, 32 lits): UNSAT in 1.12s
    cube 3618.91 (depth 1, 32 lits): UNSAT in 0.40s
    cube 3618.92 (depth 1, 32 lits): UNSAT in 3.87s
    cube 3618.93 (depth 1, 32 lits): UNSAT in 0.01s
    cube 3618.94 (depth 1, 32 lits): UNSAT in 0.01s
    cube 3618.95 (depth 1, 32 lits): UNSAT in 0.02s
    cube 3618.96 (depth 1, 32 lits): UNSAT in 0.02s
    cube 3618.97 (depth 1, 32 lits): UNSAT in 0.02s
    cube 3618.98 (depth 1, 32 lits): UNSAT in 0.02s
    cube 3618.99 (depth 1, 32 lits): UNSAT in 0.01s
    cube 3618.100 (depth 1, 32 lits): UNSAT in 0.04s
    cube 3618.101 (depth 1, 32 lits): UNSAT in 0.03s
    cube 3618.102 (depth 1, 32 lits): UNSAT in 0.04s
    cube 3618.103 (depth 1, 32 lits): UNSAT in 0.05s
    cube 3618.104 (depth 1, 32 lits): UNSAT in 0.05s
    cube 3618.105 (depth 1, 32 lits): UNSAT in 0.03s
    cube 3618.106 (depth 1, 32 lits): UNSAT in 0.04s
    cube 3618.107 (depth 1, 32 lits): UNSAT in 0.17s
    cube 3618.108 (depth 1, 32 lits): UNSAT in 1.40s
    cube 3618.109 (depth 1, 32 lits): UNSAT in 0.02s
    cube 3618.110 (depth 1, 32 lits): UNSAT in 0.06s
    cube 3618.111 (depth 1, 32 lits): UNSAT in 0.04s
    cube 3618.112 (depth 1, 32 lits): UNSAT in 0.07s
    cube 3618.113 (depth 1, 32 lits): UNSAT in 0.04s
    cube 3618.114 (depth 1, 32 lits): UNSAT in 0.10s
    cube 3618.115 (depth 1, 32 lits): UNSAT in 0.17s
    cube 3618.116 (depth 1, 32 lits): UNSAT in 1.06s
    cube 3618.117 (depth 1, 32 lits): UNSAT in 0.04s
    cube 3618.118 (depth 1, 32 lits): UNSAT in 0.12s
    cube 3618.119 (depth 1, 32 lits): UNSAT in 0.24s
    cube 3618.120 (depth 1, 32 lits): UNSAT in 2.54s
    cube 3618.121 (depth 1, 32 lits): UNSAT in 0.12s
    cube 3618.122 (depth 1, 32 lits): UNSAT in 2.94s
    cube 3618.123 (depth 1, 32 lits): UNSAT in 3.03s
    cube 3618.124 (depth 1, 32 lits): UNSAT in 16.05s
    cube 3618.125 (depth 1, 31 lits): UNSAT in 0.02s
    cube 3618.126 (depth 1, 32 lits): UNSAT in 0.01s
    cube 3618.127 (depth 1, 32 lits): UNSAT in 0.01s
    cube 3618.128 (depth 1, 32 lits): UNSAT in 0.02s
    cube 3618.129 (depth 1, 32 lits): UNSAT in 0.01s
    cube 3618.130 (depth 1, 32 lits): UNSAT in 0.02s
    cube 3618.131 (depth 1, 32 lits): UNSAT in 0.02s
    cube 3618.132 (depth 1, 32 lits): UNSAT in 0.01s
    cube 3618.133 (depth 1, 32 lits): UNSAT in 0.03s
    cube 3618.134 (depth 1, 32 lits): UNSAT in 0.02s
    cube 3618.135 (depth 1, 32 lits): UNSAT in 0.09s
    cube 3618.136 (depth 1, 32 lits): UNSAT in 0.02s
    cube 3618.137 (depth 1, 32 lits): UNSAT in 0.06s
    cube 3618.138 (depth 1, 32 lits): UNSAT in 0.07s
    cube 3618.139 (depth 1, 32 lits): UNSAT in 0.12s
    cube 3618.140 (depth 1, 32 lits): UNSAT in 0.02s
    cube 3618.141 (depth 1, 32 lits): UNSAT in 0.02s
    cube 3618.142 (depth 1, 32 lits): UNSAT in 0.02s
    cube 3618.143 (depth 1, 32 lits): UNSAT in 0.04s
    cube 3618.144 (depth 1, 32 lits): UNSAT in 0.02s
    cube 3618.145 (depth 1, 32 lits): UNSAT in 0.04s
    cube 3618.146 (depth 1, 32 lits): UNSAT in 0.03s
    cube 3618.147 (depth 1, 32 lits): UNSAT in 0.08s
    cube 3618.148 (depth 1, 32 lits): UNSAT in 0.02s
    cube 3618.149 (depth 1, 32 lits): UNSAT in 0.03s
    cube 3618.150 (depth 1, 32 lits): UNSAT in 0.02s
    cube 3618.151 (depth 1, 32 lits): UNSAT in 0.12s
    cube 3618.152 (depth 1, 32 lits): UNSAT in 0.03s
    cube 3618.153 (depth 1, 32 lits): UNSAT in 0.17s
    cube 3618.154 (depth 1, 32 lits): UNSAT in 0.18s
    cube 3618.155 (depth 1, 32 lits): UNSAT in 1.82s
    cube 3618.156 (depth 1, 31 lits): UNSAT in 0.01s
    cube 3618.157 (depth 1, 32 lits): UNSAT in 0.01s
    cube 3618.158 (depth 1, 32 lits): UNSAT in 0.01s
    cube 3618.159 (depth 1, 31 lits): UNSAT in 0.02s
    cube 3618.160 (depth 1, 32 lits): UNSAT in 0.02s
    cube 3618.161 (depth 1, 32 lits): UNSAT in 0.02s
    cube 3618.162 (depth 1, 32 lits): UNSAT in 0.01s
    cube 3618.163 (depth 1, 32 lits): UNSAT in 0.04s
    cube 3618.164 (depth 1, 32 lits): UNSAT in 0.03s
    cube 3618.165 (depth 1, 32 lits): UNSAT in 0.07s
    cube 3618.166 (depth 1, 32 lits): UNSAT in 0.02s
    cube 3618.167 (depth 1, 32 lits): UNSAT in 0.07s
    cube 3618.168 (depth 1, 32 lits): UNSAT in 0.04s
    cube 3618.169 (depth 1, 32 lits): UNSAT in 0.19s
    cube 3618.170 (depth 1, 32 lits): UNSAT in 0.02s
    cube 3618.171 (depth 1, 32 lits): UNSAT in 0.05s
    cube 3618.172 (depth 1, 32 lits): UNSAT in 0.02s
    cube 3618.173 (depth 1, 32 lits): UNSAT in 0.03s
    cube 3618.174 (depth 1, 32 lits): UNSAT in 0.03s
    cube 3618.175 (depth 1, 32 lits): UNSAT in 0.06s
    cube 3618.176 (depth 1, 32 lits): UNSAT in 0.26s
    cube 3618.177 (depth 1, 32 lits): UNSAT in 0.27s
    cube 3618.178 (depth 1, 32 lits): UNSAT in 0.03s
    cube 3618.179 (depth 1, 32 lits): UNSAT in 0.13s
    cube 3618.180 (depth 1, 32 lits): UNSAT in 0.18s
    cube 3618.181 (depth 1, 32 lits): UNSAT in 0.19s
    cube 3618.182 (depth 1, 32 lits): UNSAT in 0.07s
    cube 3618.183 (depth 1, 32 lits): UNSAT in 0.56s
    cube 3618.184 (depth 1, 32 lits): UNSAT in 0.68s
    cube 3618.185 (depth 1, 32 lits): UNSAT in 2.22s
    cube 3618.186 (depth 1, 32 lits): UNSAT in 0.01s
    cube 3618.187 (depth 1, 32 lits): UNSAT in 0.02s
    cube 3618.188 (depth 1, 32 lits): UNSAT in 0.02s
    cube 3618.189 (depth 1, 32 lits): UNSAT in 0.03s
    cube 3618.190 (depth 1, 32 lits): UNSAT in 0.01s
    cube 3618.191 (depth 1, 32 lits): UNSAT in 0.02s
    cube 3618.192 (depth 1, 32 lits): UNSAT in 0.03s
    cube 3618.193 (depth 1, 32 lits): UNSAT in 0.07s
    cube 3618.194 (depth 1, 32 lits): UNSAT in 0.04s
    cube 3618.195 (depth 1, 32 lits): UNSAT in 0.05s
    cube 3618.196 (depth 1, 32 lits): UNSAT in 0.10s
    cube 3618.197 (depth 1, 32 lits): UNSAT in 0.20s
    cube 3618.198 (depth 1, 32 lits): UNSAT in 0.06s
    cube 3618.199 (depth 1, 32 lits): UNSAT in 0.19s
    cube 3618.200 (depth 1, 32 lits): UNSAT in 0.04s
    cube 3618.201 (depth 1, 32 lits): UNSAT in 0.88s
    cube 3618.202 (depth 1, 32 lits): UNSAT in 0.02s
    cube 3618.203 (depth 1, 32 lits): UNSAT in 0.04s
    cube 3618.204 (depth 1, 32 lits): UNSAT in 0.05s
    cube 3618.205 (depth 1, 32 lits): UNSAT in 0.12s
    cube 3618.206 (depth 1, 32 lits): UNSAT in 0.04s
    cube 3618.207 (depth 1, 32 lits): UNSAT in 0.07s
    cube 3618.208 (depth 1, 32 lits): UNSAT in 0.12s
    cube 3618.209 (depth 1, 32 lits): UNSAT in 0.61s
    cube 3618.210 (depth 1, 32 lits): UNSAT in 0.03s
    cube 3618.211 (depth 1, 32 lits): UNSAT in 0.10s
    cube 3618.212 (depth 1, 32 lits): UNSAT in 0.20s
    cube 3618.213 (depth 1, 32 lits): UNSAT in 0.53s
    cube 3618.214 (depth 1, 32 lits): UNSAT in 0.10s
    cube 3618.215 (depth 1, 32 lits): UNSAT in 0.51s
    cube 3618.216 (depth 1, 32 lits): UNSAT in 1.31s
    cube 3618.217 (depth 1, 32 lits): UNSAT in 8.95s
    cube 3618.218 (depth 1, 32 lits): UNSAT in 0.02s
    cube 3618.219 (depth 1, 32 lits): UNSAT in 0.02s
    cube 3618.220 (depth 1, 32 lits): UNSAT in 0.02s
    cube 3618.221 (depth 1, 32 lits): UNSAT in 0.05s
    cube 3618.222 (depth 1, 32 lits): UNSAT in 0.03s
    cube 3618.223 (depth 1, 32 lits): UNSAT in 0.07s
    cube 3618.224 (depth 1, 32 lits): UNSAT in 0.04s
    cube 3618.225 (depth 1, 32 lits): UNSAT in 0.09s
    cube 3618.226 (depth 1, 32 lits): UNSAT in 0.04s
    cube 3618.227 (depth 1, 32 lits): UNSAT in 0.07s
    cube 3618.228 (depth 1, 32 lits): UNSAT in 0.10s
    cube 3618.229 (depth 1, 32 lits): UNSAT in 0.35s
    cube 3618.230 (depth 1, 32 lits): UNSAT in 0.23s
    cube 3618.231 (depth 1, 32 lits): UNSAT in 0.06s
    cube 3618.232 (depth 1, 32 lits): UNSAT in 0.65s
    cube 3618.233 (depth 1, 32 lits): UNSAT in 2.46s
    cube 3618.234 (depth 1, 32 lits): UNSAT in 0.16s
    cube 3618.235 (depth 1, 32 lits): UNSAT in 0.22s
    cube 3618.236 (depth 1, 32 lits): UNSAT in 0.68s
    cube 3618.237 (depth 1, 32 lits): UNSAT in 4.63s
    cube 3618.238 (depth 1, 32 lits): UNSAT in 0.04s
    cube 3618.239 (depth 1, 32 lits): UNSAT in 0.23s
    cube 3618.240 (depth 1, 32 lits): UNSAT in 0.12s
    cube 3618.241 (depth 1, 32 lits): UNSAT in 2.20s
    cube 3618.242 (depth 1, 32 lits): UNSAT in 0.47s
    cube 3618.243 (depth 1, 32 lits): UNSAT in 7.93s
    cube 3618.244 (depth 1, 32 lits): UNSAT in 1.67s
    cube 3618.245 (depth 1, 32 lits): UNSAT in 10.55s
    cube 3618.246 (depth 1, 32 lits): UNSAT in 3.55s
    cube 3618.247 (depth 1, 32 lits): UNSAT in 3.61s
    cube 3618.248 (depth 1, 32 lits): UNSAT in 8.93s
    cube 3618.249 (depth 1, 32 lits): UNSAT in 95.04s
    cube 3622 (depth 0, 24 lits): TIMEOUT in 600.10s
    cube 3622 TIMEOUT -> re-split into 251 sub-cubes (depth 1)
    cube 3622.0 (depth 1, 30 lits): UNSAT in 0.01s
    cube 3622.1 (depth 1, 32 lits): UNSAT in 0.01s
    cube 3622.2 (depth 1, 32 lits): UNSAT in 0.02s
    cube 3622.3 (depth 1, 32 lits): UNSAT in 0.01s
    cube 3622.4 (depth 1, 32 lits): UNSAT in 0.02s
    cube 3622.5 (depth 1, 32 lits): UNSAT in 0.01s
    cube 3622.6 (depth 1, 32 lits): UNSAT in 0.02s
    cube 3622.7 (depth 1, 32 lits): UNSAT in 0.01s
    cube 3622.8 (depth 1, 32 lits): UNSAT in 0.02s
    cube 3622.9 (depth 1, 31 lits): UNSAT in 0.02s
    cube 3622.10 (depth 1, 31 lits): UNSAT in 0.01s
    cube 3622.11 (depth 1, 32 lits): UNSAT in 0.02s
    cube 3622.12 (depth 1, 32 lits): UNSAT in 0.03s
    cube 3622.13 (depth 1, 32 lits): UNSAT in 0.08s
    cube 3622.14 (depth 1, 32 lits): UNSAT in 0.06s
    cube 3622.15 (depth 1, 32 lits): UNSAT in 0.02s
    cube 3622.16 (depth 1, 32 lits): UNSAT in 0.10s
    cube 3622.17 (depth 1, 32 lits): UNSAT in 0.12s
    cube 3622.18 (depth 1, 32 lits): UNSAT in 0.11s
    cube 3622.19 (depth 1, 32 lits): UNSAT in 0.03s
    cube 3622.20 (depth 1, 32 lits): UNSAT in 0.05s
    cube 3622.21 (depth 1, 32 lits): UNSAT in 0.03s
    cube 3622.22 (depth 1, 32 lits): UNSAT in 0.07s
    cube 3622.23 (depth 1, 32 lits): UNSAT in 0.06s
    cube 3622.24 (depth 1, 32 lits): UNSAT in 0.11s
    cube 3622.25 (depth 1, 32 lits): UNSAT in 0.15s
    cube 3622.26 (depth 1, 32 lits): UNSAT in 0.08s
    cube 3622.27 (depth 1, 32 lits): UNSAT in 0.02s
    cube 3622.28 (depth 1, 32 lits): UNSAT in 0.02s
    cube 3622.29 (depth 1, 32 lits): UNSAT in 0.01s
    cube 3622.30 (depth 1, 32 lits): UNSAT in 0.04s
    cube 3622.31 (depth 1, 32 lits): UNSAT in 0.02s
    cube 3622.32 (depth 1, 32 lits): UNSAT in 0.04s
    cube 3622.33 (depth 1, 32 lits): UNSAT in 0.03s
    cube 3622.34 (depth 1, 32 lits): UNSAT in 0.14s
    cube 3622.35 (depth 1, 32 lits): UNSAT in 0.02s
    cube 3622.36 (depth 1, 32 lits): UNSAT in 0.05s
    cube 3622.37 (depth 1, 32 lits): UNSAT in 0.05s
    cube 3622.38 (depth 1, 32 lits): UNSAT in 0.19s
    cube 3622.39 (depth 1, 32 lits): UNSAT in 0.02s
    cube 3622.40 (depth 1, 32 lits): UNSAT in 0.04s
    cube 3622.41 (depth 1, 32 lits): UNSAT in 0.06s
    cube 3622.42 (depth 1, 32 lits): UNSAT in 0.56s
    cube 3622.43 (depth 1, 32 lits): UNSAT in 0.02s
    cube 3622.44 (depth 1, 32 lits): UNSAT in 0.04s
    cube 3622.45 (depth 1, 32 lits): UNSAT in 0.04s
    cube 3622.46 (depth 1, 32 lits): UNSAT in 0.10s
    cube 3622.47 (depth 1, 32 lits): UNSAT in 0.03s
    cube 3622.48 (depth 1, 32 lits): UNSAT in 0.24s
    cube 3622.49 (depth 1, 32 lits): UNSAT in 0.18s
    cube 3622.50 (depth 1, 32 lits): UNSAT in 0.41s
    cube 3622.51 (depth 1, 32 lits): UNSAT in 0.18s
    cube 3622.52 (depth 1, 32 lits): UNSAT in 0.29s
    cube 3622.53 (depth 1, 32 lits): UNSAT in 0.20s
    cube 3622.54 (depth 1, 32 lits): UNSAT in 0.71s
    cube 3622.55 (depth 1, 32 lits): UNSAT in 0.16s
    cube 3622.56 (depth 1, 32 lits): UNSAT in 0.43s
    cube 3622.57 (depth 1, 32 lits): UNSAT in 2.07s
    cube 3622.58 (depth 1, 32 lits): UNSAT in 4.10s
    cube 3622.59 (depth 1, 32 lits): UNSAT in 0.01s
    cube 3622.60 (depth 1, 32 lits): UNSAT in 0.02s
    cube 3622.61 (depth 1, 32 lits): UNSAT in 0.02s
    cube 3622.62 (depth 1, 32 lits): UNSAT in 0.03s
    cube 3622.63 (depth 1, 32 lits): UNSAT in 0.02s
    cube 3622.64 (depth 1, 32 lits): UNSAT in 0.06s
    cube 3622.65 (depth 1, 32 lits): UNSAT in 0.04s
    cube 3622.66 (depth 1, 32 lits): UNSAT in 0.09s
    cube 3622.67 (depth 1, 32 lits): UNSAT in 0.02s
    cube 3622.68 (depth 1, 32 lits): UNSAT in 0.01s
    cube 3622.69 (depth 1, 32 lits): UNSAT in 0.02s
    cube 3622.70 (depth 1, 32 lits): UNSAT in 0.04s
    cube 3622.71 (depth 1, 32 lits): UNSAT in 0.04s
    cube 3622.72 (depth 1, 32 lits): UNSAT in 0.07s
    cube 3622.73 (depth 1, 32 lits): UNSAT in 0.03s
    cube 3622.74 (depth 1, 32 lits): UNSAT in 0.26s
    cube 3622.75 (depth 1, 32 lits): UNSAT in 0.04s
    cube 3622.76 (depth 1, 32 lits): UNSAT in 0.07s
    cube 3622.77 (depth 1, 32 lits): UNSAT in 0.04s
    cube 3622.78 (depth 1, 32 lits): UNSAT in 0.13s
    cube 3622.79 (depth 1, 32 lits): UNSAT in 0.05s
    cube 3622.80 (depth 1, 32 lits): UNSAT in 0.41s
    cube 3622.81 (depth 1, 32 lits): UNSAT in 0.07s
    cube 3622.82 (depth 1, 32 lits): UNSAT in 0.55s
    cube 3622.83 (depth 1, 32 lits): UNSAT in 0.02s
    cube 3622.84 (depth 1, 32 lits): UNSAT in 0.07s
    cube 3622.85 (depth 1, 32 lits): UNSAT in 0.09s
    cube 3622.86 (depth 1, 32 lits): UNSAT in 0.21s
    cube 3622.87 (depth 1, 32 lits): UNSAT in 0.13s
    cube 3622.88 (depth 1, 32 lits): UNSAT in 0.21s
    cube 3622.89 (depth 1, 32 lits): UNSAT in 0.41s
    cube 3622.90 (depth 1, 32 lits): UNSAT in 0.93s
    cube 3622.91 (depth 1, 32 lits): UNSAT in 0.04s
    cube 3622.92 (depth 1, 32 lits): UNSAT in 0.04s
    cube 3622.93 (depth 1, 32 lits): UNSAT in 0.13s
    cube 3622.94 (depth 1, 32 lits): UNSAT in 0.18s
    cube 3622.95 (depth 1, 32 lits): UNSAT in 0.02s
    cube 3622.96 (depth 1, 32 lits): UNSAT in 0.04s
    cube 3622.97 (depth 1, 32 lits): UNSAT in 0.16s
    cube 3622.98 (depth 1, 32 lits): UNSAT in 0.66s
    cube 3622.99 (depth 1, 32 lits): UNSAT in 0.08s
    cube 3622.100 (depth 1, 32 lits): UNSAT in 0.32s
    cube 3622.101 (depth 1, 32 lits): UNSAT in 0.29s
    cube 3622.102 (depth 1, 32 lits): UNSAT in 0.76s
    cube 3622.103 (depth 1, 32 lits): UNSAT in 0.11s
    cube 3622.104 (depth 1, 32 lits): UNSAT in 0.32s
    cube 3622.105 (depth 1, 32 lits): UNSAT in 0.51s
    cube 3622.106 (depth 1, 32 lits): UNSAT in 4.44s
    cube 3622.107 (depth 1, 32 lits): UNSAT in 0.07s
    cube 3622.108 (depth 1, 32 lits): UNSAT in 0.34s
    cube 3622.109 (depth 1, 32 lits): UNSAT in 0.04s
    cube 3622.110 (depth 1, 32 lits): UNSAT in 0.50s
    cube 3622.111 (depth 1, 32 lits): UNSAT in 0.07s
    cube 3622.112 (depth 1, 32 lits): UNSAT in 1.03s
    cube 3622.113 (depth 1, 32 lits): UNSAT in 0.11s
    cube 3622.114 (depth 1, 32 lits): UNSAT in 0.77s
    cube 3622.115 (depth 1, 32 lits): UNSAT in 0.16s
    cube 3622.116 (depth 1, 32 lits): UNSAT in 0.60s
    cube 3622.117 (depth 1, 32 lits): UNSAT in 0.76s
    cube 3622.118 (depth 1, 32 lits): UNSAT in 2.97s
    cube 3622.119 (depth 1, 32 lits): UNSAT in 0.31s
    cube 3622.120 (depth 1, 32 lits): UNSAT in 3.14s
    cube 3622.121 (depth 1, 32 lits): UNSAT in 4.04s
    cube 3622.122 (depth 1, 32 lits): UNSAT in 34.84s
    cube 3622.123 (depth 1, 32 lits): UNSAT in 0.02s
    cube 3622.124 (depth 1, 32 lits): UNSAT in 0.02s
    cube 3622.125 (depth 1, 32 lits): UNSAT in 0.08s
    cube 3622.126 (depth 1, 32 lits): UNSAT in 0.17s
    cube 3622.127 (depth 1, 32 lits): UNSAT in 0.04s
    cube 3622.128 (depth 1, 32 lits): UNSAT in 0.09s
    cube 3622.129 (depth 1, 32 lits): UNSAT in 0.03s
    cube 3622.130 (depth 1, 32 lits): UNSAT in 0.05s
    cube 3622.131 (depth 1, 32 lits): UNSAT in 0.02s
    cube 3622.132 (depth 1, 32 lits): UNSAT in 0.03s
    cube 3622.133 (depth 1, 32 lits): UNSAT in 0.04s
    cube 3622.134 (depth 1, 32 lits): UNSAT in 0.54s
    cube 3622.135 (depth 1, 32 lits): UNSAT in 0.02s
    cube 3622.136 (depth 1, 32 lits): UNSAT in 0.08s
    cube 3622.137 (depth 1, 32 lits): UNSAT in 0.23s
    cube 3622.138 (depth 1, 32 lits): UNSAT in 0.27s
    cube 3622.139 (depth 1, 32 lits): UNSAT in 0.03s
    cube 3622.140 (depth 1, 32 lits): UNSAT in 0.07s
    cube 3622.141 (depth 1, 32 lits): UNSAT in 0.02s
    cube 3622.142 (depth 1, 32 lits): UNSAT in 0.08s
    cube 3622.143 (depth 1, 32 lits): UNSAT in 0.05s
    cube 3622.144 (depth 1, 32 lits): UNSAT in 0.05s
    cube 3622.145 (depth 1, 32 lits): UNSAT in 0.06s
    cube 3622.146 (depth 1, 32 lits): UNSAT in 0.54s
    cube 3622.147 (depth 1, 32 lits): UNSAT in 0.06s
    cube 3622.148 (depth 1, 32 lits): UNSAT in 0.08s
    cube 3622.149 (depth 1, 32 lits): UNSAT in 0.05s
    cube 3622.150 (depth 1, 32 lits): UNSAT in 0.50s
    cube 3622.151 (depth 1, 32 lits): UNSAT in 0.10s
    cube 3622.152 (depth 1, 32 lits): UNSAT in 0.18s
    cube 3622.153 (depth 1, 32 lits): UNSAT in 0.68s
    cube 3622.154 (depth 1, 32 lits): UNSAT in 4.02s
    cube 3622.155 (depth 1, 32 lits): UNSAT in 0.06s
    cube 3622.156 (depth 1, 32 lits): UNSAT in 0.19s
    cube 3622.157 (depth 1, 32 lits): UNSAT in 0.16s
    cube 3622.158 (depth 1, 32 lits): UNSAT in 0.90s
    cube 3622.159 (depth 1, 32 lits): UNSAT in 0.08s
    cube 3622.160 (depth 1, 32 lits): UNSAT in 0.22s
    cube 3622.161 (depth 1, 32 lits): UNSAT in 0.45s
    cube 3622.162 (depth 1, 32 lits): UNSAT in 1.00s
    cube 3622.163 (depth 1, 32 lits): UNSAT in 0.08s
    cube 3622.164 (depth 1, 32 lits): UNSAT in 0.09s
    cube 3622.165 (depth 1, 32 lits): UNSAT in 0.24s
    cube 3622.166 (depth 1, 32 lits): UNSAT in 0.51s
    cube 3622.167 (depth 1, 32 lits): UNSAT in 0.22s
    cube 3622.168 (depth 1, 32 lits): UNSAT in 2.00s
    cube 3622.169 (depth 1, 32 lits): UNSAT in 1.55s
    cube 3622.170 (depth 1, 32 lits): UNSAT in 6.29s
    cube 3622.171 (depth 1, 32 lits): UNSAT in 0.10s
    cube 3622.172 (depth 1, 32 lits): UNSAT in 0.13s
    cube 3622.173 (depth 1, 32 lits): UNSAT in 0.18s
    cube 3622.174 (depth 1, 32 lits): UNSAT in 0.54s
    cube 3622.175 (depth 1, 32 lits): UNSAT in 0.10s
    cube 3622.176 (depth 1, 32 lits): UNSAT in 0.34s
    cube 3622.177 (depth 1, 32 lits): UNSAT in 0.70s
    cube 3622.178 (depth 1, 32 lits): UNSAT in 3.78s
    cube 3622.179 (depth 1, 32 lits): UNSAT in 0.16s
    cube 3622.180 (depth 1, 32 lits): UNSAT in 0.66s
    cube 3622.181 (depth 1, 32 lits): UNSAT in 0.53s
    cube 3622.182 (depth 1, 32 lits): UNSAT in 2.89s
    cube 3622.183 (depth 1, 32 lits): UNSAT in 0.68s
    cube 3622.184 (depth 1, 32 lits): UNSAT in 1.58s
    cube 3622.185 (depth 1, 32 lits): UNSAT in 26.11s
    cube 3622.186 (depth 1, 32 lits): UNSAT in 15.67s
    cube 3622.187 (depth 1, 32 lits): UNSAT in 0.02s
    cube 3622.188 (depth 1, 32 lits): UNSAT in 0.02s
    cube 3622.189 (depth 1, 32 lits): UNSAT in 0.04s
    cube 3622.190 (depth 1, 32 lits): UNSAT in 0.05s
    cube 3622.191 (depth 1, 32 lits): UNSAT in 0.02s
    cube 3622.192 (depth 1, 32 lits): UNSAT in 0.09s
    cube 3622.193 (depth 1, 32 lits): UNSAT in 0.10s
    cube 3622.194 (depth 1, 32 lits): UNSAT in 0.26s
    cube 3622.195 (depth 1, 32 lits): UNSAT in 0.10s
    cube 3622.196 (depth 1, 32 lits): UNSAT in 0.63s
    cube 3622.197 (depth 1, 32 lits): UNSAT in 0.03s
    cube 3622.198 (depth 1, 32 lits): UNSAT in 0.15s
    cube 3622.199 (depth 1, 32 lits): UNSAT in 0.13s
    cube 3622.200 (depth 1, 32 lits): UNSAT in 0.10s
    cube 3622.201 (depth 1, 32 lits): UNSAT in 0.34s
    cube 3622.202 (depth 1, 32 lits): UNSAT in 0.87s
    cube 3622.203 (depth 1, 32 lits): UNSAT in 0.03s
    cube 3622.204 (depth 1, 32 lits): UNSAT in 0.03s
    cube 3622.205 (depth 1, 32 lits): UNSAT in 0.05s
    cube 3622.206 (depth 1, 32 lits): UNSAT in 0.26s
    cube 3622.207 (depth 1, 32 lits): UNSAT in 0.04s
    cube 3622.208 (depth 1, 32 lits): UNSAT in 0.13s
    cube 3622.209 (depth 1, 32 lits): UNSAT in 0.08s
    cube 3622.210 (depth 1, 32 lits): UNSAT in 0.47s
    cube 3622.211 (depth 1, 32 lits): UNSAT in 0.20s
    cube 3622.212 (depth 1, 32 lits): UNSAT in 1.81s
    cube 3622.213 (depth 1, 32 lits): UNSAT in 0.37s
    cube 3622.214 (depth 1, 32 lits): UNSAT in 1.45s
    cube 3622.215 (depth 1, 32 lits): UNSAT in 0.21s
    cube 3622.216 (depth 1, 32 lits): UNSAT in 2.38s
    cube 3622.217 (depth 1, 32 lits): UNSAT in 3.70s
    cube 3622.218 (depth 1, 32 lits): UNSAT in 11.26s
    cube 3622.219 (depth 1, 32 lits): UNSAT in 0.04s
    cube 3622.220 (depth 1, 32 lits): UNSAT in 0.12s
    cube 3622.221 (depth 1, 32 lits): UNSAT in 0.19s
    cube 3622.222 (depth 1, 32 lits): UNSAT in 1.09s
    cube 3622.223 (depth 1, 32 lits): UNSAT in 0.21s
    cube 3622.224 (depth 1, 32 lits): UNSAT in 1.52s
    cube 3622.225 (depth 1, 32 lits): UNSAT in 2.85s
    cube 3622.226 (depth 1, 32 lits): UNSAT in 5.57s
    cube 3622.227 (depth 1, 32 lits): UNSAT in 0.05s
    cube 3622.228 (depth 1, 32 lits): UNSAT in 0.39s
    cube 3622.229 (depth 1, 32 lits): UNSAT in 0.23s
    cube 3622.230 (depth 1, 32 lits): UNSAT in 2.60s
    cube 3622.231 (depth 1, 32 lits): UNSAT in 0.38s
    cube 3622.232 (depth 1, 32 lits): UNSAT in 1.64s
    cube 3622.233 (depth 1, 32 lits): UNSAT in 4.09s
    cube 3622.234 (depth 1, 32 lits): UNSAT in 8.22s
    cube 3622.235 (depth 1, 32 lits): UNSAT in 0.25s
    cube 3622.236 (depth 1, 32 lits): UNSAT in 1.65s
    cube 3622.237 (depth 1, 32 lits): UNSAT in 2.41s
    cube 3622.238 (depth 1, 32 lits): UNSAT in 4.05s
    cube 3622.239 (depth 1, 32 lits): UNSAT in 0.45s
    cube 3622.240 (depth 1, 32 lits): UNSAT in 4.86s
    cube 3622.241 (depth 1, 32 lits): UNSAT in 1.85s
    cube 3622.242 (depth 1, 32 lits): UNSAT in 14.59s
    cube 3622.243 (depth 1, 32 lits): UNSAT in 0.71s
    cube 3622.244 (depth 1, 32 lits): UNSAT in 3.34s
    cube 3622.245 (depth 1, 32 lits): UNSAT in 4.66s
    cube 3622.246 (depth 1, 32 lits): UNSAT in 21.00s
    cube 3622.247 (depth 1, 32 lits): UNSAT in 0.60s
    cube 3622.248 (depth 1, 32 lits): UNSAT in 9.93s
    cube 3622.249 (depth 1, 32 lits): UNSAT in 2.71s
    cube 3622.250 (depth 1, 32 lits): UNSAT in 31.69s
    cube 3626 (depth 0, 24 lits): UNSAT in 1.99s
    cube 3630 (depth 0, 24 lits): UNSAT in 49.66s
    cube 3634 (depth 0, 24 lits): UNSAT in 12.95s
    cube 3638 (depth 0, 24 lits): UNSAT in 201.24s
    cube 3642 (depth 0, 24 lits): UNSAT in 15.21s
    cube 3646 (depth 0, 24 lits): UNSAT in 46.58s
    cube 3650 (depth 0, 24 lits): TIMEOUT in 600.10s
    cube 3650 TIMEOUT -> re-split into 236 sub-cubes (depth 1)
    cube 3650.0 (depth 1, 31 lits): UNSAT in 0.02s
    cube 3650.1 (depth 1, 31 lits): UNSAT in 0.02s
    cube 3650.2 (depth 1, 32 lits): UNSAT in 0.01s
    cube 3650.3 (depth 1, 32 lits): UNSAT in 0.01s
    cube 3650.4 (depth 1, 31 lits): UNSAT in 0.02s
    cube 3650.5 (depth 1, 29 lits): UNSAT in 0.02s
    cube 3650.6 (depth 1, 30 lits): UNSAT in 0.02s
    cube 3650.7 (depth 1, 31 lits): UNSAT in 0.01s
    cube 3650.8 (depth 1, 31 lits): UNSAT in 0.03s
    cube 3650.9 (depth 1, 32 lits): UNSAT in 0.01s
    cube 3650.10 (depth 1, 32 lits): UNSAT in 0.01s
    cube 3650.11 (depth 1, 32 lits): UNSAT in 0.02s
    cube 3650.12 (depth 1, 32 lits): UNSAT in 0.02s
    cube 3650.13 (depth 1, 32 lits): UNSAT in 0.02s
    cube 3650.14 (depth 1, 32 lits): UNSAT in 0.06s
    cube 3650.15 (depth 1, 32 lits): UNSAT in 0.05s
    cube 3650.16 (depth 1, 32 lits): UNSAT in 0.16s
    cube 3650.17 (depth 1, 31 lits): UNSAT in 0.01s
    cube 3650.18 (depth 1, 32 lits): UNSAT in 0.01s
    cube 3650.19 (depth 1, 32 lits): UNSAT in 0.02s
    cube 3650.20 (depth 1, 31 lits): UNSAT in 0.01s
    cube 3650.21 (depth 1, 32 lits): UNSAT in 0.02s
    cube 3650.22 (depth 1, 32 lits): UNSAT in 0.02s
    cube 3650.23 (depth 1, 31 lits): UNSAT in 0.01s
    cube 3650.24 (depth 1, 32 lits): UNSAT in 0.01s
    cube 3650.25 (depth 1, 32 lits): UNSAT in 0.01s
    cube 3650.26 (depth 1, 32 lits): UNSAT in 0.02s
    cube 3650.27 (depth 1, 32 lits): UNSAT in 0.02s
    cube 3650.28 (depth 1, 32 lits): UNSAT in 0.02s
    cube 3650.29 (depth 1, 32 lits): UNSAT in 0.02s
    cube 3650.30 (depth 1, 32 lits): UNSAT in 0.01s
    cube 3650.31 (depth 1, 32 lits): UNSAT in 0.01s
    cube 3650.32 (depth 1, 32 lits): UNSAT in 0.01s
    cube 3650.33 (depth 1, 32 lits): UNSAT in 0.02s
    cube 3650.34 (depth 1, 32 lits): UNSAT in 0.02s
    cube 3650.35 (depth 1, 32 lits): UNSAT in 0.08s
    cube 3650.36 (depth 1, 32 lits): UNSAT in 0.08s
    cube 3650.37 (depth 1, 32 lits): UNSAT in 0.07s
    cube 3650.38 (depth 1, 32 lits): UNSAT in 0.02s
    cube 3650.39 (depth 1, 32 lits): UNSAT in 0.06s
    cube 3650.40 (depth 1, 32 lits): UNSAT in 0.04s
    cube 3650.41 (depth 1, 32 lits): UNSAT in 0.26s
    cube 3650.42 (depth 1, 32 lits): UNSAT in 0.05s
    cube 3650.43 (depth 1, 32 lits): UNSAT in 0.11s
    cube 3650.44 (depth 1, 32 lits): UNSAT in 0.16s
    cube 3650.45 (depth 1, 32 lits): UNSAT in 0.70s
    cube 3650.46 (depth 1, 31 lits): UNSAT in 0.01s
    cube 3650.47 (depth 1, 31 lits): UNSAT in 0.01s
    cube 3650.48 (depth 1, 32 lits): UNSAT in 0.01s
    cube 3650.49 (depth 1, 32 lits): UNSAT in 0.02s
    cube 3650.50 (depth 1, 32 lits): UNSAT in 0.02s
    cube 3650.51 (depth 1, 32 lits): UNSAT in 0.02s
    cube 3650.52 (depth 1, 32 lits): UNSAT in 0.01s
    cube 3650.53 (depth 1, 32 lits): UNSAT in 0.02s
    cube 3650.54 (depth 1, 32 lits): UNSAT in 0.01s
    cube 3650.55 (depth 1, 32 lits): UNSAT in 0.04s
    cube 3650.56 (depth 1, 32 lits): UNSAT in 0.02s
    cube 3650.57 (depth 1, 32 lits): UNSAT in 0.04s
    cube 3650.58 (depth 1, 32 lits): UNSAT in 0.09s
    cube 3650.59 (depth 1, 32 lits): UNSAT in 0.22s
    cube 3650.60 (depth 1, 32 lits): UNSAT in 0.01s
    cube 3650.61 (depth 1, 32 lits): UNSAT in 0.02s
    cube 3650.62 (depth 1, 32 lits): UNSAT in 0.03s
    cube 3650.63 (depth 1, 32 lits): UNSAT in 0.20s
    cube 3650.64 (depth 1, 32 lits): UNSAT in 0.02s
    cube 3650.65 (depth 1, 32 lits): UNSAT in 0.02s
    cube 3650.66 (depth 1, 32 lits): UNSAT in 0.12s
    cube 3650.67 (depth 1, 32 lits): UNSAT in 0.42s
    cube 3650.68 (depth 1, 32 lits): UNSAT in 0.02s
    cube 3650.69 (depth 1, 32 lits): UNSAT in 0.03s
    cube 3650.70 (depth 1, 32 lits): UNSAT in 0.04s
    cube 3650.71 (depth 1, 32 lits): UNSAT in 0.13s
    cube 3650.72 (depth 1, 32 lits): UNSAT in 0.10s
    cube 3650.73 (depth 1, 32 lits): UNSAT in 0.18s
    cube 3650.74 (depth 1, 32 lits): UNSAT in 0.54s
    cube 3650.75 (depth 1, 32 lits): UNSAT in 1.83s
    cube 3650.76 (depth 1, 32 lits): UNSAT in 0.01s
    cube 3650.77 (depth 1, 32 lits): UNSAT in 0.03s
    cube 3650.78 (depth 1, 32 lits): UNSAT in 0.02s
    cube 3650.79 (depth 1, 32 lits): UNSAT in 0.02s
    cube 3650.80 (depth 1, 32 lits): UNSAT in 0.02s
    cube 3650.81 (depth 1, 32 lits): UNSAT in 0.04s
    cube 3650.82 (depth 1, 32 lits): UNSAT in 0.04s
    cube 3650.83 (depth 1, 32 lits): UNSAT in 0.46s
    cube 3650.84 (depth 1, 32 lits): UNSAT in 0.02s
    cube 3650.85 (depth 1, 32 lits): UNSAT in 0.04s
    cube 3650.86 (depth 1, 32 lits): UNSAT in 0.06s
    cube 3650.87 (depth 1, 32 lits): UNSAT in 0.15s
    cube 3650.88 (depth 1, 32 lits): UNSAT in 0.12s
    cube 3650.89 (depth 1, 32 lits): UNSAT in 0.29s
    cube 3650.90 (depth 1, 32 lits): UNSAT in 0.86s
    cube 3650.91 (depth 1, 32 lits): UNSAT in 2.94s
    cube 3650.92 (depth 1, 32 lits): UNSAT in 0.03s
    cube 3650.93 (depth 1, 32 lits): UNSAT in 0.03s
    cube 3650.94 (depth 1, 32 lits): UNSAT in 0.07s
    cube 3650.95 (depth 1, 32 lits): UNSAT in 0.71s
    cube 3650.96 (depth 1, 32 lits): UNSAT in 0.06s
    cube 3650.97 (depth 1, 32 lits): UNSAT in 0.18s
    cube 3650.98 (depth 1, 32 lits): UNSAT in 0.47s
    cube 3650.99 (depth 1, 32 lits): UNSAT in 3.40s
    cube 3650.100 (depth 1, 32 lits): UNSAT in 0.04s
    cube 3650.101 (depth 1, 32 lits): UNSAT in 0.75s
    cube 3650.102 (depth 1, 32 lits): UNSAT in 0.37s
    cube 3650.103 (depth 1, 32 lits): UNSAT in 4.96s
    cube 3650.104 (depth 1, 32 lits): UNSAT in 0.99s
    cube 3650.105 (depth 1, 32 lits): UNSAT in 4.92s
    cube 3650.106 (depth 1, 32 lits): UNSAT in 0.95s
    cube 3650.107 (depth 1, 32 lits): UNSAT in 4.90s
    cube 3650.108 (depth 1, 32 lits): UNSAT in 0.01s
    cube 3650.109 (depth 1, 32 lits): UNSAT in 0.02s
    cube 3650.110 (depth 1, 32 lits): UNSAT in 0.02s
    cube 3650.111 (depth 1, 32 lits): UNSAT in 0.02s
    cube 3650.112 (depth 1, 32 lits): UNSAT in 0.02s
    cube 3650.113 (depth 1, 32 lits): UNSAT in 0.02s
    cube 3650.114 (depth 1, 32 lits): UNSAT in 0.02s
    cube 3650.115 (depth 1, 32 lits): UNSAT in 0.02s
    cube 3650.116 (depth 1, 32 lits): UNSAT in 0.02s
    cube 3650.117 (depth 1, 32 lits): UNSAT in 0.03s
    cube 3650.118 (depth 1, 32 lits): UNSAT in 0.07s
    cube 3650.119 (depth 1, 32 lits): UNSAT in 0.18s
    cube 3650.120 (depth 1, 32 lits): UNSAT in 0.06s
    cube 3650.121 (depth 1, 32 lits): UNSAT in 0.14s
    cube 3650.122 (depth 1, 32 lits): UNSAT in 0.12s
    cube 3650.123 (depth 1, 32 lits): UNSAT in 0.16s
    cube 3650.124 (depth 1, 32 lits): UNSAT in 0.02s
    cube 3650.125 (depth 1, 32 lits): UNSAT in 0.03s
    cube 3650.126 (depth 1, 32 lits): UNSAT in 0.07s
    cube 3650.127 (depth 1, 32 lits): UNSAT in 0.11s
    cube 3650.128 (depth 1, 32 lits): UNSAT in 0.03s
    cube 3650.129 (depth 1, 32 lits): UNSAT in 0.35s
    cube 3650.130 (depth 1, 32 lits): UNSAT in 0.40s
    cube 3650.131 (depth 1, 32 lits): UNSAT in 0.43s
    cube 3650.132 (depth 1, 32 lits): UNSAT in 0.04s
    cube 3650.133 (depth 1, 32 lits): UNSAT in 0.16s
    cube 3650.134 (depth 1, 32 lits): UNSAT in 0.03s
    cube 3650.135 (depth 1, 32 lits): UNSAT in 0.26s
    cube 3650.136 (depth 1, 32 lits): UNSAT in 0.19s
    cube 3650.137 (depth 1, 32 lits): UNSAT in 0.25s
    cube 3650.138 (depth 1, 32 lits): UNSAT in 0.66s
    cube 3650.139 (depth 1, 32 lits): UNSAT in 3.29s
    cube 3650.140 (depth 1, 32 lits): UNSAT in 0.02s
    cube 3650.141 (depth 1, 32 lits): UNSAT in 0.02s
    cube 3650.142 (depth 1, 32 lits): UNSAT in 0.02s
    cube 3650.143 (depth 1, 32 lits): UNSAT in 0.02s
    cube 3650.144 (depth 1, 32 lits): UNSAT in 0.01s
    cube 3650.145 (depth 1, 32 lits): UNSAT in 0.03s
    cube 3650.146 (depth 1, 32 lits): UNSAT in 0.04s
    cube 3650.147 (depth 1, 32 lits): UNSAT in 0.08s
    cube 3650.148 (depth 1, 32 lits): UNSAT in 0.04s
    cube 3650.149 (depth 1, 32 lits): UNSAT in 0.04s
    cube 3650.150 (depth 1, 32 lits): UNSAT in 0.08s
    cube 3650.151 (depth 1, 32 lits): UNSAT in 0.08s
    cube 3650.152 (depth 1, 32 lits): UNSAT in 0.03s
    cube 3650.153 (depth 1, 32 lits): UNSAT in 0.06s
    cube 3650.154 (depth 1, 32 lits): UNSAT in 0.06s
    cube 3650.155 (depth 1, 32 lits): UNSAT in 0.19s
    cube 3650.156 (depth 1, 32 lits): UNSAT in 0.02s
    cube 3650.157 (depth 1, 32 lits): UNSAT in 0.06s
    cube 3650.158 (depth 1, 32 lits): UNSAT in 0.04s
    cube 3650.159 (depth 1, 32 lits): UNSAT in 0.19s
    cube 3650.160 (depth 1, 32 lits): UNSAT in 0.07s
    cube 3650.161 (depth 1, 32 lits): UNSAT in 0.16s
    cube 3650.162 (depth 1, 32 lits): UNSAT in 0.19s
    cube 3650.163 (depth 1, 32 lits): UNSAT in 0.95s
    cube 3650.164 (depth 1, 32 lits): UNSAT in 0.05s
    cube 3650.165 (depth 1, 32 lits): UNSAT in 0.11s
    cube 3650.166 (depth 1, 32 lits): UNSAT in 0.39s
    cube 3650.167 (depth 1, 32 lits): UNSAT in 0.96s
    cube 3650.168 (depth 1, 32 lits): UNSAT in 0.14s
    cube 3650.169 (depth 1, 32 lits): UNSAT in 1.34s
    cube 3650.170 (depth 1, 32 lits): UNSAT in 1.26s
    cube 3650.171 (depth 1, 32 lits): UNSAT in 8.32s
    cube 3650.172 (depth 1, 32 lits): UNSAT in 0.01s
    cube 3650.173 (depth 1, 32 lits): UNSAT in 0.04s
    cube 3650.174 (depth 1, 32 lits): UNSAT in 0.02s
    cube 3650.175 (depth 1, 32 lits): UNSAT in 0.06s
    cube 3650.176 (depth 1, 32 lits): UNSAT in 0.12s
    cube 3650.177 (depth 1, 32 lits): UNSAT in 0.58s
    cube 3650.178 (depth 1, 32 lits): UNSAT in 0.88s
    cube 3650.179 (depth 1, 32 lits): UNSAT in 2.36s
    cube 3650.180 (depth 1, 32 lits): UNSAT in 0.04s
    cube 3650.181 (depth 1, 32 lits): UNSAT in 0.04s
    cube 3650.182 (depth 1, 32 lits): UNSAT in 0.02s
    cube 3650.183 (depth 1, 32 lits): UNSAT in 0.39s
    cube 3650.184 (depth 1, 32 lits): UNSAT in 0.04s
    cube 3650.185 (depth 1, 32 lits): UNSAT in 0.64s
    cube 3650.186 (depth 1, 32 lits): UNSAT in 0.68s
    cube 3650.187 (depth 1, 32 lits): UNSAT in 5.49s
    cube 3650.188 (depth 1, 32 lits): UNSAT in 0.03s
    cube 3650.189 (depth 1, 32 lits): UNSAT in 0.04s
    cube 3650.190 (depth 1, 32 lits): UNSAT in 0.06s
    cube 3650.191 (depth 1, 32 lits): UNSAT in 0.08s
    cube 3650.192 (depth 1, 32 lits): UNSAT in 0.04s
    cube 3650.193 (depth 1, 32 lits): UNSAT in 0.13s
    cube 3650.194 (depth 1, 32 lits): UNSAT in 0.08s
    cube 3650.195 (depth 1, 32 lits): UNSAT in 0.28s
    cube 3650.196 (depth 1, 32 lits): UNSAT in 0.05s
    cube 3650.197 (depth 1, 32 lits): UNSAT in 0.16s
    cube 3650.198 (depth 1, 32 lits): UNSAT in 0.22s
    cube 3650.199 (depth 1, 32 lits): UNSAT in 1.32s
    cube 3650.200 (depth 1, 32 lits): UNSAT in 0.13s
    cube 3650.201 (depth 1, 32 lits): UNSAT in 0.89s
    cube 3650.202 (depth 1, 32 lits): UNSAT in 2.14s
    cube 3650.203 (depth 1, 32 lits): UNSAT in 10.50s
    cube 3650.204 (depth 1, 32 lits): UNSAT in 0.01s
    cube 3650.205 (depth 1, 32 lits): UNSAT in 0.04s
    cube 3650.206 (depth 1, 32 lits): UNSAT in 0.02s
    cube 3650.207 (depth 1, 32 lits): UNSAT in 0.11s
    cube 3650.208 (depth 1, 32 lits): UNSAT in 0.11s
    cube 3650.209 (depth 1, 32 lits): UNSAT in 0.19s
    cube 3650.210 (depth 1, 32 lits): UNSAT in 0.07s
    cube 3650.211 (depth 1, 32 lits): UNSAT in 1.29s
    cube 3650.212 (depth 1, 32 lits): UNSAT in 0.04s
    cube 3650.213 (depth 1, 32 lits): UNSAT in 0.27s
    cube 3650.214 (depth 1, 32 lits): UNSAT in 0.08s
    cube 3650.215 (depth 1, 32 lits): UNSAT in 2.02s
    cube 3650.216 (depth 1, 32 lits): UNSAT in 0.49s
    cube 3650.217 (depth 1, 32 lits): UNSAT in 2.59s
    cube 3650.218 (depth 1, 32 lits): UNSAT in 0.35s
    cube 3650.219 (depth 1, 32 lits): UNSAT in 3.04s
    cube 3650.220 (depth 1, 32 lits): UNSAT in 0.14s
    cube 3650.221 (depth 1, 32 lits): UNSAT in 1.01s
    cube 3650.222 (depth 1, 32 lits): UNSAT in 1.23s
    cube 3650.223 (depth 1, 32 lits): UNSAT in 1.68s
    cube 3650.224 (depth 1, 32 lits): UNSAT in 0.61s
    cube 3650.225 (depth 1, 32 lits): UNSAT in 3.86s
    cube 3650.226 (depth 1, 32 lits): UNSAT in 4.45s
    cube 3650.227 (depth 1, 32 lits): UNSAT in 7.51s
    cube 3650.228 (depth 1, 32 lits): UNSAT in 1.04s
    cube 3650.229 (depth 1, 32 lits): UNSAT in 3.05s
    cube 3650.230 (depth 1, 32 lits): UNSAT in 8.20s
    cube 3650.231 (depth 1, 32 lits): UNSAT in 12.86s
    cube 3650.232 (depth 1, 32 lits): UNSAT in 15.11s
    cube 3650.233 (depth 1, 32 lits): UNSAT in 18.16s
    cube 3650.234 (depth 1, 32 lits): UNSAT in 46.28s
    cube 3650.235 (depth 1, 32 lits): UNSAT in 52.17s
    cube 3654 (depth 0, 24 lits): TIMEOUT in 600.07s
    cube 3654 TIMEOUT -> re-split into 252 sub-cubes (depth 1)
    cube 3654.0 (depth 1, 31 lits): UNSAT in 0.02s
    cube 3654.1 (depth 1, 31 lits): UNSAT in 0.02s
    cube 3654.2 (depth 1, 32 lits): UNSAT in 0.02s
    cube 3654.3 (depth 1, 32 lits): UNSAT in 0.03s
    cube 3654.4 (depth 1, 32 lits): UNSAT in 0.03s
    cube 3654.5 (depth 1, 32 lits): UNSAT in 0.04s
    cube 3654.6 (depth 1, 31 lits): UNSAT in 0.02s
    cube 3654.7 (depth 1, 32 lits): UNSAT in 0.02s
    cube 3654.8 (depth 1, 32 lits): UNSAT in 0.02s
    cube 3654.9 (depth 1, 32 lits): UNSAT in 0.03s
    cube 3654.10 (depth 1, 32 lits): UNSAT in 0.11s
    cube 3654.11 (depth 1, 32 lits): UNSAT in 0.04s
    cube 3654.12 (depth 1, 32 lits): UNSAT in 0.10s
    cube 3654.13 (depth 1, 32 lits): UNSAT in 0.03s
    cube 3654.14 (depth 1, 32 lits): UNSAT in 0.02s
    cube 3654.15 (depth 1, 32 lits): UNSAT in 0.02s
    cube 3654.16 (depth 1, 32 lits): UNSAT in 0.04s
    cube 3654.17 (depth 1, 32 lits): UNSAT in 0.03s
    cube 3654.18 (depth 1, 32 lits): UNSAT in 0.02s
    cube 3654.19 (depth 1, 32 lits): UNSAT in 0.03s
    cube 3654.20 (depth 1, 32 lits): UNSAT in 0.11s
    cube 3654.21 (depth 1, 32 lits): UNSAT in 0.02s
    cube 3654.22 (depth 1, 32 lits): UNSAT in 0.02s
    cube 3654.23 (depth 1, 32 lits): UNSAT in 0.04s
    cube 3654.24 (depth 1, 32 lits): UNSAT in 0.12s
    cube 3654.25 (depth 1, 32 lits): UNSAT in 0.04s
    cube 3654.26 (depth 1, 32 lits): UNSAT in 0.40s
    cube 3654.27 (depth 1, 32 lits): UNSAT in 0.21s
    cube 3654.28 (depth 1, 32 lits): UNSAT in 0.20s
    cube 3654.29 (depth 1, 32 lits): UNSAT in 0.02s
    cube 3654.30 (depth 1, 32 lits): UNSAT in 0.02s
    cube 3654.31 (depth 1, 32 lits): UNSAT in 0.03s
    cube 3654.32 (depth 1, 32 lits): UNSAT in 0.12s
    cube 3654.33 (depth 1, 32 lits): UNSAT in 0.04s
    cube 3654.34 (depth 1, 32 lits): UNSAT in 0.14s
    cube 3654.35 (depth 1, 32 lits): UNSAT in 0.15s
    cube 3654.36 (depth 1, 32 lits): UNSAT in 0.44s
    cube 3654.37 (depth 1, 32 lits): UNSAT in 0.05s
    cube 3654.38 (depth 1, 32 lits): UNSAT in 0.10s
    cube 3654.39 (depth 1, 32 lits): UNSAT in 0.07s
    cube 3654.40 (depth 1, 32 lits): UNSAT in 0.16s
    cube 3654.41 (depth 1, 32 lits): UNSAT in 0.05s
    cube 3654.42 (depth 1, 32 lits): UNSAT in 0.13s
    cube 3654.43 (depth 1, 32 lits): UNSAT in 0.21s
    cube 3654.44 (depth 1, 32 lits): UNSAT in 0.47s
    cube 3654.45 (depth 1, 32 lits): UNSAT in 0.03s
    cube 3654.46 (depth 1, 32 lits): UNSAT in 0.11s
    cube 3654.47 (depth 1, 32 lits): UNSAT in 0.12s
    cube 3654.48 (depth 1, 32 lits): UNSAT in 0.25s
    cube 3654.49 (depth 1, 32 lits): UNSAT in 0.05s
    cube 3654.50 (depth 1, 32 lits): UNSAT in 0.15s
    cube 3654.51 (depth 1, 32 lits): UNSAT in 0.32s
    cube 3654.52 (depth 1, 32 lits): UNSAT in 0.68s
    cube 3654.53 (depth 1, 32 lits): UNSAT in 0.09s
    cube 3654.54 (depth 1, 32 lits): UNSAT in 0.26s
    cube 3654.55 (depth 1, 32 lits): UNSAT in 0.23s
    cube 3654.56 (depth 1, 32 lits): UNSAT in 0.97s
    cube 3654.57 (depth 1, 32 lits): UNSAT in 0.34s
    cube 3654.58 (depth 1, 32 lits): UNSAT in 1.48s
    cube 3654.59 (depth 1, 32 lits): UNSAT in 0.66s
    cube 3654.60 (depth 1, 32 lits): UNSAT in 4.81s
    cube 3654.61 (depth 1, 31 lits): UNSAT in 0.02s
    cube 3654.62 (depth 1, 32 lits): UNSAT in 0.02s
    cube 3654.63 (depth 1, 32 lits): UNSAT in 0.04s
    cube 3654.64 (depth 1, 32 lits): UNSAT in 0.02s
    cube 3654.65 (depth 1, 32 lits): UNSAT in 0.04s
    cube 3654.66 (depth 1, 32 lits): UNSAT in 0.03s
    cube 3654.67 (depth 1, 32 lits): UNSAT in 0.07s
    cube 3654.68 (depth 1, 32 lits): UNSAT in 0.03s
    cube 3654.69 (depth 1, 32 lits): UNSAT in 0.05s
    cube 3654.70 (depth 1, 32 lits): UNSAT in 0.04s
    cube 3654.71 (depth 1, 32 lits): UNSAT in 0.09s
    cube 3654.72 (depth 1, 32 lits): UNSAT in 0.05s
    cube 3654.73 (depth 1, 32 lits): UNSAT in 0.10s
    cube 3654.74 (depth 1, 32 lits): UNSAT in 0.15s
    cube 3654.75 (depth 1, 32 lits): UNSAT in 0.32s
    cube 3654.76 (depth 1, 32 lits): UNSAT in 0.02s
    cube 3654.77 (depth 1, 32 lits): UNSAT in 0.04s
    cube 3654.78 (depth 1, 32 lits): UNSAT in 0.05s
    cube 3654.79 (depth 1, 32 lits): UNSAT in 0.04s
    cube 3654.80 (depth 1, 32 lits): UNSAT in 0.06s
    cube 3654.81 (depth 1, 32 lits): UNSAT in 0.09s
    cube 3654.82 (depth 1, 32 lits): UNSAT in 0.07s
    cube 3654.83 (depth 1, 32 lits): UNSAT in 0.32s
    cube 3654.84 (depth 1, 32 lits): UNSAT in 0.08s
    cube 3654.85 (depth 1, 32 lits): UNSAT in 0.10s
    cube 3654.86 (depth 1, 32 lits): UNSAT in 0.10s
    cube 3654.87 (depth 1, 32 lits): UNSAT in 0.15s
    cube 3654.88 (depth 1, 32 lits): UNSAT in 0.07s
    cube 3654.89 (depth 1, 32 lits): UNSAT in 0.11s
    cube 3654.90 (depth 1, 32 lits): UNSAT in 0.32s
    cube 3654.91 (depth 1, 32 lits): UNSAT in 0.47s
    cube 3654.92 (depth 1, 32 lits): UNSAT in 0.02s
    cube 3654.93 (depth 1, 32 lits): UNSAT in 0.03s
    cube 3654.94 (depth 1, 32 lits): UNSAT in 0.18s
    cube 3654.95 (depth 1, 32 lits): UNSAT in 0.54s
    cube 3654.96 (depth 1, 32 lits): UNSAT in 0.14s
    cube 3654.97 (depth 1, 32 lits): UNSAT in 0.30s
    cube 3654.98 (depth 1, 32 lits): UNSAT in 0.27s
    cube 3654.99 (depth 1, 32 lits): UNSAT in 0.83s
    cube 3654.100 (depth 1, 32 lits): UNSAT in 0.04s
    cube 3654.101 (depth 1, 32 lits): UNSAT in 0.12s
    cube 3654.102 (depth 1, 32 lits): UNSAT in 0.06s
    cube 3654.103 (depth 1, 32 lits): UNSAT in 0.32s
    cube 3654.104 (depth 1, 32 lits): UNSAT in 0.18s
    cube 3654.105 (depth 1, 32 lits): UNSAT in 1.87s
    cube 3654.106 (depth 1, 32 lits): UNSAT in 1.39s
    cube 3654.107 (depth 1, 32 lits): UNSAT in 1.65s
    cube 3654.108 (depth 1, 32 lits): UNSAT in 0.10s
    cube 3654.109 (depth 1, 32 lits): UNSAT in 0.29s
    cube 3654.110 (depth 1, 32 lits): UNSAT in 0.40s
    cube 3654.111 (depth 1, 32 lits): UNSAT in 2.03s
    cube 3654.112 (depth 1, 32 lits): UNSAT in 0.29s
    cube 3654.113 (depth 1, 32 lits): UNSAT in 1.20s
    cube 3654.114 (depth 1, 32 lits): UNSAT in 0.55s
    cube 3654.115 (depth 1, 32 lits): UNSAT in 4.81s
    cube 3654.116 (depth 1, 32 lits): UNSAT in 0.78s
    cube 3654.117 (depth 1, 32 lits): UNSAT in 3.14s
    cube 3654.118 (depth 1, 32 lits): UNSAT in 2.85s
    cube 3654.119 (depth 1, 32 lits): UNSAT in 23.62s
    cube 3654.120 (depth 1, 32 lits): UNSAT in 2.90s
    cube 3654.121 (depth 1, 32 lits): UNSAT in 18.66s
    cube 3654.122 (depth 1, 32 lits): UNSAT in 3.91s
    cube 3654.123 (depth 1, 32 lits): UNSAT in 28.70s
    cube 3654.124 (depth 1, 32 lits): UNSAT in 0.03s
    cube 3654.125 (depth 1, 32 lits): UNSAT in 0.04s
    cube 3654.126 (depth 1, 32 lits): UNSAT in 0.04s
    cube 3654.127 (depth 1, 32 lits): UNSAT in 0.22s
    cube 3654.128 (depth 1, 32 lits): UNSAT in 0.05s
    cube 3654.129 (depth 1, 32 lits): UNSAT in 0.09s
    cube 3654.130 (depth 1, 32 lits): UNSAT in 0.13s
    cube 3654.131 (depth 1, 32 lits): UNSAT in 0.43s
    cube 3654.132 (depth 1, 32 lits): UNSAT in 0.04s
    cube 3654.133 (depth 1, 32 lits): UNSAT in 0.07s
    cube 3654.134 (depth 1, 32 lits): UNSAT in 0.13s
    cube 3654.135 (depth 1, 32 lits): UNSAT in 0.14s
    cube 3654.136 (depth 1, 32 lits): UNSAT in 0.06s
    cube 3654.137 (depth 1, 32 lits): UNSAT in 0.06s
    cube 3654.138 (depth 1, 32 lits): UNSAT in 0.15s
    cube 3654.139 (depth 1, 32 lits): UNSAT in 0.67s
    cube 3654.140 (depth 1, 32 lits): UNSAT in 0.02s
    cube 3654.141 (depth 1, 32 lits): UNSAT in 0.10s
    cube 3654.142 (depth 1, 32 lits): UNSAT in 0.10s
    cube 3654.143 (depth 1, 32 lits): UNSAT in 0.53s
    cube 3654.144 (depth 1, 32 lits): UNSAT in 0.05s
    cube 3654.145 (depth 1, 32 lits): UNSAT in 0.11s
    cube 3654.146 (depth 1, 32 lits): UNSAT in 0.31s
    cube 3654.147 (depth 1, 32 lits): UNSAT in 1.69s
    cube 3654.148 (depth 1, 32 lits): UNSAT in 0.06s
    cube 3654.149 (depth 1, 32 lits): UNSAT in 0.14s
    cube 3654.150 (depth 1, 32 lits): UNSAT in 0.23s
    cube 3654.151 (depth 1, 32 lits): UNSAT in 0.38s
    cube 3654.152 (depth 1, 32 lits): UNSAT in 0.15s
    cube 3654.153 (depth 1, 32 lits): UNSAT in 0.87s
    cube 3654.154 (depth 1, 32 lits): UNSAT in 1.46s
    cube 3654.155 (depth 1, 32 lits): UNSAT in 4.94s
    cube 3654.156 (depth 1, 32 lits): UNSAT in 0.04s
    cube 3654.157 (depth 1, 32 lits): UNSAT in 0.09s
    cube 3654.158 (depth 1, 32 lits): UNSAT in 0.12s
    cube 3654.159 (depth 1, 32 lits): UNSAT in 0.09s
    cube 3654.160 (depth 1, 32 lits): UNSAT in 0.20s
    cube 3654.161 (depth 1, 32 lits): UNSAT in 0.15s
    cube 3654.162 (depth 1, 32 lits): UNSAT in 0.57s
    cube 3654.163 (depth 1, 32 lits): UNSAT in 3.30s
    cube 3654.164 (depth 1, 32 lits): UNSAT in 0.10s
    cube 3654.165 (depth 1, 32 lits): UNSAT in 0.14s
    cube 3654.166 (depth 1, 32 lits): UNSAT in 0.44s
    cube 3654.167 (depth 1, 32 lits): UNSAT in 3.63s
    cube 3654.168 (depth 1, 32 lits): UNSAT in 0.87s
    cube 3654.169 (depth 1, 32 lits): UNSAT in 5.41s
    cube 3654.170 (depth 1, 32 lits): UNSAT in 10.72s
    cube 3654.171 (depth 1, 32 lits): UNSAT in 34.55s
    cube 3654.172 (depth 1, 32 lits): UNSAT in 0.05s
    cube 3654.173 (depth 1, 32 lits): UNSAT in 0.10s
    cube 3654.174 (depth 1, 32 lits): UNSAT in 0.53s
    cube 3654.175 (depth 1, 32 lits): UNSAT in 0.96s
    cube 3654.176 (depth 1, 32 lits): UNSAT in 0.35s
    cube 3654.177 (depth 1, 32 lits): UNSAT in 0.36s
    cube 3654.178 (depth 1, 32 lits): UNSAT in 0.57s
    cube 3654.179 (depth 1, 32 lits): UNSAT in 4.33s
    cube 3654.180 (depth 1, 32 lits): UNSAT in 0.18s
    cube 3654.181 (depth 1, 32 lits): UNSAT in 0.86s
    cube 3654.182 (depth 1, 32 lits): UNSAT in 3.21s
    cube 3654.183 (depth 1, 32 lits): UNSAT in 7.36s
    cube 3654.184 (depth 1, 32 lits): UNSAT in 0.67s
    cube 3654.185 (depth 1, 32 lits): UNSAT in 2.01s
    cube 3654.186 (depth 1, 32 lits): UNSAT in 3.67s
    cube 3654.187 (depth 1, 32 lits): UNSAT in 75.21s
    cube 3654.188 (depth 1, 32 lits): UNSAT in 0.10s
    cube 3654.189 (depth 1, 32 lits): UNSAT in 0.26s
    cube 3654.190 (depth 1, 32 lits): UNSAT in 0.18s
    cube 3654.191 (depth 1, 32 lits): UNSAT in 0.69s
    cube 3654.192 (depth 1, 32 lits): UNSAT in 0.58s
    cube 3654.193 (depth 1, 32 lits): UNSAT in 1.20s
    cube 3654.194 (depth 1, 32 lits): UNSAT in 0.84s
    cube 3654.195 (depth 1, 32 lits): UNSAT in 4.61s
    cube 3654.196 (depth 1, 32 lits): UNSAT in 0.09s
    cube 3654.197 (depth 1, 32 lits): UNSAT in 0.16s
    cube 3654.198 (depth 1, 32 lits): UNSAT in 0.43s
    cube 3654.199 (depth 1, 32 lits): UNSAT in 2.03s
    cube 3654.200 (depth 1, 32 lits): UNSAT in 0.22s
    cube 3654.201 (depth 1, 32 lits): UNSAT in 1.77s
    cube 3654.202 (depth 1, 32 lits): UNSAT in 3.48s
    cube 3654.203 (depth 1, 32 lits): UNSAT in 14.99s
    cube 3654.204 (depth 1, 32 lits): UNSAT in 0.10s
    cube 3654.205 (depth 1, 32 lits): UNSAT in 0.79s
    cube 3654.206 (depth 1, 32 lits): UNSAT in 0.48s
    cube 3654.207 (depth 1, 32 lits): UNSAT in 1.11s
    cube 3654.208 (depth 1, 32 lits): UNSAT in 0.53s
    cube 3654.209 (depth 1, 32 lits): UNSAT in 1.04s
    cube 3654.210 (depth 1, 32 lits): UNSAT in 1.32s
    cube 3654.211 (depth 1, 32 lits): UNSAT in 1.54s
    cube 3654.212 (depth 1, 32 lits): UNSAT in 0.38s
    cube 3654.213 (depth 1, 32 lits): UNSAT in 0.99s
    cube 3654.214 (depth 1, 32 lits): UNSAT in 1.37s
    cube 3654.215 (depth 1, 32 lits): UNSAT in 4.61s
    cube 3654.216 (depth 1, 32 lits): UNSAT in 0.85s
    cube 3654.217 (depth 1, 32 lits): UNSAT in 3.64s
    cube 3654.218 (depth 1, 32 lits): UNSAT in 10.16s
    cube 3654.219 (depth 1, 32 lits): UNSAT in 46.81s
    cube 3654.220 (depth 1, 32 lits): UNSAT in 0.05s
    cube 3654.221 (depth 1, 32 lits): UNSAT in 0.12s
    cube 3654.222 (depth 1, 32 lits): UNSAT in 0.12s
    cube 3654.223 (depth 1, 32 lits): UNSAT in 1.71s
    cube 3654.224 (depth 1, 32 lits): UNSAT in 0.26s
    cube 3654.225 (depth 1, 32 lits): UNSAT in 2.21s
    cube 3654.226 (depth 1, 32 lits): UNSAT in 1.43s
    cube 3654.227 (depth 1, 32 lits): UNSAT in 13.13s
    cube 3654.228 (depth 1, 32 lits): UNSAT in 1.65s
    cube 3654.229 (depth 1, 32 lits): UNSAT in 2.95s
    cube 3654.230 (depth 1, 32 lits): UNSAT in 3.24s
    cube 3654.231 (depth 1, 32 lits): UNSAT in 14.08s
    cube 3654.232 (depth 1, 32 lits): UNSAT in 1.87s
    cube 3654.233 (depth 1, 32 lits): UNSAT in 14.83s
    cube 3654.234 (depth 1, 32 lits): UNSAT in 14.74s
    cube 3654.235 (depth 1, 32 lits): UNSAT in 284.17s
    cube 3654.236 (depth 1, 32 lits): UNSAT in 0.22s
    cube 3654.237 (depth 1, 32 lits): UNSAT in 0.90s
    cube 3654.238 (depth 1, 32 lits): UNSAT in 0.50s
    cube 3654.239 (depth 1, 32 lits): UNSAT in 2.05s
    cube 3654.240 (depth 1, 32 lits): UNSAT in 0.18s
    cube 3654.241 (depth 1, 32 lits): UNSAT in 2.19s
    cube 3654.242 (depth 1, 32 lits): UNSAT in 1.54s
    cube 3654.243 (depth 1, 32 lits): UNSAT in 8.17s
    cube 3654.244 (depth 1, 32 lits): UNSAT in 0.32s
    cube 3654.245 (depth 1, 32 lits): UNSAT in 0.19s
    cube 3654.246 (depth 1, 32 lits): UNSAT in 1.17s
    cube 3654.247 (depth 1, 32 lits): UNSAT in 2.36s
    cube 3654.248 (depth 1, 32 lits): UNSAT in 1.43s
    cube 3654.249 (depth 1, 32 lits): UNSAT in 4.06s
    cube 3654.250 (depth 1, 32 lits): UNSAT in 1.35s
    cube 3654.251 (depth 1, 32 lits): UNSAT in 16.36s
    cube 3658 (depth 0, 24 lits): UNSAT in 31.97s
    cube 3662 (depth 0, 24 lits): TIMEOUT in 600.09s
    cube 3662 TIMEOUT -> re-split into 231 sub-cubes (depth 1)
    cube 3662.0 (depth 1, 30 lits): UNSAT in 0.01s
    cube 3662.1 (depth 1, 30 lits): UNSAT in 0.02s
    cube 3662.2 (depth 1, 29 lits): UNSAT in 0.01s
    cube 3662.3 (depth 1, 32 lits): UNSAT in 0.02s
    cube 3662.4 (depth 1, 32 lits): UNSAT in 0.02s
    cube 3662.5 (depth 1, 32 lits): UNSAT in 0.02s
    cube 3662.6 (depth 1, 32 lits): UNSAT in 0.04s
    cube 3662.7 (depth 1, 32 lits): UNSAT in 0.01s
    cube 3662.8 (depth 1, 32 lits): UNSAT in 0.01s
    cube 3662.9 (depth 1, 32 lits): UNSAT in 0.02s
    cube 3662.10 (depth 1, 32 lits): UNSAT in 0.03s
    cube 3662.11 (depth 1, 31 lits): UNSAT in 0.01s
    cube 3662.12 (depth 1, 32 lits): UNSAT in 0.01s
    cube 3662.13 (depth 1, 32 lits): UNSAT in 0.02s
    cube 3662.14 (depth 1, 32 lits): UNSAT in 0.02s
    cube 3662.15 (depth 1, 32 lits): UNSAT in 0.02s
    cube 3662.16 (depth 1, 32 lits): UNSAT in 0.01s
    cube 3662.17 (depth 1, 32 lits): UNSAT in 0.01s
    cube 3662.18 (depth 1, 30 lits): UNSAT in 0.01s
    cube 3662.19 (depth 1, 31 lits): UNSAT in 0.01s
    cube 3662.20 (depth 1, 31 lits): UNSAT in 0.01s
    cube 3662.21 (depth 1, 32 lits): UNSAT in 0.01s
    cube 3662.22 (depth 1, 32 lits): UNSAT in 0.01s
    cube 3662.23 (depth 1, 31 lits): UNSAT in 0.01s
    cube 3662.24 (depth 1, 32 lits): UNSAT in 0.02s
    cube 3662.25 (depth 1, 32 lits): UNSAT in 0.01s
    cube 3662.26 (depth 1, 32 lits): UNSAT in 0.01s
    cube 3662.27 (depth 1, 32 lits): UNSAT in 0.01s
    cube 3662.28 (depth 1, 32 lits): UNSAT in 0.02s
    cube 3662.29 (depth 1, 32 lits): UNSAT in 0.02s
    cube 3662.30 (depth 1, 32 lits): UNSAT in 0.02s
    cube 3662.31 (depth 1, 32 lits): UNSAT in 0.03s
    cube 3662.32 (depth 1, 32 lits): UNSAT in 0.02s
    cube 3662.33 (depth 1, 32 lits): UNSAT in 0.01s
    cube 3662.34 (depth 1, 32 lits): UNSAT in 0.02s
    cube 3662.35 (depth 1, 32 lits): UNSAT in 0.11s
    cube 3662.36 (depth 1, 32 lits): UNSAT in 0.04s
    cube 3662.37 (depth 1, 32 lits): UNSAT in 0.03s
    cube 3662.38 (depth 1, 32 lits): UNSAT in 0.02s
    cube 3662.39 (depth 1, 32 lits): UNSAT in 0.16s
    cube 3662.40 (depth 1, 32 lits): UNSAT in 0.04s
    cube 3662.41 (depth 1, 32 lits): UNSAT in 0.05s
    cube 3662.42 (depth 1, 32 lits): UNSAT in 0.15s
    cube 3662.43 (depth 1, 32 lits): UNSAT in 0.29s
    cube 3662.44 (depth 1, 32 lits): UNSAT in 0.01s
    cube 3662.45 (depth 1, 32 lits): UNSAT in 0.02s
    cube 3662.46 (depth 1, 32 lits): UNSAT in 0.02s
    cube 3662.47 (depth 1, 32 lits): UNSAT in 0.02s
    cube 3662.48 (depth 1, 32 lits): UNSAT in 0.02s
    cube 3662.49 (depth 1, 32 lits): UNSAT in 0.02s
    cube 3662.50 (depth 1, 32 lits): UNSAT in 0.02s
    cube 3662.51 (depth 1, 32 lits): UNSAT in 0.03s
    cube 3662.52 (depth 1, 32 lits): UNSAT in 0.02s
    cube 3662.53 (depth 1, 32 lits): UNSAT in 0.02s
    cube 3662.54 (depth 1, 32 lits): UNSAT in 0.02s
    cube 3662.55 (depth 1, 32 lits): UNSAT in 0.05s
    cube 3662.56 (depth 1, 32 lits): UNSAT in 0.02s
    cube 3662.57 (depth 1, 32 lits): UNSAT in 0.04s
    cube 3662.58 (depth 1, 32 lits): UNSAT in 0.11s
    cube 3662.59 (depth 1, 32 lits): UNSAT in 0.26s
    cube 3662.60 (depth 1, 31 lits): UNSAT in 0.01s
    cube 3662.61 (depth 1, 32 lits): UNSAT in 0.02s
    cube 3662.62 (depth 1, 32 lits): UNSAT in 0.01s
    cube 3662.63 (depth 1, 32 lits): UNSAT in 0.02s
    cube 3662.64 (depth 1, 32 lits): UNSAT in 0.02s
    cube 3662.65 (depth 1, 32 lits): UNSAT in 0.02s
    cube 3662.66 (depth 1, 32 lits): UNSAT in 0.06s
    cube 3662.67 (depth 1, 31 lits): UNSAT in 0.02s
    cube 3662.68 (depth 1, 32 lits): UNSAT in 0.01s
    cube 3662.69 (depth 1, 32 lits): UNSAT in 0.02s
    cube 3662.70 (depth 1, 32 lits): UNSAT in 0.05s
    cube 3662.71 (depth 1, 32 lits): UNSAT in 0.05s
    cube 3662.72 (depth 1, 32 lits): UNSAT in 0.13s
    cube 3662.73 (depth 1, 32 lits): UNSAT in 0.11s
    cube 3662.74 (depth 1, 32 lits): UNSAT in 0.01s
    cube 3662.75 (depth 1, 32 lits): UNSAT in 0.02s
    cube 3662.76 (depth 1, 32 lits): UNSAT in 0.03s
    cube 3662.77 (depth 1, 32 lits): UNSAT in 0.02s
    cube 3662.78 (depth 1, 32 lits): UNSAT in 0.02s
    cube 3662.79 (depth 1, 32 lits): UNSAT in 0.08s
    cube 3662.80 (depth 1, 32 lits): UNSAT in 0.03s
    cube 3662.81 (depth 1, 32 lits): UNSAT in 0.05s
    cube 3662.82 (depth 1, 31 lits): UNSAT in 0.02s
    cube 3662.83 (depth 1, 32 lits): UNSAT in 0.02s
    cube 3662.84 (depth 1, 32 lits): UNSAT in 0.02s
    cube 3662.85 (depth 1, 32 lits): UNSAT in 0.02s
    cube 3662.86 (depth 1, 32 lits): UNSAT in 0.02s
    cube 3662.87 (depth 1, 32 lits): UNSAT in 0.02s
    cube 3662.88 (depth 1, 32 lits): UNSAT in 0.15s
    cube 3662.89 (depth 1, 32 lits): UNSAT in 0.03s
    cube 3662.90 (depth 1, 32 lits): UNSAT in 0.08s
    cube 3662.91 (depth 1, 32 lits): UNSAT in 0.04s
    cube 3662.92 (depth 1, 32 lits): UNSAT in 0.19s
    cube 3662.93 (depth 1, 32 lits): UNSAT in 0.02s
    cube 3662.94 (depth 1, 32 lits): UNSAT in 0.05s
    cube 3662.95 (depth 1, 32 lits): UNSAT in 0.06s
    cube 3662.96 (depth 1, 32 lits): UNSAT in 0.54s
    cube 3662.97 (depth 1, 32 lits): UNSAT in 0.06s
    cube 3662.98 (depth 1, 32 lits): UNSAT in 0.16s
    cube 3662.99 (depth 1, 32 lits): UNSAT in 0.07s
    cube 3662.100 (depth 1, 32 lits): UNSAT in 1.39s
    cube 3662.101 (depth 1, 32 lits): UNSAT in 0.06s
    cube 3662.102 (depth 1, 32 lits): UNSAT in 1.58s
    cube 3662.103 (depth 1, 32 lits): UNSAT in 0.96s
    cube 3662.104 (depth 1, 32 lits): UNSAT in 6.52s
    cube 3662.105 (depth 1, 31 lits): UNSAT in 0.02s
    cube 3662.106 (depth 1, 32 lits): UNSAT in 0.01s
    cube 3662.107 (depth 1, 32 lits): UNSAT in 0.02s
    cube 3662.108 (depth 1, 32 lits): UNSAT in 0.01s
    cube 3662.109 (depth 1, 32 lits): UNSAT in 0.02s
    cube 3662.110 (depth 1, 32 lits): UNSAT in 0.02s
    cube 3662.111 (depth 1, 32 lits): UNSAT in 0.05s
    cube 3662.112 (depth 1, 31 lits): UNSAT in 0.02s
    cube 3662.113 (depth 1, 32 lits): UNSAT in 0.02s
    cube 3662.114 (depth 1, 32 lits): UNSAT in 0.02s
    cube 3662.115 (depth 1, 32 lits): UNSAT in 0.02s
    cube 3662.116 (depth 1, 32 lits): UNSAT in 0.03s
    cube 3662.117 (depth 1, 32 lits): UNSAT in 0.03s
    cube 3662.118 (depth 1, 32 lits): UNSAT in 0.06s
    cube 3662.119 (depth 1, 32 lits): UNSAT in 0.01s
    cube 3662.120 (depth 1, 32 lits): UNSAT in 0.02s
    cube 3662.121 (depth 1, 32 lits): UNSAT in 0.02s
    cube 3662.122 (depth 1, 32 lits): UNSAT in 0.03s
    cube 3662.123 (depth 1, 32 lits): UNSAT in 0.03s
    cube 3662.124 (depth 1, 32 lits): UNSAT in 0.05s
    cube 3662.125 (depth 1, 32 lits): UNSAT in 0.05s
    cube 3662.126 (depth 1, 32 lits): UNSAT in 0.07s
    cube 3662.127 (depth 1, 32 lits): UNSAT in 0.02s
    cube 3662.128 (depth 1, 32 lits): UNSAT in 0.02s
    cube 3662.129 (depth 1, 32 lits): UNSAT in 0.03s
    cube 3662.130 (depth 1, 32 lits): UNSAT in 0.15s
    cube 3662.131 (depth 1, 32 lits): UNSAT in 0.05s
    cube 3662.132 (depth 1, 32 lits): UNSAT in 0.12s
    cube 3662.133 (depth 1, 32 lits): UNSAT in 0.05s
    cube 3662.134 (depth 1, 32 lits): UNSAT in 0.34s
    cube 3662.135 (depth 1, 32 lits): UNSAT in 0.02s
    cube 3662.136 (depth 1, 32 lits): UNSAT in 0.03s
    cube 3662.137 (depth 1, 32 lits): UNSAT in 0.02s
    cube 3662.138 (depth 1, 32 lits): UNSAT in 0.07s
    cube 3662.139 (depth 1, 32 lits): UNSAT in 0.03s
    cube 3662.140 (depth 1, 32 lits): UNSAT in 0.05s
    cube 3662.141 (depth 1, 32 lits): UNSAT in 0.03s
    cube 3662.142 (depth 1, 32 lits): UNSAT in 0.12s
    cube 3662.143 (depth 1, 32 lits): UNSAT in 0.02s
    cube 3662.144 (depth 1, 32 lits): UNSAT in 0.07s
    cube 3662.145 (depth 1, 32 lits): UNSAT in 0.04s
    cube 3662.146 (depth 1, 32 lits): UNSAT in 0.18s
    cube 3662.147 (depth 1, 32 lits): UNSAT in 0.08s
    cube 3662.148 (depth 1, 32 lits): UNSAT in 0.07s
    cube 3662.149 (depth 1, 32 lits): UNSAT in 0.15s
    cube 3662.150 (depth 1, 32 lits): UNSAT in 0.88s
    cube 3662.151 (depth 1, 32 lits): UNSAT in 0.03s
    cube 3662.152 (depth 1, 32 lits): UNSAT in 0.05s
    cube 3662.153 (depth 1, 32 lits): UNSAT in 0.03s
    cube 3662.154 (depth 1, 32 lits): UNSAT in 0.12s
    cube 3662.155 (depth 1, 32 lits): UNSAT in 0.02s
    cube 3662.156 (depth 1, 32 lits): UNSAT in 0.06s
    cube 3662.157 (depth 1, 32 lits): UNSAT in 0.05s
    cube 3662.158 (depth 1, 32 lits): UNSAT in 0.17s
    cube 3662.159 (depth 1, 32 lits): UNSAT in 0.05s
    cube 3662.160 (depth 1, 32 lits): UNSAT in 0.09s
    cube 3662.161 (depth 1, 32 lits): UNSAT in 0.25s
    cube 3662.162 (depth 1, 32 lits): UNSAT in 0.67s
    cube 3662.163 (depth 1, 32 lits): UNSAT in 0.17s
    cube 3662.164 (depth 1, 32 lits): UNSAT in 1.59s
    cube 3662.165 (depth 1, 32 lits): UNSAT in 0.32s
    cube 3662.166 (depth 1, 32 lits): UNSAT in 1.16s
    cube 3662.167 (depth 1, 32 lits): UNSAT in 0.01s
    cube 3662.168 (depth 1, 32 lits): UNSAT in 0.02s
    cube 3662.169 (depth 1, 32 lits): UNSAT in 0.03s
    cube 3662.170 (depth 1, 32 lits): UNSAT in 0.08s
    cube 3662.171 (depth 1, 32 lits): UNSAT in 0.03s
    cube 3662.172 (depth 1, 32 lits): UNSAT in 0.04s
    cube 3662.173 (depth 1, 32 lits): UNSAT in 0.08s
    cube 3662.174 (depth 1, 32 lits): UNSAT in 0.14s
    cube 3662.175 (depth 1, 32 lits): UNSAT in 0.02s
    cube 3662.176 (depth 1, 32 lits): UNSAT in 0.05s
    cube 3662.177 (depth 1, 32 lits): UNSAT in 0.06s
    cube 3662.178 (depth 1, 32 lits): UNSAT in 0.13s
    cube 3662.179 (depth 1, 32 lits): UNSAT in 0.04s
    cube 3662.180 (depth 1, 32 lits): UNSAT in 0.06s
    cube 3662.181 (depth 1, 32 lits): UNSAT in 0.05s
    cube 3662.182 (depth 1, 32 lits): UNSAT in 0.94s
    cube 3662.183 (depth 1, 32 lits): UNSAT in 0.03s
    cube 3662.184 (depth 1, 32 lits): UNSAT in 0.03s
    cube 3662.185 (depth 1, 32 lits): UNSAT in 0.05s
    cube 3662.186 (depth 1, 32 lits): UNSAT in 0.09s
    cube 3662.187 (depth 1, 32 lits): UNSAT in 0.04s
    cube 3662.188 (depth 1, 32 lits): UNSAT in 0.11s
    cube 3662.189 (depth 1, 32 lits): UNSAT in 0.22s
    cube 3662.190 (depth 1, 32 lits): UNSAT in 0.48s
    cube 3662.191 (depth 1, 32 lits): UNSAT in 0.08s
    cube 3662.192 (depth 1, 32 lits): UNSAT in 0.12s
    cube 3662.193 (depth 1, 32 lits): UNSAT in 0.10s
    cube 3662.194 (depth 1, 32 lits): UNSAT in 0.16s
    cube 3662.195 (depth 1, 32 lits): UNSAT in 0.17s
    cube 3662.196 (depth 1, 32 lits): UNSAT in 0.60s
    cube 3662.197 (depth 1, 32 lits): UNSAT in 0.39s
    cube 3662.198 (depth 1, 32 lits): UNSAT in 2.40s
    cube 3662.199 (depth 1, 32 lits): UNSAT in 0.02s
    cube 3662.200 (depth 1, 32 lits): UNSAT in 0.05s
    cube 3662.201 (depth 1, 32 lits): UNSAT in 0.04s
    cube 3662.202 (depth 1, 32 lits): UNSAT in 0.25s
    cube 3662.203 (depth 1, 32 lits): UNSAT in 0.04s
    cube 3662.204 (depth 1, 32 lits): UNSAT in 0.15s
    cube 3662.205 (depth 1, 32 lits): UNSAT in 0.10s
    cube 3662.206 (depth 1, 32 lits): UNSAT in 1.13s
    cube 3662.207 (depth 1, 32 lits): UNSAT in 0.06s
    cube 3662.208 (depth 1, 32 lits): UNSAT in 0.11s
    cube 3662.209 (depth 1, 32 lits): UNSAT in 0.04s
    cube 3662.210 (depth 1, 32 lits): UNSAT in 0.19s
    cube 3662.211 (depth 1, 32 lits): UNSAT in 0.46s
    cube 3662.212 (depth 1, 32 lits): UNSAT in 0.36s
    cube 3662.213 (depth 1, 32 lits): UNSAT in 0.65s
    cube 3662.214 (depth 1, 32 lits): UNSAT in 1.66s
    cube 3662.215 (depth 1, 32 lits): UNSAT in 0.05s
    cube 3662.216 (depth 1, 32 lits): UNSAT in 0.05s
    cube 3662.217 (depth 1, 32 lits): UNSAT in 0.20s
    cube 3662.218 (depth 1, 32 lits): UNSAT in 0.54s
    cube 3662.219 (depth 1, 32 lits): UNSAT in 0.41s
    cube 3662.220 (depth 1, 32 lits): UNSAT in 1.15s
    cube 3662.221 (depth 1, 32 lits): UNSAT in 1.86s
    cube 3662.222 (depth 1, 32 lits): UNSAT in 8.39s
    cube 3662.223 (depth 1, 32 lits): UNSAT in 1.40s
    cube 3662.224 (depth 1, 32 lits): UNSAT in 0.96s
    cube 3662.225 (depth 1, 32 lits): UNSAT in 0.46s
    cube 3662.226 (depth 1, 32 lits): UNSAT in 7.81s
    cube 3662.227 (depth 1, 32 lits): UNSAT in 0.96s
    cube 3662.228 (depth 1, 32 lits): UNSAT in 7.83s
    cube 3662.229 (depth 1, 32 lits): UNSAT in 4.87s
    cube 3662.230 (depth 1, 32 lits): UNSAT in 19.63s
    cube 3666 (depth 0, 24 lits): UNSAT in 103.40s
    cube 3670 (depth 0, 24 lits): TIMEOUT in 600.10s
    cube 3670 TIMEOUT -> re-split into 247 sub-cubes (depth 1)
    cube 3670.0 (depth 1, 31 lits): UNSAT in 0.01s
    cube 3670.1 (depth 1, 32 lits): UNSAT in 0.02s
    cube 3670.2 (depth 1, 32 lits): UNSAT in 0.02s
    cube 3670.3 (depth 1, 32 lits): UNSAT in 0.01s
    cube 3670.4 (depth 1, 32 lits): UNSAT in 0.02s
    cube 3670.5 (depth 1, 32 lits): UNSAT in 0.02s
    cube 3670.6 (depth 1, 32 lits): UNSAT in 0.04s
    cube 3670.7 (depth 1, 32 lits): UNSAT in 0.02s
    cube 3670.8 (depth 1, 32 lits): UNSAT in 0.02s
    cube 3670.9 (depth 1, 32 lits): UNSAT in 0.03s
    cube 3670.10 (depth 1, 32 lits): UNSAT in 0.04s
    cube 3670.11 (depth 1, 32 lits): UNSAT in 0.01s
    cube 3670.12 (depth 1, 32 lits): UNSAT in 0.03s
    cube 3670.13 (depth 1, 32 lits): UNSAT in 0.03s
    cube 3670.14 (depth 1, 32 lits): UNSAT in 0.20s
    cube 3670.15 (depth 1, 32 lits): UNSAT in 0.02s
    cube 3670.16 (depth 1, 32 lits): UNSAT in 0.01s
    cube 3670.17 (depth 1, 32 lits): UNSAT in 0.02s
    cube 3670.18 (depth 1, 32 lits): UNSAT in 0.02s
    cube 3670.19 (depth 1, 32 lits): UNSAT in 0.03s
    cube 3670.20 (depth 1, 32 lits): UNSAT in 0.07s
    cube 3670.21 (depth 1, 32 lits): UNSAT in 0.03s
    cube 3670.22 (depth 1, 32 lits): UNSAT in 0.05s
    cube 3670.23 (depth 1, 32 lits): UNSAT in 0.02s
    cube 3670.24 (depth 1, 32 lits): UNSAT in 0.02s
    cube 3670.25 (depth 1, 32 lits): UNSAT in 0.01s
    cube 3670.26 (depth 1, 32 lits): UNSAT in 0.05s
    cube 3670.27 (depth 1, 32 lits): UNSAT in 0.02s
    cube 3670.28 (depth 1, 32 lits): UNSAT in 0.03s
    cube 3670.29 (depth 1, 32 lits): UNSAT in 0.05s
    cube 3670.30 (depth 1, 32 lits): UNSAT in 0.09s
    cube 3670.31 (depth 1, 30 lits): UNSAT in 0.02s
    cube 3670.32 (depth 1, 31 lits): UNSAT in 0.02s
    cube 3670.33 (depth 1, 32 lits): UNSAT in 0.03s
    cube 3670.34 (depth 1, 32 lits): UNSAT in 0.04s
    cube 3670.35 (depth 1, 31 lits): UNSAT in 0.02s
    cube 3670.36 (depth 1, 32 lits): UNSAT in 0.03s
    cube 3670.37 (depth 1, 32 lits): UNSAT in 0.06s
    cube 3670.38 (depth 1, 32 lits): UNSAT in 0.03s
    cube 3670.39 (depth 1, 32 lits): UNSAT in 0.02s
    cube 3670.40 (depth 1, 32 lits): UNSAT in 0.03s
    cube 3670.41 (depth 1, 32 lits): UNSAT in 0.41s
    cube 3670.42 (depth 1, 31 lits): UNSAT in 0.01s
    cube 3670.43 (depth 1, 32 lits): UNSAT in 0.01s
    cube 3670.44 (depth 1, 32 lits): UNSAT in 0.02s
    cube 3670.45 (depth 1, 32 lits): UNSAT in 0.05s
    cube 3670.46 (depth 1, 32 lits): UNSAT in 0.07s
    cube 3670.47 (depth 1, 32 lits): UNSAT in 0.05s
    cube 3670.48 (depth 1, 32 lits): UNSAT in 0.21s
    cube 3670.49 (depth 1, 32 lits): UNSAT in 0.02s
    cube 3670.50 (depth 1, 32 lits): UNSAT in 0.02s
    cube 3670.51 (depth 1, 32 lits): UNSAT in 0.01s
    cube 3670.52 (depth 1, 32 lits): UNSAT in 0.04s
    cube 3670.53 (depth 1, 32 lits): UNSAT in 0.05s
    cube 3670.54 (depth 1, 32 lits): UNSAT in 0.24s
    cube 3670.55 (depth 1, 32 lits): UNSAT in 0.94s
    cube 3670.56 (depth 1, 32 lits): UNSAT in 0.85s
    cube 3670.57 (depth 1, 31 lits): UNSAT in 0.01s
    cube 3670.58 (depth 1, 31 lits): UNSAT in 0.01s
    cube 3670.59 (depth 1, 32 lits): UNSAT in 0.02s
    cube 3670.60 (depth 1, 32 lits): UNSAT in 0.02s
    cube 3670.61 (depth 1, 32 lits): UNSAT in 0.03s
    cube 3670.62 (depth 1, 32 lits): UNSAT in 0.04s
    cube 3670.63 (depth 1, 32 lits): UNSAT in 0.02s
    cube 3670.64 (depth 1, 32 lits): UNSAT in 0.02s
    cube 3670.65 (depth 1, 32 lits): UNSAT in 0.02s
    cube 3670.66 (depth 1, 32 lits): UNSAT in 0.02s
    cube 3670.67 (depth 1, 32 lits): UNSAT in 0.04s
    cube 3670.68 (depth 1, 32 lits): UNSAT in 0.05s
    cube 3670.69 (depth 1, 32 lits): UNSAT in 0.06s
    cube 3670.70 (depth 1, 32 lits): UNSAT in 0.18s
    cube 3670.71 (depth 1, 32 lits): UNSAT in 0.02s
    cube 3670.72 (depth 1, 32 lits): UNSAT in 0.04s
    cube 3670.73 (depth 1, 32 lits): UNSAT in 0.04s
    cube 3670.74 (depth 1, 32 lits): UNSAT in 0.16s
    cube 3670.75 (depth 1, 32 lits): UNSAT in 0.04s
    cube 3670.76 (depth 1, 32 lits): UNSAT in 0.09s
    cube 3670.77 (depth 1, 32 lits): UNSAT in 0.06s
    cube 3670.78 (depth 1, 32 lits): UNSAT in 0.26s
    cube 3670.79 (depth 1, 32 lits): UNSAT in 0.03s
    cube 3670.80 (depth 1, 32 lits): UNSAT in 0.07s
    cube 3670.81 (depth 1, 32 lits): UNSAT in 0.06s
    cube 3670.82 (depth 1, 32 lits): UNSAT in 0.11s
    cube 3670.83 (depth 1, 32 lits): UNSAT in 0.08s
    cube 3670.84 (depth 1, 32 lits): UNSAT in 0.20s
    cube 3670.85 (depth 1, 32 lits): UNSAT in 0.37s
    cube 3670.86 (depth 1, 32 lits): UNSAT in 3.48s
    cube 3670.87 (depth 1, 32 lits): UNSAT in 0.05s
    cube 3670.88 (depth 1, 32 lits): UNSAT in 0.08s
    cube 3670.89 (depth 1, 32 lits): UNSAT in 0.09s
    cube 3670.90 (depth 1, 32 lits): UNSAT in 0.29s
    cube 3670.91 (depth 1, 32 lits): UNSAT in 0.04s
    cube 3670.92 (depth 1, 32 lits): UNSAT in 0.07s
    cube 3670.93 (depth 1, 32 lits): UNSAT in 0.10s
    cube 3670.94 (depth 1, 32 lits): UNSAT in 0.94s
    cube 3670.95 (depth 1, 32 lits): UNSAT in 0.03s
    cube 3670.96 (depth 1, 32 lits): UNSAT in 0.08s
    cube 3670.97 (depth 1, 32 lits): UNSAT in 0.04s
    cube 3670.98 (depth 1, 32 lits): UNSAT in 0.07s
    cube 3670.99 (depth 1, 32 lits): UNSAT in 0.16s
    cube 3670.100 (depth 1, 32 lits): UNSAT in 0.58s
    cube 3670.101 (depth 1, 32 lits): UNSAT in 0.62s
    cube 3670.102 (depth 1, 32 lits): UNSAT in 1.21s
    cube 3670.103 (depth 1, 32 lits): UNSAT in 0.11s
    cube 3670.104 (depth 1, 32 lits): UNSAT in 0.12s
    cube 3670.105 (depth 1, 32 lits): UNSAT in 0.04s
    cube 3670.106 (depth 1, 32 lits): UNSAT in 0.17s
    cube 3670.107 (depth 1, 32 lits): UNSAT in 0.05s
    cube 3670.108 (depth 1, 32 lits): UNSAT in 0.17s
    cube 3670.109 (depth 1, 32 lits): UNSAT in 0.19s
    cube 3670.110 (depth 1, 32 lits): UNSAT in 3.82s
    cube 3670.111 (depth 1, 32 lits): UNSAT in 0.19s
    cube 3670.112 (depth 1, 32 lits): UNSAT in 2.28s
    cube 3670.113 (depth 1, 32 lits): UNSAT in 1.71s
    cube 3670.114 (depth 1, 32 lits): UNSAT in 2.76s
    cube 3670.115 (depth 1, 32 lits): UNSAT in 0.20s
    cube 3670.116 (depth 1, 32 lits): UNSAT in 6.95s
    cube 3670.117 (depth 1, 32 lits): UNSAT in 1.96s
    cube 3670.118 (depth 1, 32 lits): UNSAT in 7.54s
    cube 3670.119 (depth 1, 32 lits): UNSAT in 0.02s
    cube 3670.120 (depth 1, 32 lits): UNSAT in 0.08s
    cube 3670.121 (depth 1, 32 lits): UNSAT in 0.07s
    cube 3670.122 (depth 1, 32 lits): UNSAT in 0.23s
    cube 3670.123 (depth 1, 32 lits): UNSAT in 0.04s
    cube 3670.124 (depth 1, 32 lits): UNSAT in 0.24s
    cube 3670.125 (depth 1, 32 lits): UNSAT in 0.13s
    cube 3670.126 (depth 1, 32 lits): UNSAT in 0.34s
    cube 3670.127 (depth 1, 32 lits): UNSAT in 0.02s
    cube 3670.128 (depth 1, 32 lits): UNSAT in 0.03s
    cube 3670.129 (depth 1, 32 lits): UNSAT in 0.06s
    cube 3670.130 (depth 1, 32 lits): UNSAT in 0.13s
    cube 3670.131 (depth 1, 32 lits): UNSAT in 0.14s
    cube 3670.132 (depth 1, 32 lits): UNSAT in 0.75s
    cube 3670.133 (depth 1, 32 lits): UNSAT in 0.32s
    cube 3670.134 (depth 1, 32 lits): UNSAT in 4.59s
    cube 3670.135 (depth 1, 32 lits): UNSAT in 0.02s
    cube 3670.136 (depth 1, 32 lits): UNSAT in 0.04s
    cube 3670.137 (depth 1, 32 lits): UNSAT in 0.02s
    cube 3670.138 (depth 1, 32 lits): UNSAT in 0.14s
    cube 3670.139 (depth 1, 32 lits): UNSAT in 0.08s
    cube 3670.140 (depth 1, 32 lits): UNSAT in 0.29s
    cube 3670.141 (depth 1, 32 lits): UNSAT in 0.11s
    cube 3670.142 (depth 1, 32 lits): UNSAT in 0.59s
    cube 3670.143 (depth 1, 32 lits): UNSAT in 0.06s
    cube 3670.144 (depth 1, 32 lits): UNSAT in 0.17s
    cube 3670.145 (depth 1, 32 lits): UNSAT in 0.37s
    cube 3670.146 (depth 1, 32 lits): UNSAT in 1.61s
    cube 3670.147 (depth 1, 32 lits): UNSAT in 0.58s
    cube 3670.148 (depth 1, 32 lits): UNSAT in 2.11s
    cube 3670.149 (depth 1, 32 lits): UNSAT in 1.26s
    cube 3670.150 (depth 1, 32 lits): UNSAT in 45.87s
    cube 3670.151 (depth 1, 32 lits): UNSAT in 0.06s
    cube 3670.152 (depth 1, 32 lits): UNSAT in 0.09s
    cube 3670.153 (depth 1, 32 lits): UNSAT in 0.05s
    cube 3670.154 (depth 1, 32 lits): UNSAT in 0.21s
    cube 3670.155 (depth 1, 32 lits): UNSAT in 0.04s
    cube 3670.156 (depth 1, 32 lits): UNSAT in 0.07s
    cube 3670.157 (depth 1, 32 lits): UNSAT in 0.18s
    cube 3670.158 (depth 1, 32 lits): UNSAT in 0.62s
    cube 3670.159 (depth 1, 32 lits): UNSAT in 0.02s
    cube 3670.160 (depth 1, 32 lits): UNSAT in 0.06s
    cube 3670.161 (depth 1, 32 lits): UNSAT in 0.18s
    cube 3670.162 (depth 1, 32 lits): UNSAT in 0.80s
    cube 3670.163 (depth 1, 32 lits): UNSAT in 0.48s
    cube 3670.164 (depth 1, 32 lits): UNSAT in 1.00s
    cube 3670.165 (depth 1, 32 lits): UNSAT in 1.23s
    cube 3670.166 (depth 1, 32 lits): UNSAT in 9.32s
    cube 3670.167 (depth 1, 32 lits): UNSAT in 0.07s
    cube 3670.168 (depth 1, 32 lits): UNSAT in 0.29s
    cube 3670.169 (depth 1, 32 lits): UNSAT in 0.13s
    cube 3670.170 (depth 1, 32 lits): UNSAT in 2.33s
    cube 3670.171 (depth 1, 32 lits): UNSAT in 0.14s
    cube 3670.172 (depth 1, 32 lits): UNSAT in 1.41s
    cube 3670.173 (depth 1, 32 lits): UNSAT in 1.56s
    cube 3670.174 (depth 1, 32 lits): UNSAT in 15.12s
    cube 3670.175 (depth 1, 32 lits): UNSAT in 0.07s
    cube 3670.176 (depth 1, 32 lits): UNSAT in 0.26s
    cube 3670.177 (depth 1, 32 lits): UNSAT in 0.64s
    cube 3670.178 (depth 1, 32 lits): UNSAT in 6.94s
    cube 3670.179 (depth 1, 32 lits): UNSAT in 0.59s
    cube 3670.180 (depth 1, 32 lits): UNSAT in 2.44s
    cube 3670.181 (depth 1, 32 lits): UNSAT in 19.86s
    cube 3670.182 (depth 1, 32 lits): UNSAT in 122.66s
    cube 3670.183 (depth 1, 32 lits): UNSAT in 0.04s
    cube 3670.184 (depth 1, 32 lits): UNSAT in 0.31s
    cube 3670.185 (depth 1, 32 lits): UNSAT in 0.14s
    cube 3670.186 (depth 1, 32 lits): UNSAT in 0.11s
    cube 3670.187 (depth 1, 32 lits): UNSAT in 0.07s
    cube 3670.188 (depth 1, 32 lits): UNSAT in 0.14s
    cube 3670.189 (depth 1, 32 lits): UNSAT in 0.17s
    cube 3670.190 (depth 1, 32 lits): UNSAT in 2.01s
    cube 3670.191 (depth 1, 32 lits): UNSAT in 0.05s
    cube 3670.192 (depth 1, 32 lits): UNSAT in 0.13s
    cube 3670.193 (depth 1, 32 lits): UNSAT in 0.16s
    cube 3670.194 (depth 1, 32 lits): UNSAT in 0.86s
    cube 3670.195 (depth 1, 32 lits): UNSAT in 0.49s
    cube 3670.196 (depth 1, 32 lits): UNSAT in 1.00s
    cube 3670.197 (depth 1, 32 lits): UNSAT in 0.29s
    cube 3670.198 (depth 1, 32 lits): UNSAT in 2.73s
    cube 3670.199 (depth 1, 32 lits): UNSAT in 0.02s
    cube 3670.200 (depth 1, 32 lits): UNSAT in 0.08s
    cube 3670.201 (depth 1, 32 lits): UNSAT in 0.09s
    cube 3670.202 (depth 1, 32 lits): UNSAT in 0.34s
    cube 3670.203 (depth 1, 32 lits): UNSAT in 0.03s
    cube 3670.204 (depth 1, 32 lits): UNSAT in 0.12s
    cube 3670.205 (depth 1, 32 lits): UNSAT in 0.25s
    cube 3670.206 (depth 1, 32 lits): UNSAT in 0.65s
    cube 3670.207 (depth 1, 32 lits): UNSAT in 0.09s
    cube 3670.208 (depth 1, 32 lits): UNSAT in 0.63s
    cube 3670.209 (depth 1, 32 lits): UNSAT in 0.80s
    cube 3670.210 (depth 1, 32 lits): UNSAT in 4.05s
    cube 3670.211 (depth 1, 32 lits): UNSAT in 0.48s
    cube 3670.212 (depth 1, 32 lits): UNSAT in 2.19s
    cube 3670.213 (depth 1, 32 lits): UNSAT in 0.32s
    cube 3670.214 (depth 1, 32 lits): UNSAT in 4.21s
    cube 3670.215 (depth 1, 32 lits): UNSAT in 0.05s
    cube 3670.216 (depth 1, 32 lits): UNSAT in 0.07s
    cube 3670.217 (depth 1, 32 lits): UNSAT in 0.35s
    cube 3670.218 (depth 1, 32 lits): UNSAT in 0.21s
    cube 3670.219 (depth 1, 32 lits): UNSAT in 0.33s
    cube 3670.220 (depth 1, 32 lits): UNSAT in 0.46s
    cube 3670.221 (depth 1, 32 lits): UNSAT in 0.34s
    cube 3670.222 (depth 1, 32 lits): UNSAT in 3.12s
    cube 3670.223 (depth 1, 32 lits): UNSAT in 0.21s
    cube 3670.224 (depth 1, 32 lits): UNSAT in 1.99s
    cube 3670.225 (depth 1, 32 lits): UNSAT in 0.68s
    cube 3670.226 (depth 1, 32 lits): UNSAT in 3.16s
    cube 3670.227 (depth 1, 32 lits): UNSAT in 1.06s
    cube 3670.228 (depth 1, 32 lits): UNSAT in 10.89s
    cube 3670.229 (depth 1, 32 lits): UNSAT in 4.47s
    cube 3670.230 (depth 1, 32 lits): UNSAT in 11.28s
    cube 3670.231 (depth 1, 32 lits): UNSAT in 0.39s
    cube 3670.232 (depth 1, 32 lits): UNSAT in 2.79s
    cube 3670.233 (depth 1, 32 lits): UNSAT in 1.35s
    cube 3670.234 (depth 1, 32 lits): UNSAT in 16.13s
    cube 3670.235 (depth 1, 32 lits): UNSAT in 0.38s
    cube 3670.236 (depth 1, 32 lits): UNSAT in 4.39s
    cube 3670.237 (depth 1, 32 lits): UNSAT in 4.82s
    cube 3670.238 (depth 1, 32 lits): UNSAT in 18.40s
    cube 3670.239 (depth 1, 32 lits): UNSAT in 1.49s
    cube 3670.240 (depth 1, 32 lits): UNSAT in 15.26s
    cube 3670.241 (depth 1, 32 lits): UNSAT in 29.97s
    cube 3670.242 (depth 1, 32 lits): UNSAT in 81.12s
    cube 3670.243 (depth 1, 32 lits): UNSAT in 0.46s
    cube 3670.244 (depth 1, 32 lits): UNSAT in 1.59s
    cube 3670.245 (depth 1, 32 lits): UNSAT in 0.68s
    cube 3670.246 (depth 1, 32 lits): UNSAT in 1.76s
    cube 3674 (depth 0, 24 lits): UNSAT in 48.79s
    cube 3678 (depth 0, 24 lits): TIMEOUT in 600.01s
    cube 3678 TIMEOUT -> re-split into 249 sub-cubes (depth 1)
    cube 3678.0 (depth 1, 31 lits): UNSAT in 0.02s
    cube 3678.1 (depth 1, 31 lits): UNSAT in 0.02s
    cube 3678.2 (depth 1, 32 lits): UNSAT in 0.02s
    cube 3678.3 (depth 1, 32 lits): UNSAT in 0.03s
    cube 3678.4 (depth 1, 32 lits): UNSAT in 0.02s
    cube 3678.5 (depth 1, 32 lits): UNSAT in 0.03s
    cube 3678.6 (depth 1, 32 lits): UNSAT in 0.01s
    cube 3678.7 (depth 1, 32 lits): UNSAT in 0.02s
    cube 3678.8 (depth 1, 32 lits): UNSAT in 0.02s
    cube 3678.9 (depth 1, 32 lits): UNSAT in 0.02s
    cube 3678.10 (depth 1, 32 lits): UNSAT in 0.02s
    cube 3678.11 (depth 1, 32 lits): UNSAT in 0.02s
    cube 3678.12 (depth 1, 32 lits): UNSAT in 0.04s
    cube 3678.13 (depth 1, 32 lits): UNSAT in 0.02s
    cube 3678.14 (depth 1, 32 lits): UNSAT in 0.01s
    cube 3678.15 (depth 1, 32 lits): UNSAT in 0.02s
    cube 3678.16 (depth 1, 32 lits): UNSAT in 0.02s
    cube 3678.17 (depth 1, 32 lits): UNSAT in 0.04s
    cube 3678.18 (depth 1, 32 lits): UNSAT in 0.03s
    cube 3678.19 (depth 1, 32 lits): UNSAT in 0.03s
    cube 3678.20 (depth 1, 32 lits): UNSAT in 0.03s
    cube 3678.21 (depth 1, 32 lits): UNSAT in 0.03s
    cube 3678.22 (depth 1, 32 lits): UNSAT in 0.02s
    cube 3678.23 (depth 1, 32 lits): UNSAT in 0.04s
    cube 3678.24 (depth 1, 32 lits): UNSAT in 0.03s
    cube 3678.25 (depth 1, 32 lits): UNSAT in 0.08s
    cube 3678.26 (depth 1, 32 lits): UNSAT in 0.02s
    cube 3678.27 (depth 1, 32 lits): UNSAT in 0.03s
    cube 3678.28 (depth 1, 32 lits): UNSAT in 0.15s
    cube 3678.29 (depth 1, 32 lits): UNSAT in 0.21s
    cube 3678.30 (depth 1, 31 lits): UNSAT in 0.01s
    cube 3678.31 (depth 1, 32 lits): UNSAT in 0.01s
    cube 3678.32 (depth 1, 32 lits): UNSAT in 0.01s
    cube 3678.33 (depth 1, 31 lits): UNSAT in 0.01s
    cube 3678.34 (depth 1, 32 lits): UNSAT in 0.02s
    cube 3678.35 (depth 1, 32 lits): UNSAT in 0.01s
    cube 3678.36 (depth 1, 32 lits): UNSAT in 0.01s
    cube 3678.37 (depth 1, 32 lits): UNSAT in 0.02s
    cube 3678.38 (depth 1, 32 lits): UNSAT in 0.03s
    cube 3678.39 (depth 1, 32 lits): UNSAT in 0.02s
    cube 3678.40 (depth 1, 31 lits): UNSAT in 0.01s
    cube 3678.41 (depth 1, 32 lits): UNSAT in 0.02s
    cube 3678.42 (depth 1, 32 lits): UNSAT in 0.05s
    cube 3678.43 (depth 1, 32 lits): UNSAT in 0.02s
    cube 3678.44 (depth 1, 32 lits): UNSAT in 0.02s
    cube 3678.45 (depth 1, 32 lits): UNSAT in 0.02s
    cube 3678.46 (depth 1, 32 lits): UNSAT in 0.03s
    cube 3678.47 (depth 1, 32 lits): UNSAT in 0.02s
    cube 3678.48 (depth 1, 32 lits): UNSAT in 0.01s
    cube 3678.49 (depth 1, 32 lits): UNSAT in 0.01s
    cube 3678.50 (depth 1, 32 lits): UNSAT in 0.03s
    cube 3678.51 (depth 1, 32 lits): UNSAT in 0.01s
    cube 3678.52 (depth 1, 32 lits): UNSAT in 0.02s
    cube 3678.53 (depth 1, 32 lits): UNSAT in 0.03s
    cube 3678.54 (depth 1, 32 lits): UNSAT in 0.03s
    cube 3678.55 (depth 1, 32 lits): UNSAT in 0.08s
    cube 3678.56 (depth 1, 32 lits): UNSAT in 0.09s
    cube 3678.57 (depth 1, 32 lits): UNSAT in 0.14s
    cube 3678.58 (depth 1, 32 lits): UNSAT in 0.05s
    cube 3678.59 (depth 1, 31 lits): UNSAT in 0.01s
    cube 3678.60 (depth 1, 32 lits): UNSAT in 0.01s
    cube 3678.61 (depth 1, 32 lits): UNSAT in 0.02s
    cube 3678.62 (depth 1, 32 lits): UNSAT in 0.01s
    cube 3678.63 (depth 1, 32 lits): UNSAT in 0.02s
    cube 3678.64 (depth 1, 32 lits): UNSAT in 0.02s
    cube 3678.65 (depth 1, 32 lits): UNSAT in 0.02s
    cube 3678.66 (depth 1, 32 lits): UNSAT in 0.01s
    cube 3678.67 (depth 1, 32 lits): UNSAT in 0.02s
    cube 3678.68 (depth 1, 32 lits): UNSAT in 0.01s
    cube 3678.69 (depth 1, 32 lits): UNSAT in 0.03s
    cube 3678.70 (depth 1, 32 lits): UNSAT in 0.02s
    cube 3678.71 (depth 1, 32 lits): UNSAT in 0.03s
    cube 3678.72 (depth 1, 32 lits): UNSAT in 0.02s
    cube 3678.73 (depth 1, 32 lits): UNSAT in 0.12s
    cube 3678.74 (depth 1, 32 lits): UNSAT in 0.02s
    cube 3678.75 (depth 1, 32 lits): UNSAT in 0.03s
    cube 3678.76 (depth 1, 32 lits): UNSAT in 0.03s
    cube 3678.77 (depth 1, 32 lits): UNSAT in 0.06s
    cube 3678.78 (depth 1, 32 lits): UNSAT in 0.05s
    cube 3678.79 (depth 1, 32 lits): UNSAT in 0.15s
    cube 3678.80 (depth 1, 32 lits): UNSAT in 0.13s
    cube 3678.81 (depth 1, 32 lits): UNSAT in 0.99s
    cube 3678.82 (depth 1, 32 lits): UNSAT in 0.02s
    cube 3678.83 (depth 1, 32 lits): UNSAT in 0.02s
    cube 3678.84 (depth 1, 32 lits): UNSAT in 0.07s
    cube 3678.85 (depth 1, 32 lits): UNSAT in 0.24s
    cube 3678.86 (depth 1, 32 lits): UNSAT in 0.04s
    cube 3678.87 (depth 1, 32 lits): UNSAT in 0.13s
    cube 3678.88 (depth 1, 32 lits): UNSAT in 0.57s
    cube 3678.89 (depth 1, 32 lits): UNSAT in 1.52s
    cube 3678.90 (depth 1, 32 lits): UNSAT in 0.02s
    cube 3678.91 (depth 1, 32 lits): UNSAT in 0.02s
    cube 3678.92 (depth 1, 32 lits): UNSAT in 0.02s
    cube 3678.93 (depth 1, 32 lits): UNSAT in 0.04s
    cube 3678.94 (depth 1, 32 lits): UNSAT in 0.03s
    cube 3678.95 (depth 1, 32 lits): UNSAT in 0.04s
    cube 3678.96 (depth 1, 32 lits): UNSAT in 0.10s
    cube 3678.97 (depth 1, 32 lits): UNSAT in 0.08s
    cube 3678.98 (depth 1, 32 lits): UNSAT in 0.02s
    cube 3678.99 (depth 1, 32 lits): UNSAT in 0.05s
    cube 3678.100 (depth 1, 32 lits): UNSAT in 0.17s
    cube 3678.101 (depth 1, 32 lits): UNSAT in 0.32s
    cube 3678.102 (depth 1, 32 lits): UNSAT in 0.02s
    cube 3678.103 (depth 1, 32 lits): UNSAT in 0.10s
    cube 3678.104 (depth 1, 32 lits): UNSAT in 0.26s
    cube 3678.105 (depth 1, 32 lits): UNSAT in 0.86s
    cube 3678.106 (depth 1, 32 lits): UNSAT in 0.03s
    cube 3678.107 (depth 1, 32 lits): UNSAT in 0.17s
    cube 3678.108 (depth 1, 32 lits): UNSAT in 0.27s
    cube 3678.109 (depth 1, 32 lits): UNSAT in 1.57s
    cube 3678.110 (depth 1, 32 lits): UNSAT in 0.04s
    cube 3678.111 (depth 1, 32 lits): UNSAT in 0.11s
    cube 3678.112 (depth 1, 32 lits): UNSAT in 0.46s
    cube 3678.113 (depth 1, 32 lits): UNSAT in 0.56s
    cube 3678.114 (depth 1, 32 lits): UNSAT in 0.16s
    cube 3678.115 (depth 1, 32 lits): UNSAT in 0.31s
    cube 3678.116 (depth 1, 32 lits): UNSAT in 1.10s
    cube 3678.117 (depth 1, 32 lits): UNSAT in 1.54s
    cube 3678.118 (depth 1, 32 lits): UNSAT in 0.76s
    cube 3678.119 (depth 1, 32 lits): UNSAT in 0.76s
    cube 3678.120 (depth 1, 32 lits): UNSAT in 5.29s
    cube 3678.121 (depth 1, 32 lits): UNSAT in 12.39s
    cube 3678.122 (depth 1, 31 lits): UNSAT in 0.02s
    cube 3678.123 (depth 1, 32 lits): UNSAT in 0.02s
    cube 3678.124 (depth 1, 32 lits): UNSAT in 0.04s
    cube 3678.125 (depth 1, 32 lits): UNSAT in 0.03s
    cube 3678.126 (depth 1, 32 lits): UNSAT in 0.04s
    cube 3678.127 (depth 1, 32 lits): UNSAT in 0.03s
    cube 3678.128 (depth 1, 32 lits): UNSAT in 0.09s
    cube 3678.129 (depth 1, 32 lits): UNSAT in 0.01s
    cube 3678.130 (depth 1, 32 lits): UNSAT in 0.01s
    cube 3678.131 (depth 1, 32 lits): UNSAT in 0.03s
    cube 3678.132 (depth 1, 32 lits): UNSAT in 0.03s
    cube 3678.133 (depth 1, 32 lits): UNSAT in 0.04s
    cube 3678.134 (depth 1, 32 lits): UNSAT in 0.05s
    cube 3678.135 (depth 1, 32 lits): UNSAT in 0.09s
    cube 3678.136 (depth 1, 32 lits): UNSAT in 0.11s
    cube 3678.137 (depth 1, 32 lits): UNSAT in 0.02s
    cube 3678.138 (depth 1, 32 lits): UNSAT in 0.02s
    cube 3678.139 (depth 1, 32 lits): UNSAT in 0.01s
    cube 3678.140 (depth 1, 32 lits): UNSAT in 0.03s
    cube 3678.141 (depth 1, 32 lits): UNSAT in 0.02s
    cube 3678.142 (depth 1, 32 lits): UNSAT in 0.03s
    cube 3678.143 (depth 1, 32 lits): UNSAT in 0.10s
    cube 3678.144 (depth 1, 32 lits): UNSAT in 0.15s
    cube 3678.145 (depth 1, 32 lits): UNSAT in 0.07s
    cube 3678.146 (depth 1, 32 lits): UNSAT in 0.15s
    cube 3678.147 (depth 1, 32 lits): UNSAT in 0.03s
    cube 3678.148 (depth 1, 32 lits): UNSAT in 0.14s
    cube 3678.149 (depth 1, 32 lits): UNSAT in 0.20s
    cube 3678.150 (depth 1, 32 lits): UNSAT in 0.12s
    cube 3678.151 (depth 1, 32 lits): UNSAT in 0.09s
    cube 3678.152 (depth 1, 32 lits): UNSAT in 1.32s
    cube 3678.153 (depth 1, 32 lits): UNSAT in 0.02s
    cube 3678.154 (depth 1, 32 lits): UNSAT in 0.01s
    cube 3678.155 (depth 1, 32 lits): UNSAT in 0.01s
    cube 3678.156 (depth 1, 32 lits): UNSAT in 0.02s
    cube 3678.157 (depth 1, 32 lits): UNSAT in 0.04s
    cube 3678.158 (depth 1, 32 lits): UNSAT in 0.04s
    cube 3678.159 (depth 1, 32 lits): UNSAT in 0.02s
    cube 3678.160 (depth 1, 32 lits): UNSAT in 0.12s
    cube 3678.161 (depth 1, 32 lits): UNSAT in 0.03s
    cube 3678.162 (depth 1, 32 lits): UNSAT in 0.02s
    cube 3678.163 (depth 1, 32 lits): UNSAT in 0.03s
    cube 3678.164 (depth 1, 32 lits): UNSAT in 0.08s
    cube 3678.165 (depth 1, 32 lits): UNSAT in 0.08s
    cube 3678.166 (depth 1, 32 lits): UNSAT in 0.15s
    cube 3678.167 (depth 1, 32 lits): UNSAT in 0.34s
    cube 3678.168 (depth 1, 32 lits): UNSAT in 1.71s
    cube 3678.169 (depth 1, 32 lits): UNSAT in 0.03s
    cube 3678.170 (depth 1, 32 lits): UNSAT in 0.06s
    cube 3678.171 (depth 1, 32 lits): UNSAT in 0.08s
    cube 3678.172 (depth 1, 32 lits): UNSAT in 0.18s
    cube 3678.173 (depth 1, 32 lits): UNSAT in 0.07s
    cube 3678.174 (depth 1, 32 lits): UNSAT in 0.10s
    cube 3678.175 (depth 1, 32 lits): UNSAT in 0.08s
    cube 3678.176 (depth 1, 32 lits): UNSAT in 1.65s
    cube 3678.177 (depth 1, 32 lits): UNSAT in 0.08s
    cube 3678.178 (depth 1, 32 lits): UNSAT in 0.15s
    cube 3678.179 (depth 1, 32 lits): UNSAT in 0.13s
    cube 3678.180 (depth 1, 32 lits): UNSAT in 0.90s
    cube 3678.181 (depth 1, 32 lits): UNSAT in 0.13s
    cube 3678.182 (depth 1, 32 lits): UNSAT in 2.23s
    cube 3678.183 (depth 1, 32 lits): UNSAT in 3.28s
    cube 3678.184 (depth 1, 32 lits): UNSAT in 12.41s
    cube 3678.185 (depth 1, 32 lits): UNSAT in 0.02s
    cube 3678.186 (depth 1, 32 lits): UNSAT in 0.02s
    cube 3678.187 (depth 1, 32 lits): UNSAT in 0.02s
    cube 3678.188 (depth 1, 32 lits): UNSAT in 0.04s
    cube 3678.189 (depth 1, 32 lits): UNSAT in 0.02s
    cube 3678.190 (depth 1, 32 lits): UNSAT in 0.03s
    cube 3678.191 (depth 1, 32 lits): UNSAT in 0.13s
    cube 3678.192 (depth 1, 32 lits): UNSAT in 0.07s
    cube 3678.193 (depth 1, 32 lits): UNSAT in 0.04s
    cube 3678.194 (depth 1, 32 lits): UNSAT in 0.03s
    cube 3678.195 (depth 1, 32 lits): UNSAT in 0.07s
    cube 3678.196 (depth 1, 32 lits): UNSAT in 0.35s
    cube 3678.197 (depth 1, 32 lits): UNSAT in 0.05s
    cube 3678.198 (depth 1, 32 lits): UNSAT in 0.26s
    cube 3678.199 (depth 1, 32 lits): UNSAT in 0.27s
    cube 3678.200 (depth 1, 32 lits): UNSAT in 0.71s
    cube 3678.201 (depth 1, 32 lits): UNSAT in 0.02s
    cube 3678.202 (depth 1, 32 lits): UNSAT in 0.01s
    cube 3678.203 (depth 1, 32 lits): UNSAT in 0.07s
    cube 3678.204 (depth 1, 32 lits): UNSAT in 0.04s
    cube 3678.205 (depth 1, 32 lits): UNSAT in 0.06s
    cube 3678.206 (depth 1, 32 lits): UNSAT in 0.14s
    cube 3678.207 (depth 1, 32 lits): UNSAT in 0.35s
    cube 3678.208 (depth 1, 32 lits): UNSAT in 0.55s
    cube 3678.209 (depth 1, 32 lits): UNSAT in 0.05s
    cube 3678.210 (depth 1, 32 lits): UNSAT in 0.06s
    cube 3678.211 (depth 1, 32 lits): UNSAT in 0.14s
    cube 3678.212 (depth 1, 32 lits): UNSAT in 0.88s
    cube 3678.213 (depth 1, 32 lits): UNSAT in 0.23s
    cube 3678.214 (depth 1, 32 lits): UNSAT in 0.42s
    cube 3678.215 (depth 1, 32 lits): UNSAT in 0.91s
    cube 3678.216 (depth 1, 32 lits): UNSAT in 4.00s
    cube 3678.217 (depth 1, 32 lits): UNSAT in 0.03s
    cube 3678.218 (depth 1, 32 lits): UNSAT in 0.06s
    cube 3678.219 (depth 1, 32 lits): UNSAT in 0.05s
    cube 3678.220 (depth 1, 32 lits): UNSAT in 0.04s
    cube 3678.221 (depth 1, 32 lits): UNSAT in 0.03s
    cube 3678.222 (depth 1, 32 lits): UNSAT in 0.05s
    cube 3678.223 (depth 1, 32 lits): UNSAT in 0.25s
    cube 3678.224 (depth 1, 32 lits): UNSAT in 0.39s
    cube 3678.225 (depth 1, 32 lits): UNSAT in 0.09s
    cube 3678.226 (depth 1, 32 lits): UNSAT in 0.26s
    cube 3678.227 (depth 1, 32 lits): UNSAT in 0.46s
    cube 3678.228 (depth 1, 32 lits): UNSAT in 1.51s
    cube 3678.229 (depth 1, 32 lits): UNSAT in 0.28s
    cube 3678.230 (depth 1, 32 lits): UNSAT in 0.38s
    cube 3678.231 (depth 1, 32 lits): UNSAT in 1.45s
    cube 3678.232 (depth 1, 32 lits): UNSAT in 6.49s
    cube 3678.233 (depth 1, 32 lits): UNSAT in 0.36s
    cube 3678.234 (depth 1, 32 lits): UNSAT in 0.88s
    cube 3678.235 (depth 1, 32 lits): UNSAT in 0.49s
    cube 3678.236 (depth 1, 32 lits): UNSAT in 3.07s
    cube 3678.237 (depth 1, 32 lits): UNSAT in 0.24s
    cube 3678.238 (depth 1, 32 lits): UNSAT in 0.59s
    cube 3678.239 (depth 1, 32 lits): UNSAT in 1.13s
    cube 3678.240 (depth 1, 32 lits): UNSAT in 9.42s
    cube 3678.241 (depth 1, 32 lits): UNSAT in 0.49s
    cube 3678.242 (depth 1, 32 lits): UNSAT in 0.85s
    cube 3678.243 (depth 1, 32 lits): UNSAT in 0.31s
    cube 3678.244 (depth 1, 32 lits): UNSAT in 1.89s
    cube 3678.245 (depth 1, 32 lits): UNSAT in 1.04s
    cube 3678.246 (depth 1, 32 lits): UNSAT in 28.86s
    cube 3678.247 (depth 1, 32 lits): UNSAT in 12.67s
    cube 3678.248 (depth 1, 32 lits): UNSAT in 94.21s
    cube 3682 (depth 0, 24 lits): TIMEOUT in 600.09s
    cube 3682 TIMEOUT -> re-split into 236 sub-cubes (depth 1)
    cube 3682.0 (depth 1, 30 lits): UNSAT in 0.01s
    cube 3682.1 (depth 1, 32 lits): UNSAT in 0.01s
    cube 3682.2 (depth 1, 32 lits): UNSAT in 0.02s
    cube 3682.3 (depth 1, 31 lits): UNSAT in 0.01s
    cube 3682.4 (depth 1, 31 lits): UNSAT in 0.02s
    cube 3682.5 (depth 1, 31 lits): UNSAT in 0.01s
    cube 3682.6 (depth 1, 32 lits): UNSAT in 0.02s
    cube 3682.7 (depth 1, 32 lits): UNSAT in 0.03s
    cube 3682.8 (depth 1, 32 lits): UNSAT in 0.03s
    cube 3682.9 (depth 1, 32 lits): UNSAT in 0.04s
    cube 3682.10 (depth 1, 30 lits): UNSAT in 0.02s
    cube 3682.11 (depth 1, 31 lits): UNSAT in 0.01s
    cube 3682.12 (depth 1, 32 lits): UNSAT in 0.02s
    cube 3682.13 (depth 1, 32 lits): UNSAT in 0.01s
    cube 3682.14 (depth 1, 32 lits): UNSAT in 0.02s
    cube 3682.15 (depth 1, 32 lits): UNSAT in 0.02s
    cube 3682.16 (depth 1, 32 lits): UNSAT in 0.02s
    cube 3682.17 (depth 1, 32 lits): UNSAT in 0.02s
    cube 3682.18 (depth 1, 32 lits): UNSAT in 0.02s
    cube 3682.19 (depth 1, 32 lits): UNSAT in 0.02s
    cube 3682.20 (depth 1, 32 lits): UNSAT in 0.03s
    cube 3682.21 (depth 1, 32 lits): UNSAT in 0.09s
    cube 3682.22 (depth 1, 30 lits): UNSAT in 0.01s
    cube 3682.23 (depth 1, 31 lits): UNSAT in 0.01s
    cube 3682.24 (depth 1, 32 lits): UNSAT in 0.01s
    cube 3682.25 (depth 1, 32 lits): UNSAT in 0.02s
    cube 3682.26 (depth 1, 31 lits): UNSAT in 0.02s
    cube 3682.27 (depth 1, 32 lits): UNSAT in 0.01s
    cube 3682.28 (depth 1, 32 lits): UNSAT in 0.02s
    cube 3682.29 (depth 1, 32 lits): UNSAT in 0.01s
    cube 3682.30 (depth 1, 32 lits): UNSAT in 0.02s
    cube 3682.31 (depth 1, 32 lits): UNSAT in 0.03s
    cube 3682.32 (depth 1, 32 lits): UNSAT in 0.04s
    cube 3682.33 (depth 1, 31 lits): UNSAT in 0.01s
    cube 3682.34 (depth 1, 31 lits): UNSAT in 0.02s
    cube 3682.35 (depth 1, 32 lits): UNSAT in 0.02s
    cube 3682.36 (depth 1, 32 lits): UNSAT in 0.02s
    cube 3682.37 (depth 1, 32 lits): UNSAT in 0.01s
    cube 3682.38 (depth 1, 32 lits): UNSAT in 0.02s
    cube 3682.39 (depth 1, 32 lits): UNSAT in 0.03s
    cube 3682.40 (depth 1, 32 lits): UNSAT in 0.06s
    cube 3682.41 (depth 1, 32 lits): UNSAT in 0.02s
    cube 3682.42 (depth 1, 32 lits): UNSAT in 0.11s
    cube 3682.43 (depth 1, 32 lits): UNSAT in 0.03s
    cube 3682.44 (depth 1, 32 lits): UNSAT in 0.23s
    cube 3682.45 (depth 1, 32 lits): UNSAT in 0.20s
    cube 3682.46 (depth 1, 32 lits): UNSAT in 0.96s
    cube 3682.47 (depth 1, 31 lits): UNSAT in 0.01s
    cube 3682.48 (depth 1, 32 lits): UNSAT in 0.01s
    cube 3682.49 (depth 1, 32 lits): UNSAT in 0.05s
    cube 3682.50 (depth 1, 32 lits): UNSAT in 0.02s
    cube 3682.51 (depth 1, 32 lits): UNSAT in 0.02s
    cube 3682.52 (depth 1, 32 lits): UNSAT in 0.05s
    cube 3682.53 (depth 1, 32 lits): UNSAT in 0.04s
    cube 3682.54 (depth 1, 32 lits): UNSAT in 0.02s
    cube 3682.55 (depth 1, 32 lits): UNSAT in 0.09s
    cube 3682.56 (depth 1, 32 lits): UNSAT in 0.06s
    cube 3682.57 (depth 1, 32 lits): UNSAT in 0.07s
    cube 3682.58 (depth 1, 32 lits): UNSAT in 0.13s
    cube 3682.59 (depth 1, 32 lits): UNSAT in 0.18s
    cube 3682.60 (depth 1, 32 lits): UNSAT in 0.26s
    cube 3682.61 (depth 1, 32 lits): UNSAT in 0.78s
    cube 3682.62 (depth 1, 32 lits): UNSAT in 0.04s
    cube 3682.63 (depth 1, 32 lits): UNSAT in 0.06s
    cube 3682.64 (depth 1, 32 lits): UNSAT in 0.06s
    cube 3682.65 (depth 1, 32 lits): UNSAT in 0.23s
    cube 3682.66 (depth 1, 32 lits): UNSAT in 0.14s
    cube 3682.67 (depth 1, 32 lits): UNSAT in 0.31s
    cube 3682.68 (depth 1, 32 lits): UNSAT in 0.45s
    cube 3682.69 (depth 1, 32 lits): UNSAT in 0.70s
    cube 3682.70 (depth 1, 32 lits): UNSAT in 0.04s
    cube 3682.71 (depth 1, 32 lits): UNSAT in 0.09s
    cube 3682.72 (depth 1, 32 lits): UNSAT in 0.08s
    cube 3682.73 (depth 1, 32 lits): UNSAT in 0.26s
    cube 3682.74 (depth 1, 32 lits): UNSAT in 0.12s
    cube 3682.75 (depth 1, 32 lits): UNSAT in 0.40s
    cube 3682.76 (depth 1, 32 lits): UNSAT in 0.12s
    cube 3682.77 (depth 1, 32 lits): UNSAT in 1.39s
    cube 3682.78 (depth 1, 32 lits): UNSAT in 0.01s
    cube 3682.79 (depth 1, 32 lits): UNSAT in 0.04s
    cube 3682.80 (depth 1, 32 lits): UNSAT in 0.03s
    cube 3682.81 (depth 1, 32 lits): UNSAT in 0.14s
    cube 3682.82 (depth 1, 32 lits): UNSAT in 0.03s
    cube 3682.83 (depth 1, 32 lits): UNSAT in 0.07s
    cube 3682.84 (depth 1, 32 lits): UNSAT in 0.05s
    cube 3682.85 (depth 1, 32 lits): UNSAT in 0.29s
    cube 3682.86 (depth 1, 32 lits): UNSAT in 0.06s
    cube 3682.87 (depth 1, 32 lits): UNSAT in 0.09s
    cube 3682.88 (depth 1, 32 lits): UNSAT in 0.25s
    cube 3682.89 (depth 1, 32 lits): UNSAT in 1.00s
    cube 3682.90 (depth 1, 32 lits): UNSAT in 0.11s
    cube 3682.91 (depth 1, 32 lits): UNSAT in 0.29s
    cube 3682.92 (depth 1, 32 lits): UNSAT in 0.18s
    cube 3682.93 (depth 1, 32 lits): UNSAT in 2.27s
    cube 3682.94 (depth 1, 32 lits): UNSAT in 0.04s
    cube 3682.95 (depth 1, 32 lits): UNSAT in 0.05s
    cube 3682.96 (depth 1, 32 lits): UNSAT in 0.07s
    cube 3682.97 (depth 1, 32 lits): UNSAT in 0.23s
    cube 3682.98 (depth 1, 32 lits): UNSAT in 0.05s
    cube 3682.99 (depth 1, 32 lits): UNSAT in 0.21s
    cube 3682.100 (depth 1, 32 lits): UNSAT in 0.65s
    cube 3682.101 (depth 1, 32 lits): UNSAT in 0.80s
    cube 3682.102 (depth 1, 32 lits): UNSAT in 0.12s
    cube 3682.103 (depth 1, 32 lits): UNSAT in 0.24s
    cube 3682.104 (depth 1, 32 lits): UNSAT in 0.82s
    cube 3682.105 (depth 1, 32 lits): UNSAT in 2.13s
    cube 3682.106 (depth 1, 32 lits): UNSAT in 1.08s
    cube 3682.107 (depth 1, 32 lits): UNSAT in 7.70s
    cube 3682.108 (depth 1, 32 lits): UNSAT in 6.50s
    cube 3682.109 (depth 1, 32 lits): UNSAT in 31.91s
    cube 3682.110 (depth 1, 32 lits): UNSAT in 0.01s
    cube 3682.111 (depth 1, 32 lits): UNSAT in 0.02s
    cube 3682.112 (depth 1, 31 lits): UNSAT in 0.02s
    cube 3682.113 (depth 1, 32 lits): UNSAT in 0.01s
    cube 3682.114 (depth 1, 32 lits): UNSAT in 0.02s
    cube 3682.115 (depth 1, 32 lits): UNSAT in 0.03s
    cube 3682.116 (depth 1, 32 lits): UNSAT in 0.03s
    cube 3682.117 (depth 1, 32 lits): UNSAT in 0.01s
    cube 3682.118 (depth 1, 32 lits): UNSAT in 0.02s
    cube 3682.119 (depth 1, 32 lits): UNSAT in 0.02s
    cube 3682.120 (depth 1, 32 lits): UNSAT in 0.03s
    cube 3682.121 (depth 1, 32 lits): UNSAT in 0.03s
    cube 3682.122 (depth 1, 32 lits): UNSAT in 0.03s
    cube 3682.123 (depth 1, 32 lits): UNSAT in 0.05s
    cube 3682.124 (depth 1, 32 lits): UNSAT in 0.07s
    cube 3682.125 (depth 1, 32 lits): UNSAT in 0.01s
    cube 3682.126 (depth 1, 32 lits): UNSAT in 0.03s
    cube 3682.127 (depth 1, 32 lits): UNSAT in 0.02s
    cube 3682.128 (depth 1, 32 lits): UNSAT in 0.03s
    cube 3682.129 (depth 1, 32 lits): UNSAT in 0.02s
    cube 3682.130 (depth 1, 32 lits): UNSAT in 0.05s
    cube 3682.131 (depth 1, 32 lits): UNSAT in 0.04s
    cube 3682.132 (depth 1, 32 lits): UNSAT in 0.03s
    cube 3682.133 (depth 1, 32 lits): UNSAT in 0.01s
    cube 3682.134 (depth 1, 32 lits): UNSAT in 0.02s
    cube 3682.135 (depth 1, 32 lits): UNSAT in 0.02s
    cube 3682.136 (depth 1, 32 lits): UNSAT in 0.03s
    cube 3682.137 (depth 1, 32 lits): UNSAT in 0.03s
    cube 3682.138 (depth 1, 32 lits): UNSAT in 0.05s
    cube 3682.139 (depth 1, 32 lits): UNSAT in 0.04s
    cube 3682.140 (depth 1, 32 lits): UNSAT in 0.05s
    cube 3682.141 (depth 1, 32 lits): UNSAT in 0.01s
    cube 3682.142 (depth 1, 32 lits): UNSAT in 0.01s
    cube 3682.143 (depth 1, 32 lits): UNSAT in 0.02s
    cube 3682.144 (depth 1, 32 lits): UNSAT in 0.03s
    cube 3682.145 (depth 1, 32 lits): UNSAT in 0.03s
    cube 3682.146 (depth 1, 32 lits): UNSAT in 0.03s
    cube 3682.147 (depth 1, 32 lits): UNSAT in 0.05s
    cube 3682.148 (depth 1, 32 lits): UNSAT in 0.15s
    cube 3682.149 (depth 1, 32 lits): UNSAT in 0.01s
    cube 3682.150 (depth 1, 32 lits): UNSAT in 0.02s
    cube 3682.151 (depth 1, 32 lits): UNSAT in 0.03s
    cube 3682.152 (depth 1, 32 lits): UNSAT in 0.12s
    cube 3682.153 (depth 1, 32 lits): UNSAT in 0.03s
    cube 3682.154 (depth 1, 32 lits): UNSAT in 0.09s
    cube 3682.155 (depth 1, 32 lits): UNSAT in 0.04s
    cube 3682.156 (depth 1, 32 lits): UNSAT in 0.17s
    cube 3682.157 (depth 1, 32 lits): UNSAT in 0.03s
    cube 3682.158 (depth 1, 32 lits): UNSAT in 0.06s
    cube 3682.159 (depth 1, 32 lits): UNSAT in 0.02s
    cube 3682.160 (depth 1, 32 lits): UNSAT in 0.10s
    cube 3682.161 (depth 1, 32 lits): UNSAT in 0.03s
    cube 3682.162 (depth 1, 32 lits): UNSAT in 0.11s
    cube 3682.163 (depth 1, 32 lits): UNSAT in 0.12s
    cube 3682.164 (depth 1, 32 lits): UNSAT in 0.66s
    cube 3682.165 (depth 1, 32 lits): UNSAT in 0.03s
    cube 3682.166 (depth 1, 32 lits): UNSAT in 0.10s
    cube 3682.167 (depth 1, 32 lits): UNSAT in 0.16s
    cube 3682.168 (depth 1, 32 lits): UNSAT in 0.30s
    cube 3682.169 (depth 1, 32 lits): UNSAT in 0.07s
    cube 3682.170 (depth 1, 32 lits): UNSAT in 0.34s
    cube 3682.171 (depth 1, 32 lits): UNSAT in 0.81s
    cube 3682.172 (depth 1, 32 lits): UNSAT in 3.24s
    cube 3682.173 (depth 1, 31 lits): UNSAT in 0.01s
    cube 3682.174 (depth 1, 32 lits): UNSAT in 0.02s
    cube 3682.175 (depth 1, 32 lits): UNSAT in 0.06s
    cube 3682.176 (depth 1, 32 lits): UNSAT in 0.03s
    cube 3682.177 (depth 1, 32 lits): UNSAT in 0.07s
    cube 3682.178 (depth 1, 32 lits): UNSAT in 0.03s
    cube 3682.179 (depth 1, 32 lits): UNSAT in 0.07s
    cube 3682.180 (depth 1, 32 lits): UNSAT in 0.01s
    cube 3682.181 (depth 1, 32 lits): UNSAT in 0.06s
    cube 3682.182 (depth 1, 32 lits): UNSAT in 0.06s
    cube 3682.183 (depth 1, 32 lits): UNSAT in 0.13s
    cube 3682.184 (depth 1, 32 lits): UNSAT in 0.08s
    cube 3682.185 (depth 1, 32 lits): UNSAT in 0.11s
    cube 3682.186 (depth 1, 32 lits): UNSAT in 0.09s
    cube 3682.187 (depth 1, 32 lits): UNSAT in 0.29s
    cube 3682.188 (depth 1, 32 lits): UNSAT in 0.04s
    cube 3682.189 (depth 1, 32 lits): UNSAT in 0.07s
    cube 3682.190 (depth 1, 32 lits): UNSAT in 0.05s
    cube 3682.191 (depth 1, 32 lits): UNSAT in 0.12s
    cube 3682.192 (depth 1, 32 lits): UNSAT in 0.14s
    cube 3682.193 (depth 1, 32 lits): UNSAT in 0.20s
    cube 3682.194 (depth 1, 32 lits): UNSAT in 0.08s
    cube 3682.195 (depth 1, 32 lits): UNSAT in 0.43s
    cube 3682.196 (depth 1, 32 lits): UNSAT in 0.08s
    cube 3682.197 (depth 1, 32 lits): UNSAT in 0.22s
    cube 3682.198 (depth 1, 32 lits): UNSAT in 0.12s
    cube 3682.199 (depth 1, 32 lits): UNSAT in 0.87s
    cube 3682.200 (depth 1, 32 lits): UNSAT in 0.16s
    cube 3682.201 (depth 1, 32 lits): UNSAT in 0.66s
    cube 3682.202 (depth 1, 32 lits): UNSAT in 0.97s
    cube 3682.203 (depth 1, 32 lits): UNSAT in 2.35s
    cube 3682.204 (depth 1, 32 lits): UNSAT in 0.02s
    cube 3682.205 (depth 1, 32 lits): UNSAT in 0.04s
    cube 3682.206 (depth 1, 32 lits): UNSAT in 0.02s
    cube 3682.207 (depth 1, 32 lits): UNSAT in 0.04s
    cube 3682.208 (depth 1, 32 lits): UNSAT in 0.03s
    cube 3682.209 (depth 1, 32 lits): UNSAT in 0.05s
    cube 3682.210 (depth 1, 32 lits): UNSAT in 0.07s
    cube 3682.211 (depth 1, 32 lits): UNSAT in 0.21s
    cube 3682.212 (depth 1, 32 lits): UNSAT in 0.02s
    cube 3682.213 (depth 1, 32 lits): UNSAT in 0.06s
    cube 3682.214 (depth 1, 32 lits): UNSAT in 0.10s
    cube 3682.215 (depth 1, 32 lits): UNSAT in 0.16s
    cube 3682.216 (depth 1, 32 lits): UNSAT in 0.12s
    cube 3682.217 (depth 1, 32 lits): UNSAT in 0.33s
    cube 3682.218 (depth 1, 32 lits): UNSAT in 0.23s
    cube 3682.219 (depth 1, 32 lits): UNSAT in 5.26s
    cube 3682.220 (depth 1, 32 lits): UNSAT in 0.09s
    cube 3682.221 (depth 1, 32 lits): UNSAT in 0.12s
    cube 3682.222 (depth 1, 32 lits): UNSAT in 0.16s
    cube 3682.223 (depth 1, 32 lits): UNSAT in 0.22s
    cube 3682.224 (depth 1, 32 lits): UNSAT in 0.11s
    cube 3682.225 (depth 1, 32 lits): UNSAT in 0.26s
    cube 3682.226 (depth 1, 32 lits): UNSAT in 0.36s
    cube 3682.227 (depth 1, 32 lits): UNSAT in 2.62s
    cube 3682.228 (depth 1, 32 lits): UNSAT in 0.09s
    cube 3682.229 (depth 1, 32 lits): UNSAT in 0.21s
    cube 3682.230 (depth 1, 32 lits): UNSAT in 0.28s
    cube 3682.231 (depth 1, 32 lits): UNSAT in 4.18s
    cube 3682.232 (depth 1, 32 lits): UNSAT in 0.69s
    cube 3682.233 (depth 1, 32 lits): UNSAT in 4.88s
    cube 3682.234 (depth 1, 32 lits): UNSAT in 4.68s
    cube 3682.235 (depth 1, 32 lits): UNSAT in 13.61s
    cube 3686 (depth 0, 24 lits): TIMEOUT in 600.10s
    cube 3686 TIMEOUT -> re-split into 255 sub-cubes (depth 1)
    cube 3686.0 (depth 1, 32 lits): UNSAT in 0.01s
    cube 3686.1 (depth 1, 32 lits): UNSAT in 0.02s
    cube 3686.2 (depth 1, 32 lits): UNSAT in 0.02s
    cube 3686.3 (depth 1, 32 lits): UNSAT in 0.02s
    cube 3686.4 (depth 1, 32 lits): UNSAT in 0.02s
    cube 3686.5 (depth 1, 32 lits): UNSAT in 0.02s
    cube 3686.6 (depth 1, 32 lits): UNSAT in 0.03s
    cube 3686.7 (depth 1, 32 lits): UNSAT in 0.06s
    cube 3686.8 (depth 1, 32 lits): UNSAT in 0.02s
    cube 3686.9 (depth 1, 32 lits): UNSAT in 0.03s
    cube 3686.10 (depth 1, 32 lits): UNSAT in 0.04s
    cube 3686.11 (depth 1, 32 lits): UNSAT in 0.13s
    cube 3686.12 (depth 1, 32 lits): UNSAT in 0.03s
    cube 3686.13 (depth 1, 32 lits): UNSAT in 0.08s
    cube 3686.14 (depth 1, 32 lits): UNSAT in 0.11s
    cube 3686.15 (depth 1, 32 lits): UNSAT in 0.43s
    cube 3686.16 (depth 1, 32 lits): UNSAT in 0.02s
    cube 3686.17 (depth 1, 32 lits): UNSAT in 0.02s
    cube 3686.18 (depth 1, 32 lits): UNSAT in 0.03s
    cube 3686.19 (depth 1, 32 lits): UNSAT in 0.06s
    cube 3686.20 (depth 1, 32 lits): UNSAT in 0.04s
    cube 3686.21 (depth 1, 32 lits): UNSAT in 0.07s
    cube 3686.22 (depth 1, 32 lits): UNSAT in 0.08s
    cube 3686.23 (depth 1, 32 lits): UNSAT in 0.35s
    cube 3686.24 (depth 1, 32 lits): UNSAT in 0.03s
    cube 3686.25 (depth 1, 32 lits): UNSAT in 0.09s
    cube 3686.26 (depth 1, 32 lits): UNSAT in 0.08s
    cube 3686.27 (depth 1, 32 lits): UNSAT in 0.26s
    cube 3686.28 (depth 1, 32 lits): UNSAT in 0.03s
    cube 3686.29 (depth 1, 32 lits): UNSAT in 0.12s
    cube 3686.30 (depth 1, 32 lits): UNSAT in 0.43s
    cube 3686.31 (depth 1, 32 lits): UNSAT in 2.42s
    cube 3686.32 (depth 1, 32 lits): UNSAT in 0.02s
    cube 3686.33 (depth 1, 32 lits): UNSAT in 0.02s
    cube 3686.34 (depth 1, 32 lits): UNSAT in 0.03s
    cube 3686.35 (depth 1, 32 lits): UNSAT in 0.04s
    cube 3686.36 (depth 1, 32 lits): UNSAT in 0.02s
    cube 3686.37 (depth 1, 32 lits): UNSAT in 0.02s
    cube 3686.38 (depth 1, 32 lits): UNSAT in 0.04s
    cube 3686.39 (depth 1, 32 lits): UNSAT in 0.08s
    cube 3686.40 (depth 1, 32 lits): UNSAT in 0.02s
    cube 3686.41 (depth 1, 32 lits): UNSAT in 0.06s
    cube 3686.42 (depth 1, 32 lits): UNSAT in 0.04s
    cube 3686.43 (depth 1, 32 lits): UNSAT in 0.08s
    cube 3686.44 (depth 1, 32 lits): UNSAT in 0.05s
    cube 3686.45 (depth 1, 32 lits): UNSAT in 0.16s
    cube 3686.46 (depth 1, 32 lits): UNSAT in 0.04s
    cube 3686.47 (depth 1, 32 lits): UNSAT in 0.42s
    cube 3686.48 (depth 1, 32 lits): UNSAT in 0.02s
    cube 3686.49 (depth 1, 32 lits): UNSAT in 0.06s
    cube 3686.50 (depth 1, 32 lits): UNSAT in 0.08s
    cube 3686.51 (depth 1, 32 lits): UNSAT in 0.21s
    cube 3686.52 (depth 1, 32 lits): UNSAT in 0.04s
    cube 3686.53 (depth 1, 32 lits): UNSAT in 0.06s
    cube 3686.54 (depth 1, 32 lits): UNSAT in 0.07s
    cube 3686.55 (depth 1, 32 lits): UNSAT in 0.90s
    cube 3686.56 (depth 1, 32 lits): UNSAT in 0.13s
    cube 3686.57 (depth 1, 32 lits): UNSAT in 0.90s
    cube 3686.58 (depth 1, 32 lits): UNSAT in 0.64s
    cube 3686.59 (depth 1, 32 lits): UNSAT in 1.63s
    cube 3686.60 (depth 1, 32 lits): UNSAT in 0.10s
    cube 3686.61 (depth 1, 32 lits): UNSAT in 4.47s
    cube 3686.62 (depth 1, 32 lits): UNSAT in 7.91s
    cube 3686.63 (depth 1, 32 lits): UNSAT in 21.30s
    cube 3686.64 (depth 1, 32 lits): UNSAT in 0.02s
    cube 3686.65 (depth 1, 32 lits): UNSAT in 0.02s
    cube 3686.66 (depth 1, 32 lits): UNSAT in 0.02s
    cube 3686.67 (depth 1, 32 lits): UNSAT in 0.03s
    cube 3686.68 (depth 1, 32 lits): UNSAT in 0.02s
    cube 3686.69 (depth 1, 32 lits): UNSAT in 0.01s
    cube 3686.70 (depth 1, 32 lits): UNSAT in 0.03s
    cube 3686.71 (depth 1, 32 lits): UNSAT in 0.03s
    cube 3686.72 (depth 1, 32 lits): UNSAT in 0.01s
    cube 3686.73 (depth 1, 32 lits): UNSAT in 0.02s
    cube 3686.74 (depth 1, 32 lits): UNSAT in 0.02s
    cube 3686.75 (depth 1, 32 lits): UNSAT in 0.02s
    cube 3686.76 (depth 1, 32 lits): UNSAT in 0.01s
    cube 3686.77 (depth 1, 32 lits): UNSAT in 0.03s
    cube 3686.78 (depth 1, 32 lits): UNSAT in 0.10s
    cube 3686.79 (depth 1, 32 lits): UNSAT in 0.17s
    cube 3686.80 (depth 1, 32 lits): UNSAT in 0.01s
    cube 3686.81 (depth 1, 32 lits): UNSAT in 0.02s
    cube 3686.82 (depth 1, 31 lits): UNSAT in 0.02s
    cube 3686.83 (depth 1, 32 lits): UNSAT in 0.02s
    cube 3686.84 (depth 1, 32 lits): UNSAT in 0.01s
    cube 3686.85 (depth 1, 32 lits): UNSAT in 0.03s
    cube 3686.86 (depth 1, 32 lits): UNSAT in 0.06s
    cube 3686.87 (depth 1, 32 lits): UNSAT in 0.02s
    cube 3686.88 (depth 1, 32 lits): UNSAT in 0.03s
    cube 3686.89 (depth 1, 32 lits): UNSAT in 0.02s
    cube 3686.90 (depth 1, 32 lits): UNSAT in 0.15s
    cube 3686.91 (depth 1, 32 lits): UNSAT in 0.04s
    cube 3686.92 (depth 1, 32 lits): UNSAT in 0.23s
    cube 3686.93 (depth 1, 32 lits): UNSAT in 0.16s
    cube 3686.94 (depth 1, 32 lits): UNSAT in 0.26s
    cube 3686.95 (depth 1, 32 lits): UNSAT in 0.07s
    cube 3686.96 (depth 1, 32 lits): UNSAT in 0.12s
    cube 3686.97 (depth 1, 32 lits): UNSAT in 0.12s
    cube 3686.98 (depth 1, 32 lits): UNSAT in 0.33s
    cube 3686.99 (depth 1, 32 lits): UNSAT in 0.17s
    cube 3686.100 (depth 1, 32 lits): UNSAT in 0.10s
    cube 3686.101 (depth 1, 32 lits): UNSAT in 0.24s
    cube 3686.102 (depth 1, 32 lits): UNSAT in 1.57s
    cube 3686.103 (depth 1, 32 lits): UNSAT in 0.07s
    cube 3686.104 (depth 1, 32 lits): UNSAT in 0.15s
    cube 3686.105 (depth 1, 32 lits): UNSAT in 0.08s
    cube 3686.106 (depth 1, 32 lits): UNSAT in 0.16s
    cube 3686.107 (depth 1, 32 lits): UNSAT in 0.09s
    cube 3686.108 (depth 1, 32 lits): UNSAT in 0.05s
    cube 3686.109 (depth 1, 32 lits): UNSAT in 0.14s
    cube 3686.110 (depth 1, 32 lits): UNSAT in 1.31s
    cube 3686.111 (depth 1, 32 lits): UNSAT in 0.81s
    cube 3686.112 (depth 1, 32 lits): UNSAT in 0.54s
    cube 3686.113 (depth 1, 32 lits): UNSAT in 0.24s
    cube 3686.114 (depth 1, 32 lits): UNSAT in 0.94s
    cube 3686.115 (depth 1, 32 lits): UNSAT in 0.39s
    cube 3686.116 (depth 1, 32 lits): UNSAT in 0.87s
    cube 3686.117 (depth 1, 32 lits): UNSAT in 1.48s
    cube 3686.118 (depth 1, 32 lits): UNSAT in 4.62s
    cube 3686.119 (depth 1, 32 lits): UNSAT in 0.57s
    cube 3686.120 (depth 1, 32 lits): UNSAT in 0.41s
    cube 3686.121 (depth 1, 32 lits): UNSAT in 0.23s
    cube 3686.122 (depth 1, 32 lits): UNSAT in 2.33s
    cube 3686.123 (depth 1, 32 lits): UNSAT in 0.57s
    cube 3686.124 (depth 1, 32 lits): UNSAT in 2.23s
    cube 3686.125 (depth 1, 32 lits): UNSAT in 6.17s
    cube 3686.126 (depth 1, 32 lits): UNSAT in 50.81s
    cube 3686.127 (depth 1, 32 lits): UNSAT in 0.02s
    cube 3686.128 (depth 1, 32 lits): UNSAT in 0.03s
    cube 3686.129 (depth 1, 32 lits): UNSAT in 0.09s
    cube 3686.130 (depth 1, 32 lits): UNSAT in 0.18s
    cube 3686.131 (depth 1, 32 lits): UNSAT in 0.07s
    cube 3686.132 (depth 1, 32 lits): UNSAT in 0.24s
    cube 3686.133 (depth 1, 32 lits): UNSAT in 0.21s
    cube 3686.134 (depth 1, 32 lits): UNSAT in 1.05s
    cube 3686.135 (depth 1, 32 lits): UNSAT in 0.08s
    cube 3686.136 (depth 1, 32 lits): UNSAT in 0.16s
    cube 3686.137 (depth 1, 32 lits): UNSAT in 0.07s
    cube 3686.138 (depth 1, 32 lits): UNSAT in 0.44s
    cube 3686.139 (depth 1, 32 lits): UNSAT in 0.12s
    cube 3686.140 (depth 1, 32 lits): UNSAT in 0.50s
    cube 3686.141 (depth 1, 32 lits): UNSAT in 1.30s
    cube 3686.142 (depth 1, 32 lits): UNSAT in 9.68s
    cube 3686.143 (depth 1, 32 lits): UNSAT in 0.02s
    cube 3686.144 (depth 1, 32 lits): UNSAT in 0.13s
    cube 3686.145 (depth 1, 32 lits): UNSAT in 0.03s
    cube 3686.146 (depth 1, 32 lits): UNSAT in 0.47s
    cube 3686.147 (depth 1, 32 lits): UNSAT in 0.04s
    cube 3686.148 (depth 1, 32 lits): UNSAT in 0.10s
    cube 3686.149 (depth 1, 32 lits): UNSAT in 0.20s
    cube 3686.150 (depth 1, 32 lits): UNSAT in 0.74s
    cube 3686.151 (depth 1, 32 lits): UNSAT in 0.08s
    cube 3686.152 (depth 1, 32 lits): UNSAT in 0.27s
    cube 3686.153 (depth 1, 32 lits): UNSAT in 0.49s
    cube 3686.154 (depth 1, 32 lits): UNSAT in 3.70s
    cube 3686.155 (depth 1, 32 lits): UNSAT in 0.31s
    cube 3686.156 (depth 1, 32 lits): UNSAT in 5.52s
    cube 3686.157 (depth 1, 32 lits): UNSAT in 4.34s
    cube 3686.158 (depth 1, 32 lits): UNSAT in 276.88s
    cube 3686.159 (depth 1, 32 lits): UNSAT in 0.03s
    cube 3686.160 (depth 1, 32 lits): UNSAT in 0.06s
    cube 3686.161 (depth 1, 32 lits): UNSAT in 0.07s
    cube 3686.162 (depth 1, 32 lits): UNSAT in 0.19s
    cube 3686.163 (depth 1, 32 lits): UNSAT in 0.07s
    cube 3686.164 (depth 1, 32 lits): UNSAT in 0.14s
    cube 3686.165 (depth 1, 32 lits): UNSAT in 0.11s
    cube 3686.166 (depth 1, 32 lits): UNSAT in 1.86s
    cube 3686.167 (depth 1, 32 lits): UNSAT in 0.13s
    cube 3686.168 (depth 1, 32 lits): UNSAT in 1.68s
    cube 3686.169 (depth 1, 32 lits): UNSAT in 0.55s
    cube 3686.170 (depth 1, 32 lits): UNSAT in 6.83s
    cube 3686.171 (depth 1, 32 lits): UNSAT in 0.53s
    cube 3686.172 (depth 1, 32 lits): UNSAT in 11.23s
    cube 3686.173 (depth 1, 32 lits): UNSAT in 7.26s
    cube 3686.174 (depth 1, 32 lits): UNSAT in 37.63s
    cube 3686.175 (depth 1, 32 lits): UNSAT in 0.03s
    cube 3686.176 (depth 1, 32 lits): UNSAT in 0.10s
    cube 3686.177 (depth 1, 32 lits): UNSAT in 0.23s
    cube 3686.178 (depth 1, 32 lits): UNSAT in 3.28s
    cube 3686.179 (depth 1, 32 lits): UNSAT in 0.07s
    cube 3686.180 (depth 1, 32 lits): UNSAT in 0.95s
    cube 3686.181 (depth 1, 32 lits): UNSAT in 0.42s
    cube 3686.182 (depth 1, 32 lits): UNSAT in 8.08s
    cube 3686.183 (depth 1, 32 lits): UNSAT in 0.31s
    cube 3686.184 (depth 1, 32 lits): UNSAT in 1.78s
    cube 3686.185 (depth 1, 32 lits): UNSAT in 2.45s
    cube 3686.186 (depth 1, 32 lits): UNSAT in 18.15s
    cube 3686.187 (depth 1, 32 lits): UNSAT in 1.12s
    cube 3686.188 (depth 1, 32 lits): UNSAT in 10.36s
    cube 3686.189 (depth 1, 32 lits): UNSAT in 13.94s
    cube 3686.190 (depth 1, 32 lits): UNSAT in 526.08s
    cube 3686.191 (depth 1, 32 lits): UNSAT in 0.07s
    cube 3686.192 (depth 1, 32 lits): UNSAT in 0.18s
    cube 3686.193 (depth 1, 32 lits): UNSAT in 0.28s
    cube 3686.194 (depth 1, 32 lits): UNSAT in 0.94s
    cube 3686.195 (depth 1, 32 lits): UNSAT in 0.16s
    cube 3686.196 (depth 1, 32 lits): UNSAT in 0.93s
    cube 3686.197 (depth 1, 32 lits): UNSAT in 0.53s
    cube 3686.198 (depth 1, 32 lits): UNSAT in 5.84s
    cube 3686.199 (depth 1, 32 lits): UNSAT in 0.08s
    cube 3686.200 (depth 1, 32 lits): UNSAT in 0.24s
    cube 3686.201 (depth 1, 32 lits): UNSAT in 0.23s
    cube 3686.202 (depth 1, 32 lits): UNSAT in 2.66s
    cube 3686.203 (depth 1, 32 lits): UNSAT in 2.27s
    cube 3686.204 (depth 1, 32 lits): UNSAT in 8.18s
    cube 3686.205 (depth 1, 32 lits): UNSAT in 5.42s
    cube 3686.206 (depth 1, 32 lits): UNSAT in 97.16s
    cube 3686.207 (depth 1, 32 lits): UNSAT in 0.04s
    cube 3686.208 (depth 1, 32 lits): UNSAT in 0.34s
    cube 3686.209 (depth 1, 32 lits): UNSAT in 0.33s
    cube 3686.210 (depth 1, 32 lits): UNSAT in 0.91s
    cube 3686.211 (depth 1, 32 lits): UNSAT in 0.10s
    cube 3686.212 (depth 1, 32 lits): UNSAT in 0.17s
    cube 3686.213 (depth 1, 32 lits): UNSAT in 0.50s
    cube 3686.214 (depth 1, 32 lits): UNSAT in 2.92s
    cube 3686.215 (depth 1, 32 lits): UNSAT in 0.19s
    cube 3686.216 (depth 1, 32 lits): UNSAT in 1.54s
    cube 3686.217 (depth 1, 32 lits): UNSAT in 0.50s
    cube 3686.218 (depth 1, 32 lits): UNSAT in 8.93s
    cube 3686.219 (depth 1, 32 lits): UNSAT in 1.17s
    cube 3686.220 (depth 1, 32 lits): UNSAT in 9.31s
    cube 3686.221 (depth 1, 32 lits): UNSAT in 9.16s
    cube 3686.222 (depth 1, 32 lits): UNSAT in 196.19s
    cube 3686.223 (depth 1, 32 lits): UNSAT in 0.24s
    cube 3686.224 (depth 1, 32 lits): UNSAT in 0.78s
    cube 3686.225 (depth 1, 32 lits): UNSAT in 0.77s
    cube 3686.226 (depth 1, 32 lits): UNSAT in 2.94s
    cube 3686.227 (depth 1, 32 lits): UNSAT in 0.58s
    cube 3686.228 (depth 1, 32 lits): UNSAT in 2.24s
    cube 3686.229 (depth 1, 32 lits): UNSAT in 2.19s
    cube 3686.230 (depth 1, 32 lits): UNSAT in 15.31s
    cube 3686.231 (depth 1, 32 lits): UNSAT in 0.39s
    cube 3686.232 (depth 1, 32 lits): UNSAT in 1.56s
    cube 3686.233 (depth 1, 32 lits): UNSAT in 2.37s
    cube 3686.234 (depth 1, 32 lits): UNSAT in 4.13s
    cube 3686.235 (depth 1, 32 lits): UNSAT in 4.65s
    cube 3686.236 (depth 1, 32 lits): UNSAT in 27.34s
    cube 3686.237 (depth 1, 32 lits): UNSAT in 32.01s
    cube 3686.238 (depth 1, 32 lits): UNSAT in 300.04s
    cube 3686.239 (depth 1, 32 lits): UNSAT in 0.23s
    cube 3686.240 (depth 1, 32 lits): UNSAT in 2.21s
    cube 3686.241 (depth 1, 32 lits): UNSAT in 2.75s
    cube 3686.242 (depth 1, 32 lits): UNSAT in 7.93s
    cube 3686.243 (depth 1, 32 lits): UNSAT in 1.43s
    cube 3686.244 (depth 1, 32 lits): UNSAT in 6.40s
    cube 3686.245 (depth 1, 32 lits): UNSAT in 10.63s
    cube 3686.246 (depth 1, 32 lits): UNSAT in 154.98s
    cube 3686.247 (depth 1, 32 lits): UNSAT in 0.90s
    cube 3686.248 (depth 1, 32 lits): UNSAT in 6.88s
    cube 3686.249 (depth 1, 32 lits): UNSAT in 10.36s
    cube 3686.250 (depth 1, 32 lits): UNSAT in 65.72s
    cube 3686.251 (depth 1, 32 lits): UNSAT in 2.72s
    cube 3686.252 (depth 1, 32 lits): UNSAT in 157.43s
    cube 3686.253 (depth 1, 32 lits): TIMEOUT in 600.08s
    cube 3686.253 TIMEOUT -> re-split into 251 sub-cubes (depth 2)
    cube 3686.253.0 (depth 2, 39 lits): UNSAT in 0.01s
    cube 3686.253.1 (depth 2, 39 lits): UNSAT in 0.01s
    cube 3686.253.2 (depth 2, 40 lits): UNSAT in 0.01s
    cube 3686.253.3 (depth 2, 40 lits): UNSAT in 0.02s
    cube 3686.253.4 (depth 2, 40 lits): UNSAT in 0.02s
    cube 3686.253.5 (depth 2, 40 lits): UNSAT in 0.02s
    cube 3686.253.6 (depth 2, 39 lits): UNSAT in 0.01s
    cube 3686.253.7 (depth 2, 39 lits): UNSAT in 0.02s
    cube 3686.253.8 (depth 2, 40 lits): UNSAT in 0.01s
    cube 3686.253.9 (depth 2, 40 lits): UNSAT in 0.02s
    cube 3686.253.10 (depth 2, 40 lits): UNSAT in 0.02s
    cube 3686.253.11 (depth 2, 40 lits): UNSAT in 0.06s
    cube 3686.253.12 (depth 2, 40 lits): UNSAT in 0.01s
    cube 3686.253.13 (depth 2, 40 lits): UNSAT in 0.01s
    cube 3686.253.14 (depth 2, 40 lits): UNSAT in 0.02s
    cube 3686.253.15 (depth 2, 40 lits): UNSAT in 0.02s
    cube 3686.253.16 (depth 2, 40 lits): UNSAT in 0.01s
    cube 3686.253.17 (depth 2, 40 lits): UNSAT in 0.02s
    cube 3686.253.18 (depth 2, 40 lits): UNSAT in 0.03s
    cube 3686.253.19 (depth 2, 40 lits): UNSAT in 0.03s
    cube 3686.253.20 (depth 2, 40 lits): UNSAT in 0.01s
    cube 3686.253.21 (depth 2, 40 lits): UNSAT in 0.03s
    cube 3686.253.22 (depth 2, 40 lits): UNSAT in 0.02s
    cube 3686.253.23 (depth 2, 40 lits): UNSAT in 0.05s
    cube 3686.253.24 (depth 2, 40 lits): UNSAT in 0.03s
    cube 3686.253.25 (depth 2, 40 lits): UNSAT in 0.07s
    cube 3686.253.26 (depth 2, 40 lits): UNSAT in 0.08s
    cube 3686.253.27 (depth 2, 40 lits): UNSAT in 0.11s
    cube 3686.253.28 (depth 2, 40 lits): UNSAT in 0.01s
    cube 3686.253.29 (depth 2, 40 lits): UNSAT in 0.02s
    cube 3686.253.30 (depth 2, 40 lits): UNSAT in 0.01s
    cube 3686.253.31 (depth 2, 40 lits): UNSAT in 0.02s
    cube 3686.253.32 (depth 2, 40 lits): UNSAT in 0.01s
    cube 3686.253.33 (depth 2, 40 lits): UNSAT in 0.02s
    cube 3686.253.34 (depth 2, 40 lits): UNSAT in 0.03s
    cube 3686.253.35 (depth 2, 40 lits): UNSAT in 0.05s
    cube 3686.253.36 (depth 2, 40 lits): UNSAT in 0.02s
    cube 3686.253.37 (depth 2, 40 lits): UNSAT in 0.02s
    cube 3686.253.38 (depth 2, 40 lits): UNSAT in 0.02s
    cube 3686.253.39 (depth 2, 40 lits): UNSAT in 0.05s
    cube 3686.253.40 (depth 2, 40 lits): UNSAT in 0.02s
    cube 3686.253.41 (depth 2, 40 lits): UNSAT in 0.05s
    cube 3686.253.42 (depth 2, 40 lits): UNSAT in 0.02s
    cube 3686.253.43 (depth 2, 40 lits): UNSAT in 0.08s
    cube 3686.253.44 (depth 2, 40 lits): UNSAT in 0.02s
    cube 3686.253.45 (depth 2, 40 lits): UNSAT in 0.02s
    cube 3686.253.46 (depth 2, 40 lits): UNSAT in 0.02s
    cube 3686.253.47 (depth 2, 40 lits): UNSAT in 0.04s
    cube 3686.253.48 (depth 2, 40 lits): UNSAT in 0.04s
    cube 3686.253.49 (depth 2, 40 lits): UNSAT in 0.09s
    cube 3686.253.50 (depth 2, 40 lits): UNSAT in 0.09s
    cube 3686.253.51 (depth 2, 40 lits): UNSAT in 0.12s
    cube 3686.253.52 (depth 2, 40 lits): UNSAT in 0.04s
    cube 3686.253.53 (depth 2, 40 lits): UNSAT in 0.11s
    cube 3686.253.54 (depth 2, 40 lits): UNSAT in 0.06s
    cube 3686.253.55 (depth 2, 40 lits): UNSAT in 0.45s
    cube 3686.253.56 (depth 2, 40 lits): UNSAT in 0.04s
    cube 3686.253.57 (depth 2, 40 lits): UNSAT in 0.06s
    cube 3686.253.58 (depth 2, 40 lits): UNSAT in 0.24s
    cube 3686.253.59 (depth 2, 40 lits): UNSAT in 0.36s
    cube 3686.253.60 (depth 2, 40 lits): UNSAT in 0.01s
    cube 3686.253.61 (depth 2, 40 lits): UNSAT in 0.01s
    cube 3686.253.62 (depth 2, 40 lits): UNSAT in 0.01s
    cube 3686.253.63 (depth 2, 40 lits): UNSAT in 0.02s
    cube 3686.253.64 (depth 2, 40 lits): UNSAT in 0.02s
    cube 3686.253.65 (depth 2, 40 lits): UNSAT in 0.02s
    cube 3686.253.66 (depth 2, 40 lits): UNSAT in 0.01s
    cube 3686.253.67 (depth 2, 40 lits): UNSAT in 0.06s
    cube 3686.253.68 (depth 2, 40 lits): UNSAT in 0.02s
    cube 3686.253.69 (depth 2, 40 lits): UNSAT in 0.03s
    cube 3686.253.70 (depth 2, 40 lits): UNSAT in 0.03s
    cube 3686.253.71 (depth 2, 40 lits): UNSAT in 0.05s
    cube 3686.253.72 (depth 2, 40 lits): UNSAT in 0.02s
    cube 3686.253.73 (depth 2, 40 lits): UNSAT in 0.04s
    cube 3686.253.74 (depth 2, 40 lits): UNSAT in 0.06s
    cube 3686.253.75 (depth 2, 40 lits): UNSAT in 0.14s
    cube 3686.253.76 (depth 2, 40 lits): UNSAT in 0.01s
    cube 3686.253.77 (depth 2, 40 lits): UNSAT in 0.01s
    cube 3686.253.78 (depth 2, 40 lits): UNSAT in 0.02s
    cube 3686.253.79 (depth 2, 40 lits): UNSAT in 0.01s
    cube 3686.253.80 (depth 2, 40 lits): UNSAT in 0.02s
    cube 3686.253.81 (depth 2, 40 lits): UNSAT in 0.02s
    cube 3686.253.82 (depth 2, 40 lits): UNSAT in 0.06s
    cube 3686.253.83 (depth 2, 40 lits): UNSAT in 0.07s
    cube 3686.253.84 (depth 2, 40 lits): UNSAT in 0.02s
    cube 3686.253.85 (depth 2, 40 lits): UNSAT in 0.06s
    cube 3686.253.86 (depth 2, 40 lits): UNSAT in 0.03s
    cube 3686.253.87 (depth 2, 40 lits): UNSAT in 0.10s
    cube 3686.253.88 (depth 2, 40 lits): UNSAT in 0.09s
    cube 3686.253.89 (depth 2, 40 lits): UNSAT in 0.37s
    cube 3686.253.90 (depth 2, 40 lits): UNSAT in 0.15s
    cube 3686.253.91 (depth 2, 40 lits): UNSAT in 0.62s
    cube 3686.253.92 (depth 2, 40 lits): UNSAT in 0.02s
    cube 3686.253.93 (depth 2, 40 lits): UNSAT in 0.03s
    cube 3686.253.94 (depth 2, 40 lits): UNSAT in 0.02s
    cube 3686.253.95 (depth 2, 40 lits): UNSAT in 0.05s
    cube 3686.253.96 (depth 2, 40 lits): UNSAT in 0.03s
    cube 3686.253.97 (depth 2, 40 lits): UNSAT in 0.09s
    cube 3686.253.98 (depth 2, 40 lits): UNSAT in 0.06s
    cube 3686.253.99 (depth 2, 40 lits): UNSAT in 0.14s
    cube 3686.253.100 (depth 2, 40 lits): UNSAT in 0.02s
    cube 3686.253.101 (depth 2, 40 lits): UNSAT in 0.05s
    cube 3686.253.102 (depth 2, 40 lits): UNSAT in 0.06s
    cube 3686.253.103 (depth 2, 40 lits): UNSAT in 0.21s
    cube 3686.253.104 (depth 2, 40 lits): UNSAT in 0.03s
    cube 3686.253.105 (depth 2, 40 lits): UNSAT in 0.04s
    cube 3686.253.106 (depth 2, 40 lits): UNSAT in 0.09s
    cube 3686.253.107 (depth 2, 40 lits): UNSAT in 0.67s
    cube 3686.253.108 (depth 2, 40 lits): UNSAT in 0.04s
    cube 3686.253.109 (depth 2, 40 lits): UNSAT in 0.02s
    cube 3686.253.110 (depth 2, 40 lits): UNSAT in 0.03s
    cube 3686.253.111 (depth 2, 40 lits): UNSAT in 0.06s
    cube 3686.253.112 (depth 2, 40 lits): UNSAT in 0.10s
    cube 3686.253.113 (depth 2, 40 lits): UNSAT in 0.28s
    cube 3686.253.114 (depth 2, 40 lits): UNSAT in 0.13s
    cube 3686.253.115 (depth 2, 40 lits): UNSAT in 0.55s
    cube 3686.253.116 (depth 2, 40 lits): UNSAT in 0.08s
    cube 3686.253.117 (depth 2, 40 lits): UNSAT in 0.31s
    cube 3686.253.118 (depth 2, 40 lits): UNSAT in 0.62s
    cube 3686.253.119 (depth 2, 40 lits): UNSAT in 2.56s
    cube 3686.253.120 (depth 2, 40 lits): UNSAT in 1.39s
    cube 3686.253.121 (depth 2, 40 lits): UNSAT in 1.89s
    cube 3686.253.122 (depth 2, 40 lits): UNSAT in 3.77s
    cube 3686.253.123 (depth 2, 40 lits): UNSAT in 8.71s
    cube 3686.253.124 (depth 2, 40 lits): UNSAT in 0.01s
    cube 3686.253.125 (depth 2, 40 lits): UNSAT in 0.02s
    cube 3686.253.126 (depth 2, 40 lits): UNSAT in 0.01s
    cube 3686.253.127 (depth 2, 40 lits): UNSAT in 0.02s
    cube 3686.253.128 (depth 2, 40 lits): UNSAT in 0.04s
    cube 3686.253.129 (depth 2, 40 lits): UNSAT in 0.03s
    cube 3686.253.130 (depth 2, 40 lits): UNSAT in 0.03s
    cube 3686.253.131 (depth 2, 40 lits): UNSAT in 0.14s
    cube 3686.253.132 (depth 2, 40 lits): UNSAT in 0.02s
    cube 3686.253.133 (depth 2, 40 lits): UNSAT in 0.06s
    cube 3686.253.134 (depth 2, 40 lits): UNSAT in 0.09s
    cube 3686.253.135 (depth 2, 40 lits): UNSAT in 0.15s
    cube 3686.253.136 (depth 2, 40 lits): UNSAT in 0.07s
    cube 3686.253.137 (depth 2, 40 lits): UNSAT in 0.11s
    cube 3686.253.138 (depth 2, 40 lits): UNSAT in 0.14s
    cube 3686.253.139 (depth 2, 40 lits): UNSAT in 0.68s
    cube 3686.253.140 (depth 2, 40 lits): UNSAT in 0.02s
    cube 3686.253.141 (depth 2, 40 lits): UNSAT in 0.03s
    cube 3686.253.142 (depth 2, 40 lits): UNSAT in 0.03s
    cube 3686.253.143 (depth 2, 40 lits): UNSAT in 0.08s
    cube 3686.253.144 (depth 2, 40 lits): UNSAT in 0.04s
    cube 3686.253.145 (depth 2, 40 lits): UNSAT in 0.05s
    cube 3686.253.146 (depth 2, 40 lits): UNSAT in 0.14s
    cube 3686.253.147 (depth 2, 40 lits): UNSAT in 0.39s
    cube 3686.253.148 (depth 2, 40 lits): UNSAT in 0.09s
    cube 3686.253.149 (depth 2, 40 lits): UNSAT in 0.17s
    cube 3686.253.150 (depth 2, 40 lits): UNSAT in 0.14s
    cube 3686.253.151 (depth 2, 40 lits): UNSAT in 1.01s
    cube 3686.253.152 (depth 2, 40 lits): UNSAT in 0.14s
    cube 3686.253.153 (depth 2, 40 lits): UNSAT in 0.33s
    cube 3686.253.154 (depth 2, 40 lits): UNSAT in 0.29s
    cube 3686.253.155 (depth 2, 40 lits): UNSAT in 2.02s
    cube 3686.253.156 (depth 2, 40 lits): UNSAT in 0.02s
    cube 3686.253.157 (depth 2, 40 lits): UNSAT in 0.02s
    cube 3686.253.158 (depth 2, 40 lits): UNSAT in 0.02s
    cube 3686.253.159 (depth 2, 40 lits): UNSAT in 0.03s
    cube 3686.253.160 (depth 2, 40 lits): UNSAT in 0.01s
    cube 3686.253.161 (depth 2, 40 lits): UNSAT in 0.03s
    cube 3686.253.162 (depth 2, 40 lits): UNSAT in 0.12s
    cube 3686.253.163 (depth 2, 40 lits): UNSAT in 0.27s
    cube 3686.253.164 (depth 2, 40 lits): UNSAT in 0.05s
    cube 3686.253.165 (depth 2, 40 lits): UNSAT in 0.12s
    cube 3686.253.166 (depth 2, 40 lits): UNSAT in 0.04s
    cube 3686.253.167 (depth 2, 40 lits): UNSAT in 0.03s
    cube 3686.253.168 (depth 2, 40 lits): UNSAT in 0.07s
    cube 3686.253.169 (depth 2, 40 lits): UNSAT in 0.25s
    cube 3686.253.170 (depth 2, 40 lits): UNSAT in 0.45s
    cube 3686.253.171 (depth 2, 40 lits): UNSAT in 0.79s
    cube 3686.253.172 (depth 2, 40 lits): UNSAT in 0.07s
    cube 3686.253.173 (depth 2, 40 lits): UNSAT in 0.22s
    cube 3686.253.174 (depth 2, 40 lits): UNSAT in 0.22s
    cube 3686.253.175 (depth 2, 40 lits): UNSAT in 0.69s
    cube 3686.253.176 (depth 2, 40 lits): UNSAT in 0.10s
    cube 3686.253.177 (depth 2, 40 lits): UNSAT in 0.10s
    cube 3686.253.178 (depth 2, 40 lits): UNSAT in 0.16s
    cube 3686.253.179 (depth 2, 40 lits): UNSAT in 1.79s
    cube 3686.253.180 (depth 2, 40 lits): UNSAT in 0.03s
    cube 3686.253.181 (depth 2, 40 lits): UNSAT in 0.04s
    cube 3686.253.182 (depth 2, 40 lits): UNSAT in 0.05s
    cube 3686.253.183 (depth 2, 40 lits): UNSAT in 0.45s
    cube 3686.253.184 (depth 2, 40 lits): UNSAT in 0.07s
    cube 3686.253.185 (depth 2, 40 lits): UNSAT in 0.70s
    cube 3686.253.186 (depth 2, 40 lits): UNSAT in 1.18s
    cube 3686.253.187 (depth 2, 40 lits): UNSAT in 5.08s
    cube 3686.253.188 (depth 2, 39 lits): UNSAT in 0.02s
    cube 3686.253.189 (depth 2, 40 lits): UNSAT in 0.04s
    cube 3686.253.190 (depth 2, 40 lits): UNSAT in 0.03s
    cube 3686.253.191 (depth 2, 40 lits): UNSAT in 0.03s
    cube 3686.253.192 (depth 2, 40 lits): UNSAT in 0.03s
    cube 3686.253.193 (depth 2, 40 lits): UNSAT in 0.04s
    cube 3686.253.194 (depth 2, 40 lits): UNSAT in 0.05s
    cube 3686.253.195 (depth 2, 40 lits): UNSAT in 0.03s
    cube 3686.253.196 (depth 2, 40 lits): UNSAT in 0.17s
    cube 3686.253.197 (depth 2, 40 lits): UNSAT in 0.07s
    cube 3686.253.198 (depth 2, 40 lits): UNSAT in 0.42s
    cube 3686.253.199 (depth 2, 40 lits): UNSAT in 0.25s
    cube 3686.253.200 (depth 2, 40 lits): UNSAT in 0.30s
    cube 3686.253.201 (depth 2, 40 lits): UNSAT in 0.49s
    cube 3686.253.202 (depth 2, 40 lits): UNSAT in 1.60s
    cube 3686.253.203 (depth 2, 40 lits): UNSAT in 0.02s
    cube 3686.253.204 (depth 2, 40 lits): UNSAT in 0.03s
    cube 3686.253.205 (depth 2, 40 lits): UNSAT in 0.06s
    cube 3686.253.206 (depth 2, 40 lits): UNSAT in 0.11s
    cube 3686.253.207 (depth 2, 40 lits): UNSAT in 0.07s
    cube 3686.253.208 (depth 2, 40 lits): UNSAT in 0.37s
    cube 3686.253.209 (depth 2, 40 lits): UNSAT in 0.11s
    cube 3686.253.210 (depth 2, 40 lits): UNSAT in 0.42s
    cube 3686.253.211 (depth 2, 40 lits): UNSAT in 0.06s
    cube 3686.253.212 (depth 2, 40 lits): UNSAT in 0.35s
    cube 3686.253.213 (depth 2, 40 lits): UNSAT in 0.20s
    cube 3686.253.214 (depth 2, 40 lits): UNSAT in 1.77s
    cube 3686.253.215 (depth 2, 40 lits): UNSAT in 0.07s
    cube 3686.253.216 (depth 2, 40 lits): UNSAT in 1.10s
    cube 3686.253.217 (depth 2, 40 lits): UNSAT in 0.29s
    cube 3686.253.218 (depth 2, 40 lits): UNSAT in 6.47s
    cube 3686.253.219 (depth 2, 40 lits): UNSAT in 0.03s
    cube 3686.253.220 (depth 2, 40 lits): UNSAT in 0.06s
    cube 3686.253.221 (depth 2, 40 lits): UNSAT in 0.24s
    cube 3686.253.222 (depth 2, 40 lits): UNSAT in 0.57s
    cube 3686.253.223 (depth 2, 40 lits): UNSAT in 0.29s
    cube 3686.253.224 (depth 2, 40 lits): UNSAT in 0.41s
    cube 3686.253.225 (depth 2, 40 lits): UNSAT in 0.40s
    cube 3686.253.226 (depth 2, 40 lits): UNSAT in 0.79s
    cube 3686.253.227 (depth 2, 40 lits): UNSAT in 0.07s
    cube 3686.253.228 (depth 2, 40 lits): UNSAT in 0.45s
    cube 3686.253.229 (depth 2, 40 lits): UNSAT in 0.39s
    cube 3686.253.230 (depth 2, 40 lits): UNSAT in 2.75s
    cube 3686.253.231 (depth 2, 40 lits): UNSAT in 1.21s
    cube 3686.253.232 (depth 2, 40 lits): UNSAT in 1.63s
    cube 3686.253.233 (depth 2, 40 lits): UNSAT in 0.33s
    cube 3686.253.234 (depth 2, 40 lits): UNSAT in 5.49s
    cube 3686.253.235 (depth 2, 40 lits): UNSAT in 0.25s
    cube 3686.253.236 (depth 2, 40 lits): UNSAT in 0.90s
    cube 3686.253.237 (depth 2, 40 lits): UNSAT in 0.91s
    cube 3686.253.238 (depth 2, 40 lits): UNSAT in 5.02s
    cube 3686.253.239 (depth 2, 40 lits): UNSAT in 1.01s
    cube 3686.253.240 (depth 2, 40 lits): UNSAT in 2.14s
    cube 3686.253.241 (depth 2, 40 lits): UNSAT in 3.02s
    cube 3686.253.242 (depth 2, 40 lits): UNSAT in 22.16s
    cube 3686.253.243 (depth 2, 40 lits): UNSAT in 0.53s
    cube 3686.253.244 (depth 2, 40 lits): UNSAT in 5.54s
    cube 3686.253.245 (depth 2, 40 lits): UNSAT in 4.22s
    cube 3686.253.246 (depth 2, 40 lits): UNSAT in 7.10s
    cube 3686.253.247 (depth 2, 40 lits): UNSAT in 0.48s
    cube 3686.253.248 (depth 2, 40 lits): UNSAT in 5.37s
    cube 3686.253.249 (depth 2, 40 lits): UNSAT in 7.27s
    cube 3686.253.250 (depth 2, 40 lits): UNSAT in 29.48s
    cube 3686.254 (depth 1, 32 lits): TIMEOUT in 600.10s
    cube 3686.254 TIMEOUT -> re-split into 241 sub-cubes (depth 2)
    cube 3686.254.0 (depth 2, 38 lits): UNSAT in 0.02s
    cube 3686.254.1 (depth 2, 39 lits): UNSAT in 0.01s
    cube 3686.254.2 (depth 2, 40 lits): UNSAT in 0.01s
    cube 3686.254.3 (depth 2, 40 lits): UNSAT in 0.02s
    cube 3686.254.4 (depth 2, 40 lits): UNSAT in 0.01s
    cube 3686.254.5 (depth 2, 40 lits): UNSAT in 0.02s
    cube 3686.254.6 (depth 2, 40 lits): UNSAT in 0.02s
    cube 3686.254.7 (depth 2, 40 lits): UNSAT in 0.04s
    cube 3686.254.8 (depth 2, 40 lits): UNSAT in 0.02s
    cube 3686.254.9 (depth 2, 40 lits): UNSAT in 0.02s
    cube 3686.254.10 (depth 2, 40 lits): UNSAT in 0.04s
    cube 3686.254.11 (depth 2, 40 lits): UNSAT in 0.07s
    cube 3686.254.12 (depth 2, 39 lits): UNSAT in 0.02s
    cube 3686.254.13 (depth 2, 40 lits): UNSAT in 0.02s
    cube 3686.254.14 (depth 2, 40 lits): UNSAT in 0.03s
    cube 3686.254.15 (depth 2, 40 lits): UNSAT in 0.02s
    cube 3686.254.16 (depth 2, 40 lits): UNSAT in 0.03s
    cube 3686.254.17 (depth 2, 40 lits): UNSAT in 0.02s
    cube 3686.254.18 (depth 2, 40 lits): UNSAT in 0.06s
    cube 3686.254.19 (depth 2, 40 lits): UNSAT in 0.01s
    cube 3686.254.20 (depth 2, 40 lits): UNSAT in 0.04s
    cube 3686.254.21 (depth 2, 40 lits): UNSAT in 0.02s
    cube 3686.254.22 (depth 2, 40 lits): UNSAT in 0.04s
    cube 3686.254.23 (depth 2, 40 lits): UNSAT in 0.02s
    cube 3686.254.24 (depth 2, 40 lits): UNSAT in 0.08s
    cube 3686.254.25 (depth 2, 40 lits): UNSAT in 0.12s
    cube 3686.254.26 (depth 2, 40 lits): UNSAT in 0.38s
    cube 3686.254.27 (depth 2, 40 lits): UNSAT in 0.01s
    cube 3686.254.28 (depth 2, 40 lits): UNSAT in 0.02s
    cube 3686.254.29 (depth 2, 40 lits): UNSAT in 0.03s
    cube 3686.254.30 (depth 2, 40 lits): UNSAT in 0.09s
    cube 3686.254.31 (depth 2, 40 lits): UNSAT in 0.01s
    cube 3686.254.32 (depth 2, 40 lits): UNSAT in 0.03s
    cube 3686.254.33 (depth 2, 40 lits): UNSAT in 0.05s
    cube 3686.254.34 (depth 2, 40 lits): UNSAT in 0.10s
    cube 3686.254.35 (depth 2, 40 lits): UNSAT in 0.02s
    cube 3686.254.36 (depth 2, 40 lits): UNSAT in 0.02s
    cube 3686.254.37 (depth 2, 40 lits): UNSAT in 0.04s
    cube 3686.254.38 (depth 2, 40 lits): UNSAT in 0.06s
    cube 3686.254.39 (depth 2, 40 lits): UNSAT in 0.06s
    cube 3686.254.40 (depth 2, 40 lits): UNSAT in 0.45s
    cube 3686.254.41 (depth 2, 40 lits): UNSAT in 0.28s
    cube 3686.254.42 (depth 2, 40 lits): UNSAT in 0.56s
    cube 3686.254.43 (depth 2, 40 lits): UNSAT in 0.03s
    cube 3686.254.44 (depth 2, 40 lits): UNSAT in 0.06s
    cube 3686.254.45 (depth 2, 40 lits): UNSAT in 0.04s
    cube 3686.254.46 (depth 2, 40 lits): UNSAT in 0.06s
    cube 3686.254.47 (depth 2, 40 lits): UNSAT in 0.05s
    cube 3686.254.48 (depth 2, 40 lits): UNSAT in 0.08s
    cube 3686.254.49 (depth 2, 40 lits): UNSAT in 0.33s
    cube 3686.254.50 (depth 2, 40 lits): UNSAT in 0.43s
    cube 3686.254.51 (depth 2, 40 lits): UNSAT in 0.04s
    cube 3686.254.52 (depth 2, 40 lits): UNSAT in 0.19s
    cube 3686.254.53 (depth 2, 40 lits): UNSAT in 0.10s
    cube 3686.254.54 (depth 2, 40 lits): UNSAT in 0.34s
    cube 3686.254.55 (depth 2, 40 lits): UNSAT in 0.22s
    cube 3686.254.56 (depth 2, 40 lits): UNSAT in 0.83s
    cube 3686.254.57 (depth 2, 40 lits): UNSAT in 0.66s
    cube 3686.254.58 (depth 2, 40 lits): UNSAT in 11.49s
    cube 3686.254.59 (depth 2, 40 lits): UNSAT in 0.01s
    cube 3686.254.60 (depth 2, 40 lits): UNSAT in 0.02s
    cube 3686.254.61 (depth 2, 40 lits): UNSAT in 0.03s
    cube 3686.254.62 (depth 2, 40 lits): UNSAT in 0.02s
    cube 3686.254.63 (depth 2, 40 lits): UNSAT in 0.01s
    cube 3686.254.64 (depth 2, 40 lits): UNSAT in 0.02s
    cube 3686.254.65 (depth 2, 40 lits): UNSAT in 0.05s
    cube 3686.254.66 (depth 2, 40 lits): UNSAT in 0.14s
    cube 3686.254.67 (depth 2, 40 lits): UNSAT in 0.03s
    cube 3686.254.68 (depth 2, 40 lits): UNSAT in 0.14s
    cube 3686.254.69 (depth 2, 40 lits): UNSAT in 0.05s
    cube 3686.254.70 (depth 2, 40 lits): UNSAT in 0.21s
    cube 3686.254.71 (depth 2, 40 lits): UNSAT in 0.08s
    cube 3686.254.72 (depth 2, 40 lits): UNSAT in 0.29s
    cube 3686.254.73 (depth 2, 40 lits): UNSAT in 0.15s
    cube 3686.254.74 (depth 2, 40 lits): UNSAT in 0.71s
    cube 3686.254.75 (depth 2, 40 lits): UNSAT in 0.02s
    cube 3686.254.76 (depth 2, 40 lits): UNSAT in 0.02s
    cube 3686.254.77 (depth 2, 40 lits): UNSAT in 0.04s
    cube 3686.254.78 (depth 2, 40 lits): UNSAT in 0.05s
    cube 3686.254.79 (depth 2, 40 lits): UNSAT in 0.02s
    cube 3686.254.80 (depth 2, 40 lits): UNSAT in 0.04s
    cube 3686.254.81 (depth 2, 40 lits): UNSAT in 0.06s
    cube 3686.254.82 (depth 2, 40 lits): UNSAT in 0.09s
    cube 3686.254.83 (depth 2, 40 lits): UNSAT in 0.07s
    cube 3686.254.84 (depth 2, 40 lits): UNSAT in 0.30s
    cube 3686.254.85 (depth 2, 40 lits): UNSAT in 0.28s
    cube 3686.254.86 (depth 2, 40 lits): UNSAT in 0.71s
    cube 3686.254.87 (depth 2, 40 lits): UNSAT in 0.11s
    cube 3686.254.88 (depth 2, 40 lits): UNSAT in 0.16s
    cube 3686.254.89 (depth 2, 40 lits): UNSAT in 0.36s
    cube 3686.254.90 (depth 2, 40 lits): UNSAT in 1.43s
    cube 3686.254.91 (depth 2, 40 lits): UNSAT in 0.02s
    cube 3686.254.92 (depth 2, 40 lits): UNSAT in 0.03s
    cube 3686.254.93 (depth 2, 40 lits): UNSAT in 0.04s
    cube 3686.254.94 (depth 2, 40 lits): UNSAT in 0.14s
    cube 3686.254.95 (depth 2, 40 lits): UNSAT in 0.08s
    cube 3686.254.96 (depth 2, 40 lits): UNSAT in 0.16s
    cube 3686.254.97 (depth 2, 40 lits): UNSAT in 0.27s
    cube 3686.254.98 (depth 2, 40 lits): UNSAT in 0.92s
    cube 3686.254.99 (depth 2, 40 lits): UNSAT in 0.03s
    cube 3686.254.100 (depth 2, 40 lits): UNSAT in 0.02s
    cube 3686.254.101 (depth 2, 40 lits): UNSAT in 0.06s
    cube 3686.254.102 (depth 2, 40 lits): UNSAT in 0.27s
    cube 3686.254.103 (depth 2, 40 lits): UNSAT in 0.08s
    cube 3686.254.104 (depth 2, 40 lits): UNSAT in 0.50s
    cube 3686.254.105 (depth 2, 40 lits): UNSAT in 1.92s
    cube 3686.254.106 (depth 2, 40 lits): UNSAT in 1.51s
    cube 3686.254.107 (depth 2, 40 lits): UNSAT in 0.04s
    cube 3686.254.108 (depth 2, 40 lits): UNSAT in 0.06s
    cube 3686.254.109 (depth 2, 40 lits): UNSAT in 0.08s
    cube 3686.254.110 (depth 2, 40 lits): UNSAT in 0.46s
    cube 3686.254.111 (depth 2, 40 lits): UNSAT in 0.21s
    cube 3686.254.112 (depth 2, 40 lits): UNSAT in 1.22s
    cube 3686.254.113 (depth 2, 40 lits): UNSAT in 1.57s
    cube 3686.254.114 (depth 2, 40 lits): UNSAT in 2.01s
    cube 3686.254.115 (depth 2, 40 lits): UNSAT in 0.21s
    cube 3686.254.116 (depth 2, 40 lits): UNSAT in 1.15s
    cube 3686.254.117 (depth 2, 40 lits): UNSAT in 0.66s
    cube 3686.254.118 (depth 2, 40 lits): UNSAT in 5.96s
    cube 3686.254.119 (depth 2, 40 lits): UNSAT in 0.47s
    cube 3686.254.120 (depth 2, 40 lits): UNSAT in 4.63s
    cube 3686.254.121 (depth 2, 40 lits): UNSAT in 0.80s
    cube 3686.254.122 (depth 2, 40 lits): UNSAT in 7.97s
    cube 3686.254.123 (depth 2, 38 lits): UNSAT in 0.01s
    cube 3686.254.124 (depth 2, 39 lits): UNSAT in 0.01s
    cube 3686.254.125 (depth 2, 39 lits): UNSAT in 0.01s
    cube 3686.254.126 (depth 2, 39 lits): UNSAT in 0.02s
    cube 3686.254.127 (depth 2, 40 lits): UNSAT in 0.02s
    cube 3686.254.128 (depth 2, 40 lits): UNSAT in 0.02s
    cube 3686.254.129 (depth 2, 40 lits): UNSAT in 0.02s
    cube 3686.254.130 (depth 2, 40 lits): UNSAT in 0.02s
    cube 3686.254.131 (depth 2, 40 lits): UNSAT in 0.01s
    cube 3686.254.132 (depth 2, 40 lits): UNSAT in 0.04s
    cube 3686.254.133 (depth 2, 39 lits): UNSAT in 0.02s
    cube 3686.254.134 (depth 2, 40 lits): UNSAT in 0.01s
    cube 3686.254.135 (depth 2, 40 lits): UNSAT in 0.02s
    cube 3686.254.136 (depth 2, 40 lits): UNSAT in 0.02s
    cube 3686.254.137 (depth 2, 40 lits): UNSAT in 0.02s
    cube 3686.254.138 (depth 2, 40 lits): UNSAT in 0.03s
    cube 3686.254.139 (depth 2, 40 lits): UNSAT in 0.02s
    cube 3686.254.140 (depth 2, 40 lits): UNSAT in 0.01s
    cube 3686.254.141 (depth 2, 40 lits): UNSAT in 0.02s
    cube 3686.254.142 (depth 2, 39 lits): UNSAT in 0.01s
    cube 3686.254.143 (depth 2, 40 lits): UNSAT in 0.02s
    cube 3686.254.144 (depth 2, 40 lits): UNSAT in 0.06s
    cube 3686.254.145 (depth 2, 40 lits): UNSAT in 0.11s
    cube 3686.254.146 (depth 2, 40 lits): UNSAT in 0.28s
    cube 3686.254.147 (depth 2, 40 lits): UNSAT in 0.02s
    cube 3686.254.148 (depth 2, 40 lits): UNSAT in 0.02s
    cube 3686.254.149 (depth 2, 40 lits): UNSAT in 0.02s
    cube 3686.254.150 (depth 2, 40 lits): UNSAT in 0.04s
    cube 3686.254.151 (depth 2, 40 lits): UNSAT in 0.02s
    cube 3686.254.152 (depth 2, 40 lits): UNSAT in 0.02s
    cube 3686.254.153 (depth 2, 40 lits): UNSAT in 0.02s
    cube 3686.254.154 (depth 2, 40 lits): UNSAT in 0.13s
    cube 3686.254.155 (depth 2, 40 lits): UNSAT in 0.01s
    cube 3686.254.156 (depth 2, 40 lits): UNSAT in 0.02s
    cube 3686.254.157 (depth 2, 40 lits): UNSAT in 0.02s
    cube 3686.254.158 (depth 2, 40 lits): UNSAT in 0.02s
    cube 3686.254.159 (depth 2, 40 lits): UNSAT in 0.03s
    cube 3686.254.160 (depth 2, 40 lits): UNSAT in 0.02s
    cube 3686.254.161 (depth 2, 40 lits): UNSAT in 0.03s
    cube 3686.254.162 (depth 2, 40 lits): UNSAT in 0.11s
    cube 3686.254.163 (depth 2, 40 lits): UNSAT in 0.02s
    cube 3686.254.164 (depth 2, 40 lits): UNSAT in 0.03s
    cube 3686.254.165 (depth 2, 40 lits): UNSAT in 0.03s
    cube 3686.254.166 (depth 2, 40 lits): UNSAT in 0.12s
    cube 3686.254.167 (depth 2, 40 lits): UNSAT in 0.03s
    cube 3686.254.168 (depth 2, 40 lits): UNSAT in 0.11s
    cube 3686.254.169 (depth 2, 40 lits): UNSAT in 0.05s
    cube 3686.254.170 (depth 2, 40 lits): UNSAT in 0.63s
    cube 3686.254.171 (depth 2, 40 lits): UNSAT in 0.04s
    cube 3686.254.172 (depth 2, 40 lits): UNSAT in 0.04s
    cube 3686.254.173 (depth 2, 40 lits): UNSAT in 0.05s
    cube 3686.254.174 (depth 2, 40 lits): UNSAT in 0.79s
    cube 3686.254.175 (depth 2, 40 lits): UNSAT in 0.14s
    cube 3686.254.176 (depth 2, 40 lits): UNSAT in 0.40s
    cube 3686.254.177 (depth 2, 40 lits): UNSAT in 1.68s
    cube 3686.254.178 (depth 2, 40 lits): UNSAT in 2.73s
    cube 3686.254.179 (depth 2, 39 lits): UNSAT in 0.01s
    cube 3686.254.180 (depth 2, 39 lits): UNSAT in 0.02s
    cube 3686.254.181 (depth 2, 40 lits): UNSAT in 0.01s
    cube 3686.254.182 (depth 2, 40 lits): UNSAT in 0.03s
    cube 3686.254.183 (depth 2, 40 lits): UNSAT in 0.04s
    cube 3686.254.184 (depth 2, 40 lits): UNSAT in 0.08s
    cube 3686.254.185 (depth 2, 40 lits): UNSAT in 0.02s
    cube 3686.254.186 (depth 2, 40 lits): UNSAT in 0.04s
    cube 3686.254.187 (depth 2, 40 lits): UNSAT in 0.03s
    cube 3686.254.188 (depth 2, 40 lits): UNSAT in 0.05s
    cube 3686.254.189 (depth 2, 40 lits): UNSAT in 0.02s
    cube 3686.254.190 (depth 2, 40 lits): UNSAT in 0.06s
    cube 3686.254.191 (depth 2, 40 lits): UNSAT in 0.06s
    cube 3686.254.192 (depth 2, 40 lits): UNSAT in 0.29s
    cube 3686.254.193 (depth 2, 40 lits): UNSAT in 0.02s
    cube 3686.254.194 (depth 2, 40 lits): UNSAT in 0.02s
    cube 3686.254.195 (depth 2, 40 lits): UNSAT in 0.02s
    cube 3686.254.196 (depth 2, 40 lits): UNSAT in 0.02s
    cube 3686.254.197 (depth 2, 40 lits): UNSAT in 0.02s
    cube 3686.254.198 (depth 2, 40 lits): UNSAT in 0.02s
    cube 3686.254.199 (depth 2, 40 lits): UNSAT in 0.06s
    cube 3686.254.200 (depth 2, 40 lits): UNSAT in 0.05s
    cube 3686.254.201 (depth 2, 40 lits): UNSAT in 0.03s
    cube 3686.254.202 (depth 2, 40 lits): UNSAT in 0.13s
    cube 3686.254.203 (depth 2, 40 lits): UNSAT in 0.09s
    cube 3686.254.204 (depth 2, 40 lits): UNSAT in 0.24s
    cube 3686.254.205 (depth 2, 40 lits): UNSAT in 0.07s
    cube 3686.254.206 (depth 2, 40 lits): UNSAT in 0.13s
    cube 3686.254.207 (depth 2, 40 lits): UNSAT in 0.42s
    cube 3686.254.208 (depth 2, 40 lits): UNSAT in 0.38s
    cube 3686.254.209 (depth 2, 40 lits): UNSAT in 0.02s
    cube 3686.254.210 (depth 2, 40 lits): UNSAT in 0.02s
    cube 3686.254.211 (depth 2, 40 lits): UNSAT in 0.06s
    cube 3686.254.212 (depth 2, 40 lits): UNSAT in 0.11s
    cube 3686.254.213 (depth 2, 40 lits): UNSAT in 0.04s
    cube 3686.254.214 (depth 2, 40 lits): UNSAT in 0.22s
    cube 3686.254.215 (depth 2, 40 lits): UNSAT in 0.16s
    cube 3686.254.216 (depth 2, 40 lits): UNSAT in 1.12s
    cube 3686.254.217 (depth 2, 40 lits): UNSAT in 0.02s
    cube 3686.254.218 (depth 2, 40 lits): UNSAT in 0.02s
    cube 3686.254.219 (depth 2, 40 lits): UNSAT in 0.07s
    cube 3686.254.220 (depth 2, 40 lits): UNSAT in 0.37s
    cube 3686.254.221 (depth 2, 40 lits): UNSAT in 0.03s
    cube 3686.254.222 (depth 2, 40 lits): UNSAT in 0.24s
    cube 3686.254.223 (depth 2, 40 lits): UNSAT in 0.24s
    cube 3686.254.224 (depth 2, 40 lits): UNSAT in 1.22s
    cube 3686.254.225 (depth 2, 40 lits): UNSAT in 0.07s
    cube 3686.254.226 (depth 2, 40 lits): UNSAT in 0.13s
    cube 3686.254.227 (depth 2, 40 lits): UNSAT in 0.19s
    cube 3686.254.228 (depth 2, 40 lits): UNSAT in 0.43s
    cube 3686.254.229 (depth 2, 40 lits): UNSAT in 0.04s
    cube 3686.254.230 (depth 2, 40 lits): UNSAT in 0.56s
    cube 3686.254.231 (depth 2, 40 lits): UNSAT in 1.15s
    cube 3686.254.232 (depth 2, 40 lits): UNSAT in 2.03s
    cube 3686.254.233 (depth 2, 40 lits): UNSAT in 0.13s
    cube 3686.254.234 (depth 2, 40 lits): UNSAT in 0.56s
    cube 3686.254.235 (depth 2, 40 lits): UNSAT in 1.00s
    cube 3686.254.236 (depth 2, 40 lits): UNSAT in 2.59s
    cube 3686.254.237 (depth 2, 40 lits): UNSAT in 1.39s
    cube 3686.254.238 (depth 2, 40 lits): UNSAT in 4.69s
    cube 3686.254.239 (depth 2, 40 lits): UNSAT in 1.13s
    cube 3686.254.240 (depth 2, 40 lits): UNSAT in 5.43s

  shard 2 verdict: UNSAT [parent cube 4061's children only] (922 UNSAT, 0 unresolved) in 20467.5s
