  shard 0/24 (explicit): 1 of 4095 cubes, per-cube cap 1200.0s, re-split depth 7
    cube 3958 (depth 0, 12 lits): TIMEOUT in 1200.10s
    cube 3958 TIMEOUT -> re-split into 256 sub-cubes (depth 1)
    cube 3958.0 (depth 1, 20 lits): UNSAT in 0.07s
    cube 3958.1 (depth 1, 20 lits): UNSAT in 0.11s
    cube 3958.2 (depth 1, 20 lits): UNSAT in 0.08s
    cube 3958.3 (depth 1, 20 lits): UNSAT in 0.34s
    cube 3958.4 (depth 1, 20 lits): UNSAT in 0.10s
    cube 3958.5 (depth 1, 20 lits): UNSAT in 0.22s
    cube 3958.6 (depth 1, 20 lits): UNSAT in 0.34s
    cube 3958.7 (depth 1, 20 lits): UNSAT in 1.51s
    cube 3958.8 (depth 1, 20 lits): UNSAT in 0.02s
    cube 3958.9 (depth 1, 20 lits): UNSAT in 0.09s
    cube 3958.10 (depth 1, 20 lits): UNSAT in 0.12s
    cube 3958.11 (depth 1, 20 lits): UNSAT in 0.18s
    cube 3958.12 (depth 1, 20 lits): UNSAT in 0.44s
    cube 3958.13 (depth 1, 20 lits): UNSAT in 1.65s
    cube 3958.14 (depth 1, 20 lits): UNSAT in 0.50s
    cube 3958.15 (depth 1, 20 lits): UNSAT in 3.15s
    cube 3958.16 (depth 1, 20 lits): UNSAT in 0.01s
    cube 3958.17 (depth 1, 20 lits): UNSAT in 0.08s
    cube 3958.18 (depth 1, 20 lits): UNSAT in 0.08s
    cube 3958.19 (depth 1, 20 lits): UNSAT in 0.40s
    cube 3958.20 (depth 1, 20 lits): UNSAT in 0.11s
    cube 3958.21 (depth 1, 20 lits): UNSAT in 0.40s
    cube 3958.22 (depth 1, 20 lits): UNSAT in 0.13s
    cube 3958.23 (depth 1, 20 lits): UNSAT in 1.16s
    cube 3958.24 (depth 1, 20 lits): UNSAT in 0.08s
    cube 3958.25 (depth 1, 20 lits): UNSAT in 0.29s
    cube 3958.26 (depth 1, 20 lits): UNSAT in 0.36s
    cube 3958.27 (depth 1, 20 lits): UNSAT in 1.21s
    cube 3958.28 (depth 1, 20 lits): UNSAT in 1.44s
    cube 3958.29 (depth 1, 20 lits): UNSAT in 5.17s
    cube 3958.30 (depth 1, 20 lits): UNSAT in 1.23s
    cube 3958.31 (depth 1, 20 lits): UNSAT in 5.61s
    cube 3958.32 (depth 1, 20 lits): UNSAT in 0.04s
    cube 3958.33 (depth 1, 20 lits): UNSAT in 0.07s
    cube 3958.34 (depth 1, 20 lits): UNSAT in 0.14s
    cube 3958.35 (depth 1, 20 lits): UNSAT in 0.32s
    cube 3958.36 (depth 1, 20 lits): UNSAT in 0.14s
    cube 3958.37 (depth 1, 20 lits): UNSAT in 1.12s
    cube 3958.38 (depth 1, 20 lits): UNSAT in 1.53s
    cube 3958.39 (depth 1, 20 lits): UNSAT in 4.26s
    cube 3958.40 (depth 1, 20 lits): UNSAT in 0.11s
    cube 3958.41 (depth 1, 20 lits): UNSAT in 1.12s
    cube 3958.42 (depth 1, 20 lits): UNSAT in 0.37s
    cube 3958.43 (depth 1, 20 lits): UNSAT in 2.66s
    cube 3958.44 (depth 1, 20 lits): UNSAT in 0.71s
    cube 3958.45 (depth 1, 20 lits): UNSAT in 4.66s
    cube 3958.46 (depth 1, 20 lits): UNSAT in 4.02s
    cube 3958.47 (depth 1, 20 lits): UNSAT in 50.00s
    cube 3958.48 (depth 1, 20 lits): UNSAT in 0.13s
    cube 3958.49 (depth 1, 20 lits): UNSAT in 0.37s
    cube 3958.50 (depth 1, 20 lits): UNSAT in 0.39s
    cube 3958.51 (depth 1, 20 lits): UNSAT in 2.26s
    cube 3958.52 (depth 1, 20 lits): UNSAT in 1.59s
    cube 3958.53 (depth 1, 20 lits): UNSAT in 4.79s
    cube 3958.54 (depth 1, 20 lits): UNSAT in 5.28s
    cube 3958.55 (depth 1, 20 lits): UNSAT in 50.55s
    cube 3958.56 (depth 1, 20 lits): UNSAT in 0.69s
    cube 3958.57 (depth 1, 20 lits): UNSAT in 3.68s
    cube 3958.58 (depth 1, 20 lits): UNSAT in 3.64s
    cube 3958.59 (depth 1, 20 lits): UNSAT in 26.15s
    cube 3958.60 (depth 1, 20 lits): UNSAT in 16.47s
    cube 3958.61 (depth 1, 20 lits): UNSAT in 101.37s
    cube 3958.62 (depth 1, 20 lits): UNSAT in 225.48s
    cube 3958.63 (depth 1, 20 lits): TIMEOUT in 1200.10s
    cube 3958.63 TIMEOUT -> re-split into 251 sub-cubes (depth 2)
    cube 3958.63.0 (depth 2, 28 lits): UNSAT in 0.01s
    cube 3958.63.1 (depth 2, 28 lits): UNSAT in 0.02s
    cube 3958.63.2 (depth 2, 28 lits): UNSAT in 0.02s
    cube 3958.63.3 (depth 2, 28 lits): UNSAT in 0.02s
    cube 3958.63.4 (depth 2, 28 lits): UNSAT in 0.03s
    cube 3958.63.5 (depth 2, 28 lits): UNSAT in 0.04s
    cube 3958.63.6 (depth 2, 28 lits): UNSAT in 0.05s
    cube 3958.63.7 (depth 2, 28 lits): UNSAT in 0.07s
    cube 3958.63.8 (depth 2, 28 lits): UNSAT in 0.02s
    cube 3958.63.9 (depth 2, 28 lits): UNSAT in 0.04s
    cube 3958.63.10 (depth 2, 28 lits): UNSAT in 0.02s
    cube 3958.63.11 (depth 2, 28 lits): UNSAT in 0.04s
    cube 3958.63.12 (depth 2, 28 lits): UNSAT in 0.03s
    cube 3958.63.13 (depth 2, 28 lits): UNSAT in 0.06s
    cube 3958.63.14 (depth 2, 28 lits): UNSAT in 0.06s
    cube 3958.63.15 (depth 2, 28 lits): UNSAT in 0.10s
    cube 3958.63.16 (depth 2, 28 lits): UNSAT in 0.01s
    cube 3958.63.17 (depth 2, 28 lits): UNSAT in 0.01s
    cube 3958.63.18 (depth 2, 28 lits): UNSAT in 0.01s
    cube 3958.63.19 (depth 2, 28 lits): UNSAT in 0.02s
    cube 3958.63.20 (depth 2, 28 lits): UNSAT in 0.03s
    cube 3958.63.21 (depth 2, 28 lits): UNSAT in 0.03s
    cube 3958.63.22 (depth 2, 28 lits): UNSAT in 0.02s
    cube 3958.63.23 (depth 2, 28 lits): UNSAT in 0.03s
    cube 3958.63.24 (depth 2, 28 lits): UNSAT in 0.01s
    cube 3958.63.25 (depth 2, 28 lits): UNSAT in 0.02s
    cube 3958.63.26 (depth 2, 28 lits): UNSAT in 0.02s
    cube 3958.63.27 (depth 2, 28 lits): UNSAT in 0.04s
    cube 3958.63.28 (depth 2, 28 lits): UNSAT in 0.03s
    cube 3958.63.29 (depth 2, 28 lits): UNSAT in 0.06s
    cube 3958.63.30 (depth 2, 28 lits): UNSAT in 0.23s
    cube 3958.63.31 (depth 2, 28 lits): UNSAT in 0.16s
    cube 3958.63.32 (depth 2, 27 lits): UNSAT in 0.01s
    cube 3958.63.33 (depth 2, 28 lits): UNSAT in 0.02s
    cube 3958.63.34 (depth 2, 28 lits): UNSAT in 0.02s
    cube 3958.63.35 (depth 2, 28 lits): UNSAT in 0.02s
    cube 3958.63.36 (depth 2, 28 lits): UNSAT in 0.03s
    cube 3958.63.37 (depth 2, 28 lits): UNSAT in 0.03s
    cube 3958.63.38 (depth 2, 28 lits): UNSAT in 0.06s
    cube 3958.63.39 (depth 2, 28 lits): UNSAT in 0.01s
    cube 3958.63.40 (depth 2, 28 lits): UNSAT in 0.02s
    cube 3958.63.41 (depth 2, 28 lits): UNSAT in 0.04s
    cube 3958.63.42 (depth 2, 28 lits): UNSAT in 0.08s
    cube 3958.63.43 (depth 2, 28 lits): UNSAT in 0.03s
    cube 3958.63.44 (depth 2, 28 lits): UNSAT in 0.04s
    cube 3958.63.45 (depth 2, 28 lits): UNSAT in 0.06s
    cube 3958.63.46 (depth 2, 28 lits): UNSAT in 0.25s
    cube 3958.63.47 (depth 2, 28 lits): UNSAT in 0.02s
    cube 3958.63.48 (depth 2, 28 lits): UNSAT in 0.04s
    cube 3958.63.49 (depth 2, 28 lits): UNSAT in 0.03s
    cube 3958.63.50 (depth 2, 28 lits): UNSAT in 0.09s
    cube 3958.63.51 (depth 2, 28 lits): UNSAT in 0.05s
    cube 3958.63.52 (depth 2, 28 lits): UNSAT in 0.09s
    cube 3958.63.53 (depth 2, 28 lits): UNSAT in 0.08s
    cube 3958.63.54 (depth 2, 28 lits): UNSAT in 0.40s
    cube 3958.63.55 (depth 2, 28 lits): UNSAT in 0.06s
    cube 3958.63.56 (depth 2, 28 lits): UNSAT in 0.16s
    cube 3958.63.57 (depth 2, 28 lits): UNSAT in 0.14s
    cube 3958.63.58 (depth 2, 28 lits): UNSAT in 0.61s
    cube 3958.63.59 (depth 2, 28 lits): UNSAT in 0.23s
    cube 3958.63.60 (depth 2, 28 lits): UNSAT in 1.78s
    cube 3958.63.61 (depth 2, 28 lits): UNSAT in 0.29s
    cube 3958.63.62 (depth 2, 28 lits): UNSAT in 6.84s
    cube 3958.63.63 (depth 2, 26 lits): UNSAT in 0.02s
    cube 3958.63.64 (depth 2, 28 lits): UNSAT in 0.01s
    cube 3958.63.65 (depth 2, 28 lits): UNSAT in 0.01s
    cube 3958.63.66 (depth 2, 28 lits): UNSAT in 0.02s
    cube 3958.63.67 (depth 2, 28 lits): UNSAT in 0.04s
    cube 3958.63.68 (depth 2, 27 lits): UNSAT in 0.02s
    cube 3958.63.69 (depth 2, 28 lits): UNSAT in 0.03s
    cube 3958.63.70 (depth 2, 28 lits): UNSAT in 0.04s
    cube 3958.63.71 (depth 2, 28 lits): UNSAT in 0.02s
    cube 3958.63.72 (depth 2, 28 lits): UNSAT in 0.02s
    cube 3958.63.73 (depth 2, 28 lits): UNSAT in 0.06s
    cube 3958.63.74 (depth 2, 28 lits): UNSAT in 0.13s
    cube 3958.63.75 (depth 2, 28 lits): UNSAT in 0.04s
    cube 3958.63.76 (depth 2, 28 lits): UNSAT in 0.04s
    cube 3958.63.77 (depth 2, 28 lits): UNSAT in 0.02s
    cube 3958.63.78 (depth 2, 28 lits): UNSAT in 0.04s
    cube 3958.63.79 (depth 2, 28 lits): UNSAT in 0.03s
    cube 3958.63.80 (depth 2, 28 lits): UNSAT in 0.04s
    cube 3958.63.81 (depth 2, 28 lits): UNSAT in 0.10s
    cube 3958.63.82 (depth 2, 28 lits): UNSAT in 0.10s
    cube 3958.63.83 (depth 2, 28 lits): UNSAT in 0.02s
    cube 3958.63.84 (depth 2, 28 lits): UNSAT in 0.06s
    cube 3958.63.85 (depth 2, 28 lits): UNSAT in 0.05s
    cube 3958.63.86 (depth 2, 28 lits): UNSAT in 0.09s
    cube 3958.63.87 (depth 2, 28 lits): UNSAT in 0.05s
    cube 3958.63.88 (depth 2, 28 lits): UNSAT in 0.06s
    cube 3958.63.89 (depth 2, 28 lits): UNSAT in 0.06s
    cube 3958.63.90 (depth 2, 28 lits): UNSAT in 2.17s
    cube 3958.63.91 (depth 2, 28 lits): UNSAT in 0.02s
    cube 3958.63.92 (depth 2, 28 lits): UNSAT in 0.03s
    cube 3958.63.93 (depth 2, 28 lits): UNSAT in 0.03s
    cube 3958.63.94 (depth 2, 28 lits): UNSAT in 0.06s
    cube 3958.63.95 (depth 2, 28 lits): UNSAT in 0.06s
    cube 3958.63.96 (depth 2, 28 lits): UNSAT in 0.10s
    cube 3958.63.97 (depth 2, 28 lits): UNSAT in 0.04s
    cube 3958.63.98 (depth 2, 28 lits): UNSAT in 0.12s
    cube 3958.63.99 (depth 2, 28 lits): UNSAT in 0.08s
    cube 3958.63.100 (depth 2, 28 lits): UNSAT in 0.10s
    cube 3958.63.101 (depth 2, 28 lits): UNSAT in 0.13s
    cube 3958.63.102 (depth 2, 28 lits): UNSAT in 0.26s
    cube 3958.63.103 (depth 2, 28 lits): UNSAT in 0.14s
    cube 3958.63.104 (depth 2, 28 lits): UNSAT in 0.38s
    cube 3958.63.105 (depth 2, 28 lits): UNSAT in 0.83s
    cube 3958.63.106 (depth 2, 28 lits): UNSAT in 3.64s
    cube 3958.63.107 (depth 2, 28 lits): UNSAT in 0.08s
    cube 3958.63.108 (depth 2, 28 lits): UNSAT in 0.29s
    cube 3958.63.109 (depth 2, 28 lits): UNSAT in 0.51s
    cube 3958.63.110 (depth 2, 28 lits): UNSAT in 1.60s
    cube 3958.63.111 (depth 2, 28 lits): UNSAT in 0.21s
    cube 3958.63.112 (depth 2, 28 lits): UNSAT in 0.14s
    cube 3958.63.113 (depth 2, 28 lits): UNSAT in 0.36s
    cube 3958.63.114 (depth 2, 28 lits): UNSAT in 4.54s
    cube 3958.63.115 (depth 2, 28 lits): UNSAT in 0.09s
    cube 3958.63.116 (depth 2, 28 lits): UNSAT in 0.12s
    cube 3958.63.117 (depth 2, 28 lits): UNSAT in 0.72s
    cube 3958.63.118 (depth 2, 28 lits): UNSAT in 1.56s
    cube 3958.63.119 (depth 2, 28 lits): UNSAT in 0.45s
    cube 3958.63.120 (depth 2, 28 lits): UNSAT in 3.25s
    cube 3958.63.121 (depth 2, 28 lits): UNSAT in 8.49s
    cube 3958.63.122 (depth 2, 28 lits): UNSAT in 21.21s
    cube 3958.63.123 (depth 2, 28 lits): UNSAT in 0.02s
    cube 3958.63.124 (depth 2, 28 lits): UNSAT in 0.03s
    cube 3958.63.125 (depth 2, 28 lits): UNSAT in 0.02s
    cube 3958.63.126 (depth 2, 28 lits): UNSAT in 0.05s
    cube 3958.63.127 (depth 2, 28 lits): UNSAT in 0.03s
    cube 3958.63.128 (depth 2, 28 lits): UNSAT in 0.14s
    cube 3958.63.129 (depth 2, 28 lits): UNSAT in 0.15s
    cube 3958.63.130 (depth 2, 28 lits): UNSAT in 0.34s
    cube 3958.63.131 (depth 2, 28 lits): UNSAT in 0.07s
    cube 3958.63.132 (depth 2, 28 lits): UNSAT in 0.10s
    cube 3958.63.133 (depth 2, 28 lits): UNSAT in 0.07s
    cube 3958.63.134 (depth 2, 28 lits): UNSAT in 0.40s
    cube 3958.63.135 (depth 2, 28 lits): UNSAT in 0.10s
    cube 3958.63.136 (depth 2, 28 lits): UNSAT in 0.23s
    cube 3958.63.137 (depth 2, 28 lits): UNSAT in 0.28s
    cube 3958.63.138 (depth 2, 28 lits): UNSAT in 2.66s
    cube 3958.63.139 (depth 2, 28 lits): UNSAT in 0.02s
    cube 3958.63.140 (depth 2, 28 lits): UNSAT in 0.03s
    cube 3958.63.141 (depth 2, 28 lits): UNSAT in 0.11s
    cube 3958.63.142 (depth 2, 28 lits): UNSAT in 0.11s
    cube 3958.63.143 (depth 2, 28 lits): UNSAT in 0.03s
    cube 3958.63.144 (depth 2, 28 lits): UNSAT in 0.36s
    cube 3958.63.145 (depth 2, 28 lits): UNSAT in 0.11s
    cube 3958.63.146 (depth 2, 28 lits): UNSAT in 0.91s
    cube 3958.63.147 (depth 2, 28 lits): UNSAT in 0.04s
    cube 3958.63.148 (depth 2, 28 lits): UNSAT in 0.12s
    cube 3958.63.149 (depth 2, 28 lits): UNSAT in 0.37s
    cube 3958.63.150 (depth 2, 28 lits): UNSAT in 0.53s
    cube 3958.63.151 (depth 2, 28 lits): UNSAT in 0.21s
    cube 3958.63.152 (depth 2, 28 lits): UNSAT in 0.56s
    cube 3958.63.153 (depth 2, 28 lits): UNSAT in 2.90s
    cube 3958.63.154 (depth 2, 28 lits): UNSAT in 8.38s
    cube 3958.63.155 (depth 2, 28 lits): UNSAT in 0.01s
    cube 3958.63.156 (depth 2, 28 lits): UNSAT in 0.02s
    cube 3958.63.157 (depth 2, 28 lits): UNSAT in 0.03s
    cube 3958.63.158 (depth 2, 28 lits): UNSAT in 0.05s
    cube 3958.63.159 (depth 2, 28 lits): UNSAT in 0.02s
    cube 3958.63.160 (depth 2, 28 lits): UNSAT in 0.04s
    cube 3958.63.161 (depth 2, 28 lits): UNSAT in 0.07s
    cube 3958.63.162 (depth 2, 28 lits): UNSAT in 0.25s
    cube 3958.63.163 (depth 2, 28 lits): UNSAT in 0.04s
    cube 3958.63.164 (depth 2, 28 lits): UNSAT in 0.11s
    cube 3958.63.165 (depth 2, 28 lits): UNSAT in 0.13s
    cube 3958.63.166 (depth 2, 28 lits): UNSAT in 0.67s
    cube 3958.63.167 (depth 2, 28 lits): UNSAT in 0.28s
    cube 3958.63.168 (depth 2, 28 lits): UNSAT in 0.59s
    cube 3958.63.169 (depth 2, 28 lits): UNSAT in 0.25s
    cube 3958.63.170 (depth 2, 28 lits): UNSAT in 1.54s
    cube 3958.63.171 (depth 2, 28 lits): UNSAT in 0.05s
    cube 3958.63.172 (depth 2, 28 lits): UNSAT in 0.06s
    cube 3958.63.173 (depth 2, 28 lits): UNSAT in 0.13s
    cube 3958.63.174 (depth 2, 28 lits): UNSAT in 0.44s
    cube 3958.63.175 (depth 2, 28 lits): UNSAT in 0.07s
    cube 3958.63.176 (depth 2, 28 lits): UNSAT in 0.38s
    cube 3958.63.177 (depth 2, 28 lits): UNSAT in 1.54s
    cube 3958.63.178 (depth 2, 28 lits): UNSAT in 6.35s
    cube 3958.63.179 (depth 2, 28 lits): UNSAT in 0.78s
    cube 3958.63.180 (depth 2, 28 lits): UNSAT in 1.84s
    cube 3958.63.181 (depth 2, 28 lits): UNSAT in 0.48s
    cube 3958.63.182 (depth 2, 28 lits): UNSAT in 3.64s
    cube 3958.63.183 (depth 2, 28 lits): UNSAT in 1.81s
    cube 3958.63.184 (depth 2, 28 lits): UNSAT in 1.82s
    cube 3958.63.185 (depth 2, 28 lits): UNSAT in 7.68s
    cube 3958.63.186 (depth 2, 28 lits): UNSAT in 32.58s
    cube 3958.63.187 (depth 2, 28 lits): UNSAT in 0.02s
    cube 3958.63.188 (depth 2, 28 lits): UNSAT in 0.02s
    cube 3958.63.189 (depth 2, 28 lits): UNSAT in 0.02s
    cube 3958.63.190 (depth 2, 28 lits): UNSAT in 0.08s
    cube 3958.63.191 (depth 2, 28 lits): UNSAT in 0.04s
    cube 3958.63.192 (depth 2, 28 lits): UNSAT in 0.19s
    cube 3958.63.193 (depth 2, 28 lits): UNSAT in 0.06s
    cube 3958.63.194 (depth 2, 28 lits): UNSAT in 0.18s
    cube 3958.63.195 (depth 2, 28 lits): UNSAT in 0.02s
    cube 3958.63.196 (depth 2, 28 lits): UNSAT in 0.21s
    cube 3958.63.197 (depth 2, 28 lits): UNSAT in 0.07s
    cube 3958.63.198 (depth 2, 28 lits): UNSAT in 0.42s
    cube 3958.63.199 (depth 2, 28 lits): UNSAT in 0.10s
    cube 3958.63.200 (depth 2, 28 lits): UNSAT in 0.43s
    cube 3958.63.201 (depth 2, 28 lits): UNSAT in 0.58s
    cube 3958.63.202 (depth 2, 28 lits): UNSAT in 1.95s
    cube 3958.63.203 (depth 2, 28 lits): UNSAT in 0.02s
    cube 3958.63.204 (depth 2, 28 lits): UNSAT in 0.03s
    cube 3958.63.205 (depth 2, 28 lits): UNSAT in 0.08s
    cube 3958.63.206 (depth 2, 28 lits): UNSAT in 0.06s
    cube 3958.63.207 (depth 2, 28 lits): UNSAT in 0.11s
    cube 3958.63.208 (depth 2, 28 lits): UNSAT in 0.14s
    cube 3958.63.209 (depth 2, 28 lits): UNSAT in 0.23s
    cube 3958.63.210 (depth 2, 28 lits): UNSAT in 0.77s
    cube 3958.63.211 (depth 2, 28 lits): UNSAT in 0.05s
    cube 3958.63.212 (depth 2, 28 lits): UNSAT in 0.22s
    cube 3958.63.213 (depth 2, 28 lits): UNSAT in 0.18s
    cube 3958.63.214 (depth 2, 28 lits): UNSAT in 0.36s
    cube 3958.63.215 (depth 2, 28 lits): UNSAT in 0.43s
    cube 3958.63.216 (depth 2, 28 lits): UNSAT in 0.85s
    cube 3958.63.217 (depth 2, 28 lits): UNSAT in 2.80s
    cube 3958.63.218 (depth 2, 28 lits): UNSAT in 9.84s
    cube 3958.63.219 (depth 2, 28 lits): UNSAT in 0.02s
    cube 3958.63.220 (depth 2, 28 lits): UNSAT in 0.03s
    cube 3958.63.221 (depth 2, 28 lits): UNSAT in 0.02s
    cube 3958.63.222 (depth 2, 28 lits): UNSAT in 0.04s
    cube 3958.63.223 (depth 2, 28 lits): UNSAT in 0.02s
    cube 3958.63.224 (depth 2, 28 lits): UNSAT in 0.12s
    cube 3958.63.225 (depth 2, 28 lits): UNSAT in 0.08s
    cube 3958.63.226 (depth 2, 28 lits): UNSAT in 0.21s
    cube 3958.63.227 (depth 2, 28 lits): UNSAT in 0.06s
    cube 3958.63.228 (depth 2, 28 lits): UNSAT in 0.18s
    cube 3958.63.229 (depth 2, 28 lits): UNSAT in 0.06s
    cube 3958.63.230 (depth 2, 28 lits): UNSAT in 0.21s
    cube 3958.63.231 (depth 2, 28 lits): UNSAT in 0.04s
    cube 3958.63.232 (depth 2, 28 lits): UNSAT in 0.45s
    cube 3958.63.233 (depth 2, 28 lits): UNSAT in 0.84s
    cube 3958.63.234 (depth 2, 28 lits): UNSAT in 1.29s
    cube 3958.63.235 (depth 2, 28 lits): UNSAT in 0.08s
    cube 3958.63.236 (depth 2, 28 lits): UNSAT in 0.25s
    cube 3958.63.237 (depth 2, 28 lits): UNSAT in 0.51s
    cube 3958.63.238 (depth 2, 28 lits): UNSAT in 1.97s
    cube 3958.63.239 (depth 2, 28 lits): UNSAT in 0.17s
    cube 3958.63.240 (depth 2, 28 lits): UNSAT in 0.20s
    cube 3958.63.241 (depth 2, 28 lits): UNSAT in 0.38s
    cube 3958.63.242 (depth 2, 28 lits): UNSAT in 3.29s
    cube 3958.63.243 (depth 2, 28 lits): UNSAT in 0.08s
    cube 3958.63.244 (depth 2, 28 lits): UNSAT in 1.00s
    cube 3958.63.245 (depth 2, 28 lits): UNSAT in 1.12s
    cube 3958.63.246 (depth 2, 28 lits): UNSAT in 5.43s
    cube 3958.63.247 (depth 2, 28 lits): UNSAT in 1.54s
    cube 3958.63.248 (depth 2, 28 lits): UNSAT in 9.52s
    cube 3958.63.249 (depth 2, 28 lits): UNSAT in 10.62s
    cube 3958.63.250 (depth 2, 28 lits): UNSAT in 26.56s
    cube 3958.64 (depth 1, 20 lits): UNSAT in 0.10s
    cube 3958.65 (depth 1, 20 lits): UNSAT in 0.40s
    cube 3958.66 (depth 1, 20 lits): UNSAT in 0.26s
    cube 3958.67 (depth 1, 20 lits): UNSAT in 1.06s
    cube 3958.68 (depth 1, 20 lits): UNSAT in 0.11s
    cube 3958.69 (depth 1, 20 lits): UNSAT in 2.42s
    cube 3958.70 (depth 1, 20 lits): UNSAT in 0.20s
    cube 3958.71 (depth 1, 20 lits): UNSAT in 6.94s
    cube 3958.72 (depth 1, 20 lits): UNSAT in 0.28s
    cube 3958.73 (depth 1, 20 lits): UNSAT in 2.16s
    cube 3958.74 (depth 1, 20 lits): UNSAT in 4.00s
    cube 3958.75 (depth 1, 20 lits): UNSAT in 3.70s
    cube 3958.76 (depth 1, 20 lits): UNSAT in 1.27s
    cube 3958.77 (depth 1, 20 lits): UNSAT in 2.59s
    cube 3958.78 (depth 1, 20 lits): UNSAT in 2.99s
    cube 3958.79 (depth 1, 20 lits): UNSAT in 6.54s
    cube 3958.80 (depth 1, 20 lits): UNSAT in 0.19s
    cube 3958.81 (depth 1, 20 lits): UNSAT in 1.46s
    cube 3958.82 (depth 1, 20 lits): UNSAT in 1.15s
    cube 3958.83 (depth 1, 20 lits): UNSAT in 3.57s
    cube 3958.84 (depth 1, 20 lits): UNSAT in 1.34s
    cube 3958.85 (depth 1, 20 lits): UNSAT in 7.22s
    cube 3958.86 (depth 1, 20 lits): UNSAT in 6.07s
    cube 3958.87 (depth 1, 20 lits): UNSAT in 32.92s
    cube 3958.88 (depth 1, 20 lits): UNSAT in 1.12s
    cube 3958.89 (depth 1, 20 lits): UNSAT in 4.00s
    cube 3958.90 (depth 1, 20 lits): UNSAT in 15.12s
    cube 3958.91 (depth 1, 20 lits): UNSAT in 37.16s
    cube 3958.92 (depth 1, 20 lits): UNSAT in 2.57s
    cube 3958.93 (depth 1, 20 lits): UNSAT in 36.34s
    cube 3958.94 (depth 1, 20 lits): UNSAT in 127.64s
    cube 3958.95 (depth 1, 20 lits): TIMEOUT in 1200.10s
    cube 3958.95 TIMEOUT -> re-split into 254 sub-cubes (depth 2)
    cube 3958.95.0 (depth 2, 28 lits): UNSAT in 0.01s
    cube 3958.95.1 (depth 2, 28 lits): UNSAT in 0.02s
    cube 3958.95.2 (depth 2, 28 lits): UNSAT in 0.01s
    cube 3958.95.3 (depth 2, 28 lits): UNSAT in 0.02s
    cube 3958.95.4 (depth 2, 28 lits): UNSAT in 0.02s
    cube 3958.95.5 (depth 2, 28 lits): UNSAT in 0.02s
    cube 3958.95.6 (depth 2, 28 lits): UNSAT in 0.02s
    cube 3958.95.7 (depth 2, 28 lits): UNSAT in 0.02s
    cube 3958.95.8 (depth 2, 27 lits): UNSAT in 0.01s
    cube 3958.95.9 (depth 2, 28 lits): UNSAT in 0.02s
    cube 3958.95.10 (depth 2, 28 lits): UNSAT in 0.02s
    cube 3958.95.11 (depth 2, 28 lits): UNSAT in 0.03s
    cube 3958.95.12 (depth 2, 28 lits): UNSAT in 0.01s
    cube 3958.95.13 (depth 2, 28 lits): UNSAT in 0.03s
    cube 3958.95.14 (depth 2, 28 lits): UNSAT in 0.03s
    cube 3958.95.15 (depth 2, 28 lits): UNSAT in 0.02s
    cube 3958.95.16 (depth 2, 28 lits): UNSAT in 0.03s
    cube 3958.95.17 (depth 2, 28 lits): UNSAT in 0.03s
    cube 3958.95.18 (depth 2, 28 lits): UNSAT in 0.05s
    cube 3958.95.19 (depth 2, 28 lits): UNSAT in 0.01s
    cube 3958.95.20 (depth 2, 28 lits): UNSAT in 0.02s
    cube 3958.95.21 (depth 2, 28 lits): UNSAT in 0.03s
    cube 3958.95.22 (depth 2, 28 lits): UNSAT in 0.09s
    cube 3958.95.23 (depth 2, 28 lits): UNSAT in 0.03s
    cube 3958.95.24 (depth 2, 28 lits): UNSAT in 0.12s
    cube 3958.95.25 (depth 2, 28 lits): UNSAT in 0.03s
    cube 3958.95.26 (depth 2, 28 lits): UNSAT in 0.16s
    cube 3958.95.27 (depth 2, 28 lits): UNSAT in 0.15s
    cube 3958.95.28 (depth 2, 28 lits): UNSAT in 0.13s
    cube 3958.95.29 (depth 2, 28 lits): UNSAT in 0.05s
    cube 3958.95.30 (depth 2, 28 lits): UNSAT in 0.44s
    cube 3958.95.31 (depth 2, 28 lits): UNSAT in 0.02s
    cube 3958.95.32 (depth 2, 28 lits): UNSAT in 0.03s
    cube 3958.95.33 (depth 2, 27 lits): UNSAT in 0.02s
    cube 3958.95.34 (depth 2, 28 lits): UNSAT in 0.02s
    cube 3958.95.35 (depth 2, 28 lits): UNSAT in 0.02s
    cube 3958.95.36 (depth 2, 28 lits): UNSAT in 0.05s
    cube 3958.95.37 (depth 2, 28 lits): UNSAT in 0.07s
    cube 3958.95.38 (depth 2, 28 lits): UNSAT in 0.02s
    cube 3958.95.39 (depth 2, 28 lits): UNSAT in 0.02s
    cube 3958.95.40 (depth 2, 28 lits): UNSAT in 0.02s
    cube 3958.95.41 (depth 2, 28 lits): UNSAT in 0.18s
    cube 3958.95.42 (depth 2, 28 lits): UNSAT in 0.04s
    cube 3958.95.43 (depth 2, 28 lits): UNSAT in 0.19s
    cube 3958.95.44 (depth 2, 28 lits): UNSAT in 0.09s
    cube 3958.95.45 (depth 2, 28 lits): UNSAT in 0.41s
    cube 3958.95.46 (depth 2, 28 lits): UNSAT in 0.02s
    cube 3958.95.47 (depth 2, 28 lits): UNSAT in 0.06s
    cube 3958.95.48 (depth 2, 28 lits): UNSAT in 0.09s
    cube 3958.95.49 (depth 2, 28 lits): UNSAT in 0.03s
    cube 3958.95.50 (depth 2, 28 lits): UNSAT in 0.02s
    cube 3958.95.51 (depth 2, 28 lits): UNSAT in 0.07s
    cube 3958.95.52 (depth 2, 28 lits): UNSAT in 0.08s
    cube 3958.95.53 (depth 2, 28 lits): UNSAT in 0.34s
    cube 3958.95.54 (depth 2, 28 lits): UNSAT in 0.03s
    cube 3958.95.55 (depth 2, 28 lits): UNSAT in 0.06s
    cube 3958.95.56 (depth 2, 28 lits): UNSAT in 0.17s
    cube 3958.95.57 (depth 2, 28 lits): UNSAT in 0.28s
    cube 3958.95.58 (depth 2, 28 lits): UNSAT in 0.08s
    cube 3958.95.59 (depth 2, 28 lits): UNSAT in 0.06s
    cube 3958.95.60 (depth 2, 28 lits): UNSAT in 0.17s
    cube 3958.95.61 (depth 2, 28 lits): UNSAT in 0.31s
    cube 3958.95.62 (depth 2, 28 lits): UNSAT in 0.01s
    cube 3958.95.63 (depth 2, 28 lits): UNSAT in 0.03s
    cube 3958.95.64 (depth 2, 28 lits): UNSAT in 0.02s
    cube 3958.95.65 (depth 2, 28 lits): UNSAT in 0.06s
    cube 3958.95.66 (depth 2, 28 lits): UNSAT in 0.02s
    cube 3958.95.67 (depth 2, 28 lits): UNSAT in 0.06s
    cube 3958.95.68 (depth 2, 28 lits): UNSAT in 0.02s
    cube 3958.95.69 (depth 2, 28 lits): UNSAT in 0.06s
    cube 3958.95.70 (depth 2, 28 lits): UNSAT in 0.03s
    cube 3958.95.71 (depth 2, 28 lits): UNSAT in 0.04s
    cube 3958.95.72 (depth 2, 28 lits): UNSAT in 0.03s
    cube 3958.95.73 (depth 2, 28 lits): UNSAT in 0.05s
    cube 3958.95.74 (depth 2, 28 lits): UNSAT in 0.02s
    cube 3958.95.75 (depth 2, 28 lits): UNSAT in 0.06s
    cube 3958.95.76 (depth 2, 28 lits): UNSAT in 0.11s
    cube 3958.95.77 (depth 2, 28 lits): UNSAT in 0.31s
    cube 3958.95.78 (depth 2, 28 lits): UNSAT in 0.01s
    cube 3958.95.79 (depth 2, 28 lits): UNSAT in 0.02s
    cube 3958.95.80 (depth 2, 28 lits): UNSAT in 0.02s
    cube 3958.95.81 (depth 2, 28 lits): UNSAT in 0.02s
    cube 3958.95.82 (depth 2, 28 lits): UNSAT in 0.04s
    cube 3958.95.83 (depth 2, 28 lits): UNSAT in 0.21s
    cube 3958.95.84 (depth 2, 28 lits): UNSAT in 0.05s
    cube 3958.95.85 (depth 2, 28 lits): UNSAT in 0.20s
    cube 3958.95.86 (depth 2, 28 lits): UNSAT in 0.06s
    cube 3958.95.87 (depth 2, 28 lits): UNSAT in 0.15s
    cube 3958.95.88 (depth 2, 28 lits): UNSAT in 0.22s
    cube 3958.95.89 (depth 2, 28 lits): UNSAT in 0.85s
    cube 3958.95.90 (depth 2, 28 lits): UNSAT in 0.12s
    cube 3958.95.91 (depth 2, 28 lits): UNSAT in 0.14s
    cube 3958.95.92 (depth 2, 28 lits): UNSAT in 0.22s
    cube 3958.95.93 (depth 2, 28 lits): UNSAT in 0.80s
    cube 3958.95.94 (depth 2, 28 lits): UNSAT in 0.02s
    cube 3958.95.95 (depth 2, 28 lits): UNSAT in 0.05s
    cube 3958.95.96 (depth 2, 28 lits): UNSAT in 0.03s
    cube 3958.95.97 (depth 2, 28 lits): UNSAT in 0.10s
    cube 3958.95.98 (depth 2, 28 lits): UNSAT in 0.08s
    cube 3958.95.99 (depth 2, 28 lits): UNSAT in 0.30s
    cube 3958.95.100 (depth 2, 28 lits): UNSAT in 0.07s
    cube 3958.95.101 (depth 2, 28 lits): UNSAT in 0.31s
    cube 3958.95.102 (depth 2, 28 lits): UNSAT in 0.11s
    cube 3958.95.103 (depth 2, 28 lits): UNSAT in 0.41s
    cube 3958.95.104 (depth 2, 28 lits): UNSAT in 0.15s
    cube 3958.95.105 (depth 2, 28 lits): UNSAT in 0.22s
    cube 3958.95.106 (depth 2, 28 lits): UNSAT in 0.15s
    cube 3958.95.107 (depth 2, 28 lits): UNSAT in 0.12s
    cube 3958.95.108 (depth 2, 28 lits): UNSAT in 1.10s
    cube 3958.95.109 (depth 2, 28 lits): UNSAT in 1.41s
    cube 3958.95.110 (depth 2, 28 lits): UNSAT in 0.07s
    cube 3958.95.111 (depth 2, 28 lits): UNSAT in 0.05s
    cube 3958.95.112 (depth 2, 28 lits): UNSAT in 0.12s
    cube 3958.95.113 (depth 2, 28 lits): UNSAT in 0.11s
    cube 3958.95.114 (depth 2, 28 lits): UNSAT in 0.22s
    cube 3958.95.115 (depth 2, 28 lits): UNSAT in 0.41s
    cube 3958.95.116 (depth 2, 28 lits): UNSAT in 1.59s
    cube 3958.95.117 (depth 2, 28 lits): UNSAT in 4.06s
    cube 3958.95.118 (depth 2, 28 lits): UNSAT in 0.48s
    cube 3958.95.119 (depth 2, 28 lits): UNSAT in 0.27s
    cube 3958.95.120 (depth 2, 28 lits): UNSAT in 0.71s
    cube 3958.95.121 (depth 2, 28 lits): UNSAT in 3.78s
    cube 3958.95.122 (depth 2, 28 lits): UNSAT in 3.11s
    cube 3958.95.123 (depth 2, 28 lits): UNSAT in 7.77s
    cube 3958.95.124 (depth 2, 28 lits): UNSAT in 2.49s
    cube 3958.95.125 (depth 2, 28 lits): UNSAT in 16.90s
    cube 3958.95.126 (depth 2, 28 lits): UNSAT in 0.02s
    cube 3958.95.127 (depth 2, 28 lits): UNSAT in 0.02s
    cube 3958.95.128 (depth 2, 28 lits): UNSAT in 0.02s
    cube 3958.95.129 (depth 2, 28 lits): UNSAT in 0.05s
    cube 3958.95.130 (depth 2, 28 lits): UNSAT in 0.02s
    cube 3958.95.131 (depth 2, 28 lits): UNSAT in 0.03s
    cube 3958.95.132 (depth 2, 28 lits): UNSAT in 0.03s
    cube 3958.95.133 (depth 2, 28 lits): UNSAT in 0.07s
    cube 3958.95.134 (depth 2, 28 lits): UNSAT in 0.01s
    cube 3958.95.135 (depth 2, 28 lits): UNSAT in 0.02s
    cube 3958.95.136 (depth 2, 28 lits): UNSAT in 0.03s
    cube 3958.95.137 (depth 2, 28 lits): UNSAT in 0.03s
    cube 3958.95.138 (depth 2, 28 lits): UNSAT in 0.08s
    cube 3958.95.139 (depth 2, 28 lits): UNSAT in 0.08s
    cube 3958.95.140 (depth 2, 28 lits): UNSAT in 0.05s
    cube 3958.95.141 (depth 2, 28 lits): UNSAT in 0.11s
    cube 3958.95.142 (depth 2, 28 lits): UNSAT in 0.03s
    cube 3958.95.143 (depth 2, 28 lits): UNSAT in 0.03s
    cube 3958.95.144 (depth 2, 28 lits): UNSAT in 0.02s
    cube 3958.95.145 (depth 2, 28 lits): UNSAT in 0.05s
    cube 3958.95.146 (depth 2, 28 lits): UNSAT in 0.05s
    cube 3958.95.147 (depth 2, 28 lits): UNSAT in 0.08s
    cube 3958.95.148 (depth 2, 28 lits): UNSAT in 0.06s
    cube 3958.95.149 (depth 2, 28 lits): UNSAT in 0.23s
    cube 3958.95.150 (depth 2, 28 lits): UNSAT in 0.05s
    cube 3958.95.151 (depth 2, 28 lits): UNSAT in 0.05s
    cube 3958.95.152 (depth 2, 28 lits): UNSAT in 0.03s
    cube 3958.95.153 (depth 2, 28 lits): UNSAT in 0.18s
    cube 3958.95.154 (depth 2, 28 lits): UNSAT in 0.07s
    cube 3958.95.155 (depth 2, 28 lits): UNSAT in 0.09s
    cube 3958.95.156 (depth 2, 28 lits): UNSAT in 0.30s
    cube 3958.95.157 (depth 2, 28 lits): UNSAT in 1.26s
    cube 3958.95.158 (depth 2, 28 lits): UNSAT in 0.03s
    cube 3958.95.159 (depth 2, 28 lits): UNSAT in 0.08s
    cube 3958.95.160 (depth 2, 28 lits): UNSAT in 0.02s
    cube 3958.95.161 (depth 2, 28 lits): UNSAT in 0.08s
    cube 3958.95.162 (depth 2, 28 lits): UNSAT in 0.03s
    cube 3958.95.163 (depth 2, 28 lits): UNSAT in 0.08s
    cube 3958.95.164 (depth 2, 28 lits): UNSAT in 0.08s
    cube 3958.95.165 (depth 2, 28 lits): UNSAT in 0.40s
    cube 3958.95.166 (depth 2, 28 lits): UNSAT in 0.02s
    cube 3958.95.167 (depth 2, 28 lits): UNSAT in 0.03s
    cube 3958.95.168 (depth 2, 28 lits): UNSAT in 0.15s
    cube 3958.95.169 (depth 2, 28 lits): UNSAT in 0.27s
    cube 3958.95.170 (depth 2, 28 lits): UNSAT in 0.10s
    cube 3958.95.171 (depth 2, 28 lits): UNSAT in 0.29s
    cube 3958.95.172 (depth 2, 28 lits): UNSAT in 0.27s
    cube 3958.95.173 (depth 2, 28 lits): UNSAT in 3.95s
    cube 3958.95.174 (depth 2, 28 lits): UNSAT in 0.14s
    cube 3958.95.175 (depth 2, 28 lits): UNSAT in 0.15s
    cube 3958.95.176 (depth 2, 28 lits): UNSAT in 0.13s
    cube 3958.95.177 (depth 2, 28 lits): UNSAT in 1.71s
    cube 3958.95.178 (depth 2, 28 lits): UNSAT in 0.25s
    cube 3958.95.179 (depth 2, 28 lits): UNSAT in 0.23s
    cube 3958.95.180 (depth 2, 28 lits): UNSAT in 0.31s
    cube 3958.95.181 (depth 2, 28 lits): UNSAT in 0.78s
    cube 3958.95.182 (depth 2, 28 lits): UNSAT in 0.12s
    cube 3958.95.183 (depth 2, 28 lits): UNSAT in 0.37s
    cube 3958.95.184 (depth 2, 28 lits): UNSAT in 1.45s
    cube 3958.95.185 (depth 2, 28 lits): UNSAT in 2.97s
    cube 3958.95.186 (depth 2, 28 lits): UNSAT in 0.49s
    cube 3958.95.187 (depth 2, 28 lits): UNSAT in 10.12s
    cube 3958.95.188 (depth 2, 28 lits): UNSAT in 6.50s
    cube 3958.95.189 (depth 2, 28 lits): UNSAT in 32.97s
    cube 3958.95.190 (depth 2, 28 lits): UNSAT in 0.03s
    cube 3958.95.191 (depth 2, 28 lits): UNSAT in 0.04s
    cube 3958.95.192 (depth 2, 28 lits): UNSAT in 0.05s
    cube 3958.95.193 (depth 2, 28 lits): UNSAT in 0.07s
    cube 3958.95.194 (depth 2, 28 lits): UNSAT in 0.04s
    cube 3958.95.195 (depth 2, 28 lits): UNSAT in 0.11s
    cube 3958.95.196 (depth 2, 28 lits): UNSAT in 0.13s
    cube 3958.95.197 (depth 2, 28 lits): UNSAT in 0.97s
    cube 3958.95.198 (depth 2, 28 lits): UNSAT in 0.09s
    cube 3958.95.199 (depth 2, 28 lits): UNSAT in 0.23s
    cube 3958.95.200 (depth 2, 28 lits): UNSAT in 0.21s
    cube 3958.95.201 (depth 2, 28 lits): UNSAT in 1.50s
    cube 3958.95.202 (depth 2, 28 lits): UNSAT in 0.91s
    cube 3958.95.203 (depth 2, 28 lits): UNSAT in 1.62s
    cube 3958.95.204 (depth 2, 28 lits): UNSAT in 0.42s
    cube 3958.95.205 (depth 2, 28 lits): UNSAT in 9.42s
    cube 3958.95.206 (depth 2, 28 lits): UNSAT in 0.08s
    cube 3958.95.207 (depth 2, 28 lits): UNSAT in 0.29s
    cube 3958.95.208 (depth 2, 28 lits): UNSAT in 0.08s
    cube 3958.95.209 (depth 2, 28 lits): UNSAT in 1.11s
    cube 3958.95.210 (depth 2, 28 lits): UNSAT in 0.04s
    cube 3958.95.211 (depth 2, 28 lits): UNSAT in 0.17s
    cube 3958.95.212 (depth 2, 28 lits): UNSAT in 0.36s
    cube 3958.95.213 (depth 2, 28 lits): UNSAT in 3.20s
    cube 3958.95.214 (depth 2, 28 lits): UNSAT in 0.70s
    cube 3958.95.215 (depth 2, 28 lits): UNSAT in 2.13s
    cube 3958.95.216 (depth 2, 28 lits): UNSAT in 0.37s
    cube 3958.95.217 (depth 2, 28 lits): UNSAT in 2.33s
    cube 3958.95.218 (depth 2, 28 lits): UNSAT in 0.22s
    cube 3958.95.219 (depth 2, 28 lits): UNSAT in 0.72s
    cube 3958.95.220 (depth 2, 28 lits): UNSAT in 0.73s
    cube 3958.95.221 (depth 2, 28 lits): UNSAT in 84.66s
    cube 3958.95.222 (depth 2, 28 lits): UNSAT in 0.03s
    cube 3958.95.223 (depth 2, 28 lits): UNSAT in 0.04s
    cube 3958.95.224 (depth 2, 28 lits): UNSAT in 0.03s
    cube 3958.95.225 (depth 2, 28 lits): UNSAT in 0.09s
    cube 3958.95.226 (depth 2, 28 lits): UNSAT in 0.13s
    cube 3958.95.227 (depth 2, 28 lits): UNSAT in 0.86s
    cube 3958.95.228 (depth 2, 28 lits): UNSAT in 0.18s
    cube 3958.95.229 (depth 2, 28 lits): UNSAT in 2.68s
    cube 3958.95.230 (depth 2, 28 lits): UNSAT in 0.21s
    cube 3958.95.231 (depth 2, 28 lits): UNSAT in 0.56s
    cube 3958.95.232 (depth 2, 28 lits): UNSAT in 2.69s
    cube 3958.95.233 (depth 2, 28 lits): UNSAT in 3.17s
    cube 3958.95.234 (depth 2, 28 lits): UNSAT in 0.88s
    cube 3958.95.235 (depth 2, 28 lits): UNSAT in 17.72s
    cube 3958.95.236 (depth 2, 28 lits): UNSAT in 0.55s
    cube 3958.95.237 (depth 2, 28 lits): UNSAT in 60.40s
    cube 3958.95.238 (depth 2, 28 lits): UNSAT in 0.05s
    cube 3958.95.239 (depth 2, 28 lits): UNSAT in 0.10s
    cube 3958.95.240 (depth 2, 28 lits): UNSAT in 0.12s
    cube 3958.95.241 (depth 2, 28 lits): UNSAT in 0.49s
    cube 3958.95.242 (depth 2, 28 lits): UNSAT in 0.12s
    cube 3958.95.243 (depth 2, 28 lits): UNSAT in 1.09s
    cube 3958.95.244 (depth 2, 28 lits): UNSAT in 1.07s
    cube 3958.95.245 (depth 2, 28 lits): UNSAT in 1.94s
    cube 3958.95.246 (depth 2, 28 lits): UNSAT in 0.29s
    cube 3958.95.247 (depth 2, 28 lits): UNSAT in 0.72s
    cube 3958.95.248 (depth 2, 28 lits): UNSAT in 0.28s
    cube 3958.95.249 (depth 2, 28 lits): UNSAT in 1.33s
    cube 3958.95.250 (depth 2, 28 lits): UNSAT in 1.39s
    cube 3958.95.251 (depth 2, 28 lits): UNSAT in 6.08s
    cube 3958.95.252 (depth 2, 28 lits): UNSAT in 8.39s
    cube 3958.95.253 (depth 2, 28 lits): UNSAT in 76.97s
    cube 3958.96 (depth 1, 20 lits): UNSAT in 0.18s
    cube 3958.97 (depth 1, 20 lits): UNSAT in 0.32s
    cube 3958.98 (depth 1, 20 lits): UNSAT in 0.45s
    cube 3958.99 (depth 1, 20 lits): UNSAT in 0.82s
    cube 3958.100 (depth 1, 20 lits): UNSAT in 0.25s
    cube 3958.101 (depth 1, 20 lits): UNSAT in 2.39s
    cube 3958.102 (depth 1, 20 lits): UNSAT in 3.32s
    cube 3958.103 (depth 1, 20 lits): UNSAT in 16.31s
    cube 3958.104 (depth 1, 20 lits): UNSAT in 0.05s
    cube 3958.105 (depth 1, 20 lits): UNSAT in 0.16s
    cube 3958.106 (depth 1, 20 lits): UNSAT in 1.33s
    cube 3958.107 (depth 1, 20 lits): UNSAT in 18.11s
    cube 3958.108 (depth 1, 20 lits): UNSAT in 0.27s
    cube 3958.109 (depth 1, 20 lits): UNSAT in 14.94s
    cube 3958.110 (depth 1, 20 lits): UNSAT in 8.12s
    cube 3958.111 (depth 1, 20 lits): UNSAT in 512.35s
    cube 3958.112 (depth 1, 20 lits): UNSAT in 1.46s
    cube 3958.113 (depth 1, 20 lits): UNSAT in 4.65s
    cube 3958.114 (depth 1, 20 lits): UNSAT in 13.57s
    cube 3958.115 (depth 1, 20 lits): UNSAT in 95.10s
    cube 3958.116 (depth 1, 20 lits): UNSAT in 1.55s
    cube 3958.117 (depth 1, 20 lits): UNSAT in 20.03s
    cube 3958.118 (depth 1, 20 lits): UNSAT in 22.96s
    cube 3958.119 (depth 1, 20 lits): TIMEOUT in 1200.10s
    cube 3958.119 TIMEOUT -> re-split into 246 sub-cubes (depth 2)
    cube 3958.119.0 (depth 2, 26 lits): UNSAT in 0.02s
    cube 3958.119.1 (depth 2, 27 lits): UNSAT in 0.02s
    cube 3958.119.2 (depth 2, 28 lits): UNSAT in 0.02s
    cube 3958.119.3 (depth 2, 28 lits): UNSAT in 0.02s
    cube 3958.119.4 (depth 2, 27 lits): UNSAT in 0.02s
    cube 3958.119.5 (depth 2, 27 lits): UNSAT in 0.02s
    cube 3958.119.6 (depth 2, 28 lits): UNSAT in 0.01s
    cube 3958.119.7 (depth 2, 28 lits): UNSAT in 0.02s
    cube 3958.119.8 (depth 2, 28 lits): UNSAT in 0.02s
    cube 3958.119.9 (depth 2, 28 lits): UNSAT in 0.03s
    cube 3958.119.10 (depth 2, 27 lits): UNSAT in 0.01s
    cube 3958.119.11 (depth 2, 28 lits): UNSAT in 0.02s
    cube 3958.119.12 (depth 2, 28 lits): UNSAT in 0.02s
    cube 3958.119.13 (depth 2, 28 lits): UNSAT in 0.02s
    cube 3958.119.14 (depth 2, 28 lits): UNSAT in 0.01s
    cube 3958.119.15 (depth 2, 28 lits): UNSAT in 0.02s
    cube 3958.119.16 (depth 2, 28 lits): UNSAT in 0.04s
    cube 3958.119.17 (depth 2, 28 lits): UNSAT in 0.02s
    cube 3958.119.18 (depth 2, 28 lits): UNSAT in 0.03s
    cube 3958.119.19 (depth 2, 28 lits): UNSAT in 0.01s
    cube 3958.119.20 (depth 2, 28 lits): UNSAT in 0.03s
    cube 3958.119.21 (depth 2, 28 lits): UNSAT in 0.04s
    cube 3958.119.22 (depth 2, 28 lits): UNSAT in 0.15s
    cube 3958.119.23 (depth 2, 28 lits): UNSAT in 0.12s
    cube 3958.119.24 (depth 2, 28 lits): UNSAT in 0.24s
    cube 3958.119.25 (depth 2, 28 lits): UNSAT in 0.01s
    cube 3958.119.26 (depth 2, 28 lits): UNSAT in 0.02s
    cube 3958.119.27 (depth 2, 28 lits): UNSAT in 0.01s
    cube 3958.119.28 (depth 2, 28 lits): UNSAT in 0.02s
    cube 3958.119.29 (depth 2, 28 lits): UNSAT in 0.02s
    cube 3958.119.30 (depth 2, 28 lits): UNSAT in 0.02s
    cube 3958.119.31 (depth 2, 28 lits): UNSAT in 0.02s
    cube 3958.119.32 (depth 2, 28 lits): UNSAT in 0.06s
    cube 3958.119.33 (depth 2, 28 lits): UNSAT in 0.03s
    cube 3958.119.34 (depth 2, 28 lits): UNSAT in 0.03s
    cube 3958.119.35 (depth 2, 28 lits): UNSAT in 0.03s
    cube 3958.119.36 (depth 2, 28 lits): UNSAT in 0.02s
    cube 3958.119.37 (depth 2, 28 lits): UNSAT in 0.02s
    cube 3958.119.38 (depth 2, 28 lits): UNSAT in 0.05s
    cube 3958.119.39 (depth 2, 28 lits): UNSAT in 0.05s
    cube 3958.119.40 (depth 2, 28 lits): UNSAT in 0.08s
    cube 3958.119.41 (depth 2, 28 lits): UNSAT in 0.02s
    cube 3958.119.42 (depth 2, 28 lits): UNSAT in 0.02s
    cube 3958.119.43 (depth 2, 28 lits): UNSAT in 0.02s
    cube 3958.119.44 (depth 2, 28 lits): UNSAT in 0.03s
    cube 3958.119.45 (depth 2, 28 lits): UNSAT in 0.03s
    cube 3958.119.46 (depth 2, 28 lits): UNSAT in 0.03s
    cube 3958.119.47 (depth 2, 28 lits): UNSAT in 0.04s
    cube 3958.119.48 (depth 2, 28 lits): UNSAT in 0.13s
    cube 3958.119.49 (depth 2, 28 lits): UNSAT in 0.02s
    cube 3958.119.50 (depth 2, 28 lits): UNSAT in 0.03s
    cube 3958.119.51 (depth 2, 28 lits): UNSAT in 0.06s
    cube 3958.119.52 (depth 2, 28 lits): UNSAT in 0.12s
    cube 3958.119.53 (depth 2, 28 lits): UNSAT in 0.04s
    cube 3958.119.54 (depth 2, 28 lits): UNSAT in 0.09s
    cube 3958.119.55 (depth 2, 28 lits): UNSAT in 0.15s
    cube 3958.119.56 (depth 2, 28 lits): UNSAT in 0.50s
    cube 3958.119.57 (depth 2, 28 lits): UNSAT in 0.01s
    cube 3958.119.58 (depth 2, 28 lits): UNSAT in 0.01s
    cube 3958.119.59 (depth 2, 28 lits): UNSAT in 0.02s
    cube 3958.119.60 (depth 2, 28 lits): UNSAT in 0.03s
    cube 3958.119.61 (depth 2, 28 lits): UNSAT in 0.01s
    cube 3958.119.62 (depth 2, 28 lits): UNSAT in 0.01s
    cube 3958.119.63 (depth 2, 28 lits): UNSAT in 0.03s
    cube 3958.119.64 (depth 2, 28 lits): UNSAT in 0.04s
    cube 3958.119.65 (depth 2, 28 lits): UNSAT in 0.02s
    cube 3958.119.66 (depth 2, 28 lits): UNSAT in 0.02s
    cube 3958.119.67 (depth 2, 28 lits): UNSAT in 0.03s
    cube 3958.119.68 (depth 2, 28 lits): UNSAT in 0.07s
    cube 3958.119.69 (depth 2, 28 lits): UNSAT in 0.02s
    cube 3958.119.70 (depth 2, 28 lits): UNSAT in 0.03s
    cube 3958.119.71 (depth 2, 28 lits): UNSAT in 0.03s
    cube 3958.119.72 (depth 2, 28 lits): UNSAT in 0.17s
    cube 3958.119.73 (depth 2, 27 lits): UNSAT in 0.02s
    cube 3958.119.74 (depth 2, 27 lits): UNSAT in 0.02s
    cube 3958.119.75 (depth 2, 28 lits): UNSAT in 0.02s
    cube 3958.119.76 (depth 2, 28 lits): UNSAT in 0.02s
    cube 3958.119.77 (depth 2, 28 lits): UNSAT in 0.03s
    cube 3958.119.78 (depth 2, 28 lits): UNSAT in 0.10s
    cube 3958.119.79 (depth 2, 28 lits): UNSAT in 0.02s
    cube 3958.119.80 (depth 2, 28 lits): UNSAT in 0.04s
    cube 3958.119.81 (depth 2, 28 lits): UNSAT in 0.05s
    cube 3958.119.82 (depth 2, 28 lits): UNSAT in 0.18s
    cube 3958.119.83 (depth 2, 28 lits): UNSAT in 0.20s
    cube 3958.119.84 (depth 2, 28 lits): UNSAT in 0.72s
    cube 3958.119.85 (depth 2, 28 lits): UNSAT in 0.19s
    cube 3958.119.86 (depth 2, 28 lits): UNSAT in 3.03s
    cube 3958.119.87 (depth 2, 28 lits): UNSAT in 0.03s
    cube 3958.119.88 (depth 2, 28 lits): UNSAT in 0.05s
    cube 3958.119.89 (depth 2, 28 lits): UNSAT in 0.04s
    cube 3958.119.90 (depth 2, 28 lits): UNSAT in 0.07s
    cube 3958.119.91 (depth 2, 28 lits): UNSAT in 0.02s
    cube 3958.119.92 (depth 2, 28 lits): UNSAT in 0.05s
    cube 3958.119.93 (depth 2, 28 lits): UNSAT in 0.06s
    cube 3958.119.94 (depth 2, 28 lits): UNSAT in 0.41s
    cube 3958.119.95 (depth 2, 28 lits): UNSAT in 0.04s
    cube 3958.119.96 (depth 2, 28 lits): UNSAT in 0.07s
    cube 3958.119.97 (depth 2, 28 lits): UNSAT in 0.25s
    cube 3958.119.98 (depth 2, 28 lits): UNSAT in 0.20s
    cube 3958.119.99 (depth 2, 28 lits): UNSAT in 0.23s
    cube 3958.119.100 (depth 2, 28 lits): UNSAT in 0.38s
    cube 3958.119.101 (depth 2, 28 lits): UNSAT in 0.33s
    cube 3958.119.102 (depth 2, 28 lits): UNSAT in 2.03s
    cube 3958.119.103 (depth 2, 28 lits): UNSAT in 0.02s
    cube 3958.119.104 (depth 2, 28 lits): UNSAT in 0.01s
    cube 3958.119.105 (depth 2, 28 lits): UNSAT in 0.07s
    cube 3958.119.106 (depth 2, 28 lits): UNSAT in 0.19s
    cube 3958.119.107 (depth 2, 28 lits): UNSAT in 0.16s
    cube 3958.119.108 (depth 2, 28 lits): UNSAT in 0.28s
    cube 3958.119.109 (depth 2, 28 lits): UNSAT in 0.34s
    cube 3958.119.110 (depth 2, 28 lits): UNSAT in 3.29s
    cube 3958.119.111 (depth 2, 28 lits): UNSAT in 0.28s
    cube 3958.119.112 (depth 2, 28 lits): UNSAT in 0.53s
    cube 3958.119.113 (depth 2, 28 lits): UNSAT in 0.65s
    cube 3958.119.114 (depth 2, 28 lits): UNSAT in 4.26s
    cube 3958.119.115 (depth 2, 28 lits): UNSAT in 0.60s
    cube 3958.119.116 (depth 2, 28 lits): UNSAT in 8.10s
    cube 3958.119.117 (depth 2, 28 lits): UNSAT in 12.21s
    cube 3958.119.118 (depth 2, 28 lits): UNSAT in 7.94s
    cube 3958.119.119 (depth 2, 28 lits): UNSAT in 0.04s
    cube 3958.119.120 (depth 2, 28 lits): UNSAT in 0.05s
    cube 3958.119.121 (depth 2, 28 lits): UNSAT in 0.05s
    cube 3958.119.122 (depth 2, 28 lits): UNSAT in 0.10s
    cube 3958.119.123 (depth 2, 28 lits): UNSAT in 0.04s
    cube 3958.119.124 (depth 2, 28 lits): UNSAT in 0.07s
    cube 3958.119.125 (depth 2, 28 lits): UNSAT in 0.06s
    cube 3958.119.126 (depth 2, 28 lits): UNSAT in 0.17s
    cube 3958.119.127 (depth 2, 28 lits): UNSAT in 0.05s
    cube 3958.119.128 (depth 2, 28 lits): UNSAT in 0.06s
    cube 3958.119.129 (depth 2, 28 lits): UNSAT in 0.09s
    cube 3958.119.130 (depth 2, 28 lits): UNSAT in 0.34s
    cube 3958.119.131 (depth 2, 28 lits): UNSAT in 0.11s
    cube 3958.119.132 (depth 2, 28 lits): UNSAT in 0.21s
    cube 3958.119.133 (depth 2, 28 lits): UNSAT in 0.25s
    cube 3958.119.134 (depth 2, 28 lits): UNSAT in 1.24s
    cube 3958.119.135 (depth 2, 28 lits): UNSAT in 0.05s
    cube 3958.119.136 (depth 2, 28 lits): UNSAT in 0.07s
    cube 3958.119.137 (depth 2, 28 lits): UNSAT in 0.12s
    cube 3958.119.138 (depth 2, 28 lits): UNSAT in 0.27s
    cube 3958.119.139 (depth 2, 28 lits): UNSAT in 0.04s
    cube 3958.119.140 (depth 2, 28 lits): UNSAT in 0.13s
    cube 3958.119.141 (depth 2, 28 lits): UNSAT in 0.11s
    cube 3958.119.142 (depth 2, 28 lits): UNSAT in 0.50s
    cube 3958.119.143 (depth 2, 28 lits): UNSAT in 0.04s
    cube 3958.119.144 (depth 2, 28 lits): UNSAT in 0.12s
    cube 3958.119.145 (depth 2, 28 lits): UNSAT in 0.10s
    cube 3958.119.146 (depth 2, 28 lits): UNSAT in 0.25s
    cube 3958.119.147 (depth 2, 28 lits): UNSAT in 0.10s
    cube 3958.119.148 (depth 2, 28 lits): UNSAT in 0.16s
    cube 3958.119.149 (depth 2, 28 lits): UNSAT in 0.06s
    cube 3958.119.150 (depth 2, 28 lits): UNSAT in 0.45s
    cube 3958.119.151 (depth 2, 28 lits): UNSAT in 0.02s
    cube 3958.119.152 (depth 2, 28 lits): UNSAT in 0.04s
    cube 3958.119.153 (depth 2, 28 lits): UNSAT in 0.03s
    cube 3958.119.154 (depth 2, 28 lits): UNSAT in 0.12s
    cube 3958.119.155 (depth 2, 28 lits): UNSAT in 0.04s
    cube 3958.119.156 (depth 2, 28 lits): UNSAT in 0.08s
    cube 3958.119.157 (depth 2, 28 lits): UNSAT in 0.12s
    cube 3958.119.158 (depth 2, 28 lits): UNSAT in 0.29s
    cube 3958.119.159 (depth 2, 28 lits): UNSAT in 0.03s
    cube 3958.119.160 (depth 2, 28 lits): UNSAT in 0.07s
    cube 3958.119.161 (depth 2, 28 lits): UNSAT in 0.03s
    cube 3958.119.162 (depth 2, 28 lits): UNSAT in 0.37s
    cube 3958.119.163 (depth 2, 28 lits): UNSAT in 0.39s
    cube 3958.119.164 (depth 2, 28 lits): UNSAT in 0.88s
    cube 3958.119.165 (depth 2, 28 lits): UNSAT in 0.47s
    cube 3958.119.166 (depth 2, 28 lits): UNSAT in 3.55s
    cube 3958.119.167 (depth 2, 27 lits): UNSAT in 0.01s
    cube 3958.119.168 (depth 2, 28 lits): UNSAT in 0.03s
    cube 3958.119.169 (depth 2, 28 lits): UNSAT in 0.15s
    cube 3958.119.170 (depth 2, 28 lits): UNSAT in 0.12s
    cube 3958.119.171 (depth 2, 28 lits): UNSAT in 0.73s
    cube 3958.119.172 (depth 2, 28 lits): UNSAT in 0.53s
    cube 3958.119.173 (depth 2, 28 lits): UNSAT in 3.13s
    cube 3958.119.174 (depth 2, 28 lits): UNSAT in 0.10s
    cube 3958.119.175 (depth 2, 28 lits): UNSAT in 0.58s
    cube 3958.119.176 (depth 2, 28 lits): UNSAT in 0.40s
    cube 3958.119.177 (depth 2, 28 lits): UNSAT in 1.85s
    cube 3958.119.178 (depth 2, 28 lits): UNSAT in 0.87s
    cube 3958.119.179 (depth 2, 28 lits): UNSAT in 4.84s
    cube 3958.119.180 (depth 2, 28 lits): UNSAT in 7.77s
    cube 3958.119.181 (depth 2, 28 lits): UNSAT in 8.03s
    cube 3958.119.182 (depth 2, 28 lits): UNSAT in 0.01s
    cube 3958.119.183 (depth 2, 28 lits): UNSAT in 0.02s
    cube 3958.119.184 (depth 2, 28 lits): UNSAT in 0.02s
    cube 3958.119.185 (depth 2, 28 lits): UNSAT in 0.02s
    cube 3958.119.186 (depth 2, 28 lits): UNSAT in 0.01s
    cube 3958.119.187 (depth 2, 28 lits): UNSAT in 0.04s
    cube 3958.119.188 (depth 2, 28 lits): UNSAT in 0.03s
    cube 3958.119.189 (depth 2, 28 lits): UNSAT in 0.29s
    cube 3958.119.190 (depth 2, 28 lits): UNSAT in 0.06s
    cube 3958.119.191 (depth 2, 28 lits): UNSAT in 0.22s
    cube 3958.119.192 (depth 2, 28 lits): UNSAT in 0.13s
    cube 3958.119.193 (depth 2, 28 lits): UNSAT in 0.43s
    cube 3958.119.194 (depth 2, 28 lits): UNSAT in 0.18s
    cube 3958.119.195 (depth 2, 28 lits): UNSAT in 0.60s
    cube 3958.119.196 (depth 2, 28 lits): UNSAT in 0.59s
    cube 3958.119.197 (depth 2, 28 lits): UNSAT in 1.91s
    cube 3958.119.198 (depth 2, 28 lits): UNSAT in 0.02s
    cube 3958.119.199 (depth 2, 28 lits): UNSAT in 0.04s
    cube 3958.119.200 (depth 2, 28 lits): UNSAT in 0.05s
    cube 3958.119.201 (depth 2, 28 lits): UNSAT in 0.12s
    cube 3958.119.202 (depth 2, 28 lits): UNSAT in 0.10s
    cube 3958.119.203 (depth 2, 28 lits): UNSAT in 0.20s
    cube 3958.119.204 (depth 2, 28 lits): UNSAT in 0.14s
    cube 3958.119.205 (depth 2, 28 lits): UNSAT in 0.36s
    cube 3958.119.206 (depth 2, 28 lits): UNSAT in 0.09s
    cube 3958.119.207 (depth 2, 28 lits): UNSAT in 0.18s
    cube 3958.119.208 (depth 2, 28 lits): UNSAT in 0.08s
    cube 3958.119.209 (depth 2, 28 lits): UNSAT in 2.54s
    cube 3958.119.210 (depth 2, 28 lits): UNSAT in 0.42s
    cube 3958.119.211 (depth 2, 28 lits): UNSAT in 1.68s
    cube 3958.119.212 (depth 2, 28 lits): UNSAT in 2.23s
    cube 3958.119.213 (depth 2, 28 lits): UNSAT in 35.33s
    cube 3958.119.214 (depth 2, 28 lits): UNSAT in 0.02s
    cube 3958.119.215 (depth 2, 28 lits): UNSAT in 0.08s
    cube 3958.119.216 (depth 2, 28 lits): UNSAT in 0.08s
    cube 3958.119.217 (depth 2, 28 lits): UNSAT in 0.26s
    cube 3958.119.218 (depth 2, 28 lits): UNSAT in 0.07s
    cube 3958.119.219 (depth 2, 28 lits): UNSAT in 0.63s
    cube 3958.119.220 (depth 2, 28 lits): UNSAT in 0.96s
    cube 3958.119.221 (depth 2, 28 lits): UNSAT in 2.60s
    cube 3958.119.222 (depth 2, 28 lits): UNSAT in 0.28s
    cube 3958.119.223 (depth 2, 28 lits): UNSAT in 1.50s
    cube 3958.119.224 (depth 2, 28 lits): UNSAT in 1.37s
    cube 3958.119.225 (depth 2, 28 lits): UNSAT in 3.08s
    cube 3958.119.226 (depth 2, 28 lits): UNSAT in 0.15s
    cube 3958.119.227 (depth 2, 28 lits): UNSAT in 3.83s
    cube 3958.119.228 (depth 2, 28 lits): UNSAT in 18.13s
    cube 3958.119.229 (depth 2, 28 lits): UNSAT in 55.79s
    cube 3958.119.230 (depth 2, 28 lits): UNSAT in 0.06s
    cube 3958.119.231 (depth 2, 28 lits): UNSAT in 0.86s
    cube 3958.119.232 (depth 2, 28 lits): UNSAT in 0.77s
    cube 3958.119.233 (depth 2, 28 lits): UNSAT in 8.32s
    cube 3958.119.234 (depth 2, 28 lits): UNSAT in 1.00s
    cube 3958.119.235 (depth 2, 28 lits): UNSAT in 2.29s
    cube 3958.119.236 (depth 2, 28 lits): UNSAT in 2.06s
    cube 3958.119.237 (depth 2, 28 lits): UNSAT in 151.75s
    cube 3958.119.238 (depth 2, 28 lits): UNSAT in 1.21s
    cube 3958.119.239 (depth 2, 28 lits): UNSAT in 15.96s
    cube 3958.119.240 (depth 2, 28 lits): UNSAT in 7.24s
    cube 3958.119.241 (depth 2, 28 lits): UNSAT in 430.84s
    cube 3958.119.242 (depth 2, 28 lits): UNSAT in 1.78s
    cube 3958.119.243 (depth 2, 28 lits): UNSAT in 2.30s
    cube 3958.119.244 (depth 2, 28 lits): UNSAT in 17.82s
    cube 3958.119.245 (depth 2, 28 lits): UNSAT in 679.09s
    cube 3958.120 (depth 1, 20 lits): UNSAT in 9.99s
    cube 3958.121 (depth 1, 20 lits): UNSAT in 126.90s
    cube 3958.122 (depth 1, 20 lits): UNSAT in 33.96s
    cube 3958.123 (depth 1, 20 lits): TIMEOUT in 1200.01s
    cube 3958.123 TIMEOUT -> re-split into 246 sub-cubes (depth 2)
    cube 3958.123.0 (depth 2, 27 lits): UNSAT in 0.02s
    cube 3958.123.1 (depth 2, 28 lits): UNSAT in 0.01s
    cube 3958.123.2 (depth 2, 28 lits): UNSAT in 0.02s
    cube 3958.123.3 (depth 2, 28 lits): UNSAT in 0.02s
    cube 3958.123.4 (depth 2, 28 lits): UNSAT in 0.02s
    cube 3958.123.5 (depth 2, 28 lits): UNSAT in 0.02s
    cube 3958.123.6 (depth 2, 28 lits): UNSAT in 0.03s
    cube 3958.123.7 (depth 2, 27 lits): UNSAT in 0.02s
    cube 3958.123.8 (depth 2, 28 lits): UNSAT in 0.02s
    cube 3958.123.9 (depth 2, 28 lits): UNSAT in 0.02s
    cube 3958.123.10 (depth 2, 27 lits): UNSAT in 0.01s
    cube 3958.123.11 (depth 2, 28 lits): UNSAT in 0.05s
    cube 3958.123.12 (depth 2, 28 lits): UNSAT in 0.09s
    cube 3958.123.13 (depth 2, 27 lits): UNSAT in 0.01s
    cube 3958.123.14 (depth 2, 28 lits): UNSAT in 0.01s
    cube 3958.123.15 (depth 2, 28 lits): UNSAT in 0.03s
    cube 3958.123.16 (depth 2, 28 lits): UNSAT in 0.02s
    cube 3958.123.17 (depth 2, 28 lits): UNSAT in 0.02s
    cube 3958.123.18 (depth 2, 28 lits): UNSAT in 0.03s
    cube 3958.123.19 (depth 2, 28 lits): UNSAT in 0.07s
    cube 3958.123.20 (depth 2, 28 lits): UNSAT in 0.02s
    cube 3958.123.21 (depth 2, 28 lits): UNSAT in 0.03s
    cube 3958.123.22 (depth 2, 28 lits): UNSAT in 0.03s
    cube 3958.123.23 (depth 2, 28 lits): UNSAT in 0.05s
    cube 3958.123.24 (depth 2, 28 lits): UNSAT in 0.02s
    cube 3958.123.25 (depth 2, 28 lits): UNSAT in 0.02s
    cube 3958.123.26 (depth 2, 28 lits): UNSAT in 0.09s
    cube 3958.123.27 (depth 2, 28 lits): UNSAT in 0.08s
    cube 3958.123.28 (depth 2, 28 lits): UNSAT in 0.02s
    cube 3958.123.29 (depth 2, 28 lits): UNSAT in 0.02s
    cube 3958.123.30 (depth 2, 28 lits): UNSAT in 0.04s
    cube 3958.123.31 (depth 2, 28 lits): UNSAT in 0.04s
    cube 3958.123.32 (depth 2, 28 lits): UNSAT in 0.01s
    cube 3958.123.33 (depth 2, 28 lits): UNSAT in 0.02s
    cube 3958.123.34 (depth 2, 28 lits): UNSAT in 0.03s
    cube 3958.123.35 (depth 2, 28 lits): UNSAT in 0.02s
    cube 3958.123.36 (depth 2, 28 lits): UNSAT in 0.01s
    cube 3958.123.37 (depth 2, 28 lits): UNSAT in 0.02s
    cube 3958.123.38 (depth 2, 28 lits): UNSAT in 0.02s
    cube 3958.123.39 (depth 2, 28 lits): UNSAT in 0.02s
    cube 3958.123.40 (depth 2, 28 lits): UNSAT in 0.03s
    cube 3958.123.41 (depth 2, 28 lits): UNSAT in 0.04s
    cube 3958.123.42 (depth 2, 28 lits): UNSAT in 0.05s
    cube 3958.123.43 (depth 2, 28 lits): UNSAT in 0.02s
    cube 3958.123.44 (depth 2, 27 lits): UNSAT in 0.01s
    cube 3958.123.45 (depth 2, 27 lits): UNSAT in 0.01s
    cube 3958.123.46 (depth 2, 28 lits): UNSAT in 0.01s
    cube 3958.123.47 (depth 2, 28 lits): UNSAT in 0.02s
    cube 3958.123.48 (depth 2, 28 lits): UNSAT in 0.01s
    cube 3958.123.49 (depth 2, 28 lits): UNSAT in 0.04s
    cube 3958.123.50 (depth 2, 28 lits): UNSAT in 0.03s
    cube 3958.123.51 (depth 2, 28 lits): UNSAT in 0.03s
    cube 3958.123.52 (depth 2, 28 lits): UNSAT in 0.06s
    cube 3958.123.53 (depth 2, 28 lits): UNSAT in 0.03s
    cube 3958.123.54 (depth 2, 28 lits): UNSAT in 0.02s
    cube 3958.123.55 (depth 2, 28 lits): UNSAT in 0.03s
    cube 3958.123.56 (depth 2, 28 lits): UNSAT in 0.02s
    cube 3958.123.57 (depth 2, 28 lits): UNSAT in 0.19s
    cube 3958.123.58 (depth 2, 28 lits): UNSAT in 0.01s
    cube 3958.123.59 (depth 2, 28 lits): UNSAT in 0.01s
    cube 3958.123.60 (depth 2, 28 lits): UNSAT in 0.01s
    cube 3958.123.61 (depth 2, 28 lits): UNSAT in 0.01s
    cube 3958.123.62 (depth 2, 28 lits): UNSAT in 0.01s
    cube 3958.123.63 (depth 2, 28 lits): UNSAT in 0.02s
    cube 3958.123.64 (depth 2, 28 lits): UNSAT in 0.02s
    cube 3958.123.65 (depth 2, 28 lits): UNSAT in 0.02s
    cube 3958.123.66 (depth 2, 28 lits): UNSAT in 0.02s
    cube 3958.123.67 (depth 2, 28 lits): UNSAT in 0.01s
    cube 3958.123.68 (depth 2, 28 lits): UNSAT in 0.02s
    cube 3958.123.69 (depth 2, 28 lits): UNSAT in 0.05s
    cube 3958.123.70 (depth 2, 28 lits): UNSAT in 0.05s
    cube 3958.123.71 (depth 2, 28 lits): UNSAT in 0.12s
    cube 3958.123.72 (depth 2, 28 lits): UNSAT in 0.14s
    cube 3958.123.73 (depth 2, 28 lits): UNSAT in 0.23s
    cube 3958.123.74 (depth 2, 28 lits): UNSAT in 0.02s
    cube 3958.123.75 (depth 2, 28 lits): UNSAT in 0.06s
    cube 3958.123.76 (depth 2, 28 lits): UNSAT in 0.03s
    cube 3958.123.77 (depth 2, 28 lits): UNSAT in 0.04s
    cube 3958.123.78 (depth 2, 28 lits): UNSAT in 0.01s
    cube 3958.123.79 (depth 2, 28 lits): UNSAT in 0.02s
    cube 3958.123.80 (depth 2, 28 lits): UNSAT in 0.03s
    cube 3958.123.81 (depth 2, 28 lits): UNSAT in 0.16s
    cube 3958.123.82 (depth 2, 28 lits): UNSAT in 0.02s
    cube 3958.123.83 (depth 2, 28 lits): UNSAT in 0.08s
    cube 3958.123.84 (depth 2, 28 lits): UNSAT in 0.03s
    cube 3958.123.85 (depth 2, 28 lits): UNSAT in 0.11s
    cube 3958.123.86 (depth 2, 28 lits): UNSAT in 0.07s
    cube 3958.123.87 (depth 2, 28 lits): UNSAT in 0.13s
    cube 3958.123.88 (depth 2, 28 lits): UNSAT in 0.07s
    cube 3958.123.89 (depth 2, 28 lits): UNSAT in 0.55s
    cube 3958.123.90 (depth 2, 28 lits): UNSAT in 0.02s
    cube 3958.123.91 (depth 2, 28 lits): UNSAT in 0.03s
    cube 3958.123.92 (depth 2, 28 lits): UNSAT in 0.02s
    cube 3958.123.93 (depth 2, 28 lits): UNSAT in 0.05s
    cube 3958.123.94 (depth 2, 28 lits): UNSAT in 0.02s
    cube 3958.123.95 (depth 2, 28 lits): UNSAT in 0.05s
    cube 3958.123.96 (depth 2, 28 lits): UNSAT in 0.03s
    cube 3958.123.97 (depth 2, 28 lits): UNSAT in 0.20s
    cube 3958.123.98 (depth 2, 28 lits): UNSAT in 0.02s
    cube 3958.123.99 (depth 2, 28 lits): UNSAT in 0.03s
    cube 3958.123.100 (depth 2, 28 lits): UNSAT in 0.06s
    cube 3958.123.101 (depth 2, 28 lits): UNSAT in 0.18s
    cube 3958.123.102 (depth 2, 28 lits): UNSAT in 0.20s
    cube 3958.123.103 (depth 2, 28 lits): UNSAT in 0.80s
    cube 3958.123.104 (depth 2, 28 lits): UNSAT in 0.37s
    cube 3958.123.105 (depth 2, 28 lits): UNSAT in 3.42s
    cube 3958.123.106 (depth 2, 28 lits): UNSAT in 0.07s
    cube 3958.123.107 (depth 2, 28 lits): UNSAT in 0.16s
    cube 3958.123.108 (depth 2, 28 lits): UNSAT in 0.14s
    cube 3958.123.109 (depth 2, 28 lits): UNSAT in 0.93s
    cube 3958.123.110 (depth 2, 28 lits): UNSAT in 0.08s
    cube 3958.123.111 (depth 2, 28 lits): UNSAT in 0.57s
    cube 3958.123.112 (depth 2, 28 lits): UNSAT in 1.66s
    cube 3958.123.113 (depth 2, 28 lits): UNSAT in 2.28s
    cube 3958.123.114 (depth 2, 28 lits): UNSAT in 0.11s
    cube 3958.123.115 (depth 2, 28 lits): UNSAT in 0.33s
    cube 3958.123.116 (depth 2, 28 lits): UNSAT in 1.01s
    cube 3958.123.117 (depth 2, 28 lits): UNSAT in 2.17s
    cube 3958.123.118 (depth 2, 28 lits): UNSAT in 1.13s
    cube 3958.123.119 (depth 2, 28 lits): UNSAT in 3.74s
    cube 3958.123.120 (depth 2, 28 lits): UNSAT in 4.68s
    cube 3958.123.121 (depth 2, 28 lits): UNSAT in 38.51s
    cube 3958.123.122 (depth 2, 26 lits): UNSAT in 0.01s
    cube 3958.123.123 (depth 2, 27 lits): UNSAT in 0.01s
    cube 3958.123.124 (depth 2, 28 lits): UNSAT in 0.01s
    cube 3958.123.125 (depth 2, 28 lits): UNSAT in 0.02s
    cube 3958.123.126 (depth 2, 28 lits): UNSAT in 0.02s
    cube 3958.123.127 (depth 2, 28 lits): UNSAT in 0.02s
    cube 3958.123.128 (depth 2, 28 lits): UNSAT in 0.02s
    cube 3958.123.129 (depth 2, 28 lits): UNSAT in 0.04s
    cube 3958.123.130 (depth 2, 28 lits): UNSAT in 0.02s
    cube 3958.123.131 (depth 2, 28 lits): UNSAT in 0.06s
    cube 3958.123.132 (depth 2, 28 lits): UNSAT in 0.04s
    cube 3958.123.133 (depth 2, 28 lits): UNSAT in 0.07s
    cube 3958.123.134 (depth 2, 28 lits): UNSAT in 0.02s
    cube 3958.123.135 (depth 2, 28 lits): UNSAT in 0.02s
    cube 3958.123.136 (depth 2, 28 lits): UNSAT in 0.03s
    cube 3958.123.137 (depth 2, 28 lits): UNSAT in 0.03s
    cube 3958.123.138 (depth 2, 28 lits): UNSAT in 0.01s
    cube 3958.123.139 (depth 2, 28 lits): UNSAT in 0.01s
    cube 3958.123.140 (depth 2, 28 lits): UNSAT in 0.02s
    cube 3958.123.141 (depth 2, 28 lits): UNSAT in 0.03s
    cube 3958.123.142 (depth 2, 28 lits): UNSAT in 0.03s
    cube 3958.123.143 (depth 2, 28 lits): UNSAT in 0.03s
    cube 3958.123.144 (depth 2, 28 lits): UNSAT in 0.02s
    cube 3958.123.145 (depth 2, 28 lits): UNSAT in 0.06s
    cube 3958.123.146 (depth 2, 28 lits): UNSAT in 0.03s
    cube 3958.123.147 (depth 2, 28 lits): UNSAT in 0.06s
    cube 3958.123.148 (depth 2, 28 lits): UNSAT in 0.02s
    cube 3958.123.149 (depth 2, 28 lits): UNSAT in 0.03s
    cube 3958.123.150 (depth 2, 28 lits): UNSAT in 0.01s
    cube 3958.123.151 (depth 2, 28 lits): UNSAT in 0.04s
    cube 3958.123.152 (depth 2, 28 lits): UNSAT in 0.03s
    cube 3958.123.153 (depth 2, 28 lits): UNSAT in 0.03s
    cube 3958.123.154 (depth 2, 28 lits): UNSAT in 0.11s
    cube 3958.123.155 (depth 2, 28 lits): UNSAT in 0.12s
    cube 3958.123.156 (depth 2, 28 lits): UNSAT in 0.05s
    cube 3958.123.157 (depth 2, 28 lits): UNSAT in 0.41s
    cube 3958.123.158 (depth 2, 28 lits): UNSAT in 0.04s
    cube 3958.123.159 (depth 2, 28 lits): UNSAT in 0.06s
    cube 3958.123.160 (depth 2, 28 lits): UNSAT in 0.16s
    cube 3958.123.161 (depth 2, 28 lits): UNSAT in 0.31s
    cube 3958.123.162 (depth 2, 28 lits): UNSAT in 0.31s
    cube 3958.123.163 (depth 2, 28 lits): UNSAT in 0.46s
    cube 3958.123.164 (depth 2, 28 lits): UNSAT in 0.24s
    cube 3958.123.165 (depth 2, 28 lits): UNSAT in 0.63s
    cube 3958.123.166 (depth 2, 28 lits): UNSAT in 0.02s
    cube 3958.123.167 (depth 2, 28 lits): UNSAT in 0.03s
    cube 3958.123.168 (depth 2, 28 lits): UNSAT in 0.08s
    cube 3958.123.169 (depth 2, 28 lits): UNSAT in 0.06s
    cube 3958.123.170 (depth 2, 28 lits): UNSAT in 0.02s
    cube 3958.123.171 (depth 2, 28 lits): UNSAT in 0.02s
    cube 3958.123.172 (depth 2, 28 lits): UNSAT in 0.08s
    cube 3958.123.173 (depth 2, 28 lits): UNSAT in 0.17s
    cube 3958.123.174 (depth 2, 28 lits): UNSAT in 0.06s
    cube 3958.123.175 (depth 2, 28 lits): UNSAT in 0.30s
    cube 3958.123.176 (depth 2, 28 lits): UNSAT in 0.35s
    cube 3958.123.177 (depth 2, 28 lits): UNSAT in 2.54s
    cube 3958.123.178 (depth 2, 28 lits): UNSAT in 0.61s
    cube 3958.123.179 (depth 2, 28 lits): UNSAT in 5.41s
    cube 3958.123.180 (depth 2, 28 lits): UNSAT in 2.02s
    cube 3958.123.181 (depth 2, 28 lits): UNSAT in 23.78s
    cube 3958.123.182 (depth 2, 28 lits): UNSAT in 0.01s
    cube 3958.123.183 (depth 2, 28 lits): UNSAT in 0.02s
    cube 3958.123.184 (depth 2, 28 lits): UNSAT in 0.02s
    cube 3958.123.185 (depth 2, 28 lits): UNSAT in 0.04s
    cube 3958.123.186 (depth 2, 28 lits): UNSAT in 0.04s
    cube 3958.123.187 (depth 2, 28 lits): UNSAT in 0.06s
    cube 3958.123.188 (depth 2, 28 lits): UNSAT in 0.02s
    cube 3958.123.189 (depth 2, 28 lits): UNSAT in 0.02s
    cube 3958.123.190 (depth 2, 28 lits): UNSAT in 0.02s
    cube 3958.123.191 (depth 2, 28 lits): UNSAT in 0.06s
    cube 3958.123.192 (depth 2, 28 lits): UNSAT in 0.03s
    cube 3958.123.193 (depth 2, 28 lits): UNSAT in 0.14s
    cube 3958.123.194 (depth 2, 28 lits): UNSAT in 0.02s
    cube 3958.123.195 (depth 2, 28 lits): UNSAT in 0.02s
    cube 3958.123.196 (depth 2, 28 lits): UNSAT in 0.15s
    cube 3958.123.197 (depth 2, 28 lits): UNSAT in 0.16s
    cube 3958.123.198 (depth 2, 28 lits): UNSAT in 0.02s
    cube 3958.123.199 (depth 2, 28 lits): UNSAT in 0.02s
    cube 3958.123.200 (depth 2, 28 lits): UNSAT in 0.07s
    cube 3958.123.201 (depth 2, 28 lits): UNSAT in 0.09s
    cube 3958.123.202 (depth 2, 28 lits): UNSAT in 0.06s
    cube 3958.123.203 (depth 2, 28 lits): UNSAT in 0.02s
    cube 3958.123.204 (depth 2, 28 lits): UNSAT in 0.13s
    cube 3958.123.205 (depth 2, 28 lits): UNSAT in 0.47s
    cube 3958.123.206 (depth 2, 28 lits): UNSAT in 0.16s
    cube 3958.123.207 (depth 2, 28 lits): UNSAT in 0.50s
    cube 3958.123.208 (depth 2, 28 lits): UNSAT in 0.22s
    cube 3958.123.209 (depth 2, 28 lits): UNSAT in 2.09s
    cube 3958.123.210 (depth 2, 28 lits): UNSAT in 0.23s
    cube 3958.123.211 (depth 2, 28 lits): UNSAT in 1.24s
    cube 3958.123.212 (depth 2, 28 lits): UNSAT in 11.19s
    cube 3958.123.213 (depth 2, 28 lits): UNSAT in 27.93s
    cube 3958.123.214 (depth 2, 28 lits): UNSAT in 0.14s
    cube 3958.123.215 (depth 2, 28 lits): UNSAT in 0.16s
    cube 3958.123.216 (depth 2, 28 lits): UNSAT in 0.14s
    cube 3958.123.217 (depth 2, 28 lits): UNSAT in 0.18s
    cube 3958.123.218 (depth 2, 28 lits): UNSAT in 0.16s
    cube 3958.123.219 (depth 2, 28 lits): UNSAT in 0.39s
    cube 3958.123.220 (depth 2, 28 lits): UNSAT in 0.17s
    cube 3958.123.221 (depth 2, 28 lits): UNSAT in 0.48s
    cube 3958.123.222 (depth 2, 28 lits): UNSAT in 0.30s
    cube 3958.123.223 (depth 2, 28 lits): UNSAT in 0.62s
    cube 3958.123.224 (depth 2, 28 lits): UNSAT in 0.92s
    cube 3958.123.225 (depth 2, 28 lits): UNSAT in 4.59s
    cube 3958.123.226 (depth 2, 28 lits): UNSAT in 0.63s
    cube 3958.123.227 (depth 2, 28 lits): UNSAT in 5.34s
    cube 3958.123.228 (depth 2, 28 lits): UNSAT in 5.37s
    cube 3958.123.229 (depth 2, 28 lits): UNSAT in 21.96s
    cube 3958.123.230 (depth 2, 28 lits): UNSAT in 0.16s
    cube 3958.123.231 (depth 2, 28 lits): UNSAT in 0.80s
    cube 3958.123.232 (depth 2, 28 lits): UNSAT in 0.87s
    cube 3958.123.233 (depth 2, 28 lits): UNSAT in 1.50s
    cube 3958.123.234 (depth 2, 28 lits): UNSAT in 0.24s
    cube 3958.123.235 (depth 2, 28 lits): UNSAT in 2.70s
    cube 3958.123.236 (depth 2, 28 lits): UNSAT in 20.81s
    cube 3958.123.237 (depth 2, 28 lits): UNSAT in 152.37s
    cube 3958.123.238 (depth 2, 28 lits): UNSAT in 0.97s
    cube 3958.123.239 (depth 2, 28 lits): UNSAT in 1.92s
    cube 3958.123.240 (depth 2, 28 lits): UNSAT in 1.46s
    cube 3958.123.241 (depth 2, 28 lits): UNSAT in 159.69s
    cube 3958.123.242 (depth 2, 28 lits): UNSAT in 0.66s
    cube 3958.123.243 (depth 2, 28 lits): UNSAT in 1.19s
    cube 3958.123.244 (depth 2, 28 lits): UNSAT in 3.42s
    cube 3958.123.245 (depth 2, 28 lits): UNSAT in 112.05s
    cube 3958.124 (depth 1, 20 lits): UNSAT in 495.58s
    cube 3958.125 (depth 1, 20 lits): TIMEOUT in 1200.06s
    cube 3958.125 TIMEOUT -> re-split into 249 sub-cubes (depth 2)
    cube 3958.125.0 (depth 2, 28 lits): UNSAT in 0.01s
    cube 3958.125.1 (depth 2, 28 lits): UNSAT in 0.01s
    cube 3958.125.2 (depth 2, 27 lits): UNSAT in 0.01s
    cube 3958.125.3 (depth 2, 28 lits): UNSAT in 0.01s
    cube 3958.125.4 (depth 2, 28 lits): UNSAT in 0.01s
    cube 3958.125.5 (depth 2, 27 lits): UNSAT in 0.01s
    cube 3958.125.6 (depth 2, 28 lits): UNSAT in 0.02s
    cube 3958.125.7 (depth 2, 28 lits): UNSAT in 0.02s
    cube 3958.125.8 (depth 2, 28 lits): UNSAT in 0.03s
    cube 3958.125.9 (depth 2, 28 lits): UNSAT in 0.03s
    cube 3958.125.10 (depth 2, 28 lits): UNSAT in 0.02s
    cube 3958.125.11 (depth 2, 28 lits): UNSAT in 0.02s
    cube 3958.125.12 (depth 2, 28 lits): UNSAT in 0.03s
    cube 3958.125.13 (depth 2, 28 lits): UNSAT in 0.04s
    cube 3958.125.14 (depth 2, 28 lits): UNSAT in 0.01s
    cube 3958.125.15 (depth 2, 28 lits): UNSAT in 0.01s
    cube 3958.125.16 (depth 2, 28 lits): UNSAT in 0.01s
    cube 3958.125.17 (depth 2, 28 lits): UNSAT in 0.01s
    cube 3958.125.18 (depth 2, 28 lits): UNSAT in 0.01s
    cube 3958.125.19 (depth 2, 28 lits): UNSAT in 0.01s
    cube 3958.125.20 (depth 2, 28 lits): UNSAT in 0.02s
    cube 3958.125.21 (depth 2, 28 lits): UNSAT in 0.02s
    cube 3958.125.22 (depth 2, 28 lits): UNSAT in 0.02s
    cube 3958.125.23 (depth 2, 28 lits): UNSAT in 0.02s
    cube 3958.125.24 (depth 2, 28 lits): UNSAT in 0.02s
    cube 3958.125.25 (depth 2, 28 lits): UNSAT in 0.03s
    cube 3958.125.26 (depth 2, 28 lits): UNSAT in 0.02s
    cube 3958.125.27 (depth 2, 28 lits): UNSAT in 0.02s
    cube 3958.125.28 (depth 2, 28 lits): UNSAT in 0.02s
    cube 3958.125.29 (depth 2, 28 lits): UNSAT in 0.04s
    cube 3958.125.30 (depth 2, 28 lits): UNSAT in 0.02s
    cube 3958.125.31 (depth 2, 28 lits): UNSAT in 0.02s
    cube 3958.125.32 (depth 2, 28 lits): UNSAT in 0.03s
    cube 3958.125.33 (depth 2, 28 lits): UNSAT in 0.03s
    cube 3958.125.34 (depth 2, 28 lits): UNSAT in 0.02s
    cube 3958.125.35 (depth 2, 28 lits): UNSAT in 0.02s
    cube 3958.125.36 (depth 2, 28 lits): UNSAT in 0.03s
    cube 3958.125.37 (depth 2, 28 lits): UNSAT in 0.06s
    cube 3958.125.38 (depth 2, 28 lits): UNSAT in 0.02s
    cube 3958.125.39 (depth 2, 28 lits): UNSAT in 0.02s
    cube 3958.125.40 (depth 2, 28 lits): UNSAT in 0.02s
    cube 3958.125.41 (depth 2, 28 lits): UNSAT in 0.04s
    cube 3958.125.42 (depth 2, 28 lits): UNSAT in 0.05s
    cube 3958.125.43 (depth 2, 28 lits): UNSAT in 0.05s
    cube 3958.125.44 (depth 2, 28 lits): UNSAT in 0.03s
    cube 3958.125.45 (depth 2, 28 lits): UNSAT in 0.21s
    cube 3958.125.46 (depth 2, 27 lits): UNSAT in 0.01s
    cube 3958.125.47 (depth 2, 28 lits): UNSAT in 0.01s
    cube 3958.125.48 (depth 2, 28 lits): UNSAT in 0.02s
    cube 3958.125.49 (depth 2, 28 lits): UNSAT in 0.03s
    cube 3958.125.50 (depth 2, 28 lits): UNSAT in 0.04s
    cube 3958.125.51 (depth 2, 28 lits): UNSAT in 0.03s
    cube 3958.125.52 (depth 2, 28 lits): UNSAT in 0.04s
    cube 3958.125.53 (depth 2, 28 lits): UNSAT in 0.04s
    cube 3958.125.54 (depth 2, 28 lits): UNSAT in 0.08s
    cube 3958.125.55 (depth 2, 28 lits): UNSAT in 0.04s
    cube 3958.125.56 (depth 2, 28 lits): UNSAT in 0.12s
    cube 3958.125.57 (depth 2, 28 lits): UNSAT in 0.02s
    cube 3958.125.58 (depth 2, 28 lits): UNSAT in 0.07s
    cube 3958.125.59 (depth 2, 28 lits): UNSAT in 0.02s
    cube 3958.125.60 (depth 2, 28 lits): UNSAT in 0.07s
    cube 3958.125.61 (depth 2, 28 lits): UNSAT in 0.01s
    cube 3958.125.62 (depth 2, 28 lits): UNSAT in 0.02s
    cube 3958.125.63 (depth 2, 28 lits): UNSAT in 0.02s
    cube 3958.125.64 (depth 2, 28 lits): UNSAT in 0.05s
    cube 3958.125.65 (depth 2, 27 lits): UNSAT in 0.02s
    cube 3958.125.66 (depth 2, 28 lits): UNSAT in 0.02s
    cube 3958.125.67 (depth 2, 28 lits): UNSAT in 0.01s
    cube 3958.125.68 (depth 2, 28 lits): UNSAT in 0.01s
    cube 3958.125.69 (depth 2, 28 lits): UNSAT in 0.02s
    cube 3958.125.70 (depth 2, 28 lits): UNSAT in 0.02s
    cube 3958.125.71 (depth 2, 28 lits): UNSAT in 0.03s
    cube 3958.125.72 (depth 2, 28 lits): UNSAT in 0.01s
    cube 3958.125.73 (depth 2, 28 lits): UNSAT in 0.02s
    cube 3958.125.74 (depth 2, 28 lits): UNSAT in 0.02s
    cube 3958.125.75 (depth 2, 28 lits): UNSAT in 0.09s
    cube 3958.125.76 (depth 2, 28 lits): UNSAT in 0.01s
    cube 3958.125.77 (depth 2, 28 lits): UNSAT in 0.02s
    cube 3958.125.78 (depth 2, 28 lits): UNSAT in 0.02s
    cube 3958.125.79 (depth 2, 28 lits): UNSAT in 0.01s
    cube 3958.125.80 (depth 2, 28 lits): UNSAT in 0.03s
    cube 3958.125.81 (depth 2, 28 lits): UNSAT in 0.13s
    cube 3958.125.82 (depth 2, 28 lits): UNSAT in 0.03s
    cube 3958.125.83 (depth 2, 28 lits): UNSAT in 0.12s
    cube 3958.125.84 (depth 2, 28 lits): UNSAT in 0.02s
    cube 3958.125.85 (depth 2, 28 lits): UNSAT in 0.02s
    cube 3958.125.86 (depth 2, 28 lits): UNSAT in 0.02s
    cube 3958.125.87 (depth 2, 28 lits): UNSAT in 0.07s
    cube 3958.125.88 (depth 2, 28 lits): UNSAT in 0.07s
    cube 3958.125.89 (depth 2, 28 lits): UNSAT in 0.40s
    cube 3958.125.90 (depth 2, 28 lits): UNSAT in 0.03s
    cube 3958.125.91 (depth 2, 28 lits): UNSAT in 0.23s
    cube 3958.125.92 (depth 2, 28 lits): UNSAT in 0.02s
    cube 3958.125.93 (depth 2, 28 lits): UNSAT in 0.01s
    cube 3958.125.94 (depth 2, 28 lits): UNSAT in 0.01s
    cube 3958.125.95 (depth 2, 28 lits): UNSAT in 0.02s
    cube 3958.125.96 (depth 2, 28 lits): UNSAT in 0.07s
    cube 3958.125.97 (depth 2, 28 lits): UNSAT in 0.11s
    cube 3958.125.98 (depth 2, 28 lits): UNSAT in 0.06s
    cube 3958.125.99 (depth 2, 28 lits): UNSAT in 0.14s
    cube 3958.125.100 (depth 2, 28 lits): UNSAT in 0.03s
    cube 3958.125.101 (depth 2, 28 lits): UNSAT in 0.04s
    cube 3958.125.102 (depth 2, 28 lits): UNSAT in 0.08s
    cube 3958.125.103 (depth 2, 28 lits): UNSAT in 0.24s
    cube 3958.125.104 (depth 2, 28 lits): UNSAT in 0.09s
    cube 3958.125.105 (depth 2, 28 lits): UNSAT in 0.36s
    cube 3958.125.106 (depth 2, 28 lits): UNSAT in 0.07s
    cube 3958.125.107 (depth 2, 28 lits): UNSAT in 0.39s
    cube 3958.125.108 (depth 2, 28 lits): UNSAT in 0.05s
    cube 3958.125.109 (depth 2, 28 lits): UNSAT in 0.10s
    cube 3958.125.110 (depth 2, 28 lits): UNSAT in 0.14s
    cube 3958.125.111 (depth 2, 28 lits): UNSAT in 0.54s
    cube 3958.125.112 (depth 2, 28 lits): UNSAT in 0.03s
    cube 3958.125.113 (depth 2, 28 lits): UNSAT in 0.03s
    cube 3958.125.114 (depth 2, 28 lits): UNSAT in 0.04s
    cube 3958.125.115 (depth 2, 28 lits): UNSAT in 0.38s
    cube 3958.125.116 (depth 2, 28 lits): UNSAT in 0.07s
    cube 3958.125.117 (depth 2, 28 lits): UNSAT in 0.60s
    cube 3958.125.118 (depth 2, 28 lits): UNSAT in 0.19s
    cube 3958.125.119 (depth 2, 28 lits): UNSAT in 1.31s
    cube 3958.125.120 (depth 2, 28 lits): UNSAT in 0.41s
    cube 3958.125.121 (depth 2, 28 lits): UNSAT in 4.59s
    cube 3958.125.122 (depth 2, 28 lits): UNSAT in 3.30s
    cube 3958.125.123 (depth 2, 28 lits): UNSAT in 7.22s
    cube 3958.125.124 (depth 2, 27 lits): UNSAT in 0.01s
    cube 3958.125.125 (depth 2, 28 lits): UNSAT in 0.02s
    cube 3958.125.126 (depth 2, 28 lits): UNSAT in 0.02s
    cube 3958.125.127 (depth 2, 27 lits): UNSAT in 0.01s
    cube 3958.125.128 (depth 2, 28 lits): UNSAT in 0.01s
    cube 3958.125.129 (depth 2, 28 lits): UNSAT in 0.03s
    cube 3958.125.130 (depth 2, 28 lits): UNSAT in 0.01s
    cube 3958.125.131 (depth 2, 28 lits): UNSAT in 0.02s
    cube 3958.125.132 (depth 2, 28 lits): UNSAT in 0.02s
    cube 3958.125.133 (depth 2, 28 lits): UNSAT in 0.02s
    cube 3958.125.134 (depth 2, 28 lits): UNSAT in 0.04s
    cube 3958.125.135 (depth 2, 28 lits): UNSAT in 0.05s
    cube 3958.125.136 (depth 2, 28 lits): UNSAT in 0.02s
    cube 3958.125.137 (depth 2, 28 lits): UNSAT in 0.05s
    cube 3958.125.138 (depth 2, 28 lits): UNSAT in 0.01s
    cube 3958.125.139 (depth 2, 28 lits): UNSAT in 0.03s
    cube 3958.125.140 (depth 2, 28 lits): UNSAT in 0.02s
    cube 3958.125.141 (depth 2, 28 lits): UNSAT in 0.04s
    cube 3958.125.142 (depth 2, 28 lits): UNSAT in 0.02s
    cube 3958.125.143 (depth 2, 28 lits): UNSAT in 0.02s
    cube 3958.125.144 (depth 2, 28 lits): UNSAT in 0.02s
    cube 3958.125.145 (depth 2, 28 lits): UNSAT in 0.02s
    cube 3958.125.146 (depth 2, 28 lits): UNSAT in 0.04s
    cube 3958.125.147 (depth 2, 28 lits): UNSAT in 0.06s
    cube 3958.125.148 (depth 2, 28 lits): UNSAT in 0.05s
    cube 3958.125.149 (depth 2, 28 lits): UNSAT in 0.16s
    cube 3958.125.150 (depth 2, 28 lits): UNSAT in 0.03s
    cube 3958.125.151 (depth 2, 28 lits): UNSAT in 0.20s
    cube 3958.125.152 (depth 2, 28 lits): UNSAT in 0.02s
    cube 3958.125.153 (depth 2, 28 lits): UNSAT in 0.18s
    cube 3958.125.154 (depth 2, 27 lits): UNSAT in 0.02s
    cube 3958.125.155 (depth 2, 28 lits): UNSAT in 0.01s
    cube 3958.125.156 (depth 2, 28 lits): UNSAT in 0.03s
    cube 3958.125.157 (depth 2, 28 lits): UNSAT in 0.02s
    cube 3958.125.158 (depth 2, 28 lits): UNSAT in 0.09s
    cube 3958.125.159 (depth 2, 28 lits): UNSAT in 0.04s
    cube 3958.125.160 (depth 2, 28 lits): UNSAT in 0.47s
    cube 3958.125.161 (depth 2, 28 lits): UNSAT in 0.03s
    cube 3958.125.162 (depth 2, 28 lits): UNSAT in 0.03s
    cube 3958.125.163 (depth 2, 28 lits): UNSAT in 0.03s
    cube 3958.125.164 (depth 2, 28 lits): UNSAT in 0.34s
    cube 3958.125.165 (depth 2, 28 lits): UNSAT in 0.18s
    cube 3958.125.166 (depth 2, 28 lits): UNSAT in 0.43s
    cube 3958.125.167 (depth 2, 28 lits): UNSAT in 0.14s
    cube 3958.125.168 (depth 2, 28 lits): UNSAT in 0.96s
    cube 3958.125.169 (depth 2, 28 lits): UNSAT in 0.02s
    cube 3958.125.170 (depth 2, 28 lits): UNSAT in 0.13s
    cube 3958.125.171 (depth 2, 28 lits): UNSAT in 0.05s
    cube 3958.125.172 (depth 2, 28 lits): UNSAT in 0.04s
    cube 3958.125.173 (depth 2, 28 lits): UNSAT in 0.07s
    cube 3958.125.174 (depth 2, 28 lits): UNSAT in 0.08s
    cube 3958.125.175 (depth 2, 28 lits): UNSAT in 0.26s
    cube 3958.125.176 (depth 2, 28 lits): UNSAT in 0.61s
    cube 3958.125.177 (depth 2, 28 lits): UNSAT in 0.09s
    cube 3958.125.178 (depth 2, 28 lits): UNSAT in 0.15s
    cube 3958.125.179 (depth 2, 28 lits): UNSAT in 0.06s
    cube 3958.125.180 (depth 2, 28 lits): UNSAT in 1.38s
    cube 3958.125.181 (depth 2, 28 lits): UNSAT in 0.17s
    cube 3958.125.182 (depth 2, 28 lits): UNSAT in 0.86s
    cube 3958.125.183 (depth 2, 28 lits): UNSAT in 3.18s
    cube 3958.125.184 (depth 2, 28 lits): UNSAT in 8.78s
    cube 3958.125.185 (depth 2, 28 lits): UNSAT in 0.02s
    cube 3958.125.186 (depth 2, 28 lits): UNSAT in 0.02s
    cube 3958.125.187 (depth 2, 28 lits): UNSAT in 0.04s
    cube 3958.125.188 (depth 2, 28 lits): UNSAT in 0.06s
    cube 3958.125.189 (depth 2, 28 lits): UNSAT in 0.07s
    cube 3958.125.190 (depth 2, 28 lits): UNSAT in 0.23s
    cube 3958.125.191 (depth 2, 28 lits): UNSAT in 0.13s
    cube 3958.125.192 (depth 2, 28 lits): UNSAT in 0.72s
    cube 3958.125.193 (depth 2, 28 lits): UNSAT in 0.04s
    cube 3958.125.194 (depth 2, 28 lits): UNSAT in 0.08s
    cube 3958.125.195 (depth 2, 28 lits): UNSAT in 0.11s
    cube 3958.125.196 (depth 2, 28 lits): UNSAT in 0.26s
    cube 3958.125.197 (depth 2, 28 lits): UNSAT in 0.30s
    cube 3958.125.198 (depth 2, 28 lits): UNSAT in 0.30s
    cube 3958.125.199 (depth 2, 28 lits): UNSAT in 0.43s
    cube 3958.125.200 (depth 2, 28 lits): UNSAT in 0.44s
    cube 3958.125.201 (depth 2, 28 lits): UNSAT in 0.07s
    cube 3958.125.202 (depth 2, 28 lits): UNSAT in 0.11s
    cube 3958.125.203 (depth 2, 28 lits): UNSAT in 0.08s
    cube 3958.125.204 (depth 2, 28 lits): UNSAT in 1.33s
    cube 3958.125.205 (depth 2, 28 lits): UNSAT in 0.25s
    cube 3958.125.206 (depth 2, 28 lits): UNSAT in 0.76s
    cube 3958.125.207 (depth 2, 28 lits): UNSAT in 0.33s
    cube 3958.125.208 (depth 2, 28 lits): UNSAT in 3.88s
    cube 3958.125.209 (depth 2, 28 lits): UNSAT in 0.20s
    cube 3958.125.210 (depth 2, 28 lits): UNSAT in 0.61s
    cube 3958.125.211 (depth 2, 28 lits): UNSAT in 0.80s
    cube 3958.125.212 (depth 2, 28 lits): UNSAT in 6.28s
    cube 3958.125.213 (depth 2, 28 lits): UNSAT in 0.32s
    cube 3958.125.214 (depth 2, 28 lits): UNSAT in 4.03s
    cube 3958.125.215 (depth 2, 28 lits): UNSAT in 11.30s
    cube 3958.125.216 (depth 2, 28 lits): UNSAT in 53.62s
    cube 3958.125.217 (depth 2, 28 lits): UNSAT in 0.12s
    cube 3958.125.218 (depth 2, 28 lits): UNSAT in 0.30s
    cube 3958.125.219 (depth 2, 28 lits): UNSAT in 0.28s
    cube 3958.125.220 (depth 2, 28 lits): UNSAT in 0.38s
    cube 3958.125.221 (depth 2, 28 lits): UNSAT in 0.21s
    cube 3958.125.222 (depth 2, 28 lits): UNSAT in 0.55s
    cube 3958.125.223 (depth 2, 28 lits): UNSAT in 0.12s
    cube 3958.125.224 (depth 2, 28 lits): UNSAT in 1.52s
    cube 3958.125.225 (depth 2, 28 lits): UNSAT in 0.15s
    cube 3958.125.226 (depth 2, 28 lits): UNSAT in 0.36s
    cube 3958.125.227 (depth 2, 28 lits): UNSAT in 0.64s
    cube 3958.125.228 (depth 2, 28 lits): UNSAT in 4.21s
    cube 3958.125.229 (depth 2, 28 lits): UNSAT in 1.23s
    cube 3958.125.230 (depth 2, 28 lits): UNSAT in 2.34s
    cube 3958.125.231 (depth 2, 28 lits): UNSAT in 5.27s
    cube 3958.125.232 (depth 2, 28 lits): UNSAT in 36.66s
    cube 3958.125.233 (depth 2, 28 lits): UNSAT in 0.19s
    cube 3958.125.234 (depth 2, 28 lits): UNSAT in 0.89s
    cube 3958.125.235 (depth 2, 28 lits): UNSAT in 0.68s
    cube 3958.125.236 (depth 2, 28 lits): UNSAT in 2.08s
    cube 3958.125.237 (depth 2, 28 lits): UNSAT in 0.36s
    cube 3958.125.238 (depth 2, 28 lits): UNSAT in 1.13s
    cube 3958.125.239 (depth 2, 28 lits): UNSAT in 3.25s
    cube 3958.125.240 (depth 2, 28 lits): UNSAT in 85.22s
    cube 3958.125.241 (depth 2, 28 lits): UNSAT in 0.77s
    cube 3958.125.242 (depth 2, 28 lits): UNSAT in 4.91s
    cube 3958.125.243 (depth 2, 28 lits): UNSAT in 5.90s
    cube 3958.125.244 (depth 2, 28 lits): UNSAT in 648.20s
    cube 3958.125.245 (depth 2, 28 lits): UNSAT in 8.38s
    cube 3958.125.246 (depth 2, 28 lits): UNSAT in 689.19s
    cube 3958.125.247 (depth 2, 28 lits): UNSAT in 12.86s
    cube 3958.125.248 (depth 2, 28 lits): UNSAT in 721.60s
    cube 3958.126 (depth 1, 20 lits): TIMEOUT in 1200.04s
    cube 3958.126 TIMEOUT -> re-split into 254 sub-cubes (depth 2)
    cube 3958.126.0 (depth 2, 28 lits): UNSAT in 0.01s
    cube 3958.126.1 (depth 2, 28 lits): UNSAT in 0.02s
    cube 3958.126.2 (depth 2, 28 lits): UNSAT in 0.01s
    cube 3958.126.3 (depth 2, 28 lits): UNSAT in 0.03s
    cube 3958.126.4 (depth 2, 28 lits): UNSAT in 0.01s
    cube 3958.126.5 (depth 2, 28 lits): UNSAT in 0.02s
    cube 3958.126.6 (depth 2, 28 lits): UNSAT in 0.03s
    cube 3958.126.7 (depth 2, 28 lits): UNSAT in 0.05s
    cube 3958.126.8 (depth 2, 28 lits): UNSAT in 0.01s
    cube 3958.126.9 (depth 2, 28 lits): UNSAT in 0.02s
    cube 3958.126.10 (depth 2, 28 lits): UNSAT in 0.01s
    cube 3958.126.11 (depth 2, 28 lits): UNSAT in 0.02s
    cube 3958.126.12 (depth 2, 28 lits): UNSAT in 0.01s
    cube 3958.126.13 (depth 2, 28 lits): UNSAT in 0.02s
    cube 3958.126.14 (depth 2, 28 lits): UNSAT in 0.04s
    cube 3958.126.15 (depth 2, 28 lits): UNSAT in 0.06s
    cube 3958.126.16 (depth 2, 28 lits): UNSAT in 0.01s
    cube 3958.126.17 (depth 2, 28 lits): UNSAT in 0.02s
    cube 3958.126.18 (depth 2, 28 lits): UNSAT in 0.04s
    cube 3958.126.19 (depth 2, 28 lits): UNSAT in 0.08s
    cube 3958.126.20 (depth 2, 28 lits): UNSAT in 0.02s
    cube 3958.126.21 (depth 2, 28 lits): UNSAT in 0.04s
    cube 3958.126.22 (depth 2, 28 lits): UNSAT in 0.03s
    cube 3958.126.23 (depth 2, 28 lits): UNSAT in 0.12s
    cube 3958.126.24 (depth 2, 28 lits): UNSAT in 0.02s
    cube 3958.126.25 (depth 2, 28 lits): UNSAT in 0.04s
    cube 3958.126.26 (depth 2, 28 lits): UNSAT in 0.04s
    cube 3958.126.27 (depth 2, 28 lits): UNSAT in 0.13s
    cube 3958.126.28 (depth 2, 28 lits): UNSAT in 0.04s
    cube 3958.126.29 (depth 2, 28 lits): UNSAT in 0.12s
    cube 3958.126.30 (depth 2, 28 lits): UNSAT in 0.07s
    cube 3958.126.31 (depth 2, 28 lits): UNSAT in 0.15s
    cube 3958.126.32 (depth 2, 27 lits): UNSAT in 0.02s
    cube 3958.126.33 (depth 2, 28 lits): UNSAT in 0.02s
    cube 3958.126.34 (depth 2, 28 lits): UNSAT in 0.03s
    cube 3958.126.35 (depth 2, 28 lits): UNSAT in 0.02s
    cube 3958.126.36 (depth 2, 28 lits): UNSAT in 0.04s
    cube 3958.126.37 (depth 2, 28 lits): UNSAT in 0.08s
    cube 3958.126.38 (depth 2, 28 lits): UNSAT in 0.21s
    cube 3958.126.39 (depth 2, 28 lits): UNSAT in 0.01s
    cube 3958.126.40 (depth 2, 28 lits): UNSAT in 0.03s
    cube 3958.126.41 (depth 2, 28 lits): UNSAT in 0.05s
    cube 3958.126.42 (depth 2, 28 lits): UNSAT in 0.08s
    cube 3958.126.43 (depth 2, 28 lits): UNSAT in 0.09s
    cube 3958.126.44 (depth 2, 28 lits): UNSAT in 0.22s
    cube 3958.126.45 (depth 2, 28 lits): UNSAT in 0.11s
    cube 3958.126.46 (depth 2, 28 lits): UNSAT in 0.55s
    cube 3958.126.47 (depth 2, 28 lits): UNSAT in 0.02s
    cube 3958.126.48 (depth 2, 28 lits): UNSAT in 0.02s
    cube 3958.126.49 (depth 2, 28 lits): UNSAT in 0.04s
    cube 3958.126.50 (depth 2, 28 lits): UNSAT in 0.06s
    cube 3958.126.51 (depth 2, 28 lits): UNSAT in 0.06s
    cube 3958.126.52 (depth 2, 28 lits): UNSAT in 0.11s
    cube 3958.126.53 (depth 2, 28 lits): UNSAT in 0.23s
    cube 3958.126.54 (depth 2, 28 lits): UNSAT in 0.32s
    cube 3958.126.55 (depth 2, 28 lits): UNSAT in 0.03s
    cube 3958.126.56 (depth 2, 28 lits): UNSAT in 0.13s
    cube 3958.126.57 (depth 2, 28 lits): UNSAT in 0.36s
    cube 3958.126.58 (depth 2, 28 lits): UNSAT in 0.57s
    cube 3958.126.59 (depth 2, 28 lits): UNSAT in 0.30s
    cube 3958.126.60 (depth 2, 28 lits): UNSAT in 0.54s
    cube 3958.126.61 (depth 2, 28 lits): UNSAT in 0.35s
    cube 3958.126.62 (depth 2, 28 lits): UNSAT in 1.42s
    cube 3958.126.63 (depth 2, 28 lits): UNSAT in 0.02s
    cube 3958.126.64 (depth 2, 28 lits): UNSAT in 0.02s
    cube 3958.126.65 (depth 2, 28 lits): UNSAT in 0.02s
    cube 3958.126.66 (depth 2, 28 lits): UNSAT in 0.03s
    cube 3958.126.67 (depth 2, 28 lits): UNSAT in 0.03s
    cube 3958.126.68 (depth 2, 28 lits): UNSAT in 0.03s
    cube 3958.126.69 (depth 2, 28 lits): UNSAT in 0.03s
    cube 3958.126.70 (depth 2, 28 lits): UNSAT in 0.03s
    cube 3958.126.71 (depth 2, 28 lits): UNSAT in 0.02s
    cube 3958.126.72 (depth 2, 28 lits): UNSAT in 0.03s
    cube 3958.126.73 (depth 2, 28 lits): UNSAT in 0.02s
    cube 3958.126.74 (depth 2, 28 lits): UNSAT in 0.15s
    cube 3958.126.75 (depth 2, 28 lits): UNSAT in 0.02s
    cube 3958.126.76 (depth 2, 28 lits): UNSAT in 0.10s
    cube 3958.126.77 (depth 2, 28 lits): UNSAT in 0.17s
    cube 3958.126.78 (depth 2, 28 lits): UNSAT in 0.86s
    cube 3958.126.79 (depth 2, 28 lits): UNSAT in 0.02s
    cube 3958.126.80 (depth 2, 28 lits): UNSAT in 0.03s
    cube 3958.126.81 (depth 2, 28 lits): UNSAT in 0.05s
    cube 3958.126.82 (depth 2, 28 lits): UNSAT in 0.06s
    cube 3958.126.83 (depth 2, 28 lits): UNSAT in 0.09s
    cube 3958.126.84 (depth 2, 28 lits): UNSAT in 0.17s
    cube 3958.126.85 (depth 2, 28 lits): UNSAT in 0.22s
    cube 3958.126.86 (depth 2, 28 lits): UNSAT in 0.33s
    cube 3958.126.87 (depth 2, 28 lits): UNSAT in 0.05s
    cube 3958.126.88 (depth 2, 28 lits): UNSAT in 0.12s
    cube 3958.126.89 (depth 2, 28 lits): UNSAT in 0.19s
    cube 3958.126.90 (depth 2, 28 lits): UNSAT in 0.45s
    cube 3958.126.91 (depth 2, 28 lits): UNSAT in 0.19s
    cube 3958.126.92 (depth 2, 28 lits): UNSAT in 0.37s
    cube 3958.126.93 (depth 2, 28 lits): UNSAT in 1.02s
    cube 3958.126.94 (depth 2, 28 lits): UNSAT in 6.03s
    cube 3958.126.95 (depth 2, 28 lits): UNSAT in 0.02s
    cube 3958.126.96 (depth 2, 28 lits): UNSAT in 0.05s
    cube 3958.126.97 (depth 2, 28 lits): UNSAT in 0.04s
    cube 3958.126.98 (depth 2, 28 lits): UNSAT in 0.12s
    cube 3958.126.99 (depth 2, 28 lits): UNSAT in 0.02s
    cube 3958.126.100 (depth 2, 28 lits): UNSAT in 0.12s
    cube 3958.126.101 (depth 2, 28 lits): UNSAT in 0.19s
    cube 3958.126.102 (depth 2, 28 lits): UNSAT in 0.16s
    cube 3958.126.103 (depth 2, 28 lits): UNSAT in 0.06s
    cube 3958.126.104 (depth 2, 28 lits): UNSAT in 0.08s
    cube 3958.126.105 (depth 2, 28 lits): UNSAT in 0.34s
    cube 3958.126.106 (depth 2, 28 lits): UNSAT in 0.82s
    cube 3958.126.107 (depth 2, 28 lits): UNSAT in 0.25s
    cube 3958.126.108 (depth 2, 28 lits): UNSAT in 0.27s
    cube 3958.126.109 (depth 2, 28 lits): UNSAT in 0.33s
    cube 3958.126.110 (depth 2, 28 lits): UNSAT in 3.98s
    cube 3958.126.111 (depth 2, 28 lits): UNSAT in 0.04s
    cube 3958.126.112 (depth 2, 28 lits): UNSAT in 0.08s
    cube 3958.126.113 (depth 2, 28 lits): UNSAT in 0.21s
    cube 3958.126.114 (depth 2, 28 lits): UNSAT in 0.48s
    cube 3958.126.115 (depth 2, 28 lits): UNSAT in 0.16s
    cube 3958.126.116 (depth 2, 28 lits): UNSAT in 0.81s
    cube 3958.126.117 (depth 2, 28 lits): UNSAT in 1.69s
    cube 3958.126.118 (depth 2, 28 lits): UNSAT in 5.02s
    cube 3958.126.119 (depth 2, 28 lits): UNSAT in 0.14s
    cube 3958.126.120 (depth 2, 28 lits): UNSAT in 0.37s
    cube 3958.126.121 (depth 2, 28 lits): UNSAT in 1.14s
    cube 3958.126.122 (depth 2, 28 lits): UNSAT in 4.64s
    cube 3958.126.123 (depth 2, 28 lits): UNSAT in 0.60s
    cube 3958.126.124 (depth 2, 28 lits): UNSAT in 2.19s
    cube 3958.126.125 (depth 2, 28 lits): UNSAT in 4.86s
    cube 3958.126.126 (depth 2, 28 lits): UNSAT in 26.34s
    cube 3958.126.127 (depth 2, 28 lits): UNSAT in 0.02s
    cube 3958.126.128 (depth 2, 28 lits): UNSAT in 0.02s
    cube 3958.126.129 (depth 2, 28 lits): UNSAT in 0.03s
    cube 3958.126.130 (depth 2, 28 lits): UNSAT in 0.08s
    cube 3958.126.131 (depth 2, 28 lits): UNSAT in 0.02s
    cube 3958.126.132 (depth 2, 28 lits): UNSAT in 0.03s
    cube 3958.126.133 (depth 2, 28 lits): UNSAT in 0.05s
    cube 3958.126.134 (depth 2, 28 lits): UNSAT in 0.20s
    cube 3958.126.135 (depth 2, 28 lits): UNSAT in 0.01s
    cube 3958.126.136 (depth 2, 28 lits): UNSAT in 0.02s
    cube 3958.126.137 (depth 2, 28 lits): UNSAT in 0.02s
    cube 3958.126.138 (depth 2, 28 lits): UNSAT in 0.04s
    cube 3958.126.139 (depth 2, 28 lits): UNSAT in 0.02s
    cube 3958.126.140 (depth 2, 28 lits): UNSAT in 0.03s
    cube 3958.126.141 (depth 2, 28 lits): UNSAT in 0.10s
    cube 3958.126.142 (depth 2, 28 lits): UNSAT in 0.24s
    cube 3958.126.143 (depth 2, 27 lits): UNSAT in 0.02s
    cube 3958.126.144 (depth 2, 28 lits): UNSAT in 0.02s
    cube 3958.126.145 (depth 2, 28 lits): UNSAT in 0.03s
    cube 3958.126.146 (depth 2, 28 lits): UNSAT in 0.04s
    cube 3958.126.147 (depth 2, 28 lits): UNSAT in 0.05s
    cube 3958.126.148 (depth 2, 28 lits): UNSAT in 0.06s
    cube 3958.126.149 (depth 2, 28 lits): UNSAT in 0.07s
    cube 3958.126.150 (depth 2, 28 lits): UNSAT in 0.04s
    cube 3958.126.151 (depth 2, 28 lits): UNSAT in 0.14s
    cube 3958.126.152 (depth 2, 28 lits): UNSAT in 0.04s
    cube 3958.126.153 (depth 2, 28 lits): UNSAT in 0.15s
    cube 3958.126.154 (depth 2, 28 lits): UNSAT in 0.02s
    cube 3958.126.155 (depth 2, 28 lits): UNSAT in 0.04s
    cube 3958.126.156 (depth 2, 28 lits): UNSAT in 0.03s
    cube 3958.126.157 (depth 2, 28 lits): UNSAT in 0.23s
    cube 3958.126.158 (depth 2, 28 lits): UNSAT in 0.01s
    cube 3958.126.159 (depth 2, 28 lits): UNSAT in 0.02s
    cube 3958.126.160 (depth 2, 28 lits): UNSAT in 0.02s
    cube 3958.126.161 (depth 2, 28 lits): UNSAT in 0.04s
    cube 3958.126.162 (depth 2, 28 lits): UNSAT in 0.01s
    cube 3958.126.163 (depth 2, 28 lits): UNSAT in 0.06s
    cube 3958.126.164 (depth 2, 28 lits): UNSAT in 0.12s
    cube 3958.126.165 (depth 2, 28 lits): UNSAT in 0.30s
    cube 3958.126.166 (depth 2, 28 lits): UNSAT in 0.03s
    cube 3958.126.167 (depth 2, 28 lits): UNSAT in 0.07s
    cube 3958.126.168 (depth 2, 28 lits): UNSAT in 0.07s
    cube 3958.126.169 (depth 2, 28 lits): UNSAT in 0.16s
    cube 3958.126.170 (depth 2, 28 lits): UNSAT in 0.05s
    cube 3958.126.171 (depth 2, 28 lits): UNSAT in 0.09s
    cube 3958.126.172 (depth 2, 28 lits): UNSAT in 0.27s
    cube 3958.126.173 (depth 2, 28 lits): UNSAT in 0.25s
    cube 3958.126.174 (depth 2, 28 lits): UNSAT in 0.06s
    cube 3958.126.175 (depth 2, 28 lits): UNSAT in 0.03s
    cube 3958.126.176 (depth 2, 28 lits): UNSAT in 0.09s
    cube 3958.126.177 (depth 2, 28 lits): UNSAT in 0.18s
    cube 3958.126.178 (depth 2, 28 lits): UNSAT in 0.02s
    cube 3958.126.179 (depth 2, 28 lits): UNSAT in 0.06s
    cube 3958.126.180 (depth 2, 28 lits): UNSAT in 0.05s
    cube 3958.126.181 (depth 2, 28 lits): UNSAT in 0.75s
    cube 3958.126.182 (depth 2, 28 lits): UNSAT in 0.14s
    cube 3958.126.183 (depth 2, 28 lits): UNSAT in 0.51s
    cube 3958.126.184 (depth 2, 28 lits): UNSAT in 0.07s
    cube 3958.126.185 (depth 2, 28 lits): UNSAT in 1.09s
    cube 3958.126.186 (depth 2, 28 lits): UNSAT in 0.50s
    cube 3958.126.187 (depth 2, 28 lits): UNSAT in 0.60s
    cube 3958.126.188 (depth 2, 28 lits): UNSAT in 3.08s
    cube 3958.126.189 (depth 2, 28 lits): UNSAT in 11.16s
    cube 3958.126.190 (depth 2, 28 lits): UNSAT in 0.02s
    cube 3958.126.191 (depth 2, 28 lits): UNSAT in 0.02s
    cube 3958.126.192 (depth 2, 28 lits): UNSAT in 0.06s
    cube 3958.126.193 (depth 2, 28 lits): UNSAT in 0.10s
    cube 3958.126.194 (depth 2, 28 lits): UNSAT in 0.03s
    cube 3958.126.195 (depth 2, 28 lits): UNSAT in 0.10s
    cube 3958.126.196 (depth 2, 28 lits): UNSAT in 0.07s
    cube 3958.126.197 (depth 2, 28 lits): UNSAT in 0.15s
    cube 3958.126.198 (depth 2, 28 lits): UNSAT in 0.03s
    cube 3958.126.199 (depth 2, 28 lits): UNSAT in 0.10s
    cube 3958.126.200 (depth 2, 28 lits): UNSAT in 0.03s
    cube 3958.126.201 (depth 2, 28 lits): UNSAT in 0.22s
    cube 3958.126.202 (depth 2, 28 lits): UNSAT in 0.06s
    cube 3958.126.203 (depth 2, 28 lits): UNSAT in 0.11s
    cube 3958.126.204 (depth 2, 28 lits): UNSAT in 0.23s
    cube 3958.126.205 (depth 2, 28 lits): UNSAT in 0.78s
    cube 3958.126.206 (depth 2, 28 lits): UNSAT in 0.03s
    cube 3958.126.207 (depth 2, 28 lits): UNSAT in 0.04s
    cube 3958.126.208 (depth 2, 28 lits): UNSAT in 0.06s
    cube 3958.126.209 (depth 2, 28 lits): UNSAT in 0.05s
    cube 3958.126.210 (depth 2, 28 lits): UNSAT in 0.06s
    cube 3958.126.211 (depth 2, 28 lits): UNSAT in 0.10s
    cube 3958.126.212 (depth 2, 28 lits): UNSAT in 0.09s
    cube 3958.126.213 (depth 2, 28 lits): UNSAT in 0.21s
    cube 3958.126.214 (depth 2, 28 lits): UNSAT in 0.03s
    cube 3958.126.215 (depth 2, 28 lits): UNSAT in 0.15s
    cube 3958.126.216 (depth 2, 28 lits): UNSAT in 0.19s
    cube 3958.126.217 (depth 2, 28 lits): UNSAT in 0.38s
    cube 3958.126.218 (depth 2, 28 lits): UNSAT in 0.16s
    cube 3958.126.219 (depth 2, 28 lits): UNSAT in 0.94s
    cube 3958.126.220 (depth 2, 28 lits): UNSAT in 0.75s
    cube 3958.126.221 (depth 2, 28 lits): UNSAT in 7.05s
    cube 3958.126.222 (depth 2, 28 lits): UNSAT in 0.07s
    cube 3958.126.223 (depth 2, 28 lits): UNSAT in 0.16s
    cube 3958.126.224 (depth 2, 28 lits): UNSAT in 0.18s
    cube 3958.126.225 (depth 2, 28 lits): UNSAT in 2.22s
    cube 3958.126.226 (depth 2, 28 lits): UNSAT in 0.11s
    cube 3958.126.227 (depth 2, 28 lits): UNSAT in 0.68s
    cube 3958.126.228 (depth 2, 28 lits): UNSAT in 0.36s
    cube 3958.126.229 (depth 2, 28 lits): UNSAT in 2.59s
    cube 3958.126.230 (depth 2, 28 lits): UNSAT in 0.23s
    cube 3958.126.231 (depth 2, 28 lits): UNSAT in 1.19s
    cube 3958.126.232 (depth 2, 28 lits): UNSAT in 0.18s
    cube 3958.126.233 (depth 2, 28 lits): UNSAT in 3.00s
    cube 3958.126.234 (depth 2, 28 lits): UNSAT in 0.72s
    cube 3958.126.235 (depth 2, 28 lits): UNSAT in 3.47s
    cube 3958.126.236 (depth 2, 28 lits): UNSAT in 4.77s
    cube 3958.126.237 (depth 2, 28 lits): UNSAT in 83.59s
    cube 3958.126.238 (depth 2, 28 lits): UNSAT in 0.67s
    cube 3958.126.239 (depth 2, 28 lits): UNSAT in 1.84s
    cube 3958.126.240 (depth 2, 28 lits): UNSAT in 0.84s
    cube 3958.126.241 (depth 2, 28 lits): UNSAT in 2.45s
    cube 3958.126.242 (depth 2, 28 lits): UNSAT in 1.55s
    cube 3958.126.243 (depth 2, 28 lits): UNSAT in 6.57s
    cube 3958.126.244 (depth 2, 28 lits): UNSAT in 5.55s
    cube 3958.126.245 (depth 2, 28 lits): UNSAT in 59.46s
    cube 3958.126.246 (depth 2, 28 lits): UNSAT in 0.92s
    cube 3958.126.247 (depth 2, 28 lits): UNSAT in 2.47s
    cube 3958.126.248 (depth 2, 28 lits): UNSAT in 1.44s
    cube 3958.126.249 (depth 2, 28 lits): UNSAT in 57.52s
    cube 3958.126.250 (depth 2, 28 lits): UNSAT in 5.65s
    cube 3958.126.251 (depth 2, 28 lits): UNSAT in 132.92s
    cube 3958.126.252 (depth 2, 28 lits): UNSAT in 533.20s
    cube 3958.126.253 (depth 2, 28 lits): TIMEOUT in 1200.09s
    cube 3958.126.253 TIMEOUT -> re-split into 255 sub-cubes (depth 3)
    cube 3958.126.253.0 (depth 3, 36 lits): UNSAT in 0.01s
    cube 3958.126.253.1 (depth 3, 36 lits): UNSAT in 0.01s
    cube 3958.126.253.2 (depth 3, 36 lits): UNSAT in 0.01s
    cube 3958.126.253.3 (depth 3, 36 lits): UNSAT in 0.02s
    cube 3958.126.253.4 (depth 3, 36 lits): UNSAT in 0.01s
    cube 3958.126.253.5 (depth 3, 36 lits): UNSAT in 0.02s
    cube 3958.126.253.6 (depth 3, 36 lits): UNSAT in 0.02s
    cube 3958.126.253.7 (depth 3, 36 lits): UNSAT in 0.04s
    cube 3958.126.253.8 (depth 3, 36 lits): UNSAT in 0.02s
    cube 3958.126.253.9 (depth 3, 36 lits): UNSAT in 0.04s
    cube 3958.126.253.10 (depth 3, 36 lits): UNSAT in 0.02s
    cube 3958.126.253.11 (depth 3, 36 lits): UNSAT in 0.07s
    cube 3958.126.253.12 (depth 3, 36 lits): UNSAT in 0.04s
    cube 3958.126.253.13 (depth 3, 36 lits): UNSAT in 0.08s
    cube 3958.126.253.14 (depth 3, 36 lits): UNSAT in 0.09s
    cube 3958.126.253.15 (depth 3, 36 lits): UNSAT in 0.15s
    cube 3958.126.253.16 (depth 3, 36 lits): UNSAT in 0.02s
    cube 3958.126.253.17 (depth 3, 36 lits): UNSAT in 0.03s
    cube 3958.126.253.18 (depth 3, 36 lits): UNSAT in 0.03s
    cube 3958.126.253.19 (depth 3, 36 lits): UNSAT in 0.07s
    cube 3958.126.253.20 (depth 3, 36 lits): UNSAT in 0.03s
    cube 3958.126.253.21 (depth 3, 36 lits): UNSAT in 0.06s
    cube 3958.126.253.22 (depth 3, 36 lits): UNSAT in 0.10s
    cube 3958.126.253.23 (depth 3, 36 lits): UNSAT in 0.21s
    cube 3958.126.253.24 (depth 3, 36 lits): UNSAT in 0.04s
    cube 3958.126.253.25 (depth 3, 36 lits): UNSAT in 0.03s
    cube 3958.126.253.26 (depth 3, 36 lits): UNSAT in 0.06s
    cube 3958.126.253.27 (depth 3, 36 lits): UNSAT in 0.29s
    cube 3958.126.253.28 (depth 3, 36 lits): UNSAT in 0.02s
    cube 3958.126.253.29 (depth 3, 36 lits): UNSAT in 0.04s
    cube 3958.126.253.30 (depth 3, 36 lits): UNSAT in 0.05s
    cube 3958.126.253.31 (depth 3, 36 lits): UNSAT in 0.70s
    cube 3958.126.253.32 (depth 3, 36 lits): UNSAT in 0.02s
    cube 3958.126.253.33 (depth 3, 36 lits): UNSAT in 0.02s
    cube 3958.126.253.34 (depth 3, 36 lits): UNSAT in 0.02s
    cube 3958.126.253.35 (depth 3, 36 lits): UNSAT in 0.04s
    cube 3958.126.253.36 (depth 3, 36 lits): UNSAT in 0.02s
    cube 3958.126.253.37 (depth 3, 36 lits): UNSAT in 0.04s
    cube 3958.126.253.38 (depth 3, 36 lits): UNSAT in 0.03s
    cube 3958.126.253.39 (depth 3, 36 lits): UNSAT in 0.08s
    cube 3958.126.253.40 (depth 3, 36 lits): UNSAT in 0.05s
    cube 3958.126.253.41 (depth 3, 36 lits): UNSAT in 0.15s
    cube 3958.126.253.42 (depth 3, 36 lits): UNSAT in 0.12s
    cube 3958.126.253.43 (depth 3, 36 lits): UNSAT in 0.28s
    cube 3958.126.253.44 (depth 3, 36 lits): UNSAT in 0.06s
    cube 3958.126.253.45 (depth 3, 36 lits): UNSAT in 0.40s
    cube 3958.126.253.46 (depth 3, 36 lits): UNSAT in 0.19s
    cube 3958.126.253.47 (depth 3, 36 lits): UNSAT in 0.21s
    cube 3958.126.253.48 (depth 3, 36 lits): UNSAT in 0.05s
    cube 3958.126.253.49 (depth 3, 36 lits): UNSAT in 0.08s
    cube 3958.126.253.50 (depth 3, 36 lits): UNSAT in 0.07s
    cube 3958.126.253.51 (depth 3, 36 lits): UNSAT in 0.34s
    cube 3958.126.253.52 (depth 3, 36 lits): UNSAT in 0.02s
    cube 3958.126.253.53 (depth 3, 36 lits): UNSAT in 0.13s
    cube 3958.126.253.54 (depth 3, 36 lits): UNSAT in 0.25s
    cube 3958.126.253.55 (depth 3, 36 lits): UNSAT in 0.46s
    cube 3958.126.253.56 (depth 3, 36 lits): UNSAT in 0.02s
    cube 3958.126.253.57 (depth 3, 36 lits): UNSAT in 0.03s
    cube 3958.126.253.58 (depth 3, 36 lits): UNSAT in 0.08s
    cube 3958.126.253.59 (depth 3, 36 lits): UNSAT in 0.15s
    cube 3958.126.253.60 (depth 3, 36 lits): UNSAT in 0.13s
    cube 3958.126.253.61 (depth 3, 36 lits): UNSAT in 0.53s
    cube 3958.126.253.62 (depth 3, 36 lits): UNSAT in 0.61s
    cube 3958.126.253.63 (depth 3, 36 lits): UNSAT in 3.24s
    cube 3958.126.253.64 (depth 3, 36 lits): UNSAT in 0.02s
    cube 3958.126.253.65 (depth 3, 36 lits): UNSAT in 0.01s
    cube 3958.126.253.66 (depth 3, 36 lits): UNSAT in 0.02s
    cube 3958.126.253.67 (depth 3, 36 lits): UNSAT in 0.03s
    cube 3958.126.253.68 (depth 3, 36 lits): UNSAT in 0.04s
    cube 3958.126.253.69 (depth 3, 36 lits): UNSAT in 0.04s
    cube 3958.126.253.70 (depth 3, 36 lits): UNSAT in 0.02s
    cube 3958.126.253.71 (depth 3, 36 lits): UNSAT in 0.08s
    cube 3958.126.253.72 (depth 3, 36 lits): UNSAT in 0.02s
    cube 3958.126.253.73 (depth 3, 36 lits): UNSAT in 0.04s
    cube 3958.126.253.74 (depth 3, 36 lits): UNSAT in 0.12s
    cube 3958.126.253.75 (depth 3, 36 lits): UNSAT in 0.13s
    cube 3958.126.253.76 (depth 3, 36 lits): UNSAT in 0.10s
    cube 3958.126.253.77 (depth 3, 36 lits): UNSAT in 0.10s
    cube 3958.126.253.78 (depth 3, 36 lits): UNSAT in 0.19s
    cube 3958.126.253.79 (depth 3, 36 lits): UNSAT in 0.65s
    cube 3958.126.253.80 (depth 3, 36 lits): UNSAT in 0.01s
    cube 3958.126.253.81 (depth 3, 36 lits): UNSAT in 0.02s
    cube 3958.126.253.82 (depth 3, 36 lits): UNSAT in 0.04s
    cube 3958.126.253.83 (depth 3, 36 lits): UNSAT in 0.04s
    cube 3958.126.253.84 (depth 3, 36 lits): UNSAT in 0.02s
    cube 3958.126.253.85 (depth 3, 36 lits): UNSAT in 0.05s
    cube 3958.126.253.86 (depth 3, 36 lits): UNSAT in 0.08s
    cube 3958.126.253.87 (depth 3, 36 lits): UNSAT in 0.44s
    cube 3958.126.253.88 (depth 3, 36 lits): UNSAT in 0.02s
    cube 3958.126.253.89 (depth 3, 36 lits): UNSAT in 0.26s
    cube 3958.126.253.90 (depth 3, 36 lits): UNSAT in 0.20s
    cube 3958.126.253.91 (depth 3, 36 lits): UNSAT in 0.57s
    cube 3958.126.253.92 (depth 3, 36 lits): UNSAT in 0.21s
    cube 3958.126.253.93 (depth 3, 36 lits): UNSAT in 1.16s
    cube 3958.126.253.94 (depth 3, 36 lits): UNSAT in 0.18s
    cube 3958.126.253.95 (depth 3, 36 lits): UNSAT in 2.22s
    cube 3958.126.253.96 (depth 3, 36 lits): UNSAT in 0.02s
    cube 3958.126.253.97 (depth 3, 36 lits): UNSAT in 0.02s
    cube 3958.126.253.98 (depth 3, 36 lits): UNSAT in 0.05s
    cube 3958.126.253.99 (depth 3, 36 lits): UNSAT in 0.27s
    cube 3958.126.253.100 (depth 3, 36 lits): UNSAT in 0.01s
    cube 3958.126.253.101 (depth 3, 36 lits): UNSAT in 0.10s
    cube 3958.126.253.102 (depth 3, 36 lits): UNSAT in 0.08s
    cube 3958.126.253.103 (depth 3, 36 lits): UNSAT in 0.27s
    cube 3958.126.253.104 (depth 3, 36 lits): UNSAT in 0.03s
    cube 3958.126.253.105 (depth 3, 36 lits): UNSAT in 0.13s
    cube 3958.126.253.106 (depth 3, 36 lits): UNSAT in 0.03s
    cube 3958.126.253.107 (depth 3, 36 lits): UNSAT in 0.79s
    cube 3958.126.253.108 (depth 3, 36 lits): UNSAT in 0.21s
    cube 3958.126.253.109 (depth 3, 36 lits): UNSAT in 0.93s
    cube 3958.126.253.110 (depth 3, 36 lits): UNSAT in 0.71s
    cube 3958.126.253.111 (depth 3, 36 lits): UNSAT in 1.15s
    cube 3958.126.253.112 (depth 3, 36 lits): UNSAT in 0.08s
    cube 3958.126.253.113 (depth 3, 36 lits): UNSAT in 0.51s
    cube 3958.126.253.114 (depth 3, 36 lits): UNSAT in 0.16s
    cube 3958.126.253.115 (depth 3, 36 lits): UNSAT in 0.76s
    cube 3958.126.253.116 (depth 3, 36 lits): UNSAT in 0.23s
    cube 3958.126.253.117 (depth 3, 36 lits): UNSAT in 1.35s
    cube 3958.126.253.118 (depth 3, 36 lits): UNSAT in 0.56s
    cube 3958.126.253.119 (depth 3, 36 lits): UNSAT in 1.55s
    cube 3958.126.253.120 (depth 3, 36 lits): UNSAT in 0.34s
    cube 3958.126.253.121 (depth 3, 36 lits): UNSAT in 1.85s
    cube 3958.126.253.122 (depth 3, 36 lits): UNSAT in 0.85s
    cube 3958.126.253.123 (depth 3, 36 lits): UNSAT in 2.45s
    cube 3958.126.253.124 (depth 3, 36 lits): UNSAT in 4.81s
    cube 3958.126.253.125 (depth 3, 36 lits): UNSAT in 9.14s
    cube 3958.126.253.126 (depth 3, 36 lits): UNSAT in 12.82s
    cube 3958.126.253.127 (depth 3, 36 lits): UNSAT in 6.37s
    cube 3958.126.253.128 (depth 3, 36 lits): UNSAT in 0.01s
    cube 3958.126.253.129 (depth 3, 36 lits): UNSAT in 0.01s
    cube 3958.126.253.130 (depth 3, 36 lits): UNSAT in 0.01s
    cube 3958.126.253.131 (depth 3, 36 lits): UNSAT in 0.01s
    cube 3958.126.253.132 (depth 3, 35 lits): UNSAT in 0.02s
    cube 3958.126.253.133 (depth 3, 36 lits): UNSAT in 0.02s
    cube 3958.126.253.134 (depth 3, 36 lits): UNSAT in 0.12s
    cube 3958.126.253.135 (depth 3, 36 lits): UNSAT in 0.02s
    cube 3958.126.253.136 (depth 3, 36 lits): UNSAT in 0.03s
    cube 3958.126.253.137 (depth 3, 36 lits): UNSAT in 0.04s
    cube 3958.126.253.138 (depth 3, 36 lits): UNSAT in 0.11s
    cube 3958.126.253.139 (depth 3, 36 lits): UNSAT in 0.05s
    cube 3958.126.253.140 (depth 3, 36 lits): UNSAT in 0.14s
    cube 3958.126.253.141 (depth 3, 36 lits): UNSAT in 0.14s
    cube 3958.126.253.142 (depth 3, 36 lits): UNSAT in 0.13s
    cube 3958.126.253.143 (depth 3, 36 lits): UNSAT in 0.02s
    cube 3958.126.253.144 (depth 3, 36 lits): UNSAT in 0.01s
    cube 3958.126.253.145 (depth 3, 36 lits): UNSAT in 0.02s
    cube 3958.126.253.146 (depth 3, 36 lits): UNSAT in 0.02s
    cube 3958.126.253.147 (depth 3, 36 lits): UNSAT in 0.05s
    cube 3958.126.253.148 (depth 3, 36 lits): UNSAT in 0.07s
    cube 3958.126.253.149 (depth 3, 36 lits): UNSAT in 0.07s
    cube 3958.126.253.150 (depth 3, 36 lits): UNSAT in 0.07s
    cube 3958.126.253.151 (depth 3, 36 lits): UNSAT in 0.07s
    cube 3958.126.253.152 (depth 3, 36 lits): UNSAT in 0.12s
    cube 3958.126.253.153 (depth 3, 36 lits): UNSAT in 0.05s
    cube 3958.126.253.154 (depth 3, 36 lits): UNSAT in 0.12s
    cube 3958.126.253.155 (depth 3, 36 lits): UNSAT in 0.12s
    cube 3958.126.253.156 (depth 3, 36 lits): UNSAT in 0.31s
    cube 3958.126.253.157 (depth 3, 36 lits): UNSAT in 0.68s
    cube 3958.126.253.158 (depth 3, 36 lits): UNSAT in 0.62s
    cube 3958.126.253.159 (depth 3, 36 lits): UNSAT in 0.04s
    cube 3958.126.253.160 (depth 3, 36 lits): UNSAT in 0.07s
    cube 3958.126.253.161 (depth 3, 36 lits): UNSAT in 0.04s
    cube 3958.126.253.162 (depth 3, 36 lits): UNSAT in 0.04s
    cube 3958.126.253.163 (depth 3, 36 lits): UNSAT in 0.04s
    cube 3958.126.253.164 (depth 3, 36 lits): UNSAT in 0.03s
    cube 3958.126.253.165 (depth 3, 36 lits): UNSAT in 0.03s
    cube 3958.126.253.166 (depth 3, 36 lits): UNSAT in 0.14s
    cube 3958.126.253.167 (depth 3, 36 lits): UNSAT in 0.05s
    cube 3958.126.253.168 (depth 3, 36 lits): UNSAT in 0.10s
    cube 3958.126.253.169 (depth 3, 36 lits): UNSAT in 0.10s
    cube 3958.126.253.170 (depth 3, 36 lits): UNSAT in 0.14s
    cube 3958.126.253.171 (depth 3, 36 lits): UNSAT in 0.12s
    cube 3958.126.253.172 (depth 3, 36 lits): UNSAT in 0.31s
    cube 3958.126.253.173 (depth 3, 36 lits): UNSAT in 0.19s
    cube 3958.126.253.174 (depth 3, 36 lits): UNSAT in 0.41s
    cube 3958.126.253.175 (depth 3, 36 lits): UNSAT in 0.07s
    cube 3958.126.253.176 (depth 3, 36 lits): UNSAT in 0.04s
    cube 3958.126.253.177 (depth 3, 36 lits): UNSAT in 0.09s
    cube 3958.126.253.178 (depth 3, 36 lits): UNSAT in 0.33s
    cube 3958.126.253.179 (depth 3, 36 lits): UNSAT in 0.05s
    cube 3958.126.253.180 (depth 3, 36 lits): UNSAT in 0.05s
    cube 3958.126.253.181 (depth 3, 36 lits): UNSAT in 0.15s
    cube 3958.126.253.182 (depth 3, 36 lits): UNSAT in 0.29s
    cube 3958.126.253.183 (depth 3, 36 lits): UNSAT in 0.06s
    cube 3958.126.253.184 (depth 3, 36 lits): UNSAT in 0.15s
    cube 3958.126.253.185 (depth 3, 36 lits): UNSAT in 0.21s
    cube 3958.126.253.186 (depth 3, 36 lits): UNSAT in 0.34s
    cube 3958.126.253.187 (depth 3, 36 lits): UNSAT in 0.11s
    cube 3958.126.253.188 (depth 3, 36 lits): UNSAT in 0.33s
    cube 3958.126.253.189 (depth 3, 36 lits): UNSAT in 0.09s
    cube 3958.126.253.190 (depth 3, 36 lits): UNSAT in 1.12s
    cube 3958.126.253.191 (depth 3, 36 lits): UNSAT in 0.02s
    cube 3958.126.253.192 (depth 3, 36 lits): UNSAT in 0.02s
    cube 3958.126.253.193 (depth 3, 36 lits): UNSAT in 0.02s
    cube 3958.126.253.194 (depth 3, 36 lits): UNSAT in 0.06s
    cube 3958.126.253.195 (depth 3, 36 lits): UNSAT in 0.04s
    cube 3958.126.253.196 (depth 3, 36 lits): UNSAT in 0.03s
    cube 3958.126.253.197 (depth 3, 36 lits): UNSAT in 0.05s
    cube 3958.126.253.198 (depth 3, 36 lits): UNSAT in 0.06s
    cube 3958.126.253.199 (depth 3, 36 lits): UNSAT in 0.05s
    cube 3958.126.253.200 (depth 3, 36 lits): UNSAT in 0.05s
    cube 3958.126.253.201 (depth 3, 36 lits): UNSAT in 0.03s
    cube 3958.126.253.202 (depth 3, 36 lits): UNSAT in 0.36s
    cube 3958.126.253.203 (depth 3, 36 lits): UNSAT in 0.08s
    cube 3958.126.253.204 (depth 3, 36 lits): UNSAT in 0.14s
    cube 3958.126.253.205 (depth 3, 36 lits): UNSAT in 0.05s
    cube 3958.126.253.206 (depth 3, 36 lits): UNSAT in 0.60s
    cube 3958.126.253.207 (depth 3, 36 lits): UNSAT in 0.05s
    cube 3958.126.253.208 (depth 3, 36 lits): UNSAT in 0.12s
    cube 3958.126.253.209 (depth 3, 36 lits): UNSAT in 0.05s
    cube 3958.126.253.210 (depth 3, 36 lits): UNSAT in 0.29s
    cube 3958.126.253.211 (depth 3, 36 lits): UNSAT in 0.04s
    cube 3958.126.253.212 (depth 3, 36 lits): UNSAT in 0.07s
    cube 3958.126.253.213 (depth 3, 36 lits): UNSAT in 0.22s
    cube 3958.126.253.214 (depth 3, 36 lits): UNSAT in 2.20s
    cube 3958.126.253.215 (depth 3, 36 lits): UNSAT in 0.05s
    cube 3958.126.253.216 (depth 3, 36 lits): UNSAT in 0.10s
    cube 3958.126.253.217 (depth 3, 36 lits): UNSAT in 0.34s
    cube 3958.126.253.218 (depth 3, 36 lits): UNSAT in 0.76s
    cube 3958.126.253.219 (depth 3, 36 lits): UNSAT in 0.11s
    cube 3958.126.253.220 (depth 3, 36 lits): UNSAT in 0.99s
    cube 3958.126.253.221 (depth 3, 36 lits): UNSAT in 0.56s
    cube 3958.126.253.222 (depth 3, 36 lits): UNSAT in 2.46s
    cube 3958.126.253.223 (depth 3, 36 lits): UNSAT in 0.03s
    cube 3958.126.253.224 (depth 3, 36 lits): UNSAT in 0.03s
    cube 3958.126.253.225 (depth 3, 36 lits): UNSAT in 0.04s
    cube 3958.126.253.226 (depth 3, 36 lits): UNSAT in 0.22s
    cube 3958.126.253.227 (depth 3, 36 lits): UNSAT in 0.03s
    cube 3958.126.253.228 (depth 3, 36 lits): UNSAT in 0.14s
    cube 3958.126.253.229 (depth 3, 36 lits): UNSAT in 0.18s
    cube 3958.126.253.230 (depth 3, 36 lits): UNSAT in 0.66s
    cube 3958.126.253.231 (depth 3, 36 lits): UNSAT in 0.05s
    cube 3958.126.253.232 (depth 3, 36 lits): UNSAT in 0.14s
    cube 3958.126.253.233 (depth 3, 36 lits): UNSAT in 0.17s
    cube 3958.126.253.234 (depth 3, 36 lits): UNSAT in 0.66s
    cube 3958.126.253.235 (depth 3, 36 lits): UNSAT in 0.12s
    cube 3958.126.253.236 (depth 3, 36 lits): UNSAT in 0.92s
    cube 3958.126.253.237 (depth 3, 36 lits): UNSAT in 0.84s
    cube 3958.126.253.238 (depth 3, 36 lits): UNSAT in 1.90s
    cube 3958.126.253.239 (depth 3, 36 lits): UNSAT in 0.03s
    cube 3958.126.253.240 (depth 3, 36 lits): UNSAT in 0.08s
    cube 3958.126.253.241 (depth 3, 36 lits): UNSAT in 0.16s
    cube 3958.126.253.242 (depth 3, 36 lits): UNSAT in 0.64s
    cube 3958.126.253.243 (depth 3, 36 lits): UNSAT in 0.16s
    cube 3958.126.253.244 (depth 3, 36 lits): UNSAT in 1.04s
    cube 3958.126.253.245 (depth 3, 36 lits): UNSAT in 2.75s
    cube 3958.126.253.246 (depth 3, 36 lits): UNSAT in 2.35s
    cube 3958.126.253.247 (depth 3, 36 lits): UNSAT in 0.28s
    cube 3958.126.253.248 (depth 3, 36 lits): UNSAT in 2.11s
    cube 3958.126.253.249 (depth 3, 36 lits): UNSAT in 0.84s
    cube 3958.126.253.250 (depth 3, 36 lits): UNSAT in 4.17s
    cube 3958.126.253.251 (depth 3, 36 lits): UNSAT in 2.60s
    cube 3958.126.253.252 (depth 3, 36 lits): UNSAT in 6.19s
    cube 3958.126.253.253 (depth 3, 36 lits): UNSAT in 14.56s
    cube 3958.126.253.254 (depth 3, 36 lits): UNSAT in 14.31s
    cube 3958.127 (depth 1, 20 lits): TIMEOUT in 1200.04s
    cube 3958.127 TIMEOUT -> re-split into 256 sub-cubes (depth 2)
    cube 3958.127.0 (depth 2, 28 lits): UNSAT in 0.01s
    cube 3958.127.1 (depth 2, 28 lits): UNSAT in 0.01s
    cube 3958.127.2 (depth 2, 28 lits): UNSAT in 0.01s
    cube 3958.127.3 (depth 2, 28 lits): UNSAT in 0.02s
    cube 3958.127.4 (depth 2, 28 lits): UNSAT in 0.01s
    cube 3958.127.5 (depth 2, 28 lits): UNSAT in 0.02s
    cube 3958.127.6 (depth 2, 28 lits): UNSAT in 0.03s
    cube 3958.127.7 (depth 2, 28 lits): UNSAT in 0.03s
    cube 3958.127.8 (depth 2, 28 lits): UNSAT in 0.02s
    cube 3958.127.9 (depth 2, 28 lits): UNSAT in 0.02s
    cube 3958.127.10 (depth 2, 28 lits): UNSAT in 0.03s
    cube 3958.127.11 (depth 2, 28 lits): UNSAT in 0.07s
    cube 3958.127.12 (depth 2, 28 lits): UNSAT in 0.03s
    cube 3958.127.13 (depth 2, 28 lits): UNSAT in 0.13s
    cube 3958.127.14 (depth 2, 28 lits): UNSAT in 0.13s
    cube 3958.127.15 (depth 2, 28 lits): UNSAT in 0.26s
    cube 3958.127.16 (depth 2, 28 lits): UNSAT in 0.04s
    cube 3958.127.17 (depth 2, 28 lits): UNSAT in 0.07s
    cube 3958.127.18 (depth 2, 28 lits): UNSAT in 0.07s
    cube 3958.127.19 (depth 2, 28 lits): UNSAT in 0.31s
    cube 3958.127.20 (depth 2, 28 lits): UNSAT in 0.19s
    cube 3958.127.21 (depth 2, 28 lits): UNSAT in 0.64s
    cube 3958.127.22 (depth 2, 28 lits): UNSAT in 0.53s
    cube 3958.127.23 (depth 2, 28 lits): UNSAT in 3.09s
    cube 3958.127.24 (depth 2, 28 lits): UNSAT in 0.08s
    cube 3958.127.25 (depth 2, 28 lits): UNSAT in 0.22s
    cube 3958.127.26 (depth 2, 28 lits): UNSAT in 0.15s
    cube 3958.127.27 (depth 2, 28 lits): UNSAT in 1.63s
    cube 3958.127.28 (depth 2, 28 lits): UNSAT in 0.32s
    cube 3958.127.29 (depth 2, 28 lits): UNSAT in 1.55s
    cube 3958.127.30 (depth 2, 28 lits): UNSAT in 0.52s
    cube 3958.127.31 (depth 2, 28 lits): UNSAT in 5.13s
    cube 3958.127.32 (depth 2, 28 lits): UNSAT in 0.04s
    cube 3958.127.33 (depth 2, 28 lits): UNSAT in 0.16s
    cube 3958.127.34 (depth 2, 28 lits): UNSAT in 0.04s
    cube 3958.127.35 (depth 2, 28 lits): UNSAT in 0.15s
    cube 3958.127.36 (depth 2, 28 lits): UNSAT in 0.11s
    cube 3958.127.37 (depth 2, 28 lits): UNSAT in 0.15s
    cube 3958.127.38 (depth 2, 28 lits): UNSAT in 0.07s
    cube 3958.127.39 (depth 2, 28 lits): UNSAT in 0.25s
    cube 3958.127.40 (depth 2, 28 lits): UNSAT in 0.03s
    cube 3958.127.41 (depth 2, 28 lits): UNSAT in 0.20s
    cube 3958.127.42 (depth 2, 28 lits): UNSAT in 0.38s
    cube 3958.127.43 (depth 2, 28 lits): UNSAT in 2.58s
    cube 3958.127.44 (depth 2, 28 lits): UNSAT in 0.11s
    cube 3958.127.45 (depth 2, 28 lits): UNSAT in 1.37s
    cube 3958.127.46 (depth 2, 28 lits): UNSAT in 0.95s
    cube 3958.127.47 (depth 2, 28 lits): UNSAT in 5.29s
    cube 3958.127.48 (depth 2, 28 lits): UNSAT in 0.05s
    cube 3958.127.49 (depth 2, 28 lits): UNSAT in 0.10s
    cube 3958.127.50 (depth 2, 28 lits): UNSAT in 0.13s
    cube 3958.127.51 (depth 2, 28 lits): UNSAT in 0.26s
    cube 3958.127.52 (depth 2, 28 lits): UNSAT in 0.25s
    cube 3958.127.53 (depth 2, 28 lits): UNSAT in 0.51s
    cube 3958.127.54 (depth 2, 28 lits): UNSAT in 0.23s
    cube 3958.127.55 (depth 2, 28 lits): UNSAT in 6.77s
    cube 3958.127.56 (depth 2, 28 lits): UNSAT in 0.11s
    cube 3958.127.57 (depth 2, 28 lits): UNSAT in 0.57s
    cube 3958.127.58 (depth 2, 28 lits): UNSAT in 0.62s
    cube 3958.127.59 (depth 2, 28 lits): UNSAT in 1.66s
    cube 3958.127.60 (depth 2, 28 lits): UNSAT in 2.06s
    cube 3958.127.61 (depth 2, 28 lits): UNSAT in 2.58s
    cube 3958.127.62 (depth 2, 28 lits): UNSAT in 9.68s
    cube 3958.127.63 (depth 2, 28 lits): UNSAT in 50.54s
    cube 3958.127.64 (depth 2, 28 lits): UNSAT in 0.02s
    cube 3958.127.65 (depth 2, 28 lits): UNSAT in 0.06s
    cube 3958.127.66 (depth 2, 28 lits): UNSAT in 0.03s
    cube 3958.127.67 (depth 2, 28 lits): UNSAT in 0.20s
    cube 3958.127.68 (depth 2, 28 lits): UNSAT in 0.02s
    cube 3958.127.69 (depth 2, 28 lits): UNSAT in 0.04s
    cube 3958.127.70 (depth 2, 28 lits): UNSAT in 0.09s
    cube 3958.127.71 (depth 2, 28 lits): UNSAT in 0.15s
    cube 3958.127.72 (depth 2, 28 lits): UNSAT in 0.01s
    cube 3958.127.73 (depth 2, 28 lits): UNSAT in 0.04s
    cube 3958.127.74 (depth 2, 28 lits): UNSAT in 0.07s
    cube 3958.127.75 (depth 2, 28 lits): UNSAT in 0.13s
    cube 3958.127.76 (depth 2, 28 lits): UNSAT in 0.17s
    cube 3958.127.77 (depth 2, 28 lits): UNSAT in 0.19s
    cube 3958.127.78 (depth 2, 28 lits): UNSAT in 0.04s
    cube 3958.127.79 (depth 2, 28 lits): UNSAT in 0.20s
    cube 3958.127.80 (depth 2, 28 lits): UNSAT in 0.03s
    cube 3958.127.81 (depth 2, 28 lits): UNSAT in 0.06s
    cube 3958.127.82 (depth 2, 28 lits): UNSAT in 0.02s
    cube 3958.127.83 (depth 2, 28 lits): UNSAT in 0.21s
    cube 3958.127.84 (depth 2, 28 lits): UNSAT in 0.05s
    cube 3958.127.85 (depth 2, 28 lits): UNSAT in 0.14s
    cube 3958.127.86 (depth 2, 28 lits): UNSAT in 0.10s
    cube 3958.127.87 (depth 2, 28 lits): UNSAT in 0.30s
    cube 3958.127.88 (depth 2, 28 lits): UNSAT in 0.29s
    cube 3958.127.89 (depth 2, 28 lits): UNSAT in 0.78s
    cube 3958.127.90 (depth 2, 28 lits): UNSAT in 0.36s
    cube 3958.127.91 (depth 2, 28 lits): UNSAT in 1.56s
    cube 3958.127.92 (depth 2, 28 lits): UNSAT in 0.63s
    cube 3958.127.93 (depth 2, 28 lits): UNSAT in 1.54s
    cube 3958.127.94 (depth 2, 28 lits): UNSAT in 6.27s
    cube 3958.127.95 (depth 2, 28 lits): UNSAT in 23.93s
    cube 3958.127.96 (depth 2, 28 lits): UNSAT in 0.05s
    cube 3958.127.97 (depth 2, 28 lits): UNSAT in 0.03s
    cube 3958.127.98 (depth 2, 28 lits): UNSAT in 0.09s
    cube 3958.127.99 (depth 2, 28 lits): UNSAT in 0.26s
    cube 3958.127.100 (depth 2, 28 lits): UNSAT in 0.15s
    cube 3958.127.101 (depth 2, 28 lits): UNSAT in 0.47s
    cube 3958.127.102 (depth 2, 28 lits): UNSAT in 0.14s
    cube 3958.127.103 (depth 2, 28 lits): UNSAT in 0.77s
    cube 3958.127.104 (depth 2, 28 lits): UNSAT in 0.15s
    cube 3958.127.105 (depth 2, 28 lits): UNSAT in 0.42s
    cube 3958.127.106 (depth 2, 28 lits): UNSAT in 0.53s
    cube 3958.127.107 (depth 2, 28 lits): UNSAT in 1.43s
    cube 3958.127.108 (depth 2, 28 lits): UNSAT in 0.94s
    cube 3958.127.109 (depth 2, 28 lits): UNSAT in 7.67s
    cube 3958.127.110 (depth 2, 28 lits): UNSAT in 8.66s
    cube 3958.127.111 (depth 2, 28 lits): UNSAT in 70.40s
    cube 3958.127.112 (depth 2, 28 lits): UNSAT in 0.10s
    cube 3958.127.113 (depth 2, 28 lits): UNSAT in 0.37s
    cube 3958.127.114 (depth 2, 28 lits): UNSAT in 0.21s
    cube 3958.127.115 (depth 2, 28 lits): UNSAT in 0.67s
    cube 3958.127.116 (depth 2, 28 lits): UNSAT in 0.06s
    cube 3958.127.117 (depth 2, 28 lits): UNSAT in 0.63s
    cube 3958.127.118 (depth 2, 28 lits): UNSAT in 8.17s
    cube 3958.127.119 (depth 2, 28 lits): UNSAT in 30.52s
    cube 3958.127.120 (depth 2, 28 lits): UNSAT in 0.91s
    cube 3958.127.121 (depth 2, 28 lits): UNSAT in 0.72s
    cube 3958.127.122 (depth 2, 28 lits): UNSAT in 1.14s
    cube 3958.127.123 (depth 2, 28 lits): UNSAT in 85.36s
    cube 3958.127.124 (depth 2, 28 lits): UNSAT in 3.42s
    cube 3958.127.125 (depth 2, 28 lits): UNSAT in 78.95s
    cube 3958.127.126 (depth 2, 28 lits): UNSAT in 282.51s
