  shard 21/24 (explicit): 1 of 4095 cubes, per-cube cap 1200.0s, re-split depth 9
    cube 2814 (depth 0, 12 lits): TIMEOUT in 1200.01s
    cube 2814 TIMEOUT -> re-split into 1020 sub-cubes (depth 1)
    cube 2814.0 (depth 1, 22 lits): UNSAT in 0.01s
    cube 2814.1 (depth 1, 22 lits): UNSAT in 0.02s
    cube 2814.2 (depth 1, 22 lits): UNSAT in 0.02s
    cube 2814.3 (depth 1, 22 lits): UNSAT in 0.02s
    cube 2814.4 (depth 1, 22 lits): UNSAT in 0.02s
    cube 2814.5 (depth 1, 22 lits): UNSAT in 0.02s
    cube 2814.6 (depth 1, 22 lits): UNSAT in 0.02s
    cube 2814.7 (depth 1, 22 lits): UNSAT in 0.04s
    cube 2814.8 (depth 1, 22 lits): UNSAT in 0.02s
    cube 2814.9 (depth 1, 22 lits): UNSAT in 0.03s
    cube 2814.10 (depth 1, 22 lits): UNSAT in 0.04s
    cube 2814.11 (depth 1, 22 lits): UNSAT in 0.25s
    cube 2814.12 (depth 1, 22 lits): UNSAT in 0.02s
    cube 2814.13 (depth 1, 22 lits): UNSAT in 0.04s
    cube 2814.14 (depth 1, 22 lits): UNSAT in 0.03s
    cube 2814.15 (depth 1, 22 lits): UNSAT in 0.21s
    cube 2814.16 (depth 1, 21 lits): UNSAT in 0.02s
    cube 2814.17 (depth 1, 22 lits): UNSAT in 0.02s
    cube 2814.18 (depth 1, 22 lits): UNSAT in 0.04s
    cube 2814.19 (depth 1, 22 lits): UNSAT in 0.02s
    cube 2814.20 (depth 1, 22 lits): UNSAT in 0.04s
    cube 2814.21 (depth 1, 22 lits): UNSAT in 0.06s
    cube 2814.22 (depth 1, 22 lits): UNSAT in 0.24s
    cube 2814.23 (depth 1, 22 lits): UNSAT in 0.03s
    cube 2814.24 (depth 1, 22 lits): UNSAT in 0.04s
    cube 2814.25 (depth 1, 22 lits): UNSAT in 0.02s
    cube 2814.26 (depth 1, 22 lits): UNSAT in 0.07s
    cube 2814.27 (depth 1, 22 lits): UNSAT in 0.08s
    cube 2814.28 (depth 1, 22 lits): UNSAT in 0.11s
    cube 2814.29 (depth 1, 22 lits): UNSAT in 0.14s
    cube 2814.30 (depth 1, 22 lits): UNSAT in 0.51s
    cube 2814.31 (depth 1, 22 lits): UNSAT in 0.02s
    cube 2814.32 (depth 1, 22 lits): UNSAT in 0.02s
    cube 2814.33 (depth 1, 22 lits): UNSAT in 0.01s
    cube 2814.34 (depth 1, 22 lits): UNSAT in 0.02s
    cube 2814.35 (depth 1, 22 lits): UNSAT in 0.02s
    cube 2814.36 (depth 1, 22 lits): UNSAT in 0.02s
    cube 2814.37 (depth 1, 22 lits): UNSAT in 0.03s
    cube 2814.38 (depth 1, 22 lits): UNSAT in 0.15s
    cube 2814.39 (depth 1, 22 lits): UNSAT in 0.05s
    cube 2814.40 (depth 1, 22 lits): UNSAT in 0.04s
    cube 2814.41 (depth 1, 22 lits): UNSAT in 0.03s
    cube 2814.42 (depth 1, 22 lits): UNSAT in 0.08s
    cube 2814.43 (depth 1, 22 lits): UNSAT in 0.03s
    cube 2814.44 (depth 1, 22 lits): UNSAT in 0.09s
    cube 2814.45 (depth 1, 22 lits): UNSAT in 0.08s
    cube 2814.46 (depth 1, 22 lits): UNSAT in 0.33s
    cube 2814.47 (depth 1, 22 lits): UNSAT in 0.07s
    cube 2814.48 (depth 1, 22 lits): UNSAT in 0.19s
    cube 2814.49 (depth 1, 22 lits): UNSAT in 0.06s
    cube 2814.50 (depth 1, 22 lits): UNSAT in 0.29s
    cube 2814.51 (depth 1, 22 lits): UNSAT in 0.12s
    cube 2814.52 (depth 1, 22 lits): UNSAT in 0.27s
    cube 2814.53 (depth 1, 22 lits): UNSAT in 0.08s
    cube 2814.54 (depth 1, 22 lits): UNSAT in 1.51s
    cube 2814.55 (depth 1, 22 lits): UNSAT in 0.06s
    cube 2814.56 (depth 1, 22 lits): UNSAT in 0.14s
    cube 2814.57 (depth 1, 22 lits): UNSAT in 0.14s
    cube 2814.58 (depth 1, 22 lits): UNSAT in 0.25s
    cube 2814.59 (depth 1, 22 lits): UNSAT in 0.43s
    cube 2814.60 (depth 1, 22 lits): UNSAT in 2.07s
    cube 2814.61 (depth 1, 22 lits): UNSAT in 4.34s
    cube 2814.62 (depth 1, 22 lits): UNSAT in 22.74s
    cube 2814.63 (depth 1, 21 lits): UNSAT in 0.01s
    cube 2814.64 (depth 1, 22 lits): UNSAT in 0.01s
    cube 2814.65 (depth 1, 22 lits): UNSAT in 0.03s
    cube 2814.66 (depth 1, 22 lits): UNSAT in 0.02s
    cube 2814.67 (depth 1, 22 lits): UNSAT in 0.03s
    cube 2814.68 (depth 1, 22 lits): UNSAT in 0.03s
    cube 2814.69 (depth 1, 22 lits): UNSAT in 0.05s
    cube 2814.70 (depth 1, 22 lits): UNSAT in 0.02s
    cube 2814.71 (depth 1, 22 lits): UNSAT in 0.04s
    cube 2814.72 (depth 1, 22 lits): UNSAT in 0.05s
    cube 2814.73 (depth 1, 22 lits): UNSAT in 0.19s
    cube 2814.74 (depth 1, 22 lits): UNSAT in 0.02s
    cube 2814.75 (depth 1, 22 lits): UNSAT in 0.04s
    cube 2814.76 (depth 1, 22 lits): UNSAT in 0.02s
    cube 2814.77 (depth 1, 22 lits): UNSAT in 0.34s
    cube 2814.78 (depth 1, 22 lits): UNSAT in 0.03s
    cube 2814.79 (depth 1, 22 lits): UNSAT in 0.03s
    cube 2814.80 (depth 1, 22 lits): UNSAT in 0.08s
    cube 2814.81 (depth 1, 22 lits): UNSAT in 0.14s
    cube 2814.82 (depth 1, 22 lits): UNSAT in 0.03s
    cube 2814.83 (depth 1, 22 lits): UNSAT in 0.10s
    cube 2814.84 (depth 1, 22 lits): UNSAT in 0.03s
    cube 2814.85 (depth 1, 22 lits): UNSAT in 0.14s
    cube 2814.86 (depth 1, 22 lits): UNSAT in 0.07s
    cube 2814.87 (depth 1, 22 lits): UNSAT in 0.23s
    cube 2814.88 (depth 1, 22 lits): UNSAT in 0.09s
    cube 2814.89 (depth 1, 22 lits): UNSAT in 0.32s
    cube 2814.90 (depth 1, 22 lits): UNSAT in 0.10s
    cube 2814.91 (depth 1, 22 lits): UNSAT in 0.05s
    cube 2814.92 (depth 1, 22 lits): UNSAT in 0.53s
    cube 2814.93 (depth 1, 22 lits): UNSAT in 2.23s
    cube 2814.94 (depth 1, 22 lits): UNSAT in 0.03s
    cube 2814.95 (depth 1, 22 lits): UNSAT in 0.03s
    cube 2814.96 (depth 1, 22 lits): UNSAT in 0.06s
    cube 2814.97 (depth 1, 22 lits): UNSAT in 0.37s
    cube 2814.98 (depth 1, 22 lits): UNSAT in 0.08s
    cube 2814.99 (depth 1, 22 lits): UNSAT in 0.07s
    cube 2814.100 (depth 1, 22 lits): UNSAT in 0.35s
    cube 2814.101 (depth 1, 22 lits): UNSAT in 2.61s
    cube 2814.102 (depth 1, 22 lits): UNSAT in 0.04s
    cube 2814.103 (depth 1, 22 lits): UNSAT in 0.05s
    cube 2814.104 (depth 1, 22 lits): UNSAT in 0.27s
    cube 2814.105 (depth 1, 22 lits): UNSAT in 0.92s
    cube 2814.106 (depth 1, 22 lits): UNSAT in 0.18s
    cube 2814.107 (depth 1, 22 lits): UNSAT in 1.36s
    cube 2814.108 (depth 1, 22 lits): UNSAT in 1.51s
    cube 2814.109 (depth 1, 22 lits): UNSAT in 5.79s
    cube 2814.110 (depth 1, 22 lits): UNSAT in 0.08s
    cube 2814.111 (depth 1, 22 lits): UNSAT in 0.28s
    cube 2814.112 (depth 1, 22 lits): UNSAT in 0.20s
    cube 2814.113 (depth 1, 22 lits): UNSAT in 0.74s
    cube 2814.114 (depth 1, 22 lits): UNSAT in 0.25s
    cube 2814.115 (depth 1, 22 lits): UNSAT in 1.76s
    cube 2814.116 (depth 1, 22 lits): UNSAT in 3.29s
    cube 2814.117 (depth 1, 22 lits): UNSAT in 15.53s
    cube 2814.118 (depth 1, 22 lits): UNSAT in 0.26s
    cube 2814.119 (depth 1, 22 lits): UNSAT in 2.70s
    cube 2814.120 (depth 1, 22 lits): UNSAT in 2.66s
    cube 2814.121 (depth 1, 22 lits): UNSAT in 15.88s
    cube 2814.122 (depth 1, 22 lits): UNSAT in 5.92s
    cube 2814.123 (depth 1, 22 lits): UNSAT in 30.55s
    cube 2814.124 (depth 1, 22 lits): UNSAT in 74.09s
    cube 2814.125 (depth 1, 22 lits): TIMEOUT in 1200.10s
    cube 2814.125 TIMEOUT -> re-split into 803 sub-cubes (depth 2)
    cube 2814.125.0 (depth 2, 28 lits): UNSAT in 0.01s
    cube 2814.125.1 (depth 2, 29 lits): UNSAT in 0.01s
    cube 2814.125.2 (depth 2, 29 lits): UNSAT in 0.02s
    cube 2814.125.3 (depth 2, 29 lits): UNSAT in 0.01s
    cube 2814.125.4 (depth 2, 29 lits): UNSAT in 0.01s
    cube 2814.125.5 (depth 2, 29 lits): UNSAT in 0.02s
    cube 2814.125.6 (depth 2, 31 lits): UNSAT in 0.01s
    cube 2814.125.7 (depth 2, 32 lits): UNSAT in 0.02s
    cube 2814.125.8 (depth 2, 32 lits): UNSAT in 0.02s
    cube 2814.125.9 (depth 2, 31 lits): UNSAT in 0.01s
    cube 2814.125.10 (depth 2, 32 lits): UNSAT in 0.02s
    cube 2814.125.11 (depth 2, 32 lits): UNSAT in 0.02s
    cube 2814.125.12 (depth 2, 30 lits): UNSAT in 0.01s
    cube 2814.125.13 (depth 2, 30 lits): UNSAT in 0.01s
    cube 2814.125.14 (depth 2, 30 lits): UNSAT in 0.02s
    cube 2814.125.15 (depth 2, 31 lits): UNSAT in 0.01s
    cube 2814.125.16 (depth 2, 32 lits): UNSAT in 0.02s
    cube 2814.125.17 (depth 2, 32 lits): UNSAT in 0.02s
    cube 2814.125.18 (depth 2, 31 lits): UNSAT in 0.01s
    cube 2814.125.19 (depth 2, 31 lits): UNSAT in 0.01s
    cube 2814.125.20 (depth 2, 31 lits): UNSAT in 0.01s
    cube 2814.125.21 (depth 2, 32 lits): UNSAT in 0.01s
    cube 2814.125.22 (depth 2, 32 lits): UNSAT in 0.02s
    cube 2814.125.23 (depth 2, 31 lits): UNSAT in 0.01s
    cube 2814.125.24 (depth 2, 31 lits): UNSAT in 0.02s
    cube 2814.125.25 (depth 2, 31 lits): UNSAT in 0.01s
    cube 2814.125.26 (depth 2, 32 lits): UNSAT in 0.01s
    cube 2814.125.27 (depth 2, 32 lits): UNSAT in 0.01s
    cube 2814.125.28 (depth 2, 30 lits): UNSAT in 0.01s
    cube 2814.125.29 (depth 2, 30 lits): UNSAT in 0.01s
    cube 2814.125.30 (depth 2, 32 lits): UNSAT in 0.01s
    cube 2814.125.31 (depth 2, 32 lits): UNSAT in 0.01s
    cube 2814.125.32 (depth 2, 31 lits): UNSAT in 0.01s
    cube 2814.125.33 (depth 2, 31 lits): UNSAT in 0.01s
    cube 2814.125.34 (depth 2, 31 lits): UNSAT in 0.02s
    cube 2814.125.35 (depth 2, 31 lits): UNSAT in 0.01s
    cube 2814.125.36 (depth 2, 31 lits): UNSAT in 0.01s
    cube 2814.125.37 (depth 2, 30 lits): UNSAT in 0.02s
    cube 2814.125.38 (depth 2, 31 lits): UNSAT in 0.01s
    cube 2814.125.39 (depth 2, 32 lits): UNSAT in 0.01s
    cube 2814.125.40 (depth 2, 32 lits): UNSAT in 0.01s
    cube 2814.125.41 (depth 2, 31 lits): UNSAT in 0.01s
    cube 2814.125.42 (depth 2, 31 lits): UNSAT in 0.02s
    cube 2814.125.43 (depth 2, 29 lits): UNSAT in 0.01s
    cube 2814.125.44 (depth 2, 31 lits): UNSAT in 0.01s
    cube 2814.125.45 (depth 2, 31 lits): UNSAT in 0.02s
    cube 2814.125.46 (depth 2, 31 lits): UNSAT in 0.01s
    cube 2814.125.47 (depth 2, 31 lits): UNSAT in 0.02s
    cube 2814.125.48 (depth 2, 30 lits): UNSAT in 0.01s
    cube 2814.125.49 (depth 2, 31 lits): UNSAT in 0.01s
    cube 2814.125.50 (depth 2, 32 lits): UNSAT in 0.01s
    cube 2814.125.51 (depth 2, 32 lits): UNSAT in 0.02s
    cube 2814.125.52 (depth 2, 32 lits): UNSAT in 0.01s
    cube 2814.125.53 (depth 2, 32 lits): UNSAT in 0.01s
    cube 2814.125.54 (depth 2, 32 lits): UNSAT in 0.01s
    cube 2814.125.55 (depth 2, 32 lits): UNSAT in 0.01s
    cube 2814.125.56 (depth 2, 31 lits): UNSAT in 0.01s
    cube 2814.125.57 (depth 2, 32 lits): UNSAT in 0.01s
    cube 2814.125.58 (depth 2, 32 lits): UNSAT in 0.03s
    cube 2814.125.59 (depth 2, 30 lits): UNSAT in 0.01s
    cube 2814.125.60 (depth 2, 30 lits): UNSAT in 0.01s
    cube 2814.125.61 (depth 2, 31 lits): UNSAT in 0.01s
    cube 2814.125.62 (depth 2, 32 lits): UNSAT in 0.01s
    cube 2814.125.63 (depth 2, 32 lits): UNSAT in 0.01s
    cube 2814.125.64 (depth 2, 32 lits): UNSAT in 0.01s
    cube 2814.125.65 (depth 2, 32 lits): UNSAT in 0.02s
    cube 2814.125.66 (depth 2, 32 lits): UNSAT in 0.01s
    cube 2814.125.67 (depth 2, 32 lits): UNSAT in 0.02s
    cube 2814.125.68 (depth 2, 31 lits): UNSAT in 0.01s
    cube 2814.125.69 (depth 2, 32 lits): UNSAT in 0.01s
    cube 2814.125.70 (depth 2, 32 lits): UNSAT in 0.02s
    cube 2814.125.71 (depth 2, 32 lits): UNSAT in 0.01s
    cube 2814.125.72 (depth 2, 32 lits): UNSAT in 0.02s
    cube 2814.125.73 (depth 2, 32 lits): UNSAT in 0.02s
    cube 2814.125.74 (depth 2, 32 lits): UNSAT in 0.03s
    cube 2814.125.75 (depth 2, 32 lits): UNSAT in 0.01s
    cube 2814.125.76 (depth 2, 32 lits): UNSAT in 0.02s
    cube 2814.125.77 (depth 2, 32 lits): UNSAT in 0.01s
    cube 2814.125.78 (depth 2, 32 lits): UNSAT in 0.02s
    cube 2814.125.79 (depth 2, 32 lits): UNSAT in 0.02s
    cube 2814.125.80 (depth 2, 32 lits): UNSAT in 0.03s
    cube 2814.125.81 (depth 2, 32 lits): UNSAT in 0.01s
    cube 2814.125.82 (depth 2, 32 lits): UNSAT in 0.04s
    cube 2814.125.83 (depth 2, 30 lits): UNSAT in 0.01s
    cube 2814.125.84 (depth 2, 31 lits): UNSAT in 0.01s
    cube 2814.125.85 (depth 2, 32 lits): UNSAT in 0.01s
    cube 2814.125.86 (depth 2, 32 lits): UNSAT in 0.02s
    cube 2814.125.87 (depth 2, 30 lits): UNSAT in 0.02s
    cube 2814.125.88 (depth 2, 32 lits): UNSAT in 0.01s
    cube 2814.125.89 (depth 2, 32 lits): UNSAT in 0.02s
    cube 2814.125.90 (depth 2, 32 lits): UNSAT in 0.02s
    cube 2814.125.91 (depth 2, 32 lits): UNSAT in 0.04s
    cube 2814.125.92 (depth 2, 31 lits): UNSAT in 0.02s
    cube 2814.125.93 (depth 2, 31 lits): UNSAT in 0.02s
    cube 2814.125.94 (depth 2, 32 lits): UNSAT in 0.01s
    cube 2814.125.95 (depth 2, 32 lits): UNSAT in 0.02s
    cube 2814.125.96 (depth 2, 32 lits): UNSAT in 0.02s
    cube 2814.125.97 (depth 2, 32 lits): UNSAT in 0.02s
    cube 2814.125.98 (depth 2, 31 lits): UNSAT in 0.02s
    cube 2814.125.99 (depth 2, 32 lits): UNSAT in 0.01s
    cube 2814.125.100 (depth 2, 32 lits): UNSAT in 0.03s
    cube 2814.125.101 (depth 2, 32 lits): UNSAT in 0.01s
    cube 2814.125.102 (depth 2, 32 lits): UNSAT in 0.02s
    cube 2814.125.103 (depth 2, 32 lits): UNSAT in 0.02s
    cube 2814.125.104 (depth 2, 32 lits): UNSAT in 0.05s
    cube 2814.125.105 (depth 2, 31 lits): UNSAT in 0.01s
    cube 2814.125.106 (depth 2, 32 lits): UNSAT in 0.02s
    cube 2814.125.107 (depth 2, 32 lits): UNSAT in 0.02s
    cube 2814.125.108 (depth 2, 32 lits): UNSAT in 0.01s
    cube 2814.125.109 (depth 2, 32 lits): UNSAT in 0.02s
    cube 2814.125.110 (depth 2, 32 lits): UNSAT in 0.01s
    cube 2814.125.111 (depth 2, 32 lits): UNSAT in 0.03s
    cube 2814.125.112 (depth 2, 32 lits): UNSAT in 0.01s
    cube 2814.125.113 (depth 2, 32 lits): UNSAT in 0.02s
    cube 2814.125.114 (depth 2, 32 lits): UNSAT in 0.02s
    cube 2814.125.115 (depth 2, 32 lits): UNSAT in 0.05s
    cube 2814.125.116 (depth 2, 32 lits): UNSAT in 0.03s
    cube 2814.125.117 (depth 2, 32 lits): UNSAT in 0.09s
    cube 2814.125.118 (depth 2, 32 lits): UNSAT in 0.03s
    cube 2814.125.119 (depth 2, 32 lits): UNSAT in 0.24s
    cube 2814.125.120 (depth 2, 32 lits): UNSAT in 0.02s
    cube 2814.125.121 (depth 2, 32 lits): UNSAT in 0.03s
    cube 2814.125.122 (depth 2, 32 lits): UNSAT in 0.02s
    cube 2814.125.123 (depth 2, 32 lits): UNSAT in 0.03s
    cube 2814.125.124 (depth 2, 32 lits): UNSAT in 0.02s
    cube 2814.125.125 (depth 2, 32 lits): UNSAT in 0.04s
    cube 2814.125.126 (depth 2, 32 lits): UNSAT in 0.02s
    cube 2814.125.127 (depth 2, 32 lits): UNSAT in 0.08s
    cube 2814.125.128 (depth 2, 32 lits): UNSAT in 0.02s
    cube 2814.125.129 (depth 2, 32 lits): UNSAT in 0.09s
    cube 2814.125.130 (depth 2, 32 lits): UNSAT in 0.06s
    cube 2814.125.131 (depth 2, 32 lits): UNSAT in 0.38s
    cube 2814.125.132 (depth 2, 32 lits): UNSAT in 0.09s
    cube 2814.125.133 (depth 2, 32 lits): UNSAT in 0.50s
    cube 2814.125.134 (depth 2, 32 lits): UNSAT in 0.70s
    cube 2814.125.135 (depth 2, 32 lits): UNSAT in 2.43s
    cube 2814.125.136 (depth 2, 30 lits): UNSAT in 0.01s
    cube 2814.125.137 (depth 2, 30 lits): UNSAT in 0.02s
    cube 2814.125.138 (depth 2, 30 lits): UNSAT in 0.01s
    cube 2814.125.139 (depth 2, 31 lits): UNSAT in 0.01s
    cube 2814.125.140 (depth 2, 31 lits): UNSAT in 0.01s
    cube 2814.125.141 (depth 2, 30 lits): UNSAT in 0.01s
    cube 2814.125.142 (depth 2, 31 lits): UNSAT in 0.01s
    cube 2814.125.143 (depth 2, 31 lits): UNSAT in 0.02s
    cube 2814.125.144 (depth 2, 31 lits): UNSAT in 0.01s
    cube 2814.125.145 (depth 2, 32 lits): UNSAT in 0.01s
    cube 2814.125.146 (depth 2, 32 lits): UNSAT in 0.02s
    cube 2814.125.147 (depth 2, 32 lits): UNSAT in 0.01s
    cube 2814.125.148 (depth 2, 32 lits): UNSAT in 0.02s
    cube 2814.125.149 (depth 2, 32 lits): UNSAT in 0.02s
    cube 2814.125.150 (depth 2, 32 lits): UNSAT in 0.04s
    cube 2814.125.151 (depth 2, 30 lits): UNSAT in 0.01s
    cube 2814.125.152 (depth 2, 31 lits): UNSAT in 0.01s
    cube 2814.125.153 (depth 2, 32 lits): UNSAT in 0.01s
    cube 2814.125.154 (depth 2, 32 lits): UNSAT in 0.01s
    cube 2814.125.155 (depth 2, 30 lits): UNSAT in 0.02s
    cube 2814.125.156 (depth 2, 30 lits): UNSAT in 0.02s
    cube 2814.125.157 (depth 2, 31 lits): UNSAT in 0.02s
    cube 2814.125.158 (depth 2, 32 lits): UNSAT in 0.01s
    cube 2814.125.159 (depth 2, 32 lits): UNSAT in 0.02s
    cube 2814.125.160 (depth 2, 31 lits): UNSAT in 0.02s
    cube 2814.125.161 (depth 2, 32 lits): UNSAT in 0.02s
    cube 2814.125.162 (depth 2, 32 lits): UNSAT in 0.03s
    cube 2814.125.163 (depth 2, 32 lits): UNSAT in 0.01s
    cube 2814.125.164 (depth 2, 32 lits): UNSAT in 0.02s
    cube 2814.125.165 (depth 2, 32 lits): UNSAT in 0.02s
    cube 2814.125.166 (depth 2, 32 lits): UNSAT in 0.05s
    cube 2814.125.167 (depth 2, 32 lits): UNSAT in 0.01s
    cube 2814.125.168 (depth 2, 32 lits): UNSAT in 0.03s
    cube 2814.125.169 (depth 2, 32 lits): UNSAT in 0.04s
    cube 2814.125.170 (depth 2, 32 lits): UNSAT in 0.08s
    cube 2814.125.171 (depth 2, 30 lits): UNSAT in 0.01s
    cube 2814.125.172 (depth 2, 32 lits): UNSAT in 0.01s
    cube 2814.125.173 (depth 2, 32 lits): UNSAT in 0.01s
    cube 2814.125.174 (depth 2, 31 lits): UNSAT in 0.01s
    cube 2814.125.175 (depth 2, 31 lits): UNSAT in 0.01s
    cube 2814.125.176 (depth 2, 32 lits): UNSAT in 0.01s
    cube 2814.125.177 (depth 2, 32 lits): UNSAT in 0.02s
    cube 2814.125.178 (depth 2, 32 lits): UNSAT in 0.01s
    cube 2814.125.179 (depth 2, 32 lits): UNSAT in 0.02s
    cube 2814.125.180 (depth 2, 32 lits): UNSAT in 0.02s
    cube 2814.125.181 (depth 2, 32 lits): UNSAT in 0.03s
    cube 2814.125.182 (depth 2, 31 lits): UNSAT in 0.01s
    cube 2814.125.183 (depth 2, 32 lits): UNSAT in 0.01s
    cube 2814.125.184 (depth 2, 32 lits): UNSAT in 0.02s
    cube 2814.125.185 (depth 2, 31 lits): UNSAT in 0.02s
    cube 2814.125.186 (depth 2, 32 lits): UNSAT in 0.02s
    cube 2814.125.187 (depth 2, 32 lits): UNSAT in 0.02s
    cube 2814.125.188 (depth 2, 32 lits): UNSAT in 0.01s
    cube 2814.125.189 (depth 2, 32 lits): UNSAT in 0.02s
    cube 2814.125.190 (depth 2, 32 lits): UNSAT in 0.03s
    cube 2814.125.191 (depth 2, 32 lits): UNSAT in 0.07s
    cube 2814.125.192 (depth 2, 32 lits): UNSAT in 0.03s
    cube 2814.125.193 (depth 2, 32 lits): UNSAT in 0.07s
    cube 2814.125.194 (depth 2, 32 lits): UNSAT in 0.09s
    cube 2814.125.195 (depth 2, 32 lits): UNSAT in 0.04s
    cube 2814.125.196 (depth 2, 31 lits): UNSAT in 0.01s
    cube 2814.125.197 (depth 2, 31 lits): UNSAT in 0.01s
    cube 2814.125.198 (depth 2, 31 lits): UNSAT in 0.02s
    cube 2814.125.199 (depth 2, 32 lits): UNSAT in 0.02s
    cube 2814.125.200 (depth 2, 32 lits): UNSAT in 0.03s
    cube 2814.125.201 (depth 2, 31 lits): UNSAT in 0.01s
    cube 2814.125.202 (depth 2, 31 lits): UNSAT in 0.02s
    cube 2814.125.203 (depth 2, 32 lits): UNSAT in 0.02s
    cube 2814.125.204 (depth 2, 32 lits): UNSAT in 0.02s
    cube 2814.125.205 (depth 2, 32 lits): UNSAT in 0.03s
    cube 2814.125.206 (depth 2, 32 lits): UNSAT in 0.05s
    cube 2814.125.207 (depth 2, 32 lits): UNSAT in 0.01s
    cube 2814.125.208 (depth 2, 32 lits): UNSAT in 0.02s
    cube 2814.125.209 (depth 2, 32 lits): UNSAT in 0.01s
    cube 2814.125.210 (depth 2, 32 lits): UNSAT in 0.03s
    cube 2814.125.211 (depth 2, 31 lits): UNSAT in 0.01s
    cube 2814.125.212 (depth 2, 32 lits): UNSAT in 0.05s
    cube 2814.125.213 (depth 2, 32 lits): UNSAT in 0.11s
    cube 2814.125.214 (depth 2, 32 lits): UNSAT in 0.02s
    cube 2814.125.215 (depth 2, 32 lits): UNSAT in 0.04s
    cube 2814.125.216 (depth 2, 32 lits): UNSAT in 0.03s
    cube 2814.125.217 (depth 2, 32 lits): UNSAT in 0.10s
    cube 2814.125.218 (depth 2, 32 lits): UNSAT in 0.03s
    cube 2814.125.219 (depth 2, 32 lits): UNSAT in 0.26s
    cube 2814.125.220 (depth 2, 32 lits): UNSAT in 0.15s
    cube 2814.125.221 (depth 2, 32 lits): UNSAT in 0.26s
    cube 2814.125.222 (depth 2, 30 lits): UNSAT in 0.01s
    cube 2814.125.223 (depth 2, 31 lits): UNSAT in 0.02s
    cube 2814.125.224 (depth 2, 32 lits): UNSAT in 0.01s
    cube 2814.125.225 (depth 2, 32 lits): UNSAT in 0.02s
    cube 2814.125.226 (depth 2, 30 lits): UNSAT in 0.01s
    cube 2814.125.227 (depth 2, 32 lits): UNSAT in 0.02s
    cube 2814.125.228 (depth 2, 32 lits): UNSAT in 0.02s
    cube 2814.125.229 (depth 2, 32 lits): UNSAT in 0.02s
    cube 2814.125.230 (depth 2, 32 lits): UNSAT in 0.03s
    cube 2814.125.231 (depth 2, 31 lits): UNSAT in 0.01s
    cube 2814.125.232 (depth 2, 32 lits): UNSAT in 0.01s
    cube 2814.125.233 (depth 2, 32 lits): UNSAT in 0.03s
    cube 2814.125.234 (depth 2, 31 lits): UNSAT in 0.02s
    cube 2814.125.235 (depth 2, 32 lits): UNSAT in 0.02s
    cube 2814.125.236 (depth 2, 32 lits): UNSAT in 0.02s
    cube 2814.125.237 (depth 2, 32 lits): UNSAT in 0.01s
    cube 2814.125.238 (depth 2, 32 lits): UNSAT in 0.02s
    cube 2814.125.239 (depth 2, 32 lits): UNSAT in 0.02s
    cube 2814.125.240 (depth 2, 32 lits): UNSAT in 0.05s
    cube 2814.125.241 (depth 2, 32 lits): UNSAT in 0.03s
    cube 2814.125.242 (depth 2, 32 lits): UNSAT in 0.04s
    cube 2814.125.243 (depth 2, 32 lits): UNSAT in 0.02s
    cube 2814.125.244 (depth 2, 32 lits): UNSAT in 0.18s
    cube 2814.125.245 (depth 2, 31 lits): UNSAT in 0.02s
    cube 2814.125.246 (depth 2, 32 lits): UNSAT in 0.01s
    cube 2814.125.247 (depth 2, 32 lits): UNSAT in 0.02s
    cube 2814.125.248 (depth 2, 32 lits): UNSAT in 0.01s
    cube 2814.125.249 (depth 2, 32 lits): UNSAT in 0.02s
    cube 2814.125.250 (depth 2, 32 lits): UNSAT in 0.02s
    cube 2814.125.251 (depth 2, 32 lits): UNSAT in 0.04s
    cube 2814.125.252 (depth 2, 31 lits): UNSAT in 0.02s
    cube 2814.125.253 (depth 2, 32 lits): UNSAT in 0.02s
    cube 2814.125.254 (depth 2, 32 lits): UNSAT in 0.03s
    cube 2814.125.255 (depth 2, 32 lits): UNSAT in 0.02s
    cube 2814.125.256 (depth 2, 32 lits): UNSAT in 0.03s
    cube 2814.125.257 (depth 2, 32 lits): UNSAT in 0.06s
    cube 2814.125.258 (depth 2, 32 lits): UNSAT in 0.26s
    cube 2814.125.259 (depth 2, 31 lits): UNSAT in 0.02s
    cube 2814.125.260 (depth 2, 32 lits): UNSAT in 0.03s
    cube 2814.125.261 (depth 2, 32 lits): UNSAT in 0.05s
    cube 2814.125.262 (depth 2, 32 lits): UNSAT in 0.03s
    cube 2814.125.263 (depth 2, 32 lits): UNSAT in 0.07s
    cube 2814.125.264 (depth 2, 32 lits): UNSAT in 0.02s
    cube 2814.125.265 (depth 2, 32 lits): UNSAT in 0.18s
    cube 2814.125.266 (depth 2, 32 lits): UNSAT in 0.02s
    cube 2814.125.267 (depth 2, 32 lits): UNSAT in 0.02s
    cube 2814.125.268 (depth 2, 32 lits): UNSAT in 0.02s
    cube 2814.125.269 (depth 2, 32 lits): UNSAT in 0.31s
    cube 2814.125.270 (depth 2, 32 lits): UNSAT in 0.06s
    cube 2814.125.271 (depth 2, 32 lits): UNSAT in 0.25s
    cube 2814.125.272 (depth 2, 32 lits): UNSAT in 0.10s
    cube 2814.125.273 (depth 2, 32 lits): UNSAT in 1.00s
    cube 2814.125.274 (depth 2, 30 lits): UNSAT in 0.01s
    cube 2814.125.275 (depth 2, 31 lits): UNSAT in 0.02s
    cube 2814.125.276 (depth 2, 32 lits): UNSAT in 0.02s
    cube 2814.125.277 (depth 2, 32 lits): UNSAT in 0.03s
    cube 2814.125.278 (depth 2, 31 lits): UNSAT in 0.02s
    cube 2814.125.279 (depth 2, 32 lits): UNSAT in 0.02s
    cube 2814.125.280 (depth 2, 32 lits): UNSAT in 0.04s
    cube 2814.125.281 (depth 2, 32 lits): UNSAT in 0.02s
    cube 2814.125.282 (depth 2, 32 lits): UNSAT in 0.03s
    cube 2814.125.283 (depth 2, 32 lits): UNSAT in 0.03s
    cube 2814.125.284 (depth 2, 32 lits): UNSAT in 0.08s
    cube 2814.125.285 (depth 2, 31 lits): UNSAT in 0.01s
    cube 2814.125.286 (depth 2, 32 lits): UNSAT in 0.01s
    cube 2814.125.287 (depth 2, 32 lits): UNSAT in 0.02s
    cube 2814.125.288 (depth 2, 32 lits): UNSAT in 0.02s
    cube 2814.125.289 (depth 2, 32 lits): UNSAT in 0.03s
    cube 2814.125.290 (depth 2, 32 lits): UNSAT in 0.06s
    cube 2814.125.291 (depth 2, 32 lits): UNSAT in 0.08s
    cube 2814.125.292 (depth 2, 32 lits): UNSAT in 0.04s
    cube 2814.125.293 (depth 2, 32 lits): UNSAT in 0.05s
    cube 2814.125.294 (depth 2, 32 lits): UNSAT in 0.07s
    cube 2814.125.295 (depth 2, 32 lits): UNSAT in 0.13s
    cube 2814.125.296 (depth 2, 32 lits): UNSAT in 0.04s
    cube 2814.125.297 (depth 2, 32 lits): UNSAT in 0.12s
    cube 2814.125.298 (depth 2, 32 lits): UNSAT in 0.03s
    cube 2814.125.299 (depth 2, 32 lits): UNSAT in 0.54s
    cube 2814.125.300 (depth 2, 31 lits): UNSAT in 0.02s
    cube 2814.125.301 (depth 2, 32 lits): UNSAT in 0.02s
    cube 2814.125.302 (depth 2, 32 lits): UNSAT in 0.11s
    cube 2814.125.303 (depth 2, 32 lits): UNSAT in 0.03s
    cube 2814.125.304 (depth 2, 32 lits): UNSAT in 0.14s
    cube 2814.125.305 (depth 2, 32 lits): UNSAT in 0.13s
    cube 2814.125.306 (depth 2, 32 lits): UNSAT in 0.37s
    cube 2814.125.307 (depth 2, 32 lits): UNSAT in 0.03s
    cube 2814.125.308 (depth 2, 32 lits): UNSAT in 0.11s
    cube 2814.125.309 (depth 2, 32 lits): UNSAT in 0.09s
    cube 2814.125.310 (depth 2, 32 lits): UNSAT in 0.37s
    cube 2814.125.311 (depth 2, 32 lits): UNSAT in 0.03s
    cube 2814.125.312 (depth 2, 32 lits): UNSAT in 0.25s
    cube 2814.125.313 (depth 2, 32 lits): UNSAT in 0.33s
    cube 2814.125.314 (depth 2, 32 lits): UNSAT in 1.08s
    cube 2814.125.315 (depth 2, 32 lits): UNSAT in 0.02s
    cube 2814.125.316 (depth 2, 32 lits): UNSAT in 0.12s
    cube 2814.125.317 (depth 2, 32 lits): UNSAT in 0.16s
    cube 2814.125.318 (depth 2, 32 lits): UNSAT in 0.35s
    cube 2814.125.319 (depth 2, 32 lits): UNSAT in 0.04s
    cube 2814.125.320 (depth 2, 32 lits): UNSAT in 0.15s
    cube 2814.125.321 (depth 2, 32 lits): UNSAT in 0.18s
    cube 2814.125.322 (depth 2, 32 lits): UNSAT in 1.79s
    cube 2814.125.323 (depth 2, 32 lits): UNSAT in 0.14s
    cube 2814.125.324 (depth 2, 32 lits): UNSAT in 0.28s
    cube 2814.125.325 (depth 2, 32 lits): UNSAT in 0.16s
    cube 2814.125.326 (depth 2, 32 lits): UNSAT in 0.98s
    cube 2814.125.327 (depth 2, 32 lits): UNSAT in 0.50s
    cube 2814.125.328 (depth 2, 32 lits): UNSAT in 2.52s
    cube 2814.125.329 (depth 2, 32 lits): UNSAT in 1.43s
    cube 2814.125.330 (depth 2, 32 lits): UNSAT in 7.29s
    cube 2814.125.331 (depth 2, 30 lits): UNSAT in 0.01s
    cube 2814.125.332 (depth 2, 30 lits): UNSAT in 0.02s
    cube 2814.125.333 (depth 2, 32 lits): UNSAT in 0.01s
    cube 2814.125.334 (depth 2, 32 lits): UNSAT in 0.02s
    cube 2814.125.335 (depth 2, 32 lits): UNSAT in 0.02s
    cube 2814.125.336 (depth 2, 32 lits): UNSAT in 0.02s
    cube 2814.125.337 (depth 2, 31 lits): UNSAT in 0.01s
    cube 2814.125.338 (depth 2, 32 lits): UNSAT in 0.02s
    cube 2814.125.339 (depth 2, 32 lits): UNSAT in 0.02s
    cube 2814.125.340 (depth 2, 31 lits): UNSAT in 0.01s
    cube 2814.125.341 (depth 2, 31 lits): UNSAT in 0.02s
    cube 2814.125.342 (depth 2, 32 lits): UNSAT in 0.01s
    cube 2814.125.343 (depth 2, 32 lits): UNSAT in 0.01s
    cube 2814.125.344 (depth 2, 31 lits): UNSAT in 0.02s
    cube 2814.125.345 (depth 2, 32 lits): UNSAT in 0.02s
    cube 2814.125.346 (depth 2, 32 lits): UNSAT in 0.02s
    cube 2814.125.347 (depth 2, 32 lits): UNSAT in 0.01s
    cube 2814.125.348 (depth 2, 32 lits): UNSAT in 0.02s
    cube 2814.125.349 (depth 2, 32 lits): UNSAT in 0.02s
    cube 2814.125.350 (depth 2, 32 lits): UNSAT in 0.03s
    cube 2814.125.351 (depth 2, 32 lits): UNSAT in 0.02s
    cube 2814.125.352 (depth 2, 32 lits): UNSAT in 0.03s
    cube 2814.125.353 (depth 2, 32 lits): UNSAT in 0.01s
    cube 2814.125.354 (depth 2, 32 lits): UNSAT in 0.01s
    cube 2814.125.355 (depth 2, 32 lits): UNSAT in 0.01s
    cube 2814.125.356 (depth 2, 32 lits): UNSAT in 0.02s
    cube 2814.125.357 (depth 2, 32 lits): UNSAT in 0.01s
    cube 2814.125.358 (depth 2, 32 lits): UNSAT in 0.02s
    cube 2814.125.359 (depth 2, 32 lits): UNSAT in 0.02s
    cube 2814.125.360 (depth 2, 32 lits): UNSAT in 0.04s
    cube 2814.125.361 (depth 2, 31 lits): UNSAT in 0.02s
    cube 2814.125.362 (depth 2, 32 lits): UNSAT in 0.01s
    cube 2814.125.363 (depth 2, 32 lits): UNSAT in 0.06s
    cube 2814.125.364 (depth 2, 32 lits): UNSAT in 0.01s
    cube 2814.125.365 (depth 2, 32 lits): UNSAT in 0.02s
    cube 2814.125.366 (depth 2, 32 lits): UNSAT in 0.02s
    cube 2814.125.367 (depth 2, 32 lits): UNSAT in 0.07s
    cube 2814.125.368 (depth 2, 32 lits): UNSAT in 0.01s
    cube 2814.125.369 (depth 2, 32 lits): UNSAT in 0.02s
    cube 2814.125.370 (depth 2, 32 lits): UNSAT in 0.01s
    cube 2814.125.371 (depth 2, 32 lits): UNSAT in 0.02s
    cube 2814.125.372 (depth 2, 32 lits): UNSAT in 0.03s
    cube 2814.125.373 (depth 2, 32 lits): UNSAT in 0.07s
    cube 2814.125.374 (depth 2, 32 lits): UNSAT in 0.06s
    cube 2814.125.375 (depth 2, 32 lits): UNSAT in 0.21s
    cube 2814.125.376 (depth 2, 32 lits): UNSAT in 0.02s
    cube 2814.125.377 (depth 2, 32 lits): UNSAT in 0.03s
    cube 2814.125.378 (depth 2, 32 lits): UNSAT in 0.02s
    cube 2814.125.379 (depth 2, 32 lits): UNSAT in 0.07s
    cube 2814.125.380 (depth 2, 32 lits): UNSAT in 0.02s
    cube 2814.125.381 (depth 2, 32 lits): UNSAT in 0.05s
    cube 2814.125.382 (depth 2, 32 lits): UNSAT in 0.05s
    cube 2814.125.383 (depth 2, 32 lits): UNSAT in 0.20s
    cube 2814.125.384 (depth 2, 30 lits): UNSAT in 0.02s
    cube 2814.125.385 (depth 2, 31 lits): UNSAT in 0.02s
    cube 2814.125.386 (depth 2, 32 lits): UNSAT in 0.01s
    cube 2814.125.387 (depth 2, 32 lits): UNSAT in 0.02s
    cube 2814.125.388 (depth 2, 31 lits): UNSAT in 0.01s
    cube 2814.125.389 (depth 2, 32 lits): UNSAT in 0.01s
    cube 2814.125.390 (depth 2, 32 lits): UNSAT in 0.02s
    cube 2814.125.391 (depth 2, 31 lits): UNSAT in 0.02s
    cube 2814.125.392 (depth 2, 32 lits): UNSAT in 0.02s
    cube 2814.125.393 (depth 2, 32 lits): UNSAT in 0.03s
    cube 2814.125.394 (depth 2, 32 lits): UNSAT in 0.01s
    cube 2814.125.395 (depth 2, 32 lits): UNSAT in 0.02s
    cube 2814.125.396 (depth 2, 32 lits): UNSAT in 0.02s
    cube 2814.125.397 (depth 2, 32 lits): UNSAT in 0.06s
    cube 2814.125.398 (depth 2, 32 lits): UNSAT in 0.01s
    cube 2814.125.399 (depth 2, 32 lits): UNSAT in 0.02s
    cube 2814.125.400 (depth 2, 32 lits): UNSAT in 0.03s
    cube 2814.125.401 (depth 2, 32 lits): UNSAT in 0.03s
    cube 2814.125.402 (depth 2, 32 lits): UNSAT in 0.02s
    cube 2814.125.403 (depth 2, 32 lits): UNSAT in 0.03s
    cube 2814.125.404 (depth 2, 32 lits): UNSAT in 0.02s
    cube 2814.125.405 (depth 2, 32 lits): UNSAT in 0.05s
    cube 2814.125.406 (depth 2, 32 lits): UNSAT in 0.02s
    cube 2814.125.407 (depth 2, 32 lits): UNSAT in 0.05s
    cube 2814.125.408 (depth 2, 32 lits): UNSAT in 0.09s
    cube 2814.125.409 (depth 2, 32 lits): UNSAT in 0.21s
    cube 2814.125.410 (depth 2, 31 lits): UNSAT in 0.01s
    cube 2814.125.411 (depth 2, 32 lits): UNSAT in 0.02s
    cube 2814.125.412 (depth 2, 32 lits): UNSAT in 0.03s
    cube 2814.125.413 (depth 2, 32 lits): UNSAT in 0.02s
    cube 2814.125.414 (depth 2, 32 lits): UNSAT in 0.04s
    cube 2814.125.415 (depth 2, 32 lits): UNSAT in 0.04s
    cube 2814.125.416 (depth 2, 32 lits): UNSAT in 0.05s
    cube 2814.125.417 (depth 2, 32 lits): UNSAT in 0.02s
    cube 2814.125.418 (depth 2, 32 lits): UNSAT in 0.04s
    cube 2814.125.419 (depth 2, 32 lits): UNSAT in 0.04s
    cube 2814.125.420 (depth 2, 32 lits): UNSAT in 0.11s
    cube 2814.125.421 (depth 2, 32 lits): UNSAT in 0.02s
    cube 2814.125.422 (depth 2, 32 lits): UNSAT in 0.06s
    cube 2814.125.423 (depth 2, 32 lits): UNSAT in 0.05s
    cube 2814.125.424 (depth 2, 32 lits): UNSAT in 0.47s
    cube 2814.125.425 (depth 2, 32 lits): UNSAT in 0.02s
    cube 2814.125.426 (depth 2, 32 lits): UNSAT in 0.04s
    cube 2814.125.427 (depth 2, 32 lits): UNSAT in 0.03s
    cube 2814.125.428 (depth 2, 32 lits): UNSAT in 0.07s
    cube 2814.125.429 (depth 2, 32 lits): UNSAT in 0.04s
    cube 2814.125.430 (depth 2, 32 lits): UNSAT in 0.12s
    cube 2814.125.431 (depth 2, 32 lits): UNSAT in 0.08s
    cube 2814.125.432 (depth 2, 32 lits): UNSAT in 1.41s
    cube 2814.125.433 (depth 2, 32 lits): UNSAT in 0.02s
    cube 2814.125.434 (depth 2, 32 lits): UNSAT in 0.04s
    cube 2814.125.435 (depth 2, 32 lits): UNSAT in 0.06s
    cube 2814.125.436 (depth 2, 32 lits): UNSAT in 0.11s
    cube 2814.125.437 (depth 2, 32 lits): UNSAT in 0.15s
    cube 2814.125.438 (depth 2, 32 lits): UNSAT in 0.59s
    cube 2814.125.439 (depth 2, 32 lits): UNSAT in 1.37s
    cube 2814.125.440 (depth 2, 32 lits): UNSAT in 4.49s
    cube 2814.125.441 (depth 2, 31 lits): UNSAT in 0.01s
    cube 2814.125.442 (depth 2, 31 lits): UNSAT in 0.02s
    cube 2814.125.443 (depth 2, 31 lits): UNSAT in 0.02s
    cube 2814.125.444 (depth 2, 32 lits): UNSAT in 0.02s
    cube 2814.125.445 (depth 2, 32 lits): UNSAT in 0.05s
    cube 2814.125.446 (depth 2, 31 lits): UNSAT in 0.01s
    cube 2814.125.447 (depth 2, 31 lits): UNSAT in 0.02s
    cube 2814.125.448 (depth 2, 32 lits): UNSAT in 0.02s
    cube 2814.125.449 (depth 2, 32 lits): UNSAT in 0.03s
    cube 2814.125.450 (depth 2, 32 lits): UNSAT in 0.06s
    cube 2814.125.451 (depth 2, 32 lits): UNSAT in 0.11s
    cube 2814.125.452 (depth 2, 31 lits): UNSAT in 0.02s
    cube 2814.125.453 (depth 2, 32 lits): UNSAT in 0.01s
    cube 2814.125.454 (depth 2, 32 lits): UNSAT in 0.02s
    cube 2814.125.455 (depth 2, 32 lits): UNSAT in 0.01s
    cube 2814.125.456 (depth 2, 32 lits): UNSAT in 0.01s
    cube 2814.125.457 (depth 2, 32 lits): UNSAT in 0.02s
    cube 2814.125.458 (depth 2, 32 lits): UNSAT in 0.07s
    cube 2814.125.459 (depth 2, 32 lits): UNSAT in 0.01s
    cube 2814.125.460 (depth 2, 32 lits): UNSAT in 0.03s
    cube 2814.125.461 (depth 2, 32 lits): UNSAT in 0.05s
    cube 2814.125.462 (depth 2, 32 lits): UNSAT in 0.10s
    cube 2814.125.463 (depth 2, 32 lits): UNSAT in 0.04s
    cube 2814.125.464 (depth 2, 32 lits): UNSAT in 0.08s
    cube 2814.125.465 (depth 2, 32 lits): UNSAT in 0.06s
    cube 2814.125.466 (depth 2, 32 lits): UNSAT in 0.18s
    cube 2814.125.467 (depth 2, 32 lits): UNSAT in 0.01s
    cube 2814.125.468 (depth 2, 32 lits): UNSAT in 0.01s
    cube 2814.125.469 (depth 2, 32 lits): UNSAT in 0.01s
    cube 2814.125.470 (depth 2, 32 lits): UNSAT in 0.02s
    cube 2814.125.471 (depth 2, 32 lits): UNSAT in 0.02s
    cube 2814.125.472 (depth 2, 32 lits): UNSAT in 0.03s
    cube 2814.125.473 (depth 2, 32 lits): UNSAT in 0.02s
    cube 2814.125.474 (depth 2, 32 lits): UNSAT in 0.04s
    cube 2814.125.475 (depth 2, 32 lits): UNSAT in 0.02s
    cube 2814.125.476 (depth 2, 32 lits): UNSAT in 0.03s
    cube 2814.125.477 (depth 2, 32 lits): UNSAT in 0.02s
    cube 2814.125.478 (depth 2, 32 lits): UNSAT in 0.07s
    cube 2814.125.479 (depth 2, 32 lits): UNSAT in 0.02s
    cube 2814.125.480 (depth 2, 32 lits): UNSAT in 0.04s
    cube 2814.125.481 (depth 2, 32 lits): UNSAT in 0.10s
    cube 2814.125.482 (depth 2, 32 lits): UNSAT in 0.03s
    cube 2814.125.483 (depth 2, 32 lits): UNSAT in 0.02s
    cube 2814.125.484 (depth 2, 32 lits): UNSAT in 0.03s
    cube 2814.125.485 (depth 2, 32 lits): UNSAT in 0.02s
    cube 2814.125.486 (depth 2, 32 lits): UNSAT in 0.04s
    cube 2814.125.487 (depth 2, 32 lits): UNSAT in 0.02s
    cube 2814.125.488 (depth 2, 32 lits): UNSAT in 0.04s
    cube 2814.125.489 (depth 2, 32 lits): UNSAT in 0.07s
    cube 2814.125.490 (depth 2, 32 lits): UNSAT in 0.22s
    cube 2814.125.491 (depth 2, 32 lits): UNSAT in 0.05s
    cube 2814.125.492 (depth 2, 32 lits): UNSAT in 0.07s
    cube 2814.125.493 (depth 2, 32 lits): UNSAT in 0.07s
    cube 2814.125.494 (depth 2, 32 lits): UNSAT in 0.12s
    cube 2814.125.495 (depth 2, 32 lits): UNSAT in 0.12s
    cube 2814.125.496 (depth 2, 32 lits): UNSAT in 0.19s
    cube 2814.125.497 (depth 2, 32 lits): UNSAT in 0.35s
    cube 2814.125.498 (depth 2, 32 lits): UNSAT in 0.83s
    cube 2814.125.499 (depth 2, 31 lits): UNSAT in 0.02s
    cube 2814.125.500 (depth 2, 32 lits): UNSAT in 0.01s
    cube 2814.125.501 (depth 2, 32 lits): UNSAT in 0.02s
    cube 2814.125.502 (depth 2, 32 lits): UNSAT in 0.02s
    cube 2814.125.503 (depth 2, 32 lits): UNSAT in 0.03s
    cube 2814.125.504 (depth 2, 32 lits): UNSAT in 0.04s
    cube 2814.125.505 (depth 2, 32 lits): UNSAT in 0.05s
    cube 2814.125.506 (depth 2, 32 lits): UNSAT in 0.01s
    cube 2814.125.507 (depth 2, 32 lits): UNSAT in 0.02s
    cube 2814.125.508 (depth 2, 32 lits): UNSAT in 0.02s
    cube 2814.125.509 (depth 2, 32 lits): UNSAT in 0.04s
    cube 2814.125.510 (depth 2, 32 lits): UNSAT in 0.03s
    cube 2814.125.511 (depth 2, 32 lits): UNSAT in 0.09s
    cube 2814.125.512 (depth 2, 32 lits): UNSAT in 0.08s
    cube 2814.125.513 (depth 2, 32 lits): UNSAT in 0.44s
    cube 2814.125.514 (depth 2, 32 lits): UNSAT in 0.01s
    cube 2814.125.515 (depth 2, 32 lits): UNSAT in 0.03s
    cube 2814.125.516 (depth 2, 32 lits): UNSAT in 0.02s
    cube 2814.125.517 (depth 2, 32 lits): UNSAT in 0.07s
    cube 2814.125.518 (depth 2, 32 lits): UNSAT in 0.02s
    cube 2814.125.519 (depth 2, 32 lits): UNSAT in 0.05s
    cube 2814.125.520 (depth 2, 32 lits): UNSAT in 0.05s
    cube 2814.125.521 (depth 2, 32 lits): UNSAT in 0.36s
    cube 2814.125.522 (depth 2, 32 lits): UNSAT in 0.03s
    cube 2814.125.523 (depth 2, 32 lits): UNSAT in 0.09s
    cube 2814.125.524 (depth 2, 32 lits): UNSAT in 0.14s
    cube 2814.125.525 (depth 2, 32 lits): UNSAT in 0.30s
    cube 2814.125.526 (depth 2, 32 lits): UNSAT in 0.11s
    cube 2814.125.527 (depth 2, 32 lits): UNSAT in 0.12s
    cube 2814.125.528 (depth 2, 32 lits): UNSAT in 0.21s
    cube 2814.125.529 (depth 2, 32 lits): UNSAT in 1.42s
    cube 2814.125.530 (depth 2, 32 lits): UNSAT in 0.02s
    cube 2814.125.531 (depth 2, 32 lits): UNSAT in 0.05s
    cube 2814.125.532 (depth 2, 32 lits): UNSAT in 0.04s
    cube 2814.125.533 (depth 2, 32 lits): UNSAT in 0.09s
    cube 2814.125.534 (depth 2, 32 lits): UNSAT in 0.04s
    cube 2814.125.535 (depth 2, 32 lits): UNSAT in 0.12s
    cube 2814.125.536 (depth 2, 32 lits): UNSAT in 0.11s
    cube 2814.125.537 (depth 2, 32 lits): UNSAT in 0.42s
    cube 2814.125.538 (depth 2, 32 lits): UNSAT in 0.03s
    cube 2814.125.539 (depth 2, 32 lits): UNSAT in 0.20s
    cube 2814.125.540 (depth 2, 32 lits): UNSAT in 0.13s
    cube 2814.125.541 (depth 2, 32 lits): UNSAT in 0.90s
    cube 2814.125.542 (depth 2, 32 lits): UNSAT in 0.11s
    cube 2814.125.543 (depth 2, 32 lits): UNSAT in 0.78s
    cube 2814.125.544 (depth 2, 32 lits): UNSAT in 0.57s
    cube 2814.125.545 (depth 2, 32 lits): UNSAT in 2.03s
    cube 2814.125.546 (depth 2, 32 lits): UNSAT in 0.08s
    cube 2814.125.547 (depth 2, 32 lits): UNSAT in 0.39s
    cube 2814.125.548 (depth 2, 32 lits): UNSAT in 0.17s
    cube 2814.125.549 (depth 2, 32 lits): UNSAT in 1.12s
    cube 2814.125.550 (depth 2, 32 lits): UNSAT in 0.47s
    cube 2814.125.551 (depth 2, 32 lits): UNSAT in 1.50s
    cube 2814.125.552 (depth 2, 32 lits): UNSAT in 1.35s
    cube 2814.125.553 (depth 2, 32 lits): UNSAT in 6.44s
    cube 2814.125.554 (depth 2, 32 lits): UNSAT in 0.07s
    cube 2814.125.555 (depth 2, 32 lits): UNSAT in 0.22s
    cube 2814.125.556 (depth 2, 32 lits): UNSAT in 0.29s
    cube 2814.125.557 (depth 2, 32 lits): UNSAT in 2.64s
    cube 2814.125.558 (depth 2, 32 lits): UNSAT in 1.10s
    cube 2814.125.559 (depth 2, 32 lits): UNSAT in 2.79s
    cube 2814.125.560 (depth 2, 32 lits): UNSAT in 2.53s
    cube 2814.125.561 (depth 2, 32 lits): UNSAT in 14.72s
    cube 2814.125.562 (depth 2, 30 lits): UNSAT in 0.02s
    cube 2814.125.563 (depth 2, 30 lits): UNSAT in 0.01s
    cube 2814.125.564 (depth 2, 30 lits): UNSAT in 0.02s
    cube 2814.125.565 (depth 2, 32 lits): UNSAT in 0.02s
    cube 2814.125.566 (depth 2, 32 lits): UNSAT in 0.02s
    cube 2814.125.567 (depth 2, 32 lits): UNSAT in 0.01s
    cube 2814.125.568 (depth 2, 32 lits): UNSAT in 0.03s
    cube 2814.125.569 (depth 2, 32 lits): UNSAT in 0.01s
    cube 2814.125.570 (depth 2, 32 lits): UNSAT in 0.02s
    cube 2814.125.571 (depth 2, 32 lits): UNSAT in 0.01s
    cube 2814.125.572 (depth 2, 32 lits): UNSAT in 0.02s
    cube 2814.125.573 (depth 2, 32 lits): UNSAT in 0.01s
    cube 2814.125.574 (depth 2, 32 lits): UNSAT in 0.02s
    cube 2814.125.575 (depth 2, 32 lits): UNSAT in 0.02s
    cube 2814.125.576 (depth 2, 32 lits): UNSAT in 0.05s
    cube 2814.125.577 (depth 2, 31 lits): UNSAT in 0.01s
    cube 2814.125.578 (depth 2, 32 lits): UNSAT in 0.01s
    cube 2814.125.579 (depth 2, 32 lits): UNSAT in 0.02s
    cube 2814.125.580 (depth 2, 32 lits): UNSAT in 0.02s
    cube 2814.125.581 (depth 2, 32 lits): UNSAT in 0.02s
    cube 2814.125.582 (depth 2, 32 lits): UNSAT in 0.04s
    cube 2814.125.583 (depth 2, 32 lits): UNSAT in 0.10s
    cube 2814.125.584 (depth 2, 32 lits): UNSAT in 0.01s
    cube 2814.125.585 (depth 2, 32 lits): UNSAT in 0.01s
    cube 2814.125.586 (depth 2, 32 lits): UNSAT in 0.01s
    cube 2814.125.587 (depth 2, 32 lits): UNSAT in 0.02s
    cube 2814.125.588 (depth 2, 32 lits): UNSAT in 0.01s
    cube 2814.125.589 (depth 2, 32 lits): UNSAT in 0.02s
    cube 2814.125.590 (depth 2, 32 lits): UNSAT in 0.02s
    cube 2814.125.591 (depth 2, 32 lits): UNSAT in 0.03s
    cube 2814.125.592 (depth 2, 32 lits): UNSAT in 0.01s
    cube 2814.125.593 (depth 2, 32 lits): UNSAT in 0.02s
    cube 2814.125.594 (depth 2, 32 lits): UNSAT in 0.02s
    cube 2814.125.595 (depth 2, 32 lits): UNSAT in 0.09s
    cube 2814.125.596 (depth 2, 32 lits): UNSAT in 0.03s
    cube 2814.125.597 (depth 2, 32 lits): UNSAT in 0.09s
    cube 2814.125.598 (depth 2, 32 lits): UNSAT in 0.21s
    cube 2814.125.599 (depth 2, 32 lits): UNSAT in 0.96s
    cube 2814.125.600 (depth 2, 31 lits): UNSAT in 0.01s
    cube 2814.125.601 (depth 2, 32 lits): UNSAT in 0.02s
    cube 2814.125.602 (depth 2, 32 lits): UNSAT in 0.09s
    cube 2814.125.603 (depth 2, 32 lits): UNSAT in 0.03s
    cube 2814.125.604 (depth 2, 32 lits): UNSAT in 0.08s
    cube 2814.125.605 (depth 2, 32 lits): UNSAT in 0.06s
    cube 2814.125.606 (depth 2, 32 lits): UNSAT in 0.16s
    cube 2814.125.607 (depth 2, 32 lits): UNSAT in 0.02s
    cube 2814.125.608 (depth 2, 32 lits): UNSAT in 0.09s
    cube 2814.125.609 (depth 2, 32 lits): UNSAT in 0.12s
    cube 2814.125.610 (depth 2, 32 lits): UNSAT in 0.51s
    cube 2814.125.611 (depth 2, 32 lits): UNSAT in 0.06s
    cube 2814.125.612 (depth 2, 32 lits): UNSAT in 0.27s
    cube 2814.125.613 (depth 2, 32 lits): UNSAT in 0.35s
    cube 2814.125.614 (depth 2, 32 lits): UNSAT in 0.45s
    cube 2814.125.615 (depth 2, 30 lits): UNSAT in 0.02s
    cube 2814.125.616 (depth 2, 31 lits): UNSAT in 0.02s
    cube 2814.125.617 (depth 2, 32 lits): UNSAT in 0.03s
    cube 2814.125.618 (depth 2, 32 lits): UNSAT in 0.03s
    cube 2814.125.619 (depth 2, 32 lits): UNSAT in 0.01s
    cube 2814.125.620 (depth 2, 32 lits): UNSAT in 0.03s
    cube 2814.125.621 (depth 2, 32 lits): UNSAT in 0.02s
    cube 2814.125.622 (depth 2, 32 lits): UNSAT in 0.07s
    cube 2814.125.623 (depth 2, 32 lits): UNSAT in 0.02s
    cube 2814.125.624 (depth 2, 32 lits): UNSAT in 0.03s
    cube 2814.125.625 (depth 2, 32 lits): UNSAT in 0.05s
    cube 2814.125.626 (depth 2, 32 lits): UNSAT in 0.09s
    cube 2814.125.627 (depth 2, 32 lits): UNSAT in 0.01s
    cube 2814.125.628 (depth 2, 32 lits): UNSAT in 0.03s
    cube 2814.125.629 (depth 2, 32 lits): UNSAT in 0.02s
    cube 2814.125.630 (depth 2, 32 lits): UNSAT in 0.03s
    cube 2814.125.631 (depth 2, 32 lits): UNSAT in 0.02s
    cube 2814.125.632 (depth 2, 32 lits): UNSAT in 0.03s
    cube 2814.125.633 (depth 2, 32 lits): UNSAT in 0.07s
    cube 2814.125.634 (depth 2, 32 lits): UNSAT in 0.17s
    cube 2814.125.635 (depth 2, 32 lits): UNSAT in 0.02s
    cube 2814.125.636 (depth 2, 32 lits): UNSAT in 0.07s
    cube 2814.125.637 (depth 2, 32 lits): UNSAT in 0.06s
    cube 2814.125.638 (depth 2, 32 lits): UNSAT in 0.22s
    cube 2814.125.639 (depth 2, 32 lits): UNSAT in 0.09s
    cube 2814.125.640 (depth 2, 32 lits): UNSAT in 0.15s
    cube 2814.125.641 (depth 2, 32 lits): UNSAT in 0.26s
    cube 2814.125.642 (depth 2, 32 lits): UNSAT in 0.50s
    cube 2814.125.643 (depth 2, 32 lits): UNSAT in 0.02s
    cube 2814.125.644 (depth 2, 32 lits): UNSAT in 0.02s
    cube 2814.125.645 (depth 2, 32 lits): UNSAT in 0.02s
    cube 2814.125.646 (depth 2, 32 lits): UNSAT in 0.04s
    cube 2814.125.647 (depth 2, 32 lits): UNSAT in 0.04s
    cube 2814.125.648 (depth 2, 32 lits): UNSAT in 0.06s
    cube 2814.125.649 (depth 2, 32 lits): UNSAT in 0.06s
    cube 2814.125.650 (depth 2, 32 lits): UNSAT in 0.16s
    cube 2814.125.651 (depth 2, 32 lits): UNSAT in 0.04s
    cube 2814.125.652 (depth 2, 32 lits): UNSAT in 0.09s
    cube 2814.125.653 (depth 2, 32 lits): UNSAT in 0.04s
    cube 2814.125.654 (depth 2, 32 lits): UNSAT in 0.23s
    cube 2814.125.655 (depth 2, 32 lits): UNSAT in 0.06s
    cube 2814.125.656 (depth 2, 32 lits): UNSAT in 0.17s
    cube 2814.125.657 (depth 2, 32 lits): UNSAT in 0.05s
    cube 2814.125.658 (depth 2, 32 lits): UNSAT in 0.52s
    cube 2814.125.659 (depth 2, 32 lits): UNSAT in 0.02s
    cube 2814.125.660 (depth 2, 32 lits): UNSAT in 0.05s
    cube 2814.125.661 (depth 2, 32 lits): UNSAT in 0.04s
    cube 2814.125.662 (depth 2, 32 lits): UNSAT in 0.20s
    cube 2814.125.663 (depth 2, 32 lits): UNSAT in 0.06s
    cube 2814.125.664 (depth 2, 32 lits): UNSAT in 0.16s
    cube 2814.125.665 (depth 2, 32 lits): UNSAT in 0.34s
    cube 2814.125.666 (depth 2, 32 lits): UNSAT in 1.62s
    cube 2814.125.667 (depth 2, 32 lits): UNSAT in 0.05s
    cube 2814.125.668 (depth 2, 32 lits): UNSAT in 0.18s
    cube 2814.125.669 (depth 2, 32 lits): UNSAT in 0.40s
    cube 2814.125.670 (depth 2, 32 lits): UNSAT in 1.78s
    cube 2814.125.671 (depth 2, 32 lits): UNSAT in 0.25s
    cube 2814.125.672 (depth 2, 32 lits): UNSAT in 1.66s
    cube 2814.125.673 (depth 2, 32 lits): UNSAT in 3.88s
    cube 2814.125.674 (depth 2, 32 lits): UNSAT in 9.25s
    cube 2814.125.675 (depth 2, 32 lits): UNSAT in 0.02s
    cube 2814.125.676 (depth 2, 32 lits): UNSAT in 0.02s
    cube 2814.125.677 (depth 2, 32 lits): UNSAT in 0.02s
    cube 2814.125.678 (depth 2, 32 lits): UNSAT in 0.03s
    cube 2814.125.679 (depth 2, 32 lits): UNSAT in 0.02s
    cube 2814.125.680 (depth 2, 32 lits): UNSAT in 0.04s
    cube 2814.125.681 (depth 2, 32 lits): UNSAT in 0.07s
    cube 2814.125.682 (depth 2, 32 lits): UNSAT in 0.11s
    cube 2814.125.683 (depth 2, 32 lits): UNSAT in 0.02s
    cube 2814.125.684 (depth 2, 32 lits): UNSAT in 0.06s
    cube 2814.125.685 (depth 2, 32 lits): UNSAT in 0.05s
    cube 2814.125.686 (depth 2, 32 lits): UNSAT in 0.17s
    cube 2814.125.687 (depth 2, 32 lits): UNSAT in 0.02s
    cube 2814.125.688 (depth 2, 32 lits): UNSAT in 0.06s
    cube 2814.125.689 (depth 2, 32 lits): UNSAT in 0.27s
    cube 2814.125.690 (depth 2, 32 lits): UNSAT in 1.64s
    cube 2814.125.691 (depth 2, 32 lits): UNSAT in 0.02s
    cube 2814.125.692 (depth 2, 32 lits): UNSAT in 0.03s
    cube 2814.125.693 (depth 2, 32 lits): UNSAT in 0.02s
    cube 2814.125.694 (depth 2, 32 lits): UNSAT in 0.05s
    cube 2814.125.695 (depth 2, 32 lits): UNSAT in 0.01s
    cube 2814.125.696 (depth 2, 32 lits): UNSAT in 0.03s
    cube 2814.125.697 (depth 2, 32 lits): UNSAT in 0.14s
    cube 2814.125.698 (depth 2, 32 lits): UNSAT in 0.15s
    cube 2814.125.699 (depth 2, 32 lits): UNSAT in 0.02s
    cube 2814.125.700 (depth 2, 32 lits): UNSAT in 0.06s
    cube 2814.125.701 (depth 2, 32 lits): UNSAT in 0.05s
    cube 2814.125.702 (depth 2, 32 lits): UNSAT in 0.09s
    cube 2814.125.703 (depth 2, 32 lits): UNSAT in 0.08s
    cube 2814.125.704 (depth 2, 32 lits): UNSAT in 0.55s
    cube 2814.125.705 (depth 2, 32 lits): UNSAT in 0.50s
    cube 2814.125.706 (depth 2, 32 lits): UNSAT in 5.03s
    cube 2814.125.707 (depth 2, 32 lits): UNSAT in 0.02s
    cube 2814.125.708 (depth 2, 32 lits): UNSAT in 0.05s
    cube 2814.125.709 (depth 2, 32 lits): UNSAT in 0.02s
    cube 2814.125.710 (depth 2, 32 lits): UNSAT in 0.10s
    cube 2814.125.711 (depth 2, 32 lits): UNSAT in 0.01s
    cube 2814.125.712 (depth 2, 32 lits): UNSAT in 0.07s
    cube 2814.125.713 (depth 2, 32 lits): UNSAT in 0.05s
    cube 2814.125.714 (depth 2, 32 lits): UNSAT in 0.57s
    cube 2814.125.715 (depth 2, 32 lits): UNSAT in 0.05s
    cube 2814.125.716 (depth 2, 32 lits): UNSAT in 0.07s
    cube 2814.125.717 (depth 2, 32 lits): UNSAT in 0.15s
    cube 2814.125.718 (depth 2, 32 lits): UNSAT in 0.23s
    cube 2814.125.719 (depth 2, 32 lits): UNSAT in 0.04s
    cube 2814.125.720 (depth 2, 32 lits): UNSAT in 0.22s
    cube 2814.125.721 (depth 2, 32 lits): UNSAT in 0.26s
    cube 2814.125.722 (depth 2, 32 lits): UNSAT in 6.17s
    cube 2814.125.723 (depth 2, 32 lits): UNSAT in 0.02s
    cube 2814.125.724 (depth 2, 32 lits): UNSAT in 0.04s
    cube 2814.125.725 (depth 2, 32 lits): UNSAT in 0.04s
    cube 2814.125.726 (depth 2, 32 lits): UNSAT in 0.43s
    cube 2814.125.727 (depth 2, 32 lits): UNSAT in 0.04s
    cube 2814.125.728 (depth 2, 32 lits): UNSAT in 0.71s
    cube 2814.125.729 (depth 2, 32 lits): UNSAT in 0.26s
    cube 2814.125.730 (depth 2, 32 lits): UNSAT in 1.32s
    cube 2814.125.731 (depth 2, 32 lits): UNSAT in 0.11s
    cube 2814.125.732 (depth 2, 32 lits): UNSAT in 0.83s
    cube 2814.125.733 (depth 2, 32 lits): UNSAT in 1.16s
    cube 2814.125.734 (depth 2, 32 lits): UNSAT in 1.61s
    cube 2814.125.735 (depth 2, 32 lits): UNSAT in 0.41s
    cube 2814.125.736 (depth 2, 32 lits): UNSAT in 1.34s
    cube 2814.125.737 (depth 2, 32 lits): UNSAT in 2.34s
    cube 2814.125.738 (depth 2, 32 lits): UNSAT in 29.35s
    cube 2814.125.739 (depth 2, 32 lits): UNSAT in 0.02s
    cube 2814.125.740 (depth 2, 32 lits): UNSAT in 0.03s
    cube 2814.125.741 (depth 2, 32 lits): UNSAT in 0.04s
    cube 2814.125.742 (depth 2, 32 lits): UNSAT in 0.45s
    cube 2814.125.743 (depth 2, 32 lits): UNSAT in 0.03s
    cube 2814.125.744 (depth 2, 32 lits): UNSAT in 0.27s
    cube 2814.125.745 (depth 2, 32 lits): UNSAT in 0.39s
    cube 2814.125.746 (depth 2, 32 lits): UNSAT in 1.19s
    cube 2814.125.747 (depth 2, 32 lits): UNSAT in 0.08s
    cube 2814.125.748 (depth 2, 32 lits): UNSAT in 0.23s
    cube 2814.125.749 (depth 2, 32 lits): UNSAT in 0.06s
    cube 2814.125.750 (depth 2, 32 lits): UNSAT in 0.61s
    cube 2814.125.751 (depth 2, 32 lits): UNSAT in 0.12s
    cube 2814.125.752 (depth 2, 32 lits): UNSAT in 0.92s
    cube 2814.125.753 (depth 2, 32 lits): UNSAT in 0.90s
    cube 2814.125.754 (depth 2, 32 lits): UNSAT in 6.48s
    cube 2814.125.755 (depth 2, 32 lits): UNSAT in 0.02s
    cube 2814.125.756 (depth 2, 32 lits): UNSAT in 0.08s
    cube 2814.125.757 (depth 2, 32 lits): UNSAT in 0.10s
    cube 2814.125.758 (depth 2, 32 lits): UNSAT in 0.24s
    cube 2814.125.759 (depth 2, 32 lits): UNSAT in 0.04s
    cube 2814.125.760 (depth 2, 32 lits): UNSAT in 0.20s
    cube 2814.125.761 (depth 2, 32 lits): UNSAT in 0.26s
    cube 2814.125.762 (depth 2, 32 lits): UNSAT in 1.27s
    cube 2814.125.763 (depth 2, 32 lits): UNSAT in 0.19s
    cube 2814.125.764 (depth 2, 32 lits): UNSAT in 0.92s
    cube 2814.125.765 (depth 2, 32 lits): UNSAT in 0.51s
    cube 2814.125.766 (depth 2, 32 lits): UNSAT in 7.31s
    cube 2814.125.767 (depth 2, 32 lits): UNSAT in 1.03s
    cube 2814.125.768 (depth 2, 32 lits): UNSAT in 10.77s
    cube 2814.125.769 (depth 2, 32 lits): UNSAT in 14.54s
    cube 2814.125.770 (depth 2, 32 lits): UNSAT in 56.65s
    cube 2814.125.771 (depth 2, 32 lits): UNSAT in 0.02s
    cube 2814.125.772 (depth 2, 32 lits): UNSAT in 0.09s
    cube 2814.125.773 (depth 2, 32 lits): UNSAT in 0.05s
    cube 2814.125.774 (depth 2, 32 lits): UNSAT in 0.42s
    cube 2814.125.775 (depth 2, 32 lits): UNSAT in 0.03s
    cube 2814.125.776 (depth 2, 32 lits): UNSAT in 0.39s
    cube 2814.125.777 (depth 2, 32 lits): UNSAT in 0.47s
    cube 2814.125.778 (depth 2, 32 lits): UNSAT in 1.36s
    cube 2814.125.779 (depth 2, 32 lits): UNSAT in 0.02s
    cube 2814.125.780 (depth 2, 32 lits): UNSAT in 0.06s
    cube 2814.125.781 (depth 2, 32 lits): UNSAT in 0.20s
    cube 2814.125.782 (depth 2, 32 lits): UNSAT in 1.68s
    cube 2814.125.783 (depth 2, 32 lits): UNSAT in 0.14s
    cube 2814.125.784 (depth 2, 32 lits): UNSAT in 1.40s
    cube 2814.125.785 (depth 2, 32 lits): UNSAT in 2.36s
    cube 2814.125.786 (depth 2, 32 lits): UNSAT in 10.18s
    cube 2814.125.787 (depth 2, 32 lits): UNSAT in 0.06s
    cube 2814.125.788 (depth 2, 32 lits): UNSAT in 0.11s
    cube 2814.125.789 (depth 2, 32 lits): UNSAT in 0.16s
    cube 2814.125.790 (depth 2, 32 lits): UNSAT in 0.97s
    cube 2814.125.791 (depth 2, 32 lits): UNSAT in 0.24s
    cube 2814.125.792 (depth 2, 32 lits): UNSAT in 1.18s
    cube 2814.125.793 (depth 2, 32 lits): UNSAT in 0.74s
    cube 2814.125.794 (depth 2, 32 lits): UNSAT in 7.38s
    cube 2814.125.795 (depth 2, 32 lits): UNSAT in 0.16s
    cube 2814.125.796 (depth 2, 32 lits): UNSAT in 1.49s
    cube 2814.125.797 (depth 2, 32 lits): UNSAT in 0.87s
    cube 2814.125.798 (depth 2, 32 lits): UNSAT in 9.26s
    cube 2814.125.799 (depth 2, 32 lits): UNSAT in 0.50s
    cube 2814.125.800 (depth 2, 32 lits): UNSAT in 3.24s
    cube 2814.125.801 (depth 2, 32 lits): UNSAT in 10.25s
    cube 2814.125.802 (depth 2, 32 lits): UNSAT in 89.30s
    cube 2814.126 (depth 1, 22 lits): UNSAT in 0.01s
    cube 2814.127 (depth 1, 22 lits): UNSAT in 0.02s
    cube 2814.128 (depth 1, 22 lits): UNSAT in 0.02s
    cube 2814.129 (depth 1, 22 lits): UNSAT in 0.02s
    cube 2814.130 (depth 1, 22 lits): UNSAT in 0.02s
    cube 2814.131 (depth 1, 22 lits): UNSAT in 0.02s
    cube 2814.132 (depth 1, 22 lits): UNSAT in 0.02s
    cube 2814.133 (depth 1, 22 lits): UNSAT in 0.02s
    cube 2814.134 (depth 1, 22 lits): UNSAT in 0.02s
    cube 2814.135 (depth 1, 22 lits): UNSAT in 0.06s
    cube 2814.136 (depth 1, 22 lits): UNSAT in 0.05s
    cube 2814.137 (depth 1, 22 lits): UNSAT in 0.08s
    cube 2814.138 (depth 1, 22 lits): UNSAT in 0.02s
    cube 2814.139 (depth 1, 22 lits): UNSAT in 0.02s
    cube 2814.140 (depth 1, 22 lits): UNSAT in 0.05s
    cube 2814.141 (depth 1, 22 lits): UNSAT in 0.17s
    cube 2814.142 (depth 1, 22 lits): UNSAT in 0.01s
    cube 2814.143 (depth 1, 22 lits): UNSAT in 0.04s
    cube 2814.144 (depth 1, 22 lits): UNSAT in 0.03s
    cube 2814.145 (depth 1, 22 lits): UNSAT in 0.10s
    cube 2814.146 (depth 1, 22 lits): UNSAT in 0.06s
    cube 2814.147 (depth 1, 22 lits): UNSAT in 0.10s
    cube 2814.148 (depth 1, 22 lits): UNSAT in 0.10s
    cube 2814.149 (depth 1, 22 lits): UNSAT in 0.32s
    cube 2814.150 (depth 1, 22 lits): UNSAT in 0.09s
    cube 2814.151 (depth 1, 22 lits): UNSAT in 0.07s
    cube 2814.152 (depth 1, 22 lits): UNSAT in 0.19s
    cube 2814.153 (depth 1, 22 lits): UNSAT in 0.60s
    cube 2814.154 (depth 1, 22 lits): UNSAT in 0.09s
    cube 2814.155 (depth 1, 22 lits): UNSAT in 0.47s
    cube 2814.156 (depth 1, 22 lits): UNSAT in 0.36s
    cube 2814.157 (depth 1, 22 lits): UNSAT in 2.36s
    cube 2814.158 (depth 1, 22 lits): UNSAT in 0.02s
    cube 2814.159 (depth 1, 22 lits): UNSAT in 0.03s
    cube 2814.160 (depth 1, 22 lits): UNSAT in 0.04s
    cube 2814.161 (depth 1, 22 lits): UNSAT in 0.06s
    cube 2814.162 (depth 1, 22 lits): UNSAT in 0.05s
    cube 2814.163 (depth 1, 22 lits): UNSAT in 0.11s
    cube 2814.164 (depth 1, 22 lits): UNSAT in 0.07s
    cube 2814.165 (depth 1, 22 lits): UNSAT in 0.55s
    cube 2814.166 (depth 1, 22 lits): UNSAT in 0.04s
    cube 2814.167 (depth 1, 22 lits): UNSAT in 0.10s
    cube 2814.168 (depth 1, 22 lits): UNSAT in 0.07s
    cube 2814.169 (depth 1, 22 lits): UNSAT in 0.18s
    cube 2814.170 (depth 1, 22 lits): UNSAT in 0.02s
    cube 2814.171 (depth 1, 22 lits): UNSAT in 0.07s
    cube 2814.172 (depth 1, 22 lits): UNSAT in 1.09s
    cube 2814.173 (depth 1, 22 lits): UNSAT in 1.14s
    cube 2814.174 (depth 1, 22 lits): UNSAT in 0.08s
    cube 2814.175 (depth 1, 22 lits): UNSAT in 0.22s
    cube 2814.176 (depth 1, 22 lits): UNSAT in 0.17s
    cube 2814.177 (depth 1, 22 lits): UNSAT in 0.49s
    cube 2814.178 (depth 1, 22 lits): UNSAT in 0.20s
    cube 2814.179 (depth 1, 22 lits): UNSAT in 1.18s
    cube 2814.180 (depth 1, 22 lits): UNSAT in 0.97s
    cube 2814.181 (depth 1, 22 lits): UNSAT in 2.64s
    cube 2814.182 (depth 1, 22 lits): UNSAT in 0.19s
    cube 2814.183 (depth 1, 22 lits): UNSAT in 0.71s
    cube 2814.184 (depth 1, 22 lits): UNSAT in 1.81s
    cube 2814.185 (depth 1, 22 lits): UNSAT in 9.19s
    cube 2814.186 (depth 1, 22 lits): UNSAT in 4.41s
    cube 2814.187 (depth 1, 22 lits): UNSAT in 42.96s
    cube 2814.188 (depth 1, 22 lits): UNSAT in 56.41s
    cube 2814.189 (depth 1, 22 lits): UNSAT in 607.51s
    cube 2814.190 (depth 1, 22 lits): UNSAT in 0.03s
    cube 2814.191 (depth 1, 22 lits): UNSAT in 0.06s
    cube 2814.192 (depth 1, 22 lits): UNSAT in 0.06s
    cube 2814.193 (depth 1, 22 lits): UNSAT in 0.17s
    cube 2814.194 (depth 1, 22 lits): UNSAT in 0.04s
    cube 2814.195 (depth 1, 22 lits): UNSAT in 0.18s
    cube 2814.196 (depth 1, 22 lits): UNSAT in 0.12s
    cube 2814.197 (depth 1, 22 lits): UNSAT in 0.60s
    cube 2814.198 (depth 1, 22 lits): UNSAT in 0.05s
    cube 2814.199 (depth 1, 22 lits): UNSAT in 0.09s
    cube 2814.200 (depth 1, 22 lits): UNSAT in 0.09s
    cube 2814.201 (depth 1, 22 lits): UNSAT in 0.17s
    cube 2814.202 (depth 1, 22 lits): UNSAT in 0.07s
    cube 2814.203 (depth 1, 22 lits): UNSAT in 0.36s
    cube 2814.204 (depth 1, 22 lits): UNSAT in 0.26s
    cube 2814.205 (depth 1, 22 lits): UNSAT in 1.12s
    cube 2814.206 (depth 1, 22 lits): UNSAT in 0.16s
    cube 2814.207 (depth 1, 22 lits): UNSAT in 0.33s
    cube 2814.208 (depth 1, 22 lits): UNSAT in 0.76s
    cube 2814.209 (depth 1, 22 lits): UNSAT in 1.59s
    cube 2814.210 (depth 1, 22 lits): UNSAT in 0.43s
    cube 2814.211 (depth 1, 22 lits): UNSAT in 1.21s
    cube 2814.212 (depth 1, 22 lits): UNSAT in 1.24s
    cube 2814.213 (depth 1, 22 lits): UNSAT in 2.50s
    cube 2814.214 (depth 1, 22 lits): UNSAT in 0.20s
    cube 2814.215 (depth 1, 22 lits): UNSAT in 0.35s
    cube 2814.216 (depth 1, 22 lits): UNSAT in 0.28s
    cube 2814.217 (depth 1, 22 lits): UNSAT in 2.96s
    cube 2814.218 (depth 1, 22 lits): UNSAT in 0.98s
    cube 2814.219 (depth 1, 22 lits): UNSAT in 2.50s
    cube 2814.220 (depth 1, 22 lits): UNSAT in 11.50s
    cube 2814.221 (depth 1, 22 lits): UNSAT in 38.09s
    cube 2814.222 (depth 1, 22 lits): UNSAT in 0.04s
    cube 2814.223 (depth 1, 22 lits): UNSAT in 0.11s
    cube 2814.224 (depth 1, 22 lits): UNSAT in 0.30s
    cube 2814.225 (depth 1, 22 lits): UNSAT in 0.10s
    cube 2814.226 (depth 1, 22 lits): UNSAT in 0.04s
    cube 2814.227 (depth 1, 22 lits): UNSAT in 0.20s
    cube 2814.228 (depth 1, 22 lits): UNSAT in 1.34s
    cube 2814.229 (depth 1, 22 lits): UNSAT in 3.47s
    cube 2814.230 (depth 1, 22 lits): UNSAT in 0.28s
    cube 2814.231 (depth 1, 22 lits): UNSAT in 0.97s
    cube 2814.232 (depth 1, 22 lits): UNSAT in 1.15s
    cube 2814.233 (depth 1, 22 lits): UNSAT in 4.83s
    cube 2814.234 (depth 1, 22 lits): UNSAT in 0.63s
    cube 2814.235 (depth 1, 22 lits): UNSAT in 8.58s
    cube 2814.236 (depth 1, 22 lits): UNSAT in 25.95s
    cube 2814.237 (depth 1, 22 lits): UNSAT in 919.14s
    cube 2814.238 (depth 1, 22 lits): UNSAT in 0.19s
    cube 2814.239 (depth 1, 22 lits): UNSAT in 0.72s
    cube 2814.240 (depth 1, 22 lits): UNSAT in 1.12s
    cube 2814.241 (depth 1, 22 lits): UNSAT in 4.45s
    cube 2814.242 (depth 1, 22 lits): UNSAT in 1.14s
    cube 2814.243 (depth 1, 22 lits): UNSAT in 11.98s
    cube 2814.244 (depth 1, 22 lits): UNSAT in 5.28s
    cube 2814.245 (depth 1, 22 lits): UNSAT in 44.87s
    cube 2814.246 (depth 1, 22 lits): UNSAT in 5.47s
    cube 2814.247 (depth 1, 22 lits): UNSAT in 59.01s
    cube 2814.248 (depth 1, 22 lits): UNSAT in 26.80s
    cube 2814.249 (depth 1, 22 lits): UNSAT in 401.56s
    cube 2814.250 (depth 1, 22 lits): UNSAT in 20.78s
    cube 2814.251 (depth 1, 22 lits): UNSAT in 235.03s
    cube 2814.252 (depth 1, 22 lits): UNSAT in 221.12s
    cube 2814.253 (depth 1, 22 lits): TIMEOUT in 1200.10s
    cube 2814.253 TIMEOUT -> re-split into 891 sub-cubes (depth 2)
    cube 2814.253.0 (depth 2, 30 lits): UNSAT in 0.01s
    cube 2814.253.1 (depth 2, 31 lits): UNSAT in 0.01s
    cube 2814.253.2 (depth 2, 31 lits): UNSAT in 0.02s
    cube 2814.253.3 (depth 2, 31 lits): UNSAT in 0.02s
    cube 2814.253.4 (depth 2, 32 lits): UNSAT in 0.02s
    cube 2814.253.5 (depth 2, 32 lits): UNSAT in 0.02s
    cube 2814.253.6 (depth 2, 32 lits): UNSAT in 0.02s
    cube 2814.253.7 (depth 2, 32 lits): UNSAT in 0.02s
    cube 2814.253.8 (depth 2, 32 lits): UNSAT in 0.01s
    cube 2814.253.9 (depth 2, 32 lits): UNSAT in 0.03s
    cube 2814.253.10 (depth 2, 31 lits): UNSAT in 0.01s
    cube 2814.253.11 (depth 2, 31 lits): UNSAT in 0.01s
    cube 2814.253.12 (depth 2, 31 lits): UNSAT in 0.01s
    cube 2814.253.13 (depth 2, 31 lits): UNSAT in 0.02s
    cube 2814.253.14 (depth 2, 32 lits): UNSAT in 0.02s
    cube 2814.253.15 (depth 2, 32 lits): UNSAT in 0.02s
    cube 2814.253.16 (depth 2, 32 lits): UNSAT in 0.02s
    cube 2814.253.17 (depth 2, 32 lits): UNSAT in 0.01s
    cube 2814.253.18 (depth 2, 31 lits): UNSAT in 0.01s
    cube 2814.253.19 (depth 2, 32 lits): UNSAT in 0.01s
    cube 2814.253.20 (depth 2, 32 lits): UNSAT in 0.02s
    cube 2814.253.21 (depth 2, 31 lits): UNSAT in 0.01s
    cube 2814.253.22 (depth 2, 32 lits): UNSAT in 0.01s
    cube 2814.253.23 (depth 2, 32 lits): UNSAT in 0.03s
    cube 2814.253.24 (depth 2, 32 lits): UNSAT in 0.01s
    cube 2814.253.25 (depth 2, 32 lits): UNSAT in 0.02s
    cube 2814.253.26 (depth 2, 32 lits): UNSAT in 0.02s
    cube 2814.253.27 (depth 2, 32 lits): UNSAT in 0.04s
    cube 2814.253.28 (depth 2, 32 lits): UNSAT in 0.02s
    cube 2814.253.29 (depth 2, 32 lits): UNSAT in 0.02s
    cube 2814.253.30 (depth 2, 32 lits): UNSAT in 0.02s
    cube 2814.253.31 (depth 2, 32 lits): UNSAT in 0.02s
    cube 2814.253.32 (depth 2, 32 lits): UNSAT in 0.01s
    cube 2814.253.33 (depth 2, 32 lits): UNSAT in 0.03s
    cube 2814.253.34 (depth 2, 32 lits): UNSAT in 0.04s
    cube 2814.253.35 (depth 2, 32 lits): UNSAT in 0.07s
    cube 2814.253.36 (depth 2, 32 lits): UNSAT in 0.01s
    cube 2814.253.37 (depth 2, 32 lits): UNSAT in 0.02s
    cube 2814.253.38 (depth 2, 32 lits): UNSAT in 0.02s
    cube 2814.253.39 (depth 2, 32 lits): UNSAT in 0.02s
    cube 2814.253.40 (depth 2, 32 lits): UNSAT in 0.02s
    cube 2814.253.41 (depth 2, 32 lits): UNSAT in 0.02s
    cube 2814.253.42 (depth 2, 32 lits): UNSAT in 0.02s
    cube 2814.253.43 (depth 2, 32 lits): UNSAT in 0.02s
    cube 2814.253.44 (depth 2, 32 lits): UNSAT in 0.01s
    cube 2814.253.45 (depth 2, 32 lits): UNSAT in 0.02s
    cube 2814.253.46 (depth 2, 32 lits): UNSAT in 0.03s
    cube 2814.253.47 (depth 2, 32 lits): UNSAT in 0.04s
    cube 2814.253.48 (depth 2, 32 lits): UNSAT in 0.02s
    cube 2814.253.49 (depth 2, 32 lits): UNSAT in 0.05s
    cube 2814.253.50 (depth 2, 32 lits): UNSAT in 0.03s
    cube 2814.253.51 (depth 2, 32 lits): UNSAT in 0.06s
    cube 2814.253.52 (depth 2, 31 lits): UNSAT in 0.01s
    cube 2814.253.53 (depth 2, 32 lits): UNSAT in 0.01s
    cube 2814.253.54 (depth 2, 32 lits): UNSAT in 0.01s
    cube 2814.253.55 (depth 2, 30 lits): UNSAT in 0.01s
    cube 2814.253.56 (depth 2, 31 lits): UNSAT in 0.01s
    cube 2814.253.57 (depth 2, 32 lits): UNSAT in 0.01s
    cube 2814.253.58 (depth 2, 32 lits): UNSAT in 0.02s
    cube 2814.253.59 (depth 2, 31 lits): UNSAT in 0.01s
    cube 2814.253.60 (depth 2, 32 lits): UNSAT in 0.02s
    cube 2814.253.61 (depth 2, 32 lits): UNSAT in 0.03s
    cube 2814.253.62 (depth 2, 31 lits): UNSAT in 0.01s
    cube 2814.253.63 (depth 2, 31 lits): UNSAT in 0.02s
    cube 2814.253.64 (depth 2, 30 lits): UNSAT in 0.02s
    cube 2814.253.65 (depth 2, 32 lits): UNSAT in 0.02s
    cube 2814.253.66 (depth 2, 32 lits): UNSAT in 0.02s
    cube 2814.253.67 (depth 2, 32 lits): UNSAT in 0.02s
    cube 2814.253.68 (depth 2, 32 lits): UNSAT in 0.03s
    cube 2814.253.69 (depth 2, 32 lits): UNSAT in 0.01s
    cube 2814.253.70 (depth 2, 32 lits): UNSAT in 0.02s
    cube 2814.253.71 (depth 2, 32 lits): UNSAT in 0.03s
    cube 2814.253.72 (depth 2, 32 lits): UNSAT in 0.04s
    cube 2814.253.73 (depth 2, 32 lits): UNSAT in 0.01s
    cube 2814.253.74 (depth 2, 32 lits): UNSAT in 0.02s
    cube 2814.253.75 (depth 2, 32 lits): UNSAT in 0.02s
    cube 2814.253.76 (depth 2, 32 lits): UNSAT in 0.02s
    cube 2814.253.77 (depth 2, 32 lits): UNSAT in 0.02s
    cube 2814.253.78 (depth 2, 32 lits): UNSAT in 0.02s
    cube 2814.253.79 (depth 2, 32 lits): UNSAT in 0.03s
    cube 2814.253.80 (depth 2, 32 lits): UNSAT in 0.04s
    cube 2814.253.81 (depth 2, 32 lits): UNSAT in 0.02s
    cube 2814.253.82 (depth 2, 32 lits): UNSAT in 0.02s
    cube 2814.253.83 (depth 2, 32 lits): UNSAT in 0.02s
    cube 2814.253.84 (depth 2, 32 lits): UNSAT in 0.02s
    cube 2814.253.85 (depth 2, 32 lits): UNSAT in 0.02s
    cube 2814.253.86 (depth 2, 32 lits): UNSAT in 0.02s
    cube 2814.253.87 (depth 2, 32 lits): UNSAT in 0.02s
    cube 2814.253.88 (depth 2, 32 lits): UNSAT in 0.04s
    cube 2814.253.89 (depth 2, 32 lits): UNSAT in 0.01s
    cube 2814.253.90 (depth 2, 32 lits): UNSAT in 0.02s
    cube 2814.253.91 (depth 2, 32 lits): UNSAT in 0.02s
    cube 2814.253.92 (depth 2, 32 lits): UNSAT in 0.02s
    cube 2814.253.93 (depth 2, 32 lits): UNSAT in 0.02s
    cube 2814.253.94 (depth 2, 32 lits): UNSAT in 0.04s
    cube 2814.253.95 (depth 2, 32 lits): UNSAT in 0.05s
    cube 2814.253.96 (depth 2, 32 lits): UNSAT in 0.12s
    cube 2814.253.97 (depth 2, 32 lits): UNSAT in 0.02s
    cube 2814.253.98 (depth 2, 32 lits): UNSAT in 0.07s
    cube 2814.253.99 (depth 2, 32 lits): UNSAT in 0.03s
    cube 2814.253.100 (depth 2, 32 lits): UNSAT in 0.11s
    cube 2814.253.101 (depth 2, 32 lits): UNSAT in 0.03s
    cube 2814.253.102 (depth 2, 32 lits): UNSAT in 0.03s
    cube 2814.253.103 (depth 2, 32 lits): UNSAT in 0.14s
    cube 2814.253.104 (depth 2, 32 lits): UNSAT in 0.18s
    cube 2814.253.105 (depth 2, 32 lits): UNSAT in 0.01s
    cube 2814.253.106 (depth 2, 32 lits): UNSAT in 0.01s
    cube 2814.253.107 (depth 2, 31 lits): UNSAT in 0.01s
    cube 2814.253.108 (depth 2, 31 lits): UNSAT in 0.02s
    cube 2814.253.109 (depth 2, 32 lits): UNSAT in 0.01s
    cube 2814.253.110 (depth 2, 32 lits): UNSAT in 0.02s
    cube 2814.253.111 (depth 2, 31 lits): UNSAT in 0.01s
    cube 2814.253.112 (depth 2, 32 lits): UNSAT in 0.02s
    cube 2814.253.113 (depth 2, 32 lits): UNSAT in 0.03s
    cube 2814.253.114 (depth 2, 32 lits): UNSAT in 0.02s
    cube 2814.253.115 (depth 2, 32 lits): UNSAT in 0.04s
    cube 2814.253.116 (depth 2, 32 lits): UNSAT in 0.03s
    cube 2814.253.117 (depth 2, 32 lits): UNSAT in 0.05s
    cube 2814.253.118 (depth 2, 31 lits): UNSAT in 0.01s
    cube 2814.253.119 (depth 2, 31 lits): UNSAT in 0.02s
    cube 2814.253.120 (depth 2, 31 lits): UNSAT in 0.02s
    cube 2814.253.121 (depth 2, 32 lits): UNSAT in 0.02s
    cube 2814.253.122 (depth 2, 32 lits): UNSAT in 0.03s
    cube 2814.253.123 (depth 2, 32 lits): UNSAT in 0.01s
    cube 2814.253.124 (depth 2, 32 lits): UNSAT in 0.02s
    cube 2814.253.125 (depth 2, 32 lits): UNSAT in 0.02s
    cube 2814.253.126 (depth 2, 32 lits): UNSAT in 0.02s
    cube 2814.253.127 (depth 2, 32 lits): UNSAT in 0.02s
    cube 2814.253.128 (depth 2, 32 lits): UNSAT in 0.02s
    cube 2814.253.129 (depth 2, 32 lits): UNSAT in 0.03s
    cube 2814.253.130 (depth 2, 32 lits): UNSAT in 0.06s
    cube 2814.253.131 (depth 2, 32 lits): UNSAT in 0.01s
    cube 2814.253.132 (depth 2, 32 lits): UNSAT in 0.01s
    cube 2814.253.133 (depth 2, 31 lits): UNSAT in 0.01s
    cube 2814.253.134 (depth 2, 32 lits): UNSAT in 0.02s
    cube 2814.253.135 (depth 2, 32 lits): UNSAT in 0.02s
    cube 2814.253.136 (depth 2, 31 lits): UNSAT in 0.02s
    cube 2814.253.137 (depth 2, 31 lits): UNSAT in 0.02s
    cube 2814.253.138 (depth 2, 31 lits): UNSAT in 0.02s
    cube 2814.253.139 (depth 2, 31 lits): UNSAT in 0.01s
    cube 2814.253.140 (depth 2, 32 lits): UNSAT in 0.02s
    cube 2814.253.141 (depth 2, 32 lits): UNSAT in 0.05s
    cube 2814.253.142 (depth 2, 32 lits): UNSAT in 0.02s
    cube 2814.253.143 (depth 2, 32 lits): UNSAT in 0.01s
    cube 2814.253.144 (depth 2, 32 lits): UNSAT in 0.01s
    cube 2814.253.145 (depth 2, 32 lits): UNSAT in 0.01s
    cube 2814.253.146 (depth 2, 32 lits): UNSAT in 0.01s
    cube 2814.253.147 (depth 2, 32 lits): UNSAT in 0.02s
    cube 2814.253.148 (depth 2, 32 lits): UNSAT in 0.02s
    cube 2814.253.149 (depth 2, 32 lits): UNSAT in 0.02s
    cube 2814.253.150 (depth 2, 32 lits): UNSAT in 0.01s
    cube 2814.253.151 (depth 2, 32 lits): UNSAT in 0.02s
    cube 2814.253.152 (depth 2, 32 lits): UNSAT in 0.02s
    cube 2814.253.153 (depth 2, 32 lits): UNSAT in 0.05s
    cube 2814.253.154 (depth 2, 32 lits): UNSAT in 0.02s
    cube 2814.253.155 (depth 2, 32 lits): UNSAT in 0.02s
    cube 2814.253.156 (depth 2, 32 lits): UNSAT in 0.03s
    cube 2814.253.157 (depth 2, 32 lits): UNSAT in 0.06s
    cube 2814.253.158 (depth 2, 31 lits): UNSAT in 0.01s
    cube 2814.253.159 (depth 2, 32 lits): UNSAT in 0.01s
    cube 2814.253.160 (depth 2, 32 lits): UNSAT in 0.02s
    cube 2814.253.161 (depth 2, 32 lits): UNSAT in 0.02s
    cube 2814.253.162 (depth 2, 32 lits): UNSAT in 0.02s
    cube 2814.253.163 (depth 2, 32 lits): UNSAT in 0.02s
    cube 2814.253.164 (depth 2, 32 lits): UNSAT in 0.02s
    cube 2814.253.165 (depth 2, 32 lits): UNSAT in 0.02s
    cube 2814.253.166 (depth 2, 32 lits): UNSAT in 0.03s
    cube 2814.253.167 (depth 2, 32 lits): UNSAT in 0.02s
    cube 2814.253.168 (depth 2, 32 lits): UNSAT in 0.05s
    cube 2814.253.169 (depth 2, 32 lits): UNSAT in 0.02s
    cube 2814.253.170 (depth 2, 32 lits): UNSAT in 0.04s
    cube 2814.253.171 (depth 2, 32 lits): UNSAT in 0.03s
    cube 2814.253.172 (depth 2, 32 lits): UNSAT in 0.20s
    cube 2814.253.173 (depth 2, 32 lits): UNSAT in 0.01s
    cube 2814.253.174 (depth 2, 32 lits): UNSAT in 0.03s
    cube 2814.253.175 (depth 2, 32 lits): UNSAT in 0.06s
    cube 2814.253.176 (depth 2, 32 lits): UNSAT in 0.04s
    cube 2814.253.177 (depth 2, 32 lits): UNSAT in 0.02s
    cube 2814.253.178 (depth 2, 32 lits): UNSAT in 0.04s
    cube 2814.253.179 (depth 2, 32 lits): UNSAT in 0.11s
    cube 2814.253.180 (depth 2, 32 lits): UNSAT in 0.48s
    cube 2814.253.181 (depth 2, 32 lits): UNSAT in 0.01s
    cube 2814.253.182 (depth 2, 32 lits): UNSAT in 0.01s
    cube 2814.253.183 (depth 2, 32 lits): UNSAT in 0.03s
    cube 2814.253.184 (depth 2, 32 lits): UNSAT in 0.09s
    cube 2814.253.185 (depth 2, 32 lits): UNSAT in 0.04s
    cube 2814.253.186 (depth 2, 32 lits): UNSAT in 0.09s
    cube 2814.253.187 (depth 2, 32 lits): UNSAT in 0.16s
    cube 2814.253.188 (depth 2, 32 lits): UNSAT in 0.39s
    cube 2814.253.189 (depth 2, 30 lits): UNSAT in 0.02s
    cube 2814.253.190 (depth 2, 32 lits): UNSAT in 0.03s
    cube 2814.253.191 (depth 2, 32 lits): UNSAT in 0.04s
    cube 2814.253.192 (depth 2, 32 lits): UNSAT in 0.03s
    cube 2814.253.193 (depth 2, 32 lits): UNSAT in 0.08s
    cube 2814.253.194 (depth 2, 32 lits): UNSAT in 0.02s
    cube 2814.253.195 (depth 2, 32 lits): UNSAT in 0.03s
    cube 2814.253.196 (depth 2, 32 lits): UNSAT in 0.02s
    cube 2814.253.197 (depth 2, 32 lits): UNSAT in 0.04s
    cube 2814.253.198 (depth 2, 32 lits): UNSAT in 0.04s
    cube 2814.253.199 (depth 2, 32 lits): UNSAT in 0.04s
    cube 2814.253.200 (depth 2, 32 lits): UNSAT in 0.10s
    cube 2814.253.201 (depth 2, 32 lits): UNSAT in 0.24s
    cube 2814.253.202 (depth 2, 32 lits): UNSAT in 0.02s
    cube 2814.253.203 (depth 2, 32 lits): UNSAT in 0.03s
    cube 2814.253.204 (depth 2, 32 lits): UNSAT in 0.05s
    cube 2814.253.205 (depth 2, 32 lits): UNSAT in 0.08s
    cube 2814.253.206 (depth 2, 32 lits): UNSAT in 0.02s
    cube 2814.253.207 (depth 2, 32 lits): UNSAT in 0.03s
    cube 2814.253.208 (depth 2, 32 lits): UNSAT in 0.02s
    cube 2814.253.209 (depth 2, 32 lits): UNSAT in 0.04s
    cube 2814.253.210 (depth 2, 32 lits): UNSAT in 0.03s
    cube 2814.253.211 (depth 2, 32 lits): UNSAT in 0.06s
    cube 2814.253.212 (depth 2, 32 lits): UNSAT in 0.03s
    cube 2814.253.213 (depth 2, 32 lits): UNSAT in 0.39s
    cube 2814.253.214 (depth 2, 32 lits): UNSAT in 0.10s
    cube 2814.253.215 (depth 2, 32 lits): UNSAT in 0.22s
    cube 2814.253.216 (depth 2, 32 lits): UNSAT in 0.16s
    cube 2814.253.217 (depth 2, 32 lits): UNSAT in 0.49s
    cube 2814.253.218 (depth 2, 30 lits): UNSAT in 0.01s
    cube 2814.253.219 (depth 2, 30 lits): UNSAT in 0.02s
    cube 2814.253.220 (depth 2, 29 lits): UNSAT in 0.02s
    cube 2814.253.221 (depth 2, 30 lits): UNSAT in 0.01s
    cube 2814.253.222 (depth 2, 32 lits): UNSAT in 0.01s
    cube 2814.253.223 (depth 2, 32 lits): UNSAT in 0.02s
    cube 2814.253.224 (depth 2, 31 lits): UNSAT in 0.02s
    cube 2814.253.225 (depth 2, 32 lits): UNSAT in 0.01s
    cube 2814.253.226 (depth 2, 32 lits): UNSAT in 0.02s
    cube 2814.253.227 (depth 2, 32 lits): UNSAT in 0.02s
    cube 2814.253.228 (depth 2, 32 lits): UNSAT in 0.03s
    cube 2814.253.229 (depth 2, 31 lits): UNSAT in 0.02s
    cube 2814.253.230 (depth 2, 32 lits): UNSAT in 0.01s
    cube 2814.253.231 (depth 2, 32 lits): UNSAT in 0.04s
    cube 2814.253.232 (depth 2, 31 lits): UNSAT in 0.02s
    cube 2814.253.233 (depth 2, 31 lits): UNSAT in 0.01s
    cube 2814.253.234 (depth 2, 30 lits): UNSAT in 0.02s
    cube 2814.253.235 (depth 2, 30 lits): UNSAT in 0.02s
    cube 2814.253.236 (depth 2, 31 lits): UNSAT in 0.02s
    cube 2814.253.237 (depth 2, 32 lits): UNSAT in 0.02s
    cube 2814.253.238 (depth 2, 32 lits): UNSAT in 0.03s
    cube 2814.253.239 (depth 2, 31 lits): UNSAT in 0.01s
    cube 2814.253.240 (depth 2, 31 lits): UNSAT in 0.01s
    cube 2814.253.241 (depth 2, 32 lits): UNSAT in 0.02s
    cube 2814.253.242 (depth 2, 32 lits): UNSAT in 0.02s
    cube 2814.253.243 (depth 2, 32 lits): UNSAT in 0.01s
    cube 2814.253.244 (depth 2, 32 lits): UNSAT in 0.02s
    cube 2814.253.245 (depth 2, 31 lits): UNSAT in 0.02s
    cube 2814.253.246 (depth 2, 32 lits): UNSAT in 0.02s
    cube 2814.253.247 (depth 2, 32 lits): UNSAT in 0.03s
    cube 2814.253.248 (depth 2, 32 lits): UNSAT in 0.02s
    cube 2814.253.249 (depth 2, 32 lits): UNSAT in 0.06s
    cube 2814.253.250 (depth 2, 32 lits): UNSAT in 0.07s
    cube 2814.253.251 (depth 2, 32 lits): UNSAT in 0.10s
    cube 2814.253.252 (depth 2, 31 lits): UNSAT in 0.02s
    cube 2814.253.253 (depth 2, 32 lits): UNSAT in 0.01s
    cube 2814.253.254 (depth 2, 32 lits): UNSAT in 0.02s
    cube 2814.253.255 (depth 2, 31 lits): UNSAT in 0.02s
    cube 2814.253.256 (depth 2, 32 lits): UNSAT in 0.02s
    cube 2814.253.257 (depth 2, 32 lits): UNSAT in 0.03s
    cube 2814.253.258 (depth 2, 32 lits): UNSAT in 0.02s
    cube 2814.253.259 (depth 2, 32 lits): UNSAT in 0.01s
    cube 2814.253.260 (depth 2, 32 lits): UNSAT in 0.01s
    cube 2814.253.261 (depth 2, 32 lits): UNSAT in 0.03s
    cube 2814.253.262 (depth 2, 32 lits): UNSAT in 0.02s
    cube 2814.253.263 (depth 2, 32 lits): UNSAT in 0.03s
    cube 2814.253.264 (depth 2, 32 lits): UNSAT in 0.04s
    cube 2814.253.265 (depth 2, 32 lits): UNSAT in 0.04s
    cube 2814.253.266 (depth 2, 30 lits): UNSAT in 0.02s
    cube 2814.253.267 (depth 2, 31 lits): UNSAT in 0.01s
    cube 2814.253.268 (depth 2, 31 lits): UNSAT in 0.02s
    cube 2814.253.269 (depth 2, 32 lits): UNSAT in 0.02s
    cube 2814.253.270 (depth 2, 32 lits): UNSAT in 0.03s
    cube 2814.253.271 (depth 2, 32 lits): UNSAT in 0.01s
    cube 2814.253.272 (depth 2, 32 lits): UNSAT in 0.09s
    cube 2814.253.273 (depth 2, 32 lits): UNSAT in 0.02s
    cube 2814.253.274 (depth 2, 32 lits): UNSAT in 0.05s
    cube 2814.253.275 (depth 2, 32 lits): UNSAT in 0.03s
    cube 2814.253.276 (depth 2, 32 lits): UNSAT in 0.05s
    cube 2814.253.277 (depth 2, 31 lits): UNSAT in 0.01s
    cube 2814.253.278 (depth 2, 32 lits): UNSAT in 0.02s
    cube 2814.253.279 (depth 2, 32 lits): UNSAT in 0.02s
    cube 2814.253.280 (depth 2, 31 lits): UNSAT in 0.02s
    cube 2814.253.281 (depth 2, 32 lits): UNSAT in 0.03s
    cube 2814.253.282 (depth 2, 32 lits): UNSAT in 0.03s
    cube 2814.253.283 (depth 2, 32 lits): UNSAT in 0.01s
    cube 2814.253.284 (depth 2, 32 lits): UNSAT in 0.02s
    cube 2814.253.285 (depth 2, 32 lits): UNSAT in 0.02s
    cube 2814.253.286 (depth 2, 32 lits): UNSAT in 0.03s
    cube 2814.253.287 (depth 2, 32 lits): UNSAT in 0.02s
    cube 2814.253.288 (depth 2, 32 lits): UNSAT in 0.06s
    cube 2814.253.289 (depth 2, 32 lits): UNSAT in 0.03s
    cube 2814.253.290 (depth 2, 32 lits): UNSAT in 0.11s
    cube 2814.253.291 (depth 2, 31 lits): UNSAT in 0.02s
    cube 2814.253.292 (depth 2, 32 lits): UNSAT in 0.07s
    cube 2814.253.293 (depth 2, 32 lits): UNSAT in 0.06s
    cube 2814.253.294 (depth 2, 32 lits): UNSAT in 0.08s
    cube 2814.253.295 (depth 2, 32 lits): UNSAT in 0.12s
    cube 2814.253.296 (depth 2, 32 lits): UNSAT in 0.04s
    cube 2814.253.297 (depth 2, 32 lits): UNSAT in 0.28s
    cube 2814.253.298 (depth 2, 32 lits): UNSAT in 0.03s
    cube 2814.253.299 (depth 2, 32 lits): UNSAT in 0.03s
    cube 2814.253.300 (depth 2, 32 lits): UNSAT in 0.03s
    cube 2814.253.301 (depth 2, 32 lits): UNSAT in 0.19s
    cube 2814.253.302 (depth 2, 32 lits): UNSAT in 0.04s
    cube 2814.253.303 (depth 2, 32 lits): UNSAT in 0.16s
    cube 2814.253.304 (depth 2, 32 lits): UNSAT in 0.13s
    cube 2814.253.305 (depth 2, 32 lits): UNSAT in 0.81s
    cube 2814.253.306 (depth 2, 29 lits): UNSAT in 0.01s
    cube 2814.253.307 (depth 2, 31 lits): UNSAT in 0.01s
    cube 2814.253.308 (depth 2, 31 lits): UNSAT in 0.02s
    cube 2814.253.309 (depth 2, 32 lits): UNSAT in 0.01s
    cube 2814.253.310 (depth 2, 32 lits): UNSAT in 0.02s
    cube 2814.253.311 (depth 2, 31 lits): UNSAT in 0.02s
    cube 2814.253.312 (depth 2, 31 lits): UNSAT in 0.02s
    cube 2814.253.313 (depth 2, 31 lits): UNSAT in 0.01s
    cube 2814.253.314 (depth 2, 30 lits): UNSAT in 0.02s
    cube 2814.253.315 (depth 2, 32 lits): UNSAT in 0.02s
    cube 2814.253.316 (depth 2, 32 lits): UNSAT in 0.02s
    cube 2814.253.317 (depth 2, 32 lits): UNSAT in 0.02s
    cube 2814.253.318 (depth 2, 32 lits): UNSAT in 0.03s
    cube 2814.253.319 (depth 2, 32 lits): UNSAT in 0.01s
    cube 2814.253.320 (depth 2, 32 lits): UNSAT in 0.01s
    cube 2814.253.321 (depth 2, 32 lits): UNSAT in 0.02s
    cube 2814.253.322 (depth 2, 32 lits): UNSAT in 0.08s
    cube 2814.253.323 (depth 2, 31 lits): UNSAT in 0.02s
    cube 2814.253.324 (depth 2, 32 lits): UNSAT in 0.02s
    cube 2814.253.325 (depth 2, 32 lits): UNSAT in 0.04s
    cube 2814.253.326 (depth 2, 32 lits): UNSAT in 0.02s
    cube 2814.253.327 (depth 2, 32 lits): UNSAT in 0.08s
    cube 2814.253.328 (depth 2, 32 lits): UNSAT in 0.04s
    cube 2814.253.329 (depth 2, 32 lits): UNSAT in 0.08s
    cube 2814.253.330 (depth 2, 32 lits): UNSAT in 0.02s
    cube 2814.253.331 (depth 2, 32 lits): UNSAT in 0.02s
    cube 2814.253.332 (depth 2, 32 lits): UNSAT in 0.03s
    cube 2814.253.333 (depth 2, 32 lits): UNSAT in 0.03s
    cube 2814.253.334 (depth 2, 32 lits): UNSAT in 0.02s
    cube 2814.253.335 (depth 2, 32 lits): UNSAT in 0.05s
    cube 2814.253.336 (depth 2, 32 lits): UNSAT in 0.06s
    cube 2814.253.337 (depth 2, 32 lits): UNSAT in 0.19s
    cube 2814.253.338 (depth 2, 32 lits): UNSAT in 0.01s
    cube 2814.253.339 (depth 2, 32 lits): UNSAT in 0.02s
    cube 2814.253.340 (depth 2, 31 lits): UNSAT in 0.01s
    cube 2814.253.341 (depth 2, 32 lits): UNSAT in 0.02s
    cube 2814.253.342 (depth 2, 32 lits): UNSAT in 0.02s
    cube 2814.253.343 (depth 2, 32 lits): UNSAT in 0.02s
    cube 2814.253.344 (depth 2, 32 lits): UNSAT in 0.03s
    cube 2814.253.345 (depth 2, 32 lits): UNSAT in 0.04s
    cube 2814.253.346 (depth 2, 32 lits): UNSAT in 0.03s
    cube 2814.253.347 (depth 2, 32 lits): UNSAT in 0.07s
    cube 2814.253.348 (depth 2, 32 lits): UNSAT in 0.16s
    cube 2814.253.349 (depth 2, 32 lits): UNSAT in 0.05s
    cube 2814.253.350 (depth 2, 32 lits): UNSAT in 0.05s
    cube 2814.253.351 (depth 2, 32 lits): UNSAT in 0.11s
    cube 2814.253.352 (depth 2, 32 lits): UNSAT in 0.35s
    cube 2814.253.353 (depth 2, 32 lits): UNSAT in 0.02s
    cube 2814.253.354 (depth 2, 32 lits): UNSAT in 0.02s
    cube 2814.253.355 (depth 2, 32 lits): UNSAT in 0.02s
    cube 2814.253.356 (depth 2, 32 lits): UNSAT in 0.03s
    cube 2814.253.357 (depth 2, 32 lits): UNSAT in 0.03s
    cube 2814.253.358 (depth 2, 32 lits): UNSAT in 0.03s
    cube 2814.253.359 (depth 2, 32 lits): UNSAT in 0.02s
    cube 2814.253.360 (depth 2, 32 lits): UNSAT in 0.04s
    cube 2814.253.361 (depth 2, 32 lits): UNSAT in 0.01s
    cube 2814.253.362 (depth 2, 32 lits): UNSAT in 0.02s
    cube 2814.253.363 (depth 2, 32 lits): UNSAT in 0.02s
    cube 2814.253.364 (depth 2, 32 lits): UNSAT in 0.03s
    cube 2814.253.365 (depth 2, 32 lits): UNSAT in 0.08s
    cube 2814.253.366 (depth 2, 32 lits): UNSAT in 0.10s
    cube 2814.253.367 (depth 2, 32 lits): UNSAT in 0.18s
    cube 2814.253.368 (depth 2, 32 lits): UNSAT in 0.31s
    cube 2814.253.369 (depth 2, 32 lits): UNSAT in 0.02s
    cube 2814.253.370 (depth 2, 32 lits): UNSAT in 0.03s
    cube 2814.253.371 (depth 2, 32 lits): UNSAT in 0.04s
    cube 2814.253.372 (depth 2, 32 lits): UNSAT in 0.08s
    cube 2814.253.373 (depth 2, 32 lits): UNSAT in 0.02s
    cube 2814.253.374 (depth 2, 32 lits): UNSAT in 0.06s
    cube 2814.253.375 (depth 2, 32 lits): UNSAT in 0.10s
    cube 2814.253.376 (depth 2, 32 lits): UNSAT in 0.20s
    cube 2814.253.377 (depth 2, 32 lits): UNSAT in 0.03s
    cube 2814.253.378 (depth 2, 32 lits): UNSAT in 0.06s
    cube 2814.253.379 (depth 2, 32 lits): UNSAT in 0.12s
    cube 2814.253.380 (depth 2, 32 lits): UNSAT in 0.15s
    cube 2814.253.381 (depth 2, 32 lits): UNSAT in 0.19s
    cube 2814.253.382 (depth 2, 32 lits): UNSAT in 0.57s
    cube 2814.253.383 (depth 2, 32 lits): UNSAT in 0.49s
    cube 2814.253.384 (depth 2, 32 lits): UNSAT in 0.67s
    cube 2814.253.385 (depth 2, 32 lits): UNSAT in 0.03s
    cube 2814.253.386 (depth 2, 32 lits): UNSAT in 0.02s
    cube 2814.253.387 (depth 2, 32 lits): UNSAT in 0.05s
    cube 2814.253.388 (depth 2, 32 lits): UNSAT in 0.05s
    cube 2814.253.389 (depth 2, 32 lits): UNSAT in 0.04s
    cube 2814.253.390 (depth 2, 32 lits): UNSAT in 0.06s
    cube 2814.253.391 (depth 2, 32 lits): UNSAT in 0.07s
    cube 2814.253.392 (depth 2, 32 lits): UNSAT in 0.28s
    cube 2814.253.393 (depth 2, 32 lits): UNSAT in 0.03s
    cube 2814.253.394 (depth 2, 32 lits): UNSAT in 0.04s
    cube 2814.253.395 (depth 2, 32 lits): UNSAT in 0.07s
    cube 2814.253.396 (depth 2, 32 lits): UNSAT in 0.16s
    cube 2814.253.397 (depth 2, 32 lits): UNSAT in 0.07s
    cube 2814.253.398 (depth 2, 32 lits): UNSAT in 0.28s
    cube 2814.253.399 (depth 2, 32 lits): UNSAT in 0.15s
    cube 2814.253.400 (depth 2, 32 lits): UNSAT in 1.31s
    cube 2814.253.401 (depth 2, 32 lits): UNSAT in 0.03s
    cube 2814.253.402 (depth 2, 32 lits): UNSAT in 0.05s
    cube 2814.253.403 (depth 2, 32 lits): UNSAT in 0.06s
    cube 2814.253.404 (depth 2, 32 lits): UNSAT in 0.26s
    cube 2814.253.405 (depth 2, 32 lits): UNSAT in 0.26s
    cube 2814.253.406 (depth 2, 32 lits): UNSAT in 0.88s
    cube 2814.253.407 (depth 2, 32 lits): UNSAT in 0.13s
    cube 2814.253.408 (depth 2, 32 lits): UNSAT in 1.16s
    cube 2814.253.409 (depth 2, 32 lits): UNSAT in 0.87s
    cube 2814.253.410 (depth 2, 32 lits): UNSAT in 1.03s
    cube 2814.253.411 (depth 2, 32 lits): UNSAT in 1.37s
    cube 2814.253.412 (depth 2, 32 lits): UNSAT in 9.95s
    cube 2814.253.413 (depth 2, 32 lits): UNSAT in 0.70s
    cube 2814.253.414 (depth 2, 32 lits): UNSAT in 6.02s
    cube 2814.253.415 (depth 2, 32 lits): UNSAT in 12.11s
    cube 2814.253.416 (depth 2, 32 lits): UNSAT in 33.61s
    cube 2814.253.417 (depth 2, 30 lits): UNSAT in 0.01s
    cube 2814.253.418 (depth 2, 30 lits): UNSAT in 0.02s
    cube 2814.253.419 (depth 2, 30 lits): UNSAT in 0.02s
    cube 2814.253.420 (depth 2, 31 lits): UNSAT in 0.01s
    cube 2814.253.421 (depth 2, 32 lits): UNSAT in 0.01s
    cube 2814.253.422 (depth 2, 32 lits): UNSAT in 0.03s
    cube 2814.253.423 (depth 2, 31 lits): UNSAT in 0.02s
    cube 2814.253.424 (depth 2, 31 lits): UNSAT in 0.02s
    cube 2814.253.425 (depth 2, 31 lits): UNSAT in 0.01s
    cube 2814.253.426 (depth 2, 31 lits): UNSAT in 0.02s
    cube 2814.253.427 (depth 2, 31 lits): UNSAT in 0.01s
    cube 2814.253.428 (depth 2, 32 lits): UNSAT in 0.02s
    cube 2814.253.429 (depth 2, 32 lits): UNSAT in 0.02s
    cube 2814.253.430 (depth 2, 32 lits): UNSAT in 0.01s
    cube 2814.253.431 (depth 2, 32 lits): UNSAT in 0.02s
    cube 2814.253.432 (depth 2, 32 lits): UNSAT in 0.02s
    cube 2814.253.433 (depth 2, 32 lits): UNSAT in 0.04s
    cube 2814.253.434 (depth 2, 32 lits): UNSAT in 0.01s
    cube 2814.253.435 (depth 2, 32 lits): UNSAT in 0.01s
    cube 2814.253.436 (depth 2, 32 lits): UNSAT in 0.01s
    cube 2814.253.437 (depth 2, 32 lits): UNSAT in 0.02s
    cube 2814.253.438 (depth 2, 32 lits): UNSAT in 0.02s
    cube 2814.253.439 (depth 2, 32 lits): UNSAT in 0.03s
    cube 2814.253.440 (depth 2, 32 lits): UNSAT in 0.01s
    cube 2814.253.441 (depth 2, 32 lits): UNSAT in 0.02s
    cube 2814.253.442 (depth 2, 32 lits): UNSAT in 0.01s
    cube 2814.253.443 (depth 2, 32 lits): UNSAT in 0.02s
    cube 2814.253.444 (depth 2, 32 lits): UNSAT in 0.02s
    cube 2814.253.445 (depth 2, 32 lits): UNSAT in 0.04s
    cube 2814.253.446 (depth 2, 32 lits): UNSAT in 0.02s
    cube 2814.253.447 (depth 2, 32 lits): UNSAT in 0.03s
    cube 2814.253.448 (depth 2, 32 lits): UNSAT in 0.04s
    cube 2814.253.449 (depth 2, 32 lits): UNSAT in 0.11s
    cube 2814.253.450 (depth 2, 32 lits): UNSAT in 0.02s
    cube 2814.253.451 (depth 2, 32 lits): UNSAT in 0.02s
    cube 2814.253.452 (depth 2, 32 lits): UNSAT in 0.02s
    cube 2814.253.453 (depth 2, 32 lits): UNSAT in 0.04s
    cube 2814.253.454 (depth 2, 32 lits): UNSAT in 0.03s
    cube 2814.253.455 (depth 2, 32 lits): UNSAT in 0.10s
    cube 2814.253.456 (depth 2, 32 lits): UNSAT in 0.06s
    cube 2814.253.457 (depth 2, 32 lits): UNSAT in 0.14s
    cube 2814.253.458 (depth 2, 32 lits): UNSAT in 0.03s
    cube 2814.253.459 (depth 2, 32 lits): UNSAT in 0.04s
    cube 2814.253.460 (depth 2, 32 lits): UNSAT in 0.03s
    cube 2814.253.461 (depth 2, 32 lits): UNSAT in 0.12s
    cube 2814.253.462 (depth 2, 32 lits): UNSAT in 0.05s
    cube 2814.253.463 (depth 2, 32 lits): UNSAT in 0.31s
    cube 2814.253.464 (depth 2, 32 lits): UNSAT in 0.38s
    cube 2814.253.465 (depth 2, 32 lits): UNSAT in 0.52s
    cube 2814.253.466 (depth 2, 32 lits): UNSAT in 0.01s
    cube 2814.253.467 (depth 2, 32 lits): UNSAT in 0.02s
    cube 2814.253.468 (depth 2, 32 lits): UNSAT in 0.02s
    cube 2814.253.469 (depth 2, 32 lits): UNSAT in 0.03s
    cube 2814.253.470 (depth 2, 32 lits): UNSAT in 0.01s
    cube 2814.253.471 (depth 2, 32 lits): UNSAT in 0.01s
    cube 2814.253.472 (depth 2, 32 lits): UNSAT in 0.02s
    cube 2814.253.473 (depth 2, 32 lits): UNSAT in 0.02s
    cube 2814.253.474 (depth 2, 32 lits): UNSAT in 0.01s
    cube 2814.253.475 (depth 2, 32 lits): UNSAT in 0.02s
    cube 2814.253.476 (depth 2, 32 lits): UNSAT in 0.02s
    cube 2814.253.477 (depth 2, 32 lits): UNSAT in 0.09s
    cube 2814.253.478 (depth 2, 32 lits): UNSAT in 0.02s
    cube 2814.253.479 (depth 2, 32 lits): UNSAT in 0.03s
    cube 2814.253.480 (depth 2, 32 lits): UNSAT in 0.05s
    cube 2814.253.481 (depth 2, 32 lits): UNSAT in 0.08s
    cube 2814.253.482 (depth 2, 32 lits): UNSAT in 0.01s
    cube 2814.253.483 (depth 2, 32 lits): UNSAT in 0.02s
    cube 2814.253.484 (depth 2, 32 lits): UNSAT in 0.02s
    cube 2814.253.485 (depth 2, 32 lits): UNSAT in 0.02s
    cube 2814.253.486 (depth 2, 32 lits): UNSAT in 0.02s
    cube 2814.253.487 (depth 2, 32 lits): UNSAT in 0.03s
    cube 2814.253.488 (depth 2, 32 lits): UNSAT in 0.04s
    cube 2814.253.489 (depth 2, 32 lits): UNSAT in 0.14s
    cube 2814.253.490 (depth 2, 32 lits): UNSAT in 0.02s
    cube 2814.253.491 (depth 2, 32 lits): UNSAT in 0.08s
    cube 2814.253.492 (depth 2, 32 lits): UNSAT in 0.04s
    cube 2814.253.493 (depth 2, 32 lits): UNSAT in 0.09s
    cube 2814.253.494 (depth 2, 32 lits): UNSAT in 0.07s
    cube 2814.253.495 (depth 2, 32 lits): UNSAT in 0.24s
    cube 2814.253.496 (depth 2, 32 lits): UNSAT in 0.13s
    cube 2814.253.497 (depth 2, 32 lits): UNSAT in 0.08s
    cube 2814.253.498 (depth 2, 32 lits): UNSAT in 0.01s
    cube 2814.253.499 (depth 2, 32 lits): UNSAT in 0.02s
    cube 2814.253.500 (depth 2, 32 lits): UNSAT in 0.02s
    cube 2814.253.501 (depth 2, 32 lits): UNSAT in 0.03s
    cube 2814.253.502 (depth 2, 32 lits): UNSAT in 0.05s
    cube 2814.253.503 (depth 2, 32 lits): UNSAT in 0.06s
    cube 2814.253.504 (depth 2, 32 lits): UNSAT in 0.04s
    cube 2814.253.505 (depth 2, 32 lits): UNSAT in 0.11s
    cube 2814.253.506 (depth 2, 32 lits): UNSAT in 0.03s
    cube 2814.253.507 (depth 2, 32 lits): UNSAT in 0.08s
    cube 2814.253.508 (depth 2, 32 lits): UNSAT in 0.05s
    cube 2814.253.509 (depth 2, 32 lits): UNSAT in 0.11s
    cube 2814.253.510 (depth 2, 32 lits): UNSAT in 0.04s
    cube 2814.253.511 (depth 2, 32 lits): UNSAT in 0.11s
    cube 2814.253.512 (depth 2, 32 lits): UNSAT in 0.08s
    cube 2814.253.513 (depth 2, 32 lits): UNSAT in 0.12s
    cube 2814.253.514 (depth 2, 32 lits): UNSAT in 0.02s
    cube 2814.253.515 (depth 2, 32 lits): UNSAT in 0.03s
    cube 2814.253.516 (depth 2, 32 lits): UNSAT in 0.06s
    cube 2814.253.517 (depth 2, 32 lits): UNSAT in 0.09s
    cube 2814.253.518 (depth 2, 32 lits): UNSAT in 0.02s
    cube 2814.253.519 (depth 2, 32 lits): UNSAT in 0.07s
    cube 2814.253.520 (depth 2, 32 lits): UNSAT in 0.05s
    cube 2814.253.521 (depth 2, 32 lits): UNSAT in 0.11s
    cube 2814.253.522 (depth 2, 32 lits): UNSAT in 0.05s
    cube 2814.253.523 (depth 2, 32 lits): UNSAT in 0.28s
    cube 2814.253.524 (depth 2, 32 lits): UNSAT in 0.09s
    cube 2814.253.525 (depth 2, 32 lits): UNSAT in 0.46s
    cube 2814.253.526 (depth 2, 32 lits): UNSAT in 0.13s
    cube 2814.253.527 (depth 2, 32 lits): UNSAT in 0.25s
    cube 2814.253.528 (depth 2, 32 lits): UNSAT in 0.08s
    cube 2814.253.529 (depth 2, 32 lits): UNSAT in 0.59s
    cube 2814.253.530 (depth 2, 30 lits): UNSAT in 0.01s
    cube 2814.253.531 (depth 2, 31 lits): UNSAT in 0.01s
    cube 2814.253.532 (depth 2, 31 lits): UNSAT in 0.01s
    cube 2814.253.533 (depth 2, 31 lits): UNSAT in 0.01s
    cube 2814.253.534 (depth 2, 32 lits): UNSAT in 0.01s
    cube 2814.253.535 (depth 2, 32 lits): UNSAT in 0.02s
    cube 2814.253.536 (depth 2, 31 lits): UNSAT in 0.01s
    cube 2814.253.537 (depth 2, 31 lits): UNSAT in 0.02s
    cube 2814.253.538 (depth 2, 31 lits): UNSAT in 0.02s
    cube 2814.253.539 (depth 2, 32 lits): UNSAT in 0.02s
    cube 2814.253.540 (depth 2, 32 lits): UNSAT in 0.02s
    cube 2814.253.541 (depth 2, 32 lits): UNSAT in 0.01s
    cube 2814.253.542 (depth 2, 32 lits): UNSAT in 0.03s
    cube 2814.253.543 (depth 2, 32 lits): UNSAT in 0.01s
    cube 2814.253.544 (depth 2, 32 lits): UNSAT in 0.05s
    cube 2814.253.545 (depth 2, 32 lits): UNSAT in 0.02s
    cube 2814.253.546 (depth 2, 32 lits): UNSAT in 0.02s
    cube 2814.253.547 (depth 2, 32 lits): UNSAT in 0.02s
    cube 2814.253.548 (depth 2, 32 lits): UNSAT in 0.03s
    cube 2814.253.549 (depth 2, 32 lits): UNSAT in 0.03s
    cube 2814.253.550 (depth 2, 32 lits): UNSAT in 0.05s
    cube 2814.253.551 (depth 2, 32 lits): UNSAT in 0.04s
    cube 2814.253.552 (depth 2, 32 lits): UNSAT in 0.10s
    cube 2814.253.553 (depth 2, 30 lits): UNSAT in 0.02s
    cube 2814.253.554 (depth 2, 32 lits): UNSAT in 0.01s
    cube 2814.253.555 (depth 2, 32 lits): UNSAT in 0.02s
    cube 2814.253.556 (depth 2, 32 lits): UNSAT in 0.02s
    cube 2814.253.557 (depth 2, 32 lits): UNSAT in 0.03s
    cube 2814.253.558 (depth 2, 32 lits): UNSAT in 0.02s
    cube 2814.253.559 (depth 2, 32 lits): UNSAT in 0.03s
    cube 2814.253.560 (depth 2, 32 lits): UNSAT in 0.02s
    cube 2814.253.561 (depth 2, 32 lits): UNSAT in 0.02s
    cube 2814.253.562 (depth 2, 32 lits): UNSAT in 0.02s
    cube 2814.253.563 (depth 2, 32 lits): UNSAT in 0.02s
    cube 2814.253.564 (depth 2, 32 lits): UNSAT in 0.02s
    cube 2814.253.565 (depth 2, 32 lits): UNSAT in 0.13s
    cube 2814.253.566 (depth 2, 32 lits): UNSAT in 0.02s
    cube 2814.253.567 (depth 2, 32 lits): UNSAT in 0.02s
    cube 2814.253.568 (depth 2, 32 lits): UNSAT in 0.03s
    cube 2814.253.569 (depth 2, 32 lits): UNSAT in 0.06s
    cube 2814.253.570 (depth 2, 32 lits): UNSAT in 0.04s
    cube 2814.253.571 (depth 2, 32 lits): UNSAT in 0.05s
    cube 2814.253.572 (depth 2, 32 lits): UNSAT in 0.03s
    cube 2814.253.573 (depth 2, 32 lits): UNSAT in 0.08s
    cube 2814.253.574 (depth 2, 32 lits): UNSAT in 0.04s
    cube 2814.253.575 (depth 2, 32 lits): UNSAT in 0.07s
    cube 2814.253.576 (depth 2, 32 lits): UNSAT in 0.09s
    cube 2814.253.577 (depth 2, 32 lits): UNSAT in 0.15s
    cube 2814.253.578 (depth 2, 32 lits): UNSAT in 0.10s
    cube 2814.253.579 (depth 2, 32 lits): UNSAT in 0.20s
    cube 2814.253.580 (depth 2, 32 lits): UNSAT in 0.13s
    cube 2814.253.581 (depth 2, 32 lits): UNSAT in 1.21s
    cube 2814.253.582 (depth 2, 31 lits): UNSAT in 0.02s
    cube 2814.253.583 (depth 2, 32 lits): UNSAT in 0.02s
    cube 2814.253.584 (depth 2, 32 lits): UNSAT in 0.02s
    cube 2814.253.585 (depth 2, 32 lits): UNSAT in 0.02s
    cube 2814.253.586 (depth 2, 32 lits): UNSAT in 0.02s
    cube 2814.253.587 (depth 2, 32 lits): UNSAT in 0.03s
    cube 2814.253.588 (depth 2, 32 lits): UNSAT in 0.04s
    cube 2814.253.589 (depth 2, 32 lits): UNSAT in 0.02s
    cube 2814.253.590 (depth 2, 32 lits): UNSAT in 0.02s
    cube 2814.253.591 (depth 2, 32 lits): UNSAT in 0.02s
    cube 2814.253.592 (depth 2, 32 lits): UNSAT in 0.04s
    cube 2814.253.593 (depth 2, 32 lits): UNSAT in 0.06s
    cube 2814.253.594 (depth 2, 32 lits): UNSAT in 0.15s
    cube 2814.253.595 (depth 2, 32 lits): UNSAT in 0.05s
    cube 2814.253.596 (depth 2, 32 lits): UNSAT in 0.08s
    cube 2814.253.597 (depth 2, 32 lits): UNSAT in 0.01s
    cube 2814.253.598 (depth 2, 32 lits): UNSAT in 0.04s
    cube 2814.253.599 (depth 2, 32 lits): UNSAT in 0.05s
    cube 2814.253.600 (depth 2, 32 lits): UNSAT in 0.16s
    cube 2814.253.601 (depth 2, 32 lits): UNSAT in 0.03s
    cube 2814.253.602 (depth 2, 32 lits): UNSAT in 0.06s
    cube 2814.253.603 (depth 2, 32 lits): UNSAT in 0.21s
    cube 2814.253.604 (depth 2, 32 lits): UNSAT in 0.28s
    cube 2814.253.605 (depth 2, 32 lits): UNSAT in 0.03s
    cube 2814.253.606 (depth 2, 32 lits): UNSAT in 0.04s
    cube 2814.253.607 (depth 2, 32 lits): UNSAT in 0.06s
    cube 2814.253.608 (depth 2, 32 lits): UNSAT in 0.24s
    cube 2814.253.609 (depth 2, 32 lits): UNSAT in 0.13s
    cube 2814.253.610 (depth 2, 32 lits): UNSAT in 0.50s
    cube 2814.253.611 (depth 2, 32 lits): UNSAT in 0.95s
    cube 2814.253.612 (depth 2, 32 lits): UNSAT in 2.93s
    cube 2814.253.613 (depth 2, 32 lits): UNSAT in 0.02s
    cube 2814.253.614 (depth 2, 32 lits): UNSAT in 0.02s
    cube 2814.253.615 (depth 2, 32 lits): UNSAT in 0.02s
    cube 2814.253.616 (depth 2, 32 lits): UNSAT in 0.02s
    cube 2814.253.617 (depth 2, 32 lits): UNSAT in 0.02s
    cube 2814.253.618 (depth 2, 32 lits): UNSAT in 0.03s
    cube 2814.253.619 (depth 2, 32 lits): UNSAT in 0.07s
    cube 2814.253.620 (depth 2, 32 lits): UNSAT in 0.17s
    cube 2814.253.621 (depth 2, 32 lits): UNSAT in 0.02s
    cube 2814.253.622 (depth 2, 32 lits): UNSAT in 0.05s
    cube 2814.253.623 (depth 2, 32 lits): UNSAT in 0.10s
    cube 2814.253.624 (depth 2, 32 lits): UNSAT in 0.50s
    cube 2814.253.625 (depth 2, 32 lits): UNSAT in 0.13s
    cube 2814.253.626 (depth 2, 32 lits): UNSAT in 1.26s
    cube 2814.253.627 (depth 2, 32 lits): UNSAT in 0.37s
    cube 2814.253.628 (depth 2, 32 lits): UNSAT in 2.43s
    cube 2814.253.629 (depth 2, 32 lits): UNSAT in 0.02s
    cube 2814.253.630 (depth 2, 32 lits): UNSAT in 0.06s
    cube 2814.253.631 (depth 2, 32 lits): UNSAT in 0.06s
    cube 2814.253.632 (depth 2, 32 lits): UNSAT in 0.29s
    cube 2814.253.633 (depth 2, 32 lits): UNSAT in 0.05s
    cube 2814.253.634 (depth 2, 32 lits): UNSAT in 0.10s
    cube 2814.253.635 (depth 2, 32 lits): UNSAT in 0.17s
    cube 2814.253.636 (depth 2, 32 lits): UNSAT in 0.86s
    cube 2814.253.637 (depth 2, 32 lits): UNSAT in 0.09s
    cube 2814.253.638 (depth 2, 32 lits): UNSAT in 0.16s
    cube 2814.253.639 (depth 2, 32 lits): UNSAT in 0.20s
    cube 2814.253.640 (depth 2, 32 lits): UNSAT in 1.18s
    cube 2814.253.641 (depth 2, 32 lits): UNSAT in 0.58s
    cube 2814.253.642 (depth 2, 32 lits): UNSAT in 1.00s
    cube 2814.253.643 (depth 2, 32 lits): UNSAT in 1.22s
    cube 2814.253.644 (depth 2, 32 lits): UNSAT in 8.25s
    cube 2814.253.645 (depth 2, 30 lits): UNSAT in 0.01s
    cube 2814.253.646 (depth 2, 30 lits): UNSAT in 0.01s
    cube 2814.253.647 (depth 2, 30 lits): UNSAT in 0.01s
    cube 2814.253.648 (depth 2, 32 lits): UNSAT in 0.02s
    cube 2814.253.649 (depth 2, 32 lits): UNSAT in 0.01s
    cube 2814.253.650 (depth 2, 32 lits): UNSAT in 0.02s
    cube 2814.253.651 (depth 2, 32 lits): UNSAT in 0.02s
    cube 2814.253.652 (depth 2, 32 lits): UNSAT in 0.01s
    cube 2814.253.653 (depth 2, 32 lits): UNSAT in 0.01s
    cube 2814.253.654 (depth 2, 31 lits): UNSAT in 0.01s
    cube 2814.253.655 (depth 2, 32 lits): UNSAT in 0.01s
    cube 2814.253.656 (depth 2, 32 lits): UNSAT in 0.02s
    cube 2814.253.657 (depth 2, 32 lits): UNSAT in 0.02s
    cube 2814.253.658 (depth 2, 32 lits): UNSAT in 0.02s
    cube 2814.253.659 (depth 2, 32 lits): UNSAT in 0.02s
    cube 2814.253.660 (depth 2, 32 lits): UNSAT in 0.01s
    cube 2814.253.661 (depth 2, 32 lits): UNSAT in 0.01s
    cube 2814.253.662 (depth 2, 32 lits): UNSAT in 0.03s
    cube 2814.253.663 (depth 2, 32 lits): UNSAT in 0.01s
    cube 2814.253.664 (depth 2, 32 lits): UNSAT in 0.02s
    cube 2814.253.665 (depth 2, 32 lits): UNSAT in 0.04s
    cube 2814.253.666 (depth 2, 32 lits): UNSAT in 0.07s
    cube 2814.253.667 (depth 2, 32 lits): UNSAT in 0.02s
    cube 2814.253.668 (depth 2, 32 lits): UNSAT in 0.05s
    cube 2814.253.669 (depth 2, 32 lits): UNSAT in 0.05s
    cube 2814.253.670 (depth 2, 32 lits): UNSAT in 0.06s
    cube 2814.253.671 (depth 2, 32 lits): UNSAT in 0.03s
    cube 2814.253.672 (depth 2, 32 lits): UNSAT in 0.13s
    cube 2814.253.673 (depth 2, 32 lits): UNSAT in 0.04s
    cube 2814.253.674 (depth 2, 32 lits): UNSAT in 0.36s
    cube 2814.253.675 (depth 2, 32 lits): UNSAT in 0.02s
    cube 2814.253.676 (depth 2, 32 lits): UNSAT in 0.04s
    cube 2814.253.677 (depth 2, 32 lits): UNSAT in 0.02s
    cube 2814.253.678 (depth 2, 32 lits): UNSAT in 0.06s
    cube 2814.253.679 (depth 2, 32 lits): UNSAT in 0.02s
    cube 2814.253.680 (depth 2, 32 lits): UNSAT in 0.06s
    cube 2814.253.681 (depth 2, 32 lits): UNSAT in 0.16s
    cube 2814.253.682 (depth 2, 32 lits): UNSAT in 0.34s
    cube 2814.253.683 (depth 2, 32 lits): UNSAT in 0.03s
    cube 2814.253.684 (depth 2, 32 lits): UNSAT in 0.02s
    cube 2814.253.685 (depth 2, 32 lits): UNSAT in 0.04s
    cube 2814.253.686 (depth 2, 32 lits): UNSAT in 0.08s
    cube 2814.253.687 (depth 2, 32 lits): UNSAT in 0.04s
    cube 2814.253.688 (depth 2, 32 lits): UNSAT in 0.11s
    cube 2814.253.689 (depth 2, 32 lits): UNSAT in 0.10s
    cube 2814.253.690 (depth 2, 32 lits): UNSAT in 0.63s
    cube 2814.253.691 (depth 2, 32 lits): UNSAT in 0.02s
    cube 2814.253.692 (depth 2, 32 lits): UNSAT in 0.09s
    cube 2814.253.693 (depth 2, 32 lits): UNSAT in 0.08s
    cube 2814.253.694 (depth 2, 32 lits): UNSAT in 0.31s
    cube 2814.253.695 (depth 2, 32 lits): UNSAT in 0.51s
    cube 2814.253.696 (depth 2, 32 lits): UNSAT in 1.41s
    cube 2814.253.697 (depth 2, 32 lits): UNSAT in 1.08s
    cube 2814.253.698 (depth 2, 32 lits): UNSAT in 7.97s
    cube 2814.253.699 (depth 2, 32 lits): UNSAT in 0.02s
    cube 2814.253.700 (depth 2, 32 lits): UNSAT in 0.02s
    cube 2814.253.701 (depth 2, 32 lits): UNSAT in 0.02s
    cube 2814.253.702 (depth 2, 32 lits): UNSAT in 0.04s
    cube 2814.253.703 (depth 2, 32 lits): UNSAT in 0.02s
    cube 2814.253.704 (depth 2, 32 lits): UNSAT in 0.05s
    cube 2814.253.705 (depth 2, 32 lits): UNSAT in 0.11s
    cube 2814.253.706 (depth 2, 32 lits): UNSAT in 0.37s
    cube 2814.253.707 (depth 2, 32 lits): UNSAT in 0.02s
    cube 2814.253.708 (depth 2, 32 lits): UNSAT in 0.06s
    cube 2814.253.709 (depth 2, 32 lits): UNSAT in 0.05s
    cube 2814.253.710 (depth 2, 32 lits): UNSAT in 0.11s
    cube 2814.253.711 (depth 2, 32 lits): UNSAT in 0.04s
    cube 2814.253.712 (depth 2, 32 lits): UNSAT in 0.08s
    cube 2814.253.713 (depth 2, 32 lits): UNSAT in 0.07s
    cube 2814.253.714 (depth 2, 32 lits): UNSAT in 0.95s
    cube 2814.253.715 (depth 2, 32 lits): UNSAT in 0.02s
    cube 2814.253.716 (depth 2, 32 lits): UNSAT in 0.02s
    cube 2814.253.717 (depth 2, 32 lits): UNSAT in 0.02s
    cube 2814.253.718 (depth 2, 32 lits): UNSAT in 0.08s
    cube 2814.253.719 (depth 2, 32 lits): UNSAT in 0.04s
    cube 2814.253.720 (depth 2, 32 lits): UNSAT in 0.12s
    cube 2814.253.721 (depth 2, 32 lits): UNSAT in 0.10s
    cube 2814.253.722 (depth 2, 32 lits): UNSAT in 0.47s
    cube 2814.253.723 (depth 2, 32 lits): UNSAT in 0.03s
    cube 2814.253.724 (depth 2, 32 lits): UNSAT in 0.18s
    cube 2814.253.725 (depth 2, 32 lits): UNSAT in 0.17s
    cube 2814.253.726 (depth 2, 32 lits): UNSAT in 0.63s
    cube 2814.253.727 (depth 2, 32 lits): UNSAT in 0.04s
    cube 2814.253.728 (depth 2, 32 lits): UNSAT in 0.66s
    cube 2814.253.729 (depth 2, 32 lits): UNSAT in 0.40s
    cube 2814.253.730 (depth 2, 32 lits): UNSAT in 1.64s
    cube 2814.253.731 (depth 2, 32 lits): UNSAT in 0.01s
    cube 2814.253.732 (depth 2, 32 lits): UNSAT in 0.03s
    cube 2814.253.733 (depth 2, 32 lits): UNSAT in 0.04s
    cube 2814.253.734 (depth 2, 32 lits): UNSAT in 0.09s
    cube 2814.253.735 (depth 2, 32 lits): UNSAT in 0.06s
    cube 2814.253.736 (depth 2, 32 lits): UNSAT in 0.11s
    cube 2814.253.737 (depth 2, 32 lits): UNSAT in 0.08s
    cube 2814.253.738 (depth 2, 32 lits): UNSAT in 0.12s
    cube 2814.253.739 (depth 2, 32 lits): UNSAT in 0.02s
    cube 2814.253.740 (depth 2, 32 lits): UNSAT in 0.02s
    cube 2814.253.741 (depth 2, 32 lits): UNSAT in 0.07s
    cube 2814.253.742 (depth 2, 32 lits): UNSAT in 0.33s
    cube 2814.253.743 (depth 2, 32 lits): UNSAT in 0.03s
    cube 2814.253.744 (depth 2, 32 lits): UNSAT in 0.11s
    cube 2814.253.745 (depth 2, 32 lits): UNSAT in 0.18s
    cube 2814.253.746 (depth 2, 32 lits): UNSAT in 1.40s
    cube 2814.253.747 (depth 2, 32 lits): UNSAT in 0.05s
    cube 2814.253.748 (depth 2, 32 lits): UNSAT in 0.06s
    cube 2814.253.749 (depth 2, 32 lits): UNSAT in 0.09s
    cube 2814.253.750 (depth 2, 32 lits): UNSAT in 0.13s
    cube 2814.253.751 (depth 2, 32 lits): UNSAT in 0.02s
    cube 2814.253.752 (depth 2, 32 lits): UNSAT in 0.11s
    cube 2814.253.753 (depth 2, 32 lits): UNSAT in 0.30s
    cube 2814.253.754 (depth 2, 32 lits): UNSAT in 1.97s
    cube 2814.253.755 (depth 2, 32 lits): UNSAT in 0.09s
    cube 2814.253.756 (depth 2, 32 lits): UNSAT in 0.31s
    cube 2814.253.757 (depth 2, 32 lits): UNSAT in 1.09s
    cube 2814.253.758 (depth 2, 32 lits): UNSAT in 8.01s
    cube 2814.253.759 (depth 2, 32 lits): UNSAT in 0.66s
    cube 2814.253.760 (depth 2, 32 lits): UNSAT in 6.28s
    cube 2814.253.761 (depth 2, 32 lits): UNSAT in 29.58s
    cube 2814.253.762 (depth 2, 32 lits): UNSAT in 122.87s
    cube 2814.253.763 (depth 2, 32 lits): UNSAT in 0.01s
    cube 2814.253.764 (depth 2, 32 lits): UNSAT in 0.02s
    cube 2814.253.765 (depth 2, 32 lits): UNSAT in 0.02s
    cube 2814.253.766 (depth 2, 32 lits): UNSAT in 0.04s
    cube 2814.253.767 (depth 2, 32 lits): UNSAT in 0.02s
    cube 2814.253.768 (depth 2, 32 lits): UNSAT in 0.04s
    cube 2814.253.769 (depth 2, 32 lits): UNSAT in 0.11s
    cube 2814.253.770 (depth 2, 32 lits): UNSAT in 0.09s
    cube 2814.253.771 (depth 2, 32 lits): UNSAT in 0.02s
    cube 2814.253.772 (depth 2, 32 lits): UNSAT in 0.04s
    cube 2814.253.773 (depth 2, 32 lits): UNSAT in 0.04s
    cube 2814.253.774 (depth 2, 32 lits): UNSAT in 0.10s
    cube 2814.253.775 (depth 2, 32 lits): UNSAT in 0.03s
    cube 2814.253.776 (depth 2, 32 lits): UNSAT in 0.26s
    cube 2814.253.777 (depth 2, 32 lits): UNSAT in 0.09s
    cube 2814.253.778 (depth 2, 32 lits): UNSAT in 2.42s
    cube 2814.253.779 (depth 2, 32 lits): UNSAT in 0.02s
    cube 2814.253.780 (depth 2, 32 lits): UNSAT in 0.08s
    cube 2814.253.781 (depth 2, 32 lits): UNSAT in 0.09s
    cube 2814.253.782 (depth 2, 32 lits): UNSAT in 0.25s
    cube 2814.253.783 (depth 2, 32 lits): UNSAT in 0.06s
    cube 2814.253.784 (depth 2, 32 lits): UNSAT in 0.08s
    cube 2814.253.785 (depth 2, 32 lits): UNSAT in 0.22s
    cube 2814.253.786 (depth 2, 32 lits): UNSAT in 0.39s
    cube 2814.253.787 (depth 2, 32 lits): UNSAT in 0.05s
    cube 2814.253.788 (depth 2, 32 lits): UNSAT in 0.31s
    cube 2814.253.789 (depth 2, 32 lits): UNSAT in 0.33s
    cube 2814.253.790 (depth 2, 32 lits): UNSAT in 0.72s
    cube 2814.253.791 (depth 2, 32 lits): UNSAT in 0.09s
    cube 2814.253.792 (depth 2, 32 lits): UNSAT in 0.47s
    cube 2814.253.793 (depth 2, 32 lits): UNSAT in 0.77s
    cube 2814.253.794 (depth 2, 32 lits): UNSAT in 4.47s
    cube 2814.253.795 (depth 2, 32 lits): UNSAT in 0.04s
    cube 2814.253.796 (depth 2, 32 lits): UNSAT in 0.09s
    cube 2814.253.797 (depth 2, 32 lits): UNSAT in 0.08s
    cube 2814.253.798 (depth 2, 32 lits): UNSAT in 0.11s
    cube 2814.253.799 (depth 2, 32 lits): UNSAT in 0.12s
    cube 2814.253.800 (depth 2, 32 lits): UNSAT in 0.46s
    cube 2814.253.801 (depth 2, 32 lits): UNSAT in 0.34s
    cube 2814.253.802 (depth 2, 32 lits): UNSAT in 0.19s
    cube 2814.253.803 (depth 2, 32 lits): UNSAT in 0.04s
    cube 2814.253.804 (depth 2, 32 lits): UNSAT in 0.32s
    cube 2814.253.805 (depth 2, 32 lits): UNSAT in 0.34s
    cube 2814.253.806 (depth 2, 32 lits): UNSAT in 1.42s
    cube 2814.253.807 (depth 2, 32 lits): UNSAT in 0.09s
    cube 2814.253.808 (depth 2, 32 lits): UNSAT in 0.10s
    cube 2814.253.809 (depth 2, 32 lits): UNSAT in 0.12s
    cube 2814.253.810 (depth 2, 32 lits): UNSAT in 2.28s
    cube 2814.253.811 (depth 2, 32 lits): UNSAT in 0.06s
    cube 2814.253.812 (depth 2, 32 lits): UNSAT in 0.14s
    cube 2814.253.813 (depth 2, 32 lits): UNSAT in 0.12s
    cube 2814.253.814 (depth 2, 32 lits): UNSAT in 0.44s
    cube 2814.253.815 (depth 2, 32 lits): UNSAT in 0.04s
    cube 2814.253.816 (depth 2, 32 lits): UNSAT in 0.33s
    cube 2814.253.817 (depth 2, 32 lits): UNSAT in 0.46s
    cube 2814.253.818 (depth 2, 32 lits): UNSAT in 1.93s
    cube 2814.253.819 (depth 2, 32 lits): UNSAT in 0.28s
    cube 2814.253.820 (depth 2, 32 lits): UNSAT in 0.82s
    cube 2814.253.821 (depth 2, 32 lits): UNSAT in 1.02s
    cube 2814.253.822 (depth 2, 32 lits): UNSAT in 2.92s
    cube 2814.253.823 (depth 2, 32 lits): UNSAT in 0.62s
    cube 2814.253.824 (depth 2, 32 lits): UNSAT in 1.81s
    cube 2814.253.825 (depth 2, 32 lits): UNSAT in 2.85s
    cube 2814.253.826 (depth 2, 32 lits): UNSAT in 76.86s
    cube 2814.253.827 (depth 2, 32 lits): UNSAT in 0.02s
    cube 2814.253.828 (depth 2, 32 lits): UNSAT in 0.02s
    cube 2814.253.829 (depth 2, 32 lits): UNSAT in 0.02s
    cube 2814.253.830 (depth 2, 32 lits): UNSAT in 0.06s
    cube 2814.253.831 (depth 2, 32 lits): UNSAT in 0.02s
    cube 2814.253.832 (depth 2, 32 lits): UNSAT in 0.02s
    cube 2814.253.833 (depth 2, 32 lits): UNSAT in 0.04s
    cube 2814.253.834 (depth 2, 32 lits): UNSAT in 0.24s
    cube 2814.253.835 (depth 2, 32 lits): UNSAT in 0.02s
    cube 2814.253.836 (depth 2, 32 lits): UNSAT in 0.03s
    cube 2814.253.837 (depth 2, 32 lits): UNSAT in 0.03s
    cube 2814.253.838 (depth 2, 32 lits): UNSAT in 0.16s
    cube 2814.253.839 (depth 2, 32 lits): UNSAT in 0.04s
    cube 2814.253.840 (depth 2, 32 lits): UNSAT in 0.07s
    cube 2814.253.841 (depth 2, 32 lits): UNSAT in 0.15s
    cube 2814.253.842 (depth 2, 32 lits): UNSAT in 0.58s
    cube 2814.253.843 (depth 2, 32 lits): UNSAT in 0.02s
    cube 2814.253.844 (depth 2, 32 lits): UNSAT in 0.02s
    cube 2814.253.845 (depth 2, 32 lits): UNSAT in 0.03s
    cube 2814.253.846 (depth 2, 32 lits): UNSAT in 0.06s
    cube 2814.253.847 (depth 2, 32 lits): UNSAT in 0.06s
    cube 2814.253.848 (depth 2, 32 lits): UNSAT in 0.06s
    cube 2814.253.849 (depth 2, 32 lits): UNSAT in 0.08s
    cube 2814.253.850 (depth 2, 32 lits): UNSAT in 0.49s
    cube 2814.253.851 (depth 2, 32 lits): UNSAT in 0.10s
    cube 2814.253.852 (depth 2, 32 lits): UNSAT in 0.19s
    cube 2814.253.853 (depth 2, 32 lits): UNSAT in 0.08s
    cube 2814.253.854 (depth 2, 32 lits): UNSAT in 0.42s
    cube 2814.253.855 (depth 2, 32 lits): UNSAT in 0.10s
    cube 2814.253.856 (depth 2, 32 lits): UNSAT in 0.79s
    cube 2814.253.857 (depth 2, 32 lits): UNSAT in 1.16s
    cube 2814.253.858 (depth 2, 32 lits): UNSAT in 5.08s
    cube 2814.253.859 (depth 2, 32 lits): UNSAT in 0.02s
    cube 2814.253.860 (depth 2, 32 lits): UNSAT in 0.07s
    cube 2814.253.861 (depth 2, 32 lits): UNSAT in 0.11s
    cube 2814.253.862 (depth 2, 32 lits): UNSAT in 0.20s
    cube 2814.253.863 (depth 2, 32 lits): UNSAT in 0.05s
    cube 2814.253.864 (depth 2, 32 lits): UNSAT in 0.07s
    cube 2814.253.865 (depth 2, 32 lits): UNSAT in 0.20s
    cube 2814.253.866 (depth 2, 32 lits): UNSAT in 0.22s
    cube 2814.253.867 (depth 2, 32 lits): UNSAT in 0.04s
    cube 2814.253.868 (depth 2, 32 lits): UNSAT in 0.16s
    cube 2814.253.869 (depth 2, 32 lits): UNSAT in 0.11s
    cube 2814.253.870 (depth 2, 32 lits): UNSAT in 0.24s
    cube 2814.253.871 (depth 2, 32 lits): UNSAT in 0.30s
    cube 2814.253.872 (depth 2, 32 lits): UNSAT in 0.58s
    cube 2814.253.873 (depth 2, 32 lits): UNSAT in 0.61s
    cube 2814.253.874 (depth 2, 32 lits): UNSAT in 2.99s
    cube 2814.253.875 (depth 2, 32 lits): UNSAT in 0.05s
    cube 2814.253.876 (depth 2, 32 lits): UNSAT in 0.10s
    cube 2814.253.877 (depth 2, 32 lits): UNSAT in 0.12s
    cube 2814.253.878 (depth 2, 32 lits): UNSAT in 0.76s
    cube 2814.253.879 (depth 2, 32 lits): UNSAT in 0.25s
    cube 2814.253.880 (depth 2, 32 lits): UNSAT in 1.09s
    cube 2814.253.881 (depth 2, 32 lits): UNSAT in 0.56s
    cube 2814.253.882 (depth 2, 32 lits): UNSAT in 3.00s
    cube 2814.253.883 (depth 2, 32 lits): UNSAT in 0.08s
    cube 2814.253.884 (depth 2, 32 lits): UNSAT in 0.59s
    cube 2814.253.885 (depth 2, 32 lits): UNSAT in 1.00s
    cube 2814.253.886 (depth 2, 32 lits): UNSAT in 3.18s
    cube 2814.253.887 (depth 2, 32 lits): UNSAT in 0.67s
    cube 2814.253.888 (depth 2, 32 lits): UNSAT in 4.79s
    cube 2814.253.889 (depth 2, 32 lits): UNSAT in 8.66s
    cube 2814.253.890 (depth 2, 32 lits): UNSAT in 47.07s
    cube 2814.254 (depth 1, 22 lits): UNSAT in 0.01s
    cube 2814.255 (depth 1, 22 lits): UNSAT in 0.02s
    cube 2814.256 (depth 1, 22 lits): UNSAT in 0.02s
    cube 2814.257 (depth 1, 22 lits): UNSAT in 0.02s
    cube 2814.258 (depth 1, 22 lits): UNSAT in 0.02s
    cube 2814.259 (depth 1, 22 lits): UNSAT in 0.04s
    cube 2814.260 (depth 1, 22 lits): UNSAT in 0.04s
    cube 2814.261 (depth 1, 22 lits): UNSAT in 0.12s
    cube 2814.262 (depth 1, 21 lits): UNSAT in 0.02s
    cube 2814.263 (depth 1, 22 lits): UNSAT in 0.02s
    cube 2814.264 (depth 1, 22 lits): UNSAT in 0.06s
    cube 2814.265 (depth 1, 22 lits): UNSAT in 0.02s
    cube 2814.266 (depth 1, 22 lits): UNSAT in 0.05s
    cube 2814.267 (depth 1, 22 lits): UNSAT in 0.07s
    cube 2814.268 (depth 1, 22 lits): UNSAT in 0.19s
    cube 2814.269 (depth 1, 22 lits): UNSAT in 0.03s
    cube 2814.270 (depth 1, 22 lits): UNSAT in 0.07s
    cube 2814.271 (depth 1, 22 lits): UNSAT in 0.10s
    cube 2814.272 (depth 1, 22 lits): UNSAT in 0.18s
    cube 2814.273 (depth 1, 22 lits): UNSAT in 0.04s
    cube 2814.274 (depth 1, 22 lits): UNSAT in 0.29s
    cube 2814.275 (depth 1, 22 lits): UNSAT in 0.25s
    cube 2814.276 (depth 1, 22 lits): UNSAT in 1.38s
    cube 2814.277 (depth 1, 22 lits): UNSAT in 0.05s
    cube 2814.278 (depth 1, 22 lits): UNSAT in 0.07s
    cube 2814.279 (depth 1, 22 lits): UNSAT in 0.10s
    cube 2814.280 (depth 1, 22 lits): UNSAT in 0.21s
    cube 2814.281 (depth 1, 22 lits): UNSAT in 0.24s
    cube 2814.282 (depth 1, 22 lits): UNSAT in 0.46s
    cube 2814.283 (depth 1, 22 lits): UNSAT in 0.72s
    cube 2814.284 (depth 1, 22 lits): UNSAT in 1.80s
    cube 2814.285 (depth 1, 22 lits): UNSAT in 0.02s
    cube 2814.286 (depth 1, 22 lits): UNSAT in 0.03s
    cube 2814.287 (depth 1, 22 lits): UNSAT in 0.10s
    cube 2814.288 (depth 1, 22 lits): UNSAT in 0.28s
    cube 2814.289 (depth 1, 22 lits): UNSAT in 0.03s
    cube 2814.290 (depth 1, 22 lits): UNSAT in 0.08s
    cube 2814.291 (depth 1, 22 lits): UNSAT in 0.06s
    cube 2814.292 (depth 1, 22 lits): UNSAT in 0.54s
    cube 2814.293 (depth 1, 22 lits): UNSAT in 0.03s
    cube 2814.294 (depth 1, 22 lits): UNSAT in 0.14s
    cube 2814.295 (depth 1, 22 lits): UNSAT in 0.18s
    cube 2814.296 (depth 1, 22 lits): UNSAT in 1.10s
    cube 2814.297 (depth 1, 22 lits): UNSAT in 0.41s
    cube 2814.298 (depth 1, 22 lits): UNSAT in 1.57s
    cube 2814.299 (depth 1, 22 lits): UNSAT in 0.65s
    cube 2814.300 (depth 1, 22 lits): UNSAT in 4.37s
    cube 2814.301 (depth 1, 22 lits): UNSAT in 0.07s
    cube 2814.302 (depth 1, 22 lits): UNSAT in 0.30s
    cube 2814.303 (depth 1, 22 lits): UNSAT in 0.25s
    cube 2814.304 (depth 1, 22 lits): UNSAT in 0.83s
    cube 2814.305 (depth 1, 22 lits): UNSAT in 0.22s
    cube 2814.306 (depth 1, 22 lits): UNSAT in 0.84s
    cube 2814.307 (depth 1, 22 lits): UNSAT in 0.81s
    cube 2814.308 (depth 1, 22 lits): UNSAT in 23.20s
    cube 2814.309 (depth 1, 22 lits): UNSAT in 0.26s
    cube 2814.310 (depth 1, 22 lits): UNSAT in 0.44s
    cube 2814.311 (depth 1, 22 lits): UNSAT in 2.57s
    cube 2814.312 (depth 1, 22 lits): UNSAT in 11.56s
    cube 2814.313 (depth 1, 22 lits): UNSAT in 2.13s
    cube 2814.314 (depth 1, 22 lits): UNSAT in 25.57s
    cube 2814.315 (depth 1, 22 lits): UNSAT in 56.72s
    cube 2814.316 (depth 1, 22 lits): UNSAT in 612.96s
    cube 2814.317 (depth 1, 22 lits): UNSAT in 0.02s
    cube 2814.318 (depth 1, 22 lits): UNSAT in 0.04s
    cube 2814.319 (depth 1, 22 lits): UNSAT in 0.05s
    cube 2814.320 (depth 1, 22 lits): UNSAT in 0.14s
    cube 2814.321 (depth 1, 22 lits): UNSAT in 0.04s
    cube 2814.322 (depth 1, 22 lits): UNSAT in 0.08s
    cube 2814.323 (depth 1, 22 lits): UNSAT in 0.19s
    cube 2814.324 (depth 1, 22 lits): UNSAT in 0.44s
    cube 2814.325 (depth 1, 22 lits): UNSAT in 0.03s
    cube 2814.326 (depth 1, 22 lits): UNSAT in 0.28s
    cube 2814.327 (depth 1, 22 lits): UNSAT in 0.25s
    cube 2814.328 (depth 1, 22 lits): UNSAT in 1.37s
    cube 2814.329 (depth 1, 22 lits): UNSAT in 0.28s
    cube 2814.330 (depth 1, 22 lits): UNSAT in 0.75s
    cube 2814.331 (depth 1, 22 lits): UNSAT in 0.62s
    cube 2814.332 (depth 1, 22 lits): UNSAT in 11.78s
    cube 2814.333 (depth 1, 22 lits): UNSAT in 0.16s
    cube 2814.334 (depth 1, 22 lits): UNSAT in 0.34s
    cube 2814.335 (depth 1, 22 lits): UNSAT in 0.28s
    cube 2814.336 (depth 1, 22 lits): UNSAT in 1.13s
    cube 2814.337 (depth 1, 22 lits): UNSAT in 0.17s
    cube 2814.338 (depth 1, 22 lits): UNSAT in 1.30s
    cube 2814.339 (depth 1, 22 lits): UNSAT in 1.15s
    cube 2814.340 (depth 1, 22 lits): UNSAT in 8.29s
    cube 2814.341 (depth 1, 22 lits): UNSAT in 0.65s
    cube 2814.342 (depth 1, 22 lits): UNSAT in 6.60s
    cube 2814.343 (depth 1, 22 lits): UNSAT in 1.52s
    cube 2814.344 (depth 1, 22 lits): UNSAT in 6.73s
    cube 2814.345 (depth 1, 22 lits): UNSAT in 2.11s
    cube 2814.346 (depth 1, 22 lits): UNSAT in 6.97s
    cube 2814.347 (depth 1, 22 lits): UNSAT in 5.62s
    cube 2814.348 (depth 1, 22 lits): UNSAT in 72.35s
    cube 2814.349 (depth 1, 22 lits): UNSAT in 0.03s
    cube 2814.350 (depth 1, 22 lits): UNSAT in 0.16s
    cube 2814.351 (depth 1, 22 lits): UNSAT in 0.07s
    cube 2814.352 (depth 1, 22 lits): UNSAT in 0.24s
    cube 2814.353 (depth 1, 22 lits): UNSAT in 0.48s
    cube 2814.354 (depth 1, 22 lits): UNSAT in 1.00s
    cube 2814.355 (depth 1, 22 lits): UNSAT in 1.03s
    cube 2814.356 (depth 1, 22 lits): UNSAT in 20.66s
    cube 2814.357 (depth 1, 22 lits): UNSAT in 0.12s
    cube 2814.358 (depth 1, 22 lits): UNSAT in 0.36s
    cube 2814.359 (depth 1, 22 lits): UNSAT in 0.38s
    cube 2814.360 (depth 1, 22 lits): UNSAT in 1.43s
    cube 2814.361 (depth 1, 22 lits): UNSAT in 0.36s
    cube 2814.362 (depth 1, 22 lits): UNSAT in 4.59s
    cube 2814.363 (depth 1, 22 lits): UNSAT in 5.49s
    cube 2814.364 (depth 1, 22 lits): UNSAT in 251.19s
    cube 2814.365 (depth 1, 22 lits): UNSAT in 0.05s
    cube 2814.366 (depth 1, 22 lits): UNSAT in 0.14s
    cube 2814.367 (depth 1, 22 lits): UNSAT in 0.33s
    cube 2814.368 (depth 1, 22 lits): UNSAT in 1.22s
    cube 2814.369 (depth 1, 22 lits): UNSAT in 0.63s
    cube 2814.370 (depth 1, 22 lits): UNSAT in 4.67s
    cube 2814.371 (depth 1, 22 lits): UNSAT in 9.11s
    cube 2814.372 (depth 1, 22 lits): UNSAT in 360.75s
    cube 2814.373 (depth 1, 22 lits): UNSAT in 2.18s
    cube 2814.374 (depth 1, 22 lits): UNSAT in 5.75s
    cube 2814.375 (depth 1, 22 lits): UNSAT in 29.39s
    cube 2814.376 (depth 1, 22 lits): UNSAT in 678.89s
    cube 2814.377 (depth 1, 22 lits): UNSAT in 21.26s
    cube 2814.378 (depth 1, 22 lits): UNSAT in 742.59s
    cube 2814.379 (depth 1, 22 lits): TIMEOUT in 1200.10s
    cube 2814.379 TIMEOUT -> re-split into 714 sub-cubes (depth 2)
    cube 2814.379.0 (depth 2, 27 lits): UNSAT in 0.02s
    cube 2814.379.1 (depth 2, 28 lits): UNSAT in 0.02s
    cube 2814.379.2 (depth 2, 30 lits): UNSAT in 0.01s
    cube 2814.379.3 (depth 2, 31 lits): UNSAT in 0.02s
    cube 2814.379.4 (depth 2, 32 lits): UNSAT in 0.02s
    cube 2814.379.5 (depth 2, 32 lits): UNSAT in 0.02s
    cube 2814.379.6 (depth 2, 31 lits): UNSAT in 0.01s
    cube 2814.379.7 (depth 2, 31 lits): UNSAT in 0.02s
    cube 2814.379.8 (depth 2, 32 lits): UNSAT in 0.02s
    cube 2814.379.9 (depth 2, 32 lits): UNSAT in 0.02s
    cube 2814.379.10 (depth 2, 31 lits): UNSAT in 0.02s
    cube 2814.379.11 (depth 2, 29 lits): UNSAT in 0.01s
    cube 2814.379.12 (depth 2, 30 lits): UNSAT in 0.02s
    cube 2814.379.13 (depth 2, 30 lits): UNSAT in 0.02s
    cube 2814.379.14 (depth 2, 30 lits): UNSAT in 0.02s
    cube 2814.379.15 (depth 2, 30 lits): UNSAT in 0.02s
    cube 2814.379.16 (depth 2, 30 lits): UNSAT in 0.01s
    cube 2814.379.17 (depth 2, 32 lits): UNSAT in 0.01s
    cube 2814.379.18 (depth 2, 32 lits): UNSAT in 0.02s
    cube 2814.379.19 (depth 2, 32 lits): UNSAT in 0.02s
    cube 2814.379.20 (depth 2, 32 lits): UNSAT in 0.02s
    cube 2814.379.21 (depth 2, 30 lits): UNSAT in 0.01s
    cube 2814.379.22 (depth 2, 30 lits): UNSAT in 0.01s
    cube 2814.379.23 (depth 2, 31 lits): UNSAT in 0.02s
    cube 2814.379.24 (depth 2, 32 lits): UNSAT in 0.02s
    cube 2814.379.25 (depth 2, 32 lits): UNSAT in 0.03s
    cube 2814.379.26 (depth 2, 32 lits): UNSAT in 0.01s
    cube 2814.379.27 (depth 2, 32 lits): UNSAT in 0.02s
    cube 2814.379.28 (depth 2, 32 lits): UNSAT in 0.02s
    cube 2814.379.29 (depth 2, 32 lits): UNSAT in 0.04s
    cube 2814.379.30 (depth 2, 31 lits): UNSAT in 0.01s
    cube 2814.379.31 (depth 2, 31 lits): UNSAT in 0.02s
    cube 2814.379.32 (depth 2, 31 lits): UNSAT in 0.02s
    cube 2814.379.33 (depth 2, 32 lits): UNSAT in 0.02s
    cube 2814.379.34 (depth 2, 32 lits): UNSAT in 0.04s
    cube 2814.379.35 (depth 2, 31 lits): UNSAT in 0.02s
    cube 2814.379.36 (depth 2, 32 lits): UNSAT in 0.03s
    cube 2814.379.37 (depth 2, 32 lits): UNSAT in 0.05s
    cube 2814.379.38 (depth 2, 32 lits): UNSAT in 0.04s
    cube 2814.379.39 (depth 2, 32 lits): UNSAT in 0.07s
    cube 2814.379.40 (depth 2, 32 lits): UNSAT in 0.07s
    cube 2814.379.41 (depth 2, 32 lits): UNSAT in 0.06s
    cube 2814.379.42 (depth 2, 30 lits): UNSAT in 0.01s
    cube 2814.379.43 (depth 2, 30 lits): UNSAT in 0.02s
    cube 2814.379.44 (depth 2, 30 lits): UNSAT in 0.02s
    cube 2814.379.45 (depth 2, 31 lits): UNSAT in 0.01s
    cube 2814.379.46 (depth 2, 32 lits): UNSAT in 0.01s
    cube 2814.379.47 (depth 2, 32 lits): UNSAT in 0.02s
    cube 2814.379.48 (depth 2, 30 lits): UNSAT in 0.02s
    cube 2814.379.49 (depth 2, 30 lits): UNSAT in 0.02s
    cube 2814.379.50 (depth 2, 32 lits): UNSAT in 0.02s
    cube 2814.379.51 (depth 2, 32 lits): UNSAT in 0.02s
    cube 2814.379.52 (depth 2, 32 lits): UNSAT in 0.02s
    cube 2814.379.53 (depth 2, 32 lits): UNSAT in 0.03s
    cube 2814.379.54 (depth 2, 32 lits): UNSAT in 0.02s
    cube 2814.379.55 (depth 2, 32 lits): UNSAT in 0.02s
    cube 2814.379.56 (depth 2, 32 lits): UNSAT in 0.02s
    cube 2814.379.57 (depth 2, 32 lits): UNSAT in 0.02s
    cube 2814.379.58 (depth 2, 29 lits): UNSAT in 0.01s
    cube 2814.379.59 (depth 2, 30 lits): UNSAT in 0.01s
    cube 2814.379.60 (depth 2, 30 lits): UNSAT in 0.02s
    cube 2814.379.61 (depth 2, 30 lits): UNSAT in 0.01s
    cube 2814.379.62 (depth 2, 30 lits): UNSAT in 0.02s
    cube 2814.379.63 (depth 2, 30 lits): UNSAT in 0.01s
    cube 2814.379.64 (depth 2, 31 lits): UNSAT in 0.01s
    cube 2814.379.65 (depth 2, 31 lits): UNSAT in 0.02s
    cube 2814.379.66 (depth 2, 29 lits): UNSAT in 0.02s
    cube 2814.379.67 (depth 2, 30 lits): UNSAT in 0.02s
    cube 2814.379.68 (depth 2, 31 lits): UNSAT in 0.02s
    cube 2814.379.69 (depth 2, 32 lits): UNSAT in 0.01s
    cube 2814.379.70 (depth 2, 32 lits): UNSAT in 0.02s
    cube 2814.379.71 (depth 2, 32 lits): UNSAT in 0.01s
    cube 2814.379.72 (depth 2, 32 lits): UNSAT in 0.02s
    cube 2814.379.73 (depth 2, 32 lits): UNSAT in 0.02s
    cube 2814.379.74 (depth 2, 32 lits): UNSAT in 0.02s
    cube 2814.379.75 (depth 2, 32 lits): UNSAT in 0.01s
    cube 2814.379.76 (depth 2, 32 lits): UNSAT in 0.02s
    cube 2814.379.77 (depth 2, 31 lits): UNSAT in 0.01s
    cube 2814.379.78 (depth 2, 32 lits): UNSAT in 0.02s
    cube 2814.379.79 (depth 2, 32 lits): UNSAT in 0.04s
    cube 2814.379.80 (depth 2, 32 lits): UNSAT in 0.03s
    cube 2814.379.81 (depth 2, 32 lits): UNSAT in 0.09s
    cube 2814.379.82 (depth 2, 32 lits): UNSAT in 0.04s
    cube 2814.379.83 (depth 2, 32 lits): UNSAT in 0.10s
    cube 2814.379.84 (depth 2, 32 lits): UNSAT in 0.06s
    cube 2814.379.85 (depth 2, 32 lits): UNSAT in 0.16s
    cube 2814.379.86 (depth 2, 32 lits): UNSAT in 0.01s
    cube 2814.379.87 (depth 2, 32 lits): UNSAT in 0.02s
    cube 2814.379.88 (depth 2, 31 lits): UNSAT in 0.02s
    cube 2814.379.89 (depth 2, 31 lits): UNSAT in 0.02s
    cube 2814.379.90 (depth 2, 32 lits): UNSAT in 0.01s
    cube 2814.379.91 (depth 2, 32 lits): UNSAT in 0.02s
    cube 2814.379.92 (depth 2, 32 lits): UNSAT in 0.02s
    cube 2814.379.93 (depth 2, 32 lits): UNSAT in 0.02s
    cube 2814.379.94 (depth 2, 32 lits): UNSAT in 0.03s
    cube 2814.379.95 (depth 2, 32 lits): UNSAT in 0.04s
    cube 2814.379.96 (depth 2, 32 lits): UNSAT in 0.02s
    cube 2814.379.97 (depth 2, 32 lits): UNSAT in 0.04s
    cube 2814.379.98 (depth 2, 32 lits): UNSAT in 0.07s
    cube 2814.379.99 (depth 2, 32 lits): UNSAT in 0.10s
    cube 2814.379.100 (depth 2, 32 lits): UNSAT in 0.01s
    cube 2814.379.101 (depth 2, 32 lits): UNSAT in 0.03s
    cube 2814.379.102 (depth 2, 32 lits): UNSAT in 0.02s
    cube 2814.379.103 (depth 2, 32 lits): UNSAT in 0.03s
    cube 2814.379.104 (depth 2, 32 lits): UNSAT in 0.02s
    cube 2814.379.105 (depth 2, 32 lits): UNSAT in 0.02s
    cube 2814.379.106 (depth 2, 32 lits): UNSAT in 0.03s
    cube 2814.379.107 (depth 2, 32 lits): UNSAT in 0.05s
    cube 2814.379.108 (depth 2, 32 lits): UNSAT in 0.03s
    cube 2814.379.109 (depth 2, 32 lits): UNSAT in 0.08s
    cube 2814.379.110 (depth 2, 32 lits): UNSAT in 0.03s
    cube 2814.379.111 (depth 2, 32 lits): UNSAT in 0.11s
    cube 2814.379.112 (depth 2, 32 lits): UNSAT in 0.13s
    cube 2814.379.113 (depth 2, 32 lits): UNSAT in 0.28s
    cube 2814.379.114 (depth 2, 32 lits): UNSAT in 0.36s
    cube 2814.379.115 (depth 2, 32 lits): UNSAT in 0.20s
    cube 2814.379.116 (depth 2, 28 lits): UNSAT in 0.02s
    cube 2814.379.117 (depth 2, 30 lits): UNSAT in 0.01s
    cube 2814.379.118 (depth 2, 30 lits): UNSAT in 0.02s
    cube 2814.379.119 (depth 2, 31 lits): UNSAT in 0.02s
    cube 2814.379.120 (depth 2, 31 lits): UNSAT in 0.02s
    cube 2814.379.121 (depth 2, 32 lits): UNSAT in 0.02s
    cube 2814.379.122 (depth 2, 32 lits): UNSAT in 0.02s
    cube 2814.379.123 (depth 2, 32 lits): UNSAT in 0.03s
    cube 2814.379.124 (depth 2, 32 lits): UNSAT in 0.02s
    cube 2814.379.125 (depth 2, 30 lits): UNSAT in 0.01s
    cube 2814.379.126 (depth 2, 31 lits): UNSAT in 0.01s
    cube 2814.379.127 (depth 2, 31 lits): UNSAT in 0.02s
    cube 2814.379.128 (depth 2, 31 lits): UNSAT in 0.01s
    cube 2814.379.129 (depth 2, 32 lits): UNSAT in 0.01s
    cube 2814.379.130 (depth 2, 32 lits): UNSAT in 0.02s
    cube 2814.379.131 (depth 2, 32 lits): UNSAT in 0.02s
    cube 2814.379.132 (depth 2, 32 lits): UNSAT in 0.02s
    cube 2814.379.133 (depth 2, 32 lits): UNSAT in 0.03s
    cube 2814.379.134 (depth 2, 32 lits): UNSAT in 0.04s
    cube 2814.379.135 (depth 2, 32 lits): UNSAT in 0.01s
    cube 2814.379.136 (depth 2, 32 lits): UNSAT in 0.02s
    cube 2814.379.137 (depth 2, 32 lits): UNSAT in 0.02s
    cube 2814.379.138 (depth 2, 32 lits): UNSAT in 0.04s
    cube 2814.379.139 (depth 2, 32 lits): UNSAT in 0.02s
    cube 2814.379.140 (depth 2, 32 lits): UNSAT in 0.03s
    cube 2814.379.141 (depth 2, 32 lits): UNSAT in 0.04s
    cube 2814.379.142 (depth 2, 32 lits): UNSAT in 0.07s
    cube 2814.379.143 (depth 2, 32 lits): UNSAT in 0.02s
    cube 2814.379.144 (depth 2, 32 lits): UNSAT in 0.02s
    cube 2814.379.145 (depth 2, 32 lits): UNSAT in 0.02s
    cube 2814.379.146 (depth 2, 32 lits): UNSAT in 0.07s
    cube 2814.379.147 (depth 2, 32 lits): UNSAT in 0.01s
    cube 2814.379.148 (depth 2, 32 lits): UNSAT in 0.02s
    cube 2814.379.149 (depth 2, 32 lits): UNSAT in 0.02s
    cube 2814.379.150 (depth 2, 32 lits): UNSAT in 0.05s
    cube 2814.379.151 (depth 2, 32 lits): UNSAT in 0.02s
    cube 2814.379.152 (depth 2, 32 lits): UNSAT in 0.02s
    cube 2814.379.153 (depth 2, 32 lits): UNSAT in 0.02s
    cube 2814.379.154 (depth 2, 32 lits): UNSAT in 0.02s
    cube 2814.379.155 (depth 2, 32 lits): UNSAT in 0.01s
    cube 2814.379.156 (depth 2, 32 lits): UNSAT in 0.02s
    cube 2814.379.157 (depth 2, 32 lits): UNSAT in 0.02s
    cube 2814.379.158 (depth 2, 32 lits): UNSAT in 0.03s
    cube 2814.379.159 (depth 2, 32 lits): UNSAT in 0.02s
    cube 2814.379.160 (depth 2, 32 lits): UNSAT in 0.02s
    cube 2814.379.161 (depth 2, 32 lits): UNSAT in 0.02s
    cube 2814.379.162 (depth 2, 32 lits): UNSAT in 0.03s
    cube 2814.379.163 (depth 2, 32 lits): UNSAT in 0.02s
    cube 2814.379.164 (depth 2, 32 lits): UNSAT in 0.02s
    cube 2814.379.165 (depth 2, 32 lits): UNSAT in 0.03s
    cube 2814.379.166 (depth 2, 32 lits): UNSAT in 0.03s
    cube 2814.379.167 (depth 2, 32 lits): UNSAT in 0.01s
    cube 2814.379.168 (depth 2, 32 lits): UNSAT in 0.01s
    cube 2814.379.169 (depth 2, 32 lits): UNSAT in 0.01s
    cube 2814.379.170 (depth 2, 32 lits): UNSAT in 0.02s
    cube 2814.379.171 (depth 2, 31 lits): UNSAT in 0.01s
    cube 2814.379.172 (depth 2, 32 lits): UNSAT in 0.02s
    cube 2814.379.173 (depth 2, 32 lits): UNSAT in 0.05s
    cube 2814.379.174 (depth 2, 32 lits): UNSAT in 0.02s
    cube 2814.379.175 (depth 2, 32 lits): UNSAT in 0.03s
    cube 2814.379.176 (depth 2, 32 lits): UNSAT in 0.06s
    cube 2814.379.177 (depth 2, 32 lits): UNSAT in 0.12s
    cube 2814.379.178 (depth 2, 32 lits): UNSAT in 0.02s
    cube 2814.379.179 (depth 2, 32 lits): UNSAT in 0.04s
    cube 2814.379.180 (depth 2, 32 lits): UNSAT in 0.01s
    cube 2814.379.181 (depth 2, 32 lits): UNSAT in 0.05s
    cube 2814.379.182 (depth 2, 31 lits): UNSAT in 0.01s
    cube 2814.379.183 (depth 2, 32 lits): UNSAT in 0.01s
    cube 2814.379.184 (depth 2, 32 lits): UNSAT in 0.01s
    cube 2814.379.185 (depth 2, 32 lits): UNSAT in 0.01s
    cube 2814.379.186 (depth 2, 32 lits): UNSAT in 0.02s
    cube 2814.379.187 (depth 2, 31 lits): UNSAT in 0.02s
    cube 2814.379.188 (depth 2, 32 lits): UNSAT in 0.02s
    cube 2814.379.189 (depth 2, 32 lits): UNSAT in 0.01s
    cube 2814.379.190 (depth 2, 32 lits): UNSAT in 0.03s
    cube 2814.379.191 (depth 2, 32 lits): UNSAT in 0.03s
    cube 2814.379.192 (depth 2, 32 lits): UNSAT in 0.02s
    cube 2814.379.193 (depth 2, 32 lits): UNSAT in 0.03s
    cube 2814.379.194 (depth 2, 32 lits): UNSAT in 0.04s
    cube 2814.379.195 (depth 2, 32 lits): UNSAT in 0.03s
    cube 2814.379.196 (depth 2, 32 lits): UNSAT in 0.01s
    cube 2814.379.197 (depth 2, 32 lits): UNSAT in 0.02s
    cube 2814.379.198 (depth 2, 32 lits): UNSAT in 0.01s
    cube 2814.379.199 (depth 2, 32 lits): UNSAT in 0.02s
    cube 2814.379.200 (depth 2, 32 lits): UNSAT in 0.02s
    cube 2814.379.201 (depth 2, 32 lits): UNSAT in 0.03s
    cube 2814.379.202 (depth 2, 32 lits): UNSAT in 0.02s
    cube 2814.379.203 (depth 2, 32 lits): UNSAT in 0.03s
    cube 2814.379.204 (depth 2, 32 lits): UNSAT in 0.02s
    cube 2814.379.205 (depth 2, 32 lits): UNSAT in 0.09s
    cube 2814.379.206 (depth 2, 32 lits): UNSAT in 0.10s
    cube 2814.379.207 (depth 2, 32 lits): UNSAT in 0.10s
    cube 2814.379.208 (depth 2, 32 lits): UNSAT in 0.04s
    cube 2814.379.209 (depth 2, 32 lits): UNSAT in 0.09s
    cube 2814.379.210 (depth 2, 32 lits): UNSAT in 0.24s
    cube 2814.379.211 (depth 2, 32 lits): UNSAT in 0.08s
    cube 2814.379.212 (depth 2, 30 lits): UNSAT in 0.01s
    cube 2814.379.213 (depth 2, 30 lits): UNSAT in 0.01s
    cube 2814.379.214 (depth 2, 31 lits): UNSAT in 0.01s
    cube 2814.379.215 (depth 2, 31 lits): UNSAT in 0.02s
    cube 2814.379.216 (depth 2, 32 lits): UNSAT in 0.01s
    cube 2814.379.217 (depth 2, 32 lits): UNSAT in 0.02s
    cube 2814.379.218 (depth 2, 32 lits): UNSAT in 0.02s
    cube 2814.379.219 (depth 2, 32 lits): UNSAT in 0.02s
    cube 2814.379.220 (depth 2, 31 lits): UNSAT in 0.01s
    cube 2814.379.221 (depth 2, 32 lits): UNSAT in 0.02s
    cube 2814.379.222 (depth 2, 32 lits): UNSAT in 0.02s
    cube 2814.379.223 (depth 2, 32 lits): UNSAT in 0.02s
    cube 2814.379.224 (depth 2, 32 lits): UNSAT in 0.02s
    cube 2814.379.225 (depth 2, 32 lits): UNSAT in 0.01s
    cube 2814.379.226 (depth 2, 32 lits): UNSAT in 0.02s
    cube 2814.379.227 (depth 2, 32 lits): UNSAT in 0.01s
    cube 2814.379.228 (depth 2, 32 lits): UNSAT in 0.02s
    cube 2814.379.229 (depth 2, 32 lits): UNSAT in 0.02s
    cube 2814.379.230 (depth 2, 32 lits): UNSAT in 0.02s
    cube 2814.379.231 (depth 2, 32 lits): UNSAT in 0.01s
    cube 2814.379.232 (depth 2, 32 lits): UNSAT in 0.02s
    cube 2814.379.233 (depth 2, 32 lits): UNSAT in 0.03s
    cube 2814.379.234 (depth 2, 32 lits): UNSAT in 0.09s
    cube 2814.379.235 (depth 2, 32 lits): UNSAT in 0.01s
    cube 2814.379.236 (depth 2, 32 lits): UNSAT in 0.01s
    cube 2814.379.237 (depth 2, 32 lits): UNSAT in 0.01s
    cube 2814.379.238 (depth 2, 32 lits): UNSAT in 0.01s
    cube 2814.379.239 (depth 2, 32 lits): UNSAT in 0.02s
    cube 2814.379.240 (depth 2, 32 lits): UNSAT in 0.02s
    cube 2814.379.241 (depth 2, 32 lits): UNSAT in 0.01s
    cube 2814.379.242 (depth 2, 32 lits): UNSAT in 0.02s
    cube 2814.379.243 (depth 2, 32 lits): UNSAT in 0.02s
    cube 2814.379.244 (depth 2, 32 lits): UNSAT in 0.01s
    cube 2814.379.245 (depth 2, 32 lits): UNSAT in 0.01s
    cube 2814.379.246 (depth 2, 32 lits): UNSAT in 0.02s
    cube 2814.379.247 (depth 2, 32 lits): UNSAT in 0.02s
    cube 2814.379.248 (depth 2, 32 lits): UNSAT in 0.02s
    cube 2814.379.249 (depth 2, 32 lits): UNSAT in 0.02s
    cube 2814.379.250 (depth 2, 32 lits): UNSAT in 0.01s
    cube 2814.379.251 (depth 2, 32 lits): UNSAT in 0.02s
    cube 2814.379.252 (depth 2, 32 lits): UNSAT in 0.02s
    cube 2814.379.253 (depth 2, 32 lits): UNSAT in 0.02s
    cube 2814.379.254 (depth 2, 32 lits): UNSAT in 0.02s
    cube 2814.379.255 (depth 2, 31 lits): UNSAT in 0.02s
    cube 2814.379.256 (depth 2, 32 lits): UNSAT in 0.03s
    cube 2814.379.257 (depth 2, 32 lits): UNSAT in 0.05s
    cube 2814.379.258 (depth 2, 32 lits): UNSAT in 0.01s
    cube 2814.379.259 (depth 2, 32 lits): UNSAT in 0.02s
    cube 2814.379.260 (depth 2, 32 lits): UNSAT in 0.02s
    cube 2814.379.261 (depth 2, 32 lits): UNSAT in 0.03s
    cube 2814.379.262 (depth 2, 32 lits): UNSAT in 0.04s
    cube 2814.379.263 (depth 2, 32 lits): UNSAT in 0.07s
    cube 2814.379.264 (depth 2, 32 lits): UNSAT in 0.06s
    cube 2814.379.265 (depth 2, 32 lits): UNSAT in 0.23s
    cube 2814.379.266 (depth 2, 31 lits): UNSAT in 0.01s
    cube 2814.379.267 (depth 2, 31 lits): UNSAT in 0.01s
    cube 2814.379.268 (depth 2, 31 lits): UNSAT in 0.02s
    cube 2814.379.269 (depth 2, 32 lits): UNSAT in 0.02s
    cube 2814.379.270 (depth 2, 32 lits): UNSAT in 0.02s
    cube 2814.379.271 (depth 2, 32 lits): UNSAT in 0.01s
    cube 2814.379.272 (depth 2, 32 lits): UNSAT in 0.02s
    cube 2814.379.273 (depth 2, 32 lits): UNSAT in 0.01s
    cube 2814.379.274 (depth 2, 32 lits): UNSAT in 0.02s
    cube 2814.379.275 (depth 2, 32 lits): UNSAT in 0.02s
    cube 2814.379.276 (depth 2, 32 lits): UNSAT in 0.04s
    cube 2814.379.277 (depth 2, 32 lits): UNSAT in 0.05s
    cube 2814.379.278 (depth 2, 32 lits): UNSAT in 0.09s
    cube 2814.379.279 (depth 2, 30 lits): UNSAT in 0.02s
    cube 2814.379.280 (depth 2, 32 lits): UNSAT in 0.02s
    cube 2814.379.281 (depth 2, 32 lits): UNSAT in 0.02s
    cube 2814.379.282 (depth 2, 32 lits): UNSAT in 0.02s
    cube 2814.379.283 (depth 2, 32 lits): UNSAT in 0.05s
    cube 2814.379.284 (depth 2, 32 lits): UNSAT in 0.01s
    cube 2814.379.285 (depth 2, 32 lits): UNSAT in 0.02s
    cube 2814.379.286 (depth 2, 32 lits): UNSAT in 0.04s
    cube 2814.379.287 (depth 2, 32 lits): UNSAT in 0.06s
    cube 2814.379.288 (depth 2, 32 lits): UNSAT in 0.05s
    cube 2814.379.289 (depth 2, 32 lits): UNSAT in 0.07s
    cube 2814.379.290 (depth 2, 32 lits): UNSAT in 0.07s
    cube 2814.379.291 (depth 2, 32 lits): UNSAT in 0.10s
    cube 2814.379.292 (depth 2, 31 lits): UNSAT in 0.01s
    cube 2814.379.293 (depth 2, 32 lits): UNSAT in 0.01s
    cube 2814.379.294 (depth 2, 32 lits): UNSAT in 0.03s
    cube 2814.379.295 (depth 2, 32 lits): UNSAT in 0.02s
    cube 2814.379.296 (depth 2, 32 lits): UNSAT in 0.03s
    cube 2814.379.297 (depth 2, 32 lits): UNSAT in 0.04s
    cube 2814.379.298 (depth 2, 32 lits): UNSAT in 0.10s
    cube 2814.379.299 (depth 2, 32 lits): UNSAT in 0.02s
    cube 2814.379.300 (depth 2, 32 lits): UNSAT in 0.02s
    cube 2814.379.301 (depth 2, 32 lits): UNSAT in 0.05s
    cube 2814.379.302 (depth 2, 32 lits): UNSAT in 0.04s
    cube 2814.379.303 (depth 2, 32 lits): UNSAT in 0.05s
    cube 2814.379.304 (depth 2, 32 lits): UNSAT in 0.08s
    cube 2814.379.305 (depth 2, 32 lits): UNSAT in 0.04s
    cube 2814.379.306 (depth 2, 32 lits): UNSAT in 0.05s
    cube 2814.379.307 (depth 2, 31 lits): UNSAT in 0.01s
    cube 2814.379.308 (depth 2, 32 lits): UNSAT in 0.02s
    cube 2814.379.309 (depth 2, 32 lits): UNSAT in 0.06s
    cube 2814.379.310 (depth 2, 32 lits): UNSAT in 0.06s
    cube 2814.379.311 (depth 2, 32 lits): UNSAT in 0.14s
    cube 2814.379.312 (depth 2, 32 lits): UNSAT in 0.11s
    cube 2814.379.313 (depth 2, 32 lits): UNSAT in 0.16s
    cube 2814.379.314 (depth 2, 32 lits): UNSAT in 0.03s
    cube 2814.379.315 (depth 2, 32 lits): UNSAT in 0.07s
    cube 2814.379.316 (depth 2, 32 lits): UNSAT in 0.04s
    cube 2814.379.317 (depth 2, 32 lits): UNSAT in 0.05s
    cube 2814.379.318 (depth 2, 32 lits): UNSAT in 0.10s
    cube 2814.379.319 (depth 2, 32 lits): UNSAT in 0.46s
    cube 2814.379.320 (depth 2, 32 lits): UNSAT in 0.47s
    cube 2814.379.321 (depth 2, 32 lits): UNSAT in 0.32s
    cube 2814.379.322 (depth 2, 29 lits): UNSAT in 0.01s
    cube 2814.379.323 (depth 2, 30 lits): UNSAT in 0.02s
    cube 2814.379.324 (depth 2, 31 lits): UNSAT in 0.02s
    cube 2814.379.325 (depth 2, 31 lits): UNSAT in 0.02s
    cube 2814.379.326 (depth 2, 31 lits): UNSAT in 0.01s
    cube 2814.379.327 (depth 2, 32 lits): UNSAT in 0.01s
    cube 2814.379.328 (depth 2, 32 lits): UNSAT in 0.01s
    cube 2814.379.329 (depth 2, 30 lits): UNSAT in 0.01s
    cube 2814.379.330 (depth 2, 29 lits): UNSAT in 0.02s
    cube 2814.379.331 (depth 2, 30 lits): UNSAT in 0.02s
    cube 2814.379.332 (depth 2, 31 lits): UNSAT in 0.01s
    cube 2814.379.333 (depth 2, 31 lits): UNSAT in 0.01s
    cube 2814.379.334 (depth 2, 31 lits): UNSAT in 0.01s
    cube 2814.379.335 (depth 2, 31 lits): UNSAT in 0.02s
    cube 2814.379.336 (depth 2, 31 lits): UNSAT in 0.02s
    cube 2814.379.337 (depth 2, 32 lits): UNSAT in 0.02s
    cube 2814.379.338 (depth 2, 32 lits): UNSAT in 0.02s
    cube 2814.379.339 (depth 2, 32 lits): UNSAT in 0.01s
    cube 2814.379.340 (depth 2, 32 lits): UNSAT in 0.02s
    cube 2814.379.341 (depth 2, 31 lits): UNSAT in 0.02s
    cube 2814.379.342 (depth 2, 30 lits): UNSAT in 0.01s
    cube 2814.379.343 (depth 2, 31 lits): UNSAT in 0.02s
    cube 2814.379.344 (depth 2, 32 lits): UNSAT in 0.01s
    cube 2814.379.345 (depth 2, 32 lits): UNSAT in 0.02s
    cube 2814.379.346 (depth 2, 32 lits): UNSAT in 0.02s
    cube 2814.379.347 (depth 2, 32 lits): UNSAT in 0.07s
    cube 2814.379.348 (depth 2, 32 lits): UNSAT in 0.03s
    cube 2814.379.349 (depth 2, 32 lits): UNSAT in 0.06s
    cube 2814.379.350 (depth 2, 30 lits): UNSAT in 0.01s
    cube 2814.379.351 (depth 2, 31 lits): UNSAT in 0.02s
    cube 2814.379.352 (depth 2, 31 lits): UNSAT in 0.02s
    cube 2814.379.353 (depth 2, 30 lits): UNSAT in 0.02s
    cube 2814.379.354 (depth 2, 30 lits): UNSAT in 0.02s
    cube 2814.379.355 (depth 2, 32 lits): UNSAT in 0.01s
    cube 2814.379.356 (depth 2, 32 lits): UNSAT in 0.02s
    cube 2814.379.357 (depth 2, 32 lits): UNSAT in 0.02s
    cube 2814.379.358 (depth 2, 32 lits): UNSAT in 0.01s
    cube 2814.379.359 (depth 2, 30 lits): UNSAT in 0.02s
    cube 2814.379.360 (depth 2, 32 lits): UNSAT in 0.02s
    cube 2814.379.361 (depth 2, 32 lits): UNSAT in 0.02s
    cube 2814.379.362 (depth 2, 32 lits): UNSAT in 0.02s
    cube 2814.379.363 (depth 2, 32 lits): UNSAT in 0.01s
    cube 2814.379.364 (depth 2, 32 lits): UNSAT in 0.03s
    cube 2814.379.365 (depth 2, 32 lits): UNSAT in 0.03s
    cube 2814.379.366 (depth 2, 31 lits): UNSAT in 0.02s
    cube 2814.379.367 (depth 2, 30 lits): UNSAT in 0.01s
    cube 2814.379.368 (depth 2, 31 lits): UNSAT in 0.01s
    cube 2814.379.369 (depth 2, 32 lits): UNSAT in 0.01s
    cube 2814.379.370 (depth 2, 32 lits): UNSAT in 0.02s
    cube 2814.379.371 (depth 2, 31 lits): UNSAT in 0.02s
    cube 2814.379.372 (depth 2, 32 lits): UNSAT in 0.01s
    cube 2814.379.373 (depth 2, 32 lits): UNSAT in 0.03s
    cube 2814.379.374 (depth 2, 32 lits): UNSAT in 0.02s
    cube 2814.379.375 (depth 2, 32 lits): UNSAT in 0.02s
    cube 2814.379.376 (depth 2, 32 lits): UNSAT in 0.02s
    cube 2814.379.377 (depth 2, 32 lits): UNSAT in 0.03s
    cube 2814.379.378 (depth 2, 31 lits): UNSAT in 0.01s
    cube 2814.379.379 (depth 2, 31 lits): UNSAT in 0.02s
    cube 2814.379.380 (depth 2, 32 lits): UNSAT in 0.01s
    cube 2814.379.381 (depth 2, 32 lits): UNSAT in 0.02s
    cube 2814.379.382 (depth 2, 31 lits): UNSAT in 0.01s
    cube 2814.379.383 (depth 2, 32 lits): UNSAT in 0.01s
    cube 2814.379.384 (depth 2, 32 lits): UNSAT in 0.02s
    cube 2814.379.385 (depth 2, 32 lits): UNSAT in 0.02s
    cube 2814.379.386 (depth 2, 32 lits): UNSAT in 0.02s
    cube 2814.379.387 (depth 2, 32 lits): UNSAT in 0.03s
    cube 2814.379.388 (depth 2, 32 lits): UNSAT in 0.06s
    cube 2814.379.389 (depth 2, 32 lits): UNSAT in 0.08s
    cube 2814.379.390 (depth 2, 32 lits): UNSAT in 0.10s
    cube 2814.379.391 (depth 2, 31 lits): UNSAT in 0.01s
    cube 2814.379.392 (depth 2, 31 lits): UNSAT in 0.02s
    cube 2814.379.393 (depth 2, 31 lits): UNSAT in 0.01s
    cube 2814.379.394 (depth 2, 32 lits): UNSAT in 0.02s
    cube 2814.379.395 (depth 2, 32 lits): UNSAT in 0.04s
    cube 2814.379.396 (depth 2, 30 lits): UNSAT in 0.01s
    cube 2814.379.397 (depth 2, 32 lits): UNSAT in 0.01s
    cube 2814.379.398 (depth 2, 32 lits): UNSAT in 0.02s
    cube 2814.379.399 (depth 2, 32 lits): UNSAT in 0.02s
    cube 2814.379.400 (depth 2, 32 lits): UNSAT in 0.03s
    cube 2814.379.401 (depth 2, 31 lits): UNSAT in 0.02s
    cube 2814.379.402 (depth 2, 32 lits): UNSAT in 0.01s
    cube 2814.379.403 (depth 2, 32 lits): UNSAT in 0.02s
    cube 2814.379.404 (depth 2, 32 lits): UNSAT in 0.01s
    cube 2814.379.405 (depth 2, 32 lits): UNSAT in 0.02s
    cube 2814.379.406 (depth 2, 32 lits): UNSAT in 0.02s
    cube 2814.379.407 (depth 2, 32 lits): UNSAT in 0.05s
    cube 2814.379.408 (depth 2, 31 lits): UNSAT in 0.02s
    cube 2814.379.409 (depth 2, 31 lits): UNSAT in 0.02s
    cube 2814.379.410 (depth 2, 32 lits): UNSAT in 0.01s
    cube 2814.379.411 (depth 2, 32 lits): UNSAT in 0.02s
    cube 2814.379.412 (depth 2, 32 lits): UNSAT in 0.03s
    cube 2814.379.413 (depth 2, 32 lits): UNSAT in 0.04s
    cube 2814.379.414 (depth 2, 30 lits): UNSAT in 0.01s
    cube 2814.379.415 (depth 2, 30 lits): UNSAT in 0.02s
    cube 2814.379.416 (depth 2, 31 lits): UNSAT in 0.01s
    cube 2814.379.417 (depth 2, 32 lits): UNSAT in 0.02s
    cube 2814.379.418 (depth 2, 32 lits): UNSAT in 0.02s
    cube 2814.379.419 (depth 2, 32 lits): UNSAT in 0.01s
    cube 2814.379.420 (depth 2, 32 lits): UNSAT in 0.02s
    cube 2814.379.421 (depth 2, 32 lits): UNSAT in 0.02s
    cube 2814.379.422 (depth 2, 32 lits): UNSAT in 0.02s
    cube 2814.379.423 (depth 2, 31 lits): UNSAT in 0.01s
    cube 2814.379.424 (depth 2, 32 lits): UNSAT in 0.01s
    cube 2814.379.425 (depth 2, 32 lits): UNSAT in 0.02s
    cube 2814.379.426 (depth 2, 32 lits): UNSAT in 0.01s
    cube 2814.379.427 (depth 2, 32 lits): UNSAT in 0.03s
    cube 2814.379.428 (depth 2, 32 lits): UNSAT in 0.02s
    cube 2814.379.429 (depth 2, 32 lits): UNSAT in 0.07s
    cube 2814.379.430 (depth 2, 32 lits): UNSAT in 0.02s
    cube 2814.379.431 (depth 2, 32 lits): UNSAT in 0.03s
    cube 2814.379.432 (depth 2, 32 lits): UNSAT in 0.03s
    cube 2814.379.433 (depth 2, 32 lits): UNSAT in 0.05s
    cube 2814.379.434 (depth 2, 32 lits): UNSAT in 0.02s
    cube 2814.379.435 (depth 2, 32 lits): UNSAT in 0.05s
    cube 2814.379.436 (depth 2, 32 lits): UNSAT in 0.43s
    cube 2814.379.437 (depth 2, 32 lits): UNSAT in 0.41s
    cube 2814.379.438 (depth 2, 32 lits): UNSAT in 0.02s
    cube 2814.379.439 (depth 2, 32 lits): UNSAT in 0.02s
    cube 2814.379.440 (depth 2, 31 lits): UNSAT in 0.02s
    cube 2814.379.441 (depth 2, 32 lits): UNSAT in 0.02s
    cube 2814.379.442 (depth 2, 32 lits): UNSAT in 0.02s
    cube 2814.379.443 (depth 2, 32 lits): UNSAT in 0.02s
    cube 2814.379.444 (depth 2, 32 lits): UNSAT in 0.02s
    cube 2814.379.445 (depth 2, 32 lits): UNSAT in 0.02s
    cube 2814.379.446 (depth 2, 32 lits): UNSAT in 0.02s
    cube 2814.379.447 (depth 2, 32 lits): UNSAT in 0.02s
    cube 2814.379.448 (depth 2, 32 lits): UNSAT in 0.09s
    cube 2814.379.449 (depth 2, 32 lits): UNSAT in 0.02s
    cube 2814.379.450 (depth 2, 32 lits): UNSAT in 0.04s
    cube 2814.379.451 (depth 2, 32 lits): UNSAT in 0.03s
    cube 2814.379.452 (depth 2, 32 lits): UNSAT in 0.12s
    cube 2814.379.453 (depth 2, 31 lits): UNSAT in 0.01s
    cube 2814.379.454 (depth 2, 32 lits): UNSAT in 0.01s
    cube 2814.379.455 (depth 2, 32 lits): UNSAT in 0.02s
    cube 2814.379.456 (depth 2, 31 lits): UNSAT in 0.02s
    cube 2814.379.457 (depth 2, 32 lits): UNSAT in 0.03s
    cube 2814.379.458 (depth 2, 32 lits): UNSAT in 0.06s
    cube 2814.379.459 (depth 2, 32 lits): UNSAT in 0.03s
    cube 2814.379.460 (depth 2, 32 lits): UNSAT in 0.03s
    cube 2814.379.461 (depth 2, 32 lits): UNSAT in 0.02s
    cube 2814.379.462 (depth 2, 32 lits): UNSAT in 0.04s
    cube 2814.379.463 (depth 2, 32 lits): UNSAT in 0.05s
    cube 2814.379.464 (depth 2, 32 lits): UNSAT in 0.18s
    cube 2814.379.465 (depth 2, 32 lits): UNSAT in 0.26s
    cube 2814.379.466 (depth 2, 32 lits): UNSAT in 1.07s
    cube 2814.379.467 (depth 2, 32 lits): UNSAT in 0.02s
    cube 2814.379.468 (depth 2, 32 lits): UNSAT in 0.05s
    cube 2814.379.469 (depth 2, 32 lits): UNSAT in 0.02s
    cube 2814.379.470 (depth 2, 32 lits): UNSAT in 0.03s
    cube 2814.379.471 (depth 2, 32 lits): UNSAT in 0.03s
    cube 2814.379.472 (depth 2, 32 lits): UNSAT in 0.06s
    cube 2814.379.473 (depth 2, 32 lits): UNSAT in 0.04s
    cube 2814.379.474 (depth 2, 32 lits): UNSAT in 0.36s
    cube 2814.379.475 (depth 2, 32 lits): UNSAT in 0.02s
    cube 2814.379.476 (depth 2, 32 lits): UNSAT in 0.07s
    cube 2814.379.477 (depth 2, 32 lits): UNSAT in 0.02s
    cube 2814.379.478 (depth 2, 32 lits): UNSAT in 0.17s
    cube 2814.379.479 (depth 2, 32 lits): UNSAT in 0.02s
    cube 2814.379.480 (depth 2, 32 lits): UNSAT in 0.36s
    cube 2814.379.481 (depth 2, 32 lits): UNSAT in 0.10s
    cube 2814.379.482 (depth 2, 32 lits): UNSAT in 0.50s
    cube 2814.379.483 (depth 2, 32 lits): UNSAT in 0.11s
    cube 2814.379.484 (depth 2, 32 lits): UNSAT in 0.10s
    cube 2814.379.485 (depth 2, 32 lits): UNSAT in 0.10s
    cube 2814.379.486 (depth 2, 32 lits): UNSAT in 0.32s
    cube 2814.379.487 (depth 2, 32 lits): UNSAT in 0.56s
    cube 2814.379.488 (depth 2, 32 lits): UNSAT in 0.47s
    cube 2814.379.489 (depth 2, 32 lits): UNSAT in 0.27s
    cube 2814.379.490 (depth 2, 32 lits): UNSAT in 1.57s
    cube 2814.379.491 (depth 2, 32 lits): UNSAT in 0.13s
    cube 2814.379.492 (depth 2, 32 lits): UNSAT in 0.59s
    cube 2814.379.493 (depth 2, 32 lits): UNSAT in 1.81s
    cube 2814.379.494 (depth 2, 32 lits): UNSAT in 2.23s
    cube 2814.379.495 (depth 2, 32 lits): UNSAT in 0.50s
    cube 2814.379.496 (depth 2, 32 lits): UNSAT in 3.98s
    cube 2814.379.497 (depth 2, 32 lits): UNSAT in 0.43s
    cube 2814.379.498 (depth 2, 32 lits): UNSAT in 7.53s
    cube 2814.379.499 (depth 2, 30 lits): UNSAT in 0.01s
    cube 2814.379.500 (depth 2, 31 lits): UNSAT in 0.01s
    cube 2814.379.501 (depth 2, 32 lits): UNSAT in 0.02s
    cube 2814.379.502 (depth 2, 32 lits): UNSAT in 0.02s
    cube 2814.379.503 (depth 2, 30 lits): UNSAT in 0.02s
    cube 2814.379.504 (depth 2, 31 lits): UNSAT in 0.01s
    cube 2814.379.505 (depth 2, 32 lits): UNSAT in 0.02s
    cube 2814.379.506 (depth 2, 32 lits): UNSAT in 0.03s
    cube 2814.379.507 (depth 2, 29 lits): UNSAT in 0.02s
    cube 2814.379.508 (depth 2, 31 lits): UNSAT in 0.02s
    cube 2814.379.509 (depth 2, 31 lits): UNSAT in 0.02s
    cube 2814.379.510 (depth 2, 32 lits): UNSAT in 0.02s
    cube 2814.379.511 (depth 2, 32 lits): UNSAT in 0.02s
    cube 2814.379.512 (depth 2, 32 lits): UNSAT in 0.03s
    cube 2814.379.513 (depth 2, 32 lits): UNSAT in 0.03s
    cube 2814.379.514 (depth 2, 30 lits): UNSAT in 0.01s
    cube 2814.379.515 (depth 2, 32 lits): UNSAT in 0.01s
    cube 2814.379.516 (depth 2, 32 lits): UNSAT in 0.02s
    cube 2814.379.517 (depth 2, 32 lits): UNSAT in 0.02s
    cube 2814.379.518 (depth 2, 32 lits): UNSAT in 0.02s
    cube 2814.379.519 (depth 2, 31 lits): UNSAT in 0.01s
    cube 2814.379.520 (depth 2, 32 lits): UNSAT in 0.01s
    cube 2814.379.521 (depth 2, 32 lits): UNSAT in 0.02s
    cube 2814.379.522 (depth 2, 32 lits): UNSAT in 0.01s
    cube 2814.379.523 (depth 2, 32 lits): UNSAT in 0.02s
    cube 2814.379.524 (depth 2, 32 lits): UNSAT in 0.03s
    cube 2814.379.525 (depth 2, 32 lits): UNSAT in 0.02s
    cube 2814.379.526 (depth 2, 32 lits): UNSAT in 0.02s
    cube 2814.379.527 (depth 2, 32 lits): UNSAT in 0.02s
    cube 2814.379.528 (depth 2, 32 lits): UNSAT in 0.02s
    cube 2814.379.529 (depth 2, 32 lits): UNSAT in 0.07s
    cube 2814.379.530 (depth 2, 32 lits): UNSAT in 0.02s
    cube 2814.379.531 (depth 2, 32 lits): UNSAT in 0.02s
    cube 2814.379.532 (depth 2, 32 lits): UNSAT in 0.02s
    cube 2814.379.533 (depth 2, 32 lits): UNSAT in 0.07s
    cube 2814.379.534 (depth 2, 31 lits): UNSAT in 0.01s
    cube 2814.379.535 (depth 2, 32 lits): UNSAT in 0.01s
    cube 2814.379.536 (depth 2, 32 lits): UNSAT in 0.02s
    cube 2814.379.537 (depth 2, 32 lits): UNSAT in 0.03s
    cube 2814.379.538 (depth 2, 32 lits): UNSAT in 0.05s
    cube 2814.379.539 (depth 2, 32 lits): UNSAT in 0.08s
    cube 2814.379.540 (depth 2, 32 lits): UNSAT in 0.32s
    cube 2814.379.541 (depth 2, 31 lits): UNSAT in 0.01s
    cube 2814.379.542 (depth 2, 32 lits): UNSAT in 0.02s
    cube 2814.379.543 (depth 2, 32 lits): UNSAT in 0.02s
    cube 2814.379.544 (depth 2, 32 lits): UNSAT in 0.01s
    cube 2814.379.545 (depth 2, 32 lits): UNSAT in 0.03s
    cube 2814.379.546 (depth 2, 32 lits): UNSAT in 0.03s
    cube 2814.379.547 (depth 2, 32 lits): UNSAT in 0.05s
    cube 2814.379.548 (depth 2, 32 lits): UNSAT in 0.01s
    cube 2814.379.549 (depth 2, 32 lits): UNSAT in 0.02s
    cube 2814.379.550 (depth 2, 31 lits): UNSAT in 0.02s
    cube 2814.379.551 (depth 2, 32 lits): UNSAT in 0.02s
    cube 2814.379.552 (depth 2, 32 lits): UNSAT in 0.05s
    cube 2814.379.553 (depth 2, 32 lits): UNSAT in 0.08s
    cube 2814.379.554 (depth 2, 32 lits): UNSAT in 0.23s
    cube 2814.379.555 (depth 2, 31 lits): UNSAT in 0.02s
    cube 2814.379.556 (depth 2, 32 lits): UNSAT in 0.02s
    cube 2814.379.557 (depth 2, 32 lits): UNSAT in 0.02s
    cube 2814.379.558 (depth 2, 32 lits): UNSAT in 0.01s
    cube 2814.379.559 (depth 2, 32 lits): UNSAT in 0.02s
    cube 2814.379.560 (depth 2, 31 lits): UNSAT in 0.02s
    cube 2814.379.561 (depth 2, 32 lits): UNSAT in 0.01s
    cube 2814.379.562 (depth 2, 32 lits): UNSAT in 0.01s
    cube 2814.379.563 (depth 2, 32 lits): UNSAT in 0.02s
    cube 2814.379.564 (depth 2, 32 lits): UNSAT in 0.03s
    cube 2814.379.565 (depth 2, 32 lits): UNSAT in 0.02s
    cube 2814.379.566 (depth 2, 32 lits): UNSAT in 0.05s
    cube 2814.379.567 (depth 2, 32 lits): UNSAT in 0.03s
    cube 2814.379.568 (depth 2, 32 lits): UNSAT in 0.09s
    cube 2814.379.569 (depth 2, 31 lits): UNSAT in 0.02s
    cube 2814.379.570 (depth 2, 32 lits): UNSAT in 0.02s
    cube 2814.379.571 (depth 2, 32 lits): UNSAT in 0.02s
    cube 2814.379.572 (depth 2, 32 lits): UNSAT in 0.01s
    cube 2814.379.573 (depth 2, 32 lits): UNSAT in 0.02s
    cube 2814.379.574 (depth 2, 32 lits): UNSAT in 0.02s
    cube 2814.379.575 (depth 2, 32 lits): UNSAT in 0.04s
    cube 2814.379.576 (depth 2, 32 lits): UNSAT in 0.01s
    cube 2814.379.577 (depth 2, 32 lits): UNSAT in 0.03s
    cube 2814.379.578 (depth 2, 31 lits): UNSAT in 0.02s
    cube 2814.379.579 (depth 2, 32 lits): UNSAT in 0.02s
    cube 2814.379.580 (depth 2, 32 lits): UNSAT in 0.05s
    cube 2814.379.581 (depth 2, 32 lits): UNSAT in 0.04s
    cube 2814.379.582 (depth 2, 32 lits): UNSAT in 0.06s
    cube 2814.379.583 (depth 2, 32 lits): UNSAT in 0.02s
    cube 2814.379.584 (depth 2, 32 lits): UNSAT in 0.02s
    cube 2814.379.585 (depth 2, 32 lits): UNSAT in 0.06s
    cube 2814.379.586 (depth 2, 32 lits): UNSAT in 0.09s
    cube 2814.379.587 (depth 2, 32 lits): UNSAT in 0.03s
    cube 2814.379.588 (depth 2, 32 lits): UNSAT in 0.02s
    cube 2814.379.589 (depth 2, 32 lits): UNSAT in 0.05s
    cube 2814.379.590 (depth 2, 32 lits): UNSAT in 0.17s
    cube 2814.379.591 (depth 2, 32 lits): UNSAT in 0.02s
    cube 2814.379.592 (depth 2, 32 lits): UNSAT in 0.07s
    cube 2814.379.593 (depth 2, 32 lits): UNSAT in 0.08s
    cube 2814.379.594 (depth 2, 32 lits): UNSAT in 0.40s
    cube 2814.379.595 (depth 2, 32 lits): UNSAT in 0.06s
    cube 2814.379.596 (depth 2, 32 lits): UNSAT in 0.27s
    cube 2814.379.597 (depth 2, 32 lits): UNSAT in 0.10s
    cube 2814.379.598 (depth 2, 32 lits): UNSAT in 0.80s
    cube 2814.379.599 (depth 2, 31 lits): UNSAT in 0.01s
    cube 2814.379.600 (depth 2, 31 lits): UNSAT in 0.02s
    cube 2814.379.601 (depth 2, 31 lits): UNSAT in 0.02s
    cube 2814.379.602 (depth 2, 31 lits): UNSAT in 0.02s
    cube 2814.379.603 (depth 2, 31 lits): UNSAT in 0.01s
    cube 2814.379.604 (depth 2, 31 lits): UNSAT in 0.01s
    cube 2814.379.605 (depth 2, 31 lits): UNSAT in 0.02s
    cube 2814.379.606 (depth 2, 32 lits): UNSAT in 0.02s
    cube 2814.379.607 (depth 2, 32 lits): UNSAT in 0.03s
    cube 2814.379.608 (depth 2, 31 lits): UNSAT in 0.01s
    cube 2814.379.609 (depth 2, 32 lits): UNSAT in 0.01s
    cube 2814.379.610 (depth 2, 32 lits): UNSAT in 0.03s
    cube 2814.379.611 (depth 2, 31 lits): UNSAT in 0.01s
    cube 2814.379.612 (depth 2, 32 lits): UNSAT in 0.02s
    cube 2814.379.613 (depth 2, 32 lits): UNSAT in 0.04s
    cube 2814.379.614 (depth 2, 32 lits): UNSAT in 0.02s
    cube 2814.379.615 (depth 2, 32 lits): UNSAT in 0.05s
    cube 2814.379.616 (depth 2, 32 lits): UNSAT in 0.04s
    cube 2814.379.617 (depth 2, 32 lits): UNSAT in 0.05s
    cube 2814.379.618 (depth 2, 32 lits): UNSAT in 0.04s
    cube 2814.379.619 (depth 2, 32 lits): UNSAT in 0.08s
    cube 2814.379.620 (depth 2, 32 lits): UNSAT in 0.27s
    cube 2814.379.621 (depth 2, 32 lits): UNSAT in 1.25s
    cube 2814.379.622 (depth 2, 32 lits): UNSAT in 0.02s
    cube 2814.379.623 (depth 2, 32 lits): UNSAT in 0.03s
    cube 2814.379.624 (depth 2, 32 lits): UNSAT in 0.02s
    cube 2814.379.625 (depth 2, 32 lits): UNSAT in 0.03s
    cube 2814.379.626 (depth 2, 32 lits): UNSAT in 0.01s
    cube 2814.379.627 (depth 2, 32 lits): UNSAT in 0.03s
    cube 2814.379.628 (depth 2, 32 lits): UNSAT in 0.02s
    cube 2814.379.629 (depth 2, 32 lits): UNSAT in 0.04s
    cube 2814.379.630 (depth 2, 32 lits): UNSAT in 0.01s
    cube 2814.379.631 (depth 2, 32 lits): UNSAT in 0.02s
    cube 2814.379.632 (depth 2, 32 lits): UNSAT in 0.02s
    cube 2814.379.633 (depth 2, 32 lits): UNSAT in 0.03s
    cube 2814.379.634 (depth 2, 32 lits): UNSAT in 0.04s
    cube 2814.379.635 (depth 2, 32 lits): UNSAT in 0.17s
    cube 2814.379.636 (depth 2, 32 lits): UNSAT in 0.14s
    cube 2814.379.637 (depth 2, 32 lits): UNSAT in 0.32s
    cube 2814.379.638 (depth 2, 32 lits): UNSAT in 0.02s
    cube 2814.379.639 (depth 2, 32 lits): UNSAT in 0.01s
    cube 2814.379.640 (depth 2, 32 lits): UNSAT in 0.02s
    cube 2814.379.641 (depth 2, 32 lits): UNSAT in 0.12s
    cube 2814.379.642 (depth 2, 32 lits): UNSAT in 0.07s
    cube 2814.379.643 (depth 2, 32 lits): UNSAT in 0.20s
    cube 2814.379.644 (depth 2, 32 lits): UNSAT in 0.09s
    cube 2814.379.645 (depth 2, 32 lits): UNSAT in 0.79s
    cube 2814.379.646 (depth 2, 32 lits): UNSAT in 0.03s
    cube 2814.379.647 (depth 2, 32 lits): UNSAT in 0.07s
    cube 2814.379.648 (depth 2, 32 lits): UNSAT in 0.41s
    cube 2814.379.649 (depth 2, 32 lits): UNSAT in 1.00s
    cube 2814.379.650 (depth 2, 32 lits): UNSAT in 0.04s
    cube 2814.379.651 (depth 2, 32 lits): UNSAT in 0.14s
    cube 2814.379.652 (depth 2, 32 lits): UNSAT in 0.16s
    cube 2814.379.653 (depth 2, 32 lits): UNSAT in 4.66s
    cube 2814.379.654 (depth 2, 30 lits): UNSAT in 0.02s
    cube 2814.379.655 (depth 2, 31 lits): UNSAT in 0.02s
    cube 2814.379.656 (depth 2, 32 lits): UNSAT in 0.02s
    cube 2814.379.657 (depth 2, 32 lits): UNSAT in 0.02s
    cube 2814.379.658 (depth 2, 32 lits): UNSAT in 0.03s
    cube 2814.379.659 (depth 2, 32 lits): UNSAT in 0.02s
    cube 2814.379.660 (depth 2, 32 lits): UNSAT in 0.04s
    cube 2814.379.661 (depth 2, 32 lits): UNSAT in 0.03s
    cube 2814.379.662 (depth 2, 32 lits): UNSAT in 0.03s
    cube 2814.379.663 (depth 2, 32 lits): UNSAT in 0.05s
    cube 2814.379.664 (depth 2, 32 lits): UNSAT in 0.04s
    cube 2814.379.665 (depth 2, 32 lits): UNSAT in 0.17s
    cube 2814.379.666 (depth 2, 32 lits): UNSAT in 0.02s
    cube 2814.379.667 (depth 2, 32 lits): UNSAT in 0.03s
    cube 2814.379.668 (depth 2, 32 lits): UNSAT in 0.04s
    cube 2814.379.669 (depth 2, 32 lits): UNSAT in 0.10s
    cube 2814.379.670 (depth 2, 32 lits): UNSAT in 0.04s
    cube 2814.379.671 (depth 2, 32 lits): UNSAT in 0.06s
    cube 2814.379.672 (depth 2, 32 lits): UNSAT in 0.15s
    cube 2814.379.673 (depth 2, 32 lits): UNSAT in 0.36s
    cube 2814.379.674 (depth 2, 32 lits): UNSAT in 0.01s
    cube 2814.379.675 (depth 2, 32 lits): UNSAT in 0.03s
    cube 2814.379.676 (depth 2, 32 lits): UNSAT in 0.04s
    cube 2814.379.677 (depth 2, 32 lits): UNSAT in 0.07s
    cube 2814.379.678 (depth 2, 32 lits): UNSAT in 0.04s
    cube 2814.379.679 (depth 2, 32 lits): UNSAT in 0.08s
    cube 2814.379.680 (depth 2, 32 lits): UNSAT in 0.12s
    cube 2814.379.681 (depth 2, 32 lits): UNSAT in 2.91s
    cube 2814.379.682 (depth 2, 32 lits): UNSAT in 0.02s
    cube 2814.379.683 (depth 2, 32 lits): UNSAT in 0.05s
    cube 2814.379.684 (depth 2, 32 lits): UNSAT in 0.05s
    cube 2814.379.685 (depth 2, 32 lits): UNSAT in 0.15s
    cube 2814.379.686 (depth 2, 32 lits): UNSAT in 0.05s
    cube 2814.379.687 (depth 2, 32 lits): UNSAT in 0.06s
    cube 2814.379.688 (depth 2, 32 lits): UNSAT in 0.12s
    cube 2814.379.689 (depth 2, 32 lits): UNSAT in 1.38s
    cube 2814.379.690 (depth 2, 32 lits): UNSAT in 0.04s
    cube 2814.379.691 (depth 2, 32 lits): UNSAT in 0.04s
    cube 2814.379.692 (depth 2, 32 lits): UNSAT in 0.07s
    cube 2814.379.693 (depth 2, 32 lits): UNSAT in 0.45s
    cube 2814.379.694 (depth 2, 32 lits): UNSAT in 0.07s
    cube 2814.379.695 (depth 2, 32 lits): UNSAT in 0.42s
    cube 2814.379.696 (depth 2, 32 lits): UNSAT in 1.05s
    cube 2814.379.697 (depth 2, 32 lits): UNSAT in 3.87s
    cube 2814.379.698 (depth 2, 32 lits): UNSAT in 0.18s
    cube 2814.379.699 (depth 2, 32 lits): UNSAT in 1.42s
    cube 2814.379.700 (depth 2, 32 lits): UNSAT in 0.16s
    cube 2814.379.701 (depth 2, 32 lits): UNSAT in 1.87s
    cube 2814.379.702 (depth 2, 32 lits): UNSAT in 0.42s
    cube 2814.379.703 (depth 2, 32 lits): UNSAT in 1.50s
    cube 2814.379.704 (depth 2, 32 lits): UNSAT in 1.04s
    cube 2814.379.705 (depth 2, 32 lits): UNSAT in 11.74s
    cube 2814.379.706 (depth 2, 32 lits): UNSAT in 0.77s
    cube 2814.379.707 (depth 2, 32 lits): UNSAT in 1.39s
    cube 2814.379.708 (depth 2, 32 lits): UNSAT in 0.93s
    cube 2814.379.709 (depth 2, 32 lits): UNSAT in 24.41s
    cube 2814.379.710 (depth 2, 32 lits): UNSAT in 2.37s
    cube 2814.379.711 (depth 2, 32 lits): UNSAT in 66.13s
    cube 2814.379.712 (depth 2, 32 lits): UNSAT in 30.16s
    cube 2814.379.713 (depth 2, 32 lits): UNSAT in 189.71s
    cube 2814.380 (depth 1, 22 lits): TIMEOUT in 1200.10s
    cube 2814.380 TIMEOUT -> re-split into 938 sub-cubes (depth 2)
    cube 2814.380.0 (depth 2, 28 lits): UNSAT in 0.02s
    cube 2814.380.1 (depth 2, 29 lits): UNSAT in 0.01s
    cube 2814.380.2 (depth 2, 31 lits): UNSAT in 0.01s
    cube 2814.380.3 (depth 2, 31 lits): UNSAT in 0.02s
    cube 2814.380.4 (depth 2, 31 lits): UNSAT in 0.01s
    cube 2814.380.5 (depth 2, 32 lits): UNSAT in 0.01s
    cube 2814.380.6 (depth 2, 32 lits): UNSAT in 0.01s
    cube 2814.380.7 (depth 2, 30 lits): UNSAT in 0.02s
    cube 2814.380.8 (depth 2, 31 lits): UNSAT in 0.01s
    cube 2814.380.9 (depth 2, 32 lits): UNSAT in 0.02s
    cube 2814.380.10 (depth 2, 32 lits): UNSAT in 0.02s
    cube 2814.380.11 (depth 2, 29 lits): UNSAT in 0.01s
    cube 2814.380.12 (depth 2, 32 lits): UNSAT in 0.01s
    cube 2814.380.13 (depth 2, 32 lits): UNSAT in 0.01s
    cube 2814.380.14 (depth 2, 31 lits): UNSAT in 0.01s
    cube 2814.380.15 (depth 2, 32 lits): UNSAT in 0.02s
    cube 2814.380.16 (depth 2, 32 lits): UNSAT in 0.01s
    cube 2814.380.17 (depth 2, 32 lits): UNSAT in 0.02s
    cube 2814.380.18 (depth 2, 32 lits): UNSAT in 0.02s
    cube 2814.380.19 (depth 2, 32 lits): UNSAT in 0.02s
    cube 2814.380.20 (depth 2, 32 lits): UNSAT in 0.01s
    cube 2814.380.21 (depth 2, 31 lits): UNSAT in 0.02s
    cube 2814.380.22 (depth 2, 32 lits): UNSAT in 0.01s
    cube 2814.380.23 (depth 2, 32 lits): UNSAT in 0.02s
    cube 2814.380.24 (depth 2, 32 lits): UNSAT in 0.02s
    cube 2814.380.25 (depth 2, 32 lits): UNSAT in 0.02s
    cube 2814.380.26 (depth 2, 32 lits): UNSAT in 0.01s
    cube 2814.380.27 (depth 2, 32 lits): UNSAT in 0.01s
    cube 2814.380.28 (depth 2, 31 lits): UNSAT in 0.02s
    cube 2814.380.29 (depth 2, 32 lits): UNSAT in 0.01s
    cube 2814.380.30 (depth 2, 32 lits): UNSAT in 0.02s
    cube 2814.380.31 (depth 2, 32 lits): UNSAT in 0.02s
    cube 2814.380.32 (depth 2, 32 lits): UNSAT in 0.03s
    cube 2814.380.33 (depth 2, 31 lits): UNSAT in 0.01s
    cube 2814.380.34 (depth 2, 31 lits): UNSAT in 0.02s
    cube 2814.380.35 (depth 2, 31 lits): UNSAT in 0.01s
    cube 2814.380.36 (depth 2, 32 lits): UNSAT in 0.01s
    cube 2814.380.37 (depth 2, 32 lits): UNSAT in 0.03s
    cube 2814.380.38 (depth 2, 32 lits): UNSAT in 0.02s
    cube 2814.380.39 (depth 2, 32 lits): UNSAT in 0.02s
    cube 2814.380.40 (depth 2, 32 lits): UNSAT in 0.02s
    cube 2814.380.41 (depth 2, 32 lits): UNSAT in 0.03s
    cube 2814.380.42 (depth 2, 31 lits): UNSAT in 0.01s
    cube 2814.380.43 (depth 2, 32 lits): UNSAT in 0.02s
    cube 2814.380.44 (depth 2, 32 lits): UNSAT in 0.02s
    cube 2814.380.45 (depth 2, 32 lits): UNSAT in 0.02s
    cube 2814.380.46 (depth 2, 32 lits): UNSAT in 0.03s
    cube 2814.380.47 (depth 2, 32 lits): UNSAT in 0.02s
    cube 2814.380.48 (depth 2, 32 lits): UNSAT in 0.03s
    cube 2814.380.49 (depth 2, 32 lits): UNSAT in 0.02s
    cube 2814.380.50 (depth 2, 32 lits): UNSAT in 0.02s
    cube 2814.380.51 (depth 2, 32 lits): UNSAT in 0.06s
    cube 2814.380.52 (depth 2, 32 lits): UNSAT in 0.09s
    cube 2814.380.53 (depth 2, 32 lits): UNSAT in 0.01s
    cube 2814.380.54 (depth 2, 32 lits): UNSAT in 0.03s
    cube 2814.380.55 (depth 2, 32 lits): UNSAT in 0.02s
    cube 2814.380.56 (depth 2, 32 lits): UNSAT in 0.02s
    cube 2814.380.57 (depth 2, 32 lits): UNSAT in 0.02s
    cube 2814.380.58 (depth 2, 32 lits): UNSAT in 0.02s
    cube 2814.380.59 (depth 2, 32 lits): UNSAT in 0.02s
    cube 2814.380.60 (depth 2, 32 lits): UNSAT in 0.05s
    cube 2814.380.61 (depth 2, 32 lits): UNSAT in 0.01s
    cube 2814.380.62 (depth 2, 32 lits): UNSAT in 0.02s
    cube 2814.380.63 (depth 2, 31 lits): UNSAT in 0.01s
    cube 2814.380.64 (depth 2, 31 lits): UNSAT in 0.01s
    cube 2814.380.65 (depth 2, 32 lits): UNSAT in 0.02s
    cube 2814.380.66 (depth 2, 32 lits): UNSAT in 0.02s
    cube 2814.380.67 (depth 2, 32 lits): UNSAT in 0.02s
    cube 2814.380.68 (depth 2, 32 lits): UNSAT in 0.02s
    cube 2814.380.69 (depth 2, 32 lits): UNSAT in 0.03s
    cube 2814.380.70 (depth 2, 32 lits): UNSAT in 0.04s
    cube 2814.380.71 (depth 2, 32 lits): UNSAT in 0.04s
    cube 2814.380.72 (depth 2, 32 lits): UNSAT in 0.05s
    cube 2814.380.73 (depth 2, 32 lits): UNSAT in 0.06s
    cube 2814.380.74 (depth 2, 32 lits): UNSAT in 0.05s
    cube 2814.380.75 (depth 2, 32 lits): UNSAT in 0.02s
    cube 2814.380.76 (depth 2, 32 lits): UNSAT in 0.10s
    cube 2814.380.77 (depth 2, 32 lits): UNSAT in 0.05s
    cube 2814.380.78 (depth 2, 32 lits): UNSAT in 0.04s
    cube 2814.380.79 (depth 2, 32 lits): UNSAT in 0.06s
    cube 2814.380.80 (depth 2, 32 lits): UNSAT in 0.07s
    cube 2814.380.81 (depth 2, 32 lits): UNSAT in 0.16s
    cube 2814.380.82 (depth 2, 32 lits): UNSAT in 0.29s
    cube 2814.380.83 (depth 2, 29 lits): UNSAT in 0.01s
    cube 2814.380.84 (depth 2, 30 lits): UNSAT in 0.01s
    cube 2814.380.85 (depth 2, 30 lits): UNSAT in 0.02s
    cube 2814.380.86 (depth 2, 31 lits): UNSAT in 0.02s
    cube 2814.380.87 (depth 2, 31 lits): UNSAT in 0.01s
    cube 2814.380.88 (depth 2, 30 lits): UNSAT in 0.02s
    cube 2814.380.89 (depth 2, 30 lits): UNSAT in 0.01s
    cube 2814.380.90 (depth 2, 31 lits): UNSAT in 0.02s
    cube 2814.380.91 (depth 2, 31 lits): UNSAT in 0.01s
    cube 2814.380.92 (depth 2, 31 lits): UNSAT in 0.01s
    cube 2814.380.93 (depth 2, 32 lits): UNSAT in 0.02s
    cube 2814.380.94 (depth 2, 32 lits): UNSAT in 0.02s
    cube 2814.380.95 (depth 2, 32 lits): UNSAT in 0.01s
    cube 2814.380.96 (depth 2, 32 lits): UNSAT in 0.02s
    cube 2814.380.97 (depth 2, 32 lits): UNSAT in 0.01s
    cube 2814.380.98 (depth 2, 32 lits): UNSAT in 0.03s
    cube 2814.380.99 (depth 2, 31 lits): UNSAT in 0.01s
    cube 2814.380.100 (depth 2, 32 lits): UNSAT in 0.01s
    cube 2814.380.101 (depth 2, 32 lits): UNSAT in 0.02s
    cube 2814.380.102 (depth 2, 32 lits): UNSAT in 0.01s
    cube 2814.380.103 (depth 2, 32 lits): UNSAT in 0.02s
    cube 2814.380.104 (depth 2, 32 lits): UNSAT in 0.02s
    cube 2814.380.105 (depth 2, 32 lits): UNSAT in 0.05s
    cube 2814.380.106 (depth 2, 32 lits): UNSAT in 0.02s
    cube 2814.380.107 (depth 2, 32 lits): UNSAT in 0.02s
    cube 2814.380.108 (depth 2, 32 lits): UNSAT in 0.01s
    cube 2814.380.109 (depth 2, 32 lits): UNSAT in 0.02s
    cube 2814.380.110 (depth 2, 32 lits): UNSAT in 0.01s
    cube 2814.380.111 (depth 2, 32 lits): UNSAT in 0.02s
    cube 2814.380.112 (depth 2, 32 lits): UNSAT in 0.03s
    cube 2814.380.113 (depth 2, 32 lits): UNSAT in 0.05s
    cube 2814.380.114 (depth 2, 32 lits): UNSAT in 0.02s
    cube 2814.380.115 (depth 2, 32 lits): UNSAT in 0.06s
    cube 2814.380.116 (depth 2, 32 lits): UNSAT in 0.07s
    cube 2814.380.117 (depth 2, 32 lits): UNSAT in 0.07s
    cube 2814.380.118 (depth 2, 32 lits): UNSAT in 0.08s
    cube 2814.380.119 (depth 2, 32 lits): UNSAT in 0.11s
    cube 2814.380.120 (depth 2, 32 lits): UNSAT in 0.09s
    cube 2814.380.121 (depth 2, 32 lits): UNSAT in 0.12s
    cube 2814.380.122 (depth 2, 32 lits): UNSAT in 0.01s
    cube 2814.380.123 (depth 2, 32 lits): UNSAT in 0.02s
    cube 2814.380.124 (depth 2, 32 lits): UNSAT in 0.02s
    cube 2814.380.125 (depth 2, 32 lits): UNSAT in 0.03s
    cube 2814.380.126 (depth 2, 32 lits): UNSAT in 0.02s
    cube 2814.380.127 (depth 2, 32 lits): UNSAT in 0.04s
    cube 2814.380.128 (depth 2, 32 lits): UNSAT in 0.03s
    cube 2814.380.129 (depth 2, 32 lits): UNSAT in 0.05s
    cube 2814.380.130 (depth 2, 32 lits): UNSAT in 0.02s
    cube 2814.380.131 (depth 2, 32 lits): UNSAT in 0.02s
    cube 2814.380.132 (depth 2, 32 lits): UNSAT in 0.02s
    cube 2814.380.133 (depth 2, 32 lits): UNSAT in 0.04s
    cube 2814.380.134 (depth 2, 32 lits): UNSAT in 0.09s
    cube 2814.380.135 (depth 2, 32 lits): UNSAT in 0.08s
    cube 2814.380.136 (depth 2, 32 lits): UNSAT in 0.06s
    cube 2814.380.137 (depth 2, 32 lits): UNSAT in 0.24s
    cube 2814.380.138 (depth 2, 32 lits): UNSAT in 0.02s
    cube 2814.380.139 (depth 2, 32 lits): UNSAT in 0.01s
    cube 2814.380.140 (depth 2, 32 lits): UNSAT in 0.02s
    cube 2814.380.141 (depth 2, 32 lits): UNSAT in 0.03s
    cube 2814.380.142 (depth 2, 32 lits): UNSAT in 0.01s
    cube 2814.380.143 (depth 2, 32 lits): UNSAT in 0.02s
    cube 2814.380.144 (depth 2, 32 lits): UNSAT in 0.06s
    cube 2814.380.145 (depth 2, 32 lits): UNSAT in 0.09s
    cube 2814.380.146 (depth 2, 32 lits): UNSAT in 0.01s
    cube 2814.380.147 (depth 2, 32 lits): UNSAT in 0.01s
    cube 2814.380.148 (depth 2, 31 lits): UNSAT in 0.02s
    cube 2814.380.149 (depth 2, 32 lits): UNSAT in 0.10s
    cube 2814.380.150 (depth 2, 32 lits): UNSAT in 0.12s
    cube 2814.380.151 (depth 2, 32 lits): UNSAT in 0.03s
    cube 2814.380.152 (depth 2, 32 lits): UNSAT in 0.08s
    cube 2814.380.153 (depth 2, 32 lits): UNSAT in 0.02s
    cube 2814.380.154 (depth 2, 32 lits): UNSAT in 0.02s
    cube 2814.380.155 (depth 2, 32 lits): UNSAT in 0.01s
    cube 2814.380.156 (depth 2, 32 lits): UNSAT in 0.02s
    cube 2814.380.157 (depth 2, 30 lits): UNSAT in 0.02s
    cube 2814.380.158 (depth 2, 32 lits): UNSAT in 0.10s
    cube 2814.380.159 (depth 2, 32 lits): UNSAT in 0.06s
    cube 2814.380.160 (depth 2, 32 lits): UNSAT in 0.02s
    cube 2814.380.161 (depth 2, 32 lits): UNSAT in 0.02s
    cube 2814.380.162 (depth 2, 32 lits): UNSAT in 0.03s
    cube 2814.380.163 (depth 2, 32 lits): UNSAT in 0.04s
    cube 2814.380.164 (depth 2, 32 lits): UNSAT in 0.03s
    cube 2814.380.165 (depth 2, 32 lits): UNSAT in 0.06s
    cube 2814.380.166 (depth 2, 32 lits): UNSAT in 0.02s
    cube 2814.380.167 (depth 2, 32 lits): UNSAT in 0.03s
    cube 2814.380.168 (depth 2, 32 lits): UNSAT in 0.02s
    cube 2814.380.169 (depth 2, 32 lits): UNSAT in 0.03s
    cube 2814.380.170 (depth 2, 32 lits): UNSAT in 0.16s
    cube 2814.380.171 (depth 2, 32 lits): UNSAT in 0.06s
    cube 2814.380.172 (depth 2, 32 lits): UNSAT in 0.15s
    cube 2814.380.173 (depth 2, 32 lits): UNSAT in 0.25s
    cube 2814.380.174 (depth 2, 32 lits): UNSAT in 0.07s
    cube 2814.380.175 (depth 2, 32 lits): UNSAT in 0.09s
    cube 2814.380.176 (depth 2, 32 lits): UNSAT in 0.04s
    cube 2814.380.177 (depth 2, 32 lits): UNSAT in 0.38s
    cube 2814.380.178 (depth 2, 32 lits): UNSAT in 0.10s
    cube 2814.380.179 (depth 2, 32 lits): UNSAT in 0.22s
    cube 2814.380.180 (depth 2, 32 lits): UNSAT in 0.79s
    cube 2814.380.181 (depth 2, 32 lits): UNSAT in 6.02s
    cube 2814.380.182 (depth 2, 32 lits): UNSAT in 0.01s
    cube 2814.380.183 (depth 2, 32 lits): UNSAT in 0.01s
    cube 2814.380.184 (depth 2, 32 lits): UNSAT in 0.02s
    cube 2814.380.185 (depth 2, 32 lits): UNSAT in 0.02s
    cube 2814.380.186 (depth 2, 32 lits): UNSAT in 0.01s
    cube 2814.380.187 (depth 2, 32 lits): UNSAT in 0.02s
    cube 2814.380.188 (depth 2, 32 lits): UNSAT in 0.02s
    cube 2814.380.189 (depth 2, 32 lits): UNSAT in 0.02s
    cube 2814.380.190 (depth 2, 31 lits): UNSAT in 0.01s
    cube 2814.380.191 (depth 2, 32 lits): UNSAT in 0.01s
    cube 2814.380.192 (depth 2, 32 lits): UNSAT in 0.02s
    cube 2814.380.193 (depth 2, 32 lits): UNSAT in 0.02s
    cube 2814.380.194 (depth 2, 32 lits): UNSAT in 0.02s
    cube 2814.380.195 (depth 2, 32 lits): UNSAT in 0.03s
    cube 2814.380.196 (depth 2, 32 lits): UNSAT in 0.09s
    cube 2814.380.197 (depth 2, 32 lits): UNSAT in 0.01s
    cube 2814.380.198 (depth 2, 32 lits): UNSAT in 0.02s
    cube 2814.380.199 (depth 2, 32 lits): UNSAT in 0.02s
    cube 2814.380.200 (depth 2, 32 lits): UNSAT in 0.05s
    cube 2814.380.201 (depth 2, 32 lits): UNSAT in 0.02s
    cube 2814.380.202 (depth 2, 32 lits): UNSAT in 0.09s
    cube 2814.380.203 (depth 2, 32 lits): UNSAT in 0.05s
    cube 2814.380.204 (depth 2, 32 lits): UNSAT in 0.05s
    cube 2814.380.205 (depth 2, 32 lits): UNSAT in 0.02s
    cube 2814.380.206 (depth 2, 32 lits): UNSAT in 0.02s
    cube 2814.380.207 (depth 2, 32 lits): UNSAT in 0.03s
    cube 2814.380.208 (depth 2, 32 lits): UNSAT in 0.04s
    cube 2814.380.209 (depth 2, 32 lits): UNSAT in 0.01s
    cube 2814.380.210 (depth 2, 32 lits): UNSAT in 0.02s
    cube 2814.380.211 (depth 2, 32 lits): UNSAT in 0.02s
    cube 2814.380.212 (depth 2, 32 lits): UNSAT in 0.05s
    cube 2814.380.213 (depth 2, 31 lits): UNSAT in 0.02s
    cube 2814.380.214 (depth 2, 32 lits): UNSAT in 0.02s
    cube 2814.380.215 (depth 2, 32 lits): UNSAT in 0.03s
    cube 2814.380.216 (depth 2, 32 lits): UNSAT in 0.02s
    cube 2814.380.217 (depth 2, 32 lits): UNSAT in 0.02s
    cube 2814.380.218 (depth 2, 32 lits): UNSAT in 0.02s
    cube 2814.380.219 (depth 2, 32 lits): UNSAT in 0.04s
    cube 2814.380.220 (depth 2, 32 lits): UNSAT in 0.01s
    cube 2814.380.221 (depth 2, 32 lits): UNSAT in 0.02s
    cube 2814.380.222 (depth 2, 32 lits): UNSAT in 0.02s
    cube 2814.380.223 (depth 2, 32 lits): UNSAT in 0.06s
    cube 2814.380.224 (depth 2, 32 lits): UNSAT in 0.03s
    cube 2814.380.225 (depth 2, 32 lits): UNSAT in 0.10s
    cube 2814.380.226 (depth 2, 32 lits): UNSAT in 0.03s
    cube 2814.380.227 (depth 2, 32 lits): UNSAT in 0.06s
    cube 2814.380.228 (depth 2, 32 lits): UNSAT in 0.02s
    cube 2814.380.229 (depth 2, 32 lits): UNSAT in 0.03s
    cube 2814.380.230 (depth 2, 32 lits): UNSAT in 0.01s
    cube 2814.380.231 (depth 2, 32 lits): UNSAT in 0.07s
    cube 2814.380.232 (depth 2, 32 lits): UNSAT in 0.02s
    cube 2814.380.233 (depth 2, 32 lits): UNSAT in 0.06s
    cube 2814.380.234 (depth 2, 32 lits): UNSAT in 0.07s
    cube 2814.380.235 (depth 2, 32 lits): UNSAT in 0.27s
    cube 2814.380.236 (depth 2, 32 lits): UNSAT in 0.04s
    cube 2814.380.237 (depth 2, 32 lits): UNSAT in 0.04s
    cube 2814.380.238 (depth 2, 32 lits): UNSAT in 0.04s
    cube 2814.380.239 (depth 2, 32 lits): UNSAT in 0.05s
    cube 2814.380.240 (depth 2, 32 lits): UNSAT in 0.03s
    cube 2814.380.241 (depth 2, 32 lits): UNSAT in 0.13s
    cube 2814.380.242 (depth 2, 32 lits): UNSAT in 0.28s
    cube 2814.380.243 (depth 2, 32 lits): UNSAT in 0.45s
    cube 2814.380.244 (depth 2, 31 lits): UNSAT in 0.02s
    cube 2814.380.245 (depth 2, 32 lits): UNSAT in 0.02s
    cube 2814.380.246 (depth 2, 32 lits): UNSAT in 0.02s
    cube 2814.380.247 (depth 2, 32 lits): UNSAT in 0.02s
    cube 2814.380.248 (depth 2, 32 lits): UNSAT in 0.03s
    cube 2814.380.249 (depth 2, 32 lits): UNSAT in 0.02s
    cube 2814.380.250 (depth 2, 32 lits): UNSAT in 0.10s
    cube 2814.380.251 (depth 2, 32 lits): UNSAT in 0.02s
    cube 2814.380.252 (depth 2, 32 lits): UNSAT in 0.03s
    cube 2814.380.253 (depth 2, 32 lits): UNSAT in 0.05s
    cube 2814.380.254 (depth 2, 32 lits): UNSAT in 0.06s
    cube 2814.380.255 (depth 2, 32 lits): UNSAT in 0.04s
    cube 2814.380.256 (depth 2, 32 lits): UNSAT in 0.04s
    cube 2814.380.257 (depth 2, 32 lits): UNSAT in 0.18s
    cube 2814.380.258 (depth 2, 32 lits): UNSAT in 0.16s
    cube 2814.380.259 (depth 2, 32 lits): UNSAT in 0.02s
    cube 2814.380.260 (depth 2, 32 lits): UNSAT in 0.03s
    cube 2814.380.261 (depth 2, 32 lits): UNSAT in 0.02s
    cube 2814.380.262 (depth 2, 32 lits): UNSAT in 0.03s
    cube 2814.380.263 (depth 2, 32 lits): UNSAT in 0.04s
    cube 2814.380.264 (depth 2, 32 lits): UNSAT in 0.09s
    cube 2814.380.265 (depth 2, 32 lits): UNSAT in 0.02s
    cube 2814.380.266 (depth 2, 32 lits): UNSAT in 0.14s
    cube 2814.380.267 (depth 2, 32 lits): UNSAT in 0.01s
    cube 2814.380.268 (depth 2, 32 lits): UNSAT in 0.05s
    cube 2814.380.269 (depth 2, 32 lits): UNSAT in 0.03s
    cube 2814.380.270 (depth 2, 32 lits): UNSAT in 0.14s
    cube 2814.380.271 (depth 2, 32 lits): UNSAT in 0.03s
    cube 2814.380.272 (depth 2, 32 lits): UNSAT in 0.11s
    cube 2814.380.273 (depth 2, 32 lits): UNSAT in 0.40s
    cube 2814.380.274 (depth 2, 32 lits): UNSAT in 1.50s
    cube 2814.380.275 (depth 2, 32 lits): UNSAT in 0.02s
    cube 2814.380.276 (depth 2, 32 lits): UNSAT in 0.02s
    cube 2814.380.277 (depth 2, 32 lits): UNSAT in 0.02s
    cube 2814.380.278 (depth 2, 32 lits): UNSAT in 0.07s
    cube 2814.380.279 (depth 2, 32 lits): UNSAT in 0.03s
    cube 2814.380.280 (depth 2, 32 lits): UNSAT in 0.04s
    cube 2814.380.281 (depth 2, 32 lits): UNSAT in 0.10s
    cube 2814.380.282 (depth 2, 32 lits): UNSAT in 0.14s
    cube 2814.380.283 (depth 2, 32 lits): UNSAT in 0.04s
    cube 2814.380.284 (depth 2, 32 lits): UNSAT in 0.05s
    cube 2814.380.285 (depth 2, 32 lits): UNSAT in 0.07s
    cube 2814.380.286 (depth 2, 32 lits): UNSAT in 0.09s
    cube 2814.380.287 (depth 2, 32 lits): UNSAT in 0.04s
    cube 2814.380.288 (depth 2, 32 lits): UNSAT in 0.31s
    cube 2814.380.289 (depth 2, 32 lits): UNSAT in 0.25s
    cube 2814.380.290 (depth 2, 32 lits): UNSAT in 0.64s
    cube 2814.380.291 (depth 2, 32 lits): UNSAT in 0.02s
    cube 2814.380.292 (depth 2, 32 lits): UNSAT in 0.04s
    cube 2814.380.293 (depth 2, 32 lits): UNSAT in 0.03s
    cube 2814.380.294 (depth 2, 32 lits): UNSAT in 0.19s
    cube 2814.380.295 (depth 2, 32 lits): UNSAT in 0.06s
    cube 2814.380.296 (depth 2, 32 lits): UNSAT in 0.10s
    cube 2814.380.297 (depth 2, 32 lits): UNSAT in 0.07s
    cube 2814.380.298 (depth 2, 32 lits): UNSAT in 0.43s
    cube 2814.380.299 (depth 2, 32 lits): UNSAT in 0.07s
    cube 2814.380.300 (depth 2, 32 lits): UNSAT in 0.44s
    cube 2814.380.301 (depth 2, 32 lits): UNSAT in 0.18s
    cube 2814.380.302 (depth 2, 32 lits): UNSAT in 0.78s
    cube 2814.380.303 (depth 2, 32 lits): UNSAT in 0.16s
    cube 2814.380.304 (depth 2, 32 lits): UNSAT in 0.69s
    cube 2814.380.305 (depth 2, 32 lits): UNSAT in 1.31s
    cube 2814.380.306 (depth 2, 32 lits): UNSAT in 13.23s
    cube 2814.380.307 (depth 2, 32 lits): UNSAT in 0.01s
    cube 2814.380.308 (depth 2, 32 lits): UNSAT in 0.02s
    cube 2814.380.309 (depth 2, 32 lits): UNSAT in 0.02s
    cube 2814.380.310 (depth 2, 32 lits): UNSAT in 0.02s
    cube 2814.380.311 (depth 2, 31 lits): UNSAT in 0.01s
    cube 2814.380.312 (depth 2, 32 lits): UNSAT in 0.03s
    cube 2814.380.313 (depth 2, 32 lits): UNSAT in 0.04s
    cube 2814.380.314 (depth 2, 32 lits): UNSAT in 0.02s
    cube 2814.380.315 (depth 2, 32 lits): UNSAT in 0.03s
    cube 2814.380.316 (depth 2, 32 lits): UNSAT in 0.02s
    cube 2814.380.317 (depth 2, 32 lits): UNSAT in 0.04s
    cube 2814.380.318 (depth 2, 32 lits): UNSAT in 0.04s
    cube 2814.380.319 (depth 2, 32 lits): UNSAT in 0.11s
    cube 2814.380.320 (depth 2, 32 lits): UNSAT in 0.04s
    cube 2814.380.321 (depth 2, 32 lits): UNSAT in 0.07s
    cube 2814.380.322 (depth 2, 32 lits): UNSAT in 0.02s
    cube 2814.380.323 (depth 2, 32 lits): UNSAT in 0.02s
    cube 2814.380.324 (depth 2, 32 lits): UNSAT in 0.03s
    cube 2814.380.325 (depth 2, 32 lits): UNSAT in 0.02s
    cube 2814.380.326 (depth 2, 32 lits): UNSAT in 0.02s
    cube 2814.380.327 (depth 2, 32 lits): UNSAT in 0.03s
    cube 2814.380.328 (depth 2, 32 lits): UNSAT in 0.04s
    cube 2814.380.329 (depth 2, 32 lits): UNSAT in 0.08s
    cube 2814.380.330 (depth 2, 32 lits): UNSAT in 0.02s
    cube 2814.380.331 (depth 2, 32 lits): UNSAT in 0.02s
    cube 2814.380.332 (depth 2, 32 lits): UNSAT in 0.02s
    cube 2814.380.333 (depth 2, 32 lits): UNSAT in 0.05s
    cube 2814.380.334 (depth 2, 32 lits): UNSAT in 0.04s
    cube 2814.380.335 (depth 2, 32 lits): UNSAT in 0.38s
    cube 2814.380.336 (depth 2, 32 lits): UNSAT in 0.41s
    cube 2814.380.337 (depth 2, 32 lits): UNSAT in 1.87s
    cube 2814.380.338 (depth 2, 32 lits): UNSAT in 0.02s
    cube 2814.380.339 (depth 2, 32 lits): UNSAT in 0.03s
    cube 2814.380.340 (depth 2, 32 lits): UNSAT in 0.01s
    cube 2814.380.341 (depth 2, 32 lits): UNSAT in 0.04s
    cube 2814.380.342 (depth 2, 32 lits): UNSAT in 0.03s
    cube 2814.380.343 (depth 2, 32 lits): UNSAT in 0.05s
    cube 2814.380.344 (depth 2, 32 lits): UNSAT in 0.14s
    cube 2814.380.345 (depth 2, 32 lits): UNSAT in 0.14s
    cube 2814.380.346 (depth 2, 32 lits): UNSAT in 0.02s
    cube 2814.380.347 (depth 2, 32 lits): UNSAT in 0.03s
    cube 2814.380.348 (depth 2, 32 lits): UNSAT in 0.03s
    cube 2814.380.349 (depth 2, 32 lits): UNSAT in 0.10s
    cube 2814.380.350 (depth 2, 32 lits): UNSAT in 0.07s
    cube 2814.380.351 (depth 2, 32 lits): UNSAT in 0.17s
    cube 2814.380.352 (depth 2, 32 lits): UNSAT in 0.14s
    cube 2814.380.353 (depth 2, 32 lits): UNSAT in 0.36s
    cube 2814.380.354 (depth 2, 32 lits): UNSAT in 0.02s
    cube 2814.380.355 (depth 2, 32 lits): UNSAT in 0.13s
    cube 2814.380.356 (depth 2, 32 lits): UNSAT in 0.05s
    cube 2814.380.357 (depth 2, 32 lits): UNSAT in 0.13s
    cube 2814.380.358 (depth 2, 32 lits): UNSAT in 0.07s
    cube 2814.380.359 (depth 2, 32 lits): UNSAT in 0.22s
    cube 2814.380.360 (depth 2, 32 lits): UNSAT in 0.29s
    cube 2814.380.361 (depth 2, 32 lits): UNSAT in 0.64s
    cube 2814.380.362 (depth 2, 32 lits): UNSAT in 0.05s
    cube 2814.380.363 (depth 2, 32 lits): UNSAT in 0.12s
    cube 2814.380.364 (depth 2, 32 lits): UNSAT in 0.32s
    cube 2814.380.365 (depth 2, 32 lits): UNSAT in 0.56s
    cube 2814.380.366 (depth 2, 32 lits): UNSAT in 0.05s
    cube 2814.380.367 (depth 2, 32 lits): UNSAT in 0.17s
    cube 2814.380.368 (depth 2, 32 lits): UNSAT in 1.19s
    cube 2814.380.369 (depth 2, 32 lits): UNSAT in 4.04s
    cube 2814.380.370 (depth 2, 32 lits): UNSAT in 0.02s
    cube 2814.380.371 (depth 2, 32 lits): UNSAT in 0.09s
    cube 2814.380.372 (depth 2, 32 lits): UNSAT in 0.08s
    cube 2814.380.373 (depth 2, 32 lits): UNSAT in 0.07s
    cube 2814.380.374 (depth 2, 32 lits): UNSAT in 0.04s
    cube 2814.380.375 (depth 2, 32 lits): UNSAT in 0.12s
    cube 2814.380.376 (depth 2, 32 lits): UNSAT in 0.10s
    cube 2814.380.377 (depth 2, 32 lits): UNSAT in 0.06s
    cube 2814.380.378 (depth 2, 32 lits): UNSAT in 0.02s
    cube 2814.380.379 (depth 2, 32 lits): UNSAT in 0.05s
    cube 2814.380.380 (depth 2, 32 lits): UNSAT in 0.09s
    cube 2814.380.381 (depth 2, 32 lits): UNSAT in 0.09s
    cube 2814.380.382 (depth 2, 32 lits): UNSAT in 0.10s
    cube 2814.380.383 (depth 2, 32 lits): UNSAT in 0.22s
    cube 2814.380.384 (depth 2, 32 lits): UNSAT in 0.25s
    cube 2814.380.385 (depth 2, 32 lits): UNSAT in 0.42s
    cube 2814.380.386 (depth 2, 32 lits): UNSAT in 0.03s
    cube 2814.380.387 (depth 2, 32 lits): UNSAT in 0.15s
    cube 2814.380.388 (depth 2, 32 lits): UNSAT in 0.27s
    cube 2814.380.389 (depth 2, 32 lits): UNSAT in 0.62s
    cube 2814.380.390 (depth 2, 32 lits): UNSAT in 0.07s
    cube 2814.380.391 (depth 2, 32 lits): UNSAT in 0.13s
    cube 2814.380.392 (depth 2, 32 lits): UNSAT in 0.31s
    cube 2814.380.393 (depth 2, 32 lits): UNSAT in 1.37s
    cube 2814.380.394 (depth 2, 32 lits): UNSAT in 0.07s
    cube 2814.380.395 (depth 2, 32 lits): UNSAT in 0.06s
    cube 2814.380.396 (depth 2, 32 lits): UNSAT in 0.21s
    cube 2814.380.397 (depth 2, 32 lits): UNSAT in 0.42s
    cube 2814.380.398 (depth 2, 32 lits): UNSAT in 0.24s
    cube 2814.380.399 (depth 2, 32 lits): UNSAT in 1.27s
    cube 2814.380.400 (depth 2, 32 lits): UNSAT in 6.33s
    cube 2814.380.401 (depth 2, 32 lits): UNSAT in 14.46s
    cube 2814.380.402 (depth 2, 32 lits): UNSAT in 0.01s
    cube 2814.380.403 (depth 2, 32 lits): UNSAT in 0.11s
    cube 2814.380.404 (depth 2, 32 lits): UNSAT in 0.26s
    cube 2814.380.405 (depth 2, 32 lits): UNSAT in 1.07s
    cube 2814.380.406 (depth 2, 32 lits): UNSAT in 0.04s
    cube 2814.380.407 (depth 2, 32 lits): UNSAT in 0.18s
    cube 2814.380.408 (depth 2, 32 lits): UNSAT in 0.23s
    cube 2814.380.409 (depth 2, 32 lits): UNSAT in 2.20s
    cube 2814.380.410 (depth 2, 32 lits): UNSAT in 0.09s
    cube 2814.380.411 (depth 2, 32 lits): UNSAT in 0.32s
    cube 2814.380.412 (depth 2, 32 lits): UNSAT in 0.30s
    cube 2814.380.413 (depth 2, 32 lits): UNSAT in 1.53s
    cube 2814.380.414 (depth 2, 32 lits): UNSAT in 0.17s
    cube 2814.380.415 (depth 2, 32 lits): UNSAT in 0.42s
    cube 2814.380.416 (depth 2, 32 lits): UNSAT in 1.73s
    cube 2814.380.417 (depth 2, 32 lits): UNSAT in 25.85s
    cube 2814.380.418 (depth 2, 32 lits): UNSAT in 0.36s
    cube 2814.380.419 (depth 2, 32 lits): UNSAT in 1.30s
    cube 2814.380.420 (depth 2, 32 lits): UNSAT in 0.36s
    cube 2814.380.421 (depth 2, 32 lits): UNSAT in 2.91s
    cube 2814.380.422 (depth 2, 32 lits): UNSAT in 0.45s
    cube 2814.380.423 (depth 2, 32 lits): UNSAT in 9.77s
    cube 2814.380.424 (depth 2, 32 lits): UNSAT in 7.06s
    cube 2814.380.425 (depth 2, 32 lits): UNSAT in 54.31s
    cube 2814.380.426 (depth 2, 32 lits): UNSAT in 1.32s
    cube 2814.380.427 (depth 2, 32 lits): UNSAT in 4.15s
    cube 2814.380.428 (depth 2, 32 lits): UNSAT in 8.60s
    cube 2814.380.429 (depth 2, 32 lits): UNSAT in 56.37s
    cube 2814.380.430 (depth 2, 32 lits): UNSAT in 8.92s
    cube 2814.380.431 (depth 2, 32 lits): UNSAT in 152.12s
    cube 2814.380.432 (depth 2, 32 lits): UNSAT in 122.35s
    cube 2814.380.433 (depth 2, 32 lits): UNSAT in 267.28s
    cube 2814.380.434 (depth 2, 32 lits): UNSAT in 0.01s
    cube 2814.380.435 (depth 2, 32 lits): UNSAT in 0.02s
    cube 2814.380.436 (depth 2, 32 lits): UNSAT in 0.02s
    cube 2814.380.437 (depth 2, 32 lits): UNSAT in 0.03s
    cube 2814.380.438 (depth 2, 32 lits): UNSAT in 0.01s
    cube 2814.380.439 (depth 2, 32 lits): UNSAT in 0.02s
    cube 2814.380.440 (depth 2, 32 lits): UNSAT in 0.02s
    cube 2814.380.441 (depth 2, 32 lits): UNSAT in 0.05s
    cube 2814.380.442 (depth 2, 32 lits): UNSAT in 0.01s
    cube 2814.380.443 (depth 2, 32 lits): UNSAT in 0.02s
    cube 2814.380.444 (depth 2, 32 lits): UNSAT in 0.04s
    cube 2814.380.445 (depth 2, 32 lits): UNSAT in 0.08s
    cube 2814.380.446 (depth 2, 32 lits): UNSAT in 0.03s
    cube 2814.380.447 (depth 2, 32 lits): UNSAT in 0.03s
    cube 2814.380.448 (depth 2, 32 lits): UNSAT in 0.03s
    cube 2814.380.449 (depth 2, 32 lits): UNSAT in 0.05s
    cube 2814.380.450 (depth 2, 32 lits): UNSAT in 0.01s
    cube 2814.380.451 (depth 2, 32 lits): UNSAT in 0.02s
    cube 2814.380.452 (depth 2, 32 lits): UNSAT in 0.01s
    cube 2814.380.453 (depth 2, 32 lits): UNSAT in 0.04s
    cube 2814.380.454 (depth 2, 32 lits): UNSAT in 0.02s
    cube 2814.380.455 (depth 2, 32 lits): UNSAT in 0.07s
    cube 2814.380.456 (depth 2, 32 lits): UNSAT in 0.03s
    cube 2814.380.457 (depth 2, 32 lits): UNSAT in 0.14s
    cube 2814.380.458 (depth 2, 32 lits): UNSAT in 0.02s
    cube 2814.380.459 (depth 2, 32 lits): UNSAT in 0.02s
    cube 2814.380.460 (depth 2, 32 lits): UNSAT in 0.03s
    cube 2814.380.461 (depth 2, 32 lits): UNSAT in 0.03s
    cube 2814.380.462 (depth 2, 32 lits): UNSAT in 0.02s
    cube 2814.380.463 (depth 2, 32 lits): UNSAT in 0.05s
    cube 2814.380.464 (depth 2, 32 lits): UNSAT in 0.05s
    cube 2814.380.465 (depth 2, 32 lits): UNSAT in 0.07s
    cube 2814.380.466 (depth 2, 31 lits): UNSAT in 0.02s
    cube 2814.380.467 (depth 2, 32 lits): UNSAT in 0.01s
    cube 2814.380.468 (depth 2, 32 lits): UNSAT in 0.03s
    cube 2814.380.469 (depth 2, 31 lits): UNSAT in 0.02s
    cube 2814.380.470 (depth 2, 32 lits): UNSAT in 0.02s
    cube 2814.380.471 (depth 2, 32 lits): UNSAT in 0.04s
    cube 2814.380.472 (depth 2, 32 lits): UNSAT in 0.02s
    cube 2814.380.473 (depth 2, 32 lits): UNSAT in 0.02s
    cube 2814.380.474 (depth 2, 32 lits): UNSAT in 0.03s
    cube 2814.380.475 (depth 2, 32 lits): UNSAT in 0.03s
    cube 2814.380.476 (depth 2, 32 lits): UNSAT in 0.02s
    cube 2814.380.477 (depth 2, 32 lits): UNSAT in 0.05s
    cube 2814.380.478 (depth 2, 32 lits): UNSAT in 0.02s
    cube 2814.380.479 (depth 2, 32 lits): UNSAT in 0.04s
    cube 2814.380.480 (depth 2, 32 lits): UNSAT in 0.02s
    cube 2814.380.481 (depth 2, 32 lits): UNSAT in 0.03s
    cube 2814.380.482 (depth 2, 32 lits): UNSAT in 0.04s
    cube 2814.380.483 (depth 2, 32 lits): UNSAT in 0.03s
    cube 2814.380.484 (depth 2, 32 lits): UNSAT in 0.02s
    cube 2814.380.485 (depth 2, 32 lits): UNSAT in 0.02s
    cube 2814.380.486 (depth 2, 32 lits): UNSAT in 0.01s
    cube 2814.380.487 (depth 2, 32 lits): UNSAT in 0.02s
    cube 2814.380.488 (depth 2, 32 lits): UNSAT in 0.02s
    cube 2814.380.489 (depth 2, 32 lits): UNSAT in 0.04s
    cube 2814.380.490 (depth 2, 32 lits): UNSAT in 0.02s
    cube 2814.380.491 (depth 2, 32 lits): UNSAT in 0.12s
    cube 2814.380.492 (depth 2, 32 lits): UNSAT in 0.10s
    cube 2814.380.493 (depth 2, 32 lits): UNSAT in 0.19s
    cube 2814.380.494 (depth 2, 32 lits): UNSAT in 0.14s
    cube 2814.380.495 (depth 2, 32 lits): UNSAT in 0.39s
    cube 2814.380.496 (depth 2, 32 lits): UNSAT in 0.01s
    cube 2814.380.497 (depth 2, 32 lits): UNSAT in 0.01s
    cube 2814.380.498 (depth 2, 32 lits): UNSAT in 0.02s
    cube 2814.380.499 (depth 2, 32 lits): UNSAT in 0.04s
    cube 2814.380.500 (depth 2, 32 lits): UNSAT in 0.02s
    cube 2814.380.501 (depth 2, 32 lits): UNSAT in 0.03s
    cube 2814.380.502 (depth 2, 32 lits): UNSAT in 0.02s
    cube 2814.380.503 (depth 2, 32 lits): UNSAT in 0.04s
    cube 2814.380.504 (depth 2, 32 lits): UNSAT in 0.02s
    cube 2814.380.505 (depth 2, 32 lits): UNSAT in 0.02s
    cube 2814.380.506 (depth 2, 32 lits): UNSAT in 0.03s
    cube 2814.380.507 (depth 2, 32 lits): UNSAT in 0.08s
    cube 2814.380.508 (depth 2, 32 lits): UNSAT in 0.03s
    cube 2814.380.509 (depth 2, 32 lits): UNSAT in 0.07s
    cube 2814.380.510 (depth 2, 32 lits): UNSAT in 0.31s
    cube 2814.380.511 (depth 2, 32 lits): UNSAT in 0.16s
    cube 2814.380.512 (depth 2, 32 lits): UNSAT in 0.02s
    cube 2814.380.513 (depth 2, 32 lits): UNSAT in 0.03s
    cube 2814.380.514 (depth 2, 32 lits): UNSAT in 0.03s
    cube 2814.380.515 (depth 2, 32 lits): UNSAT in 0.01s
    cube 2814.380.516 (depth 2, 32 lits): UNSAT in 0.02s
    cube 2814.380.517 (depth 2, 32 lits): UNSAT in 0.04s
    cube 2814.380.518 (depth 2, 32 lits): UNSAT in 0.04s
    cube 2814.380.519 (depth 2, 32 lits): UNSAT in 0.07s
    cube 2814.380.520 (depth 2, 32 lits): UNSAT in 0.03s
    cube 2814.380.521 (depth 2, 32 lits): UNSAT in 0.16s
    cube 2814.380.522 (depth 2, 32 lits): UNSAT in 0.05s
    cube 2814.380.523 (depth 2, 32 lits): UNSAT in 0.20s
    cube 2814.380.524 (depth 2, 32 lits): UNSAT in 0.05s
    cube 2814.380.525 (depth 2, 32 lits): UNSAT in 0.15s
    cube 2814.380.526 (depth 2, 32 lits): UNSAT in 0.25s
    cube 2814.380.527 (depth 2, 32 lits): UNSAT in 0.79s
    cube 2814.380.528 (depth 2, 32 lits): UNSAT in 0.02s
    cube 2814.380.529 (depth 2, 32 lits): UNSAT in 0.03s
    cube 2814.380.530 (depth 2, 32 lits): UNSAT in 0.01s
    cube 2814.380.531 (depth 2, 32 lits): UNSAT in 0.02s
    cube 2814.380.532 (depth 2, 32 lits): UNSAT in 0.02s
    cube 2814.380.533 (depth 2, 32 lits): UNSAT in 0.02s
    cube 2814.380.534 (depth 2, 32 lits): UNSAT in 0.04s
    cube 2814.380.535 (depth 2, 32 lits): UNSAT in 0.07s
    cube 2814.380.536 (depth 2, 32 lits): UNSAT in 0.02s
    cube 2814.380.537 (depth 2, 32 lits): UNSAT in 0.03s
    cube 2814.380.538 (depth 2, 32 lits): UNSAT in 0.03s
    cube 2814.380.539 (depth 2, 32 lits): UNSAT in 0.10s
    cube 2814.380.540 (depth 2, 32 lits): UNSAT in 0.17s
    cube 2814.380.541 (depth 2, 32 lits): UNSAT in 0.42s
    cube 2814.380.542 (depth 2, 32 lits): UNSAT in 0.03s
    cube 2814.380.543 (depth 2, 32 lits): UNSAT in 0.27s
    cube 2814.380.544 (depth 2, 32 lits): UNSAT in 0.02s
    cube 2814.380.545 (depth 2, 32 lits): UNSAT in 0.08s
    cube 2814.380.546 (depth 2, 32 lits): UNSAT in 0.04s
    cube 2814.380.547 (depth 2, 32 lits): UNSAT in 0.19s
    cube 2814.380.548 (depth 2, 32 lits): UNSAT in 0.10s
    cube 2814.380.549 (depth 2, 32 lits): UNSAT in 0.13s
    cube 2814.380.550 (depth 2, 32 lits): UNSAT in 0.22s
    cube 2814.380.551 (depth 2, 32 lits): UNSAT in 0.52s
    cube 2814.380.552 (depth 2, 32 lits): UNSAT in 0.05s
    cube 2814.380.553 (depth 2, 32 lits): UNSAT in 0.11s
    cube 2814.380.554 (depth 2, 32 lits): UNSAT in 0.13s
    cube 2814.380.555 (depth 2, 32 lits): UNSAT in 0.57s
    cube 2814.380.556 (depth 2, 32 lits): UNSAT in 0.37s
    cube 2814.380.557 (depth 2, 32 lits): UNSAT in 1.18s
    cube 2814.380.558 (depth 2, 32 lits): UNSAT in 0.86s
    cube 2814.380.559 (depth 2, 32 lits): UNSAT in 7.57s
    cube 2814.380.560 (depth 2, 31 lits): UNSAT in 0.01s
    cube 2814.380.561 (depth 2, 31 lits): UNSAT in 0.02s
    cube 2814.380.562 (depth 2, 32 lits): UNSAT in 0.01s
    cube 2814.380.563 (depth 2, 32 lits): UNSAT in 0.01s
    cube 2814.380.564 (depth 2, 32 lits): UNSAT in 0.01s
    cube 2814.380.565 (depth 2, 32 lits): UNSAT in 0.03s
    cube 2814.380.566 (depth 2, 31 lits): UNSAT in 0.02s
    cube 2814.380.567 (depth 2, 32 lits): UNSAT in 0.04s
    cube 2814.380.568 (depth 2, 32 lits): UNSAT in 0.04s
    cube 2814.380.569 (depth 2, 32 lits): UNSAT in 0.02s
    cube 2814.380.570 (depth 2, 32 lits): UNSAT in 0.03s
    cube 2814.380.571 (depth 2, 32 lits): UNSAT in 0.06s
    cube 2814.380.572 (depth 2, 32 lits): UNSAT in 0.35s
    cube 2814.380.573 (depth 2, 31 lits): UNSAT in 0.01s
    cube 2814.380.574 (depth 2, 32 lits): UNSAT in 0.01s
    cube 2814.380.575 (depth 2, 32 lits): UNSAT in 0.02s
    cube 2814.380.576 (depth 2, 32 lits): UNSAT in 0.02s
    cube 2814.380.577 (depth 2, 32 lits): UNSAT in 0.02s
    cube 2814.380.578 (depth 2, 32 lits): UNSAT in 0.02s
    cube 2814.380.579 (depth 2, 32 lits): UNSAT in 0.07s
    cube 2814.380.580 (depth 2, 32 lits): UNSAT in 0.03s
    cube 2814.380.581 (depth 2, 32 lits): UNSAT in 0.13s
    cube 2814.380.582 (depth 2, 32 lits): UNSAT in 0.02s
    cube 2814.380.583 (depth 2, 32 lits): UNSAT in 0.27s
    cube 2814.380.584 (depth 2, 32 lits): UNSAT in 0.08s
    cube 2814.380.585 (depth 2, 32 lits): UNSAT in 0.16s
    cube 2814.380.586 (depth 2, 32 lits): UNSAT in 0.21s
    cube 2814.380.587 (depth 2, 32 lits): UNSAT in 0.39s
    cube 2814.380.588 (depth 2, 32 lits): UNSAT in 0.02s
    cube 2814.380.589 (depth 2, 32 lits): UNSAT in 0.04s
    cube 2814.380.590 (depth 2, 32 lits): UNSAT in 0.04s
    cube 2814.380.591 (depth 2, 32 lits): UNSAT in 0.10s
    cube 2814.380.592 (depth 2, 32 lits): UNSAT in 0.03s
    cube 2814.380.593 (depth 2, 32 lits): UNSAT in 0.06s
    cube 2814.380.594 (depth 2, 32 lits): UNSAT in 0.13s
    cube 2814.380.595 (depth 2, 32 lits): UNSAT in 0.22s
    cube 2814.380.596 (depth 2, 32 lits): UNSAT in 0.04s
    cube 2814.380.597 (depth 2, 32 lits): UNSAT in 0.08s
    cube 2814.380.598 (depth 2, 32 lits): UNSAT in 0.11s
    cube 2814.380.599 (depth 2, 32 lits): UNSAT in 0.37s
    cube 2814.380.600 (depth 2, 32 lits): UNSAT in 0.06s
    cube 2814.380.601 (depth 2, 32 lits): UNSAT in 0.24s
    cube 2814.380.602 (depth 2, 32 lits): UNSAT in 0.16s
    cube 2814.380.603 (depth 2, 32 lits): UNSAT in 1.81s
    cube 2814.380.604 (depth 2, 32 lits): UNSAT in 0.02s
    cube 2814.380.605 (depth 2, 32 lits): UNSAT in 0.03s
    cube 2814.380.606 (depth 2, 32 lits): UNSAT in 0.07s
    cube 2814.380.607 (depth 2, 32 lits): UNSAT in 0.18s
    cube 2814.380.608 (depth 2, 32 lits): UNSAT in 0.07s
    cube 2814.380.609 (depth 2, 32 lits): UNSAT in 0.27s
    cube 2814.380.610 (depth 2, 32 lits): UNSAT in 0.22s
    cube 2814.380.611 (depth 2, 32 lits): UNSAT in 0.61s
    cube 2814.380.612 (depth 2, 32 lits): UNSAT in 0.09s
    cube 2814.380.613 (depth 2, 32 lits): UNSAT in 0.31s
    cube 2814.380.614 (depth 2, 32 lits): UNSAT in 0.51s
    cube 2814.380.615 (depth 2, 32 lits): UNSAT in 0.91s
    cube 2814.380.616 (depth 2, 32 lits): UNSAT in 0.16s
    cube 2814.380.617 (depth 2, 32 lits): UNSAT in 0.70s
    cube 2814.380.618 (depth 2, 32 lits): UNSAT in 1.58s
    cube 2814.380.619 (depth 2, 32 lits): UNSAT in 4.18s
    cube 2814.380.620 (depth 2, 32 lits): UNSAT in 0.02s
    cube 2814.380.621 (depth 2, 32 lits): UNSAT in 0.03s
    cube 2814.380.622 (depth 2, 32 lits): UNSAT in 0.04s
    cube 2814.380.623 (depth 2, 32 lits): UNSAT in 0.07s
    cube 2814.380.624 (depth 2, 32 lits): UNSAT in 0.04s
    cube 2814.380.625 (depth 2, 32 lits): UNSAT in 0.13s
    cube 2814.380.626 (depth 2, 32 lits): UNSAT in 0.08s
    cube 2814.380.627 (depth 2, 32 lits): UNSAT in 0.08s
    cube 2814.380.628 (depth 2, 32 lits): UNSAT in 0.02s
    cube 2814.380.629 (depth 2, 32 lits): UNSAT in 0.04s
    cube 2814.380.630 (depth 2, 32 lits): UNSAT in 0.07s
    cube 2814.380.631 (depth 2, 32 lits): UNSAT in 0.18s
    cube 2814.380.632 (depth 2, 32 lits): UNSAT in 0.09s
    cube 2814.380.633 (depth 2, 32 lits): UNSAT in 0.25s
    cube 2814.380.634 (depth 2, 32 lits): UNSAT in 0.11s
    cube 2814.380.635 (depth 2, 32 lits): UNSAT in 2.00s
    cube 2814.380.636 (depth 2, 32 lits): UNSAT in 0.03s
    cube 2814.380.637 (depth 2, 32 lits): UNSAT in 0.05s
    cube 2814.380.638 (depth 2, 32 lits): UNSAT in 0.07s
    cube 2814.380.639 (depth 2, 32 lits): UNSAT in 0.13s
    cube 2814.380.640 (depth 2, 32 lits): UNSAT in 0.13s
    cube 2814.380.641 (depth 2, 32 lits): UNSAT in 0.13s
    cube 2814.380.642 (depth 2, 32 lits): UNSAT in 0.21s
    cube 2814.380.643 (depth 2, 32 lits): UNSAT in 0.55s
    cube 2814.380.644 (depth 2, 32 lits): UNSAT in 0.16s
    cube 2814.380.645 (depth 2, 32 lits): UNSAT in 0.72s
    cube 2814.380.646 (depth 2, 32 lits): UNSAT in 0.18s
    cube 2814.380.647 (depth 2, 32 lits): UNSAT in 0.85s
    cube 2814.380.648 (depth 2, 32 lits): UNSAT in 0.23s
    cube 2814.380.649 (depth 2, 32 lits): UNSAT in 0.24s
    cube 2814.380.650 (depth 2, 32 lits): UNSAT in 0.82s
    cube 2814.380.651 (depth 2, 32 lits): UNSAT in 4.84s
    cube 2814.380.652 (depth 2, 32 lits): UNSAT in 0.02s
    cube 2814.380.653 (depth 2, 32 lits): UNSAT in 0.03s
    cube 2814.380.654 (depth 2, 32 lits): UNSAT in 0.05s
    cube 2814.380.655 (depth 2, 32 lits): UNSAT in 0.18s
    cube 2814.380.656 (depth 2, 32 lits): UNSAT in 0.06s
    cube 2814.380.657 (depth 2, 32 lits): UNSAT in 0.47s
    cube 2814.380.658 (depth 2, 32 lits): UNSAT in 0.18s
    cube 2814.380.659 (depth 2, 32 lits): UNSAT in 0.26s
    cube 2814.380.660 (depth 2, 32 lits): UNSAT in 0.08s
    cube 2814.380.661 (depth 2, 32 lits): UNSAT in 0.18s
    cube 2814.380.662 (depth 2, 32 lits): UNSAT in 0.31s
    cube 2814.380.663 (depth 2, 32 lits): UNSAT in 0.76s
    cube 2814.380.664 (depth 2, 32 lits): UNSAT in 0.11s
    cube 2814.380.665 (depth 2, 32 lits): UNSAT in 1.18s
    cube 2814.380.666 (depth 2, 32 lits): UNSAT in 0.49s
    cube 2814.380.667 (depth 2, 32 lits): UNSAT in 5.01s
    cube 2814.380.668 (depth 2, 32 lits): UNSAT in 0.17s
    cube 2814.380.669 (depth 2, 32 lits): UNSAT in 0.37s
    cube 2814.380.670 (depth 2, 32 lits): UNSAT in 0.86s
    cube 2814.380.671 (depth 2, 32 lits): UNSAT in 2.37s
    cube 2814.380.672 (depth 2, 32 lits): UNSAT in 0.53s
    cube 2814.380.673 (depth 2, 32 lits): UNSAT in 1.45s
    cube 2814.380.674 (depth 2, 32 lits): UNSAT in 1.56s
    cube 2814.380.675 (depth 2, 32 lits): UNSAT in 7.41s
    cube 2814.380.676 (depth 2, 32 lits): UNSAT in 0.99s
    cube 2814.380.677 (depth 2, 32 lits): UNSAT in 2.05s
    cube 2814.380.678 (depth 2, 32 lits): UNSAT in 1.70s
    cube 2814.380.679 (depth 2, 32 lits): UNSAT in 30.91s
    cube 2814.380.680 (depth 2, 32 lits): UNSAT in 7.75s
    cube 2814.380.681 (depth 2, 32 lits): UNSAT in 53.41s
    cube 2814.380.682 (depth 2, 32 lits): UNSAT in 267.09s
    cube 2814.380.683 (depth 2, 32 lits): TIMEOUT in 1200.10s
    cube 2814.380.683 TIMEOUT -> re-split into 915 sub-cubes (depth 3)
    cube 2814.380.683.0 (depth 3, 39 lits): UNSAT in 0.02s
    cube 2814.380.683.1 (depth 3, 40 lits): UNSAT in 0.02s
    cube 2814.380.683.2 (depth 3, 40 lits): UNSAT in 0.02s
    cube 2814.380.683.3 (depth 3, 39 lits): UNSAT in 0.02s
    cube 2814.380.683.4 (depth 3, 42 lits): UNSAT in 0.01s
    cube 2814.380.683.5 (depth 3, 42 lits): UNSAT in 0.02s
    cube 2814.380.683.6 (depth 3, 42 lits): UNSAT in 0.02s
    cube 2814.380.683.7 (depth 3, 42 lits): UNSAT in 0.02s
    cube 2814.380.683.8 (depth 3, 42 lits): UNSAT in 0.02s
    cube 2814.380.683.9 (depth 3, 42 lits): UNSAT in 0.02s
    cube 2814.380.683.10 (depth 3, 42 lits): UNSAT in 0.02s
    cube 2814.380.683.11 (depth 3, 42 lits): UNSAT in 0.02s
    cube 2814.380.683.12 (depth 3, 41 lits): UNSAT in 0.02s
    cube 2814.380.683.13 (depth 3, 42 lits): UNSAT in 0.02s
    cube 2814.380.683.14 (depth 3, 42 lits): UNSAT in 0.02s
    cube 2814.380.683.15 (depth 3, 42 lits): UNSAT in 0.02s
    cube 2814.380.683.16 (depth 3, 42 lits): UNSAT in 0.02s
    cube 2814.380.683.17 (depth 3, 42 lits): UNSAT in 0.02s
    cube 2814.380.683.18 (depth 3, 42 lits): UNSAT in 0.03s
    cube 2814.380.683.19 (depth 3, 42 lits): UNSAT in 0.02s
    cube 2814.380.683.20 (depth 3, 42 lits): UNSAT in 0.02s
    cube 2814.380.683.21 (depth 3, 42 lits): UNSAT in 0.02s
    cube 2814.380.683.22 (depth 3, 42 lits): UNSAT in 0.03s
    cube 2814.380.683.23 (depth 3, 42 lits): UNSAT in 0.02s
    cube 2814.380.683.24 (depth 3, 42 lits): UNSAT in 0.04s
    cube 2814.380.683.25 (depth 3, 42 lits): UNSAT in 0.02s
    cube 2814.380.683.26 (depth 3, 42 lits): UNSAT in 0.03s
    cube 2814.380.683.27 (depth 3, 42 lits): UNSAT in 0.01s
    cube 2814.380.683.28 (depth 3, 42 lits): UNSAT in 0.03s
    cube 2814.380.683.29 (depth 3, 42 lits): UNSAT in 0.02s
    cube 2814.380.683.30 (depth 3, 42 lits): UNSAT in 0.02s
    cube 2814.380.683.31 (depth 3, 42 lits): UNSAT in 0.02s
    cube 2814.380.683.32 (depth 3, 42 lits): UNSAT in 0.02s
    cube 2814.380.683.33 (depth 3, 42 lits): UNSAT in 0.02s
    cube 2814.380.683.34 (depth 3, 42 lits): UNSAT in 0.02s
    cube 2814.380.683.35 (depth 3, 42 lits): UNSAT in 0.01s
    cube 2814.380.683.36 (depth 3, 42 lits): UNSAT in 0.02s
    cube 2814.380.683.37 (depth 3, 42 lits): UNSAT in 0.02s
    cube 2814.380.683.38 (depth 3, 42 lits): UNSAT in 0.02s
    cube 2814.380.683.39 (depth 3, 42 lits): UNSAT in 0.02s
    cube 2814.380.683.40 (depth 3, 42 lits): UNSAT in 0.03s
    cube 2814.380.683.41 (depth 3, 42 lits): UNSAT in 0.03s
    cube 2814.380.683.42 (depth 3, 42 lits): UNSAT in 0.05s
    cube 2814.380.683.43 (depth 3, 41 lits): UNSAT in 0.01s
    cube 2814.380.683.44 (depth 3, 41 lits): UNSAT in 0.02s
    cube 2814.380.683.45 (depth 3, 40 lits): UNSAT in 0.02s
    cube 2814.380.683.46 (depth 3, 42 lits): UNSAT in 0.01s
    cube 2814.380.683.47 (depth 3, 42 lits): UNSAT in 0.02s
    cube 2814.380.683.48 (depth 3, 42 lits): UNSAT in 0.02s
    cube 2814.380.683.49 (depth 3, 42 lits): UNSAT in 0.02s
    cube 2814.380.683.50 (depth 3, 41 lits): UNSAT in 0.02s
    cube 2814.380.683.51 (depth 3, 42 lits): UNSAT in 0.02s
    cube 2814.380.683.52 (depth 3, 42 lits): UNSAT in 0.04s
    cube 2814.380.683.53 (depth 3, 41 lits): UNSAT in 0.01s
    cube 2814.380.683.54 (depth 3, 42 lits): UNSAT in 0.02s
    cube 2814.380.683.55 (depth 3, 42 lits): UNSAT in 0.02s
    cube 2814.380.683.56 (depth 3, 42 lits): UNSAT in 0.01s
    cube 2814.380.683.57 (depth 3, 42 lits): UNSAT in 0.03s
    cube 2814.380.683.58 (depth 3, 42 lits): UNSAT in 0.02s
    cube 2814.380.683.59 (depth 3, 42 lits): UNSAT in 0.02s
    cube 2814.380.683.60 (depth 3, 42 lits): UNSAT in 0.02s
    cube 2814.380.683.61 (depth 3, 42 lits): UNSAT in 0.03s
    cube 2814.380.683.62 (depth 3, 42 lits): UNSAT in 0.02s
    cube 2814.380.683.63 (depth 3, 42 lits): UNSAT in 0.05s
    cube 2814.380.683.64 (depth 3, 42 lits): UNSAT in 0.04s
    cube 2814.380.683.65 (depth 3, 42 lits): UNSAT in 0.05s
    cube 2814.380.683.66 (depth 3, 42 lits): UNSAT in 0.03s
    cube 2814.380.683.67 (depth 3, 42 lits): UNSAT in 0.06s
    cube 2814.380.683.68 (depth 3, 40 lits): UNSAT in 0.01s
    cube 2814.380.683.69 (depth 3, 42 lits): UNSAT in 0.01s
    cube 2814.380.683.70 (depth 3, 42 lits): UNSAT in 0.01s
    cube 2814.380.683.71 (depth 3, 42 lits): UNSAT in 0.03s
    cube 2814.380.683.72 (depth 3, 42 lits): UNSAT in 0.02s
    cube 2814.380.683.73 (depth 3, 42 lits): UNSAT in 0.02s
    cube 2814.380.683.74 (depth 3, 42 lits): UNSAT in 0.02s
    cube 2814.380.683.75 (depth 3, 42 lits): UNSAT in 0.02s
    cube 2814.380.683.76 (depth 3, 42 lits): UNSAT in 0.03s
    cube 2814.380.683.77 (depth 3, 42 lits): UNSAT in 0.02s
    cube 2814.380.683.78 (depth 3, 42 lits): UNSAT in 0.03s
    cube 2814.380.683.79 (depth 3, 42 lits): UNSAT in 0.02s
    cube 2814.380.683.80 (depth 3, 42 lits): UNSAT in 0.09s
    cube 2814.380.683.81 (depth 3, 42 lits): UNSAT in 0.01s
    cube 2814.380.683.82 (depth 3, 42 lits): UNSAT in 0.02s
    cube 2814.380.683.83 (depth 3, 41 lits): UNSAT in 0.02s
    cube 2814.380.683.84 (depth 3, 42 lits): UNSAT in 0.02s
    cube 2814.380.683.85 (depth 3, 42 lits): UNSAT in 0.02s
    cube 2814.380.683.86 (depth 3, 42 lits): UNSAT in 0.07s
    cube 2814.380.683.87 (depth 3, 42 lits): UNSAT in 0.05s
    cube 2814.380.683.88 (depth 3, 42 lits): UNSAT in 0.01s
    cube 2814.380.683.89 (depth 3, 42 lits): UNSAT in 0.01s
    cube 2814.380.683.90 (depth 3, 42 lits): UNSAT in 0.02s
    cube 2814.380.683.91 (depth 3, 42 lits): UNSAT in 0.03s
    cube 2814.380.683.92 (depth 3, 42 lits): UNSAT in 0.02s
    cube 2814.380.683.93 (depth 3, 42 lits): UNSAT in 0.03s
    cube 2814.380.683.94 (depth 3, 42 lits): UNSAT in 0.10s
    cube 2814.380.683.95 (depth 3, 42 lits): UNSAT in 0.14s
    cube 2814.380.683.96 (depth 3, 39 lits): UNSAT in 0.02s
    cube 2814.380.683.97 (depth 3, 41 lits): UNSAT in 0.01s
    cube 2814.380.683.98 (depth 3, 41 lits): UNSAT in 0.02s
    cube 2814.380.683.99 (depth 3, 42 lits): UNSAT in 0.02s
    cube 2814.380.683.100 (depth 3, 42 lits): UNSAT in 0.02s
    cube 2814.380.683.101 (depth 3, 42 lits): UNSAT in 0.02s
    cube 2814.380.683.102 (depth 3, 42 lits): UNSAT in 0.02s
    cube 2814.380.683.103 (depth 3, 41 lits): UNSAT in 0.01s
    cube 2814.380.683.104 (depth 3, 41 lits): UNSAT in 0.02s
    cube 2814.380.683.105 (depth 3, 42 lits): UNSAT in 0.01s
    cube 2814.380.683.106 (depth 3, 42 lits): UNSAT in 0.02s
    cube 2814.380.683.107 (depth 3, 42 lits): UNSAT in 0.02s
    cube 2814.380.683.108 (depth 3, 42 lits): UNSAT in 0.04s
    cube 2814.380.683.109 (depth 3, 42 lits): UNSAT in 0.01s
    cube 2814.380.683.110 (depth 3, 42 lits): UNSAT in 0.02s
    cube 2814.380.683.111 (depth 3, 42 lits): UNSAT in 0.01s
    cube 2814.380.683.112 (depth 3, 42 lits): UNSAT in 0.04s
    cube 2814.380.683.113 (depth 3, 42 lits): UNSAT in 0.02s
    cube 2814.380.683.114 (depth 3, 42 lits): UNSAT in 0.03s
    cube 2814.380.683.115 (depth 3, 42 lits): UNSAT in 0.04s
    cube 2814.380.683.116 (depth 3, 42 lits): UNSAT in 0.05s
    cube 2814.380.683.117 (depth 3, 41 lits): UNSAT in 0.02s
    cube 2814.380.683.118 (depth 3, 41 lits): UNSAT in 0.01s
    cube 2814.380.683.119 (depth 3, 42 lits): UNSAT in 0.01s
    cube 2814.380.683.120 (depth 3, 42 lits): UNSAT in 0.02s
    cube 2814.380.683.121 (depth 3, 41 lits): UNSAT in 0.02s
    cube 2814.380.683.122 (depth 3, 41 lits): UNSAT in 0.01s
    cube 2814.380.683.123 (depth 3, 42 lits): UNSAT in 0.01s
    cube 2814.380.683.124 (depth 3, 42 lits): UNSAT in 0.02s
    cube 2814.380.683.125 (depth 3, 42 lits): UNSAT in 0.02s
    cube 2814.380.683.126 (depth 3, 42 lits): UNSAT in 0.02s
    cube 2814.380.683.127 (depth 3, 42 lits): UNSAT in 0.02s
    cube 2814.380.683.128 (depth 3, 42 lits): UNSAT in 0.09s
    cube 2814.380.683.129 (depth 3, 42 lits): UNSAT in 0.02s
    cube 2814.380.683.130 (depth 3, 42 lits): UNSAT in 0.02s
    cube 2814.380.683.131 (depth 3, 42 lits): UNSAT in 0.02s
    cube 2814.380.683.132 (depth 3, 42 lits): UNSAT in 0.03s
    cube 2814.380.683.133 (depth 3, 42 lits): UNSAT in 0.02s
    cube 2814.380.683.134 (depth 3, 42 lits): UNSAT in 0.02s
    cube 2814.380.683.135 (depth 3, 42 lits): UNSAT in 0.03s
    cube 2814.380.683.136 (depth 3, 42 lits): UNSAT in 0.05s
    cube 2814.380.683.137 (depth 3, 42 lits): UNSAT in 0.02s
    cube 2814.380.683.138 (depth 3, 42 lits): UNSAT in 0.03s
    cube 2814.380.683.139 (depth 3, 42 lits): UNSAT in 0.03s
    cube 2814.380.683.140 (depth 3, 42 lits): UNSAT in 0.26s
    cube 2814.380.683.141 (depth 3, 42 lits): UNSAT in 0.02s
    cube 2814.380.683.142 (depth 3, 42 lits): UNSAT in 0.08s
    cube 2814.380.683.143 (depth 3, 42 lits): UNSAT in 0.05s
    cube 2814.380.683.144 (depth 3, 42 lits): UNSAT in 0.44s
    cube 2814.380.683.145 (depth 3, 40 lits): UNSAT in 0.01s
    cube 2814.380.683.146 (depth 3, 42 lits): UNSAT in 0.01s
    cube 2814.380.683.147 (depth 3, 42 lits): UNSAT in 0.01s
    cube 2814.380.683.148 (depth 3, 42 lits): UNSAT in 0.02s
    cube 2814.380.683.149 (depth 3, 42 lits): UNSAT in 0.02s
    cube 2814.380.683.150 (depth 3, 41 lits): UNSAT in 0.02s
    cube 2814.380.683.151 (depth 3, 42 lits): UNSAT in 0.04s
    cube 2814.380.683.152 (depth 3, 42 lits): UNSAT in 0.06s
    cube 2814.380.683.153 (depth 3, 42 lits): UNSAT in 0.02s
    cube 2814.380.683.154 (depth 3, 42 lits): UNSAT in 0.05s
    cube 2814.380.683.155 (depth 3, 42 lits): UNSAT in 0.03s
    cube 2814.380.683.156 (depth 3, 42 lits): UNSAT in 0.07s
    cube 2814.380.683.157 (depth 3, 41 lits): UNSAT in 0.01s
    cube 2814.380.683.158 (depth 3, 42 lits): UNSAT in 0.01s
    cube 2814.380.683.159 (depth 3, 42 lits): UNSAT in 0.02s
    cube 2814.380.683.160 (depth 3, 41 lits): UNSAT in 0.02s
    cube 2814.380.683.161 (depth 3, 42 lits): UNSAT in 0.03s
    cube 2814.380.683.162 (depth 3, 42 lits): UNSAT in 0.05s
    cube 2814.380.683.163 (depth 3, 41 lits): UNSAT in 0.02s
    cube 2814.380.683.164 (depth 3, 42 lits): UNSAT in 0.02s
    cube 2814.380.683.165 (depth 3, 42 lits): UNSAT in 0.04s
    cube 2814.380.683.166 (depth 3, 42 lits): UNSAT in 0.02s
    cube 2814.380.683.167 (depth 3, 42 lits): UNSAT in 0.05s
    cube 2814.380.683.168 (depth 3, 42 lits): UNSAT in 0.05s
    cube 2814.380.683.169 (depth 3, 42 lits): UNSAT in 0.12s
    cube 2814.380.683.170 (depth 3, 42 lits): UNSAT in 0.01s
    cube 2814.380.683.171 (depth 3, 42 lits): UNSAT in 0.01s
    cube 2814.380.683.172 (depth 3, 42 lits): UNSAT in 0.02s
    cube 2814.380.683.173 (depth 3, 42 lits): UNSAT in 0.02s
    cube 2814.380.683.174 (depth 3, 42 lits): UNSAT in 0.01s
    cube 2814.380.683.175 (depth 3, 42 lits): UNSAT in 0.03s
    cube 2814.380.683.176 (depth 3, 42 lits): UNSAT in 0.02s
    cube 2814.380.683.177 (depth 3, 42 lits): UNSAT in 0.04s
    cube 2814.380.683.178 (depth 3, 42 lits): UNSAT in 0.02s
    cube 2814.380.683.179 (depth 3, 42 lits): UNSAT in 0.03s
    cube 2814.380.683.180 (depth 3, 42 lits): UNSAT in 0.05s
    cube 2814.380.683.181 (depth 3, 42 lits): UNSAT in 0.08s
    cube 2814.380.683.182 (depth 3, 42 lits): UNSAT in 0.04s
    cube 2814.380.683.183 (depth 3, 42 lits): UNSAT in 0.08s
    cube 2814.380.683.184 (depth 3, 42 lits): UNSAT in 0.06s
    cube 2814.380.683.185 (depth 3, 42 lits): UNSAT in 0.58s
    cube 2814.380.683.186 (depth 3, 42 lits): UNSAT in 0.02s
    cube 2814.380.683.187 (depth 3, 42 lits): UNSAT in 0.02s
    cube 2814.380.683.188 (depth 3, 42 lits): UNSAT in 0.02s
    cube 2814.380.683.189 (depth 3, 42 lits): UNSAT in 0.03s
    cube 2814.380.683.190 (depth 3, 42 lits): UNSAT in 0.06s
    cube 2814.380.683.191 (depth 3, 42 lits): UNSAT in 0.08s
    cube 2814.380.683.192 (depth 3, 42 lits): UNSAT in 0.04s
    cube 2814.380.683.193 (depth 3, 42 lits): UNSAT in 0.08s
    cube 2814.380.683.194 (depth 3, 42 lits): UNSAT in 0.02s
    cube 2814.380.683.195 (depth 3, 42 lits): UNSAT in 0.04s
    cube 2814.380.683.196 (depth 3, 42 lits): UNSAT in 0.12s
    cube 2814.380.683.197 (depth 3, 42 lits): UNSAT in 0.32s
    cube 2814.380.683.198 (depth 3, 42 lits): UNSAT in 0.05s
    cube 2814.380.683.199 (depth 3, 42 lits): UNSAT in 0.13s
    cube 2814.380.683.200 (depth 3, 42 lits): UNSAT in 0.18s
    cube 2814.380.683.201 (depth 3, 42 lits): UNSAT in 1.15s
    cube 2814.380.683.202 (depth 3, 40 lits): UNSAT in 0.02s
    cube 2814.380.683.203 (depth 3, 40 lits): UNSAT in 0.02s
    cube 2814.380.683.204 (depth 3, 40 lits): UNSAT in 0.02s
    cube 2814.380.683.205 (depth 3, 42 lits): UNSAT in 0.01s
    cube 2814.380.683.206 (depth 3, 42 lits): UNSAT in 0.03s
    cube 2814.380.683.207 (depth 3, 42 lits): UNSAT in 0.03s
    cube 2814.380.683.208 (depth 3, 42 lits): UNSAT in 0.03s
    cube 2814.380.683.209 (depth 3, 40 lits): UNSAT in 0.02s
    cube 2814.380.683.210 (depth 3, 42 lits): UNSAT in 0.02s
    cube 2814.380.683.211 (depth 3, 42 lits): UNSAT in 0.02s
    cube 2814.380.683.212 (depth 3, 42 lits): UNSAT in 0.02s
    cube 2814.380.683.213 (depth 3, 42 lits): UNSAT in 0.04s
    cube 2814.380.683.214 (depth 3, 41 lits): UNSAT in 0.01s
    cube 2814.380.683.215 (depth 3, 41 lits): UNSAT in 0.02s
    cube 2814.380.683.216 (depth 3, 42 lits): UNSAT in 0.02s
    cube 2814.380.683.217 (depth 3, 42 lits): UNSAT in 0.04s
    cube 2814.380.683.218 (depth 3, 42 lits): UNSAT in 0.03s
    cube 2814.380.683.219 (depth 3, 42 lits): UNSAT in 0.15s
    cube 2814.380.683.220 (depth 3, 41 lits): UNSAT in 0.02s
    cube 2814.380.683.221 (depth 3, 41 lits): UNSAT in 0.02s
    cube 2814.380.683.222 (depth 3, 41 lits): UNSAT in 0.02s
    cube 2814.380.683.223 (depth 3, 42 lits): UNSAT in 0.02s
    cube 2814.380.683.224 (depth 3, 42 lits): UNSAT in 0.03s
    cube 2814.380.683.225 (depth 3, 42 lits): UNSAT in 0.01s
    cube 2814.380.683.226 (depth 3, 42 lits): UNSAT in 0.02s
    cube 2814.380.683.227 (depth 3, 42 lits): UNSAT in 0.01s
    cube 2814.380.683.228 (depth 3, 42 lits): UNSAT in 0.03s
    cube 2814.380.683.229 (depth 3, 42 lits): UNSAT in 0.02s
    cube 2814.380.683.230 (depth 3, 42 lits): UNSAT in 0.04s
    cube 2814.380.683.231 (depth 3, 42 lits): UNSAT in 0.04s
    cube 2814.380.683.232 (depth 3, 42 lits): UNSAT in 0.08s
    cube 2814.380.683.233 (depth 3, 42 lits): UNSAT in 0.02s
    cube 2814.380.683.234 (depth 3, 42 lits): UNSAT in 0.02s
    cube 2814.380.683.235 (depth 3, 42 lits): UNSAT in 0.02s
    cube 2814.380.683.236 (depth 3, 42 lits): UNSAT in 0.05s
    cube 2814.380.683.237 (depth 3, 42 lits): UNSAT in 0.02s
    cube 2814.380.683.238 (depth 3, 42 lits): UNSAT in 0.07s
    cube 2814.380.683.239 (depth 3, 42 lits): UNSAT in 0.03s
    cube 2814.380.683.240 (depth 3, 42 lits): UNSAT in 0.10s
    cube 2814.380.683.241 (depth 3, 42 lits): UNSAT in 0.01s
    cube 2814.380.683.242 (depth 3, 42 lits): UNSAT in 0.03s
    cube 2814.380.683.243 (depth 3, 42 lits): UNSAT in 0.02s
    cube 2814.380.683.244 (depth 3, 42 lits): UNSAT in 0.05s
    cube 2814.380.683.245 (depth 3, 42 lits): UNSAT in 0.04s
    cube 2814.380.683.246 (depth 3, 42 lits): UNSAT in 0.07s
    cube 2814.380.683.247 (depth 3, 42 lits): UNSAT in 0.11s
    cube 2814.380.683.248 (depth 3, 42 lits): UNSAT in 0.23s
    cube 2814.380.683.249 (depth 3, 41 lits): UNSAT in 0.02s
    cube 2814.380.683.250 (depth 3, 41 lits): UNSAT in 0.02s
    cube 2814.380.683.251 (depth 3, 41 lits): UNSAT in 0.02s
    cube 2814.380.683.252 (depth 3, 42 lits): UNSAT in 0.02s
    cube 2814.380.683.253 (depth 3, 42 lits): UNSAT in 0.04s
    cube 2814.380.683.254 (depth 3, 42 lits): UNSAT in 0.01s
    cube 2814.380.683.255 (depth 3, 42 lits): UNSAT in 0.02s
    cube 2814.380.683.256 (depth 3, 42 lits): UNSAT in 0.02s
    cube 2814.380.683.257 (depth 3, 42 lits): UNSAT in 0.03s
    cube 2814.380.683.258 (depth 3, 42 lits): UNSAT in 0.01s
    cube 2814.380.683.259 (depth 3, 42 lits): UNSAT in 0.04s
    cube 2814.380.683.260 (depth 3, 42 lits): UNSAT in 0.03s
    cube 2814.380.683.261 (depth 3, 42 lits): UNSAT in 0.09s
    cube 2814.380.683.262 (depth 3, 42 lits): UNSAT in 0.01s
    cube 2814.380.683.263 (depth 3, 42 lits): UNSAT in 0.02s
    cube 2814.380.683.264 (depth 3, 42 lits): UNSAT in 0.03s
    cube 2814.380.683.265 (depth 3, 42 lits): UNSAT in 0.05s
    cube 2814.380.683.266 (depth 3, 42 lits): UNSAT in 0.02s
    cube 2814.380.683.267 (depth 3, 42 lits): UNSAT in 0.02s
    cube 2814.380.683.268 (depth 3, 42 lits): UNSAT in 0.04s
    cube 2814.380.683.269 (depth 3, 42 lits): UNSAT in 0.16s
    cube 2814.380.683.270 (depth 3, 41 lits): UNSAT in 0.02s
    cube 2814.380.683.271 (depth 3, 42 lits): UNSAT in 0.02s
    cube 2814.380.683.272 (depth 3, 42 lits): UNSAT in 0.07s
    cube 2814.380.683.273 (depth 3, 42 lits): UNSAT in 0.05s
    cube 2814.380.683.274 (depth 3, 42 lits): UNSAT in 0.06s
    cube 2814.380.683.275 (depth 3, 42 lits): UNSAT in 0.13s
    cube 2814.380.683.276 (depth 3, 42 lits): UNSAT in 0.29s
    cube 2814.380.683.277 (depth 3, 41 lits): UNSAT in 0.01s
    cube 2814.380.683.278 (depth 3, 42 lits): UNSAT in 0.02s
    cube 2814.380.683.279 (depth 3, 42 lits): UNSAT in 0.02s
    cube 2814.380.683.280 (depth 3, 42 lits): UNSAT in 0.01s
    cube 2814.380.683.281 (depth 3, 42 lits): UNSAT in 0.02s
    cube 2814.380.683.282 (depth 3, 42 lits): UNSAT in 0.02s
    cube 2814.380.683.283 (depth 3, 42 lits): UNSAT in 0.05s
    cube 2814.380.683.284 (depth 3, 42 lits): UNSAT in 0.01s
    cube 2814.380.683.285 (depth 3, 42 lits): UNSAT in 0.02s
    cube 2814.380.683.286 (depth 3, 42 lits): UNSAT in 0.02s
    cube 2814.380.683.287 (depth 3, 42 lits): UNSAT in 0.04s
    cube 2814.380.683.288 (depth 3, 42 lits): UNSAT in 0.03s
    cube 2814.380.683.289 (depth 3, 42 lits): UNSAT in 0.04s
    cube 2814.380.683.290 (depth 3, 42 lits): UNSAT in 0.04s
    cube 2814.380.683.291 (depth 3, 42 lits): UNSAT in 0.14s
    cube 2814.380.683.292 (depth 3, 42 lits): UNSAT in 0.02s
    cube 2814.380.683.293 (depth 3, 42 lits): UNSAT in 0.03s
    cube 2814.380.683.294 (depth 3, 42 lits): UNSAT in 0.04s
    cube 2814.380.683.295 (depth 3, 42 lits): UNSAT in 0.13s
    cube 2814.380.683.296 (depth 3, 42 lits): UNSAT in 0.05s
    cube 2814.380.683.297 (depth 3, 42 lits): UNSAT in 0.04s
    cube 2814.380.683.298 (depth 3, 42 lits): UNSAT in 0.05s
    cube 2814.380.683.299 (depth 3, 42 lits): UNSAT in 0.30s
    cube 2814.380.683.300 (depth 3, 42 lits): UNSAT in 0.03s
    cube 2814.380.683.301 (depth 3, 42 lits): UNSAT in 0.05s
    cube 2814.380.683.302 (depth 3, 42 lits): UNSAT in 0.03s
    cube 2814.380.683.303 (depth 3, 42 lits): UNSAT in 0.39s
    cube 2814.380.683.304 (depth 3, 42 lits): UNSAT in 0.08s
    cube 2814.380.683.305 (depth 3, 42 lits): UNSAT in 0.68s
    cube 2814.380.683.306 (depth 3, 42 lits): UNSAT in 0.18s
    cube 2814.380.683.307 (depth 3, 42 lits): UNSAT in 0.74s
    cube 2814.380.683.308 (depth 3, 42 lits): UNSAT in 0.02s
    cube 2814.380.683.309 (depth 3, 42 lits): UNSAT in 0.02s
    cube 2814.380.683.310 (depth 3, 42 lits): UNSAT in 0.02s
    cube 2814.380.683.311 (depth 3, 42 lits): UNSAT in 0.02s
    cube 2814.380.683.312 (depth 3, 42 lits): UNSAT in 0.01s
    cube 2814.380.683.313 (depth 3, 42 lits): UNSAT in 0.02s
    cube 2814.380.683.314 (depth 3, 42 lits): UNSAT in 0.01s
    cube 2814.380.683.315 (depth 3, 42 lits): UNSAT in 0.05s
    cube 2814.380.683.316 (depth 3, 42 lits): UNSAT in 0.02s
    cube 2814.380.683.317 (depth 3, 42 lits): UNSAT in 0.02s
    cube 2814.380.683.318 (depth 3, 42 lits): UNSAT in 0.02s
    cube 2814.380.683.319 (depth 3, 42 lits): UNSAT in 0.06s
    cube 2814.380.683.320 (depth 3, 42 lits): UNSAT in 0.02s
    cube 2814.380.683.321 (depth 3, 42 lits): UNSAT in 0.10s
    cube 2814.380.683.322 (depth 3, 42 lits): UNSAT in 0.06s
    cube 2814.380.683.323 (depth 3, 42 lits): UNSAT in 0.20s
    cube 2814.380.683.324 (depth 3, 40 lits): UNSAT in 0.02s
    cube 2814.380.683.325 (depth 3, 41 lits): UNSAT in 0.02s
    cube 2814.380.683.326 (depth 3, 42 lits): UNSAT in 0.03s
    cube 2814.380.683.327 (depth 3, 42 lits): UNSAT in 0.09s
    cube 2814.380.683.328 (depth 3, 42 lits): UNSAT in 0.03s
    cube 2814.380.683.329 (depth 3, 42 lits): UNSAT in 0.05s
    cube 2814.380.683.330 (depth 3, 42 lits): UNSAT in 0.10s
    cube 2814.380.683.331 (depth 3, 42 lits): UNSAT in 0.19s
    cube 2814.380.683.332 (depth 3, 42 lits): UNSAT in 0.05s
    cube 2814.380.683.333 (depth 3, 42 lits): UNSAT in 0.07s
    cube 2814.380.683.334 (depth 3, 42 lits): UNSAT in 0.13s
    cube 2814.380.683.335 (depth 3, 42 lits): UNSAT in 0.16s
    cube 2814.380.683.336 (depth 3, 41 lits): UNSAT in 0.02s
    cube 2814.380.683.337 (depth 3, 42 lits): UNSAT in 0.02s
    cube 2814.380.683.338 (depth 3, 42 lits): UNSAT in 0.04s
    cube 2814.380.683.339 (depth 3, 42 lits): UNSAT in 0.04s
    cube 2814.380.683.340 (depth 3, 42 lits): UNSAT in 0.05s
    cube 2814.380.683.341 (depth 3, 42 lits): UNSAT in 0.07s
    cube 2814.380.683.342 (depth 3, 42 lits): UNSAT in 0.07s
    cube 2814.380.683.343 (depth 3, 42 lits): UNSAT in 0.02s
    cube 2814.380.683.344 (depth 3, 42 lits): UNSAT in 0.03s
    cube 2814.380.683.345 (depth 3, 42 lits): UNSAT in 0.05s
    cube 2814.380.683.346 (depth 3, 42 lits): UNSAT in 0.03s
    cube 2814.380.683.347 (depth 3, 42 lits): UNSAT in 0.04s
    cube 2814.380.683.348 (depth 3, 42 lits): UNSAT in 0.12s
    cube 2814.380.683.349 (depth 3, 42 lits): UNSAT in 0.09s
    cube 2814.380.683.350 (depth 3, 42 lits): UNSAT in 0.23s
    cube 2814.380.683.351 (depth 3, 42 lits): UNSAT in 0.01s
    cube 2814.380.683.352 (depth 3, 42 lits): UNSAT in 0.02s
    cube 2814.380.683.353 (depth 3, 42 lits): UNSAT in 0.02s
    cube 2814.380.683.354 (depth 3, 42 lits): UNSAT in 0.04s
    cube 2814.380.683.355 (depth 3, 42 lits): UNSAT in 0.04s
    cube 2814.380.683.356 (depth 3, 42 lits): UNSAT in 0.10s
    cube 2814.380.683.357 (depth 3, 42 lits): UNSAT in 0.07s
    cube 2814.380.683.358 (depth 3, 42 lits): UNSAT in 0.36s
    cube 2814.380.683.359 (depth 3, 42 lits): UNSAT in 0.02s
    cube 2814.380.683.360 (depth 3, 42 lits): UNSAT in 0.06s
    cube 2814.380.683.361 (depth 3, 42 lits): UNSAT in 0.11s
    cube 2814.380.683.362 (depth 3, 42 lits): UNSAT in 0.17s
    cube 2814.380.683.363 (depth 3, 42 lits): UNSAT in 0.23s
    cube 2814.380.683.364 (depth 3, 42 lits): UNSAT in 0.47s
    cube 2814.380.683.365 (depth 3, 42 lits): UNSAT in 0.37s
    cube 2814.380.683.366 (depth 3, 42 lits): UNSAT in 1.95s
    cube 2814.380.683.367 (depth 3, 41 lits): UNSAT in 0.02s
    cube 2814.380.683.368 (depth 3, 42 lits): UNSAT in 0.02s
    cube 2814.380.683.369 (depth 3, 42 lits): UNSAT in 0.03s
    cube 2814.380.683.370 (depth 3, 42 lits): UNSAT in 0.02s
    cube 2814.380.683.371 (depth 3, 42 lits): UNSAT in 0.02s
    cube 2814.380.683.372 (depth 3, 42 lits): UNSAT in 0.02s
    cube 2814.380.683.373 (depth 3, 42 lits): UNSAT in 0.09s
    cube 2814.380.683.374 (depth 3, 42 lits): UNSAT in 0.02s
    cube 2814.380.683.375 (depth 3, 42 lits): UNSAT in 0.02s
    cube 2814.380.683.376 (depth 3, 42 lits): UNSAT in 0.04s
    cube 2814.380.683.377 (depth 3, 42 lits): UNSAT in 0.05s
    cube 2814.380.683.378 (depth 3, 42 lits): UNSAT in 0.03s
    cube 2814.380.683.379 (depth 3, 42 lits): UNSAT in 0.11s
    cube 2814.380.683.380 (depth 3, 42 lits): UNSAT in 0.05s
    cube 2814.380.683.381 (depth 3, 42 lits): UNSAT in 0.26s
    cube 2814.380.683.382 (depth 3, 42 lits): UNSAT in 0.02s
    cube 2814.380.683.383 (depth 3, 42 lits): UNSAT in 0.02s
    cube 2814.380.683.384 (depth 3, 42 lits): UNSAT in 0.05s
    cube 2814.380.683.385 (depth 3, 42 lits): UNSAT in 0.07s
    cube 2814.380.683.386 (depth 3, 42 lits): UNSAT in 0.02s
    cube 2814.380.683.387 (depth 3, 42 lits): UNSAT in 0.04s
    cube 2814.380.683.388 (depth 3, 42 lits): UNSAT in 0.07s
    cube 2814.380.683.389 (depth 3, 42 lits): UNSAT in 0.17s
    cube 2814.380.683.390 (depth 3, 42 lits): UNSAT in 0.10s
    cube 2814.380.683.391 (depth 3, 42 lits): UNSAT in 0.16s
    cube 2814.380.683.392 (depth 3, 42 lits): UNSAT in 0.17s
    cube 2814.380.683.393 (depth 3, 42 lits): UNSAT in 0.31s
    cube 2814.380.683.394 (depth 3, 42 lits): UNSAT in 0.07s
    cube 2814.380.683.395 (depth 3, 42 lits): UNSAT in 0.45s
    cube 2814.380.683.396 (depth 3, 42 lits): UNSAT in 0.34s
    cube 2814.380.683.397 (depth 3, 42 lits): UNSAT in 0.74s
    cube 2814.380.683.398 (depth 3, 42 lits): UNSAT in 0.02s
    cube 2814.380.683.399 (depth 3, 42 lits): UNSAT in 0.02s
    cube 2814.380.683.400 (depth 3, 42 lits): UNSAT in 0.02s
    cube 2814.380.683.401 (depth 3, 42 lits): UNSAT in 0.05s
    cube 2814.380.683.402 (depth 3, 42 lits): UNSAT in 0.03s
    cube 2814.380.683.403 (depth 3, 42 lits): UNSAT in 0.09s
    cube 2814.380.683.404 (depth 3, 42 lits): UNSAT in 0.03s
    cube 2814.380.683.405 (depth 3, 42 lits): UNSAT in 0.21s
    cube 2814.380.683.406 (depth 3, 42 lits): UNSAT in 0.05s
    cube 2814.380.683.407 (depth 3, 42 lits): UNSAT in 0.11s
    cube 2814.380.683.408 (depth 3, 42 lits): UNSAT in 0.06s
    cube 2814.380.683.409 (depth 3, 42 lits): UNSAT in 0.36s
    cube 2814.380.683.410 (depth 3, 42 lits): UNSAT in 0.13s
    cube 2814.380.683.411 (depth 3, 42 lits): UNSAT in 0.14s
    cube 2814.380.683.412 (depth 3, 42 lits): UNSAT in 0.52s
    cube 2814.380.683.413 (depth 3, 42 lits): UNSAT in 3.09s
    cube 2814.380.683.414 (depth 3, 42 lits): UNSAT in 0.02s
    cube 2814.380.683.415 (depth 3, 42 lits): UNSAT in 0.03s
    cube 2814.380.683.416 (depth 3, 42 lits): UNSAT in 0.04s
    cube 2814.380.683.417 (depth 3, 42 lits): UNSAT in 0.08s
    cube 2814.380.683.418 (depth 3, 42 lits): UNSAT in 0.12s
    cube 2814.380.683.419 (depth 3, 42 lits): UNSAT in 0.37s
    cube 2814.380.683.420 (depth 3, 42 lits): UNSAT in 0.36s
    cube 2814.380.683.421 (depth 3, 42 lits): UNSAT in 0.67s
    cube 2814.380.683.422 (depth 3, 42 lits): UNSAT in 0.08s
    cube 2814.380.683.423 (depth 3, 42 lits): UNSAT in 0.23s
    cube 2814.380.683.424 (depth 3, 42 lits): UNSAT in 0.21s
    cube 2814.380.683.425 (depth 3, 42 lits): UNSAT in 1.85s
    cube 2814.380.683.426 (depth 3, 42 lits): UNSAT in 0.31s
    cube 2814.380.683.427 (depth 3, 42 lits): UNSAT in 1.42s
    cube 2814.380.683.428 (depth 3, 42 lits): UNSAT in 0.56s
    cube 2814.380.683.429 (depth 3, 42 lits): UNSAT in 5.61s
    cube 2814.380.683.430 (depth 3, 40 lits): UNSAT in 0.01s
    cube 2814.380.683.431 (depth 3, 40 lits): UNSAT in 0.02s
    cube 2814.380.683.432 (depth 3, 42 lits): UNSAT in 0.01s
    cube 2814.380.683.433 (depth 3, 42 lits): UNSAT in 0.02s
    cube 2814.380.683.434 (depth 3, 41 lits): UNSAT in 0.02s
    cube 2814.380.683.435 (depth 3, 41 lits): UNSAT in 0.02s
    cube 2814.380.683.436 (depth 3, 42 lits): UNSAT in 0.02s
    cube 2814.380.683.437 (depth 3, 42 lits): UNSAT in 0.03s
    cube 2814.380.683.438 (depth 3, 41 lits): UNSAT in 0.01s
    cube 2814.380.683.439 (depth 3, 42 lits): UNSAT in 0.02s
    cube 2814.380.683.440 (depth 3, 42 lits): UNSAT in 0.02s
    cube 2814.380.683.441 (depth 3, 42 lits): UNSAT in 0.01s
    cube 2814.380.683.442 (depth 3, 42 lits): UNSAT in 0.02s
    cube 2814.380.683.443 (depth 3, 42 lits): UNSAT in 0.02s
    cube 2814.380.683.444 (depth 3, 42 lits): UNSAT in 0.04s
    cube 2814.380.683.445 (depth 3, 42 lits): UNSAT in 0.02s
    cube 2814.380.683.446 (depth 3, 42 lits): UNSAT in 0.03s
    cube 2814.380.683.447 (depth 3, 42 lits): UNSAT in 0.01s
    cube 2814.380.683.448 (depth 3, 42 lits): UNSAT in 0.04s
    cube 2814.380.683.449 (depth 3, 42 lits): UNSAT in 0.03s
    cube 2814.380.683.450 (depth 3, 42 lits): UNSAT in 0.06s
    cube 2814.380.683.451 (depth 3, 42 lits): UNSAT in 0.02s
    cube 2814.380.683.452 (depth 3, 42 lits): UNSAT in 0.05s
    cube 2814.380.683.453 (depth 3, 42 lits): UNSAT in 0.01s
    cube 2814.380.683.454 (depth 3, 42 lits): UNSAT in 0.02s
    cube 2814.380.683.455 (depth 3, 42 lits): UNSAT in 0.01s
    cube 2814.380.683.456 (depth 3, 42 lits): UNSAT in 0.02s
    cube 2814.380.683.457 (depth 3, 42 lits): UNSAT in 0.02s
    cube 2814.380.683.458 (depth 3, 42 lits): UNSAT in 0.02s
    cube 2814.380.683.459 (depth 3, 42 lits): UNSAT in 0.02s
    cube 2814.380.683.460 (depth 3, 42 lits): UNSAT in 0.02s
    cube 2814.380.683.461 (depth 3, 42 lits): UNSAT in 0.01s
    cube 2814.380.683.462 (depth 3, 42 lits): UNSAT in 0.02s
    cube 2814.380.683.463 (depth 3, 42 lits): UNSAT in 0.02s
    cube 2814.380.683.464 (depth 3, 42 lits): UNSAT in 0.03s
    cube 2814.380.683.465 (depth 3, 42 lits): UNSAT in 0.03s
    cube 2814.380.683.466 (depth 3, 42 lits): UNSAT in 0.08s
    cube 2814.380.683.467 (depth 3, 42 lits): UNSAT in 0.03s
    cube 2814.380.683.468 (depth 3, 42 lits): UNSAT in 0.08s
    cube 2814.380.683.469 (depth 3, 42 lits): UNSAT in 0.02s
    cube 2814.380.683.470 (depth 3, 42 lits): UNSAT in 0.02s
    cube 2814.380.683.471 (depth 3, 42 lits): UNSAT in 0.02s
    cube 2814.380.683.472 (depth 3, 42 lits): UNSAT in 0.02s
    cube 2814.380.683.473 (depth 3, 42 lits): UNSAT in 0.02s
    cube 2814.380.683.474 (depth 3, 42 lits): UNSAT in 0.03s
    cube 2814.380.683.475 (depth 3, 42 lits): UNSAT in 0.02s
    cube 2814.380.683.476 (depth 3, 42 lits): UNSAT in 0.11s
    cube 2814.380.683.477 (depth 3, 42 lits): UNSAT in 0.02s
    cube 2814.380.683.478 (depth 3, 42 lits): UNSAT in 0.02s
    cube 2814.380.683.479 (depth 3, 42 lits): UNSAT in 0.03s
    cube 2814.380.683.480 (depth 3, 42 lits): UNSAT in 0.14s
    cube 2814.380.683.481 (depth 3, 42 lits): UNSAT in 0.03s
    cube 2814.380.683.482 (depth 3, 42 lits): UNSAT in 0.07s
    cube 2814.380.683.483 (depth 3, 42 lits): UNSAT in 0.15s
    cube 2814.380.683.484 (depth 3, 42 lits): UNSAT in 0.68s
    cube 2814.380.683.485 (depth 3, 40 lits): UNSAT in 0.01s
    cube 2814.380.683.486 (depth 3, 40 lits): UNSAT in 0.02s
    cube 2814.380.683.487 (depth 3, 41 lits): UNSAT in 0.02s
    cube 2814.380.683.488 (depth 3, 42 lits): UNSAT in 0.02s
    cube 2814.380.683.489 (depth 3, 42 lits): UNSAT in 0.03s
    cube 2814.380.683.490 (depth 3, 42 lits): UNSAT in 0.01s
    cube 2814.380.683.491 (depth 3, 42 lits): UNSAT in 0.03s
    cube 2814.380.683.492 (depth 3, 42 lits): UNSAT in 0.02s
    cube 2814.380.683.493 (depth 3, 42 lits): UNSAT in 0.05s
    cube 2814.380.683.494 (depth 3, 42 lits): UNSAT in 0.01s
    cube 2814.380.683.495 (depth 3, 42 lits): UNSAT in 0.02s
    cube 2814.380.683.496 (depth 3, 41 lits): UNSAT in 0.02s
    cube 2814.380.683.497 (depth 3, 42 lits): UNSAT in 0.02s
    cube 2814.380.683.498 (depth 3, 42 lits): UNSAT in 0.03s
    cube 2814.380.683.499 (depth 3, 42 lits): UNSAT in 0.02s
    cube 2814.380.683.500 (depth 3, 42 lits): UNSAT in 0.12s
    cube 2814.380.683.501 (depth 3, 42 lits): UNSAT in 0.01s
    cube 2814.380.683.502 (depth 3, 42 lits): UNSAT in 0.02s
    cube 2814.380.683.503 (depth 3, 42 lits): UNSAT in 0.03s
    cube 2814.380.683.504 (depth 3, 42 lits): UNSAT in 0.08s
    cube 2814.380.683.505 (depth 3, 42 lits): UNSAT in 0.02s
    cube 2814.380.683.506 (depth 3, 42 lits): UNSAT in 0.10s
    cube 2814.380.683.507 (depth 3, 42 lits): UNSAT in 0.19s
    cube 2814.380.683.508 (depth 3, 42 lits): UNSAT in 0.28s
    cube 2814.380.683.509 (depth 3, 42 lits): UNSAT in 0.01s
    cube 2814.380.683.510 (depth 3, 42 lits): UNSAT in 0.02s
    cube 2814.380.683.511 (depth 3, 42 lits): UNSAT in 0.02s
    cube 2814.380.683.512 (depth 3, 42 lits): UNSAT in 0.02s
    cube 2814.380.683.513 (depth 3, 42 lits): UNSAT in 0.02s
    cube 2814.380.683.514 (depth 3, 42 lits): UNSAT in 0.03s
    cube 2814.380.683.515 (depth 3, 42 lits): UNSAT in 0.03s
    cube 2814.380.683.516 (depth 3, 42 lits): UNSAT in 0.04s
    cube 2814.380.683.517 (depth 3, 42 lits): UNSAT in 0.02s
    cube 2814.380.683.518 (depth 3, 42 lits): UNSAT in 0.02s
    cube 2814.380.683.519 (depth 3, 42 lits): UNSAT in 0.02s
    cube 2814.380.683.520 (depth 3, 42 lits): UNSAT in 0.05s
    cube 2814.380.683.521 (depth 3, 42 lits): UNSAT in 0.03s
    cube 2814.380.683.522 (depth 3, 42 lits): UNSAT in 0.08s
    cube 2814.380.683.523 (depth 3, 42 lits): UNSAT in 0.07s
    cube 2814.380.683.524 (depth 3, 42 lits): UNSAT in 0.24s
    cube 2814.380.683.525 (depth 3, 42 lits): UNSAT in 0.01s
    cube 2814.380.683.526 (depth 3, 42 lits): UNSAT in 0.02s
    cube 2814.380.683.527 (depth 3, 42 lits): UNSAT in 0.02s
    cube 2814.380.683.528 (depth 3, 42 lits): UNSAT in 0.02s
    cube 2814.380.683.529 (depth 3, 42 lits): UNSAT in 0.02s
    cube 2814.380.683.530 (depth 3, 42 lits): UNSAT in 0.02s
    cube 2814.380.683.531 (depth 3, 42 lits): UNSAT in 0.07s
    cube 2814.380.683.532 (depth 3, 42 lits): UNSAT in 0.09s
    cube 2814.380.683.533 (depth 3, 42 lits): UNSAT in 0.08s
    cube 2814.380.683.534 (depth 3, 42 lits): UNSAT in 0.12s
    cube 2814.380.683.535 (depth 3, 42 lits): UNSAT in 0.12s
    cube 2814.380.683.536 (depth 3, 42 lits): UNSAT in 0.56s
    cube 2814.380.683.537 (depth 3, 42 lits): UNSAT in 0.08s
    cube 2814.380.683.538 (depth 3, 42 lits): UNSAT in 0.24s
    cube 2814.380.683.539 (depth 3, 42 lits): UNSAT in 0.38s
    cube 2814.380.683.540 (depth 3, 42 lits): UNSAT in 0.52s
    cube 2814.380.683.541 (depth 3, 41 lits): UNSAT in 0.01s
    cube 2814.380.683.542 (depth 3, 41 lits): UNSAT in 0.02s
    cube 2814.380.683.543 (depth 3, 42 lits): UNSAT in 0.01s
    cube 2814.380.683.544 (depth 3, 42 lits): UNSAT in 0.02s
    cube 2814.380.683.545 (depth 3, 42 lits): UNSAT in 0.01s
    cube 2814.380.683.546 (depth 3, 42 lits): UNSAT in 0.02s
    cube 2814.380.683.547 (depth 3, 42 lits): UNSAT in 0.01s
    cube 2814.380.683.548 (depth 3, 42 lits): UNSAT in 0.02s
    cube 2814.380.683.549 (depth 3, 42 lits): UNSAT in 0.02s
    cube 2814.380.683.550 (depth 3, 42 lits): UNSAT in 0.03s
    cube 2814.380.683.551 (depth 3, 42 lits): UNSAT in 0.02s
    cube 2814.380.683.552 (depth 3, 42 lits): UNSAT in 0.02s
    cube 2814.380.683.553 (depth 3, 42 lits): UNSAT in 0.03s
    cube 2814.380.683.554 (depth 3, 42 lits): UNSAT in 0.07s
    cube 2814.380.683.555 (depth 3, 42 lits): UNSAT in 0.01s
    cube 2814.380.683.556 (depth 3, 42 lits): UNSAT in 0.02s
    cube 2814.380.683.557 (depth 3, 42 lits): UNSAT in 0.02s
    cube 2814.380.683.558 (depth 3, 42 lits): UNSAT in 0.03s
    cube 2814.380.683.559 (depth 3, 42 lits): UNSAT in 0.02s
    cube 2814.380.683.560 (depth 3, 42 lits): UNSAT in 0.02s
    cube 2814.380.683.561 (depth 3, 42 lits): UNSAT in 0.04s
    cube 2814.380.683.562 (depth 3, 42 lits): UNSAT in 0.05s
    cube 2814.380.683.563 (depth 3, 42 lits): UNSAT in 0.02s
    cube 2814.380.683.564 (depth 3, 42 lits): UNSAT in 0.03s
    cube 2814.380.683.565 (depth 3, 42 lits): UNSAT in 0.02s
    cube 2814.380.683.566 (depth 3, 42 lits): UNSAT in 0.10s
    cube 2814.380.683.567 (depth 3, 42 lits): UNSAT in 0.04s
    cube 2814.380.683.568 (depth 3, 42 lits): UNSAT in 0.08s
    cube 2814.380.683.569 (depth 3, 42 lits): UNSAT in 0.23s
    cube 2814.380.683.570 (depth 3, 42 lits): UNSAT in 0.48s
    cube 2814.380.683.571 (depth 3, 40 lits): UNSAT in 0.02s
    cube 2814.380.683.572 (depth 3, 42 lits): UNSAT in 0.01s
    cube 2814.380.683.573 (depth 3, 42 lits): UNSAT in 0.02s
    cube 2814.380.683.574 (depth 3, 42 lits): UNSAT in 0.02s
    cube 2814.380.683.575 (depth 3, 42 lits): UNSAT in 0.03s
    cube 2814.380.683.576 (depth 3, 42 lits): UNSAT in 0.02s
    cube 2814.380.683.577 (depth 3, 42 lits): UNSAT in 0.04s
    cube 2814.380.683.578 (depth 3, 42 lits): UNSAT in 0.09s
    cube 2814.380.683.579 (depth 3, 42 lits): UNSAT in 0.09s
    cube 2814.380.683.580 (depth 3, 42 lits): UNSAT in 0.03s
    cube 2814.380.683.581 (depth 3, 42 lits): UNSAT in 0.14s
    cube 2814.380.683.582 (depth 3, 42 lits): UNSAT in 0.04s
    cube 2814.380.683.583 (depth 3, 42 lits): UNSAT in 0.18s
    cube 2814.380.683.584 (depth 3, 42 lits): UNSAT in 0.02s
    cube 2814.380.683.585 (depth 3, 42 lits): UNSAT in 0.02s
    cube 2814.380.683.586 (depth 3, 42 lits): UNSAT in 0.03s
    cube 2814.380.683.587 (depth 3, 42 lits): UNSAT in 0.06s
    cube 2814.380.683.588 (depth 3, 42 lits): UNSAT in 0.05s
    cube 2814.380.683.589 (depth 3, 42 lits): UNSAT in 0.07s
    cube 2814.380.683.590 (depth 3, 42 lits): UNSAT in 0.05s
    cube 2814.380.683.591 (depth 3, 42 lits): UNSAT in 0.12s
    cube 2814.380.683.592 (depth 3, 42 lits): UNSAT in 0.04s
    cube 2814.380.683.593 (depth 3, 42 lits): UNSAT in 0.10s
    cube 2814.380.683.594 (depth 3, 42 lits): UNSAT in 0.09s
    cube 2814.380.683.595 (depth 3, 42 lits): UNSAT in 0.29s
    cube 2814.380.683.596 (depth 3, 42 lits): UNSAT in 0.07s
    cube 2814.380.683.597 (depth 3, 42 lits): UNSAT in 0.17s
    cube 2814.380.683.598 (depth 3, 42 lits): UNSAT in 0.31s
    cube 2814.380.683.599 (depth 3, 42 lits): UNSAT in 1.30s
    cube 2814.380.683.600 (depth 3, 42 lits): UNSAT in 0.01s
    cube 2814.380.683.601 (depth 3, 42 lits): UNSAT in 0.01s
    cube 2814.380.683.602 (depth 3, 42 lits): UNSAT in 0.02s
    cube 2814.380.683.603 (depth 3, 42 lits): UNSAT in 0.03s
    cube 2814.380.683.604 (depth 3, 42 lits): UNSAT in 0.02s
    cube 2814.380.683.605 (depth 3, 42 lits): UNSAT in 0.02s
    cube 2814.380.683.606 (depth 3, 42 lits): UNSAT in 0.02s
    cube 2814.380.683.607 (depth 3, 42 lits): UNSAT in 0.07s
    cube 2814.380.683.608 (depth 3, 42 lits): UNSAT in 0.02s
    cube 2814.380.683.609 (depth 3, 42 lits): UNSAT in 0.02s
    cube 2814.380.683.610 (depth 3, 42 lits): UNSAT in 0.02s
    cube 2814.380.683.611 (depth 3, 42 lits): UNSAT in 0.04s
    cube 2814.380.683.612 (depth 3, 42 lits): UNSAT in 0.05s
    cube 2814.380.683.613 (depth 3, 42 lits): UNSAT in 0.11s
    cube 2814.380.683.614 (depth 3, 42 lits): UNSAT in 0.13s
    cube 2814.380.683.615 (depth 3, 42 lits): UNSAT in 0.27s
    cube 2814.380.683.616 (depth 3, 42 lits): UNSAT in 0.02s
    cube 2814.380.683.617 (depth 3, 42 lits): UNSAT in 0.02s
    cube 2814.380.683.618 (depth 3, 42 lits): UNSAT in 0.02s
    cube 2814.380.683.619 (depth 3, 42 lits): UNSAT in 0.05s
    cube 2814.380.683.620 (depth 3, 42 lits): UNSAT in 0.03s
    cube 2814.380.683.621 (depth 3, 42 lits): UNSAT in 0.07s
    cube 2814.380.683.622 (depth 3, 42 lits): UNSAT in 0.06s
    cube 2814.380.683.623 (depth 3, 42 lits): UNSAT in 0.10s
    cube 2814.380.683.624 (depth 3, 42 lits): UNSAT in 0.03s
    cube 2814.380.683.625 (depth 3, 42 lits): UNSAT in 0.05s
    cube 2814.380.683.626 (depth 3, 42 lits): UNSAT in 0.09s
    cube 2814.380.683.627 (depth 3, 42 lits): UNSAT in 0.20s
    cube 2814.380.683.628 (depth 3, 42 lits): UNSAT in 0.06s
    cube 2814.380.683.629 (depth 3, 42 lits): UNSAT in 0.12s
    cube 2814.380.683.630 (depth 3, 42 lits): UNSAT in 0.27s
    cube 2814.380.683.631 (depth 3, 42 lits): UNSAT in 0.52s
    cube 2814.380.683.632 (depth 3, 42 lits): UNSAT in 0.01s
    cube 2814.380.683.633 (depth 3, 42 lits): UNSAT in 0.02s
    cube 2814.380.683.634 (depth 3, 42 lits): UNSAT in 0.02s
    cube 2814.380.683.635 (depth 3, 42 lits): UNSAT in 0.04s
    cube 2814.380.683.636 (depth 3, 42 lits): UNSAT in 0.03s
    cube 2814.380.683.637 (depth 3, 42 lits): UNSAT in 0.07s
    cube 2814.380.683.638 (depth 3, 42 lits): UNSAT in 0.03s
    cube 2814.380.683.639 (depth 3, 42 lits): UNSAT in 0.10s
    cube 2814.380.683.640 (depth 3, 42 lits): UNSAT in 0.03s
    cube 2814.380.683.641 (depth 3, 42 lits): UNSAT in 0.06s
    cube 2814.380.683.642 (depth 3, 42 lits): UNSAT in 0.05s
    cube 2814.380.683.643 (depth 3, 42 lits): UNSAT in 0.33s
    cube 2814.380.683.644 (depth 3, 42 lits): UNSAT in 0.04s
    cube 2814.380.683.645 (depth 3, 42 lits): UNSAT in 0.25s
    cube 2814.380.683.646 (depth 3, 42 lits): UNSAT in 0.25s
    cube 2814.380.683.647 (depth 3, 42 lits): UNSAT in 0.95s
    cube 2814.380.683.648 (depth 3, 42 lits): UNSAT in 0.03s
    cube 2814.380.683.649 (depth 3, 42 lits): UNSAT in 0.09s
    cube 2814.380.683.650 (depth 3, 42 lits): UNSAT in 0.13s
    cube 2814.380.683.651 (depth 3, 42 lits): UNSAT in 0.46s
    cube 2814.380.683.652 (depth 3, 42 lits): UNSAT in 0.13s
    cube 2814.380.683.653 (depth 3, 42 lits): UNSAT in 0.19s
    cube 2814.380.683.654 (depth 3, 42 lits): UNSAT in 0.35s
    cube 2814.380.683.655 (depth 3, 42 lits): UNSAT in 1.59s
    cube 2814.380.683.656 (depth 3, 42 lits): UNSAT in 0.19s
    cube 2814.380.683.657 (depth 3, 42 lits): UNSAT in 0.65s
    cube 2814.380.683.658 (depth 3, 42 lits): UNSAT in 0.39s
    cube 2814.380.683.659 (depth 3, 42 lits): UNSAT in 1.06s
    cube 2814.380.683.660 (depth 3, 42 lits): UNSAT in 0.71s
    cube 2814.380.683.661 (depth 3, 42 lits): UNSAT in 2.17s
    cube 2814.380.683.662 (depth 3, 42 lits): UNSAT in 3.16s
    cube 2814.380.683.663 (depth 3, 42 lits): UNSAT in 6.55s
    cube 2814.380.683.664 (depth 3, 41 lits): UNSAT in 0.01s
    cube 2814.380.683.665 (depth 3, 41 lits): UNSAT in 0.02s
    cube 2814.380.683.666 (depth 3, 41 lits): UNSAT in 0.01s
    cube 2814.380.683.667 (depth 3, 41 lits): UNSAT in 0.02s
    cube 2814.380.683.668 (depth 3, 42 lits): UNSAT in 0.01s
    cube 2814.380.683.669 (depth 3, 42 lits): UNSAT in 0.02s
    cube 2814.380.683.670 (depth 3, 42 lits): UNSAT in 0.02s
    cube 2814.380.683.671 (depth 3, 42 lits): UNSAT in 0.03s
    cube 2814.380.683.672 (depth 3, 42 lits): UNSAT in 0.02s
    cube 2814.380.683.673 (depth 3, 42 lits): UNSAT in 0.04s
    cube 2814.380.683.674 (depth 3, 42 lits): UNSAT in 0.04s
    cube 2814.380.683.675 (depth 3, 42 lits): UNSAT in 0.12s
    cube 2814.380.683.676 (depth 3, 42 lits): UNSAT in 0.01s
    cube 2814.380.683.677 (depth 3, 42 lits): UNSAT in 0.02s
    cube 2814.380.683.678 (depth 3, 42 lits): UNSAT in 0.01s
    cube 2814.380.683.679 (depth 3, 42 lits): UNSAT in 0.03s
    cube 2814.380.683.680 (depth 3, 42 lits): UNSAT in 0.01s
    cube 2814.380.683.681 (depth 3, 42 lits): UNSAT in 0.04s
    cube 2814.380.683.682 (depth 3, 42 lits): UNSAT in 0.05s
    cube 2814.380.683.683 (depth 3, 42 lits): UNSAT in 0.23s
    cube 2814.380.683.684 (depth 3, 42 lits): UNSAT in 0.02s
    cube 2814.380.683.685 (depth 3, 42 lits): UNSAT in 0.04s
    cube 2814.380.683.686 (depth 3, 42 lits): UNSAT in 0.06s
    cube 2814.380.683.687 (depth 3, 42 lits): UNSAT in 0.20s
    cube 2814.380.683.688 (depth 3, 42 lits): UNSAT in 0.04s
    cube 2814.380.683.689 (depth 3, 42 lits): UNSAT in 0.06s
    cube 2814.380.683.690 (depth 3, 42 lits): UNSAT in 0.51s
    cube 2814.380.683.691 (depth 3, 42 lits): UNSAT in 0.56s
    cube 2814.380.683.692 (depth 3, 42 lits): UNSAT in 0.01s
    cube 2814.380.683.693 (depth 3, 42 lits): UNSAT in 0.02s
    cube 2814.380.683.694 (depth 3, 42 lits): UNSAT in 0.02s
    cube 2814.380.683.695 (depth 3, 42 lits): UNSAT in 0.03s
    cube 2814.380.683.696 (depth 3, 42 lits): UNSAT in 0.02s
    cube 2814.380.683.697 (depth 3, 42 lits): UNSAT in 0.03s
    cube 2814.380.683.698 (depth 3, 42 lits): UNSAT in 0.03s
    cube 2814.380.683.699 (depth 3, 42 lits): UNSAT in 0.06s
    cube 2814.380.683.700 (depth 3, 42 lits): UNSAT in 0.01s
    cube 2814.380.683.701 (depth 3, 42 lits): UNSAT in 0.04s
    cube 2814.380.683.702 (depth 3, 42 lits): UNSAT in 0.03s
    cube 2814.380.683.703 (depth 3, 42 lits): UNSAT in 0.18s
    cube 2814.380.683.704 (depth 3, 42 lits): UNSAT in 0.03s
    cube 2814.380.683.705 (depth 3, 42 lits): UNSAT in 0.23s
    cube 2814.380.683.706 (depth 3, 42 lits): UNSAT in 0.19s
    cube 2814.380.683.707 (depth 3, 42 lits): UNSAT in 0.57s
    cube 2814.380.683.708 (depth 3, 42 lits): UNSAT in 0.02s
    cube 2814.380.683.709 (depth 3, 42 lits): UNSAT in 0.03s
    cube 2814.380.683.710 (depth 3, 42 lits): UNSAT in 0.05s
    cube 2814.380.683.711 (depth 3, 42 lits): UNSAT in 0.11s
    cube 2814.380.683.712 (depth 3, 42 lits): UNSAT in 0.04s
    cube 2814.380.683.713 (depth 3, 42 lits): UNSAT in 0.10s
    cube 2814.380.683.714 (depth 3, 42 lits): UNSAT in 0.08s
    cube 2814.380.683.715 (depth 3, 42 lits): UNSAT in 0.69s
    cube 2814.380.683.716 (depth 3, 42 lits): UNSAT in 0.01s
    cube 2814.380.683.717 (depth 3, 42 lits): UNSAT in 0.05s
    cube 2814.380.683.718 (depth 3, 42 lits): UNSAT in 0.13s
    cube 2814.380.683.719 (depth 3, 42 lits): UNSAT in 0.08s
    cube 2814.380.683.720 (depth 3, 42 lits): UNSAT in 0.35s
    cube 2814.380.683.721 (depth 3, 42 lits): UNSAT in 0.76s
    cube 2814.380.683.722 (depth 3, 42 lits): UNSAT in 0.85s
    cube 2814.380.683.723 (depth 3, 42 lits): UNSAT in 1.59s
    cube 2814.380.683.724 (depth 3, 41 lits): UNSAT in 0.01s
    cube 2814.380.683.725 (depth 3, 42 lits): UNSAT in 0.02s
    cube 2814.380.683.726 (depth 3, 42 lits): UNSAT in 0.04s
    cube 2814.380.683.727 (depth 3, 42 lits): UNSAT in 0.02s
    cube 2814.380.683.728 (depth 3, 42 lits): UNSAT in 0.04s
    cube 2814.380.683.729 (depth 3, 42 lits): UNSAT in 0.02s
    cube 2814.380.683.730 (depth 3, 42 lits): UNSAT in 0.12s
    cube 2814.380.683.731 (depth 3, 42 lits): UNSAT in 0.02s
    cube 2814.380.683.732 (depth 3, 42 lits): UNSAT in 0.04s
    cube 2814.380.683.733 (depth 3, 42 lits): UNSAT in 0.03s
    cube 2814.380.683.734 (depth 3, 42 lits): UNSAT in 0.09s
    cube 2814.380.683.735 (depth 3, 42 lits): UNSAT in 0.03s
    cube 2814.380.683.736 (depth 3, 42 lits): UNSAT in 0.14s
    cube 2814.380.683.737 (depth 3, 42 lits): UNSAT in 0.17s
    cube 2814.380.683.738 (depth 3, 42 lits): UNSAT in 0.58s
    cube 2814.380.683.739 (depth 3, 42 lits): UNSAT in 0.02s
    cube 2814.380.683.740 (depth 3, 42 lits): UNSAT in 0.03s
    cube 2814.380.683.741 (depth 3, 42 lits): UNSAT in 0.04s
    cube 2814.380.683.742 (depth 3, 42 lits): UNSAT in 0.10s
    cube 2814.380.683.743 (depth 3, 42 lits): UNSAT in 0.07s
    cube 2814.380.683.744 (depth 3, 42 lits): UNSAT in 0.13s
    cube 2814.380.683.745 (depth 3, 42 lits): UNSAT in 0.07s
    cube 2814.380.683.746 (depth 3, 42 lits): UNSAT in 0.21s
    cube 2814.380.683.747 (depth 3, 42 lits): UNSAT in 0.07s
    cube 2814.380.683.748 (depth 3, 42 lits): UNSAT in 0.14s
    cube 2814.380.683.749 (depth 3, 42 lits): UNSAT in 0.25s
    cube 2814.380.683.750 (depth 3, 42 lits): UNSAT in 0.48s
    cube 2814.380.683.751 (depth 3, 42 lits): UNSAT in 0.08s
    cube 2814.380.683.752 (depth 3, 42 lits): UNSAT in 0.98s
    cube 2814.380.683.753 (depth 3, 42 lits): UNSAT in 1.05s
    cube 2814.380.683.754 (depth 3, 42 lits): UNSAT in 1.33s
    cube 2814.380.683.755 (depth 3, 42 lits): UNSAT in 0.02s
    cube 2814.380.683.756 (depth 3, 42 lits): UNSAT in 0.02s
    cube 2814.380.683.757 (depth 3, 42 lits): UNSAT in 0.02s
    cube 2814.380.683.758 (depth 3, 42 lits): UNSAT in 0.02s
    cube 2814.380.683.759 (depth 3, 42 lits): UNSAT in 0.03s
    cube 2814.380.683.760 (depth 3, 42 lits): UNSAT in 0.09s
    cube 2814.380.683.761 (depth 3, 42 lits): UNSAT in 0.07s
    cube 2814.380.683.762 (depth 3, 42 lits): UNSAT in 0.26s
    cube 2814.380.683.763 (depth 3, 42 lits): UNSAT in 0.03s
    cube 2814.380.683.764 (depth 3, 42 lits): UNSAT in 0.12s
    cube 2814.380.683.765 (depth 3, 42 lits): UNSAT in 0.21s
    cube 2814.380.683.766 (depth 3, 42 lits): UNSAT in 1.09s
    cube 2814.380.683.767 (depth 3, 42 lits): UNSAT in 0.10s
    cube 2814.380.683.768 (depth 3, 42 lits): UNSAT in 1.37s
    cube 2814.380.683.769 (depth 3, 42 lits): UNSAT in 0.47s
    cube 2814.380.683.770 (depth 3, 42 lits): UNSAT in 2.09s
    cube 2814.380.683.771 (depth 3, 42 lits): UNSAT in 0.04s
    cube 2814.380.683.772 (depth 3, 42 lits): UNSAT in 0.08s
    cube 2814.380.683.773 (depth 3, 42 lits): UNSAT in 0.13s
    cube 2814.380.683.774 (depth 3, 42 lits): UNSAT in 0.49s
    cube 2814.380.683.775 (depth 3, 42 lits): UNSAT in 0.32s
    cube 2814.380.683.776 (depth 3, 42 lits): UNSAT in 1.38s
    cube 2814.380.683.777 (depth 3, 42 lits): UNSAT in 0.64s
    cube 2814.380.683.778 (depth 3, 42 lits): UNSAT in 1.91s
    cube 2814.380.683.779 (depth 3, 42 lits): UNSAT in 0.35s
    cube 2814.380.683.780 (depth 3, 42 lits): UNSAT in 0.81s
    cube 2814.380.683.781 (depth 3, 42 lits): UNSAT in 1.10s
    cube 2814.380.683.782 (depth 3, 42 lits): UNSAT in 2.79s
    cube 2814.380.683.783 (depth 3, 42 lits): UNSAT in 0.54s
    cube 2814.380.683.784 (depth 3, 42 lits): UNSAT in 7.28s
    cube 2814.380.683.785 (depth 3, 42 lits): UNSAT in 8.02s
    cube 2814.380.683.786 (depth 3, 42 lits): UNSAT in 36.18s
    cube 2814.380.683.787 (depth 3, 42 lits): UNSAT in 0.01s
    cube 2814.380.683.788 (depth 3, 42 lits): UNSAT in 0.02s
    cube 2814.380.683.789 (depth 3, 42 lits): UNSAT in 0.02s
    cube 2814.380.683.790 (depth 3, 42 lits): UNSAT in 0.03s
    cube 2814.380.683.791 (depth 3, 42 lits): UNSAT in 0.02s
    cube 2814.380.683.792 (depth 3, 42 lits): UNSAT in 0.03s
    cube 2814.380.683.793 (depth 3, 42 lits): UNSAT in 0.02s
    cube 2814.380.683.794 (depth 3, 42 lits): UNSAT in 0.03s
    cube 2814.380.683.795 (depth 3, 42 lits): UNSAT in 0.01s
    cube 2814.380.683.796 (depth 3, 42 lits): UNSAT in 0.02s
    cube 2814.380.683.797 (depth 3, 42 lits): UNSAT in 0.02s
    cube 2814.380.683.798 (depth 3, 42 lits): UNSAT in 0.03s
    cube 2814.380.683.799 (depth 3, 42 lits): UNSAT in 0.03s
    cube 2814.380.683.800 (depth 3, 42 lits): UNSAT in 0.05s
    cube 2814.380.683.801 (depth 3, 42 lits): UNSAT in 0.04s
    cube 2814.380.683.802 (depth 3, 42 lits): UNSAT in 0.14s
    cube 2814.380.683.803 (depth 3, 42 lits): UNSAT in 0.02s
    cube 2814.380.683.804 (depth 3, 42 lits): UNSAT in 0.02s
    cube 2814.380.683.805 (depth 3, 42 lits): UNSAT in 0.02s
    cube 2814.380.683.806 (depth 3, 42 lits): UNSAT in 0.08s
    cube 2814.380.683.807 (depth 3, 42 lits): UNSAT in 0.02s
    cube 2814.380.683.808 (depth 3, 42 lits): UNSAT in 0.04s
    cube 2814.380.683.809 (depth 3, 42 lits): UNSAT in 0.06s
    cube 2814.380.683.810 (depth 3, 42 lits): UNSAT in 0.14s
    cube 2814.380.683.811 (depth 3, 42 lits): UNSAT in 0.02s
    cube 2814.380.683.812 (depth 3, 42 lits): UNSAT in 0.02s
    cube 2814.380.683.813 (depth 3, 42 lits): UNSAT in 0.02s
    cube 2814.380.683.814 (depth 3, 42 lits): UNSAT in 0.02s
    cube 2814.380.683.815 (depth 3, 42 lits): UNSAT in 0.06s
    cube 2814.380.683.816 (depth 3, 42 lits): UNSAT in 0.17s
    cube 2814.380.683.817 (depth 3, 42 lits): UNSAT in 0.04s
    cube 2814.380.683.818 (depth 3, 42 lits): UNSAT in 0.94s
    cube 2814.380.683.819 (depth 3, 42 lits): UNSAT in 0.01s
    cube 2814.380.683.820 (depth 3, 42 lits): UNSAT in 0.02s
    cube 2814.380.683.821 (depth 3, 42 lits): UNSAT in 0.02s
    cube 2814.380.683.822 (depth 3, 42 lits): UNSAT in 0.03s
    cube 2814.380.683.823 (depth 3, 42 lits): UNSAT in 0.02s
    cube 2814.380.683.824 (depth 3, 42 lits): UNSAT in 0.05s
    cube 2814.380.683.825 (depth 3, 42 lits): UNSAT in 0.03s
    cube 2814.380.683.826 (depth 3, 42 lits): UNSAT in 0.09s
    cube 2814.380.683.827 (depth 3, 42 lits): UNSAT in 0.02s
    cube 2814.380.683.828 (depth 3, 42 lits): UNSAT in 0.02s
    cube 2814.380.683.829 (depth 3, 42 lits): UNSAT in 0.02s
    cube 2814.380.683.830 (depth 3, 42 lits): UNSAT in 0.04s
    cube 2814.380.683.831 (depth 3, 42 lits): UNSAT in 0.02s
    cube 2814.380.683.832 (depth 3, 42 lits): UNSAT in 0.04s
    cube 2814.380.683.833 (depth 3, 42 lits): UNSAT in 0.10s
    cube 2814.380.683.834 (depth 3, 42 lits): UNSAT in 0.54s
    cube 2814.380.683.835 (depth 3, 42 lits): UNSAT in 0.02s
    cube 2814.380.683.836 (depth 3, 42 lits): UNSAT in 0.03s
    cube 2814.380.683.837 (depth 3, 42 lits): UNSAT in 0.03s
    cube 2814.380.683.838 (depth 3, 42 lits): UNSAT in 0.16s
    cube 2814.380.683.839 (depth 3, 42 lits): UNSAT in 0.04s
    cube 2814.380.683.840 (depth 3, 42 lits): UNSAT in 0.08s
    cube 2814.380.683.841 (depth 3, 42 lits): UNSAT in 0.05s
    cube 2814.380.683.842 (depth 3, 42 lits): UNSAT in 0.54s
    cube 2814.380.683.843 (depth 3, 42 lits): UNSAT in 0.03s
    cube 2814.380.683.844 (depth 3, 42 lits): UNSAT in 0.12s
    cube 2814.380.683.845 (depth 3, 42 lits): UNSAT in 0.05s
    cube 2814.380.683.846 (depth 3, 42 lits): UNSAT in 0.30s
    cube 2814.380.683.847 (depth 3, 42 lits): UNSAT in 0.06s
    cube 2814.380.683.848 (depth 3, 42 lits): UNSAT in 0.26s
    cube 2814.380.683.849 (depth 3, 42 lits): UNSAT in 0.30s
    cube 2814.380.683.850 (depth 3, 42 lits): UNSAT in 1.73s
    cube 2814.380.683.851 (depth 3, 42 lits): UNSAT in 0.01s
    cube 2814.380.683.852 (depth 3, 42 lits): UNSAT in 0.02s
    cube 2814.380.683.853 (depth 3, 42 lits): UNSAT in 0.02s
    cube 2814.380.683.854 (depth 3, 42 lits): UNSAT in 0.02s
    cube 2814.380.683.855 (depth 3, 42 lits): UNSAT in 0.01s
    cube 2814.380.683.856 (depth 3, 42 lits): UNSAT in 0.03s
    cube 2814.380.683.857 (depth 3, 42 lits): UNSAT in 0.03s
    cube 2814.380.683.858 (depth 3, 42 lits): UNSAT in 0.14s
    cube 2814.380.683.859 (depth 3, 42 lits): UNSAT in 0.02s
    cube 2814.380.683.860 (depth 3, 42 lits): UNSAT in 0.04s
    cube 2814.380.683.861 (depth 3, 42 lits): UNSAT in 0.07s
    cube 2814.380.683.862 (depth 3, 42 lits): UNSAT in 0.14s
    cube 2814.380.683.863 (depth 3, 42 lits): UNSAT in 0.03s
    cube 2814.380.683.864 (depth 3, 42 lits): UNSAT in 0.16s
    cube 2814.380.683.865 (depth 3, 42 lits): UNSAT in 0.11s
    cube 2814.380.683.866 (depth 3, 42 lits): UNSAT in 0.99s
    cube 2814.380.683.867 (depth 3, 42 lits): UNSAT in 0.01s
    cube 2814.380.683.868 (depth 3, 42 lits): UNSAT in 0.01s
    cube 2814.380.683.869 (depth 3, 42 lits): UNSAT in 0.04s
    cube 2814.380.683.870 (depth 3, 42 lits): UNSAT in 0.09s
    cube 2814.380.683.871 (depth 3, 42 lits): UNSAT in 0.03s
    cube 2814.380.683.872 (depth 3, 42 lits): UNSAT in 0.07s
    cube 2814.380.683.873 (depth 3, 42 lits): UNSAT in 0.11s
    cube 2814.380.683.874 (depth 3, 42 lits): UNSAT in 1.45s
    cube 2814.380.683.875 (depth 3, 42 lits): UNSAT in 0.02s
    cube 2814.380.683.876 (depth 3, 42 lits): UNSAT in 0.02s
    cube 2814.380.683.877 (depth 3, 42 lits): UNSAT in 0.05s
    cube 2814.380.683.878 (depth 3, 42 lits): UNSAT in 0.24s
    cube 2814.380.683.879 (depth 3, 42 lits): UNSAT in 0.05s
    cube 2814.380.683.880 (depth 3, 42 lits): UNSAT in 0.56s
    cube 2814.380.683.881 (depth 3, 42 lits): UNSAT in 1.39s
    cube 2814.380.683.882 (depth 3, 42 lits): UNSAT in 3.35s
    cube 2814.380.683.883 (depth 3, 42 lits): UNSAT in 0.02s
    cube 2814.380.683.884 (depth 3, 42 lits): UNSAT in 0.02s
    cube 2814.380.683.885 (depth 3, 42 lits): UNSAT in 0.03s
    cube 2814.380.683.886 (depth 3, 42 lits): UNSAT in 0.06s
    cube 2814.380.683.887 (depth 3, 42 lits): UNSAT in 0.03s
    cube 2814.380.683.888 (depth 3, 42 lits): UNSAT in 0.06s
    cube 2814.380.683.889 (depth 3, 42 lits): UNSAT in 0.06s
    cube 2814.380.683.890 (depth 3, 42 lits): UNSAT in 0.19s
    cube 2814.380.683.891 (depth 3, 42 lits): UNSAT in 0.02s
    cube 2814.380.683.892 (depth 3, 42 lits): UNSAT in 0.11s
    cube 2814.380.683.893 (depth 3, 42 lits): UNSAT in 0.07s
    cube 2814.380.683.894 (depth 3, 42 lits): UNSAT in 0.26s
    cube 2814.380.683.895 (depth 3, 42 lits): UNSAT in 0.10s
    cube 2814.380.683.896 (depth 3, 42 lits): UNSAT in 0.14s
    cube 2814.380.683.897 (depth 3, 42 lits): UNSAT in 0.46s
    cube 2814.380.683.898 (depth 3, 42 lits): UNSAT in 1.34s
    cube 2814.380.683.899 (depth 3, 42 lits): UNSAT in 0.06s
    cube 2814.380.683.900 (depth 3, 42 lits): UNSAT in 0.15s
    cube 2814.380.683.901 (depth 3, 42 lits): UNSAT in 0.08s
    cube 2814.380.683.902 (depth 3, 42 lits): UNSAT in 0.80s
    cube 2814.380.683.903 (depth 3, 42 lits): UNSAT in 0.13s
    cube 2814.380.683.904 (depth 3, 42 lits): UNSAT in 0.85s
    cube 2814.380.683.905 (depth 3, 42 lits): UNSAT in 0.42s
    cube 2814.380.683.906 (depth 3, 42 lits): UNSAT in 2.96s
    cube 2814.380.683.907 (depth 3, 42 lits): UNSAT in 0.11s
    cube 2814.380.683.908 (depth 3, 42 lits): UNSAT in 0.93s
    cube 2814.380.683.909 (depth 3, 42 lits): UNSAT in 0.63s
    cube 2814.380.683.910 (depth 3, 42 lits): UNSAT in 4.83s
    cube 2814.380.683.911 (depth 3, 42 lits): UNSAT in 1.39s
    cube 2814.380.683.912 (depth 3, 42 lits): UNSAT in 5.59s
    cube 2814.380.683.913 (depth 3, 42 lits): UNSAT in 5.26s
    cube 2814.380.683.914 (depth 3, 42 lits): UNSAT in 51.18s
    cube 2814.380.684 (depth 2, 31 lits): UNSAT in 0.01s
    cube 2814.380.685 (depth 2, 32 lits): UNSAT in 0.01s
    cube 2814.380.686 (depth 2, 32 lits): UNSAT in 0.01s
    cube 2814.380.687 (depth 2, 32 lits): UNSAT in 0.01s
    cube 2814.380.688 (depth 2, 32 lits): UNSAT in 0.02s
    cube 2814.380.689 (depth 2, 32 lits): UNSAT in 0.02s
    cube 2814.380.690 (depth 2, 32 lits): UNSAT in 0.05s
    cube 2814.380.691 (depth 2, 32 lits): UNSAT in 0.02s
    cube 2814.380.692 (depth 2, 32 lits): UNSAT in 0.02s
    cube 2814.380.693 (depth 2, 32 lits): UNSAT in 0.02s
    cube 2814.380.694 (depth 2, 32 lits): UNSAT in 0.04s
    cube 2814.380.695 (depth 2, 32 lits): UNSAT in 0.02s
    cube 2814.380.696 (depth 2, 32 lits): UNSAT in 0.03s
    cube 2814.380.697 (depth 2, 32 lits): UNSAT in 0.02s
    cube 2814.380.698 (depth 2, 32 lits): UNSAT in 0.09s
    cube 2814.380.699 (depth 2, 32 lits): UNSAT in 0.01s
    cube 2814.380.700 (depth 2, 32 lits): UNSAT in 0.02s
    cube 2814.380.701 (depth 2, 32 lits): UNSAT in 0.02s
    cube 2814.380.702 (depth 2, 32 lits): UNSAT in 0.02s
    cube 2814.380.703 (depth 2, 32 lits): UNSAT in 0.02s
    cube 2814.380.704 (depth 2, 32 lits): UNSAT in 0.03s
    cube 2814.380.705 (depth 2, 32 lits): UNSAT in 0.02s
    cube 2814.380.706 (depth 2, 32 lits): UNSAT in 0.05s
    cube 2814.380.707 (depth 2, 32 lits): UNSAT in 0.01s
    cube 2814.380.708 (depth 2, 32 lits): UNSAT in 0.03s
    cube 2814.380.709 (depth 2, 32 lits): UNSAT in 0.03s
    cube 2814.380.710 (depth 2, 32 lits): UNSAT in 0.09s
    cube 2814.380.711 (depth 2, 32 lits): UNSAT in 0.03s
    cube 2814.380.712 (depth 2, 32 lits): UNSAT in 0.05s
    cube 2814.380.713 (depth 2, 32 lits): UNSAT in 0.14s
    cube 2814.380.714 (depth 2, 32 lits): UNSAT in 0.48s
    cube 2814.380.715 (depth 2, 32 lits): UNSAT in 0.02s
    cube 2814.380.716 (depth 2, 32 lits): UNSAT in 0.02s
    cube 2814.380.717 (depth 2, 32 lits): UNSAT in 0.04s
    cube 2814.380.718 (depth 2, 32 lits): UNSAT in 0.07s
    cube 2814.380.719 (depth 2, 32 lits): UNSAT in 0.02s
    cube 2814.380.720 (depth 2, 32 lits): UNSAT in 0.04s
    cube 2814.380.721 (depth 2, 32 lits): UNSAT in 0.13s
    cube 2814.380.722 (depth 2, 32 lits): UNSAT in 0.16s
    cube 2814.380.723 (depth 2, 32 lits): UNSAT in 0.02s
    cube 2814.380.724 (depth 2, 32 lits): UNSAT in 0.04s
    cube 2814.380.725 (depth 2, 32 lits): UNSAT in 0.02s
    cube 2814.380.726 (depth 2, 32 lits): UNSAT in 0.16s
    cube 2814.380.727 (depth 2, 32 lits): UNSAT in 0.09s
    cube 2814.380.728 (depth 2, 32 lits): UNSAT in 0.22s
    cube 2814.380.729 (depth 2, 32 lits): UNSAT in 0.46s
    cube 2814.380.730 (depth 2, 32 lits): UNSAT in 1.34s
    cube 2814.380.731 (depth 2, 32 lits): UNSAT in 0.02s
    cube 2814.380.732 (depth 2, 32 lits): UNSAT in 0.05s
    cube 2814.380.733 (depth 2, 32 lits): UNSAT in 0.02s
    cube 2814.380.734 (depth 2, 32 lits): UNSAT in 0.06s
    cube 2814.380.735 (depth 2, 32 lits): UNSAT in 0.02s
    cube 2814.380.736 (depth 2, 32 lits): UNSAT in 0.15s
    cube 2814.380.737 (depth 2, 32 lits): UNSAT in 0.22s
    cube 2814.380.738 (depth 2, 32 lits): UNSAT in 0.83s
    cube 2814.380.739 (depth 2, 32 lits): UNSAT in 0.07s
    cube 2814.380.740 (depth 2, 32 lits): UNSAT in 0.30s
    cube 2814.380.741 (depth 2, 32 lits): UNSAT in 0.14s
    cube 2814.380.742 (depth 2, 32 lits): UNSAT in 0.95s
    cube 2814.380.743 (depth 2, 32 lits): UNSAT in 0.06s
    cube 2814.380.744 (depth 2, 32 lits): UNSAT in 1.05s
    cube 2814.380.745 (depth 2, 32 lits): UNSAT in 1.42s
    cube 2814.380.746 (depth 2, 32 lits): UNSAT in 4.25s
    cube 2814.380.747 (depth 2, 32 lits): UNSAT in 0.02s
    cube 2814.380.748 (depth 2, 32 lits): UNSAT in 0.02s
    cube 2814.380.749 (depth 2, 32 lits): UNSAT in 0.02s
    cube 2814.380.750 (depth 2, 32 lits): UNSAT in 0.04s
    cube 2814.380.751 (depth 2, 32 lits): UNSAT in 0.01s
    cube 2814.380.752 (depth 2, 32 lits): UNSAT in 0.03s
    cube 2814.380.753 (depth 2, 32 lits): UNSAT in 0.04s
    cube 2814.380.754 (depth 2, 32 lits): UNSAT in 0.10s
    cube 2814.380.755 (depth 2, 32 lits): UNSAT in 0.02s
    cube 2814.380.756 (depth 2, 32 lits): UNSAT in 0.05s
    cube 2814.380.757 (depth 2, 32 lits): UNSAT in 0.18s
    cube 2814.380.758 (depth 2, 32 lits): UNSAT in 0.76s
    cube 2814.380.759 (depth 2, 32 lits): UNSAT in 0.03s
    cube 2814.380.760 (depth 2, 32 lits): UNSAT in 0.26s
    cube 2814.380.761 (depth 2, 32 lits): UNSAT in 0.15s
    cube 2814.380.762 (depth 2, 32 lits): UNSAT in 0.91s
    cube 2814.380.763 (depth 2, 32 lits): UNSAT in 0.03s
    cube 2814.380.764 (depth 2, 32 lits): UNSAT in 0.03s
    cube 2814.380.765 (depth 2, 32 lits): UNSAT in 0.02s
    cube 2814.380.766 (depth 2, 32 lits): UNSAT in 0.11s
    cube 2814.380.767 (depth 2, 32 lits): UNSAT in 0.11s
    cube 2814.380.768 (depth 2, 32 lits): UNSAT in 0.16s
    cube 2814.380.769 (depth 2, 32 lits): UNSAT in 0.21s
    cube 2814.380.770 (depth 2, 32 lits): UNSAT in 0.94s
    cube 2814.380.771 (depth 2, 32 lits): UNSAT in 0.03s
    cube 2814.380.772 (depth 2, 32 lits): UNSAT in 0.10s
    cube 2814.380.773 (depth 2, 32 lits): UNSAT in 0.12s
    cube 2814.380.774 (depth 2, 32 lits): UNSAT in 0.65s
    cube 2814.380.775 (depth 2, 32 lits): UNSAT in 0.26s
    cube 2814.380.776 (depth 2, 32 lits): UNSAT in 1.31s
    cube 2814.380.777 (depth 2, 32 lits): UNSAT in 2.05s
    cube 2814.380.778 (depth 2, 32 lits): UNSAT in 13.99s
    cube 2814.380.779 (depth 2, 32 lits): UNSAT in 0.05s
    cube 2814.380.780 (depth 2, 32 lits): UNSAT in 0.08s
    cube 2814.380.781 (depth 2, 32 lits): UNSAT in 0.07s
    cube 2814.380.782 (depth 2, 32 lits): UNSAT in 0.30s
    cube 2814.380.783 (depth 2, 32 lits): UNSAT in 0.05s
    cube 2814.380.784 (depth 2, 32 lits): UNSAT in 0.39s
    cube 2814.380.785 (depth 2, 32 lits): UNSAT in 0.73s
    cube 2814.380.786 (depth 2, 32 lits): UNSAT in 1.58s
    cube 2814.380.787 (depth 2, 32 lits): UNSAT in 0.02s
    cube 2814.380.788 (depth 2, 32 lits): UNSAT in 0.06s
    cube 2814.380.789 (depth 2, 32 lits): UNSAT in 0.20s
    cube 2814.380.790 (depth 2, 32 lits): UNSAT in 1.16s
    cube 2814.380.791 (depth 2, 32 lits): UNSAT in 0.11s
    cube 2814.380.792 (depth 2, 32 lits): UNSAT in 0.63s
    cube 2814.380.793 (depth 2, 32 lits): UNSAT in 1.03s
    cube 2814.380.794 (depth 2, 32 lits): UNSAT in 9.06s
    cube 2814.380.795 (depth 2, 32 lits): UNSAT in 0.09s
    cube 2814.380.796 (depth 2, 32 lits): UNSAT in 0.31s
    cube 2814.380.797 (depth 2, 32 lits): UNSAT in 0.30s
    cube 2814.380.798 (depth 2, 32 lits): UNSAT in 1.04s
    cube 2814.380.799 (depth 2, 32 lits): UNSAT in 0.14s
    cube 2814.380.800 (depth 2, 32 lits): UNSAT in 1.15s
    cube 2814.380.801 (depth 2, 32 lits): UNSAT in 1.44s
    cube 2814.380.802 (depth 2, 32 lits): UNSAT in 7.58s
    cube 2814.380.803 (depth 2, 32 lits): UNSAT in 0.44s
    cube 2814.380.804 (depth 2, 32 lits): UNSAT in 2.02s
    cube 2814.380.805 (depth 2, 32 lits): UNSAT in 0.89s
    cube 2814.380.806 (depth 2, 32 lits): UNSAT in 22.09s
    cube 2814.380.807 (depth 2, 32 lits): UNSAT in 1.59s
    cube 2814.380.808 (depth 2, 32 lits): UNSAT in 29.14s
    cube 2814.380.809 (depth 2, 32 lits): UNSAT in 51.45s
    cube 2814.380.810 (depth 2, 32 lits): UNSAT in 574.32s
    cube 2814.380.811 (depth 2, 31 lits): UNSAT in 0.01s
    cube 2814.380.812 (depth 2, 32 lits): UNSAT in 0.01s
    cube 2814.380.813 (depth 2, 32 lits): UNSAT in 0.03s
    cube 2814.380.814 (depth 2, 32 lits): UNSAT in 0.02s
    cube 2814.380.815 (depth 2, 32 lits): UNSAT in 0.03s
    cube 2814.380.816 (depth 2, 32 lits): UNSAT in 0.04s
    cube 2814.380.817 (depth 2, 32 lits): UNSAT in 0.07s
    cube 2814.380.818 (depth 2, 32 lits): UNSAT in 0.02s
    cube 2814.380.819 (depth 2, 32 lits): UNSAT in 0.04s
    cube 2814.380.820 (depth 2, 32 lits): UNSAT in 0.04s
    cube 2814.380.821 (depth 2, 32 lits): UNSAT in 0.12s
    cube 2814.380.822 (depth 2, 32 lits): UNSAT in 0.03s
    cube 2814.380.823 (depth 2, 32 lits): UNSAT in 0.03s
    cube 2814.380.824 (depth 2, 32 lits): UNSAT in 0.10s
    cube 2814.380.825 (depth 2, 32 lits): UNSAT in 0.20s
    cube 2814.380.826 (depth 2, 32 lits): UNSAT in 0.01s
    cube 2814.380.827 (depth 2, 32 lits): UNSAT in 0.04s
    cube 2814.380.828 (depth 2, 32 lits): UNSAT in 0.05s
    cube 2814.380.829 (depth 2, 32 lits): UNSAT in 0.11s
    cube 2814.380.830 (depth 2, 32 lits): UNSAT in 0.05s
    cube 2814.380.831 (depth 2, 32 lits): UNSAT in 0.11s
    cube 2814.380.832 (depth 2, 32 lits): UNSAT in 0.10s
    cube 2814.380.833 (depth 2, 32 lits): UNSAT in 0.34s
    cube 2814.380.834 (depth 2, 32 lits): UNSAT in 0.03s
    cube 2814.380.835 (depth 2, 32 lits): UNSAT in 0.06s
    cube 2814.380.836 (depth 2, 32 lits): UNSAT in 0.04s
    cube 2814.380.837 (depth 2, 32 lits): UNSAT in 0.77s
    cube 2814.380.838 (depth 2, 32 lits): UNSAT in 0.04s
    cube 2814.380.839 (depth 2, 32 lits): UNSAT in 0.32s
    cube 2814.380.840 (depth 2, 32 lits): UNSAT in 0.29s
    cube 2814.380.841 (depth 2, 32 lits): UNSAT in 0.41s
    cube 2814.380.842 (depth 2, 32 lits): UNSAT in 0.02s
    cube 2814.380.843 (depth 2, 32 lits): UNSAT in 0.03s
    cube 2814.380.844 (depth 2, 32 lits): UNSAT in 0.03s
    cube 2814.380.845 (depth 2, 32 lits): UNSAT in 0.06s
    cube 2814.380.846 (depth 2, 32 lits): UNSAT in 0.01s
    cube 2814.380.847 (depth 2, 32 lits): UNSAT in 0.04s
    cube 2814.380.848 (depth 2, 32 lits): UNSAT in 0.05s
    cube 2814.380.849 (depth 2, 32 lits): UNSAT in 0.31s
    cube 2814.380.850 (depth 2, 32 lits): UNSAT in 0.02s
    cube 2814.380.851 (depth 2, 32 lits): UNSAT in 0.04s
    cube 2814.380.852 (depth 2, 32 lits): UNSAT in 0.02s
    cube 2814.380.853 (depth 2, 32 lits): UNSAT in 0.13s
    cube 2814.380.854 (depth 2, 32 lits): UNSAT in 0.06s
    cube 2814.380.855 (depth 2, 32 lits): UNSAT in 0.13s
    cube 2814.380.856 (depth 2, 32 lits): UNSAT in 0.23s
    cube 2814.380.857 (depth 2, 32 lits): UNSAT in 0.69s
    cube 2814.380.858 (depth 2, 32 lits): UNSAT in 0.02s
    cube 2814.380.859 (depth 2, 32 lits): UNSAT in 0.06s
    cube 2814.380.860 (depth 2, 32 lits): UNSAT in 0.02s
    cube 2814.380.861 (depth 2, 32 lits): UNSAT in 0.10s
    cube 2814.380.862 (depth 2, 32 lits): UNSAT in 0.05s
    cube 2814.380.863 (depth 2, 32 lits): UNSAT in 0.18s
    cube 2814.380.864 (depth 2, 32 lits): UNSAT in 0.26s
    cube 2814.380.865 (depth 2, 32 lits): UNSAT in 1.01s
    cube 2814.380.866 (depth 2, 32 lits): UNSAT in 0.02s
    cube 2814.380.867 (depth 2, 32 lits): UNSAT in 0.04s
    cube 2814.380.868 (depth 2, 32 lits): UNSAT in 0.13s
    cube 2814.380.869 (depth 2, 32 lits): UNSAT in 0.17s
    cube 2814.380.870 (depth 2, 32 lits): UNSAT in 0.17s
    cube 2814.380.871 (depth 2, 32 lits): UNSAT in 0.30s
    cube 2814.380.872 (depth 2, 32 lits): UNSAT in 0.72s
    cube 2814.380.873 (depth 2, 32 lits): UNSAT in 2.51s
    cube 2814.380.874 (depth 2, 32 lits): UNSAT in 0.02s
    cube 2814.380.875 (depth 2, 32 lits): UNSAT in 0.02s
    cube 2814.380.876 (depth 2, 32 lits): UNSAT in 0.03s
    cube 2814.380.877 (depth 2, 32 lits): UNSAT in 0.13s
    cube 2814.380.878 (depth 2, 32 lits): UNSAT in 0.02s
    cube 2814.380.879 (depth 2, 32 lits): UNSAT in 0.07s
    cube 2814.380.880 (depth 2, 32 lits): UNSAT in 0.02s
    cube 2814.380.881 (depth 2, 32 lits): UNSAT in 0.07s
    cube 2814.380.882 (depth 2, 32 lits): UNSAT in 0.03s
    cube 2814.380.883 (depth 2, 32 lits): UNSAT in 0.06s
    cube 2814.380.884 (depth 2, 32 lits): UNSAT in 0.02s
    cube 2814.380.885 (depth 2, 32 lits): UNSAT in 0.10s
    cube 2814.380.886 (depth 2, 32 lits): UNSAT in 0.03s
    cube 2814.380.887 (depth 2, 32 lits): UNSAT in 0.11s
    cube 2814.380.888 (depth 2, 32 lits): UNSAT in 0.09s
    cube 2814.380.889 (depth 2, 32 lits): UNSAT in 0.23s
    cube 2814.380.890 (depth 2, 32 lits): UNSAT in 0.02s
    cube 2814.380.891 (depth 2, 32 lits): UNSAT in 0.02s
    cube 2814.380.892 (depth 2, 32 lits): UNSAT in 0.04s
    cube 2814.380.893 (depth 2, 32 lits): UNSAT in 0.07s
    cube 2814.380.894 (depth 2, 32 lits): UNSAT in 0.07s
    cube 2814.380.895 (depth 2, 32 lits): UNSAT in 0.06s
    cube 2814.380.896 (depth 2, 32 lits): UNSAT in 0.06s
    cube 2814.380.897 (depth 2, 32 lits): UNSAT in 0.39s
    cube 2814.380.898 (depth 2, 32 lits): UNSAT in 0.05s
    cube 2814.380.899 (depth 2, 32 lits): UNSAT in 0.29s
    cube 2814.380.900 (depth 2, 32 lits): UNSAT in 0.10s
    cube 2814.380.901 (depth 2, 32 lits): UNSAT in 0.19s
    cube 2814.380.902 (depth 2, 32 lits): UNSAT in 0.09s
    cube 2814.380.903 (depth 2, 32 lits): UNSAT in 0.32s
    cube 2814.380.904 (depth 2, 32 lits): UNSAT in 0.71s
    cube 2814.380.905 (depth 2, 32 lits): UNSAT in 6.19s
    cube 2814.380.906 (depth 2, 32 lits): UNSAT in 0.04s
    cube 2814.380.907 (depth 2, 32 lits): UNSAT in 0.14s
    cube 2814.380.908 (depth 2, 32 lits): UNSAT in 0.20s
    cube 2814.380.909 (depth 2, 32 lits): UNSAT in 0.72s
    cube 2814.380.910 (depth 2, 32 lits): UNSAT in 0.41s
    cube 2814.380.911 (depth 2, 32 lits): UNSAT in 0.18s
    cube 2814.380.912 (depth 2, 32 lits): UNSAT in 0.67s
    cube 2814.380.913 (depth 2, 32 lits): UNSAT in 3.79s
    cube 2814.380.914 (depth 2, 32 lits): UNSAT in 0.14s
    cube 2814.380.915 (depth 2, 32 lits): UNSAT in 0.63s
    cube 2814.380.916 (depth 2, 32 lits): UNSAT in 1.46s
    cube 2814.380.917 (depth 2, 32 lits): UNSAT in 6.26s
    cube 2814.380.918 (depth 2, 32 lits): UNSAT in 0.32s
    cube 2814.380.919 (depth 2, 32 lits): UNSAT in 2.10s
    cube 2814.380.920 (depth 2, 32 lits): UNSAT in 4.21s
    cube 2814.380.921 (depth 2, 32 lits): UNSAT in 21.46s
    cube 2814.380.922 (depth 2, 32 lits): UNSAT in 0.04s
    cube 2814.380.923 (depth 2, 32 lits): UNSAT in 0.33s
    cube 2814.380.924 (depth 2, 32 lits): UNSAT in 0.14s
    cube 2814.380.925 (depth 2, 32 lits): UNSAT in 2.04s
    cube 2814.380.926 (depth 2, 32 lits): UNSAT in 0.21s
    cube 2814.380.927 (depth 2, 32 lits): UNSAT in 0.54s
    cube 2814.380.928 (depth 2, 32 lits): UNSAT in 0.71s
    cube 2814.380.929 (depth 2, 32 lits): UNSAT in 6.01s
    cube 2814.380.930 (depth 2, 32 lits): UNSAT in 0.32s
    cube 2814.380.931 (depth 2, 32 lits): UNSAT in 3.35s
    cube 2814.380.932 (depth 2, 32 lits): UNSAT in 1.82s
    cube 2814.380.933 (depth 2, 32 lits): UNSAT in 49.93s
    cube 2814.380.934 (depth 2, 32 lits): UNSAT in 3.39s
    cube 2814.380.935 (depth 2, 32 lits): UNSAT in 17.23s
    cube 2814.380.936 (depth 2, 32 lits): UNSAT in 132.27s
    cube 2814.380.937 (depth 2, 32 lits): TIMEOUT in 1200.04s
    cube 2814.380.937 TIMEOUT -> re-split into 838 sub-cubes (depth 3)
    cube 2814.380.937.0 (depth 3, 38 lits): UNSAT in 0.02s
    cube 2814.380.937.1 (depth 3, 40 lits): UNSAT in 0.02s
    cube 2814.380.937.2 (depth 3, 41 lits): UNSAT in 0.01s
    cube 2814.380.937.3 (depth 3, 42 lits): UNSAT in 0.02s
    cube 2814.380.937.4 (depth 3, 42 lits): UNSAT in 0.02s
    cube 2814.380.937.5 (depth 3, 40 lits): UNSAT in 0.02s
    cube 2814.380.937.6 (depth 3, 42 lits): UNSAT in 0.01s
    cube 2814.380.937.7 (depth 3, 42 lits): UNSAT in 0.02s
    cube 2814.380.937.8 (depth 3, 42 lits): UNSAT in 0.02s
    cube 2814.380.937.9 (depth 3, 42 lits): UNSAT in 0.03s
    cube 2814.380.937.10 (depth 3, 39 lits): UNSAT in 0.01s
    cube 2814.380.937.11 (depth 3, 41 lits): UNSAT in 0.01s
    cube 2814.380.937.12 (depth 3, 41 lits): UNSAT in 0.01s
    cube 2814.380.937.13 (depth 3, 41 lits): UNSAT in 0.01s
    cube 2814.380.937.14 (depth 3, 42 lits): UNSAT in 0.01s
    cube 2814.380.937.15 (depth 3, 42 lits): UNSAT in 0.03s
    cube 2814.380.937.16 (depth 3, 40 lits): UNSAT in 0.01s
    cube 2814.380.937.17 (depth 3, 41 lits): UNSAT in 0.01s
    cube 2814.380.937.18 (depth 3, 42 lits): UNSAT in 0.02s
    cube 2814.380.937.19 (depth 3, 42 lits): UNSAT in 0.02s
    cube 2814.380.937.20 (depth 3, 42 lits): UNSAT in 0.01s
    cube 2814.380.937.21 (depth 3, 42 lits): UNSAT in 0.02s
    cube 2814.380.937.22 (depth 3, 42 lits): UNSAT in 0.02s
    cube 2814.380.937.23 (depth 3, 42 lits): UNSAT in 0.02s
    cube 2814.380.937.24 (depth 3, 42 lits): UNSAT in 0.02s
    cube 2814.380.937.25 (depth 3, 42 lits): UNSAT in 0.02s
    cube 2814.380.937.26 (depth 3, 42 lits): UNSAT in 0.05s
    cube 2814.380.937.27 (depth 3, 42 lits): UNSAT in 0.12s
    cube 2814.380.937.28 (depth 3, 41 lits): UNSAT in 0.01s
    cube 2814.380.937.29 (depth 3, 41 lits): UNSAT in 0.01s
    cube 2814.380.937.30 (depth 3, 40 lits): UNSAT in 0.02s
    cube 2814.380.937.31 (depth 3, 41 lits): UNSAT in 0.02s
    cube 2814.380.937.32 (depth 3, 42 lits): UNSAT in 0.01s
    cube 2814.380.937.33 (depth 3, 42 lits): UNSAT in 0.02s
    cube 2814.380.937.34 (depth 3, 40 lits): UNSAT in 0.03s
    cube 2814.380.937.35 (depth 3, 40 lits): UNSAT in 0.02s
    cube 2814.380.937.36 (depth 3, 40 lits): UNSAT in 0.02s
    cube 2814.380.937.37 (depth 3, 41 lits): UNSAT in 0.02s
    cube 2814.380.937.38 (depth 3, 41 lits): UNSAT in 0.02s
    cube 2814.380.937.39 (depth 3, 41 lits): UNSAT in 0.02s
    cube 2814.380.937.40 (depth 3, 42 lits): UNSAT in 0.01s
    cube 2814.380.937.41 (depth 3, 42 lits): UNSAT in 0.03s
    cube 2814.380.937.42 (depth 3, 40 lits): UNSAT in 0.01s
    cube 2814.380.937.43 (depth 3, 40 lits): UNSAT in 0.02s
    cube 2814.380.937.44 (depth 3, 40 lits): UNSAT in 0.01s
    cube 2814.380.937.45 (depth 3, 41 lits): UNSAT in 0.01s
    cube 2814.380.937.46 (depth 3, 41 lits): UNSAT in 0.02s
    cube 2814.380.937.47 (depth 3, 41 lits): UNSAT in 0.01s
    cube 2814.380.937.48 (depth 3, 41 lits): UNSAT in 0.02s
    cube 2814.380.937.49 (depth 3, 42 lits): UNSAT in 0.01s
    cube 2814.380.937.50 (depth 3, 42 lits): UNSAT in 0.02s
    cube 2814.380.937.51 (depth 3, 42 lits): UNSAT in 0.02s
    cube 2814.380.937.52 (depth 3, 42 lits): UNSAT in 0.02s
    cube 2814.380.937.53 (depth 3, 42 lits): UNSAT in 0.01s
    cube 2814.380.937.54 (depth 3, 42 lits): UNSAT in 0.02s
    cube 2814.380.937.55 (depth 3, 42 lits): UNSAT in 0.02s
    cube 2814.380.937.56 (depth 3, 42 lits): UNSAT in 0.08s
    cube 2814.380.937.57 (depth 3, 42 lits): UNSAT in 0.02s
    cube 2814.380.937.58 (depth 3, 42 lits): UNSAT in 0.04s
    cube 2814.380.937.59 (depth 3, 42 lits): UNSAT in 0.06s
    cube 2814.380.937.60 (depth 3, 42 lits): UNSAT in 0.10s
    cube 2814.380.937.61 (depth 3, 39 lits): UNSAT in 0.01s
    cube 2814.380.937.62 (depth 3, 39 lits): UNSAT in 0.02s
    cube 2814.380.937.63 (depth 3, 42 lits): UNSAT in 0.01s
    cube 2814.380.937.64 (depth 3, 42 lits): UNSAT in 0.01s
    cube 2814.380.937.65 (depth 3, 41 lits): UNSAT in 0.01s
    cube 2814.380.937.66 (depth 3, 41 lits): UNSAT in 0.01s
    cube 2814.380.937.67 (depth 3, 41 lits): UNSAT in 0.02s
    cube 2814.380.937.68 (depth 3, 40 lits): UNSAT in 0.01s
    cube 2814.380.937.69 (depth 3, 41 lits): UNSAT in 0.01s
    cube 2814.380.937.70 (depth 3, 41 lits): UNSAT in 0.02s
    cube 2814.380.937.71 (depth 3, 41 lits): UNSAT in 0.01s
    cube 2814.380.937.72 (depth 3, 41 lits): UNSAT in 0.01s
    cube 2814.380.937.73 (depth 3, 40 lits): UNSAT in 0.01s
    cube 2814.380.937.74 (depth 3, 41 lits): UNSAT in 0.02s
    cube 2814.380.937.75 (depth 3, 41 lits): UNSAT in 0.02s
    cube 2814.380.937.76 (depth 3, 41 lits): UNSAT in 0.02s
    cube 2814.380.937.77 (depth 3, 42 lits): UNSAT in 0.02s
    cube 2814.380.937.78 (depth 3, 42 lits): UNSAT in 0.02s
    cube 2814.380.937.79 (depth 3, 40 lits): UNSAT in 0.02s
    cube 2814.380.937.80 (depth 3, 42 lits): UNSAT in 0.01s
    cube 2814.380.937.81 (depth 3, 42 lits): UNSAT in 0.01s
    cube 2814.380.937.82 (depth 3, 42 lits): UNSAT in 0.01s
    cube 2814.380.937.83 (depth 3, 42 lits): UNSAT in 0.02s
    cube 2814.380.937.84 (depth 3, 42 lits): UNSAT in 0.02s
    cube 2814.380.937.85 (depth 3, 42 lits): UNSAT in 0.02s
    cube 2814.380.937.86 (depth 3, 42 lits): UNSAT in 0.01s
    cube 2814.380.937.87 (depth 3, 42 lits): UNSAT in 0.02s
    cube 2814.380.937.88 (depth 3, 42 lits): UNSAT in 0.02s
    cube 2814.380.937.89 (depth 3, 42 lits): UNSAT in 0.01s
    cube 2814.380.937.90 (depth 3, 42 lits): UNSAT in 0.04s
    cube 2814.380.937.91 (depth 3, 42 lits): UNSAT in 0.04s
    cube 2814.380.937.92 (depth 3, 41 lits): UNSAT in 0.01s
    cube 2814.380.937.93 (depth 3, 41 lits): UNSAT in 0.02s
    cube 2814.380.937.94 (depth 3, 41 lits): UNSAT in 0.02s
    cube 2814.380.937.95 (depth 3, 41 lits): UNSAT in 0.02s
    cube 2814.380.937.96 (depth 3, 40 lits): UNSAT in 0.02s
    cube 2814.380.937.97 (depth 3, 42 lits): UNSAT in 0.02s
    cube 2814.380.937.98 (depth 3, 42 lits): UNSAT in 0.02s
    cube 2814.380.937.99 (depth 3, 42 lits): UNSAT in 0.03s
    cube 2814.380.937.100 (depth 3, 42 lits): UNSAT in 0.08s
    cube 2814.380.937.101 (depth 3, 41 lits): UNSAT in 0.02s
    cube 2814.380.937.102 (depth 3, 42 lits): UNSAT in 0.01s
    cube 2814.380.937.103 (depth 3, 42 lits): UNSAT in 0.02s
    cube 2814.380.937.104 (depth 3, 42 lits): UNSAT in 0.01s
    cube 2814.380.937.105 (depth 3, 42 lits): UNSAT in 0.02s
    cube 2814.380.937.106 (depth 3, 42 lits): UNSAT in 0.03s
    cube 2814.380.937.107 (depth 3, 42 lits): UNSAT in 0.04s
    cube 2814.380.937.108 (depth 3, 41 lits): UNSAT in 0.01s
    cube 2814.380.937.109 (depth 3, 42 lits): UNSAT in 0.01s
    cube 2814.380.937.110 (depth 3, 42 lits): UNSAT in 0.02s
    cube 2814.380.937.111 (depth 3, 42 lits): UNSAT in 0.02s
    cube 2814.380.937.112 (depth 3, 42 lits): UNSAT in 0.04s
    cube 2814.380.937.113 (depth 3, 42 lits): UNSAT in 0.03s
    cube 2814.380.937.114 (depth 3, 42 lits): UNSAT in 0.09s
    cube 2814.380.937.115 (depth 3, 40 lits): UNSAT in 0.02s
    cube 2814.380.937.116 (depth 3, 40 lits): UNSAT in 0.02s
    cube 2814.380.937.117 (depth 3, 42 lits): UNSAT in 0.01s
    cube 2814.380.937.118 (depth 3, 42 lits): UNSAT in 0.02s
    cube 2814.380.937.119 (depth 3, 42 lits): UNSAT in 0.02s
    cube 2814.380.937.120 (depth 3, 42 lits): UNSAT in 0.03s
    cube 2814.380.937.121 (depth 3, 42 lits): UNSAT in 0.02s
    cube 2814.380.937.122 (depth 3, 42 lits): UNSAT in 0.04s
    cube 2814.380.937.123 (depth 3, 42 lits): UNSAT in 0.02s
    cube 2814.380.937.124 (depth 3, 42 lits): UNSAT in 0.09s
    cube 2814.380.937.125 (depth 3, 42 lits): UNSAT in 0.02s
    cube 2814.380.937.126 (depth 3, 42 lits): UNSAT in 0.02s
    cube 2814.380.937.127 (depth 3, 42 lits): UNSAT in 0.02s
    cube 2814.380.937.128 (depth 3, 42 lits): UNSAT in 0.04s
    cube 2814.380.937.129 (depth 3, 42 lits): UNSAT in 0.01s
    cube 2814.380.937.130 (depth 3, 42 lits): UNSAT in 0.02s
    cube 2814.380.937.131 (depth 3, 42 lits): UNSAT in 0.07s
    cube 2814.380.937.132 (depth 3, 42 lits): UNSAT in 0.10s
    cube 2814.380.937.133 (depth 3, 42 lits): UNSAT in 0.05s
    cube 2814.380.937.134 (depth 3, 42 lits): UNSAT in 0.04s
    cube 2814.380.937.135 (depth 3, 42 lits): UNSAT in 0.03s
    cube 2814.380.937.136 (depth 3, 42 lits): UNSAT in 0.09s
    cube 2814.380.937.137 (depth 3, 42 lits): UNSAT in 0.04s
    cube 2814.380.937.138 (depth 3, 42 lits): UNSAT in 0.12s
    cube 2814.380.937.139 (depth 3, 42 lits): UNSAT in 0.20s
    cube 2814.380.937.140 (depth 3, 42 lits): UNSAT in 0.27s
    cube 2814.380.937.141 (depth 3, 40 lits): UNSAT in 0.02s
    cube 2814.380.937.142 (depth 3, 40 lits): UNSAT in 0.02s
    cube 2814.380.937.143 (depth 3, 40 lits): UNSAT in 0.01s
    cube 2814.380.937.144 (depth 3, 41 lits): UNSAT in 0.01s
    cube 2814.380.937.145 (depth 3, 42 lits): UNSAT in 0.01s
    cube 2814.380.937.146 (depth 3, 42 lits): UNSAT in 0.02s
    cube 2814.380.937.147 (depth 3, 40 lits): UNSAT in 0.02s
    cube 2814.380.937.148 (depth 3, 41 lits): UNSAT in 0.02s
    cube 2814.380.937.149 (depth 3, 42 lits): UNSAT in 0.02s
    cube 2814.380.937.150 (depth 3, 42 lits): UNSAT in 0.03s
    cube 2814.380.937.151 (depth 3, 41 lits): UNSAT in 0.02s
    cube 2814.380.937.152 (depth 3, 42 lits): UNSAT in 0.02s
    cube 2814.380.937.153 (depth 3, 42 lits): UNSAT in 0.03s
    cube 2814.380.937.154 (depth 3, 42 lits): UNSAT in 0.02s
    cube 2814.380.937.155 (depth 3, 42 lits): UNSAT in 0.02s
    cube 2814.380.937.156 (depth 3, 42 lits): UNSAT in 0.01s
    cube 2814.380.937.157 (depth 3, 42 lits): UNSAT in 0.03s
    cube 2814.380.937.158 (depth 3, 42 lits): UNSAT in 0.01s
    cube 2814.380.937.159 (depth 3, 42 lits): UNSAT in 0.02s
    cube 2814.380.937.160 (depth 3, 42 lits): UNSAT in 0.01s
    cube 2814.380.937.161 (depth 3, 42 lits): UNSAT in 0.02s
    cube 2814.380.937.162 (depth 3, 42 lits): UNSAT in 0.01s
    cube 2814.380.937.163 (depth 3, 42 lits): UNSAT in 0.02s
    cube 2814.380.937.164 (depth 3, 42 lits): UNSAT in 0.02s
    cube 2814.380.937.165 (depth 3, 42 lits): UNSAT in 0.04s
    cube 2814.380.937.166 (depth 3, 41 lits): UNSAT in 0.02s
    cube 2814.380.937.167 (depth 3, 42 lits): UNSAT in 0.01s
    cube 2814.380.937.168 (depth 3, 42 lits): UNSAT in 0.02s
    cube 2814.380.937.169 (depth 3, 42 lits): UNSAT in 0.02s
    cube 2814.380.937.170 (depth 3, 42 lits): UNSAT in 0.02s
    cube 2814.380.937.171 (depth 3, 42 lits): UNSAT in 0.06s
    cube 2814.380.937.172 (depth 3, 42 lits): UNSAT in 0.06s
    cube 2814.380.937.173 (depth 3, 42 lits): UNSAT in 0.01s
    cube 2814.380.937.174 (depth 3, 42 lits): UNSAT in 0.02s
    cube 2814.380.937.175 (depth 3, 42 lits): UNSAT in 0.02s
    cube 2814.380.937.176 (depth 3, 42 lits): UNSAT in 0.02s
    cube 2814.380.937.177 (depth 3, 42 lits): UNSAT in 0.02s
    cube 2814.380.937.178 (depth 3, 42 lits): UNSAT in 0.04s
    cube 2814.380.937.179 (depth 3, 42 lits): UNSAT in 0.02s
    cube 2814.380.937.180 (depth 3, 42 lits): UNSAT in 0.03s
    cube 2814.380.937.181 (depth 3, 42 lits): UNSAT in 0.02s
    cube 2814.380.937.182 (depth 3, 42 lits): UNSAT in 0.02s
    cube 2814.380.937.183 (depth 3, 42 lits): UNSAT in 0.03s
    cube 2814.380.937.184 (depth 3, 42 lits): UNSAT in 0.04s
    cube 2814.380.937.185 (depth 3, 42 lits): UNSAT in 0.02s
    cube 2814.380.937.186 (depth 3, 42 lits): UNSAT in 0.03s
    cube 2814.380.937.187 (depth 3, 42 lits): UNSAT in 0.06s
    cube 2814.380.937.188 (depth 3, 42 lits): UNSAT in 0.04s
    cube 2814.380.937.189 (depth 3, 41 lits): UNSAT in 0.01s
    cube 2814.380.937.190 (depth 3, 41 lits): UNSAT in 0.02s
    cube 2814.380.937.191 (depth 3, 40 lits): UNSAT in 0.02s
    cube 2814.380.937.192 (depth 3, 42 lits): UNSAT in 0.01s
    cube 2814.380.937.193 (depth 3, 42 lits): UNSAT in 0.01s
    cube 2814.380.937.194 (depth 3, 42 lits): UNSAT in 0.02s
    cube 2814.380.937.195 (depth 3, 42 lits): UNSAT in 0.02s
    cube 2814.380.937.196 (depth 3, 42 lits): UNSAT in 0.01s
    cube 2814.380.937.197 (depth 3, 42 lits): UNSAT in 0.02s
    cube 2814.380.937.198 (depth 3, 42 lits): UNSAT in 0.02s
    cube 2814.380.937.199 (depth 3, 42 lits): UNSAT in 0.03s
    cube 2814.380.937.200 (depth 3, 41 lits): UNSAT in 0.02s
    cube 2814.380.937.201 (depth 3, 41 lits): UNSAT in 0.02s
    cube 2814.380.937.202 (depth 3, 42 lits): UNSAT in 0.02s
    cube 2814.380.937.203 (depth 3, 42 lits): UNSAT in 0.02s
    cube 2814.380.937.204 (depth 3, 42 lits): UNSAT in 0.02s
    cube 2814.380.937.205 (depth 3, 42 lits): UNSAT in 0.03s
    cube 2814.380.937.206 (depth 3, 42 lits): UNSAT in 0.01s
    cube 2814.380.937.207 (depth 3, 42 lits): UNSAT in 0.01s
    cube 2814.380.937.208 (depth 3, 41 lits): UNSAT in 0.02s
    cube 2814.380.937.209 (depth 3, 42 lits): UNSAT in 0.03s
    cube 2814.380.937.210 (depth 3, 42 lits): UNSAT in 0.03s
    cube 2814.380.937.211 (depth 3, 42 lits): UNSAT in 0.02s
    cube 2814.380.937.212 (depth 3, 42 lits): UNSAT in 0.04s
    cube 2814.380.937.213 (depth 3, 41 lits): UNSAT in 0.01s
    cube 2814.380.937.214 (depth 3, 42 lits): UNSAT in 0.01s
    cube 2814.380.937.215 (depth 3, 42 lits): UNSAT in 0.02s
    cube 2814.380.937.216 (depth 3, 42 lits): UNSAT in 0.02s
    cube 2814.380.937.217 (depth 3, 42 lits): UNSAT in 0.02s
    cube 2814.380.937.218 (depth 3, 42 lits): UNSAT in 0.02s
    cube 2814.380.937.219 (depth 3, 42 lits): UNSAT in 0.02s
    cube 2814.380.937.220 (depth 3, 42 lits): UNSAT in 0.01s
    cube 2814.380.937.221 (depth 3, 42 lits): UNSAT in 0.02s
    cube 2814.380.937.222 (depth 3, 42 lits): UNSAT in 0.02s
    cube 2814.380.937.223 (depth 3, 42 lits): UNSAT in 0.03s
    cube 2814.380.937.224 (depth 3, 42 lits): UNSAT in 0.02s
    cube 2814.380.937.225 (depth 3, 42 lits): UNSAT in 0.03s
    cube 2814.380.937.226 (depth 3, 42 lits): UNSAT in 0.05s
    cube 2814.380.937.227 (depth 3, 42 lits): UNSAT in 0.08s
    cube 2814.380.937.228 (depth 3, 42 lits): UNSAT in 0.01s
    cube 2814.380.937.229 (depth 3, 42 lits): UNSAT in 0.02s
    cube 2814.380.937.230 (depth 3, 42 lits): UNSAT in 0.04s
    cube 2814.380.937.231 (depth 3, 42 lits): UNSAT in 0.06s
    cube 2814.380.937.232 (depth 3, 42 lits): UNSAT in 0.03s
    cube 2814.380.937.233 (depth 3, 42 lits): UNSAT in 0.09s
    cube 2814.380.937.234 (depth 3, 42 lits): UNSAT in 0.03s
    cube 2814.380.937.235 (depth 3, 42 lits): UNSAT in 0.20s
    cube 2814.380.937.236 (depth 3, 42 lits): UNSAT in 0.03s
    cube 2814.380.937.237 (depth 3, 42 lits): UNSAT in 0.05s
    cube 2814.380.937.238 (depth 3, 42 lits): UNSAT in 0.03s
    cube 2814.380.937.239 (depth 3, 42 lits): UNSAT in 0.11s
    cube 2814.380.937.240 (depth 3, 42 lits): UNSAT in 0.04s
    cube 2814.380.937.241 (depth 3, 42 lits): UNSAT in 0.11s
    cube 2814.380.937.242 (depth 3, 42 lits): UNSAT in 0.26s
    cube 2814.380.937.243 (depth 3, 42 lits): UNSAT in 0.94s
    cube 2814.380.937.244 (depth 3, 40 lits): UNSAT in 0.02s
    cube 2814.380.937.245 (depth 3, 41 lits): UNSAT in 0.01s
    cube 2814.380.937.246 (depth 3, 42 lits): UNSAT in 0.02s
    cube 2814.380.937.247 (depth 3, 42 lits): UNSAT in 0.04s
    cube 2814.380.937.248 (depth 3, 40 lits): UNSAT in 0.02s
    cube 2814.380.937.249 (depth 3, 42 lits): UNSAT in 0.02s
    cube 2814.380.937.250 (depth 3, 42 lits): UNSAT in 0.02s
    cube 2814.380.937.251 (depth 3, 42 lits): UNSAT in 0.02s
    cube 2814.380.937.252 (depth 3, 42 lits): UNSAT in 0.03s
    cube 2814.380.937.253 (depth 3, 41 lits): UNSAT in 0.02s
    cube 2814.380.937.254 (depth 3, 42 lits): UNSAT in 0.02s
    cube 2814.380.937.255 (depth 3, 42 lits): UNSAT in 0.03s
    cube 2814.380.937.256 (depth 3, 42 lits): UNSAT in 0.02s
    cube 2814.380.937.257 (depth 3, 42 lits): UNSAT in 0.02s
    cube 2814.380.937.258 (depth 3, 42 lits): UNSAT in 0.03s
    cube 2814.380.937.259 (depth 3, 42 lits): UNSAT in 0.03s
    cube 2814.380.937.260 (depth 3, 42 lits): UNSAT in 0.02s
    cube 2814.380.937.261 (depth 3, 42 lits): UNSAT in 0.03s
    cube 2814.380.937.262 (depth 3, 42 lits): UNSAT in 0.03s
    cube 2814.380.937.263 (depth 3, 42 lits): UNSAT in 0.09s
    cube 2814.380.937.264 (depth 3, 42 lits): UNSAT in 0.02s
    cube 2814.380.937.265 (depth 3, 42 lits): UNSAT in 0.08s
    cube 2814.380.937.266 (depth 3, 42 lits): UNSAT in 0.19s
    cube 2814.380.937.267 (depth 3, 42 lits): UNSAT in 0.35s
    cube 2814.380.937.268 (depth 3, 41 lits): UNSAT in 0.01s
    cube 2814.380.937.269 (depth 3, 42 lits): UNSAT in 0.02s
    cube 2814.380.937.270 (depth 3, 42 lits): UNSAT in 0.02s
    cube 2814.380.937.271 (depth 3, 42 lits): UNSAT in 0.02s
    cube 2814.380.937.272 (depth 3, 42 lits): UNSAT in 0.02s
    cube 2814.380.937.273 (depth 3, 42 lits): UNSAT in 0.02s
    cube 2814.380.937.274 (depth 3, 42 lits): UNSAT in 0.08s
    cube 2814.380.937.275 (depth 3, 42 lits): UNSAT in 0.02s
    cube 2814.380.937.276 (depth 3, 42 lits): UNSAT in 0.02s
    cube 2814.380.937.277 (depth 3, 42 lits): UNSAT in 0.02s
    cube 2814.380.937.278 (depth 3, 42 lits): UNSAT in 0.12s
    cube 2814.380.937.279 (depth 3, 42 lits): UNSAT in 0.04s
    cube 2814.380.937.280 (depth 3, 42 lits): UNSAT in 0.22s
    cube 2814.380.937.281 (depth 3, 42 lits): UNSAT in 0.06s
    cube 2814.380.937.282 (depth 3, 42 lits): UNSAT in 0.62s
    cube 2814.380.937.283 (depth 3, 42 lits): UNSAT in 0.02s
    cube 2814.380.937.284 (depth 3, 42 lits): UNSAT in 0.04s
    cube 2814.380.937.285 (depth 3, 42 lits): UNSAT in 0.02s
    cube 2814.380.937.286 (depth 3, 42 lits): UNSAT in 0.06s
    cube 2814.380.937.287 (depth 3, 42 lits): UNSAT in 0.03s
    cube 2814.380.937.288 (depth 3, 42 lits): UNSAT in 0.03s
    cube 2814.380.937.289 (depth 3, 42 lits): UNSAT in 0.02s
    cube 2814.380.937.290 (depth 3, 42 lits): UNSAT in 0.34s
    cube 2814.380.937.291 (depth 3, 42 lits): UNSAT in 0.02s
    cube 2814.380.937.292 (depth 3, 42 lits): UNSAT in 0.04s
    cube 2814.380.937.293 (depth 3, 42 lits): UNSAT in 0.03s
    cube 2814.380.937.294 (depth 3, 42 lits): UNSAT in 0.18s
    cube 2814.380.937.295 (depth 3, 42 lits): UNSAT in 0.04s
    cube 2814.380.937.296 (depth 3, 42 lits): UNSAT in 0.21s
    cube 2814.380.937.297 (depth 3, 42 lits): UNSAT in 0.11s
    cube 2814.380.937.298 (depth 3, 42 lits): UNSAT in 0.45s
    cube 2814.380.937.299 (depth 3, 42 lits): UNSAT in 0.01s
    cube 2814.380.937.300 (depth 3, 42 lits): UNSAT in 0.01s
    cube 2814.380.937.301 (depth 3, 41 lits): UNSAT in 0.02s
    cube 2814.380.937.302 (depth 3, 41 lits): UNSAT in 0.01s
    cube 2814.380.937.303 (depth 3, 42 lits): UNSAT in 0.01s
    cube 2814.380.937.304 (depth 3, 42 lits): UNSAT in 0.01s
    cube 2814.380.937.305 (depth 3, 42 lits): UNSAT in 0.02s
    cube 2814.380.937.306 (depth 3, 42 lits): UNSAT in 0.02s
    cube 2814.380.937.307 (depth 3, 42 lits): UNSAT in 0.02s
    cube 2814.380.937.308 (depth 3, 42 lits): UNSAT in 0.02s
    cube 2814.380.937.309 (depth 3, 42 lits): UNSAT in 0.01s
    cube 2814.380.937.310 (depth 3, 42 lits): UNSAT in 0.02s
    cube 2814.380.937.311 (depth 3, 42 lits): UNSAT in 0.02s
    cube 2814.380.937.312 (depth 3, 42 lits): UNSAT in 0.07s
    cube 2814.380.937.313 (depth 3, 42 lits): UNSAT in 0.01s
    cube 2814.380.937.314 (depth 3, 42 lits): UNSAT in 0.02s
    cube 2814.380.937.315 (depth 3, 42 lits): UNSAT in 0.04s
    cube 2814.380.937.316 (depth 3, 42 lits): UNSAT in 0.07s
    cube 2814.380.937.317 (depth 3, 42 lits): UNSAT in 0.02s
    cube 2814.380.937.318 (depth 3, 42 lits): UNSAT in 0.04s
    cube 2814.380.937.319 (depth 3, 42 lits): UNSAT in 0.02s
    cube 2814.380.937.320 (depth 3, 42 lits): UNSAT in 0.09s
    cube 2814.380.937.321 (depth 3, 42 lits): UNSAT in 0.01s
    cube 2814.380.937.322 (depth 3, 42 lits): UNSAT in 0.03s
    cube 2814.380.937.323 (depth 3, 42 lits): UNSAT in 0.02s
    cube 2814.380.937.324 (depth 3, 42 lits): UNSAT in 0.08s
    cube 2814.380.937.325 (depth 3, 42 lits): UNSAT in 0.02s
    cube 2814.380.937.326 (depth 3, 42 lits): UNSAT in 0.07s
    cube 2814.380.937.327 (depth 3, 42 lits): UNSAT in 0.08s
    cube 2814.380.937.328 (depth 3, 42 lits): UNSAT in 0.31s
    cube 2814.380.937.329 (depth 3, 42 lits): UNSAT in 0.02s
    cube 2814.380.937.330 (depth 3, 42 lits): UNSAT in 0.02s
    cube 2814.380.937.331 (depth 3, 42 lits): UNSAT in 0.03s
    cube 2814.380.937.332 (depth 3, 42 lits): UNSAT in 0.07s
    cube 2814.380.937.333 (depth 3, 42 lits): UNSAT in 0.05s
    cube 2814.380.937.334 (depth 3, 42 lits): UNSAT in 0.09s
    cube 2814.380.937.335 (depth 3, 42 lits): UNSAT in 0.07s
    cube 2814.380.937.336 (depth 3, 42 lits): UNSAT in 0.20s
    cube 2814.380.937.337 (depth 3, 42 lits): UNSAT in 0.03s
    cube 2814.380.937.338 (depth 3, 42 lits): UNSAT in 0.05s
    cube 2814.380.937.339 (depth 3, 42 lits): UNSAT in 0.02s
    cube 2814.380.937.340 (depth 3, 42 lits): UNSAT in 0.08s
    cube 2814.380.937.341 (depth 3, 42 lits): UNSAT in 0.10s
    cube 2814.380.937.342 (depth 3, 42 lits): UNSAT in 0.08s
    cube 2814.380.937.343 (depth 3, 42 lits): UNSAT in 0.05s
    cube 2814.380.937.344 (depth 3, 42 lits): UNSAT in 0.90s
    cube 2814.380.937.345 (depth 3, 42 lits): UNSAT in 0.02s
    cube 2814.380.937.346 (depth 3, 42 lits): UNSAT in 0.03s
    cube 2814.380.937.347 (depth 3, 42 lits): UNSAT in 0.02s
    cube 2814.380.937.348 (depth 3, 42 lits): UNSAT in 0.12s
    cube 2814.380.937.349 (depth 3, 42 lits): UNSAT in 0.03s
    cube 2814.380.937.350 (depth 3, 42 lits): UNSAT in 0.08s
    cube 2814.380.937.351 (depth 3, 42 lits): UNSAT in 0.05s
    cube 2814.380.937.352 (depth 3, 42 lits): UNSAT in 0.86s
    cube 2814.380.937.353 (depth 3, 42 lits): UNSAT in 0.02s
    cube 2814.380.937.354 (depth 3, 42 lits): UNSAT in 0.07s
    cube 2814.380.937.355 (depth 3, 42 lits): UNSAT in 0.05s
    cube 2814.380.937.356 (depth 3, 42 lits): UNSAT in 0.43s
    cube 2814.380.937.357 (depth 3, 42 lits): UNSAT in 0.71s
    cube 2814.380.937.358 (depth 3, 42 lits): UNSAT in 2.28s
    cube 2814.380.937.359 (depth 3, 42 lits): UNSAT in 1.79s
    cube 2814.380.937.360 (depth 3, 42 lits): UNSAT in 14.93s
    cube 2814.380.937.361 (depth 3, 40 lits): UNSAT in 0.01s
    cube 2814.380.937.362 (depth 3, 40 lits): UNSAT in 0.02s
    cube 2814.380.937.363 (depth 3, 40 lits): UNSAT in 0.01s
    cube 2814.380.937.364 (depth 3, 41 lits): UNSAT in 0.01s
    cube 2814.380.937.365 (depth 3, 42 lits): UNSAT in 0.01s
    cube 2814.380.937.366 (depth 3, 42 lits): UNSAT in 0.03s
    cube 2814.380.937.367 (depth 3, 40 lits): UNSAT in 0.01s
    cube 2814.380.937.368 (depth 3, 41 lits): UNSAT in 0.02s
    cube 2814.380.937.369 (depth 3, 42 lits): UNSAT in 0.02s
    cube 2814.380.937.370 (depth 3, 42 lits): UNSAT in 0.02s
    cube 2814.380.937.371 (depth 3, 41 lits): UNSAT in 0.02s
    cube 2814.380.937.372 (depth 3, 41 lits): UNSAT in 0.02s
    cube 2814.380.937.373 (depth 3, 42 lits): UNSAT in 0.01s
    cube 2814.380.937.374 (depth 3, 42 lits): UNSAT in 0.04s
    cube 2814.380.937.375 (depth 3, 42 lits): UNSAT in 0.02s
    cube 2814.380.937.376 (depth 3, 42 lits): UNSAT in 0.03s
    cube 2814.380.937.377 (depth 3, 41 lits): UNSAT in 0.01s
    cube 2814.380.937.378 (depth 3, 41 lits): UNSAT in 0.02s
    cube 2814.380.937.379 (depth 3, 42 lits): UNSAT in 0.02s
    cube 2814.380.937.380 (depth 3, 42 lits): UNSAT in 0.02s
    cube 2814.380.937.381 (depth 3, 42 lits): UNSAT in 0.02s
    cube 2814.380.937.382 (depth 3, 42 lits): UNSAT in 0.02s
    cube 2814.380.937.383 (depth 3, 41 lits): UNSAT in 0.01s
    cube 2814.380.937.384 (depth 3, 42 lits): UNSAT in 0.02s
    cube 2814.380.937.385 (depth 3, 42 lits): UNSAT in 0.02s
    cube 2814.380.937.386 (depth 3, 42 lits): UNSAT in 0.01s
    cube 2814.380.937.387 (depth 3, 42 lits): UNSAT in 0.02s
    cube 2814.380.937.388 (depth 3, 42 lits): UNSAT in 0.01s
    cube 2814.380.937.389 (depth 3, 42 lits): UNSAT in 0.03s
    cube 2814.380.937.390 (depth 3, 41 lits): UNSAT in 0.01s
    cube 2814.380.937.391 (depth 3, 42 lits): UNSAT in 0.02s
    cube 2814.380.937.392 (depth 3, 42 lits): UNSAT in 0.03s
    cube 2814.380.937.393 (depth 3, 42 lits): UNSAT in 0.02s
    cube 2814.380.937.394 (depth 3, 42 lits): UNSAT in 0.02s
    cube 2814.380.937.395 (depth 3, 42 lits): UNSAT in 0.02s
    cube 2814.380.937.396 (depth 3, 42 lits): UNSAT in 0.03s
    cube 2814.380.937.397 (depth 3, 42 lits): UNSAT in 0.02s
    cube 2814.380.937.398 (depth 3, 42 lits): UNSAT in 0.02s
    cube 2814.380.937.399 (depth 3, 42 lits): UNSAT in 0.02s
    cube 2814.380.937.400 (depth 3, 42 lits): UNSAT in 0.07s
    cube 2814.380.937.401 (depth 3, 42 lits): UNSAT in 0.02s
    cube 2814.380.937.402 (depth 3, 42 lits): UNSAT in 0.04s
    cube 2814.380.937.403 (depth 3, 42 lits): UNSAT in 0.05s
    cube 2814.380.937.404 (depth 3, 42 lits): UNSAT in 0.14s
    cube 2814.380.937.405 (depth 3, 41 lits): UNSAT in 0.01s
    cube 2814.380.937.406 (depth 3, 41 lits): UNSAT in 0.01s
    cube 2814.380.937.407 (depth 3, 40 lits): UNSAT in 0.02s
    cube 2814.380.937.408 (depth 3, 42 lits): UNSAT in 0.01s
    cube 2814.380.937.409 (depth 3, 42 lits): UNSAT in 0.02s
    cube 2814.380.937.410 (depth 3, 42 lits): UNSAT in 0.01s
    cube 2814.380.937.411 (depth 3, 42 lits): UNSAT in 0.02s
    cube 2814.380.937.412 (depth 3, 42 lits): UNSAT in 0.03s
    cube 2814.380.937.413 (depth 3, 42 lits): UNSAT in 0.02s
    cube 2814.380.937.414 (depth 3, 42 lits): UNSAT in 0.02s
    cube 2814.380.937.415 (depth 3, 42 lits): UNSAT in 0.02s
    cube 2814.380.937.416 (depth 3, 42 lits): UNSAT in 0.01s
    cube 2814.380.937.417 (depth 3, 42 lits): UNSAT in 0.02s
    cube 2814.380.937.418 (depth 3, 42 lits): UNSAT in 0.02s
    cube 2814.380.937.419 (depth 3, 42 lits): UNSAT in 0.02s
    cube 2814.380.937.420 (depth 3, 42 lits): UNSAT in 0.01s
    cube 2814.380.937.421 (depth 3, 42 lits): UNSAT in 0.01s
    cube 2814.380.937.422 (depth 3, 42 lits): UNSAT in 0.02s
    cube 2814.380.937.423 (depth 3, 42 lits): UNSAT in 0.02s
    cube 2814.380.937.424 (depth 3, 42 lits): UNSAT in 0.01s
    cube 2814.380.937.425 (depth 3, 42 lits): UNSAT in 0.01s
    cube 2814.380.937.426 (depth 3, 42 lits): UNSAT in 0.02s
    cube 2814.380.937.427 (depth 3, 42 lits): UNSAT in 0.04s
    cube 2814.380.937.428 (depth 3, 42 lits): UNSAT in 0.03s
    cube 2814.380.937.429 (depth 3, 42 lits): UNSAT in 0.06s
    cube 2814.380.937.430 (depth 3, 42 lits): UNSAT in 0.07s
    cube 2814.380.937.431 (depth 3, 42 lits): UNSAT in 0.13s
    cube 2814.380.937.432 (depth 3, 42 lits): UNSAT in 0.01s
    cube 2814.380.937.433 (depth 3, 42 lits): UNSAT in 0.02s
    cube 2814.380.937.434 (depth 3, 42 lits): UNSAT in 0.01s
    cube 2814.380.937.435 (depth 3, 42 lits): UNSAT in 0.03s
    cube 2814.380.937.436 (depth 3, 42 lits): UNSAT in 0.02s
    cube 2814.380.937.437 (depth 3, 42 lits): UNSAT in 0.05s
    cube 2814.380.937.438 (depth 3, 42 lits): UNSAT in 0.02s
    cube 2814.380.937.439 (depth 3, 42 lits): UNSAT in 0.05s
    cube 2814.380.937.440 (depth 3, 42 lits): UNSAT in 0.01s
    cube 2814.380.937.441 (depth 3, 42 lits): UNSAT in 0.01s
    cube 2814.380.937.442 (depth 3, 42 lits): UNSAT in 0.02s
    cube 2814.380.937.443 (depth 3, 42 lits): UNSAT in 0.02s
    cube 2814.380.937.444 (depth 3, 42 lits): UNSAT in 0.05s
    cube 2814.380.937.445 (depth 3, 42 lits): UNSAT in 0.10s
    cube 2814.380.937.446 (depth 3, 42 lits): UNSAT in 0.08s
    cube 2814.380.937.447 (depth 3, 42 lits): UNSAT in 0.28s
    cube 2814.380.937.448 (depth 3, 42 lits): UNSAT in 0.02s
    cube 2814.380.937.449 (depth 3, 42 lits): UNSAT in 0.03s
    cube 2814.380.937.450 (depth 3, 42 lits): UNSAT in 0.02s
    cube 2814.380.937.451 (depth 3, 42 lits): UNSAT in 0.02s
    cube 2814.380.937.452 (depth 3, 42 lits): UNSAT in 0.02s
    cube 2814.380.937.453 (depth 3, 42 lits): UNSAT in 0.08s
    cube 2814.380.937.454 (depth 3, 42 lits): UNSAT in 0.03s
    cube 2814.380.937.455 (depth 3, 42 lits): UNSAT in 0.15s
    cube 2814.380.937.456 (depth 3, 42 lits): UNSAT in 0.05s
    cube 2814.380.937.457 (depth 3, 42 lits): UNSAT in 0.13s
    cube 2814.380.937.458 (depth 3, 42 lits): UNSAT in 0.07s
    cube 2814.380.937.459 (depth 3, 42 lits): UNSAT in 0.27s
    cube 2814.380.937.460 (depth 3, 42 lits): UNSAT in 0.04s
    cube 2814.380.937.461 (depth 3, 42 lits): UNSAT in 0.08s
    cube 2814.380.937.462 (depth 3, 42 lits): UNSAT in 0.25s
    cube 2814.380.937.463 (depth 3, 42 lits): UNSAT in 2.60s
    cube 2814.380.937.464 (depth 3, 42 lits): UNSAT in 0.01s
    cube 2814.380.937.465 (depth 3, 42 lits): UNSAT in 0.02s
    cube 2814.380.937.466 (depth 3, 42 lits): UNSAT in 0.02s
    cube 2814.380.937.467 (depth 3, 42 lits): UNSAT in 0.03s
    cube 2814.380.937.468 (depth 3, 42 lits): UNSAT in 0.01s
    cube 2814.380.937.469 (depth 3, 42 lits): UNSAT in 0.02s
    cube 2814.380.937.470 (depth 3, 42 lits): UNSAT in 0.03s
    cube 2814.380.937.471 (depth 3, 42 lits): UNSAT in 0.08s
    cube 2814.380.937.472 (depth 3, 42 lits): UNSAT in 0.02s
    cube 2814.380.937.473 (depth 3, 42 lits): UNSAT in 0.02s
    cube 2814.380.937.474 (depth 3, 42 lits): UNSAT in 0.02s
    cube 2814.380.937.475 (depth 3, 42 lits): UNSAT in 0.03s
    cube 2814.380.937.476 (depth 3, 42 lits): UNSAT in 0.02s
    cube 2814.380.937.477 (depth 3, 42 lits): UNSAT in 0.03s
    cube 2814.380.937.478 (depth 3, 42 lits): UNSAT in 0.07s
    cube 2814.380.937.479 (depth 3, 42 lits): UNSAT in 0.08s
    cube 2814.380.937.480 (depth 3, 42 lits): UNSAT in 0.02s
    cube 2814.380.937.481 (depth 3, 42 lits): UNSAT in 0.02s
    cube 2814.380.937.482 (depth 3, 42 lits): UNSAT in 0.02s
    cube 2814.380.937.483 (depth 3, 42 lits): UNSAT in 0.03s
    cube 2814.380.937.484 (depth 3, 42 lits): UNSAT in 0.02s
    cube 2814.380.937.485 (depth 3, 42 lits): UNSAT in 0.02s
    cube 2814.380.937.486 (depth 3, 42 lits): UNSAT in 0.02s
    cube 2814.380.937.487 (depth 3, 42 lits): UNSAT in 0.06s
    cube 2814.380.937.488 (depth 3, 42 lits): UNSAT in 0.02s
    cube 2814.380.937.489 (depth 3, 42 lits): UNSAT in 0.03s
    cube 2814.380.937.490 (depth 3, 42 lits): UNSAT in 0.03s
    cube 2814.380.937.491 (depth 3, 42 lits): UNSAT in 0.09s
    cube 2814.380.937.492 (depth 3, 42 lits): UNSAT in 0.03s
    cube 2814.380.937.493 (depth 3, 42 lits): UNSAT in 0.07s
    cube 2814.380.937.494 (depth 3, 42 lits): UNSAT in 0.19s
    cube 2814.380.937.495 (depth 3, 42 lits): UNSAT in 0.45s
    cube 2814.380.937.496 (depth 3, 41 lits): UNSAT in 0.01s
    cube 2814.380.937.497 (depth 3, 42 lits): UNSAT in 0.02s
    cube 2814.380.937.498 (depth 3, 42 lits): UNSAT in 0.02s
    cube 2814.380.937.499 (depth 3, 41 lits): UNSAT in 0.02s
    cube 2814.380.937.500 (depth 3, 41 lits): UNSAT in 0.03s
    cube 2814.380.937.501 (depth 3, 42 lits): UNSAT in 0.01s
    cube 2814.380.937.502 (depth 3, 42 lits): UNSAT in 0.03s
    cube 2814.380.937.503 (depth 3, 42 lits): UNSAT in 0.04s
    cube 2814.380.937.504 (depth 3, 42 lits): UNSAT in 0.11s
    cube 2814.380.937.505 (depth 3, 42 lits): UNSAT in 0.02s
    cube 2814.380.937.506 (depth 3, 42 lits): UNSAT in 0.05s
    cube 2814.380.937.507 (depth 3, 42 lits): UNSAT in 0.04s
    cube 2814.380.937.508 (depth 3, 42 lits): UNSAT in 0.11s
    cube 2814.380.937.509 (depth 3, 42 lits): UNSAT in 0.01s
    cube 2814.380.937.510 (depth 3, 42 lits): UNSAT in 0.02s
    cube 2814.380.937.511 (depth 3, 42 lits): UNSAT in 0.02s
    cube 2814.380.937.512 (depth 3, 42 lits): UNSAT in 0.08s
    cube 2814.380.937.513 (depth 3, 42 lits): UNSAT in 0.03s
    cube 2814.380.937.514 (depth 3, 42 lits): UNSAT in 0.11s
    cube 2814.380.937.515 (depth 3, 42 lits): UNSAT in 0.03s
    cube 2814.380.937.516 (depth 3, 42 lits): UNSAT in 0.27s
    cube 2814.380.937.517 (depth 3, 42 lits): UNSAT in 0.02s
    cube 2814.380.937.518 (depth 3, 42 lits): UNSAT in 0.05s
    cube 2814.380.937.519 (depth 3, 42 lits): UNSAT in 0.07s
    cube 2814.380.937.520 (depth 3, 42 lits): UNSAT in 0.19s
    cube 2814.380.937.521 (depth 3, 42 lits): UNSAT in 0.04s
    cube 2814.380.937.522 (depth 3, 42 lits): UNSAT in 0.12s
    cube 2814.380.937.523 (depth 3, 42 lits): UNSAT in 0.27s
    cube 2814.380.937.524 (depth 3, 42 lits): UNSAT in 4.03s
    cube 2814.380.937.525 (depth 3, 42 lits): UNSAT in 0.02s
    cube 2814.380.937.526 (depth 3, 42 lits): UNSAT in 0.02s
    cube 2814.380.937.527 (depth 3, 42 lits): UNSAT in 0.03s
    cube 2814.380.937.528 (depth 3, 42 lits): UNSAT in 0.07s
    cube 2814.380.937.529 (depth 3, 42 lits): UNSAT in 0.02s
    cube 2814.380.937.530 (depth 3, 42 lits): UNSAT in 0.04s
    cube 2814.380.937.531 (depth 3, 42 lits): UNSAT in 0.10s
    cube 2814.380.937.532 (depth 3, 42 lits): UNSAT in 0.24s
    cube 2814.380.937.533 (depth 3, 42 lits): UNSAT in 0.02s
    cube 2814.380.937.534 (depth 3, 42 lits): UNSAT in 0.02s
    cube 2814.380.937.535 (depth 3, 42 lits): UNSAT in 0.05s
    cube 2814.380.937.536 (depth 3, 42 lits): UNSAT in 0.11s
    cube 2814.380.937.537 (depth 3, 42 lits): UNSAT in 0.06s
    cube 2814.380.937.538 (depth 3, 42 lits): UNSAT in 0.16s
    cube 2814.380.937.539 (depth 3, 42 lits): UNSAT in 0.16s
    cube 2814.380.937.540 (depth 3, 42 lits): UNSAT in 0.55s
    cube 2814.380.937.541 (depth 3, 42 lits): UNSAT in 0.02s
    cube 2814.380.937.542 (depth 3, 42 lits): UNSAT in 0.02s
    cube 2814.380.937.543 (depth 3, 42 lits): UNSAT in 0.03s
    cube 2814.380.937.544 (depth 3, 42 lits): UNSAT in 0.09s
    cube 2814.380.937.545 (depth 3, 42 lits): UNSAT in 0.03s
    cube 2814.380.937.546 (depth 3, 42 lits): UNSAT in 0.07s
    cube 2814.380.937.547 (depth 3, 42 lits): UNSAT in 0.06s
    cube 2814.380.937.548 (depth 3, 42 lits): UNSAT in 0.16s
    cube 2814.380.937.549 (depth 3, 42 lits): UNSAT in 0.07s
    cube 2814.380.937.550 (depth 3, 42 lits): UNSAT in 0.35s
    cube 2814.380.937.551 (depth 3, 42 lits): UNSAT in 0.08s
    cube 2814.380.937.552 (depth 3, 42 lits): UNSAT in 0.57s
    cube 2814.380.937.553 (depth 3, 42 lits): UNSAT in 0.05s
    cube 2814.380.937.554 (depth 3, 42 lits): UNSAT in 0.26s
    cube 2814.380.937.555 (depth 3, 42 lits): UNSAT in 1.39s
    cube 2814.380.937.556 (depth 3, 42 lits): UNSAT in 3.27s
    cube 2814.380.937.557 (depth 3, 42 lits): UNSAT in 0.02s
    cube 2814.380.937.558 (depth 3, 42 lits): UNSAT in 0.03s
    cube 2814.380.937.559 (depth 3, 42 lits): UNSAT in 0.03s
    cube 2814.380.937.560 (depth 3, 42 lits): UNSAT in 0.12s
    cube 2814.380.937.561 (depth 3, 42 lits): UNSAT in 0.03s
    cube 2814.380.937.562 (depth 3, 42 lits): UNSAT in 0.10s
    cube 2814.380.937.563 (depth 3, 42 lits): UNSAT in 0.15s
    cube 2814.380.937.564 (depth 3, 42 lits): UNSAT in 0.34s
    cube 2814.380.937.565 (depth 3, 42 lits): UNSAT in 0.05s
    cube 2814.380.937.566 (depth 3, 42 lits): UNSAT in 0.13s
    cube 2814.380.937.567 (depth 3, 42 lits): UNSAT in 0.07s
    cube 2814.380.937.568 (depth 3, 42 lits): UNSAT in 0.40s
    cube 2814.380.937.569 (depth 3, 42 lits): UNSAT in 0.06s
    cube 2814.380.937.570 (depth 3, 42 lits): UNSAT in 0.70s
    cube 2814.380.937.571 (depth 3, 42 lits): UNSAT in 0.34s
    cube 2814.380.937.572 (depth 3, 42 lits): UNSAT in 13.95s
    cube 2814.380.937.573 (depth 3, 42 lits): UNSAT in 0.03s
    cube 2814.380.937.574 (depth 3, 42 lits): UNSAT in 0.09s
    cube 2814.380.937.575 (depth 3, 42 lits): UNSAT in 0.07s
    cube 2814.380.937.576 (depth 3, 42 lits): UNSAT in 0.18s
    cube 2814.380.937.577 (depth 3, 42 lits): UNSAT in 0.37s
    cube 2814.380.937.578 (depth 3, 42 lits): UNSAT in 0.60s
    cube 2814.380.937.579 (depth 3, 42 lits): UNSAT in 0.52s
    cube 2814.380.937.580 (depth 3, 42 lits): UNSAT in 5.55s
    cube 2814.380.937.581 (depth 3, 42 lits): UNSAT in 0.30s
    cube 2814.380.937.582 (depth 3, 42 lits): UNSAT in 0.84s
    cube 2814.380.937.583 (depth 3, 42 lits): UNSAT in 1.53s
    cube 2814.380.937.584 (depth 3, 42 lits): UNSAT in 6.24s
    cube 2814.380.937.585 (depth 3, 42 lits): UNSAT in 0.83s
    cube 2814.380.937.586 (depth 3, 42 lits): UNSAT in 3.76s
    cube 2814.380.937.587 (depth 3, 42 lits): UNSAT in 9.64s
    cube 2814.380.937.588 (depth 3, 42 lits): UNSAT in 35.35s
    cube 2814.380.937.589 (depth 3, 41 lits): UNSAT in 0.01s
    cube 2814.380.937.590 (depth 3, 42 lits): UNSAT in 0.01s
    cube 2814.380.937.591 (depth 3, 42 lits): UNSAT in 0.01s
    cube 2814.380.937.592 (depth 3, 41 lits): UNSAT in 0.02s
    cube 2814.380.937.593 (depth 3, 41 lits): UNSAT in 0.02s
    cube 2814.380.937.594 (depth 3, 40 lits): UNSAT in 0.02s
    cube 2814.380.937.595 (depth 3, 42 lits): UNSAT in 0.02s
    cube 2814.380.937.596 (depth 3, 42 lits): UNSAT in 0.02s
    cube 2814.380.937.597 (depth 3, 42 lits): UNSAT in 0.02s
    cube 2814.380.937.598 (depth 3, 42 lits): UNSAT in 0.02s
    cube 2814.380.937.599 (depth 3, 42 lits): UNSAT in 0.01s
    cube 2814.380.937.600 (depth 3, 42 lits): UNSAT in 0.02s
    cube 2814.380.937.601 (depth 3, 42 lits): UNSAT in 0.01s
    cube 2814.380.937.602 (depth 3, 42 lits): UNSAT in 0.03s
    cube 2814.380.937.603 (depth 3, 42 lits): UNSAT in 0.02s
    cube 2814.380.937.604 (depth 3, 42 lits): UNSAT in 0.03s
    cube 2814.380.937.605 (depth 3, 42 lits): UNSAT in 0.02s
    cube 2814.380.937.606 (depth 3, 42 lits): UNSAT in 0.05s
    cube 2814.380.937.607 (depth 3, 42 lits): UNSAT in 0.02s
    cube 2814.380.937.608 (depth 3, 42 lits): UNSAT in 0.02s
    cube 2814.380.937.609 (depth 3, 42 lits): UNSAT in 0.02s
    cube 2814.380.937.610 (depth 3, 42 lits): UNSAT in 0.03s
    cube 2814.380.937.611 (depth 3, 42 lits): UNSAT in 0.04s
    cube 2814.380.937.612 (depth 3, 42 lits): UNSAT in 0.04s
    cube 2814.380.937.613 (depth 3, 42 lits): UNSAT in 0.05s
    cube 2814.380.937.614 (depth 3, 42 lits): UNSAT in 0.15s
    cube 2814.380.937.615 (depth 3, 42 lits): UNSAT in 0.01s
    cube 2814.380.937.616 (depth 3, 42 lits): UNSAT in 0.02s
    cube 2814.380.937.617 (depth 3, 42 lits): UNSAT in 0.01s
    cube 2814.380.937.618 (depth 3, 42 lits): UNSAT in 0.04s
    cube 2814.380.937.619 (depth 3, 41 lits): UNSAT in 0.02s
    cube 2814.380.937.620 (depth 3, 42 lits): UNSAT in 0.02s
    cube 2814.380.937.621 (depth 3, 42 lits): UNSAT in 0.02s
    cube 2814.380.937.622 (depth 3, 42 lits): UNSAT in 0.01s
    cube 2814.380.937.623 (depth 3, 42 lits): UNSAT in 0.03s
    cube 2814.380.937.624 (depth 3, 42 lits): UNSAT in 0.02s
    cube 2814.380.937.625 (depth 3, 42 lits): UNSAT in 0.03s
    cube 2814.380.937.626 (depth 3, 42 lits): UNSAT in 0.02s
    cube 2814.380.937.627 (depth 3, 42 lits): UNSAT in 0.03s
    cube 2814.380.937.628 (depth 3, 42 lits): UNSAT in 0.08s
    cube 2814.380.937.629 (depth 3, 42 lits): UNSAT in 0.11s
    cube 2814.380.937.630 (depth 3, 42 lits): UNSAT in 0.01s
    cube 2814.380.937.631 (depth 3, 42 lits): UNSAT in 0.02s
    cube 2814.380.937.632 (depth 3, 42 lits): UNSAT in 0.02s
    cube 2814.380.937.633 (depth 3, 42 lits): UNSAT in 0.12s
    cube 2814.380.937.634 (depth 3, 42 lits): UNSAT in 0.06s
    cube 2814.380.937.635 (depth 3, 42 lits): UNSAT in 0.07s
    cube 2814.380.937.636 (depth 3, 42 lits): UNSAT in 0.08s
    cube 2814.380.937.637 (depth 3, 42 lits): UNSAT in 0.28s
    cube 2814.380.937.638 (depth 3, 42 lits): UNSAT in 0.03s
    cube 2814.380.937.639 (depth 3, 42 lits): UNSAT in 0.05s
    cube 2814.380.937.640 (depth 3, 42 lits): UNSAT in 0.06s
    cube 2814.380.937.641 (depth 3, 42 lits): UNSAT in 0.12s
    cube 2814.380.937.642 (depth 3, 42 lits): UNSAT in 0.11s
    cube 2814.380.937.643 (depth 3, 42 lits): UNSAT in 0.24s
    cube 2814.380.937.644 (depth 3, 42 lits): UNSAT in 0.19s
    cube 2814.380.937.645 (depth 3, 42 lits): UNSAT in 1.97s
    cube 2814.380.937.646 (depth 3, 42 lits): UNSAT in 0.02s
    cube 2814.380.937.647 (depth 3, 42 lits): UNSAT in 0.04s
    cube 2814.380.937.648 (depth 3, 42 lits): UNSAT in 0.03s
    cube 2814.380.937.649 (depth 3, 42 lits): UNSAT in 0.09s
    cube 2814.380.937.650 (depth 3, 42 lits): UNSAT in 0.02s
    cube 2814.380.937.651 (depth 3, 42 lits): UNSAT in 0.06s
    cube 2814.380.937.652 (depth 3, 42 lits): UNSAT in 0.05s
    cube 2814.380.937.653 (depth 3, 42 lits): UNSAT in 0.14s
    cube 2814.380.937.654 (depth 3, 42 lits): UNSAT in 0.02s
    cube 2814.380.937.655 (depth 3, 42 lits): UNSAT in 0.05s
    cube 2814.380.937.656 (depth 3, 42 lits): UNSAT in 0.10s
    cube 2814.380.937.657 (depth 3, 42 lits): UNSAT in 0.19s
    cube 2814.380.937.658 (depth 3, 42 lits): UNSAT in 0.08s
    cube 2814.380.937.659 (depth 3, 42 lits): UNSAT in 0.56s
    cube 2814.380.937.660 (depth 3, 42 lits): UNSAT in 0.12s
    cube 2814.380.937.661 (depth 3, 42 lits): UNSAT in 0.93s
    cube 2814.380.937.662 (depth 3, 42 lits): UNSAT in 0.02s
    cube 2814.380.937.663 (depth 3, 42 lits): UNSAT in 0.04s
    cube 2814.380.937.664 (depth 3, 42 lits): UNSAT in 0.03s
    cube 2814.380.937.665 (depth 3, 42 lits): UNSAT in 0.15s
    cube 2814.380.937.666 (depth 3, 42 lits): UNSAT in 0.03s
    cube 2814.380.937.667 (depth 3, 42 lits): UNSAT in 0.13s
    cube 2814.380.937.668 (depth 3, 42 lits): UNSAT in 0.19s
    cube 2814.380.937.669 (depth 3, 42 lits): UNSAT in 0.65s
    cube 2814.380.937.670 (depth 3, 42 lits): UNSAT in 0.05s
    cube 2814.380.937.671 (depth 3, 42 lits): UNSAT in 0.39s
    cube 2814.380.937.672 (depth 3, 42 lits): UNSAT in 0.34s
    cube 2814.380.937.673 (depth 3, 42 lits): UNSAT in 0.89s
    cube 2814.380.937.674 (depth 3, 42 lits): UNSAT in 0.13s
    cube 2814.380.937.675 (depth 3, 42 lits): UNSAT in 0.92s
    cube 2814.380.937.676 (depth 3, 42 lits): UNSAT in 0.63s
    cube 2814.380.937.677 (depth 3, 42 lits): UNSAT in 4.91s
    cube 2814.380.937.678 (depth 3, 42 lits): UNSAT in 0.03s
    cube 2814.380.937.679 (depth 3, 42 lits): UNSAT in 0.04s
    cube 2814.380.937.680 (depth 3, 42 lits): UNSAT in 0.04s
    cube 2814.380.937.681 (depth 3, 42 lits): UNSAT in 0.53s
    cube 2814.380.937.682 (depth 3, 42 lits): UNSAT in 0.04s
    cube 2814.380.937.683 (depth 3, 42 lits): UNSAT in 0.07s
    cube 2814.380.937.684 (depth 3, 42 lits): UNSAT in 0.09s
    cube 2814.380.937.685 (depth 3, 42 lits): UNSAT in 1.06s
    cube 2814.380.937.686 (depth 3, 42 lits): UNSAT in 0.04s
    cube 2814.380.937.687 (depth 3, 42 lits): UNSAT in 0.10s
    cube 2814.380.937.688 (depth 3, 42 lits): UNSAT in 0.12s
    cube 2814.380.937.689 (depth 3, 42 lits): UNSAT in 0.24s
    cube 2814.380.937.690 (depth 3, 42 lits): UNSAT in 0.39s
    cube 2814.380.937.691 (depth 3, 42 lits): UNSAT in 0.40s
    cube 2814.380.937.692 (depth 3, 42 lits): UNSAT in 0.86s
    cube 2814.380.937.693 (depth 3, 42 lits): UNSAT in 2.98s
    cube 2814.380.937.694 (depth 3, 42 lits): UNSAT in 0.11s
    cube 2814.380.937.695 (depth 3, 42 lits): UNSAT in 0.11s
    cube 2814.380.937.696 (depth 3, 42 lits): UNSAT in 0.08s
    cube 2814.380.937.697 (depth 3, 42 lits): UNSAT in 0.67s
    cube 2814.380.937.698 (depth 3, 42 lits): UNSAT in 0.30s
    cube 2814.380.937.699 (depth 3, 42 lits): UNSAT in 0.93s
    cube 2814.380.937.700 (depth 3, 42 lits): UNSAT in 0.54s
    cube 2814.380.937.701 (depth 3, 42 lits): UNSAT in 4.11s
    cube 2814.380.937.702 (depth 3, 42 lits): UNSAT in 0.09s
    cube 2814.380.937.703 (depth 3, 42 lits): UNSAT in 0.62s
    cube 2814.380.937.704 (depth 3, 42 lits): UNSAT in 0.72s
    cube 2814.380.937.705 (depth 3, 42 lits): UNSAT in 2.49s
    cube 2814.380.937.706 (depth 3, 42 lits): UNSAT in 1.13s
    cube 2814.380.937.707 (depth 3, 42 lits): UNSAT in 2.75s
    cube 2814.380.937.708 (depth 3, 42 lits): UNSAT in 3.66s
    cube 2814.380.937.709 (depth 3, 42 lits): UNSAT in 36.06s
    cube 2814.380.937.710 (depth 3, 42 lits): UNSAT in 0.01s
    cube 2814.380.937.711 (depth 3, 42 lits): UNSAT in 0.02s
    cube 2814.380.937.712 (depth 3, 42 lits): UNSAT in 0.02s
    cube 2814.380.937.713 (depth 3, 42 lits): UNSAT in 0.02s
    cube 2814.380.937.714 (depth 3, 42 lits): UNSAT in 0.02s
    cube 2814.380.937.715 (depth 3, 42 lits): UNSAT in 0.06s
    cube 2814.380.937.716 (depth 3, 42 lits): UNSAT in 0.04s
    cube 2814.380.937.717 (depth 3, 42 lits): UNSAT in 0.13s
    cube 2814.380.937.718 (depth 3, 42 lits): UNSAT in 0.02s
    cube 2814.380.937.719 (depth 3, 42 lits): UNSAT in 0.06s
    cube 2814.380.937.720 (depth 3, 42 lits): UNSAT in 0.07s
    cube 2814.380.937.721 (depth 3, 42 lits): UNSAT in 0.11s
    cube 2814.380.937.722 (depth 3, 42 lits): UNSAT in 0.03s
    cube 2814.380.937.723 (depth 3, 42 lits): UNSAT in 0.06s
    cube 2814.380.937.724 (depth 3, 42 lits): UNSAT in 0.18s
    cube 2814.380.937.725 (depth 3, 42 lits): UNSAT in 0.41s
    cube 2814.380.937.726 (depth 3, 42 lits): UNSAT in 0.02s
    cube 2814.380.937.727 (depth 3, 42 lits): UNSAT in 0.03s
    cube 2814.380.937.728 (depth 3, 42 lits): UNSAT in 0.05s
    cube 2814.380.937.729 (depth 3, 42 lits): UNSAT in 0.06s
    cube 2814.380.937.730 (depth 3, 42 lits): UNSAT in 0.03s
    cube 2814.380.937.731 (depth 3, 42 lits): UNSAT in 0.04s
    cube 2814.380.937.732 (depth 3, 42 lits): UNSAT in 0.07s
    cube 2814.380.937.733 (depth 3, 42 lits): UNSAT in 0.67s
    cube 2814.380.937.734 (depth 3, 42 lits): UNSAT in 0.04s
    cube 2814.380.937.735 (depth 3, 42 lits): UNSAT in 0.30s
    cube 2814.380.937.736 (depth 3, 42 lits): UNSAT in 0.09s
    cube 2814.380.937.737 (depth 3, 42 lits): UNSAT in 1.20s
    cube 2814.380.937.738 (depth 3, 42 lits): UNSAT in 0.17s
    cube 2814.380.937.739 (depth 3, 42 lits): UNSAT in 0.91s
    cube 2814.380.937.740 (depth 3, 42 lits): UNSAT in 0.46s
    cube 2814.380.937.741 (depth 3, 42 lits): UNSAT in 1.60s
    cube 2814.380.937.742 (depth 3, 42 lits): UNSAT in 0.03s
    cube 2814.380.937.743 (depth 3, 42 lits): UNSAT in 0.13s
    cube 2814.380.937.744 (depth 3, 42 lits): UNSAT in 0.04s
    cube 2814.380.937.745 (depth 3, 42 lits): UNSAT in 0.20s
    cube 2814.380.937.746 (depth 3, 42 lits): UNSAT in 0.03s
    cube 2814.380.937.747 (depth 3, 42 lits): UNSAT in 0.05s
    cube 2814.380.937.748 (depth 3, 42 lits): UNSAT in 0.09s
    cube 2814.380.937.749 (depth 3, 42 lits): UNSAT in 0.84s
    cube 2814.380.937.750 (depth 3, 42 lits): UNSAT in 0.05s
    cube 2814.380.937.751 (depth 3, 42 lits): UNSAT in 0.05s
    cube 2814.380.937.752 (depth 3, 42 lits): UNSAT in 0.09s
    cube 2814.380.937.753 (depth 3, 42 lits): UNSAT in 0.65s
    cube 2814.380.937.754 (depth 3, 42 lits): UNSAT in 0.07s
    cube 2814.380.937.755 (depth 3, 42 lits): UNSAT in 0.22s
    cube 2814.380.937.756 (depth 3, 42 lits): UNSAT in 0.44s
    cube 2814.380.937.757 (depth 3, 42 lits): UNSAT in 2.55s
    cube 2814.380.937.758 (depth 3, 42 lits): UNSAT in 0.03s
    cube 2814.380.937.759 (depth 3, 42 lits): UNSAT in 0.07s
    cube 2814.380.937.760 (depth 3, 42 lits): UNSAT in 0.14s
    cube 2814.380.937.761 (depth 3, 42 lits): UNSAT in 0.58s
    cube 2814.380.937.762 (depth 3, 42 lits): UNSAT in 0.05s
    cube 2814.380.937.763 (depth 3, 42 lits): UNSAT in 0.36s
    cube 2814.380.937.764 (depth 3, 42 lits): UNSAT in 0.11s
    cube 2814.380.937.765 (depth 3, 42 lits): UNSAT in 1.80s
    cube 2814.380.937.766 (depth 3, 42 lits): UNSAT in 0.19s
    cube 2814.380.937.767 (depth 3, 42 lits): UNSAT in 0.37s
    cube 2814.380.937.768 (depth 3, 42 lits): UNSAT in 0.29s
    cube 2814.380.937.769 (depth 3, 42 lits): UNSAT in 1.30s
    cube 2814.380.937.770 (depth 3, 42 lits): UNSAT in 0.96s
    cube 2814.380.937.771 (depth 3, 42 lits): UNSAT in 4.21s
    cube 2814.380.937.772 (depth 3, 42 lits): UNSAT in 3.80s
    cube 2814.380.937.773 (depth 3, 42 lits): UNSAT in 74.17s
    cube 2814.380.937.774 (depth 3, 42 lits): UNSAT in 0.02s
    cube 2814.380.937.775 (depth 3, 42 lits): UNSAT in 0.03s
    cube 2814.380.937.776 (depth 3, 42 lits): UNSAT in 0.04s
    cube 2814.380.937.777 (depth 3, 42 lits): UNSAT in 0.09s
    cube 2814.380.937.778 (depth 3, 42 lits): UNSAT in 0.02s
    cube 2814.380.937.779 (depth 3, 42 lits): UNSAT in 0.03s
    cube 2814.380.937.780 (depth 3, 42 lits): UNSAT in 0.05s
    cube 2814.380.937.781 (depth 3, 42 lits): UNSAT in 0.14s
    cube 2814.380.937.782 (depth 3, 42 lits): UNSAT in 0.01s
    cube 2814.380.937.783 (depth 3, 42 lits): UNSAT in 0.04s
    cube 2814.380.937.784 (depth 3, 42 lits): UNSAT in 0.02s
    cube 2814.380.937.785 (depth 3, 42 lits): UNSAT in 0.08s
    cube 2814.380.937.786 (depth 3, 42 lits): UNSAT in 0.18s
    cube 2814.380.937.787 (depth 3, 42 lits): UNSAT in 0.34s
    cube 2814.380.937.788 (depth 3, 42 lits): UNSAT in 0.18s
    cube 2814.380.937.789 (depth 3, 42 lits): UNSAT in 0.81s
    cube 2814.380.937.790 (depth 3, 42 lits): UNSAT in 0.03s
    cube 2814.380.937.791 (depth 3, 42 lits): UNSAT in 0.03s
    cube 2814.380.937.792 (depth 3, 42 lits): UNSAT in 0.05s
    cube 2814.380.937.793 (depth 3, 42 lits): UNSAT in 0.14s
    cube 2814.380.937.794 (depth 3, 42 lits): UNSAT in 0.05s
    cube 2814.380.937.795 (depth 3, 42 lits): UNSAT in 0.31s
    cube 2814.380.937.796 (depth 3, 42 lits): UNSAT in 0.11s
    cube 2814.380.937.797 (depth 3, 42 lits): UNSAT in 0.71s
    cube 2814.380.937.798 (depth 3, 42 lits): UNSAT in 0.04s
    cube 2814.380.937.799 (depth 3, 42 lits): UNSAT in 0.10s
    cube 2814.380.937.800 (depth 3, 42 lits): UNSAT in 0.17s
    cube 2814.380.937.801 (depth 3, 42 lits): UNSAT in 0.41s
    cube 2814.380.937.802 (depth 3, 42 lits): UNSAT in 0.07s
    cube 2814.380.937.803 (depth 3, 42 lits): UNSAT in 0.67s
    cube 2814.380.937.804 (depth 3, 42 lits): UNSAT in 0.67s
    cube 2814.380.937.805 (depth 3, 42 lits): UNSAT in 3.22s
    cube 2814.380.937.806 (depth 3, 42 lits): UNSAT in 0.02s
    cube 2814.380.937.807 (depth 3, 42 lits): UNSAT in 0.02s
    cube 2814.380.937.808 (depth 3, 42 lits): UNSAT in 0.03s
    cube 2814.380.937.809 (depth 3, 42 lits): UNSAT in 0.29s
    cube 2814.380.937.810 (depth 3, 42 lits): UNSAT in 0.05s
    cube 2814.380.937.811 (depth 3, 42 lits): UNSAT in 0.16s
    cube 2814.380.937.812 (depth 3, 42 lits): UNSAT in 0.23s
    cube 2814.380.937.813 (depth 3, 42 lits): UNSAT in 0.63s
    cube 2814.380.937.814 (depth 3, 42 lits): UNSAT in 0.03s
    cube 2814.380.937.815 (depth 3, 42 lits): UNSAT in 0.18s
    cube 2814.380.937.816 (depth 3, 42 lits): UNSAT in 0.11s
    cube 2814.380.937.817 (depth 3, 42 lits): UNSAT in 0.37s
    cube 2814.380.937.818 (depth 3, 42 lits): UNSAT in 0.30s
    cube 2814.380.937.819 (depth 3, 42 lits): UNSAT in 1.07s
    cube 2814.380.937.820 (depth 3, 42 lits): UNSAT in 0.27s
    cube 2814.380.937.821 (depth 3, 42 lits): UNSAT in 2.53s
    cube 2814.380.937.822 (depth 3, 42 lits): UNSAT in 0.04s
    cube 2814.380.937.823 (depth 3, 42 lits): UNSAT in 0.11s
    cube 2814.380.937.824 (depth 3, 42 lits): UNSAT in 0.12s
    cube 2814.380.937.825 (depth 3, 42 lits): UNSAT in 0.45s
    cube 2814.380.937.826 (depth 3, 42 lits): UNSAT in 0.26s
    cube 2814.380.937.827 (depth 3, 42 lits): UNSAT in 0.37s
    cube 2814.380.937.828 (depth 3, 42 lits): UNSAT in 0.35s
    cube 2814.380.937.829 (depth 3, 42 lits): UNSAT in 1.53s
    cube 2814.380.937.830 (depth 3, 42 lits): UNSAT in 0.11s
    cube 2814.380.937.831 (depth 3, 42 lits): UNSAT in 1.08s
    cube 2814.380.937.832 (depth 3, 42 lits): UNSAT in 0.48s
    cube 2814.380.937.833 (depth 3, 42 lits): UNSAT in 3.59s
    cube 2814.380.937.834 (depth 3, 42 lits): UNSAT in 0.87s
    cube 2814.380.937.835 (depth 3, 42 lits): UNSAT in 4.92s
    cube 2814.380.937.836 (depth 3, 42 lits): UNSAT in 3.97s
    cube 2814.380.937.837 (depth 3, 42 lits): UNSAT in 121.31s
    cube 2814.381 (depth 1, 22 lits): UNSAT in 0.02s
    cube 2814.382 (depth 1, 22 lits): UNSAT in 0.03s
    cube 2814.383 (depth 1, 22 lits): UNSAT in 0.03s
    cube 2814.384 (depth 1, 22 lits): UNSAT in 0.11s
    cube 2814.385 (depth 1, 22 lits): UNSAT in 0.06s
    cube 2814.386 (depth 1, 22 lits): UNSAT in 0.20s
    cube 2814.387 (depth 1, 22 lits): UNSAT in 0.05s
    cube 2814.388 (depth 1, 22 lits): UNSAT in 0.20s
    cube 2814.389 (depth 1, 22 lits): UNSAT in 0.04s
    cube 2814.390 (depth 1, 22 lits): UNSAT in 0.15s
    cube 2814.391 (depth 1, 22 lits): UNSAT in 0.07s
    cube 2814.392 (depth 1, 22 lits): UNSAT in 0.85s
    cube 2814.393 (depth 1, 22 lits): UNSAT in 0.36s
    cube 2814.394 (depth 1, 22 lits): UNSAT in 0.78s
    cube 2814.395 (depth 1, 22 lits): UNSAT in 1.51s
    cube 2814.396 (depth 1, 22 lits): UNSAT in 13.98s
    cube 2814.397 (depth 1, 22 lits): UNSAT in 0.09s
    cube 2814.398 (depth 1, 22 lits): UNSAT in 0.21s
    cube 2814.399 (depth 1, 22 lits): UNSAT in 0.10s
    cube 2814.400 (depth 1, 22 lits): UNSAT in 0.40s
    cube 2814.401 (depth 1, 22 lits): UNSAT in 0.17s
    cube 2814.402 (depth 1, 22 lits): UNSAT in 0.97s
    cube 2814.403 (depth 1, 22 lits): UNSAT in 0.90s
    cube 2814.404 (depth 1, 22 lits): UNSAT in 5.43s
    cube 2814.405 (depth 1, 22 lits): UNSAT in 0.82s
    cube 2814.406 (depth 1, 22 lits): UNSAT in 1.37s
    cube 2814.407 (depth 1, 22 lits): UNSAT in 0.84s
    cube 2814.408 (depth 1, 22 lits): UNSAT in 11.04s
    cube 2814.409 (depth 1, 22 lits): UNSAT in 1.57s
    cube 2814.410 (depth 1, 22 lits): UNSAT in 2.74s
    cube 2814.411 (depth 1, 22 lits): UNSAT in 8.11s
    cube 2814.412 (depth 1, 22 lits): UNSAT in 238.15s
    cube 2814.413 (depth 1, 22 lits): UNSAT in 0.09s
    cube 2814.414 (depth 1, 22 lits): UNSAT in 0.59s
    cube 2814.415 (depth 1, 22 lits): UNSAT in 0.31s
    cube 2814.416 (depth 1, 22 lits): UNSAT in 1.32s
    cube 2814.417 (depth 1, 22 lits): UNSAT in 0.31s
    cube 2814.418 (depth 1, 22 lits): UNSAT in 0.88s
    cube 2814.419 (depth 1, 22 lits): UNSAT in 1.09s
    cube 2814.420 (depth 1, 22 lits): UNSAT in 5.74s
    cube 2814.421 (depth 1, 22 lits): UNSAT in 0.30s
    cube 2814.422 (depth 1, 22 lits): UNSAT in 0.78s
    cube 2814.423 (depth 1, 22 lits): UNSAT in 0.32s
    cube 2814.424 (depth 1, 22 lits): UNSAT in 3.75s
    cube 2814.425 (depth 1, 22 lits): UNSAT in 1.12s
    cube 2814.426 (depth 1, 22 lits): UNSAT in 2.75s
    cube 2814.427 (depth 1, 22 lits): UNSAT in 5.53s
    cube 2814.428 (depth 1, 22 lits): UNSAT in 74.42s
    cube 2814.429 (depth 1, 22 lits): UNSAT in 0.14s
    cube 2814.430 (depth 1, 22 lits): UNSAT in 0.16s
    cube 2814.431 (depth 1, 22 lits): UNSAT in 0.28s
    cube 2814.432 (depth 1, 22 lits): UNSAT in 1.06s
    cube 2814.433 (depth 1, 22 lits): UNSAT in 0.66s
    cube 2814.434 (depth 1, 22 lits): UNSAT in 2.04s
    cube 2814.435 (depth 1, 22 lits): UNSAT in 2.92s
    cube 2814.436 (depth 1, 22 lits): UNSAT in 21.85s
    cube 2814.437 (depth 1, 22 lits): UNSAT in 0.41s
    cube 2814.438 (depth 1, 22 lits): UNSAT in 5.98s
    cube 2814.439 (depth 1, 22 lits): UNSAT in 3.31s
    cube 2814.440 (depth 1, 22 lits): UNSAT in 110.25s
    cube 2814.441 (depth 1, 22 lits): UNSAT in 3.12s
    cube 2814.442 (depth 1, 22 lits): UNSAT in 51.39s
    cube 2814.443 (depth 1, 22 lits): UNSAT in 311.20s
