  shard 139/1 (explicit): 2 of 3826 cubes, per-cube cap 8000.0s, re-split depth 10
    cube 3557 (depth 0, 24 lits): UNSAT in 77.93s
    cube 3561 (depth 0, 24 lits): TIMEOUT in 8000.09s
    cube 3561 TIMEOUT -> re-split into 2646 sub-cubes (depth 1)
    cube 3561.0 (depth 1, 29 lits): UNSAT in 0.01s
    cube 3561.1 (depth 1, 30 lits): UNSAT in 0.02s
    cube 3561.2 (depth 1, 31 lits): UNSAT in 0.01s
    cube 3561.3 (depth 1, 31 lits): UNSAT in 0.02s
    cube 3561.4 (depth 1, 32 lits): UNSAT in 0.01s
    cube 3561.5 (depth 1, 33 lits): UNSAT in 0.01s
    cube 3561.6 (depth 1, 34 lits): UNSAT in 0.01s
    cube 3561.7 (depth 1, 34 lits): UNSAT in 0.02s
    cube 3561.8 (depth 1, 32 lits): UNSAT in 0.01s
    cube 3561.9 (depth 1, 34 lits): UNSAT in 0.01s
    cube 3561.10 (depth 1, 34 lits): UNSAT in 0.02s
    cube 3561.11 (depth 1, 33 lits): UNSAT in 0.02s
    cube 3561.12 (depth 1, 32 lits): UNSAT in 0.01s
    cube 3561.13 (depth 1, 34 lits): UNSAT in 0.01s
    cube 3561.14 (depth 1, 34 lits): UNSAT in 0.01s
    cube 3561.15 (depth 1, 34 lits): UNSAT in 0.02s
    cube 3561.16 (depth 1, 36 lits): UNSAT in 0.01s
    cube 3561.17 (depth 1, 36 lits): UNSAT in 0.02s
    cube 3561.18 (depth 1, 35 lits): UNSAT in 0.02s
    cube 3561.19 (depth 1, 32 lits): UNSAT in 0.02s
    cube 3561.20 (depth 1, 33 lits): UNSAT in 0.02s
    cube 3561.21 (depth 1, 35 lits): UNSAT in 0.02s
    cube 3561.22 (depth 1, 35 lits): UNSAT in 0.01s
    cube 3561.23 (depth 1, 34 lits): UNSAT in 0.02s
    cube 3561.24 (depth 1, 32 lits): UNSAT in 0.02s
    cube 3561.25 (depth 1, 33 lits): UNSAT in 0.02s
    cube 3561.26 (depth 1, 34 lits): UNSAT in 0.01s
    cube 3561.27 (depth 1, 35 lits): UNSAT in 0.01s
    cube 3561.28 (depth 1, 35 lits): UNSAT in 0.02s
    cube 3561.29 (depth 1, 34 lits): UNSAT in 0.02s
    cube 3561.30 (depth 1, 34 lits): UNSAT in 0.02s
    cube 3561.31 (depth 1, 34 lits): UNSAT in 0.02s
    cube 3561.32 (depth 1, 36 lits): UNSAT in 0.02s
    cube 3561.33 (depth 1, 36 lits): UNSAT in 0.02s
    cube 3561.34 (depth 1, 35 lits): UNSAT in 0.02s
    cube 3561.35 (depth 1, 33 lits): UNSAT in 0.02s
    cube 3561.36 (depth 1, 36 lits): UNSAT in 0.02s
    cube 3561.37 (depth 1, 36 lits): UNSAT in 0.02s
    cube 3561.38 (depth 1, 36 lits): UNSAT in 0.02s
    cube 3561.39 (depth 1, 36 lits): UNSAT in 0.03s
    cube 3561.40 (depth 1, 36 lits): UNSAT in 0.02s
    cube 3561.41 (depth 1, 36 lits): UNSAT in 0.02s
    cube 3561.42 (depth 1, 35 lits): UNSAT in 0.02s
    cube 3561.43 (depth 1, 34 lits): UNSAT in 0.02s
    cube 3561.44 (depth 1, 35 lits): UNSAT in 0.02s
    cube 3561.45 (depth 1, 35 lits): UNSAT in 0.02s
    cube 3561.46 (depth 1, 36 lits): UNSAT in 0.01s
    cube 3561.47 (depth 1, 36 lits): UNSAT in 0.02s
    cube 3561.48 (depth 1, 35 lits): UNSAT in 0.02s
    cube 3561.49 (depth 1, 34 lits): UNSAT in 0.02s
    cube 3561.50 (depth 1, 36 lits): UNSAT in 0.01s
    cube 3561.51 (depth 1, 36 lits): UNSAT in 0.02s
    cube 3561.52 (depth 1, 36 lits): UNSAT in 0.02s
    cube 3561.53 (depth 1, 36 lits): UNSAT in 0.02s
    cube 3561.54 (depth 1, 36 lits): UNSAT in 0.02s
    cube 3561.55 (depth 1, 36 lits): UNSAT in 0.02s
    cube 3561.56 (depth 1, 36 lits): UNSAT in 0.02s
    cube 3561.57 (depth 1, 36 lits): UNSAT in 0.02s
    cube 3561.58 (depth 1, 36 lits): UNSAT in 0.02s
    cube 3561.59 (depth 1, 36 lits): UNSAT in 0.01s
    cube 3561.60 (depth 1, 36 lits): UNSAT in 0.02s
    cube 3561.61 (depth 1, 36 lits): UNSAT in 0.02s
    cube 3561.62 (depth 1, 36 lits): UNSAT in 0.03s
    cube 3561.63 (depth 1, 36 lits): UNSAT in 0.04s
    cube 3561.64 (depth 1, 36 lits): UNSAT in 0.02s
    cube 3561.65 (depth 1, 36 lits): UNSAT in 0.02s
    cube 3561.66 (depth 1, 34 lits): UNSAT in 0.02s
    cube 3561.67 (depth 1, 36 lits): UNSAT in 0.02s
    cube 3561.68 (depth 1, 36 lits): UNSAT in 0.02s
    cube 3561.69 (depth 1, 36 lits): UNSAT in 0.01s
    cube 3561.70 (depth 1, 36 lits): UNSAT in 0.01s
    cube 3561.71 (depth 1, 33 lits): UNSAT in 0.02s
    cube 3561.72 (depth 1, 35 lits): UNSAT in 0.02s
    cube 3561.73 (depth 1, 36 lits): UNSAT in 0.02s
    cube 3561.74 (depth 1, 36 lits): UNSAT in 0.02s
    cube 3561.75 (depth 1, 36 lits): UNSAT in 0.01s
    cube 3561.76 (depth 1, 36 lits): UNSAT in 0.02s
    cube 3561.77 (depth 1, 36 lits): UNSAT in 0.02s
    cube 3561.78 (depth 1, 36 lits): UNSAT in 0.08s
    cube 3561.79 (depth 1, 34 lits): UNSAT in 0.02s
    cube 3561.80 (depth 1, 36 lits): UNSAT in 0.02s
    cube 3561.81 (depth 1, 36 lits): UNSAT in 0.01s
    cube 3561.82 (depth 1, 36 lits): UNSAT in 0.02s
    cube 3561.83 (depth 1, 36 lits): UNSAT in 0.10s
    cube 3561.84 (depth 1, 31 lits): UNSAT in 0.02s
    cube 3561.85 (depth 1, 32 lits): UNSAT in 0.01s
    cube 3561.86 (depth 1, 34 lits): UNSAT in 0.01s
    cube 3561.87 (depth 1, 34 lits): UNSAT in 0.02s
    cube 3561.88 (depth 1, 35 lits): UNSAT in 0.01s
    cube 3561.89 (depth 1, 35 lits): UNSAT in 0.02s
    cube 3561.90 (depth 1, 36 lits): UNSAT in 0.01s
    cube 3561.91 (depth 1, 36 lits): UNSAT in 0.02s
    cube 3561.92 (depth 1, 36 lits): UNSAT in 0.02s
    cube 3561.93 (depth 1, 36 lits): UNSAT in 0.02s
    cube 3561.94 (depth 1, 32 lits): UNSAT in 0.01s
    cube 3561.95 (depth 1, 33 lits): UNSAT in 0.02s
    cube 3561.96 (depth 1, 34 lits): UNSAT in 0.02s
    cube 3561.97 (depth 1, 35 lits): UNSAT in 0.01s
    cube 3561.98 (depth 1, 35 lits): UNSAT in 0.02s
    cube 3561.99 (depth 1, 34 lits): UNSAT in 0.01s
    cube 3561.100 (depth 1, 35 lits): UNSAT in 0.01s
    cube 3561.101 (depth 1, 36 lits): UNSAT in 0.02s
    cube 3561.102 (depth 1, 36 lits): UNSAT in 0.02s
    cube 3561.103 (depth 1, 35 lits): UNSAT in 0.02s
    cube 3561.104 (depth 1, 36 lits): UNSAT in 0.02s
    cube 3561.105 (depth 1, 36 lits): UNSAT in 0.02s
    cube 3561.106 (depth 1, 36 lits): UNSAT in 0.01s
    cube 3561.107 (depth 1, 36 lits): UNSAT in 0.01s
    cube 3561.108 (depth 1, 36 lits): UNSAT in 0.02s
    cube 3561.109 (depth 1, 36 lits): UNSAT in 0.04s
    cube 3561.110 (depth 1, 35 lits): UNSAT in 0.01s
    cube 3561.111 (depth 1, 35 lits): UNSAT in 0.02s
    cube 3561.112 (depth 1, 35 lits): UNSAT in 0.01s
    cube 3561.113 (depth 1, 36 lits): UNSAT in 0.03s
    cube 3561.114 (depth 1, 36 lits): UNSAT in 0.03s
    cube 3561.115 (depth 1, 36 lits): UNSAT in 0.01s
    cube 3561.116 (depth 1, 36 lits): UNSAT in 0.02s
    cube 3561.117 (depth 1, 36 lits): UNSAT in 0.03s
    cube 3561.118 (depth 1, 36 lits): UNSAT in 0.04s
    cube 3561.119 (depth 1, 36 lits): UNSAT in 0.02s
    cube 3561.120 (depth 1, 36 lits): UNSAT in 0.04s
    cube 3561.121 (depth 1, 36 lits): UNSAT in 0.02s
    cube 3561.122 (depth 1, 36 lits): UNSAT in 0.03s
    cube 3561.123 (depth 1, 32 lits): UNSAT in 0.01s
    cube 3561.124 (depth 1, 34 lits): UNSAT in 0.01s
    cube 3561.125 (depth 1, 34 lits): UNSAT in 0.02s
    cube 3561.126 (depth 1, 33 lits): UNSAT in 0.01s
    cube 3561.127 (depth 1, 33 lits): UNSAT in 0.01s
    cube 3561.128 (depth 1, 33 lits): UNSAT in 0.02s
    cube 3561.129 (depth 1, 33 lits): UNSAT in 0.02s
    cube 3561.130 (depth 1, 33 lits): UNSAT in 0.01s
    cube 3561.131 (depth 1, 34 lits): UNSAT in 0.01s
    cube 3561.132 (depth 1, 34 lits): UNSAT in 0.01s
    cube 3561.133 (depth 1, 35 lits): UNSAT in 0.01s
    cube 3561.134 (depth 1, 36 lits): UNSAT in 0.01s
    cube 3561.135 (depth 1, 36 lits): UNSAT in 0.02s
    cube 3561.136 (depth 1, 36 lits): UNSAT in 0.01s
    cube 3561.137 (depth 1, 36 lits): UNSAT in 0.02s
    cube 3561.138 (depth 1, 36 lits): UNSAT in 0.02s
    cube 3561.139 (depth 1, 36 lits): UNSAT in 0.02s
    cube 3561.140 (depth 1, 35 lits): UNSAT in 0.02s
    cube 3561.141 (depth 1, 35 lits): UNSAT in 0.02s
    cube 3561.142 (depth 1, 36 lits): UNSAT in 0.01s
    cube 3561.143 (depth 1, 36 lits): UNSAT in 0.01s
    cube 3561.144 (depth 1, 36 lits): UNSAT in 0.01s
    cube 3561.145 (depth 1, 36 lits): UNSAT in 0.02s
    cube 3561.146 (depth 1, 34 lits): UNSAT in 0.01s
    cube 3561.147 (depth 1, 34 lits): UNSAT in 0.02s
    cube 3561.148 (depth 1, 34 lits): UNSAT in 0.02s
    cube 3561.149 (depth 1, 35 lits): UNSAT in 0.01s
    cube 3561.150 (depth 1, 36 lits): UNSAT in 0.01s
    cube 3561.151 (depth 1, 36 lits): UNSAT in 0.02s
    cube 3561.152 (depth 1, 34 lits): UNSAT in 0.01s
    cube 3561.153 (depth 1, 36 lits): UNSAT in 0.02s
    cube 3561.154 (depth 1, 36 lits): UNSAT in 0.02s
    cube 3561.155 (depth 1, 36 lits): UNSAT in 0.03s
    cube 3561.156 (depth 1, 36 lits): UNSAT in 0.02s
    cube 3561.157 (depth 1, 36 lits): UNSAT in 0.02s
    cube 3561.158 (depth 1, 36 lits): UNSAT in 0.02s
    cube 3561.159 (depth 1, 36 lits): UNSAT in 0.01s
    cube 3561.160 (depth 1, 36 lits): UNSAT in 0.03s
    cube 3561.161 (depth 1, 36 lits): UNSAT in 0.01s
    cube 3561.162 (depth 1, 36 lits): UNSAT in 0.02s
    cube 3561.163 (depth 1, 36 lits): UNSAT in 0.01s
    cube 3561.164 (depth 1, 36 lits): UNSAT in 0.03s
    cube 3561.165 (depth 1, 36 lits): UNSAT in 0.01s
    cube 3561.166 (depth 1, 36 lits): UNSAT in 0.02s
    cube 3561.167 (depth 1, 36 lits): UNSAT in 0.02s
    cube 3561.168 (depth 1, 36 lits): UNSAT in 0.03s
    cube 3561.169 (depth 1, 36 lits): UNSAT in 0.02s
    cube 3561.170 (depth 1, 36 lits): UNSAT in 0.02s
    cube 3561.171 (depth 1, 36 lits): UNSAT in 0.04s
    cube 3561.172 (depth 1, 36 lits): UNSAT in 0.04s
    cube 3561.173 (depth 1, 33 lits): UNSAT in 0.01s
    cube 3561.174 (depth 1, 33 lits): UNSAT in 0.02s
    cube 3561.175 (depth 1, 34 lits): UNSAT in 0.02s
    cube 3561.176 (depth 1, 34 lits): UNSAT in 0.02s
    cube 3561.177 (depth 1, 34 lits): UNSAT in 0.02s
    cube 3561.178 (depth 1, 35 lits): UNSAT in 0.02s
    cube 3561.179 (depth 1, 36 lits): UNSAT in 0.02s
    cube 3561.180 (depth 1, 36 lits): UNSAT in 0.02s
    cube 3561.181 (depth 1, 33 lits): UNSAT in 0.02s
    cube 3561.182 (depth 1, 34 lits): UNSAT in 0.02s
    cube 3561.183 (depth 1, 36 lits): UNSAT in 0.02s
    cube 3561.184 (depth 1, 36 lits): UNSAT in 0.02s
    cube 3561.185 (depth 1, 35 lits): UNSAT in 0.01s
    cube 3561.186 (depth 1, 33 lits): UNSAT in 0.02s
    cube 3561.187 (depth 1, 34 lits): UNSAT in 0.01s
    cube 3561.188 (depth 1, 36 lits): UNSAT in 0.02s
    cube 3561.189 (depth 1, 36 lits): UNSAT in 0.02s
    cube 3561.190 (depth 1, 36 lits): UNSAT in 0.02s
    cube 3561.191 (depth 1, 36 lits): UNSAT in 0.02s
    cube 3561.192 (depth 1, 35 lits): UNSAT in 0.01s
    cube 3561.193 (depth 1, 35 lits): UNSAT in 0.02s
    cube 3561.194 (depth 1, 36 lits): UNSAT in 0.01s
    cube 3561.195 (depth 1, 36 lits): UNSAT in 0.02s
    cube 3561.196 (depth 1, 35 lits): UNSAT in 0.02s
    cube 3561.197 (depth 1, 34 lits): UNSAT in 0.01s
    cube 3561.198 (depth 1, 34 lits): UNSAT in 0.02s
    cube 3561.199 (depth 1, 36 lits): UNSAT in 0.01s
    cube 3561.200 (depth 1, 36 lits): UNSAT in 0.02s
    cube 3561.201 (depth 1, 35 lits): UNSAT in 0.01s
    cube 3561.202 (depth 1, 36 lits): UNSAT in 0.02s
    cube 3561.203 (depth 1, 36 lits): UNSAT in 0.02s
    cube 3561.204 (depth 1, 36 lits): UNSAT in 0.02s
    cube 3561.205 (depth 1, 36 lits): UNSAT in 0.02s
    cube 3561.206 (depth 1, 36 lits): UNSAT in 0.02s
    cube 3561.207 (depth 1, 36 lits): UNSAT in 0.03s
    cube 3561.208 (depth 1, 36 lits): UNSAT in 0.03s
    cube 3561.209 (depth 1, 36 lits): UNSAT in 0.03s
    cube 3561.210 (depth 1, 36 lits): UNSAT in 0.02s
    cube 3561.211 (depth 1, 36 lits): UNSAT in 0.02s
    cube 3561.212 (depth 1, 36 lits): UNSAT in 0.02s
    cube 3561.213 (depth 1, 36 lits): UNSAT in 0.04s
    cube 3561.214 (depth 1, 36 lits): UNSAT in 0.01s
    cube 3561.215 (depth 1, 36 lits): UNSAT in 0.01s
    cube 3561.216 (depth 1, 36 lits): UNSAT in 0.02s
    cube 3561.217 (depth 1, 36 lits): UNSAT in 0.02s
    cube 3561.218 (depth 1, 35 lits): UNSAT in 0.02s
    cube 3561.219 (depth 1, 35 lits): UNSAT in 0.02s
    cube 3561.220 (depth 1, 34 lits): UNSAT in 0.02s
    cube 3561.221 (depth 1, 36 lits): UNSAT in 0.02s
    cube 3561.222 (depth 1, 36 lits): UNSAT in 0.02s
    cube 3561.223 (depth 1, 36 lits): UNSAT in 0.02s
    cube 3561.224 (depth 1, 36 lits): UNSAT in 0.03s
    cube 3561.225 (depth 1, 36 lits): UNSAT in 0.02s
    cube 3561.226 (depth 1, 36 lits): UNSAT in 0.02s
    cube 3561.227 (depth 1, 36 lits): UNSAT in 0.02s
    cube 3561.228 (depth 1, 36 lits): UNSAT in 0.04s
    cube 3561.229 (depth 1, 36 lits): UNSAT in 0.02s
    cube 3561.230 (depth 1, 36 lits): UNSAT in 0.04s
    cube 3561.231 (depth 1, 36 lits): UNSAT in 0.02s
    cube 3561.232 (depth 1, 36 lits): UNSAT in 0.02s
    cube 3561.233 (depth 1, 36 lits): UNSAT in 0.01s
    cube 3561.234 (depth 1, 36 lits): UNSAT in 0.01s
    cube 3561.235 (depth 1, 36 lits): UNSAT in 0.02s
    cube 3561.236 (depth 1, 36 lits): UNSAT in 0.03s
    cube 3561.237 (depth 1, 36 lits): UNSAT in 0.03s
    cube 3561.238 (depth 1, 36 lits): UNSAT in 0.02s
    cube 3561.239 (depth 1, 36 lits): UNSAT in 0.05s
    cube 3561.240 (depth 1, 36 lits): UNSAT in 0.09s
    cube 3561.241 (depth 1, 34 lits): UNSAT in 0.02s
    cube 3561.242 (depth 1, 34 lits): UNSAT in 0.01s
    cube 3561.243 (depth 1, 34 lits): UNSAT in 0.02s
    cube 3561.244 (depth 1, 35 lits): UNSAT in 0.01s
    cube 3561.245 (depth 1, 36 lits): UNSAT in 0.01s
    cube 3561.246 (depth 1, 36 lits): UNSAT in 0.02s
    cube 3561.247 (depth 1, 33 lits): UNSAT in 0.02s
    cube 3561.248 (depth 1, 35 lits): UNSAT in 0.01s
    cube 3561.249 (depth 1, 36 lits): UNSAT in 0.01s
    cube 3561.250 (depth 1, 36 lits): UNSAT in 0.02s
    cube 3561.251 (depth 1, 35 lits): UNSAT in 0.02s
    cube 3561.252 (depth 1, 36 lits): UNSAT in 0.02s
    cube 3561.253 (depth 1, 36 lits): UNSAT in 0.02s
    cube 3561.254 (depth 1, 36 lits): UNSAT in 0.01s
    cube 3561.255 (depth 1, 36 lits): UNSAT in 0.01s
    cube 3561.256 (depth 1, 35 lits): UNSAT in 0.02s
    cube 3561.257 (depth 1, 36 lits): UNSAT in 0.02s
    cube 3561.258 (depth 1, 36 lits): UNSAT in 0.02s
    cube 3561.259 (depth 1, 35 lits): UNSAT in 0.02s
    cube 3561.260 (depth 1, 35 lits): UNSAT in 0.01s
    cube 3561.261 (depth 1, 36 lits): UNSAT in 0.02s
    cube 3561.262 (depth 1, 36 lits): UNSAT in 0.02s
    cube 3561.263 (depth 1, 35 lits): UNSAT in 0.02s
    cube 3561.264 (depth 1, 35 lits): UNSAT in 0.02s
    cube 3561.265 (depth 1, 36 lits): UNSAT in 0.01s
    cube 3561.266 (depth 1, 36 lits): UNSAT in 0.01s
    cube 3561.267 (depth 1, 36 lits): UNSAT in 0.02s
    cube 3561.268 (depth 1, 36 lits): UNSAT in 0.02s
    cube 3561.269 (depth 1, 35 lits): UNSAT in 0.01s
    cube 3561.270 (depth 1, 36 lits): UNSAT in 0.02s
    cube 3561.271 (depth 1, 36 lits): UNSAT in 0.03s
    cube 3561.272 (depth 1, 36 lits): UNSAT in 0.04s
    cube 3561.273 (depth 1, 36 lits): UNSAT in 0.01s
    cube 3561.274 (depth 1, 36 lits): UNSAT in 0.02s
    cube 3561.275 (depth 1, 36 lits): UNSAT in 0.08s
    cube 3561.276 (depth 1, 36 lits): UNSAT in 0.02s
    cube 3561.277 (depth 1, 36 lits): UNSAT in 0.03s
    cube 3561.278 (depth 1, 36 lits): UNSAT in 0.02s
    cube 3561.279 (depth 1, 36 lits): UNSAT in 0.04s
    cube 3561.280 (depth 1, 36 lits): UNSAT in 0.01s
    cube 3561.281 (depth 1, 36 lits): UNSAT in 0.01s
    cube 3561.282 (depth 1, 36 lits): UNSAT in 0.01s
    cube 3561.283 (depth 1, 36 lits): UNSAT in 0.02s
    cube 3561.284 (depth 1, 35 lits): UNSAT in 0.02s
    cube 3561.285 (depth 1, 35 lits): UNSAT in 0.02s
    cube 3561.286 (depth 1, 36 lits): UNSAT in 0.01s
    cube 3561.287 (depth 1, 36 lits): UNSAT in 0.02s
    cube 3561.288 (depth 1, 35 lits): UNSAT in 0.01s
    cube 3561.289 (depth 1, 35 lits): UNSAT in 0.02s
    cube 3561.290 (depth 1, 36 lits): UNSAT in 0.01s
    cube 3561.291 (depth 1, 36 lits): UNSAT in 0.02s
    cube 3561.292 (depth 1, 36 lits): UNSAT in 0.01s
    cube 3561.293 (depth 1, 36 lits): UNSAT in 0.01s
    cube 3561.294 (depth 1, 36 lits): UNSAT in 0.01s
    cube 3561.295 (depth 1, 36 lits): UNSAT in 0.02s
    cube 3561.296 (depth 1, 35 lits): UNSAT in 0.01s
    cube 3561.297 (depth 1, 36 lits): UNSAT in 0.02s
    cube 3561.298 (depth 1, 36 lits): UNSAT in 0.03s
    cube 3561.299 (depth 1, 36 lits): UNSAT in 0.02s
    cube 3561.300 (depth 1, 36 lits): UNSAT in 0.02s
    cube 3561.301 (depth 1, 36 lits): UNSAT in 0.01s
    cube 3561.302 (depth 1, 36 lits): UNSAT in 0.03s
    cube 3561.303 (depth 1, 36 lits): UNSAT in 0.02s
    cube 3561.304 (depth 1, 36 lits): UNSAT in 0.02s
    cube 3561.305 (depth 1, 36 lits): UNSAT in 0.02s
    cube 3561.306 (depth 1, 36 lits): UNSAT in 0.04s
    cube 3561.307 (depth 1, 36 lits): UNSAT in 0.02s
    cube 3561.308 (depth 1, 36 lits): UNSAT in 0.02s
    cube 3561.309 (depth 1, 36 lits): UNSAT in 0.01s
    cube 3561.310 (depth 1, 36 lits): UNSAT in 0.02s
    cube 3561.311 (depth 1, 35 lits): UNSAT in 0.01s
    cube 3561.312 (depth 1, 36 lits): UNSAT in 0.02s
    cube 3561.313 (depth 1, 36 lits): UNSAT in 0.02s
    cube 3561.314 (depth 1, 35 lits): UNSAT in 0.02s
    cube 3561.315 (depth 1, 36 lits): UNSAT in 0.02s
    cube 3561.316 (depth 1, 36 lits): UNSAT in 0.02s
    cube 3561.317 (depth 1, 36 lits): UNSAT in 0.02s
    cube 3561.318 (depth 1, 36 lits): UNSAT in 0.02s
    cube 3561.319 (depth 1, 36 lits): UNSAT in 0.03s
    cube 3561.320 (depth 1, 36 lits): UNSAT in 0.19s
    cube 3561.321 (depth 1, 36 lits): UNSAT in 0.02s
    cube 3561.322 (depth 1, 36 lits): UNSAT in 0.02s
    cube 3561.323 (depth 1, 36 lits): UNSAT in 0.02s
    cube 3561.324 (depth 1, 36 lits): UNSAT in 0.04s
    cube 3561.325 (depth 1, 36 lits): UNSAT in 0.02s
    cube 3561.326 (depth 1, 36 lits): UNSAT in 0.03s
    cube 3561.327 (depth 1, 36 lits): UNSAT in 0.04s
    cube 3561.328 (depth 1, 36 lits): UNSAT in 0.15s
    cube 3561.329 (depth 1, 36 lits): UNSAT in 0.02s
    cube 3561.330 (depth 1, 36 lits): UNSAT in 0.05s
    cube 3561.331 (depth 1, 36 lits): UNSAT in 0.05s
    cube 3561.332 (depth 1, 36 lits): UNSAT in 0.07s
    cube 3561.333 (depth 1, 36 lits): UNSAT in 0.06s
    cube 3561.334 (depth 1, 36 lits): UNSAT in 0.14s
    cube 3561.335 (depth 1, 36 lits): UNSAT in 0.14s
    cube 3561.336 (depth 1, 36 lits): UNSAT in 0.30s
    cube 3561.337 (depth 1, 34 lits): UNSAT in 0.01s
    cube 3561.338 (depth 1, 35 lits): UNSAT in 0.01s
    cube 3561.339 (depth 1, 35 lits): UNSAT in 0.02s
    cube 3561.340 (depth 1, 34 lits): UNSAT in 0.02s
    cube 3561.341 (depth 1, 35 lits): UNSAT in 0.01s
    cube 3561.342 (depth 1, 35 lits): UNSAT in 0.02s
    cube 3561.343 (depth 1, 35 lits): UNSAT in 0.01s
    cube 3561.344 (depth 1, 36 lits): UNSAT in 0.02s
    cube 3561.345 (depth 1, 36 lits): UNSAT in 0.02s
    cube 3561.346 (depth 1, 36 lits): UNSAT in 0.01s
    cube 3561.347 (depth 1, 36 lits): UNSAT in 0.01s
    cube 3561.348 (depth 1, 36 lits): UNSAT in 0.01s
    cube 3561.349 (depth 1, 36 lits): UNSAT in 0.02s
    cube 3561.350 (depth 1, 36 lits): UNSAT in 0.02s
    cube 3561.351 (depth 1, 36 lits): UNSAT in 0.02s
    cube 3561.352 (depth 1, 36 lits): UNSAT in 0.02s
    cube 3561.353 (depth 1, 36 lits): UNSAT in 0.02s
    cube 3561.354 (depth 1, 36 lits): UNSAT in 0.01s
    cube 3561.355 (depth 1, 36 lits): UNSAT in 0.02s
    cube 3561.356 (depth 1, 36 lits): UNSAT in 0.02s
    cube 3561.357 (depth 1, 36 lits): UNSAT in 0.03s
    cube 3561.358 (depth 1, 33 lits): UNSAT in 0.02s
    cube 3561.359 (depth 1, 36 lits): UNSAT in 0.01s
    cube 3561.360 (depth 1, 36 lits): UNSAT in 0.02s
    cube 3561.361 (depth 1, 36 lits): UNSAT in 0.01s
    cube 3561.362 (depth 1, 36 lits): UNSAT in 0.02s
    cube 3561.363 (depth 1, 35 lits): UNSAT in 0.01s
    cube 3561.364 (depth 1, 36 lits): UNSAT in 0.02s
    cube 3561.365 (depth 1, 36 lits): UNSAT in 0.02s
    cube 3561.366 (depth 1, 36 lits): UNSAT in 0.01s
    cube 3561.367 (depth 1, 36 lits): UNSAT in 0.02s
    cube 3561.368 (depth 1, 36 lits): UNSAT in 0.01s
    cube 3561.369 (depth 1, 36 lits): UNSAT in 0.02s
    cube 3561.370 (depth 1, 35 lits): UNSAT in 0.01s
    cube 3561.371 (depth 1, 35 lits): UNSAT in 0.02s
    cube 3561.372 (depth 1, 36 lits): UNSAT in 0.01s
    cube 3561.373 (depth 1, 36 lits): UNSAT in 0.02s
    cube 3561.374 (depth 1, 36 lits): UNSAT in 0.02s
    cube 3561.375 (depth 1, 36 lits): UNSAT in 0.03s
    cube 3561.376 (depth 1, 36 lits): UNSAT in 0.02s
    cube 3561.377 (depth 1, 36 lits): UNSAT in 0.03s
    cube 3561.378 (depth 1, 36 lits): UNSAT in 0.03s
    cube 3561.379 (depth 1, 36 lits): UNSAT in 0.03s
    cube 3561.380 (depth 1, 35 lits): UNSAT in 0.01s
    cube 3561.381 (depth 1, 35 lits): UNSAT in 0.02s
    cube 3561.382 (depth 1, 36 lits): UNSAT in 0.02s
    cube 3561.383 (depth 1, 36 lits): UNSAT in 0.02s
    cube 3561.384 (depth 1, 35 lits): UNSAT in 0.02s
    cube 3561.385 (depth 1, 35 lits): UNSAT in 0.01s
    cube 3561.386 (depth 1, 36 lits): UNSAT in 0.02s
    cube 3561.387 (depth 1, 36 lits): UNSAT in 0.02s
    cube 3561.388 (depth 1, 36 lits): UNSAT in 0.01s
    cube 3561.389 (depth 1, 36 lits): UNSAT in 0.02s
    cube 3561.390 (depth 1, 36 lits): UNSAT in 0.02s
    cube 3561.391 (depth 1, 36 lits): UNSAT in 0.02s
    cube 3561.392 (depth 1, 35 lits): UNSAT in 0.01s
    cube 3561.393 (depth 1, 35 lits): UNSAT in 0.01s
    cube 3561.394 (depth 1, 35 lits): UNSAT in 0.01s
    cube 3561.395 (depth 1, 36 lits): UNSAT in 0.01s
    cube 3561.396 (depth 1, 36 lits): UNSAT in 0.01s
    cube 3561.397 (depth 1, 36 lits): UNSAT in 0.01s
    cube 3561.398 (depth 1, 36 lits): UNSAT in 0.02s
    cube 3561.399 (depth 1, 36 lits): UNSAT in 0.02s
    cube 3561.400 (depth 1, 36 lits): UNSAT in 0.03s
    cube 3561.401 (depth 1, 36 lits): UNSAT in 0.02s
    cube 3561.402 (depth 1, 36 lits): UNSAT in 0.02s
    cube 3561.403 (depth 1, 36 lits): UNSAT in 0.02s
    cube 3561.404 (depth 1, 36 lits): UNSAT in 0.02s
    cube 3561.405 (depth 1, 34 lits): UNSAT in 0.02s
    cube 3561.406 (depth 1, 34 lits): UNSAT in 0.02s
    cube 3561.407 (depth 1, 35 lits): UNSAT in 0.01s
    cube 3561.408 (depth 1, 36 lits): UNSAT in 0.02s
    cube 3561.409 (depth 1, 36 lits): UNSAT in 0.02s
    cube 3561.410 (depth 1, 36 lits): UNSAT in 0.02s
    cube 3561.411 (depth 1, 36 lits): UNSAT in 0.02s
    cube 3561.412 (depth 1, 36 lits): UNSAT in 0.02s
    cube 3561.413 (depth 1, 36 lits): UNSAT in 0.02s
    cube 3561.414 (depth 1, 36 lits): UNSAT in 0.01s
    cube 3561.415 (depth 1, 36 lits): UNSAT in 0.02s
    cube 3561.416 (depth 1, 36 lits): UNSAT in 0.01s
    cube 3561.417 (depth 1, 36 lits): UNSAT in 0.01s
    cube 3561.418 (depth 1, 36 lits): UNSAT in 0.01s
    cube 3561.419 (depth 1, 36 lits): UNSAT in 0.02s
    cube 3561.420 (depth 1, 36 lits): UNSAT in 0.01s
    cube 3561.421 (depth 1, 36 lits): UNSAT in 0.02s
    cube 3561.422 (depth 1, 36 lits): UNSAT in 0.02s
    cube 3561.423 (depth 1, 36 lits): UNSAT in 0.02s
    cube 3561.424 (depth 1, 36 lits): UNSAT in 0.02s
    cube 3561.425 (depth 1, 36 lits): UNSAT in 0.02s
    cube 3561.426 (depth 1, 36 lits): UNSAT in 0.01s
    cube 3561.427 (depth 1, 36 lits): UNSAT in 0.03s
    cube 3561.428 (depth 1, 36 lits): UNSAT in 0.02s
    cube 3561.429 (depth 1, 36 lits): UNSAT in 0.02s
    cube 3561.430 (depth 1, 34 lits): UNSAT in 0.01s
    cube 3561.431 (depth 1, 35 lits): UNSAT in 0.02s
    cube 3561.432 (depth 1, 36 lits): UNSAT in 0.01s
    cube 3561.433 (depth 1, 36 lits): UNSAT in 0.02s
    cube 3561.434 (depth 1, 35 lits): UNSAT in 0.01s
    cube 3561.435 (depth 1, 35 lits): UNSAT in 0.02s
    cube 3561.436 (depth 1, 34 lits): UNSAT in 0.01s
    cube 3561.437 (depth 1, 36 lits): UNSAT in 0.02s
    cube 3561.438 (depth 1, 36 lits): UNSAT in 0.02s
    cube 3561.439 (depth 1, 36 lits): UNSAT in 0.02s
    cube 3561.440 (depth 1, 36 lits): UNSAT in 0.02s
    cube 3561.441 (depth 1, 36 lits): UNSAT in 0.02s
    cube 3561.442 (depth 1, 36 lits): UNSAT in 0.02s
    cube 3561.443 (depth 1, 36 lits): UNSAT in 0.02s
    cube 3561.444 (depth 1, 36 lits): UNSAT in 0.02s
    cube 3561.445 (depth 1, 36 lits): UNSAT in 0.02s
    cube 3561.446 (depth 1, 36 lits): UNSAT in 0.02s
    cube 3561.447 (depth 1, 36 lits): UNSAT in 0.01s
    cube 3561.448 (depth 1, 36 lits): UNSAT in 0.02s
    cube 3561.449 (depth 1, 36 lits): UNSAT in 0.02s
    cube 3561.450 (depth 1, 36 lits): UNSAT in 0.02s
    cube 3561.451 (depth 1, 36 lits): UNSAT in 0.02s
    cube 3561.452 (depth 1, 36 lits): UNSAT in 0.03s
    cube 3561.453 (depth 1, 35 lits): UNSAT in 0.01s
    cube 3561.454 (depth 1, 36 lits): UNSAT in 0.01s
    cube 3561.455 (depth 1, 36 lits): UNSAT in 0.02s
    cube 3561.456 (depth 1, 35 lits): UNSAT in 0.01s
    cube 3561.457 (depth 1, 35 lits): UNSAT in 0.02s
    cube 3561.458 (depth 1, 34 lits): UNSAT in 0.01s
    cube 3561.459 (depth 1, 36 lits): UNSAT in 0.02s
    cube 3561.460 (depth 1, 36 lits): UNSAT in 0.02s
    cube 3561.461 (depth 1, 36 lits): UNSAT in 0.02s
    cube 3561.462 (depth 1, 36 lits): UNSAT in 0.02s
    cube 3561.463 (depth 1, 35 lits): UNSAT in 0.02s
    cube 3561.464 (depth 1, 35 lits): UNSAT in 0.02s
    cube 3561.465 (depth 1, 36 lits): UNSAT in 0.01s
    cube 3561.466 (depth 1, 36 lits): UNSAT in 0.02s
    cube 3561.467 (depth 1, 36 lits): UNSAT in 0.01s
    cube 3561.468 (depth 1, 36 lits): UNSAT in 0.03s
    cube 3561.469 (depth 1, 36 lits): UNSAT in 0.02s
    cube 3561.470 (depth 1, 36 lits): UNSAT in 0.01s
    cube 3561.471 (depth 1, 36 lits): UNSAT in 0.02s
    cube 3561.472 (depth 1, 36 lits): UNSAT in 0.03s
    cube 3561.473 (depth 1, 36 lits): UNSAT in 0.02s
    cube 3561.474 (depth 1, 36 lits): UNSAT in 0.02s
    cube 3561.475 (depth 1, 36 lits): UNSAT in 0.02s
    cube 3561.476 (depth 1, 36 lits): UNSAT in 0.02s
    cube 3561.477 (depth 1, 34 lits): UNSAT in 0.01s
    cube 3561.478 (depth 1, 34 lits): UNSAT in 0.01s
    cube 3561.479 (depth 1, 34 lits): UNSAT in 0.01s
    cube 3561.480 (depth 1, 34 lits): UNSAT in 0.02s
    cube 3561.481 (depth 1, 33 lits): UNSAT in 0.02s
    cube 3561.482 (depth 1, 34 lits): UNSAT in 0.01s
    cube 3561.483 (depth 1, 34 lits): UNSAT in 0.02s
    cube 3561.484 (depth 1, 36 lits): UNSAT in 0.01s
    cube 3561.485 (depth 1, 36 lits): UNSAT in 0.02s
    cube 3561.486 (depth 1, 36 lits): UNSAT in 0.02s
    cube 3561.487 (depth 1, 36 lits): UNSAT in 0.02s
    cube 3561.488 (depth 1, 35 lits): UNSAT in 0.01s
    cube 3561.489 (depth 1, 36 lits): UNSAT in 0.01s
    cube 3561.490 (depth 1, 36 lits): UNSAT in 0.02s
    cube 3561.491 (depth 1, 36 lits): UNSAT in 0.02s
    cube 3561.492 (depth 1, 36 lits): UNSAT in 0.02s
    cube 3561.493 (depth 1, 36 lits): UNSAT in 0.02s
    cube 3561.494 (depth 1, 36 lits): UNSAT in 0.02s
    cube 3561.495 (depth 1, 36 lits): UNSAT in 0.02s
    cube 3561.496 (depth 1, 36 lits): UNSAT in 0.03s
    cube 3561.497 (depth 1, 36 lits): UNSAT in 0.02s
    cube 3561.498 (depth 1, 36 lits): UNSAT in 0.04s
    cube 3561.499 (depth 1, 35 lits): UNSAT in 0.01s
    cube 3561.500 (depth 1, 36 lits): UNSAT in 0.01s
    cube 3561.501 (depth 1, 36 lits): UNSAT in 0.01s
    cube 3561.502 (depth 1, 36 lits): UNSAT in 0.02s
    cube 3561.503 (depth 1, 36 lits): UNSAT in 0.02s
    cube 3561.504 (depth 1, 36 lits): UNSAT in 0.01s
    cube 3561.505 (depth 1, 36 lits): UNSAT in 0.02s
    cube 3561.506 (depth 1, 36 lits): UNSAT in 0.02s
    cube 3561.507 (depth 1, 36 lits): UNSAT in 0.01s
    cube 3561.508 (depth 1, 36 lits): UNSAT in 0.02s
    cube 3561.509 (depth 1, 36 lits): UNSAT in 0.03s
    cube 3561.510 (depth 1, 36 lits): UNSAT in 0.02s
    cube 3561.511 (depth 1, 36 lits): UNSAT in 0.04s
    cube 3561.512 (depth 1, 36 lits): UNSAT in 0.02s
    cube 3561.513 (depth 1, 36 lits): UNSAT in 0.05s
    cube 3561.514 (depth 1, 32 lits): UNSAT in 0.02s
    cube 3561.515 (depth 1, 33 lits): UNSAT in 0.01s
    cube 3561.516 (depth 1, 35 lits): UNSAT in 0.01s
    cube 3561.517 (depth 1, 35 lits): UNSAT in 0.01s
    cube 3561.518 (depth 1, 35 lits): UNSAT in 0.01s
    cube 3561.519 (depth 1, 35 lits): UNSAT in 0.02s
    cube 3561.520 (depth 1, 33 lits): UNSAT in 0.01s
    cube 3561.521 (depth 1, 34 lits): UNSAT in 0.01s
    cube 3561.522 (depth 1, 34 lits): UNSAT in 0.02s
    cube 3561.523 (depth 1, 36 lits): UNSAT in 0.02s
    cube 3561.524 (depth 1, 36 lits): UNSAT in 0.03s
    cube 3561.525 (depth 1, 36 lits): UNSAT in 0.02s
    cube 3561.526 (depth 1, 36 lits): UNSAT in 0.05s
    cube 3561.527 (depth 1, 36 lits): UNSAT in 0.03s
    cube 3561.528 (depth 1, 36 lits): UNSAT in 0.06s
    cube 3561.529 (depth 1, 36 lits): UNSAT in 0.07s
    cube 3561.530 (depth 1, 36 lits): UNSAT in 0.12s
    cube 3561.531 (depth 1, 36 lits): UNSAT in 0.02s
    cube 3561.532 (depth 1, 36 lits): UNSAT in 0.03s
    cube 3561.533 (depth 1, 36 lits): UNSAT in 0.03s
    cube 3561.534 (depth 1, 36 lits): UNSAT in 0.06s
    cube 3561.535 (depth 1, 36 lits): UNSAT in 0.05s
    cube 3561.536 (depth 1, 36 lits): UNSAT in 0.12s
    cube 3561.537 (depth 1, 36 lits): UNSAT in 0.05s
    cube 3561.538 (depth 1, 36 lits): UNSAT in 0.13s
    cube 3561.539 (depth 1, 35 lits): UNSAT in 0.01s
    cube 3561.540 (depth 1, 35 lits): UNSAT in 0.02s
    cube 3561.541 (depth 1, 36 lits): UNSAT in 0.01s
    cube 3561.542 (depth 1, 36 lits): UNSAT in 0.02s
    cube 3561.543 (depth 1, 36 lits): UNSAT in 0.01s
    cube 3561.544 (depth 1, 36 lits): UNSAT in 0.02s
    cube 3561.545 (depth 1, 36 lits): UNSAT in 0.01s
    cube 3561.546 (depth 1, 36 lits): UNSAT in 0.02s
    cube 3561.547 (depth 1, 36 lits): UNSAT in 0.02s
    cube 3561.548 (depth 1, 36 lits): UNSAT in 0.02s
    cube 3561.549 (depth 1, 35 lits): UNSAT in 0.02s
    cube 3561.550 (depth 1, 36 lits): UNSAT in 0.02s
    cube 3561.551 (depth 1, 36 lits): UNSAT in 0.03s
    cube 3561.552 (depth 1, 36 lits): UNSAT in 0.02s
    cube 3561.553 (depth 1, 36 lits): UNSAT in 0.02s
    cube 3561.554 (depth 1, 36 lits): UNSAT in 0.02s
    cube 3561.555 (depth 1, 36 lits): UNSAT in 0.02s
    cube 3561.556 (depth 1, 36 lits): UNSAT in 0.02s
    cube 3561.557 (depth 1, 36 lits): UNSAT in 0.05s
    cube 3561.558 (depth 1, 36 lits): UNSAT in 0.05s
    cube 3561.559 (depth 1, 36 lits): UNSAT in 0.05s
    cube 3561.560 (depth 1, 36 lits): UNSAT in 0.01s
    cube 3561.561 (depth 1, 36 lits): UNSAT in 0.02s
    cube 3561.562 (depth 1, 36 lits): UNSAT in 0.03s
    cube 3561.563 (depth 1, 36 lits): UNSAT in 0.04s
    cube 3561.564 (depth 1, 36 lits): UNSAT in 0.02s
    cube 3561.565 (depth 1, 36 lits): UNSAT in 0.05s
    cube 3561.566 (depth 1, 36 lits): UNSAT in 0.02s
    cube 3561.567 (depth 1, 36 lits): UNSAT in 0.08s
    cube 3561.568 (depth 1, 34 lits): UNSAT in 0.01s
    cube 3561.569 (depth 1, 34 lits): UNSAT in 0.02s
    cube 3561.570 (depth 1, 36 lits): UNSAT in 0.02s
    cube 3561.571 (depth 1, 36 lits): UNSAT in 0.02s
    cube 3561.572 (depth 1, 36 lits): UNSAT in 0.03s
    cube 3561.573 (depth 1, 36 lits): UNSAT in 0.02s
    cube 3561.574 (depth 1, 35 lits): UNSAT in 0.01s
    cube 3561.575 (depth 1, 36 lits): UNSAT in 0.03s
    cube 3561.576 (depth 1, 36 lits): UNSAT in 0.05s
    cube 3561.577 (depth 1, 36 lits): UNSAT in 0.02s
    cube 3561.578 (depth 1, 36 lits): UNSAT in 0.03s
    cube 3561.579 (depth 1, 36 lits): UNSAT in 0.03s
    cube 3561.580 (depth 1, 36 lits): UNSAT in 0.02s
    cube 3561.581 (depth 1, 36 lits): UNSAT in 0.04s
    cube 3561.582 (depth 1, 36 lits): UNSAT in 0.06s
    cube 3561.583 (depth 1, 36 lits): UNSAT in 0.05s
    cube 3561.584 (depth 1, 36 lits): UNSAT in 0.10s
    cube 3561.585 (depth 1, 36 lits): UNSAT in 0.02s
    cube 3561.586 (depth 1, 36 lits): UNSAT in 0.02s
    cube 3561.587 (depth 1, 36 lits): UNSAT in 0.03s
    cube 3561.588 (depth 1, 36 lits): UNSAT in 0.06s
    cube 3561.589 (depth 1, 36 lits): UNSAT in 0.02s
    cube 3561.590 (depth 1, 36 lits): UNSAT in 0.07s
    cube 3561.591 (depth 1, 36 lits): UNSAT in 0.02s
    cube 3561.592 (depth 1, 36 lits): UNSAT in 0.10s
    cube 3561.593 (depth 1, 34 lits): UNSAT in 0.01s
    cube 3561.594 (depth 1, 34 lits): UNSAT in 0.02s
    cube 3561.595 (depth 1, 34 lits): UNSAT in 0.02s
    cube 3561.596 (depth 1, 36 lits): UNSAT in 0.03s
    cube 3561.597 (depth 1, 36 lits): UNSAT in 0.04s
    cube 3561.598 (depth 1, 35 lits): UNSAT in 0.02s
    cube 3561.599 (depth 1, 34 lits): UNSAT in 0.01s
    cube 3561.600 (depth 1, 36 lits): UNSAT in 0.02s
    cube 3561.601 (depth 1, 36 lits): UNSAT in 0.02s
    cube 3561.602 (depth 1, 35 lits): UNSAT in 0.02s
    cube 3561.603 (depth 1, 36 lits): UNSAT in 0.01s
    cube 3561.604 (depth 1, 36 lits): UNSAT in 0.02s
    cube 3561.605 (depth 1, 35 lits): UNSAT in 0.02s
    cube 3561.606 (depth 1, 36 lits): UNSAT in 0.03s
    cube 3561.607 (depth 1, 36 lits): UNSAT in 0.02s
    cube 3561.608 (depth 1, 36 lits): UNSAT in 0.02s
    cube 3561.609 (depth 1, 36 lits): UNSAT in 0.02s
    cube 3561.610 (depth 1, 36 lits): UNSAT in 0.01s
    cube 3561.611 (depth 1, 36 lits): UNSAT in 0.02s
    cube 3561.612 (depth 1, 36 lits): UNSAT in 0.02s
    cube 3561.613 (depth 1, 36 lits): UNSAT in 0.02s
    cube 3561.614 (depth 1, 36 lits): UNSAT in 0.02s
    cube 3561.615 (depth 1, 36 lits): UNSAT in 0.02s
    cube 3561.616 (depth 1, 36 lits): UNSAT in 0.02s
    cube 3561.617 (depth 1, 36 lits): UNSAT in 0.03s
    cube 3561.618 (depth 1, 36 lits): UNSAT in 0.01s
    cube 3561.619 (depth 1, 36 lits): UNSAT in 0.02s
    cube 3561.620 (depth 1, 36 lits): UNSAT in 0.02s
    cube 3561.621 (depth 1, 36 lits): UNSAT in 0.02s
    cube 3561.622 (depth 1, 36 lits): UNSAT in 0.04s
    cube 3561.623 (depth 1, 36 lits): UNSAT in 0.07s
    cube 3561.624 (depth 1, 36 lits): UNSAT in 0.08s
    cube 3561.625 (depth 1, 36 lits): UNSAT in 0.10s
    cube 3561.626 (depth 1, 36 lits): UNSAT in 0.02s
    cube 3561.627 (depth 1, 36 lits): UNSAT in 0.04s
    cube 3561.628 (depth 1, 36 lits): UNSAT in 0.06s
    cube 3561.629 (depth 1, 36 lits): UNSAT in 0.07s
    cube 3561.630 (depth 1, 36 lits): UNSAT in 0.03s
    cube 3561.631 (depth 1, 36 lits): UNSAT in 0.02s
    cube 3561.632 (depth 1, 36 lits): UNSAT in 0.02s
    cube 3561.633 (depth 1, 36 lits): UNSAT in 0.03s
    cube 3561.634 (depth 1, 36 lits): UNSAT in 0.02s
    cube 3561.635 (depth 1, 36 lits): UNSAT in 0.04s
    cube 3561.636 (depth 1, 36 lits): UNSAT in 0.02s
    cube 3561.637 (depth 1, 36 lits): UNSAT in 0.05s
    cube 3561.638 (depth 1, 36 lits): UNSAT in 0.04s
    cube 3561.639 (depth 1, 36 lits): UNSAT in 0.04s
    cube 3561.640 (depth 1, 36 lits): UNSAT in 0.02s
    cube 3561.641 (depth 1, 36 lits): UNSAT in 0.05s
    cube 3561.642 (depth 1, 33 lits): UNSAT in 0.01s
    cube 3561.643 (depth 1, 34 lits): UNSAT in 0.02s
    cube 3561.644 (depth 1, 35 lits): UNSAT in 0.01s
    cube 3561.645 (depth 1, 35 lits): UNSAT in 0.02s
    cube 3561.646 (depth 1, 35 lits): UNSAT in 0.02s
    cube 3561.647 (depth 1, 35 lits): UNSAT in 0.02s
    cube 3561.648 (depth 1, 36 lits): UNSAT in 0.02s
    cube 3561.649 (depth 1, 36 lits): UNSAT in 0.02s
    cube 3561.650 (depth 1, 35 lits): UNSAT in 0.02s
    cube 3561.651 (depth 1, 35 lits): UNSAT in 0.02s
    cube 3561.652 (depth 1, 36 lits): UNSAT in 0.01s
    cube 3561.653 (depth 1, 36 lits): UNSAT in 0.02s
    cube 3561.654 (depth 1, 36 lits): UNSAT in 0.02s
    cube 3561.655 (depth 1, 36 lits): UNSAT in 0.02s
    cube 3561.656 (depth 1, 36 lits): UNSAT in 0.01s
    cube 3561.657 (depth 1, 36 lits): UNSAT in 0.02s
    cube 3561.658 (depth 1, 35 lits): UNSAT in 0.02s
    cube 3561.659 (depth 1, 35 lits): UNSAT in 0.02s
    cube 3561.660 (depth 1, 36 lits): UNSAT in 0.01s
    cube 3561.661 (depth 1, 36 lits): UNSAT in 0.02s
    cube 3561.662 (depth 1, 36 lits): UNSAT in 0.02s
    cube 3561.663 (depth 1, 36 lits): UNSAT in 0.04s
    cube 3561.664 (depth 1, 36 lits): UNSAT in 0.02s
    cube 3561.665 (depth 1, 36 lits): UNSAT in 0.03s
    cube 3561.666 (depth 1, 36 lits): UNSAT in 0.02s
    cube 3561.667 (depth 1, 36 lits): UNSAT in 0.03s
    cube 3561.668 (depth 1, 36 lits): UNSAT in 0.04s
    cube 3561.669 (depth 1, 36 lits): UNSAT in 0.03s
    cube 3561.670 (depth 1, 36 lits): UNSAT in 0.05s
    cube 3561.671 (depth 1, 36 lits): UNSAT in 0.03s
    cube 3561.672 (depth 1, 36 lits): UNSAT in 0.02s
    cube 3561.673 (depth 1, 36 lits): UNSAT in 0.02s
    cube 3561.674 (depth 1, 36 lits): UNSAT in 0.03s
    cube 3561.675 (depth 1, 36 lits): UNSAT in 0.05s
    cube 3561.676 (depth 1, 36 lits): UNSAT in 0.02s
    cube 3561.677 (depth 1, 36 lits): UNSAT in 0.07s
    cube 3561.678 (depth 1, 36 lits): UNSAT in 0.04s
    cube 3561.679 (depth 1, 36 lits): UNSAT in 0.08s
    cube 3561.680 (depth 1, 36 lits): UNSAT in 0.02s
    cube 3561.681 (depth 1, 36 lits): UNSAT in 0.05s
    cube 3561.682 (depth 1, 36 lits): UNSAT in 0.07s
    cube 3561.683 (depth 1, 36 lits): UNSAT in 0.11s
    cube 3561.684 (depth 1, 36 lits): UNSAT in 0.02s
    cube 3561.685 (depth 1, 36 lits): UNSAT in 0.03s
    cube 3561.686 (depth 1, 36 lits): UNSAT in 0.05s
    cube 3561.687 (depth 1, 36 lits): UNSAT in 0.03s
    cube 3561.688 (depth 1, 34 lits): UNSAT in 0.01s
    cube 3561.689 (depth 1, 35 lits): UNSAT in 0.01s
    cube 3561.690 (depth 1, 35 lits): UNSAT in 0.02s
    cube 3561.691 (depth 1, 33 lits): UNSAT in 0.02s
    cube 3561.692 (depth 1, 33 lits): UNSAT in 0.02s
    cube 3561.693 (depth 1, 34 lits): UNSAT in 0.01s
    cube 3561.694 (depth 1, 35 lits): UNSAT in 0.01s
    cube 3561.695 (depth 1, 36 lits): UNSAT in 0.01s
    cube 3561.696 (depth 1, 36 lits): UNSAT in 0.02s
    cube 3561.697 (depth 1, 35 lits): UNSAT in 0.01s
    cube 3561.698 (depth 1, 35 lits): UNSAT in 0.02s
    cube 3561.699 (depth 1, 35 lits): UNSAT in 0.02s
    cube 3561.700 (depth 1, 35 lits): UNSAT in 0.02s
    cube 3561.701 (depth 1, 35 lits): UNSAT in 0.01s
    cube 3561.702 (depth 1, 36 lits): UNSAT in 0.02s
    cube 3561.703 (depth 1, 36 lits): UNSAT in 0.02s
    cube 3561.704 (depth 1, 35 lits): UNSAT in 0.02s
    cube 3561.705 (depth 1, 36 lits): UNSAT in 0.02s
    cube 3561.706 (depth 1, 36 lits): UNSAT in 0.03s
    cube 3561.707 (depth 1, 34 lits): UNSAT in 0.02s
    cube 3561.708 (depth 1, 36 lits): UNSAT in 0.01s
    cube 3561.709 (depth 1, 36 lits): UNSAT in 0.02s
    cube 3561.710 (depth 1, 36 lits): UNSAT in 0.02s
    cube 3561.711 (depth 1, 36 lits): UNSAT in 0.02s
    cube 3561.712 (depth 1, 35 lits): UNSAT in 0.02s
    cube 3561.713 (depth 1, 35 lits): UNSAT in 0.02s
    cube 3561.714 (depth 1, 36 lits): UNSAT in 0.02s
    cube 3561.715 (depth 1, 36 lits): UNSAT in 0.02s
    cube 3561.716 (depth 1, 36 lits): UNSAT in 0.02s
    cube 3561.717 (depth 1, 36 lits): UNSAT in 0.02s
    cube 3561.718 (depth 1, 33 lits): UNSAT in 0.01s
    cube 3561.719 (depth 1, 35 lits): UNSAT in 0.01s
    cube 3561.720 (depth 1, 35 lits): UNSAT in 0.02s
    cube 3561.721 (depth 1, 36 lits): UNSAT in 0.02s
    cube 3561.722 (depth 1, 36 lits): UNSAT in 0.02s
    cube 3561.723 (depth 1, 36 lits): UNSAT in 0.02s
    cube 3561.724 (depth 1, 36 lits): UNSAT in 0.02s
    cube 3561.725 (depth 1, 33 lits): UNSAT in 0.02s
    cube 3561.726 (depth 1, 35 lits): UNSAT in 0.02s
    cube 3561.727 (depth 1, 36 lits): UNSAT in 0.02s
    cube 3561.728 (depth 1, 36 lits): UNSAT in 0.02s
    cube 3561.729 (depth 1, 35 lits): UNSAT in 0.02s
    cube 3561.730 (depth 1, 35 lits): UNSAT in 0.01s
    cube 3561.731 (depth 1, 34 lits): UNSAT in 0.01s
    cube 3561.732 (depth 1, 35 lits): UNSAT in 0.01s
    cube 3561.733 (depth 1, 35 lits): UNSAT in 0.02s
    cube 3561.734 (depth 1, 36 lits): UNSAT in 0.02s
    cube 3561.735 (depth 1, 36 lits): UNSAT in 0.02s
    cube 3561.736 (depth 1, 35 lits): UNSAT in 0.02s
    cube 3561.737 (depth 1, 34 lits): UNSAT in 0.02s
    cube 3561.738 (depth 1, 36 lits): UNSAT in 0.01s
    cube 3561.739 (depth 1, 36 lits): UNSAT in 0.02s
    cube 3561.740 (depth 1, 36 lits): UNSAT in 0.02s
    cube 3561.741 (depth 1, 36 lits): UNSAT in 0.02s
    cube 3561.742 (depth 1, 36 lits): UNSAT in 0.02s
    cube 3561.743 (depth 1, 36 lits): UNSAT in 0.04s
    cube 3561.744 (depth 1, 36 lits): UNSAT in 0.02s
    cube 3561.745 (depth 1, 36 lits): UNSAT in 0.04s
    cube 3561.746 (depth 1, 36 lits): UNSAT in 0.02s
    cube 3561.747 (depth 1, 36 lits): UNSAT in 0.07s
    cube 3561.748 (depth 1, 36 lits): UNSAT in 0.02s
    cube 3561.749 (depth 1, 36 lits): UNSAT in 0.05s
    cube 3561.750 (depth 1, 36 lits): UNSAT in 0.07s
    cube 3561.751 (depth 1, 36 lits): UNSAT in 0.07s
    cube 3561.752 (depth 1, 36 lits): UNSAT in 0.19s
    cube 3561.753 (depth 1, 36 lits): UNSAT in 0.24s
    cube 3561.754 (depth 1, 33 lits): UNSAT in 0.02s
    cube 3561.755 (depth 1, 33 lits): UNSAT in 0.02s
    cube 3561.756 (depth 1, 34 lits): UNSAT in 0.01s
    cube 3561.757 (depth 1, 36 lits): UNSAT in 0.02s
    cube 3561.758 (depth 1, 36 lits): UNSAT in 0.01s
    cube 3561.759 (depth 1, 35 lits): UNSAT in 0.02s
    cube 3561.760 (depth 1, 36 lits): UNSAT in 0.02s
    cube 3561.761 (depth 1, 36 lits): UNSAT in 0.02s
    cube 3561.762 (depth 1, 35 lits): UNSAT in 0.02s
    cube 3561.763 (depth 1, 34 lits): UNSAT in 0.02s
    cube 3561.764 (depth 1, 35 lits): UNSAT in 0.01s
    cube 3561.765 (depth 1, 35 lits): UNSAT in 0.02s
    cube 3561.766 (depth 1, 34 lits): UNSAT in 0.02s
    cube 3561.767 (depth 1, 35 lits): UNSAT in 0.02s
    cube 3561.768 (depth 1, 36 lits): UNSAT in 0.02s
    cube 3561.769 (depth 1, 36 lits): UNSAT in 0.03s
    cube 3561.770 (depth 1, 36 lits): UNSAT in 0.02s
    cube 3561.771 (depth 1, 36 lits): UNSAT in 0.03s
    cube 3561.772 (depth 1, 36 lits): UNSAT in 0.04s
    cube 3561.773 (depth 1, 36 lits): UNSAT in 0.10s
    cube 3561.774 (depth 1, 35 lits): UNSAT in 0.02s
    cube 3561.775 (depth 1, 36 lits): UNSAT in 0.02s
    cube 3561.776 (depth 1, 36 lits): UNSAT in 0.02s
    cube 3561.777 (depth 1, 35 lits): UNSAT in 0.01s
    cube 3561.778 (depth 1, 36 lits): UNSAT in 0.02s
    cube 3561.779 (depth 1, 36 lits): UNSAT in 0.03s
    cube 3561.780 (depth 1, 36 lits): UNSAT in 0.01s
    cube 3561.781 (depth 1, 36 lits): UNSAT in 0.02s
    cube 3561.782 (depth 1, 36 lits): UNSAT in 0.03s
    cube 3561.783 (depth 1, 36 lits): UNSAT in 0.04s
    cube 3561.784 (depth 1, 36 lits): UNSAT in 0.03s
    cube 3561.785 (depth 1, 36 lits): UNSAT in 0.07s
    cube 3561.786 (depth 1, 36 lits): UNSAT in 0.14s
    cube 3561.787 (depth 1, 36 lits): UNSAT in 0.27s
    cube 3561.788 (depth 1, 36 lits): UNSAT in 0.01s
    cube 3561.789 (depth 1, 36 lits): UNSAT in 0.01s
    cube 3561.790 (depth 1, 36 lits): UNSAT in 0.02s
    cube 3561.791 (depth 1, 36 lits): UNSAT in 0.02s
    cube 3561.792 (depth 1, 34 lits): UNSAT in 0.02s
    cube 3561.793 (depth 1, 36 lits): UNSAT in 0.01s
    cube 3561.794 (depth 1, 36 lits): UNSAT in 0.01s
    cube 3561.795 (depth 1, 35 lits): UNSAT in 0.02s
    cube 3561.796 (depth 1, 36 lits): UNSAT in 0.02s
    cube 3561.797 (depth 1, 36 lits): UNSAT in 0.02s
    cube 3561.798 (depth 1, 35 lits): UNSAT in 0.02s
    cube 3561.799 (depth 1, 36 lits): UNSAT in 0.01s
    cube 3561.800 (depth 1, 36 lits): UNSAT in 0.02s
    cube 3561.801 (depth 1, 36 lits): UNSAT in 0.02s
    cube 3561.802 (depth 1, 36 lits): UNSAT in 0.03s
    cube 3561.803 (depth 1, 36 lits): UNSAT in 0.02s
    cube 3561.804 (depth 1, 36 lits): UNSAT in 0.05s
    cube 3561.805 (depth 1, 36 lits): UNSAT in 0.02s
    cube 3561.806 (depth 1, 36 lits): UNSAT in 0.06s
    cube 3561.807 (depth 1, 36 lits): UNSAT in 0.02s
    cube 3561.808 (depth 1, 36 lits): UNSAT in 0.02s
    cube 3561.809 (depth 1, 36 lits): UNSAT in 0.02s
    cube 3561.810 (depth 1, 36 lits): UNSAT in 0.02s
    cube 3561.811 (depth 1, 36 lits): UNSAT in 0.02s
    cube 3561.812 (depth 1, 36 lits): UNSAT in 0.04s
    cube 3561.813 (depth 1, 36 lits): UNSAT in 0.09s
    cube 3561.814 (depth 1, 36 lits): UNSAT in 0.20s
    cube 3561.815 (depth 1, 34 lits): UNSAT in 0.01s
    cube 3561.816 (depth 1, 36 lits): UNSAT in 0.02s
    cube 3561.817 (depth 1, 36 lits): UNSAT in 0.02s
    cube 3561.818 (depth 1, 36 lits): UNSAT in 0.03s
    cube 3561.819 (depth 1, 36 lits): UNSAT in 0.03s
    cube 3561.820 (depth 1, 36 lits): UNSAT in 0.03s
    cube 3561.821 (depth 1, 36 lits): UNSAT in 0.05s
    cube 3561.822 (depth 1, 36 lits): UNSAT in 0.04s
    cube 3561.823 (depth 1, 36 lits): UNSAT in 0.12s
    cube 3561.824 (depth 1, 36 lits): UNSAT in 0.05s
    cube 3561.825 (depth 1, 36 lits): UNSAT in 0.11s
    cube 3561.826 (depth 1, 36 lits): UNSAT in 0.07s
    cube 3561.827 (depth 1, 36 lits): UNSAT in 0.61s
    cube 3561.828 (depth 1, 36 lits): UNSAT in 0.02s
    cube 3561.829 (depth 1, 36 lits): UNSAT in 0.02s
    cube 3561.830 (depth 1, 36 lits): UNSAT in 0.02s
    cube 3561.831 (depth 1, 36 lits): UNSAT in 0.04s
    cube 3561.832 (depth 1, 36 lits): UNSAT in 0.06s
    cube 3561.833 (depth 1, 36 lits): UNSAT in 0.19s
    cube 3561.834 (depth 1, 36 lits): UNSAT in 0.09s
    cube 3561.835 (depth 1, 36 lits): UNSAT in 1.84s
    cube 3561.836 (depth 1, 35 lits): UNSAT in 0.01s
    cube 3561.837 (depth 1, 36 lits): UNSAT in 0.03s
    cube 3561.838 (depth 1, 36 lits): UNSAT in 0.06s
    cube 3561.839 (depth 1, 36 lits): UNSAT in 0.05s
    cube 3561.840 (depth 1, 36 lits): UNSAT in 0.28s
    cube 3561.841 (depth 1, 36 lits): UNSAT in 0.10s
    cube 3561.842 (depth 1, 36 lits): UNSAT in 1.15s
    cube 3561.843 (depth 1, 34 lits): UNSAT in 0.01s
    cube 3561.844 (depth 1, 36 lits): UNSAT in 0.01s
    cube 3561.845 (depth 1, 36 lits): UNSAT in 0.01s
    cube 3561.846 (depth 1, 35 lits): UNSAT in 0.02s
    cube 3561.847 (depth 1, 34 lits): UNSAT in 0.01s
    cube 3561.848 (depth 1, 35 lits): UNSAT in 0.02s
    cube 3561.849 (depth 1, 35 lits): UNSAT in 0.02s
    cube 3561.850 (depth 1, 34 lits): UNSAT in 0.02s
    cube 3561.851 (depth 1, 35 lits): UNSAT in 0.02s
    cube 3561.852 (depth 1, 35 lits): UNSAT in 0.02s
    cube 3561.853 (depth 1, 35 lits): UNSAT in 0.02s
    cube 3561.854 (depth 1, 36 lits): UNSAT in 0.02s
    cube 3561.855 (depth 1, 36 lits): UNSAT in 0.03s
    cube 3561.856 (depth 1, 36 lits): UNSAT in 0.02s
    cube 3561.857 (depth 1, 36 lits): UNSAT in 0.02s
    cube 3561.858 (depth 1, 36 lits): UNSAT in 0.01s
    cube 3561.859 (depth 1, 36 lits): UNSAT in 0.03s
    cube 3561.860 (depth 1, 35 lits): UNSAT in 0.01s
    cube 3561.861 (depth 1, 36 lits): UNSAT in 0.02s
    cube 3561.862 (depth 1, 36 lits): UNSAT in 0.01s
    cube 3561.863 (depth 1, 36 lits): UNSAT in 0.02s
    cube 3561.864 (depth 1, 36 lits): UNSAT in 0.02s
    cube 3561.865 (depth 1, 36 lits): UNSAT in 0.02s
    cube 3561.866 (depth 1, 36 lits): UNSAT in 0.02s
    cube 3561.867 (depth 1, 34 lits): UNSAT in 0.01s
    cube 3561.868 (depth 1, 35 lits): UNSAT in 0.02s
    cube 3561.869 (depth 1, 36 lits): UNSAT in 0.03s
    cube 3561.870 (depth 1, 36 lits): UNSAT in 0.03s
    cube 3561.871 (depth 1, 36 lits): UNSAT in 0.02s
    cube 3561.872 (depth 1, 36 lits): UNSAT in 0.03s
    cube 3561.873 (depth 1, 36 lits): UNSAT in 0.02s
    cube 3561.874 (depth 1, 36 lits): UNSAT in 0.05s
    cube 3561.875 (depth 1, 36 lits): UNSAT in 0.01s
    cube 3561.876 (depth 1, 36 lits): UNSAT in 0.02s
    cube 3561.877 (depth 1, 36 lits): UNSAT in 0.03s
    cube 3561.878 (depth 1, 36 lits): UNSAT in 0.04s
    cube 3561.879 (depth 1, 36 lits): UNSAT in 0.02s
    cube 3561.880 (depth 1, 36 lits): UNSAT in 0.05s
    cube 3561.881 (depth 1, 36 lits): UNSAT in 0.02s
    cube 3561.882 (depth 1, 36 lits): UNSAT in 0.05s
    cube 3561.883 (depth 1, 36 lits): UNSAT in 0.05s
    cube 3561.884 (depth 1, 36 lits): UNSAT in 0.06s
    cube 3561.885 (depth 1, 36 lits): UNSAT in 0.07s
    cube 3561.886 (depth 1, 36 lits): UNSAT in 0.19s
    cube 3561.887 (depth 1, 35 lits): UNSAT in 0.01s
    cube 3561.888 (depth 1, 36 lits): UNSAT in 0.02s
    cube 3561.889 (depth 1, 36 lits): UNSAT in 0.02s
    cube 3561.890 (depth 1, 35 lits): UNSAT in 0.02s
    cube 3561.891 (depth 1, 35 lits): UNSAT in 0.02s
    cube 3561.892 (depth 1, 35 lits): UNSAT in 0.01s
    cube 3561.893 (depth 1, 36 lits): UNSAT in 0.02s
    cube 3561.894 (depth 1, 36 lits): UNSAT in 0.02s
    cube 3561.895 (depth 1, 36 lits): UNSAT in 0.03s
    cube 3561.896 (depth 1, 36 lits): UNSAT in 0.02s
    cube 3561.897 (depth 1, 36 lits): UNSAT in 0.02s
    cube 3561.898 (depth 1, 36 lits): UNSAT in 0.05s
    cube 3561.899 (depth 1, 36 lits): UNSAT in 0.02s
    cube 3561.900 (depth 1, 36 lits): UNSAT in 0.03s
    cube 3561.901 (depth 1, 36 lits): UNSAT in 0.02s
    cube 3561.902 (depth 1, 36 lits): UNSAT in 0.03s
    cube 3561.903 (depth 1, 36 lits): UNSAT in 0.02s
    cube 3561.904 (depth 1, 36 lits): UNSAT in 0.03s
    cube 3561.905 (depth 1, 36 lits): UNSAT in 0.06s
    cube 3561.906 (depth 1, 36 lits): UNSAT in 0.05s
    cube 3561.907 (depth 1, 36 lits): UNSAT in 0.02s
    cube 3561.908 (depth 1, 36 lits): UNSAT in 0.02s
    cube 3561.909 (depth 1, 36 lits): UNSAT in 0.02s
    cube 3561.910 (depth 1, 36 lits): UNSAT in 0.11s
    cube 3561.911 (depth 1, 36 lits): UNSAT in 0.06s
    cube 3561.912 (depth 1, 36 lits): UNSAT in 0.06s
    cube 3561.913 (depth 1, 36 lits): UNSAT in 0.12s
    cube 3561.914 (depth 1, 36 lits): UNSAT in 0.08s
    cube 3561.915 (depth 1, 36 lits): UNSAT in 0.02s
    cube 3561.916 (depth 1, 36 lits): UNSAT in 0.02s
    cube 3561.917 (depth 1, 36 lits): UNSAT in 0.02s
    cube 3561.918 (depth 1, 36 lits): UNSAT in 0.03s
    cube 3561.919 (depth 1, 36 lits): UNSAT in 0.01s
    cube 3561.920 (depth 1, 36 lits): UNSAT in 0.02s
    cube 3561.921 (depth 1, 36 lits): UNSAT in 0.04s
    cube 3561.922 (depth 1, 36 lits): UNSAT in 0.06s
    cube 3561.923 (depth 1, 36 lits): UNSAT in 0.02s
    cube 3561.924 (depth 1, 36 lits): UNSAT in 0.03s
    cube 3561.925 (depth 1, 36 lits): UNSAT in 0.02s
    cube 3561.926 (depth 1, 36 lits): UNSAT in 0.05s
    cube 3561.927 (depth 1, 36 lits): UNSAT in 0.02s
    cube 3561.928 (depth 1, 36 lits): UNSAT in 0.02s
    cube 3561.929 (depth 1, 36 lits): UNSAT in 0.02s
    cube 3561.930 (depth 1, 36 lits): UNSAT in 0.06s
    cube 3561.931 (depth 1, 35 lits): UNSAT in 0.01s
    cube 3561.932 (depth 1, 36 lits): UNSAT in 0.02s
    cube 3561.933 (depth 1, 36 lits): UNSAT in 0.01s
    cube 3561.934 (depth 1, 36 lits): UNSAT in 0.10s
    cube 3561.935 (depth 1, 36 lits): UNSAT in 0.06s
    cube 3561.936 (depth 1, 36 lits): UNSAT in 0.14s
    cube 3561.937 (depth 1, 36 lits): UNSAT in 0.03s
    cube 3561.938 (depth 1, 36 lits): UNSAT in 0.03s
    cube 3561.939 (depth 1, 36 lits): UNSAT in 0.13s
    cube 3561.940 (depth 1, 36 lits): UNSAT in 0.04s
    cube 3561.941 (depth 1, 36 lits): UNSAT in 0.04s
    cube 3561.942 (depth 1, 36 lits): UNSAT in 0.02s
    cube 3561.943 (depth 1, 36 lits): UNSAT in 0.26s
    cube 3561.944 (depth 1, 36 lits): UNSAT in 0.13s
    cube 3561.945 (depth 1, 36 lits): UNSAT in 0.62s
    cube 3561.946 (depth 1, 35 lits): UNSAT in 0.01s
    cube 3561.947 (depth 1, 36 lits): UNSAT in 0.01s
    cube 3561.948 (depth 1, 36 lits): UNSAT in 0.01s
    cube 3561.949 (depth 1, 34 lits): UNSAT in 0.02s
    cube 3561.950 (depth 1, 36 lits): UNSAT in 0.01s
    cube 3561.951 (depth 1, 36 lits): UNSAT in 0.01s
    cube 3561.952 (depth 1, 35 lits): UNSAT in 0.02s
    cube 3561.953 (depth 1, 36 lits): UNSAT in 0.02s
    cube 3561.954 (depth 1, 36 lits): UNSAT in 0.02s
    cube 3561.955 (depth 1, 36 lits): UNSAT in 0.01s
    cube 3561.956 (depth 1, 36 lits): UNSAT in 0.02s
    cube 3561.957 (depth 1, 36 lits): UNSAT in 0.02s
    cube 3561.958 (depth 1, 36 lits): UNSAT in 0.02s
    cube 3561.959 (depth 1, 36 lits): UNSAT in 0.01s
    cube 3561.960 (depth 1, 36 lits): UNSAT in 0.02s
    cube 3561.961 (depth 1, 36 lits): UNSAT in 0.02s
    cube 3561.962 (depth 1, 36 lits): UNSAT in 0.02s
    cube 3561.963 (depth 1, 36 lits): UNSAT in 0.02s
    cube 3561.964 (depth 1, 36 lits): UNSAT in 0.03s
    cube 3561.965 (depth 1, 36 lits): UNSAT in 0.01s
    cube 3561.966 (depth 1, 36 lits): UNSAT in 0.01s
    cube 3561.967 (depth 1, 36 lits): UNSAT in 0.04s
    cube 3561.968 (depth 1, 36 lits): UNSAT in 0.04s
    cube 3561.969 (depth 1, 36 lits): UNSAT in 0.02s
    cube 3561.970 (depth 1, 36 lits): UNSAT in 0.02s
    cube 3561.971 (depth 1, 36 lits): UNSAT in 0.06s
    cube 3561.972 (depth 1, 36 lits): UNSAT in 0.17s
    cube 3561.973 (depth 1, 36 lits): UNSAT in 0.02s
    cube 3561.974 (depth 1, 36 lits): UNSAT in 0.03s
    cube 3561.975 (depth 1, 36 lits): UNSAT in 0.02s
    cube 3561.976 (depth 1, 36 lits): UNSAT in 0.03s
    cube 3561.977 (depth 1, 36 lits): UNSAT in 0.02s
    cube 3561.978 (depth 1, 36 lits): UNSAT in 0.02s
    cube 3561.979 (depth 1, 36 lits): UNSAT in 0.04s
    cube 3561.980 (depth 1, 36 lits): UNSAT in 0.02s
    cube 3561.981 (depth 1, 36 lits): UNSAT in 0.02s
    cube 3561.982 (depth 1, 36 lits): UNSAT in 0.03s
    cube 3561.983 (depth 1, 36 lits): UNSAT in 0.02s
    cube 3561.984 (depth 1, 36 lits): UNSAT in 0.03s
    cube 3561.985 (depth 1, 36 lits): UNSAT in 0.02s
    cube 3561.986 (depth 1, 36 lits): UNSAT in 0.08s
    cube 3561.987 (depth 1, 36 lits): UNSAT in 0.06s
    cube 3561.988 (depth 1, 36 lits): UNSAT in 0.14s
    cube 3561.989 (depth 1, 36 lits): UNSAT in 0.01s
    cube 3561.990 (depth 1, 36 lits): UNSAT in 0.03s
    cube 3561.991 (depth 1, 36 lits): UNSAT in 0.03s
    cube 3561.992 (depth 1, 36 lits): UNSAT in 0.05s
    cube 3561.993 (depth 1, 36 lits): UNSAT in 0.02s
    cube 3561.994 (depth 1, 36 lits): UNSAT in 0.04s
    cube 3561.995 (depth 1, 36 lits): UNSAT in 0.03s
    cube 3561.996 (depth 1, 36 lits): UNSAT in 0.06s
    cube 3561.997 (depth 1, 36 lits): UNSAT in 0.02s
    cube 3561.998 (depth 1, 36 lits): UNSAT in 0.07s
    cube 3561.999 (depth 1, 36 lits): UNSAT in 0.09s
    cube 3561.1000 (depth 1, 36 lits): UNSAT in 0.09s
    cube 3561.1001 (depth 1, 36 lits): UNSAT in 0.03s
    cube 3561.1002 (depth 1, 36 lits): UNSAT in 0.03s
    cube 3561.1003 (depth 1, 36 lits): UNSAT in 0.09s
    cube 3561.1004 (depth 1, 36 lits): UNSAT in 0.16s
    cube 3561.1005 (depth 1, 36 lits): UNSAT in 0.02s
    cube 3561.1006 (depth 1, 36 lits): UNSAT in 0.02s
    cube 3561.1007 (depth 1, 36 lits): UNSAT in 0.03s
    cube 3561.1008 (depth 1, 36 lits): UNSAT in 0.03s
    cube 3561.1009 (depth 1, 36 lits): UNSAT in 0.03s
    cube 3561.1010 (depth 1, 36 lits): UNSAT in 0.04s
    cube 3561.1011 (depth 1, 36 lits): UNSAT in 0.03s
    cube 3561.1012 (depth 1, 36 lits): UNSAT in 0.04s
    cube 3561.1013 (depth 1, 36 lits): UNSAT in 0.06s
    cube 3561.1014 (depth 1, 36 lits): UNSAT in 0.03s
    cube 3561.1015 (depth 1, 36 lits): UNSAT in 0.06s
    cube 3561.1016 (depth 1, 36 lits): UNSAT in 0.06s
    cube 3561.1017 (depth 1, 36 lits): UNSAT in 0.11s
    cube 3561.1018 (depth 1, 36 lits): UNSAT in 0.06s
    cube 3561.1019 (depth 1, 36 lits): UNSAT in 0.23s
    cube 3561.1020 (depth 1, 36 lits): UNSAT in 0.17s
    cube 3561.1021 (depth 1, 36 lits): UNSAT in 0.02s
    cube 3561.1022 (depth 1, 36 lits): UNSAT in 0.04s
    cube 3561.1023 (depth 1, 36 lits): UNSAT in 0.04s
    cube 3561.1024 (depth 1, 36 lits): UNSAT in 0.15s
    cube 3561.1025 (depth 1, 36 lits): UNSAT in 0.14s
    cube 3561.1026 (depth 1, 36 lits): UNSAT in 0.11s
    cube 3561.1027 (depth 1, 36 lits): UNSAT in 0.07s
    cube 3561.1028 (depth 1, 36 lits): UNSAT in 0.16s
    cube 3561.1029 (depth 1, 36 lits): UNSAT in 0.02s
    cube 3561.1030 (depth 1, 36 lits): UNSAT in 0.05s
    cube 3561.1031 (depth 1, 36 lits): UNSAT in 0.08s
    cube 3561.1032 (depth 1, 36 lits): UNSAT in 0.14s
    cube 3561.1033 (depth 1, 36 lits): UNSAT in 0.17s
    cube 3561.1034 (depth 1, 36 lits): UNSAT in 0.70s
    cube 3561.1035 (depth 1, 36 lits): UNSAT in 0.29s
    cube 3561.1036 (depth 1, 36 lits): UNSAT in 1.67s
    cube 3561.1037 (depth 1, 36 lits): UNSAT in 0.02s
    cube 3561.1038 (depth 1, 36 lits): UNSAT in 0.03s
    cube 3561.1039 (depth 1, 36 lits): UNSAT in 0.03s
    cube 3561.1040 (depth 1, 36 lits): UNSAT in 0.11s
    cube 3561.1041 (depth 1, 36 lits): UNSAT in 0.09s
    cube 3561.1042 (depth 1, 36 lits): UNSAT in 0.12s
    cube 3561.1043 (depth 1, 36 lits): UNSAT in 0.09s
    cube 3561.1044 (depth 1, 36 lits): UNSAT in 0.68s
    cube 3561.1045 (depth 1, 36 lits): UNSAT in 0.03s
    cube 3561.1046 (depth 1, 36 lits): UNSAT in 0.06s
    cube 3561.1047 (depth 1, 36 lits): UNSAT in 0.10s
    cube 3561.1048 (depth 1, 36 lits): UNSAT in 0.35s
    cube 3561.1049 (depth 1, 36 lits): UNSAT in 0.12s
    cube 3561.1050 (depth 1, 36 lits): UNSAT in 0.65s
    cube 3561.1051 (depth 1, 36 lits): UNSAT in 1.18s
    cube 3561.1052 (depth 1, 36 lits): UNSAT in 4.94s
    cube 3561.1053 (depth 1, 36 lits): UNSAT in 0.03s
    cube 3561.1054 (depth 1, 36 lits): UNSAT in 0.03s
    cube 3561.1055 (depth 1, 36 lits): UNSAT in 0.03s
    cube 3561.1056 (depth 1, 36 lits): UNSAT in 0.06s
    cube 3561.1057 (depth 1, 36 lits): UNSAT in 0.03s
    cube 3561.1058 (depth 1, 36 lits): UNSAT in 0.10s
    cube 3561.1059 (depth 1, 36 lits): UNSAT in 0.08s
    cube 3561.1060 (depth 1, 36 lits): UNSAT in 0.32s
    cube 3561.1061 (depth 1, 36 lits): UNSAT in 0.03s
    cube 3561.1062 (depth 1, 36 lits): UNSAT in 0.04s
    cube 3561.1063 (depth 1, 36 lits): UNSAT in 0.09s
    cube 3561.1064 (depth 1, 36 lits): UNSAT in 0.26s
    cube 3561.1065 (depth 1, 36 lits): UNSAT in 0.24s
    cube 3561.1066 (depth 1, 36 lits): UNSAT in 0.75s
    cube 3561.1067 (depth 1, 36 lits): UNSAT in 0.18s
    cube 3561.1068 (depth 1, 36 lits): UNSAT in 1.82s
    cube 3561.1069 (depth 1, 31 lits): UNSAT in 0.02s
    cube 3561.1070 (depth 1, 33 lits): UNSAT in 0.02s
    cube 3561.1071 (depth 1, 34 lits): UNSAT in 0.02s
    cube 3561.1072 (depth 1, 35 lits): UNSAT in 0.01s
    cube 3561.1073 (depth 1, 35 lits): UNSAT in 0.02s
    cube 3561.1074 (depth 1, 34 lits): UNSAT in 0.01s
    cube 3561.1075 (depth 1, 34 lits): UNSAT in 0.02s
    cube 3561.1076 (depth 1, 35 lits): UNSAT in 0.01s
    cube 3561.1077 (depth 1, 35 lits): UNSAT in 0.02s
    cube 3561.1078 (depth 1, 34 lits): UNSAT in 0.02s
    cube 3561.1079 (depth 1, 33 lits): UNSAT in 0.01s
    cube 3561.1080 (depth 1, 34 lits): UNSAT in 0.02s
    cube 3561.1081 (depth 1, 34 lits): UNSAT in 0.02s
    cube 3561.1082 (depth 1, 35 lits): UNSAT in 0.02s
    cube 3561.1083 (depth 1, 35 lits): UNSAT in 0.03s
    cube 3561.1084 (depth 1, 36 lits): UNSAT in 0.01s
    cube 3561.1085 (depth 1, 36 lits): UNSAT in 0.02s
    cube 3561.1086 (depth 1, 35 lits): UNSAT in 0.02s
    cube 3561.1087 (depth 1, 34 lits): UNSAT in 0.02s
    cube 3561.1088 (depth 1, 34 lits): UNSAT in 0.02s
    cube 3561.1089 (depth 1, 32 lits): UNSAT in 0.02s
    cube 3561.1090 (depth 1, 35 lits): UNSAT in 0.01s
    cube 3561.1091 (depth 1, 35 lits): UNSAT in 0.01s
    cube 3561.1092 (depth 1, 34 lits): UNSAT in 0.02s
    cube 3561.1093 (depth 1, 36 lits): UNSAT in 0.01s
    cube 3561.1094 (depth 1, 36 lits): UNSAT in 0.02s
    cube 3561.1095 (depth 1, 36 lits): UNSAT in 0.02s
    cube 3561.1096 (depth 1, 36 lits): UNSAT in 0.02s
    cube 3561.1097 (depth 1, 35 lits): UNSAT in 0.02s
    cube 3561.1098 (depth 1, 36 lits): UNSAT in 0.01s
    cube 3561.1099 (depth 1, 36 lits): UNSAT in 0.02s
    cube 3561.1100 (depth 1, 33 lits): UNSAT in 0.01s
    cube 3561.1101 (depth 1, 33 lits): UNSAT in 0.02s
    cube 3561.1102 (depth 1, 34 lits): UNSAT in 0.01s
    cube 3561.1103 (depth 1, 35 lits): UNSAT in 0.01s
    cube 3561.1104 (depth 1, 35 lits): UNSAT in 0.02s
    cube 3561.1105 (depth 1, 35 lits): UNSAT in 0.02s
    cube 3561.1106 (depth 1, 35 lits): UNSAT in 0.02s
    cube 3561.1107 (depth 1, 35 lits): UNSAT in 0.02s
    cube 3561.1108 (depth 1, 36 lits): UNSAT in 0.01s
    cube 3561.1109 (depth 1, 36 lits): UNSAT in 0.02s
    cube 3561.1110 (depth 1, 33 lits): UNSAT in 0.02s
    cube 3561.1111 (depth 1, 34 lits): UNSAT in 0.02s
    cube 3561.1112 (depth 1, 36 lits): UNSAT in 0.01s
    cube 3561.1113 (depth 1, 36 lits): UNSAT in 0.02s
    cube 3561.1114 (depth 1, 36 lits): UNSAT in 0.02s
    cube 3561.1115 (depth 1, 36 lits): UNSAT in 0.02s
    cube 3561.1116 (depth 1, 34 lits): UNSAT in 0.02s
    cube 3561.1117 (depth 1, 35 lits): UNSAT in 0.02s
    cube 3561.1118 (depth 1, 36 lits): UNSAT in 0.01s
    cube 3561.1119 (depth 1, 36 lits): UNSAT in 0.02s
    cube 3561.1120 (depth 1, 35 lits): UNSAT in 0.02s
    cube 3561.1121 (depth 1, 36 lits): UNSAT in 0.02s
    cube 3561.1122 (depth 1, 36 lits): UNSAT in 0.03s
    cube 3561.1123 (depth 1, 36 lits): UNSAT in 0.02s
    cube 3561.1124 (depth 1, 36 lits): UNSAT in 0.02s
    cube 3561.1125 (depth 1, 36 lits): UNSAT in 0.02s
    cube 3561.1126 (depth 1, 36 lits): UNSAT in 0.03s
    cube 3561.1127 (depth 1, 35 lits): UNSAT in 0.01s
    cube 3561.1128 (depth 1, 35 lits): UNSAT in 0.02s
    cube 3561.1129 (depth 1, 34 lits): UNSAT in 0.02s
    cube 3561.1130 (depth 1, 34 lits): UNSAT in 0.01s
    cube 3561.1131 (depth 1, 35 lits): UNSAT in 0.02s
    cube 3561.1132 (depth 1, 36 lits): UNSAT in 0.02s
    cube 3561.1133 (depth 1, 36 lits): UNSAT in 0.02s
    cube 3561.1134 (depth 1, 34 lits): UNSAT in 0.01s
    cube 3561.1135 (depth 1, 36 lits): UNSAT in 0.01s
    cube 3561.1136 (depth 1, 36 lits): UNSAT in 0.02s
    cube 3561.1137 (depth 1, 36 lits): UNSAT in 0.02s
    cube 3561.1138 (depth 1, 36 lits): UNSAT in 0.02s
    cube 3561.1139 (depth 1, 35 lits): UNSAT in 0.02s
    cube 3561.1140 (depth 1, 36 lits): UNSAT in 0.01s
    cube 3561.1141 (depth 1, 36 lits): UNSAT in 0.02s
    cube 3561.1142 (depth 1, 35 lits): UNSAT in 0.02s
    cube 3561.1143 (depth 1, 36 lits): UNSAT in 0.02s
    cube 3561.1144 (depth 1, 36 lits): UNSAT in 0.02s
    cube 3561.1145 (depth 1, 34 lits): UNSAT in 0.01s
    cube 3561.1146 (depth 1, 34 lits): UNSAT in 0.01s
    cube 3561.1147 (depth 1, 35 lits): UNSAT in 0.01s
    cube 3561.1148 (depth 1, 36 lits): UNSAT in 0.02s
    cube 3561.1149 (depth 1, 36 lits): UNSAT in 0.02s
    cube 3561.1150 (depth 1, 35 lits): UNSAT in 0.01s
    cube 3561.1151 (depth 1, 36 lits): UNSAT in 0.01s
    cube 3561.1152 (depth 1, 36 lits): UNSAT in 0.01s
    cube 3561.1153 (depth 1, 36 lits): UNSAT in 0.01s
    cube 3561.1154 (depth 1, 36 lits): UNSAT in 0.02s
    cube 3561.1155 (depth 1, 36 lits): UNSAT in 0.02s
    cube 3561.1156 (depth 1, 36 lits): UNSAT in 0.03s
    cube 3561.1157 (depth 1, 36 lits): UNSAT in 0.02s
    cube 3561.1158 (depth 1, 36 lits): UNSAT in 0.02s
    cube 3561.1159 (depth 1, 36 lits): UNSAT in 0.02s
    cube 3561.1160 (depth 1, 36 lits): UNSAT in 0.02s
    cube 3561.1161 (depth 1, 36 lits): UNSAT in 0.02s
    cube 3561.1162 (depth 1, 36 lits): UNSAT in 0.02s
    cube 3561.1163 (depth 1, 36 lits): UNSAT in 0.02s
    cube 3561.1164 (depth 1, 36 lits): UNSAT in 0.04s
    cube 3561.1165 (depth 1, 36 lits): UNSAT in 0.03s
    cube 3561.1166 (depth 1, 36 lits): UNSAT in 0.03s
    cube 3561.1167 (depth 1, 36 lits): UNSAT in 0.05s
    cube 3561.1168 (depth 1, 36 lits): UNSAT in 0.06s
    cube 3561.1169 (depth 1, 34 lits): UNSAT in 0.02s
    cube 3561.1170 (depth 1, 34 lits): UNSAT in 0.02s
    cube 3561.1171 (depth 1, 35 lits): UNSAT in 0.01s
    cube 3561.1172 (depth 1, 36 lits): UNSAT in 0.01s
    cube 3561.1173 (depth 1, 36 lits): UNSAT in 0.02s
    cube 3561.1174 (depth 1, 35 lits): UNSAT in 0.02s
    cube 3561.1175 (depth 1, 36 lits): UNSAT in 0.02s
    cube 3561.1176 (depth 1, 36 lits): UNSAT in 0.02s
    cube 3561.1177 (depth 1, 34 lits): UNSAT in 0.01s
    cube 3561.1178 (depth 1, 35 lits): UNSAT in 0.02s
    cube 3561.1179 (depth 1, 36 lits): UNSAT in 0.01s
    cube 3561.1180 (depth 1, 36 lits): UNSAT in 0.02s
    cube 3561.1181 (depth 1, 35 lits): UNSAT in 0.01s
    cube 3561.1182 (depth 1, 36 lits): UNSAT in 0.02s
    cube 3561.1183 (depth 1, 36 lits): UNSAT in 0.02s
    cube 3561.1184 (depth 1, 36 lits): UNSAT in 0.02s
    cube 3561.1185 (depth 1, 36 lits): UNSAT in 0.02s
    cube 3561.1186 (depth 1, 36 lits): UNSAT in 0.02s
    cube 3561.1187 (depth 1, 36 lits): UNSAT in 0.02s
    cube 3561.1188 (depth 1, 33 lits): UNSAT in 0.01s
    cube 3561.1189 (depth 1, 33 lits): UNSAT in 0.01s
    cube 3561.1190 (depth 1, 33 lits): UNSAT in 0.01s
    cube 3561.1191 (depth 1, 35 lits): UNSAT in 0.02s
    cube 3561.1192 (depth 1, 36 lits): UNSAT in 0.02s
    cube 3561.1193 (depth 1, 36 lits): UNSAT in 0.03s
    cube 3561.1194 (depth 1, 36 lits): UNSAT in 0.02s
    cube 3561.1195 (depth 1, 36 lits): UNSAT in 0.02s
    cube 3561.1196 (depth 1, 36 lits): UNSAT in 0.03s
    cube 3561.1197 (depth 1, 36 lits): UNSAT in 0.03s
    cube 3561.1198 (depth 1, 35 lits): UNSAT in 0.01s
    cube 3561.1199 (depth 1, 35 lits): UNSAT in 0.01s
    cube 3561.1200 (depth 1, 34 lits): UNSAT in 0.02s
    cube 3561.1201 (depth 1, 34 lits): UNSAT in 0.02s
    cube 3561.1202 (depth 1, 35 lits): UNSAT in 0.02s
    cube 3561.1203 (depth 1, 35 lits): UNSAT in 0.02s
    cube 3561.1204 (depth 1, 35 lits): UNSAT in 0.02s
    cube 3561.1205 (depth 1, 36 lits): UNSAT in 0.01s
    cube 3561.1206 (depth 1, 36 lits): UNSAT in 0.02s
    cube 3561.1207 (depth 1, 36 lits): UNSAT in 0.02s
    cube 3561.1208 (depth 1, 36 lits): UNSAT in 0.02s
    cube 3561.1209 (depth 1, 36 lits): UNSAT in 0.01s
    cube 3561.1210 (depth 1, 36 lits): UNSAT in 0.02s
    cube 3561.1211 (depth 1, 36 lits): UNSAT in 0.02s
    cube 3561.1212 (depth 1, 36 lits): UNSAT in 0.02s
    cube 3561.1213 (depth 1, 36 lits): UNSAT in 0.02s
    cube 3561.1214 (depth 1, 36 lits): UNSAT in 0.02s
    cube 3561.1215 (depth 1, 36 lits): UNSAT in 0.02s
    cube 3561.1216 (depth 1, 36 lits): UNSAT in 0.02s
    cube 3561.1217 (depth 1, 36 lits): UNSAT in 0.04s
    cube 3561.1218 (depth 1, 36 lits): UNSAT in 0.05s
    cube 3561.1219 (depth 1, 35 lits): UNSAT in 0.01s
    cube 3561.1220 (depth 1, 36 lits): UNSAT in 0.02s
    cube 3561.1221 (depth 1, 36 lits): UNSAT in 0.02s
    cube 3561.1222 (depth 1, 36 lits): UNSAT in 0.02s
    cube 3561.1223 (depth 1, 36 lits): UNSAT in 0.02s
    cube 3561.1224 (depth 1, 36 lits): UNSAT in 0.02s
    cube 3561.1225 (depth 1, 36 lits): UNSAT in 0.02s
    cube 3561.1226 (depth 1, 35 lits): UNSAT in 0.02s
    cube 3561.1227 (depth 1, 36 lits): UNSAT in 0.01s
    cube 3561.1228 (depth 1, 36 lits): UNSAT in 0.02s
    cube 3561.1229 (depth 1, 35 lits): UNSAT in 0.02s
    cube 3561.1230 (depth 1, 36 lits): UNSAT in 0.02s
    cube 3561.1231 (depth 1, 36 lits): UNSAT in 0.03s
    cube 3561.1232 (depth 1, 36 lits): UNSAT in 0.01s
    cube 3561.1233 (depth 1, 36 lits): UNSAT in 0.02s
    cube 3561.1234 (depth 1, 36 lits): UNSAT in 0.01s
    cube 3561.1235 (depth 1, 36 lits): UNSAT in 0.02s
    cube 3561.1236 (depth 1, 36 lits): UNSAT in 0.03s
    cube 3561.1237 (depth 1, 36 lits): UNSAT in 0.02s
    cube 3561.1238 (depth 1, 36 lits): UNSAT in 0.04s
    cube 3561.1239 (depth 1, 36 lits): UNSAT in 0.03s
    cube 3561.1240 (depth 1, 36 lits): UNSAT in 0.05s
    cube 3561.1241 (depth 1, 36 lits): UNSAT in 0.04s
    cube 3561.1242 (depth 1, 36 lits): UNSAT in 0.05s
    cube 3561.1243 (depth 1, 36 lits): UNSAT in 0.18s
    cube 3561.1244 (depth 1, 36 lits): UNSAT in 0.11s
    cube 3561.1245 (depth 1, 36 lits): UNSAT in 0.10s
    cube 3561.1246 (depth 1, 36 lits): UNSAT in 0.20s
    cube 3561.1247 (depth 1, 36 lits): UNSAT in 0.08s
    cube 3561.1248 (depth 1, 35 lits): UNSAT in 0.01s
    cube 3561.1249 (depth 1, 35 lits): UNSAT in 0.02s
    cube 3561.1250 (depth 1, 36 lits): UNSAT in 0.02s
    cube 3561.1251 (depth 1, 36 lits): UNSAT in 0.02s
    cube 3561.1252 (depth 1, 36 lits): UNSAT in 0.02s
    cube 3561.1253 (depth 1, 36 lits): UNSAT in 0.02s
    cube 3561.1254 (depth 1, 35 lits): UNSAT in 0.01s
    cube 3561.1255 (depth 1, 36 lits): UNSAT in 0.02s
    cube 3561.1256 (depth 1, 36 lits): UNSAT in 0.02s
    cube 3561.1257 (depth 1, 36 lits): UNSAT in 0.02s
    cube 3561.1258 (depth 1, 36 lits): UNSAT in 0.03s
    cube 3561.1259 (depth 1, 36 lits): UNSAT in 0.02s
    cube 3561.1260 (depth 1, 36 lits): UNSAT in 0.02s
    cube 3561.1261 (depth 1, 34 lits): UNSAT in 0.02s
    cube 3561.1262 (depth 1, 35 lits): UNSAT in 0.02s
    cube 3561.1263 (depth 1, 36 lits): UNSAT in 0.02s
    cube 3561.1264 (depth 1, 36 lits): UNSAT in 0.02s
    cube 3561.1265 (depth 1, 36 lits): UNSAT in 0.02s
    cube 3561.1266 (depth 1, 36 lits): UNSAT in 0.02s
    cube 3561.1267 (depth 1, 36 lits): UNSAT in 0.02s
    cube 3561.1268 (depth 1, 36 lits): UNSAT in 0.02s
    cube 3561.1269 (depth 1, 36 lits): UNSAT in 0.01s
    cube 3561.1270 (depth 1, 36 lits): UNSAT in 0.02s
    cube 3561.1271 (depth 1, 36 lits): UNSAT in 0.04s
    cube 3561.1272 (depth 1, 36 lits): UNSAT in 0.06s
    cube 3561.1273 (depth 1, 35 lits): UNSAT in 0.02s
    cube 3561.1274 (depth 1, 36 lits): UNSAT in 0.02s
    cube 3561.1275 (depth 1, 36 lits): UNSAT in 0.02s
    cube 3561.1276 (depth 1, 36 lits): UNSAT in 0.02s
    cube 3561.1277 (depth 1, 36 lits): UNSAT in 0.02s
    cube 3561.1278 (depth 1, 36 lits): UNSAT in 0.04s
    cube 3561.1279 (depth 1, 36 lits): UNSAT in 0.07s
    cube 3561.1280 (depth 1, 36 lits): UNSAT in 0.01s
    cube 3561.1281 (depth 1, 36 lits): UNSAT in 0.02s
    cube 3561.1282 (depth 1, 36 lits): UNSAT in 0.02s
    cube 3561.1283 (depth 1, 36 lits): UNSAT in 0.02s
    cube 3561.1284 (depth 1, 36 lits): UNSAT in 0.02s
    cube 3561.1285 (depth 1, 36 lits): UNSAT in 0.02s
    cube 3561.1286 (depth 1, 36 lits): UNSAT in 0.02s
    cube 3561.1287 (depth 1, 36 lits): UNSAT in 0.06s
    cube 3561.1288 (depth 1, 36 lits): UNSAT in 0.01s
    cube 3561.1289 (depth 1, 36 lits): UNSAT in 0.02s
    cube 3561.1290 (depth 1, 36 lits): UNSAT in 0.02s
    cube 3561.1291 (depth 1, 36 lits): UNSAT in 0.02s
    cube 3561.1292 (depth 1, 35 lits): UNSAT in 0.02s
    cube 3561.1293 (depth 1, 35 lits): UNSAT in 0.02s
    cube 3561.1294 (depth 1, 36 lits): UNSAT in 0.01s
    cube 3561.1295 (depth 1, 36 lits): UNSAT in 0.02s
    cube 3561.1296 (depth 1, 36 lits): UNSAT in 0.02s
    cube 3561.1297 (depth 1, 36 lits): UNSAT in 0.02s
    cube 3561.1298 (depth 1, 36 lits): UNSAT in 0.02s
    cube 3561.1299 (depth 1, 36 lits): UNSAT in 0.02s
    cube 3561.1300 (depth 1, 36 lits): UNSAT in 0.02s
    cube 3561.1301 (depth 1, 36 lits): UNSAT in 0.02s
    cube 3561.1302 (depth 1, 34 lits): UNSAT in 0.02s
    cube 3561.1303 (depth 1, 36 lits): UNSAT in 0.01s
    cube 3561.1304 (depth 1, 36 lits): UNSAT in 0.02s
    cube 3561.1305 (depth 1, 36 lits): UNSAT in 0.02s
    cube 3561.1306 (depth 1, 36 lits): UNSAT in 0.02s
    cube 3561.1307 (depth 1, 34 lits): UNSAT in 0.02s
    cube 3561.1308 (depth 1, 36 lits): UNSAT in 0.02s
    cube 3561.1309 (depth 1, 36 lits): UNSAT in 0.02s
    cube 3561.1310 (depth 1, 36 lits): UNSAT in 0.06s
    cube 3561.1311 (depth 1, 36 lits): UNSAT in 0.04s
    cube 3561.1312 (depth 1, 35 lits): UNSAT in 0.02s
    cube 3561.1313 (depth 1, 35 lits): UNSAT in 0.02s
    cube 3561.1314 (depth 1, 36 lits): UNSAT in 0.02s
    cube 3561.1315 (depth 1, 36 lits): UNSAT in 0.02s
    cube 3561.1316 (depth 1, 36 lits): UNSAT in 0.04s
    cube 3561.1317 (depth 1, 36 lits): UNSAT in 0.02s
    cube 3561.1318 (depth 1, 36 lits): UNSAT in 0.02s
    cube 3561.1319 (depth 1, 36 lits): UNSAT in 0.02s
    cube 3561.1320 (depth 1, 36 lits): UNSAT in 0.03s
    cube 3561.1321 (depth 1, 36 lits): UNSAT in 0.05s
    cube 3561.1322 (depth 1, 36 lits): UNSAT in 0.01s
    cube 3561.1323 (depth 1, 36 lits): UNSAT in 0.01s
    cube 3561.1324 (depth 1, 36 lits): UNSAT in 0.02s
    cube 3561.1325 (depth 1, 36 lits): UNSAT in 0.01s
    cube 3561.1326 (depth 1, 35 lits): UNSAT in 0.02s
    cube 3561.1327 (depth 1, 36 lits): UNSAT in 0.02s
    cube 3561.1328 (depth 1, 36 lits): UNSAT in 0.07s
    cube 3561.1329 (depth 1, 36 lits): UNSAT in 0.02s
    cube 3561.1330 (depth 1, 36 lits): UNSAT in 0.03s
    cube 3561.1331 (depth 1, 36 lits): UNSAT in 0.09s
    cube 3561.1332 (depth 1, 36 lits): UNSAT in 0.06s
    cube 3561.1333 (depth 1, 36 lits): UNSAT in 0.02s
    cube 3561.1334 (depth 1, 36 lits): UNSAT in 0.05s
    cube 3561.1335 (depth 1, 36 lits): UNSAT in 0.04s
    cube 3561.1336 (depth 1, 36 lits): UNSAT in 0.15s
    cube 3561.1337 (depth 1, 36 lits): UNSAT in 0.06s
    cube 3561.1338 (depth 1, 36 lits): UNSAT in 0.13s
    cube 3561.1339 (depth 1, 36 lits): UNSAT in 0.10s
    cube 3561.1340 (depth 1, 36 lits): UNSAT in 0.18s
    cube 3561.1341 (depth 1, 36 lits): UNSAT in 0.02s
    cube 3561.1342 (depth 1, 36 lits): UNSAT in 0.02s
    cube 3561.1343 (depth 1, 36 lits): UNSAT in 0.02s
    cube 3561.1344 (depth 1, 36 lits): UNSAT in 0.02s
    cube 3561.1345 (depth 1, 36 lits): UNSAT in 0.02s
    cube 3561.1346 (depth 1, 36 lits): UNSAT in 0.04s
    cube 3561.1347 (depth 1, 36 lits): UNSAT in 0.03s
    cube 3561.1348 (depth 1, 36 lits): UNSAT in 0.03s
    cube 3561.1349 (depth 1, 36 lits): UNSAT in 0.02s
    cube 3561.1350 (depth 1, 36 lits): UNSAT in 0.02s
    cube 3561.1351 (depth 1, 36 lits): UNSAT in 0.13s
    cube 3561.1352 (depth 1, 36 lits): UNSAT in 0.03s
    cube 3561.1353 (depth 1, 36 lits): UNSAT in 0.04s
    cube 3561.1354 (depth 1, 36 lits): UNSAT in 0.10s
    cube 3561.1355 (depth 1, 36 lits): UNSAT in 0.11s
    cube 3561.1356 (depth 1, 36 lits): UNSAT in 0.04s
    cube 3561.1357 (depth 1, 33 lits): UNSAT in 0.01s
    cube 3561.1358 (depth 1, 33 lits): UNSAT in 0.02s
    cube 3561.1359 (depth 1, 34 lits): UNSAT in 0.01s
    cube 3561.1360 (depth 1, 34 lits): UNSAT in 0.02s
    cube 3561.1361 (depth 1, 34 lits): UNSAT in 0.02s
    cube 3561.1362 (depth 1, 36 lits): UNSAT in 0.02s
    cube 3561.1363 (depth 1, 36 lits): UNSAT in 0.02s
    cube 3561.1364 (depth 1, 36 lits): UNSAT in 0.02s
    cube 3561.1365 (depth 1, 36 lits): UNSAT in 0.02s
    cube 3561.1366 (depth 1, 34 lits): UNSAT in 0.01s
    cube 3561.1367 (depth 1, 35 lits): UNSAT in 0.01s
    cube 3561.1368 (depth 1, 35 lits): UNSAT in 0.02s
    cube 3561.1369 (depth 1, 34 lits): UNSAT in 0.02s
    cube 3561.1370 (depth 1, 34 lits): UNSAT in 0.02s
    cube 3561.1371 (depth 1, 35 lits): UNSAT in 0.01s
    cube 3561.1372 (depth 1, 36 lits): UNSAT in 0.01s
    cube 3561.1373 (depth 1, 36 lits): UNSAT in 0.02s
    cube 3561.1374 (depth 1, 36 lits): UNSAT in 0.02s
    cube 3561.1375 (depth 1, 36 lits): UNSAT in 0.02s
    cube 3561.1376 (depth 1, 36 lits): UNSAT in 0.02s
    cube 3561.1377 (depth 1, 36 lits): UNSAT in 0.03s
    cube 3561.1378 (depth 1, 36 lits): UNSAT in 0.01s
    cube 3561.1379 (depth 1, 36 lits): UNSAT in 0.02s
    cube 3561.1380 (depth 1, 36 lits): UNSAT in 0.02s
    cube 3561.1381 (depth 1, 36 lits): UNSAT in 0.02s
    cube 3561.1382 (depth 1, 36 lits): UNSAT in 0.02s
    cube 3561.1383 (depth 1, 36 lits): UNSAT in 0.02s
    cube 3561.1384 (depth 1, 35 lits): UNSAT in 0.02s
    cube 3561.1385 (depth 1, 35 lits): UNSAT in 0.02s
    cube 3561.1386 (depth 1, 35 lits): UNSAT in 0.02s
    cube 3561.1387 (depth 1, 35 lits): UNSAT in 0.01s
    cube 3561.1388 (depth 1, 36 lits): UNSAT in 0.02s
    cube 3561.1389 (depth 1, 36 lits): UNSAT in 0.02s
    cube 3561.1390 (depth 1, 36 lits): UNSAT in 0.01s
    cube 3561.1391 (depth 1, 36 lits): UNSAT in 0.02s
    cube 3561.1392 (depth 1, 36 lits): UNSAT in 0.02s
    cube 3561.1393 (depth 1, 36 lits): UNSAT in 0.02s
    cube 3561.1394 (depth 1, 35 lits): UNSAT in 0.02s
    cube 3561.1395 (depth 1, 36 lits): UNSAT in 0.02s
    cube 3561.1396 (depth 1, 36 lits): UNSAT in 0.05s
    cube 3561.1397 (depth 1, 35 lits): UNSAT in 0.01s
    cube 3561.1398 (depth 1, 35 lits): UNSAT in 0.01s
    cube 3561.1399 (depth 1, 36 lits): UNSAT in 0.01s
    cube 3561.1400 (depth 1, 36 lits): UNSAT in 0.02s
    cube 3561.1401 (depth 1, 36 lits): UNSAT in 0.02s
    cube 3561.1402 (depth 1, 36 lits): UNSAT in 0.05s
    cube 3561.1403 (depth 1, 35 lits): UNSAT in 0.02s
    cube 3561.1404 (depth 1, 36 lits): UNSAT in 0.03s
    cube 3561.1405 (depth 1, 36 lits): UNSAT in 0.05s
    cube 3561.1406 (depth 1, 36 lits): UNSAT in 0.01s
    cube 3561.1407 (depth 1, 36 lits): UNSAT in 0.04s
    cube 3561.1408 (depth 1, 36 lits): UNSAT in 0.01s
    cube 3561.1409 (depth 1, 36 lits): UNSAT in 0.04s
    cube 3561.1410 (depth 1, 36 lits): UNSAT in 0.02s
    cube 3561.1411 (depth 1, 36 lits): UNSAT in 0.01s
    cube 3561.1412 (depth 1, 36 lits): UNSAT in 0.01s
    cube 3561.1413 (depth 1, 36 lits): UNSAT in 0.02s
    cube 3561.1414 (depth 1, 36 lits): UNSAT in 0.02s
    cube 3561.1415 (depth 1, 36 lits): UNSAT in 0.02s
    cube 3561.1416 (depth 1, 36 lits): UNSAT in 0.02s
    cube 3561.1417 (depth 1, 36 lits): UNSAT in 0.04s
    cube 3561.1418 (depth 1, 36 lits): UNSAT in 0.01s
    cube 3561.1419 (depth 1, 36 lits): UNSAT in 0.02s
    cube 3561.1420 (depth 1, 36 lits): UNSAT in 0.02s
    cube 3561.1421 (depth 1, 36 lits): UNSAT in 0.03s
    cube 3561.1422 (depth 1, 36 lits): UNSAT in 0.03s
    cube 3561.1423 (depth 1, 36 lits): UNSAT in 0.04s
    cube 3561.1424 (depth 1, 36 lits): UNSAT in 0.04s
    cube 3561.1425 (depth 1, 36 lits): UNSAT in 0.06s
    cube 3561.1426 (depth 1, 36 lits): UNSAT in 0.02s
    cube 3561.1427 (depth 1, 36 lits): UNSAT in 0.02s
    cube 3561.1428 (depth 1, 36 lits): UNSAT in 0.02s
    cube 3561.1429 (depth 1, 36 lits): UNSAT in 0.05s
    cube 3561.1430 (depth 1, 36 lits): UNSAT in 0.02s
    cube 3561.1431 (depth 1, 36 lits): UNSAT in 0.10s
    cube 3561.1432 (depth 1, 36 lits): UNSAT in 0.04s
    cube 3561.1433 (depth 1, 36 lits): UNSAT in 0.21s
    cube 3561.1434 (depth 1, 36 lits): UNSAT in 0.03s
    cube 3561.1435 (depth 1, 36 lits): UNSAT in 0.11s
    cube 3561.1436 (depth 1, 36 lits): UNSAT in 0.06s
    cube 3561.1437 (depth 1, 36 lits): UNSAT in 0.13s
    cube 3561.1438 (depth 1, 36 lits): UNSAT in 0.09s
    cube 3561.1439 (depth 1, 36 lits): UNSAT in 0.14s
    cube 3561.1440 (depth 1, 36 lits): UNSAT in 0.08s
    cube 3561.1441 (depth 1, 36 lits): UNSAT in 0.13s
    cube 3561.1442 (depth 1, 32 lits): UNSAT in 0.02s
    cube 3561.1443 (depth 1, 35 lits): UNSAT in 0.01s
    cube 3561.1444 (depth 1, 35 lits): UNSAT in 0.02s
    cube 3561.1445 (depth 1, 35 lits): UNSAT in 0.01s
    cube 3561.1446 (depth 1, 35 lits): UNSAT in 0.02s
    cube 3561.1447 (depth 1, 35 lits): UNSAT in 0.01s
    cube 3561.1448 (depth 1, 36 lits): UNSAT in 0.01s
    cube 3561.1449 (depth 1, 36 lits): UNSAT in 0.02s
    cube 3561.1450 (depth 1, 36 lits): UNSAT in 0.02s
    cube 3561.1451 (depth 1, 36 lits): UNSAT in 0.02s
    cube 3561.1452 (depth 1, 36 lits): UNSAT in 0.02s
    cube 3561.1453 (depth 1, 36 lits): UNSAT in 0.02s
    cube 3561.1454 (depth 1, 35 lits): UNSAT in 0.01s
    cube 3561.1455 (depth 1, 36 lits): UNSAT in 0.01s
    cube 3561.1456 (depth 1, 36 lits): UNSAT in 0.01s
    cube 3561.1457 (depth 1, 35 lits): UNSAT in 0.02s
    cube 3561.1458 (depth 1, 36 lits): UNSAT in 0.02s
    cube 3561.1459 (depth 1, 36 lits): UNSAT in 0.02s
    cube 3561.1460 (depth 1, 36 lits): UNSAT in 0.02s
    cube 3561.1461 (depth 1, 36 lits): UNSAT in 0.02s
    cube 3561.1462 (depth 1, 36 lits): UNSAT in 0.01s
    cube 3561.1463 (depth 1, 36 lits): UNSAT in 0.03s
    cube 3561.1464 (depth 1, 36 lits): UNSAT in 0.02s
    cube 3561.1465 (depth 1, 36 lits): UNSAT in 0.03s
    cube 3561.1466 (depth 1, 36 lits): UNSAT in 0.02s
    cube 3561.1467 (depth 1, 36 lits): UNSAT in 0.02s
    cube 3561.1468 (depth 1, 35 lits): UNSAT in 0.01s
    cube 3561.1469 (depth 1, 35 lits): UNSAT in 0.02s
    cube 3561.1470 (depth 1, 36 lits): UNSAT in 0.02s
    cube 3561.1471 (depth 1, 36 lits): UNSAT in 0.02s
    cube 3561.1472 (depth 1, 36 lits): UNSAT in 0.02s
    cube 3561.1473 (depth 1, 36 lits): UNSAT in 0.05s
    cube 3561.1474 (depth 1, 36 lits): UNSAT in 0.02s
    cube 3561.1475 (depth 1, 36 lits): UNSAT in 0.02s
    cube 3561.1476 (depth 1, 36 lits): UNSAT in 0.02s
    cube 3561.1477 (depth 1, 36 lits): UNSAT in 0.12s
    cube 3561.1478 (depth 1, 36 lits): UNSAT in 0.06s
    cube 3561.1479 (depth 1, 36 lits): UNSAT in 0.03s
    cube 3561.1480 (depth 1, 36 lits): UNSAT in 0.06s
    cube 3561.1481 (depth 1, 36 lits): UNSAT in 0.07s
    cube 3561.1482 (depth 1, 35 lits): UNSAT in 0.01s
    cube 3561.1483 (depth 1, 36 lits): UNSAT in 0.01s
    cube 3561.1484 (depth 1, 36 lits): UNSAT in 0.02s
    cube 3561.1485 (depth 1, 36 lits): UNSAT in 0.01s
    cube 3561.1486 (depth 1, 36 lits): UNSAT in 0.02s
    cube 3561.1487 (depth 1, 36 lits): UNSAT in 0.02s
    cube 3561.1488 (depth 1, 36 lits): UNSAT in 0.02s
    cube 3561.1489 (depth 1, 36 lits): UNSAT in 0.01s
    cube 3561.1490 (depth 1, 36 lits): UNSAT in 0.02s
    cube 3561.1491 (depth 1, 36 lits): UNSAT in 0.02s
    cube 3561.1492 (depth 1, 36 lits): UNSAT in 0.02s
    cube 3561.1493 (depth 1, 35 lits): UNSAT in 0.02s
    cube 3561.1494 (depth 1, 36 lits): UNSAT in 0.01s
    cube 3561.1495 (depth 1, 36 lits): UNSAT in 0.02s
    cube 3561.1496 (depth 1, 35 lits): UNSAT in 0.01s
    cube 3561.1497 (depth 1, 36 lits): UNSAT in 0.02s
    cube 3561.1498 (depth 1, 36 lits): UNSAT in 0.02s
    cube 3561.1499 (depth 1, 34 lits): UNSAT in 0.02s
    cube 3561.1500 (depth 1, 36 lits): UNSAT in 0.02s
    cube 3561.1501 (depth 1, 36 lits): UNSAT in 0.04s
    cube 3561.1502 (depth 1, 36 lits): UNSAT in 0.03s
    cube 3561.1503 (depth 1, 36 lits): UNSAT in 0.05s
    cube 3561.1504 (depth 1, 36 lits): UNSAT in 0.02s
    cube 3561.1505 (depth 1, 36 lits): UNSAT in 0.09s
    cube 3561.1506 (depth 1, 36 lits): UNSAT in 0.05s
    cube 3561.1507 (depth 1, 36 lits): UNSAT in 0.13s
    cube 3561.1508 (depth 1, 36 lits): UNSAT in 0.01s
    cube 3561.1509 (depth 1, 36 lits): UNSAT in 0.02s
    cube 3561.1510 (depth 1, 36 lits): UNSAT in 0.02s
    cube 3561.1511 (depth 1, 36 lits): UNSAT in 0.02s
    cube 3561.1512 (depth 1, 36 lits): UNSAT in 0.02s
    cube 3561.1513 (depth 1, 36 lits): UNSAT in 0.02s
    cube 3561.1514 (depth 1, 36 lits): UNSAT in 0.02s
    cube 3561.1515 (depth 1, 36 lits): UNSAT in 0.02s
    cube 3561.1516 (depth 1, 34 lits): UNSAT in 0.02s
    cube 3561.1517 (depth 1, 36 lits): UNSAT in 0.02s
    cube 3561.1518 (depth 1, 36 lits): UNSAT in 0.03s
    cube 3561.1519 (depth 1, 36 lits): UNSAT in 0.09s
    cube 3561.1520 (depth 1, 36 lits): UNSAT in 0.06s
    cube 3561.1521 (depth 1, 36 lits): UNSAT in 0.02s
    cube 3561.1522 (depth 1, 36 lits): UNSAT in 0.02s
    cube 3561.1523 (depth 1, 36 lits): UNSAT in 0.02s
    cube 3561.1524 (depth 1, 36 lits): UNSAT in 0.04s
    cube 3561.1525 (depth 1, 36 lits): UNSAT in 0.04s
    cube 3561.1526 (depth 1, 36 lits): UNSAT in 0.05s
    cube 3561.1527 (depth 1, 36 lits): UNSAT in 0.12s
    cube 3561.1528 (depth 1, 36 lits): UNSAT in 0.27s
    cube 3561.1529 (depth 1, 36 lits): UNSAT in 0.02s
    cube 3561.1530 (depth 1, 36 lits): UNSAT in 0.03s
    cube 3561.1531 (depth 1, 36 lits): UNSAT in 0.03s
    cube 3561.1532 (depth 1, 36 lits): UNSAT in 0.30s
    cube 3561.1533 (depth 1, 36 lits): UNSAT in 0.02s
    cube 3561.1534 (depth 1, 36 lits): UNSAT in 0.18s
    cube 3561.1535 (depth 1, 36 lits): UNSAT in 0.17s
    cube 3561.1536 (depth 1, 36 lits): UNSAT in 0.35s
    cube 3561.1537 (depth 1, 33 lits): UNSAT in 0.02s
    cube 3561.1538 (depth 1, 34 lits): UNSAT in 0.02s
    cube 3561.1539 (depth 1, 36 lits): UNSAT in 0.02s
    cube 3561.1540 (depth 1, 36 lits): UNSAT in 0.02s
    cube 3561.1541 (depth 1, 36 lits): UNSAT in 0.01s
    cube 3561.1542 (depth 1, 36 lits): UNSAT in 0.02s
    cube 3561.1543 (depth 1, 35 lits): UNSAT in 0.02s
    cube 3561.1544 (depth 1, 36 lits): UNSAT in 0.02s
    cube 3561.1545 (depth 1, 36 lits): UNSAT in 0.03s
    cube 3561.1546 (depth 1, 36 lits): UNSAT in 0.01s
    cube 3561.1547 (depth 1, 36 lits): UNSAT in 0.02s
    cube 3561.1548 (depth 1, 36 lits): UNSAT in 0.03s
    cube 3561.1549 (depth 1, 36 lits): UNSAT in 0.02s
    cube 3561.1550 (depth 1, 36 lits): UNSAT in 0.02s
    cube 3561.1551 (depth 1, 36 lits): UNSAT in 0.02s
    cube 3561.1552 (depth 1, 36 lits): UNSAT in 0.02s
    cube 3561.1553 (depth 1, 36 lits): UNSAT in 0.04s
    cube 3561.1554 (depth 1, 36 lits): UNSAT in 0.02s
    cube 3561.1555 (depth 1, 36 lits): UNSAT in 0.03s
    cube 3561.1556 (depth 1, 36 lits): UNSAT in 0.04s
    cube 3561.1557 (depth 1, 36 lits): UNSAT in 0.06s
    cube 3561.1558 (depth 1, 34 lits): UNSAT in 0.02s
    cube 3561.1559 (depth 1, 35 lits): UNSAT in 0.02s
    cube 3561.1560 (depth 1, 36 lits): UNSAT in 0.02s
    cube 3561.1561 (depth 1, 36 lits): UNSAT in 0.04s
    cube 3561.1562 (depth 1, 36 lits): UNSAT in 0.01s
    cube 3561.1563 (depth 1, 36 lits): UNSAT in 0.03s
    cube 3561.1564 (depth 1, 36 lits): UNSAT in 0.02s
    cube 3561.1565 (depth 1, 36 lits): UNSAT in 0.03s
    cube 3561.1566 (depth 1, 36 lits): UNSAT in 0.02s
    cube 3561.1567 (depth 1, 36 lits): UNSAT in 0.04s
    cube 3561.1568 (depth 1, 36 lits): UNSAT in 0.03s
    cube 3561.1569 (depth 1, 36 lits): UNSAT in 0.06s
    cube 3561.1570 (depth 1, 36 lits): UNSAT in 0.02s
    cube 3561.1571 (depth 1, 36 lits): UNSAT in 0.02s
    cube 3561.1572 (depth 1, 36 lits): UNSAT in 0.02s
    cube 3561.1573 (depth 1, 36 lits): UNSAT in 0.06s
    cube 3561.1574 (depth 1, 36 lits): UNSAT in 0.02s
    cube 3561.1575 (depth 1, 36 lits): UNSAT in 0.02s
    cube 3561.1576 (depth 1, 36 lits): UNSAT in 0.06s
    cube 3561.1577 (depth 1, 36 lits): UNSAT in 0.10s
    cube 3561.1578 (depth 1, 36 lits): UNSAT in 0.02s
    cube 3561.1579 (depth 1, 36 lits): UNSAT in 0.04s
    cube 3561.1580 (depth 1, 36 lits): UNSAT in 0.02s
    cube 3561.1581 (depth 1, 36 lits): UNSAT in 0.07s
    cube 3561.1582 (depth 1, 36 lits): UNSAT in 0.03s
    cube 3561.1583 (depth 1, 36 lits): UNSAT in 0.08s
    cube 3561.1584 (depth 1, 36 lits): UNSAT in 0.09s
    cube 3561.1585 (depth 1, 36 lits): UNSAT in 0.20s
    cube 3561.1586 (depth 1, 35 lits): UNSAT in 0.01s
    cube 3561.1587 (depth 1, 35 lits): UNSAT in 0.02s
    cube 3561.1588 (depth 1, 35 lits): UNSAT in 0.02s
    cube 3561.1589 (depth 1, 36 lits): UNSAT in 0.01s
    cube 3561.1590 (depth 1, 36 lits): UNSAT in 0.03s
    cube 3561.1591 (depth 1, 36 lits): UNSAT in 0.02s
    cube 3561.1592 (depth 1, 36 lits): UNSAT in 0.02s
    cube 3561.1593 (depth 1, 36 lits): UNSAT in 0.02s
    cube 3561.1594 (depth 1, 36 lits): UNSAT in 0.02s
    cube 3561.1595 (depth 1, 36 lits): UNSAT in 0.02s
    cube 3561.1596 (depth 1, 36 lits): UNSAT in 0.02s
    cube 3561.1597 (depth 1, 36 lits): UNSAT in 0.03s
    cube 3561.1598 (depth 1, 36 lits): UNSAT in 0.06s
    cube 3561.1599 (depth 1, 36 lits): UNSAT in 0.02s
    cube 3561.1600 (depth 1, 36 lits): UNSAT in 0.02s
    cube 3561.1601 (depth 1, 36 lits): UNSAT in 0.03s
    cube 3561.1602 (depth 1, 36 lits): UNSAT in 0.04s
    cube 3561.1603 (depth 1, 36 lits): UNSAT in 0.01s
    cube 3561.1604 (depth 1, 36 lits): UNSAT in 0.02s
    cube 3561.1605 (depth 1, 36 lits): UNSAT in 0.03s
    cube 3561.1606 (depth 1, 36 lits): UNSAT in 0.04s
    cube 3561.1607 (depth 1, 35 lits): UNSAT in 0.02s
    cube 3561.1608 (depth 1, 36 lits): UNSAT in 0.02s
    cube 3561.1609 (depth 1, 36 lits): UNSAT in 0.02s
    cube 3561.1610 (depth 1, 36 lits): UNSAT in 0.03s
    cube 3561.1611 (depth 1, 36 lits): UNSAT in 0.05s
    cube 3561.1612 (depth 1, 36 lits): UNSAT in 0.02s
    cube 3561.1613 (depth 1, 36 lits): UNSAT in 0.10s
    cube 3561.1614 (depth 1, 36 lits): UNSAT in 0.01s
    cube 3561.1615 (depth 1, 36 lits): UNSAT in 0.02s
    cube 3561.1616 (depth 1, 36 lits): UNSAT in 0.02s
    cube 3561.1617 (depth 1, 36 lits): UNSAT in 0.03s
    cube 3561.1618 (depth 1, 36 lits): UNSAT in 0.02s
    cube 3561.1619 (depth 1, 36 lits): UNSAT in 0.02s
    cube 3561.1620 (depth 1, 36 lits): UNSAT in 0.02s
    cube 3561.1621 (depth 1, 36 lits): UNSAT in 0.03s
    cube 3561.1622 (depth 1, 36 lits): UNSAT in 0.02s
    cube 3561.1623 (depth 1, 36 lits): UNSAT in 0.02s
    cube 3561.1624 (depth 1, 36 lits): UNSAT in 0.04s
    cube 3561.1625 (depth 1, 36 lits): UNSAT in 0.02s
    cube 3561.1626 (depth 1, 36 lits): UNSAT in 0.03s
    cube 3561.1627 (depth 1, 36 lits): UNSAT in 0.10s
    cube 3561.1628 (depth 1, 36 lits): UNSAT in 0.02s
    cube 3561.1629 (depth 1, 36 lits): UNSAT in 0.08s
    cube 3561.1630 (depth 1, 36 lits): UNSAT in 0.02s
    cube 3561.1631 (depth 1, 36 lits): UNSAT in 0.06s
    cube 3561.1632 (depth 1, 36 lits): UNSAT in 0.04s
    cube 3561.1633 (depth 1, 36 lits): UNSAT in 0.06s
    cube 3561.1634 (depth 1, 36 lits): UNSAT in 0.04s
    cube 3561.1635 (depth 1, 36 lits): UNSAT in 0.11s
    cube 3561.1636 (depth 1, 36 lits): UNSAT in 0.06s
    cube 3561.1637 (depth 1, 36 lits): UNSAT in 0.46s
    cube 3561.1638 (depth 1, 36 lits): UNSAT in 0.13s
    cube 3561.1639 (depth 1, 36 lits): UNSAT in 0.51s
    cube 3561.1640 (depth 1, 36 lits): UNSAT in 0.25s
    cube 3561.1641 (depth 1, 36 lits): UNSAT in 0.81s
    cube 3561.1642 (depth 1, 36 lits): UNSAT in 0.40s
    cube 3561.1643 (depth 1, 36 lits): UNSAT in 0.58s
    cube 3561.1644 (depth 1, 36 lits): UNSAT in 1.32s
    cube 3561.1645 (depth 1, 36 lits): UNSAT in 1.52s
    cube 3561.1646 (depth 1, 35 lits): UNSAT in 0.02s
    cube 3561.1647 (depth 1, 36 lits): UNSAT in 0.02s
    cube 3561.1648 (depth 1, 36 lits): UNSAT in 0.02s
    cube 3561.1649 (depth 1, 36 lits): UNSAT in 0.01s
    cube 3561.1650 (depth 1, 36 lits): UNSAT in 0.03s
    cube 3561.1651 (depth 1, 36 lits): UNSAT in 0.02s
    cube 3561.1652 (depth 1, 36 lits): UNSAT in 0.02s
    cube 3561.1653 (depth 1, 36 lits): UNSAT in 0.01s
    cube 3561.1654 (depth 1, 36 lits): UNSAT in 0.02s
    cube 3561.1655 (depth 1, 36 lits): UNSAT in 0.01s
    cube 3561.1656 (depth 1, 36 lits): UNSAT in 0.03s
    cube 3561.1657 (depth 1, 36 lits): UNSAT in 0.02s
    cube 3561.1658 (depth 1, 36 lits): UNSAT in 0.07s
    cube 3561.1659 (depth 1, 36 lits): UNSAT in 0.10s
    cube 3561.1660 (depth 1, 36 lits): UNSAT in 0.25s
    cube 3561.1661 (depth 1, 36 lits): UNSAT in 0.01s
    cube 3561.1662 (depth 1, 36 lits): UNSAT in 0.03s
    cube 3561.1663 (depth 1, 36 lits): UNSAT in 0.02s
    cube 3561.1664 (depth 1, 36 lits): UNSAT in 0.04s
    cube 3561.1665 (depth 1, 36 lits): UNSAT in 0.03s
    cube 3561.1666 (depth 1, 36 lits): UNSAT in 0.03s
    cube 3561.1667 (depth 1, 36 lits): UNSAT in 0.09s
    cube 3561.1668 (depth 1, 36 lits): UNSAT in 0.14s
    cube 3561.1669 (depth 1, 36 lits): UNSAT in 0.02s
    cube 3561.1670 (depth 1, 36 lits): UNSAT in 0.03s
    cube 3561.1671 (depth 1, 36 lits): UNSAT in 0.08s
    cube 3561.1672 (depth 1, 36 lits): UNSAT in 0.16s
    cube 3561.1673 (depth 1, 36 lits): UNSAT in 0.04s
    cube 3561.1674 (depth 1, 36 lits): UNSAT in 0.14s
    cube 3561.1675 (depth 1, 36 lits): UNSAT in 0.11s
    cube 3561.1676 (depth 1, 36 lits): UNSAT in 0.49s
    cube 3561.1677 (depth 1, 36 lits): UNSAT in 0.02s
    cube 3561.1678 (depth 1, 36 lits): UNSAT in 0.02s
    cube 3561.1679 (depth 1, 36 lits): UNSAT in 0.03s
    cube 3561.1680 (depth 1, 36 lits): UNSAT in 0.07s
    cube 3561.1681 (depth 1, 36 lits): UNSAT in 0.03s
    cube 3561.1682 (depth 1, 36 lits): UNSAT in 0.07s
    cube 3561.1683 (depth 1, 36 lits): UNSAT in 0.07s
    cube 3561.1684 (depth 1, 36 lits): UNSAT in 0.11s
    cube 3561.1685 (depth 1, 36 lits): UNSAT in 0.03s
    cube 3561.1686 (depth 1, 36 lits): UNSAT in 0.05s
    cube 3561.1687 (depth 1, 36 lits): UNSAT in 0.03s
    cube 3561.1688 (depth 1, 36 lits): UNSAT in 0.09s
    cube 3561.1689 (depth 1, 36 lits): UNSAT in 0.03s
    cube 3561.1690 (depth 1, 36 lits): UNSAT in 0.12s
    cube 3561.1691 (depth 1, 36 lits): UNSAT in 0.02s
    cube 3561.1692 (depth 1, 36 lits): UNSAT in 0.25s
    cube 3561.1693 (depth 1, 36 lits): UNSAT in 0.02s
    cube 3561.1694 (depth 1, 36 lits): UNSAT in 0.07s
    cube 3561.1695 (depth 1, 36 lits): UNSAT in 0.03s
    cube 3561.1696 (depth 1, 36 lits): UNSAT in 0.11s
    cube 3561.1697 (depth 1, 36 lits): UNSAT in 0.03s
    cube 3561.1698 (depth 1, 36 lits): UNSAT in 0.06s
    cube 3561.1699 (depth 1, 36 lits): UNSAT in 0.05s
    cube 3561.1700 (depth 1, 36 lits): UNSAT in 0.38s
    cube 3561.1701 (depth 1, 36 lits): UNSAT in 0.02s
    cube 3561.1702 (depth 1, 36 lits): UNSAT in 0.06s
    cube 3561.1703 (depth 1, 36 lits): UNSAT in 0.16s
    cube 3561.1704 (depth 1, 36 lits): UNSAT in 0.41s
    cube 3561.1705 (depth 1, 36 lits): UNSAT in 0.35s
    cube 3561.1706 (depth 1, 36 lits): UNSAT in 0.45s
    cube 3561.1707 (depth 1, 36 lits): UNSAT in 0.31s
    cube 3561.1708 (depth 1, 36 lits): UNSAT in 1.76s
    cube 3561.1709 (depth 1, 36 lits): UNSAT in 0.02s
    cube 3561.1710 (depth 1, 36 lits): UNSAT in 0.02s
    cube 3561.1711 (depth 1, 36 lits): UNSAT in 0.02s
    cube 3561.1712 (depth 1, 36 lits): UNSAT in 0.02s
    cube 3561.1713 (depth 1, 36 lits): UNSAT in 0.02s
    cube 3561.1714 (depth 1, 36 lits): UNSAT in 0.04s
    cube 3561.1715 (depth 1, 36 lits): UNSAT in 0.02s
    cube 3561.1716 (depth 1, 36 lits): UNSAT in 0.07s
    cube 3561.1717 (depth 1, 36 lits): UNSAT in 0.04s
    cube 3561.1718 (depth 1, 36 lits): UNSAT in 0.08s
    cube 3561.1719 (depth 1, 36 lits): UNSAT in 0.04s
    cube 3561.1720 (depth 1, 36 lits): UNSAT in 0.22s
    cube 3561.1721 (depth 1, 36 lits): UNSAT in 0.07s
    cube 3561.1722 (depth 1, 36 lits): UNSAT in 0.14s
    cube 3561.1723 (depth 1, 36 lits): UNSAT in 0.14s
    cube 3561.1724 (depth 1, 36 lits): UNSAT in 0.16s
    cube 3561.1725 (depth 1, 36 lits): UNSAT in 0.03s
    cube 3561.1726 (depth 1, 36 lits): UNSAT in 0.05s
    cube 3561.1727 (depth 1, 36 lits): UNSAT in 0.05s
    cube 3561.1728 (depth 1, 36 lits): UNSAT in 0.05s
    cube 3561.1729 (depth 1, 36 lits): UNSAT in 0.02s
    cube 3561.1730 (depth 1, 36 lits): UNSAT in 0.03s
    cube 3561.1731 (depth 1, 36 lits): UNSAT in 0.06s
    cube 3561.1732 (depth 1, 36 lits): UNSAT in 0.15s
    cube 3561.1733 (depth 1, 36 lits): UNSAT in 0.03s
    cube 3561.1734 (depth 1, 36 lits): UNSAT in 0.04s
    cube 3561.1735 (depth 1, 36 lits): UNSAT in 0.01s
    cube 3561.1736 (depth 1, 36 lits): UNSAT in 0.11s
    cube 3561.1737 (depth 1, 36 lits): UNSAT in 0.13s
    cube 3561.1738 (depth 1, 36 lits): UNSAT in 0.22s
    cube 3561.1739 (depth 1, 36 lits): UNSAT in 0.90s
    cube 3561.1740 (depth 1, 36 lits): UNSAT in 1.44s
    cube 3561.1741 (depth 1, 36 lits): UNSAT in 0.03s
    cube 3561.1742 (depth 1, 36 lits): UNSAT in 0.07s
    cube 3561.1743 (depth 1, 36 lits): UNSAT in 0.08s
    cube 3561.1744 (depth 1, 36 lits): UNSAT in 0.17s
    cube 3561.1745 (depth 1, 36 lits): UNSAT in 0.15s
    cube 3561.1746 (depth 1, 36 lits): UNSAT in 0.40s
    cube 3561.1747 (depth 1, 36 lits): UNSAT in 0.18s
    cube 3561.1748 (depth 1, 36 lits): UNSAT in 0.38s
    cube 3561.1749 (depth 1, 36 lits): UNSAT in 0.03s
    cube 3561.1750 (depth 1, 36 lits): UNSAT in 0.24s
    cube 3561.1751 (depth 1, 36 lits): UNSAT in 0.34s
    cube 3561.1752 (depth 1, 36 lits): UNSAT in 0.56s
    cube 3561.1753 (depth 1, 36 lits): UNSAT in 0.15s
    cube 3561.1754 (depth 1, 36 lits): UNSAT in 0.46s
    cube 3561.1755 (depth 1, 36 lits): UNSAT in 1.03s
    cube 3561.1756 (depth 1, 36 lits): UNSAT in 2.90s
    cube 3561.1757 (depth 1, 36 lits): UNSAT in 0.06s
    cube 3561.1758 (depth 1, 36 lits): UNSAT in 0.25s
    cube 3561.1759 (depth 1, 36 lits): UNSAT in 0.20s
    cube 3561.1760 (depth 1, 36 lits): UNSAT in 1.46s
    cube 3561.1761 (depth 1, 36 lits): UNSAT in 0.12s
    cube 3561.1762 (depth 1, 36 lits): UNSAT in 0.73s
    cube 3561.1763 (depth 1, 36 lits): UNSAT in 0.92s
    cube 3561.1764 (depth 1, 36 lits): UNSAT in 2.60s
    cube 3561.1765 (depth 1, 36 lits): UNSAT in 0.15s
    cube 3561.1766 (depth 1, 36 lits): UNSAT in 0.33s
    cube 3561.1767 (depth 1, 36 lits): UNSAT in 0.37s
    cube 3561.1768 (depth 1, 36 lits): UNSAT in 3.69s
    cube 3561.1769 (depth 1, 36 lits): UNSAT in 0.20s
    cube 3561.1770 (depth 1, 36 lits): UNSAT in 1.26s
    cube 3561.1771 (depth 1, 36 lits): UNSAT in 1.11s
    cube 3561.1772 (depth 1, 36 lits): UNSAT in 2.20s
    cube 3561.1773 (depth 1, 32 lits): UNSAT in 0.02s
    cube 3561.1774 (depth 1, 34 lits): UNSAT in 0.02s
    cube 3561.1775 (depth 1, 35 lits): UNSAT in 0.02s
    cube 3561.1776 (depth 1, 35 lits): UNSAT in 0.01s
    cube 3561.1777 (depth 1, 34 lits): UNSAT in 0.02s
    cube 3561.1778 (depth 1, 36 lits): UNSAT in 0.01s
    cube 3561.1779 (depth 1, 36 lits): UNSAT in 0.01s
    cube 3561.1780 (depth 1, 35 lits): UNSAT in 0.02s
    cube 3561.1781 (depth 1, 34 lits): UNSAT in 0.02s
    cube 3561.1782 (depth 1, 36 lits): UNSAT in 0.01s
    cube 3561.1783 (depth 1, 36 lits): UNSAT in 0.02s
    cube 3561.1784 (depth 1, 36 lits): UNSAT in 0.03s
    cube 3561.1785 (depth 1, 36 lits): UNSAT in 0.02s
    cube 3561.1786 (depth 1, 34 lits): UNSAT in 0.02s
    cube 3561.1787 (depth 1, 35 lits): UNSAT in 0.02s
    cube 3561.1788 (depth 1, 36 lits): UNSAT in 0.02s
    cube 3561.1789 (depth 1, 36 lits): UNSAT in 0.03s
    cube 3561.1790 (depth 1, 35 lits): UNSAT in 0.01s
    cube 3561.1791 (depth 1, 36 lits): UNSAT in 0.02s
    cube 3561.1792 (depth 1, 36 lits): UNSAT in 0.02s
    cube 3561.1793 (depth 1, 35 lits): UNSAT in 0.01s
    cube 3561.1794 (depth 1, 36 lits): UNSAT in 0.02s
    cube 3561.1795 (depth 1, 36 lits): UNSAT in 0.03s
    cube 3561.1796 (depth 1, 36 lits): UNSAT in 0.02s
    cube 3561.1797 (depth 1, 36 lits): UNSAT in 0.02s
    cube 3561.1798 (depth 1, 36 lits): UNSAT in 0.04s
    cube 3561.1799 (depth 1, 36 lits): UNSAT in 0.11s
    cube 3561.1800 (depth 1, 36 lits): UNSAT in 0.02s
    cube 3561.1801 (depth 1, 36 lits): UNSAT in 0.07s
    cube 3561.1802 (depth 1, 36 lits): UNSAT in 0.09s
    cube 3561.1803 (depth 1, 36 lits): UNSAT in 0.08s
    cube 3561.1804 (depth 1, 35 lits): UNSAT in 0.02s
    cube 3561.1805 (depth 1, 36 lits): UNSAT in 0.02s
    cube 3561.1806 (depth 1, 36 lits): UNSAT in 0.02s
    cube 3561.1807 (depth 1, 35 lits): UNSAT in 0.01s
    cube 3561.1808 (depth 1, 36 lits): UNSAT in 0.02s
    cube 3561.1809 (depth 1, 36 lits): UNSAT in 0.01s
    cube 3561.1810 (depth 1, 36 lits): UNSAT in 0.01s
    cube 3561.1811 (depth 1, 36 lits): UNSAT in 0.02s
    cube 3561.1812 (depth 1, 36 lits): UNSAT in 0.02s
    cube 3561.1813 (depth 1, 36 lits): UNSAT in 0.03s
    cube 3561.1814 (depth 1, 36 lits): UNSAT in 0.02s
    cube 3561.1815 (depth 1, 36 lits): UNSAT in 0.03s
    cube 3561.1816 (depth 1, 36 lits): UNSAT in 0.02s
    cube 3561.1817 (depth 1, 36 lits): UNSAT in 0.04s
    cube 3561.1818 (depth 1, 33 lits): UNSAT in 0.02s
    cube 3561.1819 (depth 1, 36 lits): UNSAT in 0.02s
    cube 3561.1820 (depth 1, 36 lits): UNSAT in 0.04s
    cube 3561.1821 (depth 1, 36 lits): UNSAT in 0.02s
    cube 3561.1822 (depth 1, 36 lits): UNSAT in 0.03s
    cube 3561.1823 (depth 1, 36 lits): UNSAT in 0.02s
    cube 3561.1824 (depth 1, 36 lits): UNSAT in 0.02s
    cube 3561.1825 (depth 1, 36 lits): UNSAT in 0.09s
    cube 3561.1826 (depth 1, 36 lits): UNSAT in 0.03s
    cube 3561.1827 (depth 1, 36 lits): UNSAT in 0.02s
    cube 3561.1828 (depth 1, 36 lits): UNSAT in 0.02s
    cube 3561.1829 (depth 1, 36 lits): UNSAT in 0.02s
    cube 3561.1830 (depth 1, 36 lits): UNSAT in 0.01s
    cube 3561.1831 (depth 1, 36 lits): UNSAT in 0.02s
    cube 3561.1832 (depth 1, 36 lits): UNSAT in 0.02s
    cube 3561.1833 (depth 1, 36 lits): UNSAT in 0.02s
    cube 3561.1834 (depth 1, 36 lits): UNSAT in 0.01s
    cube 3561.1835 (depth 1, 34 lits): UNSAT in 0.02s
    cube 3561.1836 (depth 1, 36 lits): UNSAT in 0.02s
    cube 3561.1837 (depth 1, 36 lits): UNSAT in 0.02s
    cube 3561.1838 (depth 1, 36 lits): UNSAT in 0.03s
    cube 3561.1839 (depth 1, 36 lits): UNSAT in 0.02s
    cube 3561.1840 (depth 1, 36 lits): UNSAT in 0.02s
    cube 3561.1841 (depth 1, 36 lits): UNSAT in 0.03s
    cube 3561.1842 (depth 1, 36 lits): UNSAT in 0.02s
    cube 3561.1843 (depth 1, 36 lits): UNSAT in 0.03s
    cube 3561.1844 (depth 1, 36 lits): UNSAT in 0.02s
    cube 3561.1845 (depth 1, 36 lits): UNSAT in 0.06s
    cube 3561.1846 (depth 1, 36 lits): UNSAT in 0.03s
    cube 3561.1847 (depth 1, 36 lits): UNSAT in 0.03s
    cube 3561.1848 (depth 1, 36 lits): UNSAT in 0.04s
    cube 3561.1849 (depth 1, 36 lits): UNSAT in 0.06s
    cube 3561.1850 (depth 1, 36 lits): UNSAT in 0.03s
    cube 3561.1851 (depth 1, 36 lits): UNSAT in 0.07s
    cube 3561.1852 (depth 1, 36 lits): UNSAT in 0.09s
    cube 3561.1853 (depth 1, 36 lits): UNSAT in 0.15s
    cube 3561.1854 (depth 1, 36 lits): UNSAT in 0.04s
    cube 3561.1855 (depth 1, 36 lits): UNSAT in 0.18s
    cube 3561.1856 (depth 1, 35 lits): UNSAT in 0.01s
    cube 3561.1857 (depth 1, 35 lits): UNSAT in 0.02s
    cube 3561.1858 (depth 1, 34 lits): UNSAT in 0.02s
    cube 3561.1859 (depth 1, 35 lits): UNSAT in 0.02s
    cube 3561.1860 (depth 1, 36 lits): UNSAT in 0.02s
    cube 3561.1861 (depth 1, 36 lits): UNSAT in 0.02s
    cube 3561.1862 (depth 1, 36 lits): UNSAT in 0.02s
    cube 3561.1863 (depth 1, 36 lits): UNSAT in 0.02s
    cube 3561.1864 (depth 1, 36 lits): UNSAT in 0.02s
    cube 3561.1865 (depth 1, 36 lits): UNSAT in 0.02s
    cube 3561.1866 (depth 1, 35 lits): UNSAT in 0.01s
    cube 3561.1867 (depth 1, 36 lits): UNSAT in 0.02s
    cube 3561.1868 (depth 1, 36 lits): UNSAT in 0.02s
    cube 3561.1869 (depth 1, 36 lits): UNSAT in 0.01s
    cube 3561.1870 (depth 1, 36 lits): UNSAT in 0.02s
    cube 3561.1871 (depth 1, 36 lits): UNSAT in 0.02s
    cube 3561.1872 (depth 1, 36 lits): UNSAT in 0.02s
    cube 3561.1873 (depth 1, 36 lits): UNSAT in 0.02s
    cube 3561.1874 (depth 1, 36 lits): UNSAT in 0.04s
    cube 3561.1875 (depth 1, 36 lits): UNSAT in 0.02s
    cube 3561.1876 (depth 1, 36 lits): UNSAT in 0.03s
    cube 3561.1877 (depth 1, 36 lits): UNSAT in 0.02s
    cube 3561.1878 (depth 1, 36 lits): UNSAT in 0.03s
    cube 3561.1879 (depth 1, 36 lits): UNSAT in 0.02s
    cube 3561.1880 (depth 1, 36 lits): UNSAT in 0.02s
    cube 3561.1881 (depth 1, 35 lits): UNSAT in 0.02s
    cube 3561.1882 (depth 1, 36 lits): UNSAT in 0.01s
    cube 3561.1883 (depth 1, 36 lits): UNSAT in 0.02s
    cube 3561.1884 (depth 1, 36 lits): UNSAT in 0.02s
    cube 3561.1885 (depth 1, 36 lits): UNSAT in 0.02s
    cube 3561.1886 (depth 1, 35 lits): UNSAT in 0.02s
    cube 3561.1887 (depth 1, 36 lits): UNSAT in 0.02s
    cube 3561.1888 (depth 1, 36 lits): UNSAT in 0.02s
    cube 3561.1889 (depth 1, 36 lits): UNSAT in 0.01s
    cube 3561.1890 (depth 1, 36 lits): UNSAT in 0.02s
    cube 3561.1891 (depth 1, 35 lits): UNSAT in 0.02s
    cube 3561.1892 (depth 1, 36 lits): UNSAT in 0.02s
    cube 3561.1893 (depth 1, 36 lits): UNSAT in 0.03s
    cube 3561.1894 (depth 1, 36 lits): UNSAT in 0.02s
    cube 3561.1895 (depth 1, 36 lits): UNSAT in 0.02s
    cube 3561.1896 (depth 1, 36 lits): UNSAT in 0.01s
    cube 3561.1897 (depth 1, 36 lits): UNSAT in 0.07s
    cube 3561.1898 (depth 1, 36 lits): UNSAT in 0.02s
    cube 3561.1899 (depth 1, 36 lits): UNSAT in 0.02s
    cube 3561.1900 (depth 1, 36 lits): UNSAT in 0.07s
    cube 3561.1901 (depth 1, 36 lits): UNSAT in 0.09s
    cube 3561.1902 (depth 1, 36 lits): UNSAT in 0.02s
    cube 3561.1903 (depth 1, 36 lits): UNSAT in 0.03s
    cube 3561.1904 (depth 1, 36 lits): UNSAT in 0.02s
    cube 3561.1905 (depth 1, 36 lits): UNSAT in 0.05s
    cube 3561.1906 (depth 1, 36 lits): UNSAT in 0.02s
    cube 3561.1907 (depth 1, 36 lits): UNSAT in 0.02s
    cube 3561.1908 (depth 1, 36 lits): UNSAT in 0.03s
    cube 3561.1909 (depth 1, 36 lits): UNSAT in 0.06s
    cube 3561.1910 (depth 1, 36 lits): UNSAT in 0.01s
    cube 3561.1911 (depth 1, 36 lits): UNSAT in 0.02s
    cube 3561.1912 (depth 1, 36 lits): UNSAT in 0.03s
    cube 3561.1913 (depth 1, 36 lits): UNSAT in 0.02s
    cube 3561.1914 (depth 1, 36 lits): UNSAT in 0.02s
    cube 3561.1915 (depth 1, 36 lits): UNSAT in 0.02s
    cube 3561.1916 (depth 1, 36 lits): UNSAT in 0.04s
    cube 3561.1917 (depth 1, 36 lits): UNSAT in 0.05s
    cube 3561.1918 (depth 1, 36 lits): UNSAT in 0.02s
    cube 3561.1919 (depth 1, 36 lits): UNSAT in 0.02s
    cube 3561.1920 (depth 1, 36 lits): UNSAT in 0.03s
    cube 3561.1921 (depth 1, 36 lits): UNSAT in 0.04s
    cube 3561.1922 (depth 1, 36 lits): UNSAT in 0.02s
    cube 3561.1923 (depth 1, 36 lits): UNSAT in 0.07s
    cube 3561.1924 (depth 1, 36 lits): UNSAT in 0.10s
    cube 3561.1925 (depth 1, 36 lits): UNSAT in 0.11s
    cube 3561.1926 (depth 1, 36 lits): UNSAT in 0.02s
    cube 3561.1927 (depth 1, 36 lits): UNSAT in 0.01s
    cube 3561.1928 (depth 1, 36 lits): UNSAT in 0.02s
    cube 3561.1929 (depth 1, 36 lits): UNSAT in 0.02s
    cube 3561.1930 (depth 1, 36 lits): UNSAT in 0.02s
    cube 3561.1931 (depth 1, 36 lits): UNSAT in 0.03s
    cube 3561.1932 (depth 1, 36 lits): UNSAT in 0.03s
    cube 3561.1933 (depth 1, 36 lits): UNSAT in 0.08s
    cube 3561.1934 (depth 1, 36 lits): UNSAT in 0.03s
    cube 3561.1935 (depth 1, 36 lits): UNSAT in 0.06s
    cube 3561.1936 (depth 1, 36 lits): UNSAT in 0.05s
    cube 3561.1937 (depth 1, 36 lits): UNSAT in 0.12s
    cube 3561.1938 (depth 1, 36 lits): UNSAT in 0.08s
    cube 3561.1939 (depth 1, 36 lits): UNSAT in 0.24s
    cube 3561.1940 (depth 1, 36 lits): UNSAT in 0.17s
    cube 3561.1941 (depth 1, 36 lits): UNSAT in 0.26s
    cube 3561.1942 (depth 1, 36 lits): UNSAT in 0.02s
    cube 3561.1943 (depth 1, 36 lits): UNSAT in 0.04s
    cube 3561.1944 (depth 1, 36 lits): UNSAT in 0.02s
    cube 3561.1945 (depth 1, 36 lits): UNSAT in 0.04s
    cube 3561.1946 (depth 1, 36 lits): UNSAT in 0.03s
    cube 3561.1947 (depth 1, 36 lits): UNSAT in 0.03s
    cube 3561.1948 (depth 1, 36 lits): UNSAT in 0.04s
    cube 3561.1949 (depth 1, 36 lits): UNSAT in 0.17s
    cube 3561.1950 (depth 1, 36 lits): UNSAT in 0.07s
    cube 3561.1951 (depth 1, 36 lits): UNSAT in 0.04s
    cube 3561.1952 (depth 1, 36 lits): UNSAT in 0.02s
    cube 3561.1953 (depth 1, 36 lits): UNSAT in 0.04s
    cube 3561.1954 (depth 1, 36 lits): UNSAT in 0.03s
    cube 3561.1955 (depth 1, 36 lits): UNSAT in 0.02s
    cube 3561.1956 (depth 1, 36 lits): UNSAT in 0.03s
    cube 3561.1957 (depth 1, 36 lits): UNSAT in 0.12s
    cube 3561.1958 (depth 1, 35 lits): UNSAT in 0.02s
    cube 3561.1959 (depth 1, 36 lits): UNSAT in 0.03s
    cube 3561.1960 (depth 1, 36 lits): UNSAT in 0.01s
    cube 3561.1961 (depth 1, 36 lits): UNSAT in 0.05s
    cube 3561.1962 (depth 1, 36 lits): UNSAT in 0.04s
    cube 3561.1963 (depth 1, 36 lits): UNSAT in 0.06s
    cube 3561.1964 (depth 1, 36 lits): UNSAT in 0.29s
    cube 3561.1965 (depth 1, 36 lits): UNSAT in 0.07s
    cube 3561.1966 (depth 1, 36 lits): UNSAT in 0.11s
    cube 3561.1967 (depth 1, 36 lits): UNSAT in 0.13s
    cube 3561.1968 (depth 1, 36 lits): UNSAT in 0.19s
    cube 3561.1969 (depth 1, 36 lits): UNSAT in 0.05s
    cube 3561.1970 (depth 1, 36 lits): UNSAT in 0.08s
    cube 3561.1971 (depth 1, 36 lits): UNSAT in 0.65s
    cube 3561.1972 (depth 1, 36 lits): UNSAT in 0.54s
    cube 3561.1973 (depth 1, 32 lits): UNSAT in 0.02s
    cube 3561.1974 (depth 1, 33 lits): UNSAT in 0.01s
    cube 3561.1975 (depth 1, 34 lits): UNSAT in 0.02s
    cube 3561.1976 (depth 1, 34 lits): UNSAT in 0.02s
    cube 3561.1977 (depth 1, 32 lits): UNSAT in 0.01s
    cube 3561.1978 (depth 1, 35 lits): UNSAT in 0.01s
    cube 3561.1979 (depth 1, 35 lits): UNSAT in 0.02s
    cube 3561.1980 (depth 1, 35 lits): UNSAT in 0.02s
    cube 3561.1981 (depth 1, 36 lits): UNSAT in 0.01s
    cube 3561.1982 (depth 1, 36 lits): UNSAT in 0.02s
    cube 3561.1983 (depth 1, 35 lits): UNSAT in 0.01s
    cube 3561.1984 (depth 1, 36 lits): UNSAT in 0.02s
    cube 3561.1985 (depth 1, 36 lits): UNSAT in 0.02s
    cube 3561.1986 (depth 1, 36 lits): UNSAT in 0.02s
    cube 3561.1987 (depth 1, 36 lits): UNSAT in 0.03s
    cube 3561.1988 (depth 1, 36 lits): UNSAT in 0.03s
    cube 3561.1989 (depth 1, 36 lits): UNSAT in 0.03s
    cube 3561.1990 (depth 1, 36 lits): UNSAT in 0.02s
    cube 3561.1991 (depth 1, 36 lits): UNSAT in 0.02s
    cube 3561.1992 (depth 1, 36 lits): UNSAT in 0.02s
    cube 3561.1993 (depth 1, 36 lits): UNSAT in 0.04s
    cube 3561.1994 (depth 1, 36 lits): UNSAT in 0.02s
    cube 3561.1995 (depth 1, 36 lits): UNSAT in 0.05s
    cube 3561.1996 (depth 1, 36 lits): UNSAT in 0.05s
    cube 3561.1997 (depth 1, 36 lits): UNSAT in 0.09s
    cube 3561.1998 (depth 1, 36 lits): UNSAT in 0.02s
    cube 3561.1999 (depth 1, 36 lits): UNSAT in 0.02s
    cube 3561.2000 (depth 1, 36 lits): UNSAT in 0.02s
    cube 3561.2001 (depth 1, 36 lits): UNSAT in 0.03s
    cube 3561.2002 (depth 1, 36 lits): UNSAT in 0.04s
    cube 3561.2003 (depth 1, 36 lits): UNSAT in 0.13s
    cube 3561.2004 (depth 1, 36 lits): UNSAT in 0.14s
    cube 3561.2005 (depth 1, 36 lits): UNSAT in 0.18s
    cube 3561.2006 (depth 1, 36 lits): UNSAT in 0.01s
    cube 3561.2007 (depth 1, 36 lits): UNSAT in 0.02s
    cube 3561.2008 (depth 1, 36 lits): UNSAT in 0.02s
    cube 3561.2009 (depth 1, 36 lits): UNSAT in 0.02s
    cube 3561.2010 (depth 1, 36 lits): UNSAT in 0.03s
    cube 3561.2011 (depth 1, 36 lits): UNSAT in 0.04s
    cube 3561.2012 (depth 1, 36 lits): UNSAT in 0.08s
    cube 3561.2013 (depth 1, 36 lits): UNSAT in 0.03s
    cube 3561.2014 (depth 1, 36 lits): UNSAT in 0.02s
    cube 3561.2015 (depth 1, 36 lits): UNSAT in 0.03s
    cube 3561.2016 (depth 1, 36 lits): UNSAT in 0.02s
    cube 3561.2017 (depth 1, 36 lits): UNSAT in 0.04s
    cube 3561.2018 (depth 1, 36 lits): UNSAT in 0.03s
    cube 3561.2019 (depth 1, 36 lits): UNSAT in 0.02s
    cube 3561.2020 (depth 1, 36 lits): UNSAT in 0.20s
    cube 3561.2021 (depth 1, 36 lits): UNSAT in 0.37s
    cube 3561.2022 (depth 1, 36 lits): UNSAT in 0.02s
    cube 3561.2023 (depth 1, 36 lits): UNSAT in 0.02s
    cube 3561.2024 (depth 1, 36 lits): UNSAT in 0.01s
    cube 3561.2025 (depth 1, 36 lits): UNSAT in 0.01s
    cube 3561.2026 (depth 1, 36 lits): UNSAT in 0.02s
    cube 3561.2027 (depth 1, 36 lits): UNSAT in 0.03s
    cube 3561.2028 (depth 1, 36 lits): UNSAT in 0.04s
    cube 3561.2029 (depth 1, 36 lits): UNSAT in 0.03s
    cube 3561.2030 (depth 1, 36 lits): UNSAT in 0.02s
    cube 3561.2031 (depth 1, 36 lits): UNSAT in 0.02s
    cube 3561.2032 (depth 1, 36 lits): UNSAT in 0.03s
    cube 3561.2033 (depth 1, 36 lits): UNSAT in 0.04s
    cube 3561.2034 (depth 1, 36 lits): UNSAT in 0.02s
    cube 3561.2035 (depth 1, 36 lits): UNSAT in 0.04s
    cube 3561.2036 (depth 1, 36 lits): UNSAT in 0.03s
    cube 3561.2037 (depth 1, 36 lits): UNSAT in 0.09s
    cube 3561.2038 (depth 1, 36 lits): UNSAT in 0.03s
    cube 3561.2039 (depth 1, 36 lits): UNSAT in 0.03s
    cube 3561.2040 (depth 1, 36 lits): UNSAT in 0.06s
    cube 3561.2041 (depth 1, 36 lits): UNSAT in 0.07s
    cube 3561.2042 (depth 1, 36 lits): UNSAT in 0.01s
    cube 3561.2043 (depth 1, 36 lits): UNSAT in 0.03s
    cube 3561.2044 (depth 1, 36 lits): UNSAT in 0.03s
    cube 3561.2045 (depth 1, 36 lits): UNSAT in 0.19s
    cube 3561.2046 (depth 1, 36 lits): UNSAT in 0.04s
    cube 3561.2047 (depth 1, 36 lits): UNSAT in 0.10s
    cube 3561.2048 (depth 1, 36 lits): UNSAT in 0.09s
    cube 3561.2049 (depth 1, 36 lits): UNSAT in 0.23s
    cube 3561.2050 (depth 1, 36 lits): UNSAT in 0.10s
    cube 3561.2051 (depth 1, 36 lits): UNSAT in 0.67s
    cube 3561.2052 (depth 1, 36 lits): UNSAT in 0.99s
    cube 3561.2053 (depth 1, 36 lits): UNSAT in 1.58s
    cube 3561.2054 (depth 1, 34 lits): UNSAT in 0.02s
    cube 3561.2055 (depth 1, 36 lits): UNSAT in 0.02s
    cube 3561.2056 (depth 1, 36 lits): UNSAT in 0.02s
    cube 3561.2057 (depth 1, 36 lits): UNSAT in 0.02s
    cube 3561.2058 (depth 1, 36 lits): UNSAT in 0.02s
    cube 3561.2059 (depth 1, 36 lits): UNSAT in 0.01s
    cube 3561.2060 (depth 1, 36 lits): UNSAT in 0.03s
    cube 3561.2061 (depth 1, 36 lits): UNSAT in 0.02s
    cube 3561.2062 (depth 1, 36 lits): UNSAT in 0.02s
    cube 3561.2063 (depth 1, 36 lits): UNSAT in 0.01s
    cube 3561.2064 (depth 1, 36 lits): UNSAT in 0.03s
    cube 3561.2065 (depth 1, 36 lits): UNSAT in 0.02s
    cube 3561.2066 (depth 1, 36 lits): UNSAT in 0.03s
    cube 3561.2067 (depth 1, 36 lits): UNSAT in 0.01s
    cube 3561.2068 (depth 1, 36 lits): UNSAT in 0.02s
    cube 3561.2069 (depth 1, 36 lits): UNSAT in 0.01s
    cube 3561.2070 (depth 1, 36 lits): UNSAT in 0.02s
    cube 3561.2071 (depth 1, 36 lits): UNSAT in 0.02s
    cube 3561.2072 (depth 1, 36 lits): UNSAT in 0.02s
    cube 3561.2073 (depth 1, 36 lits): UNSAT in 0.04s
    cube 3561.2074 (depth 1, 36 lits): UNSAT in 0.04s
    cube 3561.2075 (depth 1, 35 lits): UNSAT in 0.02s
    cube 3561.2076 (depth 1, 36 lits): UNSAT in 0.02s
    cube 3561.2077 (depth 1, 36 lits): UNSAT in 0.04s
    cube 3561.2078 (depth 1, 36 lits): UNSAT in 0.03s
    cube 3561.2079 (depth 1, 36 lits): UNSAT in 0.03s
    cube 3561.2080 (depth 1, 36 lits): UNSAT in 0.08s
    cube 3561.2081 (depth 1, 36 lits): UNSAT in 0.09s
    cube 3561.2082 (depth 1, 35 lits): UNSAT in 0.02s
    cube 3561.2083 (depth 1, 35 lits): UNSAT in 0.02s
    cube 3561.2084 (depth 1, 36 lits): UNSAT in 0.01s
    cube 3561.2085 (depth 1, 36 lits): UNSAT in 0.02s
    cube 3561.2086 (depth 1, 35 lits): UNSAT in 0.02s
    cube 3561.2087 (depth 1, 35 lits): UNSAT in 0.02s
    cube 3561.2088 (depth 1, 36 lits): UNSAT in 0.01s
    cube 3561.2089 (depth 1, 36 lits): UNSAT in 0.02s
    cube 3561.2090 (depth 1, 36 lits): UNSAT in 0.02s
    cube 3561.2091 (depth 1, 36 lits): UNSAT in 0.01s
    cube 3561.2092 (depth 1, 36 lits): UNSAT in 0.06s
    cube 3561.2093 (depth 1, 36 lits): UNSAT in 0.07s
    cube 3561.2094 (depth 1, 36 lits): UNSAT in 0.02s
    cube 3561.2095 (depth 1, 36 lits): UNSAT in 0.03s
    cube 3561.2096 (depth 1, 36 lits): UNSAT in 0.03s
    cube 3561.2097 (depth 1, 36 lits): UNSAT in 0.03s
    cube 3561.2098 (depth 1, 35 lits): UNSAT in 0.01s
    cube 3561.2099 (depth 1, 36 lits): UNSAT in 0.02s
    cube 3561.2100 (depth 1, 36 lits): UNSAT in 0.16s
    cube 3561.2101 (depth 1, 36 lits): UNSAT in 0.03s
    cube 3561.2102 (depth 1, 36 lits): UNSAT in 0.58s
    cube 3561.2103 (depth 1, 36 lits): UNSAT in 0.26s
    cube 3561.2104 (depth 1, 36 lits): UNSAT in 0.60s
    cube 3561.2105 (depth 1, 36 lits): UNSAT in 0.13s
    cube 3561.2106 (depth 1, 36 lits): UNSAT in 0.40s
    cube 3561.2107 (depth 1, 36 lits): UNSAT in 0.92s
    cube 3561.2108 (depth 1, 36 lits): UNSAT in 1.66s
    cube 3561.2109 (depth 1, 36 lits): UNSAT in 0.02s
    cube 3561.2110 (depth 1, 36 lits): UNSAT in 0.03s
    cube 3561.2111 (depth 1, 36 lits): UNSAT in 0.03s
    cube 3561.2112 (depth 1, 36 lits): UNSAT in 0.04s
    cube 3561.2113 (depth 1, 36 lits): UNSAT in 0.04s
    cube 3561.2114 (depth 1, 36 lits): UNSAT in 0.04s
    cube 3561.2115 (depth 1, 36 lits): UNSAT in 0.05s
    cube 3561.2116 (depth 1, 36 lits): UNSAT in 0.11s
    cube 3561.2117 (depth 1, 36 lits): UNSAT in 0.02s
    cube 3561.2118 (depth 1, 36 lits): UNSAT in 0.05s
    cube 3561.2119 (depth 1, 36 lits): UNSAT in 0.03s
    cube 3561.2120 (depth 1, 36 lits): UNSAT in 0.11s
    cube 3561.2121 (depth 1, 36 lits): UNSAT in 0.06s
    cube 3561.2122 (depth 1, 36 lits): UNSAT in 0.05s
    cube 3561.2123 (depth 1, 36 lits): UNSAT in 0.08s
    cube 3561.2124 (depth 1, 36 lits): UNSAT in 0.32s
    cube 3561.2125 (depth 1, 36 lits): UNSAT in 0.02s
    cube 3561.2126 (depth 1, 36 lits): UNSAT in 0.03s
    cube 3561.2127 (depth 1, 36 lits): UNSAT in 0.04s
    cube 3561.2128 (depth 1, 36 lits): UNSAT in 0.14s
    cube 3561.2129 (depth 1, 36 lits): UNSAT in 0.02s
    cube 3561.2130 (depth 1, 36 lits): UNSAT in 0.06s
    cube 3561.2131 (depth 1, 36 lits): UNSAT in 0.07s
    cube 3561.2132 (depth 1, 36 lits): UNSAT in 0.27s
    cube 3561.2133 (depth 1, 36 lits): UNSAT in 0.07s
    cube 3561.2134 (depth 1, 36 lits): UNSAT in 0.09s
    cube 3561.2135 (depth 1, 36 lits): UNSAT in 0.09s
    cube 3561.2136 (depth 1, 36 lits): UNSAT in 0.16s
    cube 3561.2137 (depth 1, 36 lits): UNSAT in 0.10s
    cube 3561.2138 (depth 1, 36 lits): UNSAT in 0.24s
    cube 3561.2139 (depth 1, 36 lits): UNSAT in 0.28s
    cube 3561.2140 (depth 1, 36 lits): UNSAT in 1.50s
    cube 3561.2141 (depth 1, 36 lits): UNSAT in 0.03s
    cube 3561.2142 (depth 1, 36 lits): UNSAT in 0.05s
    cube 3561.2143 (depth 1, 36 lits): UNSAT in 0.02s
    cube 3561.2144 (depth 1, 36 lits): UNSAT in 0.06s
    cube 3561.2145 (depth 1, 36 lits): UNSAT in 0.03s
    cube 3561.2146 (depth 1, 36 lits): UNSAT in 0.04s
    cube 3561.2147 (depth 1, 36 lits): UNSAT in 0.04s
    cube 3561.2148 (depth 1, 36 lits): UNSAT in 0.49s
    cube 3561.2149 (depth 1, 36 lits): UNSAT in 0.05s
    cube 3561.2150 (depth 1, 36 lits): UNSAT in 0.19s
    cube 3561.2151 (depth 1, 36 lits): UNSAT in 0.05s
    cube 3561.2152 (depth 1, 36 lits): UNSAT in 0.29s
    cube 3561.2153 (depth 1, 36 lits): UNSAT in 0.50s
    cube 3561.2154 (depth 1, 36 lits): UNSAT in 0.41s
    cube 3561.2155 (depth 1, 36 lits): UNSAT in 0.81s
    cube 3561.2156 (depth 1, 36 lits): UNSAT in 2.25s
    cube 3561.2157 (depth 1, 36 lits): UNSAT in 0.04s
    cube 3561.2158 (depth 1, 36 lits): UNSAT in 0.07s
    cube 3561.2159 (depth 1, 36 lits): UNSAT in 0.11s
    cube 3561.2160 (depth 1, 36 lits): UNSAT in 0.27s
    cube 3561.2161 (depth 1, 36 lits): UNSAT in 0.24s
    cube 3561.2162 (depth 1, 36 lits): UNSAT in 1.71s
    cube 3561.2163 (depth 1, 36 lits): UNSAT in 1.72s
    cube 3561.2164 (depth 1, 36 lits): UNSAT in 4.93s
    cube 3561.2165 (depth 1, 36 lits): UNSAT in 0.10s
    cube 3561.2166 (depth 1, 36 lits): UNSAT in 0.60s
    cube 3561.2167 (depth 1, 36 lits): UNSAT in 2.11s
    cube 3561.2168 (depth 1, 36 lits): UNSAT in 3.98s
    cube 3561.2169 (depth 1, 36 lits): UNSAT in 3.55s
    cube 3561.2170 (depth 1, 36 lits): UNSAT in 2.63s
    cube 3561.2171 (depth 1, 36 lits): UNSAT in 0.25s
    cube 3561.2172 (depth 1, 36 lits): UNSAT in 3.59s
    cube 3561.2173 (depth 1, 34 lits): UNSAT in 0.01s
    cube 3561.2174 (depth 1, 35 lits): UNSAT in 0.01s
    cube 3561.2175 (depth 1, 35 lits): UNSAT in 0.02s
    cube 3561.2176 (depth 1, 36 lits): UNSAT in 0.02s
    cube 3561.2177 (depth 1, 36 lits): UNSAT in 0.02s
    cube 3561.2178 (depth 1, 35 lits): UNSAT in 0.02s
    cube 3561.2179 (depth 1, 36 lits): UNSAT in 0.02s
    cube 3561.2180 (depth 1, 36 lits): UNSAT in 0.02s
    cube 3561.2181 (depth 1, 36 lits): UNSAT in 0.02s
    cube 3561.2182 (depth 1, 36 lits): UNSAT in 0.04s
    cube 3561.2183 (depth 1, 35 lits): UNSAT in 0.01s
    cube 3561.2184 (depth 1, 36 lits): UNSAT in 0.01s
    cube 3561.2185 (depth 1, 36 lits): UNSAT in 0.02s
    cube 3561.2186 (depth 1, 35 lits): UNSAT in 0.01s
    cube 3561.2187 (depth 1, 36 lits): UNSAT in 0.02s
    cube 3561.2188 (depth 1, 36 lits): UNSAT in 0.02s
    cube 3561.2189 (depth 1, 36 lits): UNSAT in 0.02s
    cube 3561.2190 (depth 1, 36 lits): UNSAT in 0.02s
    cube 3561.2191 (depth 1, 36 lits): UNSAT in 0.02s
    cube 3561.2192 (depth 1, 36 lits): UNSAT in 0.03s
    cube 3561.2193 (depth 1, 36 lits): UNSAT in 0.02s
    cube 3561.2194 (depth 1, 36 lits): UNSAT in 0.02s
    cube 3561.2195 (depth 1, 36 lits): UNSAT in 0.03s
    cube 3561.2196 (depth 1, 36 lits): UNSAT in 0.02s
    cube 3561.2197 (depth 1, 36 lits): UNSAT in 0.01s
    cube 3561.2198 (depth 1, 36 lits): UNSAT in 0.02s
    cube 3561.2199 (depth 1, 36 lits): UNSAT in 0.02s
    cube 3561.2200 (depth 1, 36 lits): UNSAT in 0.02s
    cube 3561.2201 (depth 1, 36 lits): UNSAT in 0.01s
    cube 3561.2202 (depth 1, 36 lits): UNSAT in 0.01s
    cube 3561.2203 (depth 1, 36 lits): UNSAT in 0.02s
    cube 3561.2204 (depth 1, 36 lits): UNSAT in 0.03s
    cube 3561.2205 (depth 1, 35 lits): UNSAT in 0.02s
    cube 3561.2206 (depth 1, 36 lits): UNSAT in 0.02s
    cube 3561.2207 (depth 1, 36 lits): UNSAT in 0.04s
    cube 3561.2208 (depth 1, 36 lits): UNSAT in 0.01s
    cube 3561.2209 (depth 1, 36 lits): UNSAT in 0.02s
    cube 3561.2210 (depth 1, 36 lits): UNSAT in 0.02s
    cube 3561.2211 (depth 1, 36 lits): UNSAT in 0.02s
    cube 3561.2212 (depth 1, 36 lits): UNSAT in 0.01s
    cube 3561.2213 (depth 1, 36 lits): UNSAT in 0.01s
    cube 3561.2214 (depth 1, 36 lits): UNSAT in 0.01s
    cube 3561.2215 (depth 1, 36 lits): UNSAT in 0.02s
    cube 3561.2216 (depth 1, 36 lits): UNSAT in 0.01s
    cube 3561.2217 (depth 1, 36 lits): UNSAT in 0.02s
    cube 3561.2218 (depth 1, 36 lits): UNSAT in 0.02s
    cube 3561.2219 (depth 1, 36 lits): UNSAT in 0.04s
    cube 3561.2220 (depth 1, 36 lits): UNSAT in 0.01s
    cube 3561.2221 (depth 1, 36 lits): UNSAT in 0.02s
    cube 3561.2222 (depth 1, 36 lits): UNSAT in 0.02s
    cube 3561.2223 (depth 1, 36 lits): UNSAT in 0.01s
    cube 3561.2224 (depth 1, 36 lits): UNSAT in 0.17s
    cube 3561.2225 (depth 1, 36 lits): UNSAT in 0.07s
    cube 3561.2226 (depth 1, 36 lits): UNSAT in 0.02s
    cube 3561.2227 (depth 1, 36 lits): UNSAT in 0.10s
    cube 3561.2228 (depth 1, 35 lits): UNSAT in 0.02s
    cube 3561.2229 (depth 1, 35 lits): UNSAT in 0.02s
    cube 3561.2230 (depth 1, 35 lits): UNSAT in 0.02s
    cube 3561.2231 (depth 1, 36 lits): UNSAT in 0.04s
    cube 3561.2232 (depth 1, 36 lits): UNSAT in 0.02s
    cube 3561.2233 (depth 1, 35 lits): UNSAT in 0.01s
    cube 3561.2234 (depth 1, 35 lits): UNSAT in 0.02s
    cube 3561.2235 (depth 1, 36 lits): UNSAT in 0.02s
    cube 3561.2236 (depth 1, 36 lits): UNSAT in 0.02s
    cube 3561.2237 (depth 1, 36 lits): UNSAT in 0.01s
    cube 3561.2238 (depth 1, 36 lits): UNSAT in 0.02s
    cube 3561.2239 (depth 1, 35 lits): UNSAT in 0.01s
    cube 3561.2240 (depth 1, 36 lits): UNSAT in 0.02s
    cube 3561.2241 (depth 1, 36 lits): UNSAT in 0.02s
    cube 3561.2242 (depth 1, 36 lits): UNSAT in 0.02s
    cube 3561.2243 (depth 1, 36 lits): UNSAT in 0.02s
    cube 3561.2244 (depth 1, 36 lits): UNSAT in 0.03s
    cube 3561.2245 (depth 1, 36 lits): UNSAT in 0.02s
    cube 3561.2246 (depth 1, 36 lits): UNSAT in 0.02s
    cube 3561.2247 (depth 1, 36 lits): UNSAT in 0.05s
    cube 3561.2248 (depth 1, 36 lits): UNSAT in 0.03s
    cube 3561.2249 (depth 1, 36 lits): UNSAT in 0.02s
    cube 3561.2250 (depth 1, 36 lits): UNSAT in 0.02s
    cube 3561.2251 (depth 1, 36 lits): UNSAT in 0.04s
    cube 3561.2252 (depth 1, 36 lits): UNSAT in 0.04s
    cube 3561.2253 (depth 1, 36 lits): UNSAT in 0.05s
    cube 3561.2254 (depth 1, 35 lits): UNSAT in 0.01s
    cube 3561.2255 (depth 1, 36 lits): UNSAT in 0.02s
    cube 3561.2256 (depth 1, 36 lits): UNSAT in 0.02s
    cube 3561.2257 (depth 1, 36 lits): UNSAT in 0.02s
    cube 3561.2258 (depth 1, 36 lits): UNSAT in 0.02s
    cube 3561.2259 (depth 1, 35 lits): UNSAT in 0.02s
    cube 3561.2260 (depth 1, 36 lits): UNSAT in 0.02s
    cube 3561.2261 (depth 1, 36 lits): UNSAT in 0.02s
    cube 3561.2262 (depth 1, 36 lits): UNSAT in 0.03s
    cube 3561.2263 (depth 1, 36 lits): UNSAT in 0.04s
    cube 3561.2264 (depth 1, 36 lits): UNSAT in 0.02s
    cube 3561.2265 (depth 1, 36 lits): UNSAT in 0.03s
    cube 3561.2266 (depth 1, 36 lits): UNSAT in 0.01s
    cube 3561.2267 (depth 1, 36 lits): UNSAT in 0.03s
    cube 3561.2268 (depth 1, 36 lits): UNSAT in 0.02s
    cube 3561.2269 (depth 1, 36 lits): UNSAT in 0.03s
    cube 3561.2270 (depth 1, 36 lits): UNSAT in 0.02s
    cube 3561.2271 (depth 1, 36 lits): UNSAT in 0.02s
    cube 3561.2272 (depth 1, 36 lits): UNSAT in 0.03s
    cube 3561.2273 (depth 1, 36 lits): UNSAT in 0.04s
    cube 3561.2274 (depth 1, 36 lits): UNSAT in 0.05s
    cube 3561.2275 (depth 1, 36 lits): UNSAT in 0.02s
    cube 3561.2276 (depth 1, 36 lits): UNSAT in 0.02s
    cube 3561.2277 (depth 1, 36 lits): UNSAT in 0.03s
    cube 3561.2278 (depth 1, 36 lits): UNSAT in 0.04s
    cube 3561.2279 (depth 1, 36 lits): UNSAT in 0.08s
    cube 3561.2280 (depth 1, 36 lits): UNSAT in 0.02s
    cube 3561.2281 (depth 1, 36 lits): UNSAT in 0.05s
    cube 3561.2282 (depth 1, 36 lits): UNSAT in 0.08s
    cube 3561.2283 (depth 1, 36 lits): UNSAT in 0.07s
    cube 3561.2284 (depth 1, 35 lits): UNSAT in 0.01s
    cube 3561.2285 (depth 1, 36 lits): UNSAT in 0.02s
    cube 3561.2286 (depth 1, 36 lits): UNSAT in 0.02s
    cube 3561.2287 (depth 1, 35 lits): UNSAT in 0.02s
    cube 3561.2288 (depth 1, 36 lits): UNSAT in 0.03s
    cube 3561.2289 (depth 1, 36 lits): UNSAT in 0.05s
    cube 3561.2290 (depth 1, 36 lits): UNSAT in 0.02s
    cube 3561.2291 (depth 1, 36 lits): UNSAT in 0.03s
    cube 3561.2292 (depth 1, 36 lits): UNSAT in 0.02s
    cube 3561.2293 (depth 1, 36 lits): UNSAT in 0.05s
    cube 3561.2294 (depth 1, 36 lits): UNSAT in 0.02s
    cube 3561.2295 (depth 1, 36 lits): UNSAT in 0.03s
    cube 3561.2296 (depth 1, 36 lits): UNSAT in 0.03s
    cube 3561.2297 (depth 1, 36 lits): UNSAT in 0.04s
    cube 3561.2298 (depth 1, 35 lits): UNSAT in 0.01s
    cube 3561.2299 (depth 1, 36 lits): UNSAT in 0.02s
    cube 3561.2300 (depth 1, 36 lits): UNSAT in 0.03s
    cube 3561.2301 (depth 1, 36 lits): UNSAT in 0.02s
    cube 3561.2302 (depth 1, 36 lits): UNSAT in 0.02s
    cube 3561.2303 (depth 1, 36 lits): UNSAT in 0.03s
    cube 3561.2304 (depth 1, 36 lits): UNSAT in 0.04s
    cube 3561.2305 (depth 1, 36 lits): UNSAT in 0.02s
    cube 3561.2306 (depth 1, 36 lits): UNSAT in 0.03s
    cube 3561.2307 (depth 1, 36 lits): UNSAT in 0.02s
    cube 3561.2308 (depth 1, 36 lits): UNSAT in 0.03s
    cube 3561.2309 (depth 1, 36 lits): UNSAT in 0.02s
    cube 3561.2310 (depth 1, 36 lits): UNSAT in 0.04s
    cube 3561.2311 (depth 1, 36 lits): UNSAT in 0.10s
    cube 3561.2312 (depth 1, 36 lits): UNSAT in 0.33s
    cube 3561.2313 (depth 1, 35 lits): UNSAT in 0.01s
    cube 3561.2314 (depth 1, 36 lits): UNSAT in 0.02s
    cube 3561.2315 (depth 1, 36 lits): UNSAT in 0.02s
    cube 3561.2316 (depth 1, 36 lits): UNSAT in 0.03s
    cube 3561.2317 (depth 1, 36 lits): UNSAT in 0.05s
    cube 3561.2318 (depth 1, 36 lits): UNSAT in 0.02s
    cube 3561.2319 (depth 1, 36 lits): UNSAT in 0.05s
    cube 3561.2320 (depth 1, 36 lits): UNSAT in 0.02s
    cube 3561.2321 (depth 1, 36 lits): UNSAT in 0.02s
    cube 3561.2322 (depth 1, 36 lits): UNSAT in 0.03s
    cube 3561.2323 (depth 1, 36 lits): UNSAT in 0.04s
    cube 3561.2324 (depth 1, 36 lits): UNSAT in 0.02s
    cube 3561.2325 (depth 1, 36 lits): UNSAT in 0.04s
    cube 3561.2326 (depth 1, 36 lits): UNSAT in 0.06s
    cube 3561.2327 (depth 1, 36 lits): UNSAT in 0.15s
    cube 3561.2328 (depth 1, 36 lits): UNSAT in 0.02s
    cube 3561.2329 (depth 1, 36 lits): UNSAT in 0.02s
    cube 3561.2330 (depth 1, 36 lits): UNSAT in 0.02s
    cube 3561.2331 (depth 1, 36 lits): UNSAT in 0.09s
    cube 3561.2332 (depth 1, 36 lits): UNSAT in 0.05s
    cube 3561.2333 (depth 1, 36 lits): UNSAT in 0.03s
    cube 3561.2334 (depth 1, 36 lits): UNSAT in 0.09s
    cube 3561.2335 (depth 1, 36 lits): UNSAT in 0.16s
    cube 3561.2336 (depth 1, 36 lits): UNSAT in 0.02s
    cube 3561.2337 (depth 1, 36 lits): UNSAT in 0.03s
    cube 3561.2338 (depth 1, 36 lits): UNSAT in 0.04s
    cube 3561.2339 (depth 1, 36 lits): UNSAT in 0.45s
    cube 3561.2340 (depth 1, 36 lits): UNSAT in 0.09s
    cube 3561.2341 (depth 1, 36 lits): UNSAT in 0.31s
    cube 3561.2342 (depth 1, 36 lits): UNSAT in 0.21s
    cube 3561.2343 (depth 1, 36 lits): UNSAT in 0.92s
    cube 3561.2344 (depth 1, 36 lits): UNSAT in 0.03s
    cube 3561.2345 (depth 1, 36 lits): UNSAT in 0.02s
    cube 3561.2346 (depth 1, 36 lits): UNSAT in 0.02s
    cube 3561.2347 (depth 1, 36 lits): UNSAT in 0.03s
    cube 3561.2348 (depth 1, 36 lits): UNSAT in 0.03s
    cube 3561.2349 (depth 1, 36 lits): UNSAT in 0.03s
    cube 3561.2350 (depth 1, 36 lits): UNSAT in 0.02s
    cube 3561.2351 (depth 1, 36 lits): UNSAT in 0.07s
    cube 3561.2352 (depth 1, 36 lits): UNSAT in 0.02s
    cube 3561.2353 (depth 1, 36 lits): UNSAT in 0.02s
    cube 3561.2354 (depth 1, 36 lits): UNSAT in 0.02s
    cube 3561.2355 (depth 1, 36 lits): UNSAT in 0.02s
    cube 3561.2356 (depth 1, 36 lits): UNSAT in 0.01s
    cube 3561.2357 (depth 1, 36 lits): UNSAT in 0.02s
    cube 3561.2358 (depth 1, 36 lits): UNSAT in 0.03s
    cube 3561.2359 (depth 1, 36 lits): UNSAT in 0.08s
    cube 3561.2360 (depth 1, 36 lits): UNSAT in 0.02s
    cube 3561.2361 (depth 1, 36 lits): UNSAT in 0.03s
    cube 3561.2362 (depth 1, 36 lits): UNSAT in 0.03s
    cube 3561.2363 (depth 1, 36 lits): UNSAT in 0.05s
    cube 3561.2364 (depth 1, 36 lits): UNSAT in 0.09s
    cube 3561.2365 (depth 1, 36 lits): UNSAT in 0.10s
    cube 3561.2366 (depth 1, 36 lits): UNSAT in 0.12s
    cube 3561.2367 (depth 1, 36 lits): UNSAT in 0.14s
    cube 3561.2368 (depth 1, 36 lits): UNSAT in 0.05s
    cube 3561.2369 (depth 1, 36 lits): UNSAT in 0.14s
    cube 3561.2370 (depth 1, 36 lits): UNSAT in 0.10s
    cube 3561.2371 (depth 1, 36 lits): UNSAT in 0.29s
    cube 3561.2372 (depth 1, 36 lits): UNSAT in 0.19s
    cube 3561.2373 (depth 1, 36 lits): UNSAT in 0.50s
    cube 3561.2374 (depth 1, 36 lits): UNSAT in 0.08s
    cube 3561.2375 (depth 1, 36 lits): UNSAT in 1.53s
    cube 3561.2376 (depth 1, 36 lits): UNSAT in 0.02s
    cube 3561.2377 (depth 1, 36 lits): UNSAT in 0.02s
    cube 3561.2378 (depth 1, 36 lits): UNSAT in 0.02s
    cube 3561.2379 (depth 1, 36 lits): UNSAT in 0.11s
    cube 3561.2380 (depth 1, 36 lits): UNSAT in 0.02s
    cube 3561.2381 (depth 1, 36 lits): UNSAT in 0.21s
    cube 3561.2382 (depth 1, 36 lits): UNSAT in 0.17s
    cube 3561.2383 (depth 1, 36 lits): UNSAT in 0.13s
    cube 3561.2384 (depth 1, 36 lits): UNSAT in 0.03s
    cube 3561.2385 (depth 1, 36 lits): UNSAT in 0.07s
    cube 3561.2386 (depth 1, 36 lits): UNSAT in 0.05s
    cube 3561.2387 (depth 1, 36 lits): UNSAT in 0.34s
    cube 3561.2388 (depth 1, 36 lits): UNSAT in 0.17s
    cube 3561.2389 (depth 1, 36 lits): UNSAT in 0.51s
    cube 3561.2390 (depth 1, 36 lits): UNSAT in 0.25s
    cube 3561.2391 (depth 1, 36 lits): UNSAT in 0.57s
    cube 3561.2392 (depth 1, 36 lits): UNSAT in 0.03s
    cube 3561.2393 (depth 1, 36 lits): UNSAT in 0.12s
    cube 3561.2394 (depth 1, 36 lits): UNSAT in 0.23s
    cube 3561.2395 (depth 1, 36 lits): UNSAT in 0.41s
    cube 3561.2396 (depth 1, 36 lits): UNSAT in 0.04s
    cube 3561.2397 (depth 1, 36 lits): UNSAT in 0.08s
    cube 3561.2398 (depth 1, 36 lits): UNSAT in 0.18s
    cube 3561.2399 (depth 1, 36 lits): UNSAT in 1.03s
    cube 3561.2400 (depth 1, 36 lits): UNSAT in 0.06s
    cube 3561.2401 (depth 1, 36 lits): UNSAT in 0.18s
    cube 3561.2402 (depth 1, 36 lits): UNSAT in 0.51s
    cube 3561.2403 (depth 1, 36 lits): UNSAT in 2.33s
    cube 3561.2404 (depth 1, 36 lits): UNSAT in 1.07s
    cube 3561.2405 (depth 1, 36 lits): UNSAT in 3.62s
    cube 3561.2406 (depth 1, 36 lits): UNSAT in 2.09s
    cube 3561.2407 (depth 1, 36 lits): UNSAT in 2.40s
    cube 3561.2408 (depth 1, 35 lits): UNSAT in 0.02s
    cube 3561.2409 (depth 1, 36 lits): UNSAT in 0.01s
    cube 3561.2410 (depth 1, 36 lits): UNSAT in 0.02s
    cube 3561.2411 (depth 1, 36 lits): UNSAT in 0.01s
    cube 3561.2412 (depth 1, 36 lits): UNSAT in 0.02s
    cube 3561.2413 (depth 1, 36 lits): UNSAT in 0.02s
    cube 3561.2414 (depth 1, 36 lits): UNSAT in 0.02s
    cube 3561.2415 (depth 1, 35 lits): UNSAT in 0.02s
    cube 3561.2416 (depth 1, 35 lits): UNSAT in 0.02s
    cube 3561.2417 (depth 1, 36 lits): UNSAT in 0.02s
    cube 3561.2418 (depth 1, 36 lits): UNSAT in 0.02s
    cube 3561.2419 (depth 1, 36 lits): UNSAT in 0.02s
    cube 3561.2420 (depth 1, 36 lits): UNSAT in 0.03s
    cube 3561.2421 (depth 1, 35 lits): UNSAT in 0.02s
    cube 3561.2422 (depth 1, 35 lits): UNSAT in 0.02s
    cube 3561.2423 (depth 1, 36 lits): UNSAT in 0.02s
    cube 3561.2424 (depth 1, 36 lits): UNSAT in 0.02s
    cube 3561.2425 (depth 1, 35 lits): UNSAT in 0.02s
    cube 3561.2426 (depth 1, 36 lits): UNSAT in 0.02s
    cube 3561.2427 (depth 1, 36 lits): UNSAT in 0.04s
    cube 3561.2428 (depth 1, 36 lits): UNSAT in 0.03s
    cube 3561.2429 (depth 1, 36 lits): UNSAT in 0.04s
    cube 3561.2430 (depth 1, 36 lits): UNSAT in 0.02s
    cube 3561.2431 (depth 1, 36 lits): UNSAT in 0.05s
    cube 3561.2432 (depth 1, 36 lits): UNSAT in 0.08s
    cube 3561.2433 (depth 1, 36 lits): UNSAT in 0.47s
    cube 3561.2434 (depth 1, 35 lits): UNSAT in 0.02s
    cube 3561.2435 (depth 1, 36 lits): UNSAT in 0.02s
    cube 3561.2436 (depth 1, 36 lits): UNSAT in 0.02s
    cube 3561.2437 (depth 1, 36 lits): UNSAT in 0.02s
    cube 3561.2438 (depth 1, 36 lits): UNSAT in 0.02s
    cube 3561.2439 (depth 1, 36 lits): UNSAT in 0.02s
    cube 3561.2440 (depth 1, 36 lits): UNSAT in 0.06s
    cube 3561.2441 (depth 1, 36 lits): UNSAT in 0.02s
    cube 3561.2442 (depth 1, 36 lits): UNSAT in 0.02s
    cube 3561.2443 (depth 1, 36 lits): UNSAT in 0.02s
    cube 3561.2444 (depth 1, 36 lits): UNSAT in 0.09s
    cube 3561.2445 (depth 1, 35 lits): UNSAT in 0.01s
    cube 3561.2446 (depth 1, 36 lits): UNSAT in 0.10s
    cube 3561.2447 (depth 1, 36 lits): UNSAT in 0.19s
    cube 3561.2448 (depth 1, 36 lits): UNSAT in 0.02s
    cube 3561.2449 (depth 1, 36 lits): UNSAT in 0.04s
    cube 3561.2450 (depth 1, 36 lits): UNSAT in 0.03s
    cube 3561.2451 (depth 1, 36 lits): UNSAT in 0.09s
    cube 3561.2452 (depth 1, 36 lits): UNSAT in 0.03s
    cube 3561.2453 (depth 1, 36 lits): UNSAT in 0.05s
    cube 3561.2454 (depth 1, 36 lits): UNSAT in 0.03s
    cube 3561.2455 (depth 1, 36 lits): UNSAT in 0.12s
    cube 3561.2456 (depth 1, 36 lits): UNSAT in 0.10s
    cube 3561.2457 (depth 1, 36 lits): UNSAT in 0.13s
    cube 3561.2458 (depth 1, 36 lits): UNSAT in 0.13s
    cube 3561.2459 (depth 1, 36 lits): UNSAT in 0.26s
    cube 3561.2460 (depth 1, 36 lits): UNSAT in 0.33s
    cube 3561.2461 (depth 1, 36 lits): UNSAT in 0.48s
    cube 3561.2462 (depth 1, 36 lits): UNSAT in 1.61s
    cube 3561.2463 (depth 1, 36 lits): UNSAT in 0.81s
    cube 3561.2464 (depth 1, 35 lits): UNSAT in 0.02s
    cube 3561.2465 (depth 1, 35 lits): UNSAT in 0.02s
    cube 3561.2466 (depth 1, 36 lits): UNSAT in 0.02s
    cube 3561.2467 (depth 1, 36 lits): UNSAT in 0.04s
    cube 3561.2468 (depth 1, 36 lits): UNSAT in 0.05s
    cube 3561.2469 (depth 1, 36 lits): UNSAT in 0.07s
    cube 3561.2470 (depth 1, 35 lits): UNSAT in 0.02s
    cube 3561.2471 (depth 1, 36 lits): UNSAT in 0.03s
    cube 3561.2472 (depth 1, 36 lits): UNSAT in 0.03s
    cube 3561.2473 (depth 1, 36 lits): UNSAT in 0.02s
    cube 3561.2474 (depth 1, 36 lits): UNSAT in 0.02s
    cube 3561.2475 (depth 1, 36 lits): UNSAT in 0.09s
    cube 3561.2476 (depth 1, 36 lits): UNSAT in 0.14s
    cube 3561.2477 (depth 1, 35 lits): UNSAT in 0.01s
    cube 3561.2478 (depth 1, 36 lits): UNSAT in 0.01s
    cube 3561.2479 (depth 1, 36 lits): UNSAT in 0.03s
    cube 3561.2480 (depth 1, 36 lits): UNSAT in 0.02s
    cube 3561.2481 (depth 1, 36 lits): UNSAT in 0.02s
    cube 3561.2482 (depth 1, 36 lits): UNSAT in 0.03s
    cube 3561.2483 (depth 1, 36 lits): UNSAT in 0.02s
    cube 3561.2484 (depth 1, 36 lits): UNSAT in 0.08s
    cube 3561.2485 (depth 1, 36 lits): UNSAT in 0.05s
    cube 3561.2486 (depth 1, 36 lits): UNSAT in 0.04s
    cube 3561.2487 (depth 1, 36 lits): UNSAT in 0.17s
    cube 3561.2488 (depth 1, 36 lits): UNSAT in 0.06s
    cube 3561.2489 (depth 1, 36 lits): UNSAT in 0.09s
    cube 3561.2490 (depth 1, 36 lits): UNSAT in 0.31s
    cube 3561.2491 (depth 1, 36 lits): UNSAT in 1.43s
    cube 3561.2492 (depth 1, 36 lits): UNSAT in 0.01s
    cube 3561.2493 (depth 1, 36 lits): UNSAT in 0.04s
    cube 3561.2494 (depth 1, 36 lits): UNSAT in 0.03s
    cube 3561.2495 (depth 1, 36 lits): UNSAT in 0.04s
    cube 3561.2496 (depth 1, 36 lits): UNSAT in 0.03s
    cube 3561.2497 (depth 1, 36 lits): UNSAT in 0.04s
    cube 3561.2498 (depth 1, 36 lits): UNSAT in 0.03s
    cube 3561.2499 (depth 1, 36 lits): UNSAT in 0.12s
    cube 3561.2500 (depth 1, 36 lits): UNSAT in 0.03s
    cube 3561.2501 (depth 1, 36 lits): UNSAT in 0.04s
    cube 3561.2502 (depth 1, 36 lits): UNSAT in 0.06s
    cube 3561.2503 (depth 1, 36 lits): UNSAT in 0.06s
    cube 3561.2504 (depth 1, 36 lits): UNSAT in 0.05s
    cube 3561.2505 (depth 1, 36 lits): UNSAT in 0.11s
    cube 3561.2506 (depth 1, 36 lits): UNSAT in 0.18s
    cube 3561.2507 (depth 1, 36 lits): UNSAT in 0.59s
    cube 3561.2508 (depth 1, 36 lits): UNSAT in 0.03s
    cube 3561.2509 (depth 1, 36 lits): UNSAT in 0.06s
    cube 3561.2510 (depth 1, 36 lits): UNSAT in 0.06s
    cube 3561.2511 (depth 1, 36 lits): UNSAT in 0.15s
    cube 3561.2512 (depth 1, 36 lits): UNSAT in 0.09s
    cube 3561.2513 (depth 1, 36 lits): UNSAT in 0.58s
    cube 3561.2514 (depth 1, 36 lits): UNSAT in 0.24s
    cube 3561.2515 (depth 1, 36 lits): UNSAT in 0.55s
    cube 3561.2516 (depth 1, 36 lits): UNSAT in 0.16s
    cube 3561.2517 (depth 1, 36 lits): UNSAT in 0.33s
    cube 3561.2518 (depth 1, 36 lits): UNSAT in 0.29s
    cube 3561.2519 (depth 1, 36 lits): UNSAT in 1.55s
    cube 3561.2520 (depth 1, 36 lits): UNSAT in 0.43s
    cube 3561.2521 (depth 1, 36 lits): UNSAT in 5.53s
    cube 3561.2522 (depth 1, 36 lits): UNSAT in 2.44s
    cube 3561.2523 (depth 1, 36 lits): UNSAT in 8.44s
    cube 3561.2524 (depth 1, 36 lits): UNSAT in 0.01s
    cube 3561.2525 (depth 1, 36 lits): UNSAT in 0.02s
    cube 3561.2526 (depth 1, 36 lits): UNSAT in 0.02s
    cube 3561.2527 (depth 1, 36 lits): UNSAT in 0.02s
    cube 3561.2528 (depth 1, 36 lits): UNSAT in 0.01s
    cube 3561.2529 (depth 1, 36 lits): UNSAT in 0.02s
    cube 3561.2530 (depth 1, 36 lits): UNSAT in 0.02s
    cube 3561.2531 (depth 1, 36 lits): UNSAT in 0.04s
    cube 3561.2532 (depth 1, 36 lits): UNSAT in 0.02s
    cube 3561.2533 (depth 1, 36 lits): UNSAT in 0.02s
    cube 3561.2534 (depth 1, 36 lits): UNSAT in 0.02s
    cube 3561.2535 (depth 1, 36 lits): UNSAT in 0.02s
    cube 3561.2536 (depth 1, 36 lits): UNSAT in 0.02s
    cube 3561.2537 (depth 1, 36 lits): UNSAT in 0.02s
    cube 3561.2538 (depth 1, 36 lits): UNSAT in 0.03s
    cube 3561.2539 (depth 1, 36 lits): UNSAT in 0.04s
    cube 3561.2540 (depth 1, 36 lits): UNSAT in 0.01s
    cube 3561.2541 (depth 1, 36 lits): UNSAT in 0.02s
    cube 3561.2542 (depth 1, 35 lits): UNSAT in 0.02s
    cube 3561.2543 (depth 1, 34 lits): UNSAT in 0.01s
    cube 3561.2544 (depth 1, 36 lits): UNSAT in 0.02s
    cube 3561.2545 (depth 1, 36 lits): UNSAT in 0.03s
    cube 3561.2546 (depth 1, 36 lits): UNSAT in 0.02s
    cube 3561.2547 (depth 1, 36 lits): UNSAT in 0.06s
    cube 3561.2548 (depth 1, 36 lits): UNSAT in 0.02s
    cube 3561.2549 (depth 1, 36 lits): UNSAT in 0.02s
    cube 3561.2550 (depth 1, 36 lits): UNSAT in 0.05s
    cube 3561.2551 (depth 1, 36 lits): UNSAT in 0.14s
    cube 3561.2552 (depth 1, 35 lits): UNSAT in 0.02s
    cube 3561.2553 (depth 1, 36 lits): UNSAT in 0.02s
    cube 3561.2554 (depth 1, 36 lits): UNSAT in 0.04s
    cube 3561.2555 (depth 1, 36 lits): UNSAT in 0.02s
    cube 3561.2556 (depth 1, 36 lits): UNSAT in 0.03s
    cube 3561.2557 (depth 1, 36 lits): UNSAT in 0.04s
    cube 3561.2558 (depth 1, 36 lits): UNSAT in 0.05s
    cube 3561.2559 (depth 1, 36 lits): UNSAT in 0.01s
    cube 3561.2560 (depth 1, 36 lits): UNSAT in 0.03s
    cube 3561.2561 (depth 1, 36 lits): UNSAT in 0.04s
    cube 3561.2562 (depth 1, 36 lits): UNSAT in 0.08s
    cube 3561.2563 (depth 1, 36 lits): UNSAT in 0.05s
    cube 3561.2564 (depth 1, 36 lits): UNSAT in 0.08s
    cube 3561.2565 (depth 1, 36 lits): UNSAT in 0.04s
    cube 3561.2566 (depth 1, 36 lits): UNSAT in 0.18s
    cube 3561.2567 (depth 1, 36 lits): UNSAT in 0.01s
    cube 3561.2568 (depth 1, 36 lits): UNSAT in 0.02s
    cube 3561.2569 (depth 1, 35 lits): UNSAT in 0.02s
    cube 3561.2570 (depth 1, 36 lits): UNSAT in 0.02s
    cube 3561.2571 (depth 1, 36 lits): UNSAT in 0.02s
    cube 3561.2572 (depth 1, 36 lits): UNSAT in 0.10s
    cube 3561.2573 (depth 1, 36 lits): UNSAT in 0.11s
    cube 3561.2574 (depth 1, 36 lits): UNSAT in 0.05s
    cube 3561.2575 (depth 1, 36 lits): UNSAT in 0.05s
    cube 3561.2576 (depth 1, 36 lits): UNSAT in 0.02s
    cube 3561.2577 (depth 1, 36 lits): UNSAT in 0.05s
    cube 3561.2578 (depth 1, 36 lits): UNSAT in 0.13s
    cube 3561.2579 (depth 1, 36 lits): UNSAT in 0.45s
    cube 3561.2580 (depth 1, 36 lits): UNSAT in 0.21s
    cube 3561.2581 (depth 1, 36 lits): UNSAT in 0.94s
    cube 3561.2582 (depth 1, 36 lits): UNSAT in 0.01s
    cube 3561.2583 (depth 1, 36 lits): UNSAT in 0.02s
    cube 3561.2584 (depth 1, 36 lits): UNSAT in 0.02s
    cube 3561.2585 (depth 1, 36 lits): UNSAT in 0.02s
    cube 3561.2586 (depth 1, 36 lits): UNSAT in 0.02s
    cube 3561.2587 (depth 1, 36 lits): UNSAT in 0.02s
    cube 3561.2588 (depth 1, 36 lits): UNSAT in 0.03s
    cube 3561.2589 (depth 1, 36 lits): UNSAT in 0.06s
    cube 3561.2590 (depth 1, 36 lits): UNSAT in 0.01s
    cube 3561.2591 (depth 1, 36 lits): UNSAT in 0.02s
    cube 3561.2592 (depth 1, 36 lits): UNSAT in 0.03s
    cube 3561.2593 (depth 1, 36 lits): UNSAT in 0.03s
    cube 3561.2594 (depth 1, 36 lits): UNSAT in 0.02s
    cube 3561.2595 (depth 1, 36 lits): UNSAT in 0.03s
    cube 3561.2596 (depth 1, 36 lits): UNSAT in 0.02s
    cube 3561.2597 (depth 1, 36 lits): UNSAT in 0.10s
    cube 3561.2598 (depth 1, 36 lits): UNSAT in 0.01s
    cube 3561.2599 (depth 1, 36 lits): UNSAT in 0.02s
    cube 3561.2600 (depth 1, 36 lits): UNSAT in 0.02s
    cube 3561.2601 (depth 1, 36 lits): UNSAT in 0.02s
    cube 3561.2602 (depth 1, 36 lits): UNSAT in 0.03s
    cube 3561.2603 (depth 1, 36 lits): UNSAT in 0.02s
    cube 3561.2604 (depth 1, 36 lits): UNSAT in 0.04s
    cube 3561.2605 (depth 1, 36 lits): UNSAT in 0.08s
    cube 3561.2606 (depth 1, 36 lits): UNSAT in 0.03s
    cube 3561.2607 (depth 1, 36 lits): UNSAT in 0.05s
    cube 3561.2608 (depth 1, 36 lits): UNSAT in 0.05s
    cube 3561.2609 (depth 1, 36 lits): UNSAT in 0.22s
    cube 3561.2610 (depth 1, 36 lits): UNSAT in 0.04s
    cube 3561.2611 (depth 1, 36 lits): UNSAT in 0.16s
    cube 3561.2612 (depth 1, 36 lits): UNSAT in 0.24s
    cube 3561.2613 (depth 1, 36 lits): UNSAT in 0.52s
    cube 3561.2614 (depth 1, 36 lits): UNSAT in 0.01s
    cube 3561.2615 (depth 1, 36 lits): UNSAT in 0.02s
    cube 3561.2616 (depth 1, 36 lits): UNSAT in 0.01s
    cube 3561.2617 (depth 1, 36 lits): UNSAT in 0.02s
    cube 3561.2618 (depth 1, 36 lits): UNSAT in 0.01s
    cube 3561.2619 (depth 1, 36 lits): UNSAT in 0.03s
    cube 3561.2620 (depth 1, 36 lits): UNSAT in 0.06s
    cube 3561.2621 (depth 1, 36 lits): UNSAT in 0.36s
    cube 3561.2622 (depth 1, 36 lits): UNSAT in 0.02s
    cube 3561.2623 (depth 1, 36 lits): UNSAT in 0.02s
    cube 3561.2624 (depth 1, 36 lits): UNSAT in 0.03s
    cube 3561.2625 (depth 1, 36 lits): UNSAT in 0.07s
    cube 3561.2626 (depth 1, 36 lits): UNSAT in 0.03s
    cube 3561.2627 (depth 1, 36 lits): UNSAT in 0.08s
    cube 3561.2628 (depth 1, 36 lits): UNSAT in 0.29s
    cube 3561.2629 (depth 1, 36 lits): UNSAT in 0.40s
    cube 3561.2630 (depth 1, 36 lits): UNSAT in 0.04s
    cube 3561.2631 (depth 1, 36 lits): UNSAT in 0.05s
    cube 3561.2632 (depth 1, 36 lits): UNSAT in 0.15s
    cube 3561.2633 (depth 1, 36 lits): UNSAT in 0.22s
    cube 3561.2634 (depth 1, 36 lits): UNSAT in 0.05s
    cube 3561.2635 (depth 1, 36 lits): UNSAT in 0.15s
    cube 3561.2636 (depth 1, 36 lits): UNSAT in 0.47s
    cube 3561.2637 (depth 1, 36 lits): UNSAT in 0.75s
    cube 3561.2638 (depth 1, 36 lits): UNSAT in 0.10s
    cube 3561.2639 (depth 1, 36 lits): UNSAT in 0.62s
    cube 3561.2640 (depth 1, 36 lits): UNSAT in 0.45s
    cube 3561.2641 (depth 1, 36 lits): UNSAT in 2.30s
    cube 3561.2642 (depth 1, 36 lits): UNSAT in 0.44s
    cube 3561.2643 (depth 1, 36 lits): UNSAT in 5.77s
    cube 3561.2644 (depth 1, 36 lits): UNSAT in 5.75s
    cube 3561.2645 (depth 1, 36 lits): UNSAT in 23.54s

  shard 139 verdict: UNSAT [parent cube 3038's children only] (2 UNSAT, 0 unresolved) in 8400.2s
